// Validating benchmarks:
// ***** BenchmarkRunner: Start   *****
// ***** Found 16 benchmark(s) in total *****
// ***** Building 1 exe(s) in Parallel: Start   *****
// start dotnet  restore --nodeReuse:false /p:UseSharedCompilation=false /p:Deterministic=true /p:Optimize=true /p:ArtifactsPath="/home/runner/work/Encina/Encina/tests/Encina.BenchmarkTests/Encina.AzureFunctions.Benchmarks/bin/Release/net10.0/Encina.AzureFunctions.Benchmarks-DefaultJob-1/" /p:OutDir="/home/runner/work/Encina/Encina/tests/Encina.BenchmarkTests/Encina.AzureFunctions.Benchmarks/bin/Release/net10.0/Encina.AzureFunctions.Benchmarks-DefaultJob-1/bin/Release/net10.0/" /p:OutputPath="/home/runner/work/Encina/Encina/tests/Encina.BenchmarkTests/Encina.AzureFunctions.Benchmarks/bin/Release/net10.0/Encina.AzureFunctions.Benchmarks-DefaultJob-1/bin/Release/net10.0/" /p:PublishDir="/home/runner/work/Encina/Encina/tests/Encina.BenchmarkTests/Encina.AzureFunctions.Benchmarks/bin/Release/net10.0/Encina.AzureFunctions.Benchmarks-DefaultJob-1/publish/" in /home/runner/work/Encina/Encina/tests/Encina.BenchmarkTests/Encina.AzureFunctions.Benchmarks/bin/Release/net10.0/Encina.AzureFunctions.Benchmarks-DefaultJob-1
// command took 1.79 sec and exited with 0
// start dotnet  build -c Release --no-restore --nodeReuse:false /p:UseSharedCompilation=false /p:Deterministic=true /p:Optimize=true /p:ArtifactsPath="/home/runner/work/Encina/Encina/tests/Encina.BenchmarkTests/Encina.AzureFunctions.Benchmarks/bin/Release/net10.0/Encina.AzureFunctions.Benchmarks-DefaultJob-1/" /p:OutDir="/home/runner/work/Encina/Encina/tests/Encina.BenchmarkTests/Encina.AzureFunctions.Benchmarks/bin/Release/net10.0/Encina.AzureFunctions.Benchmarks-DefaultJob-1/bin/Release/net10.0/" /p:OutputPath="/home/runner/work/Encina/Encina/tests/Encina.BenchmarkTests/Encina.AzureFunctions.Benchmarks/bin/Release/net10.0/Encina.AzureFunctions.Benchmarks-DefaultJob-1/bin/Release/net10.0/" /p:PublishDir="/home/runner/work/Encina/Encina/tests/Encina.BenchmarkTests/Encina.AzureFunctions.Benchmarks/bin/Release/net10.0/Encina.AzureFunctions.Benchmarks-DefaultJob-1/publish/" --output "/home/runner/work/Encina/Encina/tests/Encina.BenchmarkTests/Encina.AzureFunctions.Benchmarks/bin/Release/net10.0/Encina.AzureFunctions.Benchmarks-DefaultJob-1/bin/Release/net10.0/" in /home/runner/work/Encina/Encina/tests/Encina.BenchmarkTests/Encina.AzureFunctions.Benchmarks/bin/Release/net10.0/Encina.AzureFunctions.Benchmarks-DefaultJob-1
// command took 24.75 sec and exited with 0
// ***** Done, took 00:00:26 (26.77 sec)   *****
// Found 16 benchmarks:
//   ErrorCodeMappingBenchmarks.MapAuthorizationUnauthenticated: DefaultJob
//   ErrorCodeMappingBenchmarks.MapAuthorizationForbidden: DefaultJob
//   ErrorCodeMappingBenchmarks.MapConflictError: DefaultJob
//   ErrorCodeMappingBenchmarks.MapUnknownError: DefaultJob
//   ErrorCodeMappingBenchmarks.MapMultipleValidationErrors: DefaultJob
//   ErrorCodeMappingBenchmarks.MapMixedErrors: DefaultJob
//   ErrorCodeMappingBenchmarks.MapAuthorizationUnauthenticated: ShortRun(IterationCount=3, LaunchCount=1, WarmupCount=3)
//   ErrorCodeMappingBenchmarks.MapAuthorizationForbidden: ShortRun(IterationCount=3, LaunchCount=1, WarmupCount=3)
//   ErrorCodeMappingBenchmarks.MapConflictError: ShortRun(IterationCount=3, LaunchCount=1, WarmupCount=3)
//   ErrorCodeMappingBenchmarks.MapUnknownError: ShortRun(IterationCount=3, LaunchCount=1, WarmupCount=3)
//   ErrorCodeMappingBenchmarks.MapMultipleValidationErrors: ShortRun(IterationCount=3, LaunchCount=1, WarmupCount=3)
//   ErrorCodeMappingBenchmarks.MapMixedErrors: ShortRun(IterationCount=3, LaunchCount=1, WarmupCount=3)
//   ErrorCodeMappingBenchmarks.MapValidationError: DefaultJob
//   ErrorCodeMappingBenchmarks.MapValidationError: ShortRun(IterationCount=3, LaunchCount=1, WarmupCount=3)
//   ErrorCodeMappingBenchmarks.MapNotFoundError: DefaultJob
//   ErrorCodeMappingBenchmarks.MapNotFoundError: ShortRun(IterationCount=3, LaunchCount=1, WarmupCount=3)

// **************************
// Benchmark: ErrorCodeMappingBenchmarks.MapAuthorizationUnauthenticated: DefaultJob
// *** Execute ***
// Launch: 1 / 1
// Execute: dotnet Encina.AzureFunctions.Benchmarks-DefaultJob-1.dll --anonymousPipes 136 137 --benchmarkName Encina.AzureFunctions.Benchmarks.ErrorCodeMappingBenchmarks.MapAuthorizationUnauthenticated --job Default --benchmarkId 0 in /home/runner/work/Encina/Encina/tests/Encina.BenchmarkTests/Encina.AzureFunctions.Benchmarks/bin/Release/net10.0/Encina.AzureFunctions.Benchmarks-DefaultJob-1/bin/Release/net10.0
// Failed to set up high priority (Permission denied). In order to run benchmarks with high priority, make sure you have the right permissions.
// BeforeAnythingElse

// Benchmark Process Environment Information:
// BenchmarkDotNet v0.15.8
// Runtime=.NET 10.0.12 (10.0.12, 10.0.1226.42308), X64 RyuJIT x86-64-v4
// GC=Concurrent Workstation
// HardwareIntrinsics=AVX512 BITALG+VBMI2+VNNI+VPOPCNTDQ,AVX512 IFMA+VBMI,AVX512 F+BW+CD+DQ+VL,AVX2+BMI1+BMI2+F16C+FMA+LZCNT+MOVBE,AVX,SSE3+SSSE3+SSE4.1+SSE4.2+POPCNT,X86Base+SSE+SSE2,AES+PCLMUL,AvxVnni VectorSize=256
// Job: DefaultJob

OverheadJitting  1: 1 op, 134543.00 ns, 134.5430 us/op
WorkloadJitting  1: 1 op, 655067.00 ns, 655.0670 us/op

OverheadJitting  2: 16 op, 147472.00 ns, 9.2170 us/op
WorkloadJitting  2: 16 op, 152089.00 ns, 9.5056 us/op

WorkloadPilot    1: 16 op, 861.00 ns, 53.8125 ns/op
WorkloadPilot    2: 32 op, 781.00 ns, 24.4063 ns/op
WorkloadPilot    3: 64 op, 811.00 ns, 12.6719 ns/op
WorkloadPilot    4: 128 op, 3685.00 ns, 28.7891 ns/op
WorkloadPilot    5: 256 op, 2544.00 ns, 9.9375 ns/op
WorkloadPilot    6: 512 op, 9704.00 ns, 18.9531 ns/op
WorkloadPilot    7: 1024 op, 16054.00 ns, 15.6777 ns/op
WorkloadPilot    8: 2048 op, 19009.00 ns, 9.2817 ns/op
WorkloadPilot    9: 4096 op, 44296.00 ns, 10.8145 ns/op
WorkloadPilot   10: 8192 op, 79150.00 ns, 9.6619 ns/op
WorkloadPilot   11: 16384 op, 158058.00 ns, 9.6471 ns/op
WorkloadPilot   12: 32768 op, 306352.00 ns, 9.3491 ns/op
WorkloadPilot   13: 65536 op, 612454.00 ns, 9.3453 ns/op
WorkloadPilot   14: 131072 op, 1241120.00 ns, 9.4690 ns/op
WorkloadPilot   15: 262144 op, 2431605.00 ns, 9.2758 ns/op
WorkloadPilot   16: 524288 op, 5080828.00 ns, 9.6909 ns/op
WorkloadPilot   17: 1048576 op, 9755824.00 ns, 9.3039 ns/op
WorkloadPilot   18: 2097152 op, 19631299.00 ns, 9.3609 ns/op
WorkloadPilot   19: 4194304 op, 38632989.00 ns, 9.2108 ns/op
WorkloadPilot   20: 8388608 op, 75923855.00 ns, 9.0508 ns/op
WorkloadPilot   21: 16777216 op, 155940203.00 ns, 9.2948 ns/op
WorkloadPilot   22: 33554432 op, 302502942.00 ns, 9.0153 ns/op
WorkloadPilot   23: 67108864 op, 627081662.00 ns, 9.3442 ns/op

OverheadWarmup   1: 67108864 op, 76190237.00 ns, 1.1353 ns/op
OverheadWarmup   2: 67108864 op, 77632460.00 ns, 1.1568 ns/op
OverheadWarmup   3: 67108864 op, 75387386.00 ns, 1.1234 ns/op
OverheadWarmup   4: 67108864 op, 74720511.00 ns, 1.1134 ns/op
OverheadWarmup   5: 67108864 op, 75778696.00 ns, 1.1292 ns/op
OverheadWarmup   6: 67108864 op, 76333292.00 ns, 1.1375 ns/op
OverheadWarmup   7: 67108864 op, 75516361.00 ns, 1.1253 ns/op

OverheadActual   1: 67108864 op, 77174820.00 ns, 1.1500 ns/op
OverheadActual   2: 67108864 op, 75886628.00 ns, 1.1308 ns/op
OverheadActual   3: 67108864 op, 76494314.00 ns, 1.1399 ns/op
OverheadActual   4: 67108864 op, 76549749.00 ns, 1.1407 ns/op
OverheadActual   5: 67108864 op, 75196218.00 ns, 1.1205 ns/op
OverheadActual   6: 67108864 op, 75155937.00 ns, 1.1199 ns/op
OverheadActual   7: 67108864 op, 75687078.00 ns, 1.1278 ns/op
OverheadActual   8: 67108864 op, 75953069.00 ns, 1.1318 ns/op
OverheadActual   9: 67108864 op, 75750804.00 ns, 1.1288 ns/op
OverheadActual  10: 67108864 op, 75393696.00 ns, 1.1235 ns/op
OverheadActual  11: 67108864 op, 75465044.00 ns, 1.1245 ns/op
OverheadActual  12: 67108864 op, 75599125.00 ns, 1.1265 ns/op
OverheadActual  13: 67108864 op, 76143937.00 ns, 1.1346 ns/op
OverheadActual  14: 67108864 op, 75595199.00 ns, 1.1265 ns/op
OverheadActual  15: 67108864 op, 75446375.00 ns, 1.1242 ns/op

WorkloadWarmup   1: 67108864 op, 605328250.00 ns, 9.0201 ns/op
WorkloadWarmup   2: 67108864 op, 616687411.00 ns, 9.1894 ns/op
WorkloadWarmup   3: 67108864 op, 613597934.00 ns, 9.1433 ns/op
WorkloadWarmup   4: 67108864 op, 614180876.00 ns, 9.1520 ns/op
WorkloadWarmup   5: 67108864 op, 604991577.00 ns, 9.0151 ns/op
WorkloadWarmup   6: 67108864 op, 602018665.00 ns, 8.9708 ns/op

// BeforeActualRun
WorkloadActual   1: 67108864 op, 606059857.00 ns, 9.0310 ns/op
WorkloadActual   2: 67108864 op, 639654466.00 ns, 9.5316 ns/op
WorkloadActual   3: 67108864 op, 609761075.00 ns, 9.0861 ns/op
WorkloadActual   4: 67108864 op, 605810681.00 ns, 9.0273 ns/op
WorkloadActual   5: 67108864 op, 605687245.00 ns, 9.0254 ns/op
WorkloadActual   6: 67108864 op, 616032157.00 ns, 9.1796 ns/op
WorkloadActual   7: 67108864 op, 603791207.00 ns, 8.9972 ns/op
WorkloadActual   8: 67108864 op, 612352787.00 ns, 9.1248 ns/op
WorkloadActual   9: 67108864 op, 603983737.00 ns, 9.0001 ns/op
WorkloadActual  10: 67108864 op, 602726863.00 ns, 8.9813 ns/op
WorkloadActual  11: 67108864 op, 609973878.00 ns, 9.0893 ns/op
WorkloadActual  12: 67108864 op, 604509108.00 ns, 9.0079 ns/op
WorkloadActual  13: 67108864 op, 689946353.00 ns, 10.2810 ns/op
WorkloadActual  14: 67108864 op, 621373830.00 ns, 9.2592 ns/op
WorkloadActual  15: 67108864 op, 602633371.00 ns, 8.9799 ns/op

// AfterActualRun
WorkloadResult   1: 67108864 op, 530372779.00 ns, 7.9032 ns/op
WorkloadResult   2: 67108864 op, 534073997.00 ns, 7.9583 ns/op
WorkloadResult   3: 67108864 op, 530123603.00 ns, 7.8995 ns/op
WorkloadResult   4: 67108864 op, 530000167.00 ns, 7.8976 ns/op
WorkloadResult   5: 67108864 op, 540345079.00 ns, 8.0518 ns/op
WorkloadResult   6: 67108864 op, 528104129.00 ns, 7.8694 ns/op
WorkloadResult   7: 67108864 op, 536665709.00 ns, 7.9969 ns/op
WorkloadResult   8: 67108864 op, 528296659.00 ns, 7.8722 ns/op
WorkloadResult   9: 67108864 op, 527039785.00 ns, 7.8535 ns/op
WorkloadResult  10: 67108864 op, 534286800.00 ns, 7.9615 ns/op
WorkloadResult  11: 67108864 op, 528822030.00 ns, 7.8801 ns/op
WorkloadResult  12: 67108864 op, 545686752.00 ns, 8.1314 ns/op
WorkloadResult  13: 67108864 op, 526946293.00 ns, 7.8521 ns/op
// GC:  0 0 0 0 67108864
// Threading:  0 0 67108864

// AfterAll
// Benchmark Process 2798 has exited with code 0.

Mean = 7.933 ns, StdErr = 0.023 ns (0.30%), N = 13, StdDev = 0.084 ns
Min = 7.852 ns, Q1 = 7.872 ns, Median = 7.899 ns, Q3 = 7.961 ns, Max = 8.131 ns
IQR = 0.089 ns, LowerFence = 7.738 ns, UpperFence = 8.095 ns
ConfidenceInterval = [7.832 ns; 8.034 ns] (CI 99.9%), Margin = 0.101 ns (1.28% of Mean)
Skewness = 1.03, Kurtosis = 2.86, MValue = 2

// ** Remained 15 (93.8 %) benchmark(s) to run. Estimated finish 2026-09-22 19:20 (0h 4m from now) **
// **************************
// Benchmark: ErrorCodeMappingBenchmarks.MapAuthorizationForbidden: DefaultJob
// *** Execute ***
// Launch: 1 / 1
// Execute: dotnet Encina.AzureFunctions.Benchmarks-DefaultJob-1.dll --anonymousPipes 136 137 --benchmarkName Encina.AzureFunctions.Benchmarks.ErrorCodeMappingBenchmarks.MapAuthorizationForbidden --job Default --benchmarkId 1 in /home/runner/work/Encina/Encina/tests/Encina.BenchmarkTests/Encina.AzureFunctions.Benchmarks/bin/Release/net10.0/Encina.AzureFunctions.Benchmarks-DefaultJob-1/bin/Release/net10.0
// Failed to set up high priority (Permission denied). In order to run benchmarks with high priority, make sure you have the right permissions.
// BeforeAnythingElse

// Benchmark Process Environment Information:
// BenchmarkDotNet v0.15.8
// Runtime=.NET 10.0.12 (10.0.12, 10.0.1226.42308), X64 RyuJIT x86-64-v4
// GC=Concurrent Workstation
// HardwareIntrinsics=AVX512 BITALG+VBMI2+VNNI+VPOPCNTDQ,AVX512 IFMA+VBMI,AVX512 F+BW+CD+DQ+VL,AVX2+BMI1+BMI2+F16C+FMA+LZCNT+MOVBE,AVX,SSE3+SSSE3+SSE4.1+SSE4.2+POPCNT,X86Base+SSE+SSE2,AES+PCLMUL,AvxVnni VectorSize=256
// Job: DefaultJob

OverheadJitting  1: 1 op, 136757.00 ns, 136.7570 us/op
WorkloadJitting  1: 1 op, 638503.00 ns, 638.5030 us/op

OverheadJitting  2: 16 op, 147302.00 ns, 9.2064 us/op
WorkloadJitting  2: 16 op, 145409.00 ns, 9.0881 us/op

WorkloadPilot    1: 16 op, 971.00 ns, 60.6875 ns/op
WorkloadPilot    2: 32 op, 992.00 ns, 31.0000 ns/op
WorkloadPilot    3: 64 op, 922.00 ns, 14.4063 ns/op
WorkloadPilot    4: 128 op, 1462.00 ns, 11.4219 ns/op
WorkloadPilot    5: 256 op, 2764.00 ns, 10.7969 ns/op
WorkloadPilot    6: 512 op, 8823.00 ns, 17.2324 ns/op
WorkloadPilot    7: 1024 op, 18858.00 ns, 18.4160 ns/op
WorkloadPilot    8: 2048 op, 37246.00 ns, 18.1865 ns/op
WorkloadPilot    9: 4096 op, 40481.00 ns, 9.8831 ns/op
WorkloadPilot   10: 8192 op, 80441.00 ns, 9.8195 ns/op
WorkloadPilot   11: 16384 op, 160862.00 ns, 9.8182 ns/op
WorkloadPilot   12: 32768 op, 322306.00 ns, 9.8360 ns/op
WorkloadPilot   13: 65536 op, 655418.00 ns, 10.0009 ns/op
WorkloadPilot   14: 131072 op, 1299429.00 ns, 9.9139 ns/op
WorkloadPilot   15: 262144 op, 2749464.00 ns, 10.4884 ns/op
WorkloadPilot   16: 524288 op, 5324035.00 ns, 10.1548 ns/op
WorkloadPilot   17: 1048576 op, 10444233.00 ns, 9.9604 ns/op
WorkloadPilot   18: 2097152 op, 20655726.00 ns, 9.8494 ns/op
WorkloadPilot   19: 4194304 op, 41755582.00 ns, 9.9553 ns/op
WorkloadPilot   20: 8388608 op, 84011146.00 ns, 10.0149 ns/op
WorkloadPilot   21: 16777216 op, 167638173.00 ns, 9.9920 ns/op
WorkloadPilot   22: 33554432 op, 335376276.00 ns, 9.9950 ns/op
WorkloadPilot   23: 67108864 op, 686190983.00 ns, 10.2250 ns/op

OverheadWarmup   1: 67108864 op, 79533677.00 ns, 1.1851 ns/op
OverheadWarmup   2: 67108864 op, 79092431.00 ns, 1.1786 ns/op
OverheadWarmup   3: 67108864 op, 75789032.00 ns, 1.1293 ns/op
OverheadWarmup   4: 67108864 op, 75704154.00 ns, 1.1281 ns/op
OverheadWarmup   5: 67108864 op, 75878737.00 ns, 1.1307 ns/op
OverheadWarmup   6: 67108864 op, 75488950.00 ns, 1.1249 ns/op
OverheadWarmup   7: 67108864 op, 75346605.00 ns, 1.1228 ns/op
OverheadWarmup   8: 67108864 op, 75282238.00 ns, 1.1218 ns/op
OverheadWarmup   9: 67108864 op, 75452505.00 ns, 1.1243 ns/op
OverheadWarmup  10: 67108864 op, 75889018.00 ns, 1.1308 ns/op

OverheadActual   1: 67108864 op, 76768749.00 ns, 1.1439 ns/op
OverheadActual   2: 67108864 op, 75720209.00 ns, 1.1283 ns/op
OverheadActual   3: 67108864 op, 77274011.00 ns, 1.1515 ns/op
OverheadActual   4: 67108864 op, 75534638.00 ns, 1.1256 ns/op
OverheadActual   5: 67108864 op, 76838544.00 ns, 1.1450 ns/op
OverheadActual   6: 67108864 op, 76251740.00 ns, 1.1362 ns/op
OverheadActual   7: 67108864 op, 74967554.00 ns, 1.1171 ns/op
OverheadActual   8: 67108864 op, 75689432.00 ns, 1.1279 ns/op
OverheadActual   9: 67108864 op, 75298393.00 ns, 1.1220 ns/op
OverheadActual  10: 67108864 op, 76139490.00 ns, 1.1346 ns/op
OverheadActual  11: 67108864 op, 75551264.00 ns, 1.1258 ns/op
OverheadActual  12: 67108864 op, 75082728.00 ns, 1.1188 ns/op
OverheadActual  13: 67108864 op, 76702249.00 ns, 1.1430 ns/op
OverheadActual  14: 67108864 op, 76034642.00 ns, 1.1330 ns/op
OverheadActual  15: 67108864 op, 75034244.00 ns, 1.1181 ns/op

WorkloadWarmup   1: 67108864 op, 675637936.00 ns, 10.0678 ns/op
WorkloadWarmup   2: 67108864 op, 667029849.00 ns, 9.9395 ns/op
WorkloadWarmup   3: 67108864 op, 671045919.00 ns, 9.9994 ns/op
WorkloadWarmup   4: 67108864 op, 666159018.00 ns, 9.9265 ns/op
WorkloadWarmup   5: 67108864 op, 688021149.00 ns, 10.2523 ns/op
WorkloadWarmup   6: 67108864 op, 668770024.00 ns, 9.9654 ns/op

// BeforeActualRun
WorkloadActual   1: 67108864 op, 671097272.00 ns, 10.0001 ns/op
WorkloadActual   2: 67108864 op, 714256991.00 ns, 10.6433 ns/op
WorkloadActual   3: 67108864 op, 700925578.00 ns, 10.4446 ns/op
WorkloadActual   4: 67108864 op, 694304318.00 ns, 10.3459 ns/op
WorkloadActual   5: 67108864 op, 681406509.00 ns, 10.1537 ns/op
WorkloadActual   6: 67108864 op, 705401895.00 ns, 10.5113 ns/op
WorkloadActual   7: 67108864 op, 669358270.00 ns, 9.9742 ns/op
WorkloadActual   8: 67108864 op, 671247249.00 ns, 10.0024 ns/op
WorkloadActual   9: 67108864 op, 675618286.00 ns, 10.0675 ns/op
WorkloadActual  10: 67108864 op, 679715842.00 ns, 10.1286 ns/op
WorkloadActual  11: 67108864 op, 671120168.00 ns, 10.0005 ns/op
WorkloadActual  12: 67108864 op, 682575773.00 ns, 10.1712 ns/op
WorkloadActual  13: 67108864 op, 681370777.00 ns, 10.1532 ns/op
WorkloadActual  14: 67108864 op, 666435037.00 ns, 9.9307 ns/op
WorkloadActual  15: 67108864 op, 668722083.00 ns, 9.9647 ns/op
WorkloadActual  16: 67108864 op, 702029822.00 ns, 10.4611 ns/op
WorkloadActual  17: 67108864 op, 675673209.00 ns, 10.0683 ns/op
WorkloadActual  18: 67108864 op, 671200308.00 ns, 10.0017 ns/op
WorkloadActual  19: 67108864 op, 672822603.00 ns, 10.0258 ns/op

// AfterActualRun
WorkloadResult   1: 67108864 op, 595377063.00 ns, 8.8718 ns/op
WorkloadResult   2: 67108864 op, 638536782.00 ns, 9.5149 ns/op
WorkloadResult   3: 67108864 op, 625205369.00 ns, 9.3163 ns/op
WorkloadResult   4: 67108864 op, 618584109.00 ns, 9.2176 ns/op
WorkloadResult   5: 67108864 op, 605686300.00 ns, 9.0254 ns/op
WorkloadResult   6: 67108864 op, 629681686.00 ns, 9.3830 ns/op
WorkloadResult   7: 67108864 op, 593638061.00 ns, 8.8459 ns/op
WorkloadResult   8: 67108864 op, 595527040.00 ns, 8.8740 ns/op
WorkloadResult   9: 67108864 op, 599898077.00 ns, 8.9392 ns/op
WorkloadResult  10: 67108864 op, 603995633.00 ns, 9.0002 ns/op
WorkloadResult  11: 67108864 op, 595399959.00 ns, 8.8722 ns/op
WorkloadResult  12: 67108864 op, 606855564.00 ns, 9.0429 ns/op
WorkloadResult  13: 67108864 op, 605650568.00 ns, 9.0249 ns/op
WorkloadResult  14: 67108864 op, 590714828.00 ns, 8.8023 ns/op
WorkloadResult  15: 67108864 op, 593001874.00 ns, 8.8364 ns/op
WorkloadResult  16: 67108864 op, 626309613.00 ns, 9.3327 ns/op
WorkloadResult  17: 67108864 op, 599953000.00 ns, 8.9400 ns/op
WorkloadResult  18: 67108864 op, 595480099.00 ns, 8.8733 ns/op
WorkloadResult  19: 67108864 op, 597102394.00 ns, 8.8975 ns/op
// GC:  0 0 0 0 67108864
// Threading:  0 0 67108864

// AfterAll
// Benchmark Process 2809 has exited with code 0.

Mean = 9.032 ns, StdErr = 0.049 ns (0.54%), N = 19, StdDev = 0.214 ns
Min = 8.802 ns, Q1 = 8.873 ns, Median = 8.940 ns, Q3 = 9.130 ns, Max = 9.515 ns
IQR = 0.257 ns, LowerFence = 8.487 ns, UpperFence = 9.516 ns
ConfidenceInterval = [8.839 ns; 9.225 ns] (CI 99.9%), Margin = 0.193 ns (2.13% of Mean)
Skewness = 0.89, Kurtosis = 2.35, MValue = 2

// ** Remained 14 (87.5 %) benchmark(s) to run. Estimated finish 2026-09-22 19:21 (0h 4m from now) **
// **************************
// Benchmark: ErrorCodeMappingBenchmarks.MapConflictError: DefaultJob
// *** Execute ***
// Launch: 1 / 1
// Execute: dotnet Encina.AzureFunctions.Benchmarks-DefaultJob-1.dll --anonymousPipes 136 137 --benchmarkName Encina.AzureFunctions.Benchmarks.ErrorCodeMappingBenchmarks.MapConflictError --job Default --benchmarkId 2 in /home/runner/work/Encina/Encina/tests/Encina.BenchmarkTests/Encina.AzureFunctions.Benchmarks/bin/Release/net10.0/Encina.AzureFunctions.Benchmarks-DefaultJob-1/bin/Release/net10.0
// Failed to set up high priority (Permission denied). In order to run benchmarks with high priority, make sure you have the right permissions.
// BeforeAnythingElse

// Benchmark Process Environment Information:
// BenchmarkDotNet v0.15.8
// Runtime=.NET 10.0.12 (10.0.12, 10.0.1226.42308), X64 RyuJIT x86-64-v4
// GC=Concurrent Workstation
// HardwareIntrinsics=AVX512 BITALG+VBMI2+VNNI+VPOPCNTDQ,AVX512 IFMA+VBMI,AVX512 F+BW+CD+DQ+VL,AVX2+BMI1+BMI2+F16C+FMA+LZCNT+MOVBE,AVX,SSE3+SSSE3+SSE4.1+SSE4.2+POPCNT,X86Base+SSE+SSE2,AES+PCLMUL,AvxVnni VectorSize=256
// Job: DefaultJob

OverheadJitting  1: 1 op, 139720.00 ns, 139.7200 us/op
WorkloadJitting  1: 1 op, 634897.00 ns, 634.8970 us/op

OverheadJitting  2: 16 op, 162094.00 ns, 10.1309 us/op
WorkloadJitting  2: 16 op, 151508.00 ns, 9.4693 us/op

WorkloadPilot    1: 16 op, 2334.00 ns, 145.8750 ns/op
WorkloadPilot    2: 32 op, 2464.00 ns, 77.0000 ns/op
WorkloadPilot    3: 64 op, 2814.00 ns, 43.9688 ns/op
WorkloadPilot    4: 128 op, 1312.00 ns, 10.2500 ns/op
WorkloadPilot    5: 256 op, 5158.00 ns, 20.1484 ns/op
WorkloadPilot    6: 512 op, 4026.00 ns, 7.8633 ns/op
WorkloadPilot    7: 1024 op, 7861.00 ns, 7.6768 ns/op
WorkloadPilot    8: 2048 op, 22814.00 ns, 11.1396 ns/op
WorkloadPilot    9: 4096 op, 31067.00 ns, 7.5847 ns/op
WorkloadPilot   10: 8192 op, 68854.00 ns, 8.4050 ns/op
WorkloadPilot   11: 16384 op, 123416.00 ns, 7.5327 ns/op
WorkloadPilot   12: 32768 op, 254173.00 ns, 7.7567 ns/op
WorkloadPilot   13: 65536 op, 512343.00 ns, 7.8177 ns/op
WorkloadPilot   14: 131072 op, 1010413.00 ns, 7.7088 ns/op
WorkloadPilot   15: 262144 op, 2014837.00 ns, 7.6860 ns/op
WorkloadPilot   16: 524288 op, 4069132.00 ns, 7.7613 ns/op
WorkloadPilot   17: 1048576 op, 7984504.00 ns, 7.6146 ns/op
WorkloadPilot   18: 2097152 op, 17089376.00 ns, 8.1488 ns/op
WorkloadPilot   19: 4194304 op, 33438287.00 ns, 7.9723 ns/op
WorkloadPilot   20: 8388608 op, 65950368.00 ns, 7.8619 ns/op
WorkloadPilot   21: 16777216 op, 130757812.00 ns, 7.7938 ns/op
WorkloadPilot   22: 33554432 op, 256748559.00 ns, 7.6517 ns/op
WorkloadPilot   23: 67108864 op, 523618763.00 ns, 7.8025 ns/op

OverheadWarmup   1: 67108864 op, 75278046.00 ns, 1.1217 ns/op
OverheadWarmup   2: 67108864 op, 75416744.00 ns, 1.1238 ns/op
OverheadWarmup   3: 67108864 op, 75686902.00 ns, 1.1278 ns/op
OverheadWarmup   4: 67108864 op, 75527531.00 ns, 1.1254 ns/op
OverheadWarmup   5: 67108864 op, 75563986.00 ns, 1.1260 ns/op
OverheadWarmup   6: 67108864 op, 75345367.00 ns, 1.1227 ns/op

OverheadActual   1: 67108864 op, 78167961.00 ns, 1.1648 ns/op
OverheadActual   2: 67108864 op, 76975073.00 ns, 1.1470 ns/op
OverheadActual   3: 67108864 op, 76813069.00 ns, 1.1446 ns/op
OverheadActual   4: 67108864 op, 75100608.00 ns, 1.1191 ns/op
OverheadActual   5: 67108864 op, 75592820.00 ns, 1.1264 ns/op
OverheadActual   6: 67108864 op, 75383775.00 ns, 1.1233 ns/op
OverheadActual   7: 67108864 op, 76248658.00 ns, 1.1362 ns/op
OverheadActual   8: 67108864 op, 75492018.00 ns, 1.1249 ns/op
OverheadActual   9: 67108864 op, 75259648.00 ns, 1.1215 ns/op
OverheadActual  10: 67108864 op, 78556247.00 ns, 1.1706 ns/op
OverheadActual  11: 67108864 op, 77168414.00 ns, 1.1499 ns/op
OverheadActual  12: 67108864 op, 75376274.00 ns, 1.1232 ns/op
OverheadActual  13: 67108864 op, 75885511.00 ns, 1.1308 ns/op
OverheadActual  14: 67108864 op, 75360219.00 ns, 1.1230 ns/op
OverheadActual  15: 67108864 op, 76456392.00 ns, 1.1393 ns/op

WorkloadWarmup   1: 67108864 op, 501056118.00 ns, 7.4663 ns/op
WorkloadWarmup   2: 67108864 op, 510098927.00 ns, 7.6011 ns/op
WorkloadWarmup   3: 67108864 op, 501565466.00 ns, 7.4739 ns/op
WorkloadWarmup   4: 67108864 op, 492262545.00 ns, 7.3353 ns/op
WorkloadWarmup   5: 67108864 op, 514168140.00 ns, 7.6617 ns/op
WorkloadWarmup   6: 67108864 op, 494178342.00 ns, 7.3638 ns/op

// BeforeActualRun
WorkloadActual   1: 67108864 op, 494494379.00 ns, 7.3685 ns/op
WorkloadActual   2: 67108864 op, 493450546.00 ns, 7.3530 ns/op
WorkloadActual   3: 67108864 op, 486936464.00 ns, 7.2559 ns/op
WorkloadActual   4: 67108864 op, 493731887.00 ns, 7.3572 ns/op
WorkloadActual   5: 67108864 op, 491241693.00 ns, 7.3201 ns/op
WorkloadActual   6: 67108864 op, 483895872.00 ns, 7.2106 ns/op
WorkloadActual   7: 67108864 op, 484750339.00 ns, 7.2233 ns/op
WorkloadActual   8: 67108864 op, 484022362.00 ns, 7.2125 ns/op
WorkloadActual   9: 67108864 op, 485843096.00 ns, 7.2396 ns/op
WorkloadActual  10: 67108864 op, 486264402.00 ns, 7.2459 ns/op
WorkloadActual  11: 67108864 op, 483514327.00 ns, 7.2049 ns/op
WorkloadActual  12: 67108864 op, 487172099.00 ns, 7.2594 ns/op
WorkloadActual  13: 67108864 op, 490620557.00 ns, 7.3108 ns/op
WorkloadActual  14: 67108864 op, 487871354.00 ns, 7.2698 ns/op
WorkloadActual  15: 67108864 op, 489681702.00 ns, 7.2968 ns/op

// AfterActualRun
WorkloadResult   1: 67108864 op, 418608868.00 ns, 6.2378 ns/op
WorkloadResult   2: 67108864 op, 417565035.00 ns, 6.2222 ns/op
WorkloadResult   3: 67108864 op, 411050953.00 ns, 6.1251 ns/op
WorkloadResult   4: 67108864 op, 417846376.00 ns, 6.2264 ns/op
WorkloadResult   5: 67108864 op, 415356182.00 ns, 6.1893 ns/op
WorkloadResult   6: 67108864 op, 408010361.00 ns, 6.0798 ns/op
WorkloadResult   7: 67108864 op, 408864828.00 ns, 6.0926 ns/op
WorkloadResult   8: 67108864 op, 408136851.00 ns, 6.0817 ns/op
WorkloadResult   9: 67108864 op, 409957585.00 ns, 6.1088 ns/op
WorkloadResult  10: 67108864 op, 410378891.00 ns, 6.1151 ns/op
WorkloadResult  11: 67108864 op, 407628816.00 ns, 6.0741 ns/op
WorkloadResult  12: 67108864 op, 411286588.00 ns, 6.1286 ns/op
WorkloadResult  13: 67108864 op, 414735046.00 ns, 6.1800 ns/op
WorkloadResult  14: 67108864 op, 411985843.00 ns, 6.1391 ns/op
WorkloadResult  15: 67108864 op, 413796191.00 ns, 6.1660 ns/op
// GC:  0 0 0 0 67108864
// Threading:  0 0 67108864

// AfterAll
// Benchmark Process 2825 has exited with code 0.

Mean = 6.144 ns, StdErr = 0.014 ns (0.23%), N = 15, StdDev = 0.056 ns
Min = 6.074 ns, Q1 = 6.101 ns, Median = 6.129 ns, Q3 = 6.185 ns, Max = 6.238 ns
IQR = 0.084 ns, LowerFence = 5.975 ns, UpperFence = 6.311 ns
ConfidenceInterval = [6.085 ns; 6.204 ns] (CI 99.9%), Margin = 0.060 ns (0.97% of Mean)
Skewness = 0.34, Kurtosis = 1.57, MValue = 2

// ** Remained 13 (81.2 %) benchmark(s) to run. Estimated finish 2026-09-22 19:20 (0h 3m from now) **
// **************************
// Benchmark: ErrorCodeMappingBenchmarks.MapUnknownError: DefaultJob
// *** Execute ***
// Launch: 1 / 1
// Execute: dotnet Encina.AzureFunctions.Benchmarks-DefaultJob-1.dll --anonymousPipes 136 137 --benchmarkName Encina.AzureFunctions.Benchmarks.ErrorCodeMappingBenchmarks.MapUnknownError --job Default --benchmarkId 3 in /home/runner/work/Encina/Encina/tests/Encina.BenchmarkTests/Encina.AzureFunctions.Benchmarks/bin/Release/net10.0/Encina.AzureFunctions.Benchmarks-DefaultJob-1/bin/Release/net10.0
// Failed to set up high priority (Permission denied). In order to run benchmarks with high priority, make sure you have the right permissions.
// BeforeAnythingElse

// Benchmark Process Environment Information:
// BenchmarkDotNet v0.15.8
// Runtime=.NET 10.0.12 (10.0.12, 10.0.1226.42308), X64 RyuJIT x86-64-v4
// GC=Concurrent Workstation
// HardwareIntrinsics=AVX512 BITALG+VBMI2+VNNI+VPOPCNTDQ,AVX512 IFMA+VBMI,AVX512 F+BW+CD+DQ+VL,AVX2+BMI1+BMI2+F16C+FMA+LZCNT+MOVBE,AVX,SSE3+SSSE3+SSE4.1+SSE4.2+POPCNT,X86Base+SSE+SSE2,AES+PCLMUL,AvxVnni VectorSize=256
// Job: DefaultJob

OverheadJitting  1: 1 op, 135494.00 ns, 135.4940 us/op
WorkloadJitting  1: 1 op, 624651.00 ns, 624.6510 us/op

OverheadJitting  2: 16 op, 141273.00 ns, 8.8296 us/op
WorkloadJitting  2: 16 op, 154853.00 ns, 9.6783 us/op

WorkloadPilot    1: 16 op, 2513.00 ns, 157.0625 ns/op
WorkloadPilot    2: 32 op, 2283.00 ns, 71.3438 ns/op
WorkloadPilot    3: 64 op, 2504.00 ns, 39.1250 ns/op
WorkloadPilot    4: 128 op, 1252.00 ns, 9.7813 ns/op
WorkloadPilot    5: 256 op, 5449.00 ns, 21.2852 ns/op
WorkloadPilot    6: 512 op, 4416.00 ns, 8.6250 ns/op
WorkloadPilot    7: 1024 op, 8623.00 ns, 8.4209 ns/op
WorkloadPilot    8: 2048 op, 17066.00 ns, 8.3330 ns/op
WorkloadPilot    9: 4096 op, 33701.00 ns, 8.2278 ns/op
WorkloadPilot   10: 8192 op, 74212.00 ns, 9.0591 ns/op
WorkloadPilot   11: 16384 op, 148003.00 ns, 9.0334 ns/op
WorkloadPilot   12: 32768 op, 267473.00 ns, 8.1626 ns/op
WorkloadPilot   13: 65536 op, 578863.00 ns, 8.8327 ns/op
WorkloadPilot   14: 131072 op, 1085196.00 ns, 8.2794 ns/op
WorkloadPilot   15: 262144 op, 2168418.00 ns, 8.2719 ns/op
WorkloadPilot   16: 524288 op, 4365580.00 ns, 8.3267 ns/op
WorkloadPilot   17: 1048576 op, 9100967.00 ns, 8.6794 ns/op
WorkloadPilot   18: 2097152 op, 18142314.00 ns, 8.6509 ns/op
WorkloadPilot   19: 4194304 op, 35772746.00 ns, 8.5289 ns/op
WorkloadPilot   20: 8388608 op, 72322193.00 ns, 8.6215 ns/op
WorkloadPilot   21: 16777216 op, 140079826.00 ns, 8.3494 ns/op
WorkloadPilot   22: 33554432 op, 279092375.00 ns, 8.3176 ns/op
WorkloadPilot   23: 67108864 op, 556384095.00 ns, 8.2908 ns/op

OverheadWarmup   1: 67108864 op, 76370334.00 ns, 1.1380 ns/op
OverheadWarmup   2: 67108864 op, 75583638.00 ns, 1.1263 ns/op
OverheadWarmup   3: 67108864 op, 76078224.00 ns, 1.1337 ns/op
OverheadWarmup   4: 67108864 op, 75251468.00 ns, 1.1213 ns/op
OverheadWarmup   5: 67108864 op, 75524639.00 ns, 1.1254 ns/op
OverheadWarmup   6: 67108864 op, 75528034.00 ns, 1.1255 ns/op
OverheadWarmup   7: 67108864 op, 75500894.00 ns, 1.1251 ns/op

OverheadActual   1: 67108864 op, 77688090.00 ns, 1.1576 ns/op
OverheadActual   2: 67108864 op, 76269111.00 ns, 1.1365 ns/op
OverheadActual   3: 67108864 op, 75986235.00 ns, 1.1323 ns/op
OverheadActual   4: 67108864 op, 75271858.00 ns, 1.1216 ns/op
OverheadActual   5: 67108864 op, 75777280.00 ns, 1.1292 ns/op
OverheadActual   6: 67108864 op, 75523768.00 ns, 1.1254 ns/op
OverheadActual   7: 67108864 op, 75281263.00 ns, 1.1218 ns/op
OverheadActual   8: 67108864 op, 75597660.00 ns, 1.1265 ns/op
OverheadActual   9: 67108864 op, 75160180.00 ns, 1.1200 ns/op
OverheadActual  10: 67108864 op, 75134982.00 ns, 1.1196 ns/op
OverheadActual  11: 67108864 op, 75473613.00 ns, 1.1246 ns/op
OverheadActual  12: 67108864 op, 75164187.00 ns, 1.1200 ns/op
OverheadActual  13: 67108864 op, 75649909.00 ns, 1.1273 ns/op
OverheadActual  14: 67108864 op, 75889639.00 ns, 1.1308 ns/op
OverheadActual  15: 67108864 op, 75552612.00 ns, 1.1258 ns/op

WorkloadWarmup   1: 67108864 op, 558527153.00 ns, 8.3227 ns/op
WorkloadWarmup   2: 67108864 op, 557441036.00 ns, 8.3065 ns/op
WorkloadWarmup   3: 67108864 op, 561574596.00 ns, 8.3681 ns/op
WorkloadWarmup   4: 67108864 op, 562152807.00 ns, 8.3767 ns/op
WorkloadWarmup   5: 67108864 op, 568040236.00 ns, 8.4645 ns/op
WorkloadWarmup   6: 67108864 op, 564061324.00 ns, 8.4052 ns/op
WorkloadWarmup   7: 67108864 op, 613016428.00 ns, 9.1347 ns/op
WorkloadWarmup   8: 67108864 op, 555215871.00 ns, 8.2734 ns/op

// BeforeActualRun
WorkloadActual   1: 67108864 op, 557545813.00 ns, 8.3081 ns/op
WorkloadActual   2: 67108864 op, 558562927.00 ns, 8.3232 ns/op
WorkloadActual   3: 67108864 op, 567520848.00 ns, 8.4567 ns/op
WorkloadActual   4: 67108864 op, 573897564.00 ns, 8.5517 ns/op
WorkloadActual   5: 67108864 op, 557199402.00 ns, 8.3029 ns/op
WorkloadActual   6: 67108864 op, 557576030.00 ns, 8.3085 ns/op
WorkloadActual   7: 67108864 op, 559637417.00 ns, 8.3392 ns/op
WorkloadActual   8: 67108864 op, 561934829.00 ns, 8.3735 ns/op
WorkloadActual   9: 67108864 op, 558016364.00 ns, 8.3151 ns/op
WorkloadActual  10: 67108864 op, 558061993.00 ns, 8.3158 ns/op
WorkloadActual  11: 67108864 op, 557250459.00 ns, 8.3037 ns/op
WorkloadActual  12: 67108864 op, 556892410.00 ns, 8.2983 ns/op
WorkloadActual  13: 67108864 op, 561678473.00 ns, 8.3697 ns/op
WorkloadActual  14: 67108864 op, 557862652.00 ns, 8.3128 ns/op
WorkloadActual  15: 67108864 op, 558235124.00 ns, 8.3184 ns/op

// AfterActualRun
WorkloadResult   1: 67108864 op, 481993201.00 ns, 7.1823 ns/op
WorkloadResult   2: 67108864 op, 483010315.00 ns, 7.1974 ns/op
WorkloadResult   3: 67108864 op, 481646790.00 ns, 7.1771 ns/op
WorkloadResult   4: 67108864 op, 482023418.00 ns, 7.1827 ns/op
WorkloadResult   5: 67108864 op, 484084805.00 ns, 7.2134 ns/op
WorkloadResult   6: 67108864 op, 486382217.00 ns, 7.2477 ns/op
WorkloadResult   7: 67108864 op, 482463752.00 ns, 7.1893 ns/op
WorkloadResult   8: 67108864 op, 482509381.00 ns, 7.1900 ns/op
WorkloadResult   9: 67108864 op, 481697847.00 ns, 7.1779 ns/op
WorkloadResult  10: 67108864 op, 481339798.00 ns, 7.1725 ns/op
WorkloadResult  11: 67108864 op, 486125861.00 ns, 7.2438 ns/op
WorkloadResult  12: 67108864 op, 482310040.00 ns, 7.1870 ns/op
WorkloadResult  13: 67108864 op, 482682512.00 ns, 7.1925 ns/op
// GC:  0 0 0 0 67108864
// Threading:  0 0 67108864

// AfterAll
// Benchmark Process 2834 has exited with code 0.

Mean = 7.196 ns, StdErr = 0.007 ns (0.09%), N = 13, StdDev = 0.024 ns
Min = 7.173 ns, Q1 = 7.182 ns, Median = 7.189 ns, Q3 = 7.197 ns, Max = 7.248 ns
IQR = 0.015 ns, LowerFence = 7.160 ns, UpperFence = 7.220 ns
ConfidenceInterval = [7.167 ns; 7.225 ns] (CI 99.9%), Margin = 0.029 ns (0.40% of Mean)
Skewness = 1.15, Kurtosis = 2.84, MValue = 2

// ** Remained 12 (75.0 %) benchmark(s) to run. Estimated finish 2026-09-22 19:20 (0h 3m from now) **
// **************************
// Benchmark: ErrorCodeMappingBenchmarks.MapMultipleValidationErrors: DefaultJob
// *** Execute ***
// Launch: 1 / 1
// Execute: dotnet Encina.AzureFunctions.Benchmarks-DefaultJob-1.dll --anonymousPipes 136 137 --benchmarkName Encina.AzureFunctions.Benchmarks.ErrorCodeMappingBenchmarks.MapMultipleValidationErrors --job Default --benchmarkId 4 in /home/runner/work/Encina/Encina/tests/Encina.BenchmarkTests/Encina.AzureFunctions.Benchmarks/bin/Release/net10.0/Encina.AzureFunctions.Benchmarks-DefaultJob-1/bin/Release/net10.0
// Failed to set up high priority (Permission denied). In order to run benchmarks with high priority, make sure you have the right permissions.
// BeforeAnythingElse

// Benchmark Process Environment Information:
// BenchmarkDotNet v0.15.8
// Runtime=.NET 10.0.12 (10.0.12, 10.0.1226.42308), X64 RyuJIT x86-64-v4
// GC=Concurrent Workstation
// HardwareIntrinsics=AVX512 BITALG+VBMI2+VNNI+VPOPCNTDQ,AVX512 IFMA+VBMI,AVX512 F+BW+CD+DQ+VL,AVX2+BMI1+BMI2+F16C+FMA+LZCNT+MOVBE,AVX,SSE3+SSSE3+SSE4.1+SSE4.2+POPCNT,X86Base+SSE+SSE2,AES+PCLMUL,AvxVnni VectorSize=256
// Job: DefaultJob

OverheadJitting  1: 1 op, 130597.00 ns, 130.5970 us/op
WorkloadJitting  1: 1 op, 687897.00 ns, 687.8970 us/op

OverheadJitting  2: 16 op, 154623.00 ns, 9.6639 us/op
WorkloadJitting  2: 16 op, 147703.00 ns, 9.2314 us/op

WorkloadPilot    1: 16 op, 1493.00 ns, 93.3125 ns/op
WorkloadPilot    2: 32 op, 1693.00 ns, 52.9063 ns/op
WorkloadPilot    3: 64 op, 2173.00 ns, 33.9531 ns/op
WorkloadPilot    4: 128 op, 4076.00 ns, 31.8438 ns/op
WorkloadPilot    5: 256 op, 7761.00 ns, 30.3164 ns/op
WorkloadPilot    6: 512 op, 15373.00 ns, 30.0254 ns/op
WorkloadPilot    7: 1024 op, 30516.00 ns, 29.8008 ns/op
WorkloadPilot    8: 2048 op, 60682.00 ns, 29.6299 ns/op
WorkloadPilot    9: 4096 op, 121333.00 ns, 29.6223 ns/op
WorkloadPilot   10: 8192 op, 259802.00 ns, 31.7141 ns/op
WorkloadPilot   11: 16384 op, 494745.00 ns, 30.1968 ns/op
WorkloadPilot   12: 32768 op, 984764.00 ns, 30.0526 ns/op
WorkloadPilot   13: 65536 op, 2319927.00 ns, 35.3993 ns/op
WorkloadPilot   14: 131072 op, 4582035.00 ns, 34.9582 ns/op
WorkloadPilot   15: 262144 op, 9258573.00 ns, 35.3187 ns/op
WorkloadPilot   16: 524288 op, 17061683.00 ns, 32.5426 ns/op
WorkloadPilot   17: 1048576 op, 33372805.00 ns, 31.8268 ns/op
WorkloadPilot   18: 2097152 op, 63185214.00 ns, 30.1291 ns/op
WorkloadPilot   19: 4194304 op, 126549087.00 ns, 30.1717 ns/op
WorkloadPilot   20: 8388608 op, 254205333.00 ns, 30.3036 ns/op
WorkloadPilot   21: 16777216 op, 504109197.00 ns, 30.0472 ns/op

OverheadWarmup   1: 16777216 op, 21241805.00 ns, 1.2661 ns/op
OverheadWarmup   2: 16777216 op, 20638677.00 ns, 1.2302 ns/op
OverheadWarmup   3: 16777216 op, 20365234.00 ns, 1.2139 ns/op
OverheadWarmup   4: 16777216 op, 20079484.00 ns, 1.1968 ns/op
OverheadWarmup   5: 16777216 op, 19922658.00 ns, 1.1875 ns/op
OverheadWarmup   6: 16777216 op, 19938872.00 ns, 1.1884 ns/op
OverheadWarmup   7: 16777216 op, 19782566.00 ns, 1.1791 ns/op
OverheadWarmup   8: 16777216 op, 19685019.00 ns, 1.1733 ns/op
OverheadWarmup   9: 16777216 op, 19432228.00 ns, 1.1583 ns/op
OverheadWarmup  10: 16777216 op, 18988839.00 ns, 1.1318 ns/op

OverheadActual   1: 16777216 op, 20641100.00 ns, 1.2303 ns/op
OverheadActual   2: 16777216 op, 19705130.00 ns, 1.1745 ns/op
OverheadActual   3: 16777216 op, 20088357.00 ns, 1.1974 ns/op
OverheadActual   4: 16777216 op, 19242973.00 ns, 1.1470 ns/op
OverheadActual   5: 16777216 op, 19175321.00 ns, 1.1429 ns/op
OverheadActual   6: 16777216 op, 18916280.00 ns, 1.1275 ns/op
OverheadActual   7: 16777216 op, 19153528.00 ns, 1.1416 ns/op
OverheadActual   8: 16777216 op, 19180258.00 ns, 1.1432 ns/op
OverheadActual   9: 16777216 op, 19107979.00 ns, 1.1389 ns/op
OverheadActual  10: 16777216 op, 19140598.00 ns, 1.1409 ns/op
OverheadActual  11: 16777216 op, 18900176.00 ns, 1.1265 ns/op
OverheadActual  12: 16777216 op, 19343244.00 ns, 1.1529 ns/op
OverheadActual  13: 16777216 op, 18996200.00 ns, 1.1323 ns/op
OverheadActual  14: 16777216 op, 18999225.00 ns, 1.1324 ns/op
OverheadActual  15: 16777216 op, 19226248.00 ns, 1.1460 ns/op

WorkloadWarmup   1: 16777216 op, 509462425.00 ns, 30.3663 ns/op
WorkloadWarmup   2: 16777216 op, 509216435.00 ns, 30.3517 ns/op
WorkloadWarmup   3: 16777216 op, 557585936.00 ns, 33.2347 ns/op
WorkloadWarmup   4: 16777216 op, 506071064.00 ns, 30.1642 ns/op
WorkloadWarmup   5: 16777216 op, 508156828.00 ns, 30.2885 ns/op
WorkloadWarmup   6: 16777216 op, 506488072.00 ns, 30.1890 ns/op

// BeforeActualRun
WorkloadActual   1: 16777216 op, 503121738.00 ns, 29.9884 ns/op
WorkloadActual   2: 16777216 op, 512873967.00 ns, 30.5697 ns/op
WorkloadActual   3: 16777216 op, 514957237.00 ns, 30.6938 ns/op
WorkloadActual   4: 16777216 op, 503688443.00 ns, 30.0222 ns/op
WorkloadActual   5: 16777216 op, 505067641.00 ns, 30.1044 ns/op
WorkloadActual   6: 16777216 op, 503719780.00 ns, 30.0240 ns/op
WorkloadActual   7: 16777216 op, 526375521.00 ns, 31.3744 ns/op
WorkloadActual   8: 16777216 op, 513000748.00 ns, 30.5772 ns/op
WorkloadActual   9: 16777216 op, 506655144.00 ns, 30.1990 ns/op
WorkloadActual  10: 16777216 op, 508462368.00 ns, 30.3067 ns/op
WorkloadActual  11: 16777216 op, 525741010.00 ns, 31.3366 ns/op
WorkloadActual  12: 16777216 op, 501261946.00 ns, 29.8775 ns/op
WorkloadActual  13: 16777216 op, 502226199.00 ns, 29.9350 ns/op
WorkloadActual  14: 16777216 op, 501631503.00 ns, 29.8996 ns/op
WorkloadActual  15: 16777216 op, 506966854.00 ns, 30.2176 ns/op

// AfterActualRun
WorkloadResult   1: 16777216 op, 483946417.00 ns, 28.8455 ns/op
WorkloadResult   2: 16777216 op, 493698646.00 ns, 29.4267 ns/op
WorkloadResult   3: 16777216 op, 495781916.00 ns, 29.5509 ns/op
WorkloadResult   4: 16777216 op, 484513122.00 ns, 28.8792 ns/op
WorkloadResult   5: 16777216 op, 485892320.00 ns, 28.9614 ns/op
WorkloadResult   6: 16777216 op, 484544459.00 ns, 28.8811 ns/op
WorkloadResult   7: 16777216 op, 507200200.00 ns, 30.2315 ns/op
WorkloadResult   8: 16777216 op, 493825427.00 ns, 29.4343 ns/op
WorkloadResult   9: 16777216 op, 487479823.00 ns, 29.0561 ns/op
WorkloadResult  10: 16777216 op, 489287047.00 ns, 29.1638 ns/op
WorkloadResult  11: 16777216 op, 506565689.00 ns, 30.1937 ns/op
WorkloadResult  12: 16777216 op, 482086625.00 ns, 28.7346 ns/op
WorkloadResult  13: 16777216 op, 483050878.00 ns, 28.7921 ns/op
WorkloadResult  14: 16777216 op, 482456182.00 ns, 28.7566 ns/op
WorkloadResult  15: 16777216 op, 487791533.00 ns, 29.0746 ns/op
// GC:  0 0 0 0 16777216
// Threading:  0 0 16777216

// AfterAll
// Benchmark Process 2848 has exited with code 0.

Mean = 29.199 ns, StdErr = 0.125 ns (0.43%), N = 15, StdDev = 0.484 ns
Min = 28.735 ns, Q1 = 28.862 ns, Median = 29.056 ns, Q3 = 29.431 ns, Max = 30.231 ns
IQR = 0.568 ns, LowerFence = 28.010 ns, UpperFence = 30.283 ns
ConfidenceInterval = [28.681 ns; 29.717 ns] (CI 99.9%), Margin = 0.518 ns (1.77% of Mean)
Skewness = 1.04, Kurtosis = 2.77, MValue = 2

// ** Remained 11 (68.8 %) benchmark(s) to run. Estimated finish 2026-09-22 19:20 (0h 2m from now) **
// **************************
// Benchmark: ErrorCodeMappingBenchmarks.MapMixedErrors: DefaultJob
// *** Execute ***
// Launch: 1 / 1
// Execute: dotnet Encina.AzureFunctions.Benchmarks-DefaultJob-1.dll --anonymousPipes 136 137 --benchmarkName Encina.AzureFunctions.Benchmarks.ErrorCodeMappingBenchmarks.MapMixedErrors --job Default --benchmarkId 5 in /home/runner/work/Encina/Encina/tests/Encina.BenchmarkTests/Encina.AzureFunctions.Benchmarks/bin/Release/net10.0/Encina.AzureFunctions.Benchmarks-DefaultJob-1/bin/Release/net10.0
// Failed to set up high priority (Permission denied). In order to run benchmarks with high priority, make sure you have the right permissions.
// BeforeAnythingElse

// Benchmark Process Environment Information:
// BenchmarkDotNet v0.15.8
// Runtime=.NET 10.0.12 (10.0.12, 10.0.1226.42308), X64 RyuJIT x86-64-v4
// GC=Concurrent Workstation
// HardwareIntrinsics=AVX512 BITALG+VBMI2+VNNI+VPOPCNTDQ,AVX512 IFMA+VBMI,AVX512 F+BW+CD+DQ+VL,AVX2+BMI1+BMI2+F16C+FMA+LZCNT+MOVBE,AVX,SSE3+SSSE3+SSE4.1+SSE4.2+POPCNT,X86Base+SSE+SSE2,AES+PCLMUL,AvxVnni VectorSize=256
// Job: DefaultJob

OverheadJitting  1: 1 op, 141654.00 ns, 141.6540 us/op
WorkloadJitting  1: 1 op, 678052.00 ns, 678.0520 us/op

OverheadJitting  2: 16 op, 149495.00 ns, 9.3434 us/op
WorkloadJitting  2: 16 op, 143316.00 ns, 8.9573 us/op

WorkloadPilot    1: 16 op, 1533.00 ns, 95.8125 ns/op
WorkloadPilot    2: 32 op, 1903.00 ns, 59.4688 ns/op
WorkloadPilot    3: 64 op, 2594.00 ns, 40.5313 ns/op
WorkloadPilot    4: 128 op, 4848.00 ns, 37.8750 ns/op
WorkloadPilot    5: 256 op, 9284.00 ns, 36.2656 ns/op
WorkloadPilot    6: 512 op, 18498.00 ns, 36.1289 ns/op
WorkloadPilot    7: 1024 op, 36685.00 ns, 35.8252 ns/op
WorkloadPilot    8: 2048 op, 73251.00 ns, 35.7671 ns/op
WorkloadPilot    9: 4096 op, 144728.00 ns, 35.3340 ns/op
WorkloadPilot   10: 8192 op, 289536.00 ns, 35.3438 ns/op
WorkloadPilot   11: 16384 op, 584511.00 ns, 35.6757 ns/op
WorkloadPilot   12: 32768 op, 1185957.00 ns, 36.1925 ns/op
WorkloadPilot   13: 65536 op, 2404454.00 ns, 36.6891 ns/op
WorkloadPilot   14: 131072 op, 4848538.00 ns, 36.9914 ns/op
WorkloadPilot   15: 262144 op, 9565277.00 ns, 36.4886 ns/op
WorkloadPilot   16: 524288 op, 19061770.00 ns, 36.3574 ns/op
WorkloadPilot   17: 1048576 op, 38295178.00 ns, 36.5211 ns/op
WorkloadPilot   18: 2097152 op, 75801321.00 ns, 36.1449 ns/op
WorkloadPilot   19: 4194304 op, 154374411.00 ns, 36.8057 ns/op
WorkloadPilot   20: 8388608 op, 302359652.00 ns, 36.0441 ns/op
WorkloadPilot   21: 16777216 op, 599889335.00 ns, 35.7562 ns/op

OverheadWarmup   1: 16777216 op, 21375217.00 ns, 1.2741 ns/op
OverheadWarmup   2: 16777216 op, 19434732.00 ns, 1.1584 ns/op
OverheadWarmup   3: 16777216 op, 19198205.00 ns, 1.1443 ns/op
OverheadWarmup   4: 16777216 op, 19494672.00 ns, 1.1620 ns/op
OverheadWarmup   5: 16777216 op, 19291957.00 ns, 1.1499 ns/op
OverheadWarmup   6: 16777216 op, 18926135.00 ns, 1.1281 ns/op
OverheadWarmup   7: 16777216 op, 18909491.00 ns, 1.1271 ns/op
OverheadWarmup   8: 16777216 op, 19314100.00 ns, 1.1512 ns/op
OverheadWarmup   9: 16777216 op, 18894487.00 ns, 1.1262 ns/op

OverheadActual   1: 16777216 op, 21224529.00 ns, 1.2651 ns/op
OverheadActual   2: 16777216 op, 19805570.00 ns, 1.1805 ns/op
OverheadActual   3: 16777216 op, 20951027.00 ns, 1.2488 ns/op
OverheadActual   4: 16777216 op, 18942190.00 ns, 1.1290 ns/op
OverheadActual   5: 16777216 op, 21358602.00 ns, 1.2731 ns/op
OverheadActual   6: 16777216 op, 18944272.00 ns, 1.1292 ns/op
OverheadActual   7: 16777216 op, 19147108.00 ns, 1.1413 ns/op
OverheadActual   8: 16777216 op, 19362183.00 ns, 1.1541 ns/op
OverheadActual   9: 16777216 op, 18910191.00 ns, 1.1271 ns/op
OverheadActual  10: 16777216 op, 19034438.00 ns, 1.1345 ns/op
OverheadActual  11: 16777216 op, 19360840.00 ns, 1.1540 ns/op
OverheadActual  12: 16777216 op, 18946486.00 ns, 1.1293 ns/op
OverheadActual  13: 16777216 op, 18926546.00 ns, 1.1281 ns/op
OverheadActual  14: 16777216 op, 18906065.00 ns, 1.1269 ns/op
OverheadActual  15: 16777216 op, 19167078.00 ns, 1.1424 ns/op

WorkloadWarmup   1: 16777216 op, 601796600.00 ns, 35.8699 ns/op
WorkloadWarmup   2: 16777216 op, 602768695.00 ns, 35.9278 ns/op
WorkloadWarmup   3: 16777216 op, 599006125.00 ns, 35.7035 ns/op
WorkloadWarmup   4: 16777216 op, 602964981.00 ns, 35.9395 ns/op
WorkloadWarmup   5: 16777216 op, 605551510.00 ns, 36.0937 ns/op
WorkloadWarmup   6: 16777216 op, 605637369.00 ns, 36.0988 ns/op
WorkloadWarmup   7: 16777216 op, 609117124.00 ns, 36.3062 ns/op
WorkloadWarmup   8: 16777216 op, 603835874.00 ns, 35.9914 ns/op

// BeforeActualRun
WorkloadActual   1: 16777216 op, 601735808.00 ns, 35.8662 ns/op
WorkloadActual   2: 16777216 op, 603392466.00 ns, 35.9650 ns/op
WorkloadActual   3: 16777216 op, 599322801.00 ns, 35.7224 ns/op
WorkloadActual   4: 16777216 op, 607850725.00 ns, 36.2307 ns/op
WorkloadActual   5: 16777216 op, 602459950.00 ns, 35.9094 ns/op
WorkloadActual   6: 16777216 op, 610916471.00 ns, 36.4135 ns/op
WorkloadActual   7: 16777216 op, 619052208.00 ns, 36.8984 ns/op
WorkloadActual   8: 16777216 op, 608662298.00 ns, 36.2791 ns/op
WorkloadActual   9: 16777216 op, 603686980.00 ns, 35.9825 ns/op
WorkloadActual  10: 16777216 op, 602663667.00 ns, 35.9216 ns/op
WorkloadActual  11: 16777216 op, 603184902.00 ns, 35.9526 ns/op
WorkloadActual  12: 16777216 op, 606032154.00 ns, 36.1223 ns/op
WorkloadActual  13: 16777216 op, 607605105.00 ns, 36.2161 ns/op
WorkloadActual  14: 16777216 op, 605208873.00 ns, 36.0733 ns/op
WorkloadActual  15: 16777216 op, 608319541.00 ns, 36.2587 ns/op

// AfterActualRun
WorkloadResult   1: 16777216 op, 582588700.00 ns, 34.7250 ns/op
WorkloadResult   2: 16777216 op, 584245358.00 ns, 34.8237 ns/op
WorkloadResult   3: 16777216 op, 580175693.00 ns, 34.5812 ns/op
WorkloadResult   4: 16777216 op, 588703617.00 ns, 35.0895 ns/op
WorkloadResult   5: 16777216 op, 583312842.00 ns, 34.7682 ns/op
WorkloadResult   6: 16777216 op, 591769363.00 ns, 35.2722 ns/op
WorkloadResult   7: 16777216 op, 589515190.00 ns, 35.1378 ns/op
WorkloadResult   8: 16777216 op, 584539872.00 ns, 34.8413 ns/op
WorkloadResult   9: 16777216 op, 583516559.00 ns, 34.7803 ns/op
WorkloadResult  10: 16777216 op, 584037794.00 ns, 34.8114 ns/op
WorkloadResult  11: 16777216 op, 586885046.00 ns, 34.9811 ns/op
WorkloadResult  12: 16777216 op, 588457997.00 ns, 35.0748 ns/op
WorkloadResult  13: 16777216 op, 586061765.00 ns, 34.9320 ns/op
WorkloadResult  14: 16777216 op, 589172433.00 ns, 35.1174 ns/op
// GC:  0 0 0 0 16777216
// Threading:  0 0 16777216

// AfterAll
// Benchmark Process 2856 has exited with code 0.

Mean = 34.924 ns, StdErr = 0.052 ns (0.15%), N = 14, StdDev = 0.194 ns
Min = 34.581 ns, Q1 = 34.788 ns, Median = 34.887 ns, Q3 = 35.086 ns, Max = 35.272 ns
IQR = 0.298 ns, LowerFence = 34.341 ns, UpperFence = 35.532 ns
ConfidenceInterval = [34.705 ns; 35.143 ns] (CI 99.9%), Margin = 0.219 ns (0.63% of Mean)
Skewness = 0.09, Kurtosis = 1.82, MValue = 2

// ** Remained 10 (62.5 %) benchmark(s) to run. Estimated finish 2026-09-22 19:20 (0h 2m from now) **
// **************************
// Benchmark: ErrorCodeMappingBenchmarks.MapAuthorizationUnauthenticated: ShortRun(IterationCount=3, LaunchCount=1, WarmupCount=3)
// *** Execute ***
// Launch: 1 / 1
// Execute: dotnet Encina.AzureFunctions.Benchmarks-DefaultJob-1.dll --anonymousPipes 136 137 --benchmarkName Encina.AzureFunctions.Benchmarks.ErrorCodeMappingBenchmarks.MapAuthorizationUnauthenticated --job ShortRun --benchmarkId 6 in /home/runner/work/Encina/Encina/tests/Encina.BenchmarkTests/Encina.AzureFunctions.Benchmarks/bin/Release/net10.0/Encina.AzureFunctions.Benchmarks-DefaultJob-1/bin/Release/net10.0
// Failed to set up high priority (Permission denied). In order to run benchmarks with high priority, make sure you have the right permissions.
// BeforeAnythingElse

// Benchmark Process Environment Information:
// BenchmarkDotNet v0.15.8
// Runtime=.NET 10.0.12 (10.0.12, 10.0.1226.42308), X64 RyuJIT x86-64-v4
// GC=Concurrent Workstation
// HardwareIntrinsics=AVX512 BITALG+VBMI2+VNNI+VPOPCNTDQ,AVX512 IFMA+VBMI,AVX512 F+BW+CD+DQ+VL,AVX2+BMI1+BMI2+F16C+FMA+LZCNT+MOVBE,AVX,SSE3+SSSE3+SSE4.1+SSE4.2+POPCNT,X86Base+SSE+SSE2,AES+PCLMUL,AvxVnni VectorSize=256
// Job: ShortRun(IterationCount=3, LaunchCount=1, WarmupCount=3)

OverheadJitting  1: 1 op, 137066.00 ns, 137.0660 us/op
WorkloadJitting  1: 1 op, 614916.00 ns, 614.9160 us/op

OverheadJitting  2: 16 op, 150918.00 ns, 9.4324 us/op
WorkloadJitting  2: 16 op, 162785.00 ns, 10.1741 us/op

WorkloadPilot    1: 16 op, 941.00 ns, 58.8125 ns/op
WorkloadPilot    2: 32 op, 932.00 ns, 29.1250 ns/op
WorkloadPilot    3: 64 op, 961.00 ns, 15.0156 ns/op
WorkloadPilot    4: 128 op, 1342.00 ns, 10.4844 ns/op
WorkloadPilot    5: 256 op, 2454.00 ns, 9.5859 ns/op
WorkloadPilot    6: 512 op, 8173.00 ns, 15.9629 ns/op
WorkloadPilot    7: 1024 op, 10726.00 ns, 10.4746 ns/op
WorkloadPilot    8: 2048 op, 18378.00 ns, 8.9736 ns/op
WorkloadPilot    9: 4096 op, 36515.00 ns, 8.9148 ns/op
WorkloadPilot   10: 8192 op, 73051.00 ns, 8.9174 ns/op
WorkloadPilot   11: 16384 op, 164578.00 ns, 10.0450 ns/op
WorkloadPilot   12: 32768 op, 291159.00 ns, 8.8855 ns/op
WorkloadPilot   13: 65536 op, 607536.00 ns, 9.2703 ns/op
WorkloadPilot   14: 131072 op, 1389594.00 ns, 10.6018 ns/op
WorkloadPilot   15: 262144 op, 2393367.00 ns, 9.1300 ns/op
WorkloadPilot   16: 524288 op, 5091173.00 ns, 9.7106 ns/op
WorkloadPilot   17: 1048576 op, 10069627.00 ns, 9.6031 ns/op
WorkloadPilot   18: 2097152 op, 19058915.00 ns, 9.0880 ns/op
WorkloadPilot   19: 4194304 op, 38644255.00 ns, 9.2135 ns/op
WorkloadPilot   20: 8388608 op, 76737067.00 ns, 9.1478 ns/op
WorkloadPilot   21: 16777216 op, 156426584.00 ns, 9.3238 ns/op
WorkloadPilot   22: 33554432 op, 318339732.00 ns, 9.4873 ns/op
WorkloadPilot   23: 67108864 op, 619014596.00 ns, 9.2240 ns/op

OverheadWarmup   1: 67108864 op, 76471517.00 ns, 1.1395 ns/op
OverheadWarmup   2: 67108864 op, 77371854.00 ns, 1.1529 ns/op
OverheadWarmup   3: 67108864 op, 76387390.00 ns, 1.1383 ns/op
OverheadWarmup   4: 67108864 op, 76225286.00 ns, 1.1358 ns/op
OverheadWarmup   5: 67108864 op, 76260398.00 ns, 1.1364 ns/op
OverheadWarmup   6: 67108864 op, 75947126.00 ns, 1.1317 ns/op

OverheadActual   1: 67108864 op, 77111040.00 ns, 1.1490 ns/op
OverheadActual   2: 67108864 op, 76723337.00 ns, 1.1433 ns/op
OverheadActual   3: 67108864 op, 76672069.00 ns, 1.1425 ns/op
OverheadActual   4: 67108864 op, 77308519.00 ns, 1.1520 ns/op
OverheadActual   5: 67108864 op, 76614232.00 ns, 1.1416 ns/op
OverheadActual   6: 67108864 op, 76387480.00 ns, 1.1383 ns/op
OverheadActual   7: 67108864 op, 76336173.00 ns, 1.1375 ns/op
OverheadActual   8: 67108864 op, 76974245.00 ns, 1.1470 ns/op
OverheadActual   9: 67108864 op, 76491206.00 ns, 1.1398 ns/op
OverheadActual  10: 67108864 op, 75879554.00 ns, 1.1307 ns/op
OverheadActual  11: 67108864 op, 76015249.00 ns, 1.1327 ns/op
OverheadActual  12: 67108864 op, 76179897.00 ns, 1.1352 ns/op
OverheadActual  13: 67108864 op, 76349663.00 ns, 1.1377 ns/op
OverheadActual  14: 67108864 op, 76371516.00 ns, 1.1380 ns/op
OverheadActual  15: 67108864 op, 75902168.00 ns, 1.1310 ns/op

WorkloadWarmup   1: 67108864 op, 607303911.00 ns, 9.0495 ns/op
WorkloadWarmup   2: 67108864 op, 609775740.00 ns, 9.0864 ns/op
WorkloadWarmup   3: 67108864 op, 609271929.00 ns, 9.0789 ns/op

// BeforeActualRun
WorkloadActual   1: 67108864 op, 606909218.00 ns, 9.0437 ns/op
WorkloadActual   2: 67108864 op, 607839440.00 ns, 9.0575 ns/op
WorkloadActual   3: 67108864 op, 605725163.00 ns, 9.0260 ns/op

// AfterActualRun
WorkloadResult   1: 67108864 op, 530521738.00 ns, 7.9054 ns/op
WorkloadResult   2: 67108864 op, 531451960.00 ns, 7.9193 ns/op
WorkloadResult   3: 67108864 op, 529337683.00 ns, 7.8877 ns/op
// GC:  0 0 0 0 67108864
// Threading:  0 0 67108864

// AfterAll
// Benchmark Process 2866 has exited with code 0.

Mean = 7.904 ns, StdErr = 0.009 ns (0.12%), N = 3, StdDev = 0.016 ns
Min = 7.888 ns, Q1 = 7.897 ns, Median = 7.905 ns, Q3 = 7.912 ns, Max = 7.919 ns
IQR = 0.016 ns, LowerFence = 7.873 ns, UpperFence = 7.936 ns
ConfidenceInterval = [7.616 ns; 8.192 ns] (CI 99.9%), Margin = 0.288 ns (3.64% of Mean)
Skewness = -0.08, Kurtosis = 0.67, MValue = 2

// ** Remained 9 (56.2 %) benchmark(s) to run. Estimated finish 2026-09-22 19:19 (0h 2m from now) **
// **************************
// Benchmark: ErrorCodeMappingBenchmarks.MapAuthorizationForbidden: ShortRun(IterationCount=3, LaunchCount=1, WarmupCount=3)
// *** Execute ***
// Launch: 1 / 1
// Execute: dotnet Encina.AzureFunctions.Benchmarks-DefaultJob-1.dll --anonymousPipes 136 137 --benchmarkName Encina.AzureFunctions.Benchmarks.ErrorCodeMappingBenchmarks.MapAuthorizationForbidden --job ShortRun --benchmarkId 7 in /home/runner/work/Encina/Encina/tests/Encina.BenchmarkTests/Encina.AzureFunctions.Benchmarks/bin/Release/net10.0/Encina.AzureFunctions.Benchmarks-DefaultJob-1/bin/Release/net10.0
// Failed to set up high priority (Permission denied). In order to run benchmarks with high priority, make sure you have the right permissions.
// BeforeAnythingElse

// Benchmark Process Environment Information:
// BenchmarkDotNet v0.15.8
// Runtime=.NET 10.0.12 (10.0.12, 10.0.1226.42308), X64 RyuJIT x86-64-v4
// GC=Concurrent Workstation
// HardwareIntrinsics=AVX512 BITALG+VBMI2+VNNI+VPOPCNTDQ,AVX512 IFMA+VBMI,AVX512 F+BW+CD+DQ+VL,AVX2+BMI1+BMI2+F16C+FMA+LZCNT+MOVBE,AVX,SSE3+SSSE3+SSE4.1+SSE4.2+POPCNT,X86Base+SSE+SSE2,AES+PCLMUL,AvxVnni VectorSize=256
// Job: ShortRun(IterationCount=3, LaunchCount=1, WarmupCount=3)

OverheadJitting  1: 1 op, 139751.00 ns, 139.7510 us/op
WorkloadJitting  1: 1 op, 614716.00 ns, 614.7160 us/op

OverheadJitting  2: 16 op, 143867.00 ns, 8.9917 us/op
WorkloadJitting  2: 16 op, 165820.00 ns, 10.3638 us/op

WorkloadPilot    1: 16 op, 1402.00 ns, 87.6250 ns/op
WorkloadPilot    2: 32 op, 1422.00 ns, 44.4375 ns/op
WorkloadPilot    3: 64 op, 1623.00 ns, 25.3594 ns/op
WorkloadPilot    4: 128 op, 1462.00 ns, 11.4219 ns/op
WorkloadPilot    5: 256 op, 4717.00 ns, 18.4258 ns/op
WorkloadPilot    6: 512 op, 5198.00 ns, 10.1523 ns/op
WorkloadPilot    7: 1024 op, 10145.00 ns, 9.9072 ns/op
WorkloadPilot    8: 2048 op, 25478.00 ns, 12.4404 ns/op
WorkloadPilot    9: 4096 op, 40061.00 ns, 9.7805 ns/op
WorkloadPilot   10: 8192 op, 83947.00 ns, 10.2474 ns/op
WorkloadPilot   11: 16384 op, 172510.00 ns, 10.5292 ns/op
WorkloadPilot   12: 32768 op, 323067.00 ns, 9.8592 ns/op
WorkloadPilot   13: 65536 op, 653715.00 ns, 9.9749 ns/op
WorkloadPilot   14: 131072 op, 1308122.00 ns, 9.9802 ns/op
WorkloadPilot   15: 262144 op, 2578636.00 ns, 9.8367 ns/op
WorkloadPilot   16: 524288 op, 5154598.00 ns, 9.8316 ns/op
WorkloadPilot   17: 1048576 op, 10874229.00 ns, 10.3705 ns/op
WorkloadPilot   18: 2097152 op, 21273783.00 ns, 10.1441 ns/op
WorkloadPilot   19: 4194304 op, 43862737.00 ns, 10.4577 ns/op
WorkloadPilot   20: 8388608 op, 86872069.00 ns, 10.3560 ns/op
WorkloadPilot   21: 16777216 op, 166725349.00 ns, 9.9376 ns/op
WorkloadPilot   22: 33554432 op, 347319429.00 ns, 10.3509 ns/op
WorkloadPilot   23: 67108864 op, 674614590.00 ns, 10.0525 ns/op

OverheadWarmup   1: 67108864 op, 76109077.00 ns, 1.1341 ns/op
OverheadWarmup   2: 67108864 op, 75668513.00 ns, 1.1275 ns/op
OverheadWarmup   3: 67108864 op, 76074194.00 ns, 1.1336 ns/op
OverheadWarmup   4: 67108864 op, 75351605.00 ns, 1.1228 ns/op
OverheadWarmup   5: 67108864 op, 75393118.00 ns, 1.1234 ns/op
OverheadWarmup   6: 67108864 op, 77262896.00 ns, 1.1513 ns/op
OverheadWarmup   7: 67108864 op, 76669021.00 ns, 1.1425 ns/op

OverheadActual   1: 67108864 op, 79245565.00 ns, 1.1809 ns/op
OverheadActual   2: 67108864 op, 75733781.00 ns, 1.1285 ns/op
OverheadActual   3: 67108864 op, 75775805.00 ns, 1.1291 ns/op
OverheadActual   4: 67108864 op, 75715214.00 ns, 1.1282 ns/op
OverheadActual   5: 67108864 op, 75350644.00 ns, 1.1228 ns/op
OverheadActual   6: 67108864 op, 75505627.00 ns, 1.1251 ns/op
OverheadActual   7: 67108864 op, 75477756.00 ns, 1.1247 ns/op
OverheadActual   8: 67108864 op, 75733441.00 ns, 1.1285 ns/op
OverheadActual   9: 67108864 op, 75407149.00 ns, 1.1237 ns/op
OverheadActual  10: 67108864 op, 75082360.00 ns, 1.1188 ns/op
OverheadActual  11: 67108864 op, 75421430.00 ns, 1.1239 ns/op
OverheadActual  12: 67108864 op, 75685378.00 ns, 1.1278 ns/op
OverheadActual  13: 67108864 op, 75173617.00 ns, 1.1202 ns/op
OverheadActual  14: 67108864 op, 74852053.00 ns, 1.1154 ns/op
OverheadActual  15: 67108864 op, 75844399.00 ns, 1.1302 ns/op

WorkloadWarmup   1: 67108864 op, 661512873.00 ns, 9.8573 ns/op
WorkloadWarmup   2: 67108864 op, 661535213.00 ns, 9.8576 ns/op
WorkloadWarmup   3: 67108864 op, 663732529.00 ns, 9.8904 ns/op

// BeforeActualRun
WorkloadActual   1: 67108864 op, 701840395.00 ns, 10.4582 ns/op
WorkloadActual   2: 67108864 op, 662241372.00 ns, 9.8682 ns/op
WorkloadActual   3: 67108864 op, 668977515.00 ns, 9.9685 ns/op

// AfterActualRun
WorkloadResult   1: 67108864 op, 626334768.00 ns, 9.3331 ns/op
WorkloadResult   2: 67108864 op, 586735745.00 ns, 8.7430 ns/op
WorkloadResult   3: 67108864 op, 593471888.00 ns, 8.8434 ns/op
// GC:  0 0 0 0 67108864
// Threading:  0 0 67108864

// AfterAll
// Benchmark Process 2874 has exited with code 0.

Mean = 8.973 ns, StdErr = 0.182 ns (2.03%), N = 3, StdDev = 0.316 ns
Min = 8.743 ns, Q1 = 8.793 ns, Median = 8.843 ns, Q3 = 9.088 ns, Max = 9.333 ns
IQR = 0.295 ns, LowerFence = 8.351 ns, UpperFence = 9.531 ns
ConfidenceInterval = [3.213 ns; 14.733 ns] (CI 99.9%), Margin = 5.760 ns (64.19% of Mean)
Skewness = 0.34, Kurtosis = 0.67, MValue = 2

// ** Remained 8 (50.0 %) benchmark(s) to run. Estimated finish 2026-09-22 19:19 (0h 1m from now) **
// **************************
// Benchmark: ErrorCodeMappingBenchmarks.MapConflictError: ShortRun(IterationCount=3, LaunchCount=1, WarmupCount=3)
// *** Execute ***
// Launch: 1 / 1
// Execute: dotnet Encina.AzureFunctions.Benchmarks-DefaultJob-1.dll --anonymousPipes 136 137 --benchmarkName Encina.AzureFunctions.Benchmarks.ErrorCodeMappingBenchmarks.MapConflictError --job ShortRun --benchmarkId 8 in /home/runner/work/Encina/Encina/tests/Encina.BenchmarkTests/Encina.AzureFunctions.Benchmarks/bin/Release/net10.0/Encina.AzureFunctions.Benchmarks-DefaultJob-1/bin/Release/net10.0
// Failed to set up high priority (Permission denied). In order to run benchmarks with high priority, make sure you have the right permissions.
// BeforeAnythingElse

// Benchmark Process Environment Information:
// BenchmarkDotNet v0.15.8
// Runtime=.NET 10.0.12 (10.0.12, 10.0.1226.42308), X64 RyuJIT x86-64-v4
// GC=Concurrent Workstation
// HardwareIntrinsics=AVX512 BITALG+VBMI2+VNNI+VPOPCNTDQ,AVX512 IFMA+VBMI,AVX512 F+BW+CD+DQ+VL,AVX2+BMI1+BMI2+F16C+FMA+LZCNT+MOVBE,AVX,SSE3+SSSE3+SSE4.1+SSE4.2+POPCNT,X86Base+SSE+SSE2,AES+PCLMUL,AvxVnni VectorSize=256
// Job: ShortRun(IterationCount=3, LaunchCount=1, WarmupCount=3)

OverheadJitting  1: 1 op, 132790.00 ns, 132.7900 us/op
WorkloadJitting  1: 1 op, 591742.00 ns, 591.7420 us/op

OverheadJitting  2: 16 op, 144909.00 ns, 9.0568 us/op
WorkloadJitting  2: 16 op, 147172.00 ns, 9.1983 us/op

WorkloadPilot    1: 16 op, 2304.00 ns, 144.0000 ns/op
WorkloadPilot    2: 32 op, 2354.00 ns, 73.5625 ns/op
WorkloadPilot    3: 64 op, 2474.00 ns, 38.6563 ns/op
WorkloadPilot    4: 128 op, 3285.00 ns, 25.6641 ns/op
WorkloadPilot    5: 256 op, 2094.00 ns, 8.1797 ns/op
WorkloadPilot    6: 512 op, 8463.00 ns, 16.5293 ns/op
WorkloadPilot    7: 1024 op, 14211.00 ns, 13.8779 ns/op
WorkloadPilot    8: 2048 op, 14923.00 ns, 7.2866 ns/op
WorkloadPilot    9: 4096 op, 36264.00 ns, 8.8535 ns/op
WorkloadPilot   10: 8192 op, 66219.00 ns, 8.0834 ns/op
WorkloadPilot   11: 16384 op, 124388.00 ns, 7.5920 ns/op
WorkloadPilot   12: 32768 op, 235555.00 ns, 7.1886 ns/op
WorkloadPilot   13: 65536 op, 491121.00 ns, 7.4939 ns/op
WorkloadPilot   14: 131072 op, 962431.00 ns, 7.3428 ns/op
WorkloadPilot   15: 262144 op, 1919823.00 ns, 7.3235 ns/op
WorkloadPilot   16: 524288 op, 3849922.00 ns, 7.3431 ns/op
WorkloadPilot   17: 1048576 op, 7753967.00 ns, 7.3948 ns/op
WorkloadPilot   18: 2097152 op, 16084903.00 ns, 7.6699 ns/op
WorkloadPilot   19: 4194304 op, 31458354.00 ns, 7.5003 ns/op
WorkloadPilot   20: 8388608 op, 61200711.00 ns, 7.2957 ns/op
WorkloadPilot   21: 16777216 op, 122937459.00 ns, 7.3276 ns/op
WorkloadPilot   22: 33554432 op, 245379152.00 ns, 7.3129 ns/op
WorkloadPilot   23: 67108864 op, 487624302.00 ns, 7.2662 ns/op
WorkloadPilot   24: 134217728 op, 980040444.00 ns, 7.3019 ns/op

OverheadWarmup   1: 134217728 op, 152153013.00 ns, 1.1336 ns/op
OverheadWarmup   2: 134217728 op, 151902325.00 ns, 1.1318 ns/op
OverheadWarmup   3: 134217728 op, 151235890.00 ns, 1.1268 ns/op
OverheadWarmup   4: 134217728 op, 151570745.00 ns, 1.1293 ns/op
OverheadWarmup   5: 134217728 op, 151213327.00 ns, 1.1266 ns/op
OverheadWarmup   6: 134217728 op, 150906365.00 ns, 1.1243 ns/op
OverheadWarmup   7: 134217728 op, 150868337.00 ns, 1.1241 ns/op
OverheadWarmup   8: 134217728 op, 151127818.00 ns, 1.1260 ns/op
OverheadWarmup   9: 134217728 op, 150762538.00 ns, 1.1233 ns/op

OverheadActual   1: 134217728 op, 151344484.00 ns, 1.1276 ns/op
OverheadActual   2: 134217728 op, 156965947.00 ns, 1.1695 ns/op
OverheadActual   3: 134217728 op, 151140848.00 ns, 1.1261 ns/op
OverheadActual   4: 134217728 op, 150860274.00 ns, 1.1240 ns/op
OverheadActual   5: 134217728 op, 151213988.00 ns, 1.1266 ns/op
OverheadActual   6: 134217728 op, 154337796.00 ns, 1.1499 ns/op
OverheadActual   7: 134217728 op, 150349445.00 ns, 1.1202 ns/op
OverheadActual   8: 134217728 op, 151196542.00 ns, 1.1265 ns/op
OverheadActual   9: 134217728 op, 150377658.00 ns, 1.1204 ns/op
OverheadActual  10: 134217728 op, 149829061.00 ns, 1.1163 ns/op
OverheadActual  11: 134217728 op, 150874186.00 ns, 1.1241 ns/op
OverheadActual  12: 134217728 op, 152087364.00 ns, 1.1331 ns/op
OverheadActual  13: 134217728 op, 159642923.00 ns, 1.1894 ns/op
OverheadActual  14: 134217728 op, 159861752.00 ns, 1.1911 ns/op
OverheadActual  15: 134217728 op, 155665257.00 ns, 1.1598 ns/op

WorkloadWarmup   1: 134217728 op, 985137138.00 ns, 7.3398 ns/op
WorkloadWarmup   2: 134217728 op, 978283097.00 ns, 7.2888 ns/op
WorkloadWarmup   3: 134217728 op, 980036826.00 ns, 7.3018 ns/op

// BeforeActualRun
WorkloadActual   1: 134217728 op, 979997912.00 ns, 7.3016 ns/op
WorkloadActual   2: 134217728 op, 974800098.00 ns, 7.2628 ns/op
WorkloadActual   3: 134217728 op, 1049377470.00 ns, 7.8185 ns/op

// AfterActualRun
WorkloadResult   1: 134217728 op, 828783924.00 ns, 6.1749 ns/op
WorkloadResult   2: 134217728 op, 823586110.00 ns, 6.1362 ns/op
WorkloadResult   3: 134217728 op, 898163482.00 ns, 6.6918 ns/op
// GC:  0 0 0 0 134217728
// Threading:  0 0 134217728

// AfterAll
// Benchmark Process 2881 has exited with code 0.

Mean = 6.334 ns, StdErr = 0.179 ns (2.83%), N = 3, StdDev = 0.310 ns
Min = 6.136 ns, Q1 = 6.156 ns, Median = 6.175 ns, Q3 = 6.433 ns, Max = 6.692 ns
IQR = 0.278 ns, LowerFence = 5.739 ns, UpperFence = 6.850 ns
ConfidenceInterval = [0.675 ns; 11.994 ns] (CI 99.9%), Margin = 5.660 ns (89.35% of Mean)
Skewness = 0.38, Kurtosis = 0.67, MValue = 2

// ** Remained 7 (43.8 %) benchmark(s) to run. Estimated finish 2026-09-22 19:19 (0h 1m from now) **
// **************************
// Benchmark: ErrorCodeMappingBenchmarks.MapUnknownError: ShortRun(IterationCount=3, LaunchCount=1, WarmupCount=3)
// *** Execute ***
// Launch: 1 / 1
// Execute: dotnet Encina.AzureFunctions.Benchmarks-DefaultJob-1.dll --anonymousPipes 136 137 --benchmarkName Encina.AzureFunctions.Benchmarks.ErrorCodeMappingBenchmarks.MapUnknownError --job ShortRun --benchmarkId 9 in /home/runner/work/Encina/Encina/tests/Encina.BenchmarkTests/Encina.AzureFunctions.Benchmarks/bin/Release/net10.0/Encina.AzureFunctions.Benchmarks-DefaultJob-1/bin/Release/net10.0
// Failed to set up high priority (Permission denied). In order to run benchmarks with high priority, make sure you have the right permissions.
// BeforeAnythingElse

// Benchmark Process Environment Information:
// BenchmarkDotNet v0.15.8
// Runtime=.NET 10.0.12 (10.0.12, 10.0.1226.42308), X64 RyuJIT x86-64-v4
// GC=Concurrent Workstation
// HardwareIntrinsics=AVX512 BITALG+VBMI2+VNNI+VPOPCNTDQ,AVX512 IFMA+VBMI,AVX512 F+BW+CD+DQ+VL,AVX2+BMI1+BMI2+F16C+FMA+LZCNT+MOVBE,AVX,SSE3+SSSE3+SSE4.1+SSE4.2+POPCNT,X86Base+SSE+SSE2,AES+PCLMUL,AvxVnni VectorSize=256
// Job: ShortRun(IterationCount=3, LaunchCount=1, WarmupCount=3)

OverheadJitting  1: 1 op, 136236.00 ns, 136.2360 us/op
WorkloadJitting  1: 1 op, 658572.00 ns, 658.5720 us/op

OverheadJitting  2: 16 op, 183336.00 ns, 11.4585 us/op
WorkloadJitting  2: 16 op, 424991.00 ns, 26.5619 us/op

WorkloadPilot    1: 16 op, 1222.00 ns, 76.3750 ns/op
WorkloadPilot    2: 32 op, 2604.00 ns, 81.3750 ns/op
WorkloadPilot    3: 64 op, 3255.00 ns, 50.8594 ns/op
WorkloadPilot    4: 128 op, 1382.00 ns, 10.7969 ns/op
WorkloadPilot    5: 256 op, 5378.00 ns, 21.0078 ns/op
WorkloadPilot    6: 512 op, 4657.00 ns, 9.0957 ns/op
WorkloadPilot    7: 1024 op, 57496.00 ns, 56.1484 ns/op
WorkloadPilot    8: 2048 op, 27572.00 ns, 13.4629 ns/op
WorkloadPilot    9: 4096 op, 53110.00 ns, 12.9663 ns/op
WorkloadPilot   10: 8192 op, 104858.00 ns, 12.8000 ns/op
WorkloadPilot   11: 16384 op, 186701.00 ns, 11.3953 ns/op
WorkloadPilot   12: 32768 op, 360734.00 ns, 11.0087 ns/op
WorkloadPilot   13: 65536 op, 591311.00 ns, 9.0227 ns/op
WorkloadPilot   14: 131072 op, 1139788.00 ns, 8.6959 ns/op
WorkloadPilot   15: 262144 op, 2268428.00 ns, 8.6534 ns/op
WorkloadPilot   16: 524288 op, 4591971.00 ns, 8.7585 ns/op
WorkloadPilot   17: 1048576 op, 9497655.00 ns, 9.0577 ns/op
WorkloadPilot   18: 2097152 op, 18675688.00 ns, 8.9053 ns/op
WorkloadPilot   19: 4194304 op, 37069011.00 ns, 8.8379 ns/op
WorkloadPilot   20: 8388608 op, 71755610.00 ns, 8.5539 ns/op
WorkloadPilot   21: 16777216 op, 144193218.00 ns, 8.5946 ns/op
WorkloadPilot   22: 33554432 op, 295272245.00 ns, 8.7998 ns/op
WorkloadPilot   23: 67108864 op, 606322939.00 ns, 9.0349 ns/op

OverheadWarmup   1: 67108864 op, 77447198.00 ns, 1.1541 ns/op
OverheadWarmup   2: 67108864 op, 78185511.00 ns, 1.1651 ns/op
OverheadWarmup   3: 67108864 op, 76444287.00 ns, 1.1391 ns/op
OverheadWarmup   4: 67108864 op, 77375170.00 ns, 1.1530 ns/op
OverheadWarmup   5: 67108864 op, 84059314.00 ns, 1.2526 ns/op
OverheadWarmup   6: 67108864 op, 78780919.00 ns, 1.1739 ns/op

OverheadActual   1: 67108864 op, 77571877.00 ns, 1.1559 ns/op
OverheadActual   2: 67108864 op, 75372571.00 ns, 1.1231 ns/op
OverheadActual   3: 67108864 op, 79881287.00 ns, 1.1903 ns/op
OverheadActual   4: 67108864 op, 79211248.00 ns, 1.1803 ns/op
OverheadActual   5: 67108864 op, 81495680.00 ns, 1.2144 ns/op
OverheadActual   6: 67108864 op, 75893917.00 ns, 1.1309 ns/op
OverheadActual   7: 67108864 op, 75603700.00 ns, 1.1266 ns/op
OverheadActual   8: 67108864 op, 76156352.00 ns, 1.1348 ns/op
OverheadActual   9: 67108864 op, 78276809.00 ns, 1.1664 ns/op
OverheadActual  10: 67108864 op, 80236172.00 ns, 1.1956 ns/op
OverheadActual  11: 67108864 op, 77566068.00 ns, 1.1558 ns/op
OverheadActual  12: 67108864 op, 76636146.00 ns, 1.1420 ns/op
OverheadActual  13: 67108864 op, 76489074.00 ns, 1.1398 ns/op
OverheadActual  14: 67108864 op, 78093222.00 ns, 1.1637 ns/op
OverheadActual  15: 67108864 op, 75747066.00 ns, 1.1287 ns/op

WorkloadWarmup   1: 67108864 op, 584592898.00 ns, 8.7111 ns/op
WorkloadWarmup   2: 67108864 op, 579985464.00 ns, 8.6425 ns/op
WorkloadWarmup   3: 67108864 op, 578332352.00 ns, 8.6178 ns/op

// BeforeActualRun
WorkloadActual   1: 67108864 op, 581170380.00 ns, 8.6601 ns/op
WorkloadActual   2: 67108864 op, 579057686.00 ns, 8.6286 ns/op
WorkloadActual   3: 67108864 op, 576946754.00 ns, 8.5972 ns/op

// AfterActualRun
WorkloadResult   1: 67108864 op, 503604312.00 ns, 7.5043 ns/op
WorkloadResult   2: 67108864 op, 501491618.00 ns, 7.4728 ns/op
WorkloadResult   3: 67108864 op, 499380686.00 ns, 7.4414 ns/op
// GC:  0 0 0 0 67108864
// Threading:  0 0 67108864

// AfterAll
// Benchmark Process 2890 has exited with code 0.

Mean = 7.473 ns, StdErr = 0.018 ns (0.24%), N = 3, StdDev = 0.031 ns
Min = 7.441 ns, Q1 = 7.457 ns, Median = 7.473 ns, Q3 = 7.489 ns, Max = 7.504 ns
IQR = 0.031 ns, LowerFence = 7.410 ns, UpperFence = 7.536 ns
ConfidenceInterval = [6.899 ns; 8.047 ns] (CI 99.9%), Margin = 0.574 ns (7.68% of Mean)
Skewness = 0, Kurtosis = 0.67, MValue = 2

// ** Remained 6 (37.5 %) benchmark(s) to run. Estimated finish 2026-09-22 19:19 (0h 1m from now) **
// **************************
// Benchmark: ErrorCodeMappingBenchmarks.MapMultipleValidationErrors: ShortRun(IterationCount=3, LaunchCount=1, WarmupCount=3)
// *** Execute ***
// Launch: 1 / 1
// Execute: dotnet Encina.AzureFunctions.Benchmarks-DefaultJob-1.dll --anonymousPipes 136 137 --benchmarkName Encina.AzureFunctions.Benchmarks.ErrorCodeMappingBenchmarks.MapMultipleValidationErrors --job ShortRun --benchmarkId 10 in /home/runner/work/Encina/Encina/tests/Encina.BenchmarkTests/Encina.AzureFunctions.Benchmarks/bin/Release/net10.0/Encina.AzureFunctions.Benchmarks-DefaultJob-1/bin/Release/net10.0
// Failed to set up high priority (Permission denied). In order to run benchmarks with high priority, make sure you have the right permissions.
// BeforeAnythingElse

// Benchmark Process Environment Information:
// BenchmarkDotNet v0.15.8
// Runtime=.NET 10.0.12 (10.0.12, 10.0.1226.42308), X64 RyuJIT x86-64-v4
// GC=Concurrent Workstation
// HardwareIntrinsics=AVX512 BITALG+VBMI2+VNNI+VPOPCNTDQ,AVX512 IFMA+VBMI,AVX512 F+BW+CD+DQ+VL,AVX2+BMI1+BMI2+F16C+FMA+LZCNT+MOVBE,AVX,SSE3+SSSE3+SSE4.1+SSE4.2+POPCNT,X86Base+SSE+SSE2,AES+PCLMUL,AvxVnni VectorSize=256
// Job: ShortRun(IterationCount=3, LaunchCount=1, WarmupCount=3)

OverheadJitting  1: 1 op, 140201.00 ns, 140.2010 us/op
WorkloadJitting  1: 1 op, 642939.00 ns, 642.9390 us/op

OverheadJitting  2: 16 op, 144988.00 ns, 9.0618 us/op
WorkloadJitting  2: 16 op, 140041.00 ns, 8.7526 us/op

WorkloadPilot    1: 16 op, 1482.00 ns, 92.6250 ns/op
WorkloadPilot    2: 32 op, 1822.00 ns, 56.9375 ns/op
WorkloadPilot    3: 64 op, 2214.00 ns, 34.5938 ns/op
WorkloadPilot    4: 128 op, 3986.00 ns, 31.1406 ns/op
WorkloadPilot    5: 256 op, 7862.00 ns, 30.7109 ns/op
WorkloadPilot    6: 512 op, 15333.00 ns, 29.9473 ns/op
WorkloadPilot    7: 1024 op, 30386.00 ns, 29.6738 ns/op
WorkloadPilot    8: 2048 op, 60481.00 ns, 29.5317 ns/op
WorkloadPilot    9: 4096 op, 120692.00 ns, 29.4658 ns/op
WorkloadPilot   10: 8192 op, 241174.00 ns, 29.4402 ns/op
WorkloadPilot   11: 16384 op, 482818.00 ns, 29.4689 ns/op
WorkloadPilot   12: 32768 op, 979396.00 ns, 29.8888 ns/op
WorkloadPilot   13: 65536 op, 1939072.00 ns, 29.5879 ns/op
WorkloadPilot   14: 131072 op, 4339831.00 ns, 33.1103 ns/op
WorkloadPilot   15: 262144 op, 7952907.00 ns, 30.3379 ns/op
WorkloadPilot   16: 524288 op, 15646923.00 ns, 29.8441 ns/op
WorkloadPilot   17: 1048576 op, 31367718.00 ns, 29.9146 ns/op
WorkloadPilot   18: 2097152 op, 62810157.00 ns, 29.9502 ns/op
WorkloadPilot   19: 4194304 op, 125104437.00 ns, 29.8272 ns/op
WorkloadPilot   20: 8388608 op, 251767313.00 ns, 30.0130 ns/op
WorkloadPilot   21: 16777216 op, 501864379.00 ns, 29.9134 ns/op

OverheadWarmup   1: 16777216 op, 20617245.00 ns, 1.2289 ns/op
OverheadWarmup   2: 16777216 op, 20554680.00 ns, 1.2252 ns/op
OverheadWarmup   3: 16777216 op, 19210224.00 ns, 1.1450 ns/op
OverheadWarmup   4: 16777216 op, 19180329.00 ns, 1.1432 ns/op
OverheadWarmup   5: 16777216 op, 18910673.00 ns, 1.1272 ns/op
OverheadWarmup   6: 16777216 op, 19388663.00 ns, 1.1557 ns/op
OverheadWarmup   7: 16777216 op, 18908349.00 ns, 1.1270 ns/op
OverheadWarmup   8: 16777216 op, 18895760.00 ns, 1.1263 ns/op
OverheadWarmup   9: 16777216 op, 19626812.00 ns, 1.1698 ns/op
OverheadWarmup  10: 16777216 op, 19312208.00 ns, 1.1511 ns/op

OverheadActual   1: 16777216 op, 18911414.00 ns, 1.1272 ns/op
OverheadActual   2: 16777216 op, 19794785.00 ns, 1.1799 ns/op
OverheadActual   3: 16777216 op, 21631113.00 ns, 1.2893 ns/op
OverheadActual   4: 16777216 op, 20146706.00 ns, 1.2008 ns/op
OverheadActual   5: 16777216 op, 20702534.00 ns, 1.2340 ns/op
OverheadActual   6: 16777216 op, 18932145.00 ns, 1.1284 ns/op
OverheadActual   7: 16777216 op, 18966156.00 ns, 1.1305 ns/op
OverheadActual   8: 16777216 op, 19339188.00 ns, 1.1527 ns/op
OverheadActual   9: 16777216 op, 19414141.00 ns, 1.1572 ns/op
OverheadActual  10: 16777216 op, 19118206.00 ns, 1.1395 ns/op
OverheadActual  11: 16777216 op, 19006968.00 ns, 1.1329 ns/op
OverheadActual  12: 16777216 op, 19416555.00 ns, 1.1573 ns/op
OverheadActual  13: 16777216 op, 18963132.00 ns, 1.1303 ns/op
OverheadActual  14: 16777216 op, 19330395.00 ns, 1.1522 ns/op
OverheadActual  15: 16777216 op, 19274641.00 ns, 1.1489 ns/op

WorkloadWarmup   1: 16777216 op, 502177962.00 ns, 29.9321 ns/op
WorkloadWarmup   2: 16777216 op, 500660565.00 ns, 29.8417 ns/op
WorkloadWarmup   3: 16777216 op, 501885771.00 ns, 29.9147 ns/op

// BeforeActualRun
WorkloadActual   1: 16777216 op, 499733007.00 ns, 29.7864 ns/op
WorkloadActual   2: 16777216 op, 505084753.00 ns, 30.1054 ns/op
WorkloadActual   3: 16777216 op, 505052880.00 ns, 30.1035 ns/op

// AfterActualRun
WorkloadResult   1: 16777216 op, 480402612.00 ns, 28.6342 ns/op
WorkloadResult   2: 16777216 op, 485754358.00 ns, 28.9532 ns/op
WorkloadResult   3: 16777216 op, 485722485.00 ns, 28.9513 ns/op
// GC:  0 0 0 0 16777216
// Threading:  0 0 16777216

// AfterAll
// Benchmark Process 2899 has exited with code 0.

Mean = 28.846 ns, StdErr = 0.106 ns (0.37%), N = 3, StdDev = 0.184 ns
Min = 28.634 ns, Q1 = 28.793 ns, Median = 28.951 ns, Q3 = 28.952 ns, Max = 28.953 ns
IQR = 0.159 ns, LowerFence = 28.554 ns, UpperFence = 29.192 ns
ConfidenceInterval = [25.496 ns; 32.196 ns] (CI 99.9%), Margin = 3.350 ns (11.61% of Mean)
Skewness = -0.38, Kurtosis = 0.67, MValue = 2

// ** Remained 5 (31.2 %) benchmark(s) to run. Estimated finish 2026-09-22 19:19 (0h 1m from now) **
// **************************
// Benchmark: ErrorCodeMappingBenchmarks.MapMixedErrors: ShortRun(IterationCount=3, LaunchCount=1, WarmupCount=3)
// *** Execute ***
// Launch: 1 / 1
// Execute: dotnet Encina.AzureFunctions.Benchmarks-DefaultJob-1.dll --anonymousPipes 136 137 --benchmarkName Encina.AzureFunctions.Benchmarks.ErrorCodeMappingBenchmarks.MapMixedErrors --job ShortRun --benchmarkId 11 in /home/runner/work/Encina/Encina/tests/Encina.BenchmarkTests/Encina.AzureFunctions.Benchmarks/bin/Release/net10.0/Encina.AzureFunctions.Benchmarks-DefaultJob-1/bin/Release/net10.0
// Failed to set up high priority (Permission denied). In order to run benchmarks with high priority, make sure you have the right permissions.
// BeforeAnythingElse

// Benchmark Process Environment Information:
// BenchmarkDotNet v0.15.8
// Runtime=.NET 10.0.12 (10.0.12, 10.0.1226.42308), X64 RyuJIT x86-64-v4
// GC=Concurrent Workstation
// HardwareIntrinsics=AVX512 BITALG+VBMI2+VNNI+VPOPCNTDQ,AVX512 IFMA+VBMI,AVX512 F+BW+CD+DQ+VL,AVX2+BMI1+BMI2+F16C+FMA+LZCNT+MOVBE,AVX,SSE3+SSSE3+SSE4.1+SSE4.2+POPCNT,X86Base+SSE+SSE2,AES+PCLMUL,AvxVnni VectorSize=256
// Job: ShortRun(IterationCount=3, LaunchCount=1, WarmupCount=3)

OverheadJitting  1: 1 op, 127792.00 ns, 127.7920 us/op
WorkloadJitting  1: 1 op, 611872.00 ns, 611.8720 us/op

OverheadJitting  2: 16 op, 143737.00 ns, 8.9836 us/op
WorkloadJitting  2: 16 op, 159401.00 ns, 9.9626 us/op

WorkloadPilot    1: 16 op, 1763.00 ns, 110.1875 ns/op
WorkloadPilot    2: 32 op, 2113.00 ns, 66.0313 ns/op
WorkloadPilot    3: 64 op, 2754.00 ns, 43.0313 ns/op
WorkloadPilot    4: 128 op, 4858.00 ns, 37.9531 ns/op
WorkloadPilot    5: 256 op, 9584.00 ns, 37.4375 ns/op
WorkloadPilot    6: 512 op, 18618.00 ns, 36.3633 ns/op
WorkloadPilot    7: 1024 op, 37076.00 ns, 36.2070 ns/op
WorkloadPilot    8: 2048 op, 73992.00 ns, 36.1289 ns/op
WorkloadPilot    9: 4096 op, 147482.00 ns, 36.0063 ns/op
WorkloadPilot   10: 8192 op, 295346.00 ns, 36.0530 ns/op
WorkloadPilot   11: 16384 op, 590019.00 ns, 36.0119 ns/op
WorkloadPilot   12: 32768 op, 1197866.00 ns, 36.5560 ns/op
WorkloadPilot   13: 65536 op, 2377334.00 ns, 36.2752 ns/op
WorkloadPilot   14: 131072 op, 4946536.00 ns, 37.7391 ns/op
WorkloadPilot   15: 262144 op, 9709344.00 ns, 37.0382 ns/op
WorkloadPilot   16: 524288 op, 19468183.00 ns, 37.1326 ns/op
WorkloadPilot   17: 1048576 op, 38972030.00 ns, 37.1666 ns/op
WorkloadPilot   18: 2097152 op, 80675347.00 ns, 38.4690 ns/op
WorkloadPilot   19: 4194304 op, 162886598.00 ns, 38.8352 ns/op
WorkloadPilot   20: 8388608 op, 323454498.00 ns, 38.5588 ns/op
WorkloadPilot   21: 16777216 op, 619961009.00 ns, 36.9526 ns/op

OverheadWarmup   1: 16777216 op, 19350826.00 ns, 1.1534 ns/op
OverheadWarmup   2: 16777216 op, 19082542.00 ns, 1.1374 ns/op
OverheadWarmup   3: 16777216 op, 19070714.00 ns, 1.1367 ns/op
OverheadWarmup   4: 16777216 op, 19053788.00 ns, 1.1357 ns/op
OverheadWarmup   5: 16777216 op, 18913948.00 ns, 1.1274 ns/op
OverheadWarmup   6: 16777216 op, 19332619.00 ns, 1.1523 ns/op
OverheadWarmup   7: 16777216 op, 19271837.00 ns, 1.1487 ns/op
OverheadWarmup   8: 16777216 op, 19307722.00 ns, 1.1508 ns/op
OverheadWarmup   9: 16777216 op, 18923613.00 ns, 1.1279 ns/op

OverheadActual   1: 16777216 op, 19176404.00 ns, 1.1430 ns/op
OverheadActual   2: 16777216 op, 21643091.00 ns, 1.2900 ns/op
OverheadActual   3: 16777216 op, 21926048.00 ns, 1.3069 ns/op
OverheadActual   4: 16777216 op, 20472287.00 ns, 1.2202 ns/op
OverheadActual   5: 16777216 op, 19603787.00 ns, 1.1685 ns/op
OverheadActual   6: 16777216 op, 19683518.00 ns, 1.1732 ns/op
OverheadActual   7: 16777216 op, 19325959.00 ns, 1.1519 ns/op
OverheadActual   8: 16777216 op, 19018365.00 ns, 1.1336 ns/op
OverheadActual   9: 16777216 op, 18913036.00 ns, 1.1273 ns/op
OverheadActual  10: 16777216 op, 19290355.00 ns, 1.1498 ns/op
OverheadActual  11: 16777216 op, 19436124.00 ns, 1.1585 ns/op
OverheadActual  12: 16777216 op, 19330666.00 ns, 1.1522 ns/op
OverheadActual  13: 16777216 op, 19075961.00 ns, 1.1370 ns/op
OverheadActual  14: 16777216 op, 19175542.00 ns, 1.1430 ns/op
OverheadActual  15: 16777216 op, 19448914.00 ns, 1.1592 ns/op

WorkloadWarmup   1: 16777216 op, 618455810.00 ns, 36.8628 ns/op
WorkloadWarmup   2: 16777216 op, 644110949.00 ns, 38.3920 ns/op
WorkloadWarmup   3: 16777216 op, 619229776.00 ns, 36.9090 ns/op

// BeforeActualRun
WorkloadActual   1: 16777216 op, 621278144.00 ns, 37.0311 ns/op
WorkloadActual   2: 16777216 op, 620659571.00 ns, 36.9942 ns/op
WorkloadActual   3: 16777216 op, 624374881.00 ns, 37.2156 ns/op

// AfterActualRun
WorkloadResult   1: 16777216 op, 601947478.00 ns, 35.8789 ns/op
WorkloadResult   2: 16777216 op, 601328905.00 ns, 35.8420 ns/op
WorkloadResult   3: 16777216 op, 605044215.00 ns, 36.0634 ns/op
// GC:  0 0 0 0 16777216
// Threading:  0 0 16777216

// AfterAll
// Benchmark Process 2906 has exited with code 0.

Mean = 35.928 ns, StdErr = 0.069 ns (0.19%), N = 3, StdDev = 0.119 ns
Min = 35.842 ns, Q1 = 35.860 ns, Median = 35.879 ns, Q3 = 35.971 ns, Max = 36.063 ns
IQR = 0.111 ns, LowerFence = 35.694 ns, UpperFence = 36.137 ns
ConfidenceInterval = [33.763 ns; 38.093 ns] (CI 99.9%), Margin = 2.165 ns (6.02% of Mean)
Skewness = 0.34, Kurtosis = 0.67, MValue = 2

// ** Remained 4 (25.0 %) benchmark(s) to run. Estimated finish 2026-09-22 19:19 (0h 0m from now) **
// **************************
// Benchmark: ErrorCodeMappingBenchmarks.MapValidationError: DefaultJob
// *** Execute ***
// Launch: 1 / 1
// Execute: dotnet Encina.AzureFunctions.Benchmarks-DefaultJob-1.dll --anonymousPipes 136 137 --benchmarkName Encina.AzureFunctions.Benchmarks.ErrorCodeMappingBenchmarks.MapValidationError --job Default --benchmarkId 12 in /home/runner/work/Encina/Encina/tests/Encina.BenchmarkTests/Encina.AzureFunctions.Benchmarks/bin/Release/net10.0/Encina.AzureFunctions.Benchmarks-DefaultJob-1/bin/Release/net10.0
// Failed to set up high priority (Permission denied). In order to run benchmarks with high priority, make sure you have the right permissions.
// BeforeAnythingElse

// Benchmark Process Environment Information:
// BenchmarkDotNet v0.15.8
// Runtime=.NET 10.0.12 (10.0.12, 10.0.1226.42308), X64 RyuJIT x86-64-v4
// GC=Concurrent Workstation
// HardwareIntrinsics=AVX512 BITALG+VBMI2+VNNI+VPOPCNTDQ,AVX512 IFMA+VBMI,AVX512 F+BW+CD+DQ+VL,AVX2+BMI1+BMI2+F16C+FMA+LZCNT+MOVBE,AVX,SSE3+SSSE3+SSE4.1+SSE4.2+POPCNT,X86Base+SSE+SSE2,AES+PCLMUL,AvxVnni VectorSize=256
// Job: DefaultJob

OverheadJitting  1: 1 op, 137116.00 ns, 137.1160 us/op
WorkloadJitting  1: 1 op, 639604.00 ns, 639.6040 us/op

OverheadJitting  2: 16 op, 145169.00 ns, 9.0731 us/op
WorkloadJitting  2: 16 op, 145009.00 ns, 9.0631 us/op

WorkloadPilot    1: 16 op, 862.00 ns, 53.8750 ns/op
WorkloadPilot    2: 32 op, 751.00 ns, 23.4688 ns/op
WorkloadPilot    3: 64 op, 751.00 ns, 11.7344 ns/op
WorkloadPilot    4: 128 op, 1111.00 ns, 8.6797 ns/op
WorkloadPilot    5: 256 op, 1873.00 ns, 7.3164 ns/op
WorkloadPilot    6: 512 op, 3565.00 ns, 6.9629 ns/op
WorkloadPilot    7: 1024 op, 6971.00 ns, 6.8076 ns/op
WorkloadPilot    8: 2048 op, 13720.00 ns, 6.6992 ns/op
WorkloadPilot    9: 4096 op, 27361.00 ns, 6.6799 ns/op
WorkloadPilot   10: 8192 op, 54062.00 ns, 6.5994 ns/op
WorkloadPilot   11: 16384 op, 108013.00 ns, 6.5926 ns/op
WorkloadPilot   12: 32768 op, 216336.00 ns, 6.6021 ns/op
WorkloadPilot   13: 65536 op, 536469.00 ns, 8.1859 ns/op
WorkloadPilot   14: 131072 op, 1024785.00 ns, 7.8185 ns/op
WorkloadPilot   15: 262144 op, 1728556.00 ns, 6.5939 ns/op
WorkloadPilot   16: 524288 op, 3661779.00 ns, 6.9843 ns/op
WorkloadPilot   17: 1048576 op, 7589158.00 ns, 7.2376 ns/op
WorkloadPilot   18: 2097152 op, 14726426.00 ns, 7.0221 ns/op
WorkloadPilot   19: 4194304 op, 28091720.00 ns, 6.6976 ns/op
WorkloadPilot   20: 8388608 op, 55032325.00 ns, 6.5604 ns/op
WorkloadPilot   21: 16777216 op, 110628009.00 ns, 6.5939 ns/op
WorkloadPilot   22: 33554432 op, 220838990.00 ns, 6.5815 ns/op
WorkloadPilot   23: 67108864 op, 439319725.00 ns, 6.5464 ns/op
WorkloadPilot   24: 134217728 op, 896996648.00 ns, 6.6831 ns/op

OverheadWarmup   1: 134217728 op, 153341798.00 ns, 1.1425 ns/op
OverheadWarmup   2: 134217728 op, 153408759.00 ns, 1.1430 ns/op
OverheadWarmup   3: 134217728 op, 153748150.00 ns, 1.1455 ns/op
OverheadWarmup   4: 134217728 op, 151638681.00 ns, 1.1298 ns/op
OverheadWarmup   5: 134217728 op, 151033718.00 ns, 1.1253 ns/op
OverheadWarmup   6: 134217728 op, 150636129.00 ns, 1.1223 ns/op
OverheadWarmup   7: 134217728 op, 151139057.00 ns, 1.1261 ns/op
OverheadWarmup   8: 134217728 op, 151296765.00 ns, 1.1272 ns/op
OverheadWarmup   9: 134217728 op, 151907376.00 ns, 1.1318 ns/op
OverheadWarmup  10: 134217728 op, 154326221.00 ns, 1.1498 ns/op

OverheadActual   1: 134217728 op, 154126590.00 ns, 1.1483 ns/op
OverheadActual   2: 134217728 op, 153257902.00 ns, 1.1419 ns/op
OverheadActual   3: 134217728 op, 152144744.00 ns, 1.1336 ns/op
OverheadActual   4: 134217728 op, 151774356.00 ns, 1.1308 ns/op
OverheadActual   5: 134217728 op, 151839643.00 ns, 1.1313 ns/op
OverheadActual   6: 134217728 op, 152497585.00 ns, 1.1362 ns/op
OverheadActual   7: 134217728 op, 150611653.00 ns, 1.1221 ns/op
OverheadActual   8: 134217728 op, 150863883.00 ns, 1.1240 ns/op
OverheadActual   9: 134217728 op, 151548345.00 ns, 1.1291 ns/op
OverheadActual  10: 134217728 op, 150953989.00 ns, 1.1247 ns/op
OverheadActual  11: 134217728 op, 151051155.00 ns, 1.1254 ns/op
OverheadActual  12: 134217728 op, 150739692.00 ns, 1.1231 ns/op
OverheadActual  13: 134217728 op, 151312938.00 ns, 1.1274 ns/op
OverheadActual  14: 134217728 op, 151226167.00 ns, 1.1267 ns/op
OverheadActual  15: 134217728 op, 150717921.00 ns, 1.1229 ns/op

WorkloadWarmup   1: 134217728 op, 893420555.00 ns, 6.6565 ns/op
WorkloadWarmup   2: 134217728 op, 888523454.00 ns, 6.6200 ns/op
WorkloadWarmup   3: 134217728 op, 878994162.00 ns, 6.5490 ns/op
WorkloadWarmup   4: 134217728 op, 922151500.00 ns, 6.8706 ns/op
WorkloadWarmup   5: 134217728 op, 903305134.00 ns, 6.7301 ns/op
WorkloadWarmup   6: 134217728 op, 878206634.00 ns, 6.5431 ns/op
WorkloadWarmup   7: 134217728 op, 877392026.00 ns, 6.5371 ns/op
WorkloadWarmup   8: 134217728 op, 887361463.00 ns, 6.6114 ns/op
WorkloadWarmup   9: 134217728 op, 887925960.00 ns, 6.6156 ns/op
WorkloadWarmup  10: 134217728 op, 905718041.00 ns, 6.7481 ns/op
WorkloadWarmup  11: 134217728 op, 888572099.00 ns, 6.6204 ns/op

// BeforeActualRun
WorkloadActual   1: 134217728 op, 881275316.00 ns, 6.5660 ns/op
WorkloadActual   2: 134217728 op, 879381567.00 ns, 6.5519 ns/op
WorkloadActual   3: 134217728 op, 877585840.00 ns, 6.5385 ns/op
WorkloadActual   4: 134217728 op, 884215943.00 ns, 6.5879 ns/op
WorkloadActual   5: 134217728 op, 877451088.00 ns, 6.5375 ns/op
WorkloadActual   6: 134217728 op, 881267630.00 ns, 6.5660 ns/op
WorkloadActual   7: 134217728 op, 877084877.00 ns, 6.5348 ns/op
WorkloadActual   8: 134217728 op, 877466573.00 ns, 6.5376 ns/op
WorkloadActual   9: 134217728 op, 879284103.00 ns, 6.5512 ns/op
WorkloadActual  10: 134217728 op, 888110045.00 ns, 6.6169 ns/op
WorkloadActual  11: 134217728 op, 877874067.00 ns, 6.5407 ns/op
WorkloadActual  12: 134217728 op, 878595295.00 ns, 6.5460 ns/op
WorkloadActual  13: 134217728 op, 896734565.00 ns, 6.6812 ns/op
WorkloadActual  14: 134217728 op, 882233318.00 ns, 6.5732 ns/op
WorkloadActual  15: 134217728 op, 881489357.00 ns, 6.5676 ns/op

// AfterActualRun
WorkloadResult   1: 134217728 op, 729962378.00 ns, 5.4386 ns/op
WorkloadResult   2: 134217728 op, 728068629.00 ns, 5.4245 ns/op
WorkloadResult   3: 134217728 op, 726272902.00 ns, 5.4112 ns/op
WorkloadResult   4: 134217728 op, 732903005.00 ns, 5.4606 ns/op
WorkloadResult   5: 134217728 op, 726138150.00 ns, 5.4102 ns/op
WorkloadResult   6: 134217728 op, 729954692.00 ns, 5.4386 ns/op
WorkloadResult   7: 134217728 op, 725771939.00 ns, 5.4074 ns/op
WorkloadResult   8: 134217728 op, 726153635.00 ns, 5.4103 ns/op
WorkloadResult   9: 134217728 op, 727971165.00 ns, 5.4238 ns/op
WorkloadResult  10: 134217728 op, 726561129.00 ns, 5.4133 ns/op
WorkloadResult  11: 134217728 op, 727282357.00 ns, 5.4187 ns/op
WorkloadResult  12: 134217728 op, 730920380.00 ns, 5.4458 ns/op
WorkloadResult  13: 134217728 op, 730176419.00 ns, 5.4402 ns/op
// GC:  0 0 0 0 134217728
// Threading:  0 0 134217728

// AfterAll
// Benchmark Process 2912 has exited with code 0.

Mean = 5.426 ns, StdErr = 0.005 ns (0.09%), N = 13, StdDev = 0.017 ns
Min = 5.407 ns, Q1 = 5.411 ns, Median = 5.424 ns, Q3 = 5.439 ns, Max = 5.461 ns
IQR = 0.027 ns, LowerFence = 5.370 ns, UpperFence = 5.480 ns
ConfidenceInterval = [5.406 ns; 5.447 ns] (CI 99.9%), Margin = 0.020 ns (0.37% of Mean)
Skewness = 0.52, Kurtosis = 1.87, MValue = 2

// ** Remained 3 (18.8 %) benchmark(s) to run. Estimated finish 2026-09-22 19:19 (0h 0m from now) **
// **************************
// Benchmark: ErrorCodeMappingBenchmarks.MapValidationError: ShortRun(IterationCount=3, LaunchCount=1, WarmupCount=3)
// *** Execute ***
// Launch: 1 / 1
// Execute: dotnet Encina.AzureFunctions.Benchmarks-DefaultJob-1.dll --anonymousPipes 136 137 --benchmarkName Encina.AzureFunctions.Benchmarks.ErrorCodeMappingBenchmarks.MapValidationError --job ShortRun --benchmarkId 13 in /home/runner/work/Encina/Encina/tests/Encina.BenchmarkTests/Encina.AzureFunctions.Benchmarks/bin/Release/net10.0/Encina.AzureFunctions.Benchmarks-DefaultJob-1/bin/Release/net10.0
// Failed to set up high priority (Permission denied). In order to run benchmarks with high priority, make sure you have the right permissions.
// BeforeAnythingElse

// Benchmark Process Environment Information:
// BenchmarkDotNet v0.15.8
// Runtime=.NET 10.0.12 (10.0.12, 10.0.1226.42308), X64 RyuJIT x86-64-v4
// GC=Concurrent Workstation
// HardwareIntrinsics=AVX512 BITALG+VBMI2+VNNI+VPOPCNTDQ,AVX512 IFMA+VBMI,AVX512 F+BW+CD+DQ+VL,AVX2+BMI1+BMI2+F16C+FMA+LZCNT+MOVBE,AVX,SSE3+SSSE3+SSE4.1+SSE4.2+POPCNT,X86Base+SSE+SSE2,AES+PCLMUL,AvxVnni VectorSize=256
// Job: ShortRun(IterationCount=3, LaunchCount=1, WarmupCount=3)

OverheadJitting  1: 1 op, 137948.00 ns, 137.9480 us/op
WorkloadJitting  1: 1 op, 611441.00 ns, 611.4410 us/op

OverheadJitting  2: 16 op, 142425.00 ns, 8.9016 us/op
WorkloadJitting  2: 16 op, 150717.00 ns, 9.4198 us/op

WorkloadPilot    1: 16 op, 2304.00 ns, 144.0000 ns/op
WorkloadPilot    2: 32 op, 2343.00 ns, 73.2188 ns/op
WorkloadPilot    3: 64 op, 741.00 ns, 11.5781 ns/op
WorkloadPilot    4: 128 op, 3055.00 ns, 23.8672 ns/op
WorkloadPilot    5: 256 op, 1803.00 ns, 7.0430 ns/op
WorkloadPilot    6: 512 op, 7441.00 ns, 14.5332 ns/op
WorkloadPilot    7: 1024 op, 12949.00 ns, 12.6455 ns/op
WorkloadPilot    8: 2048 op, 13520.00 ns, 6.6016 ns/op
WorkloadPilot    9: 4096 op, 33200.00 ns, 8.1055 ns/op
WorkloadPilot   10: 8192 op, 53401.00 ns, 6.5187 ns/op
WorkloadPilot   11: 16384 op, 111778.00 ns, 6.8224 ns/op
WorkloadPilot   12: 32768 op, 211569.00 ns, 6.4566 ns/op
WorkloadPilot   13: 65536 op, 424740.00 ns, 6.4810 ns/op
WorkloadPilot   14: 131072 op, 861178.00 ns, 6.5703 ns/op
WorkloadPilot   15: 262144 op, 1693843.00 ns, 6.4615 ns/op
WorkloadPilot   16: 524288 op, 3400565.00 ns, 6.4861 ns/op
WorkloadPilot   17: 1048576 op, 6759157.00 ns, 6.4460 ns/op
WorkloadPilot   18: 2097152 op, 14036356.00 ns, 6.6931 ns/op
WorkloadPilot   19: 4194304 op, 27005093.00 ns, 6.4385 ns/op
WorkloadPilot   20: 8388608 op, 54925035.00 ns, 6.5476 ns/op
WorkloadPilot   21: 16777216 op, 109298438.00 ns, 6.5147 ns/op
WorkloadPilot   22: 33554432 op, 220325849.00 ns, 6.5662 ns/op
WorkloadPilot   23: 67108864 op, 466452699.00 ns, 6.9507 ns/op
WorkloadPilot   24: 134217728 op, 933645475.00 ns, 6.9562 ns/op

OverheadWarmup   1: 134217728 op, 151778737.00 ns, 1.1308 ns/op
OverheadWarmup   2: 134217728 op, 154709675.00 ns, 1.1527 ns/op
OverheadWarmup   3: 134217728 op, 171579041.00 ns, 1.2784 ns/op
OverheadWarmup   4: 134217728 op, 151874941.00 ns, 1.1316 ns/op
OverheadWarmup   5: 134217728 op, 153566110.00 ns, 1.1442 ns/op
OverheadWarmup   6: 134217728 op, 152115795.00 ns, 1.1334 ns/op

OverheadActual   1: 134217728 op, 150460440.00 ns, 1.1210 ns/op
OverheadActual   2: 134217728 op, 151637394.00 ns, 1.1298 ns/op
OverheadActual   3: 134217728 op, 151121646.00 ns, 1.1259 ns/op
OverheadActual   4: 134217728 op, 151932788.00 ns, 1.1320 ns/op
OverheadActual   5: 134217728 op, 150515292.00 ns, 1.1214 ns/op
OverheadActual   6: 134217728 op, 151196549.00 ns, 1.1265 ns/op
OverheadActual   7: 134217728 op, 150392297.00 ns, 1.1205 ns/op
OverheadActual   8: 134217728 op, 153674914.00 ns, 1.1450 ns/op
OverheadActual   9: 134217728 op, 160433421.00 ns, 1.1953 ns/op
OverheadActual  10: 134217728 op, 159997344.00 ns, 1.1921 ns/op
OverheadActual  11: 134217728 op, 157786601.00 ns, 1.1756 ns/op
OverheadActual  12: 134217728 op, 149858252.00 ns, 1.1165 ns/op
OverheadActual  13: 134217728 op, 150608493.00 ns, 1.1221 ns/op
OverheadActual  14: 134217728 op, 156354514.00 ns, 1.1649 ns/op
OverheadActual  15: 134217728 op, 150864659.00 ns, 1.1240 ns/op

WorkloadWarmup   1: 134217728 op, 883562409.00 ns, 6.5831 ns/op
WorkloadWarmup   2: 134217728 op, 886697964.00 ns, 6.6064 ns/op
WorkloadWarmup   3: 134217728 op, 893694886.00 ns, 6.6585 ns/op

// BeforeActualRun
WorkloadActual   1: 134217728 op, 869786016.00 ns, 6.4804 ns/op
WorkloadActual   2: 134217728 op, 876843042.00 ns, 6.5330 ns/op
WorkloadActual   3: 134217728 op, 869453996.00 ns, 6.4779 ns/op

// AfterActualRun
WorkloadResult   1: 134217728 op, 718589467.00 ns, 5.3539 ns/op
WorkloadResult   2: 134217728 op, 725646493.00 ns, 5.4065 ns/op
WorkloadResult   3: 134217728 op, 718257447.00 ns, 5.3514 ns/op
// GC:  0 0 0 0 134217728
// Threading:  0 0 134217728

// AfterAll
// Benchmark Process 2925 has exited with code 0.

Mean = 5.371 ns, StdErr = 0.018 ns (0.33%), N = 3, StdDev = 0.031 ns
Min = 5.351 ns, Q1 = 5.353 ns, Median = 5.354 ns, Q3 = 5.380 ns, Max = 5.406 ns
IQR = 0.028 ns, LowerFence = 5.311 ns, UpperFence = 5.421 ns
ConfidenceInterval = [4.803 ns; 5.938 ns] (CI 99.9%), Margin = 0.567 ns (10.56% of Mean)
Skewness = 0.38, Kurtosis = 0.67, MValue = 2

// ** Remained 2 (12.5 %) benchmark(s) to run. Estimated finish 2026-09-22 19:19 (0h 0m from now) **
// **************************
// Benchmark: ErrorCodeMappingBenchmarks.MapNotFoundError: DefaultJob
// *** Execute ***
// Launch: 1 / 1
// Execute: dotnet Encina.AzureFunctions.Benchmarks-DefaultJob-1.dll --anonymousPipes 136 137 --benchmarkName Encina.AzureFunctions.Benchmarks.ErrorCodeMappingBenchmarks.MapNotFoundError --job Default --benchmarkId 14 in /home/runner/work/Encina/Encina/tests/Encina.BenchmarkTests/Encina.AzureFunctions.Benchmarks/bin/Release/net10.0/Encina.AzureFunctions.Benchmarks-DefaultJob-1/bin/Release/net10.0
// Failed to set up high priority (Permission denied). In order to run benchmarks with high priority, make sure you have the right permissions.
// BeforeAnythingElse

// Benchmark Process Environment Information:
// BenchmarkDotNet v0.15.8
// Runtime=.NET 10.0.12 (10.0.12, 10.0.1226.42308), X64 RyuJIT x86-64-v4
// GC=Concurrent Workstation
// HardwareIntrinsics=AVX512 BITALG+VBMI2+VNNI+VPOPCNTDQ,AVX512 IFMA+VBMI,AVX512 F+BW+CD+DQ+VL,AVX2+BMI1+BMI2+F16C+FMA+LZCNT+MOVBE,AVX,SSE3+SSSE3+SSE4.1+SSE4.2+POPCNT,X86Base+SSE+SSE2,AES+PCLMUL,AvxVnni VectorSize=256
// Job: DefaultJob

OverheadJitting  1: 1 op, 149395.00 ns, 149.3950 us/op
WorkloadJitting  1: 1 op, 654256.00 ns, 654.2560 us/op

OverheadJitting  2: 16 op, 148504.00 ns, 9.2815 us/op
WorkloadJitting  2: 16 op, 145750.00 ns, 9.1094 us/op

WorkloadPilot    1: 16 op, 2554.00 ns, 159.6250 ns/op
WorkloadPilot    2: 32 op, 2453.00 ns, 76.6563 ns/op
WorkloadPilot    3: 64 op, 650.00 ns, 10.1563 ns/op
WorkloadPilot    4: 128 op, 3175.00 ns, 24.8047 ns/op
WorkloadPilot    5: 256 op, 2023.00 ns, 7.9023 ns/op
WorkloadPilot    6: 512 op, 7952.00 ns, 15.5313 ns/op
WorkloadPilot    7: 1024 op, 13861.00 ns, 13.5361 ns/op
WorkloadPilot    8: 2048 op, 14262.00 ns, 6.9639 ns/op
WorkloadPilot    9: 4096 op, 34853.00 ns, 8.5090 ns/op
WorkloadPilot   10: 8192 op, 56055.00 ns, 6.8427 ns/op
WorkloadPilot   11: 16384 op, 118338.00 ns, 7.2228 ns/op
WorkloadPilot   12: 32768 op, 222405.00 ns, 6.7873 ns/op
WorkloadPilot   13: 65536 op, 451831.00 ns, 6.8944 ns/op
WorkloadPilot   14: 131072 op, 903051.00 ns, 6.8897 ns/op
WorkloadPilot   15: 262144 op, 1816648.00 ns, 6.9300 ns/op
WorkloadPilot   16: 524288 op, 3653717.00 ns, 6.9689 ns/op
WorkloadPilot   17: 1048576 op, 7278050.00 ns, 6.9409 ns/op
WorkloadPilot   18: 2097152 op, 14524913.00 ns, 6.9260 ns/op
WorkloadPilot   19: 4194304 op, 28857154.00 ns, 6.8801 ns/op
WorkloadPilot   20: 8388608 op, 58026458.00 ns, 6.9173 ns/op
WorkloadPilot   21: 16777216 op, 116229753.00 ns, 6.9278 ns/op
WorkloadPilot   22: 33554432 op, 231784307.00 ns, 6.9077 ns/op
WorkloadPilot   23: 67108864 op, 462310427.00 ns, 6.8890 ns/op
WorkloadPilot   24: 134217728 op, 930853763.00 ns, 6.9354 ns/op

OverheadWarmup   1: 134217728 op, 152254388.00 ns, 1.1344 ns/op
OverheadWarmup   2: 134217728 op, 151796578.00 ns, 1.1310 ns/op
OverheadWarmup   3: 134217728 op, 151195082.00 ns, 1.1265 ns/op
OverheadWarmup   4: 134217728 op, 150035214.00 ns, 1.1178 ns/op
OverheadWarmup   5: 134217728 op, 152113686.00 ns, 1.1333 ns/op
OverheadWarmup   6: 134217728 op, 155688465.00 ns, 1.1600 ns/op
OverheadWarmup   7: 134217728 op, 151134782.00 ns, 1.1260 ns/op
OverheadWarmup   8: 134217728 op, 153642455.00 ns, 1.1447 ns/op
OverheadWarmup   9: 134217728 op, 150306913.00 ns, 1.1199 ns/op

OverheadActual   1: 134217728 op, 174575472.00 ns, 1.3007 ns/op
OverheadActual   2: 134217728 op, 196826418.00 ns, 1.4665 ns/op
OverheadActual   3: 134217728 op, 195185675.00 ns, 1.4542 ns/op
OverheadActual   4: 134217728 op, 174243889.00 ns, 1.2982 ns/op
OverheadActual   5: 134217728 op, 195656783.00 ns, 1.4578 ns/op
OverheadActual   6: 134217728 op, 183232175.00 ns, 1.3652 ns/op
OverheadActual   7: 134217728 op, 180158381.00 ns, 1.3423 ns/op
OverheadActual   8: 134217728 op, 166828274.00 ns, 1.2430 ns/op
OverheadActual   9: 134217728 op, 150540078.00 ns, 1.1216 ns/op
OverheadActual  10: 134217728 op, 150692959.00 ns, 1.1228 ns/op
OverheadActual  11: 134217728 op, 150568492.00 ns, 1.1218 ns/op
OverheadActual  12: 134217728 op, 150807061.00 ns, 1.1236 ns/op
OverheadActual  13: 134217728 op, 150012113.00 ns, 1.1177 ns/op
OverheadActual  14: 134217728 op, 151490961.00 ns, 1.1287 ns/op
OverheadActual  15: 134217728 op, 150028998.00 ns, 1.1178 ns/op
OverheadActual  16: 134217728 op, 150301349.00 ns, 1.1198 ns/op
OverheadActual  17: 134217728 op, 154192804.00 ns, 1.1488 ns/op
OverheadActual  18: 134217728 op, 177471713.00 ns, 1.3223 ns/op
OverheadActual  19: 134217728 op, 179067958.00 ns, 1.3342 ns/op
OverheadActual  20: 134217728 op, 176202389.00 ns, 1.3128 ns/op

WorkloadWarmup   1: 134217728 op, 926337063.00 ns, 6.9017 ns/op
WorkloadWarmup   2: 134217728 op, 929985172.00 ns, 6.9289 ns/op
WorkloadWarmup   3: 134217728 op, 925230706.00 ns, 6.8935 ns/op
WorkloadWarmup   4: 134217728 op, 925234191.00 ns, 6.8935 ns/op
WorkloadWarmup   5: 134217728 op, 952064001.00 ns, 7.0934 ns/op
WorkloadWarmup   6: 134217728 op, 930118923.00 ns, 6.9299 ns/op

// BeforeActualRun
WorkloadActual   1: 134217728 op, 994026374.00 ns, 7.4061 ns/op
WorkloadActual   2: 134217728 op, 925024241.00 ns, 6.8920 ns/op
WorkloadActual   3: 134217728 op, 941246832.00 ns, 7.0128 ns/op
WorkloadActual   4: 134217728 op, 932277834.00 ns, 6.9460 ns/op
WorkloadActual   5: 134217728 op, 935183243.00 ns, 6.9677 ns/op
WorkloadActual   6: 134217728 op, 954979471.00 ns, 7.1152 ns/op
WorkloadActual   7: 134217728 op, 929071771.00 ns, 6.9221 ns/op
WorkloadActual   8: 134217728 op, 934575087.00 ns, 6.9631 ns/op
WorkloadActual   9: 134217728 op, 951499730.00 ns, 7.0892 ns/op
WorkloadActual  10: 134217728 op, 927605234.00 ns, 6.9112 ns/op
WorkloadActual  11: 134217728 op, 927761840.00 ns, 6.9124 ns/op
WorkloadActual  12: 134217728 op, 939609399.00 ns, 7.0006 ns/op
WorkloadActual  13: 134217728 op, 926827131.00 ns, 6.9054 ns/op
WorkloadActual  14: 134217728 op, 929865651.00 ns, 6.9280 ns/op
WorkloadActual  15: 134217728 op, 935190844.00 ns, 6.9677 ns/op

// AfterActualRun
WorkloadResult   1: 134217728 op, 754488159.50 ns, 5.6214 ns/op
WorkloadResult   2: 134217728 op, 770710750.50 ns, 5.7422 ns/op
WorkloadResult   3: 134217728 op, 761741752.50 ns, 5.6754 ns/op
WorkloadResult   4: 134217728 op, 764647161.50 ns, 5.6971 ns/op
WorkloadResult   5: 134217728 op, 784443389.50 ns, 5.8446 ns/op
WorkloadResult   6: 134217728 op, 758535689.50 ns, 5.6515 ns/op
WorkloadResult   7: 134217728 op, 764039005.50 ns, 5.6925 ns/op
WorkloadResult   8: 134217728 op, 780963648.50 ns, 5.8186 ns/op
WorkloadResult   9: 134217728 op, 757069152.50 ns, 5.6406 ns/op
WorkloadResult  10: 134217728 op, 757225758.50 ns, 5.6418 ns/op
WorkloadResult  11: 134217728 op, 769073317.50 ns, 5.7300 ns/op
WorkloadResult  12: 134217728 op, 756291049.50 ns, 5.6348 ns/op
WorkloadResult  13: 134217728 op, 759329569.50 ns, 5.6574 ns/op
WorkloadResult  14: 134217728 op, 764654762.50 ns, 5.6971 ns/op
// GC:  0 0 0 0 134217728
// Threading:  0 0 134217728

// AfterAll
// Benchmark Process 2937 has exited with code 0.

Mean = 5.696 ns, StdErr = 0.018 ns (0.32%), N = 14, StdDev = 0.068 ns
Min = 5.621 ns, Q1 = 5.644 ns, Median = 5.684 ns, Q3 = 5.722 ns, Max = 5.845 ns
IQR = 0.078 ns, LowerFence = 5.528 ns, UpperFence = 5.838 ns
ConfidenceInterval = [5.620 ns; 5.772 ns] (CI 99.9%), Margin = 0.076 ns (1.34% of Mean)
Skewness = 0.95, Kurtosis = 2.67, MValue = 2

// ** Remained 1 (6.2 %) benchmark(s) to run. Estimated finish 2026-09-22 19:19 (0h 0m from now) **
// **************************
// Benchmark: ErrorCodeMappingBenchmarks.MapNotFoundError: ShortRun(IterationCount=3, LaunchCount=1, WarmupCount=3)
// *** Execute ***
// Launch: 1 / 1
// Execute: dotnet Encina.AzureFunctions.Benchmarks-DefaultJob-1.dll --anonymousPipes 136 137 --benchmarkName Encina.AzureFunctions.Benchmarks.ErrorCodeMappingBenchmarks.MapNotFoundError --job ShortRun --benchmarkId 15 in /home/runner/work/Encina/Encina/tests/Encina.BenchmarkTests/Encina.AzureFunctions.Benchmarks/bin/Release/net10.0/Encina.AzureFunctions.Benchmarks-DefaultJob-1/bin/Release/net10.0
// Failed to set up high priority (Permission denied). In order to run benchmarks with high priority, make sure you have the right permissions.
// BeforeAnythingElse

// Benchmark Process Environment Information:
// BenchmarkDotNet v0.15.8
// Runtime=.NET 10.0.12 (10.0.12, 10.0.1226.42308), X64 RyuJIT x86-64-v4
// GC=Concurrent Workstation
// HardwareIntrinsics=AVX512 BITALG+VBMI2+VNNI+VPOPCNTDQ,AVX512 IFMA+VBMI,AVX512 F+BW+CD+DQ+VL,AVX2+BMI1+BMI2+F16C+FMA+LZCNT+MOVBE,AVX,SSE3+SSSE3+SSE4.1+SSE4.2+POPCNT,X86Base+SSE+SSE2,AES+PCLMUL,AvxVnni VectorSize=256
// Job: ShortRun(IterationCount=3, LaunchCount=1, WarmupCount=3)

OverheadJitting  1: 1 op, 147292.00 ns, 147.2920 us/op
WorkloadJitting  1: 1 op, 635968.00 ns, 635.9680 us/op

OverheadJitting  2: 16 op, 143897.00 ns, 8.9936 us/op
WorkloadJitting  2: 16 op, 150127.00 ns, 9.3829 us/op

WorkloadPilot    1: 16 op, 831.00 ns, 51.9375 ns/op
WorkloadPilot    2: 32 op, 761.00 ns, 23.7813 ns/op
WorkloadPilot    3: 64 op, 691.00 ns, 10.7969 ns/op
WorkloadPilot    4: 128 op, 1092.00 ns, 8.5313 ns/op
WorkloadPilot    5: 256 op, 4968.00 ns, 19.4063 ns/op
WorkloadPilot    6: 512 op, 3655.00 ns, 7.1387 ns/op
WorkloadPilot    7: 1024 op, 13651.00 ns, 13.3311 ns/op
WorkloadPilot    8: 2048 op, 14131.00 ns, 6.8999 ns/op
WorkloadPilot    9: 4096 op, 35523.00 ns, 8.6726 ns/op
WorkloadPilot   10: 8192 op, 62064.00 ns, 7.5762 ns/op
WorkloadPilot   11: 16384 op, 111087.00 ns, 6.7802 ns/op
WorkloadPilot   12: 32768 op, 228905.00 ns, 6.9856 ns/op
WorkloadPilot   13: 65536 op, 444300.00 ns, 6.7795 ns/op
WorkloadPilot   14: 131072 op, 910162.00 ns, 6.9440 ns/op
WorkloadPilot   15: 262144 op, 1808597.00 ns, 6.8993 ns/op
WorkloadPilot   16: 524288 op, 3612646.00 ns, 6.8906 ns/op
WorkloadPilot   17: 1048576 op, 7379454.00 ns, 7.0376 ns/op
WorkloadPilot   18: 2097152 op, 14872809.00 ns, 7.0919 ns/op
WorkloadPilot   19: 4194304 op, 29131132.00 ns, 6.9454 ns/op
WorkloadPilot   20: 8388608 op, 58173551.00 ns, 6.9348 ns/op
WorkloadPilot   21: 16777216 op, 116361622.00 ns, 6.9357 ns/op
WorkloadPilot   22: 33554432 op, 233663642.00 ns, 6.9637 ns/op
WorkloadPilot   23: 67108864 op, 467941116.00 ns, 6.9729 ns/op
WorkloadPilot   24: 134217728 op, 923223376.00 ns, 6.8786 ns/op

OverheadWarmup   1: 134217728 op, 154318693.00 ns, 1.1498 ns/op
OverheadWarmup   2: 134217728 op, 153581361.00 ns, 1.1443 ns/op
OverheadWarmup   3: 134217728 op, 153021317.00 ns, 1.1401 ns/op
OverheadWarmup   4: 134217728 op, 152654975.00 ns, 1.1374 ns/op
OverheadWarmup   5: 134217728 op, 152714726.00 ns, 1.1378 ns/op
OverheadWarmup   6: 134217728 op, 152773023.00 ns, 1.1382 ns/op
OverheadWarmup   7: 134217728 op, 152615807.00 ns, 1.1371 ns/op
OverheadWarmup   8: 134217728 op, 152297046.00 ns, 1.1347 ns/op
OverheadWarmup   9: 134217728 op, 152851312.00 ns, 1.1388 ns/op
OverheadWarmup  10: 134217728 op, 152519481.00 ns, 1.1364 ns/op

OverheadActual   1: 134217728 op, 153795355.00 ns, 1.1459 ns/op
OverheadActual   2: 134217728 op, 153980162.00 ns, 1.1472 ns/op
OverheadActual   3: 134217728 op, 154391523.00 ns, 1.1503 ns/op
OverheadActual   4: 134217728 op, 153321730.00 ns, 1.1423 ns/op
OverheadActual   5: 134217728 op, 152226109.00 ns, 1.1342 ns/op
OverheadActual   6: 134217728 op, 154850525.00 ns, 1.1537 ns/op
OverheadActual   7: 134217728 op, 151965726.00 ns, 1.1322 ns/op
OverheadActual   8: 134217728 op, 152363946.00 ns, 1.1352 ns/op
OverheadActual   9: 134217728 op, 152034010.00 ns, 1.1327 ns/op
OverheadActual  10: 134217728 op, 152470297.00 ns, 1.1360 ns/op
OverheadActual  11: 134217728 op, 152661525.00 ns, 1.1374 ns/op
OverheadActual  12: 134217728 op, 153501090.00 ns, 1.1437 ns/op
OverheadActual  13: 134217728 op, 161002388.00 ns, 1.1996 ns/op
OverheadActual  14: 134217728 op, 161974753.00 ns, 1.2068 ns/op
OverheadActual  15: 134217728 op, 162059902.00 ns, 1.2074 ns/op

WorkloadWarmup   1: 134217728 op, 934800597.00 ns, 6.9648 ns/op
WorkloadWarmup   2: 134217728 op, 928620892.00 ns, 6.9188 ns/op
WorkloadWarmup   3: 134217728 op, 926941891.00 ns, 6.9063 ns/op

// BeforeActualRun
WorkloadActual   1: 134217728 op, 924381139.00 ns, 6.8872 ns/op
WorkloadActual   2: 134217728 op, 923244632.00 ns, 6.8787 ns/op
WorkloadActual   3: 134217728 op, 938149317.00 ns, 6.9898 ns/op

// AfterActualRun
WorkloadResult   1: 134217728 op, 770880049.00 ns, 5.7435 ns/op
WorkloadResult   2: 134217728 op, 769743542.00 ns, 5.7350 ns/op
WorkloadResult   3: 134217728 op, 784648227.00 ns, 5.8461 ns/op
// GC:  0 0 0 0 134217728
// Threading:  0 0 134217728

// AfterAll
// Benchmark Process 2953 has exited with code 0.

Mean = 5.775 ns, StdErr = 0.036 ns (0.62%), N = 3, StdDev = 0.062 ns
Min = 5.735 ns, Q1 = 5.739 ns, Median = 5.744 ns, Q3 = 5.795 ns, Max = 5.846 ns
IQR = 0.056 ns, LowerFence = 5.656 ns, UpperFence = 5.878 ns
ConfidenceInterval = [4.647 ns; 6.903 ns] (CI 99.9%), Margin = 1.128 ns (19.53% of Mean)
Skewness = 0.38, Kurtosis = 0.67, MValue = 2

// ** Remained 0 (0.0 %) benchmark(s) to run. Estimated finish 2026-09-22 19:19 (0h 0m from now) **
// ***** BenchmarkRunner: Finish  *****

// * Export *
  artifacts/performance/AzureFunctions/results/Encina.AzureFunctions.Benchmarks.ErrorCodeMappingBenchmarks-report.csv
  artifacts/performance/AzureFunctions/results/Encina.AzureFunctions.Benchmarks.ErrorCodeMappingBenchmarks-report-github.md
  artifacts/performance/AzureFunctions/results/Encina.AzureFunctions.Benchmarks.ErrorCodeMappingBenchmarks-report.html
  artifacts/performance/AzureFunctions/results/Encina.AzureFunctions.Benchmarks.ErrorCodeMappingBenchmarks-report-full-compressed.json

// * Detailed results *
ErrorCodeMappingBenchmarks.MapAuthorizationUnauthenticated: DefaultJob
Runtime = .NET 10.0.12 (10.0.12, 10.0.1226.42308), X64 RyuJIT x86-64-v4; GC = Concurrent Workstation
Mean = 7.933 ns, StdErr = 0.023 ns (0.30%), N = 13, StdDev = 0.084 ns
Min = 7.852 ns, Q1 = 7.872 ns, Median = 7.899 ns, Q3 = 7.961 ns, Max = 8.131 ns
IQR = 0.089 ns, LowerFence = 7.738 ns, UpperFence = 8.095 ns
ConfidenceInterval = [7.832 ns; 8.034 ns] (CI 99.9%), Margin = 0.101 ns (1.28% of Mean)
Skewness = 1.03, Kurtosis = 2.86, MValue = 2
-------------------- Histogram --------------------
[7.805 ns ; 8.179 ns) | @@@@@@@@@@@@@
---------------------------------------------------

ErrorCodeMappingBenchmarks.MapAuthorizationForbidden: DefaultJob
Runtime = .NET 10.0.12 (10.0.12, 10.0.1226.42308), X64 RyuJIT x86-64-v4; GC = Concurrent Workstation
Mean = 9.032 ns, StdErr = 0.049 ns (0.54%), N = 19, StdDev = 0.214 ns
Min = 8.802 ns, Q1 = 8.873 ns, Median = 8.940 ns, Q3 = 9.130 ns, Max = 9.515 ns
IQR = 0.257 ns, LowerFence = 8.487 ns, UpperFence = 9.516 ns
ConfidenceInterval = [8.839 ns; 9.225 ns] (CI 99.9%), Margin = 0.193 ns (2.13% of Mean)
Skewness = 0.89, Kurtosis = 2.35, MValue = 2
-------------------- Histogram --------------------
[8.697 ns ; 9.045 ns) | @@@@@@@@@@@@@@
[9.045 ns ; 9.406 ns) | @@@@
[9.406 ns ; 9.620 ns) | @
---------------------------------------------------

ErrorCodeMappingBenchmarks.MapConflictError: DefaultJob
Runtime = .NET 10.0.12 (10.0.12, 10.0.1226.42308), X64 RyuJIT x86-64-v4; GC = Concurrent Workstation
Mean = 6.144 ns, StdErr = 0.014 ns (0.23%), N = 15, StdDev = 0.056 ns
Min = 6.074 ns, Q1 = 6.101 ns, Median = 6.129 ns, Q3 = 6.185 ns, Max = 6.238 ns
IQR = 0.084 ns, LowerFence = 5.975 ns, UpperFence = 6.311 ns
ConfidenceInterval = [6.085 ns; 6.204 ns] (CI 99.9%), Margin = 0.060 ns (0.97% of Mean)
Skewness = 0.34, Kurtosis = 1.57, MValue = 2
-------------------- Histogram --------------------
[6.044 ns ; 6.268 ns) | @@@@@@@@@@@@@@@
---------------------------------------------------

ErrorCodeMappingBenchmarks.MapUnknownError: DefaultJob
Runtime = .NET 10.0.12 (10.0.12, 10.0.1226.42308), X64 RyuJIT x86-64-v4; GC = Concurrent Workstation
Mean = 7.196 ns, StdErr = 0.007 ns (0.09%), N = 13, StdDev = 0.024 ns
Min = 7.173 ns, Q1 = 7.182 ns, Median = 7.189 ns, Q3 = 7.197 ns, Max = 7.248 ns
IQR = 0.015 ns, LowerFence = 7.160 ns, UpperFence = 7.220 ns
ConfidenceInterval = [7.167 ns; 7.225 ns] (CI 99.9%), Margin = 0.029 ns (0.40% of Mean)
Skewness = 1.15, Kurtosis = 2.84, MValue = 2
-------------------- Histogram --------------------
[7.159 ns ; 7.261 ns) | @@@@@@@@@@@@@
---------------------------------------------------

ErrorCodeMappingBenchmarks.MapMultipleValidationErrors: DefaultJob
Runtime = .NET 10.0.12 (10.0.12, 10.0.1226.42308), X64 RyuJIT x86-64-v4; GC = Concurrent Workstation
Mean = 29.199 ns, StdErr = 0.125 ns (0.43%), N = 15, StdDev = 0.484 ns
Min = 28.735 ns, Q1 = 28.862 ns, Median = 29.056 ns, Q3 = 29.431 ns, Max = 30.231 ns
IQR = 0.568 ns, LowerFence = 28.010 ns, UpperFence = 30.283 ns
ConfidenceInterval = [28.681 ns; 29.717 ns] (CI 99.9%), Margin = 0.518 ns (1.77% of Mean)
Skewness = 1.04, Kurtosis = 2.77, MValue = 2
-------------------- Histogram --------------------
[28.660 ns ; 29.784 ns) | @@@@@@@@@@@@@
[29.784 ns ; 30.489 ns) | @@
---------------------------------------------------

ErrorCodeMappingBenchmarks.MapMixedErrors: DefaultJob
Runtime = .NET 10.0.12 (10.0.12, 10.0.1226.42308), X64 RyuJIT x86-64-v4; GC = Concurrent Workstation
Mean = 34.924 ns, StdErr = 0.052 ns (0.15%), N = 14, StdDev = 0.194 ns
Min = 34.581 ns, Q1 = 34.788 ns, Median = 34.887 ns, Q3 = 35.086 ns, Max = 35.272 ns
IQR = 0.298 ns, LowerFence = 34.341 ns, UpperFence = 35.532 ns
ConfidenceInterval = [34.705 ns; 35.143 ns] (CI 99.9%), Margin = 0.219 ns (0.63% of Mean)
Skewness = 0.09, Kurtosis = 1.82, MValue = 2
-------------------- Histogram --------------------
[34.475 ns ; 35.378 ns) | @@@@@@@@@@@@@@
---------------------------------------------------

ErrorCodeMappingBenchmarks.MapValidationError: DefaultJob
Runtime = .NET 10.0.12 (10.0.12, 10.0.1226.42308), X64 RyuJIT x86-64-v4; GC = Concurrent Workstation
Mean = 5.426 ns, StdErr = 0.005 ns (0.09%), N = 13, StdDev = 0.017 ns
Min = 5.407 ns, Q1 = 5.411 ns, Median = 5.424 ns, Q3 = 5.439 ns, Max = 5.461 ns
IQR = 0.027 ns, LowerFence = 5.370 ns, UpperFence = 5.480 ns
ConfidenceInterval = [5.406 ns; 5.447 ns] (CI 99.9%), Margin = 0.020 ns (0.37% of Mean)
Skewness = 0.52, Kurtosis = 1.87, MValue = 2
-------------------- Histogram --------------------
[5.398 ns ; 5.470 ns) | @@@@@@@@@@@@@
---------------------------------------------------

ErrorCodeMappingBenchmarks.MapNotFoundError: DefaultJob
Runtime = .NET 10.0.12 (10.0.12, 10.0.1226.42308), X64 RyuJIT x86-64-v4; GC = Concurrent Workstation
Mean = 5.696 ns, StdErr = 0.018 ns (0.32%), N = 14, StdDev = 0.068 ns
Min = 5.621 ns, Q1 = 5.644 ns, Median = 5.684 ns, Q3 = 5.722 ns, Max = 5.845 ns
IQR = 0.078 ns, LowerFence = 5.528 ns, UpperFence = 5.838 ns
ConfidenceInterval = [5.620 ns; 5.772 ns] (CI 99.9%), Margin = 0.076 ns (1.34% of Mean)
Skewness = 0.95, Kurtosis = 2.67, MValue = 2
-------------------- Histogram --------------------
[5.609 ns ; 5.881 ns) | @@@@@@@@@@@@@@
---------------------------------------------------

ErrorCodeMappingBenchmarks.MapAuthorizationUnauthenticated: ShortRun(IterationCount=3, LaunchCount=1, WarmupCount=3)
Runtime = .NET 10.0.12 (10.0.12, 10.0.1226.42308), X64 RyuJIT x86-64-v4; GC = Concurrent Workstation
Mean = 7.904 ns, StdErr = 0.009 ns (0.12%), N = 3, StdDev = 0.016 ns
Min = 7.888 ns, Q1 = 7.897 ns, Median = 7.905 ns, Q3 = 7.912 ns, Max = 7.919 ns
IQR = 0.016 ns, LowerFence = 7.873 ns, UpperFence = 7.936 ns
ConfidenceInterval = [7.616 ns; 8.192 ns] (CI 99.9%), Margin = 0.288 ns (3.64% of Mean)
Skewness = -0.08, Kurtosis = 0.67, MValue = 2
-------------------- Histogram --------------------
[7.873 ns ; 7.934 ns) | @@@
---------------------------------------------------

ErrorCodeMappingBenchmarks.MapAuthorizationForbidden: ShortRun(IterationCount=3, LaunchCount=1, WarmupCount=3)
Runtime = .NET 10.0.12 (10.0.12, 10.0.1226.42308), X64 RyuJIT x86-64-v4; GC = Concurrent Workstation
Mean = 8.973 ns, StdErr = 0.182 ns (2.03%), N = 3, StdDev = 0.316 ns
Min = 8.743 ns, Q1 = 8.793 ns, Median = 8.843 ns, Q3 = 9.088 ns, Max = 9.333 ns
IQR = 0.295 ns, LowerFence = 8.351 ns, UpperFence = 9.531 ns
ConfidenceInterval = [3.213 ns; 14.733 ns] (CI 99.9%), Margin = 5.760 ns (64.19% of Mean)
Skewness = 0.34, Kurtosis = 0.67, MValue = 2
-------------------- Histogram --------------------
[8.456 ns ; 9.081 ns) | @@
[9.081 ns ; 9.620 ns) | @
---------------------------------------------------

ErrorCodeMappingBenchmarks.MapConflictError: ShortRun(IterationCount=3, LaunchCount=1, WarmupCount=3)
Runtime = .NET 10.0.12 (10.0.12, 10.0.1226.42308), X64 RyuJIT x86-64-v4; GC = Concurrent Workstation
Mean = 6.334 ns, StdErr = 0.179 ns (2.83%), N = 3, StdDev = 0.310 ns
Min = 6.136 ns, Q1 = 6.156 ns, Median = 6.175 ns, Q3 = 6.433 ns, Max = 6.692 ns
IQR = 0.278 ns, LowerFence = 5.739 ns, UpperFence = 6.850 ns
ConfidenceInterval = [0.675 ns; 11.994 ns] (CI 99.9%), Margin = 5.660 ns (89.35% of Mean)
Skewness = 0.38, Kurtosis = 0.67, MValue = 2
-------------------- Histogram --------------------
[6.132 ns ; 6.696 ns) | @@@
---------------------------------------------------

ErrorCodeMappingBenchmarks.MapUnknownError: ShortRun(IterationCount=3, LaunchCount=1, WarmupCount=3)
Runtime = .NET 10.0.12 (10.0.12, 10.0.1226.42308), X64 RyuJIT x86-64-v4; GC = Concurrent Workstation
Mean = 7.473 ns, StdErr = 0.018 ns (0.24%), N = 3, StdDev = 0.031 ns
Min = 7.441 ns, Q1 = 7.457 ns, Median = 7.473 ns, Q3 = 7.489 ns, Max = 7.504 ns
IQR = 0.031 ns, LowerFence = 7.410 ns, UpperFence = 7.536 ns
ConfidenceInterval = [6.899 ns; 8.047 ns] (CI 99.9%), Margin = 0.574 ns (7.68% of Mean)
Skewness = 0, Kurtosis = 0.67, MValue = 2
-------------------- Histogram --------------------
[7.413 ns ; 7.533 ns) | @@@
---------------------------------------------------

ErrorCodeMappingBenchmarks.MapMultipleValidationErrors: ShortRun(IterationCount=3, LaunchCount=1, WarmupCount=3)
Runtime = .NET 10.0.12 (10.0.12, 10.0.1226.42308), X64 RyuJIT x86-64-v4; GC = Concurrent Workstation
Mean = 28.846 ns, StdErr = 0.106 ns (0.37%), N = 3, StdDev = 0.184 ns
Min = 28.634 ns, Q1 = 28.793 ns, Median = 28.951 ns, Q3 = 28.952 ns, Max = 28.953 ns
IQR = 0.159 ns, LowerFence = 28.554 ns, UpperFence = 29.192 ns
ConfidenceInterval = [25.496 ns; 32.196 ns] (CI 99.9%), Margin = 3.350 ns (11.61% of Mean)
Skewness = -0.38, Kurtosis = 0.67, MValue = 2
-------------------- Histogram --------------------
[28.627 ns ; 28.961 ns) | @@@
---------------------------------------------------

ErrorCodeMappingBenchmarks.MapMixedErrors: ShortRun(IterationCount=3, LaunchCount=1, WarmupCount=3)
Runtime = .NET 10.0.12 (10.0.12, 10.0.1226.42308), X64 RyuJIT x86-64-v4; GC = Concurrent Workstation
Mean = 35.928 ns, StdErr = 0.069 ns (0.19%), N = 3, StdDev = 0.119 ns
Min = 35.842 ns, Q1 = 35.860 ns, Median = 35.879 ns, Q3 = 35.971 ns, Max = 36.063 ns
IQR = 0.111 ns, LowerFence = 35.694 ns, UpperFence = 36.137 ns
ConfidenceInterval = [33.763 ns; 38.093 ns] (CI 99.9%), Margin = 2.165 ns (6.02% of Mean)
Skewness = 0.34, Kurtosis = 0.67, MValue = 2
-------------------- Histogram --------------------
[35.734 ns ; 36.172 ns) | @@@
---------------------------------------------------

ErrorCodeMappingBenchmarks.MapValidationError: ShortRun(IterationCount=3, LaunchCount=1, WarmupCount=3)
Runtime = .NET 10.0.12 (10.0.12, 10.0.1226.42308), X64 RyuJIT x86-64-v4; GC = Concurrent Workstation
Mean = 5.371 ns, StdErr = 0.018 ns (0.33%), N = 3, StdDev = 0.031 ns
Min = 5.351 ns, Q1 = 5.353 ns, Median = 5.354 ns, Q3 = 5.380 ns, Max = 5.406 ns
IQR = 0.028 ns, LowerFence = 5.311 ns, UpperFence = 5.421 ns
ConfidenceInterval = [4.803 ns; 5.938 ns] (CI 99.9%), Margin = 0.567 ns (10.56% of Mean)
Skewness = 0.38, Kurtosis = 0.67, MValue = 2
-------------------- Histogram --------------------
[5.351 ns ; 5.407 ns) | @@@
---------------------------------------------------

ErrorCodeMappingBenchmarks.MapNotFoundError: ShortRun(IterationCount=3, LaunchCount=1, WarmupCount=3)
Runtime = .NET 10.0.12 (10.0.12, 10.0.1226.42308), X64 RyuJIT x86-64-v4; GC = Concurrent Workstation
Mean = 5.775 ns, StdErr = 0.036 ns (0.62%), N = 3, StdDev = 0.062 ns
Min = 5.735 ns, Q1 = 5.739 ns, Median = 5.744 ns, Q3 = 5.795 ns, Max = 5.846 ns
IQR = 0.056 ns, LowerFence = 5.656 ns, UpperFence = 5.878 ns
ConfidenceInterval = [4.647 ns; 6.903 ns] (CI 99.9%), Margin = 1.128 ns (19.53% of Mean)
Skewness = 0.38, Kurtosis = 0.67, MValue = 2
-------------------- Histogram --------------------
[5.734 ns ; 5.847 ns) | @@@
---------------------------------------------------

// * Summary *

BenchmarkDotNet v0.15.8, Linux Ubuntu 24.04.5 LTS (Noble Numbat)
AMD EPYC 9V45 2.60GHz, 1 CPU, 4 logical and 2 physical cores
.NET SDK 10.0.401
  [Host]     : .NET 10.0.12 (10.0.12, 10.0.1226.42308), X64 RyuJIT x86-64-v4
  DefaultJob : .NET 10.0.12 (10.0.12, 10.0.1226.42308), X64 RyuJIT x86-64-v4
  ShortRun   : .NET 10.0.12 (10.0.12, 10.0.1226.42308), X64 RyuJIT x86-64-v4


| Method                          | Job        | IterationCount | LaunchCount | WarmupCount | Mean      | Error     | StdDev    | Ratio | RatioSD | Allocated | Alloc Ratio |
|-------------------------------- |----------- |--------------- |------------ |------------ |----------:|----------:|----------:|------:|--------:|----------:|------------:|
| MapAuthorizationUnauthenticated | DefaultJob | Default        | Default     | Default     |  7.933 ns | 0.1012 ns | 0.0845 ns |  1.46 |    0.02 |         - |          NA |
| MapAuthorizationForbidden       | DefaultJob | Default        | Default     | Default     |  9.032 ns | 0.1927 ns | 0.2142 ns |  1.66 |    0.04 |         - |          NA |
| MapConflictError                | DefaultJob | Default        | Default     | Default     |  6.144 ns | 0.0598 ns | 0.0559 ns |  1.13 |    0.01 |         - |          NA |
| MapUnknownError                 | DefaultJob | Default        | Default     | Default     |  7.196 ns | 0.0290 ns | 0.0242 ns |  1.33 |    0.01 |         - |          NA |
| MapMultipleValidationErrors     | DefaultJob | Default        | Default     | Default     | 29.199 ns | 0.5179 ns | 0.4844 ns |  5.38 |    0.09 |         - |          NA |
| MapMixedErrors                  | DefaultJob | Default        | Default     | Default     | 34.924 ns | 0.2189 ns | 0.1940 ns |  6.44 |    0.04 |         - |          NA |
| MapValidationError              | DefaultJob | Default        | Default     | Default     |  5.426 ns | 0.0201 ns | 0.0168 ns |  1.00 |    0.00 |         - |          NA |
| MapNotFoundError                | DefaultJob | Default        | Default     | Default     |  5.696 ns | 0.0764 ns | 0.0677 ns |  1.05 |    0.01 |         - |          NA |
|                                 |            |                |             |             |           |           |           |       |         |           |             |
| MapAuthorizationUnauthenticated | ShortRun   | 3              | 1           | 3           |  7.904 ns | 0.2881 ns | 0.0158 ns |  1.47 |    0.01 |         - |          NA |
| MapAuthorizationForbidden       | ShortRun   | 3              | 1           | 3           |  8.973 ns | 5.7598 ns | 0.3157 ns |  1.67 |    0.05 |         - |          NA |
| MapConflictError                | ShortRun   | 3              | 1           | 3           |  6.334 ns | 5.6597 ns | 0.3102 ns |  1.18 |    0.05 |         - |          NA |
| MapUnknownError                 | ShortRun   | 3              | 1           | 3           |  7.473 ns | 0.5741 ns | 0.0315 ns |  1.39 |    0.01 |         - |          NA |
| MapMultipleValidationErrors     | ShortRun   | 3              | 1           | 3           | 28.846 ns | 3.3500 ns | 0.1836 ns |  5.37 |    0.04 |         - |          NA |
| MapMixedErrors                  | ShortRun   | 3              | 1           | 3           | 35.928 ns | 2.1646 ns | 0.1187 ns |  6.69 |    0.04 |         - |          NA |
| MapValidationError              | ShortRun   | 3              | 1           | 3           |  5.371 ns | 0.5673 ns | 0.0311 ns |  1.00 |    0.01 |         - |          NA |
| MapNotFoundError                | ShortRun   | 3              | 1           | 3           |  5.775 ns | 1.1277 ns | 0.0618 ns |  1.08 |    0.01 |         - |          NA |

// * Hints *
Outliers
  ErrorCodeMappingBenchmarks.MapAuthorizationUnauthenticated: Default -> 2 outliers were removed (9.53 ns, 10.28 ns)
  ErrorCodeMappingBenchmarks.MapUnknownError: Default                 -> 2 outliers were removed (8.46 ns, 8.55 ns)
  ErrorCodeMappingBenchmarks.MapMixedErrors: Default                  -> 1 outlier  was  removed (36.90 ns)
  ErrorCodeMappingBenchmarks.MapValidationError: Default              -> 2 outliers were removed (6.62 ns, 6.68 ns)
  ErrorCodeMappingBenchmarks.MapNotFoundError: Default                -> 1 outlier  was  removed (7.41 ns)
// * Config Issues *

// * Warnings *
Configuration
  Summary -> The exporter CsvExporter is already present in configuration. There may be unexpected results.
  Summary -> The exporter HtmlExporter is already present in configuration. There may be unexpected results.
  Summary -> The exporter MarkdownExporter-github is already present in configuration. There may be unexpected results.

// * Legends *
  Mean        : Arithmetic mean of all measurements
  Error       : Half of 99.9% confidence interval
  StdDev      : Standard deviation of all measurements
  Ratio       : Mean of the ratio distribution ([Current]/[Baseline])
  RatioSD     : Standard deviation of the ratio distribution ([Current]/[Baseline])
  Allocated   : Allocated memory per single operation (managed only, inclusive, 1KB = 1024B)
  Alloc Ratio : Allocated memory ratio distribution ([Current]/[Baseline])
  1 ns        : 1 Nanosecond (0.000000001 sec)

// * Diagnostic Output - MemoryDiagnoser *


// ***** BenchmarkRunner: End *****
Run time: 00:03:44 (224.93 sec), executed benchmarks: 16

Global total time: 00:04:12 (252.01 sec), executed benchmarks: 16
// * Artifacts cleanup *
Artifacts cleanup is finished
