// Validating benchmarks:
// ***** BenchmarkRunner: Start   *****
// ***** Found 16 benchmark(s) in total *****
// ***** Building 1 exe(s) in Parallel: Start   *****
// start dotnet  restore --nodeReuse:false /p:UseSharedCompilation=false /p:Deterministic=true /p:Optimize=true /p:ArtifactsPath="/home/runner/work/Encina/Encina/tests/Encina.BenchmarkTests/Encina.AzureFunctions.Benchmarks/bin/Release/net10.0/Encina.AzureFunctions.Benchmarks-DefaultJob-1/" /p:OutDir="/home/runner/work/Encina/Encina/tests/Encina.BenchmarkTests/Encina.AzureFunctions.Benchmarks/bin/Release/net10.0/Encina.AzureFunctions.Benchmarks-DefaultJob-1/bin/Release/net10.0/" /p:OutputPath="/home/runner/work/Encina/Encina/tests/Encina.BenchmarkTests/Encina.AzureFunctions.Benchmarks/bin/Release/net10.0/Encina.AzureFunctions.Benchmarks-DefaultJob-1/bin/Release/net10.0/" /p:PublishDir="/home/runner/work/Encina/Encina/tests/Encina.BenchmarkTests/Encina.AzureFunctions.Benchmarks/bin/Release/net10.0/Encina.AzureFunctions.Benchmarks-DefaultJob-1/publish/" in /home/runner/work/Encina/Encina/tests/Encina.BenchmarkTests/Encina.AzureFunctions.Benchmarks/bin/Release/net10.0/Encina.AzureFunctions.Benchmarks-DefaultJob-1
// command took 2.4 sec and exited with 0
// start dotnet  build -c Release --no-restore --nodeReuse:false /p:UseSharedCompilation=false /p:Deterministic=true /p:Optimize=true /p:ArtifactsPath="/home/runner/work/Encina/Encina/tests/Encina.BenchmarkTests/Encina.AzureFunctions.Benchmarks/bin/Release/net10.0/Encina.AzureFunctions.Benchmarks-DefaultJob-1/" /p:OutDir="/home/runner/work/Encina/Encina/tests/Encina.BenchmarkTests/Encina.AzureFunctions.Benchmarks/bin/Release/net10.0/Encina.AzureFunctions.Benchmarks-DefaultJob-1/bin/Release/net10.0/" /p:OutputPath="/home/runner/work/Encina/Encina/tests/Encina.BenchmarkTests/Encina.AzureFunctions.Benchmarks/bin/Release/net10.0/Encina.AzureFunctions.Benchmarks-DefaultJob-1/bin/Release/net10.0/" /p:PublishDir="/home/runner/work/Encina/Encina/tests/Encina.BenchmarkTests/Encina.AzureFunctions.Benchmarks/bin/Release/net10.0/Encina.AzureFunctions.Benchmarks-DefaultJob-1/publish/" --output "/home/runner/work/Encina/Encina/tests/Encina.BenchmarkTests/Encina.AzureFunctions.Benchmarks/bin/Release/net10.0/Encina.AzureFunctions.Benchmarks-DefaultJob-1/bin/Release/net10.0/" in /home/runner/work/Encina/Encina/tests/Encina.BenchmarkTests/Encina.AzureFunctions.Benchmarks/bin/Release/net10.0/Encina.AzureFunctions.Benchmarks-DefaultJob-1
// command took 40.8 sec and exited with 0
// ***** Done, took 00:00:43 (43.37 sec)   *****
// Found 16 benchmarks:
//   ErrorCodeMappingBenchmarks.MapAuthorizationUnauthenticated: DefaultJob
//   ErrorCodeMappingBenchmarks.MapAuthorizationForbidden: DefaultJob
//   ErrorCodeMappingBenchmarks.MapConflictError: DefaultJob
//   ErrorCodeMappingBenchmarks.MapUnknownError: DefaultJob
//   ErrorCodeMappingBenchmarks.MapMultipleValidationErrors: DefaultJob
//   ErrorCodeMappingBenchmarks.MapMixedErrors: DefaultJob
//   ErrorCodeMappingBenchmarks.MapAuthorizationUnauthenticated: ShortRun(IterationCount=3, LaunchCount=1, WarmupCount=3)
//   ErrorCodeMappingBenchmarks.MapAuthorizationForbidden: ShortRun(IterationCount=3, LaunchCount=1, WarmupCount=3)
//   ErrorCodeMappingBenchmarks.MapConflictError: ShortRun(IterationCount=3, LaunchCount=1, WarmupCount=3)
//   ErrorCodeMappingBenchmarks.MapUnknownError: ShortRun(IterationCount=3, LaunchCount=1, WarmupCount=3)
//   ErrorCodeMappingBenchmarks.MapMultipleValidationErrors: ShortRun(IterationCount=3, LaunchCount=1, WarmupCount=3)
//   ErrorCodeMappingBenchmarks.MapMixedErrors: ShortRun(IterationCount=3, LaunchCount=1, WarmupCount=3)
//   ErrorCodeMappingBenchmarks.MapValidationError: DefaultJob
//   ErrorCodeMappingBenchmarks.MapValidationError: ShortRun(IterationCount=3, LaunchCount=1, WarmupCount=3)
//   ErrorCodeMappingBenchmarks.MapNotFoundError: DefaultJob
//   ErrorCodeMappingBenchmarks.MapNotFoundError: ShortRun(IterationCount=3, LaunchCount=1, WarmupCount=3)

// **************************
// Benchmark: ErrorCodeMappingBenchmarks.MapAuthorizationUnauthenticated: DefaultJob
// *** Execute ***
// Launch: 1 / 1
// Execute: dotnet Encina.AzureFunctions.Benchmarks-DefaultJob-1.dll --anonymousPipes 136 137 --benchmarkName Encina.AzureFunctions.Benchmarks.ErrorCodeMappingBenchmarks.MapAuthorizationUnauthenticated --job Default --benchmarkId 0 in /home/runner/work/Encina/Encina/tests/Encina.BenchmarkTests/Encina.AzureFunctions.Benchmarks/bin/Release/net10.0/Encina.AzureFunctions.Benchmarks-DefaultJob-1/bin/Release/net10.0
// Failed to set up high priority (Permission denied). In order to run benchmarks with high priority, make sure you have the right permissions.
// BeforeAnythingElse

// Benchmark Process Environment Information:
// BenchmarkDotNet v0.15.8
// Runtime=.NET 10.0.12 (10.0.12, 10.0.1226.42308), X64 RyuJIT x86-64-v4
// GC=Concurrent Workstation
// HardwareIntrinsics=AVX512 BITALG+VBMI2+VNNI+VPOPCNTDQ,AVX512 IFMA+VBMI,AVX512 F+BW+CD+DQ+VL,AVX2+BMI1+BMI2+F16C+FMA+LZCNT+MOVBE,AVX,SSE3+SSSE3+SSE4.1+SSE4.2+POPCNT,X86Base+SSE+SSE2,AES+PCLMUL VectorSize=256
// Job: DefaultJob

OverheadJitting  1: 1 op, 201635.00 ns, 201.6350 us/op
WorkloadJitting  1: 1 op, 982242.00 ns, 982.2420 us/op

OverheadJitting  2: 16 op, 226825.00 ns, 14.1766 us/op
WorkloadJitting  2: 16 op, 258566.00 ns, 16.1604 us/op

WorkloadPilot    1: 16 op, 3844.00 ns, 240.2500 ns/op
WorkloadPilot    2: 32 op, 4094.00 ns, 127.9375 ns/op
WorkloadPilot    3: 64 op, 4218.00 ns, 65.9063 ns/op
WorkloadPilot    4: 128 op, 5862.00 ns, 45.7969 ns/op
WorkloadPilot    5: 256 op, 8959.00 ns, 34.9961 ns/op
WorkloadPilot    6: 512 op, 15627.00 ns, 30.5215 ns/op
WorkloadPilot    7: 1024 op, 25287.00 ns, 24.6943 ns/op
WorkloadPilot    8: 2048 op, 51103.00 ns, 24.9526 ns/op
WorkloadPilot    9: 4096 op, 73302.00 ns, 17.8960 ns/op
WorkloadPilot   10: 8192 op, 136559.00 ns, 16.6698 ns/op
WorkloadPilot   11: 16384 op, 288064.00 ns, 17.5820 ns/op
WorkloadPilot   12: 32768 op, 595674.00 ns, 18.1785 ns/op
WorkloadPilot   13: 65536 op, 1157029.00 ns, 17.6549 ns/op
WorkloadPilot   14: 131072 op, 2265135.00 ns, 17.2816 ns/op
WorkloadPilot   15: 262144 op, 4504294.00 ns, 17.1825 ns/op
WorkloadPilot   16: 524288 op, 9059183.00 ns, 17.2790 ns/op
WorkloadPilot   17: 1048576 op, 18030550.00 ns, 17.1953 ns/op
WorkloadPilot   18: 2097152 op, 33065379.00 ns, 15.7668 ns/op
WorkloadPilot   19: 4194304 op, 71651612.00 ns, 17.0831 ns/op
WorkloadPilot   20: 8388608 op, 143341134.00 ns, 17.0876 ns/op
WorkloadPilot   21: 16777216 op, 281491854.00 ns, 16.7782 ns/op
WorkloadPilot   22: 33554432 op, 572832776.00 ns, 17.0717 ns/op

OverheadWarmup   1: 33554432 op, 79906954.00 ns, 2.3814 ns/op
OverheadWarmup   2: 33554432 op, 80382194.00 ns, 2.3956 ns/op
OverheadWarmup   3: 33554432 op, 79868521.00 ns, 2.3803 ns/op
OverheadWarmup   4: 33554432 op, 79804935.00 ns, 2.3784 ns/op
OverheadWarmup   5: 33554432 op, 79836238.00 ns, 2.3793 ns/op
OverheadWarmup   6: 33554432 op, 80029957.00 ns, 2.3851 ns/op
OverheadWarmup   7: 33554432 op, 79938825.00 ns, 2.3824 ns/op

OverheadActual   1: 33554432 op, 79789393.00 ns, 2.3779 ns/op
OverheadActual   2: 33554432 op, 79935236.00 ns, 2.3823 ns/op
OverheadActual   3: 33554432 op, 79905894.00 ns, 2.3814 ns/op
OverheadActual   4: 33554432 op, 80708138.00 ns, 2.4053 ns/op
OverheadActual   5: 33554432 op, 79784893.00 ns, 2.3778 ns/op
OverheadActual   6: 33554432 op, 79812225.00 ns, 2.3786 ns/op
OverheadActual   7: 33554432 op, 79963792.00 ns, 2.3831 ns/op
OverheadActual   8: 33554432 op, 79776016.00 ns, 2.3775 ns/op
OverheadActual   9: 33554432 op, 79876575.00 ns, 2.3805 ns/op
OverheadActual  10: 33554432 op, 79838729.00 ns, 2.3794 ns/op
OverheadActual  11: 33554432 op, 79837547.00 ns, 2.3793 ns/op
OverheadActual  12: 33554432 op, 79794994.00 ns, 2.3781 ns/op
OverheadActual  13: 33554432 op, 79905012.00 ns, 2.3814 ns/op
OverheadActual  14: 33554432 op, 79859656.00 ns, 2.3800 ns/op
OverheadActual  15: 33554432 op, 79951457.00 ns, 2.3827 ns/op

WorkloadWarmup   1: 33554432 op, 547628661.00 ns, 16.3206 ns/op
WorkloadWarmup   2: 33554432 op, 570498580.00 ns, 17.0022 ns/op
WorkloadWarmup   3: 33554432 op, 571570257.00 ns, 17.0341 ns/op
WorkloadWarmup   4: 33554432 op, 571987616.00 ns, 17.0466 ns/op
WorkloadWarmup   5: 33554432 op, 571544038.00 ns, 17.0333 ns/op
WorkloadWarmup   6: 33554432 op, 572859655.00 ns, 17.0725 ns/op
WorkloadWarmup   7: 33554432 op, 561026079.00 ns, 16.7199 ns/op

// BeforeActualRun
WorkloadActual   1: 33554432 op, 566921493.00 ns, 16.8956 ns/op
WorkloadActual   2: 33554432 op, 573655021.00 ns, 17.0963 ns/op
WorkloadActual   3: 33554432 op, 572080321.00 ns, 17.0493 ns/op
WorkloadActual   4: 33554432 op, 571880844.00 ns, 17.0434 ns/op
WorkloadActual   5: 33554432 op, 570973691.00 ns, 17.0163 ns/op
WorkloadActual   6: 33554432 op, 571907006.00 ns, 17.0442 ns/op
WorkloadActual   7: 33554432 op, 571524707.00 ns, 17.0328 ns/op
WorkloadActual   8: 33554432 op, 571205621.00 ns, 17.0233 ns/op
WorkloadActual   9: 33554432 op, 571532917.00 ns, 17.0330 ns/op
WorkloadActual  10: 33554432 op, 571164482.00 ns, 17.0220 ns/op
WorkloadActual  11: 33554432 op, 571879799.00 ns, 17.0433 ns/op
WorkloadActual  12: 33554432 op, 571167650.00 ns, 17.0221 ns/op
WorkloadActual  13: 33554432 op, 571635319.00 ns, 17.0361 ns/op
WorkloadActual  14: 33554432 op, 572074274.00 ns, 17.0491 ns/op
WorkloadActual  15: 33554432 op, 575086173.00 ns, 17.1389 ns/op

// AfterActualRun
WorkloadResult   1: 33554432 op, 487061837.00 ns, 14.5156 ns/op
WorkloadResult   2: 33554432 op, 492220665.00 ns, 14.6693 ns/op
WorkloadResult   3: 33554432 op, 492021188.00 ns, 14.6634 ns/op
WorkloadResult   4: 33554432 op, 491114035.00 ns, 14.6363 ns/op
WorkloadResult   5: 33554432 op, 492047350.00 ns, 14.6642 ns/op
WorkloadResult   6: 33554432 op, 491665051.00 ns, 14.6528 ns/op
WorkloadResult   7: 33554432 op, 491345965.00 ns, 14.6433 ns/op
WorkloadResult   8: 33554432 op, 491673261.00 ns, 14.6530 ns/op
WorkloadResult   9: 33554432 op, 491304826.00 ns, 14.6420 ns/op
WorkloadResult  10: 33554432 op, 492020143.00 ns, 14.6633 ns/op
WorkloadResult  11: 33554432 op, 491307994.00 ns, 14.6421 ns/op
WorkloadResult  12: 33554432 op, 491775663.00 ns, 14.6561 ns/op
WorkloadResult  13: 33554432 op, 492214618.00 ns, 14.6691 ns/op
// GC:  0 0 0 0 33554432
// Threading:  0 0 33554432

// AfterAll
// Benchmark Process 3011 has exited with code 0.

Mean = 14.644 ns, StdErr = 0.011 ns (0.08%), N = 13, StdDev = 0.040 ns
Min = 14.516 ns, Q1 = 14.642 ns, Median = 14.653 ns, Q3 = 14.663 ns, Max = 14.669 ns
IQR = 0.021 ns, LowerFence = 14.610 ns, UpperFence = 14.695 ns
ConfidenceInterval = [14.596 ns; 14.692 ns] (CI 99.9%), Margin = 0.048 ns (0.33% of Mean)
Skewness = -2.45, Kurtosis = 8.11, MValue = 2

// ** Remained 15 (93.8 %) benchmark(s) to run. Estimated finish 2026-10-09 16:57 (0h 4m from now) **
// **************************
// Benchmark: ErrorCodeMappingBenchmarks.MapAuthorizationForbidden: DefaultJob
// *** Execute ***
// Launch: 1 / 1
// Execute: dotnet Encina.AzureFunctions.Benchmarks-DefaultJob-1.dll --anonymousPipes 136 137 --benchmarkName Encina.AzureFunctions.Benchmarks.ErrorCodeMappingBenchmarks.MapAuthorizationForbidden --job Default --benchmarkId 1 in /home/runner/work/Encina/Encina/tests/Encina.BenchmarkTests/Encina.AzureFunctions.Benchmarks/bin/Release/net10.0/Encina.AzureFunctions.Benchmarks-DefaultJob-1/bin/Release/net10.0
// Failed to set up high priority (Permission denied). In order to run benchmarks with high priority, make sure you have the right permissions.
// BeforeAnythingElse

// Benchmark Process Environment Information:
// BenchmarkDotNet v0.15.8
// Runtime=.NET 10.0.12 (10.0.12, 10.0.1226.42308), X64 RyuJIT x86-64-v4
// GC=Concurrent Workstation
// HardwareIntrinsics=AVX512 BITALG+VBMI2+VNNI+VPOPCNTDQ,AVX512 IFMA+VBMI,AVX512 F+BW+CD+DQ+VL,AVX2+BMI1+BMI2+F16C+FMA+LZCNT+MOVBE,AVX,SSE3+SSSE3+SSE4.1+SSE4.2+POPCNT,X86Base+SSE+SSE2,AES+PCLMUL VectorSize=256
// Job: DefaultJob

OverheadJitting  1: 1 op, 202576.00 ns, 202.5760 us/op
WorkloadJitting  1: 1 op, 1019880.00 ns, 1.0199 ms/op

OverheadJitting  2: 16 op, 244099.00 ns, 15.2562 us/op
WorkloadJitting  2: 16 op, 256078.00 ns, 16.0049 us/op

WorkloadPilot    1: 16 op, 4194.00 ns, 262.1250 ns/op
WorkloadPilot    2: 32 op, 21492.00 ns, 671.6250 ns/op
WorkloadPilot    3: 64 op, 4385.00 ns, 68.5156 ns/op
WorkloadPilot    4: 128 op, 6374.00 ns, 49.7969 ns/op
WorkloadPilot    5: 256 op, 9138.00 ns, 35.6953 ns/op
WorkloadPilot    6: 512 op, 16025.00 ns, 31.2988 ns/op
WorkloadPilot    7: 1024 op, 33011.00 ns, 32.2373 ns/op
WorkloadPilot    8: 2048 op, 54062.00 ns, 26.3975 ns/op
WorkloadPilot    9: 4096 op, 90704.00 ns, 22.1445 ns/op
WorkloadPilot   10: 8192 op, 152798.00 ns, 18.6521 ns/op
WorkloadPilot   11: 16384 op, 327084.00 ns, 19.9636 ns/op
WorkloadPilot   12: 32768 op, 554863.00 ns, 16.9331 ns/op
WorkloadPilot   13: 65536 op, 1168467.00 ns, 17.8294 ns/op
WorkloadPilot   14: 131072 op, 2284011.00 ns, 17.4256 ns/op
WorkloadPilot   15: 262144 op, 4766404.00 ns, 18.1824 ns/op
WorkloadPilot   16: 524288 op, 9472196.00 ns, 18.0668 ns/op
WorkloadPilot   17: 1048576 op, 17955911.00 ns, 17.1241 ns/op
WorkloadPilot   18: 2097152 op, 36216344.00 ns, 17.2693 ns/op
WorkloadPilot   19: 4194304 op, 70484011.00 ns, 16.8047 ns/op
WorkloadPilot   20: 8388608 op, 141517412.00 ns, 16.8702 ns/op
WorkloadPilot   21: 16777216 op, 286756436.00 ns, 17.0920 ns/op
WorkloadPilot   22: 33554432 op, 563191727.00 ns, 16.7844 ns/op

OverheadWarmup   1: 33554432 op, 79977675.00 ns, 2.3835 ns/op
OverheadWarmup   2: 33554432 op, 79825223.00 ns, 2.3790 ns/op
OverheadWarmup   3: 33554432 op, 79939178.00 ns, 2.3824 ns/op
OverheadWarmup   4: 33554432 op, 79807902.00 ns, 2.3785 ns/op
OverheadWarmup   5: 33554432 op, 79939437.00 ns, 2.3824 ns/op
OverheadWarmup   6: 33554432 op, 80075082.00 ns, 2.3864 ns/op
OverheadWarmup   7: 33554432 op, 79812387.00 ns, 2.3786 ns/op

OverheadActual   1: 33554432 op, 79975241.00 ns, 2.3834 ns/op
OverheadActual   2: 33554432 op, 80009626.00 ns, 2.3845 ns/op
OverheadActual   3: 33554432 op, 79897154.00 ns, 2.3811 ns/op
OverheadActual   4: 33554432 op, 79910423.00 ns, 2.3815 ns/op
OverheadActual   5: 33554432 op, 80146513.00 ns, 2.3886 ns/op
OverheadActual   6: 33554432 op, 79963541.00 ns, 2.3831 ns/op
OverheadActual   7: 33554432 op, 79982840.00 ns, 2.3837 ns/op
OverheadActual   8: 33554432 op, 79931351.00 ns, 2.3821 ns/op
OverheadActual   9: 33554432 op, 79987744.00 ns, 2.3838 ns/op
OverheadActual  10: 33554432 op, 79825164.00 ns, 2.3790 ns/op
OverheadActual  11: 33554432 op, 79782764.00 ns, 2.3777 ns/op
OverheadActual  12: 33554432 op, 79990085.00 ns, 2.3839 ns/op
OverheadActual  13: 33554432 op, 79763179.00 ns, 2.3771 ns/op
OverheadActual  14: 33554432 op, 79933387.00 ns, 2.3822 ns/op
OverheadActual  15: 33554432 op, 79807496.00 ns, 2.3784 ns/op

WorkloadWarmup   1: 33554432 op, 562022996.00 ns, 16.7496 ns/op
WorkloadWarmup   2: 33554432 op, 560003435.00 ns, 16.6894 ns/op
WorkloadWarmup   3: 33554432 op, 565802589.00 ns, 16.8622 ns/op
WorkloadWarmup   4: 33554432 op, 558126002.00 ns, 16.6335 ns/op
WorkloadWarmup   5: 33554432 op, 559492548.00 ns, 16.6742 ns/op
WorkloadWarmup   6: 33554432 op, 565405942.00 ns, 16.8504 ns/op
WorkloadWarmup   7: 33554432 op, 563994021.00 ns, 16.8083 ns/op

// BeforeActualRun
WorkloadActual   1: 33554432 op, 563183141.00 ns, 16.7842 ns/op
WorkloadActual   2: 33554432 op, 566518865.00 ns, 16.8836 ns/op
WorkloadActual   3: 33554432 op, 573284529.00 ns, 17.0852 ns/op
WorkloadActual   4: 33554432 op, 560378299.00 ns, 16.7006 ns/op
WorkloadActual   5: 33554432 op, 561481772.00 ns, 16.7335 ns/op
WorkloadActual   6: 33554432 op, 560331979.00 ns, 16.6992 ns/op
WorkloadActual   7: 33554432 op, 560154029.00 ns, 16.6939 ns/op
WorkloadActual   8: 33554432 op, 563751585.00 ns, 16.8011 ns/op
WorkloadActual   9: 33554432 op, 559193492.00 ns, 16.6653 ns/op
WorkloadActual  10: 33554432 op, 561519450.00 ns, 16.7346 ns/op
WorkloadActual  11: 33554432 op, 559323400.00 ns, 16.6691 ns/op
WorkloadActual  12: 33554432 op, 561476989.00 ns, 16.7333 ns/op
WorkloadActual  13: 33554432 op, 561392931.00 ns, 16.7308 ns/op
WorkloadActual  14: 33554432 op, 558505647.00 ns, 16.6448 ns/op
WorkloadActual  15: 33554432 op, 568017769.00 ns, 16.9282 ns/op

// AfterActualRun
WorkloadResult   1: 33554432 op, 483249754.00 ns, 14.4020 ns/op
WorkloadResult   2: 33554432 op, 486585478.00 ns, 14.5014 ns/op
WorkloadResult   3: 33554432 op, 480444912.00 ns, 14.3184 ns/op
WorkloadResult   4: 33554432 op, 481548385.00 ns, 14.3513 ns/op
WorkloadResult   5: 33554432 op, 480398592.00 ns, 14.3170 ns/op
WorkloadResult   6: 33554432 op, 480220642.00 ns, 14.3117 ns/op
WorkloadResult   7: 33554432 op, 483818198.00 ns, 14.4189 ns/op
WorkloadResult   8: 33554432 op, 479260105.00 ns, 14.2831 ns/op
WorkloadResult   9: 33554432 op, 481586063.00 ns, 14.3524 ns/op
WorkloadResult  10: 33554432 op, 479390013.00 ns, 14.2869 ns/op
WorkloadResult  11: 33554432 op, 481543602.00 ns, 14.3511 ns/op
WorkloadResult  12: 33554432 op, 481459544.00 ns, 14.3486 ns/op
WorkloadResult  13: 33554432 op, 478572260.00 ns, 14.2626 ns/op
WorkloadResult  14: 33554432 op, 488084382.00 ns, 14.5460 ns/op
// GC:  0 0 0 0 33554432
// Threading:  0 0 33554432

// AfterAll
// Benchmark Process 3023 has exited with code 0.

Mean = 14.361 ns, StdErr = 0.022 ns (0.15%), N = 14, StdDev = 0.082 ns
Min = 14.263 ns, Q1 = 14.313 ns, Median = 14.350 ns, Q3 = 14.390 ns, Max = 14.546 ns
IQR = 0.077 ns, LowerFence = 14.198 ns, UpperFence = 14.504 ns
ConfidenceInterval = [14.269 ns; 14.453 ns] (CI 99.9%), Margin = 0.092 ns (0.64% of Mean)
Skewness = 0.95, Kurtosis = 2.81, MValue = 2

// ** Remained 14 (87.5 %) benchmark(s) to run. Estimated finish 2026-10-09 16:57 (0h 3m from now) **
// **************************
// Benchmark: ErrorCodeMappingBenchmarks.MapConflictError: DefaultJob
// *** Execute ***
// Launch: 1 / 1
// Execute: dotnet Encina.AzureFunctions.Benchmarks-DefaultJob-1.dll --anonymousPipes 136 137 --benchmarkName Encina.AzureFunctions.Benchmarks.ErrorCodeMappingBenchmarks.MapConflictError --job Default --benchmarkId 2 in /home/runner/work/Encina/Encina/tests/Encina.BenchmarkTests/Encina.AzureFunctions.Benchmarks/bin/Release/net10.0/Encina.AzureFunctions.Benchmarks-DefaultJob-1/bin/Release/net10.0
// Failed to set up high priority (Permission denied). In order to run benchmarks with high priority, make sure you have the right permissions.
// BeforeAnythingElse

// Benchmark Process Environment Information:
// BenchmarkDotNet v0.15.8
// Runtime=.NET 10.0.12 (10.0.12, 10.0.1226.42308), X64 RyuJIT x86-64-v4
// GC=Concurrent Workstation
// HardwareIntrinsics=AVX512 BITALG+VBMI2+VNNI+VPOPCNTDQ,AVX512 IFMA+VBMI,AVX512 F+BW+CD+DQ+VL,AVX2+BMI1+BMI2+F16C+FMA+LZCNT+MOVBE,AVX,SSE3+SSSE3+SSE4.1+SSE4.2+POPCNT,X86Base+SSE+SSE2,AES+PCLMUL VectorSize=256
// Job: DefaultJob

OverheadJitting  1: 1 op, 231796.00 ns, 231.7960 us/op
WorkloadJitting  1: 1 op, 1048262.00 ns, 1.0483 ms/op

OverheadJitting  2: 16 op, 234797.00 ns, 14.6748 us/op
WorkloadJitting  2: 16 op, 275371.00 ns, 17.2107 us/op

WorkloadPilot    1: 16 op, 4097.00 ns, 256.0625 ns/op
WorkloadPilot    2: 32 op, 3986.00 ns, 124.5625 ns/op
WorkloadPilot    3: 64 op, 4260.00 ns, 66.5625 ns/op
WorkloadPilot    4: 128 op, 5858.00 ns, 45.7656 ns/op
WorkloadPilot    5: 256 op, 8047.00 ns, 31.4336 ns/op
WorkloadPilot    6: 512 op, 26333.00 ns, 51.4316 ns/op
WorkloadPilot    7: 1024 op, 40816.00 ns, 39.8594 ns/op
WorkloadPilot    8: 2048 op, 38954.00 ns, 19.0205 ns/op
WorkloadPilot    9: 4096 op, 82968.00 ns, 20.2559 ns/op
WorkloadPilot   10: 8192 op, 134656.00 ns, 16.4375 ns/op
WorkloadPilot   11: 16384 op, 267321.00 ns, 16.3160 ns/op
WorkloadPilot   12: 32768 op, 551787.00 ns, 16.8392 ns/op
WorkloadPilot   13: 65536 op, 959606.00 ns, 14.6424 ns/op
WorkloadPilot   14: 131072 op, 2116744.00 ns, 16.1495 ns/op
WorkloadPilot   15: 262144 op, 4148830.00 ns, 15.8265 ns/op
WorkloadPilot   16: 524288 op, 8102846.00 ns, 15.4550 ns/op
WorkloadPilot   17: 1048576 op, 16125507.00 ns, 15.3785 ns/op
WorkloadPilot   18: 2097152 op, 31979269.00 ns, 15.2489 ns/op
WorkloadPilot   19: 4194304 op, 63808179.00 ns, 15.2131 ns/op
WorkloadPilot   20: 8388608 op, 126079106.00 ns, 15.0298 ns/op
WorkloadPilot   21: 16777216 op, 250664654.00 ns, 14.9408 ns/op
WorkloadPilot   22: 33554432 op, 493840989.00 ns, 14.7176 ns/op
WorkloadPilot   23: 67108864 op, 984967093.00 ns, 14.6772 ns/op

OverheadWarmup   1: 67108864 op, 159713127.00 ns, 2.3799 ns/op
OverheadWarmup   2: 67108864 op, 159749659.00 ns, 2.3805 ns/op
OverheadWarmup   3: 67108864 op, 159751945.00 ns, 2.3805 ns/op
OverheadWarmup   4: 67108864 op, 159967647.00 ns, 2.3837 ns/op
OverheadWarmup   5: 67108864 op, 159562405.00 ns, 2.3777 ns/op
OverheadWarmup   6: 67108864 op, 159630749.00 ns, 2.3787 ns/op
OverheadWarmup   7: 67108864 op, 159749202.00 ns, 2.3804 ns/op
OverheadWarmup   8: 67108864 op, 159733085.00 ns, 2.3802 ns/op

OverheadActual   1: 67108864 op, 159673227.00 ns, 2.3793 ns/op
OverheadActual   2: 67108864 op, 159686753.00 ns, 2.3795 ns/op
OverheadActual   3: 67108864 op, 159673165.00 ns, 2.3793 ns/op
OverheadActual   4: 67108864 op, 159491186.00 ns, 2.3766 ns/op
OverheadActual   5: 67108864 op, 159765076.00 ns, 2.3807 ns/op
OverheadActual   6: 67108864 op, 160018908.00 ns, 2.3845 ns/op
OverheadActual   7: 67108864 op, 159919437.00 ns, 2.3830 ns/op
OverheadActual   8: 67108864 op, 159659580.00 ns, 2.3791 ns/op
OverheadActual   9: 67108864 op, 159784546.00 ns, 2.3810 ns/op
OverheadActual  10: 67108864 op, 159749600.00 ns, 2.3805 ns/op
OverheadActual  11: 67108864 op, 160090805.00 ns, 2.3855 ns/op
OverheadActual  12: 67108864 op, 159602860.00 ns, 2.3783 ns/op
OverheadActual  13: 67108864 op, 160007569.00 ns, 2.3843 ns/op
OverheadActual  14: 67108864 op, 159798147.00 ns, 2.3812 ns/op
OverheadActual  15: 67108864 op, 160195558.00 ns, 2.3871 ns/op

WorkloadWarmup   1: 67108864 op, 987318614.00 ns, 14.7122 ns/op
WorkloadWarmup   2: 67108864 op, 982320278.00 ns, 14.6377 ns/op
WorkloadWarmup   3: 67108864 op, 987374176.00 ns, 14.7130 ns/op
WorkloadWarmup   4: 67108864 op, 990821444.00 ns, 14.7644 ns/op
WorkloadWarmup   5: 67108864 op, 1001268495.00 ns, 14.9201 ns/op
WorkloadWarmup   6: 67108864 op, 991583738.00 ns, 14.7757 ns/op
WorkloadWarmup   7: 67108864 op, 996340502.00 ns, 14.8466 ns/op
WorkloadWarmup   8: 67108864 op, 997755713.00 ns, 14.8677 ns/op
WorkloadWarmup   9: 67108864 op, 973691862.00 ns, 14.5091 ns/op

// BeforeActualRun
WorkloadActual   1: 67108864 op, 975631956.00 ns, 14.5380 ns/op
WorkloadActual   2: 67108864 op, 986156285.00 ns, 14.6949 ns/op
WorkloadActual   3: 67108864 op, 997626460.00 ns, 14.8658 ns/op
WorkloadActual   4: 67108864 op, 981923911.00 ns, 14.6318 ns/op
WorkloadActual   5: 67108864 op, 981883547.00 ns, 14.6312 ns/op
WorkloadActual   6: 67108864 op, 981060347.00 ns, 14.6189 ns/op
WorkloadActual   7: 67108864 op, 998099520.00 ns, 14.8728 ns/op
WorkloadActual   8: 67108864 op, 997678001.00 ns, 14.8666 ns/op
WorkloadActual   9: 67108864 op, 992690752.00 ns, 14.7922 ns/op
WorkloadActual  10: 67108864 op, 986710081.00 ns, 14.7031 ns/op
WorkloadActual  11: 67108864 op, 983765638.00 ns, 14.6593 ns/op
WorkloadActual  12: 67108864 op, 1022293772.00 ns, 15.2334 ns/op
WorkloadActual  13: 67108864 op, 997145141.00 ns, 14.8586 ns/op
WorkloadActual  14: 67108864 op, 973594201.00 ns, 14.5077 ns/op
WorkloadActual  15: 67108864 op, 997062601.00 ns, 14.8574 ns/op

// AfterActualRun
WorkloadResult   1: 67108864 op, 815866880.00 ns, 12.1574 ns/op
WorkloadResult   2: 67108864 op, 826391209.00 ns, 12.3142 ns/op
WorkloadResult   3: 67108864 op, 837861384.00 ns, 12.4851 ns/op
WorkloadResult   4: 67108864 op, 822158835.00 ns, 12.2511 ns/op
WorkloadResult   5: 67108864 op, 822118471.00 ns, 12.2505 ns/op
WorkloadResult   6: 67108864 op, 821295271.00 ns, 12.2383 ns/op
WorkloadResult   7: 67108864 op, 838334444.00 ns, 12.4922 ns/op
WorkloadResult   8: 67108864 op, 837912925.00 ns, 12.4859 ns/op
WorkloadResult   9: 67108864 op, 832925676.00 ns, 12.4116 ns/op
WorkloadResult  10: 67108864 op, 826945005.00 ns, 12.3224 ns/op
WorkloadResult  11: 67108864 op, 824000562.00 ns, 12.2786 ns/op
WorkloadResult  12: 67108864 op, 837380065.00 ns, 12.4779 ns/op
WorkloadResult  13: 67108864 op, 813829125.00 ns, 12.1270 ns/op
WorkloadResult  14: 67108864 op, 837297525.00 ns, 12.4767 ns/op
// GC:  0 0 0 0 67108864
// Threading:  0 0 67108864

// AfterAll
// Benchmark Process 3033 has exited with code 0.

Mean = 12.341 ns, StdErr = 0.035 ns (0.28%), N = 14, StdDev = 0.130 ns
Min = 12.127 ns, Q1 = 12.251 ns, Median = 12.318 ns, Q3 = 12.478 ns, Max = 12.492 ns
IQR = 0.227 ns, LowerFence = 11.910 ns, UpperFence = 12.818 ns
ConfidenceInterval = [12.195 ns; 12.487 ns] (CI 99.9%), Margin = 0.146 ns (1.18% of Mean)
Skewness = -0.12, Kurtosis = 1.42, MValue = 2

// ** Remained 13 (81.2 %) benchmark(s) to run. Estimated finish 2026-10-09 16:59 (0h 4m from now) **
// **************************
// Benchmark: ErrorCodeMappingBenchmarks.MapUnknownError: DefaultJob
// *** Execute ***
// Launch: 1 / 1
// Execute: dotnet Encina.AzureFunctions.Benchmarks-DefaultJob-1.dll --anonymousPipes 136 137 --benchmarkName Encina.AzureFunctions.Benchmarks.ErrorCodeMappingBenchmarks.MapUnknownError --job Default --benchmarkId 3 in /home/runner/work/Encina/Encina/tests/Encina.BenchmarkTests/Encina.AzureFunctions.Benchmarks/bin/Release/net10.0/Encina.AzureFunctions.Benchmarks-DefaultJob-1/bin/Release/net10.0
// Failed to set up high priority (Permission denied). In order to run benchmarks with high priority, make sure you have the right permissions.
// BeforeAnythingElse

// Benchmark Process Environment Information:
// BenchmarkDotNet v0.15.8
// Runtime=.NET 10.0.12 (10.0.12, 10.0.1226.42308), X64 RyuJIT x86-64-v4
// GC=Concurrent Workstation
// HardwareIntrinsics=AVX512 BITALG+VBMI2+VNNI+VPOPCNTDQ,AVX512 IFMA+VBMI,AVX512 F+BW+CD+DQ+VL,AVX2+BMI1+BMI2+F16C+FMA+LZCNT+MOVBE,AVX,SSE3+SSSE3+SSE4.1+SSE4.2+POPCNT,X86Base+SSE+SSE2,AES+PCLMUL VectorSize=256
// Job: DefaultJob

OverheadJitting  1: 1 op, 195774.00 ns, 195.7740 us/op
WorkloadJitting  1: 1 op, 946139.00 ns, 946.1390 us/op

OverheadJitting  2: 16 op, 229519.00 ns, 14.3449 us/op
WorkloadJitting  2: 16 op, 242094.00 ns, 15.1309 us/op

WorkloadPilot    1: 16 op, 1721.00 ns, 107.5625 ns/op
WorkloadPilot    2: 32 op, 1902.00 ns, 59.4375 ns/op
WorkloadPilot    3: 64 op, 1703.00 ns, 26.6094 ns/op
WorkloadPilot    4: 128 op, 2587.00 ns, 20.2109 ns/op
WorkloadPilot    5: 256 op, 4489.00 ns, 17.5352 ns/op
WorkloadPilot    6: 512 op, 9250.00 ns, 18.0664 ns/op
WorkloadPilot    7: 1024 op, 17638.00 ns, 17.2246 ns/op
WorkloadPilot    8: 2048 op, 34677.00 ns, 16.9321 ns/op
WorkloadPilot    9: 4096 op, 68601.00 ns, 16.7483 ns/op
WorkloadPilot   10: 8192 op, 136489.00 ns, 16.6613 ns/op
WorkloadPilot   11: 16384 op, 255314.00 ns, 15.5831 ns/op
WorkloadPilot   12: 32768 op, 558634.00 ns, 17.0482 ns/op
WorkloadPilot   13: 65536 op, 1105996.00 ns, 16.8762 ns/op
WorkloadPilot   14: 131072 op, 1962615.00 ns, 14.9736 ns/op
WorkloadPilot   15: 262144 op, 4166774.00 ns, 15.8950 ns/op
WorkloadPilot   16: 524288 op, 7927188.00 ns, 15.1199 ns/op
WorkloadPilot   17: 1048576 op, 16244669.00 ns, 15.4921 ns/op
WorkloadPilot   18: 2097152 op, 32395636.00 ns, 15.4474 ns/op
WorkloadPilot   19: 4194304 op, 65653971.00 ns, 15.6531 ns/op
WorkloadPilot   20: 8388608 op, 128667636.00 ns, 15.3384 ns/op
WorkloadPilot   21: 16777216 op, 255533725.00 ns, 15.2310 ns/op
WorkloadPilot   22: 33554432 op, 509436489.00 ns, 15.1824 ns/op

OverheadWarmup   1: 33554432 op, 79933377.00 ns, 2.3822 ns/op
OverheadWarmup   2: 33554432 op, 80061700.00 ns, 2.3860 ns/op
OverheadWarmup   3: 33554432 op, 80046660.00 ns, 2.3856 ns/op
OverheadWarmup   4: 33554432 op, 80087865.00 ns, 2.3868 ns/op
OverheadWarmup   5: 33554432 op, 79802967.00 ns, 2.3783 ns/op

OverheadActual   1: 33554432 op, 79807521.00 ns, 2.3784 ns/op
OverheadActual   2: 33554432 op, 80333152.00 ns, 2.3941 ns/op
OverheadActual   3: 33554432 op, 79900151.00 ns, 2.3812 ns/op
OverheadActual   4: 33554432 op, 79982921.00 ns, 2.3837 ns/op
OverheadActual   5: 33554432 op, 79872473.00 ns, 2.3804 ns/op
OverheadActual   6: 33554432 op, 79957711.00 ns, 2.3829 ns/op
OverheadActual   7: 33554432 op, 79799379.00 ns, 2.3782 ns/op
OverheadActual   8: 33554432 op, 79782777.00 ns, 2.3777 ns/op
OverheadActual   9: 33554432 op, 79780790.00 ns, 2.3777 ns/op
OverheadActual  10: 33554432 op, 80035662.00 ns, 2.3852 ns/op
OverheadActual  11: 33554432 op, 80021819.00 ns, 2.3848 ns/op
OverheadActual  12: 33554432 op, 80327159.00 ns, 2.3939 ns/op
OverheadActual  13: 33554432 op, 79776451.00 ns, 2.3775 ns/op
OverheadActual  14: 33554432 op, 79949741.00 ns, 2.3827 ns/op
OverheadActual  15: 33554432 op, 79824627.00 ns, 2.3790 ns/op

WorkloadWarmup   1: 33554432 op, 510411737.00 ns, 15.2115 ns/op
WorkloadWarmup   2: 33554432 op, 512419968.00 ns, 15.2713 ns/op
WorkloadWarmup   3: 33554432 op, 513967993.00 ns, 15.3174 ns/op
WorkloadWarmup   4: 33554432 op, 516622343.00 ns, 15.3965 ns/op
WorkloadWarmup   5: 33554432 op, 517065077.00 ns, 15.4097 ns/op
WorkloadWarmup   6: 33554432 op, 513459117.00 ns, 15.3023 ns/op
WorkloadWarmup   7: 33554432 op, 513601127.00 ns, 15.3065 ns/op
WorkloadWarmup   8: 33554432 op, 516577897.00 ns, 15.3952 ns/op
WorkloadWarmup   9: 33554432 op, 512971167.00 ns, 15.2877 ns/op

// BeforeActualRun
WorkloadActual   1: 33554432 op, 513006311.00 ns, 15.2888 ns/op
WorkloadActual   2: 33554432 op, 510874731.00 ns, 15.2253 ns/op
WorkloadActual   3: 33554432 op, 511615333.00 ns, 15.2473 ns/op
WorkloadActual   4: 33554432 op, 512765497.00 ns, 15.2816 ns/op
WorkloadActual   5: 33554432 op, 520104549.00 ns, 15.5003 ns/op
WorkloadActual   6: 33554432 op, 510066833.00 ns, 15.2012 ns/op
WorkloadActual   7: 33554432 op, 509944994.00 ns, 15.1975 ns/op
WorkloadActual   8: 33554432 op, 515530886.00 ns, 15.3640 ns/op
WorkloadActual   9: 33554432 op, 510073687.00 ns, 15.2014 ns/op
WorkloadActual  10: 33554432 op, 522767955.00 ns, 15.5797 ns/op
WorkloadActual  11: 33554432 op, 517854352.00 ns, 15.4333 ns/op
WorkloadActual  12: 33554432 op, 513951758.00 ns, 15.3170 ns/op
WorkloadActual  13: 33554432 op, 517529294.00 ns, 15.4236 ns/op
WorkloadActual  14: 33554432 op, 515883094.00 ns, 15.3745 ns/op
WorkloadActual  15: 33554432 op, 520185611.00 ns, 15.5027 ns/op

// AfterActualRun
WorkloadResult   1: 33554432 op, 433106160.00 ns, 12.9076 ns/op
WorkloadResult   2: 33554432 op, 430974580.00 ns, 12.8440 ns/op
WorkloadResult   3: 33554432 op, 431715182.00 ns, 12.8661 ns/op
WorkloadResult   4: 33554432 op, 432865346.00 ns, 12.9004 ns/op
WorkloadResult   5: 33554432 op, 440204398.00 ns, 13.1191 ns/op
WorkloadResult   6: 33554432 op, 430166682.00 ns, 12.8200 ns/op
WorkloadResult   7: 33554432 op, 430044843.00 ns, 12.8163 ns/op
WorkloadResult   8: 33554432 op, 435630735.00 ns, 12.9828 ns/op
WorkloadResult   9: 33554432 op, 430173536.00 ns, 12.8202 ns/op
WorkloadResult  10: 33554432 op, 442867804.00 ns, 13.1985 ns/op
WorkloadResult  11: 33554432 op, 437954201.00 ns, 13.0521 ns/op
WorkloadResult  12: 33554432 op, 434051607.00 ns, 12.9357 ns/op
WorkloadResult  13: 33554432 op, 437629143.00 ns, 13.0424 ns/op
WorkloadResult  14: 33554432 op, 435982943.00 ns, 12.9933 ns/op
WorkloadResult  15: 33554432 op, 440285460.00 ns, 13.1215 ns/op
// GC:  0 0 0 0 33554432
// Threading:  0 0 33554432

// AfterAll
// Benchmark Process 3050 has exited with code 0.

Mean = 12.961 ns, StdErr = 0.032 ns (0.25%), N = 15, StdDev = 0.124 ns
Min = 12.816 ns, Q1 = 12.855 ns, Median = 12.936 ns, Q3 = 13.047 ns, Max = 13.198 ns
IQR = 0.192 ns, LowerFence = 12.567 ns, UpperFence = 13.335 ns
ConfidenceInterval = [12.829 ns; 13.094 ns] (CI 99.9%), Margin = 0.132 ns (1.02% of Mean)
Skewness = 0.39, Kurtosis = 1.73, MValue = 2

// ** Remained 12 (75.0 %) benchmark(s) to run. Estimated finish 2026-10-09 16:58 (0h 3m from now) **
// **************************
// Benchmark: ErrorCodeMappingBenchmarks.MapMultipleValidationErrors: DefaultJob
// *** Execute ***
// Launch: 1 / 1
// Execute: dotnet Encina.AzureFunctions.Benchmarks-DefaultJob-1.dll --anonymousPipes 136 137 --benchmarkName Encina.AzureFunctions.Benchmarks.ErrorCodeMappingBenchmarks.MapMultipleValidationErrors --job Default --benchmarkId 4 in /home/runner/work/Encina/Encina/tests/Encina.BenchmarkTests/Encina.AzureFunctions.Benchmarks/bin/Release/net10.0/Encina.AzureFunctions.Benchmarks-DefaultJob-1/bin/Release/net10.0
// Failed to set up high priority (Permission denied). In order to run benchmarks with high priority, make sure you have the right permissions.
// BeforeAnythingElse

// Benchmark Process Environment Information:
// BenchmarkDotNet v0.15.8
// Runtime=.NET 10.0.12 (10.0.12, 10.0.1226.42308), X64 RyuJIT x86-64-v4
// GC=Concurrent Workstation
// HardwareIntrinsics=AVX512 BITALG+VBMI2+VNNI+VPOPCNTDQ,AVX512 IFMA+VBMI,AVX512 F+BW+CD+DQ+VL,AVX2+BMI1+BMI2+F16C+FMA+LZCNT+MOVBE,AVX,SSE3+SSSE3+SSE4.1+SSE4.2+POPCNT,X86Base+SSE+SSE2,AES+PCLMUL VectorSize=256
// Job: DefaultJob

OverheadJitting  1: 1 op, 230317.00 ns, 230.3170 us/op
WorkloadJitting  1: 1 op, 1098857.00 ns, 1.0989 ms/op

OverheadJitting  2: 16 op, 228086.00 ns, 14.2554 us/op
WorkloadJitting  2: 16 op, 237264.00 ns, 14.8290 us/op

WorkloadPilot    1: 16 op, 2617.00 ns, 163.5625 ns/op
WorkloadPilot    2: 32 op, 2899.00 ns, 90.5938 ns/op
WorkloadPilot    3: 64 op, 4491.00 ns, 70.1719 ns/op
WorkloadPilot    4: 128 op, 7486.00 ns, 58.4844 ns/op
WorkloadPilot    5: 256 op, 23388.00 ns, 91.3594 ns/op
WorkloadPilot    6: 512 op, 35085.00 ns, 68.5254 ns/op
WorkloadPilot    7: 1024 op, 62850.00 ns, 61.3770 ns/op
WorkloadPilot    8: 2048 op, 117691.00 ns, 57.4663 ns/op
WorkloadPilot    9: 4096 op, 227615.00 ns, 55.5701 ns/op
WorkloadPilot   10: 8192 op, 447955.00 ns, 54.6820 ns/op
WorkloadPilot   11: 16384 op, 911874.00 ns, 55.6564 ns/op
WorkloadPilot   12: 32768 op, 1947555.00 ns, 59.4347 ns/op
WorkloadPilot   13: 65536 op, 3867791.00 ns, 59.0178 ns/op
WorkloadPilot   14: 131072 op, 7224659.00 ns, 55.1198 ns/op
WorkloadPilot   15: 262144 op, 14524787.00 ns, 55.4077 ns/op
WorkloadPilot   16: 524288 op, 30746909.00 ns, 58.6451 ns/op
WorkloadPilot   17: 1048576 op, 61198124.00 ns, 58.3631 ns/op
WorkloadPilot   18: 2097152 op, 122568058.00 ns, 58.4450 ns/op
WorkloadPilot   19: 4194304 op, 242834574.00 ns, 57.8963 ns/op
WorkloadPilot   20: 8388608 op, 482665297.00 ns, 57.5382 ns/op
WorkloadPilot   21: 16777216 op, 976432847.00 ns, 58.1999 ns/op

OverheadWarmup   1: 16777216 op, 40052230.00 ns, 2.3873 ns/op
OverheadWarmup   2: 16777216 op, 40288186.00 ns, 2.4014 ns/op
OverheadWarmup   3: 16777216 op, 40106451.00 ns, 2.3905 ns/op
OverheadWarmup   4: 16777216 op, 39980293.00 ns, 2.3830 ns/op
OverheadWarmup   5: 16777216 op, 40065184.00 ns, 2.3881 ns/op
OverheadWarmup   6: 16777216 op, 39932910.00 ns, 2.3802 ns/op

OverheadActual   1: 16777216 op, 39984969.00 ns, 2.3833 ns/op
OverheadActual   2: 16777216 op, 39916696.00 ns, 2.3792 ns/op
OverheadActual   3: 16777216 op, 39932778.00 ns, 2.3802 ns/op
OverheadActual   4: 16777216 op, 39992204.00 ns, 2.3837 ns/op
OverheadActual   5: 16777216 op, 39954300.00 ns, 2.3815 ns/op
OverheadActual   6: 16777216 op, 39942770.00 ns, 2.3808 ns/op
OverheadActual   7: 16777216 op, 39958488.00 ns, 2.3817 ns/op
OverheadActual   8: 16777216 op, 40072406.00 ns, 2.3885 ns/op
OverheadActual   9: 16777216 op, 40117519.00 ns, 2.3912 ns/op
OverheadActual  10: 16777216 op, 39862166.00 ns, 2.3760 ns/op
OverheadActual  11: 16777216 op, 39984335.00 ns, 2.3833 ns/op
OverheadActual  12: 16777216 op, 39901489.00 ns, 2.3783 ns/op
OverheadActual  13: 16777216 op, 39870517.00 ns, 2.3765 ns/op
OverheadActual  14: 16777216 op, 39986473.00 ns, 2.3834 ns/op
OverheadActual  15: 16777216 op, 39893543.00 ns, 2.3778 ns/op

WorkloadWarmup   1: 16777216 op, 969541110.00 ns, 57.7892 ns/op
WorkloadWarmup   2: 16777216 op, 972878157.00 ns, 57.9881 ns/op
WorkloadWarmup   3: 16777216 op, 979688263.00 ns, 58.3940 ns/op
WorkloadWarmup   4: 16777216 op, 977773943.00 ns, 58.2799 ns/op
WorkloadWarmup   5: 16777216 op, 980125390.00 ns, 58.4200 ns/op
WorkloadWarmup   6: 16777216 op, 980482538.00 ns, 58.4413 ns/op
WorkloadWarmup   7: 16777216 op, 971556638.00 ns, 57.9093 ns/op

// BeforeActualRun
WorkloadActual   1: 16777216 op, 979871989.00 ns, 58.4049 ns/op
WorkloadActual   2: 16777216 op, 979960054.00 ns, 58.4102 ns/op
WorkloadActual   3: 16777216 op, 970194365.00 ns, 57.8281 ns/op
WorkloadActual   4: 16777216 op, 980939878.00 ns, 58.4686 ns/op
WorkloadActual   5: 16777216 op, 977804812.00 ns, 58.2817 ns/op
WorkloadActual   6: 16777216 op, 981064207.00 ns, 58.4760 ns/op
WorkloadActual   7: 16777216 op, 981620365.00 ns, 58.5091 ns/op
WorkloadActual   8: 16777216 op, 976325507.00 ns, 58.1935 ns/op
WorkloadActual   9: 16777216 op, 981284635.00 ns, 58.4891 ns/op
WorkloadActual  10: 16777216 op, 976299563.00 ns, 58.1920 ns/op
WorkloadActual  11: 16777216 op, 979831961.00 ns, 58.4025 ns/op
WorkloadActual  12: 16777216 op, 977613547.00 ns, 58.2703 ns/op
WorkloadActual  13: 16777216 op, 980669505.00 ns, 58.4525 ns/op
WorkloadActual  14: 16777216 op, 977238407.00 ns, 58.2479 ns/op
WorkloadActual  15: 16777216 op, 976666783.00 ns, 58.2139 ns/op

// AfterActualRun
WorkloadResult   1: 16777216 op, 939917689.00 ns, 56.0235 ns/op
WorkloadResult   2: 16777216 op, 940005754.00 ns, 56.0287 ns/op
WorkloadResult   3: 16777216 op, 930240065.00 ns, 55.4466 ns/op
WorkloadResult   4: 16777216 op, 940985578.00 ns, 56.0871 ns/op
WorkloadResult   5: 16777216 op, 937850512.00 ns, 55.9002 ns/op
WorkloadResult   6: 16777216 op, 941109907.00 ns, 56.0945 ns/op
WorkloadResult   7: 16777216 op, 941666065.00 ns, 56.1277 ns/op
WorkloadResult   8: 16777216 op, 936371207.00 ns, 55.8121 ns/op
WorkloadResult   9: 16777216 op, 941330335.00 ns, 56.1077 ns/op
WorkloadResult  10: 16777216 op, 936345263.00 ns, 55.8105 ns/op
WorkloadResult  11: 16777216 op, 939877661.00 ns, 56.0211 ns/op
WorkloadResult  12: 16777216 op, 937659247.00 ns, 55.8888 ns/op
WorkloadResult  13: 16777216 op, 940715205.00 ns, 56.0710 ns/op
WorkloadResult  14: 16777216 op, 937284107.00 ns, 55.8665 ns/op
WorkloadResult  15: 16777216 op, 936712483.00 ns, 55.8324 ns/op
// GC:  0 0 0 0 16777216
// Threading:  0 0 16777216

// AfterAll
// Benchmark Process 3059 has exited with code 0.

Mean = 55.941 ns, StdErr = 0.046 ns (0.08%), N = 15, StdDev = 0.178 ns
Min = 55.447 ns, Q1 = 55.849 ns, Median = 56.021 ns, Q3 = 56.079 ns, Max = 56.128 ns
IQR = 0.230 ns, LowerFence = 55.505 ns, UpperFence = 56.423 ns
ConfidenceInterval = [55.751 ns; 56.132 ns] (CI 99.9%), Margin = 0.191 ns (0.34% of Mean)
Skewness = -1.24, Kurtosis = 4.22, MValue = 2

// ** Remained 11 (68.8 %) benchmark(s) to run. Estimated finish 2026-10-09 16:59 (0h 3m from now) **
// **************************
// Benchmark: ErrorCodeMappingBenchmarks.MapMixedErrors: DefaultJob
// *** Execute ***
// Launch: 1 / 1
// Execute: dotnet Encina.AzureFunctions.Benchmarks-DefaultJob-1.dll --anonymousPipes 136 137 --benchmarkName Encina.AzureFunctions.Benchmarks.ErrorCodeMappingBenchmarks.MapMixedErrors --job Default --benchmarkId 5 in /home/runner/work/Encina/Encina/tests/Encina.BenchmarkTests/Encina.AzureFunctions.Benchmarks/bin/Release/net10.0/Encina.AzureFunctions.Benchmarks-DefaultJob-1/bin/Release/net10.0
// Failed to set up high priority (Permission denied). In order to run benchmarks with high priority, make sure you have the right permissions.
// BeforeAnythingElse

// Benchmark Process Environment Information:
// BenchmarkDotNet v0.15.8
// Runtime=.NET 10.0.12 (10.0.12, 10.0.1226.42308), X64 RyuJIT x86-64-v4
// GC=Concurrent Workstation
// HardwareIntrinsics=AVX512 BITALG+VBMI2+VNNI+VPOPCNTDQ,AVX512 IFMA+VBMI,AVX512 F+BW+CD+DQ+VL,AVX2+BMI1+BMI2+F16C+FMA+LZCNT+MOVBE,AVX,SSE3+SSSE3+SSE4.1+SSE4.2+POPCNT,X86Base+SSE+SSE2,AES+PCLMUL VectorSize=256
// Job: DefaultJob

OverheadJitting  1: 1 op, 195745.00 ns, 195.7450 us/op
WorkloadJitting  1: 1 op, 1045221.00 ns, 1.0452 ms/op

OverheadJitting  2: 16 op, 268558.00 ns, 16.7849 us/op
WorkloadJitting  2: 16 op, 262526.00 ns, 16.4079 us/op

WorkloadPilot    1: 16 op, 5940.00 ns, 371.2500 ns/op
WorkloadPilot    2: 32 op, 7262.00 ns, 226.9375 ns/op
WorkloadPilot    3: 64 op, 9300.00 ns, 145.3125 ns/op
WorkloadPilot    4: 128 op, 11434.00 ns, 89.3281 ns/op
WorkloadPilot    5: 256 op, 17997.00 ns, 70.3008 ns/op
WorkloadPilot    6: 512 op, 35288.00 ns, 68.9219 ns/op
WorkloadPilot    7: 1024 op, 69730.00 ns, 68.0957 ns/op
WorkloadPilot    8: 2048 op, 141299.00 ns, 68.9937 ns/op
WorkloadPilot    9: 4096 op, 278239.00 ns, 67.9294 ns/op
WorkloadPilot   10: 8192 op, 580783.00 ns, 70.8964 ns/op
WorkloadPilot   11: 16384 op, 1136419.00 ns, 69.3615 ns/op
WorkloadPilot   12: 32768 op, 2221801.00 ns, 67.8040 ns/op
WorkloadPilot   13: 65536 op, 4446867.00 ns, 67.8538 ns/op
WorkloadPilot   14: 131072 op, 9121197.00 ns, 69.5892 ns/op
WorkloadPilot   15: 262144 op, 17856594.00 ns, 68.1175 ns/op
WorkloadPilot   16: 524288 op, 35621228.00 ns, 67.9421 ns/op
WorkloadPilot   17: 1048576 op, 71394991.00 ns, 68.0876 ns/op
WorkloadPilot   18: 2097152 op, 142855227.00 ns, 68.1187 ns/op
WorkloadPilot   19: 4194304 op, 286631768.00 ns, 68.3383 ns/op
WorkloadPilot   20: 8388608 op, 586111291.00 ns, 69.8699 ns/op

OverheadWarmup   1: 8388608 op, 20078700.00 ns, 2.3936 ns/op
OverheadWarmup   2: 8388608 op, 20013437.00 ns, 2.3858 ns/op
OverheadWarmup   3: 8388608 op, 19978376.00 ns, 2.3816 ns/op
OverheadWarmup   4: 8388608 op, 19963547.00 ns, 2.3798 ns/op
OverheadWarmup   5: 8388608 op, 20066813.00 ns, 2.3922 ns/op
OverheadWarmup   6: 8388608 op, 20022539.00 ns, 2.3869 ns/op
OverheadWarmup   7: 8388608 op, 20056512.00 ns, 2.3909 ns/op
OverheadWarmup   8: 8388608 op, 19966971.00 ns, 2.3802 ns/op

OverheadActual   1: 8388608 op, 20025699.00 ns, 2.3872 ns/op
OverheadActual   2: 8388608 op, 20055183.00 ns, 2.3908 ns/op
OverheadActual   3: 8388608 op, 19986947.00 ns, 2.3826 ns/op
OverheadActual   4: 8388608 op, 20095811.00 ns, 2.3956 ns/op
OverheadActual   5: 8388608 op, 20016695.00 ns, 2.3862 ns/op
OverheadActual   6: 8388608 op, 20065526.00 ns, 2.3920 ns/op
OverheadActual   7: 8388608 op, 20066854.00 ns, 2.3922 ns/op
OverheadActual   8: 8388608 op, 20115365.00 ns, 2.3979 ns/op
OverheadActual   9: 8388608 op, 20013687.00 ns, 2.3858 ns/op
OverheadActual  10: 8388608 op, 19957857.00 ns, 2.3792 ns/op
OverheadActual  11: 8388608 op, 19967965.00 ns, 2.3804 ns/op
OverheadActual  12: 8388608 op, 20014683.00 ns, 2.3859 ns/op
OverheadActual  13: 8388608 op, 20020938.00 ns, 2.3867 ns/op
OverheadActual  14: 8388608 op, 19975558.00 ns, 2.3813 ns/op
OverheadActual  15: 8388608 op, 19981038.00 ns, 2.3819 ns/op

WorkloadWarmup   1: 8388608 op, 574486922.00 ns, 68.4842 ns/op
WorkloadWarmup   2: 8388608 op, 571709975.00 ns, 68.1531 ns/op
WorkloadWarmup   3: 8388608 op, 574255876.00 ns, 68.4566 ns/op
WorkloadWarmup   4: 8388608 op, 570077131.00 ns, 67.9585 ns/op
WorkloadWarmup   5: 8388608 op, 575691874.00 ns, 68.6278 ns/op
WorkloadWarmup   6: 8388608 op, 571787526.00 ns, 68.1624 ns/op

// BeforeActualRun
WorkloadActual   1: 8388608 op, 572286383.00 ns, 68.2219 ns/op
WorkloadActual   2: 8388608 op, 575157464.00 ns, 68.5641 ns/op
WorkloadActual   3: 8388608 op, 571433594.00 ns, 68.1202 ns/op
WorkloadActual   4: 8388608 op, 571048558.00 ns, 68.0743 ns/op
WorkloadActual   5: 8388608 op, 576169546.00 ns, 68.6848 ns/op
WorkloadActual   6: 8388608 op, 586845737.00 ns, 69.9575 ns/op
WorkloadActual   7: 8388608 op, 572713104.00 ns, 68.2727 ns/op
WorkloadActual   8: 8388608 op, 583224259.00 ns, 69.5257 ns/op
WorkloadActual   9: 8388608 op, 587924064.00 ns, 70.0860 ns/op
WorkloadActual  10: 8388608 op, 572010173.00 ns, 68.1889 ns/op
WorkloadActual  11: 8388608 op, 575833286.00 ns, 68.6447 ns/op
WorkloadActual  12: 8388608 op, 579538430.00 ns, 69.0864 ns/op
WorkloadActual  13: 8388608 op, 573253680.00 ns, 68.3372 ns/op
WorkloadActual  14: 8388608 op, 574066746.00 ns, 68.4341 ns/op
WorkloadActual  15: 8388608 op, 572781400.00 ns, 68.2809 ns/op

// AfterActualRun
WorkloadResult   1: 8388608 op, 552269688.00 ns, 65.8357 ns/op
WorkloadResult   2: 8388608 op, 555140769.00 ns, 66.1779 ns/op
WorkloadResult   3: 8388608 op, 551416899.00 ns, 65.7340 ns/op
WorkloadResult   4: 8388608 op, 551031863.00 ns, 65.6881 ns/op
WorkloadResult   5: 8388608 op, 556152851.00 ns, 66.2986 ns/op
WorkloadResult   6: 8388608 op, 552696409.00 ns, 65.8865 ns/op
WorkloadResult   7: 8388608 op, 563207564.00 ns, 67.1396 ns/op
WorkloadResult   8: 8388608 op, 551993478.00 ns, 65.8028 ns/op
WorkloadResult   9: 8388608 op, 555816591.00 ns, 66.2585 ns/op
WorkloadResult  10: 8388608 op, 559521735.00 ns, 66.7002 ns/op
WorkloadResult  11: 8388608 op, 553236985.00 ns, 65.9510 ns/op
WorkloadResult  12: 8388608 op, 554050051.00 ns, 66.0479 ns/op
WorkloadResult  13: 8388608 op, 552764705.00 ns, 65.8947 ns/op
// GC:  0 0 0 0 8388608
// Threading:  0 0 8388608

// AfterAll
// Benchmark Process 3074 has exited with code 0.

Mean = 66.109 ns, StdErr = 0.116 ns (0.17%), N = 13, StdDev = 0.417 ns
Min = 65.688 ns, Q1 = 65.836 ns, Median = 65.951 ns, Q3 = 66.259 ns, Max = 67.140 ns
IQR = 0.423 ns, LowerFence = 65.201 ns, UpperFence = 66.893 ns
ConfidenceInterval = [65.610 ns; 66.608 ns] (CI 99.9%), Margin = 0.499 ns (0.76% of Mean)
Skewness = 1.18, Kurtosis = 3.37, MValue = 2

// ** Remained 10 (62.5 %) benchmark(s) to run. Estimated finish 2026-10-09 16:58 (0h 3m from now) **
// **************************
// Benchmark: ErrorCodeMappingBenchmarks.MapAuthorizationUnauthenticated: ShortRun(IterationCount=3, LaunchCount=1, WarmupCount=3)
// *** Execute ***
// Launch: 1 / 1
// Execute: dotnet Encina.AzureFunctions.Benchmarks-DefaultJob-1.dll --anonymousPipes 136 137 --benchmarkName Encina.AzureFunctions.Benchmarks.ErrorCodeMappingBenchmarks.MapAuthorizationUnauthenticated --job ShortRun --benchmarkId 6 in /home/runner/work/Encina/Encina/tests/Encina.BenchmarkTests/Encina.AzureFunctions.Benchmarks/bin/Release/net10.0/Encina.AzureFunctions.Benchmarks-DefaultJob-1/bin/Release/net10.0
// Failed to set up high priority (Permission denied). In order to run benchmarks with high priority, make sure you have the right permissions.
// BeforeAnythingElse

// Benchmark Process Environment Information:
// BenchmarkDotNet v0.15.8
// Runtime=.NET 10.0.12 (10.0.12, 10.0.1226.42308), X64 RyuJIT x86-64-v4
// GC=Concurrent Workstation
// HardwareIntrinsics=AVX512 BITALG+VBMI2+VNNI+VPOPCNTDQ,AVX512 IFMA+VBMI,AVX512 F+BW+CD+DQ+VL,AVX2+BMI1+BMI2+F16C+FMA+LZCNT+MOVBE,AVX,SSE3+SSSE3+SSE4.1+SSE4.2+POPCNT,X86Base+SSE+SSE2,AES+PCLMUL VectorSize=256
// Job: ShortRun(IterationCount=3, LaunchCount=1, WarmupCount=3)

OverheadJitting  1: 1 op, 220857.00 ns, 220.8570 us/op
WorkloadJitting  1: 1 op, 978548.00 ns, 978.5480 us/op

OverheadJitting  2: 16 op, 244532.00 ns, 15.2833 us/op
WorkloadJitting  2: 16 op, 285620.00 ns, 17.8513 us/op

WorkloadPilot    1: 16 op, 3538.00 ns, 221.1250 ns/op
WorkloadPilot    2: 32 op, 3633.00 ns, 113.5313 ns/op
WorkloadPilot    3: 64 op, 4223.00 ns, 65.9844 ns/op
WorkloadPilot    4: 128 op, 5864.00 ns, 45.8125 ns/op
WorkloadPilot    5: 256 op, 8635.00 ns, 33.7305 ns/op
WorkloadPilot    6: 512 op, 15640.00 ns, 30.5469 ns/op
WorkloadPilot    7: 1024 op, 33452.00 ns, 32.6680 ns/op
WorkloadPilot    8: 2048 op, 42655.00 ns, 20.8276 ns/op
WorkloadPilot    9: 4096 op, 82776.00 ns, 20.2090 ns/op
WorkloadPilot   10: 8192 op, 140216.00 ns, 17.1162 ns/op
WorkloadPilot   11: 16384 op, 279522.00 ns, 17.0607 ns/op
WorkloadPilot   12: 32768 op, 591289.00 ns, 18.0447 ns/op
WorkloadPilot   13: 65536 op, 1153658.00 ns, 17.6034 ns/op
WorkloadPilot   14: 131072 op, 2275764.00 ns, 17.3627 ns/op
WorkloadPilot   15: 262144 op, 4295635.00 ns, 16.3865 ns/op
WorkloadPilot   16: 524288 op, 8976425.00 ns, 17.1212 ns/op
WorkloadPilot   17: 1048576 op, 16803440.00 ns, 16.0250 ns/op
WorkloadPilot   18: 2097152 op, 33302082.00 ns, 15.8797 ns/op
WorkloadPilot   19: 4194304 op, 66392094.00 ns, 15.8291 ns/op
WorkloadPilot   20: 8388608 op, 132486352.00 ns, 15.7936 ns/op
WorkloadPilot   21: 16777216 op, 285664413.00 ns, 17.0269 ns/op
WorkloadPilot   22: 33554432 op, 572642816.00 ns, 17.0661 ns/op

OverheadWarmup   1: 33554432 op, 80022931.00 ns, 2.3849 ns/op
OverheadWarmup   2: 33554432 op, 80502565.00 ns, 2.3992 ns/op
OverheadWarmup   3: 33554432 op, 80278541.00 ns, 2.3925 ns/op
OverheadWarmup   4: 33554432 op, 79875238.00 ns, 2.3805 ns/op
OverheadWarmup   5: 33554432 op, 79821540.00 ns, 2.3789 ns/op
OverheadWarmup   6: 33554432 op, 79896861.00 ns, 2.3811 ns/op
OverheadWarmup   7: 33554432 op, 79839066.00 ns, 2.3794 ns/op

OverheadActual   1: 33554432 op, 79918716.00 ns, 2.3818 ns/op
OverheadActual   2: 33554432 op, 80232527.00 ns, 2.3911 ns/op
OverheadActual   3: 33554432 op, 79922818.00 ns, 2.3819 ns/op
OverheadActual   4: 33554432 op, 80075636.00 ns, 2.3864 ns/op
OverheadActual   5: 33554432 op, 79867404.00 ns, 2.3802 ns/op
OverheadActual   6: 33554432 op, 80556259.00 ns, 2.4008 ns/op
OverheadActual   7: 33554432 op, 80192824.00 ns, 2.3899 ns/op
OverheadActual   8: 33554432 op, 79883063.00 ns, 2.3807 ns/op
OverheadActual   9: 33554432 op, 79821325.00 ns, 2.3789 ns/op
OverheadActual  10: 33554432 op, 79811416.00 ns, 2.3786 ns/op
OverheadActual  11: 33554432 op, 80018205.00 ns, 2.3847 ns/op
OverheadActual  12: 33554432 op, 80068145.00 ns, 2.3862 ns/op
OverheadActual  13: 33554432 op, 79799276.00 ns, 2.3782 ns/op
OverheadActual  14: 33554432 op, 79879945.00 ns, 2.3806 ns/op
OverheadActual  15: 33554432 op, 79883637.00 ns, 2.3807 ns/op

WorkloadWarmup   1: 33554432 op, 571890371.00 ns, 17.0437 ns/op
WorkloadWarmup   2: 33554432 op, 571275388.00 ns, 17.0253 ns/op
WorkloadWarmup   3: 33554432 op, 570546818.00 ns, 17.0036 ns/op

// BeforeActualRun
WorkloadActual   1: 33554432 op, 572851124.00 ns, 17.0723 ns/op
WorkloadActual   2: 33554432 op, 570904818.00 ns, 17.0143 ns/op
WorkloadActual   3: 33554432 op, 571353083.00 ns, 17.0276 ns/op

// AfterActualRun
WorkloadResult   1: 33554432 op, 492932408.00 ns, 14.6905 ns/op
WorkloadResult   2: 33554432 op, 490986102.00 ns, 14.6325 ns/op
WorkloadResult   3: 33554432 op, 491434367.00 ns, 14.6459 ns/op
// GC:  0 0 0 0 33554432
// Threading:  0 0 33554432

// AfterAll
// Benchmark Process 3085 has exited with code 0.

Mean = 14.656 ns, StdErr = 0.018 ns (0.12%), N = 3, StdDev = 0.030 ns
Min = 14.633 ns, Q1 = 14.639 ns, Median = 14.646 ns, Q3 = 14.668 ns, Max = 14.691 ns
IQR = 0.029 ns, LowerFence = 14.596 ns, UpperFence = 14.712 ns
ConfidenceInterval = [14.102 ns; 15.210 ns] (CI 99.9%), Margin = 0.554 ns (3.78% of Mean)
Skewness = 0.3, Kurtosis = 0.67, MValue = 2

// ** Remained 9 (56.2 %) benchmark(s) to run. Estimated finish 2026-10-09 16:58 (0h 2m from now) **
// **************************
// Benchmark: ErrorCodeMappingBenchmarks.MapAuthorizationForbidden: ShortRun(IterationCount=3, LaunchCount=1, WarmupCount=3)
// *** Execute ***
// Launch: 1 / 1
// Execute: dotnet Encina.AzureFunctions.Benchmarks-DefaultJob-1.dll --anonymousPipes 136 137 --benchmarkName Encina.AzureFunctions.Benchmarks.ErrorCodeMappingBenchmarks.MapAuthorizationForbidden --job ShortRun --benchmarkId 7 in /home/runner/work/Encina/Encina/tests/Encina.BenchmarkTests/Encina.AzureFunctions.Benchmarks/bin/Release/net10.0/Encina.AzureFunctions.Benchmarks-DefaultJob-1/bin/Release/net10.0
// Failed to set up high priority (Permission denied). In order to run benchmarks with high priority, make sure you have the right permissions.
// BeforeAnythingElse

// Benchmark Process Environment Information:
// BenchmarkDotNet v0.15.8
// Runtime=.NET 10.0.12 (10.0.12, 10.0.1226.42308), X64 RyuJIT x86-64-v4
// GC=Concurrent Workstation
// HardwareIntrinsics=AVX512 BITALG+VBMI2+VNNI+VPOPCNTDQ,AVX512 IFMA+VBMI,AVX512 F+BW+CD+DQ+VL,AVX2+BMI1+BMI2+F16C+FMA+LZCNT+MOVBE,AVX,SSE3+SSSE3+SSE4.1+SSE4.2+POPCNT,X86Base+SSE+SSE2,AES+PCLMUL VectorSize=256
// Job: ShortRun(IterationCount=3, LaunchCount=1, WarmupCount=3)

OverheadJitting  1: 1 op, 205606.00 ns, 205.6060 us/op
WorkloadJitting  1: 1 op, 917662.00 ns, 917.6620 us/op

OverheadJitting  2: 16 op, 229741.00 ns, 14.3588 us/op
WorkloadJitting  2: 16 op, 280764.00 ns, 17.5478 us/op

WorkloadPilot    1: 16 op, 1806.00 ns, 112.8750 ns/op
WorkloadPilot    2: 32 op, 1613.00 ns, 50.4063 ns/op
WorkloadPilot    3: 64 op, 2029.00 ns, 31.7031 ns/op
WorkloadPilot    4: 128 op, 4033.00 ns, 31.5078 ns/op
WorkloadPilot    5: 256 op, 7956.00 ns, 31.0781 ns/op
WorkloadPilot    6: 512 op, 15571.00 ns, 30.4121 ns/op
WorkloadPilot    7: 1024 op, 33724.00 ns, 32.9336 ns/op
WorkloadPilot    8: 2048 op, 50692.00 ns, 24.7520 ns/op
WorkloadPilot    9: 4096 op, 75917.00 ns, 18.5344 ns/op
WorkloadPilot   10: 8192 op, 156899.00 ns, 19.1527 ns/op
WorkloadPilot   11: 16384 op, 297754.00 ns, 18.1735 ns/op
WorkloadPilot   12: 32768 op, 591047.00 ns, 18.0373 ns/op
WorkloadPilot   13: 65536 op, 1221362.00 ns, 18.6365 ns/op
WorkloadPilot   14: 131072 op, 2385557.00 ns, 18.2004 ns/op
WorkloadPilot   15: 262144 op, 4809699.00 ns, 18.3475 ns/op
WorkloadPilot   16: 524288 op, 9648238.00 ns, 18.4026 ns/op
WorkloadPilot   17: 1048576 op, 18913707.00 ns, 18.0375 ns/op
WorkloadPilot   18: 2097152 op, 37322282.00 ns, 17.7967 ns/op
WorkloadPilot   19: 4194304 op, 75060670.00 ns, 17.8959 ns/op
WorkloadPilot   20: 8388608 op, 148864990.00 ns, 17.7461 ns/op
WorkloadPilot   21: 16777216 op, 296576883.00 ns, 17.6774 ns/op
WorkloadPilot   22: 33554432 op, 597203343.00 ns, 17.7980 ns/op

OverheadWarmup   1: 33554432 op, 79936934.00 ns, 2.3823 ns/op
OverheadWarmup   2: 33554432 op, 80138866.00 ns, 2.3883 ns/op
OverheadWarmup   3: 33554432 op, 79901888.00 ns, 2.3813 ns/op
OverheadWarmup   4: 33554432 op, 79919892.00 ns, 2.3818 ns/op
OverheadWarmup   5: 33554432 op, 80100926.00 ns, 2.3872 ns/op
OverheadWarmup   6: 33554432 op, 79894485.00 ns, 2.3810 ns/op

OverheadActual   1: 33554432 op, 79905674.00 ns, 2.3814 ns/op
OverheadActual   2: 33554432 op, 79955264.00 ns, 2.3829 ns/op
OverheadActual   3: 33554432 op, 80314548.00 ns, 2.3936 ns/op
OverheadActual   4: 33554432 op, 80013571.00 ns, 2.3846 ns/op
OverheadActual   5: 33554432 op, 79881869.00 ns, 2.3807 ns/op
OverheadActual   6: 33554432 op, 80202894.00 ns, 2.3902 ns/op
OverheadActual   7: 33554432 op, 79881741.00 ns, 2.3807 ns/op
OverheadActual   8: 33554432 op, 79923210.00 ns, 2.3819 ns/op
OverheadActual   9: 33554432 op, 79903154.00 ns, 2.3813 ns/op
OverheadActual  10: 33554432 op, 79791405.00 ns, 2.3780 ns/op
OverheadActual  11: 33554432 op, 79886864.00 ns, 2.3808 ns/op
OverheadActual  12: 33554432 op, 79992860.00 ns, 2.3840 ns/op
OverheadActual  13: 33554432 op, 79999767.00 ns, 2.3842 ns/op
OverheadActual  14: 33554432 op, 80012301.00 ns, 2.3846 ns/op
OverheadActual  15: 33554432 op, 79924010.00 ns, 2.3819 ns/op

WorkloadWarmup   1: 33554432 op, 594538382.00 ns, 17.7186 ns/op
WorkloadWarmup   2: 33554432 op, 594876289.00 ns, 17.7287 ns/op
WorkloadWarmup   3: 33554432 op, 594875813.00 ns, 17.7287 ns/op

// BeforeActualRun
WorkloadActual   1: 33554432 op, 595092256.00 ns, 17.7351 ns/op
WorkloadActual   2: 33554432 op, 594373186.00 ns, 17.7137 ns/op
WorkloadActual   3: 33554432 op, 595256861.00 ns, 17.7400 ns/op

// AfterActualRun
WorkloadResult   1: 33554432 op, 515168246.00 ns, 15.3532 ns/op
WorkloadResult   2: 33554432 op, 514449176.00 ns, 15.3318 ns/op
WorkloadResult   3: 33554432 op, 515332851.00 ns, 15.3581 ns/op
// GC:  0 0 0 0 33554432
// Threading:  0 0 33554432

// AfterAll
// Benchmark Process 3094 has exited with code 0.

Mean = 15.348 ns, StdErr = 0.008 ns (0.05%), N = 3, StdDev = 0.014 ns
Min = 15.332 ns, Q1 = 15.342 ns, Median = 15.353 ns, Q3 = 15.356 ns, Max = 15.358 ns
IQR = 0.013 ns, LowerFence = 15.323 ns, UpperFence = 15.375 ns
ConfidenceInterval = [15.092 ns; 15.603 ns] (CI 99.9%), Margin = 0.256 ns (1.66% of Mean)
Skewness = -0.33, Kurtosis = 0.67, MValue = 2

// ** Remained 8 (50.0 %) benchmark(s) to run. Estimated finish 2026-10-09 16:57 (0h 2m from now) **
// **************************
// Benchmark: ErrorCodeMappingBenchmarks.MapConflictError: ShortRun(IterationCount=3, LaunchCount=1, WarmupCount=3)
// *** Execute ***
// Launch: 1 / 1
// Execute: dotnet Encina.AzureFunctions.Benchmarks-DefaultJob-1.dll --anonymousPipes 136 137 --benchmarkName Encina.AzureFunctions.Benchmarks.ErrorCodeMappingBenchmarks.MapConflictError --job ShortRun --benchmarkId 8 in /home/runner/work/Encina/Encina/tests/Encina.BenchmarkTests/Encina.AzureFunctions.Benchmarks/bin/Release/net10.0/Encina.AzureFunctions.Benchmarks-DefaultJob-1/bin/Release/net10.0
// Failed to set up high priority (Permission denied). In order to run benchmarks with high priority, make sure you have the right permissions.
// BeforeAnythingElse

// Benchmark Process Environment Information:
// BenchmarkDotNet v0.15.8
// Runtime=.NET 10.0.12 (10.0.12, 10.0.1226.42308), X64 RyuJIT x86-64-v4
// GC=Concurrent Workstation
// HardwareIntrinsics=AVX512 BITALG+VBMI2+VNNI+VPOPCNTDQ,AVX512 IFMA+VBMI,AVX512 F+BW+CD+DQ+VL,AVX2+BMI1+BMI2+F16C+FMA+LZCNT+MOVBE,AVX,SSE3+SSSE3+SSE4.1+SSE4.2+POPCNT,X86Base+SSE+SSE2,AES+PCLMUL VectorSize=256
// Job: ShortRun(IterationCount=3, LaunchCount=1, WarmupCount=3)

OverheadJitting  1: 1 op, 208728.00 ns, 208.7280 us/op
WorkloadJitting  1: 1 op, 962468.00 ns, 962.4680 us/op

OverheadJitting  2: 16 op, 279090.00 ns, 17.4431 us/op
WorkloadJitting  2: 16 op, 239724.00 ns, 14.9828 us/op

WorkloadPilot    1: 16 op, 1698.00 ns, 106.1250 ns/op
WorkloadPilot    2: 32 op, 1761.00 ns, 55.0313 ns/op
WorkloadPilot    3: 64 op, 1668.00 ns, 26.0625 ns/op
WorkloadPilot    4: 128 op, 2420.00 ns, 18.9063 ns/op
WorkloadPilot    5: 256 op, 4196.00 ns, 16.3906 ns/op
WorkloadPilot    6: 512 op, 8561.00 ns, 16.7207 ns/op
WorkloadPilot    7: 1024 op, 16880.00 ns, 16.4844 ns/op
WorkloadPilot    8: 2048 op, 29484.00 ns, 14.3965 ns/op
WorkloadPilot    9: 4096 op, 58050.00 ns, 14.1724 ns/op
WorkloadPilot   10: 8192 op, 154477.00 ns, 18.8571 ns/op
WorkloadPilot   11: 16384 op, 230549.00 ns, 14.0716 ns/op
WorkloadPilot   12: 32768 op, 522595.00 ns, 15.9483 ns/op
WorkloadPilot   13: 65536 op, 1060274.00 ns, 16.1785 ns/op
WorkloadPilot   14: 131072 op, 2030736.00 ns, 15.4933 ns/op
WorkloadPilot   15: 262144 op, 4136282.00 ns, 15.7787 ns/op
WorkloadPilot   16: 524288 op, 8366326.00 ns, 15.9575 ns/op
WorkloadPilot   17: 1048576 op, 16389191.00 ns, 15.6300 ns/op
WorkloadPilot   18: 2097152 op, 31482518.00 ns, 15.0120 ns/op
WorkloadPilot   19: 4194304 op, 62920477.00 ns, 15.0014 ns/op
WorkloadPilot   20: 8388608 op, 128597769.00 ns, 15.3300 ns/op
WorkloadPilot   21: 16777216 op, 256998901.00 ns, 15.3183 ns/op
WorkloadPilot   22: 33554432 op, 519832735.00 ns, 15.4922 ns/op

OverheadWarmup   1: 33554432 op, 79943399.00 ns, 2.3825 ns/op
OverheadWarmup   2: 33554432 op, 79814998.00 ns, 2.3787 ns/op
OverheadWarmup   3: 33554432 op, 79966774.00 ns, 2.3832 ns/op
OverheadWarmup   4: 33554432 op, 80005726.00 ns, 2.3844 ns/op
OverheadWarmup   5: 33554432 op, 80375357.00 ns, 2.3954 ns/op
OverheadWarmup   6: 33554432 op, 79898957.00 ns, 2.3812 ns/op
OverheadWarmup   7: 33554432 op, 80160802.00 ns, 2.3890 ns/op
OverheadWarmup   8: 33554432 op, 80106651.00 ns, 2.3874 ns/op

OverheadActual   1: 33554432 op, 80082446.00 ns, 2.3866 ns/op
OverheadActual   2: 33554432 op, 83903992.00 ns, 2.5005 ns/op
OverheadActual   3: 33554432 op, 80047042.00 ns, 2.3856 ns/op
OverheadActual   4: 33554432 op, 79944144.00 ns, 2.3825 ns/op
OverheadActual   5: 33554432 op, 79798435.00 ns, 2.3782 ns/op
OverheadActual   6: 33554432 op, 79830415.00 ns, 2.3791 ns/op
OverheadActual   7: 33554432 op, 79825291.00 ns, 2.3790 ns/op
OverheadActual   8: 33554432 op, 80082338.00 ns, 2.3866 ns/op
OverheadActual   9: 33554432 op, 79959752.00 ns, 2.3830 ns/op
OverheadActual  10: 33554432 op, 79876305.00 ns, 2.3805 ns/op
OverheadActual  11: 33554432 op, 80090178.00 ns, 2.3869 ns/op
OverheadActual  12: 33554432 op, 79952470.00 ns, 2.3828 ns/op
OverheadActual  13: 33554432 op, 79843909.00 ns, 2.3795 ns/op
OverheadActual  14: 33554432 op, 79811957.00 ns, 2.3786 ns/op
OverheadActual  15: 33554432 op, 80213376.00 ns, 2.3905 ns/op

WorkloadWarmup   1: 33554432 op, 515772967.00 ns, 15.3712 ns/op
WorkloadWarmup   2: 33554432 op, 518745132.00 ns, 15.4598 ns/op
WorkloadWarmup   3: 33554432 op, 510033139.00 ns, 15.2002 ns/op

// BeforeActualRun
WorkloadActual   1: 33554432 op, 519854929.00 ns, 15.4929 ns/op
WorkloadActual   2: 33554432 op, 517264200.00 ns, 15.4157 ns/op
WorkloadActual   3: 33554432 op, 518009642.00 ns, 15.4379 ns/op

// AfterActualRun
WorkloadResult   1: 33554432 op, 439902459.00 ns, 13.1101 ns/op
WorkloadResult   2: 33554432 op, 437311730.00 ns, 13.0329 ns/op
WorkloadResult   3: 33554432 op, 438057172.00 ns, 13.0551 ns/op
// GC:  0 0 0 0 33554432
// Threading:  0 0 33554432

// AfterAll
// Benchmark Process 3102 has exited with code 0.

Mean = 13.066 ns, StdErr = 0.023 ns (0.18%), N = 3, StdDev = 0.040 ns
Min = 13.033 ns, Q1 = 13.044 ns, Median = 13.055 ns, Q3 = 13.083 ns, Max = 13.110 ns
IQR = 0.039 ns, LowerFence = 12.986 ns, UpperFence = 13.141 ns
ConfidenceInterval = [12.341 ns; 13.791 ns] (CI 99.9%), Margin = 0.725 ns (5.55% of Mean)
Skewness = 0.25, Kurtosis = 0.67, MValue = 2

// ** Remained 7 (43.8 %) benchmark(s) to run. Estimated finish 2026-10-09 16:57 (0h 1m from now) **
// **************************
// Benchmark: ErrorCodeMappingBenchmarks.MapUnknownError: ShortRun(IterationCount=3, LaunchCount=1, WarmupCount=3)
// *** Execute ***
// Launch: 1 / 1
// Execute: dotnet Encina.AzureFunctions.Benchmarks-DefaultJob-1.dll --anonymousPipes 136 137 --benchmarkName Encina.AzureFunctions.Benchmarks.ErrorCodeMappingBenchmarks.MapUnknownError --job ShortRun --benchmarkId 9 in /home/runner/work/Encina/Encina/tests/Encina.BenchmarkTests/Encina.AzureFunctions.Benchmarks/bin/Release/net10.0/Encina.AzureFunctions.Benchmarks-DefaultJob-1/bin/Release/net10.0
// Failed to set up high priority (Permission denied). In order to run benchmarks with high priority, make sure you have the right permissions.
// BeforeAnythingElse

// Benchmark Process Environment Information:
// BenchmarkDotNet v0.15.8
// Runtime=.NET 10.0.12 (10.0.12, 10.0.1226.42308), X64 RyuJIT x86-64-v4
// GC=Concurrent Workstation
// HardwareIntrinsics=AVX512 BITALG+VBMI2+VNNI+VPOPCNTDQ,AVX512 IFMA+VBMI,AVX512 F+BW+CD+DQ+VL,AVX2+BMI1+BMI2+F16C+FMA+LZCNT+MOVBE,AVX,SSE3+SSSE3+SSE4.1+SSE4.2+POPCNT,X86Base+SSE+SSE2,AES+PCLMUL VectorSize=256
// Job: ShortRun(IterationCount=3, LaunchCount=1, WarmupCount=3)

OverheadJitting  1: 1 op, 222088.00 ns, 222.0880 us/op
WorkloadJitting  1: 1 op, 971748.00 ns, 971.7480 us/op

OverheadJitting  2: 16 op, 270045.00 ns, 16.8778 us/op
WorkloadJitting  2: 16 op, 271683.00 ns, 16.9802 us/op

WorkloadPilot    1: 16 op, 3957.00 ns, 247.3125 ns/op
WorkloadPilot    2: 32 op, 3463.00 ns, 108.2188 ns/op
WorkloadPilot    3: 64 op, 4152.00 ns, 64.8750 ns/op
WorkloadPilot    4: 128 op, 6175.00 ns, 48.2422 ns/op
WorkloadPilot    5: 256 op, 8924.00 ns, 34.8594 ns/op
WorkloadPilot    6: 512 op, 14742.00 ns, 28.7930 ns/op
WorkloadPilot    7: 1024 op, 25604.00 ns, 25.0039 ns/op
WorkloadPilot    8: 2048 op, 48651.00 ns, 23.7554 ns/op
WorkloadPilot    9: 4096 op, 86109.00 ns, 21.0227 ns/op
WorkloadPilot   10: 8192 op, 152506.00 ns, 18.6165 ns/op
WorkloadPilot   11: 16384 op, 318466.00 ns, 19.4376 ns/op
WorkloadPilot   12: 32768 op, 574825.00 ns, 17.5423 ns/op
WorkloadPilot   13: 65536 op, 1003805.00 ns, 15.3168 ns/op
WorkloadPilot   14: 131072 op, 2253950.00 ns, 17.1963 ns/op
WorkloadPilot   15: 262144 op, 4262546.00 ns, 16.2603 ns/op
WorkloadPilot   16: 524288 op, 8543583.00 ns, 16.2956 ns/op
WorkloadPilot   17: 1048576 op, 16705454.00 ns, 15.9316 ns/op
WorkloadPilot   18: 2097152 op, 33591979.00 ns, 16.0179 ns/op
WorkloadPilot   19: 4194304 op, 65704497.00 ns, 15.6652 ns/op
WorkloadPilot   20: 8388608 op, 133047584.00 ns, 15.8605 ns/op
WorkloadPilot   21: 16777216 op, 264620587.00 ns, 15.7726 ns/op
WorkloadPilot   22: 33554432 op, 526690792.00 ns, 15.6966 ns/op

OverheadWarmup   1: 33554432 op, 80079253.00 ns, 2.3865 ns/op
OverheadWarmup   2: 33554432 op, 80081097.00 ns, 2.3866 ns/op
OverheadWarmup   3: 33554432 op, 79941139.00 ns, 2.3824 ns/op
OverheadWarmup   4: 33554432 op, 80284204.00 ns, 2.3927 ns/op
OverheadWarmup   5: 33554432 op, 79840536.00 ns, 2.3794 ns/op

OverheadActual   1: 33554432 op, 79877357.00 ns, 2.3805 ns/op
OverheadActual   2: 33554432 op, 79976551.00 ns, 2.3835 ns/op
OverheadActual   3: 33554432 op, 79896888.00 ns, 2.3811 ns/op
OverheadActual   4: 33554432 op, 80026692.00 ns, 2.3850 ns/op
OverheadActual   5: 33554432 op, 79899274.00 ns, 2.3812 ns/op
OverheadActual   6: 33554432 op, 79866686.00 ns, 2.3802 ns/op
OverheadActual   7: 33554432 op, 79959385.00 ns, 2.3830 ns/op
OverheadActual   8: 33554432 op, 79763252.00 ns, 2.3771 ns/op
OverheadActual   9: 33554432 op, 79920689.00 ns, 2.3818 ns/op
OverheadActual  10: 33554432 op, 80129196.00 ns, 2.3880 ns/op
OverheadActual  11: 33554432 op, 79978020.00 ns, 2.3835 ns/op
OverheadActual  12: 33554432 op, 79901665.00 ns, 2.3813 ns/op
OverheadActual  13: 33554432 op, 79785658.00 ns, 2.3778 ns/op
OverheadActual  14: 33554432 op, 79851586.00 ns, 2.3798 ns/op
OverheadActual  15: 33554432 op, 79913293.00 ns, 2.3816 ns/op

WorkloadWarmup   1: 33554432 op, 533999252.00 ns, 15.9144 ns/op
WorkloadWarmup   2: 33554432 op, 525266664.00 ns, 15.6542 ns/op
WorkloadWarmup   3: 33554432 op, 530100767.00 ns, 15.7982 ns/op

// BeforeActualRun
WorkloadActual   1: 33554432 op, 532046517.00 ns, 15.8562 ns/op
WorkloadActual   2: 33554432 op, 529173955.00 ns, 15.7706 ns/op
WorkloadActual   3: 33554432 op, 526710262.00 ns, 15.6972 ns/op

// AfterActualRun
WorkloadResult   1: 33554432 op, 452144852.00 ns, 13.4750 ns/op
WorkloadResult   2: 33554432 op, 449272290.00 ns, 13.3894 ns/op
WorkloadResult   3: 33554432 op, 446808597.00 ns, 13.3159 ns/op
// GC:  0 0 0 0 33554432
// Threading:  0 0 33554432

// AfterAll
// Benchmark Process 3112 has exited with code 0.

Mean = 13.393 ns, StdErr = 0.046 ns (0.34%), N = 3, StdDev = 0.080 ns
Min = 13.316 ns, Q1 = 13.353 ns, Median = 13.389 ns, Q3 = 13.432 ns, Max = 13.475 ns
IQR = 0.080 ns, LowerFence = 13.233 ns, UpperFence = 13.551 ns
ConfidenceInterval = [11.941 ns; 14.846 ns] (CI 99.9%), Margin = 1.452 ns (10.84% of Mean)
Skewness = 0.05, Kurtosis = 0.67, MValue = 2

// ** Remained 6 (37.5 %) benchmark(s) to run. Estimated finish 2026-10-09 16:57 (0h 1m from now) **
// **************************
// Benchmark: ErrorCodeMappingBenchmarks.MapMultipleValidationErrors: ShortRun(IterationCount=3, LaunchCount=1, WarmupCount=3)
// *** Execute ***
// Launch: 1 / 1
// Execute: dotnet Encina.AzureFunctions.Benchmarks-DefaultJob-1.dll --anonymousPipes 136 137 --benchmarkName Encina.AzureFunctions.Benchmarks.ErrorCodeMappingBenchmarks.MapMultipleValidationErrors --job ShortRun --benchmarkId 10 in /home/runner/work/Encina/Encina/tests/Encina.BenchmarkTests/Encina.AzureFunctions.Benchmarks/bin/Release/net10.0/Encina.AzureFunctions.Benchmarks-DefaultJob-1/bin/Release/net10.0
// Failed to set up high priority (Permission denied). In order to run benchmarks with high priority, make sure you have the right permissions.
// BeforeAnythingElse

// Benchmark Process Environment Information:
// BenchmarkDotNet v0.15.8
// Runtime=.NET 10.0.12 (10.0.12, 10.0.1226.42308), X64 RyuJIT x86-64-v4
// GC=Concurrent Workstation
// HardwareIntrinsics=AVX512 BITALG+VBMI2+VNNI+VPOPCNTDQ,AVX512 IFMA+VBMI,AVX512 F+BW+CD+DQ+VL,AVX2+BMI1+BMI2+F16C+FMA+LZCNT+MOVBE,AVX,SSE3+SSSE3+SSE4.1+SSE4.2+POPCNT,X86Base+SSE+SSE2,AES+PCLMUL VectorSize=256
// Job: ShortRun(IterationCount=3, LaunchCount=1, WarmupCount=3)

OverheadJitting  1: 1 op, 234370.00 ns, 234.3700 us/op
WorkloadJitting  1: 1 op, 998507.00 ns, 998.5070 us/op

OverheadJitting  2: 16 op, 231011.00 ns, 14.4382 us/op
WorkloadJitting  2: 16 op, 250325.00 ns, 15.6453 us/op

WorkloadPilot    1: 16 op, 5460.00 ns, 341.2500 ns/op
WorkloadPilot    2: 32 op, 6373.00 ns, 199.1563 ns/op
WorkloadPilot    3: 64 op, 7635.00 ns, 119.2969 ns/op
WorkloadPilot    4: 128 op, 12765.00 ns, 99.7266 ns/op
WorkloadPilot    5: 256 op, 22560.00 ns, 88.1250 ns/op
WorkloadPilot    6: 512 op, 41179.00 ns, 80.4277 ns/op
WorkloadPilot    7: 1024 op, 69705.00 ns, 68.0713 ns/op
WorkloadPilot    8: 2048 op, 119970.00 ns, 58.5791 ns/op
WorkloadPilot    9: 4096 op, 258158.00 ns, 63.0269 ns/op
WorkloadPilot   10: 8192 op, 453223.00 ns, 55.3251 ns/op
WorkloadPilot   11: 16384 op, 907375.00 ns, 55.3818 ns/op
WorkloadPilot   12: 32768 op, 1880471.00 ns, 57.3874 ns/op
WorkloadPilot   13: 65536 op, 3676942.00 ns, 56.1057 ns/op
WorkloadPilot   14: 131072 op, 7341123.00 ns, 56.0083 ns/op
WorkloadPilot   15: 262144 op, 14614462.00 ns, 55.7497 ns/op
WorkloadPilot   16: 524288 op, 29150707.00 ns, 55.6006 ns/op
WorkloadPilot   17: 1048576 op, 57890153.00 ns, 55.2084 ns/op
WorkloadPilot   18: 2097152 op, 115689451.00 ns, 55.1650 ns/op
WorkloadPilot   19: 4194304 op, 233142084.00 ns, 55.5854 ns/op
WorkloadPilot   20: 8388608 op, 462808526.00 ns, 55.1711 ns/op
WorkloadPilot   21: 16777216 op, 924082323.00 ns, 55.0796 ns/op

OverheadWarmup   1: 16777216 op, 40126319.00 ns, 2.3917 ns/op
OverheadWarmup   2: 16777216 op, 40111226.00 ns, 2.3908 ns/op
OverheadWarmup   3: 16777216 op, 39979769.00 ns, 2.3830 ns/op
OverheadWarmup   4: 16777216 op, 40022119.00 ns, 2.3855 ns/op
OverheadWarmup   5: 16777216 op, 40044786.00 ns, 2.3869 ns/op
OverheadWarmup   6: 16777216 op, 39923853.00 ns, 2.3796 ns/op
OverheadWarmup   7: 16777216 op, 40059416.00 ns, 2.3877 ns/op
OverheadWarmup   8: 16777216 op, 40026566.00 ns, 2.3858 ns/op

OverheadActual   1: 16777216 op, 39959961.00 ns, 2.3818 ns/op
OverheadActual   2: 16777216 op, 40328345.00 ns, 2.4038 ns/op
OverheadActual   3: 16777216 op, 39884209.00 ns, 2.3773 ns/op
OverheadActual   4: 16777216 op, 40382401.00 ns, 2.4070 ns/op
OverheadActual   5: 16777216 op, 40083149.00 ns, 2.3891 ns/op
OverheadActual   6: 16777216 op, 39876589.00 ns, 2.3768 ns/op
OverheadActual   7: 16777216 op, 39931214.00 ns, 2.3801 ns/op
OverheadActual   8: 16777216 op, 40009187.00 ns, 2.3847 ns/op
OverheadActual   9: 16777216 op, 40130533.00 ns, 2.3920 ns/op
OverheadActual  10: 16777216 op, 39899680.00 ns, 2.3782 ns/op
OverheadActual  11: 16777216 op, 40047960.00 ns, 2.3870 ns/op
OverheadActual  12: 16777216 op, 39922849.00 ns, 2.3796 ns/op
OverheadActual  13: 16777216 op, 39900102.00 ns, 2.3782 ns/op
OverheadActual  14: 16777216 op, 40185402.00 ns, 2.3952 ns/op
OverheadActual  15: 16777216 op, 39942564.00 ns, 2.3808 ns/op

WorkloadWarmup   1: 16777216 op, 920923531.00 ns, 54.8913 ns/op
WorkloadWarmup   2: 16777216 op, 927029808.00 ns, 55.2553 ns/op
WorkloadWarmup   3: 16777216 op, 923334392.00 ns, 55.0350 ns/op

// BeforeActualRun
WorkloadActual   1: 16777216 op, 926786508.00 ns, 55.2408 ns/op
WorkloadActual   2: 16777216 op, 926593637.00 ns, 55.2293 ns/op
WorkloadActual   3: 16777216 op, 922584049.00 ns, 54.9903 ns/op

// AfterActualRun
WorkloadResult   1: 16777216 op, 886826547.00 ns, 52.8590 ns/op
WorkloadResult   2: 16777216 op, 886633676.00 ns, 52.8475 ns/op
WorkloadResult   3: 16777216 op, 882624088.00 ns, 52.6085 ns/op
// GC:  0 0 0 0 16777216
// Threading:  0 0 16777216

// AfterAll
// Benchmark Process 3118 has exited with code 0.

Mean = 52.772 ns, StdErr = 0.082 ns (0.15%), N = 3, StdDev = 0.141 ns
Min = 52.608 ns, Q1 = 52.728 ns, Median = 52.847 ns, Q3 = 52.853 ns, Max = 52.859 ns
IQR = 0.125 ns, LowerFence = 52.540 ns, UpperFence = 53.041 ns
ConfidenceInterval = [50.192 ns; 55.352 ns] (CI 99.9%), Margin = 2.580 ns (4.89% of Mean)
Skewness = -0.38, Kurtosis = 0.67, MValue = 2

// ** Remained 5 (31.2 %) benchmark(s) to run. Estimated finish 2026-10-09 16:57 (0h 1m from now) **
// **************************
// Benchmark: ErrorCodeMappingBenchmarks.MapMixedErrors: ShortRun(IterationCount=3, LaunchCount=1, WarmupCount=3)
// *** Execute ***
// Launch: 1 / 1
// Execute: dotnet Encina.AzureFunctions.Benchmarks-DefaultJob-1.dll --anonymousPipes 136 137 --benchmarkName Encina.AzureFunctions.Benchmarks.ErrorCodeMappingBenchmarks.MapMixedErrors --job ShortRun --benchmarkId 11 in /home/runner/work/Encina/Encina/tests/Encina.BenchmarkTests/Encina.AzureFunctions.Benchmarks/bin/Release/net10.0/Encina.AzureFunctions.Benchmarks-DefaultJob-1/bin/Release/net10.0
// Failed to set up high priority (Permission denied). In order to run benchmarks with high priority, make sure you have the right permissions.
// BeforeAnythingElse

// Benchmark Process Environment Information:
// BenchmarkDotNet v0.15.8
// Runtime=.NET 10.0.12 (10.0.12, 10.0.1226.42308), X64 RyuJIT x86-64-v4
// GC=Concurrent Workstation
// HardwareIntrinsics=AVX512 BITALG+VBMI2+VNNI+VPOPCNTDQ,AVX512 IFMA+VBMI,AVX512 F+BW+CD+DQ+VL,AVX2+BMI1+BMI2+F16C+FMA+LZCNT+MOVBE,AVX,SSE3+SSSE3+SSE4.1+SSE4.2+POPCNT,X86Base+SSE+SSE2,AES+PCLMUL VectorSize=256
// Job: ShortRun(IterationCount=3, LaunchCount=1, WarmupCount=3)

OverheadJitting  1: 1 op, 201762.00 ns, 201.7620 us/op
WorkloadJitting  1: 1 op, 985379.00 ns, 985.3790 us/op

OverheadJitting  2: 16 op, 232370.00 ns, 14.5231 us/op
WorkloadJitting  2: 16 op, 270099.00 ns, 16.8812 us/op

WorkloadPilot    1: 16 op, 5504.00 ns, 344.0000 ns/op
WorkloadPilot    2: 32 op, 7351.00 ns, 229.7188 ns/op
WorkloadPilot    3: 64 op, 7536.00 ns, 117.7500 ns/op
WorkloadPilot    4: 128 op, 9600.00 ns, 75.0000 ns/op
WorkloadPilot    5: 256 op, 18083.00 ns, 70.6367 ns/op
WorkloadPilot    6: 512 op, 34518.00 ns, 67.4180 ns/op
WorkloadPilot    7: 1024 op, 68968.00 ns, 67.3516 ns/op
WorkloadPilot    8: 2048 op, 136721.00 ns, 66.7583 ns/op
WorkloadPilot    9: 4096 op, 273155.00 ns, 66.6882 ns/op
WorkloadPilot   10: 8192 op, 570464.00 ns, 69.6367 ns/op
WorkloadPilot   11: 16384 op, 1127363.00 ns, 68.8088 ns/op
WorkloadPilot   12: 32768 op, 2230099.00 ns, 68.0572 ns/op
WorkloadPilot   13: 65536 op, 4440043.00 ns, 67.7497 ns/op
WorkloadPilot   14: 131072 op, 9013301.00 ns, 68.7660 ns/op
WorkloadPilot   15: 262144 op, 17869995.00 ns, 68.1686 ns/op
WorkloadPilot   16: 524288 op, 35355007.00 ns, 67.4343 ns/op
WorkloadPilot   17: 1048576 op, 70403811.00 ns, 67.1423 ns/op
WorkloadPilot   18: 2097152 op, 139251270.00 ns, 66.4002 ns/op
WorkloadPilot   19: 4194304 op, 283486017.00 ns, 67.5883 ns/op
WorkloadPilot   20: 8388608 op, 568429968.00 ns, 67.7621 ns/op

OverheadWarmup   1: 8388608 op, 20096571.00 ns, 2.3957 ns/op
OverheadWarmup   2: 8388608 op, 20056357.00 ns, 2.3909 ns/op
OverheadWarmup   3: 8388608 op, 20001301.00 ns, 2.3843 ns/op
OverheadWarmup   4: 8388608 op, 19987479.00 ns, 2.3827 ns/op
OverheadWarmup   5: 8388608 op, 20005278.00 ns, 2.3848 ns/op
OverheadWarmup   6: 8388608 op, 20013330.00 ns, 2.3858 ns/op
OverheadWarmup   7: 8388608 op, 19946711.00 ns, 2.3778 ns/op
OverheadWarmup   8: 8388608 op, 20024465.00 ns, 2.3871 ns/op
OverheadWarmup   9: 8388608 op, 20286763.00 ns, 2.4184 ns/op
OverheadWarmup  10: 8388608 op, 20061635.00 ns, 2.3915 ns/op

OverheadActual   1: 8388608 op, 19980717.00 ns, 2.3819 ns/op
OverheadActual   2: 8388608 op, 20110921.00 ns, 2.3974 ns/op
OverheadActual   3: 8388608 op, 20030005.00 ns, 2.3878 ns/op
OverheadActual   4: 8388608 op, 20267019.00 ns, 2.4160 ns/op
OverheadActual   5: 8388608 op, 20130436.00 ns, 2.3997 ns/op
OverheadActual   6: 8388608 op, 19986739.00 ns, 2.3826 ns/op
OverheadActual   7: 8388608 op, 20101474.00 ns, 2.3963 ns/op
OverheadActual   8: 8388608 op, 19953529.00 ns, 2.3786 ns/op
OverheadActual   9: 8388608 op, 19965998.00 ns, 2.3801 ns/op
OverheadActual  10: 8388608 op, 20109530.00 ns, 2.3972 ns/op
OverheadActual  11: 8388608 op, 19976872.00 ns, 2.3814 ns/op
OverheadActual  12: 8388608 op, 20039137.00 ns, 2.3889 ns/op
OverheadActual  13: 8388608 op, 20011045.00 ns, 2.3855 ns/op
OverheadActual  14: 8388608 op, 20052322.00 ns, 2.3904 ns/op
OverheadActual  15: 8388608 op, 19963763.00 ns, 2.3799 ns/op

WorkloadWarmup   1: 8388608 op, 578588085.00 ns, 68.9731 ns/op
WorkloadWarmup   2: 8388608 op, 574781579.00 ns, 68.5193 ns/op
WorkloadWarmup   3: 8388608 op, 579728272.00 ns, 69.1090 ns/op

// BeforeActualRun
WorkloadActual   1: 8388608 op, 563637470.00 ns, 67.1908 ns/op
WorkloadActual   2: 8388608 op, 576987783.00 ns, 68.7823 ns/op
WorkloadActual   3: 8388608 op, 574634631.00 ns, 68.5018 ns/op

// AfterActualRun
WorkloadResult   1: 8388608 op, 543607465.00 ns, 64.8031 ns/op
WorkloadResult   2: 8388608 op, 556957778.00 ns, 66.3945 ns/op
WorkloadResult   3: 8388608 op, 554604626.00 ns, 66.1140 ns/op
// GC:  0 0 0 0 8388608
// Threading:  0 0 8388608

// AfterAll
// Benchmark Process 3125 has exited with code 0.

Mean = 65.771 ns, StdErr = 0.490 ns (0.75%), N = 3, StdDev = 0.850 ns
Min = 64.803 ns, Q1 = 65.459 ns, Median = 66.114 ns, Q3 = 66.254 ns, Max = 66.395 ns
IQR = 0.796 ns, LowerFence = 64.265 ns, UpperFence = 67.448 ns
ConfidenceInterval = [50.272 ns; 81.269 ns] (CI 99.9%), Margin = 15.498 ns (23.56% of Mean)
Skewness = -0.34, Kurtosis = 0.67, MValue = 2

// ** Remained 4 (25.0 %) benchmark(s) to run. Estimated finish 2026-10-09 16:57 (0h 0m from now) **
// **************************
// Benchmark: ErrorCodeMappingBenchmarks.MapValidationError: DefaultJob
// *** Execute ***
// Launch: 1 / 1
// Execute: dotnet Encina.AzureFunctions.Benchmarks-DefaultJob-1.dll --anonymousPipes 136 137 --benchmarkName Encina.AzureFunctions.Benchmarks.ErrorCodeMappingBenchmarks.MapValidationError --job Default --benchmarkId 12 in /home/runner/work/Encina/Encina/tests/Encina.BenchmarkTests/Encina.AzureFunctions.Benchmarks/bin/Release/net10.0/Encina.AzureFunctions.Benchmarks-DefaultJob-1/bin/Release/net10.0
// Failed to set up high priority (Permission denied). In order to run benchmarks with high priority, make sure you have the right permissions.
// BeforeAnythingElse

// Benchmark Process Environment Information:
// BenchmarkDotNet v0.15.8
// Runtime=.NET 10.0.12 (10.0.12, 10.0.1226.42308), X64 RyuJIT x86-64-v4
// GC=Concurrent Workstation
// HardwareIntrinsics=AVX512 BITALG+VBMI2+VNNI+VPOPCNTDQ,AVX512 IFMA+VBMI,AVX512 F+BW+CD+DQ+VL,AVX2+BMI1+BMI2+F16C+FMA+LZCNT+MOVBE,AVX,SSE3+SSSE3+SSE4.1+SSE4.2+POPCNT,X86Base+SSE+SSE2,AES+PCLMUL VectorSize=256
// Job: DefaultJob

OverheadJitting  1: 1 op, 211512.00 ns, 211.5120 us/op
WorkloadJitting  1: 1 op, 1028291.00 ns, 1.0283 ms/op

OverheadJitting  2: 16 op, 244582.00 ns, 15.2864 us/op
WorkloadJitting  2: 16 op, 251393.00 ns, 15.7121 us/op

WorkloadPilot    1: 16 op, 4990.00 ns, 311.8750 ns/op
WorkloadPilot    2: 32 op, 3822.00 ns, 119.4375 ns/op
WorkloadPilot    3: 64 op, 3833.00 ns, 59.8906 ns/op
WorkloadPilot    4: 128 op, 5059.00 ns, 39.5234 ns/op
WorkloadPilot    5: 256 op, 7610.00 ns, 29.7266 ns/op
WorkloadPilot    6: 512 op, 10856.00 ns, 21.2031 ns/op
WorkloadPilot    7: 1024 op, 19782.00 ns, 19.3184 ns/op
WorkloadPilot    8: 2048 op, 43193.00 ns, 21.0903 ns/op
WorkloadPilot    9: 4096 op, 65217.00 ns, 15.9221 ns/op
WorkloadPilot   10: 8192 op, 118832.00 ns, 14.5059 ns/op
WorkloadPilot   11: 16384 op, 204751.00 ns, 12.4970 ns/op
WorkloadPilot   12: 32768 op, 424699.00 ns, 12.9608 ns/op
WorkloadPilot   13: 65536 op, 866778.00 ns, 13.2260 ns/op
WorkloadPilot   14: 131072 op, 1603995.00 ns, 12.2375 ns/op
WorkloadPilot   15: 262144 op, 3435091.00 ns, 13.1038 ns/op
WorkloadPilot   16: 524288 op, 6442343.00 ns, 12.2878 ns/op
WorkloadPilot   17: 1048576 op, 13151814.00 ns, 12.5425 ns/op
WorkloadPilot   18: 2097152 op, 24856684.00 ns, 11.8526 ns/op
WorkloadPilot   19: 4194304 op, 50563427.00 ns, 12.0553 ns/op
WorkloadPilot   20: 8388608 op, 100828675.00 ns, 12.0197 ns/op
WorkloadPilot   21: 16777216 op, 203729845.00 ns, 12.1432 ns/op
WorkloadPilot   22: 33554432 op, 412106689.00 ns, 12.2817 ns/op
WorkloadPilot   23: 67108864 op, 839967009.00 ns, 12.5165 ns/op

OverheadWarmup   1: 67108864 op, 160324353.00 ns, 2.3890 ns/op
OverheadWarmup   2: 67108864 op, 159534808.00 ns, 2.3773 ns/op
OverheadWarmup   3: 67108864 op, 159769712.00 ns, 2.3808 ns/op
OverheadWarmup   4: 67108864 op, 159763859.00 ns, 2.3807 ns/op
OverheadWarmup   5: 67108864 op, 159801798.00 ns, 2.3812 ns/op
OverheadWarmup   6: 67108864 op, 160120853.00 ns, 2.3860 ns/op
OverheadWarmup   7: 67108864 op, 159939051.00 ns, 2.3833 ns/op

OverheadActual   1: 67108864 op, 164713161.00 ns, 2.4544 ns/op
OverheadActual   2: 67108864 op, 160241750.00 ns, 2.3878 ns/op
OverheadActual   3: 67108864 op, 159860521.00 ns, 2.3821 ns/op
OverheadActual   4: 67108864 op, 159901258.00 ns, 2.3827 ns/op
OverheadActual   5: 67108864 op, 160045369.00 ns, 2.3849 ns/op
OverheadActual   6: 67108864 op, 160032764.00 ns, 2.3847 ns/op
OverheadActual   7: 67108864 op, 159707511.00 ns, 2.3798 ns/op
OverheadActual   8: 67108864 op, 159812243.00 ns, 2.3814 ns/op
OverheadActual   9: 67108864 op, 160006242.00 ns, 2.3843 ns/op
OverheadActual  10: 67108864 op, 159854705.00 ns, 2.3820 ns/op
OverheadActual  11: 67108864 op, 159844183.00 ns, 2.3819 ns/op
OverheadActual  12: 67108864 op, 160035117.00 ns, 2.3847 ns/op
OverheadActual  13: 67108864 op, 159966648.00 ns, 2.3837 ns/op
OverheadActual  14: 67108864 op, 159629759.00 ns, 2.3787 ns/op
OverheadActual  15: 67108864 op, 159970092.00 ns, 2.3837 ns/op

WorkloadWarmup   1: 67108864 op, 809817424.00 ns, 12.0672 ns/op
WorkloadWarmup   2: 67108864 op, 845229237.00 ns, 12.5949 ns/op
WorkloadWarmup   3: 67108864 op, 813429709.00 ns, 12.1210 ns/op
WorkloadWarmup   4: 67108864 op, 837745612.00 ns, 12.4834 ns/op
WorkloadWarmup   5: 67108864 op, 836987930.00 ns, 12.4721 ns/op
WorkloadWarmup   6: 67108864 op, 844604439.00 ns, 12.5856 ns/op

// BeforeActualRun
WorkloadActual   1: 67108864 op, 806139279.00 ns, 12.0124 ns/op
WorkloadActual   2: 67108864 op, 838123645.00 ns, 12.4890 ns/op
WorkloadActual   3: 67108864 op, 835179082.00 ns, 12.4451 ns/op
WorkloadActual   4: 67108864 op, 842845964.00 ns, 12.5594 ns/op
WorkloadActual   5: 67108864 op, 825037582.00 ns, 12.2940 ns/op
WorkloadActual   6: 67108864 op, 806304431.00 ns, 12.0149 ns/op
WorkloadActual   7: 67108864 op, 833302001.00 ns, 12.4172 ns/op
WorkloadActual   8: 67108864 op, 836942297.00 ns, 12.4714 ns/op
WorkloadActual   9: 67108864 op, 831537222.00 ns, 12.3909 ns/op
WorkloadActual  10: 67108864 op, 856939011.00 ns, 12.7694 ns/op
WorkloadActual  11: 67108864 op, 831903868.00 ns, 12.3963 ns/op
WorkloadActual  12: 67108864 op, 829860190.00 ns, 12.3659 ns/op
WorkloadActual  13: 67108864 op, 836577697.00 ns, 12.4660 ns/op
WorkloadActual  14: 67108864 op, 843175060.00 ns, 12.5643 ns/op
WorkloadActual  15: 67108864 op, 848437103.00 ns, 12.6427 ns/op

// AfterActualRun
WorkloadResult   1: 67108864 op, 646172631.00 ns, 9.6287 ns/op
WorkloadResult   2: 67108864 op, 678156997.00 ns, 10.1053 ns/op
WorkloadResult   3: 67108864 op, 675212434.00 ns, 10.0614 ns/op
WorkloadResult   4: 67108864 op, 682879316.00 ns, 10.1757 ns/op
WorkloadResult   5: 67108864 op, 665070934.00 ns, 9.9103 ns/op
WorkloadResult   6: 67108864 op, 646337783.00 ns, 9.6312 ns/op
WorkloadResult   7: 67108864 op, 673335353.00 ns, 10.0335 ns/op
WorkloadResult   8: 67108864 op, 676975649.00 ns, 10.0877 ns/op
WorkloadResult   9: 67108864 op, 671570574.00 ns, 10.0072 ns/op
WorkloadResult  10: 67108864 op, 671937220.00 ns, 10.0126 ns/op
WorkloadResult  11: 67108864 op, 669893542.00 ns, 9.9822 ns/op
WorkloadResult  12: 67108864 op, 676611049.00 ns, 10.0823 ns/op
WorkloadResult  13: 67108864 op, 683208412.00 ns, 10.1806 ns/op
WorkloadResult  14: 67108864 op, 688470455.00 ns, 10.2590 ns/op
// GC:  0 0 0 0 67108864
// Threading:  0 0 67108864

// AfterAll
// Benchmark Process 3133 has exited with code 0.

Mean = 10.011 ns, StdErr = 0.049 ns (0.49%), N = 14, StdDev = 0.184 ns
Min = 9.629 ns, Q1 = 9.988 ns, Median = 10.047 ns, Q3 = 10.101 ns, Max = 10.259 ns
IQR = 0.112 ns, LowerFence = 9.820 ns, UpperFence = 10.270 ns
ConfidenceInterval = [9.803 ns; 10.219 ns] (CI 99.9%), Margin = 0.208 ns (2.08% of Mean)
Skewness = -0.98, Kurtosis = 2.96, MValue = 2

// ** Remained 3 (18.8 %) benchmark(s) to run. Estimated finish 2026-10-09 16:57 (0h 0m from now) **
// **************************
// Benchmark: ErrorCodeMappingBenchmarks.MapValidationError: ShortRun(IterationCount=3, LaunchCount=1, WarmupCount=3)
// *** Execute ***
// Launch: 1 / 1
// Execute: dotnet Encina.AzureFunctions.Benchmarks-DefaultJob-1.dll --anonymousPipes 136 137 --benchmarkName Encina.AzureFunctions.Benchmarks.ErrorCodeMappingBenchmarks.MapValidationError --job ShortRun --benchmarkId 13 in /home/runner/work/Encina/Encina/tests/Encina.BenchmarkTests/Encina.AzureFunctions.Benchmarks/bin/Release/net10.0/Encina.AzureFunctions.Benchmarks-DefaultJob-1/bin/Release/net10.0
// Failed to set up high priority (Permission denied). In order to run benchmarks with high priority, make sure you have the right permissions.
// BeforeAnythingElse

// Benchmark Process Environment Information:
// BenchmarkDotNet v0.15.8
// Runtime=.NET 10.0.12 (10.0.12, 10.0.1226.42308), X64 RyuJIT x86-64-v4
// GC=Concurrent Workstation
// HardwareIntrinsics=AVX512 BITALG+VBMI2+VNNI+VPOPCNTDQ,AVX512 IFMA+VBMI,AVX512 F+BW+CD+DQ+VL,AVX2+BMI1+BMI2+F16C+FMA+LZCNT+MOVBE,AVX,SSE3+SSSE3+SSE4.1+SSE4.2+POPCNT,X86Base+SSE+SSE2,AES+PCLMUL VectorSize=256
// Job: ShortRun(IterationCount=3, LaunchCount=1, WarmupCount=3)

OverheadJitting  1: 1 op, 229804.00 ns, 229.8040 us/op
WorkloadJitting  1: 1 op, 925590.00 ns, 925.5900 us/op

OverheadJitting  2: 16 op, 238049.00 ns, 14.8781 us/op
WorkloadJitting  2: 16 op, 259045.00 ns, 16.1903 us/op

WorkloadPilot    1: 16 op, 3225.00 ns, 201.5625 ns/op
WorkloadPilot    2: 32 op, 3694.00 ns, 115.4375 ns/op
WorkloadPilot    3: 64 op, 3819.00 ns, 59.6719 ns/op
WorkloadPilot    4: 128 op, 5035.00 ns, 39.3359 ns/op
WorkloadPilot    5: 256 op, 7619.00 ns, 29.7617 ns/op
WorkloadPilot    6: 512 op, 11475.00 ns, 22.4121 ns/op
WorkloadPilot    7: 1024 op, 19727.00 ns, 19.2646 ns/op
WorkloadPilot    8: 2048 op, 32958.00 ns, 16.0928 ns/op
WorkloadPilot    9: 4096 op, 66148.00 ns, 16.1494 ns/op
WorkloadPilot   10: 8192 op, 110317.00 ns, 13.4664 ns/op
WorkloadPilot   11: 16384 op, 219275.00 ns, 13.3835 ns/op
WorkloadPilot   12: 32768 op, 409995.00 ns, 12.5121 ns/op
WorkloadPilot   13: 65536 op, 882864.00 ns, 13.4714 ns/op
WorkloadPilot   14: 131072 op, 1679223.00 ns, 12.8115 ns/op
WorkloadPilot   15: 262144 op, 3318705.00 ns, 12.6599 ns/op
WorkloadPilot   16: 524288 op, 6757152.00 ns, 12.8882 ns/op
WorkloadPilot   17: 1048576 op, 13403879.00 ns, 12.7829 ns/op
WorkloadPilot   18: 2097152 op, 24870386.00 ns, 11.8591 ns/op
WorkloadPilot   19: 4194304 op, 51839878.00 ns, 12.3596 ns/op
WorkloadPilot   20: 8388608 op, 100871022.00 ns, 12.0248 ns/op
WorkloadPilot   21: 16777216 op, 211506597.00 ns, 12.6068 ns/op
WorkloadPilot   22: 33554432 op, 424348424.00 ns, 12.6466 ns/op
WorkloadPilot   23: 67108864 op, 808623208.00 ns, 12.0494 ns/op

OverheadWarmup   1: 67108864 op, 160431013.00 ns, 2.3906 ns/op
OverheadWarmup   2: 67108864 op, 159773283.00 ns, 2.3808 ns/op
OverheadWarmup   3: 67108864 op, 159755899.00 ns, 2.3805 ns/op
OverheadWarmup   4: 67108864 op, 159814027.00 ns, 2.3814 ns/op
OverheadWarmup   5: 67108864 op, 160933254.00 ns, 2.3981 ns/op
OverheadWarmup   6: 67108864 op, 159946156.00 ns, 2.3834 ns/op
OverheadWarmup   7: 67108864 op, 160096514.00 ns, 2.3856 ns/op
OverheadWarmup   8: 67108864 op, 159907379.00 ns, 2.3828 ns/op

OverheadActual   1: 67108864 op, 159492223.00 ns, 2.3766 ns/op
OverheadActual   2: 67108864 op, 160136035.00 ns, 2.3862 ns/op
OverheadActual   3: 67108864 op, 160643227.00 ns, 2.3938 ns/op
OverheadActual   4: 67108864 op, 160072332.00 ns, 2.3853 ns/op
OverheadActual   5: 67108864 op, 159853350.00 ns, 2.3820 ns/op
OverheadActual   6: 67108864 op, 160193336.00 ns, 2.3871 ns/op
OverheadActual   7: 67108864 op, 159544980.00 ns, 2.3774 ns/op
OverheadActual   8: 67108864 op, 160356708.00 ns, 2.3895 ns/op
OverheadActual   9: 67108864 op, 160264386.00 ns, 2.3881 ns/op
OverheadActual  10: 67108864 op, 159927856.00 ns, 2.3831 ns/op
OverheadActual  11: 67108864 op, 159888432.00 ns, 2.3825 ns/op
OverheadActual  12: 67108864 op, 160127756.00 ns, 2.3861 ns/op
OverheadActual  13: 67108864 op, 159660935.00 ns, 2.3791 ns/op
OverheadActual  14: 67108864 op, 159995663.00 ns, 2.3841 ns/op
OverheadActual  15: 67108864 op, 159990052.00 ns, 2.3840 ns/op

WorkloadWarmup   1: 67108864 op, 838445677.00 ns, 12.4938 ns/op
WorkloadWarmup   2: 67108864 op, 851442853.00 ns, 12.6875 ns/op
WorkloadWarmup   3: 67108864 op, 851573565.00 ns, 12.6894 ns/op

// BeforeActualRun
WorkloadActual   1: 67108864 op, 860778581.00 ns, 12.8266 ns/op
WorkloadActual   2: 67108864 op, 854549214.00 ns, 12.7338 ns/op
WorkloadActual   3: 67108864 op, 870245732.00 ns, 12.9677 ns/op

// AfterActualRun
WorkloadResult   1: 67108864 op, 700782918.00 ns, 10.4425 ns/op
WorkloadResult   2: 67108864 op, 694553551.00 ns, 10.3497 ns/op
WorkloadResult   3: 67108864 op, 710250069.00 ns, 10.5836 ns/op
// GC:  0 0 0 0 67108864
// Threading:  0 0 67108864

// AfterAll
// Benchmark Process 3147 has exited with code 0.

Mean = 10.459 ns, StdErr = 0.068 ns (0.65%), N = 3, StdDev = 0.118 ns
Min = 10.350 ns, Q1 = 10.396 ns, Median = 10.442 ns, Q3 = 10.513 ns, Max = 10.584 ns
IQR = 0.117 ns, LowerFence = 10.221 ns, UpperFence = 10.688 ns
ConfidenceInterval = [8.310 ns; 12.607 ns] (CI 99.9%), Margin = 2.149 ns (20.54% of Mean)
Skewness = 0.13, Kurtosis = 0.67, MValue = 2

// ** Remained 2 (12.5 %) benchmark(s) to run. Estimated finish 2026-10-09 16:57 (0h 0m from now) **
// **************************
// Benchmark: ErrorCodeMappingBenchmarks.MapNotFoundError: DefaultJob
// *** Execute ***
// Launch: 1 / 1
// Execute: dotnet Encina.AzureFunctions.Benchmarks-DefaultJob-1.dll --anonymousPipes 136 137 --benchmarkName Encina.AzureFunctions.Benchmarks.ErrorCodeMappingBenchmarks.MapNotFoundError --job Default --benchmarkId 14 in /home/runner/work/Encina/Encina/tests/Encina.BenchmarkTests/Encina.AzureFunctions.Benchmarks/bin/Release/net10.0/Encina.AzureFunctions.Benchmarks-DefaultJob-1/bin/Release/net10.0
// Failed to set up high priority (Permission denied). In order to run benchmarks with high priority, make sure you have the right permissions.
// BeforeAnythingElse

// Benchmark Process Environment Information:
// BenchmarkDotNet v0.15.8
// Runtime=.NET 10.0.12 (10.0.12, 10.0.1226.42308), X64 RyuJIT x86-64-v4
// GC=Concurrent Workstation
// HardwareIntrinsics=AVX512 BITALG+VBMI2+VNNI+VPOPCNTDQ,AVX512 IFMA+VBMI,AVX512 F+BW+CD+DQ+VL,AVX2+BMI1+BMI2+F16C+FMA+LZCNT+MOVBE,AVX,SSE3+SSSE3+SSE4.1+SSE4.2+POPCNT,X86Base+SSE+SSE2,AES+PCLMUL VectorSize=256
// Job: DefaultJob

OverheadJitting  1: 1 op, 205520.00 ns, 205.5200 us/op
WorkloadJitting  1: 1 op, 1028908.00 ns, 1.0289 ms/op

OverheadJitting  2: 16 op, 232882.00 ns, 14.5551 us/op
WorkloadJitting  2: 16 op, 255865.00 ns, 15.9916 us/op

WorkloadPilot    1: 16 op, 3730.00 ns, 233.1250 ns/op
WorkloadPilot    2: 32 op, 3744.00 ns, 117.0000 ns/op
WorkloadPilot    3: 64 op, 2214.00 ns, 34.5938 ns/op
WorkloadPilot    4: 128 op, 3726.00 ns, 29.1094 ns/op
WorkloadPilot    5: 256 op, 6323.00 ns, 24.6992 ns/op
WorkloadPilot    6: 512 op, 11514.00 ns, 22.4883 ns/op
WorkloadPilot    7: 1024 op, 21968.00 ns, 21.4531 ns/op
WorkloadPilot    8: 2048 op, 44402.00 ns, 21.6807 ns/op
WorkloadPilot    9: 4096 op, 87745.00 ns, 21.4221 ns/op
WorkloadPilot   10: 8192 op, 175569.00 ns, 21.4318 ns/op
WorkloadPilot   11: 16384 op, 362949.00 ns, 22.1526 ns/op
WorkloadPilot   12: 32768 op, 709546.00 ns, 21.6536 ns/op
WorkloadPilot   13: 65536 op, 1414649.00 ns, 21.5858 ns/op
WorkloadPilot   14: 131072 op, 2905628.00 ns, 22.1682 ns/op
WorkloadPilot   15: 262144 op, 5818092.00 ns, 22.1943 ns/op
WorkloadPilot   16: 524288 op, 11652439.00 ns, 22.2253 ns/op
WorkloadPilot   17: 1048576 op, 15272751.00 ns, 14.5652 ns/op
WorkloadPilot   18: 2097152 op, 27687639.00 ns, 13.2025 ns/op
WorkloadPilot   19: 4194304 op, 69930389.00 ns, 16.6727 ns/op
WorkloadPilot   20: 8388608 op, 115259548.00 ns, 13.7400 ns/op
WorkloadPilot   21: 16777216 op, 228096347.00 ns, 13.5956 ns/op
WorkloadPilot   22: 33554432 op, 458650500.00 ns, 13.6689 ns/op
WorkloadPilot   23: 67108864 op, 910274852.00 ns, 13.5642 ns/op

OverheadWarmup   1: 67108864 op, 160453492.00 ns, 2.3909 ns/op
OverheadWarmup   2: 67108864 op, 160256702.00 ns, 2.3880 ns/op
OverheadWarmup   3: 67108864 op, 160149689.00 ns, 2.3864 ns/op
OverheadWarmup   4: 67108864 op, 159937875.00 ns, 2.3833 ns/op
OverheadWarmup   5: 67108864 op, 160248871.00 ns, 2.3879 ns/op
OverheadWarmup   6: 67108864 op, 160333442.00 ns, 2.3892 ns/op
OverheadWarmup   7: 67108864 op, 160420755.00 ns, 2.3905 ns/op
OverheadWarmup   8: 67108864 op, 159861013.00 ns, 2.3821 ns/op
OverheadWarmup   9: 67108864 op, 159966092.00 ns, 2.3837 ns/op
OverheadWarmup  10: 67108864 op, 159922960.00 ns, 2.3830 ns/op

OverheadActual   1: 67108864 op, 159981220.00 ns, 2.3839 ns/op
OverheadActual   2: 67108864 op, 159970412.00 ns, 2.3837 ns/op
OverheadActual   3: 67108864 op, 163414124.00 ns, 2.4351 ns/op
OverheadActual   4: 67108864 op, 161077921.00 ns, 2.4002 ns/op
OverheadActual   5: 67108864 op, 162646438.00 ns, 2.4236 ns/op
OverheadActual   6: 67108864 op, 160104238.00 ns, 2.3857 ns/op
OverheadActual   7: 67108864 op, 160604962.00 ns, 2.3932 ns/op
OverheadActual   8: 67108864 op, 161652397.00 ns, 2.4088 ns/op
OverheadActual   9: 67108864 op, 161148574.00 ns, 2.4013 ns/op
OverheadActual  10: 67108864 op, 161705423.00 ns, 2.4096 ns/op
OverheadActual  11: 67108864 op, 162047011.00 ns, 2.4147 ns/op
OverheadActual  12: 67108864 op, 161204162.00 ns, 2.4021 ns/op
OverheadActual  13: 67108864 op, 160642739.00 ns, 2.3938 ns/op
OverheadActual  14: 67108864 op, 160939196.00 ns, 2.3982 ns/op
OverheadActual  15: 67108864 op, 161771058.00 ns, 2.4106 ns/op

WorkloadWarmup   1: 67108864 op, 919053511.00 ns, 13.6950 ns/op
WorkloadWarmup   2: 67108864 op, 926045813.00 ns, 13.7992 ns/op
WorkloadWarmup   3: 67108864 op, 915568763.00 ns, 13.6430 ns/op
WorkloadWarmup   4: 67108864 op, 922893376.00 ns, 13.7522 ns/op
WorkloadWarmup   5: 67108864 op, 921649866.00 ns, 13.7337 ns/op
WorkloadWarmup   6: 67108864 op, 921683999.00 ns, 13.7342 ns/op

// BeforeActualRun
WorkloadActual   1: 67108864 op, 912562492.00 ns, 13.5982 ns/op
WorkloadActual   2: 67108864 op, 909620530.00 ns, 13.5544 ns/op
WorkloadActual   3: 67108864 op, 908658888.00 ns, 13.5401 ns/op
WorkloadActual   4: 67108864 op, 925756941.00 ns, 13.7949 ns/op
WorkloadActual   5: 67108864 op, 905512012.00 ns, 13.4932 ns/op
WorkloadActual   6: 67108864 op, 916994445.00 ns, 13.6643 ns/op
WorkloadActual   7: 67108864 op, 906830430.00 ns, 13.5128 ns/op
WorkloadActual   8: 67108864 op, 913710647.00 ns, 13.6153 ns/op
WorkloadActual   9: 67108864 op, 912569705.00 ns, 13.5983 ns/op
WorkloadActual  10: 67108864 op, 895455567.00 ns, 13.3433 ns/op
WorkloadActual  11: 67108864 op, 896132575.00 ns, 13.3534 ns/op
WorkloadActual  12: 67108864 op, 895710824.00 ns, 13.3471 ns/op
WorkloadActual  13: 67108864 op, 910043711.00 ns, 13.5607 ns/op
WorkloadActual  14: 67108864 op, 907856224.00 ns, 13.5281 ns/op
WorkloadActual  15: 67108864 op, 904081964.00 ns, 13.4719 ns/op

// AfterActualRun
WorkloadResult   1: 67108864 op, 751413918.00 ns, 11.1969 ns/op
WorkloadResult   2: 67108864 op, 748471956.00 ns, 11.1531 ns/op
WorkloadResult   3: 67108864 op, 747510314.00 ns, 11.1388 ns/op
WorkloadResult   4: 67108864 op, 744363438.00 ns, 11.0919 ns/op
WorkloadResult   5: 67108864 op, 755845871.00 ns, 11.2630 ns/op
WorkloadResult   6: 67108864 op, 745681856.00 ns, 11.1115 ns/op
WorkloadResult   7: 67108864 op, 752562073.00 ns, 11.2140 ns/op
WorkloadResult   8: 67108864 op, 751421131.00 ns, 11.1970 ns/op
WorkloadResult   9: 67108864 op, 734306993.00 ns, 10.9420 ns/op
WorkloadResult  10: 67108864 op, 734984001.00 ns, 10.9521 ns/op
WorkloadResult  11: 67108864 op, 734562250.00 ns, 10.9458 ns/op
WorkloadResult  12: 67108864 op, 748895137.00 ns, 11.1594 ns/op
WorkloadResult  13: 67108864 op, 746707650.00 ns, 11.1268 ns/op
WorkloadResult  14: 67108864 op, 742933390.00 ns, 11.0706 ns/op
// GC:  0 0 0 0 67108864
// Threading:  0 0 67108864

// AfterAll
// Benchmark Process 3159 has exited with code 0.

Mean = 11.112 ns, StdErr = 0.027 ns (0.25%), N = 14, StdDev = 0.103 ns
Min = 10.942 ns, Q1 = 11.076 ns, Median = 11.133 ns, Q3 = 11.188 ns, Max = 11.263 ns
IQR = 0.112 ns, LowerFence = 10.908 ns, UpperFence = 11.355 ns
ConfidenceInterval = [10.996 ns; 11.227 ns] (CI 99.9%), Margin = 0.116 ns (1.04% of Mean)
Skewness = -0.5, Kurtosis = 1.93, MValue = 2

// ** Remained 1 (6.2 %) benchmark(s) to run. Estimated finish 2026-10-09 16:57 (0h 0m from now) **
// **************************
// Benchmark: ErrorCodeMappingBenchmarks.MapNotFoundError: ShortRun(IterationCount=3, LaunchCount=1, WarmupCount=3)
// *** Execute ***
// Launch: 1 / 1
// Execute: dotnet Encina.AzureFunctions.Benchmarks-DefaultJob-1.dll --anonymousPipes 136 137 --benchmarkName Encina.AzureFunctions.Benchmarks.ErrorCodeMappingBenchmarks.MapNotFoundError --job ShortRun --benchmarkId 15 in /home/runner/work/Encina/Encina/tests/Encina.BenchmarkTests/Encina.AzureFunctions.Benchmarks/bin/Release/net10.0/Encina.AzureFunctions.Benchmarks-DefaultJob-1/bin/Release/net10.0
// Failed to set up high priority (Permission denied). In order to run benchmarks with high priority, make sure you have the right permissions.
// BeforeAnythingElse

// Benchmark Process Environment Information:
// BenchmarkDotNet v0.15.8
// Runtime=.NET 10.0.12 (10.0.12, 10.0.1226.42308), X64 RyuJIT x86-64-v4
// GC=Concurrent Workstation
// HardwareIntrinsics=AVX512 BITALG+VBMI2+VNNI+VPOPCNTDQ,AVX512 IFMA+VBMI,AVX512 F+BW+CD+DQ+VL,AVX2+BMI1+BMI2+F16C+FMA+LZCNT+MOVBE,AVX,SSE3+SSSE3+SSE4.1+SSE4.2+POPCNT,X86Base+SSE+SSE2,AES+PCLMUL VectorSize=256
// Job: ShortRun(IterationCount=3, LaunchCount=1, WarmupCount=3)

OverheadJitting  1: 1 op, 210953.00 ns, 210.9530 us/op
WorkloadJitting  1: 1 op, 927168.00 ns, 927.1680 us/op

OverheadJitting  2: 16 op, 266117.00 ns, 16.6323 us/op
WorkloadJitting  2: 16 op, 279533.00 ns, 17.4708 us/op

WorkloadPilot    1: 16 op, 1803.00 ns, 112.6875 ns/op
WorkloadPilot    2: 32 op, 1624.00 ns, 50.7500 ns/op
WorkloadPilot    3: 64 op, 1465.00 ns, 22.8906 ns/op
WorkloadPilot    4: 128 op, 2355.00 ns, 18.3984 ns/op
WorkloadPilot    5: 256 op, 3894.00 ns, 15.2109 ns/op
WorkloadPilot    6: 512 op, 7109.00 ns, 13.8848 ns/op
WorkloadPilot    7: 1024 op, 13942.00 ns, 13.6152 ns/op
WorkloadPilot    8: 2048 op, 26972.00 ns, 13.1699 ns/op
WorkloadPilot    9: 4096 op, 79903.00 ns, 19.5076 ns/op
WorkloadPilot   10: 8192 op, 107340.00 ns, 13.1030 ns/op
WorkloadPilot   11: 16384 op, 237680.00 ns, 14.5068 ns/op
WorkloadPilot   12: 32768 op, 414822.00 ns, 12.6594 ns/op
WorkloadPilot   13: 65536 op, 877271.00 ns, 13.3861 ns/op
WorkloadPilot   14: 131072 op, 1780737.00 ns, 13.5859 ns/op
WorkloadPilot   15: 262144 op, 3766672.00 ns, 14.3687 ns/op
WorkloadPilot   16: 524288 op, 7145450.00 ns, 13.6289 ns/op
WorkloadPilot   17: 1048576 op, 14274636.00 ns, 13.6134 ns/op
WorkloadPilot   18: 2097152 op, 29029332.00 ns, 13.8423 ns/op
WorkloadPilot   19: 4194304 op, 56702514.00 ns, 13.5189 ns/op
WorkloadPilot   20: 8388608 op, 114144082.00 ns, 13.6070 ns/op
WorkloadPilot   21: 16777216 op, 228791986.00 ns, 13.6371 ns/op
WorkloadPilot   22: 33554432 op, 452455360.00 ns, 13.4842 ns/op
WorkloadPilot   23: 67108864 op, 914067363.00 ns, 13.6207 ns/op

OverheadWarmup   1: 67108864 op, 160406395.00 ns, 2.3902 ns/op
OverheadWarmup   2: 67108864 op, 160029549.00 ns, 2.3846 ns/op
OverheadWarmup   3: 67108864 op, 159825199.00 ns, 2.3816 ns/op
OverheadWarmup   4: 67108864 op, 159952069.00 ns, 2.3835 ns/op
OverheadWarmup   5: 67108864 op, 160235874.00 ns, 2.3877 ns/op
OverheadWarmup   6: 67108864 op, 159888003.00 ns, 2.3825 ns/op
OverheadWarmup   7: 67108864 op, 163806586.00 ns, 2.4409 ns/op
OverheadWarmup   8: 67108864 op, 160598111.00 ns, 2.3931 ns/op

OverheadActual   1: 67108864 op, 160177356.00 ns, 2.3868 ns/op
OverheadActual   2: 67108864 op, 160444690.00 ns, 2.3908 ns/op
OverheadActual   3: 67108864 op, 160611384.00 ns, 2.3933 ns/op
OverheadActual   4: 67108864 op, 160684446.00 ns, 2.3944 ns/op
OverheadActual   5: 67108864 op, 160178087.00 ns, 2.3868 ns/op
OverheadActual   6: 67108864 op, 160512775.00 ns, 2.3918 ns/op
OverheadActual   7: 67108864 op, 159729007.00 ns, 2.3801 ns/op
OverheadActual   8: 67108864 op, 160394772.00 ns, 2.3901 ns/op
OverheadActual   9: 67108864 op, 162609660.00 ns, 2.4231 ns/op
OverheadActual  10: 67108864 op, 160169074.00 ns, 2.3867 ns/op
OverheadActual  11: 67108864 op, 160279988.00 ns, 2.3884 ns/op
OverheadActual  12: 67108864 op, 161174644.00 ns, 2.4017 ns/op
OverheadActual  13: 67108864 op, 160067262.00 ns, 2.3852 ns/op
OverheadActual  14: 67108864 op, 160086156.00 ns, 2.3855 ns/op
OverheadActual  15: 67108864 op, 160150883.00 ns, 2.3864 ns/op

WorkloadWarmup   1: 67108864 op, 908032073.00 ns, 13.5307 ns/op
WorkloadWarmup   2: 67108864 op, 921735566.00 ns, 13.7349 ns/op
WorkloadWarmup   3: 67108864 op, 922205198.00 ns, 13.7419 ns/op

// BeforeActualRun
WorkloadActual   1: 67108864 op, 913868114.00 ns, 13.6177 ns/op
WorkloadActual   2: 67108864 op, 915946724.00 ns, 13.6487 ns/op
WorkloadActual   3: 67108864 op, 914286146.00 ns, 13.6239 ns/op

// AfterActualRun
WorkloadResult   1: 67108864 op, 753588126.00 ns, 11.2293 ns/op
WorkloadResult   2: 67108864 op, 755666736.00 ns, 11.2603 ns/op
WorkloadResult   3: 67108864 op, 754006158.00 ns, 11.2356 ns/op
// GC:  0 0 0 0 67108864
// Threading:  0 0 67108864

// AfterAll
// Benchmark Process 3199 has exited with code 0.

Mean = 11.242 ns, StdErr = 0.009 ns (0.08%), N = 3, StdDev = 0.016 ns
Min = 11.229 ns, Q1 = 11.232 ns, Median = 11.236 ns, Q3 = 11.248 ns, Max = 11.260 ns
IQR = 0.015 ns, LowerFence = 11.209 ns, UpperFence = 11.271 ns
ConfidenceInterval = [10.943 ns; 11.541 ns] (CI 99.9%), Margin = 0.299 ns (2.66% of Mean)
Skewness = 0.32, Kurtosis = 0.67, MValue = 2

// ** Remained 0 (0.0 %) benchmark(s) to run. Estimated finish 2026-10-09 16:57 (0h 0m from now) **
// ***** BenchmarkRunner: Finish  *****

// * Export *
  artifacts/performance/AzureFunctions/results/Encina.AzureFunctions.Benchmarks.ErrorCodeMappingBenchmarks-report.csv
  artifacts/performance/AzureFunctions/results/Encina.AzureFunctions.Benchmarks.ErrorCodeMappingBenchmarks-report-github.md
  artifacts/performance/AzureFunctions/results/Encina.AzureFunctions.Benchmarks.ErrorCodeMappingBenchmarks-report.html
  artifacts/performance/AzureFunctions/results/Encina.AzureFunctions.Benchmarks.ErrorCodeMappingBenchmarks-report-full-compressed.json

// * Detailed results *
ErrorCodeMappingBenchmarks.MapAuthorizationUnauthenticated: DefaultJob
Runtime = .NET 10.0.12 (10.0.12, 10.0.1226.42308), X64 RyuJIT x86-64-v4; GC = Concurrent Workstation
Mean = 14.644 ns, StdErr = 0.011 ns (0.08%), N = 13, StdDev = 0.040 ns
Min = 14.516 ns, Q1 = 14.642 ns, Median = 14.653 ns, Q3 = 14.663 ns, Max = 14.669 ns
IQR = 0.021 ns, LowerFence = 14.610 ns, UpperFence = 14.695 ns
ConfidenceInterval = [14.596 ns; 14.692 ns] (CI 99.9%), Margin = 0.048 ns (0.33% of Mean)
Skewness = -2.45, Kurtosis = 8.11, MValue = 2
-------------------- Histogram --------------------
[14.493 ns ; 14.692 ns) | @@@@@@@@@@@@@
---------------------------------------------------

ErrorCodeMappingBenchmarks.MapAuthorizationForbidden: DefaultJob
Runtime = .NET 10.0.12 (10.0.12, 10.0.1226.42308), X64 RyuJIT x86-64-v4; GC = Concurrent Workstation
Mean = 14.361 ns, StdErr = 0.022 ns (0.15%), N = 14, StdDev = 0.082 ns
Min = 14.263 ns, Q1 = 14.313 ns, Median = 14.350 ns, Q3 = 14.390 ns, Max = 14.546 ns
IQR = 0.077 ns, LowerFence = 14.198 ns, UpperFence = 14.504 ns
ConfidenceInterval = [14.269 ns; 14.453 ns] (CI 99.9%), Margin = 0.092 ns (0.64% of Mean)
Skewness = 0.95, Kurtosis = 2.81, MValue = 2
-------------------- Histogram --------------------
[14.218 ns ; 14.591 ns) | @@@@@@@@@@@@@@
---------------------------------------------------

ErrorCodeMappingBenchmarks.MapConflictError: DefaultJob
Runtime = .NET 10.0.12 (10.0.12, 10.0.1226.42308), X64 RyuJIT x86-64-v4; GC = Concurrent Workstation
Mean = 12.341 ns, StdErr = 0.035 ns (0.28%), N = 14, StdDev = 0.130 ns
Min = 12.127 ns, Q1 = 12.251 ns, Median = 12.318 ns, Q3 = 12.478 ns, Max = 12.492 ns
IQR = 0.227 ns, LowerFence = 11.910 ns, UpperFence = 12.818 ns
ConfidenceInterval = [12.195 ns; 12.487 ns] (CI 99.9%), Margin = 0.146 ns (1.18% of Mean)
Skewness = -0.12, Kurtosis = 1.42, MValue = 2
-------------------- Histogram --------------------
[12.056 ns ; 12.563 ns) | @@@@@@@@@@@@@@
---------------------------------------------------

ErrorCodeMappingBenchmarks.MapUnknownError: DefaultJob
Runtime = .NET 10.0.12 (10.0.12, 10.0.1226.42308), X64 RyuJIT x86-64-v4; GC = Concurrent Workstation
Mean = 12.961 ns, StdErr = 0.032 ns (0.25%), N = 15, StdDev = 0.124 ns
Min = 12.816 ns, Q1 = 12.855 ns, Median = 12.936 ns, Q3 = 13.047 ns, Max = 13.198 ns
IQR = 0.192 ns, LowerFence = 12.567 ns, UpperFence = 13.335 ns
ConfidenceInterval = [12.829 ns; 13.094 ns] (CI 99.9%), Margin = 0.132 ns (1.02% of Mean)
Skewness = 0.39, Kurtosis = 1.73, MValue = 2
-------------------- Histogram --------------------
[12.750 ns ; 13.264 ns) | @@@@@@@@@@@@@@@
---------------------------------------------------

ErrorCodeMappingBenchmarks.MapMultipleValidationErrors: DefaultJob
Runtime = .NET 10.0.12 (10.0.12, 10.0.1226.42308), X64 RyuJIT x86-64-v4; GC = Concurrent Workstation
Mean = 55.941 ns, StdErr = 0.046 ns (0.08%), N = 15, StdDev = 0.178 ns
Min = 55.447 ns, Q1 = 55.849 ns, Median = 56.021 ns, Q3 = 56.079 ns, Max = 56.128 ns
IQR = 0.230 ns, LowerFence = 55.505 ns, UpperFence = 56.423 ns
ConfidenceInterval = [55.751 ns; 56.132 ns] (CI 99.9%), Margin = 0.191 ns (0.34% of Mean)
Skewness = -1.24, Kurtosis = 4.22, MValue = 2
-------------------- Histogram --------------------
[55.352 ns ; 56.223 ns) | @@@@@@@@@@@@@@@
---------------------------------------------------

ErrorCodeMappingBenchmarks.MapMixedErrors: DefaultJob
Runtime = .NET 10.0.12 (10.0.12, 10.0.1226.42308), X64 RyuJIT x86-64-v4; GC = Concurrent Workstation
Mean = 66.109 ns, StdErr = 0.116 ns (0.17%), N = 13, StdDev = 0.417 ns
Min = 65.688 ns, Q1 = 65.836 ns, Median = 65.951 ns, Q3 = 66.259 ns, Max = 67.140 ns
IQR = 0.423 ns, LowerFence = 65.201 ns, UpperFence = 66.893 ns
ConfidenceInterval = [65.610 ns; 66.608 ns] (CI 99.9%), Margin = 0.499 ns (0.76% of Mean)
Skewness = 1.18, Kurtosis = 3.37, MValue = 2
-------------------- Histogram --------------------
[65.455 ns ; 67.372 ns) | @@@@@@@@@@@@@
---------------------------------------------------

ErrorCodeMappingBenchmarks.MapValidationError: DefaultJob
Runtime = .NET 10.0.12 (10.0.12, 10.0.1226.42308), X64 RyuJIT x86-64-v4; GC = Concurrent Workstation
Mean = 10.011 ns, StdErr = 0.049 ns (0.49%), N = 14, StdDev = 0.184 ns
Min = 9.629 ns, Q1 = 9.988 ns, Median = 10.047 ns, Q3 = 10.101 ns, Max = 10.259 ns
IQR = 0.112 ns, LowerFence = 9.820 ns, UpperFence = 10.270 ns
ConfidenceInterval = [9.803 ns; 10.219 ns] (CI 99.9%), Margin = 0.208 ns (2.08% of Mean)
Skewness = -0.98, Kurtosis = 2.96, MValue = 2
-------------------- Histogram --------------------
[9.528 ns ;  9.730 ns) | @@
[9.730 ns ;  9.981 ns) | @
[9.981 ns ; 10.360 ns) | @@@@@@@@@@@
---------------------------------------------------

ErrorCodeMappingBenchmarks.MapNotFoundError: DefaultJob
Runtime = .NET 10.0.12 (10.0.12, 10.0.1226.42308), X64 RyuJIT x86-64-v4; GC = Concurrent Workstation
Mean = 11.112 ns, StdErr = 0.027 ns (0.25%), N = 14, StdDev = 0.103 ns
Min = 10.942 ns, Q1 = 11.076 ns, Median = 11.133 ns, Q3 = 11.188 ns, Max = 11.263 ns
IQR = 0.112 ns, LowerFence = 10.908 ns, UpperFence = 11.355 ns
ConfidenceInterval = [10.996 ns; 11.227 ns] (CI 99.9%), Margin = 0.116 ns (1.04% of Mean)
Skewness = -0.5, Kurtosis = 1.93, MValue = 2
-------------------- Histogram --------------------
[10.886 ns ; 11.274 ns) | @@@@@@@@@@@@@@
---------------------------------------------------

ErrorCodeMappingBenchmarks.MapAuthorizationUnauthenticated: ShortRun(IterationCount=3, LaunchCount=1, WarmupCount=3)
Runtime = .NET 10.0.12 (10.0.12, 10.0.1226.42308), X64 RyuJIT x86-64-v4; GC = Concurrent Workstation
Mean = 14.656 ns, StdErr = 0.018 ns (0.12%), N = 3, StdDev = 0.030 ns
Min = 14.633 ns, Q1 = 14.639 ns, Median = 14.646 ns, Q3 = 14.668 ns, Max = 14.691 ns
IQR = 0.029 ns, LowerFence = 14.596 ns, UpperFence = 14.712 ns
ConfidenceInterval = [14.102 ns; 15.210 ns] (CI 99.9%), Margin = 0.554 ns (3.78% of Mean)
Skewness = 0.3, Kurtosis = 0.67, MValue = 2
-------------------- Histogram --------------------
[14.605 ns ; 14.718 ns) | @@@
---------------------------------------------------

ErrorCodeMappingBenchmarks.MapAuthorizationForbidden: ShortRun(IterationCount=3, LaunchCount=1, WarmupCount=3)
Runtime = .NET 10.0.12 (10.0.12, 10.0.1226.42308), X64 RyuJIT x86-64-v4; GC = Concurrent Workstation
Mean = 15.348 ns, StdErr = 0.008 ns (0.05%), N = 3, StdDev = 0.014 ns
Min = 15.332 ns, Q1 = 15.342 ns, Median = 15.353 ns, Q3 = 15.356 ns, Max = 15.358 ns
IQR = 0.013 ns, LowerFence = 15.323 ns, UpperFence = 15.375 ns
ConfidenceInterval = [15.092 ns; 15.603 ns] (CI 99.9%), Margin = 0.256 ns (1.66% of Mean)
Skewness = -0.33, Kurtosis = 0.67, MValue = 2
-------------------- Histogram --------------------
[15.319 ns ; 15.371 ns) | @@@
---------------------------------------------------

ErrorCodeMappingBenchmarks.MapConflictError: ShortRun(IterationCount=3, LaunchCount=1, WarmupCount=3)
Runtime = .NET 10.0.12 (10.0.12, 10.0.1226.42308), X64 RyuJIT x86-64-v4; GC = Concurrent Workstation
Mean = 13.066 ns, StdErr = 0.023 ns (0.18%), N = 3, StdDev = 0.040 ns
Min = 13.033 ns, Q1 = 13.044 ns, Median = 13.055 ns, Q3 = 13.083 ns, Max = 13.110 ns
IQR = 0.039 ns, LowerFence = 12.986 ns, UpperFence = 13.141 ns
ConfidenceInterval = [12.341 ns; 13.791 ns] (CI 99.9%), Margin = 0.725 ns (5.55% of Mean)
Skewness = 0.25, Kurtosis = 0.67, MValue = 2
-------------------- Histogram --------------------
[12.997 ns ; 13.146 ns) | @@@
---------------------------------------------------

ErrorCodeMappingBenchmarks.MapUnknownError: ShortRun(IterationCount=3, LaunchCount=1, WarmupCount=3)
Runtime = .NET 10.0.12 (10.0.12, 10.0.1226.42308), X64 RyuJIT x86-64-v4; GC = Concurrent Workstation
Mean = 13.393 ns, StdErr = 0.046 ns (0.34%), N = 3, StdDev = 0.080 ns
Min = 13.316 ns, Q1 = 13.353 ns, Median = 13.389 ns, Q3 = 13.432 ns, Max = 13.475 ns
IQR = 0.080 ns, LowerFence = 13.233 ns, UpperFence = 13.551 ns
ConfidenceInterval = [11.941 ns; 14.846 ns] (CI 99.9%), Margin = 1.452 ns (10.84% of Mean)
Skewness = 0.05, Kurtosis = 0.67, MValue = 2
-------------------- Histogram --------------------
[13.243 ns ; 13.486 ns) | @@@
---------------------------------------------------

ErrorCodeMappingBenchmarks.MapMultipleValidationErrors: ShortRun(IterationCount=3, LaunchCount=1, WarmupCount=3)
Runtime = .NET 10.0.12 (10.0.12, 10.0.1226.42308), X64 RyuJIT x86-64-v4; GC = Concurrent Workstation
Mean = 52.772 ns, StdErr = 0.082 ns (0.15%), N = 3, StdDev = 0.141 ns
Min = 52.608 ns, Q1 = 52.728 ns, Median = 52.847 ns, Q3 = 52.853 ns, Max = 52.859 ns
IQR = 0.125 ns, LowerFence = 52.540 ns, UpperFence = 53.041 ns
ConfidenceInterval = [50.192 ns; 55.352 ns] (CI 99.9%), Margin = 2.580 ns (4.89% of Mean)
Skewness = -0.38, Kurtosis = 0.67, MValue = 2
-------------------- Histogram --------------------
[52.605 ns ; 52.862 ns) | @@@
---------------------------------------------------

ErrorCodeMappingBenchmarks.MapMixedErrors: ShortRun(IterationCount=3, LaunchCount=1, WarmupCount=3)
Runtime = .NET 10.0.12 (10.0.12, 10.0.1226.42308), X64 RyuJIT x86-64-v4; GC = Concurrent Workstation
Mean = 65.771 ns, StdErr = 0.490 ns (0.75%), N = 3, StdDev = 0.850 ns
Min = 64.803 ns, Q1 = 65.459 ns, Median = 66.114 ns, Q3 = 66.254 ns, Max = 66.395 ns
IQR = 0.796 ns, LowerFence = 64.265 ns, UpperFence = 67.448 ns
ConfidenceInterval = [50.272 ns; 81.269 ns] (CI 99.9%), Margin = 15.498 ns (23.56% of Mean)
Skewness = -0.34, Kurtosis = 0.67, MValue = 2
-------------------- Histogram --------------------
[64.030 ns ; 65.481 ns) | @
[65.481 ns ; 67.168 ns) | @@
---------------------------------------------------

ErrorCodeMappingBenchmarks.MapValidationError: ShortRun(IterationCount=3, LaunchCount=1, WarmupCount=3)
Runtime = .NET 10.0.12 (10.0.12, 10.0.1226.42308), X64 RyuJIT x86-64-v4; GC = Concurrent Workstation
Mean = 10.459 ns, StdErr = 0.068 ns (0.65%), N = 3, StdDev = 0.118 ns
Min = 10.350 ns, Q1 = 10.396 ns, Median = 10.442 ns, Q3 = 10.513 ns, Max = 10.584 ns
IQR = 0.117 ns, LowerFence = 10.221 ns, UpperFence = 10.688 ns
ConfidenceInterval = [8.310 ns; 12.607 ns] (CI 99.9%), Margin = 2.149 ns (20.54% of Mean)
Skewness = 0.13, Kurtosis = 0.67, MValue = 2
-------------------- Histogram --------------------
[10.289 ns ; 10.691 ns) | @@@
---------------------------------------------------

ErrorCodeMappingBenchmarks.MapNotFoundError: ShortRun(IterationCount=3, LaunchCount=1, WarmupCount=3)
Runtime = .NET 10.0.12 (10.0.12, 10.0.1226.42308), X64 RyuJIT x86-64-v4; GC = Concurrent Workstation
Mean = 11.242 ns, StdErr = 0.009 ns (0.08%), N = 3, StdDev = 0.016 ns
Min = 11.229 ns, Q1 = 11.232 ns, Median = 11.236 ns, Q3 = 11.248 ns, Max = 11.260 ns
IQR = 0.015 ns, LowerFence = 11.209 ns, UpperFence = 11.271 ns
ConfidenceInterval = [10.943 ns; 11.541 ns] (CI 99.9%), Margin = 0.299 ns (2.66% of Mean)
Skewness = 0.32, Kurtosis = 0.67, MValue = 2
-------------------- Histogram --------------------
[11.214 ns ; 11.275 ns) | @@@
---------------------------------------------------

// * Summary *

BenchmarkDotNet v0.15.8, Linux Ubuntu 24.04.5 LTS (Noble Numbat)
INTEL XEON PLATINUM 8573C 3.05GHz, 1 CPU, 4 logical and 2 physical cores
.NET SDK 10.0.401
  [Host]     : .NET 10.0.12 (10.0.12, 10.0.1226.42308), X64 RyuJIT x86-64-v4
  DefaultJob : .NET 10.0.12 (10.0.12, 10.0.1226.42308), X64 RyuJIT x86-64-v4
  ShortRun   : .NET 10.0.12 (10.0.12, 10.0.1226.42308), X64 RyuJIT x86-64-v4


| Method                          | Job        | IterationCount | LaunchCount | WarmupCount | Mean     | Error     | StdDev   | Ratio | RatioSD | Allocated | Alloc Ratio |
|-------------------------------- |----------- |--------------- |------------ |------------ |---------:|----------:|---------:|------:|--------:|----------:|------------:|
| MapAuthorizationUnauthenticated | DefaultJob | Default        | Default     | Default     | 14.64 ns |  0.048 ns | 0.040 ns |  1.46 |    0.03 |         - |          NA |
| MapAuthorizationForbidden       | DefaultJob | Default        | Default     | Default     | 14.36 ns |  0.092 ns | 0.082 ns |  1.43 |    0.03 |         - |          NA |
| MapConflictError                | DefaultJob | Default        | Default     | Default     | 12.34 ns |  0.146 ns | 0.130 ns |  1.23 |    0.03 |         - |          NA |
| MapUnknownError                 | DefaultJob | Default        | Default     | Default     | 12.96 ns |  0.132 ns | 0.124 ns |  1.30 |    0.03 |         - |          NA |
| MapMultipleValidationErrors     | DefaultJob | Default        | Default     | Default     | 55.94 ns |  0.191 ns | 0.178 ns |  5.59 |    0.10 |         - |          NA |
| MapMixedErrors                  | DefaultJob | Default        | Default     | Default     | 66.11 ns |  0.499 ns | 0.417 ns |  6.61 |    0.13 |         - |          NA |
| MapValidationError              | DefaultJob | Default        | Default     | Default     | 10.01 ns |  0.208 ns | 0.184 ns |  1.00 |    0.03 |         - |          NA |
| MapNotFoundError                | DefaultJob | Default        | Default     | Default     | 11.11 ns |  0.116 ns | 0.103 ns |  1.11 |    0.02 |         - |          NA |
|                                 |            |                |             |             |          |           |          |       |         |           |             |
| MapAuthorizationUnauthenticated | ShortRun   | 3              | 1           | 3           | 14.66 ns |  0.554 ns | 0.030 ns |  1.40 |    0.01 |         - |          NA |
| MapAuthorizationForbidden       | ShortRun   | 3              | 1           | 3           | 15.35 ns |  0.256 ns | 0.014 ns |  1.47 |    0.01 |         - |          NA |
| MapConflictError                | ShortRun   | 3              | 1           | 3           | 13.07 ns |  0.725 ns | 0.040 ns |  1.25 |    0.01 |         - |          NA |
| MapUnknownError                 | ShortRun   | 3              | 1           | 3           | 13.39 ns |  1.452 ns | 0.080 ns |  1.28 |    0.01 |         - |          NA |
| MapMultipleValidationErrors     | ShortRun   | 3              | 1           | 3           | 52.77 ns |  2.580 ns | 0.141 ns |  5.05 |    0.05 |         - |          NA |
| MapMixedErrors                  | ShortRun   | 3              | 1           | 3           | 65.77 ns | 15.498 ns | 0.850 ns |  6.29 |    0.09 |         - |          NA |
| MapValidationError              | ShortRun   | 3              | 1           | 3           | 10.46 ns |  2.149 ns | 0.118 ns |  1.00 |    0.01 |         - |          NA |
| MapNotFoundError                | ShortRun   | 3              | 1           | 3           | 11.24 ns |  0.299 ns | 0.016 ns |  1.07 |    0.01 |         - |          NA |

// * Hints *
Outliers
  ErrorCodeMappingBenchmarks.MapAuthorizationUnauthenticated: Default -> 2 outliers were removed, 3 outliers were detected (16.90 ns, 17.10 ns, 17.14 ns)
  ErrorCodeMappingBenchmarks.MapAuthorizationForbidden: Default       -> 1 outlier  was  removed (17.09 ns)
  ErrorCodeMappingBenchmarks.MapConflictError: Default                -> 1 outlier  was  removed (15.23 ns)
  ErrorCodeMappingBenchmarks.MapMultipleValidationErrors: Default     -> 1 outlier  was  detected (57.83 ns)
  ErrorCodeMappingBenchmarks.MapMixedErrors: Default                  -> 2 outliers were removed (69.96 ns, 70.09 ns)
  ErrorCodeMappingBenchmarks.MapValidationError: Default              -> 1 outlier  was  removed, 3 outliers were detected (12.01 ns, 12.01 ns, 12.77 ns)
  ErrorCodeMappingBenchmarks.MapNotFoundError: Default                -> 1 outlier  was  removed (13.79 ns)
// * Config Issues *

// * Warnings *
Configuration
  Summary -> The exporter CsvExporter is already present in configuration. There may be unexpected results.
  Summary -> The exporter HtmlExporter is already present in configuration. There may be unexpected results.
  Summary -> The exporter MarkdownExporter-github is already present in configuration. There may be unexpected results.

// * Legends *
  Mean        : Arithmetic mean of all measurements
  Error       : Half of 99.9% confidence interval
  StdDev      : Standard deviation of all measurements
  Ratio       : Mean of the ratio distribution ([Current]/[Baseline])
  RatioSD     : Standard deviation of the ratio distribution ([Current]/[Baseline])
  Allocated   : Allocated memory per single operation (managed only, inclusive, 1KB = 1024B)
  Alloc Ratio : Allocated memory ratio distribution ([Current]/[Baseline])
  1 ns        : 1 Nanosecond (0.000000001 sec)

// * Diagnostic Output - MemoryDiagnoser *


// ***** BenchmarkRunner: End *****
Run time: 00:03:56 (236.31 sec), executed benchmarks: 16

Global total time: 00:04:40 (280.03 sec), executed benchmarks: 16
// * Artifacts cleanup *
Artifacts cleanup is finished
