// Validating benchmarks:
// ***** BenchmarkRunner: Start   *****
// ***** Found 18 benchmark(s) in total *****
// ***** Building 1 exe(s) in Parallel: Start   *****
// start dotnet  restore --nodeReuse:false /p:UseSharedCompilation=false /p:Deterministic=true /p:Optimize=true /p:ArtifactsPath="/home/runner/work/Encina/Encina/tests/Encina.BenchmarkTests/Encina.Caching.Memory.Benchmarks/bin/Release/net10.0/Encina.Caching.Memory.Benchmarks-Job-NUBXJZ-1/" /p:OutDir="/home/runner/work/Encina/Encina/tests/Encina.BenchmarkTests/Encina.Caching.Memory.Benchmarks/bin/Release/net10.0/Encina.Caching.Memory.Benchmarks-Job-NUBXJZ-1/bin/Release/net10.0/" /p:OutputPath="/home/runner/work/Encina/Encina/tests/Encina.BenchmarkTests/Encina.Caching.Memory.Benchmarks/bin/Release/net10.0/Encina.Caching.Memory.Benchmarks-Job-NUBXJZ-1/bin/Release/net10.0/" /p:PublishDir="/home/runner/work/Encina/Encina/tests/Encina.BenchmarkTests/Encina.Caching.Memory.Benchmarks/bin/Release/net10.0/Encina.Caching.Memory.Benchmarks-Job-NUBXJZ-1/publish/" in /home/runner/work/Encina/Encina/tests/Encina.BenchmarkTests/Encina.Caching.Memory.Benchmarks/bin/Release/net10.0/Encina.Caching.Memory.Benchmarks-Job-NUBXJZ-1
// command took 2.78 sec and exited with 0
// start dotnet  build -c Release --no-restore --nodeReuse:false /p:UseSharedCompilation=false /p:Deterministic=true /p:Optimize=true /p:ArtifactsPath="/home/runner/work/Encina/Encina/tests/Encina.BenchmarkTests/Encina.Caching.Memory.Benchmarks/bin/Release/net10.0/Encina.Caching.Memory.Benchmarks-Job-NUBXJZ-1/" /p:OutDir="/home/runner/work/Encina/Encina/tests/Encina.BenchmarkTests/Encina.Caching.Memory.Benchmarks/bin/Release/net10.0/Encina.Caching.Memory.Benchmarks-Job-NUBXJZ-1/bin/Release/net10.0/" /p:OutputPath="/home/runner/work/Encina/Encina/tests/Encina.BenchmarkTests/Encina.Caching.Memory.Benchmarks/bin/Release/net10.0/Encina.Caching.Memory.Benchmarks-Job-NUBXJZ-1/bin/Release/net10.0/" /p:PublishDir="/home/runner/work/Encina/Encina/tests/Encina.BenchmarkTests/Encina.Caching.Memory.Benchmarks/bin/Release/net10.0/Encina.Caching.Memory.Benchmarks-Job-NUBXJZ-1/publish/" --output "/home/runner/work/Encina/Encina/tests/Encina.BenchmarkTests/Encina.Caching.Memory.Benchmarks/bin/Release/net10.0/Encina.Caching.Memory.Benchmarks-Job-NUBXJZ-1/bin/Release/net10.0/" in /home/runner/work/Encina/Encina/tests/Encina.BenchmarkTests/Encina.Caching.Memory.Benchmarks/bin/Release/net10.0/Encina.Caching.Memory.Benchmarks-Job-NUBXJZ-1
// command took 53.44 sec and exited with 0
// ***** Done, took 00:00:56 (56.44 sec)   *****
// Found 18 benchmarks:
//   MemoryCacheProviderBenchmarks.ExistsAsync_False: Job-NUBXJZ(IterationCount=20, WarmupCount=5)
//   MemoryCacheProviderBenchmarks.ExistsAsync_False: ShortRun(IterationCount=3, LaunchCount=1, WarmupCount=3)
//   MemoryCacheProviderBenchmarks.ExistsAsync_True: Job-NUBXJZ(IterationCount=20, WarmupCount=5)
//   MemoryCacheProviderBenchmarks.ExistsAsync_True: ShortRun(IterationCount=3, LaunchCount=1, WarmupCount=3)
//   MemoryCacheProviderBenchmarks.GetAsync_CacheHit: Job-NUBXJZ(IterationCount=20, WarmupCount=5)
//   MemoryCacheProviderBenchmarks.GetAsync_CacheHit: ShortRun(IterationCount=3, LaunchCount=1, WarmupCount=3)
//   MemoryCacheProviderBenchmarks.GetAsync_CacheMiss: Job-NUBXJZ(IterationCount=20, WarmupCount=5)
//   MemoryCacheProviderBenchmarks.GetAsync_CacheMiss: ShortRun(IterationCount=3, LaunchCount=1, WarmupCount=3)
//   MemoryCacheProviderBenchmarks.GetOrSetAsync_CacheHit: Job-NUBXJZ(IterationCount=20, WarmupCount=5)
//   MemoryCacheProviderBenchmarks.GetOrSetAsync_CacheHit: ShortRun(IterationCount=3, LaunchCount=1, WarmupCount=3)
//   MemoryCacheProviderBenchmarks.GetOrSetAsync_CacheMiss: Job-NUBXJZ(IterationCount=20, WarmupCount=5)
//   MemoryCacheProviderBenchmarks.GetOrSetAsync_CacheMiss: ShortRun(IterationCount=3, LaunchCount=1, WarmupCount=3)
//   MemoryCacheProviderBenchmarks.RemoveAsync: Job-NUBXJZ(IterationCount=20, WarmupCount=5)
//   MemoryCacheProviderBenchmarks.RemoveAsync: ShortRun(IterationCount=3, LaunchCount=1, WarmupCount=3)
//   MemoryCacheProviderBenchmarks.SetWithSlidingExpirationAsync: Job-NUBXJZ(IterationCount=20, WarmupCount=5)
//   MemoryCacheProviderBenchmarks.SetWithSlidingExpirationAsync: ShortRun(IterationCount=3, LaunchCount=1, WarmupCount=3)
//   MemoryCacheProviderBenchmarks.SetAsync: Job-NUBXJZ(IterationCount=20, WarmupCount=5)
//   MemoryCacheProviderBenchmarks.SetAsync: ShortRun(IterationCount=3, LaunchCount=1, WarmupCount=3)

// **************************
// Benchmark: MemoryCacheProviderBenchmarks.ExistsAsync_False: Job-NUBXJZ(IterationCount=20, WarmupCount=5)
// *** Execute ***
// Launch: 1 / 1
// Execute: dotnet Encina.Caching.Memory.Benchmarks-Job-NUBXJZ-1.dll --anonymousPipes 152 153 --benchmarkName Encina.Caching.Memory.Benchmarks.Benchmarks.MemoryCacheProviderBenchmarks.ExistsAsync_False --job "IterationCount=20, WarmupCount=5" --benchmarkId 0 in /home/runner/work/Encina/Encina/tests/Encina.BenchmarkTests/Encina.Caching.Memory.Benchmarks/bin/Release/net10.0/Encina.Caching.Memory.Benchmarks-Job-NUBXJZ-1/bin/Release/net10.0
// Failed to set up high priority (Permission denied). In order to run benchmarks with high priority, make sure you have the right permissions.
// BeforeAnythingElse

// Benchmark Process Environment Information:
// BenchmarkDotNet v0.15.8
// Runtime=.NET 10.0.12 (10.0.12, 10.0.1226.42308), X64 RyuJIT x86-64-v3
// GC=Concurrent Workstation
// HardwareIntrinsics=AVX2+BMI1+BMI2+F16C+FMA+LZCNT+MOVBE,AVX,SSE3+SSSE3+SSE4.1+SSE4.2+POPCNT,X86Base+SSE+SSE2,AES+PCLMUL VectorSize=256
// Job: Job-NUBXJZ(IterationCount=20, WarmupCount=5)

OverheadJitting  1: 1 op, 217045.00 ns, 217.0450 us/op
WorkloadJitting  1: 1 op, 3519511.00 ns, 3.5195 ms/op

OverheadJitting  2: 16 op, 328783.00 ns, 20.5489 us/op
WorkloadJitting  2: 16 op, 348099.00 ns, 21.7562 us/op

WorkloadPilot    1: 16 op, 3066.00 ns, 191.6250 ns/op
WorkloadPilot    2: 32 op, 3777.00 ns, 118.0313 ns/op
WorkloadPilot    3: 64 op, 5220.00 ns, 81.5625 ns/op
WorkloadPilot    4: 128 op, 8475.00 ns, 66.2109 ns/op
WorkloadPilot    5: 256 op, 15810.00 ns, 61.7578 ns/op
WorkloadPilot    6: 512 op, 28864.00 ns, 56.3750 ns/op
WorkloadPilot    7: 1024 op, 56335.00 ns, 55.0146 ns/op
WorkloadPilot    8: 2048 op, 111388.00 ns, 54.3887 ns/op
WorkloadPilot    9: 4096 op, 222434.00 ns, 54.3052 ns/op
WorkloadPilot   10: 8192 op, 440722.00 ns, 53.7991 ns/op
WorkloadPilot   11: 16384 op, 892755.00 ns, 54.4894 ns/op
WorkloadPilot   12: 32768 op, 1775470.00 ns, 54.1830 ns/op
WorkloadPilot   13: 65536 op, 3555268.00 ns, 54.2491 ns/op
WorkloadPilot   14: 131072 op, 7096690.00 ns, 54.1434 ns/op
WorkloadPilot   15: 262144 op, 14196908.00 ns, 54.1569 ns/op
WorkloadPilot   16: 524288 op, 28330026.00 ns, 54.0352 ns/op
WorkloadPilot   17: 1048576 op, 56654351.00 ns, 54.0298 ns/op
WorkloadPilot   18: 2097152 op, 113138594.00 ns, 53.9487 ns/op
WorkloadPilot   19: 4194304 op, 226678667.00 ns, 54.0444 ns/op
WorkloadPilot   20: 8388608 op, 452953570.00 ns, 53.9963 ns/op
WorkloadPilot   21: 16777216 op, 907427397.00 ns, 54.0869 ns/op

OverheadWarmup   1: 16777216 op, 31348694.00 ns, 1.8685 ns/op
OverheadWarmup   2: 16777216 op, 31196690.00 ns, 1.8595 ns/op
OverheadWarmup   3: 16777216 op, 31271249.00 ns, 1.8639 ns/op
OverheadWarmup   4: 16777216 op, 30780554.00 ns, 1.8347 ns/op
OverheadWarmup   5: 16777216 op, 31079902.00 ns, 1.8525 ns/op
OverheadWarmup   6: 16777216 op, 31043214.00 ns, 1.8503 ns/op

OverheadActual   1: 16777216 op, 31389279.00 ns, 1.8709 ns/op
OverheadActual   2: 16777216 op, 31295544.00 ns, 1.8654 ns/op
OverheadActual   3: 16777216 op, 30987410.00 ns, 1.8470 ns/op
OverheadActual   4: 16777216 op, 31258645.00 ns, 1.8632 ns/op
OverheadActual   5: 16777216 op, 31284744.00 ns, 1.8647 ns/op
OverheadActual   6: 16777216 op, 31036461.00 ns, 1.8499 ns/op
OverheadActual   7: 16777216 op, 31179588.00 ns, 1.8584 ns/op
OverheadActual   8: 16777216 op, 30778300.00 ns, 1.8345 ns/op
OverheadActual   9: 16777216 op, 31515424.00 ns, 1.8785 ns/op
OverheadActual  10: 16777216 op, 31270517.00 ns, 1.8639 ns/op
OverheadActual  11: 16777216 op, 31201279.00 ns, 1.8597 ns/op
OverheadActual  12: 16777216 op, 30900398.00 ns, 1.8418 ns/op
OverheadActual  13: 16777216 op, 31209644.00 ns, 1.8602 ns/op
OverheadActual  14: 16777216 op, 30845004.00 ns, 1.8385 ns/op
OverheadActual  15: 16777216 op, 31183555.00 ns, 1.8587 ns/op

WorkloadWarmup   1: 16777216 op, 920509879.00 ns, 54.8667 ns/op
WorkloadWarmup   2: 16777216 op, 907893083.00 ns, 54.1146 ns/op
WorkloadWarmup   3: 16777216 op, 919586864.00 ns, 54.8116 ns/op
WorkloadWarmup   4: 16777216 op, 907680765.00 ns, 54.1020 ns/op
WorkloadWarmup   5: 16777216 op, 908172455.00 ns, 54.1313 ns/op

// BeforeActualRun
WorkloadActual   1: 16777216 op, 922934493.00 ns, 55.0112 ns/op
WorkloadActual   2: 16777216 op, 906931100.00 ns, 54.0573 ns/op
WorkloadActual   3: 16777216 op, 906435308.00 ns, 54.0278 ns/op
WorkloadActual   4: 16777216 op, 906755064.00 ns, 54.0468 ns/op
WorkloadActual   5: 16777216 op, 906921224.00 ns, 54.0567 ns/op
WorkloadActual   6: 16777216 op, 907044132.00 ns, 54.0640 ns/op
WorkloadActual   7: 16777216 op, 906906897.00 ns, 54.0559 ns/op
WorkloadActual   8: 16777216 op, 906759873.00 ns, 54.0471 ns/op
WorkloadActual   9: 16777216 op, 906581560.00 ns, 54.0365 ns/op
WorkloadActual  10: 16777216 op, 908435937.00 ns, 54.1470 ns/op
WorkloadActual  11: 16777216 op, 907502569.00 ns, 54.0914 ns/op
WorkloadActual  12: 16777216 op, 907813448.00 ns, 54.1099 ns/op
WorkloadActual  13: 16777216 op, 906469233.00 ns, 54.0298 ns/op
WorkloadActual  14: 16777216 op, 914139751.00 ns, 54.4870 ns/op
WorkloadActual  15: 16777216 op, 907506005.00 ns, 54.0916 ns/op
WorkloadActual  16: 16777216 op, 906880228.00 ns, 54.0543 ns/op
WorkloadActual  17: 16777216 op, 906991095.00 ns, 54.0609 ns/op
WorkloadActual  18: 16777216 op, 907816463.00 ns, 54.1101 ns/op
WorkloadActual  19: 16777216 op, 947612592.00 ns, 56.4821 ns/op
WorkloadActual  20: 16777216 op, 906444926.00 ns, 54.0283 ns/op

// AfterActualRun
WorkloadResult   1: 16777216 op, 875729821.00 ns, 52.1976 ns/op
WorkloadResult   2: 16777216 op, 875234029.00 ns, 52.1680 ns/op
WorkloadResult   3: 16777216 op, 875553785.00 ns, 52.1871 ns/op
WorkloadResult   4: 16777216 op, 875719945.00 ns, 52.1970 ns/op
WorkloadResult   5: 16777216 op, 875842853.00 ns, 52.2043 ns/op
WorkloadResult   6: 16777216 op, 875705618.00 ns, 52.1961 ns/op
WorkloadResult   7: 16777216 op, 875558594.00 ns, 52.1874 ns/op
WorkloadResult   8: 16777216 op, 875380281.00 ns, 52.1767 ns/op
WorkloadResult   9: 16777216 op, 877234658.00 ns, 52.2873 ns/op
WorkloadResult  10: 16777216 op, 876301290.00 ns, 52.2316 ns/op
WorkloadResult  11: 16777216 op, 876612169.00 ns, 52.2502 ns/op
WorkloadResult  12: 16777216 op, 875267954.00 ns, 52.1700 ns/op
WorkloadResult  13: 16777216 op, 876304726.00 ns, 52.2318 ns/op
WorkloadResult  14: 16777216 op, 875678949.00 ns, 52.1945 ns/op
WorkloadResult  15: 16777216 op, 875789816.00 ns, 52.2011 ns/op
WorkloadResult  16: 16777216 op, 876615184.00 ns, 52.2503 ns/op
WorkloadResult  17: 16777216 op, 875243647.00 ns, 52.1686 ns/op
// GC:  0 0 0 0 16777216
// Threading:  0 0 16777216

// AfterAll
// Benchmark Process 3184 has exited with code 0.

Mean = 52.206 ns, StdErr = 0.008 ns (0.02%), N = 17, StdDev = 0.033 ns
Min = 52.168 ns, Q1 = 52.187 ns, Median = 52.197 ns, Q3 = 52.232 ns, Max = 52.287 ns
IQR = 0.045 ns, LowerFence = 52.120 ns, UpperFence = 52.298 ns
ConfidenceInterval = [52.173 ns; 52.238 ns] (CI 99.9%), Margin = 0.033 ns (0.06% of Mean)
Skewness = 0.87, Kurtosis = 2.77, MValue = 2

// ** Remained 17 (94.4 %) benchmark(s) to run. Estimated finish 2026-10-10 21:55 (0h 7m from now) **
// **************************
// Benchmark: MemoryCacheProviderBenchmarks.ExistsAsync_False: ShortRun(IterationCount=3, LaunchCount=1, WarmupCount=3)
// *** Execute ***
// Launch: 1 / 1
// Execute: dotnet Encina.Caching.Memory.Benchmarks-Job-NUBXJZ-1.dll --anonymousPipes 152 153 --benchmarkName Encina.Caching.Memory.Benchmarks.Benchmarks.MemoryCacheProviderBenchmarks.ExistsAsync_False --job ShortRun --benchmarkId 1 in /home/runner/work/Encina/Encina/tests/Encina.BenchmarkTests/Encina.Caching.Memory.Benchmarks/bin/Release/net10.0/Encina.Caching.Memory.Benchmarks-Job-NUBXJZ-1/bin/Release/net10.0
// Failed to set up high priority (Permission denied). In order to run benchmarks with high priority, make sure you have the right permissions.
// BeforeAnythingElse

// Benchmark Process Environment Information:
// BenchmarkDotNet v0.15.8
// Runtime=.NET 10.0.12 (10.0.12, 10.0.1226.42308), X64 RyuJIT x86-64-v3
// GC=Concurrent Workstation
// HardwareIntrinsics=AVX2+BMI1+BMI2+F16C+FMA+LZCNT+MOVBE,AVX,SSE3+SSSE3+SSE4.1+SSE4.2+POPCNT,X86Base+SSE+SSE2,AES+PCLMUL VectorSize=256
// Job: ShortRun(IterationCount=3, LaunchCount=1, WarmupCount=3)

OverheadJitting  1: 1 op, 231362.00 ns, 231.3620 us/op
WorkloadJitting  1: 1 op, 3426456.00 ns, 3.4265 ms/op

OverheadJitting  2: 16 op, 331467.00 ns, 20.7167 us/op
WorkloadJitting  2: 16 op, 344322.00 ns, 21.5201 us/op

WorkloadPilot    1: 16 op, 2585.00 ns, 161.5625 ns/op
WorkloadPilot    2: 32 op, 3246.00 ns, 101.4375 ns/op
WorkloadPilot    3: 64 op, 4969.00 ns, 77.6406 ns/op
WorkloadPilot    4: 128 op, 8445.00 ns, 65.9766 ns/op
WorkloadPilot    5: 256 op, 15179.00 ns, 59.2930 ns/op
WorkloadPilot    6: 512 op, 28914.00 ns, 56.4727 ns/op
WorkloadPilot    7: 1024 op, 57217.00 ns, 55.8760 ns/op
WorkloadPilot    8: 2048 op, 127267.00 ns, 62.1421 ns/op
WorkloadPilot    9: 4096 op, 220270.00 ns, 53.7769 ns/op
WorkloadPilot   10: 8192 op, 440471.00 ns, 53.7684 ns/op
WorkloadPilot   11: 16384 op, 894828.00 ns, 54.6160 ns/op
WorkloadPilot   12: 32768 op, 1783936.00 ns, 54.4414 ns/op
WorkloadPilot   13: 65536 op, 3556039.00 ns, 54.2608 ns/op
WorkloadPilot   14: 131072 op, 7110855.00 ns, 54.2515 ns/op
WorkloadPilot   15: 262144 op, 14251656.00 ns, 54.3658 ns/op
WorkloadPilot   16: 524288 op, 28519020.00 ns, 54.3957 ns/op
WorkloadPilot   17: 1048576 op, 56819613.00 ns, 54.1874 ns/op
WorkloadPilot   18: 2097152 op, 113241353.00 ns, 53.9977 ns/op
WorkloadPilot   19: 4194304 op, 226959555.00 ns, 54.1114 ns/op
WorkloadPilot   20: 8388608 op, 455078473.00 ns, 54.2496 ns/op
WorkloadPilot   21: 16777216 op, 909425402.00 ns, 54.2060 ns/op

OverheadWarmup   1: 16777216 op, 31145055.00 ns, 1.8564 ns/op
OverheadWarmup   2: 16777216 op, 31085935.00 ns, 1.8529 ns/op
OverheadWarmup   3: 16777216 op, 31289254.00 ns, 1.8650 ns/op
OverheadWarmup   4: 16777216 op, 30978404.00 ns, 1.8465 ns/op
OverheadWarmup   5: 16777216 op, 30995106.00 ns, 1.8475 ns/op
OverheadWarmup   6: 16777216 op, 31196470.00 ns, 1.8595 ns/op
OverheadWarmup   7: 16777216 op, 31080504.00 ns, 1.8525 ns/op

OverheadActual   1: 16777216 op, 31171584.00 ns, 1.8580 ns/op
OverheadActual   2: 16777216 op, 31534691.00 ns, 1.8796 ns/op
OverheadActual   3: 16777216 op, 31242988.00 ns, 1.8622 ns/op
OverheadActual   4: 16777216 op, 31236716.00 ns, 1.8619 ns/op
OverheadActual   5: 16777216 op, 31223872.00 ns, 1.8611 ns/op
OverheadActual   6: 16777216 op, 31120328.00 ns, 1.8549 ns/op
OverheadActual   7: 16777216 op, 31476612.00 ns, 1.8762 ns/op
OverheadActual   8: 16777216 op, 31124416.00 ns, 1.8552 ns/op
OverheadActual   9: 16777216 op, 31383769.00 ns, 1.8706 ns/op
OverheadActual  10: 16777216 op, 31099289.00 ns, 1.8537 ns/op
OverheadActual  11: 16777216 op, 31029580.00 ns, 1.8495 ns/op
OverheadActual  12: 16777216 op, 31488946.00 ns, 1.8769 ns/op
OverheadActual  13: 16777216 op, 31332945.00 ns, 1.8676 ns/op
OverheadActual  14: 16777216 op, 31361959.00 ns, 1.8693 ns/op
OverheadActual  15: 16777216 op, 31515695.00 ns, 1.8785 ns/op

WorkloadWarmup   1: 16777216 op, 906725840.00 ns, 54.0451 ns/op
WorkloadWarmup   2: 16777216 op, 911798706.00 ns, 54.3474 ns/op
WorkloadWarmup   3: 16777216 op, 907590532.00 ns, 54.0966 ns/op

// BeforeActualRun
WorkloadActual   1: 16777216 op, 912719859.00 ns, 54.4023 ns/op
WorkloadActual   2: 16777216 op, 907077122.00 ns, 54.0660 ns/op
WorkloadActual   3: 16777216 op, 910263261.00 ns, 54.2559 ns/op

// AfterActualRun
WorkloadResult   1: 16777216 op, 881476871.00 ns, 52.5401 ns/op
WorkloadResult   2: 16777216 op, 875834134.00 ns, 52.2038 ns/op
WorkloadResult   3: 16777216 op, 879020273.00 ns, 52.3937 ns/op
// GC:  0 0 0 0 16777216
// Threading:  0 0 16777216

// AfterAll
// Benchmark Process 3199 has exited with code 0.

Mean = 52.379 ns, StdErr = 0.097 ns (0.19%), N = 3, StdDev = 0.169 ns
Min = 52.204 ns, Q1 = 52.299 ns, Median = 52.394 ns, Q3 = 52.467 ns, Max = 52.540 ns
IQR = 0.168 ns, LowerFence = 52.046 ns, UpperFence = 52.719 ns
ConfidenceInterval = [49.303 ns; 55.456 ns] (CI 99.9%), Margin = 3.077 ns (5.87% of Mean)
Skewness = -0.09, Kurtosis = 0.67, MValue = 2

// ** Remained 16 (88.9 %) benchmark(s) to run. Estimated finish 2026-10-10 21:52 (0h 4m from now) **
// **************************
// Benchmark: MemoryCacheProviderBenchmarks.ExistsAsync_True: Job-NUBXJZ(IterationCount=20, WarmupCount=5)
// *** Execute ***
// Launch: 1 / 1
// Execute: dotnet Encina.Caching.Memory.Benchmarks-Job-NUBXJZ-1.dll --anonymousPipes 152 153 --benchmarkName Encina.Caching.Memory.Benchmarks.Benchmarks.MemoryCacheProviderBenchmarks.ExistsAsync_True --job "IterationCount=20, WarmupCount=5" --benchmarkId 2 in /home/runner/work/Encina/Encina/tests/Encina.BenchmarkTests/Encina.Caching.Memory.Benchmarks/bin/Release/net10.0/Encina.Caching.Memory.Benchmarks-Job-NUBXJZ-1/bin/Release/net10.0
// Failed to set up high priority (Permission denied). In order to run benchmarks with high priority, make sure you have the right permissions.
// BeforeAnythingElse

// Benchmark Process Environment Information:
// BenchmarkDotNet v0.15.8
// Runtime=.NET 10.0.12 (10.0.12, 10.0.1226.42308), X64 RyuJIT x86-64-v3
// GC=Concurrent Workstation
// HardwareIntrinsics=AVX2+BMI1+BMI2+F16C+FMA+LZCNT+MOVBE,AVX,SSE3+SSSE3+SSE4.1+SSE4.2+POPCNT,X86Base+SSE+SSE2,AES+PCLMUL VectorSize=256
// Job: Job-NUBXJZ(IterationCount=20, WarmupCount=5)

OverheadJitting  1: 1 op, 207296.00 ns, 207.2960 us/op
WorkloadJitting  1: 1 op, 3470159.00 ns, 3.4702 ms/op

OverheadJitting  2: 16 op, 353479.00 ns, 22.0924 us/op
WorkloadJitting  2: 16 op, 380470.00 ns, 23.7794 us/op

WorkloadPilot    1: 16 op, 3396.00 ns, 212.2500 ns/op
WorkloadPilot    2: 32 op, 3887.00 ns, 121.4688 ns/op
WorkloadPilot    3: 64 op, 5781.00 ns, 90.3281 ns/op
WorkloadPilot    4: 128 op, 9748.00 ns, 76.1563 ns/op
WorkloadPilot    5: 256 op, 17613.00 ns, 68.8008 ns/op
WorkloadPilot    6: 512 op, 33322.00 ns, 65.0820 ns/op
WorkloadPilot    7: 1024 op, 64691.00 ns, 63.1748 ns/op
WorkloadPilot    8: 2048 op, 126606.00 ns, 61.8193 ns/op
WorkloadPilot    9: 4096 op, 252791.00 ns, 61.7166 ns/op
WorkloadPilot   10: 8192 op, 500713.00 ns, 61.1222 ns/op
WorkloadPilot   11: 16384 op, 1023759.00 ns, 62.4853 ns/op
WorkloadPilot   12: 32768 op, 2044792.00 ns, 62.4021 ns/op
WorkloadPilot   13: 65536 op, 4048948.00 ns, 61.7820 ns/op
WorkloadPilot   14: 131072 op, 8156516.00 ns, 62.2293 ns/op
WorkloadPilot   15: 262144 op, 16266123.00 ns, 62.0503 ns/op
WorkloadPilot   16: 524288 op, 32410531.00 ns, 61.8182 ns/op
WorkloadPilot   17: 1048576 op, 64890070.00 ns, 61.8840 ns/op
WorkloadPilot   18: 2097152 op, 130711366.00 ns, 62.3280 ns/op
WorkloadPilot   19: 4194304 op, 259140117.00 ns, 61.7838 ns/op
WorkloadPilot   20: 8388608 op, 519230185.00 ns, 61.8971 ns/op

OverheadWarmup   1: 8388608 op, 15665594.00 ns, 1.8675 ns/op
OverheadWarmup   2: 8388608 op, 15748809.00 ns, 1.8774 ns/op
OverheadWarmup   3: 8388608 op, 15553436.00 ns, 1.8541 ns/op
OverheadWarmup   4: 8388608 op, 15801167.00 ns, 1.8836 ns/op
OverheadWarmup   5: 8388608 op, 15781921.00 ns, 1.8814 ns/op

OverheadActual   1: 8388608 op, 15573523.00 ns, 1.8565 ns/op
OverheadActual   2: 8388608 op, 15556040.00 ns, 1.8544 ns/op
OverheadActual   3: 8388608 op, 15747216.00 ns, 1.8772 ns/op
OverheadActual   4: 8388608 op, 15676765.00 ns, 1.8688 ns/op
OverheadActual   5: 8388608 op, 15631811.00 ns, 1.8635 ns/op
OverheadActual   6: 8388608 op, 15789515.00 ns, 1.8823 ns/op
OverheadActual   7: 8388608 op, 15540892.00 ns, 1.8526 ns/op
OverheadActual   8: 8388608 op, 15365906.00 ns, 1.8318 ns/op
OverheadActual   9: 8388608 op, 15762365.00 ns, 1.8790 ns/op
OverheadActual  10: 8388608 op, 15691433.00 ns, 1.8706 ns/op
OverheadActual  11: 8388608 op, 15660205.00 ns, 1.8668 ns/op
OverheadActual  12: 8388608 op, 16058727.00 ns, 1.9143 ns/op
OverheadActual  13: 8388608 op, 15674962.00 ns, 1.8686 ns/op
OverheadActual  14: 8388608 op, 15392085.00 ns, 1.8349 ns/op
OverheadActual  15: 8388608 op, 15541773.00 ns, 1.8527 ns/op

WorkloadWarmup   1: 8388608 op, 519271693.00 ns, 61.9020 ns/op
WorkloadWarmup   2: 8388608 op, 519890166.00 ns, 61.9757 ns/op
WorkloadWarmup   3: 8388608 op, 518678026.00 ns, 61.8312 ns/op
WorkloadWarmup   4: 8388608 op, 518651427.00 ns, 61.8281 ns/op
WorkloadWarmup   5: 8388608 op, 519181472.00 ns, 61.8913 ns/op

// BeforeActualRun
WorkloadActual   1: 8388608 op, 520679249.00 ns, 62.0698 ns/op
WorkloadActual   2: 8388608 op, 519809457.00 ns, 61.9661 ns/op
WorkloadActual   3: 8388608 op, 519060861.00 ns, 61.8769 ns/op
WorkloadActual   4: 8388608 op, 519161448.00 ns, 61.8889 ns/op
WorkloadActual   5: 8388608 op, 519122937.00 ns, 61.8843 ns/op
WorkloadActual   6: 8388608 op, 519472218.00 ns, 61.9259 ns/op
WorkloadActual   7: 8388608 op, 520089038.00 ns, 61.9994 ns/op
WorkloadActual   8: 8388608 op, 519640502.00 ns, 61.9460 ns/op
WorkloadActual   9: 8388608 op, 520090110.00 ns, 61.9996 ns/op
WorkloadActual  10: 8388608 op, 518881968.00 ns, 61.8556 ns/op
WorkloadActual  11: 8388608 op, 519229827.00 ns, 61.8970 ns/op
WorkloadActual  12: 8388608 op, 519704692.00 ns, 61.9536 ns/op
WorkloadActual  13: 8388608 op, 519849953.00 ns, 61.9709 ns/op
WorkloadActual  14: 8388608 op, 519417656.00 ns, 61.9194 ns/op
WorkloadActual  15: 8388608 op, 519240776.00 ns, 61.8983 ns/op
WorkloadActual  16: 8388608 op, 519226529.00 ns, 61.8966 ns/op
WorkloadActual  17: 8388608 op, 519155444.00 ns, 61.8882 ns/op
WorkloadActual  18: 8388608 op, 519142940.00 ns, 61.8867 ns/op
WorkloadActual  19: 8388608 op, 519332764.00 ns, 61.9093 ns/op
WorkloadActual  20: 8388608 op, 518749597.00 ns, 61.8398 ns/op

// AfterActualRun
WorkloadResult   1: 8388608 op, 504149252.00 ns, 60.0993 ns/op
WorkloadResult   2: 8388608 op, 503400656.00 ns, 60.0100 ns/op
WorkloadResult   3: 8388608 op, 503501243.00 ns, 60.0220 ns/op
WorkloadResult   4: 8388608 op, 503462732.00 ns, 60.0174 ns/op
WorkloadResult   5: 8388608 op, 503812013.00 ns, 60.0591 ns/op
WorkloadResult   6: 8388608 op, 504428833.00 ns, 60.1326 ns/op
WorkloadResult   7: 8388608 op, 503980297.00 ns, 60.0791 ns/op
WorkloadResult   8: 8388608 op, 504429905.00 ns, 60.1327 ns/op
WorkloadResult   9: 8388608 op, 503221763.00 ns, 59.9887 ns/op
WorkloadResult  10: 8388608 op, 503569622.00 ns, 60.0302 ns/op
WorkloadResult  11: 8388608 op, 504044487.00 ns, 60.0868 ns/op
WorkloadResult  12: 8388608 op, 504189748.00 ns, 60.1041 ns/op
WorkloadResult  13: 8388608 op, 503757451.00 ns, 60.0526 ns/op
WorkloadResult  14: 8388608 op, 503580571.00 ns, 60.0315 ns/op
WorkloadResult  15: 8388608 op, 503566324.00 ns, 60.0298 ns/op
WorkloadResult  16: 8388608 op, 503495239.00 ns, 60.0213 ns/op
WorkloadResult  17: 8388608 op, 503482735.00 ns, 60.0198 ns/op
WorkloadResult  18: 8388608 op, 503672559.00 ns, 60.0424 ns/op
WorkloadResult  19: 8388608 op, 503089392.00 ns, 59.9729 ns/op
// GC:  0 0 0 0 8388608
// Threading:  0 0 8388608

// AfterAll
// Benchmark Process 3208 has exited with code 0.

Mean = 60.049 ns, StdErr = 0.010 ns (0.02%), N = 19, StdDev = 0.046 ns
Min = 59.973 ns, Q1 = 60.021 ns, Median = 60.031 ns, Q3 = 60.083 ns, Max = 60.133 ns
IQR = 0.062 ns, LowerFence = 59.927 ns, UpperFence = 60.177 ns
ConfidenceInterval = [60.008 ns; 60.090 ns] (CI 99.9%), Margin = 0.041 ns (0.07% of Mean)
Skewness = 0.39, Kurtosis = 2.06, MValue = 2

// ** Remained 15 (83.3 %) benchmark(s) to run. Estimated finish 2026-10-10 21:52 (0h 4m from now) **
// **************************
// Benchmark: MemoryCacheProviderBenchmarks.ExistsAsync_True: ShortRun(IterationCount=3, LaunchCount=1, WarmupCount=3)
// *** Execute ***
// Launch: 1 / 1
// Execute: dotnet Encina.Caching.Memory.Benchmarks-Job-NUBXJZ-1.dll --anonymousPipes 152 153 --benchmarkName Encina.Caching.Memory.Benchmarks.Benchmarks.MemoryCacheProviderBenchmarks.ExistsAsync_True --job ShortRun --benchmarkId 3 in /home/runner/work/Encina/Encina/tests/Encina.BenchmarkTests/Encina.Caching.Memory.Benchmarks/bin/Release/net10.0/Encina.Caching.Memory.Benchmarks-Job-NUBXJZ-1/bin/Release/net10.0
// Failed to set up high priority (Permission denied). In order to run benchmarks with high priority, make sure you have the right permissions.
// BeforeAnythingElse

// Benchmark Process Environment Information:
// BenchmarkDotNet v0.15.8
// Runtime=.NET 10.0.12 (10.0.12, 10.0.1226.42308), X64 RyuJIT x86-64-v3
// GC=Concurrent Workstation
// HardwareIntrinsics=AVX2+BMI1+BMI2+F16C+FMA+LZCNT+MOVBE,AVX,SSE3+SSSE3+SSE4.1+SSE4.2+POPCNT,X86Base+SSE+SSE2,AES+PCLMUL VectorSize=256
// Job: ShortRun(IterationCount=3, LaunchCount=1, WarmupCount=3)

OverheadJitting  1: 1 op, 206986.00 ns, 206.9860 us/op
WorkloadJitting  1: 1 op, 3450693.00 ns, 3.4507 ms/op

OverheadJitting  2: 16 op, 371553.00 ns, 23.2221 us/op
WorkloadJitting  2: 16 op, 367084.00 ns, 22.9428 us/op

WorkloadPilot    1: 16 op, 3086.00 ns, 192.8750 ns/op
WorkloadPilot    2: 32 op, 3887.00 ns, 121.4688 ns/op
WorkloadPilot    3: 64 op, 5831.00 ns, 91.1094 ns/op
WorkloadPilot    4: 128 op, 9738.00 ns, 76.0781 ns/op
WorkloadPilot    5: 256 op, 29435.00 ns, 114.9805 ns/op
WorkloadPilot    6: 512 op, 44303.00 ns, 86.5293 ns/op
WorkloadPilot    7: 1024 op, 75211.00 ns, 73.4482 ns/op
WorkloadPilot    8: 2048 op, 127317.00 ns, 62.1665 ns/op
WorkloadPilot    9: 4096 op, 294599.00 ns, 71.9236 ns/op
WorkloadPilot   10: 8192 op, 537131.00 ns, 65.5677 ns/op
WorkloadPilot   11: 16384 op, 1041401.00 ns, 63.5621 ns/op
WorkloadPilot   12: 32768 op, 2055903.00 ns, 62.7412 ns/op
WorkloadPilot   13: 65536 op, 4089334.00 ns, 62.3983 ns/op
WorkloadPilot   14: 131072 op, 8144444.00 ns, 62.1372 ns/op
WorkloadPilot   15: 262144 op, 16287978.00 ns, 62.1337 ns/op
WorkloadPilot   16: 524288 op, 32429853.00 ns, 61.8550 ns/op
WorkloadPilot   17: 1048576 op, 64892788.00 ns, 61.8866 ns/op
WorkloadPilot   18: 2097152 op, 129856276.00 ns, 61.9203 ns/op
WorkloadPilot   19: 4194304 op, 260074137.00 ns, 62.0065 ns/op
WorkloadPilot   20: 8388608 op, 519245321.00 ns, 61.8989 ns/op

OverheadWarmup   1: 8388608 op, 15748512.00 ns, 1.8774 ns/op
OverheadWarmup   2: 8388608 op, 15812801.00 ns, 1.8850 ns/op
OverheadWarmup   3: 8388608 op, 15601838.00 ns, 1.8599 ns/op
OverheadWarmup   4: 8388608 op, 15765023.00 ns, 1.8793 ns/op
OverheadWarmup   5: 8388608 op, 15699130.00 ns, 1.8715 ns/op

OverheadActual   1: 8388608 op, 15531407.00 ns, 1.8515 ns/op
OverheadActual   2: 8388608 op, 15632355.00 ns, 1.8635 ns/op
OverheadActual   3: 8388608 op, 15517632.00 ns, 1.8498 ns/op
OverheadActual   4: 8388608 op, 15852135.00 ns, 1.8897 ns/op
OverheadActual   5: 8388608 op, 15771535.00 ns, 1.8801 ns/op
OverheadActual   6: 8388608 op, 15811139.00 ns, 1.8848 ns/op
OverheadActual   7: 8388608 op, 15392859.00 ns, 1.8350 ns/op
OverheadActual   8: 8388608 op, 15984001.00 ns, 1.9054 ns/op
OverheadActual   9: 8388608 op, 15616846.00 ns, 1.8617 ns/op
OverheadActual  10: 8388608 op, 15576771.00 ns, 1.8569 ns/op
OverheadActual  11: 8388608 op, 15546535.00 ns, 1.8533 ns/op
OverheadActual  12: 8388608 op, 16014869.00 ns, 1.9091 ns/op
OverheadActual  13: 8388608 op, 16537041.00 ns, 1.9714 ns/op
OverheadActual  14: 8388608 op, 15518493.00 ns, 1.8499 ns/op
OverheadActual  15: 8388608 op, 15893702.00 ns, 1.8947 ns/op

WorkloadWarmup   1: 8388608 op, 519184558.00 ns, 61.8916 ns/op
WorkloadWarmup   2: 8388608 op, 518949139.00 ns, 61.8636 ns/op
WorkloadWarmup   3: 8388608 op, 518693042.00 ns, 61.8330 ns/op

// BeforeActualRun
WorkloadActual   1: 8388608 op, 518919854.00 ns, 61.8601 ns/op
WorkloadActual   2: 8388608 op, 518713069.00 ns, 61.8354 ns/op
WorkloadActual   3: 8388608 op, 519089731.00 ns, 61.8803 ns/op

// AfterActualRun
WorkloadResult   1: 8388608 op, 503287499.00 ns, 59.9965 ns/op
WorkloadResult   2: 8388608 op, 503080714.00 ns, 59.9719 ns/op
WorkloadResult   3: 8388608 op, 503457376.00 ns, 60.0168 ns/op
// GC:  0 0 0 0 8388608
// Threading:  0 0 8388608

// AfterAll
// Benchmark Process 3217 has exited with code 0.

Mean = 59.995 ns, StdErr = 0.013 ns (0.02%), N = 3, StdDev = 0.022 ns
Min = 59.972 ns, Q1 = 59.984 ns, Median = 59.997 ns, Q3 = 60.007 ns, Max = 60.017 ns
IQR = 0.022 ns, LowerFence = 59.951 ns, UpperFence = 60.040 ns
ConfidenceInterval = [59.585 ns; 60.405 ns] (CI 99.9%), Margin = 0.410 ns (0.68% of Mean)
Skewness = -0.06, Kurtosis = 0.67, MValue = 2

// ** Remained 14 (77.8 %) benchmark(s) to run. Estimated finish 2026-10-10 21:51 (0h 3m from now) **
// **************************
// Benchmark: MemoryCacheProviderBenchmarks.GetAsync_CacheHit: Job-NUBXJZ(IterationCount=20, WarmupCount=5)
// *** Execute ***
// Launch: 1 / 1
// Execute: dotnet Encina.Caching.Memory.Benchmarks-Job-NUBXJZ-1.dll --anonymousPipes 152 153 --benchmarkName Encina.Caching.Memory.Benchmarks.Benchmarks.MemoryCacheProviderBenchmarks.GetAsync_CacheHit --job "IterationCount=20, WarmupCount=5" --benchmarkId 4 in /home/runner/work/Encina/Encina/tests/Encina.BenchmarkTests/Encina.Caching.Memory.Benchmarks/bin/Release/net10.0/Encina.Caching.Memory.Benchmarks-Job-NUBXJZ-1/bin/Release/net10.0
// Failed to set up high priority (Permission denied). In order to run benchmarks with high priority, make sure you have the right permissions.
// BeforeAnythingElse

// Benchmark Process Environment Information:
// BenchmarkDotNet v0.15.8
// Runtime=.NET 10.0.12 (10.0.12, 10.0.1226.42308), X64 RyuJIT x86-64-v3
// GC=Concurrent Workstation
// HardwareIntrinsics=AVX2+BMI1+BMI2+F16C+FMA+LZCNT+MOVBE,AVX,SSE3+SSSE3+SSE4.1+SSE4.2+POPCNT,X86Base+SSE+SSE2,AES+PCLMUL VectorSize=256
// Job: Job-NUBXJZ(IterationCount=20, WarmupCount=5)

OverheadJitting  1: 1 op, 269192.00 ns, 269.1920 us/op
WorkloadJitting  1: 1 op, 4048150.00 ns, 4.0482 ms/op

OverheadJitting  2: 16 op, 452544.00 ns, 28.2840 us/op
WorkloadJitting  2: 16 op, 515522.00 ns, 32.2201 us/op

WorkloadPilot    1: 16 op, 5000.00 ns, 312.5000 ns/op
WorkloadPilot    2: 32 op, 23604.00 ns, 737.6250 ns/op
WorkloadPilot    3: 64 op, 25167.00 ns, 393.2344 ns/op
WorkloadPilot    4: 128 op, 31949.00 ns, 249.6016 ns/op
WorkloadPilot    5: 256 op, 71984.00 ns, 281.1875 ns/op
WorkloadPilot    6: 512 op, 92372.00 ns, 180.4141 ns/op
WorkloadPilot    7: 1024 op, 175297.00 ns, 171.1885 ns/op
WorkloadPilot    8: 2048 op, 282447.00 ns, 137.9136 ns/op
WorkloadPilot    9: 4096 op, 602644.00 ns, 147.1299 ns/op
WorkloadPilot   10: 8192 op, 1169782.00 ns, 142.7957 ns/op
WorkloadPilot   11: 16384 op, 2376323.00 ns, 145.0392 ns/op
WorkloadPilot   12: 32768 op, 4723621.00 ns, 144.1535 ns/op
WorkloadPilot   13: 65536 op, 9505610.00 ns, 145.0441 ns/op
WorkloadPilot   14: 131072 op, 17361451.00 ns, 132.4574 ns/op
WorkloadPilot   15: 262144 op, 23074327.00 ns, 88.0216 ns/op
WorkloadPilot   16: 524288 op, 47183474.00 ns, 89.9953 ns/op
WorkloadPilot   17: 1048576 op, 91603543.00 ns, 87.3599 ns/op
WorkloadPilot   18: 2097152 op, 180976226.00 ns, 86.2962 ns/op
WorkloadPilot   19: 4194304 op, 362658287.00 ns, 86.4645 ns/op
WorkloadPilot   20: 8388608 op, 718526210.00 ns, 85.6550 ns/op

OverheadWarmup   1: 8388608 op, 27776958.00 ns, 3.3113 ns/op
OverheadWarmup   2: 8388608 op, 27731212.00 ns, 3.3058 ns/op
OverheadWarmup   3: 8388608 op, 27726273.00 ns, 3.3052 ns/op
OverheadWarmup   4: 8388608 op, 27717466.00 ns, 3.3042 ns/op
OverheadWarmup   5: 8388608 op, 27736643.00 ns, 3.3065 ns/op
OverheadWarmup   6: 8388608 op, 27707408.00 ns, 3.3030 ns/op
OverheadWarmup   7: 8388608 op, 27756820.00 ns, 3.3089 ns/op
OverheadWarmup   8: 8388608 op, 27826110.00 ns, 3.3171 ns/op
OverheadWarmup   9: 8388608 op, 27954599.00 ns, 3.3324 ns/op
OverheadWarmup  10: 8388608 op, 27745839.00 ns, 3.3076 ns/op

OverheadActual   1: 8388608 op, 27770145.00 ns, 3.3105 ns/op
OverheadActual   2: 8388608 op, 27773963.00 ns, 3.3109 ns/op
OverheadActual   3: 8388608 op, 27846287.00 ns, 3.3195 ns/op
OverheadActual   4: 8388608 op, 27725762.00 ns, 3.3052 ns/op
OverheadActual   5: 8388608 op, 27729971.00 ns, 3.3057 ns/op
OverheadActual   6: 8388608 op, 27774824.00 ns, 3.3110 ns/op
OverheadActual   7: 8388608 op, 27736343.00 ns, 3.3064 ns/op
OverheadActual   8: 8388608 op, 27759596.00 ns, 3.3092 ns/op
OverheadActual   9: 8388608 op, 27770095.00 ns, 3.3105 ns/op
OverheadActual  10: 8388608 op, 27789752.00 ns, 3.3128 ns/op
OverheadActual  11: 8388608 op, 29140071.00 ns, 3.4738 ns/op
OverheadActual  12: 8388608 op, 27721574.00 ns, 3.3047 ns/op
OverheadActual  13: 8388608 op, 27760577.00 ns, 3.3093 ns/op
OverheadActual  14: 8388608 op, 28001918.00 ns, 3.3381 ns/op
OverheadActual  15: 8388608 op, 27746801.00 ns, 3.3077 ns/op

WorkloadWarmup   1: 8388608 op, 718682551.00 ns, 85.6736 ns/op
WorkloadWarmup   2: 8388608 op, 716048959.00 ns, 85.3597 ns/op
WorkloadWarmup   3: 8388608 op, 712708779.00 ns, 84.9615 ns/op
WorkloadWarmup   4: 8388608 op, 712681468.00 ns, 84.9583 ns/op
WorkloadWarmup   5: 8388608 op, 713936781.00 ns, 85.1079 ns/op

// BeforeActualRun
WorkloadActual   1: 8388608 op, 728476726.00 ns, 86.8412 ns/op
WorkloadActual   2: 8388608 op, 725453781.00 ns, 86.4808 ns/op
WorkloadActual   3: 8388608 op, 724967040.00 ns, 86.4228 ns/op
WorkloadActual   4: 8388608 op, 716502605.00 ns, 85.4138 ns/op
WorkloadActual   5: 8388608 op, 714256007.00 ns, 85.1460 ns/op
WorkloadActual   6: 8388608 op, 725519553.00 ns, 86.4887 ns/op
WorkloadActual   7: 8388608 op, 724795213.00 ns, 86.4023 ns/op
WorkloadActual   8: 8388608 op, 715452648.00 ns, 85.2886 ns/op
WorkloadActual   9: 8388608 op, 718903390.00 ns, 85.7000 ns/op
WorkloadActual  10: 8388608 op, 711471065.00 ns, 84.8140 ns/op
WorkloadActual  11: 8388608 op, 716302662.00 ns, 85.3899 ns/op
WorkloadActual  12: 8388608 op, 719025768.00 ns, 85.7146 ns/op
WorkloadActual  13: 8388608 op, 730038968.00 ns, 87.0274 ns/op
WorkloadActual  14: 8388608 op, 723809208.00 ns, 86.2848 ns/op
WorkloadActual  15: 8388608 op, 714236226.00 ns, 85.1436 ns/op
WorkloadActual  16: 8388608 op, 714396645.00 ns, 85.1627 ns/op
WorkloadActual  17: 8388608 op, 715757281.00 ns, 85.3249 ns/op
WorkloadActual  18: 8388608 op, 720672255.00 ns, 85.9108 ns/op
WorkloadActual  19: 8388608 op, 717804669.00 ns, 85.5690 ns/op
WorkloadActual  20: 8388608 op, 724535868.00 ns, 86.3714 ns/op

// AfterActualRun
WorkloadResult   1: 8388608 op, 700706631.00 ns, 83.5307 ns/op
WorkloadResult   2: 8388608 op, 697683686.00 ns, 83.1704 ns/op
WorkloadResult   3: 8388608 op, 697196945.00 ns, 83.1124 ns/op
WorkloadResult   4: 8388608 op, 688732510.00 ns, 82.1033 ns/op
WorkloadResult   5: 8388608 op, 686485912.00 ns, 81.8355 ns/op
WorkloadResult   6: 8388608 op, 697749458.00 ns, 83.1782 ns/op
WorkloadResult   7: 8388608 op, 697025118.00 ns, 83.0919 ns/op
WorkloadResult   8: 8388608 op, 687682553.00 ns, 81.9781 ns/op
WorkloadResult   9: 8388608 op, 691133295.00 ns, 82.3895 ns/op
WorkloadResult  10: 8388608 op, 683700970.00 ns, 81.5035 ns/op
WorkloadResult  11: 8388608 op, 688532567.00 ns, 82.0795 ns/op
WorkloadResult  12: 8388608 op, 691255673.00 ns, 82.4041 ns/op
WorkloadResult  13: 8388608 op, 702268873.00 ns, 83.7170 ns/op
WorkloadResult  14: 8388608 op, 696039113.00 ns, 82.9743 ns/op
WorkloadResult  15: 8388608 op, 686466131.00 ns, 81.8331 ns/op
WorkloadResult  16: 8388608 op, 686626550.00 ns, 81.8523 ns/op
WorkloadResult  17: 8388608 op, 687987186.00 ns, 82.0145 ns/op
WorkloadResult  18: 8388608 op, 692902160.00 ns, 82.6004 ns/op
WorkloadResult  19: 8388608 op, 690034574.00 ns, 82.2585 ns/op
WorkloadResult  20: 8388608 op, 696765773.00 ns, 83.0610 ns/op
// GC:  72 0 0 1207959552 8388608
// Threading:  0 0 8388608

// AfterAll
// Benchmark Process 3224 has exited with code 0.

Mean = 82.534 ns, StdErr = 0.144 ns (0.17%), N = 20, StdDev = 0.646 ns
Min = 81.504 ns, Q1 = 82.005 ns, Median = 82.397 ns, Q3 = 83.097 ns, Max = 83.717 ns
IQR = 1.092 ns, LowerFence = 80.368 ns, UpperFence = 84.734 ns
ConfidenceInterval = [81.974 ns; 83.095 ns] (CI 99.9%), Margin = 0.561 ns (0.68% of Mean)
Skewness = 0.21, Kurtosis = 1.63, MValue = 2

// ** Remained 13 (72.2 %) benchmark(s) to run. Estimated finish 2026-10-10 21:51 (0h 3m from now) **
// **************************
// Benchmark: MemoryCacheProviderBenchmarks.GetAsync_CacheHit: ShortRun(IterationCount=3, LaunchCount=1, WarmupCount=3)
// *** Execute ***
// Launch: 1 / 1
// Execute: dotnet Encina.Caching.Memory.Benchmarks-Job-NUBXJZ-1.dll --anonymousPipes 152 153 --benchmarkName Encina.Caching.Memory.Benchmarks.Benchmarks.MemoryCacheProviderBenchmarks.GetAsync_CacheHit --job ShortRun --benchmarkId 5 in /home/runner/work/Encina/Encina/tests/Encina.BenchmarkTests/Encina.Caching.Memory.Benchmarks/bin/Release/net10.0/Encina.Caching.Memory.Benchmarks-Job-NUBXJZ-1/bin/Release/net10.0
// Failed to set up high priority (Permission denied). In order to run benchmarks with high priority, make sure you have the right permissions.
// BeforeAnythingElse

// Benchmark Process Environment Information:
// BenchmarkDotNet v0.15.8
// Runtime=.NET 10.0.12 (10.0.12, 10.0.1226.42308), X64 RyuJIT x86-64-v3
// GC=Concurrent Workstation
// HardwareIntrinsics=AVX2+BMI1+BMI2+F16C+FMA+LZCNT+MOVBE,AVX,SSE3+SSSE3+SSE4.1+SSE4.2+POPCNT,X86Base+SSE+SSE2,AES+PCLMUL VectorSize=256
// Job: ShortRun(IterationCount=3, LaunchCount=1, WarmupCount=3)

OverheadJitting  1: 1 op, 237051.00 ns, 237.0510 us/op
WorkloadJitting  1: 1 op, 4063415.00 ns, 4.0634 ms/op

OverheadJitting  2: 16 op, 466961.00 ns, 29.1851 us/op
WorkloadJitting  2: 16 op, 561005.00 ns, 35.0628 us/op

WorkloadPilot    1: 16 op, 6643.00 ns, 415.1875 ns/op
WorkloadPilot    2: 32 op, 21359.00 ns, 667.4688 ns/op
WorkloadPilot    3: 64 op, 31989.00 ns, 499.8281 ns/op
WorkloadPilot    4: 128 op, 50915.00 ns, 397.7734 ns/op
WorkloadPilot    5: 256 op, 54772.00 ns, 213.9531 ns/op
WorkloadPilot    6: 512 op, 91460.00 ns, 178.6328 ns/op
WorkloadPilot    7: 1024 op, 176219.00 ns, 172.0889 ns/op
WorkloadPilot    8: 2048 op, 345304.00 ns, 168.6055 ns/op
WorkloadPilot    9: 4096 op, 556187.00 ns, 135.7878 ns/op
WorkloadPilot   10: 8192 op, 1203083.00 ns, 146.8607 ns/op
WorkloadPilot   11: 16384 op, 2374667.00 ns, 144.9382 ns/op
WorkloadPilot   12: 32768 op, 4750325.00 ns, 144.9684 ns/op
WorkloadPilot   13: 65536 op, 9532470.00 ns, 145.4539 ns/op
WorkloadPilot   14: 131072 op, 17144661.00 ns, 130.8034 ns/op
WorkloadPilot   15: 262144 op, 23275320.00 ns, 88.7883 ns/op
WorkloadPilot   16: 524288 op, 48123233.00 ns, 91.7878 ns/op
WorkloadPilot   17: 1048576 op, 92559953.00 ns, 88.2720 ns/op
WorkloadPilot   18: 2097152 op, 183124755.00 ns, 87.3207 ns/op
WorkloadPilot   19: 4194304 op, 369563850.00 ns, 88.1109 ns/op
WorkloadPilot   20: 8388608 op, 720728028.00 ns, 85.9175 ns/op

OverheadWarmup   1: 8388608 op, 27809743.00 ns, 3.3152 ns/op
OverheadWarmup   2: 8388608 op, 27819742.00 ns, 3.3164 ns/op
OverheadWarmup   3: 8388608 op, 27813160.00 ns, 3.3156 ns/op
OverheadWarmup   4: 8388608 op, 27814522.00 ns, 3.3157 ns/op
OverheadWarmup   5: 8388608 op, 27755673.00 ns, 3.3087 ns/op

OverheadActual   1: 8388608 op, 27874344.00 ns, 3.3229 ns/op
OverheadActual   2: 8388608 op, 27790147.00 ns, 3.3128 ns/op
OverheadActual   3: 8388608 op, 27832386.00 ns, 3.3179 ns/op
OverheadActual   4: 8388608 op, 27774498.00 ns, 3.3110 ns/op
OverheadActual   5: 8388608 op, 27734263.00 ns, 3.3062 ns/op
OverheadActual   6: 8388608 op, 27757536.00 ns, 3.3090 ns/op
OverheadActual   7: 8388608 op, 27728482.00 ns, 3.3055 ns/op
OverheadActual   8: 8388608 op, 27745664.00 ns, 3.3075 ns/op
OverheadActual   9: 8388608 op, 27816085.00 ns, 3.3159 ns/op
OverheadActual  10: 8388608 op, 27741757.00 ns, 3.3071 ns/op
OverheadActual  11: 8388608 op, 27819713.00 ns, 3.3164 ns/op
OverheadActual  12: 8388608 op, 27768426.00 ns, 3.3103 ns/op
OverheadActual  13: 8388608 op, 27994598.00 ns, 3.3372 ns/op
OverheadActual  14: 8388608 op, 31244677.00 ns, 3.7247 ns/op
OverheadActual  15: 8388608 op, 34238568.00 ns, 4.0816 ns/op

WorkloadWarmup   1: 8388608 op, 771078487.00 ns, 91.9197 ns/op
WorkloadWarmup   2: 8388608 op, 732434438.00 ns, 87.3130 ns/op
WorkloadWarmup   3: 8388608 op, 726599729.00 ns, 86.6174 ns/op

// BeforeActualRun
WorkloadActual   1: 8388608 op, 730864439.00 ns, 87.1258 ns/op
WorkloadActual   2: 8388608 op, 738769677.00 ns, 88.0682 ns/op
WorkloadActual   3: 8388608 op, 738415497.00 ns, 88.0260 ns/op

// AfterActualRun
WorkloadResult   1: 8388608 op, 703074292.00 ns, 83.8130 ns/op
WorkloadResult   2: 8388608 op, 710979530.00 ns, 84.7554 ns/op
WorkloadResult   3: 8388608 op, 710625350.00 ns, 84.7131 ns/op
// GC:  72 0 0 1207959552 8388608
// Threading:  0 0 8388608

// AfterAll
// Benchmark Process 3239 has exited with code 0.

Mean = 84.427 ns, StdErr = 0.307 ns (0.36%), N = 3, StdDev = 0.532 ns
Min = 83.813 ns, Q1 = 84.263 ns, Median = 84.713 ns, Q3 = 84.734 ns, Max = 84.755 ns
IQR = 0.471 ns, LowerFence = 83.556 ns, UpperFence = 85.441 ns
ConfidenceInterval = [74.716 ns; 94.139 ns] (CI 99.9%), Margin = 9.711 ns (11.50% of Mean)
Skewness = -0.38, Kurtosis = 0.67, MValue = 2

// ** Remained 12 (66.7 %) benchmark(s) to run. Estimated finish 2026-10-10 21:51 (0h 2m from now) **
// **************************
// Benchmark: MemoryCacheProviderBenchmarks.GetAsync_CacheMiss: Job-NUBXJZ(IterationCount=20, WarmupCount=5)
// *** Execute ***
// Launch: 1 / 1
// Execute: dotnet Encina.Caching.Memory.Benchmarks-Job-NUBXJZ-1.dll --anonymousPipes 152 153 --benchmarkName Encina.Caching.Memory.Benchmarks.Benchmarks.MemoryCacheProviderBenchmarks.GetAsync_CacheMiss --job "IterationCount=20, WarmupCount=5" --benchmarkId 6 in /home/runner/work/Encina/Encina/tests/Encina.BenchmarkTests/Encina.Caching.Memory.Benchmarks/bin/Release/net10.0/Encina.Caching.Memory.Benchmarks-Job-NUBXJZ-1/bin/Release/net10.0
// Failed to set up high priority (Permission denied). In order to run benchmarks with high priority, make sure you have the right permissions.
// BeforeAnythingElse

// Benchmark Process Environment Information:
// BenchmarkDotNet v0.15.8
// Runtime=.NET 10.0.12 (10.0.12, 10.0.1226.42308), X64 RyuJIT x86-64-v3
// GC=Concurrent Workstation
// HardwareIntrinsics=AVX2+BMI1+BMI2+F16C+FMA+LZCNT+MOVBE,AVX,SSE3+SSSE3+SSE4.1+SSE4.2+POPCNT,X86Base+SSE+SSE2,AES+PCLMUL VectorSize=256
// Job: Job-NUBXJZ(IterationCount=20, WarmupCount=5)

OverheadJitting  1: 1 op, 257631.00 ns, 257.6310 us/op
WorkloadJitting  1: 1 op, 4143034.00 ns, 4.1430 ms/op

OverheadJitting  2: 16 op, 454327.00 ns, 28.3954 us/op
WorkloadJitting  2: 16 op, 491907.00 ns, 30.7442 us/op

WorkloadPilot    1: 16 op, 2845.00 ns, 177.8125 ns/op
WorkloadPilot    2: 32 op, 3747.00 ns, 117.0938 ns/op
WorkloadPilot    3: 64 op, 5220.00 ns, 81.5625 ns/op
WorkloadPilot    4: 128 op, 8806.00 ns, 68.7969 ns/op
WorkloadPilot    5: 256 op, 15850.00 ns, 61.9141 ns/op
WorkloadPilot    6: 512 op, 30276.00 ns, 59.1328 ns/op
WorkloadPilot    7: 1024 op, 59051.00 ns, 57.6670 ns/op
WorkloadPilot    8: 2048 op, 115455.00 ns, 56.3745 ns/op
WorkloadPilot    9: 4096 op, 230419.00 ns, 56.2546 ns/op
WorkloadPilot   10: 8192 op, 463224.00 ns, 56.5459 ns/op
WorkloadPilot   11: 16384 op, 940273.00 ns, 57.3897 ns/op
WorkloadPilot   12: 32768 op, 1867482.00 ns, 56.9910 ns/op
WorkloadPilot   13: 65536 op, 3707612.00 ns, 56.5737 ns/op
WorkloadPilot   14: 131072 op, 7410565.00 ns, 56.5381 ns/op
WorkloadPilot   15: 262144 op, 14926578.00 ns, 56.9404 ns/op
WorkloadPilot   16: 524288 op, 29510977.00 ns, 56.2877 ns/op
WorkloadPilot   17: 1048576 op, 59234892.00 ns, 56.4908 ns/op
WorkloadPilot   18: 2097152 op, 118274778.00 ns, 56.3978 ns/op
WorkloadPilot   19: 4194304 op, 237342968.00 ns, 56.5870 ns/op
WorkloadPilot   20: 8388608 op, 473081679.00 ns, 56.3957 ns/op
WorkloadPilot   21: 16777216 op, 945932960.00 ns, 56.3820 ns/op

OverheadWarmup   1: 16777216 op, 55498175.00 ns, 3.3079 ns/op
OverheadWarmup   2: 16777216 op, 55598942.00 ns, 3.3140 ns/op
OverheadWarmup   3: 16777216 op, 55518422.00 ns, 3.3092 ns/op
OverheadWarmup   4: 16777216 op, 55471013.00 ns, 3.3063 ns/op
OverheadWarmup   5: 16777216 op, 55470553.00 ns, 3.3063 ns/op
OverheadWarmup   6: 16777216 op, 55683289.00 ns, 3.3190 ns/op
OverheadWarmup   7: 16777216 op, 55570629.00 ns, 3.3123 ns/op

OverheadActual   1: 16777216 op, 55451687.00 ns, 3.3052 ns/op
OverheadActual   2: 16777216 op, 55557355.00 ns, 3.3115 ns/op
OverheadActual   3: 16777216 op, 55533671.00 ns, 3.3101 ns/op
OverheadActual   4: 16777216 op, 55818642.00 ns, 3.3271 ns/op
OverheadActual   5: 16777216 op, 55438282.00 ns, 3.3044 ns/op
OverheadActual   6: 16777216 op, 55761035.00 ns, 3.3236 ns/op
OverheadActual   7: 16777216 op, 55518142.00 ns, 3.3091 ns/op
OverheadActual   8: 16777216 op, 55537366.00 ns, 3.3103 ns/op
OverheadActual   9: 16777216 op, 55434074.00 ns, 3.3041 ns/op
OverheadActual  10: 16777216 op, 55499164.00 ns, 3.3080 ns/op
OverheadActual  11: 16777216 op, 55475521.00 ns, 3.3066 ns/op
OverheadActual  12: 16777216 op, 55479177.00 ns, 3.3068 ns/op
OverheadActual  13: 16777216 op, 55574676.00 ns, 3.3125 ns/op
OverheadActual  14: 16777216 op, 55463709.00 ns, 3.3059 ns/op
OverheadActual  15: 16777216 op, 55567642.00 ns, 3.3121 ns/op

WorkloadWarmup   1: 16777216 op, 947640340.00 ns, 56.4838 ns/op
WorkloadWarmup   2: 16777216 op, 945835555.00 ns, 56.3762 ns/op
WorkloadWarmup   3: 16777216 op, 945295148.00 ns, 56.3440 ns/op
WorkloadWarmup   4: 16777216 op, 959059889.00 ns, 57.1644 ns/op
WorkloadWarmup   5: 16777216 op, 952181714.00 ns, 56.7545 ns/op

// BeforeActualRun
WorkloadActual   1: 16777216 op, 961454433.00 ns, 57.3071 ns/op
WorkloadActual   2: 16777216 op, 964630844.00 ns, 57.4965 ns/op
WorkloadActual   3: 16777216 op, 948445290.00 ns, 56.5317 ns/op
WorkloadActual   4: 16777216 op, 947424274.00 ns, 56.4709 ns/op
WorkloadActual   5: 16777216 op, 958251535.00 ns, 57.1162 ns/op
WorkloadActual   6: 16777216 op, 945100872.00 ns, 56.3324 ns/op
WorkloadActual   7: 16777216 op, 945831094.00 ns, 56.3759 ns/op
WorkloadActual   8: 16777216 op, 951500790.00 ns, 56.7139 ns/op
WorkloadActual   9: 16777216 op, 944688553.00 ns, 56.3078 ns/op
WorkloadActual  10: 16777216 op, 947212078.00 ns, 56.4582 ns/op
WorkloadActual  11: 16777216 op, 945070275.00 ns, 56.3306 ns/op
WorkloadActual  12: 16777216 op, 945197781.00 ns, 56.3382 ns/op
WorkloadActual  13: 16777216 op, 948190812.00 ns, 56.5166 ns/op
WorkloadActual  14: 16777216 op, 945296673.00 ns, 56.3441 ns/op
WorkloadActual  15: 16777216 op, 945282056.00 ns, 56.3432 ns/op
WorkloadActual  16: 16777216 op, 946662439.00 ns, 56.4255 ns/op
WorkloadActual  17: 16777216 op, 955686287.00 ns, 56.9633 ns/op
WorkloadActual  18: 16777216 op, 946891086.00 ns, 56.4391 ns/op
WorkloadActual  19: 16777216 op, 944882962.00 ns, 56.3194 ns/op
WorkloadActual  20: 16777216 op, 964180026.00 ns, 57.4696 ns/op

// AfterActualRun
WorkloadResult   1: 16777216 op, 905936291.00 ns, 53.9980 ns/op
WorkloadResult   2: 16777216 op, 892927148.00 ns, 53.2226 ns/op
WorkloadResult   3: 16777216 op, 891906132.00 ns, 53.1617 ns/op
WorkloadResult   4: 16777216 op, 902733393.00 ns, 53.8071 ns/op
WorkloadResult   5: 16777216 op, 889582730.00 ns, 53.0233 ns/op
WorkloadResult   6: 16777216 op, 890312952.00 ns, 53.0668 ns/op
WorkloadResult   7: 16777216 op, 895982648.00 ns, 53.4047 ns/op
WorkloadResult   8: 16777216 op, 889170411.00 ns, 52.9987 ns/op
WorkloadResult   9: 16777216 op, 891693936.00 ns, 53.1491 ns/op
WorkloadResult  10: 16777216 op, 889552133.00 ns, 53.0214 ns/op
WorkloadResult  11: 16777216 op, 889679639.00 ns, 53.0290 ns/op
WorkloadResult  12: 16777216 op, 892672670.00 ns, 53.2074 ns/op
WorkloadResult  13: 16777216 op, 889778531.00 ns, 53.0349 ns/op
WorkloadResult  14: 16777216 op, 889763914.00 ns, 53.0341 ns/op
WorkloadResult  15: 16777216 op, 891144297.00 ns, 53.1163 ns/op
WorkloadResult  16: 16777216 op, 900168145.00 ns, 53.6542 ns/op
WorkloadResult  17: 16777216 op, 891372944.00 ns, 53.1300 ns/op
WorkloadResult  18: 16777216 op, 889364820.00 ns, 53.0103 ns/op
// GC:  0 0 0 0 16777216
// Threading:  0 0 16777216

// AfterAll
// Benchmark Process 3252 has exited with code 0.

Mean = 53.226 ns, StdErr = 0.070 ns (0.13%), N = 18, StdDev = 0.297 ns
Min = 52.999 ns, Q1 = 53.030 ns, Median = 53.123 ns, Q3 = 53.219 ns, Max = 53.998 ns
IQR = 0.189 ns, LowerFence = 52.748 ns, UpperFence = 53.502 ns
ConfidenceInterval = [52.949 ns; 53.504 ns] (CI 99.9%), Margin = 0.278 ns (0.52% of Mean)
Skewness = 1.43, Kurtosis = 3.69, MValue = 2

// ** Remained 11 (61.1 %) benchmark(s) to run. Estimated finish 2026-10-10 21:51 (0h 2m from now) **
// **************************
// Benchmark: MemoryCacheProviderBenchmarks.GetAsync_CacheMiss: ShortRun(IterationCount=3, LaunchCount=1, WarmupCount=3)
// *** Execute ***
// Launch: 1 / 1
// Execute: dotnet Encina.Caching.Memory.Benchmarks-Job-NUBXJZ-1.dll --anonymousPipes 152 153 --benchmarkName Encina.Caching.Memory.Benchmarks.Benchmarks.MemoryCacheProviderBenchmarks.GetAsync_CacheMiss --job ShortRun --benchmarkId 7 in /home/runner/work/Encina/Encina/tests/Encina.BenchmarkTests/Encina.Caching.Memory.Benchmarks/bin/Release/net10.0/Encina.Caching.Memory.Benchmarks-Job-NUBXJZ-1/bin/Release/net10.0
// Failed to set up high priority (Permission denied). In order to run benchmarks with high priority, make sure you have the right permissions.
// BeforeAnythingElse

// Benchmark Process Environment Information:
// BenchmarkDotNet v0.15.8
// Runtime=.NET 10.0.12 (10.0.12, 10.0.1226.42308), X64 RyuJIT x86-64-v3
// GC=Concurrent Workstation
// HardwareIntrinsics=AVX2+BMI1+BMI2+F16C+FMA+LZCNT+MOVBE,AVX,SSE3+SSSE3+SSE4.1+SSE4.2+POPCNT,X86Base+SSE+SSE2,AES+PCLMUL VectorSize=256
// Job: ShortRun(IterationCount=3, LaunchCount=1, WarmupCount=3)

OverheadJitting  1: 1 op, 230120.00 ns, 230.1200 us/op
WorkloadJitting  1: 1 op, 4107658.00 ns, 4.1077 ms/op

OverheadJitting  2: 16 op, 482259.00 ns, 30.1412 us/op
WorkloadJitting  2: 16 op, 519529.00 ns, 32.4706 us/op

WorkloadPilot    1: 16 op, 2745.00 ns, 171.5625 ns/op
WorkloadPilot    2: 32 op, 3567.00 ns, 111.4688 ns/op
WorkloadPilot    3: 64 op, 5270.00 ns, 82.3438 ns/op
WorkloadPilot    4: 128 op, 8807.00 ns, 68.8047 ns/op
WorkloadPilot    5: 256 op, 15880.00 ns, 62.0313 ns/op
WorkloadPilot    6: 512 op, 30146.00 ns, 58.8789 ns/op
WorkloadPilot    7: 1024 op, 59151.00 ns, 57.7646 ns/op
WorkloadPilot    8: 2048 op, 116828.00 ns, 57.0449 ns/op
WorkloadPilot    9: 4096 op, 229508.00 ns, 56.0322 ns/op
WorkloadPilot   10: 8192 op, 462492.00 ns, 56.4565 ns/op
WorkloadPilot   11: 16384 op, 940193.00 ns, 57.3848 ns/op
WorkloadPilot   12: 32768 op, 1882129.00 ns, 57.4380 ns/op
WorkloadPilot   13: 65536 op, 3786379.00 ns, 57.7756 ns/op
WorkloadPilot   14: 131072 op, 7487339.00 ns, 57.1239 ns/op
WorkloadPilot   15: 262144 op, 14944582.00 ns, 57.0091 ns/op
WorkloadPilot   16: 524288 op, 29645910.00 ns, 56.5451 ns/op
WorkloadPilot   17: 1048576 op, 59349507.00 ns, 56.6001 ns/op
WorkloadPilot   18: 2097152 op, 119362701.00 ns, 56.9166 ns/op
WorkloadPilot   19: 4194304 op, 239279656.00 ns, 57.0487 ns/op
WorkloadPilot   20: 8388608 op, 474205583.00 ns, 56.5297 ns/op
WorkloadPilot   21: 16777216 op, 967912484.00 ns, 57.6921 ns/op

OverheadWarmup   1: 16777216 op, 55471397.00 ns, 3.3064 ns/op
OverheadWarmup   2: 16777216 op, 55485343.00 ns, 3.3072 ns/op
OverheadWarmup   3: 16777216 op, 55449586.00 ns, 3.3051 ns/op
OverheadWarmup   4: 16777216 op, 55530587.00 ns, 3.3099 ns/op
OverheadWarmup   5: 16777216 op, 55463963.00 ns, 3.3059 ns/op

OverheadActual   1: 16777216 op, 55541177.00 ns, 3.3105 ns/op
OverheadActual   2: 16777216 op, 55555493.00 ns, 3.3114 ns/op
OverheadActual   3: 16777216 op, 55484632.00 ns, 3.3071 ns/op
OverheadActual   4: 16777216 op, 55867976.00 ns, 3.3300 ns/op
OverheadActual   5: 16777216 op, 55486375.00 ns, 3.3072 ns/op
OverheadActual   6: 16777216 op, 55492086.00 ns, 3.3076 ns/op
OverheadActual   7: 16777216 op, 55496414.00 ns, 3.3078 ns/op
OverheadActual   8: 16777216 op, 55501914.00 ns, 3.3082 ns/op
OverheadActual   9: 16777216 op, 55435791.00 ns, 3.3042 ns/op
OverheadActual  10: 16777216 op, 55458533.00 ns, 3.3056 ns/op
OverheadActual  11: 16777216 op, 55465146.00 ns, 3.3060 ns/op
OverheadActual  12: 16777216 op, 56358511.00 ns, 3.3592 ns/op
OverheadActual  13: 16777216 op, 55495903.00 ns, 3.3078 ns/op
OverheadActual  14: 16777216 op, 55521049.00 ns, 3.3093 ns/op
OverheadActual  15: 16777216 op, 55458814.00 ns, 3.3056 ns/op

WorkloadWarmup   1: 16777216 op, 947601251.00 ns, 56.4814 ns/op
WorkloadWarmup   2: 16777216 op, 946966376.00 ns, 56.4436 ns/op
WorkloadWarmup   3: 16777216 op, 949764444.00 ns, 56.6104 ns/op

// BeforeActualRun
WorkloadActual   1: 16777216 op, 947240547.00 ns, 56.4599 ns/op
WorkloadActual   2: 16777216 op, 947432232.00 ns, 56.4714 ns/op
WorkloadActual   3: 16777216 op, 947412173.00 ns, 56.4702 ns/op

// AfterActualRun
WorkloadResult   1: 16777216 op, 891744644.00 ns, 53.1521 ns/op
WorkloadResult   2: 16777216 op, 891936329.00 ns, 53.1635 ns/op
WorkloadResult   3: 16777216 op, 891916270.00 ns, 53.1624 ns/op
// GC:  0 0 0 0 16777216
// Threading:  0 0 16777216

// AfterAll
// Benchmark Process 3291 has exited with code 0.

Mean = 53.159 ns, StdErr = 0.004 ns (0.01%), N = 3, StdDev = 0.006 ns
Min = 53.152 ns, Q1 = 53.157 ns, Median = 53.162 ns, Q3 = 53.163 ns, Max = 53.164 ns
IQR = 0.006 ns, LowerFence = 53.149 ns, UpperFence = 53.172 ns
ConfidenceInterval = [53.045 ns; 53.274 ns] (CI 99.9%), Margin = 0.115 ns (0.22% of Mean)
Skewness = -0.37, Kurtosis = 0.67, MValue = 2

// ** Remained 10 (55.6 %) benchmark(s) to run. Estimated finish 2026-10-10 21:51 (0h 2m from now) **
// **************************
// Benchmark: MemoryCacheProviderBenchmarks.GetOrSetAsync_CacheHit: Job-NUBXJZ(IterationCount=20, WarmupCount=5)
// *** Execute ***
// Launch: 1 / 1
// Execute: dotnet Encina.Caching.Memory.Benchmarks-Job-NUBXJZ-1.dll --anonymousPipes 152 153 --benchmarkName Encina.Caching.Memory.Benchmarks.Benchmarks.MemoryCacheProviderBenchmarks.GetOrSetAsync_CacheHit --job "IterationCount=20, WarmupCount=5" --benchmarkId 8 in /home/runner/work/Encina/Encina/tests/Encina.BenchmarkTests/Encina.Caching.Memory.Benchmarks/bin/Release/net10.0/Encina.Caching.Memory.Benchmarks-Job-NUBXJZ-1/bin/Release/net10.0
// Failed to set up high priority (Permission denied). In order to run benchmarks with high priority, make sure you have the right permissions.
// BeforeAnythingElse

// Benchmark Process Environment Information:
// BenchmarkDotNet v0.15.8
// Runtime=.NET 10.0.12 (10.0.12, 10.0.1226.42308), X64 RyuJIT x86-64-v3
// GC=Concurrent Workstation
// HardwareIntrinsics=AVX2+BMI1+BMI2+F16C+FMA+LZCNT+MOVBE,AVX,SSE3+SSSE3+SSE4.1+SSE4.2+POPCNT,X86Base+SSE+SSE2,AES+PCLMUL VectorSize=256
// Job: Job-NUBXJZ(IterationCount=20, WarmupCount=5)

OverheadJitting  1: 1 op, 229848.00 ns, 229.8480 us/op
WorkloadJitting  1: 1 op, 6339048.00 ns, 6.3390 ms/op

OverheadJitting  2: 16 op, 450570.00 ns, 28.1606 us/op
WorkloadJitting  2: 16 op, 524578.00 ns, 32.7861 us/op

WorkloadPilot    1: 16 op, 21259.00 ns, 1.3287 us/op
WorkloadPilot    2: 32 op, 23404.00 ns, 731.3750 ns/op
WorkloadPilot    3: 64 op, 35687.00 ns, 557.6094 ns/op
WorkloadPilot    4: 128 op, 60363.00 ns, 471.5859 ns/op
WorkloadPilot    5: 256 op, 86952.00 ns, 339.6563 ns/op
WorkloadPilot    6: 512 op, 146613.00 ns, 286.3535 ns/op
WorkloadPilot    7: 1024 op, 252962.00 ns, 247.0332 ns/op
WorkloadPilot    8: 2048 op, 488631.00 ns, 238.5894 ns/op
WorkloadPilot    9: 4096 op, 1090493.00 ns, 266.2336 ns/op
WorkloadPilot   10: 8192 op, 2093012.00 ns, 255.4946 ns/op
WorkloadPilot   11: 16384 op, 4050261.00 ns, 247.2083 ns/op
WorkloadPilot   12: 32768 op, 8008621.00 ns, 244.4037 ns/op
WorkloadPilot   13: 65536 op, 14458326.00 ns, 220.6165 ns/op
WorkloadPilot   14: 131072 op, 17512030.00 ns, 133.6062 ns/op
WorkloadPilot   15: 262144 op, 34210393.00 ns, 130.5023 ns/op
WorkloadPilot   16: 524288 op, 67642985.00 ns, 129.0188 ns/op
WorkloadPilot   17: 1048576 op, 135083822.00 ns, 128.8260 ns/op
WorkloadPilot   18: 2097152 op, 273448731.00 ns, 130.3905 ns/op
WorkloadPilot   19: 4194304 op, 536586738.00 ns, 127.9322 ns/op

OverheadWarmup   1: 4194304 op, 13879327.00 ns, 3.3091 ns/op
OverheadWarmup   2: 4194304 op, 13884576.00 ns, 3.3103 ns/op
OverheadWarmup   3: 4194304 op, 13923960.00 ns, 3.3197 ns/op
OverheadWarmup   4: 4194304 op, 13867165.00 ns, 3.3062 ns/op
OverheadWarmup   5: 4194304 op, 13865952.00 ns, 3.3059 ns/op
OverheadWarmup   6: 4194304 op, 13877303.00 ns, 3.3086 ns/op
OverheadWarmup   7: 4194304 op, 13868687.00 ns, 3.3066 ns/op

OverheadActual   1: 4194304 op, 13879687.00 ns, 3.3092 ns/op
OverheadActual   2: 4194304 op, 13918650.00 ns, 3.3185 ns/op
OverheadActual   3: 4194304 op, 13890667.00 ns, 3.3118 ns/op
OverheadActual   4: 4194304 op, 13982449.00 ns, 3.3337 ns/op
OverheadActual   5: 4194304 op, 13885719.00 ns, 3.3106 ns/op
OverheadActual   6: 4194304 op, 13869369.00 ns, 3.3067 ns/op
OverheadActual   7: 4194304 op, 13864710.00 ns, 3.3056 ns/op
OverheadActual   8: 4194304 op, 13864279.00 ns, 3.3055 ns/op
OverheadActual   9: 4194304 op, 13870210.00 ns, 3.3069 ns/op
OverheadActual  10: 4194304 op, 13865360.00 ns, 3.3058 ns/op
OverheadActual  11: 4194304 op, 13924511.00 ns, 3.3199 ns/op
OverheadActual  12: 4194304 op, 13973613.00 ns, 3.3316 ns/op
OverheadActual  13: 4194304 op, 13969374.00 ns, 3.3306 ns/op
OverheadActual  14: 4194304 op, 13879708.00 ns, 3.3092 ns/op
OverheadActual  15: 4194304 op, 14126157.00 ns, 3.3679 ns/op

WorkloadWarmup   1: 4194304 op, 546511521.00 ns, 130.2985 ns/op
WorkloadWarmup   2: 4194304 op, 541606726.00 ns, 129.1291 ns/op
WorkloadWarmup   3: 4194304 op, 538246346.00 ns, 128.3279 ns/op
WorkloadWarmup   4: 4194304 op, 534858986.00 ns, 127.5203 ns/op
WorkloadWarmup   5: 4194304 op, 533748946.00 ns, 127.2557 ns/op

// BeforeActualRun
WorkloadActual   1: 4194304 op, 537889095.00 ns, 128.2428 ns/op
WorkloadActual   2: 4194304 op, 542406283.00 ns, 129.3197 ns/op
WorkloadActual   3: 4194304 op, 543910497.00 ns, 129.6784 ns/op
WorkloadActual   4: 4194304 op, 540525316.00 ns, 128.8713 ns/op
WorkloadActual   5: 4194304 op, 548119885.00 ns, 130.6820 ns/op
WorkloadActual   6: 4194304 op, 558348415.00 ns, 133.1206 ns/op
WorkloadActual   7: 4194304 op, 567300344.00 ns, 135.2549 ns/op
WorkloadActual   8: 4194304 op, 543343419.00 ns, 129.5432 ns/op
WorkloadActual   9: 4194304 op, 542028428.00 ns, 129.2296 ns/op
WorkloadActual  10: 4194304 op, 541059221.00 ns, 128.9986 ns/op
WorkloadActual  11: 4194304 op, 543036795.00 ns, 129.4701 ns/op
WorkloadActual  12: 4194304 op, 541609808.00 ns, 129.1298 ns/op
WorkloadActual  13: 4194304 op, 542834100.00 ns, 129.4217 ns/op
WorkloadActual  14: 4194304 op, 547205130.00 ns, 130.4639 ns/op
WorkloadActual  15: 4194304 op, 540125329.00 ns, 128.7759 ns/op
WorkloadActual  16: 4194304 op, 548104399.00 ns, 130.6783 ns/op
WorkloadActual  17: 4194304 op, 551952796.00 ns, 131.5958 ns/op
WorkloadActual  18: 4194304 op, 542021209.00 ns, 129.2279 ns/op
WorkloadActual  19: 4194304 op, 539024432.00 ns, 128.5134 ns/op
WorkloadActual  20: 4194304 op, 543824892.00 ns, 129.6580 ns/op

// AfterActualRun
WorkloadResult   1: 4194304 op, 524003376.00 ns, 124.9321 ns/op
WorkloadResult   2: 4194304 op, 528520564.00 ns, 126.0091 ns/op
WorkloadResult   3: 4194304 op, 530024778.00 ns, 126.3678 ns/op
WorkloadResult   4: 4194304 op, 526639597.00 ns, 125.5607 ns/op
WorkloadResult   5: 4194304 op, 534234166.00 ns, 127.3714 ns/op
WorkloadResult   6: 4194304 op, 529457700.00 ns, 126.2326 ns/op
WorkloadResult   7: 4194304 op, 528142709.00 ns, 125.9190 ns/op
WorkloadResult   8: 4194304 op, 527173502.00 ns, 125.6880 ns/op
WorkloadResult   9: 4194304 op, 529151076.00 ns, 126.1594 ns/op
WorkloadResult  10: 4194304 op, 527724089.00 ns, 125.8192 ns/op
WorkloadResult  11: 4194304 op, 528948381.00 ns, 126.1111 ns/op
WorkloadResult  12: 4194304 op, 533319411.00 ns, 127.1533 ns/op
WorkloadResult  13: 4194304 op, 526239610.00 ns, 125.4653 ns/op
WorkloadResult  14: 4194304 op, 534218680.00 ns, 127.3677 ns/op
WorkloadResult  15: 4194304 op, 538067077.00 ns, 128.2852 ns/op
WorkloadResult  16: 4194304 op, 528135490.00 ns, 125.9173 ns/op
WorkloadResult  17: 4194304 op, 525138713.00 ns, 125.2028 ns/op
WorkloadResult  18: 4194304 op, 529939173.00 ns, 126.3473 ns/op
// GC:  70 0 0 1174405120 4194304
// Threading:  0 0 4194304

// AfterAll
// Benchmark Process 3301 has exited with code 0.

Mean = 126.217 ns, StdErr = 0.200 ns (0.16%), N = 18, StdDev = 0.847 ns
Min = 124.932 ns, Q1 = 125.721 ns, Median = 126.060 ns, Q3 = 126.363 ns, Max = 128.285 ns
IQR = 0.642 ns, LowerFence = 124.758 ns, UpperFence = 127.325 ns
ConfidenceInterval = [125.425 ns; 127.009 ns] (CI 99.9%), Margin = 0.792 ns (0.63% of Mean)
Skewness = 0.78, Kurtosis = 2.91, MValue = 2

// ** Remained 9 (50.0 %) benchmark(s) to run. Estimated finish 2026-10-10 21:51 (0h 2m from now) **
// **************************
// Benchmark: MemoryCacheProviderBenchmarks.GetOrSetAsync_CacheHit: ShortRun(IterationCount=3, LaunchCount=1, WarmupCount=3)
// *** Execute ***
// Launch: 1 / 1
// Execute: dotnet Encina.Caching.Memory.Benchmarks-Job-NUBXJZ-1.dll --anonymousPipes 152 153 --benchmarkName Encina.Caching.Memory.Benchmarks.Benchmarks.MemoryCacheProviderBenchmarks.GetOrSetAsync_CacheHit --job ShortRun --benchmarkId 9 in /home/runner/work/Encina/Encina/tests/Encina.BenchmarkTests/Encina.Caching.Memory.Benchmarks/bin/Release/net10.0/Encina.Caching.Memory.Benchmarks-Job-NUBXJZ-1/bin/Release/net10.0
// Failed to set up high priority (Permission denied). In order to run benchmarks with high priority, make sure you have the right permissions.
// BeforeAnythingElse

// Benchmark Process Environment Information:
// BenchmarkDotNet v0.15.8
// Runtime=.NET 10.0.12 (10.0.12, 10.0.1226.42308), X64 RyuJIT x86-64-v3
// GC=Concurrent Workstation
// HardwareIntrinsics=AVX2+BMI1+BMI2+F16C+FMA+LZCNT+MOVBE,AVX,SSE3+SSSE3+SSE4.1+SSE4.2+POPCNT,X86Base+SSE+SSE2,AES+PCLMUL VectorSize=256
// Job: ShortRun(IterationCount=3, LaunchCount=1, WarmupCount=3)

OverheadJitting  1: 1 op, 231962.00 ns, 231.9620 us/op
WorkloadJitting  1: 1 op, 6562956.00 ns, 6.5630 ms/op

OverheadJitting  2: 16 op, 459858.00 ns, 28.7411 us/op
WorkloadJitting  2: 16 op, 502687.00 ns, 31.4179 us/op

WorkloadPilot    1: 16 op, 22472.00 ns, 1.4045 us/op
WorkloadPilot    2: 32 op, 23624.00 ns, 738.2500 ns/op
WorkloadPilot    3: 64 op, 31018.00 ns, 484.6563 ns/op
WorkloadPilot    4: 128 op, 49042.00 ns, 383.1406 ns/op
WorkloadPilot    5: 256 op, 88195.00 ns, 344.5117 ns/op
WorkloadPilot    6: 512 op, 146012.00 ns, 285.1797 ns/op
WorkloadPilot    7: 1024 op, 286614.00 ns, 279.8965 ns/op
WorkloadPilot    8: 2048 op, 451472.00 ns, 220.4453 ns/op
WorkloadPilot    9: 4096 op, 986600.00 ns, 240.8691 ns/op
WorkloadPilot   10: 8192 op, 1956969.00 ns, 238.8878 ns/op
WorkloadPilot   11: 16384 op, 3905432.00 ns, 238.3687 ns/op
WorkloadPilot   12: 32768 op, 7887406.00 ns, 240.7045 ns/op
WorkloadPilot   13: 65536 op, 14885332.00 ns, 227.1321 ns/op
WorkloadPilot   14: 131072 op, 17838418.00 ns, 136.0963 ns/op
WorkloadPilot   15: 262144 op, 34584030.00 ns, 131.9276 ns/op
WorkloadPilot   16: 524288 op, 69547647.00 ns, 132.6516 ns/op
WorkloadPilot   17: 1048576 op, 136397736.00 ns, 130.0790 ns/op
WorkloadPilot   18: 2097152 op, 267427934.00 ns, 127.5196 ns/op
WorkloadPilot   19: 4194304 op, 541212341.00 ns, 129.0351 ns/op

OverheadWarmup   1: 4194304 op, 13940020.00 ns, 3.3236 ns/op
OverheadWarmup   2: 4194304 op, 13884246.00 ns, 3.3103 ns/op
OverheadWarmup   3: 4194304 op, 13869348.00 ns, 3.3067 ns/op
OverheadWarmup   4: 4194304 op, 13871503.00 ns, 3.3072 ns/op
OverheadWarmup   5: 4194304 op, 13906868.00 ns, 3.3157 ns/op
OverheadWarmup   6: 4194304 op, 13873456.00 ns, 3.3077 ns/op
OverheadWarmup   7: 4194304 op, 13846045.00 ns, 3.3012 ns/op
OverheadWarmup   8: 4194304 op, 13864669.00 ns, 3.3056 ns/op
OverheadWarmup   9: 4194304 op, 13919642.00 ns, 3.3187 ns/op
OverheadWarmup  10: 4194304 op, 13921786.00 ns, 3.3192 ns/op

OverheadActual   1: 4194304 op, 13918350.00 ns, 3.3184 ns/op
OverheadActual   2: 4194304 op, 13975466.00 ns, 3.3320 ns/op
OverheadActual   3: 4194304 op, 13926315.00 ns, 3.3203 ns/op
OverheadActual   4: 4194304 op, 13951422.00 ns, 3.3263 ns/op
OverheadActual   5: 4194304 op, 13947554.00 ns, 3.3254 ns/op
OverheadActual   6: 4194304 op, 13873216.00 ns, 3.3076 ns/op
OverheadActual   7: 4194304 op, 13869068.00 ns, 3.3066 ns/op
OverheadActual   8: 4194304 op, 13869929.00 ns, 3.3068 ns/op
OverheadActual   9: 4194304 op, 13866804.00 ns, 3.3061 ns/op
OverheadActual  10: 4194304 op, 13911798.00 ns, 3.3168 ns/op
OverheadActual  11: 4194304 op, 13927507.00 ns, 3.3206 ns/op
OverheadActual  12: 4194304 op, 13862105.00 ns, 3.3050 ns/op
OverheadActual  13: 4194304 op, 13880950.00 ns, 3.3095 ns/op
OverheadActual  14: 4194304 op, 13852768.00 ns, 3.3028 ns/op
OverheadActual  15: 4194304 op, 13867124.00 ns, 3.3062 ns/op

WorkloadWarmup   1: 4194304 op, 544775124.00 ns, 129.8845 ns/op
WorkloadWarmup   2: 4194304 op, 543609190.00 ns, 129.6065 ns/op
WorkloadWarmup   3: 4194304 op, 537841196.00 ns, 128.2313 ns/op

// BeforeActualRun
WorkloadActual   1: 4194304 op, 539388911.00 ns, 128.6003 ns/op
WorkloadActual   2: 4194304 op, 542297064.00 ns, 129.2937 ns/op
WorkloadActual   3: 4194304 op, 577376657.00 ns, 137.6573 ns/op

// AfterActualRun
WorkloadResult   1: 4194304 op, 525507961.00 ns, 125.2909 ns/op
WorkloadResult   2: 4194304 op, 528416114.00 ns, 125.9842 ns/op
WorkloadResult   3: 4194304 op, 563495707.00 ns, 134.3478 ns/op
// GC:  70 0 0 1174405120 4194304
// Threading:  0 0 4194304

// AfterAll
// Benchmark Process 3312 has exited with code 0.

Mean = 128.541 ns, StdErr = 2.910 ns (2.26%), N = 3, StdDev = 5.041 ns
Min = 125.291 ns, Q1 = 125.638 ns, Median = 125.984 ns, Q3 = 130.166 ns, Max = 134.348 ns
IQR = 4.528 ns, LowerFence = 118.845 ns, UpperFence = 136.959 ns
ConfidenceInterval = [36.577 ns; 220.505 ns] (CI 99.9%), Margin = 91.964 ns (71.54% of Mean)
Skewness = 0.38, Kurtosis = 0.67, MValue = 2

// ** Remained 8 (44.4 %) benchmark(s) to run. Estimated finish 2026-10-10 21:51 (0h 1m from now) **
// **************************
// Benchmark: MemoryCacheProviderBenchmarks.GetOrSetAsync_CacheMiss: Job-NUBXJZ(IterationCount=20, WarmupCount=5)
// *** Execute ***
// Launch: 1 / 1
// Execute: dotnet Encina.Caching.Memory.Benchmarks-Job-NUBXJZ-1.dll --anonymousPipes 152 153 --benchmarkName Encina.Caching.Memory.Benchmarks.Benchmarks.MemoryCacheProviderBenchmarks.GetOrSetAsync_CacheMiss --job "IterationCount=20, WarmupCount=5" --benchmarkId 10 in /home/runner/work/Encina/Encina/tests/Encina.BenchmarkTests/Encina.Caching.Memory.Benchmarks/bin/Release/net10.0/Encina.Caching.Memory.Benchmarks-Job-NUBXJZ-1/bin/Release/net10.0
// Failed to set up high priority (Permission denied). In order to run benchmarks with high priority, make sure you have the right permissions.
// BeforeAnythingElse

// Benchmark Process Environment Information:
// BenchmarkDotNet v0.15.8
// Runtime=.NET 10.0.12 (10.0.12, 10.0.1226.42308), X64 RyuJIT x86-64-v3
// GC=Concurrent Workstation
// HardwareIntrinsics=AVX2+BMI1+BMI2+F16C+FMA+LZCNT+MOVBE,AVX,SSE3+SSSE3+SSE4.1+SSE4.2+POPCNT,X86Base+SSE+SSE2,AES+PCLMUL VectorSize=256
// Job: Job-NUBXJZ(IterationCount=20, WarmupCount=5)

OverheadJitting  1: 1 op, 227925.00 ns, 227.9250 us/op
WorkloadJitting  1: 1 op, 12032382.00 ns, 12.0324 ms/op

OverheadJitting  2: 16 op, 475506.00 ns, 29.7191 us/op
WorkloadJitting  2: 16 op, 544605.00 ns, 34.0378 us/op

WorkloadPilot    1: 16 op, 177672.00 ns, 11.1045 us/op
WorkloadPilot    2: 32 op, 119533.00 ns, 3.7354 us/op
WorkloadPilot    3: 64 op, 170157.00 ns, 2.6587 us/op
WorkloadPilot    4: 128 op, 364360.00 ns, 2.8466 us/op
WorkloadPilot    5: 256 op, 665951.00 ns, 2.6014 us/op
WorkloadPilot    6: 512 op, 1494336.00 ns, 2.9186 us/op
WorkloadPilot    7: 1024 op, 2502235.00 ns, 2.4436 us/op
WorkloadPilot    8: 2048 op, 5234629.00 ns, 2.5560 us/op
WorkloadPilot    9: 4096 op, 10983396.00 ns, 2.6815 us/op
WorkloadPilot   10: 8192 op, 17182594.00 ns, 2.0975 us/op
WorkloadPilot   11: 16384 op, 57489358.00 ns, 3.5089 us/op
WorkloadPilot   12: 32768 op, 137035710.00 ns, 4.1820 us/op
WorkloadPilot   13: 65536 op, 269543377.00 ns, 4.1129 us/op
WorkloadPilot   14: 131072 op, 475508753.00 ns, 3.6278 us/op
WorkloadPilot   15: 262144 op, 1298332314.00 ns, 4.9527 us/op

OverheadWarmup   1: 262144 op, 873138.00 ns, 3.3308 ns/op
OverheadWarmup   2: 262144 op, 860153.00 ns, 3.2812 ns/op
OverheadWarmup   3: 262144 op, 871545.00 ns, 3.3247 ns/op
OverheadWarmup   4: 262144 op, 872577.00 ns, 3.3286 ns/op
OverheadWarmup   5: 262144 op, 860174.00 ns, 3.2813 ns/op
OverheadWarmup   6: 262144 op, 872907.00 ns, 3.3299 ns/op
OverheadWarmup   7: 262144 op, 911861.00 ns, 3.4785 ns/op
OverheadWarmup   8: 262144 op, 872768.00 ns, 3.3293 ns/op

OverheadActual   1: 262144 op, 872146.00 ns, 3.3270 ns/op
OverheadActual   2: 262144 op, 875282.00 ns, 3.3389 ns/op
OverheadActual   3: 262144 op, 874460.00 ns, 3.3358 ns/op
OverheadActual   4: 262144 op, 872978.00 ns, 3.3301 ns/op
OverheadActual   5: 262144 op, 882626.00 ns, 3.3670 ns/op
OverheadActual   6: 262144 op, 872066.00 ns, 3.3267 ns/op
OverheadActual   7: 262144 op, 875232.00 ns, 3.3387 ns/op
OverheadActual   8: 262144 op, 871976.00 ns, 3.3263 ns/op
OverheadActual   9: 262144 op, 862929.00 ns, 3.2918 ns/op
OverheadActual  10: 262144 op, 872387.00 ns, 3.3279 ns/op
OverheadActual  11: 262144 op, 860956.00 ns, 3.2843 ns/op
OverheadActual  12: 262144 op, 892404.00 ns, 3.4043 ns/op
OverheadActual  13: 262144 op, 896762.00 ns, 3.4209 ns/op
OverheadActual  14: 262144 op, 895039.00 ns, 3.4143 ns/op
OverheadActual  15: 262144 op, 899898.00 ns, 3.4328 ns/op

WorkloadWarmup   1: 262144 op, 1426285124.00 ns, 5.4408 us/op
WorkloadWarmup   2: 262144 op, 1113397804.00 ns, 4.2473 us/op
WorkloadWarmup   3: 262144 op, 1825159652.00 ns, 6.9624 us/op
WorkloadWarmup   4: 262144 op, 1220015068.00 ns, 4.6540 us/op
WorkloadWarmup   5: 262144 op, 1258466764.00 ns, 4.8007 us/op

// BeforeActualRun
WorkloadActual   1: 262144 op, 1191063627.00 ns, 4.5435 us/op
WorkloadActual   2: 262144 op, 1204533677.00 ns, 4.5949 us/op
WorkloadActual   3: 262144 op, 1216922302.00 ns, 4.6422 us/op
WorkloadActual   4: 262144 op, 2921386326.00 ns, 11.1442 us/op
WorkloadActual   5: 262144 op, 1387699591.00 ns, 5.2937 us/op
WorkloadActual   6: 262144 op, 1450662272.00 ns, 5.5338 us/op
WorkloadActual   7: 262144 op, 1352501611.00 ns, 5.1594 us/op
WorkloadActual   8: 262144 op, 1334644785.00 ns, 5.0913 us/op
WorkloadActual   9: 262144 op, 1346002296.00 ns, 5.1346 us/op
WorkloadActual  10: 262144 op, 1375729116.00 ns, 5.2480 us/op
WorkloadActual  11: 262144 op, 1383211757.00 ns, 5.2765 us/op
WorkloadActual  12: 262144 op, 1366120684.00 ns, 5.2113 us/op
WorkloadActual  13: 262144 op, 1351458130.00 ns, 5.1554 us/op
WorkloadActual  14: 262144 op, 1395207771.00 ns, 5.3223 us/op
WorkloadActual  15: 262144 op, 4634642232.00 ns, 17.6798 us/op
WorkloadActual  16: 262144 op, 1366055088.00 ns, 5.2111 us/op
WorkloadActual  17: 262144 op, 1444194548.00 ns, 5.5092 us/op
WorkloadActual  18: 262144 op, 1625219068.00 ns, 6.1997 us/op
WorkloadActual  19: 262144 op, 1552464897.00 ns, 5.9222 us/op
WorkloadActual  20: 262144 op, 1552055475.00 ns, 5.9206 us/op

// AfterActualRun
WorkloadResult   1: 262144 op, 1190189167.00 ns, 4.5402 us/op
WorkloadResult   2: 262144 op, 1203659217.00 ns, 4.5916 us/op
WorkloadResult   3: 262144 op, 1216047842.00 ns, 4.6389 us/op
WorkloadResult   4: 262144 op, 1386825131.00 ns, 5.2903 us/op
WorkloadResult   5: 262144 op, 1449787812.00 ns, 5.5305 us/op
WorkloadResult   6: 262144 op, 1351627151.00 ns, 5.1560 us/op
WorkloadResult   7: 262144 op, 1333770325.00 ns, 5.0879 us/op
WorkloadResult   8: 262144 op, 1345127836.00 ns, 5.1313 us/op
WorkloadResult   9: 262144 op, 1374854656.00 ns, 5.2447 us/op
WorkloadResult  10: 262144 op, 1382337297.00 ns, 5.2732 us/op
WorkloadResult  11: 262144 op, 1365246224.00 ns, 5.2080 us/op
WorkloadResult  12: 262144 op, 1350583670.00 ns, 5.1521 us/op
WorkloadResult  13: 262144 op, 1394333311.00 ns, 5.3190 us/op
WorkloadResult  14: 262144 op, 1365180628.00 ns, 5.2078 us/op
WorkloadResult  15: 262144 op, 1443320088.00 ns, 5.5058 us/op
WorkloadResult  16: 262144 op, 1624344608.00 ns, 6.1964 us/op
WorkloadResult  17: 262144 op, 1551590437.00 ns, 5.9188 us/op
WorkloadResult  18: 262144 op, 1551181015.00 ns, 5.9173 us/op
// GC:  16 15 0 283115584 262144
// Threading:  1 0 262144

// AfterAll
// Benchmark Process 3319 has exited with code 0.

Mean = 5.273 μs, StdErr = 0.104 μs (1.97%), N = 18, StdDev = 0.441 μs
Min = 4.540 μs, Q1 = 5.136 μs, Median = 5.226 μs, Q3 = 5.459 μs, Max = 6.196 μs
IQR = 0.323 μs, LowerFence = 4.652 μs, UpperFence = 5.943 μs
ConfidenceInterval = [4.861 μs; 5.685 μs] (CI 99.9%), Margin = 0.412 μs (7.81% of Mean)
Skewness = 0.25, Kurtosis = 2.57, MValue = 2

// ** Remained 7 (38.9 %) benchmark(s) to run. Estimated finish 2026-10-10 21:59 (0h 4m from now) **
// **************************
// Benchmark: MemoryCacheProviderBenchmarks.GetOrSetAsync_CacheMiss: ShortRun(IterationCount=3, LaunchCount=1, WarmupCount=3)
// *** Execute ***
// Launch: 1 / 1
// Execute: dotnet Encina.Caching.Memory.Benchmarks-Job-NUBXJZ-1.dll --anonymousPipes 152 153 --benchmarkName Encina.Caching.Memory.Benchmarks.Benchmarks.MemoryCacheProviderBenchmarks.GetOrSetAsync_CacheMiss --job ShortRun --benchmarkId 11 in /home/runner/work/Encina/Encina/tests/Encina.BenchmarkTests/Encina.Caching.Memory.Benchmarks/bin/Release/net10.0/Encina.Caching.Memory.Benchmarks-Job-NUBXJZ-1/bin/Release/net10.0
// Failed to set up high priority (Permission denied). In order to run benchmarks with high priority, make sure you have the right permissions.
// BeforeAnythingElse

// Benchmark Process Environment Information:
// BenchmarkDotNet v0.15.8
// Runtime=.NET 10.0.12 (10.0.12, 10.0.1226.42308), X64 RyuJIT x86-64-v3
// GC=Concurrent Workstation
// HardwareIntrinsics=AVX2+BMI1+BMI2+F16C+FMA+LZCNT+MOVBE,AVX,SSE3+SSSE3+SSE4.1+SSE4.2+POPCNT,X86Base+SSE+SSE2,AES+PCLMUL VectorSize=256
// Job: ShortRun(IterationCount=3, LaunchCount=1, WarmupCount=3)

OverheadJitting  1: 1 op, 228196.00 ns, 228.1960 us/op
WorkloadJitting  1: 1 op, 12116780.00 ns, 12.1168 ms/op

OverheadJitting  2: 16 op, 486568.00 ns, 30.4105 us/op
WorkloadJitting  2: 16 op, 511996.00 ns, 31.9998 us/op

WorkloadPilot    1: 16 op, 190095.00 ns, 11.8809 us/op
WorkloadPilot    2: 32 op, 87052.00 ns, 2.7204 us/op
WorkloadPilot    3: 64 op, 246781.00 ns, 3.8560 us/op
WorkloadPilot    4: 128 op, 390058.00 ns, 3.0473 us/op
WorkloadPilot    5: 256 op, 683295.00 ns, 2.6691 us/op
WorkloadPilot    6: 512 op, 1446870.00 ns, 2.8259 us/op
WorkloadPilot    7: 1024 op, 2627012.00 ns, 2.5654 us/op
WorkloadPilot    8: 2048 op, 5379368.00 ns, 2.6266 us/op
WorkloadPilot    9: 4096 op, 8725312.00 ns, 2.1302 us/op
WorkloadPilot   10: 8192 op, 20738919.00 ns, 2.5316 us/op
WorkloadPilot   11: 16384 op, 54629639.00 ns, 3.3343 us/op
WorkloadPilot   12: 32768 op, 133872125.00 ns, 4.0855 us/op
WorkloadPilot   13: 65536 op, 279783705.00 ns, 4.2692 us/op
WorkloadPilot   14: 131072 op, 478589967.00 ns, 3.6514 us/op
WorkloadPilot   15: 262144 op, 1278393005.00 ns, 4.8767 us/op

OverheadWarmup   1: 262144 op, 872277.00 ns, 3.3275 ns/op
OverheadWarmup   2: 262144 op, 872707.00 ns, 3.3291 ns/op
OverheadWarmup   3: 262144 op, 873779.00 ns, 3.3332 ns/op
OverheadWarmup   4: 262144 op, 872396.00 ns, 3.3279 ns/op
OverheadWarmup   5: 262144 op, 873138.00 ns, 3.3308 ns/op
OverheadWarmup   6: 262144 op, 860194.00 ns, 3.2814 ns/op

OverheadActual   1: 262144 op, 872287.00 ns, 3.3275 ns/op
OverheadActual   2: 262144 op, 860675.00 ns, 3.2832 ns/op
OverheadActual   3: 262144 op, 872186.00 ns, 3.3271 ns/op
OverheadActual   4: 262144 op, 871685.00 ns, 3.3252 ns/op
OverheadActual   5: 262144 op, 871555.00 ns, 3.3247 ns/op
OverheadActual   6: 262144 op, 872146.00 ns, 3.3270 ns/op
OverheadActual   7: 262144 op, 860033.00 ns, 3.2808 ns/op
OverheadActual   8: 262144 op, 875051.00 ns, 3.3381 ns/op
OverheadActual   9: 262144 op, 871515.00 ns, 3.3246 ns/op
OverheadActual  10: 262144 op, 871745.00 ns, 3.3254 ns/op
OverheadActual  11: 262144 op, 860164.00 ns, 3.2813 ns/op
OverheadActual  12: 262144 op, 871255.00 ns, 3.3236 ns/op
OverheadActual  13: 262144 op, 871825.00 ns, 3.3257 ns/op
OverheadActual  14: 262144 op, 872477.00 ns, 3.3282 ns/op
OverheadActual  15: 262144 op, 871765.00 ns, 3.3255 ns/op

WorkloadWarmup   1: 262144 op, 1379983917.00 ns, 5.2642 us/op
WorkloadWarmup   2: 262144 op, 1145158770.00 ns, 4.3684 us/op
WorkloadWarmup   3: 262144 op, 1809186279.00 ns, 6.9015 us/op

// BeforeActualRun
WorkloadActual   1: 262144 op, 1255041901.00 ns, 4.7876 us/op
WorkloadActual   2: 262144 op, 1281009656.00 ns, 4.8867 us/op
WorkloadActual   3: 262144 op, 1217038047.00 ns, 4.6426 us/op

// AfterActualRun
WorkloadResult   1: 262144 op, 1254170156.00 ns, 4.7843 us/op
WorkloadResult   2: 262144 op, 1280137911.00 ns, 4.8833 us/op
WorkloadResult   3: 262144 op, 1216166302.00 ns, 4.6393 us/op
// GC:  16 15 0 283115520 262144
// Threading:  0 0 262144

// AfterAll
// Benchmark Process 3398 has exited with code 0.

Mean = 4.769 μs, StdErr = 0.071 μs (1.49%), N = 3, StdDev = 0.123 μs
Min = 4.639 μs, Q1 = 4.712 μs, Median = 4.784 μs, Q3 = 4.834 μs, Max = 4.883 μs
IQR = 0.122 μs, LowerFence = 4.529 μs, UpperFence = 5.017 μs
ConfidenceInterval = [2.530 μs; 7.008 μs] (CI 99.9%), Margin = 2.239 μs (46.95% of Mean)
Skewness = -0.12, Kurtosis = 0.67, MValue = 2

// ** Remained 6 (33.3 %) benchmark(s) to run. Estimated finish 2026-10-10 21:59 (0h 4m from now) **
// **************************
// Benchmark: MemoryCacheProviderBenchmarks.RemoveAsync: Job-NUBXJZ(IterationCount=20, WarmupCount=5)
// *** Execute ***
// Launch: 1 / 1
// Execute: dotnet Encina.Caching.Memory.Benchmarks-Job-NUBXJZ-1.dll --anonymousPipes 152 153 --benchmarkName Encina.Caching.Memory.Benchmarks.Benchmarks.MemoryCacheProviderBenchmarks.RemoveAsync --job "IterationCount=20, WarmupCount=5" --benchmarkId 12 in /home/runner/work/Encina/Encina/tests/Encina.BenchmarkTests/Encina.Caching.Memory.Benchmarks/bin/Release/net10.0/Encina.Caching.Memory.Benchmarks-Job-NUBXJZ-1/bin/Release/net10.0
// Failed to set up high priority (Permission denied). In order to run benchmarks with high priority, make sure you have the right permissions.
// BeforeAnythingElse

// Benchmark Process Environment Information:
// BenchmarkDotNet v0.15.8
// Runtime=.NET 10.0.12 (10.0.12, 10.0.1226.42308), X64 RyuJIT x86-64-v3
// GC=Concurrent Workstation
// HardwareIntrinsics=AVX2+BMI1+BMI2+F16C+FMA+LZCNT+MOVBE,AVX,SSE3+SSSE3+SSE4.1+SSE4.2+POPCNT,X86Base+SSE+SSE2,AES+PCLMUL VectorSize=256
// Job: Job-NUBXJZ(IterationCount=20, WarmupCount=5)

OverheadJitting  1: 1 op, 175247.00 ns, 175.2470 us/op
WorkloadJitting  1: 1 op, 8512993.00 ns, 8.5130 ms/op

OverheadJitting  2: 16 op, 192399.00 ns, 12.0249 us/op
WorkloadJitting  2: 16 op, 359911.00 ns, 22.4944 us/op

WorkloadPilot    1: 16 op, 101659.00 ns, 6.3537 us/op
WorkloadPilot    2: 32 op, 136785.00 ns, 4.2745 us/op
WorkloadPilot    3: 64 op, 179044.00 ns, 2.7976 us/op
WorkloadPilot    4: 128 op, 485515.00 ns, 3.7931 us/op
WorkloadPilot    5: 256 op, 901601.00 ns, 3.5219 us/op
WorkloadPilot    6: 512 op, 1613248.00 ns, 3.1509 us/op
WorkloadPilot    7: 1024 op, 3326042.00 ns, 3.2481 us/op
WorkloadPilot    8: 2048 op, 6697999.00 ns, 3.2705 us/op
WorkloadPilot    9: 4096 op, 13299478.00 ns, 3.2469 us/op
WorkloadPilot   10: 8192 op, 26609407.00 ns, 3.2482 us/op
WorkloadPilot   11: 16384 op, 48392354.00 ns, 2.9536 us/op
WorkloadPilot   12: 32768 op, 97813776.00 ns, 2.9850 us/op
WorkloadPilot   13: 65536 op, 188379395.00 ns, 2.8744 us/op
WorkloadPilot   14: 131072 op, 379823570.00 ns, 2.8978 us/op
WorkloadPilot   15: 262144 op, 757521958.00 ns, 2.8897 us/op

OverheadWarmup   1: 262144 op, 425794.00 ns, 1.6243 ns/op
OverheadWarmup   2: 262144 op, 442936.00 ns, 1.6897 ns/op
OverheadWarmup   3: 262144 op, 442646.00 ns, 1.6886 ns/op
OverheadWarmup   4: 262144 op, 455650.00 ns, 1.7382 ns/op
OverheadWarmup   5: 262144 op, 443918.00 ns, 1.6934 ns/op

OverheadActual   1: 262144 op, 444469.00 ns, 1.6955 ns/op
OverheadActual   2: 262144 op, 429701.00 ns, 1.6392 ns/op
OverheadActual   3: 262144 op, 440001.00 ns, 1.6785 ns/op
OverheadActual   4: 262144 op, 424632.00 ns, 1.6198 ns/op
OverheadActual   5: 262144 op, 444889.00 ns, 1.6971 ns/op
OverheadActual   6: 262144 op, 466159.00 ns, 1.7783 ns/op
OverheadActual   7: 262144 op, 438698.00 ns, 1.6735 ns/op
OverheadActual   8: 262144 op, 439610.00 ns, 1.6770 ns/op
OverheadActual   9: 262144 op, 434470.00 ns, 1.6574 ns/op
OverheadActual  10: 262144 op, 438809.00 ns, 1.6739 ns/op
OverheadActual  11: 262144 op, 439570.00 ns, 1.6768 ns/op
OverheadActual  12: 262144 op, 438738.00 ns, 1.6737 ns/op
OverheadActual  13: 262144 op, 455790.00 ns, 1.7387 ns/op
OverheadActual  14: 262144 op, 455940.00 ns, 1.7393 ns/op
OverheadActual  15: 262144 op, 455961.00 ns, 1.7394 ns/op

WorkloadWarmup   1: 262144 op, 767327741.00 ns, 2.9271 us/op
WorkloadWarmup   2: 262144 op, 754170886.00 ns, 2.8769 us/op
WorkloadWarmup   3: 262144 op, 748610581.00 ns, 2.8557 us/op
WorkloadWarmup   4: 262144 op, 768810359.00 ns, 2.9328 us/op
WorkloadWarmup   5: 262144 op, 763584986.00 ns, 2.9128 us/op

// BeforeActualRun
WorkloadActual   1: 262144 op, 754136196.00 ns, 2.8768 us/op
WorkloadActual   2: 262144 op, 757711500.00 ns, 2.8904 us/op
WorkloadActual   3: 262144 op, 769278454.00 ns, 2.9346 us/op
WorkloadActual   4: 262144 op, 758979097.00 ns, 2.8953 us/op
WorkloadActual   5: 262144 op, 759283515.00 ns, 2.8964 us/op
WorkloadActual   6: 262144 op, 756102523.00 ns, 2.8843 us/op
WorkloadActual   7: 262144 op, 751712276.00 ns, 2.8676 us/op
WorkloadActual   8: 262144 op, 752142856.00 ns, 2.8692 us/op
WorkloadActual   9: 262144 op, 763456748.00 ns, 2.9124 us/op
WorkloadActual  10: 262144 op, 754799573.00 ns, 2.8793 us/op
WorkloadActual  11: 262144 op, 760822190.00 ns, 2.9023 us/op
WorkloadActual  12: 262144 op, 763683539.00 ns, 2.9132 us/op
WorkloadActual  13: 262144 op, 762792720.00 ns, 2.9098 us/op
WorkloadActual  14: 262144 op, 753061740.00 ns, 2.8727 us/op
WorkloadActual  15: 262144 op, 749746607.00 ns, 2.8601 us/op
WorkloadActual  16: 262144 op, 764362816.00 ns, 2.9158 us/op
WorkloadActual  17: 262144 op, 756443707.00 ns, 2.8856 us/op
WorkloadActual  18: 262144 op, 762188812.00 ns, 2.9075 us/op
WorkloadActual  19: 262144 op, 755444526.00 ns, 2.8818 us/op
WorkloadActual  20: 262144 op, 760027210.00 ns, 2.8993 us/op

// AfterActualRun
WorkloadResult   1: 262144 op, 753696586.00 ns, 2.8751 us/op
WorkloadResult   2: 262144 op, 757271890.00 ns, 2.8888 us/op
WorkloadResult   3: 262144 op, 768838844.00 ns, 2.9329 us/op
WorkloadResult   4: 262144 op, 758539487.00 ns, 2.8936 us/op
WorkloadResult   5: 262144 op, 758843905.00 ns, 2.8948 us/op
WorkloadResult   6: 262144 op, 755662913.00 ns, 2.8826 us/op
WorkloadResult   7: 262144 op, 751272666.00 ns, 2.8659 us/op
WorkloadResult   8: 262144 op, 751703246.00 ns, 2.8675 us/op
WorkloadResult   9: 262144 op, 763017138.00 ns, 2.9107 us/op
WorkloadResult  10: 262144 op, 754359963.00 ns, 2.8777 us/op
WorkloadResult  11: 262144 op, 760382580.00 ns, 2.9006 us/op
WorkloadResult  12: 262144 op, 763243929.00 ns, 2.9115 us/op
WorkloadResult  13: 262144 op, 762353110.00 ns, 2.9081 us/op
WorkloadResult  14: 262144 op, 752622130.00 ns, 2.8710 us/op
WorkloadResult  15: 262144 op, 749306997.00 ns, 2.8584 us/op
WorkloadResult  16: 262144 op, 763923206.00 ns, 2.9141 us/op
WorkloadResult  17: 262144 op, 756004097.00 ns, 2.8839 us/op
WorkloadResult  18: 262144 op, 761749202.00 ns, 2.9058 us/op
WorkloadResult  19: 262144 op, 755004916.00 ns, 2.8801 us/op
WorkloadResult  20: 262144 op, 759587600.00 ns, 2.8976 us/op
// GC:  12 0 0 205537536 262144
// Threading:  262144 0 262144

// AfterAll
// Benchmark Process 3420 has exited with code 0.

Mean = 2.891 μs, StdErr = 0.004 μs (0.15%), N = 20, StdDev = 0.019 μs
Min = 2.858 μs, Q1 = 2.877 μs, Median = 2.891 μs, Q3 = 2.906 μs, Max = 2.933 μs
IQR = 0.029 μs, LowerFence = 2.833 μs, UpperFence = 2.951 μs
ConfidenceInterval = [2.874 μs; 2.908 μs] (CI 99.9%), Margin = 0.017 μs (0.58% of Mean)
Skewness = 0.21, Kurtosis = 2.13, MValue = 2

// ** Remained 5 (27.8 %) benchmark(s) to run. Estimated finish 2026-10-10 21:58 (0h 3m from now) **
// **************************
// Benchmark: MemoryCacheProviderBenchmarks.RemoveAsync: ShortRun(IterationCount=3, LaunchCount=1, WarmupCount=3)
// *** Execute ***
// Launch: 1 / 1
// Execute: dotnet Encina.Caching.Memory.Benchmarks-Job-NUBXJZ-1.dll --anonymousPipes 152 153 --benchmarkName Encina.Caching.Memory.Benchmarks.Benchmarks.MemoryCacheProviderBenchmarks.RemoveAsync --job ShortRun --benchmarkId 13 in /home/runner/work/Encina/Encina/tests/Encina.BenchmarkTests/Encina.Caching.Memory.Benchmarks/bin/Release/net10.0/Encina.Caching.Memory.Benchmarks-Job-NUBXJZ-1/bin/Release/net10.0
// Failed to set up high priority (Permission denied). In order to run benchmarks with high priority, make sure you have the right permissions.
// BeforeAnythingElse

// Benchmark Process Environment Information:
// BenchmarkDotNet v0.15.8
// Runtime=.NET 10.0.12 (10.0.12, 10.0.1226.42308), X64 RyuJIT x86-64-v3
// GC=Concurrent Workstation
// HardwareIntrinsics=AVX2+BMI1+BMI2+F16C+FMA+LZCNT+MOVBE,AVX,SSE3+SSSE3+SSE4.1+SSE4.2+POPCNT,X86Base+SSE+SSE2,AES+PCLMUL VectorSize=256
// Job: ShortRun(IterationCount=3, LaunchCount=1, WarmupCount=3)

OverheadJitting  1: 1 op, 173052.00 ns, 173.0520 us/op
WorkloadJitting  1: 1 op, 8635453.00 ns, 8.6355 ms/op

OverheadJitting  2: 16 op, 178974.00 ns, 11.1859 us/op
WorkloadJitting  2: 16 op, 321229.00 ns, 20.0768 us/op

WorkloadPilot    1: 16 op, 92542.00 ns, 5.7839 us/op
WorkloadPilot    2: 32 op, 120044.00 ns, 3.7514 us/op
WorkloadPilot    3: 64 op, 236160.00 ns, 3.6900 us/op
WorkloadPilot    4: 128 op, 460860.00 ns, 3.6005 us/op
WorkloadPilot    5: 256 op, 908795.00 ns, 3.5500 us/op
WorkloadPilot    6: 512 op, 1602578.00 ns, 3.1300 us/op
WorkloadPilot    7: 1024 op, 3436058.00 ns, 3.3555 us/op
WorkloadPilot    8: 2048 op, 6743845.00 ns, 3.2929 us/op
WorkloadPilot    9: 4096 op, 13276357.00 ns, 3.2413 us/op
WorkloadPilot   10: 8192 op, 26473676.00 ns, 3.2316 us/op
WorkloadPilot   11: 16384 op, 54583552.00 ns, 3.3315 us/op
WorkloadPilot   12: 32768 op, 103331803.00 ns, 3.1534 us/op
WorkloadPilot   13: 65536 op, 193675166.00 ns, 2.9552 us/op
WorkloadPilot   14: 131072 op, 382992639.00 ns, 2.9220 us/op
WorkloadPilot   15: 262144 op, 765054443.00 ns, 2.9185 us/op

OverheadWarmup   1: 262144 op, 448436.00 ns, 1.7106 ns/op
OverheadWarmup   2: 262144 op, 472130.00 ns, 1.8010 ns/op
OverheadWarmup   3: 262144 op, 490314.00 ns, 1.8704 ns/op
OverheadWarmup   4: 262144 op, 493310.00 ns, 1.8818 ns/op
OverheadWarmup   5: 262144 op, 464816.00 ns, 1.7731 ns/op
OverheadWarmup   6: 262144 op, 463734.00 ns, 1.7690 ns/op
OverheadWarmup   7: 262144 op, 485315.00 ns, 1.8513 ns/op
OverheadWarmup   8: 262144 op, 482931.00 ns, 1.8422 ns/op

OverheadActual   1: 262144 op, 443747.00 ns, 1.6928 ns/op
OverheadActual   2: 262144 op, 425413.00 ns, 1.6228 ns/op
OverheadActual   3: 262144 op, 425423.00 ns, 1.6229 ns/op
OverheadActual   4: 262144 op, 442565.00 ns, 1.6883 ns/op
OverheadActual   5: 262144 op, 424652.00 ns, 1.6199 ns/op
OverheadActual   6: 262144 op, 424712.00 ns, 1.6201 ns/op
OverheadActual   7: 262144 op, 424711.00 ns, 1.6201 ns/op
OverheadActual   8: 262144 op, 441293.00 ns, 1.6834 ns/op
OverheadActual   9: 262144 op, 441073.00 ns, 1.6826 ns/op
OverheadActual  10: 262144 op, 444229.00 ns, 1.6946 ns/op
OverheadActual  11: 262144 op, 443727.00 ns, 1.6927 ns/op
OverheadActual  12: 262144 op, 443438.00 ns, 1.6916 ns/op
OverheadActual  13: 262144 op, 443467.00 ns, 1.6917 ns/op
OverheadActual  14: 262144 op, 425513.00 ns, 1.6232 ns/op
OverheadActual  15: 262144 op, 425494.00 ns, 1.6231 ns/op

WorkloadWarmup   1: 262144 op, 775377419.00 ns, 2.9578 us/op
WorkloadWarmup   2: 262144 op, 757062217.00 ns, 2.8880 us/op
WorkloadWarmup   3: 262144 op, 749743730.00 ns, 2.8600 us/op

// BeforeActualRun
WorkloadActual   1: 262144 op, 760627987.00 ns, 2.9016 us/op
WorkloadActual   2: 262144 op, 759218868.00 ns, 2.8962 us/op
WorkloadActual   3: 262144 op, 751414735.00 ns, 2.8664 us/op

// AfterActualRun
WorkloadResult   1: 262144 op, 760186914.00 ns, 2.8999 us/op
WorkloadResult   2: 262144 op, 758777795.00 ns, 2.8945 us/op
WorkloadResult   3: 262144 op, 750973662.00 ns, 2.8647 us/op
// GC:  12 0 0 205520896 262144
// Threading:  262144 0 262144

// AfterAll
// Benchmark Process 3442 has exited with code 0.

Mean = 2.886 μs, StdErr = 0.011 μs (0.38%), N = 3, StdDev = 0.019 μs
Min = 2.865 μs, Q1 = 2.880 μs, Median = 2.895 μs, Q3 = 2.897 μs, Max = 2.900 μs
IQR = 0.018 μs, LowerFence = 2.853 μs, UpperFence = 2.924 μs
ConfidenceInterval = [2.541 μs; 3.232 μs] (CI 99.9%), Margin = 0.345 μs (11.97% of Mean)
Skewness = -0.35, Kurtosis = 0.67, MValue = 2

// ** Remained 4 (22.2 %) benchmark(s) to run. Estimated finish 2026-10-10 21:58 (0h 2m from now) **
// **************************
// Benchmark: MemoryCacheProviderBenchmarks.SetWithSlidingExpirationAsync: Job-NUBXJZ(IterationCount=20, WarmupCount=5)
// *** Execute ***
// Launch: 1 / 1
// Execute: dotnet Encina.Caching.Memory.Benchmarks-Job-NUBXJZ-1.dll --anonymousPipes 152 153 --benchmarkName Encina.Caching.Memory.Benchmarks.Benchmarks.MemoryCacheProviderBenchmarks.SetWithSlidingExpirationAsync --job "IterationCount=20, WarmupCount=5" --benchmarkId 14 in /home/runner/work/Encina/Encina/tests/Encina.BenchmarkTests/Encina.Caching.Memory.Benchmarks/bin/Release/net10.0/Encina.Caching.Memory.Benchmarks-Job-NUBXJZ-1/bin/Release/net10.0
// Failed to set up high priority (Permission denied). In order to run benchmarks with high priority, make sure you have the right permissions.
// BeforeAnythingElse

// Benchmark Process Environment Information:
// BenchmarkDotNet v0.15.8
// Runtime=.NET 10.0.12 (10.0.12, 10.0.1226.42308), X64 RyuJIT x86-64-v3
// GC=Concurrent Workstation
// HardwareIntrinsics=AVX2+BMI1+BMI2+F16C+FMA+LZCNT+MOVBE,AVX,SSE3+SSSE3+SSE4.1+SSE4.2+POPCNT,X86Base+SSE+SSE2,AES+PCLMUL VectorSize=256
// Job: Job-NUBXJZ(IterationCount=20, WarmupCount=5)

OverheadJitting  1: 1 op, 173152.00 ns, 173.1520 us/op
WorkloadJitting  1: 1 op, 4378734.00 ns, 4.3787 ms/op

OverheadJitting  2: 16 op, 177982.00 ns, 11.1239 us/op
WorkloadJitting  2: 16 op, 268612.00 ns, 16.7883 us/op

WorkloadPilot    1: 16 op, 171710.00 ns, 10.7319 us/op
WorkloadPilot    2: 32 op, 111889.00 ns, 3.4965 us/op
WorkloadPilot    3: 64 op, 130713.00 ns, 2.0424 us/op
WorkloadPilot    4: 128 op, 348670.00 ns, 2.7240 us/op
WorkloadPilot    5: 256 op, 616510.00 ns, 2.4082 us/op
WorkloadPilot    6: 512 op, 1079934.00 ns, 2.1092 us/op
WorkloadPilot    7: 1024 op, 1926161.00 ns, 1.8810 us/op
WorkloadPilot    8: 2048 op, 5194506.00 ns, 2.5364 us/op
WorkloadPilot    9: 4096 op, 9878640.00 ns, 2.4118 us/op
WorkloadPilot   10: 8192 op, 14225425.00 ns, 1.7365 us/op
WorkloadPilot   11: 16384 op, 35794732.00 ns, 2.1847 us/op
WorkloadPilot   12: 32768 op, 88411442.00 ns, 2.6981 us/op
WorkloadPilot   13: 65536 op, 242972096.00 ns, 3.7075 us/op
WorkloadPilot   14: 131072 op, 528086439.00 ns, 4.0290 us/op

OverheadWarmup   1: 131072 op, 214379.00 ns, 1.6356 ns/op
OverheadWarmup   2: 131072 op, 213407.00 ns, 1.6282 ns/op
OverheadWarmup   3: 131072 op, 238013.00 ns, 1.8159 ns/op
OverheadWarmup   4: 131072 op, 250848.00 ns, 1.9138 ns/op
OverheadWarmup   5: 131072 op, 214120.00 ns, 1.6336 ns/op
OverheadWarmup   6: 131072 op, 213327.00 ns, 1.6276 ns/op
OverheadWarmup   7: 131072 op, 213308.00 ns, 1.6274 ns/op
OverheadWarmup   8: 131072 op, 214149.00 ns, 1.6338 ns/op
OverheadWarmup   9: 131072 op, 239116.00 ns, 1.8243 ns/op
OverheadWarmup  10: 131072 op, 213358.00 ns, 1.6278 ns/op

OverheadActual   1: 131072 op, 245387.00 ns, 1.8722 ns/op
OverheadActual   2: 131072 op, 213388.00 ns, 1.6280 ns/op
OverheadActual   3: 131072 op, 213338.00 ns, 1.6276 ns/op
OverheadActual   4: 131072 op, 213387.00 ns, 1.6280 ns/op
OverheadActual   5: 131072 op, 213358.00 ns, 1.6278 ns/op
OverheadActual   6: 131072 op, 213458.00 ns, 1.6286 ns/op
OverheadActual   7: 131072 op, 213588.00 ns, 1.6295 ns/op
OverheadActual   8: 131072 op, 214299.00 ns, 1.6350 ns/op
OverheadActual   9: 131072 op, 213528.00 ns, 1.6291 ns/op
OverheadActual  10: 131072 op, 213378.00 ns, 1.6279 ns/op
OverheadActual  11: 131072 op, 231722.00 ns, 1.7679 ns/op
OverheadActual  12: 131072 op, 213598.00 ns, 1.6296 ns/op
OverheadActual  13: 131072 op, 214159.00 ns, 1.6339 ns/op
OverheadActual  14: 131072 op, 213348.00 ns, 1.6277 ns/op
OverheadActual  15: 131072 op, 213409.00 ns, 1.6282 ns/op

WorkloadWarmup   1: 131072 op, 389188256.00 ns, 2.9693 us/op
WorkloadWarmup   2: 131072 op, 401768963.00 ns, 3.0653 us/op
WorkloadWarmup   3: 131072 op, 730658808.00 ns, 5.5745 us/op
WorkloadWarmup   4: 131072 op, 444043710.00 ns, 3.3878 us/op
WorkloadWarmup   5: 131072 op, 414541081.00 ns, 3.1627 us/op

// BeforeActualRun
WorkloadActual   1: 131072 op, 412366176.00 ns, 3.1461 us/op
WorkloadActual   2: 131072 op, 419143820.00 ns, 3.1978 us/op
WorkloadActual   3: 131072 op, 1177902002.00 ns, 8.9867 us/op
WorkloadActual   4: 131072 op, 386627091.00 ns, 2.9497 us/op
WorkloadActual   5: 131072 op, 383047258.00 ns, 2.9224 us/op
WorkloadActual   6: 131072 op, 530892821.00 ns, 4.0504 us/op
WorkloadActual   7: 131072 op, 444283785.00 ns, 3.3896 us/op
WorkloadActual   8: 131072 op, 424275279.00 ns, 3.2370 us/op
WorkloadActual   9: 131072 op, 429080434.00 ns, 3.2736 us/op
WorkloadActual  10: 131072 op, 433300229.00 ns, 3.3058 us/op
WorkloadActual  11: 131072 op, 457251309.00 ns, 3.4886 us/op
WorkloadActual  12: 131072 op, 426683196.00 ns, 3.2553 us/op
WorkloadActual  13: 131072 op, 440241731.00 ns, 3.3588 us/op
WorkloadActual  14: 131072 op, 2124397286.00 ns, 16.2079 us/op
WorkloadActual  15: 131072 op, 630747362.00 ns, 4.8122 us/op
WorkloadActual  16: 131072 op, 645906055.00 ns, 4.9279 us/op
WorkloadActual  17: 131072 op, 624293687.00 ns, 4.7630 us/op
WorkloadActual  18: 131072 op, 635451337.00 ns, 4.8481 us/op
WorkloadActual  19: 131072 op, 515933774.00 ns, 3.9363 us/op
WorkloadActual  20: 131072 op, 482768809.00 ns, 3.6832 us/op

// AfterActualRun
WorkloadResult   1: 131072 op, 412152718.00 ns, 3.1445 us/op
WorkloadResult   2: 131072 op, 418930362.00 ns, 3.1962 us/op
WorkloadResult   3: 131072 op, 386413633.00 ns, 2.9481 us/op
WorkloadResult   4: 131072 op, 382833800.00 ns, 2.9208 us/op
WorkloadResult   5: 131072 op, 530679363.00 ns, 4.0488 us/op
WorkloadResult   6: 131072 op, 444070327.00 ns, 3.3880 us/op
WorkloadResult   7: 131072 op, 424061821.00 ns, 3.2353 us/op
WorkloadResult   8: 131072 op, 428866976.00 ns, 3.2720 us/op
WorkloadResult   9: 131072 op, 433086771.00 ns, 3.3042 us/op
WorkloadResult  10: 131072 op, 457037851.00 ns, 3.4869 us/op
WorkloadResult  11: 131072 op, 426469738.00 ns, 3.2537 us/op
WorkloadResult  12: 131072 op, 440028273.00 ns, 3.3571 us/op
WorkloadResult  13: 131072 op, 630533904.00 ns, 4.8106 us/op
WorkloadResult  14: 131072 op, 645692597.00 ns, 4.9262 us/op
WorkloadResult  15: 131072 op, 624080229.00 ns, 4.7614 us/op
WorkloadResult  16: 131072 op, 635237879.00 ns, 4.8465 us/op
WorkloadResult  17: 131072 op, 515720316.00 ns, 3.9346 us/op
WorkloadResult  18: 131072 op, 482555351.00 ns, 3.6816 us/op
// GC:  5 4 0 94371840 131072
// Threading:  0 0 131072

// AfterAll
// Benchmark Process 3454 has exited with code 0.

Mean = 3.695 μs, StdErr = 0.163 μs (4.40%), N = 18, StdDev = 0.690 μs
Min = 2.921 μs, Q1 = 3.240 μs, Median = 3.373 μs, Q3 = 4.020 μs, Max = 4.926 μs
IQR = 0.780 μs, LowerFence = 2.069 μs, UpperFence = 5.191 μs
ConfidenceInterval = [3.050 μs; 4.341 μs] (CI 99.9%), Margin = 0.645 μs (17.46% of Mean)
Skewness = 0.76, Kurtosis = 1.93, MValue = 2.73

// ** Remained 3 (16.7 %) benchmark(s) to run. Estimated finish 2026-10-10 21:59 (0h 2m from now) **
// **************************
// Benchmark: MemoryCacheProviderBenchmarks.SetWithSlidingExpirationAsync: ShortRun(IterationCount=3, LaunchCount=1, WarmupCount=3)
// *** Execute ***
// Launch: 1 / 1
// Execute: dotnet Encina.Caching.Memory.Benchmarks-Job-NUBXJZ-1.dll --anonymousPipes 152 153 --benchmarkName Encina.Caching.Memory.Benchmarks.Benchmarks.MemoryCacheProviderBenchmarks.SetWithSlidingExpirationAsync --job ShortRun --benchmarkId 15 in /home/runner/work/Encina/Encina/tests/Encina.BenchmarkTests/Encina.Caching.Memory.Benchmarks/bin/Release/net10.0/Encina.Caching.Memory.Benchmarks-Job-NUBXJZ-1/bin/Release/net10.0
// Failed to set up high priority (Permission denied). In order to run benchmarks with high priority, make sure you have the right permissions.
// BeforeAnythingElse

// Benchmark Process Environment Information:
// BenchmarkDotNet v0.15.8
// Runtime=.NET 10.0.12 (10.0.12, 10.0.1226.42308), X64 RyuJIT x86-64-v3
// GC=Concurrent Workstation
// HardwareIntrinsics=AVX2+BMI1+BMI2+F16C+FMA+LZCNT+MOVBE,AVX,SSE3+SSSE3+SSE4.1+SSE4.2+POPCNT,X86Base+SSE+SSE2,AES+PCLMUL VectorSize=256
// Job: ShortRun(IterationCount=3, LaunchCount=1, WarmupCount=3)

OverheadJitting  1: 1 op, 174205.00 ns, 174.2050 us/op
WorkloadJitting  1: 1 op, 4413890.00 ns, 4.4139 ms/op

OverheadJitting  2: 16 op, 179325.00 ns, 11.2078 us/op
WorkloadJitting  2: 16 op, 290471.00 ns, 18.1544 us/op

WorkloadPilot    1: 16 op, 150871.00 ns, 9.4294 us/op
WorkloadPilot    2: 32 op, 146153.00 ns, 4.5673 us/op
WorkloadPilot    3: 64 op, 172482.00 ns, 2.6950 us/op
WorkloadPilot    4: 128 op, 342549.00 ns, 2.6762 us/op
WorkloadPilot    5: 256 op, 589980.00 ns, 2.3046 us/op
WorkloadPilot    6: 512 op, 1062842.00 ns, 2.0759 us/op
WorkloadPilot    7: 1024 op, 2307392.00 ns, 2.2533 us/op
WorkloadPilot    8: 2048 op, 4528985.00 ns, 2.2114 us/op
WorkloadPilot    9: 4096 op, 9365252.00 ns, 2.2864 us/op
WorkloadPilot   10: 8192 op, 15034883.00 ns, 1.8353 us/op
WorkloadPilot   11: 16384 op, 36821003.00 ns, 2.2474 us/op
WorkloadPilot   12: 32768 op, 88847185.00 ns, 2.7114 us/op
WorkloadPilot   13: 65536 op, 232914088.00 ns, 3.5540 us/op
WorkloadPilot   14: 131072 op, 356638241.00 ns, 2.7209 us/op
WorkloadPilot   15: 262144 op, 1018692289.00 ns, 3.8860 us/op

OverheadWarmup   1: 262144 op, 447014.00 ns, 1.7052 ns/op
OverheadWarmup   2: 262144 op, 455800.00 ns, 1.7387 ns/op
OverheadWarmup   3: 262144 op, 448076.00 ns, 1.7093 ns/op
OverheadWarmup   4: 262144 op, 446502.00 ns, 1.7033 ns/op
OverheadWarmup   5: 262144 op, 442805.00 ns, 1.6892 ns/op
OverheadWarmup   6: 262144 op, 456261.00 ns, 1.7405 ns/op
OverheadWarmup   7: 262144 op, 446443.00 ns, 1.7030 ns/op

OverheadActual   1: 262144 op, 472501.00 ns, 1.8024 ns/op
OverheadActual   2: 262144 op, 447284.00 ns, 1.7063 ns/op
OverheadActual   3: 262144 op, 444950.00 ns, 1.6973 ns/op
OverheadActual   4: 262144 op, 445721.00 ns, 1.7003 ns/op
OverheadActual   5: 262144 op, 456501.00 ns, 1.7414 ns/op
OverheadActual   6: 262144 op, 455810.00 ns, 1.7388 ns/op
OverheadActual   7: 262144 op, 447224.00 ns, 1.7060 ns/op
OverheadActual   8: 262144 op, 446633.00 ns, 1.7038 ns/op
OverheadActual   9: 262144 op, 448416.00 ns, 1.7106 ns/op
OverheadActual  10: 262144 op, 459296.00 ns, 1.7521 ns/op
OverheadActual  11: 262144 op, 445631.00 ns, 1.6999 ns/op
OverheadActual  12: 262144 op, 459186.00 ns, 1.7517 ns/op
OverheadActual  13: 262144 op, 448236.00 ns, 1.7099 ns/op
OverheadActual  14: 262144 op, 444979.00 ns, 1.6975 ns/op
OverheadActual  15: 262144 op, 462362.00 ns, 1.7638 ns/op

WorkloadWarmup   1: 262144 op, 1182554950.00 ns, 4.5111 us/op
WorkloadWarmup   2: 262144 op, 897207462.00 ns, 3.4226 us/op
WorkloadWarmup   3: 262144 op, 1536090818.00 ns, 5.8597 us/op

// BeforeActualRun
WorkloadActual   1: 262144 op, 827803527.00 ns, 3.1578 us/op
WorkloadActual   2: 262144 op, 970907991.00 ns, 3.7037 us/op
WorkloadActual   3: 262144 op, 891538367.00 ns, 3.4009 us/op

// AfterActualRun
WorkloadResult   1: 262144 op, 827355291.00 ns, 3.1561 us/op
WorkloadResult   2: 262144 op, 970459755.00 ns, 3.7020 us/op
WorkloadResult   3: 262144 op, 891090131.00 ns, 3.3992 us/op
// GC:  11 10 0 188743680 262144
// Threading:  0 0 262144

// AfterAll
// Benchmark Process 3505 has exited with code 0.

Mean = 3.419 μs, StdErr = 0.158 μs (4.62%), N = 3, StdDev = 0.273 μs
Min = 3.156 μs, Q1 = 3.278 μs, Median = 3.399 μs, Q3 = 3.551 μs, Max = 3.702 μs
IQR = 0.273 μs, LowerFence = 2.868 μs, UpperFence = 3.960 μs
ConfidenceInterval = [-1.570 μs; 8.409 μs] (CI 99.9%), Margin = 4.990 μs (145.93% of Mean)
Skewness = 0.07, Kurtosis = 0.67, MValue = 2

// ** Remained 2 (11.1 %) benchmark(s) to run. Estimated finish 2026-10-10 21:59 (0h 1m from now) **
// **************************
// Benchmark: MemoryCacheProviderBenchmarks.SetAsync: Job-NUBXJZ(IterationCount=20, WarmupCount=5)
// *** Execute ***
// Launch: 1 / 1
// Execute: dotnet Encina.Caching.Memory.Benchmarks-Job-NUBXJZ-1.dll --anonymousPipes 152 153 --benchmarkName Encina.Caching.Memory.Benchmarks.Benchmarks.MemoryCacheProviderBenchmarks.SetAsync --job "IterationCount=20, WarmupCount=5" --benchmarkId 16 in /home/runner/work/Encina/Encina/tests/Encina.BenchmarkTests/Encina.Caching.Memory.Benchmarks/bin/Release/net10.0/Encina.Caching.Memory.Benchmarks-Job-NUBXJZ-1/bin/Release/net10.0
// Failed to set up high priority (Permission denied). In order to run benchmarks with high priority, make sure you have the right permissions.
// BeforeAnythingElse

// Benchmark Process Environment Information:
// BenchmarkDotNet v0.15.8
// Runtime=.NET 10.0.12 (10.0.12, 10.0.1226.42308), X64 RyuJIT x86-64-v3
// GC=Concurrent Workstation
// HardwareIntrinsics=AVX2+BMI1+BMI2+F16C+FMA+LZCNT+MOVBE,AVX,SSE3+SSSE3+SSE4.1+SSE4.2+POPCNT,X86Base+SSE+SSE2,AES+PCLMUL VectorSize=256
// Job: Job-NUBXJZ(IterationCount=20, WarmupCount=5)

OverheadJitting  1: 1 op, 191968.00 ns, 191.9680 us/op
WorkloadJitting  1: 1 op, 3323016.00 ns, 3.3230 ms/op

OverheadJitting  2: 16 op, 179184.00 ns, 11.1990 us/op
WorkloadJitting  2: 16 op, 272027.00 ns, 17.0017 us/op

WorkloadPilot    1: 16 op, 167032.00 ns, 10.4395 us/op
WorkloadPilot    2: 32 op, 104335.00 ns, 3.2605 us/op
WorkloadPilot    3: 64 op, 171419.00 ns, 2.6784 us/op
WorkloadPilot    4: 128 op, 303146.00 ns, 2.3683 us/op
WorkloadPilot    5: 256 op, 480024.00 ns, 1.8751 us/op
WorkloadPilot    6: 512 op, 1164591.00 ns, 2.2746 us/op
WorkloadPilot    7: 1024 op, 2103653.00 ns, 2.0543 us/op
WorkloadPilot    8: 2048 op, 4706816.00 ns, 2.2983 us/op
WorkloadPilot    9: 4096 op, 9244136.00 ns, 2.2569 us/op
WorkloadPilot   10: 8192 op, 14171344.00 ns, 1.7299 us/op
WorkloadPilot   11: 16384 op, 34996494.00 ns, 2.1360 us/op
WorkloadPilot   12: 32768 op, 84365287.00 ns, 2.5746 us/op
WorkloadPilot   13: 65536 op, 217955950.00 ns, 3.3257 us/op
WorkloadPilot   14: 131072 op, 368701117.00 ns, 2.8130 us/op
WorkloadPilot   15: 262144 op, 979546934.00 ns, 3.7367 us/op

OverheadWarmup   1: 262144 op, 443006.00 ns, 1.6899 ns/op
OverheadWarmup   2: 262144 op, 441463.00 ns, 1.6840 ns/op
OverheadWarmup   3: 262144 op, 442815.00 ns, 1.6892 ns/op
OverheadWarmup   4: 262144 op, 442035.00 ns, 1.6862 ns/op
OverheadWarmup   5: 262144 op, 428479.00 ns, 1.6345 ns/op
OverheadWarmup   6: 262144 op, 458284.00 ns, 1.7482 ns/op
OverheadWarmup   7: 262144 op, 425483.00 ns, 1.6231 ns/op

OverheadActual   1: 262144 op, 442746.00 ns, 1.6889 ns/op
OverheadActual   2: 262144 op, 441934.00 ns, 1.6858 ns/op
OverheadActual   3: 262144 op, 428489.00 ns, 1.6346 ns/op
OverheadActual   4: 262144 op, 458695.00 ns, 1.7498 ns/op
OverheadActual   5: 262144 op, 457513.00 ns, 1.7453 ns/op
OverheadActual   6: 262144 op, 458766.00 ns, 1.7501 ns/op
OverheadActual   7: 262144 op, 456681.00 ns, 1.7421 ns/op
OverheadActual   8: 262144 op, 425673.00 ns, 1.6238 ns/op
OverheadActual   9: 262144 op, 426295.00 ns, 1.6262 ns/op
OverheadActual  10: 262144 op, 425503.00 ns, 1.6232 ns/op
OverheadActual  11: 262144 op, 425831.00 ns, 1.6244 ns/op
OverheadActual  12: 262144 op, 426342.00 ns, 1.6264 ns/op
OverheadActual  13: 262144 op, 425571.00 ns, 1.6234 ns/op
OverheadActual  14: 262144 op, 425521.00 ns, 1.6232 ns/op
OverheadActual  15: 262144 op, 425834.00 ns, 1.6244 ns/op

WorkloadWarmup   1: 262144 op, 1149397697.00 ns, 4.3846 us/op
WorkloadWarmup   2: 262144 op, 792856329.00 ns, 3.0245 us/op
WorkloadWarmup   3: 262144 op, 1555785758.00 ns, 5.9349 us/op
WorkloadWarmup   4: 262144 op, 934448407.00 ns, 3.5646 us/op
WorkloadWarmup   5: 262144 op, 941086730.00 ns, 3.5900 us/op

// BeforeActualRun
WorkloadActual   1: 262144 op, 878783388.00 ns, 3.3523 us/op
WorkloadActual   2: 262144 op, 881484560.00 ns, 3.3626 us/op
WorkloadActual   3: 262144 op, 928151949.00 ns, 3.5406 us/op
WorkloadActual   4: 262144 op, 2579231460.00 ns, 9.8390 us/op
WorkloadActual   5: 262144 op, 1067972533.00 ns, 4.0740 us/op
WorkloadActual   6: 262144 op, 1103889142.00 ns, 4.2110 us/op
WorkloadActual   7: 262144 op, 994504747.00 ns, 3.7937 us/op
WorkloadActual   8: 262144 op, 961484983.00 ns, 3.6678 us/op
WorkloadActual   9: 262144 op, 969504037.00 ns, 3.6984 us/op
WorkloadActual  10: 262144 op, 981942519.00 ns, 3.7458 us/op
WorkloadActual  11: 262144 op, 1001287616.00 ns, 3.8196 us/op
WorkloadActual  12: 262144 op, 959441274.00 ns, 3.6600 us/op
WorkloadActual  13: 262144 op, 977644042.00 ns, 3.7294 us/op
WorkloadActual  14: 262144 op, 986923216.00 ns, 3.7648 us/op
WorkloadActual  15: 262144 op, 4114308438.00 ns, 15.6948 us/op
WorkloadActual  16: 262144 op, 943627642.00 ns, 3.5997 us/op
WorkloadActual  17: 262144 op, 983713221.00 ns, 3.7526 us/op
WorkloadActual  18: 262144 op, 1194046539.00 ns, 4.5549 us/op
WorkloadActual  19: 262144 op, 1051354999.00 ns, 4.0106 us/op
WorkloadActual  20: 262144 op, 1112039089.00 ns, 4.2421 us/op

// AfterActualRun
WorkloadResult   1: 262144 op, 878357046.00 ns, 3.3507 us/op
WorkloadResult   2: 262144 op, 881058218.00 ns, 3.3610 us/op
WorkloadResult   3: 262144 op, 927725607.00 ns, 3.5390 us/op
WorkloadResult   4: 262144 op, 1067546191.00 ns, 4.0724 us/op
WorkloadResult   5: 262144 op, 1103462800.00 ns, 4.2094 us/op
WorkloadResult   6: 262144 op, 994078405.00 ns, 3.7921 us/op
WorkloadResult   7: 262144 op, 961058641.00 ns, 3.6661 us/op
WorkloadResult   8: 262144 op, 969077695.00 ns, 3.6967 us/op
WorkloadResult   9: 262144 op, 981516177.00 ns, 3.7442 us/op
WorkloadResult  10: 262144 op, 1000861274.00 ns, 3.8180 us/op
WorkloadResult  11: 262144 op, 959014932.00 ns, 3.6584 us/op
WorkloadResult  12: 262144 op, 977217700.00 ns, 3.7278 us/op
WorkloadResult  13: 262144 op, 986496874.00 ns, 3.7632 us/op
WorkloadResult  14: 262144 op, 943201300.00 ns, 3.5980 us/op
WorkloadResult  15: 262144 op, 983286879.00 ns, 3.7509 us/op
WorkloadResult  16: 262144 op, 1193620197.00 ns, 4.5533 us/op
WorkloadResult  17: 262144 op, 1050928657.00 ns, 4.0090 us/op
WorkloadResult  18: 262144 op, 1111612747.00 ns, 4.2405 us/op
// GC:  11 10 0 186646528 262144
// Threading:  0 0 262144

// AfterAll
// Benchmark Process 3516 has exited with code 0.

Mean = 3.808 μs, StdErr = 0.073 μs (1.90%), N = 18, StdDev = 0.308 μs
Min = 3.351 μs, Q1 = 3.660 μs, Median = 3.748 μs, Q3 = 3.961 μs, Max = 4.553 μs
IQR = 0.301 μs, LowerFence = 3.209 μs, UpperFence = 4.413 μs
ConfidenceInterval = [3.521 μs; 4.096 μs] (CI 99.9%), Margin = 0.288 μs (7.55% of Mean)
Skewness = 0.69, Kurtosis = 2.89, MValue = 2.8

// ** Remained 1 (5.6 %) benchmark(s) to run. Estimated finish 2026-10-10 22:02 (0h 0m from now) **
// **************************
// Benchmark: MemoryCacheProviderBenchmarks.SetAsync: ShortRun(IterationCount=3, LaunchCount=1, WarmupCount=3)
// *** Execute ***
// Launch: 1 / 1
// Execute: dotnet Encina.Caching.Memory.Benchmarks-Job-NUBXJZ-1.dll --anonymousPipes 152 153 --benchmarkName Encina.Caching.Memory.Benchmarks.Benchmarks.MemoryCacheProviderBenchmarks.SetAsync --job ShortRun --benchmarkId 17 in /home/runner/work/Encina/Encina/tests/Encina.BenchmarkTests/Encina.Caching.Memory.Benchmarks/bin/Release/net10.0/Encina.Caching.Memory.Benchmarks-Job-NUBXJZ-1/bin/Release/net10.0
// Failed to set up high priority (Permission denied). In order to run benchmarks with high priority, make sure you have the right permissions.
// BeforeAnythingElse

// Benchmark Process Environment Information:
// BenchmarkDotNet v0.15.8
// Runtime=.NET 10.0.12 (10.0.12, 10.0.1226.42308), X64 RyuJIT x86-64-v3
// GC=Concurrent Workstation
// HardwareIntrinsics=AVX2+BMI1+BMI2+F16C+FMA+LZCNT+MOVBE,AVX,SSE3+SSSE3+SSE4.1+SSE4.2+POPCNT,X86Base+SSE+SSE2,AES+PCLMUL VectorSize=256
// Job: ShortRun(IterationCount=3, LaunchCount=1, WarmupCount=3)

OverheadJitting  1: 1 op, 171810.00 ns, 171.8100 us/op
WorkloadJitting  1: 1 op, 3313607.00 ns, 3.3136 ms/op

OverheadJitting  2: 16 op, 201566.00 ns, 12.5979 us/op
WorkloadJitting  2: 16 op, 250327.00 ns, 15.6454 us/op

WorkloadPilot    1: 16 op, 144971.00 ns, 9.0607 us/op
WorkloadPilot    2: 32 op, 115766.00 ns, 3.6177 us/op
WorkloadPilot    3: 64 op, 170698.00 ns, 2.6672 us/op
WorkloadPilot    4: 128 op, 309026.00 ns, 2.4143 us/op
WorkloadPilot    5: 256 op, 622962.00 ns, 2.4334 us/op
WorkloadPilot    6: 512 op, 1076376.00 ns, 2.1023 us/op
WorkloadPilot    7: 1024 op, 1999607.00 ns, 1.9527 us/op
WorkloadPilot    8: 2048 op, 4837278.00 ns, 2.3620 us/op
WorkloadPilot    9: 4096 op, 9074676.00 ns, 2.2155 us/op
WorkloadPilot   10: 8192 op, 14923029.00 ns, 1.8217 us/op
WorkloadPilot   11: 16384 op, 35350858.00 ns, 2.1576 us/op
WorkloadPilot   12: 32768 op, 83334295.00 ns, 2.5432 us/op
WorkloadPilot   13: 65536 op, 230100778.00 ns, 3.5111 us/op
WorkloadPilot   14: 131072 op, 357438090.00 ns, 2.7270 us/op
WorkloadPilot   15: 262144 op, 991227939.00 ns, 3.7812 us/op

OverheadWarmup   1: 262144 op, 437035.00 ns, 1.6672 ns/op
OverheadWarmup   2: 262144 op, 426355.00 ns, 1.6264 ns/op
OverheadWarmup   3: 262144 op, 437706.00 ns, 1.6697 ns/op
OverheadWarmup   4: 262144 op, 425433.00 ns, 1.6229 ns/op
OverheadWarmup   5: 262144 op, 425523.00 ns, 1.6232 ns/op
OverheadWarmup   6: 262144 op, 437245.00 ns, 1.6680 ns/op
OverheadWarmup   7: 262144 op, 425463.00 ns, 1.6230 ns/op

OverheadActual   1: 262144 op, 425433.00 ns, 1.6229 ns/op
OverheadActual   2: 262144 op, 437445.00 ns, 1.6687 ns/op
OverheadActual   3: 262144 op, 458325.00 ns, 1.7484 ns/op
OverheadActual   4: 262144 op, 456711.00 ns, 1.7422 ns/op
OverheadActual   5: 262144 op, 460959.00 ns, 1.7584 ns/op
OverheadActual   6: 262144 op, 461500.00 ns, 1.7605 ns/op
OverheadActual   7: 262144 op, 461400.00 ns, 1.7601 ns/op
OverheadActual   8: 262144 op, 448987.00 ns, 1.7127 ns/op
OverheadActual   9: 262144 op, 463063.00 ns, 1.7664 ns/op
OverheadActual  10: 262144 op, 457132.00 ns, 1.7438 ns/op
OverheadActual  11: 262144 op, 462462.00 ns, 1.7642 ns/op
OverheadActual  12: 262144 op, 462172.00 ns, 1.7630 ns/op
OverheadActual  13: 262144 op, 447243.00 ns, 1.7061 ns/op
OverheadActual  14: 262144 op, 451322.00 ns, 1.7217 ns/op
OverheadActual  15: 262144 op, 463594.00 ns, 1.7685 ns/op

WorkloadWarmup   1: 262144 op, 1155010377.00 ns, 4.4060 us/op
WorkloadWarmup   2: 262144 op, 881147291.00 ns, 3.3613 us/op
WorkloadWarmup   3: 262144 op, 1586558170.00 ns, 6.0522 us/op

// BeforeActualRun
WorkloadActual   1: 262144 op, 806139931.00 ns, 3.0752 us/op
WorkloadActual   2: 262144 op, 941707742.00 ns, 3.5923 us/op
WorkloadActual   3: 262144 op, 899662118.00 ns, 3.4319 us/op

// AfterActualRun
WorkloadResult   1: 262144 op, 805681606.00 ns, 3.0734 us/op
WorkloadResult   2: 262144 op, 941249417.00 ns, 3.5906 us/op
WorkloadResult   3: 262144 op, 899203793.00 ns, 3.4302 us/op
// GC:  11 10 0 186646528 262144
// Threading:  0 0 262144

// AfterAll
// Benchmark Process 3562 has exited with code 0.

Mean = 3.365 μs, StdErr = 0.153 μs (4.54%), N = 3, StdDev = 0.265 μs
Min = 3.073 μs, Q1 = 3.252 μs, Median = 3.430 μs, Q3 = 3.510 μs, Max = 3.591 μs
IQR = 0.259 μs, LowerFence = 2.864 μs, UpperFence = 3.898 μs
ConfidenceInterval = [-1.465 μs; 8.194 μs] (CI 99.9%), Margin = 4.829 μs (143.53% of Mean)
Skewness = -0.23, Kurtosis = 0.67, MValue = 2

// ** Remained 0 (0.0 %) benchmark(s) to run. Estimated finish 2026-10-10 22:02 (0h 0m from now) **
// ***** BenchmarkRunner: Finish  *****

// * Export *
  artifacts/performance/CachingMemory/results/Encina.Caching.Memory.Benchmarks.Benchmarks.MemoryCacheProviderBenchmarks-report.csv
  artifacts/performance/CachingMemory/results/Encina.Caching.Memory.Benchmarks.Benchmarks.MemoryCacheProviderBenchmarks-report-github.md
  artifacts/performance/CachingMemory/results/Encina.Caching.Memory.Benchmarks.Benchmarks.MemoryCacheProviderBenchmarks-report.html
  artifacts/performance/CachingMemory/results/Encina.Caching.Memory.Benchmarks.Benchmarks.MemoryCacheProviderBenchmarks-report-full-compressed.json

// * Detailed results *
MemoryCacheProviderBenchmarks.ExistsAsync_False: Job-NUBXJZ(IterationCount=20, WarmupCount=5)
Runtime = .NET 10.0.12 (10.0.12, 10.0.1226.42308), X64 RyuJIT x86-64-v3; GC = Concurrent Workstation
Mean = 52.206 ns, StdErr = 0.008 ns (0.02%), N = 17, StdDev = 0.033 ns
Min = 52.168 ns, Q1 = 52.187 ns, Median = 52.197 ns, Q3 = 52.232 ns, Max = 52.287 ns
IQR = 0.045 ns, LowerFence = 52.120 ns, UpperFence = 52.298 ns
ConfidenceInterval = [52.173 ns; 52.238 ns] (CI 99.9%), Margin = 0.033 ns (0.06% of Mean)
Skewness = 0.87, Kurtosis = 2.77, MValue = 2
-------------------- Histogram --------------------
[52.151 ns ; 52.304 ns) | @@@@@@@@@@@@@@@@@
---------------------------------------------------

MemoryCacheProviderBenchmarks.ExistsAsync_True: Job-NUBXJZ(IterationCount=20, WarmupCount=5)
Runtime = .NET 10.0.12 (10.0.12, 10.0.1226.42308), X64 RyuJIT x86-64-v3; GC = Concurrent Workstation
Mean = 60.049 ns, StdErr = 0.010 ns (0.02%), N = 19, StdDev = 0.046 ns
Min = 59.973 ns, Q1 = 60.021 ns, Median = 60.031 ns, Q3 = 60.083 ns, Max = 60.133 ns
IQR = 0.062 ns, LowerFence = 59.927 ns, UpperFence = 60.177 ns
ConfidenceInterval = [60.008 ns; 60.090 ns] (CI 99.9%), Margin = 0.041 ns (0.07% of Mean)
Skewness = 0.39, Kurtosis = 2.06, MValue = 2
-------------------- Histogram --------------------
[59.950 ns ; 60.155 ns) | @@@@@@@@@@@@@@@@@@@
---------------------------------------------------

MemoryCacheProviderBenchmarks.GetAsync_CacheHit: Job-NUBXJZ(IterationCount=20, WarmupCount=5)
Runtime = .NET 10.0.12 (10.0.12, 10.0.1226.42308), X64 RyuJIT x86-64-v3; GC = Concurrent Workstation
Mean = 82.534 ns, StdErr = 0.144 ns (0.17%), N = 20, StdDev = 0.646 ns
Min = 81.504 ns, Q1 = 82.005 ns, Median = 82.397 ns, Q3 = 83.097 ns, Max = 83.717 ns
IQR = 1.092 ns, LowerFence = 80.368 ns, UpperFence = 84.734 ns
ConfidenceInterval = [81.974 ns; 83.095 ns] (CI 99.9%), Margin = 0.561 ns (0.68% of Mean)
Skewness = 0.21, Kurtosis = 1.63, MValue = 2
-------------------- Histogram --------------------
[81.297 ns ; 84.029 ns) | @@@@@@@@@@@@@@@@@@@@
---------------------------------------------------

MemoryCacheProviderBenchmarks.GetAsync_CacheMiss: Job-NUBXJZ(IterationCount=20, WarmupCount=5)
Runtime = .NET 10.0.12 (10.0.12, 10.0.1226.42308), X64 RyuJIT x86-64-v3; GC = Concurrent Workstation
Mean = 53.226 ns, StdErr = 0.070 ns (0.13%), N = 18, StdDev = 0.297 ns
Min = 52.999 ns, Q1 = 53.030 ns, Median = 53.123 ns, Q3 = 53.219 ns, Max = 53.998 ns
IQR = 0.189 ns, LowerFence = 52.748 ns, UpperFence = 53.502 ns
ConfidenceInterval = [52.949 ns; 53.504 ns] (CI 99.9%), Margin = 0.278 ns (0.52% of Mean)
Skewness = 1.43, Kurtosis = 3.69, MValue = 2
-------------------- Histogram --------------------
[52.850 ns ; 54.147 ns) | @@@@@@@@@@@@@@@@@@
---------------------------------------------------

MemoryCacheProviderBenchmarks.GetOrSetAsync_CacheHit: Job-NUBXJZ(IterationCount=20, WarmupCount=5)
Runtime = .NET 10.0.12 (10.0.12, 10.0.1226.42308), X64 RyuJIT x86-64-v3; GC = Concurrent Workstation
Mean = 126.217 ns, StdErr = 0.200 ns (0.16%), N = 18, StdDev = 0.847 ns
Min = 124.932 ns, Q1 = 125.721 ns, Median = 126.060 ns, Q3 = 126.363 ns, Max = 128.285 ns
IQR = 0.642 ns, LowerFence = 124.758 ns, UpperFence = 127.325 ns
ConfidenceInterval = [125.425 ns; 127.009 ns] (CI 99.9%), Margin = 0.792 ns (0.63% of Mean)
Skewness = 0.78, Kurtosis = 2.91, MValue = 2
-------------------- Histogram --------------------
[124.705 ns ; 128.710 ns) | @@@@@@@@@@@@@@@@@@
---------------------------------------------------

MemoryCacheProviderBenchmarks.GetOrSetAsync_CacheMiss: Job-NUBXJZ(IterationCount=20, WarmupCount=5)
Runtime = .NET 10.0.12 (10.0.12, 10.0.1226.42308), X64 RyuJIT x86-64-v3; GC = Concurrent Workstation
Mean = 5.273 μs, StdErr = 0.104 μs (1.97%), N = 18, StdDev = 0.441 μs
Min = 4.540 μs, Q1 = 5.136 μs, Median = 5.226 μs, Q3 = 5.459 μs, Max = 6.196 μs
IQR = 0.323 μs, LowerFence = 4.652 μs, UpperFence = 5.943 μs
ConfidenceInterval = [4.861 μs; 5.685 μs] (CI 99.9%), Margin = 0.412 μs (7.81% of Mean)
Skewness = 0.25, Kurtosis = 2.57, MValue = 2
-------------------- Histogram --------------------
[4.369 μs ; 4.810 μs) | @@@
[4.810 μs ; 5.110 μs) | @
[5.110 μs ; 5.552 μs) | @@@@@@@@@@@
[5.552 μs ; 5.836 μs) | 
[5.836 μs ; 6.278 μs) | @@@
---------------------------------------------------

MemoryCacheProviderBenchmarks.RemoveAsync: Job-NUBXJZ(IterationCount=20, WarmupCount=5)
Runtime = .NET 10.0.12 (10.0.12, 10.0.1226.42308), X64 RyuJIT x86-64-v3; GC = Concurrent Workstation
Mean = 2.891 μs, StdErr = 0.004 μs (0.15%), N = 20, StdDev = 0.019 μs
Min = 2.858 μs, Q1 = 2.877 μs, Median = 2.891 μs, Q3 = 2.906 μs, Max = 2.933 μs
IQR = 0.029 μs, LowerFence = 2.833 μs, UpperFence = 2.951 μs
ConfidenceInterval = [2.874 μs; 2.908 μs] (CI 99.9%), Margin = 0.017 μs (0.58% of Mean)
Skewness = 0.21, Kurtosis = 2.13, MValue = 2
-------------------- Histogram --------------------
[2.849 μs ; 2.942 μs) | @@@@@@@@@@@@@@@@@@@@
---------------------------------------------------

MemoryCacheProviderBenchmarks.SetWithSlidingExpirationAsync: Job-NUBXJZ(IterationCount=20, WarmupCount=5)
Runtime = .NET 10.0.12 (10.0.12, 10.0.1226.42308), X64 RyuJIT x86-64-v3; GC = Concurrent Workstation
Mean = 3.695 μs, StdErr = 0.163 μs (4.40%), N = 18, StdDev = 0.690 μs
Min = 2.921 μs, Q1 = 3.240 μs, Median = 3.373 μs, Q3 = 4.020 μs, Max = 4.926 μs
IQR = 0.780 μs, LowerFence = 2.069 μs, UpperFence = 5.191 μs
ConfidenceInterval = [3.050 μs; 4.341 μs] (CI 99.9%), Margin = 0.645 μs (17.46% of Mean)
Skewness = 0.76, Kurtosis = 1.93, MValue = 2.73
-------------------- Histogram --------------------
[2.858 μs ; 3.550 μs) | @@@@@@@@@@@
[3.550 μs ; 4.211 μs) | @@@
[4.211 μs ; 4.498 μs) | 
[4.498 μs ; 5.272 μs) | @@@@
---------------------------------------------------

MemoryCacheProviderBenchmarks.SetAsync: Job-NUBXJZ(IterationCount=20, WarmupCount=5)
Runtime = .NET 10.0.12 (10.0.12, 10.0.1226.42308), X64 RyuJIT x86-64-v3; GC = Concurrent Workstation
Mean = 3.808 μs, StdErr = 0.073 μs (1.90%), N = 18, StdDev = 0.308 μs
Min = 3.351 μs, Q1 = 3.660 μs, Median = 3.748 μs, Q3 = 3.961 μs, Max = 4.553 μs
IQR = 0.301 μs, LowerFence = 3.209 μs, UpperFence = 4.413 μs
ConfidenceInterval = [3.521 μs; 4.096 μs] (CI 99.9%), Margin = 0.288 μs (7.55% of Mean)
Skewness = 0.69, Kurtosis = 2.89, MValue = 2.8
-------------------- Histogram --------------------
[3.197 μs ; 3.524 μs) | @@
[3.524 μs ; 3.833 μs) | @@@@@@@@@@@
[3.833 μs ; 3.971 μs) | 
[3.971 μs ; 4.279 μs) | @@@@
[4.279 μs ; 4.399 μs) | 
[4.399 μs ; 4.707 μs) | @
---------------------------------------------------

MemoryCacheProviderBenchmarks.ExistsAsync_False: ShortRun(IterationCount=3, LaunchCount=1, WarmupCount=3)
Runtime = .NET 10.0.12 (10.0.12, 10.0.1226.42308), X64 RyuJIT x86-64-v3; GC = Concurrent Workstation
Mean = 52.379 ns, StdErr = 0.097 ns (0.19%), N = 3, StdDev = 0.169 ns
Min = 52.204 ns, Q1 = 52.299 ns, Median = 52.394 ns, Q3 = 52.467 ns, Max = 52.540 ns
IQR = 0.168 ns, LowerFence = 52.046 ns, UpperFence = 52.719 ns
ConfidenceInterval = [49.303 ns; 55.456 ns] (CI 99.9%), Margin = 3.077 ns (5.87% of Mean)
Skewness = -0.09, Kurtosis = 0.67, MValue = 2
-------------------- Histogram --------------------
[52.050 ns ; 52.694 ns) | @@@
---------------------------------------------------

MemoryCacheProviderBenchmarks.ExistsAsync_True: ShortRun(IterationCount=3, LaunchCount=1, WarmupCount=3)
Runtime = .NET 10.0.12 (10.0.12, 10.0.1226.42308), X64 RyuJIT x86-64-v3; GC = Concurrent Workstation
Mean = 59.995 ns, StdErr = 0.013 ns (0.02%), N = 3, StdDev = 0.022 ns
Min = 59.972 ns, Q1 = 59.984 ns, Median = 59.997 ns, Q3 = 60.007 ns, Max = 60.017 ns
IQR = 0.022 ns, LowerFence = 59.951 ns, UpperFence = 60.040 ns
ConfidenceInterval = [59.585 ns; 60.405 ns] (CI 99.9%), Margin = 0.410 ns (0.68% of Mean)
Skewness = -0.06, Kurtosis = 0.67, MValue = 2
-------------------- Histogram --------------------
[59.951 ns ; 60.037 ns) | @@@
---------------------------------------------------

MemoryCacheProviderBenchmarks.GetAsync_CacheHit: ShortRun(IterationCount=3, LaunchCount=1, WarmupCount=3)
Runtime = .NET 10.0.12 (10.0.12, 10.0.1226.42308), X64 RyuJIT x86-64-v3; GC = Concurrent Workstation
Mean = 84.427 ns, StdErr = 0.307 ns (0.36%), N = 3, StdDev = 0.532 ns
Min = 83.813 ns, Q1 = 84.263 ns, Median = 84.713 ns, Q3 = 84.734 ns, Max = 84.755 ns
IQR = 0.471 ns, LowerFence = 83.556 ns, UpperFence = 85.441 ns
ConfidenceInterval = [74.716 ns; 94.139 ns] (CI 99.9%), Margin = 9.711 ns (11.50% of Mean)
Skewness = -0.38, Kurtosis = 0.67, MValue = 2
-------------------- Histogram --------------------
[83.800 ns ; 84.769 ns) | @@@
---------------------------------------------------

MemoryCacheProviderBenchmarks.GetAsync_CacheMiss: ShortRun(IterationCount=3, LaunchCount=1, WarmupCount=3)
Runtime = .NET 10.0.12 (10.0.12, 10.0.1226.42308), X64 RyuJIT x86-64-v3; GC = Concurrent Workstation
Mean = 53.159 ns, StdErr = 0.004 ns (0.01%), N = 3, StdDev = 0.006 ns
Min = 53.152 ns, Q1 = 53.157 ns, Median = 53.162 ns, Q3 = 53.163 ns, Max = 53.164 ns
IQR = 0.006 ns, LowerFence = 53.149 ns, UpperFence = 53.172 ns
ConfidenceInterval = [53.045 ns; 53.274 ns] (CI 99.9%), Margin = 0.115 ns (0.22% of Mean)
Skewness = -0.37, Kurtosis = 0.67, MValue = 2
-------------------- Histogram --------------------
[53.152 ns ; 53.164 ns) | @@@
---------------------------------------------------

MemoryCacheProviderBenchmarks.GetOrSetAsync_CacheHit: ShortRun(IterationCount=3, LaunchCount=1, WarmupCount=3)
Runtime = .NET 10.0.12 (10.0.12, 10.0.1226.42308), X64 RyuJIT x86-64-v3; GC = Concurrent Workstation
Mean = 128.541 ns, StdErr = 2.910 ns (2.26%), N = 3, StdDev = 5.041 ns
Min = 125.291 ns, Q1 = 125.638 ns, Median = 125.984 ns, Q3 = 130.166 ns, Max = 134.348 ns
IQR = 4.528 ns, LowerFence = 118.845 ns, UpperFence = 136.959 ns
ConfidenceInterval = [36.577 ns; 220.505 ns] (CI 99.9%), Margin = 91.964 ns (71.54% of Mean)
Skewness = 0.38, Kurtosis = 0.67, MValue = 2
-------------------- Histogram --------------------
[125.232 ns ; 134.407 ns) | @@@
---------------------------------------------------

MemoryCacheProviderBenchmarks.GetOrSetAsync_CacheMiss: ShortRun(IterationCount=3, LaunchCount=1, WarmupCount=3)
Runtime = .NET 10.0.12 (10.0.12, 10.0.1226.42308), X64 RyuJIT x86-64-v3; GC = Concurrent Workstation
Mean = 4.769 μs, StdErr = 0.071 μs (1.49%), N = 3, StdDev = 0.123 μs
Min = 4.639 μs, Q1 = 4.712 μs, Median = 4.784 μs, Q3 = 4.834 μs, Max = 4.883 μs
IQR = 0.122 μs, LowerFence = 4.529 μs, UpperFence = 5.017 μs
ConfidenceInterval = [2.530 μs; 7.008 μs] (CI 99.9%), Margin = 2.239 μs (46.95% of Mean)
Skewness = -0.12, Kurtosis = 0.67, MValue = 2
-------------------- Histogram --------------------
[4.528 μs ; 4.722 μs) | @
[4.722 μs ; 4.946 μs) | @@
---------------------------------------------------

MemoryCacheProviderBenchmarks.RemoveAsync: ShortRun(IterationCount=3, LaunchCount=1, WarmupCount=3)
Runtime = .NET 10.0.12 (10.0.12, 10.0.1226.42308), X64 RyuJIT x86-64-v3; GC = Concurrent Workstation
Mean = 2.886 μs, StdErr = 0.011 μs (0.38%), N = 3, StdDev = 0.019 μs
Min = 2.865 μs, Q1 = 2.880 μs, Median = 2.895 μs, Q3 = 2.897 μs, Max = 2.900 μs
IQR = 0.018 μs, LowerFence = 2.853 μs, UpperFence = 2.924 μs
ConfidenceInterval = [2.541 μs; 3.232 μs] (CI 99.9%), Margin = 0.345 μs (11.97% of Mean)
Skewness = -0.35, Kurtosis = 0.67, MValue = 2
-------------------- Histogram --------------------
[2.848 μs ; 2.917 μs) | @@@
---------------------------------------------------

MemoryCacheProviderBenchmarks.SetWithSlidingExpirationAsync: ShortRun(IterationCount=3, LaunchCount=1, WarmupCount=3)
Runtime = .NET 10.0.12 (10.0.12, 10.0.1226.42308), X64 RyuJIT x86-64-v3; GC = Concurrent Workstation
Mean = 3.419 μs, StdErr = 0.158 μs (4.62%), N = 3, StdDev = 0.273 μs
Min = 3.156 μs, Q1 = 3.278 μs, Median = 3.399 μs, Q3 = 3.551 μs, Max = 3.702 μs
IQR = 0.273 μs, LowerFence = 2.868 μs, UpperFence = 3.960 μs
ConfidenceInterval = [-1.570 μs; 8.409 μs] (CI 99.9%), Margin = 4.990 μs (145.93% of Mean)
Skewness = 0.07, Kurtosis = 0.67, MValue = 2
-------------------- Histogram --------------------
[3.029 μs ; 3.527 μs) | @@
[3.527 μs ; 3.951 μs) | @
---------------------------------------------------

MemoryCacheProviderBenchmarks.SetAsync: ShortRun(IterationCount=3, LaunchCount=1, WarmupCount=3)
Runtime = .NET 10.0.12 (10.0.12, 10.0.1226.42308), X64 RyuJIT x86-64-v3; GC = Concurrent Workstation
Mean = 3.365 μs, StdErr = 0.153 μs (4.54%), N = 3, StdDev = 0.265 μs
Min = 3.073 μs, Q1 = 3.252 μs, Median = 3.430 μs, Q3 = 3.510 μs, Max = 3.591 μs
IQR = 0.259 μs, LowerFence = 2.864 μs, UpperFence = 3.898 μs
ConfidenceInterval = [-1.465 μs; 8.194 μs] (CI 99.9%), Margin = 4.829 μs (143.53% of Mean)
Skewness = -0.23, Kurtosis = 0.67, MValue = 2
-------------------- Histogram --------------------
[2.833 μs ; 3.269 μs) | @
[3.269 μs ; 3.831 μs) | @@
---------------------------------------------------

// * Summary *

BenchmarkDotNet v0.15.8, Linux Ubuntu 24.04.5 LTS (Noble Numbat)
AMD EPYC 7763 2.45GHz, 1 CPU, 4 logical and 2 physical cores
.NET SDK 10.0.401
  [Host]     : .NET 10.0.12 (10.0.12, 10.0.1226.42308), X64 RyuJIT x86-64-v3
  Job-NUBXJZ : .NET 10.0.12 (10.0.12, 10.0.1226.42308), X64 RyuJIT x86-64-v3
  ShortRun   : .NET 10.0.12 (10.0.12, 10.0.1226.42308), X64 RyuJIT x86-64-v3


| Method                        | Job        | IterationCount | LaunchCount | WarmupCount | Mean        | Error        | StdDev     | Ratio | RatioSD | Gen0   | Gen1   | Allocated | Alloc Ratio |
|------------------------------ |----------- |--------------- |------------ |------------ |------------:|-------------:|-----------:|------:|--------:|-------:|-------:|----------:|------------:|
| ExistsAsync_False             | Job-NUBXJZ | 20             | Default     | 5           |    52.21 ns |     0.033 ns |   0.033 ns |  0.63 |    0.00 |      - |      - |         - |        0.00 |
| ExistsAsync_True              | Job-NUBXJZ | 20             | Default     | 5           |    60.05 ns |     0.041 ns |   0.046 ns |  0.73 |    0.01 |      - |      - |         - |        0.00 |
| GetAsync_CacheHit             | Job-NUBXJZ | 20             | Default     | 5           |    82.53 ns |     0.561 ns |   0.646 ns |  1.00 |    0.01 | 0.0086 |      - |     144 B |        1.00 |
| GetAsync_CacheMiss            | Job-NUBXJZ | 20             | Default     | 5           |    53.23 ns |     0.278 ns |   0.297 ns |  0.64 |    0.01 |      - |      - |         - |        0.00 |
| GetOrSetAsync_CacheHit        | Job-NUBXJZ | 20             | Default     | 5           |   126.22 ns |     0.792 ns |   0.847 ns |  1.53 |    0.02 | 0.0167 |      - |     280 B |        1.94 |
| GetOrSetAsync_CacheMiss       | Job-NUBXJZ | 20             | Default     | 5           | 5,272.76 ns |   411.965 ns | 440.798 ns | 63.89 |    5.22 | 0.0610 | 0.0572 |    1080 B |        7.50 |
| RemoveAsync                   | Job-NUBXJZ | 20             | Default     | 5           | 2,891.04 ns |    16.774 ns |  19.317 ns | 35.03 |    0.35 | 0.0458 |      - |     784 B |        5.44 |
| SetWithSlidingExpirationAsync | Job-NUBXJZ | 20             | Default     | 5           | 3,695.36 ns |   645.309 ns | 690.474 ns | 44.78 |    8.15 | 0.0381 | 0.0305 |     720 B |        5.00 |
| SetAsync                      | Job-NUBXJZ | 20             | Default     | 5           | 3,808.37 ns |   287.644 ns | 307.776 ns | 46.15 |    3.65 | 0.0420 | 0.0381 |     712 B |        4.94 |
|                               |            |                |             |             |             |              |            |       |         |        |        |           |             |
| ExistsAsync_False             | ShortRun   | 3              | 1           | 3           |    52.38 ns |     3.077 ns |   0.169 ns |  0.62 |    0.00 |      - |      - |         - |        0.00 |
| ExistsAsync_True              | ShortRun   | 3              | 1           | 3           |    60.00 ns |     0.410 ns |   0.022 ns |  0.71 |    0.00 |      - |      - |         - |        0.00 |
| GetAsync_CacheHit             | ShortRun   | 3              | 1           | 3           |    84.43 ns |     9.711 ns |   0.532 ns |  1.00 |    0.01 | 0.0086 |      - |     144 B |        1.00 |
| GetAsync_CacheMiss            | ShortRun   | 3              | 1           | 3           |    53.16 ns |     0.115 ns |   0.006 ns |  0.63 |    0.00 |      - |      - |         - |        0.00 |
| GetOrSetAsync_CacheHit        | ShortRun   | 3              | 1           | 3           |   128.54 ns |    91.964 ns |   5.041 ns |  1.52 |    0.05 | 0.0167 |      - |     280 B |        1.94 |
| GetOrSetAsync_CacheMiss       | ShortRun   | 3              | 1           | 3           | 4,768.97 ns | 2,239.124 ns | 122.734 ns | 56.49 |    1.30 | 0.0610 | 0.0572 |    1080 B |        7.50 |
| RemoveAsync                   | ShortRun   | 3              | 1           | 3           | 2,886.38 ns |   345.380 ns |  18.931 ns | 34.19 |    0.27 | 0.0458 |      - |     784 B |        5.44 |
| SetWithSlidingExpirationAsync | ShortRun   | 3              | 1           | 3           | 3,419.12 ns | 4,989.523 ns | 273.493 ns | 40.50 |    2.81 | 0.0420 | 0.0381 |     720 B |        5.00 |
| SetAsync                      | ShortRun   | 3              | 1           | 3           | 3,364.73 ns | 4,829.400 ns | 264.716 ns | 39.85 |    2.72 | 0.0420 | 0.0381 |     712 B |        4.94 |

// * Hints *
Outliers
  MemoryCacheProviderBenchmarks.ExistsAsync_False: IterationCount=20, WarmupCount=5             -> 3 outliers were removed (54.49 ns..56.48 ns)
  MemoryCacheProviderBenchmarks.ExistsAsync_True: IterationCount=20, WarmupCount=5              -> 1 outlier  was  removed (62.07 ns)
  MemoryCacheProviderBenchmarks.GetAsync_CacheMiss: IterationCount=20, WarmupCount=5            -> 2 outliers were removed (57.47 ns, 57.50 ns)
  MemoryCacheProviderBenchmarks.GetOrSetAsync_CacheHit: IterationCount=20, WarmupCount=5        -> 2 outliers were removed (133.12 ns, 135.25 ns)
  MemoryCacheProviderBenchmarks.GetOrSetAsync_CacheMiss: IterationCount=20, WarmupCount=5       -> 2 outliers were removed (11.14 μs, 17.68 μs)
  MemoryCacheProviderBenchmarks.SetWithSlidingExpirationAsync: IterationCount=20, WarmupCount=5 -> 2 outliers were removed (8.99 μs, 16.21 μs)
  MemoryCacheProviderBenchmarks.SetAsync: IterationCount=20, WarmupCount=5                      -> 2 outliers were removed (9.84 μs, 15.69 μs)
// * Config Issues *

// * Warnings *
Configuration
  Summary -> The exporter CsvExporter is already present in configuration. There may be unexpected results.
  Summary -> The exporter HtmlExporter is already present in configuration. There may be unexpected results.
  Summary -> The exporter MarkdownExporter-github is already present in configuration. There may be unexpected results.

// * Legends *
  Mean        : Arithmetic mean of all measurements
  Error       : Half of 99.9% confidence interval
  StdDev      : Standard deviation of all measurements
  Ratio       : Mean of the ratio distribution ([Current]/[Baseline])
  RatioSD     : Standard deviation of the ratio distribution ([Current]/[Baseline])
  Gen0        : GC Generation 0 collects per 1000 operations
  Gen1        : GC Generation 1 collects per 1000 operations
  Allocated   : Allocated memory per single operation (managed only, inclusive, 1KB = 1024B)
  Alloc Ratio : Allocated memory ratio distribution ([Current]/[Baseline])
  1 ns        : 1 Nanosecond (0.000000001 sec)

// * Diagnostic Output - MemoryDiagnoser *


// ***** BenchmarkRunner: End *****
Run time: 00:15:13 (913.77 sec), executed benchmarks: 18

Global total time: 00:16:10 (970.64 sec), executed benchmarks: 18
// * Artifacts cleanup *
Artifacts cleanup is finished
