// Validating benchmarks:
// ***** BenchmarkRunner: Start   *****
// ***** Found 18 benchmark(s) in total *****
// ***** Building 1 exe(s) in Parallel: Start   *****
// start dotnet  restore --nodeReuse:false /p:UseSharedCompilation=false /p:Deterministic=true /p:Optimize=true /p:ArtifactsPath="/home/runner/work/Encina/Encina/tests/Encina.BenchmarkTests/Encina.Caching.Memory.Benchmarks/bin/Release/net10.0/Encina.Caching.Memory.Benchmarks-Job-NUBXJZ-1/" /p:OutDir="/home/runner/work/Encina/Encina/tests/Encina.BenchmarkTests/Encina.Caching.Memory.Benchmarks/bin/Release/net10.0/Encina.Caching.Memory.Benchmarks-Job-NUBXJZ-1/bin/Release/net10.0/" /p:OutputPath="/home/runner/work/Encina/Encina/tests/Encina.BenchmarkTests/Encina.Caching.Memory.Benchmarks/bin/Release/net10.0/Encina.Caching.Memory.Benchmarks-Job-NUBXJZ-1/bin/Release/net10.0/" /p:PublishDir="/home/runner/work/Encina/Encina/tests/Encina.BenchmarkTests/Encina.Caching.Memory.Benchmarks/bin/Release/net10.0/Encina.Caching.Memory.Benchmarks-Job-NUBXJZ-1/publish/" in /home/runner/work/Encina/Encina/tests/Encina.BenchmarkTests/Encina.Caching.Memory.Benchmarks/bin/Release/net10.0/Encina.Caching.Memory.Benchmarks-Job-NUBXJZ-1
// command took 2.92 sec and exited with 0
// start dotnet  build -c Release --no-restore --nodeReuse:false /p:UseSharedCompilation=false /p:Deterministic=true /p:Optimize=true /p:ArtifactsPath="/home/runner/work/Encina/Encina/tests/Encina.BenchmarkTests/Encina.Caching.Memory.Benchmarks/bin/Release/net10.0/Encina.Caching.Memory.Benchmarks-Job-NUBXJZ-1/" /p:OutDir="/home/runner/work/Encina/Encina/tests/Encina.BenchmarkTests/Encina.Caching.Memory.Benchmarks/bin/Release/net10.0/Encina.Caching.Memory.Benchmarks-Job-NUBXJZ-1/bin/Release/net10.0/" /p:OutputPath="/home/runner/work/Encina/Encina/tests/Encina.BenchmarkTests/Encina.Caching.Memory.Benchmarks/bin/Release/net10.0/Encina.Caching.Memory.Benchmarks-Job-NUBXJZ-1/bin/Release/net10.0/" /p:PublishDir="/home/runner/work/Encina/Encina/tests/Encina.BenchmarkTests/Encina.Caching.Memory.Benchmarks/bin/Release/net10.0/Encina.Caching.Memory.Benchmarks-Job-NUBXJZ-1/publish/" --output "/home/runner/work/Encina/Encina/tests/Encina.BenchmarkTests/Encina.Caching.Memory.Benchmarks/bin/Release/net10.0/Encina.Caching.Memory.Benchmarks-Job-NUBXJZ-1/bin/Release/net10.0/" in /home/runner/work/Encina/Encina/tests/Encina.BenchmarkTests/Encina.Caching.Memory.Benchmarks/bin/Release/net10.0/Encina.Caching.Memory.Benchmarks-Job-NUBXJZ-1
// command took 52.44 sec and exited with 0
// ***** Done, took 00:00:55 (55.56 sec)   *****
// Found 18 benchmarks:
//   MemoryCacheProviderBenchmarks.ExistsAsync_False: Job-NUBXJZ(IterationCount=20, WarmupCount=5)
//   MemoryCacheProviderBenchmarks.ExistsAsync_False: ShortRun(IterationCount=3, LaunchCount=1, WarmupCount=3)
//   MemoryCacheProviderBenchmarks.ExistsAsync_True: Job-NUBXJZ(IterationCount=20, WarmupCount=5)
//   MemoryCacheProviderBenchmarks.ExistsAsync_True: ShortRun(IterationCount=3, LaunchCount=1, WarmupCount=3)
//   MemoryCacheProviderBenchmarks.GetAsync_CacheHit: Job-NUBXJZ(IterationCount=20, WarmupCount=5)
//   MemoryCacheProviderBenchmarks.GetAsync_CacheHit: ShortRun(IterationCount=3, LaunchCount=1, WarmupCount=3)
//   MemoryCacheProviderBenchmarks.GetAsync_CacheMiss: Job-NUBXJZ(IterationCount=20, WarmupCount=5)
//   MemoryCacheProviderBenchmarks.GetAsync_CacheMiss: ShortRun(IterationCount=3, LaunchCount=1, WarmupCount=3)
//   MemoryCacheProviderBenchmarks.GetOrSetAsync_CacheHit: Job-NUBXJZ(IterationCount=20, WarmupCount=5)
//   MemoryCacheProviderBenchmarks.GetOrSetAsync_CacheHit: ShortRun(IterationCount=3, LaunchCount=1, WarmupCount=3)
//   MemoryCacheProviderBenchmarks.GetOrSetAsync_CacheMiss: Job-NUBXJZ(IterationCount=20, WarmupCount=5)
//   MemoryCacheProviderBenchmarks.GetOrSetAsync_CacheMiss: ShortRun(IterationCount=3, LaunchCount=1, WarmupCount=3)
//   MemoryCacheProviderBenchmarks.RemoveAsync: Job-NUBXJZ(IterationCount=20, WarmupCount=5)
//   MemoryCacheProviderBenchmarks.RemoveAsync: ShortRun(IterationCount=3, LaunchCount=1, WarmupCount=3)
//   MemoryCacheProviderBenchmarks.SetWithSlidingExpirationAsync: Job-NUBXJZ(IterationCount=20, WarmupCount=5)
//   MemoryCacheProviderBenchmarks.SetWithSlidingExpirationAsync: ShortRun(IterationCount=3, LaunchCount=1, WarmupCount=3)
//   MemoryCacheProviderBenchmarks.SetAsync: Job-NUBXJZ(IterationCount=20, WarmupCount=5)
//   MemoryCacheProviderBenchmarks.SetAsync: ShortRun(IterationCount=3, LaunchCount=1, WarmupCount=3)

// **************************
// Benchmark: MemoryCacheProviderBenchmarks.ExistsAsync_False: Job-NUBXJZ(IterationCount=20, WarmupCount=5)
// *** Execute ***
// Launch: 1 / 1
// Execute: dotnet Encina.Caching.Memory.Benchmarks-Job-NUBXJZ-1.dll --anonymousPipes 152 153 --benchmarkName Encina.Caching.Memory.Benchmarks.Benchmarks.MemoryCacheProviderBenchmarks.ExistsAsync_False --job "IterationCount=20, WarmupCount=5" --benchmarkId 0 in /home/runner/work/Encina/Encina/tests/Encina.BenchmarkTests/Encina.Caching.Memory.Benchmarks/bin/Release/net10.0/Encina.Caching.Memory.Benchmarks-Job-NUBXJZ-1/bin/Release/net10.0
// Failed to set up high priority (Permission denied). In order to run benchmarks with high priority, make sure you have the right permissions.
// BeforeAnythingElse

// Benchmark Process Environment Information:
// BenchmarkDotNet v0.15.8
// Runtime=.NET 10.0.12 (10.0.12, 10.0.1226.42308), X64 RyuJIT x86-64-v3
// GC=Concurrent Workstation
// HardwareIntrinsics=AVX2+BMI1+BMI2+F16C+FMA+LZCNT+MOVBE,AVX,SSE3+SSSE3+SSE4.1+SSE4.2+POPCNT,X86Base+SSE+SSE2,AES+PCLMUL VectorSize=256
// Job: Job-NUBXJZ(IterationCount=20, WarmupCount=5)

OverheadJitting  1: 1 op, 232932.00 ns, 232.9320 us/op
WorkloadJitting  1: 1 op, 3708973.00 ns, 3.7090 ms/op

OverheadJitting  2: 16 op, 363239.00 ns, 22.7024 us/op
WorkloadJitting  2: 16 op, 384351.00 ns, 24.0219 us/op

WorkloadPilot    1: 16 op, 5448.00 ns, 340.5000 ns/op
WorkloadPilot    2: 32 op, 3666.00 ns, 114.5625 ns/op
WorkloadPilot    3: 64 op, 5147.00 ns, 80.4219 ns/op
WorkloadPilot    4: 128 op, 8973.00 ns, 70.1016 ns/op
WorkloadPilot    5: 256 op, 16375.00 ns, 63.9648 ns/op
WorkloadPilot    6: 512 op, 31398.00 ns, 61.3242 ns/op
WorkloadPilot    7: 1024 op, 61483.00 ns, 60.0420 ns/op
WorkloadPilot    8: 2048 op, 122775.00 ns, 59.9487 ns/op
WorkloadPilot    9: 4096 op, 239762.00 ns, 58.5356 ns/op
WorkloadPilot   10: 8192 op, 481968.00 ns, 58.8340 ns/op
WorkloadPilot   11: 16384 op, 976506.00 ns, 59.6012 ns/op
WorkloadPilot   12: 32768 op, 1979210.00 ns, 60.4007 ns/op
WorkloadPilot   13: 65536 op, 3909206.00 ns, 59.6497 ns/op
WorkloadPilot   14: 131072 op, 7932625.00 ns, 60.5211 ns/op
WorkloadPilot   15: 262144 op, 15597275.00 ns, 59.4989 ns/op
WorkloadPilot   16: 524288 op, 30933685.00 ns, 59.0013 ns/op
WorkloadPilot   17: 1048576 op, 61935823.00 ns, 59.0666 ns/op
WorkloadPilot   18: 2097152 op, 124334385.00 ns, 59.2873 ns/op
WorkloadPilot   19: 4194304 op, 248290589.00 ns, 59.1971 ns/op
WorkloadPilot   20: 8388608 op, 497137479.00 ns, 59.2634 ns/op
WorkloadPilot   21: 16777216 op, 993652609.00 ns, 59.2263 ns/op

OverheadWarmup   1: 16777216 op, 31118924.00 ns, 1.8548 ns/op
OverheadWarmup   2: 16777216 op, 31004973.00 ns, 1.8480 ns/op
OverheadWarmup   3: 16777216 op, 31024993.00 ns, 1.8492 ns/op
OverheadWarmup   4: 16777216 op, 31007336.00 ns, 1.8482 ns/op
OverheadWarmup   5: 16777216 op, 30973705.00 ns, 1.8462 ns/op
OverheadWarmup   6: 16777216 op, 31055409.00 ns, 1.8510 ns/op
OverheadWarmup   7: 16777216 op, 31026174.00 ns, 1.8493 ns/op

OverheadActual   1: 16777216 op, 30955538.00 ns, 1.8451 ns/op
OverheadActual   2: 16777216 op, 30993886.00 ns, 1.8474 ns/op
OverheadActual   3: 16777216 op, 31054607.00 ns, 1.8510 ns/op
OverheadActual   4: 16777216 op, 31069169.00 ns, 1.8519 ns/op
OverheadActual   5: 16777216 op, 30987045.00 ns, 1.8470 ns/op
OverheadActual   6: 16777216 op, 31012784.00 ns, 1.8485 ns/op
OverheadActual   7: 16777216 op, 30981998.00 ns, 1.8467 ns/op
OverheadActual   8: 16777216 op, 31203813.00 ns, 1.8599 ns/op
OverheadActual   9: 16777216 op, 30987056.00 ns, 1.8470 ns/op
OverheadActual  10: 16777216 op, 30998333.00 ns, 1.8476 ns/op
OverheadActual  11: 16777216 op, 30980616.00 ns, 1.8466 ns/op
OverheadActual  12: 16777216 op, 31054988.00 ns, 1.8510 ns/op
OverheadActual  13: 16777216 op, 31099826.00 ns, 1.8537 ns/op
OverheadActual  14: 16777216 op, 31010310.00 ns, 1.8484 ns/op
OverheadActual  15: 16777216 op, 30994757.00 ns, 1.8474 ns/op

WorkloadWarmup   1: 16777216 op, 1001365621.00 ns, 59.6860 ns/op
WorkloadWarmup   2: 16777216 op, 992758878.00 ns, 59.1730 ns/op
WorkloadWarmup   3: 16777216 op, 992685410.00 ns, 59.1687 ns/op
WorkloadWarmup   4: 16777216 op, 992968008.00 ns, 59.1855 ns/op
WorkloadWarmup   5: 16777216 op, 990789707.00 ns, 59.0557 ns/op

// BeforeActualRun
WorkloadActual   1: 16777216 op, 991022349.00 ns, 59.0695 ns/op
WorkloadActual   2: 16777216 op, 991203613.00 ns, 59.0803 ns/op
WorkloadActual   3: 16777216 op, 990901846.00 ns, 59.0624 ns/op
WorkloadActual   4: 16777216 op, 991021467.00 ns, 59.0695 ns/op
WorkloadActual   5: 16777216 op, 992425529.00 ns, 59.1532 ns/op
WorkloadActual   6: 16777216 op, 991253895.00 ns, 59.0833 ns/op
WorkloadActual   7: 16777216 op, 990349637.00 ns, 59.0294 ns/op
WorkloadActual   8: 16777216 op, 990969653.00 ns, 59.0664 ns/op
WorkloadActual   9: 16777216 op, 992706007.00 ns, 59.1699 ns/op
WorkloadActual  10: 16777216 op, 997532337.00 ns, 59.4576 ns/op
WorkloadActual  11: 16777216 op, 993983686.00 ns, 59.2460 ns/op
WorkloadActual  12: 16777216 op, 992336758.00 ns, 59.1479 ns/op
WorkloadActual  13: 16777216 op, 990817694.00 ns, 59.0573 ns/op
WorkloadActual  14: 16777216 op, 991716096.00 ns, 59.1109 ns/op
WorkloadActual  15: 16777216 op, 992348636.00 ns, 59.1486 ns/op
WorkloadActual  16: 16777216 op, 992070195.00 ns, 59.1320 ns/op
WorkloadActual  17: 16777216 op, 991612333.00 ns, 59.1047 ns/op
WorkloadActual  18: 16777216 op, 992888471.00 ns, 59.1808 ns/op
WorkloadActual  19: 16777216 op, 991898276.00 ns, 59.1217 ns/op
WorkloadActual  20: 16777216 op, 990999157.00 ns, 59.0682 ns/op

// AfterActualRun
WorkloadResult   1: 16777216 op, 960024016.00 ns, 57.2219 ns/op
WorkloadResult   2: 16777216 op, 960205280.00 ns, 57.2327 ns/op
WorkloadResult   3: 16777216 op, 959903513.00 ns, 57.2147 ns/op
WorkloadResult   4: 16777216 op, 960023134.00 ns, 57.2218 ns/op
WorkloadResult   5: 16777216 op, 961427196.00 ns, 57.3055 ns/op
WorkloadResult   6: 16777216 op, 960255562.00 ns, 57.2357 ns/op
WorkloadResult   7: 16777216 op, 959351304.00 ns, 57.1818 ns/op
WorkloadResult   8: 16777216 op, 959971320.00 ns, 57.2187 ns/op
WorkloadResult   9: 16777216 op, 961707674.00 ns, 57.3222 ns/op
WorkloadResult  10: 16777216 op, 962985353.00 ns, 57.3984 ns/op
WorkloadResult  11: 16777216 op, 961338425.00 ns, 57.3002 ns/op
WorkloadResult  12: 16777216 op, 959819361.00 ns, 57.2097 ns/op
WorkloadResult  13: 16777216 op, 960717763.00 ns, 57.2632 ns/op
WorkloadResult  14: 16777216 op, 961350303.00 ns, 57.3009 ns/op
WorkloadResult  15: 16777216 op, 961071862.00 ns, 57.2843 ns/op
WorkloadResult  16: 16777216 op, 960614000.00 ns, 57.2571 ns/op
WorkloadResult  17: 16777216 op, 961890138.00 ns, 57.3331 ns/op
WorkloadResult  18: 16777216 op, 960899943.00 ns, 57.2741 ns/op
WorkloadResult  19: 16777216 op, 960000824.00 ns, 57.2205 ns/op
// GC:  0 0 0 0 16777216
// Threading:  0 0 16777216

// AfterAll
// Benchmark Process 3117 has exited with code 0.

Mean = 57.263 ns, StdErr = 0.012 ns (0.02%), N = 19, StdDev = 0.054 ns
Min = 57.182 ns, Q1 = 57.221 ns, Median = 57.257 ns, Q3 = 57.301 ns, Max = 57.398 ns
IQR = 0.079 ns, LowerFence = 57.102 ns, UpperFence = 57.420 ns
ConfidenceInterval = [57.214 ns; 57.312 ns] (CI 99.9%), Margin = 0.049 ns (0.08% of Mean)
Skewness = 0.69, Kurtosis = 2.78, MValue = 2

// ** Remained 17 (94.4 %) benchmark(s) to run. Estimated finish 2026-09-27 17:07 (0h 8m from now) **
// **************************
// Benchmark: MemoryCacheProviderBenchmarks.ExistsAsync_False: ShortRun(IterationCount=3, LaunchCount=1, WarmupCount=3)
// *** Execute ***
// Launch: 1 / 1
// Execute: dotnet Encina.Caching.Memory.Benchmarks-Job-NUBXJZ-1.dll --anonymousPipes 152 153 --benchmarkName Encina.Caching.Memory.Benchmarks.Benchmarks.MemoryCacheProviderBenchmarks.ExistsAsync_False --job ShortRun --benchmarkId 1 in /home/runner/work/Encina/Encina/tests/Encina.BenchmarkTests/Encina.Caching.Memory.Benchmarks/bin/Release/net10.0/Encina.Caching.Memory.Benchmarks-Job-NUBXJZ-1/bin/Release/net10.0
// Failed to set up high priority (Permission denied). In order to run benchmarks with high priority, make sure you have the right permissions.
// BeforeAnythingElse

// Benchmark Process Environment Information:
// BenchmarkDotNet v0.15.8
// Runtime=.NET 10.0.12 (10.0.12, 10.0.1226.42308), X64 RyuJIT x86-64-v3
// GC=Concurrent Workstation
// HardwareIntrinsics=AVX2+BMI1+BMI2+F16C+FMA+LZCNT+MOVBE,AVX,SSE3+SSSE3+SSE4.1+SSE4.2+POPCNT,X86Base+SSE+SSE2,AES+PCLMUL VectorSize=256
// Job: ShortRun(IterationCount=3, LaunchCount=1, WarmupCount=3)

OverheadJitting  1: 1 op, 227303.00 ns, 227.3030 us/op
WorkloadJitting  1: 1 op, 3674972.00 ns, 3.6750 ms/op

OverheadJitting  2: 16 op, 365011.00 ns, 22.8132 us/op
WorkloadJitting  2: 16 op, 383579.00 ns, 23.9737 us/op

WorkloadPilot    1: 16 op, 4386.00 ns, 274.1250 ns/op
WorkloadPilot    2: 32 op, 4367.00 ns, 136.4688 ns/op
WorkloadPilot    3: 64 op, 5118.00 ns, 79.9688 ns/op
WorkloadPilot    4: 128 op, 8703.00 ns, 67.9922 ns/op
WorkloadPilot    5: 256 op, 16085.00 ns, 62.8320 ns/op
WorkloadPilot    6: 512 op, 31017.00 ns, 60.5801 ns/op
WorkloadPilot    7: 1024 op, 60161.00 ns, 58.7510 ns/op
WorkloadPilot    8: 2048 op, 118749.00 ns, 57.9829 ns/op
WorkloadPilot    9: 4096 op, 241215.00 ns, 58.8904 ns/op
WorkloadPilot   10: 8192 op, 478734.00 ns, 58.4392 ns/op
WorkloadPilot   11: 16384 op, 968573.00 ns, 59.1170 ns/op
WorkloadPilot   12: 32768 op, 1946261.00 ns, 59.3952 ns/op
WorkloadPilot   13: 65536 op, 3836426.00 ns, 58.5392 ns/op
WorkloadPilot   14: 131072 op, 7693553.00 ns, 58.6972 ns/op
WorkloadPilot   15: 262144 op, 15269598.00 ns, 58.2489 ns/op
WorkloadPilot   16: 524288 op, 30703126.00 ns, 58.5616 ns/op
WorkloadPilot   17: 1048576 op, 61209815.00 ns, 58.3742 ns/op
WorkloadPilot   18: 2097152 op, 123101659.00 ns, 58.6994 ns/op
WorkloadPilot   19: 4194304 op, 245610797.00 ns, 58.5582 ns/op
WorkloadPilot   20: 8388608 op, 490971898.00 ns, 58.5284 ns/op
WorkloadPilot   21: 16777216 op, 981602800.00 ns, 58.5081 ns/op

OverheadWarmup   1: 16777216 op, 31048838.00 ns, 1.8507 ns/op
OverheadWarmup   2: 16777216 op, 30995517.00 ns, 1.8475 ns/op
OverheadWarmup   3: 16777216 op, 31023940.00 ns, 1.8492 ns/op
OverheadWarmup   4: 16777216 op, 30991201.00 ns, 1.8472 ns/op
OverheadWarmup   5: 16777216 op, 30994055.00 ns, 1.8474 ns/op
OverheadWarmup   6: 16777216 op, 31117472.00 ns, 1.8547 ns/op
OverheadWarmup   7: 16777216 op, 30957720.00 ns, 1.8452 ns/op

OverheadActual   1: 16777216 op, 30982026.00 ns, 1.8467 ns/op
OverheadActual   2: 16777216 op, 31067275.00 ns, 1.8518 ns/op
OverheadActual   3: 16777216 op, 31028016.00 ns, 1.8494 ns/op
OverheadActual   4: 16777216 op, 31135248.00 ns, 1.8558 ns/op
OverheadActual   5: 16777216 op, 30980074.00 ns, 1.8466 ns/op
OverheadActual   6: 16777216 op, 30961616.00 ns, 1.8455 ns/op
OverheadActual   7: 16777216 op, 30978812.00 ns, 1.8465 ns/op
OverheadActual   8: 16777216 op, 31002488.00 ns, 1.8479 ns/op
OverheadActual   9: 16777216 op, 30998292.00 ns, 1.8476 ns/op
OverheadActual  10: 16777216 op, 30960614.00 ns, 1.8454 ns/op
OverheadActual  11: 16777216 op, 31009238.00 ns, 1.8483 ns/op
OverheadActual  12: 16777216 op, 30961816.00 ns, 1.8455 ns/op
OverheadActual  13: 16777216 op, 30983689.00 ns, 1.8468 ns/op
OverheadActual  14: 16777216 op, 30996739.00 ns, 1.8475 ns/op
OverheadActual  15: 16777216 op, 30960835.00 ns, 1.8454 ns/op

WorkloadWarmup   1: 16777216 op, 981923976.00 ns, 58.5272 ns/op
WorkloadWarmup   2: 16777216 op, 986022968.00 ns, 58.7715 ns/op
WorkloadWarmup   3: 16777216 op, 982331471.00 ns, 58.5515 ns/op

// BeforeActualRun
WorkloadActual   1: 16777216 op, 981862803.00 ns, 58.5236 ns/op
WorkloadActual   2: 16777216 op, 980497680.00 ns, 58.4422 ns/op
WorkloadActual   3: 16777216 op, 980793139.00 ns, 58.4598 ns/op

// AfterActualRun
WorkloadResult   1: 16777216 op, 950879114.00 ns, 56.6768 ns/op
WorkloadResult   2: 16777216 op, 949513991.00 ns, 56.5954 ns/op
WorkloadResult   3: 16777216 op, 949809450.00 ns, 56.6131 ns/op
// GC:  0 0 0 0 16777216
// Threading:  0 0 16777216

// AfterAll
// Benchmark Process 3132 has exited with code 0.

Mean = 56.628 ns, StdErr = 0.025 ns (0.04%), N = 3, StdDev = 0.043 ns
Min = 56.595 ns, Q1 = 56.604 ns, Median = 56.613 ns, Q3 = 56.645 ns, Max = 56.677 ns
IQR = 0.041 ns, LowerFence = 56.543 ns, UpperFence = 56.706 ns
ConfidenceInterval = [55.847 ns; 57.409 ns] (CI 99.9%), Margin = 0.781 ns (1.38% of Mean)
Skewness = 0.31, Kurtosis = 0.67, MValue = 2

// ** Remained 16 (88.9 %) benchmark(s) to run. Estimated finish 2026-09-27 17:04 (0h 5m from now) **
// **************************
// Benchmark: MemoryCacheProviderBenchmarks.ExistsAsync_True: Job-NUBXJZ(IterationCount=20, WarmupCount=5)
// *** Execute ***
// Launch: 1 / 1
// Execute: dotnet Encina.Caching.Memory.Benchmarks-Job-NUBXJZ-1.dll --anonymousPipes 152 153 --benchmarkName Encina.Caching.Memory.Benchmarks.Benchmarks.MemoryCacheProviderBenchmarks.ExistsAsync_True --job "IterationCount=20, WarmupCount=5" --benchmarkId 2 in /home/runner/work/Encina/Encina/tests/Encina.BenchmarkTests/Encina.Caching.Memory.Benchmarks/bin/Release/net10.0/Encina.Caching.Memory.Benchmarks-Job-NUBXJZ-1/bin/Release/net10.0
// Failed to set up high priority (Permission denied). In order to run benchmarks with high priority, make sure you have the right permissions.
// BeforeAnythingElse

// Benchmark Process Environment Information:
// BenchmarkDotNet v0.15.8
// Runtime=.NET 10.0.12 (10.0.12, 10.0.1226.42308), X64 RyuJIT x86-64-v3
// GC=Concurrent Workstation
// HardwareIntrinsics=AVX2+BMI1+BMI2+F16C+FMA+LZCNT+MOVBE,AVX,SSE3+SSSE3+SSE4.1+SSE4.2+POPCNT,X86Base+SSE+SSE2,AES+PCLMUL VectorSize=256
// Job: Job-NUBXJZ(IterationCount=20, WarmupCount=5)

OverheadJitting  1: 1 op, 231349.00 ns, 231.3490 us/op
WorkloadJitting  1: 1 op, 3879492.00 ns, 3.8795 ms/op

OverheadJitting  2: 16 op, 360495.00 ns, 22.5309 us/op
WorkloadJitting  2: 16 op, 389358.00 ns, 24.3349 us/op

WorkloadPilot    1: 16 op, 6019.00 ns, 376.1875 ns/op
WorkloadPilot    2: 32 op, 6090.00 ns, 190.3125 ns/op
WorkloadPilot    3: 64 op, 10426.00 ns, 162.9063 ns/op
WorkloadPilot    4: 128 op, 10637.00 ns, 83.1016 ns/op
WorkloadPilot    5: 256 op, 18698.00 ns, 73.0391 ns/op
WorkloadPilot    6: 512 op, 35273.00 ns, 68.8926 ns/op
WorkloadPilot    7: 1024 op, 68784.00 ns, 67.1719 ns/op
WorkloadPilot    8: 2048 op, 136156.00 ns, 66.4824 ns/op
WorkloadPilot    9: 4096 op, 277218.00 ns, 67.6802 ns/op
WorkloadPilot   10: 8192 op, 564563.00 ns, 68.9164 ns/op
WorkloadPilot   11: 16384 op, 1091379.00 ns, 66.6125 ns/op
WorkloadPilot   12: 32768 op, 2207806.00 ns, 67.3769 ns/op
WorkloadPilot   13: 65536 op, 4375260.00 ns, 66.7612 ns/op
WorkloadPilot   14: 131072 op, 8719253.00 ns, 66.5226 ns/op
WorkloadPilot   15: 262144 op, 17459678.00 ns, 66.6034 ns/op
WorkloadPilot   16: 524288 op, 34779655.00 ns, 66.3369 ns/op
WorkloadPilot   17: 1048576 op, 69452959.00 ns, 66.2355 ns/op
WorkloadPilot   18: 2097152 op, 138767730.00 ns, 66.1696 ns/op
WorkloadPilot   19: 4194304 op, 278774691.00 ns, 66.4651 ns/op
WorkloadPilot   20: 8388608 op, 555848464.00 ns, 66.2623 ns/op

OverheadWarmup   1: 8388608 op, 15553188.00 ns, 1.8541 ns/op
OverheadWarmup   2: 8388608 op, 15528099.00 ns, 1.8511 ns/op
OverheadWarmup   3: 8388608 op, 15516793.00 ns, 1.8497 ns/op
OverheadWarmup   4: 8388608 op, 15490914.00 ns, 1.8467 ns/op
OverheadWarmup   5: 8388608 op, 15493298.00 ns, 1.8469 ns/op
OverheadWarmup   6: 8388608 op, 15498865.00 ns, 1.8476 ns/op
OverheadWarmup   7: 8388608 op, 15482331.00 ns, 1.8456 ns/op
OverheadWarmup   8: 8388608 op, 15497994.00 ns, 1.8475 ns/op
OverheadWarmup   9: 8388608 op, 15504555.00 ns, 1.8483 ns/op
OverheadWarmup  10: 8388608 op, 15509251.00 ns, 1.8488 ns/op

OverheadActual   1: 8388608 op, 15543132.00 ns, 1.8529 ns/op
OverheadActual   2: 8388608 op, 15549863.00 ns, 1.8537 ns/op
OverheadActual   3: 8388608 op, 15542933.00 ns, 1.8529 ns/op
OverheadActual   4: 8388608 op, 15522411.00 ns, 1.8504 ns/op
OverheadActual   5: 8388608 op, 15534509.00 ns, 1.8519 ns/op
OverheadActual   6: 8388608 op, 15535862.00 ns, 1.8520 ns/op
OverheadActual   7: 8388608 op, 15522511.00 ns, 1.8504 ns/op
OverheadActual   8: 8388608 op, 15492476.00 ns, 1.8468 ns/op
OverheadActual   9: 8388608 op, 15483192.00 ns, 1.8457 ns/op
OverheadActual  10: 8388608 op, 15518665.00 ns, 1.8500 ns/op
OverheadActual  11: 8388608 op, 15516172.00 ns, 1.8497 ns/op
OverheadActual  12: 8388608 op, 15521469.00 ns, 1.8503 ns/op
OverheadActual  13: 8388608 op, 15502691.00 ns, 1.8481 ns/op
OverheadActual  14: 8388608 op, 15491645.00 ns, 1.8467 ns/op
OverheadActual  15: 8388608 op, 15495040.00 ns, 1.8472 ns/op

WorkloadWarmup   1: 8388608 op, 555940112.00 ns, 66.2732 ns/op
WorkloadWarmup   2: 8388608 op, 555831428.00 ns, 66.2603 ns/op
WorkloadWarmup   3: 8388608 op, 555647661.00 ns, 66.2384 ns/op
WorkloadWarmup   4: 8388608 op, 556610415.00 ns, 66.3531 ns/op
WorkloadWarmup   5: 8388608 op, 555472095.00 ns, 66.2174 ns/op

// BeforeActualRun
WorkloadActual   1: 8388608 op, 555562051.00 ns, 66.2282 ns/op
WorkloadActual   2: 8388608 op, 555977684.00 ns, 66.2777 ns/op
WorkloadActual   3: 8388608 op, 555538672.00 ns, 66.2254 ns/op
WorkloadActual   4: 8388608 op, 556113774.00 ns, 66.2939 ns/op
WorkloadActual   5: 8388608 op, 555994797.00 ns, 66.2797 ns/op
WorkloadActual   6: 8388608 op, 555965963.00 ns, 66.2763 ns/op
WorkloadActual   7: 8388608 op, 556054007.00 ns, 66.2868 ns/op
WorkloadActual   8: 8388608 op, 556657769.00 ns, 66.3588 ns/op
WorkloadActual   9: 8388608 op, 556931402.00 ns, 66.3914 ns/op
WorkloadActual  10: 8388608 op, 555910980.00 ns, 66.2698 ns/op
WorkloadActual  11: 8388608 op, 556142240.00 ns, 66.2973 ns/op
WorkloadActual  12: 8388608 op, 555850750.00 ns, 66.2626 ns/op
WorkloadActual  13: 8388608 op, 556098023.00 ns, 66.2921 ns/op
WorkloadActual  14: 8388608 op, 555491177.00 ns, 66.2197 ns/op
WorkloadActual  15: 8388608 op, 555565498.00 ns, 66.2286 ns/op
WorkloadActual  16: 8388608 op, 555221759.00 ns, 66.1876 ns/op
WorkloadActual  17: 8388608 op, 558634746.00 ns, 66.5945 ns/op
WorkloadActual  18: 8388608 op, 556088758.00 ns, 66.2909 ns/op
WorkloadActual  19: 8388608 op, 555911926.00 ns, 66.2699 ns/op
WorkloadActual  20: 8388608 op, 556503851.00 ns, 66.3404 ns/op

// AfterActualRun
WorkloadResult   1: 8388608 op, 540040582.00 ns, 64.3779 ns/op
WorkloadResult   2: 8388608 op, 540456215.00 ns, 64.4274 ns/op
WorkloadResult   3: 8388608 op, 540017203.00 ns, 64.3751 ns/op
WorkloadResult   4: 8388608 op, 540592305.00 ns, 64.4436 ns/op
WorkloadResult   5: 8388608 op, 540473328.00 ns, 64.4294 ns/op
WorkloadResult   6: 8388608 op, 540444494.00 ns, 64.4260 ns/op
WorkloadResult   7: 8388608 op, 540532538.00 ns, 64.4365 ns/op
WorkloadResult   8: 8388608 op, 540389511.00 ns, 64.4194 ns/op
WorkloadResult   9: 8388608 op, 540620771.00 ns, 64.4470 ns/op
WorkloadResult  10: 8388608 op, 540329281.00 ns, 64.4123 ns/op
WorkloadResult  11: 8388608 op, 540576554.00 ns, 64.4417 ns/op
WorkloadResult  12: 8388608 op, 539969708.00 ns, 64.3694 ns/op
WorkloadResult  13: 8388608 op, 540044029.00 ns, 64.3783 ns/op
WorkloadResult  14: 8388608 op, 539700290.00 ns, 64.3373 ns/op
WorkloadResult  15: 8388608 op, 540567289.00 ns, 64.4406 ns/op
WorkloadResult  16: 8388608 op, 540390457.00 ns, 64.4196 ns/op
WorkloadResult  17: 8388608 op, 540982382.00 ns, 64.4901 ns/op
// GC:  0 0 0 0 8388608
// Threading:  0 0 8388608

// AfterAll
// Benchmark Process 3141 has exited with code 0.

Mean = 64.416 ns, StdErr = 0.009 ns (0.01%), N = 17, StdDev = 0.037 ns
Min = 64.337 ns, Q1 = 64.378 ns, Median = 64.426 ns, Q3 = 64.441 ns, Max = 64.490 ns
IQR = 0.062 ns, LowerFence = 64.285 ns, UpperFence = 64.534 ns
ConfidenceInterval = [64.380 ns; 64.452 ns] (CI 99.9%), Margin = 0.036 ns (0.06% of Mean)
Skewness = -0.3, Kurtosis = 2.51, MValue = 2

// ** Remained 15 (83.3 %) benchmark(s) to run. Estimated finish 2026-09-27 17:04 (0h 4m from now) **
// **************************
// Benchmark: MemoryCacheProviderBenchmarks.ExistsAsync_True: ShortRun(IterationCount=3, LaunchCount=1, WarmupCount=3)
// *** Execute ***
// Launch: 1 / 1
// Execute: dotnet Encina.Caching.Memory.Benchmarks-Job-NUBXJZ-1.dll --anonymousPipes 152 153 --benchmarkName Encina.Caching.Memory.Benchmarks.Benchmarks.MemoryCacheProviderBenchmarks.ExistsAsync_True --job ShortRun --benchmarkId 3 in /home/runner/work/Encina/Encina/tests/Encina.BenchmarkTests/Encina.Caching.Memory.Benchmarks/bin/Release/net10.0/Encina.Caching.Memory.Benchmarks-Job-NUBXJZ-1/bin/Release/net10.0
// Failed to set up high priority (Permission denied). In order to run benchmarks with high priority, make sure you have the right permissions.
// BeforeAnythingElse

// Benchmark Process Environment Information:
// BenchmarkDotNet v0.15.8
// Runtime=.NET 10.0.12 (10.0.12, 10.0.1226.42308), X64 RyuJIT x86-64-v3
// GC=Concurrent Workstation
// HardwareIntrinsics=AVX2+BMI1+BMI2+F16C+FMA+LZCNT+MOVBE,AVX,SSE3+SSSE3+SSE4.1+SSE4.2+POPCNT,X86Base+SSE+SSE2,AES+PCLMUL VectorSize=256
// Job: ShortRun(IterationCount=3, LaunchCount=1, WarmupCount=3)

OverheadJitting  1: 1 op, 253913.00 ns, 253.9130 us/op
WorkloadJitting  1: 1 op, 3766380.00 ns, 3.7664 ms/op

OverheadJitting  2: 16 op, 354555.00 ns, 22.1597 us/op
WorkloadJitting  2: 16 op, 380144.00 ns, 23.7590 us/op

WorkloadPilot    1: 16 op, 5148.00 ns, 321.7500 ns/op
WorkloadPilot    2: 32 op, 4177.00 ns, 130.5313 ns/op
WorkloadPilot    3: 64 op, 5879.00 ns, 91.8594 ns/op
WorkloadPilot    4: 128 op, 10136.00 ns, 79.1875 ns/op
WorkloadPilot    5: 256 op, 18548.00 ns, 72.4531 ns/op
WorkloadPilot    6: 512 op, 34953.00 ns, 68.2676 ns/op
WorkloadPilot    7: 1024 op, 69385.00 ns, 67.7588 ns/op
WorkloadPilot    8: 2048 op, 134934.00 ns, 65.8857 ns/op
WorkloadPilot    9: 4096 op, 270750.00 ns, 66.1011 ns/op
WorkloadPilot   10: 8192 op, 566996.00 ns, 69.2134 ns/op
WorkloadPilot   11: 16384 op, 1088244.00 ns, 66.4211 ns/op
WorkloadPilot   12: 32768 op, 2200694.00 ns, 67.1599 ns/op
WorkloadPilot   13: 65536 op, 4373457.00 ns, 66.7337 ns/op
WorkloadPilot   14: 131072 op, 8754787.00 ns, 66.7937 ns/op
WorkloadPilot   15: 262144 op, 17366458.00 ns, 66.2478 ns/op
WorkloadPilot   16: 524288 op, 34719546.00 ns, 66.2223 ns/op
WorkloadPilot   17: 1048576 op, 69400544.00 ns, 66.1855 ns/op
WorkloadPilot   18: 2097152 op, 138681225.00 ns, 66.1284 ns/op
WorkloadPilot   19: 4194304 op, 278546491.00 ns, 66.4107 ns/op
WorkloadPilot   20: 8388608 op, 555411440.00 ns, 66.2102 ns/op

OverheadWarmup   1: 8388608 op, 15563244.00 ns, 1.8553 ns/op
OverheadWarmup   2: 8388608 op, 15558105.00 ns, 1.8547 ns/op
OverheadWarmup   3: 8388608 op, 15477174.00 ns, 1.8450 ns/op
OverheadWarmup   4: 8388608 op, 15484555.00 ns, 1.8459 ns/op
OverheadWarmup   5: 8388608 op, 15540329.00 ns, 1.8526 ns/op
OverheadWarmup   6: 8388608 op, 15514330.00 ns, 1.8495 ns/op
OverheadWarmup   7: 8388608 op, 15506578.00 ns, 1.8485 ns/op
OverheadWarmup   8: 8388608 op, 15489031.00 ns, 1.8464 ns/op
OverheadWarmup   9: 8388608 op, 15480819.00 ns, 1.8455 ns/op
OverheadWarmup  10: 8388608 op, 15489772.00 ns, 1.8465 ns/op

OverheadActual   1: 8388608 op, 15553108.00 ns, 1.8541 ns/op
OverheadActual   2: 8388608 op, 15616614.00 ns, 1.8616 ns/op
OverheadActual   3: 8388608 op, 15532557.00 ns, 1.8516 ns/op
OverheadActual   4: 8388608 op, 15559668.00 ns, 1.8549 ns/op
OverheadActual   5: 8388608 op, 15531946.00 ns, 1.8516 ns/op
OverheadActual   6: 8388608 op, 15530283.00 ns, 1.8514 ns/op
OverheadActual   7: 8388608 op, 15492958.00 ns, 1.8469 ns/op
OverheadActual   8: 8388608 op, 15516032.00 ns, 1.8497 ns/op
OverheadActual   9: 8388608 op, 15538446.00 ns, 1.8523 ns/op
OverheadActual  10: 8388608 op, 15520319.00 ns, 1.8502 ns/op
OverheadActual  11: 8388608 op, 15493489.00 ns, 1.8470 ns/op
OverheadActual  12: 8388608 op, 15498937.00 ns, 1.8476 ns/op
OverheadActual  13: 8388608 op, 15520128.00 ns, 1.8501 ns/op
OverheadActual  14: 8388608 op, 15544385.00 ns, 1.8530 ns/op
OverheadActual  15: 8388608 op, 15512257.00 ns, 1.8492 ns/op

WorkloadWarmup   1: 8388608 op, 554578291.00 ns, 66.1109 ns/op
WorkloadWarmup   2: 8388608 op, 555109023.00 ns, 66.1742 ns/op
WorkloadWarmup   3: 8388608 op, 555146930.00 ns, 66.1787 ns/op

// BeforeActualRun
WorkloadActual   1: 8388608 op, 555281313.00 ns, 66.1947 ns/op
WorkloadActual   2: 8388608 op, 555837683.00 ns, 66.2610 ns/op
WorkloadActual   3: 8388608 op, 556283568.00 ns, 66.3142 ns/op

// AfterActualRun
WorkloadResult   1: 8388608 op, 539751030.00 ns, 64.3433 ns/op
WorkloadResult   2: 8388608 op, 540307400.00 ns, 64.4097 ns/op
WorkloadResult   3: 8388608 op, 540753285.00 ns, 64.4628 ns/op
// GC:  0 0 0 0 8388608
// Threading:  0 0 8388608

// AfterAll
// Benchmark Process 3149 has exited with code 0.

Mean = 64.405 ns, StdErr = 0.035 ns (0.05%), N = 3, StdDev = 0.060 ns
Min = 64.343 ns, Q1 = 64.376 ns, Median = 64.410 ns, Q3 = 64.436 ns, Max = 64.463 ns
IQR = 0.060 ns, LowerFence = 64.287 ns, UpperFence = 64.526 ns
ConfidenceInterval = [63.313 ns; 65.497 ns] (CI 99.9%), Margin = 1.092 ns (1.70% of Mean)
Skewness = -0.07, Kurtosis = 0.67, MValue = 2

// ** Remained 14 (77.8 %) benchmark(s) to run. Estimated finish 2026-09-27 17:03 (0h 3m from now) **
// **************************
// Benchmark: MemoryCacheProviderBenchmarks.GetAsync_CacheHit: Job-NUBXJZ(IterationCount=20, WarmupCount=5)
// *** Execute ***
// Launch: 1 / 1
// Execute: dotnet Encina.Caching.Memory.Benchmarks-Job-NUBXJZ-1.dll --anonymousPipes 152 153 --benchmarkName Encina.Caching.Memory.Benchmarks.Benchmarks.MemoryCacheProviderBenchmarks.GetAsync_CacheHit --job "IterationCount=20, WarmupCount=5" --benchmarkId 4 in /home/runner/work/Encina/Encina/tests/Encina.BenchmarkTests/Encina.Caching.Memory.Benchmarks/bin/Release/net10.0/Encina.Caching.Memory.Benchmarks-Job-NUBXJZ-1/bin/Release/net10.0
// Failed to set up high priority (Permission denied). In order to run benchmarks with high priority, make sure you have the right permissions.
// BeforeAnythingElse

// Benchmark Process Environment Information:
// BenchmarkDotNet v0.15.8
// Runtime=.NET 10.0.12 (10.0.12, 10.0.1226.42308), X64 RyuJIT x86-64-v3
// GC=Concurrent Workstation
// HardwareIntrinsics=AVX2+BMI1+BMI2+F16C+FMA+LZCNT+MOVBE,AVX,SSE3+SSSE3+SSE4.1+SSE4.2+POPCNT,X86Base+SSE+SSE2,AES+PCLMUL VectorSize=256
// Job: Job-NUBXJZ(IterationCount=20, WarmupCount=5)

OverheadJitting  1: 1 op, 251240.00 ns, 251.2400 us/op
WorkloadJitting  1: 1 op, 4168648.00 ns, 4.1686 ms/op

OverheadJitting  2: 16 op, 485464.00 ns, 30.3415 us/op
WorkloadJitting  2: 16 op, 540556.00 ns, 33.7848 us/op

WorkloadPilot    1: 16 op, 6060.00 ns, 378.7500 ns/op
WorkloadPilot    2: 32 op, 23045.00 ns, 720.1563 ns/op
WorkloadPilot    3: 64 op, 31027.00 ns, 484.7969 ns/op
WorkloadPilot    4: 128 op, 35964.00 ns, 280.9688 ns/op
WorkloadPilot    5: 256 op, 59059.00 ns, 230.6992 ns/op
WorkloadPilot    6: 512 op, 103076.00 ns, 201.3203 ns/op
WorkloadPilot    7: 1024 op, 194844.00 ns, 190.2773 ns/op
WorkloadPilot    8: 2048 op, 277759.00 ns, 135.6245 ns/op
WorkloadPilot    9: 4096 op, 624744.00 ns, 152.5254 ns/op
WorkloadPilot   10: 8192 op, 1329149.00 ns, 162.2496 ns/op
WorkloadPilot   11: 16384 op, 2507879.00 ns, 153.0688 ns/op
WorkloadPilot   12: 32768 op, 5044291.00 ns, 153.9395 ns/op
WorkloadPilot   13: 65536 op, 10206681.00 ns, 155.7416 ns/op
WorkloadPilot   14: 131072 op, 18519941.00 ns, 141.2959 ns/op
WorkloadPilot   15: 262144 op, 22099839.00 ns, 84.3042 ns/op
WorkloadPilot   16: 524288 op, 46746847.00 ns, 89.1625 ns/op
WorkloadPilot   17: 1048576 op, 88215180.00 ns, 84.1286 ns/op
WorkloadPilot   18: 2097152 op, 176328862.00 ns, 84.0802 ns/op
WorkloadPilot   19: 4194304 op, 352341172.00 ns, 84.0047 ns/op
WorkloadPilot   20: 8388608 op, 699809148.00 ns, 83.4238 ns/op

OverheadWarmup   1: 8388608 op, 31160731.00 ns, 3.7146 ns/op
OverheadWarmup   2: 8388608 op, 31232869.00 ns, 3.7232 ns/op
OverheadWarmup   3: 8388608 op, 31196364.00 ns, 3.7189 ns/op
OverheadWarmup   4: 8388608 op, 31168492.00 ns, 3.7156 ns/op
OverheadWarmup   5: 8388608 op, 31141872.00 ns, 3.7124 ns/op
OverheadWarmup   6: 8388608 op, 31274322.00 ns, 3.7282 ns/op
OverheadWarmup   7: 8388608 op, 31285018.00 ns, 3.7295 ns/op
OverheadWarmup   8: 8388608 op, 31134771.00 ns, 3.7116 ns/op

OverheadActual   1: 8388608 op, 28354320.00 ns, 3.3801 ns/op
OverheadActual   2: 8388608 op, 28262210.00 ns, 3.3691 ns/op
OverheadActual   3: 8388608 op, 31230195.00 ns, 3.7229 ns/op
OverheadActual   4: 8388608 op, 31204927.00 ns, 3.7199 ns/op
OverheadActual   5: 8388608 op, 31187801.00 ns, 3.7179 ns/op
OverheadActual   6: 8388608 op, 31138327.00 ns, 3.7120 ns/op
OverheadActual   7: 8388608 op, 31149013.00 ns, 3.7133 ns/op
OverheadActual   8: 8388608 op, 31131487.00 ns, 3.7112 ns/op
OverheadActual   9: 8388608 op, 31162153.00 ns, 3.7148 ns/op
OverheadActual  10: 8388608 op, 31163604.00 ns, 3.7150 ns/op
OverheadActual  11: 8388608 op, 32179080.00 ns, 3.8360 ns/op
OverheadActual  12: 8388608 op, 31189123.00 ns, 3.7180 ns/op
OverheadActual  13: 8388608 op, 31215092.00 ns, 3.7211 ns/op
OverheadActual  14: 8388608 op, 28203502.00 ns, 3.3621 ns/op
OverheadActual  15: 8388608 op, 31189114.00 ns, 3.7180 ns/op

WorkloadWarmup   1: 8388608 op, 722294969.00 ns, 86.1043 ns/op
WorkloadWarmup   2: 8388608 op, 708553233.00 ns, 84.4661 ns/op
WorkloadWarmup   3: 8388608 op, 701292330.00 ns, 83.6006 ns/op
WorkloadWarmup   4: 8388608 op, 706147617.00 ns, 84.1794 ns/op
WorkloadWarmup   5: 8388608 op, 705649069.00 ns, 84.1199 ns/op

// BeforeActualRun
WorkloadActual   1: 8388608 op, 708180800.00 ns, 84.4217 ns/op
WorkloadActual   2: 8388608 op, 705261458.00 ns, 84.0737 ns/op
WorkloadActual   3: 8388608 op, 705503664.00 ns, 84.1026 ns/op
WorkloadActual   4: 8388608 op, 704862368.00 ns, 84.0261 ns/op
WorkloadActual   5: 8388608 op, 704247335.00 ns, 83.9528 ns/op
WorkloadActual   6: 8388608 op, 704407246.00 ns, 83.9719 ns/op
WorkloadActual   7: 8388608 op, 704497753.00 ns, 83.9827 ns/op
WorkloadActual   8: 8388608 op, 708930551.00 ns, 84.5111 ns/op
WorkloadActual   9: 8388608 op, 705698237.00 ns, 84.1258 ns/op
WorkloadActual  10: 8388608 op, 706670356.00 ns, 84.2417 ns/op
WorkloadActual  11: 8388608 op, 706244352.00 ns, 84.1909 ns/op
WorkloadActual  12: 8388608 op, 706257041.00 ns, 84.1924 ns/op
WorkloadActual  13: 8388608 op, 704610294.00 ns, 83.9961 ns/op
WorkloadActual  14: 8388608 op, 726548669.00 ns, 86.6114 ns/op
WorkloadActual  15: 8388608 op, 704451028.00 ns, 83.9771 ns/op
WorkloadActual  16: 8388608 op, 704008357.00 ns, 83.9243 ns/op
WorkloadActual  17: 8388608 op, 707385109.00 ns, 84.3269 ns/op
WorkloadActual  18: 8388608 op, 704128538.00 ns, 83.9387 ns/op
WorkloadActual  19: 8388608 op, 702750496.00 ns, 83.7744 ns/op
WorkloadActual  20: 8388608 op, 702761253.00 ns, 83.7757 ns/op

// AfterActualRun
WorkloadResult   1: 8388608 op, 677017196.00 ns, 80.7067 ns/op
WorkloadResult   2: 8388608 op, 674097854.00 ns, 80.3587 ns/op
WorkloadResult   3: 8388608 op, 674340060.00 ns, 80.3876 ns/op
WorkloadResult   4: 8388608 op, 673698764.00 ns, 80.3112 ns/op
WorkloadResult   5: 8388608 op, 673083731.00 ns, 80.2378 ns/op
WorkloadResult   6: 8388608 op, 673243642.00 ns, 80.2569 ns/op
WorkloadResult   7: 8388608 op, 673334149.00 ns, 80.2677 ns/op
WorkloadResult   8: 8388608 op, 677766947.00 ns, 80.7961 ns/op
WorkloadResult   9: 8388608 op, 674534633.00 ns, 80.4108 ns/op
WorkloadResult  10: 8388608 op, 675506752.00 ns, 80.5267 ns/op
WorkloadResult  11: 8388608 op, 675080748.00 ns, 80.4759 ns/op
WorkloadResult  12: 8388608 op, 675093437.00 ns, 80.4774 ns/op
WorkloadResult  13: 8388608 op, 673446690.00 ns, 80.2811 ns/op
WorkloadResult  14: 8388608 op, 673287424.00 ns, 80.2621 ns/op
WorkloadResult  15: 8388608 op, 672844753.00 ns, 80.2093 ns/op
WorkloadResult  16: 8388608 op, 676221505.00 ns, 80.6119 ns/op
WorkloadResult  17: 8388608 op, 672964934.00 ns, 80.2237 ns/op
WorkloadResult  18: 8388608 op, 671586892.00 ns, 80.0594 ns/op
WorkloadResult  19: 8388608 op, 671597649.00 ns, 80.0607 ns/op
// GC:  72 0 0 1207959552 8388608
// Threading:  0 0 8388608

// AfterAll
// Benchmark Process 3157 has exited with code 0.

Mean = 80.364 ns, StdErr = 0.045 ns (0.06%), N = 19, StdDev = 0.198 ns
Min = 80.059 ns, Q1 = 80.247 ns, Median = 80.311 ns, Q3 = 80.477 ns, Max = 80.796 ns
IQR = 0.229 ns, LowerFence = 79.903 ns, UpperFence = 80.821 ns
ConfidenceInterval = [80.186 ns; 80.542 ns] (CI 99.9%), Margin = 0.178 ns (0.22% of Mean)
Skewness = 0.5, Kurtosis = 2.47, MValue = 2

// ** Remained 13 (72.2 %) benchmark(s) to run. Estimated finish 2026-09-27 17:03 (0h 3m from now) **
// **************************
// Benchmark: MemoryCacheProviderBenchmarks.GetAsync_CacheHit: ShortRun(IterationCount=3, LaunchCount=1, WarmupCount=3)
// *** Execute ***
// Launch: 1 / 1
// Execute: dotnet Encina.Caching.Memory.Benchmarks-Job-NUBXJZ-1.dll --anonymousPipes 152 153 --benchmarkName Encina.Caching.Memory.Benchmarks.Benchmarks.MemoryCacheProviderBenchmarks.GetAsync_CacheHit --job ShortRun --benchmarkId 5 in /home/runner/work/Encina/Encina/tests/Encina.BenchmarkTests/Encina.Caching.Memory.Benchmarks/bin/Release/net10.0/Encina.Caching.Memory.Benchmarks-Job-NUBXJZ-1/bin/Release/net10.0
// Failed to set up high priority (Permission denied). In order to run benchmarks with high priority, make sure you have the right permissions.
// BeforeAnythingElse

// Benchmark Process Environment Information:
// BenchmarkDotNet v0.15.8
// Runtime=.NET 10.0.12 (10.0.12, 10.0.1226.42308), X64 RyuJIT x86-64-v3
// GC=Concurrent Workstation
// HardwareIntrinsics=AVX2+BMI1+BMI2+F16C+FMA+LZCNT+MOVBE,AVX,SSE3+SSSE3+SSE4.1+SSE4.2+POPCNT,X86Base+SSE+SSE2,AES+PCLMUL VectorSize=256
// Job: ShortRun(IterationCount=3, LaunchCount=1, WarmupCount=3)

OverheadJitting  1: 1 op, 265522.00 ns, 265.5220 us/op
WorkloadJitting  1: 1 op, 4380659.00 ns, 4.3807 ms/op

OverheadJitting  2: 16 op, 488538.00 ns, 30.5336 us/op
WorkloadJitting  2: 16 op, 560036.00 ns, 35.0023 us/op

WorkloadPilot    1: 16 op, 7071.00 ns, 441.9375 ns/op
WorkloadPilot    2: 32 op, 24807.00 ns, 775.2188 ns/op
WorkloadPilot    3: 64 op, 24867.00 ns, 388.5469 ns/op
WorkloadPilot    4: 128 op, 34613.00 ns, 270.4141 ns/op
WorkloadPilot    5: 256 op, 59600.00 ns, 232.8125 ns/op
WorkloadPilot    6: 512 op, 99620.00 ns, 194.5703 ns/op
WorkloadPilot    7: 1024 op, 189516.00 ns, 185.0742 ns/op
WorkloadPilot    8: 2048 op, 391061.00 ns, 190.9478 ns/op
WorkloadPilot    9: 4096 op, 593156.00 ns, 144.8135 ns/op
WorkloadPilot   10: 8192 op, 1254055.00 ns, 153.0829 ns/op
WorkloadPilot   11: 16384 op, 2507288.00 ns, 153.0327 ns/op
WorkloadPilot   12: 32768 op, 4882096.00 ns, 148.9897 ns/op
WorkloadPilot   13: 65536 op, 9894219.00 ns, 150.9738 ns/op
WorkloadPilot   14: 131072 op, 18871521.00 ns, 143.9783 ns/op
WorkloadPilot   15: 262144 op, 22133260.00 ns, 84.4317 ns/op
WorkloadPilot   16: 524288 op, 47038727.00 ns, 89.7193 ns/op
WorkloadPilot   17: 1048576 op, 87815524.00 ns, 83.7474 ns/op
WorkloadPilot   18: 2097152 op, 176005234.00 ns, 83.9258 ns/op
WorkloadPilot   19: 4194304 op, 352407097.00 ns, 84.0204 ns/op
WorkloadPilot   20: 8388608 op, 702362050.00 ns, 83.7281 ns/op

OverheadWarmup   1: 8388608 op, 28239846.00 ns, 3.3665 ns/op
OverheadWarmup   2: 8388608 op, 34272269.00 ns, 4.0856 ns/op
OverheadWarmup   3: 8388608 op, 28260907.00 ns, 3.3690 ns/op
OverheadWarmup   4: 8388608 op, 28315711.00 ns, 3.3755 ns/op
OverheadWarmup   5: 8388608 op, 28373778.00 ns, 3.3824 ns/op
OverheadWarmup   6: 8388608 op, 31142611.00 ns, 3.7125 ns/op
OverheadWarmup   7: 8388608 op, 31329093.00 ns, 3.7347 ns/op
OverheadWarmup   8: 8388608 op, 31355032.00 ns, 3.7378 ns/op
OverheadWarmup   9: 8388608 op, 31157353.00 ns, 3.7142 ns/op

OverheadActual   1: 8388608 op, 28231473.00 ns, 3.3655 ns/op
OverheadActual   2: 8388608 op, 28416963.00 ns, 3.3876 ns/op
OverheadActual   3: 8388608 op, 28215008.00 ns, 3.3635 ns/op
OverheadActual   4: 8388608 op, 28213626.00 ns, 3.3633 ns/op
OverheadActual   5: 8388608 op, 28203130.00 ns, 3.3621 ns/op
OverheadActual   6: 8388608 op, 28250292.00 ns, 3.3677 ns/op
OverheadActual   7: 8388608 op, 34331229.00 ns, 4.0926 ns/op
OverheadActual   8: 8388608 op, 31144985.00 ns, 3.7128 ns/op
OverheadActual   9: 8388608 op, 31383795.00 ns, 3.7412 ns/op
OverheadActual  10: 8388608 op, 31136763.00 ns, 3.7118 ns/op
OverheadActual  11: 8388608 op, 31330475.00 ns, 3.7349 ns/op
OverheadActual  12: 8388608 op, 31197324.00 ns, 3.7190 ns/op
OverheadActual  13: 8388608 op, 31156502.00 ns, 3.7141 ns/op
OverheadActual  14: 8388608 op, 28308469.00 ns, 3.3746 ns/op
OverheadActual  15: 8388608 op, 28247267.00 ns, 3.3673 ns/op
OverheadActual  16: 8388608 op, 28207186.00 ns, 3.3626 ns/op
OverheadActual  17: 8388608 op, 34116654.00 ns, 4.0670 ns/op
OverheadActual  18: 8388608 op, 28245374.00 ns, 3.3671 ns/op
OverheadActual  19: 8388608 op, 34152118.00 ns, 4.0712 ns/op
OverheadActual  20: 8388608 op, 34129824.00 ns, 4.0686 ns/op

WorkloadWarmup   1: 8388608 op, 717490146.00 ns, 85.5315 ns/op
WorkloadWarmup   2: 8388608 op, 710606276.00 ns, 84.7109 ns/op
WorkloadWarmup   3: 8388608 op, 702637498.00 ns, 83.7609 ns/op

// BeforeActualRun
WorkloadActual   1: 8388608 op, 705187881.00 ns, 84.0649 ns/op
WorkloadActual   2: 8388608 op, 704253069.00 ns, 83.9535 ns/op
WorkloadActual   3: 8388608 op, 703805262.00 ns, 83.9001 ns/op

// AfterActualRun
WorkloadResult   1: 8388608 op, 675411018.00 ns, 80.5153 ns/op
WorkloadResult   2: 8388608 op, 674476206.00 ns, 80.4038 ns/op
WorkloadResult   3: 8388608 op, 674028399.00 ns, 80.3504 ns/op
// GC:  72 0 0 1207959552 8388608
// Threading:  0 0 8388608

// AfterAll
// Benchmark Process 3174 has exited with code 0.

Mean = 80.423 ns, StdErr = 0.049 ns (0.06%), N = 3, StdDev = 0.084 ns
Min = 80.350 ns, Q1 = 80.377 ns, Median = 80.404 ns, Q3 = 80.460 ns, Max = 80.515 ns
IQR = 0.082 ns, LowerFence = 80.254 ns, UpperFence = 80.583 ns
ConfidenceInterval = [78.889 ns; 81.957 ns] (CI 99.9%), Margin = 1.534 ns (1.91% of Mean)
Skewness = 0.22, Kurtosis = 0.67, MValue = 2

// ** Remained 12 (66.7 %) benchmark(s) to run. Estimated finish 2026-09-27 17:03 (0h 2m from now) **
// **************************
// Benchmark: MemoryCacheProviderBenchmarks.GetAsync_CacheMiss: Job-NUBXJZ(IterationCount=20, WarmupCount=5)
// *** Execute ***
// Launch: 1 / 1
// Execute: dotnet Encina.Caching.Memory.Benchmarks-Job-NUBXJZ-1.dll --anonymousPipes 152 153 --benchmarkName Encina.Caching.Memory.Benchmarks.Benchmarks.MemoryCacheProviderBenchmarks.GetAsync_CacheMiss --job "IterationCount=20, WarmupCount=5" --benchmarkId 6 in /home/runner/work/Encina/Encina/tests/Encina.BenchmarkTests/Encina.Caching.Memory.Benchmarks/bin/Release/net10.0/Encina.Caching.Memory.Benchmarks-Job-NUBXJZ-1/bin/Release/net10.0
// Failed to set up high priority (Permission denied). In order to run benchmarks with high priority, make sure you have the right permissions.
// BeforeAnythingElse

// Benchmark Process Environment Information:
// BenchmarkDotNet v0.15.8
// Runtime=.NET 10.0.12 (10.0.12, 10.0.1226.42308), X64 RyuJIT x86-64-v3
// GC=Concurrent Workstation
// HardwareIntrinsics=AVX2+BMI1+BMI2+F16C+FMA+LZCNT+MOVBE,AVX,SSE3+SSSE3+SSE4.1+SSE4.2+POPCNT,X86Base+SSE+SSE2,AES+PCLMUL VectorSize=256
// Job: Job-NUBXJZ(IterationCount=20, WarmupCount=5)

OverheadJitting  1: 1 op, 258421.00 ns, 258.4210 us/op
WorkloadJitting  1: 1 op, 4271693.00 ns, 4.2717 ms/op

OverheadJitting  2: 16 op, 496710.00 ns, 31.0444 us/op
WorkloadJitting  2: 16 op, 511473.00 ns, 31.9671 us/op

WorkloadPilot    1: 16 op, 4908.00 ns, 306.7500 ns/op
WorkloadPilot    2: 32 op, 5157.00 ns, 161.1563 ns/op
WorkloadPilot    3: 64 op, 7832.00 ns, 122.3750 ns/op
WorkloadPilot    4: 128 op, 13891.00 ns, 108.5234 ns/op
WorkloadPilot    5: 256 op, 25299.00 ns, 98.8242 ns/op
WorkloadPilot    6: 512 op, 34021.00 ns, 66.4473 ns/op
WorkloadPilot    7: 1024 op, 66370.00 ns, 64.8145 ns/op
WorkloadPilot    8: 2048 op, 153843.00 ns, 75.1187 ns/op
WorkloadPilot    9: 4096 op, 256137.00 ns, 62.5334 ns/op
WorkloadPilot   10: 8192 op, 502419.00 ns, 61.3304 ns/op
WorkloadPilot   11: 16384 op, 1034253.00 ns, 63.1258 ns/op
WorkloadPilot   12: 32768 op, 2072922.00 ns, 63.2606 ns/op
WorkloadPilot   13: 65536 op, 4187586.00 ns, 63.8975 ns/op
WorkloadPilot   14: 131072 op, 8252939.00 ns, 62.9649 ns/op
WorkloadPilot   15: 262144 op, 16551867.00 ns, 63.1404 ns/op
WorkloadPilot   16: 524288 op, 33232369.00 ns, 63.3857 ns/op
WorkloadPilot   17: 1048576 op, 66174268.00 ns, 63.1087 ns/op
WorkloadPilot   18: 2097152 op, 132368918.00 ns, 63.1184 ns/op
WorkloadPilot   19: 4194304 op, 264837756.00 ns, 63.1422 ns/op
WorkloadPilot   20: 8388608 op, 529949495.00 ns, 63.1749 ns/op

OverheadWarmup   1: 8388608 op, 34165638.00 ns, 4.0729 ns/op
OverheadWarmup   2: 8388608 op, 34215413.00 ns, 4.0788 ns/op
OverheadWarmup   3: 8388608 op, 31145706.00 ns, 3.7129 ns/op
OverheadWarmup   4: 8388608 op, 31296113.00 ns, 3.7308 ns/op
OverheadWarmup   5: 8388608 op, 31214110.00 ns, 3.7210 ns/op

OverheadActual   1: 8388608 op, 31197795.00 ns, 3.7191 ns/op
OverheadActual   2: 8388608 op, 28220987.00 ns, 3.3642 ns/op
OverheadActual   3: 8388608 op, 28205864.00 ns, 3.3624 ns/op
OverheadActual   4: 8388608 op, 31174710.00 ns, 3.7163 ns/op
OverheadActual   5: 8388608 op, 28200476.00 ns, 3.3618 ns/op
OverheadActual   6: 8388608 op, 31177665.00 ns, 3.7167 ns/op
OverheadActual   7: 8388608 op, 31148761.00 ns, 3.7132 ns/op
OverheadActual   8: 8388608 op, 31181911.00 ns, 3.7172 ns/op
OverheadActual   9: 8388608 op, 31143853.00 ns, 3.7126 ns/op
OverheadActual  10: 8388608 op, 31179217.00 ns, 3.7169 ns/op
OverheadActual  11: 8388608 op, 28177872.00 ns, 3.3591 ns/op
OverheadActual  12: 8388608 op, 28364724.00 ns, 3.3813 ns/op
OverheadActual  13: 8388608 op, 31308603.00 ns, 3.7323 ns/op
OverheadActual  14: 8388608 op, 31377816.00 ns, 3.7405 ns/op
OverheadActual  15: 8388608 op, 31264275.00 ns, 3.7270 ns/op
OverheadActual  16: 8388608 op, 28322110.00 ns, 3.3763 ns/op
OverheadActual  17: 8388608 op, 34271318.00 ns, 4.0855 ns/op
OverheadActual  18: 8388608 op, 34143405.00 ns, 4.0702 ns/op
OverheadActual  19: 8388608 op, 31159407.00 ns, 3.7145 ns/op
OverheadActual  20: 8388608 op, 31171315.00 ns, 3.7159 ns/op

WorkloadWarmup   1: 8388608 op, 530816234.00 ns, 63.2782 ns/op
WorkloadWarmup   2: 8388608 op, 530451899.00 ns, 63.2348 ns/op
WorkloadWarmup   3: 8388608 op, 529944508.00 ns, 63.1743 ns/op
WorkloadWarmup   4: 8388608 op, 536064453.00 ns, 63.9039 ns/op
WorkloadWarmup   5: 8388608 op, 530254092.00 ns, 63.2112 ns/op

// BeforeActualRun
WorkloadActual   1: 8388608 op, 530480503.00 ns, 63.2382 ns/op
WorkloadActual   2: 8388608 op, 528920948.00 ns, 63.0523 ns/op
WorkloadActual   3: 8388608 op, 529268738.00 ns, 63.0938 ns/op
WorkloadActual   4: 8388608 op, 529808078.00 ns, 63.1580 ns/op
WorkloadActual   5: 8388608 op, 531041891.00 ns, 63.3051 ns/op
WorkloadActual   6: 8388608 op, 529941479.00 ns, 63.1739 ns/op
WorkloadActual   7: 8388608 op, 529683981.00 ns, 63.1433 ns/op
WorkloadActual   8: 8388608 op, 530335885.00 ns, 63.2210 ns/op
WorkloadActual   9: 8388608 op, 528152136.00 ns, 62.9606 ns/op
WorkloadActual  10: 8388608 op, 529915430.00 ns, 63.1708 ns/op
WorkloadActual  11: 8388608 op, 530091957.00 ns, 63.1919 ns/op
WorkloadActual  12: 8388608 op, 528596297.00 ns, 63.0136 ns/op
WorkloadActual  13: 8388608 op, 529638893.00 ns, 63.1379 ns/op
WorkloadActual  14: 8388608 op, 529861506.00 ns, 63.1644 ns/op
WorkloadActual  15: 8388608 op, 530973390.00 ns, 63.2970 ns/op
WorkloadActual  16: 8388608 op, 530980521.00 ns, 63.2978 ns/op
WorkloadActual  17: 8388608 op, 530623352.00 ns, 63.2552 ns/op
WorkloadActual  18: 8388608 op, 529354595.00 ns, 63.1040 ns/op
WorkloadActual  19: 8388608 op, 532244922.00 ns, 63.4485 ns/op
WorkloadActual  20: 8388608 op, 529231008.00 ns, 63.0893 ns/op

// AfterActualRun
WorkloadResult   1: 8388608 op, 499307490.50 ns, 59.5221 ns/op
WorkloadResult   2: 8388608 op, 497747935.50 ns, 59.3362 ns/op
WorkloadResult   3: 8388608 op, 498095725.50 ns, 59.3776 ns/op
WorkloadResult   4: 8388608 op, 498635065.50 ns, 59.4419 ns/op
WorkloadResult   5: 8388608 op, 499868878.50 ns, 59.5890 ns/op
WorkloadResult   6: 8388608 op, 498768466.50 ns, 59.4578 ns/op
WorkloadResult   7: 8388608 op, 498510968.50 ns, 59.4271 ns/op
WorkloadResult   8: 8388608 op, 499162872.50 ns, 59.5049 ns/op
WorkloadResult   9: 8388608 op, 496979123.50 ns, 59.2445 ns/op
WorkloadResult  10: 8388608 op, 498742417.50 ns, 59.4547 ns/op
WorkloadResult  11: 8388608 op, 498918944.50 ns, 59.4758 ns/op
WorkloadResult  12: 8388608 op, 497423284.50 ns, 59.2975 ns/op
WorkloadResult  13: 8388608 op, 498465880.50 ns, 59.4218 ns/op
WorkloadResult  14: 8388608 op, 498688493.50 ns, 59.4483 ns/op
WorkloadResult  15: 8388608 op, 499800377.50 ns, 59.5808 ns/op
WorkloadResult  16: 8388608 op, 499807508.50 ns, 59.5817 ns/op
WorkloadResult  17: 8388608 op, 499450339.50 ns, 59.5391 ns/op
WorkloadResult  18: 8388608 op, 498181582.50 ns, 59.3879 ns/op
WorkloadResult  19: 8388608 op, 501071909.50 ns, 59.7324 ns/op
WorkloadResult  20: 8388608 op, 498057995.50 ns, 59.3731 ns/op
// GC:  0 0 0 0 8388608
// Threading:  0 0 8388608

// AfterAll
// Benchmark Process 3181 has exited with code 0.

Mean = 59.460 ns, StdErr = 0.025 ns (0.04%), N = 20, StdDev = 0.113 ns
Min = 59.245 ns, Q1 = 59.385 ns, Median = 59.452 ns, Q3 = 59.526 ns, Max = 59.732 ns
IQR = 0.141 ns, LowerFence = 59.174 ns, UpperFence = 59.738 ns
ConfidenceInterval = [59.361 ns; 59.558 ns] (CI 99.9%), Margin = 0.098 ns (0.17% of Mean)
Skewness = 0.31, Kurtosis = 2.9, MValue = 2

// ** Remained 11 (61.1 %) benchmark(s) to run. Estimated finish 2026-09-27 17:03 (0h 2m from now) **
// **************************
// Benchmark: MemoryCacheProviderBenchmarks.GetAsync_CacheMiss: ShortRun(IterationCount=3, LaunchCount=1, WarmupCount=3)
// *** Execute ***
// Launch: 1 / 1
// Execute: dotnet Encina.Caching.Memory.Benchmarks-Job-NUBXJZ-1.dll --anonymousPipes 152 153 --benchmarkName Encina.Caching.Memory.Benchmarks.Benchmarks.MemoryCacheProviderBenchmarks.GetAsync_CacheMiss --job ShortRun --benchmarkId 7 in /home/runner/work/Encina/Encina/tests/Encina.BenchmarkTests/Encina.Caching.Memory.Benchmarks/bin/Release/net10.0/Encina.Caching.Memory.Benchmarks-Job-NUBXJZ-1/bin/Release/net10.0
// Failed to set up high priority (Permission denied). In order to run benchmarks with high priority, make sure you have the right permissions.
// BeforeAnythingElse

// Benchmark Process Environment Information:
// BenchmarkDotNet v0.15.8
// Runtime=.NET 10.0.12 (10.0.12, 10.0.1226.42308), X64 RyuJIT x86-64-v3
// GC=Concurrent Workstation
// HardwareIntrinsics=AVX2+BMI1+BMI2+F16C+FMA+LZCNT+MOVBE,AVX,SSE3+SSSE3+SSE4.1+SSE4.2+POPCNT,X86Base+SSE+SSE2,AES+PCLMUL VectorSize=256
// Job: ShortRun(IterationCount=3, LaunchCount=1, WarmupCount=3)

OverheadJitting  1: 1 op, 282247.00 ns, 282.2470 us/op
WorkloadJitting  1: 1 op, 4377294.00 ns, 4.3773 ms/op

OverheadJitting  2: 16 op, 488809.00 ns, 30.5506 us/op
WorkloadJitting  2: 16 op, 526496.00 ns, 32.9060 us/op

WorkloadPilot    1: 16 op, 5659.00 ns, 353.6875 ns/op
WorkloadPilot    2: 32 op, 6019.00 ns, 188.0938 ns/op
WorkloadPilot    3: 64 op, 7642.00 ns, 119.4063 ns/op
WorkloadPilot    4: 128 op, 9173.00 ns, 71.6641 ns/op
WorkloadPilot    5: 256 op, 17296.00 ns, 67.5625 ns/op
WorkloadPilot    6: 512 op, 32339.00 ns, 63.1621 ns/op
WorkloadPilot    7: 1024 op, 62554.00 ns, 61.0879 ns/op
WorkloadPilot    8: 2048 op, 123517.00 ns, 60.3110 ns/op
WorkloadPilot    9: 4096 op, 248255.00 ns, 60.6091 ns/op
WorkloadPilot   10: 8192 op, 511112.00 ns, 62.3916 ns/op
WorkloadPilot   11: 16384 op, 1027352.00 ns, 62.7046 ns/op
WorkloadPilot   12: 32768 op, 1973441.00 ns, 60.2246 ns/op
WorkloadPilot   13: 65536 op, 3999232.00 ns, 61.0234 ns/op
WorkloadPilot   14: 131072 op, 8049552.00 ns, 61.4132 ns/op
WorkloadPilot   15: 262144 op, 15906872.00 ns, 60.6799 ns/op
WorkloadPilot   16: 524288 op, 31657709.00 ns, 60.3823 ns/op
WorkloadPilot   17: 1048576 op, 63330552.00 ns, 60.3967 ns/op
WorkloadPilot   18: 2097152 op, 126385147.00 ns, 60.2651 ns/op
WorkloadPilot   19: 4194304 op, 253523512.00 ns, 60.4447 ns/op
WorkloadPilot   20: 8388608 op, 505522809.00 ns, 60.2630 ns/op

OverheadWarmup   1: 8388608 op, 31256924.00 ns, 3.7261 ns/op
OverheadWarmup   2: 8388608 op, 31298907.00 ns, 3.7311 ns/op
OverheadWarmup   3: 8388608 op, 28231003.00 ns, 3.3654 ns/op
OverheadWarmup   4: 8388608 op, 28233075.00 ns, 3.3656 ns/op
OverheadWarmup   5: 8388608 op, 28230561.00 ns, 3.3653 ns/op

OverheadActual   1: 8388608 op, 28195268.00 ns, 3.3611 ns/op
OverheadActual   2: 8388608 op, 31149572.00 ns, 3.7133 ns/op
OverheadActual   3: 8388608 op, 28269410.00 ns, 3.3700 ns/op
OverheadActual   4: 8388608 op, 31197865.00 ns, 3.7191 ns/op
OverheadActual   5: 8388608 op, 31229903.00 ns, 3.7229 ns/op
OverheadActual   6: 8388608 op, 31199106.00 ns, 3.7192 ns/op
OverheadActual   7: 8388608 op, 31246558.00 ns, 3.7249 ns/op
OverheadActual   8: 8388608 op, 31182051.00 ns, 3.7172 ns/op
OverheadActual   9: 8388608 op, 31186458.00 ns, 3.7177 ns/op
OverheadActual  10: 8388608 op, 28185123.00 ns, 3.3599 ns/op
OverheadActual  11: 8388608 op, 31410796.00 ns, 3.7445 ns/op
OverheadActual  12: 8388608 op, 31152757.00 ns, 3.7137 ns/op
OverheadActual  13: 8388608 op, 28212114.00 ns, 3.3631 ns/op
OverheadActual  14: 8388608 op, 34092318.00 ns, 4.0641 ns/op
OverheadActual  15: 8388608 op, 31190629.00 ns, 3.7182 ns/op
OverheadActual  16: 8388608 op, 28263211.00 ns, 3.3692 ns/op
OverheadActual  17: 8388608 op, 28277442.00 ns, 3.3709 ns/op
OverheadActual  18: 8388608 op, 28198884.00 ns, 3.3616 ns/op
OverheadActual  19: 8388608 op, 28298895.00 ns, 3.3735 ns/op
OverheadActual  20: 8388608 op, 31206517.00 ns, 3.7201 ns/op

WorkloadWarmup   1: 8388608 op, 506444271.00 ns, 60.3729 ns/op
WorkloadWarmup   2: 8388608 op, 505542489.00 ns, 60.2654 ns/op
WorkloadWarmup   3: 8388608 op, 506436018.00 ns, 60.3719 ns/op

// BeforeActualRun
WorkloadActual   1: 8388608 op, 505729260.00 ns, 60.2876 ns/op
WorkloadActual   2: 8388608 op, 505816571.00 ns, 60.2980 ns/op
WorkloadActual   3: 8388608 op, 505069973.00 ns, 60.2090 ns/op

// AfterActualRun
WorkloadResult   1: 8388608 op, 474561856.00 ns, 56.5722 ns/op
WorkloadResult   2: 8388608 op, 474649167.00 ns, 56.5826 ns/op
WorkloadResult   3: 8388608 op, 473902569.00 ns, 56.4936 ns/op
// GC:  0 0 0 0 8388608
// Threading:  0 0 8388608

// AfterAll
// Benchmark Process 3193 has exited with code 0.

Mean = 56.549 ns, StdErr = 0.028 ns (0.05%), N = 3, StdDev = 0.049 ns
Min = 56.494 ns, Q1 = 56.533 ns, Median = 56.572 ns, Q3 = 56.577 ns, Max = 56.583 ns
IQR = 0.045 ns, LowerFence = 56.466 ns, UpperFence = 56.644 ns
ConfidenceInterval = [55.662 ns; 57.437 ns] (CI 99.9%), Margin = 0.888 ns (1.57% of Mean)
Skewness = -0.37, Kurtosis = 0.67, MValue = 2

// ** Remained 10 (55.6 %) benchmark(s) to run. Estimated finish 2026-09-27 17:02 (0h 2m from now) **
// **************************
// Benchmark: MemoryCacheProviderBenchmarks.GetOrSetAsync_CacheHit: Job-NUBXJZ(IterationCount=20, WarmupCount=5)
// *** Execute ***
// Launch: 1 / 1
// Execute: dotnet Encina.Caching.Memory.Benchmarks-Job-NUBXJZ-1.dll --anonymousPipes 152 153 --benchmarkName Encina.Caching.Memory.Benchmarks.Benchmarks.MemoryCacheProviderBenchmarks.GetOrSetAsync_CacheHit --job "IterationCount=20, WarmupCount=5" --benchmarkId 8 in /home/runner/work/Encina/Encina/tests/Encina.BenchmarkTests/Encina.Caching.Memory.Benchmarks/bin/Release/net10.0/Encina.Caching.Memory.Benchmarks-Job-NUBXJZ-1/bin/Release/net10.0
// Failed to set up high priority (Permission denied). In order to run benchmarks with high priority, make sure you have the right permissions.
// BeforeAnythingElse

// Benchmark Process Environment Information:
// BenchmarkDotNet v0.15.8
// Runtime=.NET 10.0.12 (10.0.12, 10.0.1226.42308), X64 RyuJIT x86-64-v3
// GC=Concurrent Workstation
// HardwareIntrinsics=AVX2+BMI1+BMI2+F16C+FMA+LZCNT+MOVBE,AVX,SSE3+SSSE3+SSE4.1+SSE4.2+POPCNT,X86Base+SSE+SSE2,AES+PCLMUL VectorSize=256
// Job: Job-NUBXJZ(IterationCount=20, WarmupCount=5)

OverheadJitting  1: 1 op, 269156.00 ns, 269.1560 us/op
WorkloadJitting  1: 1 op, 6865483.00 ns, 6.8655 ms/op

OverheadJitting  2: 16 op, 483039.00 ns, 30.1899 us/op
WorkloadJitting  2: 16 op, 589411.00 ns, 36.8382 us/op

WorkloadPilot    1: 16 op, 29574.00 ns, 1.8484 us/op
WorkloadPilot    2: 32 op, 30586.00 ns, 955.8125 ns/op
WorkloadPilot    3: 64 op, 42234.00 ns, 659.9063 ns/op
WorkloadPilot    4: 128 op, 72219.00 ns, 564.2109 ns/op
WorkloadPilot    5: 256 op, 110176.00 ns, 430.3750 ns/op
WorkloadPilot    6: 512 op, 186612.00 ns, 364.4766 ns/op
WorkloadPilot    7: 1024 op, 243938.00 ns, 238.2207 ns/op
WorkloadPilot    8: 2048 op, 527597.00 ns, 257.6157 ns/op
WorkloadPilot    9: 4096 op, 1096777.00 ns, 267.7678 ns/op
WorkloadPilot   10: 8192 op, 2177029.00 ns, 265.7506 ns/op
WorkloadPilot   11: 16384 op, 4321289.00 ns, 263.7505 ns/op
WorkloadPilot   12: 32768 op, 8604590.00 ns, 262.5912 ns/op
WorkloadPilot   13: 65536 op, 15747752.00 ns, 240.2916 ns/op
WorkloadPilot   14: 131072 op, 16435932.00 ns, 125.3962 ns/op
WorkloadPilot   15: 262144 op, 32509116.00 ns, 124.0124 ns/op
WorkloadPilot   16: 524288 op, 64169659.00 ns, 122.3939 ns/op
WorkloadPilot   17: 1048576 op, 129931193.00 ns, 123.9120 ns/op
WorkloadPilot   18: 2097152 op, 261560302.00 ns, 124.7217 ns/op
WorkloadPilot   19: 4194304 op, 515977372.00 ns, 123.0186 ns/op

OverheadWarmup   1: 4194304 op, 17069479.00 ns, 4.0697 ns/op
OverheadWarmup   2: 4194304 op, 17097852.00 ns, 4.0764 ns/op
OverheadWarmup   3: 4194304 op, 17053625.00 ns, 4.0659 ns/op
OverheadWarmup   4: 4194304 op, 17135279.00 ns, 4.0854 ns/op
OverheadWarmup   5: 4194304 op, 15582091.00 ns, 3.7151 ns/op

OverheadActual   1: 4194304 op, 14126513.00 ns, 3.3680 ns/op
OverheadActual   2: 4194304 op, 14141526.00 ns, 3.3716 ns/op
OverheadActual   3: 4194304 op, 14124299.00 ns, 3.3675 ns/op
OverheadActual   4: 4194304 op, 17092544.00 ns, 4.0752 ns/op
OverheadActual   5: 4194304 op, 15633690.00 ns, 3.7274 ns/op
OverheadActual   6: 4194304 op, 15669514.00 ns, 3.7359 ns/op
OverheadActual   7: 4194304 op, 15596163.00 ns, 3.7184 ns/op
OverheadActual   8: 4194304 op, 17051402.00 ns, 4.0654 ns/op
OverheadActual   9: 4194304 op, 14109637.00 ns, 3.3640 ns/op
OverheadActual  10: 4194304 op, 17046484.00 ns, 4.0642 ns/op
OverheadActual  11: 4194304 op, 17199035.00 ns, 4.1006 ns/op
OverheadActual  12: 4194304 op, 17078733.00 ns, 4.0719 ns/op
OverheadActual  13: 4194304 op, 17087296.00 ns, 4.0739 ns/op
OverheadActual  14: 4194304 op, 15589773.00 ns, 3.7169 ns/op
OverheadActual  15: 4194304 op, 15588682.00 ns, 3.7166 ns/op
OverheadActual  16: 4194304 op, 14102807.00 ns, 3.3624 ns/op
OverheadActual  17: 4194304 op, 17067316.00 ns, 4.0692 ns/op
OverheadActual  18: 4194304 op, 15580910.00 ns, 3.7148 ns/op
OverheadActual  19: 4194304 op, 14122276.00 ns, 3.3670 ns/op
OverheadActual  20: 4194304 op, 14094975.00 ns, 3.3605 ns/op

WorkloadWarmup   1: 4194304 op, 522245242.00 ns, 124.5130 ns/op
WorkloadWarmup   2: 4194304 op, 522089708.00 ns, 124.4759 ns/op
WorkloadWarmup   3: 4194304 op, 514298907.00 ns, 122.6184 ns/op
WorkloadWarmup   4: 4194304 op, 518114932.00 ns, 123.5282 ns/op
WorkloadWarmup   5: 4194304 op, 513850008.00 ns, 122.5114 ns/op

// BeforeActualRun
WorkloadActual   1: 4194304 op, 517474945.00 ns, 123.3756 ns/op
WorkloadActual   2: 4194304 op, 519486594.00 ns, 123.8553 ns/op
WorkloadActual   3: 4194304 op, 519981582.00 ns, 123.9733 ns/op
WorkloadActual   4: 4194304 op, 515841347.00 ns, 122.9862 ns/op
WorkloadActual   5: 4194304 op, 520385989.00 ns, 124.0697 ns/op
WorkloadActual   6: 4194304 op, 515825637.00 ns, 122.9824 ns/op
WorkloadActual   7: 4194304 op, 518927454.00 ns, 123.7219 ns/op
WorkloadActual   8: 4194304 op, 519051992.00 ns, 123.7516 ns/op
WorkloadActual   9: 4194304 op, 520043750.00 ns, 123.9881 ns/op
WorkloadActual  10: 4194304 op, 517307576.00 ns, 123.3357 ns/op
WorkloadActual  11: 4194304 op, 518184140.00 ns, 123.5447 ns/op
WorkloadActual  12: 4194304 op, 516910036.00 ns, 123.2410 ns/op
WorkloadActual  13: 4194304 op, 519141316.00 ns, 123.7729 ns/op
WorkloadActual  14: 4194304 op, 517818027.00 ns, 123.4574 ns/op
WorkloadActual  15: 4194304 op, 519756266.00 ns, 123.9196 ns/op
WorkloadActual  16: 4194304 op, 523716914.00 ns, 124.8638 ns/op
WorkloadActual  17: 4194304 op, 517951198.00 ns, 123.4892 ns/op
WorkloadActual  18: 4194304 op, 520810568.00 ns, 124.1709 ns/op
WorkloadActual  19: 4194304 op, 513851765.00 ns, 122.5118 ns/op
WorkloadActual  20: 4194304 op, 518168436.00 ns, 123.5410 ns/op

// AfterActualRun
WorkloadResult   1: 4194304 op, 501881977.00 ns, 119.6580 ns/op
WorkloadResult   2: 4194304 op, 503893626.00 ns, 120.1376 ns/op
WorkloadResult   3: 4194304 op, 504388614.00 ns, 120.2556 ns/op
WorkloadResult   4: 4194304 op, 500248379.00 ns, 119.2685 ns/op
WorkloadResult   5: 4194304 op, 504793021.00 ns, 120.3520 ns/op
WorkloadResult   6: 4194304 op, 500232669.00 ns, 119.2648 ns/op
WorkloadResult   7: 4194304 op, 503334486.00 ns, 120.0043 ns/op
WorkloadResult   8: 4194304 op, 503459024.00 ns, 120.0340 ns/op
WorkloadResult   9: 4194304 op, 504450782.00 ns, 120.2704 ns/op
WorkloadResult  10: 4194304 op, 501714608.00 ns, 119.6181 ns/op
WorkloadResult  11: 4194304 op, 502591172.00 ns, 119.8271 ns/op
WorkloadResult  12: 4194304 op, 501317068.00 ns, 119.5233 ns/op
WorkloadResult  13: 4194304 op, 503548348.00 ns, 120.0553 ns/op
WorkloadResult  14: 4194304 op, 502225059.00 ns, 119.7398 ns/op
WorkloadResult  15: 4194304 op, 504163298.00 ns, 120.2019 ns/op
WorkloadResult  16: 4194304 op, 502358230.00 ns, 119.7715 ns/op
WorkloadResult  17: 4194304 op, 505217600.00 ns, 120.4533 ns/op
WorkloadResult  18: 4194304 op, 498258797.00 ns, 118.7942 ns/op
WorkloadResult  19: 4194304 op, 502575468.00 ns, 119.8233 ns/op
// GC:  70 0 0 1174405120 4194304
// Threading:  0 0 4194304

// AfterAll
// Benchmark Process 3201 has exited with code 0.

Mean = 119.845 ns, StdErr = 0.098 ns (0.08%), N = 19, StdDev = 0.427 ns
Min = 118.794 ns, Q1 = 119.638 ns, Median = 119.827 ns, Q3 = 120.170 ns, Max = 120.453 ns
IQR = 0.532 ns, LowerFence = 118.840 ns, UpperFence = 120.967 ns
ConfidenceInterval = [119.461 ns; 120.229 ns] (CI 99.9%), Margin = 0.384 ns (0.32% of Mean)
Skewness = -0.68, Kurtosis = 2.78, MValue = 2

// ** Remained 9 (50.0 %) benchmark(s) to run. Estimated finish 2026-09-27 17:03 (0h 2m from now) **
// **************************
// Benchmark: MemoryCacheProviderBenchmarks.GetOrSetAsync_CacheHit: ShortRun(IterationCount=3, LaunchCount=1, WarmupCount=3)
// *** Execute ***
// Launch: 1 / 1
// Execute: dotnet Encina.Caching.Memory.Benchmarks-Job-NUBXJZ-1.dll --anonymousPipes 152 153 --benchmarkName Encina.Caching.Memory.Benchmarks.Benchmarks.MemoryCacheProviderBenchmarks.GetOrSetAsync_CacheHit --job ShortRun --benchmarkId 9 in /home/runner/work/Encina/Encina/tests/Encina.BenchmarkTests/Encina.Caching.Memory.Benchmarks/bin/Release/net10.0/Encina.Caching.Memory.Benchmarks-Job-NUBXJZ-1/bin/Release/net10.0
// Failed to set up high priority (Permission denied). In order to run benchmarks with high priority, make sure you have the right permissions.
// BeforeAnythingElse

// Benchmark Process Environment Information:
// BenchmarkDotNet v0.15.8
// Runtime=.NET 10.0.12 (10.0.12, 10.0.1226.42308), X64 RyuJIT x86-64-v3
// GC=Concurrent Workstation
// HardwareIntrinsics=AVX2+BMI1+BMI2+F16C+FMA+LZCNT+MOVBE,AVX,SSE3+SSSE3+SSE4.1+SSE4.2+POPCNT,X86Base+SSE+SSE2,AES+PCLMUL VectorSize=256
// Job: ShortRun(IterationCount=3, LaunchCount=1, WarmupCount=3)

OverheadJitting  1: 1 op, 297139.00 ns, 297.1390 us/op
WorkloadJitting  1: 1 op, 6846725.00 ns, 6.8467 ms/op

OverheadJitting  2: 16 op, 513175.00 ns, 32.0734 us/op
WorkloadJitting  2: 16 op, 553376.00 ns, 34.5860 us/op

WorkloadPilot    1: 16 op, 38899.00 ns, 2.4312 us/op
WorkloadPilot    2: 32 op, 30906.00 ns, 965.8125 ns/op
WorkloadPilot    3: 64 op, 40401.00 ns, 631.2656 ns/op
WorkloadPilot    4: 128 op, 59350.00 ns, 463.6719 ns/op
WorkloadPilot    5: 256 op, 103397.00 ns, 403.8945 ns/op
WorkloadPilot    6: 512 op, 181164.00 ns, 353.8359 ns/op
WorkloadPilot    7: 1024 op, 359313.00 ns, 350.8916 ns/op
WorkloadPilot    8: 2048 op, 531553.00 ns, 259.5474 ns/op
WorkloadPilot    9: 4096 op, 1139712.00 ns, 278.2500 ns/op
WorkloadPilot   10: 8192 op, 2208227.00 ns, 269.5590 ns/op
WorkloadPilot   11: 16384 op, 4610516.00 ns, 281.4036 ns/op
WorkloadPilot   12: 32768 op, 9590370.00 ns, 292.6749 ns/op
WorkloadPilot   13: 65536 op, 16762216.00 ns, 255.7711 ns/op
WorkloadPilot   14: 131072 op, 17666402.00 ns, 134.7840 ns/op
WorkloadPilot   15: 262144 op, 35496661.00 ns, 135.4090 ns/op
WorkloadPilot   16: 524288 op, 72062107.00 ns, 137.4476 ns/op
WorkloadPilot   17: 1048576 op, 137402587.00 ns, 131.0373 ns/op
WorkloadPilot   18: 2097152 op, 276628258.00 ns, 131.9066 ns/op
WorkloadPilot   19: 4194304 op, 552865015.00 ns, 131.8133 ns/op

OverheadWarmup   1: 4194304 op, 17086515.00 ns, 4.0737 ns/op
OverheadWarmup   2: 4194304 op, 17100156.00 ns, 4.0770 ns/op
OverheadWarmup   3: 4194304 op, 14091681.00 ns, 3.3597 ns/op
OverheadWarmup   4: 4194304 op, 14151771.00 ns, 3.3740 ns/op
OverheadWarmup   5: 4194304 op, 17080056.00 ns, 4.0722 ns/op
OverheadWarmup   6: 4194304 op, 17065283.00 ns, 4.0687 ns/op

OverheadActual   1: 4194304 op, 14262248.00 ns, 3.4004 ns/op
OverheadActual   2: 4194304 op, 14120915.00 ns, 3.3667 ns/op
OverheadActual   3: 4194304 op, 14113234.00 ns, 3.3649 ns/op
OverheadActual   4: 4194304 op, 14159623.00 ns, 3.3759 ns/op
OverheadActual   5: 4194304 op, 14113423.00 ns, 3.3649 ns/op
OverheadActual   6: 4194304 op, 14129488.00 ns, 3.3687 ns/op
OverheadActual   7: 4194304 op, 17167017.00 ns, 4.0929 ns/op
OverheadActual   8: 4194304 op, 17078684.00 ns, 4.0719 ns/op
OverheadActual   9: 4194304 op, 17056831.00 ns, 4.0667 ns/op
OverheadActual  10: 4194304 op, 17058353.00 ns, 4.0670 ns/op
OverheadActual  11: 4194304 op, 17074407.00 ns, 4.0709 ns/op
OverheadActual  12: 4194304 op, 14193054.00 ns, 3.3839 ns/op
OverheadActual  13: 4194304 op, 17185074.00 ns, 4.0972 ns/op
OverheadActual  14: 4194304 op, 14135938.00 ns, 3.3703 ns/op
OverheadActual  15: 4194304 op, 14116378.00 ns, 3.3656 ns/op
OverheadActual  16: 4194304 op, 14116017.00 ns, 3.3655 ns/op
OverheadActual  17: 4194304 op, 14110399.00 ns, 3.3642 ns/op
OverheadActual  18: 4194304 op, 14109608.00 ns, 3.3640 ns/op
OverheadActual  19: 4194304 op, 14130099.00 ns, 3.3689 ns/op
OverheadActual  20: 4194304 op, 14103699.00 ns, 3.3626 ns/op

WorkloadWarmup   1: 4194304 op, 561154059.00 ns, 133.7896 ns/op
WorkloadWarmup   2: 4194304 op, 562217965.00 ns, 134.0432 ns/op
WorkloadWarmup   3: 4194304 op, 554722441.00 ns, 132.2561 ns/op

// BeforeActualRun
WorkloadActual   1: 4194304 op, 560452869.00 ns, 133.6224 ns/op
WorkloadActual   2: 4194304 op, 566947501.00 ns, 135.1708 ns/op
WorkloadActual   3: 4194304 op, 559395681.00 ns, 133.3703 ns/op

// AfterActualRun
WorkloadResult   1: 4194304 op, 546319850.50 ns, 130.2528 ns/op
WorkloadResult   2: 4194304 op, 552814482.50 ns, 131.8012 ns/op
WorkloadResult   3: 4194304 op, 545262662.50 ns, 130.0007 ns/op
// GC:  70 0 0 1174405120 4194304
// Threading:  0 0 4194304

// AfterAll
// Benchmark Process 3211 has exited with code 0.

Mean = 130.685 ns, StdErr = 0.563 ns (0.43%), N = 3, StdDev = 0.975 ns
Min = 130.001 ns, Q1 = 130.127 ns, Median = 130.253 ns, Q3 = 131.027 ns, Max = 131.801 ns
IQR = 0.900 ns, LowerFence = 128.776 ns, UpperFence = 132.377 ns
ConfidenceInterval = [112.899 ns; 148.471 ns] (CI 99.9%), Margin = 17.786 ns (13.61% of Mean)
Skewness = 0.36, Kurtosis = 0.67, MValue = 2

// ** Remained 8 (44.4 %) benchmark(s) to run. Estimated finish 2026-09-27 17:02 (0h 1m from now) **
// **************************
// Benchmark: MemoryCacheProviderBenchmarks.GetOrSetAsync_CacheMiss: Job-NUBXJZ(IterationCount=20, WarmupCount=5)
// *** Execute ***
// Launch: 1 / 1
// Execute: dotnet Encina.Caching.Memory.Benchmarks-Job-NUBXJZ-1.dll --anonymousPipes 152 153 --benchmarkName Encina.Caching.Memory.Benchmarks.Benchmarks.MemoryCacheProviderBenchmarks.GetOrSetAsync_CacheMiss --job "IterationCount=20, WarmupCount=5" --benchmarkId 10 in /home/runner/work/Encina/Encina/tests/Encina.BenchmarkTests/Encina.Caching.Memory.Benchmarks/bin/Release/net10.0/Encina.Caching.Memory.Benchmarks-Job-NUBXJZ-1/bin/Release/net10.0
// Failed to set up high priority (Permission denied). In order to run benchmarks with high priority, make sure you have the right permissions.
// BeforeAnythingElse

// Benchmark Process Environment Information:
// BenchmarkDotNet v0.15.8
// Runtime=.NET 10.0.12 (10.0.12, 10.0.1226.42308), X64 RyuJIT x86-64-v3
// GC=Concurrent Workstation
// HardwareIntrinsics=AVX2+BMI1+BMI2+F16C+FMA+LZCNT+MOVBE,AVX,SSE3+SSSE3+SSE4.1+SSE4.2+POPCNT,X86Base+SSE+SSE2,AES+PCLMUL VectorSize=256
// Job: Job-NUBXJZ(IterationCount=20, WarmupCount=5)

OverheadJitting  1: 1 op, 257339.00 ns, 257.3390 us/op
WorkloadJitting  1: 1 op, 12749022.00 ns, 12.7490 ms/op

OverheadJitting  2: 16 op, 515910.00 ns, 32.2444 us/op
WorkloadJitting  2: 16 op, 557392.00 ns, 34.8370 us/op

WorkloadPilot    1: 16 op, 186061.00 ns, 11.6288 us/op
WorkloadPilot    2: 32 op, 90667.00 ns, 2.8333 us/op
WorkloadPilot    3: 64 op, 235265.00 ns, 3.6760 us/op
WorkloadPilot    4: 128 op, 384411.00 ns, 3.0032 us/op
WorkloadPilot    5: 256 op, 769703.00 ns, 3.0067 us/op
WorkloadPilot    6: 512 op, 1467817.00 ns, 2.8668 us/op
WorkloadPilot    7: 1024 op, 2734842.00 ns, 2.6707 us/op
WorkloadPilot    8: 2048 op, 5901416.00 ns, 2.8816 us/op
WorkloadPilot    9: 4096 op, 11712666.00 ns, 2.8595 us/op
WorkloadPilot   10: 8192 op, 19154971.00 ns, 2.3383 us/op
WorkloadPilot   11: 16384 op, 71973663.00 ns, 4.3929 us/op
WorkloadPilot   12: 32768 op, 160159820.00 ns, 4.8877 us/op
WorkloadPilot   13: 65536 op, 362292546.00 ns, 5.5281 us/op
WorkloadPilot   14: 131072 op, 539960365.00 ns, 4.1196 us/op

OverheadWarmup   1: 131072 op, 484102.00 ns, 3.6934 ns/op
OverheadWarmup   2: 131072 op, 494657.00 ns, 3.7739 ns/op
OverheadWarmup   3: 131072 op, 494787.00 ns, 3.7749 ns/op
OverheadWarmup   4: 131072 op, 494988.00 ns, 3.7765 ns/op
OverheadWarmup   5: 131072 op, 484041.00 ns, 3.6929 ns/op
OverheadWarmup   6: 131072 op, 496541.00 ns, 3.7883 ns/op
OverheadWarmup   7: 131072 op, 494828.00 ns, 3.7752 ns/op

OverheadActual   1: 131072 op, 506595.00 ns, 3.8650 ns/op
OverheadActual   2: 131072 op, 484412.00 ns, 3.6958 ns/op
OverheadActual   3: 131072 op, 495118.00 ns, 3.7775 ns/op
OverheadActual   4: 131072 op, 484202.00 ns, 3.6942 ns/op
OverheadActual   5: 131072 op, 487456.00 ns, 3.7190 ns/op
OverheadActual   6: 131072 op, 483941.00 ns, 3.6922 ns/op
OverheadActual   7: 131072 op, 494887.00 ns, 3.7757 ns/op
OverheadActual   8: 131072 op, 494697.00 ns, 3.7742 ns/op
OverheadActual   9: 131072 op, 484121.00 ns, 3.6936 ns/op
OverheadActual  10: 131072 op, 495789.00 ns, 3.7826 ns/op
OverheadActual  11: 131072 op, 494958.00 ns, 3.7762 ns/op
OverheadActual  12: 131072 op, 495909.00 ns, 3.7835 ns/op
OverheadActual  13: 131072 op, 483981.00 ns, 3.6925 ns/op
OverheadActual  14: 131072 op, 484161.00 ns, 3.6939 ns/op
OverheadActual  15: 131072 op, 494558.00 ns, 3.7732 ns/op

WorkloadWarmup   1: 131072 op, 787327229.00 ns, 6.0068 us/op
WorkloadWarmup   2: 131072 op, 598381037.00 ns, 4.5653 us/op
WorkloadWarmup   3: 131072 op, 1046143025.00 ns, 7.9814 us/op
WorkloadWarmup   4: 131072 op, 712948354.00 ns, 5.4394 us/op
WorkloadWarmup   5: 131072 op, 642321118.00 ns, 4.9005 us/op

// BeforeActualRun
WorkloadActual   1: 131072 op, 658335498.00 ns, 5.0227 us/op
WorkloadActual   2: 131072 op, 658604364.00 ns, 5.0248 us/op
WorkloadActual   3: 131072 op, 1605340231.00 ns, 12.2478 us/op
WorkloadActual   4: 131072 op, 777114348.00 ns, 5.9289 us/op
WorkloadActual   5: 131072 op, 834225392.00 ns, 6.3646 us/op
WorkloadActual   6: 131072 op, 776719472.00 ns, 5.9259 us/op
WorkloadActual   7: 131072 op, 732316049.00 ns, 5.5871 us/op
WorkloadActual   8: 131072 op, 771583623.00 ns, 5.8867 us/op
WorkloadActual   9: 131072 op, 787066775.00 ns, 6.0048 us/op
WorkloadActual  10: 131072 op, 756465851.00 ns, 5.7714 us/op
WorkloadActual  11: 131072 op, 744486059.00 ns, 5.6800 us/op
WorkloadActual  12: 131072 op, 776306738.00 ns, 5.9228 us/op
WorkloadActual  13: 131072 op, 808329768.00 ns, 6.1671 us/op
WorkloadActual  14: 131072 op, 2895461716.00 ns, 22.0906 us/op
WorkloadActual  15: 131072 op, 776022193.00 ns, 5.9206 us/op
WorkloadActual  16: 131072 op, 874654299.00 ns, 6.6731 us/op
WorkloadActual  17: 131072 op, 963551991.00 ns, 7.3513 us/op
WorkloadActual  18: 131072 op, 902625761.00 ns, 6.8865 us/op
WorkloadActual  19: 131072 op, 916587088.00 ns, 6.9930 us/op
WorkloadActual  20: 131072 op, 918401665.00 ns, 7.0068 us/op

// AfterActualRun
WorkloadResult   1: 131072 op, 657840940.00 ns, 5.0189 us/op
WorkloadResult   2: 131072 op, 658109806.00 ns, 5.0210 us/op
WorkloadResult   3: 131072 op, 776619790.00 ns, 5.9251 us/op
WorkloadResult   4: 131072 op, 833730834.00 ns, 6.3609 us/op
WorkloadResult   5: 131072 op, 776224914.00 ns, 5.9221 us/op
WorkloadResult   6: 131072 op, 731821491.00 ns, 5.5834 us/op
WorkloadResult   7: 131072 op, 771089065.00 ns, 5.8829 us/op
WorkloadResult   8: 131072 op, 786572217.00 ns, 6.0011 us/op
WorkloadResult   9: 131072 op, 755971293.00 ns, 5.7676 us/op
WorkloadResult  10: 131072 op, 743991501.00 ns, 5.6762 us/op
WorkloadResult  11: 131072 op, 775812180.00 ns, 5.9190 us/op
WorkloadResult  12: 131072 op, 807835210.00 ns, 6.1633 us/op
WorkloadResult  13: 131072 op, 775527635.00 ns, 5.9168 us/op
WorkloadResult  14: 131072 op, 874159741.00 ns, 6.6693 us/op
WorkloadResult  15: 131072 op, 963057433.00 ns, 7.3475 us/op
WorkloadResult  16: 131072 op, 902131203.00 ns, 6.8827 us/op
WorkloadResult  17: 131072 op, 916092530.00 ns, 6.9892 us/op
WorkloadResult  18: 131072 op, 917907107.00 ns, 7.0031 us/op
// GC:  8 7 0 141557760 131072
// Threading:  0 0 131072

// AfterAll
// Benchmark Process 3217 has exited with code 0.

Mean = 6.114 μs, StdErr = 0.154 μs (2.52%), N = 18, StdDev = 0.653 μs
Min = 5.019 μs, Q1 = 5.796 μs, Median = 5.924 μs, Q3 = 6.592 μs, Max = 7.348 μs
IQR = 0.796 μs, LowerFence = 4.603 μs, UpperFence = 7.786 μs
ConfidenceInterval = [5.504 μs; 6.724 μs] (CI 99.9%), Margin = 0.610 μs (9.98% of Mean)
Skewness = 0.19, Kurtosis = 2.14, MValue = 2

// ** Remained 7 (38.9 %) benchmark(s) to run. Estimated finish 2026-09-27 17:07 (0h 3m from now) **
// **************************
// Benchmark: MemoryCacheProviderBenchmarks.GetOrSetAsync_CacheMiss: ShortRun(IterationCount=3, LaunchCount=1, WarmupCount=3)
// *** Execute ***
// Launch: 1 / 1
// Execute: dotnet Encina.Caching.Memory.Benchmarks-Job-NUBXJZ-1.dll --anonymousPipes 152 153 --benchmarkName Encina.Caching.Memory.Benchmarks.Benchmarks.MemoryCacheProviderBenchmarks.GetOrSetAsync_CacheMiss --job ShortRun --benchmarkId 11 in /home/runner/work/Encina/Encina/tests/Encina.BenchmarkTests/Encina.Caching.Memory.Benchmarks/bin/Release/net10.0/Encina.Caching.Memory.Benchmarks-Job-NUBXJZ-1/bin/Release/net10.0
// Failed to set up high priority (Permission denied). In order to run benchmarks with high priority, make sure you have the right permissions.
// BeforeAnythingElse

// Benchmark Process Environment Information:
// BenchmarkDotNet v0.15.8
// Runtime=.NET 10.0.12 (10.0.12, 10.0.1226.42308), X64 RyuJIT x86-64-v3
// GC=Concurrent Workstation
// HardwareIntrinsics=AVX2+BMI1+BMI2+F16C+FMA+LZCNT+MOVBE,AVX,SSE3+SSSE3+SSE4.1+SSE4.2+POPCNT,X86Base+SSE+SSE2,AES+PCLMUL VectorSize=256
// Job: ShortRun(IterationCount=3, LaunchCount=1, WarmupCount=3)

OverheadJitting  1: 1 op, 271391.00 ns, 271.3910 us/op
WorkloadJitting  1: 1 op, 12745869.00 ns, 12.7459 ms/op

OverheadJitting  2: 16 op, 535549.00 ns, 33.4718 us/op
WorkloadJitting  2: 16 op, 560086.00 ns, 35.0054 us/op

WorkloadPilot    1: 16 op, 177528.00 ns, 11.0955 us/op
WorkloadPilot    2: 32 op, 121574.00 ns, 3.7992 us/op
WorkloadPilot    3: 64 op, 194303.00 ns, 3.0360 us/op
WorkloadPilot    4: 128 op, 485353.00 ns, 3.7918 us/op
WorkloadPilot    5: 256 op, 787931.00 ns, 3.0779 us/op
WorkloadPilot    6: 512 op, 1606507.00 ns, 3.1377 us/op
WorkloadPilot    7: 1024 op, 2843536.00 ns, 2.7769 us/op
WorkloadPilot    8: 2048 op, 6127388.00 ns, 2.9919 us/op
WorkloadPilot    9: 4096 op, 12024239.00 ns, 2.9356 us/op
WorkloadPilot   10: 8192 op, 19431762.00 ns, 2.3720 us/op
WorkloadPilot   11: 16384 op, 70098540.00 ns, 4.2785 us/op
WorkloadPilot   12: 32768 op, 162922288.00 ns, 4.9720 us/op
WorkloadPilot   13: 65536 op, 322528656.00 ns, 4.9214 us/op
WorkloadPilot   14: 131072 op, 549715639.00 ns, 4.1940 us/op

OverheadWarmup   1: 131072 op, 516080.00 ns, 3.9374 ns/op
OverheadWarmup   2: 131072 op, 496721.00 ns, 3.7897 ns/op
OverheadWarmup   3: 131072 op, 498793.00 ns, 3.8055 ns/op
OverheadWarmup   4: 131072 op, 518513.00 ns, 3.9559 ns/op
OverheadWarmup   5: 131072 op, 498594.00 ns, 3.8040 ns/op
OverheadWarmup   6: 131072 op, 512495.00 ns, 3.9100 ns/op
OverheadWarmup   7: 131072 op, 495418.00 ns, 3.7797 ns/op

OverheadActual   1: 131072 op, 495779.00 ns, 3.7825 ns/op
OverheadActual   2: 131072 op, 497152.00 ns, 3.7930 ns/op
OverheadActual   3: 131072 op, 494837.00 ns, 3.7753 ns/op
OverheadActual   4: 131072 op, 498083.00 ns, 3.8001 ns/op
OverheadActual   5: 131072 op, 496850.00 ns, 3.7907 ns/op
OverheadActual   6: 131072 op, 486775.00 ns, 3.7138 ns/op
OverheadActual   7: 131072 op, 473295.00 ns, 3.6110 ns/op
OverheadActual   8: 131072 op, 506185.00 ns, 3.8619 ns/op
OverheadActual   9: 131072 op, 486565.00 ns, 3.7122 ns/op
OverheadActual  10: 131072 op, 486805.00 ns, 3.7140 ns/op
OverheadActual  11: 131072 op, 510231.00 ns, 3.8928 ns/op
OverheadActual  12: 131072 op, 517832.00 ns, 3.9507 ns/op
OverheadActual  13: 131072 op, 486695.00 ns, 3.7132 ns/op
OverheadActual  14: 131072 op, 527407.00 ns, 4.0238 ns/op
OverheadActual  15: 131072 op, 510251.00 ns, 3.8929 ns/op

WorkloadWarmup   1: 131072 op, 793707913.00 ns, 6.0555 us/op
WorkloadWarmup   2: 131072 op, 608204686.00 ns, 4.6402 us/op
WorkloadWarmup   3: 131072 op, 1047455066.00 ns, 7.9914 us/op

// BeforeActualRun
WorkloadActual   1: 131072 op, 677454882.00 ns, 5.1686 us/op
WorkloadActual   2: 131072 op, 682803432.00 ns, 5.2094 us/op
WorkloadActual   3: 131072 op, 654462964.00 ns, 4.9932 us/op

// AfterActualRun
WorkloadResult   1: 131072 op, 676958032.00 ns, 5.1648 us/op
WorkloadResult   2: 131072 op, 682306582.00 ns, 5.2056 us/op
WorkloadResult   3: 131072 op, 653966114.00 ns, 4.9894 us/op
// GC:  8 7 0 141557760 131072
// Threading:  0 0 131072

// AfterAll
// Benchmark Process 3312 has exited with code 0.

Mean = 5.120 μs, StdErr = 0.066 μs (1.30%), N = 3, StdDev = 0.115 μs
Min = 4.989 μs, Q1 = 5.077 μs, Median = 5.165 μs, Q3 = 5.185 μs, Max = 5.206 μs
IQR = 0.108 μs, LowerFence = 4.915 μs, UpperFence = 5.347 μs
ConfidenceInterval = [3.024 μs; 7.216 μs] (CI 99.9%), Margin = 2.096 μs (40.94% of Mean)
Skewness = -0.33, Kurtosis = 0.67, MValue = 2

// ** Remained 6 (33.3 %) benchmark(s) to run. Estimated finish 2026-09-27 17:07 (0h 2m from now) **
// **************************
// Benchmark: MemoryCacheProviderBenchmarks.RemoveAsync: Job-NUBXJZ(IterationCount=20, WarmupCount=5)
// *** Execute ***
// Launch: 1 / 1
// Execute: dotnet Encina.Caching.Memory.Benchmarks-Job-NUBXJZ-1.dll --anonymousPipes 152 153 --benchmarkName Encina.Caching.Memory.Benchmarks.Benchmarks.MemoryCacheProviderBenchmarks.RemoveAsync --job "IterationCount=20, WarmupCount=5" --benchmarkId 12 in /home/runner/work/Encina/Encina/tests/Encina.BenchmarkTests/Encina.Caching.Memory.Benchmarks/bin/Release/net10.0/Encina.Caching.Memory.Benchmarks-Job-NUBXJZ-1/bin/Release/net10.0
// Failed to set up high priority (Permission denied). In order to run benchmarks with high priority, make sure you have the right permissions.
// BeforeAnythingElse

// Benchmark Process Environment Information:
// BenchmarkDotNet v0.15.8
// Runtime=.NET 10.0.12 (10.0.12, 10.0.1226.42308), X64 RyuJIT x86-64-v3
// GC=Concurrent Workstation
// HardwareIntrinsics=AVX2+BMI1+BMI2+F16C+FMA+LZCNT+MOVBE,AVX,SSE3+SSSE3+SSE4.1+SSE4.2+POPCNT,X86Base+SSE+SSE2,AES+PCLMUL VectorSize=256
// Job: Job-NUBXJZ(IterationCount=20, WarmupCount=5)

OverheadJitting  1: 1 op, 236026.00 ns, 236.0260 us/op
WorkloadJitting  1: 1 op, 9127461.00 ns, 9.1275 ms/op

OverheadJitting  2: 16 op, 206141.00 ns, 12.8838 us/op
WorkloadJitting  2: 16 op, 462378.00 ns, 28.8986 us/op

WorkloadPilot    1: 16 op, 92570.00 ns, 5.7856 us/op
WorkloadPilot    2: 32 op, 116536.00 ns, 3.6418 us/op
WorkloadPilot    3: 64 op, 202596.00 ns, 3.1656 us/op
WorkloadPilot    4: 128 op, 365062.00 ns, 2.8520 us/op
WorkloadPilot    5: 256 op, 938438.00 ns, 3.6658 us/op
WorkloadPilot    6: 512 op, 1673609.00 ns, 3.2688 us/op
WorkloadPilot    7: 1024 op, 3525006.00 ns, 3.4424 us/op
WorkloadPilot    8: 2048 op, 7044293.00 ns, 3.4396 us/op
WorkloadPilot    9: 4096 op, 17317549.00 ns, 4.2279 us/op
WorkloadPilot   10: 8192 op, 27274413.00 ns, 3.3294 us/op
WorkloadPilot   11: 16384 op, 55942361.00 ns, 3.4145 us/op
WorkloadPilot   12: 32768 op, 103394583.00 ns, 3.1554 us/op
WorkloadPilot   13: 65536 op, 199119116.00 ns, 3.0383 us/op
WorkloadPilot   14: 131072 op, 395233122.00 ns, 3.0154 us/op
WorkloadPilot   15: 262144 op, 794258608.00 ns, 3.0299 us/op

OverheadWarmup   1: 262144 op, 497232.00 ns, 1.8968 ns/op
OverheadWarmup   2: 262144 op, 479814.00 ns, 1.8303 ns/op
OverheadWarmup   3: 262144 op, 479645.00 ns, 1.8297 ns/op
OverheadWarmup   4: 262144 op, 523351.00 ns, 1.9964 ns/op
OverheadWarmup   5: 262144 op, 494497.00 ns, 1.8864 ns/op
OverheadWarmup   6: 262144 op, 492614.00 ns, 1.8792 ns/op
OverheadWarmup   7: 262144 op, 519485.00 ns, 1.9817 ns/op
OverheadWarmup   8: 262144 op, 480025.00 ns, 1.8312 ns/op

OverheadActual   1: 262144 op, 479885.00 ns, 1.8306 ns/op
OverheadActual   2: 262144 op, 496300.00 ns, 1.8932 ns/op
OverheadActual   3: 262144 op, 479845.00 ns, 1.8305 ns/op
OverheadActual   4: 262144 op, 479896.00 ns, 1.8307 ns/op
OverheadActual   5: 262144 op, 508889.00 ns, 1.9413 ns/op
OverheadActual   6: 262144 op, 498052.00 ns, 1.8999 ns/op
OverheadActual   7: 262144 op, 494797.00 ns, 1.8875 ns/op
OverheadActual   8: 262144 op, 479845.00 ns, 1.8305 ns/op
OverheadActual   9: 262144 op, 479865.00 ns, 1.8305 ns/op
OverheadActual  10: 262144 op, 483080.00 ns, 1.8428 ns/op
OverheadActual  11: 262144 op, 479865.00 ns, 1.8305 ns/op
OverheadActual  12: 262144 op, 480846.00 ns, 1.8343 ns/op
OverheadActual  13: 262144 op, 479865.00 ns, 1.8305 ns/op
OverheadActual  14: 262144 op, 479794.00 ns, 1.8303 ns/op
OverheadActual  15: 262144 op, 479775.00 ns, 1.8302 ns/op

WorkloadWarmup   1: 262144 op, 816896125.00 ns, 3.1162 us/op
WorkloadWarmup   2: 262144 op, 811940527.00 ns, 3.0973 us/op
WorkloadWarmup   3: 262144 op, 811340501.00 ns, 3.0950 us/op
WorkloadWarmup   4: 262144 op, 824282374.00 ns, 3.1444 us/op
WorkloadWarmup   5: 262144 op, 829570674.00 ns, 3.1646 us/op

// BeforeActualRun
WorkloadActual   1: 262144 op, 805660414.00 ns, 3.0734 us/op
WorkloadActual   2: 262144 op, 820337494.00 ns, 3.1293 us/op
WorkloadActual   3: 262144 op, 788490017.00 ns, 3.0079 us/op
WorkloadActual   4: 262144 op, 825437421.00 ns, 3.1488 us/op
WorkloadActual   5: 262144 op, 815880741.00 ns, 3.1123 us/op
WorkloadActual   6: 262144 op, 818459934.00 ns, 3.1222 us/op
WorkloadActual   7: 262144 op, 795226364.00 ns, 3.0335 us/op
WorkloadActual   8: 262144 op, 797037536.00 ns, 3.0405 us/op
WorkloadActual   9: 262144 op, 797464510.00 ns, 3.0421 us/op
WorkloadActual  10: 262144 op, 829730954.00 ns, 3.1652 us/op
WorkloadActual  11: 262144 op, 817680496.00 ns, 3.1192 us/op
WorkloadActual  12: 262144 op, 804554273.00 ns, 3.0691 us/op
WorkloadActual  13: 262144 op, 787064494.00 ns, 3.0024 us/op
WorkloadActual  14: 262144 op, 815576924.00 ns, 3.1112 us/op
WorkloadActual  15: 262144 op, 797870131.00 ns, 3.0436 us/op
WorkloadActual  16: 262144 op, 802128364.00 ns, 3.0599 us/op
WorkloadActual  17: 262144 op, 812907070.00 ns, 3.1010 us/op
WorkloadActual  18: 262144 op, 797715487.00 ns, 3.0430 us/op
WorkloadActual  19: 262144 op, 809749519.00 ns, 3.0889 us/op
WorkloadActual  20: 262144 op, 806646231.00 ns, 3.0771 us/op

// AfterActualRun
WorkloadResult   1: 262144 op, 805180529.00 ns, 3.0715 us/op
WorkloadResult   2: 262144 op, 819857609.00 ns, 3.1275 us/op
WorkloadResult   3: 262144 op, 788010132.00 ns, 3.0060 us/op
WorkloadResult   4: 262144 op, 824957536.00 ns, 3.1470 us/op
WorkloadResult   5: 262144 op, 815400856.00 ns, 3.1105 us/op
WorkloadResult   6: 262144 op, 817980049.00 ns, 3.1203 us/op
WorkloadResult   7: 262144 op, 794746479.00 ns, 3.0317 us/op
WorkloadResult   8: 262144 op, 796557651.00 ns, 3.0386 us/op
WorkloadResult   9: 262144 op, 796984625.00 ns, 3.0403 us/op
WorkloadResult  10: 262144 op, 829251069.00 ns, 3.1633 us/op
WorkloadResult  11: 262144 op, 817200611.00 ns, 3.1174 us/op
WorkloadResult  12: 262144 op, 804074388.00 ns, 3.0673 us/op
WorkloadResult  13: 262144 op, 786584609.00 ns, 3.0006 us/op
WorkloadResult  14: 262144 op, 815097039.00 ns, 3.1093 us/op
WorkloadResult  15: 262144 op, 797390246.00 ns, 3.0418 us/op
WorkloadResult  16: 262144 op, 801648479.00 ns, 3.0580 us/op
WorkloadResult  17: 262144 op, 812427185.00 ns, 3.0992 us/op
WorkloadResult  18: 262144 op, 797235602.00 ns, 3.0412 us/op
WorkloadResult  19: 262144 op, 809269634.00 ns, 3.0871 us/op
WorkloadResult  20: 262144 op, 806166346.00 ns, 3.0753 us/op
// GC:  12 0 0 205520896 262144
// Threading:  262144 3 262144

// AfterAll
// Benchmark Process 3325 has exited with code 0.

Mean = 3.078 μs, StdErr = 0.010 μs (0.33%), N = 20, StdDev = 0.046 μs
Min = 3.001 μs, Q1 = 3.041 μs, Median = 3.073 μs, Q3 = 3.112 μs, Max = 3.163 μs
IQR = 0.071 μs, LowerFence = 2.934 μs, UpperFence = 3.219 μs
ConfidenceInterval = [3.038 μs; 3.118 μs] (CI 99.9%), Margin = 0.040 μs (1.29% of Mean)
Skewness = 0.08, Kurtosis = 1.87, MValue = 2

// ** Remained 5 (27.8 %) benchmark(s) to run. Estimated finish 2026-09-27 17:07 (0h 2m from now) **
// **************************
// Benchmark: MemoryCacheProviderBenchmarks.RemoveAsync: ShortRun(IterationCount=3, LaunchCount=1, WarmupCount=3)
// *** Execute ***
// Launch: 1 / 1
// Execute: dotnet Encina.Caching.Memory.Benchmarks-Job-NUBXJZ-1.dll --anonymousPipes 152 153 --benchmarkName Encina.Caching.Memory.Benchmarks.Benchmarks.MemoryCacheProviderBenchmarks.RemoveAsync --job ShortRun --benchmarkId 13 in /home/runner/work/Encina/Encina/tests/Encina.BenchmarkTests/Encina.Caching.Memory.Benchmarks/bin/Release/net10.0/Encina.Caching.Memory.Benchmarks-Job-NUBXJZ-1/bin/Release/net10.0
// Failed to set up high priority (Permission denied). In order to run benchmarks with high priority, make sure you have the right permissions.
// BeforeAnythingElse

// Benchmark Process Environment Information:
// BenchmarkDotNet v0.15.8
// Runtime=.NET 10.0.12 (10.0.12, 10.0.1226.42308), X64 RyuJIT x86-64-v3
// GC=Concurrent Workstation
// HardwareIntrinsics=AVX2+BMI1+BMI2+F16C+FMA+LZCNT+MOVBE,AVX,SSE3+SSSE3+SSE4.1+SSE4.2+POPCNT,X86Base+SSE+SSE2,AES+PCLMUL VectorSize=256
// Job: ShortRun(IterationCount=3, LaunchCount=1, WarmupCount=3)

OverheadJitting  1: 1 op, 197739.00 ns, 197.7390 us/op
WorkloadJitting  1: 1 op, 9132318.00 ns, 9.1323 ms/op

OverheadJitting  2: 16 op, 211029.00 ns, 13.1893 us/op
WorkloadJitting  2: 16 op, 380024.00 ns, 23.7515 us/op

WorkloadPilot    1: 16 op, 86301.00 ns, 5.3938 us/op
WorkloadPilot    2: 32 op, 134944.00 ns, 4.2170 us/op
WorkloadPilot    3: 64 op, 246743.00 ns, 3.8554 us/op
WorkloadPilot    4: 128 op, 485253.00 ns, 3.7910 us/op
WorkloadPilot    5: 256 op, 979210.00 ns, 3.8250 us/op
WorkloadPilot    6: 512 op, 1745607.00 ns, 3.4094 us/op
WorkloadPilot    7: 1024 op, 3563915.00 ns, 3.4804 us/op
WorkloadPilot    8: 2048 op, 7333360.00 ns, 3.5807 us/op
WorkloadPilot    9: 4096 op, 13618045.00 ns, 3.3247 us/op
WorkloadPilot   10: 8192 op, 27905612.00 ns, 3.4064 us/op
WorkloadPilot   11: 16384 op, 55411329.00 ns, 3.3820 us/op
WorkloadPilot   12: 32768 op, 104266504.00 ns, 3.1820 us/op
WorkloadPilot   13: 65536 op, 200846363.00 ns, 3.0647 us/op
WorkloadPilot   14: 131072 op, 396633944.00 ns, 3.0261 us/op
WorkloadPilot   15: 262144 op, 788678636.00 ns, 3.0086 us/op

OverheadWarmup   1: 262144 op, 496800.00 ns, 1.8951 ns/op
OverheadWarmup   2: 262144 op, 479885.00 ns, 1.8306 ns/op
OverheadWarmup   3: 262144 op, 479845.00 ns, 1.8305 ns/op
OverheadWarmup   4: 262144 op, 479875.00 ns, 1.8306 ns/op
OverheadWarmup   5: 262144 op, 479875.00 ns, 1.8306 ns/op
OverheadWarmup   6: 262144 op, 483050.00 ns, 1.8427 ns/op
OverheadWarmup   7: 262144 op, 494528.00 ns, 1.8865 ns/op
OverheadWarmup   8: 262144 op, 494687.00 ns, 1.8871 ns/op
OverheadWarmup   9: 262144 op, 498393.00 ns, 1.9012 ns/op
OverheadWarmup  10: 262144 op, 496340.00 ns, 1.8934 ns/op

OverheadActual   1: 262144 op, 480086.00 ns, 1.8314 ns/op
OverheadActual   2: 262144 op, 479935.00 ns, 1.8308 ns/op
OverheadActual   3: 262144 op, 497572.00 ns, 1.8981 ns/op
OverheadActual   4: 262144 op, 479785.00 ns, 1.8302 ns/op
OverheadActual   5: 262144 op, 496600.00 ns, 1.8944 ns/op
OverheadActual   6: 262144 op, 479765.00 ns, 1.8302 ns/op
OverheadActual   7: 262144 op, 479784.00 ns, 1.8302 ns/op
OverheadActual   8: 262144 op, 479745.00 ns, 1.8301 ns/op
OverheadActual   9: 262144 op, 479754.00 ns, 1.8301 ns/op
OverheadActual  10: 262144 op, 479745.00 ns, 1.8301 ns/op
OverheadActual  11: 262144 op, 480176.00 ns, 1.8317 ns/op
OverheadActual  12: 262144 op, 479865.00 ns, 1.8305 ns/op
OverheadActual  13: 262144 op, 479724.00 ns, 1.8300 ns/op
OverheadActual  14: 262144 op, 479805.00 ns, 1.8303 ns/op
OverheadActual  15: 262144 op, 479745.00 ns, 1.8301 ns/op

WorkloadWarmup   1: 262144 op, 798809331.00 ns, 3.0472 us/op
WorkloadWarmup   2: 262144 op, 787816142.00 ns, 3.0053 us/op
WorkloadWarmup   3: 262144 op, 780823953.00 ns, 2.9786 us/op

// BeforeActualRun
WorkloadActual   1: 262144 op, 779975060.00 ns, 2.9754 us/op
WorkloadActual   2: 262144 op, 788799472.00 ns, 3.0090 us/op
WorkloadActual   3: 262144 op, 777347485.00 ns, 2.9653 us/op

// AfterActualRun
WorkloadResult   1: 262144 op, 779495275.00 ns, 2.9735 us/op
WorkloadResult   2: 262144 op, 788319687.00 ns, 3.0072 us/op
WorkloadResult   3: 262144 op, 776867700.00 ns, 2.9635 us/op
// GC:  12 0 0 205520896 262144
// Threading:  262144 0 262144

// AfterAll
// Benchmark Process 3342 has exited with code 0.

Mean = 2.981 μs, StdErr = 0.013 μs (0.44%), N = 3, StdDev = 0.023 μs
Min = 2.964 μs, Q1 = 2.969 μs, Median = 2.974 μs, Q3 = 2.990 μs, Max = 3.007 μs
IQR = 0.022 μs, LowerFence = 2.936 μs, UpperFence = 3.023 μs
ConfidenceInterval = [2.564 μs; 3.399 μs] (CI 99.9%), Margin = 0.417 μs (14.00% of Mean)
Skewness = 0.3, Kurtosis = 0.67, MValue = 2

// ** Remained 4 (22.2 %) benchmark(s) to run. Estimated finish 2026-09-27 17:06 (0h 1m from now) **
// **************************
// Benchmark: MemoryCacheProviderBenchmarks.SetWithSlidingExpirationAsync: Job-NUBXJZ(IterationCount=20, WarmupCount=5)
// *** Execute ***
// Launch: 1 / 1
// Execute: dotnet Encina.Caching.Memory.Benchmarks-Job-NUBXJZ-1.dll --anonymousPipes 152 153 --benchmarkName Encina.Caching.Memory.Benchmarks.Benchmarks.MemoryCacheProviderBenchmarks.SetWithSlidingExpirationAsync --job "IterationCount=20, WarmupCount=5" --benchmarkId 14 in /home/runner/work/Encina/Encina/tests/Encina.BenchmarkTests/Encina.Caching.Memory.Benchmarks/bin/Release/net10.0/Encina.Caching.Memory.Benchmarks-Job-NUBXJZ-1/bin/Release/net10.0
// Failed to set up high priority (Permission denied). In order to run benchmarks with high priority, make sure you have the right permissions.
// BeforeAnythingElse

// Benchmark Process Environment Information:
// BenchmarkDotNet v0.15.8
// Runtime=.NET 10.0.12 (10.0.12, 10.0.1226.42308), X64 RyuJIT x86-64-v3
// GC=Concurrent Workstation
// HardwareIntrinsics=AVX2+BMI1+BMI2+F16C+FMA+LZCNT+MOVBE,AVX,SSE3+SSSE3+SSE4.1+SSE4.2+POPCNT,X86Base+SSE+SSE2,AES+PCLMUL VectorSize=256
// Job: Job-NUBXJZ(IterationCount=20, WarmupCount=5)

OverheadJitting  1: 1 op, 197689.00 ns, 197.6890 us/op
WorkloadJitting  1: 1 op, 4694073.00 ns, 4.6941 ms/op

OverheadJitting  2: 16 op, 223437.00 ns, 13.9648 us/op
WorkloadJitting  2: 16 op, 297250.00 ns, 18.5781 us/op

WorkloadPilot    1: 16 op, 172911.00 ns, 10.8069 us/op
WorkloadPilot    2: 32 op, 77437.00 ns, 2.4199 us/op
WorkloadPilot    3: 64 op, 206923.00 ns, 3.2332 us/op
WorkloadPilot    4: 128 op, 336468.00 ns, 2.6287 us/op
WorkloadPilot    5: 256 op, 507858.00 ns, 1.9838 us/op
WorkloadPilot    6: 512 op, 1112411.00 ns, 2.1727 us/op
WorkloadPilot    7: 1024 op, 2695272.00 ns, 2.6321 us/op
WorkloadPilot    8: 2048 op, 5567932.00 ns, 2.7187 us/op
WorkloadPilot    9: 4096 op, 10676601.00 ns, 2.6066 us/op
WorkloadPilot   10: 8192 op, 14996839.00 ns, 1.8307 us/op
WorkloadPilot   11: 16384 op, 46021544.00 ns, 2.8089 us/op
WorkloadPilot   12: 32768 op, 109042613.00 ns, 3.3277 us/op
WorkloadPilot   13: 65536 op, 276294685.00 ns, 4.2159 us/op
WorkloadPilot   14: 131072 op, 438676139.00 ns, 3.3468 us/op
WorkloadPilot   15: 262144 op, 1200757175.00 ns, 4.5805 us/op

OverheadWarmup   1: 262144 op, 475429.00 ns, 1.8136 ns/op
OverheadWarmup   2: 262144 op, 475369.00 ns, 1.8134 ns/op
OverheadWarmup   3: 262144 op, 475639.00 ns, 1.8144 ns/op
OverheadWarmup   4: 262144 op, 485884.00 ns, 1.8535 ns/op
OverheadWarmup   5: 262144 op, 486345.00 ns, 1.8553 ns/op
OverheadWarmup   6: 262144 op, 486405.00 ns, 1.8555 ns/op
OverheadWarmup   7: 262144 op, 501848.00 ns, 1.9144 ns/op
OverheadWarmup   8: 262144 op, 485563.00 ns, 1.8523 ns/op
OverheadWarmup   9: 262144 op, 496611.00 ns, 1.8944 ns/op
OverheadWarmup  10: 262144 op, 495418.00 ns, 1.8899 ns/op

OverheadActual   1: 262144 op, 498273.00 ns, 1.9008 ns/op
OverheadActual   2: 262144 op, 498093.00 ns, 1.9001 ns/op
OverheadActual   3: 262144 op, 485894.00 ns, 1.8535 ns/op
OverheadActual   4: 262144 op, 497652.00 ns, 1.8984 ns/op
OverheadActual   5: 262144 op, 500315.00 ns, 1.9086 ns/op
OverheadActual   6: 262144 op, 483630.00 ns, 1.8449 ns/op
OverheadActual   7: 262144 op, 487557.00 ns, 1.8599 ns/op
OverheadActual   8: 262144 op, 500266.00 ns, 1.9084 ns/op
OverheadActual   9: 262144 op, 485223.00 ns, 1.8510 ns/op
OverheadActual  10: 262144 op, 484793.00 ns, 1.8493 ns/op
OverheadActual  11: 262144 op, 513376.00 ns, 1.9584 ns/op
OverheadActual  12: 262144 op, 486124.00 ns, 1.8544 ns/op
OverheadActual  13: 262144 op, 475368.00 ns, 1.8134 ns/op
OverheadActual  14: 262144 op, 475478.00 ns, 1.8138 ns/op
OverheadActual  15: 262144 op, 475328.00 ns, 1.8132 ns/op

WorkloadWarmup   1: 262144 op, 1525221565.00 ns, 5.8183 us/op
WorkloadWarmup   2: 262144 op, 1141171167.00 ns, 4.3532 us/op
WorkloadWarmup   3: 262144 op, 2024528223.00 ns, 7.7230 us/op
WorkloadWarmup   4: 262144 op, 1026793778.00 ns, 3.9169 us/op
WorkloadWarmup   5: 262144 op, 1201692039.00 ns, 4.5841 us/op

// BeforeActualRun
WorkloadActual   1: 262144 op, 1145142460.00 ns, 4.3684 us/op
WorkloadActual   2: 262144 op, 1139607461.00 ns, 4.3473 us/op
WorkloadActual   3: 262144 op, 1147094254.00 ns, 4.3758 us/op
WorkloadActual   4: 262144 op, 1375853115.00 ns, 5.2485 us/op
WorkloadActual   5: 262144 op, 1250828779.00 ns, 4.7715 us/op
WorkloadActual   6: 262144 op, 3260369358.00 ns, 12.4373 us/op
WorkloadActual   7: 262144 op, 1499746939.00 ns, 5.7211 us/op
WorkloadActual   8: 262144 op, 1394031922.00 ns, 5.3178 us/op
WorkloadActual   9: 262144 op, 1145709997.00 ns, 4.3705 us/op
WorkloadActual  10: 262144 op, 1150318162.00 ns, 4.3881 us/op
WorkloadActual  11: 262144 op, 1155022984.00 ns, 4.4061 us/op
WorkloadActual  12: 262144 op, 1482834109.00 ns, 5.6566 us/op
WorkloadActual  13: 262144 op, 1533099292.00 ns, 5.8483 us/op
WorkloadActual  14: 262144 op, 1734127276.00 ns, 6.6152 us/op
WorkloadActual  15: 262144 op, 1594125436.00 ns, 6.0811 us/op
WorkloadActual  16: 262144 op, 1258688440.00 ns, 4.8015 us/op
WorkloadActual  17: 262144 op, 1449075579.00 ns, 5.5278 us/op
WorkloadActual  18: 262144 op, 1272940898.00 ns, 4.8559 us/op
WorkloadActual  19: 262144 op, 1179692926.00 ns, 4.5002 us/op
WorkloadActual  20: 262144 op, 1559220377.00 ns, 5.9480 us/op

// AfterActualRun
WorkloadResult   1: 262144 op, 1144656336.00 ns, 4.3665 us/op
WorkloadResult   2: 262144 op, 1139121337.00 ns, 4.3454 us/op
WorkloadResult   3: 262144 op, 1146608130.00 ns, 4.3740 us/op
WorkloadResult   4: 262144 op, 1375366991.00 ns, 5.2466 us/op
WorkloadResult   5: 262144 op, 1250342655.00 ns, 4.7697 us/op
WorkloadResult   6: 262144 op, 1499260815.00 ns, 5.7192 us/op
WorkloadResult   7: 262144 op, 1393545798.00 ns, 5.3160 us/op
WorkloadResult   8: 262144 op, 1145223873.00 ns, 4.3687 us/op
WorkloadResult   9: 262144 op, 1149832038.00 ns, 4.3863 us/op
WorkloadResult  10: 262144 op, 1154536860.00 ns, 4.4042 us/op
WorkloadResult  11: 262144 op, 1482347985.00 ns, 5.6547 us/op
WorkloadResult  12: 262144 op, 1532613168.00 ns, 5.8465 us/op
WorkloadResult  13: 262144 op, 1733641152.00 ns, 6.6133 us/op
WorkloadResult  14: 262144 op, 1593639312.00 ns, 6.0793 us/op
WorkloadResult  15: 262144 op, 1258202316.00 ns, 4.7997 us/op
WorkloadResult  16: 262144 op, 1448589455.00 ns, 5.5259 us/op
WorkloadResult  17: 262144 op, 1272454774.00 ns, 4.8540 us/op
WorkloadResult  18: 262144 op, 1179206802.00 ns, 4.4983 us/op
WorkloadResult  19: 262144 op, 1558734253.00 ns, 5.9461 us/op
// GC:  13 12 0 225986688 262144
// Threading:  585571 2 262144

// AfterAll
// Benchmark Process 3361 has exited with code 0.

Mean = 5.111 μs, StdErr = 0.164 μs (3.22%), N = 19, StdDev = 0.717 μs
Min = 4.345 μs, Q1 = 4.395 μs, Median = 4.854 μs, Q3 = 5.687 μs, Max = 6.613 μs
IQR = 1.292 μs, LowerFence = 2.458 μs, UpperFence = 7.625 μs
ConfidenceInterval = [4.466 μs; 5.756 μs] (CI 99.9%), Margin = 0.645 μs (12.61% of Mean)
Skewness = 0.43, Kurtosis = 1.79, MValue = 3.4

// ** Remained 3 (16.7 %) benchmark(s) to run. Estimated finish 2026-09-27 17:10 (0h 1m from now) **
// **************************
// Benchmark: MemoryCacheProviderBenchmarks.SetWithSlidingExpirationAsync: ShortRun(IterationCount=3, LaunchCount=1, WarmupCount=3)
// *** Execute ***
// Launch: 1 / 1
// Execute: dotnet Encina.Caching.Memory.Benchmarks-Job-NUBXJZ-1.dll --anonymousPipes 152 153 --benchmarkName Encina.Caching.Memory.Benchmarks.Benchmarks.MemoryCacheProviderBenchmarks.SetWithSlidingExpirationAsync --job ShortRun --benchmarkId 15 in /home/runner/work/Encina/Encina/tests/Encina.BenchmarkTests/Encina.Caching.Memory.Benchmarks/bin/Release/net10.0/Encina.Caching.Memory.Benchmarks-Job-NUBXJZ-1/bin/Release/net10.0
// Failed to set up high priority (Permission denied). In order to run benchmarks with high priority, make sure you have the right permissions.
// BeforeAnythingElse

// Benchmark Process Environment Information:
// BenchmarkDotNet v0.15.8
// Runtime=.NET 10.0.12 (10.0.12, 10.0.1226.42308), X64 RyuJIT x86-64-v3
// GC=Concurrent Workstation
// HardwareIntrinsics=AVX2+BMI1+BMI2+F16C+FMA+LZCNT+MOVBE,AVX,SSE3+SSSE3+SSE4.1+SSE4.2+POPCNT,X86Base+SSE+SSE2,AES+PCLMUL VectorSize=256
// Job: ShortRun(IterationCount=3, LaunchCount=1, WarmupCount=3)

OverheadJitting  1: 1 op, 186903.00 ns, 186.9030 us/op
WorkloadJitting  1: 1 op, 4654804.00 ns, 4.6548 ms/op

OverheadJitting  2: 16 op, 197218.00 ns, 12.3261 us/op
WorkloadJitting  2: 16 op, 256377.00 ns, 16.0236 us/op

WorkloadPilot    1: 16 op, 155225.00 ns, 9.7016 us/op
WorkloadPilot    2: 32 op, 77097.00 ns, 2.4093 us/op
WorkloadPilot    3: 64 op, 161554.00 ns, 2.5243 us/op
WorkloadPilot    4: 128 op, 357070.00 ns, 2.7896 us/op
WorkloadPilot    5: 256 op, 700769.00 ns, 2.7374 us/op
WorkloadPilot    6: 512 op, 925098.00 ns, 1.8068 us/op
WorkloadPilot    7: 1024 op, 2987965.00 ns, 2.9179 us/op
WorkloadPilot    8: 2048 op, 5319449.00 ns, 2.5974 us/op
WorkloadPilot    9: 4096 op, 11117490.00 ns, 2.7142 us/op
WorkloadPilot   10: 8192 op, 15938105.00 ns, 1.9456 us/op
WorkloadPilot   11: 16384 op, 43239351.00 ns, 2.6391 us/op
WorkloadPilot   12: 32768 op, 104007691.00 ns, 3.1741 us/op
WorkloadPilot   13: 65536 op, 270344849.00 ns, 4.1251 us/op
WorkloadPilot   14: 131072 op, 430014712.00 ns, 3.2808 us/op
WorkloadPilot   15: 262144 op, 1173086067.00 ns, 4.4750 us/op

OverheadWarmup   1: 262144 op, 484612.00 ns, 1.8486 ns/op
OverheadWarmup   2: 262144 op, 475589.00 ns, 1.8142 ns/op
OverheadWarmup   3: 262144 op, 485724.00 ns, 1.8529 ns/op
OverheadWarmup   4: 262144 op, 489179.00 ns, 1.8661 ns/op
OverheadWarmup   5: 262144 op, 479014.00 ns, 1.8273 ns/op
OverheadWarmup   6: 262144 op, 475118.00 ns, 1.8124 ns/op
OverheadWarmup   7: 262144 op, 475078.00 ns, 1.8123 ns/op
OverheadWarmup   8: 262144 op, 475268.00 ns, 1.8130 ns/op
OverheadWarmup   9: 262144 op, 475228.00 ns, 1.8129 ns/op

OverheadActual   1: 262144 op, 485554.00 ns, 1.8522 ns/op
OverheadActual   2: 262144 op, 478733.00 ns, 1.8262 ns/op
OverheadActual   3: 262144 op, 475208.00 ns, 1.8128 ns/op
OverheadActual   4: 262144 op, 475248.00 ns, 1.8129 ns/op
OverheadActual   5: 262144 op, 486606.00 ns, 1.8563 ns/op
OverheadActual   6: 262144 op, 505725.00 ns, 1.9292 ns/op
OverheadActual   7: 262144 op, 475218.00 ns, 1.8128 ns/op
OverheadActual   8: 262144 op, 475549.00 ns, 1.8141 ns/op
OverheadActual   9: 262144 op, 517953.00 ns, 1.9758 ns/op
OverheadActual  10: 262144 op, 475258.00 ns, 1.8130 ns/op
OverheadActual  11: 262144 op, 486635.00 ns, 1.8564 ns/op
OverheadActual  12: 262144 op, 490301.00 ns, 1.8703 ns/op
OverheadActual  13: 262144 op, 496941.00 ns, 1.8957 ns/op
OverheadActual  14: 262144 op, 506926.00 ns, 1.9338 ns/op
OverheadActual  15: 262144 op, 497622.00 ns, 1.8983 ns/op

WorkloadWarmup   1: 262144 op, 1402764024.00 ns, 5.3511 us/op
WorkloadWarmup   2: 262144 op, 1075102401.00 ns, 4.1012 us/op
WorkloadWarmup   3: 262144 op, 1907419350.00 ns, 7.2762 us/op

// BeforeActualRun
WorkloadActual   1: 262144 op, 949228385.00 ns, 3.6210 us/op
WorkloadActual   2: 262144 op, 1135253325.00 ns, 4.3306 us/op
WorkloadActual   3: 262144 op, 1085200808.00 ns, 4.1397 us/op

// AfterActualRun
WorkloadResult   1: 262144 op, 948741779.00 ns, 3.6192 us/op
WorkloadResult   2: 262144 op, 1134766719.00 ns, 4.3288 us/op
WorkloadResult   3: 262144 op, 1084714202.00 ns, 4.1379 us/op
// GC:  11 10 0 188743680 262144
// Threading:  0 0 262144

// AfterAll
// Benchmark Process 3444 has exited with code 0.

Mean = 4.029 μs, StdErr = 0.212 μs (5.26%), N = 3, StdDev = 0.367 μs
Min = 3.619 μs, Q1 = 3.879 μs, Median = 4.138 μs, Q3 = 4.233 μs, Max = 4.329 μs
IQR = 0.355 μs, LowerFence = 3.346 μs, UpperFence = 4.766 μs
ConfidenceInterval = [-2.671 μs; 10.728 μs] (CI 99.9%), Margin = 6.699 μs (166.29% of Mean)
Skewness = -0.27, Kurtosis = 0.67, MValue = 2

// ** Remained 2 (11.1 %) benchmark(s) to run. Estimated finish 2026-09-27 17:10 (0h 1m from now) **
// **************************
// Benchmark: MemoryCacheProviderBenchmarks.SetAsync: Job-NUBXJZ(IterationCount=20, WarmupCount=5)
// *** Execute ***
// Launch: 1 / 1
// Execute: dotnet Encina.Caching.Memory.Benchmarks-Job-NUBXJZ-1.dll --anonymousPipes 152 153 --benchmarkName Encina.Caching.Memory.Benchmarks.Benchmarks.MemoryCacheProviderBenchmarks.SetAsync --job "IterationCount=20, WarmupCount=5" --benchmarkId 16 in /home/runner/work/Encina/Encina/tests/Encina.BenchmarkTests/Encina.Caching.Memory.Benchmarks/bin/Release/net10.0/Encina.Caching.Memory.Benchmarks-Job-NUBXJZ-1/bin/Release/net10.0
// Failed to set up high priority (Permission denied). In order to run benchmarks with high priority, make sure you have the right permissions.
// BeforeAnythingElse

// Benchmark Process Environment Information:
// BenchmarkDotNet v0.15.8
// Runtime=.NET 10.0.12 (10.0.12, 10.0.1226.42308), X64 RyuJIT x86-64-v3
// GC=Concurrent Workstation
// HardwareIntrinsics=AVX2+BMI1+BMI2+F16C+FMA+LZCNT+MOVBE,AVX,SSE3+SSSE3+SSE4.1+SSE4.2+POPCNT,X86Base+SSE+SSE2,AES+PCLMUL VectorSize=256
// Job: Job-NUBXJZ(IterationCount=20, WarmupCount=5)

OverheadJitting  1: 1 op, 194484.00 ns, 194.4840 us/op
WorkloadJitting  1: 1 op, 3651267.00 ns, 3.6513 ms/op

OverheadJitting  2: 16 op, 197899.00 ns, 12.3687 us/op
WorkloadJitting  2: 16 op, 267734.00 ns, 16.7334 us/op

WorkloadPilot    1: 16 op, 186021.00 ns, 11.6263 us/op
WorkloadPilot    2: 32 op, 114583.00 ns, 3.5807 us/op
WorkloadPilot    3: 64 op, 160563.00 ns, 2.5088 us/op
WorkloadPilot    4: 128 op, 340064.00 ns, 2.6568 us/op
WorkloadPilot    5: 256 op, 807921.00 ns, 3.1559 us/op
WorkloadPilot    6: 512 op, 1164550.00 ns, 2.2745 us/op
WorkloadPilot    7: 1024 op, 2719430.00 ns, 2.6557 us/op
WorkloadPilot    8: 2048 op, 5330645.00 ns, 2.6029 us/op
WorkloadPilot    9: 4096 op, 11224302.00 ns, 2.7403 us/op
WorkloadPilot   10: 8192 op, 17469299.00 ns, 2.1325 us/op
WorkloadPilot   11: 16384 op, 44661062.00 ns, 2.7259 us/op
WorkloadPilot   12: 32768 op, 109478574.00 ns, 3.3410 us/op
WorkloadPilot   13: 65536 op, 282504158.00 ns, 4.3107 us/op
WorkloadPilot   14: 131072 op, 450256459.00 ns, 3.4352 us/op
WorkloadPilot   15: 262144 op, 1190392536.00 ns, 4.5410 us/op

OverheadWarmup   1: 262144 op, 513256.00 ns, 1.9579 ns/op
OverheadWarmup   2: 262144 op, 486966.00 ns, 1.8576 ns/op
OverheadWarmup   3: 262144 op, 494658.00 ns, 1.8870 ns/op
OverheadWarmup   4: 262144 op, 512975.00 ns, 1.9568 ns/op
OverheadWarmup   5: 262144 op, 491012.00 ns, 1.8731 ns/op
OverheadWarmup   6: 262144 op, 491013.00 ns, 1.8731 ns/op
OverheadWarmup   7: 262144 op, 492496.00 ns, 1.8787 ns/op
OverheadWarmup   8: 262144 op, 511073.00 ns, 1.9496 ns/op
OverheadWarmup   9: 262144 op, 492215.00 ns, 1.8777 ns/op

OverheadActual   1: 262144 op, 491393.00 ns, 1.8745 ns/op
OverheadActual   2: 262144 op, 491102.00 ns, 1.8734 ns/op
OverheadActual   3: 262144 op, 508879.00 ns, 1.9412 ns/op
OverheadActual   4: 262144 op, 513005.00 ns, 1.9570 ns/op
OverheadActual   5: 262144 op, 521398.00 ns, 1.9890 ns/op
OverheadActual   6: 262144 op, 516080.00 ns, 1.9687 ns/op
OverheadActual   7: 262144 op, 492034.00 ns, 1.8770 ns/op
OverheadActual   8: 262144 op, 484722.00 ns, 1.8491 ns/op
OverheadActual   9: 262144 op, 509651.00 ns, 1.9442 ns/op
OverheadActual  10: 262144 op, 480947.00 ns, 1.8347 ns/op
OverheadActual  11: 262144 op, 509670.00 ns, 1.9442 ns/op
OverheadActual  12: 262144 op, 483801.00 ns, 1.8456 ns/op
OverheadActual  13: 262144 op, 480796.00 ns, 1.8341 ns/op
OverheadActual  14: 262144 op, 507367.00 ns, 1.9355 ns/op
OverheadActual  15: 262144 op, 496721.00 ns, 1.8948 ns/op

WorkloadWarmup   1: 262144 op, 1424859098.00 ns, 5.4354 us/op
WorkloadWarmup   2: 262144 op, 934813026.00 ns, 3.5660 us/op
WorkloadWarmup   3: 262144 op, 1930113012.00 ns, 7.3628 us/op
WorkloadWarmup   4: 262144 op, 1241645857.00 ns, 4.7365 us/op
WorkloadWarmup   5: 262144 op, 1256133284.00 ns, 4.7918 us/op

// BeforeActualRun
WorkloadActual   1: 262144 op, 1158242135.00 ns, 4.4183 us/op
WorkloadActual   2: 262144 op, 1200010938.00 ns, 4.5777 us/op
WorkloadActual   3: 262144 op, 1216665961.00 ns, 4.6412 us/op
WorkloadActual   4: 262144 op, 3427208354.00 ns, 13.0738 us/op
WorkloadActual   5: 262144 op, 1328728162.00 ns, 5.0687 us/op
WorkloadActual   6: 262144 op, 1313983634.00 ns, 5.0124 us/op
WorkloadActual   7: 262144 op, 1183106951.00 ns, 4.5132 us/op
WorkloadActual   8: 262144 op, 1179851411.00 ns, 4.5008 us/op
WorkloadActual   9: 262144 op, 1194904889.00 ns, 4.5582 us/op
WorkloadActual  10: 262144 op, 1198950872.00 ns, 4.5736 us/op
WorkloadActual  11: 262144 op, 1196437874.00 ns, 4.5640 us/op
WorkloadActual  12: 262144 op, 1193280074.00 ns, 4.5520 us/op
WorkloadActual  13: 262144 op, 1215333776.00 ns, 4.6361 us/op
WorkloadActual  14: 262144 op, 1212345872.00 ns, 4.6247 us/op
WorkloadActual  15: 262144 op, 5548875479.00 ns, 21.1673 us/op
WorkloadActual  16: 262144 op, 1175976954.00 ns, 4.4860 us/op
WorkloadActual  17: 262144 op, 1193860581.00 ns, 4.5542 us/op
WorkloadActual  18: 262144 op, 1438782609.00 ns, 5.4885 us/op
WorkloadActual  19: 262144 op, 1287323866.00 ns, 4.9108 us/op
WorkloadActual  20: 262144 op, 1264290806.00 ns, 4.8229 us/op

// AfterActualRun
WorkloadResult   1: 262144 op, 1157745414.00 ns, 4.4164 us/op
WorkloadResult   2: 262144 op, 1199514217.00 ns, 4.5758 us/op
WorkloadResult   3: 262144 op, 1216169240.00 ns, 4.6393 us/op
WorkloadResult   4: 262144 op, 1328231441.00 ns, 5.0668 us/op
WorkloadResult   5: 262144 op, 1313486913.00 ns, 5.0106 us/op
WorkloadResult   6: 262144 op, 1182610230.00 ns, 4.5113 us/op
WorkloadResult   7: 262144 op, 1179354690.00 ns, 4.4989 us/op
WorkloadResult   8: 262144 op, 1194408168.00 ns, 4.5563 us/op
WorkloadResult   9: 262144 op, 1198454151.00 ns, 4.5717 us/op
WorkloadResult  10: 262144 op, 1195941153.00 ns, 4.5622 us/op
WorkloadResult  11: 262144 op, 1192783353.00 ns, 4.5501 us/op
WorkloadResult  12: 262144 op, 1214837055.00 ns, 4.6342 us/op
WorkloadResult  13: 262144 op, 1211849151.00 ns, 4.6228 us/op
WorkloadResult  14: 262144 op, 1175480233.00 ns, 4.4841 us/op
WorkloadResult  15: 262144 op, 1193363860.00 ns, 4.5523 us/op
WorkloadResult  16: 262144 op, 1438285888.00 ns, 5.4866 us/op
WorkloadResult  17: 262144 op, 1286827145.00 ns, 4.9089 us/op
WorkloadResult  18: 262144 op, 1263794085.00 ns, 4.8210 us/op
// GC:  11 10 0 186648752 262144
// Threading:  0 0 262144

// AfterAll
// Benchmark Process 3459 has exited with code 0.

Mean = 4.693 μs, StdErr = 0.064 μs (1.36%), N = 18, StdDev = 0.270 μs
Min = 4.416 μs, Q1 = 4.551 μs, Median = 4.574 μs, Q3 = 4.776 μs, Max = 5.487 μs
IQR = 0.225 μs, LowerFence = 4.213 μs, UpperFence = 5.113 μs
ConfidenceInterval = [4.440 μs; 4.945 μs] (CI 99.9%), Margin = 0.252 μs (5.38% of Mean)
Skewness = 1.52, Kurtosis = 4.61, MValue = 2.33

// ** Remained 1 (5.6 %) benchmark(s) to run. Estimated finish 2026-09-27 17:14 (0h 0m from now) **
// **************************
// Benchmark: MemoryCacheProviderBenchmarks.SetAsync: ShortRun(IterationCount=3, LaunchCount=1, WarmupCount=3)
// *** Execute ***
// Launch: 1 / 1
// Execute: dotnet Encina.Caching.Memory.Benchmarks-Job-NUBXJZ-1.dll --anonymousPipes 152 153 --benchmarkName Encina.Caching.Memory.Benchmarks.Benchmarks.MemoryCacheProviderBenchmarks.SetAsync --job ShortRun --benchmarkId 17 in /home/runner/work/Encina/Encina/tests/Encina.BenchmarkTests/Encina.Caching.Memory.Benchmarks/bin/Release/net10.0/Encina.Caching.Memory.Benchmarks-Job-NUBXJZ-1/bin/Release/net10.0
// Failed to set up high priority (Permission denied). In order to run benchmarks with high priority, make sure you have the right permissions.
// BeforeAnythingElse

// Benchmark Process Environment Information:
// BenchmarkDotNet v0.15.8
// Runtime=.NET 10.0.12 (10.0.12, 10.0.1226.42308), X64 RyuJIT x86-64-v3
// GC=Concurrent Workstation
// HardwareIntrinsics=AVX2+BMI1+BMI2+F16C+FMA+LZCNT+MOVBE,AVX,SSE3+SSSE3+SSE4.1+SSE4.2+POPCNT,X86Base+SSE+SSE2,AES+PCLMUL VectorSize=256
// Job: ShortRun(IterationCount=3, LaunchCount=1, WarmupCount=3)

OverheadJitting  1: 1 op, 191099.00 ns, 191.0990 us/op
WorkloadJitting  1: 1 op, 3666760.00 ns, 3.6668 ms/op

OverheadJitting  2: 16 op, 229006.00 ns, 14.3129 us/op
WorkloadJitting  2: 16 op, 282197.00 ns, 17.6373 us/op

WorkloadPilot    1: 16 op, 168615.00 ns, 10.5384 us/op
WorkloadPilot    2: 32 op, 107142.00 ns, 3.3482 us/op
WorkloadPilot    3: 64 op, 147583.00 ns, 2.3060 us/op
WorkloadPilot    4: 128 op, 371441.00 ns, 2.9019 us/op
WorkloadPilot    5: 256 op, 558334.00 ns, 2.1810 us/op
WorkloadPilot    6: 512 op, 1172401.00 ns, 2.2898 us/op
WorkloadPilot    7: 1024 op, 2737016.00 ns, 2.6729 us/op
WorkloadPilot    8: 2048 op, 5384306.00 ns, 2.6291 us/op
WorkloadPilot    9: 4096 op, 7680044.00 ns, 1.8750 us/op
WorkloadPilot   10: 8192 op, 20488568.00 ns, 2.5010 us/op
WorkloadPilot   11: 16384 op, 40915022.00 ns, 2.4973 us/op
WorkloadPilot   12: 32768 op, 112108846.00 ns, 3.4213 us/op
WorkloadPilot   13: 65536 op, 256661505.00 ns, 3.9163 us/op
WorkloadPilot   14: 131072 op, 598012215.00 ns, 4.5625 us/op

OverheadWarmup   1: 131072 op, 252792.00 ns, 1.9286 ns/op
OverheadWarmup   2: 131072 op, 241385.00 ns, 1.8416 ns/op
OverheadWarmup   3: 131072 op, 241415.00 ns, 1.8419 ns/op
OverheadWarmup   4: 131072 op, 241305.00 ns, 1.8410 ns/op
OverheadWarmup   5: 131072 op, 241265.00 ns, 1.8407 ns/op
OverheadWarmup   6: 131072 op, 251891.00 ns, 1.9218 ns/op
OverheadWarmup   7: 131072 op, 241194.00 ns, 1.8402 ns/op

OverheadActual   1: 131072 op, 241085.00 ns, 1.8393 ns/op
OverheadActual   2: 131072 op, 242066.00 ns, 1.8468 ns/op
OverheadActual   3: 131072 op, 241385.00 ns, 1.8416 ns/op
OverheadActual   4: 131072 op, 253373.00 ns, 1.9331 ns/op
OverheadActual   5: 131072 op, 245131.00 ns, 1.8702 ns/op
OverheadActual   6: 131072 op, 241174.00 ns, 1.8400 ns/op
OverheadActual   7: 131072 op, 262466.00 ns, 2.0025 ns/op
OverheadActual   8: 131072 op, 270669.00 ns, 2.0650 ns/op
OverheadActual   9: 131072 op, 249738.00 ns, 1.9053 ns/op
OverheadActual  10: 131072 op, 249156.00 ns, 1.9009 ns/op
OverheadActual  11: 131072 op, 266653.00 ns, 2.0344 ns/op
OverheadActual  12: 131072 op, 264590.00 ns, 2.0187 ns/op
OverheadActual  13: 131072 op, 252491.00 ns, 1.9264 ns/op
OverheadActual  14: 131072 op, 266883.00 ns, 2.0362 ns/op
OverheadActual  15: 131072 op, 247484.00 ns, 1.8882 ns/op

WorkloadWarmup   1: 131072 op, 464534075.00 ns, 3.5441 us/op
WorkloadWarmup   2: 131072 op, 454145430.00 ns, 3.4649 us/op
WorkloadWarmup   3: 131072 op, 879462211.00 ns, 6.7098 us/op

// BeforeActualRun
WorkloadActual   1: 131072 op, 516431465.00 ns, 3.9401 us/op
WorkloadActual   2: 131072 op, 461868670.00 ns, 3.5238 us/op
WorkloadActual   3: 131072 op, 490468656.00 ns, 3.7420 us/op

// AfterActualRun
WorkloadResult   1: 131072 op, 516181727.00 ns, 3.9382 us/op
WorkloadResult   2: 131072 op, 461618932.00 ns, 3.5219 us/op
WorkloadResult   3: 131072 op, 490218918.00 ns, 3.7401 us/op
// GC:  5 4 0 93323264 131072
// Threading:  0 0 131072

// AfterAll
// Benchmark Process 3579 has exited with code 0.

Mean = 3.733 μs, StdErr = 0.120 μs (3.22%), N = 3, StdDev = 0.208 μs
Min = 3.522 μs, Q1 = 3.631 μs, Median = 3.740 μs, Q3 = 3.839 μs, Max = 3.938 μs
IQR = 0.208 μs, LowerFence = 3.319 μs, UpperFence = 4.151 μs
ConfidenceInterval = [-0.065 μs; 7.532 μs] (CI 99.9%), Margin = 3.799 μs (101.75% of Mean)
Skewness = -0.03, Kurtosis = 0.67, MValue = 2

// ** Remained 0 (0.0 %) benchmark(s) to run. Estimated finish 2026-09-27 17:13 (0h 0m from now) **
// ***** BenchmarkRunner: Finish  *****

// * Export *
  artifacts/performance/CachingMemory/results/Encina.Caching.Memory.Benchmarks.Benchmarks.MemoryCacheProviderBenchmarks-report.csv
  artifacts/performance/CachingMemory/results/Encina.Caching.Memory.Benchmarks.Benchmarks.MemoryCacheProviderBenchmarks-report-github.md
  artifacts/performance/CachingMemory/results/Encina.Caching.Memory.Benchmarks.Benchmarks.MemoryCacheProviderBenchmarks-report.html
  artifacts/performance/CachingMemory/results/Encina.Caching.Memory.Benchmarks.Benchmarks.MemoryCacheProviderBenchmarks-report-full-compressed.json

// * Detailed results *
MemoryCacheProviderBenchmarks.ExistsAsync_False: Job-NUBXJZ(IterationCount=20, WarmupCount=5)
Runtime = .NET 10.0.12 (10.0.12, 10.0.1226.42308), X64 RyuJIT x86-64-v3; GC = Concurrent Workstation
Mean = 57.263 ns, StdErr = 0.012 ns (0.02%), N = 19, StdDev = 0.054 ns
Min = 57.182 ns, Q1 = 57.221 ns, Median = 57.257 ns, Q3 = 57.301 ns, Max = 57.398 ns
IQR = 0.079 ns, LowerFence = 57.102 ns, UpperFence = 57.420 ns
ConfidenceInterval = [57.214 ns; 57.312 ns] (CI 99.9%), Margin = 0.049 ns (0.08% of Mean)
Skewness = 0.69, Kurtosis = 2.78, MValue = 2
-------------------- Histogram --------------------
[57.155 ns ; 57.425 ns) | @@@@@@@@@@@@@@@@@@@
---------------------------------------------------

MemoryCacheProviderBenchmarks.ExistsAsync_True: Job-NUBXJZ(IterationCount=20, WarmupCount=5)
Runtime = .NET 10.0.12 (10.0.12, 10.0.1226.42308), X64 RyuJIT x86-64-v3; GC = Concurrent Workstation
Mean = 64.416 ns, StdErr = 0.009 ns (0.01%), N = 17, StdDev = 0.037 ns
Min = 64.337 ns, Q1 = 64.378 ns, Median = 64.426 ns, Q3 = 64.441 ns, Max = 64.490 ns
IQR = 0.062 ns, LowerFence = 64.285 ns, UpperFence = 64.534 ns
ConfidenceInterval = [64.380 ns; 64.452 ns] (CI 99.9%), Margin = 0.036 ns (0.06% of Mean)
Skewness = -0.3, Kurtosis = 2.51, MValue = 2
-------------------- Histogram --------------------
[64.318 ns ; 64.509 ns) | @@@@@@@@@@@@@@@@@
---------------------------------------------------

MemoryCacheProviderBenchmarks.GetAsync_CacheHit: Job-NUBXJZ(IterationCount=20, WarmupCount=5)
Runtime = .NET 10.0.12 (10.0.12, 10.0.1226.42308), X64 RyuJIT x86-64-v3; GC = Concurrent Workstation
Mean = 80.364 ns, StdErr = 0.045 ns (0.06%), N = 19, StdDev = 0.198 ns
Min = 80.059 ns, Q1 = 80.247 ns, Median = 80.311 ns, Q3 = 80.477 ns, Max = 80.796 ns
IQR = 0.229 ns, LowerFence = 79.903 ns, UpperFence = 80.821 ns
ConfidenceInterval = [80.186 ns; 80.542 ns] (CI 99.9%), Margin = 0.178 ns (0.22% of Mean)
Skewness = 0.5, Kurtosis = 2.47, MValue = 2
-------------------- Histogram --------------------
[79.962 ns ; 80.894 ns) | @@@@@@@@@@@@@@@@@@@
---------------------------------------------------

MemoryCacheProviderBenchmarks.GetAsync_CacheMiss: Job-NUBXJZ(IterationCount=20, WarmupCount=5)
Runtime = .NET 10.0.12 (10.0.12, 10.0.1226.42308), X64 RyuJIT x86-64-v3; GC = Concurrent Workstation
Mean = 59.460 ns, StdErr = 0.025 ns (0.04%), N = 20, StdDev = 0.113 ns
Min = 59.245 ns, Q1 = 59.385 ns, Median = 59.452 ns, Q3 = 59.526 ns, Max = 59.732 ns
IQR = 0.141 ns, LowerFence = 59.174 ns, UpperFence = 59.738 ns
ConfidenceInterval = [59.361 ns; 59.558 ns] (CI 99.9%), Margin = 0.098 ns (0.17% of Mean)
Skewness = 0.31, Kurtosis = 2.9, MValue = 2
-------------------- Histogram --------------------
[59.190 ns ; 59.787 ns) | @@@@@@@@@@@@@@@@@@@@
---------------------------------------------------

MemoryCacheProviderBenchmarks.GetOrSetAsync_CacheHit: Job-NUBXJZ(IterationCount=20, WarmupCount=5)
Runtime = .NET 10.0.12 (10.0.12, 10.0.1226.42308), X64 RyuJIT x86-64-v3; GC = Concurrent Workstation
Mean = 119.845 ns, StdErr = 0.098 ns (0.08%), N = 19, StdDev = 0.427 ns
Min = 118.794 ns, Q1 = 119.638 ns, Median = 119.827 ns, Q3 = 120.170 ns, Max = 120.453 ns
IQR = 0.532 ns, LowerFence = 118.840 ns, UpperFence = 120.967 ns
ConfidenceInterval = [119.461 ns; 120.229 ns] (CI 99.9%), Margin = 0.384 ns (0.32% of Mean)
Skewness = -0.68, Kurtosis = 2.78, MValue = 2
-------------------- Histogram --------------------
[118.584 ns ; 120.663 ns) | @@@@@@@@@@@@@@@@@@@
---------------------------------------------------

MemoryCacheProviderBenchmarks.GetOrSetAsync_CacheMiss: Job-NUBXJZ(IterationCount=20, WarmupCount=5)
Runtime = .NET 10.0.12 (10.0.12, 10.0.1226.42308), X64 RyuJIT x86-64-v3; GC = Concurrent Workstation
Mean = 6.114 μs, StdErr = 0.154 μs (2.52%), N = 18, StdDev = 0.653 μs
Min = 5.019 μs, Q1 = 5.796 μs, Median = 5.924 μs, Q3 = 6.592 μs, Max = 7.348 μs
IQR = 0.796 μs, LowerFence = 4.603 μs, UpperFence = 7.786 μs
ConfidenceInterval = [5.504 μs; 6.724 μs] (CI 99.9%), Margin = 0.610 μs (9.98% of Mean)
Skewness = 0.19, Kurtosis = 2.14, MValue = 2
-------------------- Histogram --------------------
[4.692 μs ; 5.347 μs) | @@
[5.347 μs ; 6.200 μs) | @@@@@@@@@@
[6.200 μs ; 7.009 μs) | @@@@@
[7.009 μs ; 7.674 μs) | @
---------------------------------------------------

MemoryCacheProviderBenchmarks.RemoveAsync: Job-NUBXJZ(IterationCount=20, WarmupCount=5)
Runtime = .NET 10.0.12 (10.0.12, 10.0.1226.42308), X64 RyuJIT x86-64-v3; GC = Concurrent Workstation
Mean = 3.078 μs, StdErr = 0.010 μs (0.33%), N = 20, StdDev = 0.046 μs
Min = 3.001 μs, Q1 = 3.041 μs, Median = 3.073 μs, Q3 = 3.112 μs, Max = 3.163 μs
IQR = 0.071 μs, LowerFence = 2.934 μs, UpperFence = 3.219 μs
ConfidenceInterval = [3.038 μs; 3.118 μs] (CI 99.9%), Margin = 0.040 μs (1.29% of Mean)
Skewness = 0.08, Kurtosis = 1.87, MValue = 2
-------------------- Histogram --------------------
[2.978 μs ; 3.084 μs) | @@@@@@@@@@@
[3.084 μs ; 3.186 μs) | @@@@@@@@@
---------------------------------------------------

MemoryCacheProviderBenchmarks.SetWithSlidingExpirationAsync: Job-NUBXJZ(IterationCount=20, WarmupCount=5)
Runtime = .NET 10.0.12 (10.0.12, 10.0.1226.42308), X64 RyuJIT x86-64-v3; GC = Concurrent Workstation
Mean = 5.111 μs, StdErr = 0.164 μs (3.22%), N = 19, StdDev = 0.717 μs
Min = 4.345 μs, Q1 = 4.395 μs, Median = 4.854 μs, Q3 = 5.687 μs, Max = 6.613 μs
IQR = 1.292 μs, LowerFence = 2.458 μs, UpperFence = 7.625 μs
ConfidenceInterval = [4.466 μs; 5.756 μs] (CI 99.9%), Margin = 0.645 μs (12.61% of Mean)
Skewness = 0.43, Kurtosis = 1.79, MValue = 3.4
-------------------- Histogram --------------------
[4.247 μs ; 4.952 μs) | @@@@@@@@@@
[4.952 μs ; 5.244 μs) | 
[5.244 μs ; 5.949 μs) | @@@@@@@
[5.949 μs ; 6.699 μs) | @@
---------------------------------------------------

MemoryCacheProviderBenchmarks.SetAsync: Job-NUBXJZ(IterationCount=20, WarmupCount=5)
Runtime = .NET 10.0.12 (10.0.12, 10.0.1226.42308), X64 RyuJIT x86-64-v3; GC = Concurrent Workstation
Mean = 4.693 μs, StdErr = 0.064 μs (1.36%), N = 18, StdDev = 0.270 μs
Min = 4.416 μs, Q1 = 4.551 μs, Median = 4.574 μs, Q3 = 4.776 μs, Max = 5.487 μs
IQR = 0.225 μs, LowerFence = 4.213 μs, UpperFence = 5.113 μs
ConfidenceInterval = [4.440 μs; 4.945 μs] (CI 99.9%), Margin = 0.252 μs (5.38% of Mean)
Skewness = 1.52, Kurtosis = 4.61, MValue = 2.33
-------------------- Histogram --------------------
[4.393 μs ; 4.663 μs) | @@@@@@@@@@@@@
[4.663 μs ; 4.809 μs) | 
[4.809 μs ; 5.079 μs) | @@@@
[5.079 μs ; 5.351 μs) | 
[5.351 μs ; 5.622 μs) | @
---------------------------------------------------

MemoryCacheProviderBenchmarks.ExistsAsync_False: ShortRun(IterationCount=3, LaunchCount=1, WarmupCount=3)
Runtime = .NET 10.0.12 (10.0.12, 10.0.1226.42308), X64 RyuJIT x86-64-v3; GC = Concurrent Workstation
Mean = 56.628 ns, StdErr = 0.025 ns (0.04%), N = 3, StdDev = 0.043 ns
Min = 56.595 ns, Q1 = 56.604 ns, Median = 56.613 ns, Q3 = 56.645 ns, Max = 56.677 ns
IQR = 0.041 ns, LowerFence = 56.543 ns, UpperFence = 56.706 ns
ConfidenceInterval = [55.847 ns; 57.409 ns] (CI 99.9%), Margin = 0.781 ns (1.38% of Mean)
Skewness = 0.31, Kurtosis = 0.67, MValue = 2
-------------------- Histogram --------------------
[56.556 ns ; 56.716 ns) | @@@
---------------------------------------------------

MemoryCacheProviderBenchmarks.ExistsAsync_True: ShortRun(IterationCount=3, LaunchCount=1, WarmupCount=3)
Runtime = .NET 10.0.12 (10.0.12, 10.0.1226.42308), X64 RyuJIT x86-64-v3; GC = Concurrent Workstation
Mean = 64.405 ns, StdErr = 0.035 ns (0.05%), N = 3, StdDev = 0.060 ns
Min = 64.343 ns, Q1 = 64.376 ns, Median = 64.410 ns, Q3 = 64.436 ns, Max = 64.463 ns
IQR = 0.060 ns, LowerFence = 64.287 ns, UpperFence = 64.526 ns
ConfidenceInterval = [63.313 ns; 65.497 ns] (CI 99.9%), Margin = 1.092 ns (1.70% of Mean)
Skewness = -0.07, Kurtosis = 0.67, MValue = 2
-------------------- Histogram --------------------
[64.289 ns ; 64.517 ns) | @@@
---------------------------------------------------

MemoryCacheProviderBenchmarks.GetAsync_CacheHit: ShortRun(IterationCount=3, LaunchCount=1, WarmupCount=3)
Runtime = .NET 10.0.12 (10.0.12, 10.0.1226.42308), X64 RyuJIT x86-64-v3; GC = Concurrent Workstation
Mean = 80.423 ns, StdErr = 0.049 ns (0.06%), N = 3, StdDev = 0.084 ns
Min = 80.350 ns, Q1 = 80.377 ns, Median = 80.404 ns, Q3 = 80.460 ns, Max = 80.515 ns
IQR = 0.082 ns, LowerFence = 80.254 ns, UpperFence = 80.583 ns
ConfidenceInterval = [78.889 ns; 81.957 ns] (CI 99.9%), Margin = 1.534 ns (1.91% of Mean)
Skewness = 0.22, Kurtosis = 0.67, MValue = 2
-------------------- Histogram --------------------
[80.274 ns ; 80.592 ns) | @@@
---------------------------------------------------

MemoryCacheProviderBenchmarks.GetAsync_CacheMiss: ShortRun(IterationCount=3, LaunchCount=1, WarmupCount=3)
Runtime = .NET 10.0.12 (10.0.12, 10.0.1226.42308), X64 RyuJIT x86-64-v3; GC = Concurrent Workstation
Mean = 56.549 ns, StdErr = 0.028 ns (0.05%), N = 3, StdDev = 0.049 ns
Min = 56.494 ns, Q1 = 56.533 ns, Median = 56.572 ns, Q3 = 56.577 ns, Max = 56.583 ns
IQR = 0.045 ns, LowerFence = 56.466 ns, UpperFence = 56.644 ns
ConfidenceInterval = [55.662 ns; 57.437 ns] (CI 99.9%), Margin = 0.888 ns (1.57% of Mean)
Skewness = -0.37, Kurtosis = 0.67, MValue = 2
-------------------- Histogram --------------------
[56.449 ns ; 56.627 ns) | @@@
---------------------------------------------------

MemoryCacheProviderBenchmarks.GetOrSetAsync_CacheHit: ShortRun(IterationCount=3, LaunchCount=1, WarmupCount=3)
Runtime = .NET 10.0.12 (10.0.12, 10.0.1226.42308), X64 RyuJIT x86-64-v3; GC = Concurrent Workstation
Mean = 130.685 ns, StdErr = 0.563 ns (0.43%), N = 3, StdDev = 0.975 ns
Min = 130.001 ns, Q1 = 130.127 ns, Median = 130.253 ns, Q3 = 131.027 ns, Max = 131.801 ns
IQR = 0.900 ns, LowerFence = 128.776 ns, UpperFence = 132.377 ns
ConfidenceInterval = [112.899 ns; 148.471 ns] (CI 99.9%), Margin = 17.786 ns (13.61% of Mean)
Skewness = 0.36, Kurtosis = 0.67, MValue = 2
-------------------- Histogram --------------------
[129.113 ns ; 132.689 ns) | @@@
---------------------------------------------------

MemoryCacheProviderBenchmarks.GetOrSetAsync_CacheMiss: ShortRun(IterationCount=3, LaunchCount=1, WarmupCount=3)
Runtime = .NET 10.0.12 (10.0.12, 10.0.1226.42308), X64 RyuJIT x86-64-v3; GC = Concurrent Workstation
Mean = 5.120 μs, StdErr = 0.066 μs (1.30%), N = 3, StdDev = 0.115 μs
Min = 4.989 μs, Q1 = 5.077 μs, Median = 5.165 μs, Q3 = 5.185 μs, Max = 5.206 μs
IQR = 0.108 μs, LowerFence = 4.915 μs, UpperFence = 5.347 μs
ConfidenceInterval = [3.024 μs; 7.216 μs] (CI 99.9%), Margin = 2.096 μs (40.94% of Mean)
Skewness = -0.33, Kurtosis = 0.67, MValue = 2
-------------------- Histogram --------------------
[4.885 μs ; 5.081 μs) | @
[5.081 μs ; 5.310 μs) | @@
---------------------------------------------------

MemoryCacheProviderBenchmarks.RemoveAsync: ShortRun(IterationCount=3, LaunchCount=1, WarmupCount=3)
Runtime = .NET 10.0.12 (10.0.12, 10.0.1226.42308), X64 RyuJIT x86-64-v3; GC = Concurrent Workstation
Mean = 2.981 μs, StdErr = 0.013 μs (0.44%), N = 3, StdDev = 0.023 μs
Min = 2.964 μs, Q1 = 2.969 μs, Median = 2.974 μs, Q3 = 2.990 μs, Max = 3.007 μs
IQR = 0.022 μs, LowerFence = 2.936 μs, UpperFence = 3.023 μs
ConfidenceInterval = [2.564 μs; 3.399 μs] (CI 99.9%), Margin = 0.417 μs (14.00% of Mean)
Skewness = 0.3, Kurtosis = 0.67, MValue = 2
-------------------- Histogram --------------------
[2.943 μs ; 3.028 μs) | @@@
---------------------------------------------------

MemoryCacheProviderBenchmarks.SetWithSlidingExpirationAsync: ShortRun(IterationCount=3, LaunchCount=1, WarmupCount=3)
Runtime = .NET 10.0.12 (10.0.12, 10.0.1226.42308), X64 RyuJIT x86-64-v3; GC = Concurrent Workstation
Mean = 4.029 μs, StdErr = 0.212 μs (5.26%), N = 3, StdDev = 0.367 μs
Min = 3.619 μs, Q1 = 3.879 μs, Median = 4.138 μs, Q3 = 4.233 μs, Max = 4.329 μs
IQR = 0.355 μs, LowerFence = 3.346 μs, UpperFence = 4.766 μs
ConfidenceInterval = [-2.671 μs; 10.728 μs] (CI 99.9%), Margin = 6.699 μs (166.29% of Mean)
Skewness = -0.27, Kurtosis = 0.67, MValue = 2
-------------------- Histogram --------------------
[3.285 μs ; 3.899 μs) | @
[3.899 μs ; 4.663 μs) | @@
---------------------------------------------------

MemoryCacheProviderBenchmarks.SetAsync: ShortRun(IterationCount=3, LaunchCount=1, WarmupCount=3)
Runtime = .NET 10.0.12 (10.0.12, 10.0.1226.42308), X64 RyuJIT x86-64-v3; GC = Concurrent Workstation
Mean = 3.733 μs, StdErr = 0.120 μs (3.22%), N = 3, StdDev = 0.208 μs
Min = 3.522 μs, Q1 = 3.631 μs, Median = 3.740 μs, Q3 = 3.839 μs, Max = 3.938 μs
IQR = 0.208 μs, LowerFence = 3.319 μs, UpperFence = 4.151 μs
ConfidenceInterval = [-0.065 μs; 7.532 μs] (CI 99.9%), Margin = 3.799 μs (101.75% of Mean)
Skewness = -0.03, Kurtosis = 0.67, MValue = 2
-------------------- Histogram --------------------
[3.332 μs ; 3.650 μs) | @
[3.650 μs ; 4.029 μs) | @@
---------------------------------------------------

// * Summary *

BenchmarkDotNet v0.15.8, Linux Ubuntu 24.04.5 LTS (Noble Numbat)
AMD EPYC 9V74 2.60GHz, 1 CPU, 4 logical and 2 physical cores
.NET SDK 10.0.401
  [Host]     : .NET 10.0.12 (10.0.12, 10.0.1226.42308), X64 RyuJIT x86-64-v3
  Job-NUBXJZ : .NET 10.0.12 (10.0.12, 10.0.1226.42308), X64 RyuJIT x86-64-v3
  ShortRun   : .NET 10.0.12 (10.0.12, 10.0.1226.42308), X64 RyuJIT x86-64-v3


| Method                        | Job        | IterationCount | LaunchCount | WarmupCount | Mean        | Error        | StdDev     | Ratio | RatioSD | Gen0   | Gen1   | Allocated | Alloc Ratio |
|------------------------------ |----------- |--------------- |------------ |------------ |------------:|-------------:|-----------:|------:|--------:|-------:|-------:|----------:|------------:|
| ExistsAsync_False             | Job-NUBXJZ | 20             | Default     | 5           |    57.26 ns |     0.049 ns |   0.054 ns |  0.71 |    0.00 |      - |      - |         - |        0.00 |
| ExistsAsync_True              | Job-NUBXJZ | 20             | Default     | 5           |    64.42 ns |     0.036 ns |   0.037 ns |  0.80 |    0.00 |      - |      - |         - |        0.00 |
| GetAsync_CacheHit             | Job-NUBXJZ | 20             | Default     | 5           |    80.36 ns |     0.178 ns |   0.198 ns |  1.00 |    0.00 | 0.0086 |      - |     144 B |        1.00 |
| GetAsync_CacheMiss            | Job-NUBXJZ | 20             | Default     | 5           |    59.46 ns |     0.098 ns |   0.113 ns |  0.74 |    0.00 |      - |      - |         - |        0.00 |
| GetOrSetAsync_CacheHit        | Job-NUBXJZ | 20             | Default     | 5           |   119.84 ns |     0.384 ns |   0.427 ns |  1.49 |    0.01 | 0.0167 |      - |     280 B |        1.94 |
| GetOrSetAsync_CacheMiss       | Job-NUBXJZ | 20             | Default     | 5           | 6,113.90 ns |   610.055 ns | 652.752 ns | 76.08 |    7.91 | 0.0610 | 0.0534 |    1080 B |        7.50 |
| RemoveAsync                   | Job-NUBXJZ | 20             | Default     | 5           | 3,077.70 ns |    39.803 ns |  45.837 ns | 38.30 |    0.56 | 0.0458 |      - |     784 B |        5.44 |
| SetWithSlidingExpirationAsync | Job-NUBXJZ | 20             | Default     | 5           | 5,111.28 ns |   644.782 ns | 716.673 ns | 63.60 |    8.69 | 0.0496 | 0.0458 |     862 B |        5.99 |
| SetAsync                      | Job-NUBXJZ | 20             | Default     | 5           | 4,692.74 ns |   252.402 ns | 270.067 ns | 58.39 |    3.27 | 0.0420 | 0.0381 |     712 B |        4.94 |
|                               |            |                |             |             |             |              |            |       |         |        |        |           |             |
| ExistsAsync_False             | ShortRun   | 3              | 1           | 3           |    56.63 ns |     0.781 ns |   0.043 ns |  0.70 |    0.00 |      - |      - |         - |        0.00 |
| ExistsAsync_True              | ShortRun   | 3              | 1           | 3           |    64.41 ns |     1.092 ns |   0.060 ns |  0.80 |    0.00 |      - |      - |         - |        0.00 |
| GetAsync_CacheHit             | ShortRun   | 3              | 1           | 3           |    80.42 ns |     1.534 ns |   0.084 ns |  1.00 |    0.00 | 0.0086 |      - |     144 B |        1.00 |
| GetAsync_CacheMiss            | ShortRun   | 3              | 1           | 3           |    56.55 ns |     0.888 ns |   0.049 ns |  0.70 |    0.00 |      - |      - |         - |        0.00 |
| GetOrSetAsync_CacheHit        | ShortRun   | 3              | 1           | 3           |   130.68 ns |    17.786 ns |   0.975 ns |  1.62 |    0.01 | 0.0167 |      - |     280 B |        1.94 |
| GetOrSetAsync_CacheMiss       | ShortRun   | 3              | 1           | 3           | 5,119.91 ns | 2,095.868 ns | 114.882 ns | 63.66 |    1.24 | 0.0610 | 0.0534 |    1080 B |        7.50 |
| RemoveAsync                   | ShortRun   | 3              | 1           | 3           | 2,981.42 ns |   417.491 ns |  22.884 ns | 37.07 |    0.25 | 0.0458 |      - |     784 B |        5.44 |
| SetWithSlidingExpirationAsync | ShortRun   | 3              | 1           | 3           | 4,028.60 ns | 6,699.332 ns | 367.213 ns | 50.09 |    3.95 | 0.0420 | 0.0381 |     720 B |        5.00 |
| SetAsync                      | ShortRun   | 3              | 1           | 3           | 3,733.37 ns | 3,798.737 ns | 208.222 ns | 46.42 |    2.24 | 0.0381 | 0.0305 |     712 B |        4.94 |

// * Warnings *
MultimodalDistribution
  MemoryCacheProviderBenchmarks.SetWithSlidingExpirationAsync: IterationCount=20, WarmupCount=5 -> It seems that the distribution is bimodal (mValue = 3.4)

// * Hints *
Outliers
  MemoryCacheProviderBenchmarks.ExistsAsync_False: IterationCount=20, WarmupCount=5             -> 1 outlier  was  removed (59.46 ns)
  MemoryCacheProviderBenchmarks.ExistsAsync_True: IterationCount=20, WarmupCount=5              -> 3 outliers were removed, 4 outliers were detected (66.19 ns, 66.36 ns..66.59 ns)
  MemoryCacheProviderBenchmarks.GetAsync_CacheHit: IterationCount=20, WarmupCount=5             -> 1 outlier  was  removed (86.61 ns)
  MemoryCacheProviderBenchmarks.GetOrSetAsync_CacheHit: IterationCount=20, WarmupCount=5        -> 1 outlier  was  removed, 2 outliers were detected (122.51 ns, 124.86 ns)
  MemoryCacheProviderBenchmarks.GetOrSetAsync_CacheMiss: IterationCount=20, WarmupCount=5       -> 2 outliers were removed (12.25 μs, 22.09 μs)
  MemoryCacheProviderBenchmarks.SetWithSlidingExpirationAsync: IterationCount=20, WarmupCount=5 -> 1 outlier  was  removed (12.44 μs)
  MemoryCacheProviderBenchmarks.SetAsync: IterationCount=20, WarmupCount=5                      -> 2 outliers were removed (13.07 μs, 21.17 μs)
// * Config Issues *

// * Warnings *
Configuration
  Summary -> The exporter CsvExporter is already present in configuration. There may be unexpected results.
  Summary -> The exporter HtmlExporter is already present in configuration. There may be unexpected results.
  Summary -> The exporter MarkdownExporter-github is already present in configuration. There may be unexpected results.

// * Legends *
  Mean        : Arithmetic mean of all measurements
  Error       : Half of 99.9% confidence interval
  StdDev      : Standard deviation of all measurements
  Ratio       : Mean of the ratio distribution ([Current]/[Baseline])
  RatioSD     : Standard deviation of the ratio distribution ([Current]/[Baseline])
  Gen0        : GC Generation 0 collects per 1000 operations
  Gen1        : GC Generation 1 collects per 1000 operations
  Allocated   : Allocated memory per single operation (managed only, inclusive, 1KB = 1024B)
  Alloc Ratio : Allocated memory ratio distribution ([Current]/[Baseline])
  1 ns        : 1 Nanosecond (0.000000001 sec)

// * Diagnostic Output - MemoryDiagnoser *


// ***** BenchmarkRunner: End *****
Run time: 00:14:49 (889.16 sec), executed benchmarks: 18

Global total time: 00:15:45 (945.12 sec), executed benchmarks: 18
// * Artifacts cleanup *
Artifacts cleanup is finished
