// Validating benchmarks:
// ***** BenchmarkRunner: Start   *****
// ***** Found 18 benchmark(s) in total *****
// ***** Building 1 exe(s) in Parallel: Start   *****
// start dotnet  restore --nodeReuse:false /p:UseSharedCompilation=false /p:Deterministic=true /p:Optimize=true /p:ArtifactsPath="/home/runner/work/Encina/Encina/tests/Encina.BenchmarkTests/Encina.Caching.Memory.Benchmarks/bin/Release/net10.0/Encina.Caching.Memory.Benchmarks-Job-NUBXJZ-1/" /p:OutDir="/home/runner/work/Encina/Encina/tests/Encina.BenchmarkTests/Encina.Caching.Memory.Benchmarks/bin/Release/net10.0/Encina.Caching.Memory.Benchmarks-Job-NUBXJZ-1/bin/Release/net10.0/" /p:OutputPath="/home/runner/work/Encina/Encina/tests/Encina.BenchmarkTests/Encina.Caching.Memory.Benchmarks/bin/Release/net10.0/Encina.Caching.Memory.Benchmarks-Job-NUBXJZ-1/bin/Release/net10.0/" /p:PublishDir="/home/runner/work/Encina/Encina/tests/Encina.BenchmarkTests/Encina.Caching.Memory.Benchmarks/bin/Release/net10.0/Encina.Caching.Memory.Benchmarks-Job-NUBXJZ-1/publish/" in /home/runner/work/Encina/Encina/tests/Encina.BenchmarkTests/Encina.Caching.Memory.Benchmarks/bin/Release/net10.0/Encina.Caching.Memory.Benchmarks-Job-NUBXJZ-1
// command took 2.6 sec and exited with 0
// start dotnet  build -c Release --no-restore --nodeReuse:false /p:UseSharedCompilation=false /p:Deterministic=true /p:Optimize=true /p:ArtifactsPath="/home/runner/work/Encina/Encina/tests/Encina.BenchmarkTests/Encina.Caching.Memory.Benchmarks/bin/Release/net10.0/Encina.Caching.Memory.Benchmarks-Job-NUBXJZ-1/" /p:OutDir="/home/runner/work/Encina/Encina/tests/Encina.BenchmarkTests/Encina.Caching.Memory.Benchmarks/bin/Release/net10.0/Encina.Caching.Memory.Benchmarks-Job-NUBXJZ-1/bin/Release/net10.0/" /p:OutputPath="/home/runner/work/Encina/Encina/tests/Encina.BenchmarkTests/Encina.Caching.Memory.Benchmarks/bin/Release/net10.0/Encina.Caching.Memory.Benchmarks-Job-NUBXJZ-1/bin/Release/net10.0/" /p:PublishDir="/home/runner/work/Encina/Encina/tests/Encina.BenchmarkTests/Encina.Caching.Memory.Benchmarks/bin/Release/net10.0/Encina.Caching.Memory.Benchmarks-Job-NUBXJZ-1/publish/" --output "/home/runner/work/Encina/Encina/tests/Encina.BenchmarkTests/Encina.Caching.Memory.Benchmarks/bin/Release/net10.0/Encina.Caching.Memory.Benchmarks-Job-NUBXJZ-1/bin/Release/net10.0/" in /home/runner/work/Encina/Encina/tests/Encina.BenchmarkTests/Encina.Caching.Memory.Benchmarks/bin/Release/net10.0/Encina.Caching.Memory.Benchmarks-Job-NUBXJZ-1
// command took 48.96 sec and exited with 0
// ***** Done, took 00:00:51 (51.69 sec)   *****
// Found 18 benchmarks:
//   MemoryCacheProviderBenchmarks.ExistsAsync_False: Job-NUBXJZ(IterationCount=20, WarmupCount=5)
//   MemoryCacheProviderBenchmarks.ExistsAsync_False: ShortRun(IterationCount=3, LaunchCount=1, WarmupCount=3)
//   MemoryCacheProviderBenchmarks.ExistsAsync_True: Job-NUBXJZ(IterationCount=20, WarmupCount=5)
//   MemoryCacheProviderBenchmarks.ExistsAsync_True: ShortRun(IterationCount=3, LaunchCount=1, WarmupCount=3)
//   MemoryCacheProviderBenchmarks.GetAsync_CacheHit: Job-NUBXJZ(IterationCount=20, WarmupCount=5)
//   MemoryCacheProviderBenchmarks.GetAsync_CacheHit: ShortRun(IterationCount=3, LaunchCount=1, WarmupCount=3)
//   MemoryCacheProviderBenchmarks.GetAsync_CacheMiss: Job-NUBXJZ(IterationCount=20, WarmupCount=5)
//   MemoryCacheProviderBenchmarks.GetAsync_CacheMiss: ShortRun(IterationCount=3, LaunchCount=1, WarmupCount=3)
//   MemoryCacheProviderBenchmarks.GetOrSetAsync_CacheHit: Job-NUBXJZ(IterationCount=20, WarmupCount=5)
//   MemoryCacheProviderBenchmarks.GetOrSetAsync_CacheHit: ShortRun(IterationCount=3, LaunchCount=1, WarmupCount=3)
//   MemoryCacheProviderBenchmarks.GetOrSetAsync_CacheMiss: Job-NUBXJZ(IterationCount=20, WarmupCount=5)
//   MemoryCacheProviderBenchmarks.GetOrSetAsync_CacheMiss: ShortRun(IterationCount=3, LaunchCount=1, WarmupCount=3)
//   MemoryCacheProviderBenchmarks.RemoveAsync: Job-NUBXJZ(IterationCount=20, WarmupCount=5)
//   MemoryCacheProviderBenchmarks.RemoveAsync: ShortRun(IterationCount=3, LaunchCount=1, WarmupCount=3)
//   MemoryCacheProviderBenchmarks.SetWithSlidingExpirationAsync: Job-NUBXJZ(IterationCount=20, WarmupCount=5)
//   MemoryCacheProviderBenchmarks.SetWithSlidingExpirationAsync: ShortRun(IterationCount=3, LaunchCount=1, WarmupCount=3)
//   MemoryCacheProviderBenchmarks.SetAsync: Job-NUBXJZ(IterationCount=20, WarmupCount=5)
//   MemoryCacheProviderBenchmarks.SetAsync: ShortRun(IterationCount=3, LaunchCount=1, WarmupCount=3)

// **************************
// Benchmark: MemoryCacheProviderBenchmarks.ExistsAsync_False: Job-NUBXJZ(IterationCount=20, WarmupCount=5)
// *** Execute ***
// Launch: 1 / 1
// Execute: dotnet Encina.Caching.Memory.Benchmarks-Job-NUBXJZ-1.dll --anonymousPipes 152 153 --benchmarkName Encina.Caching.Memory.Benchmarks.Benchmarks.MemoryCacheProviderBenchmarks.ExistsAsync_False --job "IterationCount=20, WarmupCount=5" --benchmarkId 0 in /home/runner/work/Encina/Encina/tests/Encina.BenchmarkTests/Encina.Caching.Memory.Benchmarks/bin/Release/net10.0/Encina.Caching.Memory.Benchmarks-Job-NUBXJZ-1/bin/Release/net10.0
// Failed to set up high priority (Permission denied). In order to run benchmarks with high priority, make sure you have the right permissions.
// BeforeAnythingElse

// Benchmark Process Environment Information:
// BenchmarkDotNet v0.15.8
// Runtime=.NET 10.0.12 (10.0.12, 10.0.1226.42308), X64 RyuJIT x86-64-v4
// GC=Concurrent Workstation
// HardwareIntrinsics=AVX512 BITALG+VBMI2+VNNI+VPOPCNTDQ,AVX512 IFMA+VBMI,AVX512 F+BW+CD+DQ+VL,AVX2+BMI1+BMI2+F16C+FMA+LZCNT+MOVBE,AVX,SSE3+SSSE3+SSE4.1+SSE4.2+POPCNT,X86Base+SSE+SSE2,AES+PCLMUL VectorSize=256
// Job: Job-NUBXJZ(IterationCount=20, WarmupCount=5)

OverheadJitting  1: 1 op, 208343.00 ns, 208.3430 us/op
WorkloadJitting  1: 1 op, 3262021.00 ns, 3.2620 ms/op

OverheadJitting  2: 16 op, 337495.00 ns, 21.0934 us/op
WorkloadJitting  2: 16 op, 397320.00 ns, 24.8325 us/op

WorkloadPilot    1: 16 op, 5667.00 ns, 354.1875 ns/op
WorkloadPilot    2: 32 op, 6610.00 ns, 206.5625 ns/op
WorkloadPilot    3: 64 op, 8449.00 ns, 132.0156 ns/op
WorkloadPilot    4: 128 op, 14021.00 ns, 109.5391 ns/op
WorkloadPilot    5: 256 op, 23786.00 ns, 92.9141 ns/op
WorkloadPilot    6: 512 op, 40720.00 ns, 79.5313 ns/op
WorkloadPilot    7: 1024 op, 73211.00 ns, 71.4951 ns/op
WorkloadPilot    8: 2048 op, 129913.00 ns, 63.4341 ns/op
WorkloadPilot    9: 4096 op, 243498.00 ns, 59.4478 ns/op
WorkloadPilot   10: 8192 op, 514845.00 ns, 62.8473 ns/op
WorkloadPilot   11: 16384 op, 933219.00 ns, 56.9592 ns/op
WorkloadPilot   12: 32768 op, 1891886.00 ns, 57.7358 ns/op
WorkloadPilot   13: 65536 op, 3866826.00 ns, 59.0031 ns/op
WorkloadPilot   14: 131072 op, 7534938.00 ns, 57.4870 ns/op
WorkloadPilot   15: 262144 op, 14970539.00 ns, 57.1081 ns/op
WorkloadPilot   16: 524288 op, 29432747.00 ns, 56.1385 ns/op
WorkloadPilot   17: 1048576 op, 59141720.00 ns, 56.4019 ns/op
WorkloadPilot   18: 2097152 op, 117999021.00 ns, 56.2663 ns/op
WorkloadPilot   19: 4194304 op, 237127171.00 ns, 56.5355 ns/op
WorkloadPilot   20: 8388608 op, 471492485.00 ns, 56.2063 ns/op
WorkloadPilot   21: 16777216 op, 943210383.00 ns, 56.2197 ns/op

OverheadWarmup   1: 16777216 op, 35943212.00 ns, 2.1424 ns/op
OverheadWarmup   2: 16777216 op, 35952587.00 ns, 2.1429 ns/op
OverheadWarmup   3: 16777216 op, 35949372.00 ns, 2.1427 ns/op
OverheadWarmup   4: 16777216 op, 35983667.00 ns, 2.1448 ns/op
OverheadWarmup   5: 16777216 op, 35990253.00 ns, 2.1452 ns/op
OverheadWarmup   6: 16777216 op, 35953537.00 ns, 2.1430 ns/op

OverheadActual   1: 16777216 op, 36061625.00 ns, 2.1494 ns/op
OverheadActual   2: 16777216 op, 35978659.00 ns, 2.1445 ns/op
OverheadActual   3: 16777216 op, 35953185.00 ns, 2.1430 ns/op
OverheadActual   4: 16777216 op, 36061440.00 ns, 2.1494 ns/op
OverheadActual   5: 16777216 op, 35931067.00 ns, 2.1417 ns/op
OverheadActual   6: 16777216 op, 36960969.00 ns, 2.2030 ns/op
OverheadActual   7: 16777216 op, 35946511.00 ns, 2.1426 ns/op
OverheadActual   8: 16777216 op, 35953067.00 ns, 2.1430 ns/op
OverheadActual   9: 16777216 op, 35940594.00 ns, 2.1422 ns/op
OverheadActual  10: 16777216 op, 35948288.00 ns, 2.1427 ns/op
OverheadActual  11: 16777216 op, 35932261.00 ns, 2.1417 ns/op
OverheadActual  12: 16777216 op, 35937938.00 ns, 2.1421 ns/op
OverheadActual  13: 16777216 op, 35962786.00 ns, 2.1435 ns/op
OverheadActual  14: 16777216 op, 35965786.00 ns, 2.1437 ns/op
OverheadActual  15: 16777216 op, 35985347.00 ns, 2.1449 ns/op

WorkloadWarmup   1: 16777216 op, 946087735.00 ns, 56.3912 ns/op
WorkloadWarmup   2: 16777216 op, 943713982.00 ns, 56.2497 ns/op
WorkloadWarmup   3: 16777216 op, 943928344.00 ns, 56.2625 ns/op
WorkloadWarmup   4: 16777216 op, 944045849.00 ns, 56.2695 ns/op
WorkloadWarmup   5: 16777216 op, 950814939.00 ns, 56.6730 ns/op

// BeforeActualRun
WorkloadActual   1: 16777216 op, 946398592.00 ns, 56.4098 ns/op
WorkloadActual   2: 16777216 op, 943344058.00 ns, 56.2277 ns/op
WorkloadActual   3: 16777216 op, 946704243.00 ns, 56.4280 ns/op
WorkloadActual   4: 16777216 op, 942897006.00 ns, 56.2010 ns/op
WorkloadActual   5: 16777216 op, 942904946.00 ns, 56.2015 ns/op
WorkloadActual   6: 16777216 op, 942499027.00 ns, 56.1773 ns/op
WorkloadActual   7: 16777216 op, 943522383.00 ns, 56.2383 ns/op
WorkloadActual   8: 16777216 op, 942736445.00 ns, 56.1915 ns/op
WorkloadActual   9: 16777216 op, 943079014.00 ns, 56.2119 ns/op
WorkloadActual  10: 16777216 op, 942562801.00 ns, 56.1811 ns/op
WorkloadActual  11: 16777216 op, 942088954.00 ns, 56.1529 ns/op
WorkloadActual  12: 16777216 op, 942319837.00 ns, 56.1666 ns/op
WorkloadActual  13: 16777216 op, 943002671.00 ns, 56.2073 ns/op
WorkloadActual  14: 16777216 op, 945310363.00 ns, 56.3449 ns/op
WorkloadActual  15: 16777216 op, 944088598.00 ns, 56.2721 ns/op
WorkloadActual  16: 16777216 op, 942172949.00 ns, 56.1579 ns/op
WorkloadActual  17: 16777216 op, 942554258.00 ns, 56.1806 ns/op
WorkloadActual  18: 16777216 op, 943069617.00 ns, 56.2113 ns/op
WorkloadActual  19: 16777216 op, 943716376.00 ns, 56.2499 ns/op
WorkloadActual  20: 16777216 op, 942796043.00 ns, 56.1950 ns/op

// AfterActualRun
WorkloadResult   1: 16777216 op, 907390873.00 ns, 54.0847 ns/op
WorkloadResult   2: 16777216 op, 906943821.00 ns, 54.0581 ns/op
WorkloadResult   3: 16777216 op, 906951761.00 ns, 54.0585 ns/op
WorkloadResult   4: 16777216 op, 906545842.00 ns, 54.0343 ns/op
WorkloadResult   5: 16777216 op, 907569198.00 ns, 54.0953 ns/op
WorkloadResult   6: 16777216 op, 906783260.00 ns, 54.0485 ns/op
WorkloadResult   7: 16777216 op, 907125829.00 ns, 54.0689 ns/op
WorkloadResult   8: 16777216 op, 906609616.00 ns, 54.0381 ns/op
WorkloadResult   9: 16777216 op, 906135769.00 ns, 54.0099 ns/op
WorkloadResult  10: 16777216 op, 906366652.00 ns, 54.0237 ns/op
WorkloadResult  11: 16777216 op, 907049486.00 ns, 54.0644 ns/op
WorkloadResult  12: 16777216 op, 908135413.00 ns, 54.1291 ns/op
WorkloadResult  13: 16777216 op, 906219764.00 ns, 54.0149 ns/op
WorkloadResult  14: 16777216 op, 906601073.00 ns, 54.0376 ns/op
WorkloadResult  15: 16777216 op, 907116432.00 ns, 54.0684 ns/op
WorkloadResult  16: 16777216 op, 907763191.00 ns, 54.1069 ns/op
WorkloadResult  17: 16777216 op, 906842858.00 ns, 54.0520 ns/op
// GC:  0 0 0 0 16777216
// Threading:  0 0 16777216

// AfterAll
// Benchmark Process 3329 has exited with code 0.

Mean = 54.058 ns, StdErr = 0.008 ns (0.01%), N = 17, StdDev = 0.032 ns
Min = 54.010 ns, Q1 = 54.038 ns, Median = 54.058 ns, Q3 = 54.069 ns, Max = 54.129 ns
IQR = 0.031 ns, LowerFence = 53.991 ns, UpperFence = 54.116 ns
ConfidenceInterval = [54.027 ns; 54.090 ns] (CI 99.9%), Margin = 0.031 ns (0.06% of Mean)
Skewness = 0.47, Kurtosis = 2.39, MValue = 2

// ** Remained 17 (94.4 %) benchmark(s) to run. Estimated finish 2026-09-23 20:51 (0h 7m from now) **
// **************************
// Benchmark: MemoryCacheProviderBenchmarks.ExistsAsync_False: ShortRun(IterationCount=3, LaunchCount=1, WarmupCount=3)
// *** Execute ***
// Launch: 1 / 1
// Execute: dotnet Encina.Caching.Memory.Benchmarks-Job-NUBXJZ-1.dll --anonymousPipes 152 153 --benchmarkName Encina.Caching.Memory.Benchmarks.Benchmarks.MemoryCacheProviderBenchmarks.ExistsAsync_False --job ShortRun --benchmarkId 1 in /home/runner/work/Encina/Encina/tests/Encina.BenchmarkTests/Encina.Caching.Memory.Benchmarks/bin/Release/net10.0/Encina.Caching.Memory.Benchmarks-Job-NUBXJZ-1/bin/Release/net10.0
// Failed to set up high priority (Permission denied). In order to run benchmarks with high priority, make sure you have the right permissions.
// BeforeAnythingElse

// Benchmark Process Environment Information:
// BenchmarkDotNet v0.15.8
// Runtime=.NET 10.0.12 (10.0.12, 10.0.1226.42308), X64 RyuJIT x86-64-v4
// GC=Concurrent Workstation
// HardwareIntrinsics=AVX512 BITALG+VBMI2+VNNI+VPOPCNTDQ,AVX512 IFMA+VBMI,AVX512 F+BW+CD+DQ+VL,AVX2+BMI1+BMI2+F16C+FMA+LZCNT+MOVBE,AVX,SSE3+SSSE3+SSE4.1+SSE4.2+POPCNT,X86Base+SSE+SSE2,AES+PCLMUL VectorSize=256
// Job: ShortRun(IterationCount=3, LaunchCount=1, WarmupCount=3)

OverheadJitting  1: 1 op, 188605.00 ns, 188.6050 us/op
WorkloadJitting  1: 1 op, 3235509.00 ns, 3.2355 ms/op

OverheadJitting  2: 16 op, 346408.00 ns, 21.6505 us/op
WorkloadJitting  2: 16 op, 375552.00 ns, 23.4720 us/op

WorkloadPilot    1: 16 op, 2888.00 ns, 180.5000 ns/op
WorkloadPilot    2: 32 op, 3401.00 ns, 106.2813 ns/op
WorkloadPilot    3: 64 op, 4781.00 ns, 74.7031 ns/op
WorkloadPilot    4: 128 op, 10876.00 ns, 84.9688 ns/op
WorkloadPilot    5: 256 op, 18679.00 ns, 72.9648 ns/op
WorkloadPilot    6: 512 op, 39194.00 ns, 76.5508 ns/op
WorkloadPilot    7: 1024 op, 70650.00 ns, 68.9941 ns/op
WorkloadPilot    8: 2048 op, 152415.00 ns, 74.4214 ns/op
WorkloadPilot    9: 4096 op, 272736.00 ns, 66.5859 ns/op
WorkloadPilot   10: 8192 op, 586873.00 ns, 71.6398 ns/op
WorkloadPilot   11: 16384 op, 1033501.00 ns, 63.0799 ns/op
WorkloadPilot   12: 32768 op, 1930547.00 ns, 58.9156 ns/op
WorkloadPilot   13: 65536 op, 3759608.00 ns, 57.3671 ns/op
WorkloadPilot   14: 131072 op, 7278922.00 ns, 55.5338 ns/op
WorkloadPilot   15: 262144 op, 14385458.00 ns, 54.8762 ns/op
WorkloadPilot   16: 524288 op, 28302020.00 ns, 53.9818 ns/op
WorkloadPilot   17: 1048576 op, 56969341.00 ns, 54.3302 ns/op
WorkloadPilot   18: 2097152 op, 112996751.00 ns, 53.8810 ns/op
WorkloadPilot   19: 4194304 op, 226313791.00 ns, 53.9574 ns/op
WorkloadPilot   20: 8388608 op, 452057898.00 ns, 53.8895 ns/op
WorkloadPilot   21: 16777216 op, 903765428.00 ns, 53.8686 ns/op

OverheadWarmup   1: 16777216 op, 35925454.00 ns, 2.1413 ns/op
OverheadWarmup   2: 16777216 op, 35961119.00 ns, 2.1434 ns/op
OverheadWarmup   3: 16777216 op, 35937729.00 ns, 2.1421 ns/op
OverheadWarmup   4: 16777216 op, 35929208.00 ns, 2.1415 ns/op
OverheadWarmup   5: 16777216 op, 35981685.00 ns, 2.1447 ns/op
OverheadWarmup   6: 16777216 op, 35948309.00 ns, 2.1427 ns/op

OverheadActual   1: 16777216 op, 35939591.00 ns, 2.1422 ns/op
OverheadActual   2: 16777216 op, 35962411.00 ns, 2.1435 ns/op
OverheadActual   3: 16777216 op, 35956908.00 ns, 2.1432 ns/op
OverheadActual   4: 16777216 op, 35945612.00 ns, 2.1425 ns/op
OverheadActual   5: 16777216 op, 35936722.00 ns, 2.1420 ns/op
OverheadActual   6: 16777216 op, 35952922.00 ns, 2.1430 ns/op
OverheadActual   7: 16777216 op, 35952206.00 ns, 2.1429 ns/op
OverheadActual   8: 16777216 op, 36898567.00 ns, 2.1993 ns/op
OverheadActual   9: 16777216 op, 35942334.00 ns, 2.1423 ns/op
OverheadActual  10: 16777216 op, 35977678.00 ns, 2.1444 ns/op
OverheadActual  11: 16777216 op, 35970639.00 ns, 2.1440 ns/op
OverheadActual  12: 16777216 op, 35967829.00 ns, 2.1438 ns/op
OverheadActual  13: 16777216 op, 35961546.00 ns, 2.1435 ns/op
OverheadActual  14: 16777216 op, 35944184.00 ns, 2.1424 ns/op
OverheadActual  15: 16777216 op, 35946959.00 ns, 2.1426 ns/op

WorkloadWarmup   1: 16777216 op, 897756700.00 ns, 53.5105 ns/op
WorkloadWarmup   2: 16777216 op, 897029896.00 ns, 53.4671 ns/op
WorkloadWarmup   3: 16777216 op, 895058571.00 ns, 53.3496 ns/op

// BeforeActualRun
WorkloadActual   1: 16777216 op, 894821494.00 ns, 53.3355 ns/op
WorkloadActual   2: 16777216 op, 896151135.00 ns, 53.4148 ns/op
WorkloadActual   3: 16777216 op, 894435058.00 ns, 53.3125 ns/op

// AfterActualRun
WorkloadResult   1: 16777216 op, 858868572.00 ns, 51.1926 ns/op
WorkloadResult   2: 16777216 op, 860198213.00 ns, 51.2718 ns/op
WorkloadResult   3: 16777216 op, 858482136.00 ns, 51.1695 ns/op
// GC:  0 0 0 0 16777216
// Threading:  0 0 16777216

// AfterAll
// Benchmark Process 3344 has exited with code 0.

Mean = 51.211 ns, StdErr = 0.031 ns (0.06%), N = 3, StdDev = 0.054 ns
Min = 51.170 ns, Q1 = 51.181 ns, Median = 51.193 ns, Q3 = 51.232 ns, Max = 51.272 ns
IQR = 0.051 ns, LowerFence = 51.104 ns, UpperFence = 51.309 ns
ConfidenceInterval = [50.232 ns; 52.190 ns] (CI 99.9%), Margin = 0.979 ns (1.91% of Mean)
Skewness = 0.31, Kurtosis = 0.67, MValue = 2

// ** Remained 16 (88.9 %) benchmark(s) to run. Estimated finish 2026-09-23 20:49 (0h 4m from now) **
// **************************
// Benchmark: MemoryCacheProviderBenchmarks.ExistsAsync_True: Job-NUBXJZ(IterationCount=20, WarmupCount=5)
// *** Execute ***
// Launch: 1 / 1
// Execute: dotnet Encina.Caching.Memory.Benchmarks-Job-NUBXJZ-1.dll --anonymousPipes 152 153 --benchmarkName Encina.Caching.Memory.Benchmarks.Benchmarks.MemoryCacheProviderBenchmarks.ExistsAsync_True --job "IterationCount=20, WarmupCount=5" --benchmarkId 2 in /home/runner/work/Encina/Encina/tests/Encina.BenchmarkTests/Encina.Caching.Memory.Benchmarks/bin/Release/net10.0/Encina.Caching.Memory.Benchmarks-Job-NUBXJZ-1/bin/Release/net10.0
// Failed to set up high priority (Permission denied). In order to run benchmarks with high priority, make sure you have the right permissions.
// BeforeAnythingElse

// Benchmark Process Environment Information:
// BenchmarkDotNet v0.15.8
// Runtime=.NET 10.0.12 (10.0.12, 10.0.1226.42308), X64 RyuJIT x86-64-v4
// GC=Concurrent Workstation
// HardwareIntrinsics=AVX512 BITALG+VBMI2+VNNI+VPOPCNTDQ,AVX512 IFMA+VBMI,AVX512 F+BW+CD+DQ+VL,AVX2+BMI1+BMI2+F16C+FMA+LZCNT+MOVBE,AVX,SSE3+SSSE3+SSE4.1+SSE4.2+POPCNT,X86Base+SSE+SSE2,AES+PCLMUL VectorSize=256
// Job: Job-NUBXJZ(IterationCount=20, WarmupCount=5)

OverheadJitting  1: 1 op, 203487.00 ns, 203.4870 us/op
WorkloadJitting  1: 1 op, 3343055.00 ns, 3.3431 ms/op

OverheadJitting  2: 16 op, 335163.00 ns, 20.9477 us/op
WorkloadJitting  2: 16 op, 369692.00 ns, 23.1058 us/op

WorkloadPilot    1: 16 op, 3388.00 ns, 211.7500 ns/op
WorkloadPilot    2: 32 op, 3964.00 ns, 123.8750 ns/op
WorkloadPilot    3: 64 op, 9179.00 ns, 143.4219 ns/op
WorkloadPilot    4: 128 op, 15853.00 ns, 123.8516 ns/op
WorkloadPilot    5: 256 op, 29696.00 ns, 116.0000 ns/op
WorkloadPilot    6: 512 op, 43342.00 ns, 84.6523 ns/op
WorkloadPilot    7: 1024 op, 77244.00 ns, 75.4336 ns/op
WorkloadPilot    8: 2048 op, 143036.00 ns, 69.8418 ns/op
WorkloadPilot    9: 4096 op, 258638.00 ns, 63.1440 ns/op
WorkloadPilot   10: 8192 op, 526958.00 ns, 64.3259 ns/op
WorkloadPilot   11: 16384 op, 1173512.00 ns, 71.6255 ns/op
WorkloadPilot   12: 32768 op, 2084229.00 ns, 63.6056 ns/op
WorkloadPilot   13: 65536 op, 4073258.00 ns, 62.1530 ns/op
WorkloadPilot   14: 131072 op, 8020090.00 ns, 61.1884 ns/op
WorkloadPilot   15: 262144 op, 15823815.00 ns, 60.3631 ns/op
WorkloadPilot   16: 524288 op, 31475540.00 ns, 60.0348 ns/op
WorkloadPilot   17: 1048576 op, 63029406.00 ns, 60.1095 ns/op
WorkloadPilot   18: 2097152 op, 125626716.00 ns, 59.9035 ns/op
WorkloadPilot   19: 4194304 op, 256476572.00 ns, 61.1488 ns/op
WorkloadPilot   20: 8388608 op, 503227649.00 ns, 59.9894 ns/op

OverheadWarmup   1: 8388608 op, 17987927.00 ns, 2.1443 ns/op
OverheadWarmup   2: 8388608 op, 18014770.00 ns, 2.1475 ns/op
OverheadWarmup   3: 8388608 op, 17978160.00 ns, 2.1432 ns/op
OverheadWarmup   4: 8388608 op, 17988792.00 ns, 2.1444 ns/op
OverheadWarmup   5: 8388608 op, 17974331.00 ns, 2.1427 ns/op

OverheadActual   1: 8388608 op, 18018800.00 ns, 2.1480 ns/op
OverheadActual   2: 8388608 op, 17981255.00 ns, 2.1435 ns/op
OverheadActual   3: 8388608 op, 18070620.00 ns, 2.1542 ns/op
OverheadActual   4: 8388608 op, 18007278.00 ns, 2.1466 ns/op
OverheadActual   5: 8388608 op, 17999267.00 ns, 2.1457 ns/op
OverheadActual   6: 8388608 op, 17989362.00 ns, 2.1445 ns/op
OverheadActual   7: 8388608 op, 17991435.00 ns, 2.1447 ns/op
OverheadActual   8: 8388608 op, 18005506.00 ns, 2.1464 ns/op
OverheadActual   9: 8388608 op, 18016443.00 ns, 2.1477 ns/op
OverheadActual  10: 8388608 op, 18009282.00 ns, 2.1469 ns/op
OverheadActual  11: 8388608 op, 18009231.00 ns, 2.1469 ns/op
OverheadActual  12: 8388608 op, 18048930.00 ns, 2.1516 ns/op
OverheadActual  13: 8388608 op, 18001788.00 ns, 2.1460 ns/op
OverheadActual  14: 8388608 op, 19176815.00 ns, 2.2861 ns/op
OverheadActual  15: 8388608 op, 17992681.00 ns, 2.1449 ns/op

WorkloadWarmup   1: 8388608 op, 503080876.00 ns, 59.9719 ns/op
WorkloadWarmup   2: 8388608 op, 502205680.00 ns, 59.8676 ns/op
WorkloadWarmup   3: 8388608 op, 501832596.00 ns, 59.8231 ns/op
WorkloadWarmup   4: 8388608 op, 502454573.00 ns, 59.8973 ns/op
WorkloadWarmup   5: 8388608 op, 502242266.00 ns, 59.8719 ns/op

// BeforeActualRun
WorkloadActual   1: 8388608 op, 504170587.00 ns, 60.1018 ns/op
WorkloadActual   2: 8388608 op, 501630381.00 ns, 59.7990 ns/op
WorkloadActual   3: 8388608 op, 502151601.00 ns, 59.8611 ns/op
WorkloadActual   4: 8388608 op, 501898323.00 ns, 59.8309 ns/op
WorkloadActual   5: 8388608 op, 502831716.00 ns, 59.9422 ns/op
WorkloadActual   6: 8388608 op, 503079107.00 ns, 59.9717 ns/op
WorkloadActual   7: 8388608 op, 504341115.00 ns, 60.1221 ns/op
WorkloadActual   8: 8388608 op, 502000209.00 ns, 59.8431 ns/op
WorkloadActual   9: 8388608 op, 502354411.00 ns, 59.8853 ns/op
WorkloadActual  10: 8388608 op, 501946423.00 ns, 59.8367 ns/op
WorkloadActual  11: 8388608 op, 502072900.00 ns, 59.8518 ns/op
WorkloadActual  12: 8388608 op, 501842876.00 ns, 59.8243 ns/op
WorkloadActual  13: 8388608 op, 503213169.00 ns, 59.9877 ns/op
WorkloadActual  14: 8388608 op, 501416503.00 ns, 59.7735 ns/op
WorkloadActual  15: 8388608 op, 503472758.00 ns, 60.0186 ns/op
WorkloadActual  16: 8388608 op, 501691618.00 ns, 59.8063 ns/op
WorkloadActual  17: 8388608 op, 503826533.00 ns, 60.0608 ns/op
WorkloadActual  18: 8388608 op, 502346082.00 ns, 59.8843 ns/op
WorkloadActual  19: 8388608 op, 502650424.00 ns, 59.9206 ns/op
WorkloadActual  20: 8388608 op, 502742539.00 ns, 59.9316 ns/op

// AfterActualRun
WorkloadResult   1: 8388608 op, 486163309.00 ns, 57.9552 ns/op
WorkloadResult   2: 8388608 op, 483623103.00 ns, 57.6524 ns/op
WorkloadResult   3: 8388608 op, 484144323.00 ns, 57.7145 ns/op
WorkloadResult   4: 8388608 op, 483891045.00 ns, 57.6843 ns/op
WorkloadResult   5: 8388608 op, 484824438.00 ns, 57.7956 ns/op
WorkloadResult   6: 8388608 op, 485071829.00 ns, 57.8251 ns/op
WorkloadResult   7: 8388608 op, 486333837.00 ns, 57.9755 ns/op
WorkloadResult   8: 8388608 op, 483992931.00 ns, 57.6965 ns/op
WorkloadResult   9: 8388608 op, 484347133.00 ns, 57.7387 ns/op
WorkloadResult  10: 8388608 op, 483939145.00 ns, 57.6900 ns/op
WorkloadResult  11: 8388608 op, 484065622.00 ns, 57.7051 ns/op
WorkloadResult  12: 8388608 op, 483835598.00 ns, 57.6777 ns/op
WorkloadResult  13: 8388608 op, 485205891.00 ns, 57.8410 ns/op
WorkloadResult  14: 8388608 op, 483409225.00 ns, 57.6269 ns/op
WorkloadResult  15: 8388608 op, 485465480.00 ns, 57.8720 ns/op
WorkloadResult  16: 8388608 op, 483684340.00 ns, 57.6597 ns/op
WorkloadResult  17: 8388608 op, 485819255.00 ns, 57.9142 ns/op
WorkloadResult  18: 8388608 op, 484338804.00 ns, 57.7377 ns/op
WorkloadResult  19: 8388608 op, 484643146.00 ns, 57.7740 ns/op
WorkloadResult  20: 8388608 op, 484735261.00 ns, 57.7849 ns/op
// GC:  0 0 0 0 8388608
// Threading:  0 0 8388608

// AfterAll
// Benchmark Process 3352 has exited with code 0.

Mean = 57.766 ns, StdErr = 0.023 ns (0.04%), N = 20, StdDev = 0.103 ns
Min = 57.627 ns, Q1 = 57.689 ns, Median = 57.738 ns, Q3 = 57.829 ns, Max = 57.976 ns
IQR = 0.140 ns, LowerFence = 57.478 ns, UpperFence = 58.040 ns
ConfidenceInterval = [57.677 ns; 57.855 ns] (CI 99.9%), Margin = 0.089 ns (0.15% of Mean)
Skewness = 0.62, Kurtosis = 2.13, MValue = 2

// ** Remained 15 (83.3 %) benchmark(s) to run. Estimated finish 2026-09-23 20:48 (0h 4m from now) **
// **************************
// Benchmark: MemoryCacheProviderBenchmarks.ExistsAsync_True: ShortRun(IterationCount=3, LaunchCount=1, WarmupCount=3)
// *** Execute ***
// Launch: 1 / 1
// Execute: dotnet Encina.Caching.Memory.Benchmarks-Job-NUBXJZ-1.dll --anonymousPipes 152 153 --benchmarkName Encina.Caching.Memory.Benchmarks.Benchmarks.MemoryCacheProviderBenchmarks.ExistsAsync_True --job ShortRun --benchmarkId 3 in /home/runner/work/Encina/Encina/tests/Encina.BenchmarkTests/Encina.Caching.Memory.Benchmarks/bin/Release/net10.0/Encina.Caching.Memory.Benchmarks-Job-NUBXJZ-1/bin/Release/net10.0
// Failed to set up high priority (Permission denied). In order to run benchmarks with high priority, make sure you have the right permissions.
// BeforeAnythingElse

// Benchmark Process Environment Information:
// BenchmarkDotNet v0.15.8
// Runtime=.NET 10.0.12 (10.0.12, 10.0.1226.42308), X64 RyuJIT x86-64-v4
// GC=Concurrent Workstation
// HardwareIntrinsics=AVX512 BITALG+VBMI2+VNNI+VPOPCNTDQ,AVX512 IFMA+VBMI,AVX512 F+BW+CD+DQ+VL,AVX2+BMI1+BMI2+F16C+FMA+LZCNT+MOVBE,AVX,SSE3+SSSE3+SSE4.1+SSE4.2+POPCNT,X86Base+SSE+SSE2,AES+PCLMUL VectorSize=256
// Job: ShortRun(IterationCount=3, LaunchCount=1, WarmupCount=3)

OverheadJitting  1: 1 op, 197178.00 ns, 197.1780 us/op
WorkloadJitting  1: 1 op, 3239688.00 ns, 3.2397 ms/op

OverheadJitting  2: 16 op, 350450.00 ns, 21.9031 us/op
WorkloadJitting  2: 16 op, 359917.00 ns, 22.4948 us/op

WorkloadPilot    1: 16 op, 3967.00 ns, 247.9375 ns/op
WorkloadPilot    2: 32 op, 4423.00 ns, 138.2188 ns/op
WorkloadPilot    3: 64 op, 5370.00 ns, 83.9063 ns/op
WorkloadPilot    4: 128 op, 10245.00 ns, 80.0391 ns/op
WorkloadPilot    5: 256 op, 21792.00 ns, 85.1250 ns/op
WorkloadPilot    6: 512 op, 36651.00 ns, 71.5840 ns/op
WorkloadPilot    7: 1024 op, 65958.00 ns, 64.4121 ns/op
WorkloadPilot    8: 2048 op, 147944.00 ns, 72.2383 ns/op
WorkloadPilot    9: 4096 op, 265151.00 ns, 64.7341 ns/op
WorkloadPilot   10: 8192 op, 523911.00 ns, 63.9540 ns/op
WorkloadPilot   11: 16384 op, 1167571.00 ns, 71.2629 ns/op
WorkloadPilot   12: 32768 op, 2067104.00 ns, 63.0830 ns/op
WorkloadPilot   13: 65536 op, 4127114.00 ns, 62.9748 ns/op
WorkloadPilot   14: 131072 op, 8298491.00 ns, 63.3125 ns/op
WorkloadPilot   15: 262144 op, 16392891.00 ns, 62.5339 ns/op
WorkloadPilot   16: 524288 op, 32642886.00 ns, 62.2614 ns/op
WorkloadPilot   17: 1048576 op, 65106241.00 ns, 62.0901 ns/op
WorkloadPilot   18: 2097152 op, 139108652.00 ns, 66.3322 ns/op
WorkloadPilot   19: 4194304 op, 259866703.00 ns, 61.9571 ns/op
WorkloadPilot   20: 8388608 op, 520877465.00 ns, 62.0934 ns/op

OverheadWarmup   1: 8388608 op, 18028930.00 ns, 2.1492 ns/op
OverheadWarmup   2: 8388608 op, 18047538.00 ns, 2.1514 ns/op
OverheadWarmup   3: 8388608 op, 18004052.00 ns, 2.1463 ns/op
OverheadWarmup   4: 8388608 op, 17987136.00 ns, 2.1442 ns/op
OverheadWarmup   5: 8388608 op, 17995369.00 ns, 2.1452 ns/op
OverheadWarmup   6: 8388608 op, 17997503.00 ns, 2.1455 ns/op
OverheadWarmup   7: 8388608 op, 18003538.00 ns, 2.1462 ns/op
OverheadWarmup   8: 8388608 op, 17991600.00 ns, 2.1448 ns/op

OverheadActual   1: 8388608 op, 17998346.00 ns, 2.1456 ns/op
OverheadActual   2: 8388608 op, 17994860.00 ns, 2.1452 ns/op
OverheadActual   3: 8388608 op, 17997580.00 ns, 2.1455 ns/op
OverheadActual   4: 8388608 op, 17991122.00 ns, 2.1447 ns/op
OverheadActual   5: 8388608 op, 17998357.00 ns, 2.1456 ns/op
OverheadActual   6: 8388608 op, 17990246.00 ns, 2.1446 ns/op
OverheadActual   7: 8388608 op, 18016350.00 ns, 2.1477 ns/op
OverheadActual   8: 8388608 op, 17993834.00 ns, 2.1450 ns/op
OverheadActual   9: 8388608 op, 17993391.00 ns, 2.1450 ns/op
OverheadActual  10: 8388608 op, 18017497.00 ns, 2.1479 ns/op
OverheadActual  11: 8388608 op, 17997560.00 ns, 2.1455 ns/op
OverheadActual  12: 8388608 op, 18005010.00 ns, 2.1464 ns/op
OverheadActual  13: 8388608 op, 18003182.00 ns, 2.1461 ns/op
OverheadActual  14: 8388608 op, 17989723.00 ns, 2.1445 ns/op
OverheadActual  15: 8388608 op, 18008234.00 ns, 2.1467 ns/op

WorkloadWarmup   1: 8388608 op, 519581589.00 ns, 61.9390 ns/op
WorkloadWarmup   2: 8388608 op, 519894712.00 ns, 61.9763 ns/op
WorkloadWarmup   3: 8388608 op, 520225111.00 ns, 62.0157 ns/op

// BeforeActualRun
WorkloadActual   1: 8388608 op, 520435303.00 ns, 62.0407 ns/op
WorkloadActual   2: 8388608 op, 520336922.00 ns, 62.0290 ns/op
WorkloadActual   3: 8388608 op, 519922105.00 ns, 61.9795 ns/op

// AfterActualRun
WorkloadResult   1: 8388608 op, 502437723.00 ns, 59.8952 ns/op
WorkloadResult   2: 8388608 op, 502339342.00 ns, 59.8835 ns/op
WorkloadResult   3: 8388608 op, 501924525.00 ns, 59.8341 ns/op
// GC:  0 0 0 0 8388608
// Threading:  0 0 8388608

// AfterAll
// Benchmark Process 3363 has exited with code 0.

Mean = 59.871 ns, StdErr = 0.019 ns (0.03%), N = 3, StdDev = 0.032 ns
Min = 59.834 ns, Q1 = 59.859 ns, Median = 59.884 ns, Q3 = 59.889 ns, Max = 59.895 ns
IQR = 0.031 ns, LowerFence = 59.813 ns, UpperFence = 59.935 ns
ConfidenceInterval = [59.279 ns; 60.463 ns] (CI 99.9%), Margin = 0.592 ns (0.99% of Mean)
Skewness = -0.33, Kurtosis = 0.67, MValue = 2

// ** Remained 14 (77.8 %) benchmark(s) to run. Estimated finish 2026-09-23 20:47 (0h 3m from now) **
// **************************
// Benchmark: MemoryCacheProviderBenchmarks.GetAsync_CacheHit: Job-NUBXJZ(IterationCount=20, WarmupCount=5)
// *** Execute ***
// Launch: 1 / 1
// Execute: dotnet Encina.Caching.Memory.Benchmarks-Job-NUBXJZ-1.dll --anonymousPipes 152 153 --benchmarkName Encina.Caching.Memory.Benchmarks.Benchmarks.MemoryCacheProviderBenchmarks.GetAsync_CacheHit --job "IterationCount=20, WarmupCount=5" --benchmarkId 4 in /home/runner/work/Encina/Encina/tests/Encina.BenchmarkTests/Encina.Caching.Memory.Benchmarks/bin/Release/net10.0/Encina.Caching.Memory.Benchmarks-Job-NUBXJZ-1/bin/Release/net10.0
// Failed to set up high priority (Permission denied). In order to run benchmarks with high priority, make sure you have the right permissions.
// BeforeAnythingElse

// Benchmark Process Environment Information:
// BenchmarkDotNet v0.15.8
// Runtime=.NET 10.0.12 (10.0.12, 10.0.1226.42308), X64 RyuJIT x86-64-v4
// GC=Concurrent Workstation
// HardwareIntrinsics=AVX512 BITALG+VBMI2+VNNI+VPOPCNTDQ,AVX512 IFMA+VBMI,AVX512 F+BW+CD+DQ+VL,AVX2+BMI1+BMI2+F16C+FMA+LZCNT+MOVBE,AVX,SSE3+SSSE3+SSE4.1+SSE4.2+POPCNT,X86Base+SSE+SSE2,AES+PCLMUL VectorSize=256
// Job: Job-NUBXJZ(IterationCount=20, WarmupCount=5)

OverheadJitting  1: 1 op, 230190.00 ns, 230.1900 us/op
WorkloadJitting  1: 1 op, 3895414.00 ns, 3.8954 ms/op

OverheadJitting  2: 16 op, 492239.00 ns, 30.7649 us/op
WorkloadJitting  2: 16 op, 540597.00 ns, 33.7873 us/op

WorkloadPilot    1: 16 op, 8979.00 ns, 561.1875 ns/op
WorkloadPilot    2: 32 op, 36415.00 ns, 1.1380 us/op
WorkloadPilot    3: 64 op, 34515.00 ns, 539.2969 ns/op
WorkloadPilot    4: 128 op, 37973.00 ns, 296.6641 ns/op
WorkloadPilot    5: 256 op, 56941.00 ns, 222.4258 ns/op
WorkloadPilot    6: 512 op, 97168.00 ns, 189.7813 ns/op
WorkloadPilot    7: 1024 op, 168045.00 ns, 164.1064 ns/op
WorkloadPilot    8: 2048 op, 249524.00 ns, 121.8379 ns/op
WorkloadPilot    9: 4096 op, 567452.00 ns, 138.5381 ns/op
WorkloadPilot   10: 8192 op, 1109324.00 ns, 135.4155 ns/op
WorkloadPilot   11: 16384 op, 2114598.00 ns, 129.0648 ns/op
WorkloadPilot   12: 32768 op, 4188708.00 ns, 127.8292 ns/op
WorkloadPilot   13: 65536 op, 8299205.00 ns, 126.6358 ns/op
WorkloadPilot   14: 131072 op, 15987567.00 ns, 121.9755 ns/op
WorkloadPilot   15: 262144 op, 25116230.00 ns, 95.8108 ns/op
WorkloadPilot   16: 524288 op, 45667774.00 ns, 87.1044 ns/op
WorkloadPilot   17: 1048576 op, 91624575.00 ns, 87.3800 ns/op
WorkloadPilot   18: 2097152 op, 184506131.00 ns, 87.9794 ns/op
WorkloadPilot   19: 4194304 op, 363976712.00 ns, 86.7788 ns/op
WorkloadPilot   20: 8388608 op, 710459754.00 ns, 84.6934 ns/op

OverheadWarmup   1: 8388608 op, 35182833.00 ns, 4.1941 ns/op
OverheadWarmup   2: 8388608 op, 35236952.00 ns, 4.2006 ns/op
OverheadWarmup   3: 8388608 op, 35336356.00 ns, 4.2124 ns/op
OverheadWarmup   4: 8388608 op, 35271556.00 ns, 4.2047 ns/op
OverheadWarmup   5: 8388608 op, 35044920.00 ns, 4.1777 ns/op
OverheadWarmup   6: 8388608 op, 35094831.00 ns, 4.1836 ns/op
OverheadWarmup   7: 8388608 op, 35200354.00 ns, 4.1962 ns/op
OverheadWarmup   8: 8388608 op, 35302147.00 ns, 4.2083 ns/op
OverheadWarmup   9: 8388608 op, 35052959.00 ns, 4.1786 ns/op

OverheadActual   1: 8388608 op, 35275028.00 ns, 4.2051 ns/op
OverheadActual   2: 8388608 op, 35314477.00 ns, 4.2098 ns/op
OverheadActual   3: 8388608 op, 35305446.00 ns, 4.2087 ns/op
OverheadActual   4: 8388608 op, 35180743.00 ns, 4.1939 ns/op
OverheadActual   5: 8388608 op, 35392224.00 ns, 4.2191 ns/op
OverheadActual   6: 8388608 op, 35150845.00 ns, 4.1903 ns/op
OverheadActual   7: 8388608 op, 35257040.00 ns, 4.2030 ns/op
OverheadActual   8: 8388608 op, 35262913.00 ns, 4.2037 ns/op
OverheadActual   9: 8388608 op, 35265785.00 ns, 4.2040 ns/op
OverheadActual  10: 8388608 op, 35123103.00 ns, 4.1870 ns/op
OverheadActual  11: 8388608 op, 35196458.00 ns, 4.1957 ns/op
OverheadActual  12: 8388608 op, 35320682.00 ns, 4.2106 ns/op
OverheadActual  13: 8388608 op, 35205272.00 ns, 4.1968 ns/op
OverheadActual  14: 8388608 op, 35262951.00 ns, 4.2037 ns/op
OverheadActual  15: 8388608 op, 35281360.00 ns, 4.2059 ns/op

WorkloadWarmup   1: 8388608 op, 722457997.00 ns, 86.1237 ns/op
WorkloadWarmup   2: 8388608 op, 716125404.00 ns, 85.3688 ns/op
WorkloadWarmup   3: 8388608 op, 725597978.00 ns, 86.4980 ns/op
WorkloadWarmup   4: 8388608 op, 713408241.00 ns, 85.0449 ns/op
WorkloadWarmup   5: 8388608 op, 710371754.00 ns, 84.6829 ns/op

// BeforeActualRun
WorkloadActual   1: 8388608 op, 723850289.00 ns, 86.2897 ns/op
WorkloadActual   2: 8388608 op, 712172570.00 ns, 84.8976 ns/op
WorkloadActual   3: 8388608 op, 713198289.00 ns, 85.0199 ns/op
WorkloadActual   4: 8388608 op, 728166711.00 ns, 86.8042 ns/op
WorkloadActual   5: 8388608 op, 716913887.00 ns, 85.4628 ns/op
WorkloadActual   6: 8388608 op, 718865708.00 ns, 85.6955 ns/op
WorkloadActual   7: 8388608 op, 726666593.00 ns, 86.6254 ns/op
WorkloadActual   8: 8388608 op, 714863843.00 ns, 85.2184 ns/op
WorkloadActual   9: 8388608 op, 716811513.00 ns, 85.4506 ns/op
WorkloadActual  10: 8388608 op, 715407518.00 ns, 85.2832 ns/op
WorkloadActual  11: 8388608 op, 710082841.00 ns, 84.6485 ns/op
WorkloadActual  12: 8388608 op, 727761398.00 ns, 86.7559 ns/op
WorkloadActual  13: 8388608 op, 726076983.00 ns, 86.5551 ns/op
WorkloadActual  14: 8388608 op, 718242298.00 ns, 85.6212 ns/op
WorkloadActual  15: 8388608 op, 713867136.00 ns, 85.0996 ns/op
WorkloadActual  16: 8388608 op, 718296902.00 ns, 85.6277 ns/op
WorkloadActual  17: 8388608 op, 715167601.00 ns, 85.2546 ns/op
WorkloadActual  18: 8388608 op, 728447341.00 ns, 86.8377 ns/op
WorkloadActual  19: 8388608 op, 727427881.00 ns, 86.7162 ns/op
WorkloadActual  20: 8388608 op, 716279712.00 ns, 85.3872 ns/op

// AfterActualRun
WorkloadResult   1: 8388608 op, 688587338.00 ns, 82.0860 ns/op
WorkloadResult   2: 8388608 op, 676909619.00 ns, 80.6939 ns/op
WorkloadResult   3: 8388608 op, 677935338.00 ns, 80.8162 ns/op
WorkloadResult   4: 8388608 op, 692903760.00 ns, 82.6006 ns/op
WorkloadResult   5: 8388608 op, 681650936.00 ns, 81.2591 ns/op
WorkloadResult   6: 8388608 op, 683602757.00 ns, 81.4918 ns/op
WorkloadResult   7: 8388608 op, 691403642.00 ns, 82.4217 ns/op
WorkloadResult   8: 8388608 op, 679600892.00 ns, 81.0147 ns/op
WorkloadResult   9: 8388608 op, 681548562.00 ns, 81.2469 ns/op
WorkloadResult  10: 8388608 op, 680144567.00 ns, 81.0796 ns/op
WorkloadResult  11: 8388608 op, 674819890.00 ns, 80.4448 ns/op
WorkloadResult  12: 8388608 op, 692498447.00 ns, 82.5522 ns/op
WorkloadResult  13: 8388608 op, 690814032.00 ns, 82.3514 ns/op
WorkloadResult  14: 8388608 op, 682979347.00 ns, 81.4175 ns/op
WorkloadResult  15: 8388608 op, 678604185.00 ns, 80.8959 ns/op
WorkloadResult  16: 8388608 op, 683033951.00 ns, 81.4240 ns/op
WorkloadResult  17: 8388608 op, 679904650.00 ns, 81.0510 ns/op
WorkloadResult  18: 8388608 op, 693184390.00 ns, 82.6340 ns/op
WorkloadResult  19: 8388608 op, 692164930.00 ns, 82.5125 ns/op
WorkloadResult  20: 8388608 op, 681016761.00 ns, 81.1835 ns/op
// GC:  48 0 0 1207959552 8388608
// Threading:  0 0 8388608

// AfterAll
// Benchmark Process 3370 has exited with code 0.

Mean = 81.559 ns, StdErr = 0.162 ns (0.20%), N = 20, StdDev = 0.723 ns
Min = 80.445 ns, Q1 = 81.042 ns, Median = 81.338 ns, Q3 = 82.369 ns, Max = 82.634 ns
IQR = 1.327 ns, LowerFence = 79.051 ns, UpperFence = 84.360 ns
ConfidenceInterval = [80.931 ns; 82.186 ns] (CI 99.9%), Margin = 0.628 ns (0.77% of Mean)
Skewness = 0.3, Kurtosis = 1.5, MValue = 2

// ** Remained 13 (72.2 %) benchmark(s) to run. Estimated finish 2026-09-23 20:48 (0h 3m from now) **
// **************************
// Benchmark: MemoryCacheProviderBenchmarks.GetAsync_CacheHit: ShortRun(IterationCount=3, LaunchCount=1, WarmupCount=3)
// *** Execute ***
// Launch: 1 / 1
// Execute: dotnet Encina.Caching.Memory.Benchmarks-Job-NUBXJZ-1.dll --anonymousPipes 152 153 --benchmarkName Encina.Caching.Memory.Benchmarks.Benchmarks.MemoryCacheProviderBenchmarks.GetAsync_CacheHit --job ShortRun --benchmarkId 5 in /home/runner/work/Encina/Encina/tests/Encina.BenchmarkTests/Encina.Caching.Memory.Benchmarks/bin/Release/net10.0/Encina.Caching.Memory.Benchmarks-Job-NUBXJZ-1/bin/Release/net10.0
// Failed to set up high priority (Permission denied). In order to run benchmarks with high priority, make sure you have the right permissions.
// BeforeAnythingElse

// Benchmark Process Environment Information:
// BenchmarkDotNet v0.15.8
// Runtime=.NET 10.0.12 (10.0.12, 10.0.1226.42308), X64 RyuJIT x86-64-v4
// GC=Concurrent Workstation
// HardwareIntrinsics=AVX512 BITALG+VBMI2+VNNI+VPOPCNTDQ,AVX512 IFMA+VBMI,AVX512 F+BW+CD+DQ+VL,AVX2+BMI1+BMI2+F16C+FMA+LZCNT+MOVBE,AVX,SSE3+SSSE3+SSE4.1+SSE4.2+POPCNT,X86Base+SSE+SSE2,AES+PCLMUL VectorSize=256
// Job: ShortRun(IterationCount=3, LaunchCount=1, WarmupCount=3)

OverheadJitting  1: 1 op, 236176.00 ns, 236.1760 us/op
WorkloadJitting  1: 1 op, 3873194.00 ns, 3.8732 ms/op

OverheadJitting  2: 16 op, 473669.00 ns, 29.6043 us/op
WorkloadJitting  2: 16 op, 549907.00 ns, 34.3692 us/op

WorkloadPilot    1: 16 op, 6560.00 ns, 410.0000 ns/op
WorkloadPilot    2: 32 op, 25613.00 ns, 800.4063 ns/op
WorkloadPilot    3: 64 op, 48577.00 ns, 759.0156 ns/op
WorkloadPilot    4: 128 op, 38279.00 ns, 299.0547 ns/op
WorkloadPilot    5: 256 op, 70288.00 ns, 274.5625 ns/op
WorkloadPilot    6: 512 op, 94333.00 ns, 184.2441 ns/op
WorkloadPilot    7: 1024 op, 178985.00 ns, 174.7900 ns/op
WorkloadPilot    8: 2048 op, 254337.00 ns, 124.1880 ns/op
WorkloadPilot    9: 4096 op, 573326.00 ns, 139.9722 ns/op
WorkloadPilot   10: 8192 op, 1202959.00 ns, 146.8456 ns/op
WorkloadPilot   11: 16384 op, 2676953.00 ns, 163.3882 ns/op
WorkloadPilot   12: 32768 op, 4251160.00 ns, 129.7351 ns/op
WorkloadPilot   13: 65536 op, 8385333.00 ns, 127.9500 ns/op
WorkloadPilot   14: 131072 op, 16093375.00 ns, 122.7827 ns/op
WorkloadPilot   15: 262144 op, 25314564.00 ns, 96.5674 ns/op
WorkloadPilot   16: 524288 op, 45970663.00 ns, 87.6821 ns/op
WorkloadPilot   17: 1048576 op, 90866265.00 ns, 86.6568 ns/op
WorkloadPilot   18: 2097152 op, 184511459.00 ns, 87.9819 ns/op
WorkloadPilot   19: 4194304 op, 368067255.00 ns, 87.7541 ns/op
WorkloadPilot   20: 8388608 op, 740602832.00 ns, 88.2867 ns/op

OverheadWarmup   1: 8388608 op, 35651085.00 ns, 4.2499 ns/op
OverheadWarmup   2: 8388608 op, 35609622.00 ns, 4.2450 ns/op
OverheadWarmup   3: 8388608 op, 35608244.00 ns, 4.2448 ns/op
OverheadWarmup   4: 8388608 op, 35624563.00 ns, 4.2468 ns/op
OverheadWarmup   5: 8388608 op, 35665102.00 ns, 4.2516 ns/op
OverheadWarmup   6: 8388608 op, 35641099.00 ns, 4.2488 ns/op
OverheadWarmup   7: 8388608 op, 35644764.00 ns, 4.2492 ns/op
OverheadWarmup   8: 8388608 op, 35549875.00 ns, 4.2379 ns/op

OverheadActual   1: 8388608 op, 35650564.00 ns, 4.2499 ns/op
OverheadActual   2: 8388608 op, 35840491.00 ns, 4.2725 ns/op
OverheadActual   3: 8388608 op, 35729858.00 ns, 4.2593 ns/op
OverheadActual   4: 8388608 op, 35588058.00 ns, 4.2424 ns/op
OverheadActual   5: 8388608 op, 35781281.00 ns, 4.2655 ns/op
OverheadActual   6: 8388608 op, 35418019.00 ns, 4.2222 ns/op
OverheadActual   7: 8388608 op, 35658803.00 ns, 4.2509 ns/op
OverheadActual   8: 8388608 op, 35595784.00 ns, 4.2433 ns/op
OverheadActual   9: 8388608 op, 35664797.00 ns, 4.2516 ns/op
OverheadActual  10: 8388608 op, 35589325.00 ns, 4.2426 ns/op
OverheadActual  11: 8388608 op, 35704228.00 ns, 4.2563 ns/op
OverheadActual  12: 8388608 op, 35455285.00 ns, 4.2266 ns/op
OverheadActual  13: 8388608 op, 35486899.00 ns, 4.2304 ns/op
OverheadActual  14: 8388608 op, 35619361.00 ns, 4.2462 ns/op
OverheadActual  15: 8388608 op, 35517260.00 ns, 4.2340 ns/op

WorkloadWarmup   1: 8388608 op, 750854467.00 ns, 89.5088 ns/op
WorkloadWarmup   2: 8388608 op, 737947644.00 ns, 87.9702 ns/op
WorkloadWarmup   3: 8388608 op, 733277914.00 ns, 87.4135 ns/op

// BeforeActualRun
WorkloadActual   1: 8388608 op, 740414083.00 ns, 88.2642 ns/op
WorkloadActual   2: 8388608 op, 747439062.00 ns, 89.1017 ns/op
WorkloadActual   3: 8388608 op, 743283723.00 ns, 88.6063 ns/op

// AfterActualRun
WorkloadResult   1: 8388608 op, 704794722.00 ns, 84.0181 ns/op
WorkloadResult   2: 8388608 op, 711819701.00 ns, 84.8555 ns/op
WorkloadResult   3: 8388608 op, 707664362.00 ns, 84.3602 ns/op
// GC:  48 0 0 1207959552 8388608
// Threading:  0 0 8388608

// AfterAll
// Benchmark Process 3383 has exited with code 0.

Mean = 84.411 ns, StdErr = 0.243 ns (0.29%), N = 3, StdDev = 0.421 ns
Min = 84.018 ns, Q1 = 84.189 ns, Median = 84.360 ns, Q3 = 84.608 ns, Max = 84.856 ns
IQR = 0.419 ns, LowerFence = 83.561 ns, UpperFence = 85.236 ns
ConfidenceInterval = [76.730 ns; 92.093 ns] (CI 99.9%), Margin = 7.682 ns (9.10% of Mean)
Skewness = 0.12, Kurtosis = 0.67, MValue = 2

// ** Remained 12 (66.7 %) benchmark(s) to run. Estimated finish 2026-09-23 20:47 (0h 2m from now) **
// **************************
// Benchmark: MemoryCacheProviderBenchmarks.GetAsync_CacheMiss: Job-NUBXJZ(IterationCount=20, WarmupCount=5)
// *** Execute ***
// Launch: 1 / 1
// Execute: dotnet Encina.Caching.Memory.Benchmarks-Job-NUBXJZ-1.dll --anonymousPipes 152 153 --benchmarkName Encina.Caching.Memory.Benchmarks.Benchmarks.MemoryCacheProviderBenchmarks.GetAsync_CacheMiss --job "IterationCount=20, WarmupCount=5" --benchmarkId 6 in /home/runner/work/Encina/Encina/tests/Encina.BenchmarkTests/Encina.Caching.Memory.Benchmarks/bin/Release/net10.0/Encina.Caching.Memory.Benchmarks-Job-NUBXJZ-1/bin/Release/net10.0
// Failed to set up high priority (Permission denied). In order to run benchmarks with high priority, make sure you have the right permissions.
// BeforeAnythingElse

// Benchmark Process Environment Information:
// BenchmarkDotNet v0.15.8
// Runtime=.NET 10.0.12 (10.0.12, 10.0.1226.42308), X64 RyuJIT x86-64-v4
// GC=Concurrent Workstation
// HardwareIntrinsics=AVX512 BITALG+VBMI2+VNNI+VPOPCNTDQ,AVX512 IFMA+VBMI,AVX512 F+BW+CD+DQ+VL,AVX2+BMI1+BMI2+F16C+FMA+LZCNT+MOVBE,AVX,SSE3+SSSE3+SSE4.1+SSE4.2+POPCNT,X86Base+SSE+SSE2,AES+PCLMUL VectorSize=256
// Job: Job-NUBXJZ(IterationCount=20, WarmupCount=5)

OverheadJitting  1: 1 op, 220474.00 ns, 220.4740 us/op
WorkloadJitting  1: 1 op, 3787932.00 ns, 3.7879 ms/op

OverheadJitting  2: 16 op, 480724.00 ns, 30.0453 us/op
WorkloadJitting  2: 16 op, 558159.00 ns, 34.8849 us/op

WorkloadPilot    1: 16 op, 6517.00 ns, 407.3125 ns/op
WorkloadPilot    2: 32 op, 7410.00 ns, 231.5625 ns/op
WorkloadPilot    3: 64 op, 9689.00 ns, 151.3906 ns/op
WorkloadPilot    4: 128 op, 16403.00 ns, 128.1484 ns/op
WorkloadPilot    5: 256 op, 25732.00 ns, 100.5156 ns/op
WorkloadPilot    6: 512 op, 41865.00 ns, 81.7676 ns/op
WorkloadPilot    7: 1024 op, 73630.00 ns, 71.9043 ns/op
WorkloadPilot    8: 2048 op, 136785.00 ns, 66.7896 ns/op
WorkloadPilot    9: 4096 op, 261425.00 ns, 63.8245 ns/op
WorkloadPilot   10: 8192 op, 529986.00 ns, 64.6956 ns/op
WorkloadPilot   11: 16384 op, 1017924.00 ns, 62.1292 ns/op
WorkloadPilot   12: 32768 op, 2005806.00 ns, 61.2123 ns/op
WorkloadPilot   13: 65536 op, 4192598.00 ns, 63.9740 ns/op
WorkloadPilot   14: 131072 op, 8112224.00 ns, 61.8914 ns/op
WorkloadPilot   15: 262144 op, 16002753.00 ns, 61.0457 ns/op
WorkloadPilot   16: 524288 op, 32138919.00 ns, 61.3001 ns/op
WorkloadPilot   17: 1048576 op, 63690013.00 ns, 60.7395 ns/op
WorkloadPilot   18: 2097152 op, 127086772.00 ns, 60.5997 ns/op
WorkloadPilot   19: 4194304 op, 252841318.00 ns, 60.2821 ns/op
WorkloadPilot   20: 8388608 op, 506048181.00 ns, 60.3256 ns/op

OverheadWarmup   1: 8388608 op, 34988092.00 ns, 4.1709 ns/op
OverheadWarmup   2: 8388608 op, 35104242.00 ns, 4.1848 ns/op
OverheadWarmup   3: 8388608 op, 35057802.00 ns, 4.1792 ns/op
OverheadWarmup   4: 8388608 op, 35033300.00 ns, 4.1763 ns/op
OverheadWarmup   5: 8388608 op, 35258912.00 ns, 4.2032 ns/op
OverheadWarmup   6: 8388608 op, 35376962.00 ns, 4.2173 ns/op
OverheadWarmup   7: 8388608 op, 35317216.00 ns, 4.2101 ns/op

OverheadActual   1: 8388608 op, 35280060.00 ns, 4.2057 ns/op
OverheadActual   2: 8388608 op, 35265666.00 ns, 4.2040 ns/op
OverheadActual   3: 8388608 op, 35247052.00 ns, 4.2018 ns/op
OverheadActual   4: 8388608 op, 35247707.00 ns, 4.2019 ns/op
OverheadActual   5: 8388608 op, 35368102.00 ns, 4.2162 ns/op
OverheadActual   6: 8388608 op, 35320130.00 ns, 4.2105 ns/op
OverheadActual   7: 8388608 op, 35342892.00 ns, 4.2132 ns/op
OverheadActual   8: 8388608 op, 35345018.00 ns, 4.2135 ns/op
OverheadActual   9: 8388608 op, 35284510.00 ns, 4.2062 ns/op
OverheadActual  10: 8388608 op, 35306504.00 ns, 4.2089 ns/op
OverheadActual  11: 8388608 op, 35430074.00 ns, 4.2236 ns/op
OverheadActual  12: 8388608 op, 35330441.00 ns, 4.2117 ns/op
OverheadActual  13: 8388608 op, 35289633.00 ns, 4.2069 ns/op
OverheadActual  14: 8388608 op, 35343133.00 ns, 4.2132 ns/op
OverheadActual  15: 8388608 op, 35179390.00 ns, 4.1937 ns/op

WorkloadWarmup   1: 8388608 op, 507806505.00 ns, 60.5353 ns/op
WorkloadWarmup   2: 8388608 op, 507410242.00 ns, 60.4880 ns/op
WorkloadWarmup   3: 8388608 op, 506858829.00 ns, 60.4223 ns/op
WorkloadWarmup   4: 8388608 op, 506723227.00 ns, 60.4061 ns/op
WorkloadWarmup   5: 8388608 op, 508048752.00 ns, 60.5641 ns/op

// BeforeActualRun
WorkloadActual   1: 8388608 op, 508300437.00 ns, 60.5941 ns/op
WorkloadActual   2: 8388608 op, 508333372.00 ns, 60.5981 ns/op
WorkloadActual   3: 8388608 op, 508427057.00 ns, 60.6092 ns/op
WorkloadActual   4: 8388608 op, 508684733.00 ns, 60.6399 ns/op
WorkloadActual   5: 8388608 op, 508331922.00 ns, 60.5979 ns/op
WorkloadActual   6: 8388608 op, 508362410.00 ns, 60.6015 ns/op
WorkloadActual   7: 8388608 op, 508636567.00 ns, 60.6342 ns/op
WorkloadActual   8: 8388608 op, 508508222.00 ns, 60.6189 ns/op
WorkloadActual   9: 8388608 op, 508716990.00 ns, 60.6438 ns/op
WorkloadActual  10: 8388608 op, 508209349.00 ns, 60.5833 ns/op
WorkloadActual  11: 8388608 op, 509393477.00 ns, 60.7244 ns/op
WorkloadActual  12: 8388608 op, 508239975.00 ns, 60.5869 ns/op
WorkloadActual  13: 8388608 op, 508758781.00 ns, 60.6488 ns/op
WorkloadActual  14: 8388608 op, 513057537.00 ns, 61.1612 ns/op
WorkloadActual  15: 8388608 op, 508920562.00 ns, 60.6681 ns/op
WorkloadActual  16: 8388608 op, 508573440.00 ns, 60.6267 ns/op
WorkloadActual  17: 8388608 op, 509080433.00 ns, 60.6871 ns/op
WorkloadActual  18: 8388608 op, 508588179.00 ns, 60.6284 ns/op
WorkloadActual  19: 8388608 op, 508359747.00 ns, 60.6012 ns/op
WorkloadActual  20: 8388608 op, 508355264.00 ns, 60.6007 ns/op

// AfterActualRun
WorkloadResult   1: 8388608 op, 472993933.00 ns, 56.3853 ns/op
WorkloadResult   2: 8388608 op, 473026868.00 ns, 56.3892 ns/op
WorkloadResult   3: 8388608 op, 473120553.00 ns, 56.4004 ns/op
WorkloadResult   4: 8388608 op, 473378229.00 ns, 56.4311 ns/op
WorkloadResult   5: 8388608 op, 473025418.00 ns, 56.3890 ns/op
WorkloadResult   6: 8388608 op, 473055906.00 ns, 56.3927 ns/op
WorkloadResult   7: 8388608 op, 473330063.00 ns, 56.4253 ns/op
WorkloadResult   8: 8388608 op, 473201718.00 ns, 56.4100 ns/op
WorkloadResult   9: 8388608 op, 473410486.00 ns, 56.4349 ns/op
WorkloadResult  10: 8388608 op, 472902845.00 ns, 56.3744 ns/op
WorkloadResult  11: 8388608 op, 472933471.00 ns, 56.3781 ns/op
WorkloadResult  12: 8388608 op, 473452277.00 ns, 56.4399 ns/op
WorkloadResult  13: 8388608 op, 473614058.00 ns, 56.4592 ns/op
WorkloadResult  14: 8388608 op, 473266936.00 ns, 56.4178 ns/op
WorkloadResult  15: 8388608 op, 473773929.00 ns, 56.4783 ns/op
WorkloadResult  16: 8388608 op, 473281675.00 ns, 56.4196 ns/op
WorkloadResult  17: 8388608 op, 473053243.00 ns, 56.3923 ns/op
WorkloadResult  18: 8388608 op, 473048760.00 ns, 56.3918 ns/op
// GC:  0 0 0 0 8388608
// Threading:  0 0 8388608

// AfterAll
// Benchmark Process 3392 has exited with code 0.

Mean = 56.412 ns, StdErr = 0.007 ns (0.01%), N = 18, StdDev = 0.029 ns
Min = 56.374 ns, Q1 = 56.390 ns, Median = 56.405 ns, Q3 = 56.430 ns, Max = 56.478 ns
IQR = 0.040 ns, LowerFence = 56.330 ns, UpperFence = 56.489 ns
ConfidenceInterval = [56.385 ns; 56.439 ns] (CI 99.9%), Margin = 0.027 ns (0.05% of Mean)
Skewness = 0.68, Kurtosis = 2.44, MValue = 2

// ** Remained 11 (61.1 %) benchmark(s) to run. Estimated finish 2026-09-23 20:47 (0h 2m from now) **
// **************************
// Benchmark: MemoryCacheProviderBenchmarks.GetAsync_CacheMiss: ShortRun(IterationCount=3, LaunchCount=1, WarmupCount=3)
// *** Execute ***
// Launch: 1 / 1
// Execute: dotnet Encina.Caching.Memory.Benchmarks-Job-NUBXJZ-1.dll --anonymousPipes 152 153 --benchmarkName Encina.Caching.Memory.Benchmarks.Benchmarks.MemoryCacheProviderBenchmarks.GetAsync_CacheMiss --job ShortRun --benchmarkId 7 in /home/runner/work/Encina/Encina/tests/Encina.BenchmarkTests/Encina.Caching.Memory.Benchmarks/bin/Release/net10.0/Encina.Caching.Memory.Benchmarks-Job-NUBXJZ-1/bin/Release/net10.0
// Failed to set up high priority (Permission denied). In order to run benchmarks with high priority, make sure you have the right permissions.
// BeforeAnythingElse

// Benchmark Process Environment Information:
// BenchmarkDotNet v0.15.8
// Runtime=.NET 10.0.12 (10.0.12, 10.0.1226.42308), X64 RyuJIT x86-64-v4
// GC=Concurrent Workstation
// HardwareIntrinsics=AVX512 BITALG+VBMI2+VNNI+VPOPCNTDQ,AVX512 IFMA+VBMI,AVX512 F+BW+CD+DQ+VL,AVX2+BMI1+BMI2+F16C+FMA+LZCNT+MOVBE,AVX,SSE3+SSSE3+SSE4.1+SSE4.2+POPCNT,X86Base+SSE+SSE2,AES+PCLMUL VectorSize=256
// Job: ShortRun(IterationCount=3, LaunchCount=1, WarmupCount=3)

OverheadJitting  1: 1 op, 211234.00 ns, 211.2340 us/op
WorkloadJitting  1: 1 op, 3795269.00 ns, 3.7953 ms/op

OverheadJitting  2: 16 op, 464801.00 ns, 29.0501 us/op
WorkloadJitting  2: 16 op, 535384.00 ns, 33.4615 us/op

WorkloadPilot    1: 16 op, 3022.00 ns, 188.8750 ns/op
WorkloadPilot    2: 32 op, 3857.00 ns, 120.5313 ns/op
WorkloadPilot    3: 64 op, 5431.00 ns, 84.8594 ns/op
WorkloadPilot    4: 128 op, 9434.00 ns, 73.7031 ns/op
WorkloadPilot    5: 256 op, 17272.00 ns, 67.4688 ns/op
WorkloadPilot    6: 512 op, 33261.00 ns, 64.9629 ns/op
WorkloadPilot    7: 1024 op, 64676.00 ns, 63.1602 ns/op
WorkloadPilot    8: 2048 op, 139913.00 ns, 68.3169 ns/op
WorkloadPilot    9: 4096 op, 255892.00 ns, 62.4736 ns/op
WorkloadPilot   10: 8192 op, 507116.00 ns, 61.9038 ns/op
WorkloadPilot   11: 16384 op, 999268.00 ns, 60.9905 ns/op
WorkloadPilot   12: 32768 op, 2094073.00 ns, 63.9060 ns/op
WorkloadPilot   13: 65536 op, 4028967.00 ns, 61.4772 ns/op
WorkloadPilot   14: 131072 op, 8085405.00 ns, 61.6867 ns/op
WorkloadPilot   15: 262144 op, 16018113.00 ns, 61.1043 ns/op
WorkloadPilot   16: 524288 op, 31968862.00 ns, 60.9758 ns/op
WorkloadPilot   17: 1048576 op, 63809226.00 ns, 60.8532 ns/op
WorkloadPilot   18: 2097152 op, 127659357.00 ns, 60.8727 ns/op
WorkloadPilot   19: 4194304 op, 255139568.00 ns, 60.8300 ns/op
WorkloadPilot   20: 8388608 op, 509973438.00 ns, 60.7936 ns/op

OverheadWarmup   1: 8388608 op, 35696805.00 ns, 4.2554 ns/op
OverheadWarmup   2: 8388608 op, 35706857.00 ns, 4.2566 ns/op
OverheadWarmup   3: 8388608 op, 35738423.00 ns, 4.2604 ns/op
OverheadWarmup   4: 8388608 op, 35721077.00 ns, 4.2583 ns/op
OverheadWarmup   5: 8388608 op, 35652144.00 ns, 4.2501 ns/op
OverheadWarmup   6: 8388608 op, 35719744.00 ns, 4.2581 ns/op
OverheadWarmup   7: 8388608 op, 35546781.00 ns, 4.2375 ns/op

OverheadActual   1: 8388608 op, 35762337.00 ns, 4.2632 ns/op
OverheadActual   2: 8388608 op, 35772248.00 ns, 4.2644 ns/op
OverheadActual   3: 8388608 op, 35638883.00 ns, 4.2485 ns/op
OverheadActual   4: 8388608 op, 35505784.00 ns, 4.2326 ns/op
OverheadActual   5: 8388608 op, 35584174.00 ns, 4.2420 ns/op
OverheadActual   6: 8388608 op, 35611834.00 ns, 4.2453 ns/op
OverheadActual   7: 8388608 op, 35639444.00 ns, 4.2486 ns/op
OverheadActual   8: 8388608 op, 35802899.00 ns, 4.2680 ns/op
OverheadActual   9: 8388608 op, 35571500.00 ns, 4.2405 ns/op
OverheadActual  10: 8388608 op, 35633006.00 ns, 4.2478 ns/op
OverheadActual  11: 8388608 op, 35621774.00 ns, 4.2464 ns/op
OverheadActual  12: 8388608 op, 35675362.00 ns, 4.2528 ns/op
OverheadActual  13: 8388608 op, 35537545.00 ns, 4.2364 ns/op
OverheadActual  14: 8388608 op, 35508099.00 ns, 4.2329 ns/op
OverheadActual  15: 8388608 op, 35570728.00 ns, 4.2404 ns/op

WorkloadWarmup   1: 8388608 op, 509887862.00 ns, 60.7834 ns/op
WorkloadWarmup   2: 8388608 op, 511378251.00 ns, 60.9610 ns/op
WorkloadWarmup   3: 8388608 op, 509747166.00 ns, 60.7666 ns/op

// BeforeActualRun
WorkloadActual   1: 8388608 op, 510204970.00 ns, 60.8212 ns/op
WorkloadActual   2: 8388608 op, 510840612.00 ns, 60.8969 ns/op
WorkloadActual   3: 8388608 op, 511036812.00 ns, 60.9203 ns/op

// AfterActualRun
WorkloadResult   1: 8388608 op, 474583196.00 ns, 56.5747 ns/op
WorkloadResult   2: 8388608 op, 475218838.00 ns, 56.6505 ns/op
WorkloadResult   3: 8388608 op, 475415038.00 ns, 56.6739 ns/op
// GC:  0 0 0 0 8388608
// Threading:  0 0 8388608

// AfterAll
// Benchmark Process 3405 has exited with code 0.

Mean = 56.633 ns, StdErr = 0.030 ns (0.05%), N = 3, StdDev = 0.052 ns
Min = 56.575 ns, Q1 = 56.613 ns, Median = 56.651 ns, Q3 = 56.662 ns, Max = 56.674 ns
IQR = 0.050 ns, LowerFence = 56.538 ns, UpperFence = 56.737 ns
ConfidenceInterval = [55.687 ns; 57.579 ns] (CI 99.9%), Margin = 0.946 ns (1.67% of Mean)
Skewness = -0.3, Kurtosis = 0.67, MValue = 2

// ** Remained 10 (55.6 %) benchmark(s) to run. Estimated finish 2026-09-23 20:47 (0h 2m from now) **
// **************************
// Benchmark: MemoryCacheProviderBenchmarks.GetOrSetAsync_CacheHit: Job-NUBXJZ(IterationCount=20, WarmupCount=5)
// *** Execute ***
// Launch: 1 / 1
// Execute: dotnet Encina.Caching.Memory.Benchmarks-Job-NUBXJZ-1.dll --anonymousPipes 152 153 --benchmarkName Encina.Caching.Memory.Benchmarks.Benchmarks.MemoryCacheProviderBenchmarks.GetOrSetAsync_CacheHit --job "IterationCount=20, WarmupCount=5" --benchmarkId 8 in /home/runner/work/Encina/Encina/tests/Encina.BenchmarkTests/Encina.Caching.Memory.Benchmarks/bin/Release/net10.0/Encina.Caching.Memory.Benchmarks-Job-NUBXJZ-1/bin/Release/net10.0
// Failed to set up high priority (Permission denied). In order to run benchmarks with high priority, make sure you have the right permissions.
// BeforeAnythingElse

// Benchmark Process Environment Information:
// BenchmarkDotNet v0.15.8
// Runtime=.NET 10.0.12 (10.0.12, 10.0.1226.42308), X64 RyuJIT x86-64-v4
// GC=Concurrent Workstation
// HardwareIntrinsics=AVX512 BITALG+VBMI2+VNNI+VPOPCNTDQ,AVX512 IFMA+VBMI,AVX512 F+BW+CD+DQ+VL,AVX2+BMI1+BMI2+F16C+FMA+LZCNT+MOVBE,AVX,SSE3+SSSE3+SSE4.1+SSE4.2+POPCNT,X86Base+SSE+SSE2,AES+PCLMUL VectorSize=256
// Job: Job-NUBXJZ(IterationCount=20, WarmupCount=5)

OverheadJitting  1: 1 op, 222600.00 ns, 222.6000 us/op
WorkloadJitting  1: 1 op, 6051265.00 ns, 6.0513 ms/op

OverheadJitting  2: 16 op, 460376.00 ns, 28.7735 us/op
WorkloadJitting  2: 16 op, 538823.00 ns, 33.6764 us/op

WorkloadPilot    1: 16 op, 20646.00 ns, 1.2904 us/op
WorkloadPilot    2: 32 op, 26636.00 ns, 832.3750 ns/op
WorkloadPilot    3: 64 op, 27249.00 ns, 425.7656 ns/op
WorkloadPilot    4: 128 op, 40341.00 ns, 315.1641 ns/op
WorkloadPilot    5: 256 op, 76519.00 ns, 298.9023 ns/op
WorkloadPilot    6: 512 op, 140130.00 ns, 273.6914 ns/op
WorkloadPilot    7: 1024 op, 195695.00 ns, 191.1084 ns/op
WorkloadPilot    8: 2048 op, 408996.00 ns, 199.7051 ns/op
WorkloadPilot    9: 4096 op, 827425.00 ns, 202.0081 ns/op
WorkloadPilot   10: 8192 op, 1747708.00 ns, 213.3433 ns/op
WorkloadPilot   11: 16384 op, 3411362.00 ns, 208.2130 ns/op
WorkloadPilot   12: 32768 op, 6817306.00 ns, 208.0477 ns/op
WorkloadPilot   13: 65536 op, 13309836.00 ns, 203.0920 ns/op
WorkloadPilot   14: 131072 op, 19361086.00 ns, 147.7134 ns/op
WorkloadPilot   15: 262144 op, 33889977.00 ns, 129.2800 ns/op
WorkloadPilot   16: 524288 op, 67266499.00 ns, 128.3007 ns/op
WorkloadPilot   17: 1048576 op, 135285081.00 ns, 129.0179 ns/op
WorkloadPilot   18: 2097152 op, 271221380.00 ns, 129.3284 ns/op
WorkloadPilot   19: 4194304 op, 534242048.00 ns, 127.3732 ns/op

OverheadWarmup   1: 4194304 op, 17663499.00 ns, 4.2113 ns/op
OverheadWarmup   2: 4194304 op, 17620984.00 ns, 4.2012 ns/op
OverheadWarmup   3: 4194304 op, 17648305.00 ns, 4.2077 ns/op
OverheadWarmup   4: 4194304 op, 17633624.00 ns, 4.2042 ns/op
OverheadWarmup   5: 4194304 op, 17509579.00 ns, 4.1746 ns/op
OverheadWarmup   6: 4194304 op, 17558625.00 ns, 4.1863 ns/op
OverheadWarmup   7: 4194304 op, 17589857.00 ns, 4.1937 ns/op
OverheadWarmup   8: 4194304 op, 17662614.00 ns, 4.2111 ns/op
OverheadWarmup   9: 4194304 op, 17747533.00 ns, 4.2313 ns/op
OverheadWarmup  10: 4194304 op, 17499399.00 ns, 4.1722 ns/op

OverheadActual   1: 4194304 op, 17991779.00 ns, 4.2896 ns/op
OverheadActual   2: 4194304 op, 17747819.00 ns, 4.2314 ns/op
OverheadActual   3: 4194304 op, 17683101.00 ns, 4.2160 ns/op
OverheadActual   4: 4194304 op, 17570922.00 ns, 4.1892 ns/op
OverheadActual   5: 4194304 op, 17538981.00 ns, 4.1816 ns/op
OverheadActual   6: 4194304 op, 17675982.00 ns, 4.2143 ns/op
OverheadActual   7: 4194304 op, 17539854.00 ns, 4.1818 ns/op
OverheadActual   8: 4194304 op, 17555925.00 ns, 4.1857 ns/op
OverheadActual   9: 4194304 op, 17569169.00 ns, 4.1888 ns/op
OverheadActual  10: 4194304 op, 17554517.00 ns, 4.1853 ns/op
OverheadActual  11: 4194304 op, 17528858.00 ns, 4.1792 ns/op
OverheadActual  12: 4194304 op, 17603494.00 ns, 4.1970 ns/op
OverheadActual  13: 4194304 op, 17554946.00 ns, 4.1854 ns/op
OverheadActual  14: 4194304 op, 17552934.00 ns, 4.1849 ns/op
OverheadActual  15: 4194304 op, 17574908.00 ns, 4.1902 ns/op

WorkloadWarmup   1: 4194304 op, 538350320.00 ns, 128.3527 ns/op
WorkloadWarmup   2: 4194304 op, 546178443.00 ns, 130.2191 ns/op
WorkloadWarmup   3: 4194304 op, 526460267.00 ns, 125.5179 ns/op
WorkloadWarmup   4: 4194304 op, 519687649.00 ns, 123.9032 ns/op
WorkloadWarmup   5: 4194304 op, 520479772.00 ns, 124.0920 ns/op

// BeforeActualRun
WorkloadActual   1: 4194304 op, 519056355.00 ns, 123.7527 ns/op
WorkloadActual   2: 4194304 op, 537102450.00 ns, 128.0552 ns/op
WorkloadActual   3: 4194304 op, 535840099.00 ns, 127.7542 ns/op
WorkloadActual   4: 4194304 op, 536628742.00 ns, 127.9423 ns/op
WorkloadActual   5: 4194304 op, 523395364.00 ns, 124.7872 ns/op
WorkloadActual   6: 4194304 op, 529510152.00 ns, 126.2451 ns/op
WorkloadActual   7: 4194304 op, 527939674.00 ns, 125.8706 ns/op
WorkloadActual   8: 4194304 op, 534459373.00 ns, 127.4250 ns/op
WorkloadActual   9: 4194304 op, 522420352.00 ns, 124.5547 ns/op
WorkloadActual  10: 4194304 op, 533053327.00 ns, 127.0898 ns/op
WorkloadActual  11: 4194304 op, 531440456.00 ns, 126.7053 ns/op
WorkloadActual  12: 4194304 op, 524488435.00 ns, 125.0478 ns/op
WorkloadActual  13: 4194304 op, 537922494.00 ns, 128.2507 ns/op
WorkloadActual  14: 4194304 op, 528586181.00 ns, 126.0248 ns/op
WorkloadActual  15: 4194304 op, 528777153.00 ns, 126.0703 ns/op
WorkloadActual  16: 4194304 op, 526841484.00 ns, 125.6088 ns/op
WorkloadActual  17: 4194304 op, 540879689.00 ns, 128.9558 ns/op
WorkloadActual  18: 4194304 op, 538705026.00 ns, 128.4373 ns/op
WorkloadActual  19: 4194304 op, 529351667.00 ns, 126.2073 ns/op
WorkloadActual  20: 4194304 op, 525136738.00 ns, 125.2024 ns/op

// AfterActualRun
WorkloadResult   1: 4194304 op, 501487186.00 ns, 119.5639 ns/op
WorkloadResult   2: 4194304 op, 519533281.00 ns, 123.8664 ns/op
WorkloadResult   3: 4194304 op, 518270930.00 ns, 123.5654 ns/op
WorkloadResult   4: 4194304 op, 519059573.00 ns, 123.7534 ns/op
WorkloadResult   5: 4194304 op, 505826195.00 ns, 120.5984 ns/op
WorkloadResult   6: 4194304 op, 511940983.00 ns, 122.0562 ns/op
WorkloadResult   7: 4194304 op, 510370505.00 ns, 121.6818 ns/op
WorkloadResult   8: 4194304 op, 516890204.00 ns, 123.2362 ns/op
WorkloadResult   9: 4194304 op, 504851183.00 ns, 120.3659 ns/op
WorkloadResult  10: 4194304 op, 515484158.00 ns, 122.9010 ns/op
WorkloadResult  11: 4194304 op, 513871287.00 ns, 122.5165 ns/op
WorkloadResult  12: 4194304 op, 506919266.00 ns, 120.8590 ns/op
WorkloadResult  13: 4194304 op, 520353325.00 ns, 124.0619 ns/op
WorkloadResult  14: 4194304 op, 511017012.00 ns, 121.8359 ns/op
WorkloadResult  15: 4194304 op, 511207984.00 ns, 121.8815 ns/op
WorkloadResult  16: 4194304 op, 509272315.00 ns, 121.4200 ns/op
WorkloadResult  17: 4194304 op, 523310520.00 ns, 124.7670 ns/op
WorkloadResult  18: 4194304 op, 521135857.00 ns, 124.2485 ns/op
WorkloadResult  19: 4194304 op, 511782498.00 ns, 122.0185 ns/op
WorkloadResult  20: 4194304 op, 507567569.00 ns, 121.0135 ns/op
// GC:  46 0 0 1174405120 4194304
// Threading:  0 0 4194304

// AfterAll
// Benchmark Process 3412 has exited with code 0.

Mean = 122.311 ns, StdErr = 0.324 ns (0.27%), N = 20, StdDev = 1.451 ns
Min = 119.564 ns, Q1 = 121.318 ns, Median = 122.037 ns, Q3 = 123.612 ns, Max = 124.767 ns
IQR = 2.294 ns, LowerFence = 117.877 ns, UpperFence = 127.054 ns
ConfidenceInterval = [121.051 ns; 123.570 ns] (CI 99.9%), Margin = 1.260 ns (1.03% of Mean)
Skewness = -0.04, Kurtosis = 1.82, MValue = 2

// ** Remained 9 (50.0 %) benchmark(s) to run. Estimated finish 2026-09-23 20:47 (0h 2m from now) **
// **************************
// Benchmark: MemoryCacheProviderBenchmarks.GetOrSetAsync_CacheHit: ShortRun(IterationCount=3, LaunchCount=1, WarmupCount=3)
// *** Execute ***
// Launch: 1 / 1
// Execute: dotnet Encina.Caching.Memory.Benchmarks-Job-NUBXJZ-1.dll --anonymousPipes 152 153 --benchmarkName Encina.Caching.Memory.Benchmarks.Benchmarks.MemoryCacheProviderBenchmarks.GetOrSetAsync_CacheHit --job ShortRun --benchmarkId 9 in /home/runner/work/Encina/Encina/tests/Encina.BenchmarkTests/Encina.Caching.Memory.Benchmarks/bin/Release/net10.0/Encina.Caching.Memory.Benchmarks-Job-NUBXJZ-1/bin/Release/net10.0
// Failed to set up high priority (Permission denied). In order to run benchmarks with high priority, make sure you have the right permissions.
// BeforeAnythingElse

// Benchmark Process Environment Information:
// BenchmarkDotNet v0.15.8
// Runtime=.NET 10.0.12 (10.0.12, 10.0.1226.42308), X64 RyuJIT x86-64-v4
// GC=Concurrent Workstation
// HardwareIntrinsics=AVX512 BITALG+VBMI2+VNNI+VPOPCNTDQ,AVX512 IFMA+VBMI,AVX512 F+BW+CD+DQ+VL,AVX2+BMI1+BMI2+F16C+FMA+LZCNT+MOVBE,AVX,SSE3+SSSE3+SSE4.1+SSE4.2+POPCNT,X86Base+SSE+SSE2,AES+PCLMUL VectorSize=256
// Job: ShortRun(IterationCount=3, LaunchCount=1, WarmupCount=3)

OverheadJitting  1: 1 op, 212045.00 ns, 212.0450 us/op
WorkloadJitting  1: 1 op, 6025495.00 ns, 6.0255 ms/op

OverheadJitting  2: 16 op, 475937.00 ns, 29.7461 us/op
WorkloadJitting  2: 16 op, 536783.00 ns, 33.5489 us/op

WorkloadPilot    1: 16 op, 26388.00 ns, 1.6493 us/op
WorkloadPilot    2: 32 op, 21934.00 ns, 685.4375 ns/op
WorkloadPilot    3: 64 op, 38608.00 ns, 603.2500 ns/op
WorkloadPilot    4: 128 op, 44808.00 ns, 350.0625 ns/op
WorkloadPilot    5: 256 op, 72601.00 ns, 283.5977 ns/op
WorkloadPilot    6: 512 op, 128916.00 ns, 251.7891 ns/op
WorkloadPilot    7: 1024 op, 261148.00 ns, 255.0273 ns/op
WorkloadPilot    8: 2048 op, 412948.00 ns, 201.6348 ns/op
WorkloadPilot    9: 4096 op, 879941.00 ns, 214.8293 ns/op
WorkloadPilot   10: 8192 op, 1755903.00 ns, 214.3436 ns/op
WorkloadPilot   11: 16384 op, 3454606.00 ns, 210.8524 ns/op
WorkloadPilot   12: 32768 op, 6788001.00 ns, 207.1534 ns/op
WorkloadPilot   13: 65536 op, 13310836.00 ns, 203.1072 ns/op
WorkloadPilot   14: 131072 op, 19285667.00 ns, 147.1380 ns/op
WorkloadPilot   15: 262144 op, 33456780.00 ns, 127.6275 ns/op
WorkloadPilot   16: 524288 op, 68762544.00 ns, 131.1541 ns/op
WorkloadPilot   17: 1048576 op, 135766975.00 ns, 129.4775 ns/op
WorkloadPilot   18: 2097152 op, 278085817.00 ns, 132.6017 ns/op
WorkloadPilot   19: 4194304 op, 542337719.00 ns, 129.3034 ns/op

OverheadWarmup   1: 4194304 op, 17478103.00 ns, 4.1671 ns/op
OverheadWarmup   2: 4194304 op, 17526006.00 ns, 4.1785 ns/op
OverheadWarmup   3: 4194304 op, 17540386.00 ns, 4.1820 ns/op
OverheadWarmup   4: 4194304 op, 17458888.00 ns, 4.1625 ns/op
OverheadWarmup   5: 4194304 op, 17547036.00 ns, 4.1835 ns/op
OverheadWarmup   6: 4194304 op, 17538791.00 ns, 4.1816 ns/op

OverheadActual   1: 4194304 op, 17556125.00 ns, 4.1857 ns/op
OverheadActual   2: 4194304 op, 17588248.00 ns, 4.1934 ns/op
OverheadActual   3: 4194304 op, 17636427.00 ns, 4.2049 ns/op
OverheadActual   4: 4194304 op, 17602083.00 ns, 4.1967 ns/op
OverheadActual   5: 4194304 op, 17582760.00 ns, 4.1921 ns/op
OverheadActual   6: 4194304 op, 17462009.00 ns, 4.1633 ns/op
OverheadActual   7: 4194304 op, 17493846.00 ns, 4.1709 ns/op
OverheadActual   8: 4194304 op, 17481021.00 ns, 4.1678 ns/op
OverheadActual   9: 4194304 op, 17519815.00 ns, 4.1770 ns/op
OverheadActual  10: 4194304 op, 17489259.00 ns, 4.1698 ns/op
OverheadActual  11: 4194304 op, 17490199.00 ns, 4.1700 ns/op
OverheadActual  12: 4194304 op, 17470922.00 ns, 4.1654 ns/op
OverheadActual  13: 4194304 op, 17514381.00 ns, 4.1758 ns/op
OverheadActual  14: 4194304 op, 17478755.00 ns, 4.1673 ns/op
OverheadActual  15: 4194304 op, 17469669.00 ns, 4.1651 ns/op

WorkloadWarmup   1: 4194304 op, 555723081.00 ns, 132.4947 ns/op
WorkloadWarmup   2: 4194304 op, 537706780.00 ns, 128.1993 ns/op
WorkloadWarmup   3: 4194304 op, 536252267.00 ns, 127.8525 ns/op

// BeforeActualRun
WorkloadActual   1: 4194304 op, 531647927.00 ns, 126.7547 ns/op
WorkloadActual   2: 4194304 op, 545855746.00 ns, 130.1422 ns/op
WorkloadActual   3: 4194304 op, 544625200.00 ns, 129.8488 ns/op

// AfterActualRun
WorkloadResult   1: 4194304 op, 514154081.00 ns, 122.5839 ns/op
WorkloadResult   2: 4194304 op, 528361900.00 ns, 125.9713 ns/op
WorkloadResult   3: 4194304 op, 527131354.00 ns, 125.6779 ns/op
// GC:  46 0 0 1174405120 4194304
// Threading:  0 0 4194304

// AfterAll
// Benchmark Process 3420 has exited with code 0.

Mean = 124.744 ns, StdErr = 1.084 ns (0.87%), N = 3, StdDev = 1.877 ns
Min = 122.584 ns, Q1 = 124.131 ns, Median = 125.678 ns, Q3 = 125.825 ns, Max = 125.971 ns
IQR = 1.694 ns, LowerFence = 121.590 ns, UpperFence = 128.365 ns
ConfidenceInterval = [90.505 ns; 158.984 ns] (CI 99.9%), Margin = 34.239 ns (27.45% of Mean)
Skewness = -0.37, Kurtosis = 0.67, MValue = 2

// ** Remained 8 (44.4 %) benchmark(s) to run. Estimated finish 2026-09-23 20:47 (0h 1m from now) **
// **************************
// Benchmark: MemoryCacheProviderBenchmarks.GetOrSetAsync_CacheMiss: Job-NUBXJZ(IterationCount=20, WarmupCount=5)
// *** Execute ***
// Launch: 1 / 1
// Execute: dotnet Encina.Caching.Memory.Benchmarks-Job-NUBXJZ-1.dll --anonymousPipes 152 153 --benchmarkName Encina.Caching.Memory.Benchmarks.Benchmarks.MemoryCacheProviderBenchmarks.GetOrSetAsync_CacheMiss --job "IterationCount=20, WarmupCount=5" --benchmarkId 10 in /home/runner/work/Encina/Encina/tests/Encina.BenchmarkTests/Encina.Caching.Memory.Benchmarks/bin/Release/net10.0/Encina.Caching.Memory.Benchmarks-Job-NUBXJZ-1/bin/Release/net10.0
// Failed to set up high priority (Permission denied). In order to run benchmarks with high priority, make sure you have the right permissions.
// BeforeAnythingElse

// Benchmark Process Environment Information:
// BenchmarkDotNet v0.15.8
// Runtime=.NET 10.0.12 (10.0.12, 10.0.1226.42308), X64 RyuJIT x86-64-v4
// GC=Concurrent Workstation
// HardwareIntrinsics=AVX512 BITALG+VBMI2+VNNI+VPOPCNTDQ,AVX512 IFMA+VBMI,AVX512 F+BW+CD+DQ+VL,AVX2+BMI1+BMI2+F16C+FMA+LZCNT+MOVBE,AVX,SSE3+SSSE3+SSE4.1+SSE4.2+POPCNT,X86Base+SSE+SSE2,AES+PCLMUL VectorSize=256
// Job: Job-NUBXJZ(IterationCount=20, WarmupCount=5)

OverheadJitting  1: 1 op, 226919.00 ns, 226.9190 us/op
WorkloadJitting  1: 1 op, 11884244.00 ns, 11.8842 ms/op

OverheadJitting  2: 16 op, 477289.00 ns, 29.8306 us/op
WorkloadJitting  2: 16 op, 550640.00 ns, 34.4150 us/op

WorkloadPilot    1: 16 op, 189825.00 ns, 11.8641 us/op
WorkloadPilot    2: 32 op, 84619.00 ns, 2.6443 us/op
WorkloadPilot    3: 64 op, 211336.00 ns, 3.3021 us/op
WorkloadPilot    4: 128 op, 315708.00 ns, 2.4665 us/op
WorkloadPilot    5: 256 op, 487090.00 ns, 1.9027 us/op
WorkloadPilot    6: 512 op, 1032514.00 ns, 2.0166 us/op
WorkloadPilot    7: 1024 op, 2305132.00 ns, 2.2511 us/op
WorkloadPilot    8: 2048 op, 4576159.00 ns, 2.2345 us/op
WorkloadPilot    9: 4096 op, 9904619.00 ns, 2.4181 us/op
WorkloadPilot   10: 8192 op, 15231701.00 ns, 1.8593 us/op
WorkloadPilot   11: 16384 op, 38898194.00 ns, 2.3742 us/op
WorkloadPilot   12: 32768 op, 103544025.00 ns, 3.1599 us/op
WorkloadPilot   13: 65536 op, 279395528.00 ns, 4.2632 us/op
WorkloadPilot   14: 131072 op, 473830109.00 ns, 3.6150 us/op
WorkloadPilot   15: 262144 op, 1217469320.00 ns, 4.6443 us/op

OverheadWarmup   1: 262144 op, 1110645.00 ns, 4.2368 ns/op
OverheadWarmup   2: 262144 op, 1117795.00 ns, 4.2640 ns/op
OverheadWarmup   3: 262144 op, 1110365.00 ns, 4.2357 ns/op
OverheadWarmup   4: 262144 op, 1107307.00 ns, 4.2240 ns/op
OverheadWarmup   5: 262144 op, 1121613.00 ns, 4.2786 ns/op
OverheadWarmup   6: 262144 op, 1118943.00 ns, 4.2684 ns/op

OverheadActual   1: 262144 op, 1119393.00 ns, 4.2701 ns/op
OverheadActual   2: 262144 op, 1110887.00 ns, 4.2377 ns/op
OverheadActual   3: 262144 op, 1119116.00 ns, 4.2691 ns/op
OverheadActual   4: 262144 op, 1116186.00 ns, 4.2579 ns/op
OverheadActual   5: 262144 op, 1130816.00 ns, 4.3137 ns/op
OverheadActual   6: 262144 op, 1115846.00 ns, 4.2566 ns/op
OverheadActual   7: 262144 op, 1112545.00 ns, 4.2440 ns/op
OverheadActual   8: 262144 op, 1118736.00 ns, 4.2676 ns/op
OverheadActual   9: 262144 op, 1115386.00 ns, 4.2549 ns/op
OverheadActual  10: 262144 op, 1100607.00 ns, 4.1985 ns/op
OverheadActual  11: 262144 op, 1112113.00 ns, 4.2424 ns/op
OverheadActual  12: 262144 op, 1117986.00 ns, 4.2648 ns/op
OverheadActual  13: 262144 op, 1121881.00 ns, 4.2796 ns/op
OverheadActual  14: 262144 op, 1110382.00 ns, 4.2358 ns/op
OverheadActual  15: 262144 op, 1123149.00 ns, 4.2845 ns/op

WorkloadWarmup   1: 262144 op, 1420094749.00 ns, 5.4172 us/op
WorkloadWarmup   2: 262144 op, 1079176318.00 ns, 4.1167 us/op
WorkloadWarmup   3: 262144 op, 1947674614.00 ns, 7.4298 us/op
WorkloadWarmup   4: 262144 op, 1000777778.00 ns, 3.8177 us/op
WorkloadWarmup   5: 262144 op, 1692884409.00 ns, 6.4578 us/op

// BeforeActualRun
WorkloadActual   1: 262144 op, 1064440523.00 ns, 4.0605 us/op
WorkloadActual   2: 262144 op, 1160587207.00 ns, 4.4273 us/op
WorkloadActual   3: 262144 op, 1187518524.00 ns, 4.5300 us/op
WorkloadActual   4: 262144 op, 3100831604.00 ns, 11.8287 us/op
WorkloadActual   5: 262144 op, 1400995776.00 ns, 5.3444 us/op
WorkloadActual   6: 262144 op, 1301560694.00 ns, 4.9651 us/op
WorkloadActual   7: 262144 op, 1280395701.00 ns, 4.8843 us/op
WorkloadActual   8: 262144 op, 1254673825.00 ns, 4.7862 us/op
WorkloadActual   9: 262144 op, 1279715784.00 ns, 4.8817 us/op
WorkloadActual  10: 262144 op, 1260760817.00 ns, 4.8094 us/op
WorkloadActual  11: 262144 op, 1264468039.00 ns, 4.8236 us/op
WorkloadActual  12: 262144 op, 1273163952.00 ns, 4.8567 us/op
WorkloadActual  13: 262144 op, 1293711636.00 ns, 4.9351 us/op
WorkloadActual  14: 262144 op, 1273579884.00 ns, 4.8583 us/op
WorkloadActual  15: 262144 op, 1253084992.00 ns, 4.7801 us/op
WorkloadActual  16: 262144 op, 4809657955.00 ns, 18.3474 us/op
WorkloadActual  17: 262144 op, 1374519011.00 ns, 5.2434 us/op
WorkloadActual  18: 262144 op, 1616229703.00 ns, 6.1654 us/op
WorkloadActual  19: 262144 op, 1380854650.00 ns, 5.2675 us/op
WorkloadActual  20: 262144 op, 1413573122.00 ns, 5.3924 us/op

// AfterActualRun
WorkloadResult   1: 262144 op, 1063324337.00 ns, 4.0563 us/op
WorkloadResult   2: 262144 op, 1159471021.00 ns, 4.4230 us/op
WorkloadResult   3: 262144 op, 1186402338.00 ns, 4.5258 us/op
WorkloadResult   4: 262144 op, 1399879590.00 ns, 5.3401 us/op
WorkloadResult   5: 262144 op, 1300444508.00 ns, 4.9608 us/op
WorkloadResult   6: 262144 op, 1279279515.00 ns, 4.8801 us/op
WorkloadResult   7: 262144 op, 1253557639.00 ns, 4.7819 us/op
WorkloadResult   8: 262144 op, 1278599598.00 ns, 4.8775 us/op
WorkloadResult   9: 262144 op, 1259644631.00 ns, 4.8052 us/op
WorkloadResult  10: 262144 op, 1263351853.00 ns, 4.8193 us/op
WorkloadResult  11: 262144 op, 1272047766.00 ns, 4.8525 us/op
WorkloadResult  12: 262144 op, 1292595450.00 ns, 4.9309 us/op
WorkloadResult  13: 262144 op, 1272463698.00 ns, 4.8541 us/op
WorkloadResult  14: 262144 op, 1251968806.00 ns, 4.7759 us/op
WorkloadResult  15: 262144 op, 1373402825.00 ns, 5.2391 us/op
WorkloadResult  16: 262144 op, 1379738464.00 ns, 5.2633 us/op
WorkloadResult  17: 262144 op, 1412456936.00 ns, 5.3881 us/op
// GC:  11 10 0 283115584 262144
// Threading:  1 0 262144

// AfterAll
// Benchmark Process 3429 has exited with code 0.

Mean = 4.869 μs, StdErr = 0.081 μs (1.67%), N = 17, StdDev = 0.335 μs
Min = 4.056 μs, Q1 = 4.782 μs, Median = 4.854 μs, Q3 = 4.961 μs, Max = 5.388 μs
IQR = 0.179 μs, LowerFence = 4.514 μs, UpperFence = 5.229 μs
ConfidenceInterval = [4.543 μs; 5.195 μs] (CI 99.9%), Margin = 0.326 μs (6.70% of Mean)
Skewness = -0.49, Kurtosis = 3.05, MValue = 2.25

// ** Remained 7 (38.9 %) benchmark(s) to run. Estimated finish 2026-09-23 20:55 (0h 4m from now) **
// **************************
// Benchmark: MemoryCacheProviderBenchmarks.GetOrSetAsync_CacheMiss: ShortRun(IterationCount=3, LaunchCount=1, WarmupCount=3)
// *** Execute ***
// Launch: 1 / 1
// Execute: dotnet Encina.Caching.Memory.Benchmarks-Job-NUBXJZ-1.dll --anonymousPipes 152 153 --benchmarkName Encina.Caching.Memory.Benchmarks.Benchmarks.MemoryCacheProviderBenchmarks.GetOrSetAsync_CacheMiss --job ShortRun --benchmarkId 11 in /home/runner/work/Encina/Encina/tests/Encina.BenchmarkTests/Encina.Caching.Memory.Benchmarks/bin/Release/net10.0/Encina.Caching.Memory.Benchmarks-Job-NUBXJZ-1/bin/Release/net10.0
// Failed to set up high priority (Permission denied). In order to run benchmarks with high priority, make sure you have the right permissions.
// BeforeAnythingElse

// Benchmark Process Environment Information:
// BenchmarkDotNet v0.15.8
// Runtime=.NET 10.0.12 (10.0.12, 10.0.1226.42308), X64 RyuJIT x86-64-v4
// GC=Concurrent Workstation
// HardwareIntrinsics=AVX512 BITALG+VBMI2+VNNI+VPOPCNTDQ,AVX512 IFMA+VBMI,AVX512 F+BW+CD+DQ+VL,AVX2+BMI1+BMI2+F16C+FMA+LZCNT+MOVBE,AVX,SSE3+SSSE3+SSE4.1+SSE4.2+POPCNT,X86Base+SSE+SSE2,AES+PCLMUL VectorSize=256
// Job: ShortRun(IterationCount=3, LaunchCount=1, WarmupCount=3)

OverheadJitting  1: 1 op, 246096.00 ns, 246.0960 us/op
WorkloadJitting  1: 1 op, 11889868.00 ns, 11.8899 ms/op

OverheadJitting  2: 16 op, 498435.00 ns, 31.1522 us/op
WorkloadJitting  2: 16 op, 556984.00 ns, 34.8115 us/op

WorkloadPilot    1: 16 op, 169366.00 ns, 10.5854 us/op
WorkloadPilot    2: 32 op, 94180.00 ns, 2.9431 us/op
WorkloadPilot    3: 64 op, 160634.00 ns, 2.5099 us/op
WorkloadPilot    4: 128 op, 322149.00 ns, 2.5168 us/op
WorkloadPilot    5: 256 op, 476395.00 ns, 1.8609 us/op
WorkloadPilot    6: 512 op, 1237398.00 ns, 2.4168 us/op
WorkloadPilot    7: 1024 op, 2058187.00 ns, 2.0099 us/op
WorkloadPilot    8: 2048 op, 3488952.00 ns, 1.7036 us/op
WorkloadPilot    9: 4096 op, 10672373.00 ns, 2.6056 us/op
WorkloadPilot   10: 8192 op, 14555720.00 ns, 1.7768 us/op
WorkloadPilot   11: 16384 op, 37615781.00 ns, 2.2959 us/op
WorkloadPilot   12: 32768 op, 97671683.00 ns, 2.9807 us/op
WorkloadPilot   13: 65536 op, 275146889.00 ns, 4.1984 us/op
WorkloadPilot   14: 131072 op, 474412964.00 ns, 3.6195 us/op
WorkloadPilot   15: 262144 op, 1267238148.00 ns, 4.8341 us/op

OverheadWarmup   1: 262144 op, 1123496.00 ns, 4.2858 ns/op
OverheadWarmup   2: 262144 op, 1120298.00 ns, 4.2736 ns/op
OverheadWarmup   3: 262144 op, 1125556.00 ns, 4.2937 ns/op
OverheadWarmup   4: 262144 op, 1121643.00 ns, 4.2787 ns/op
OverheadWarmup   5: 262144 op, 1115152.00 ns, 4.2540 ns/op
OverheadWarmup   6: 262144 op, 1120900.00 ns, 4.2759 ns/op
OverheadWarmup   7: 262144 op, 1122302.00 ns, 4.2812 ns/op
OverheadWarmup   8: 262144 op, 1127097.00 ns, 4.2995 ns/op
OverheadWarmup   9: 262144 op, 1122580.00 ns, 4.2823 ns/op

OverheadActual   1: 262144 op, 1121045.00 ns, 4.2764 ns/op
OverheadActual   2: 262144 op, 1120926.00 ns, 4.2760 ns/op
OverheadActual   3: 262144 op, 1126220.00 ns, 4.2962 ns/op
OverheadActual   4: 262144 op, 1120410.00 ns, 4.2740 ns/op
OverheadActual   5: 262144 op, 1121798.00 ns, 4.2793 ns/op
OverheadActual   6: 262144 op, 1121963.00 ns, 4.2799 ns/op
OverheadActual   7: 262144 op, 1119118.00 ns, 4.2691 ns/op
OverheadActual   8: 262144 op, 1111532.00 ns, 4.2402 ns/op
OverheadActual   9: 262144 op, 1121437.00 ns, 4.2779 ns/op
OverheadActual  10: 262144 op, 1123178.00 ns, 4.2846 ns/op
OverheadActual  11: 262144 op, 1119403.00 ns, 4.2702 ns/op
OverheadActual  12: 262144 op, 1127744.00 ns, 4.3020 ns/op
OverheadActual  13: 262144 op, 1114789.00 ns, 4.2526 ns/op
OverheadActual  14: 262144 op, 1127465.00 ns, 4.3009 ns/op
OverheadActual  15: 262144 op, 1110412.00 ns, 4.2359 ns/op

WorkloadWarmup   1: 262144 op, 1352615701.00 ns, 5.1598 us/op
WorkloadWarmup   2: 262144 op, 1083695997.00 ns, 4.1340 us/op
WorkloadWarmup   3: 262144 op, 1860488189.00 ns, 7.0972 us/op

// BeforeActualRun
WorkloadActual   1: 262144 op, 977679265.00 ns, 3.7296 us/op
WorkloadActual   2: 262144 op, 1165348778.00 ns, 4.4455 us/op
WorkloadActual   3: 262144 op, 1074486508.00 ns, 4.0988 us/op

// AfterActualRun
WorkloadResult   1: 262144 op, 976558220.00 ns, 3.7253 us/op
WorkloadResult   2: 262144 op, 1164227733.00 ns, 4.4412 us/op
WorkloadResult   3: 262144 op, 1073365463.00 ns, 4.0946 us/op
// GC:  11 10 0 283131728 262144
// Threading:  1 0 262144

// AfterAll
// Benchmark Process 3532 has exited with code 0.

Mean = 4.087 μs, StdErr = 0.207 μs (5.06%), N = 3, StdDev = 0.358 μs
Min = 3.725 μs, Q1 = 3.910 μs, Median = 4.095 μs, Q3 = 4.268 μs, Max = 4.441 μs
IQR = 0.358 μs, LowerFence = 3.373 μs, UpperFence = 4.805 μs
ConfidenceInterval = [-2.444 μs; 10.618 μs] (CI 99.9%), Margin = 6.531 μs (159.81% of Mean)
Skewness = -0.02, Kurtosis = 0.67, MValue = 2

// ** Remained 6 (33.3 %) benchmark(s) to run. Estimated finish 2026-09-23 20:55 (0h 4m from now) **
// **************************
// Benchmark: MemoryCacheProviderBenchmarks.RemoveAsync: Job-NUBXJZ(IterationCount=20, WarmupCount=5)
// *** Execute ***
// Launch: 1 / 1
// Execute: dotnet Encina.Caching.Memory.Benchmarks-Job-NUBXJZ-1.dll --anonymousPipes 152 153 --benchmarkName Encina.Caching.Memory.Benchmarks.Benchmarks.MemoryCacheProviderBenchmarks.RemoveAsync --job "IterationCount=20, WarmupCount=5" --benchmarkId 12 in /home/runner/work/Encina/Encina/tests/Encina.BenchmarkTests/Encina.Caching.Memory.Benchmarks/bin/Release/net10.0/Encina.Caching.Memory.Benchmarks-Job-NUBXJZ-1/bin/Release/net10.0
// Failed to set up high priority (Permission denied). In order to run benchmarks with high priority, make sure you have the right permissions.
// BeforeAnythingElse

// Benchmark Process Environment Information:
// BenchmarkDotNet v0.15.8
// Runtime=.NET 10.0.12 (10.0.12, 10.0.1226.42308), X64 RyuJIT x86-64-v4
// GC=Concurrent Workstation
// HardwareIntrinsics=AVX512 BITALG+VBMI2+VNNI+VPOPCNTDQ,AVX512 IFMA+VBMI,AVX512 F+BW+CD+DQ+VL,AVX2+BMI1+BMI2+F16C+FMA+LZCNT+MOVBE,AVX,SSE3+SSSE3+SSE4.1+SSE4.2+POPCNT,X86Base+SSE+SSE2,AES+PCLMUL VectorSize=256
// Job: Job-NUBXJZ(IterationCount=20, WarmupCount=5)

OverheadJitting  1: 1 op, 170669.00 ns, 170.6690 us/op
WorkloadJitting  1: 1 op, 8224857.00 ns, 8.2249 ms/op

OverheadJitting  2: 16 op, 208372.00 ns, 13.0233 us/op
WorkloadJitting  2: 16 op, 357264.00 ns, 22.3290 us/op

WorkloadPilot    1: 16 op, 66746.00 ns, 4.1716 us/op
WorkloadPilot    2: 32 op, 113599.00 ns, 3.5500 us/op
WorkloadPilot    3: 64 op, 219434.00 ns, 3.4287 us/op
WorkloadPilot    4: 128 op, 414159.00 ns, 3.2356 us/op
WorkloadPilot    5: 256 op, 836297.00 ns, 3.2668 us/op
WorkloadPilot    6: 512 op, 1483796.00 ns, 2.8980 us/op
WorkloadPilot    7: 1024 op, 3015847.00 ns, 2.9452 us/op
WorkloadPilot    8: 2048 op, 4686462.00 ns, 2.2883 us/op
WorkloadPilot    9: 4096 op, 9749987.00 ns, 2.3804 us/op
WorkloadPilot   10: 8192 op, 21597105.00 ns, 2.6364 us/op
WorkloadPilot   11: 16384 op, 49237833.00 ns, 3.0052 us/op
WorkloadPilot   12: 32768 op, 97069331.00 ns, 2.9623 us/op
WorkloadPilot   13: 65536 op, 171283956.00 ns, 2.6136 us/op
WorkloadPilot   14: 131072 op, 349141004.00 ns, 2.6637 us/op
WorkloadPilot   15: 262144 op, 700334093.00 ns, 2.6716 us/op

OverheadWarmup   1: 262144 op, 567794.00 ns, 2.1660 ns/op
OverheadWarmup   2: 262144 op, 580876.00 ns, 2.2159 ns/op
OverheadWarmup   3: 262144 op, 569003.00 ns, 2.1706 ns/op
OverheadWarmup   4: 262144 op, 582305.00 ns, 2.2213 ns/op
OverheadWarmup   5: 262144 op, 580207.00 ns, 2.2133 ns/op

OverheadActual   1: 262144 op, 570788.00 ns, 2.1774 ns/op
OverheadActual   2: 262144 op, 570419.00 ns, 2.1760 ns/op
OverheadActual   3: 262144 op, 570452.00 ns, 2.1761 ns/op
OverheadActual   4: 262144 op, 582682.00 ns, 2.2228 ns/op
OverheadActual   5: 262144 op, 582410.00 ns, 2.2217 ns/op
OverheadActual   6: 262144 op, 567334.00 ns, 2.1642 ns/op
OverheadActual   7: 262144 op, 585336.00 ns, 2.2329 ns/op
OverheadActual   8: 262144 op, 563293.00 ns, 2.1488 ns/op
OverheadActual   9: 262144 op, 582797.00 ns, 2.2232 ns/op
OverheadActual  10: 262144 op, 580892.00 ns, 2.2159 ns/op
OverheadActual  11: 262144 op, 566982.00 ns, 2.1629 ns/op
OverheadActual  12: 262144 op, 582950.00 ns, 2.2238 ns/op
OverheadActual  13: 262144 op, 581596.00 ns, 2.2186 ns/op
OverheadActual  14: 262144 op, 570401.00 ns, 2.1759 ns/op
OverheadActual  15: 262144 op, 570362.00 ns, 2.1758 ns/op

WorkloadWarmup   1: 262144 op, 713176739.00 ns, 2.7206 us/op
WorkloadWarmup   2: 262144 op, 707329070.00 ns, 2.6982 us/op
WorkloadWarmup   3: 262144 op, 699552815.00 ns, 2.6686 us/op
WorkloadWarmup   4: 262144 op, 706308278.00 ns, 2.6944 us/op
WorkloadWarmup   5: 262144 op, 700523367.00 ns, 2.6723 us/op

// BeforeActualRun
WorkloadActual   1: 262144 op, 706270705.00 ns, 2.6942 us/op
WorkloadActual   2: 262144 op, 704889004.00 ns, 2.6889 us/op
WorkloadActual   3: 262144 op, 710542125.00 ns, 2.7105 us/op
WorkloadActual   4: 262144 op, 712433314.00 ns, 2.7177 us/op
WorkloadActual   5: 262144 op, 709428945.00 ns, 2.7063 us/op
WorkloadActual   6: 262144 op, 699678777.00 ns, 2.6691 us/op
WorkloadActual   7: 262144 op, 697732662.00 ns, 2.6616 us/op
WorkloadActual   8: 262144 op, 683322524.00 ns, 2.6067 us/op
WorkloadActual   9: 262144 op, 700759957.00 ns, 2.6732 us/op
WorkloadActual  10: 262144 op, 700601295.00 ns, 2.6726 us/op
WorkloadActual  11: 262144 op, 702547354.00 ns, 2.6800 us/op
WorkloadActual  12: 262144 op, 704344162.00 ns, 2.6869 us/op
WorkloadActual  13: 262144 op, 703621317.00 ns, 2.6841 us/op
WorkloadActual  14: 262144 op, 704057481.00 ns, 2.6858 us/op
WorkloadActual  15: 262144 op, 700021987.00 ns, 2.6704 us/op
WorkloadActual  16: 262144 op, 703108167.00 ns, 2.6821 us/op
WorkloadActual  17: 262144 op, 701015285.00 ns, 2.6742 us/op
WorkloadActual  18: 262144 op, 688252140.00 ns, 2.6255 us/op
WorkloadActual  19: 262144 op, 695668643.00 ns, 2.6538 us/op
WorkloadActual  20: 262144 op, 693117702.00 ns, 2.6440 us/op

// AfterActualRun
WorkloadResult   1: 262144 op, 705699917.00 ns, 2.6920 us/op
WorkloadResult   2: 262144 op, 704318216.00 ns, 2.6868 us/op
WorkloadResult   3: 262144 op, 709971337.00 ns, 2.7083 us/op
WorkloadResult   4: 262144 op, 708858157.00 ns, 2.7041 us/op
WorkloadResult   5: 262144 op, 699107989.00 ns, 2.6669 us/op
WorkloadResult   6: 262144 op, 697161874.00 ns, 2.6595 us/op
WorkloadResult   7: 262144 op, 682751736.00 ns, 2.6045 us/op
WorkloadResult   8: 262144 op, 700189169.00 ns, 2.6710 us/op
WorkloadResult   9: 262144 op, 700030507.00 ns, 2.6704 us/op
WorkloadResult  10: 262144 op, 701976566.00 ns, 2.6778 us/op
WorkloadResult  11: 262144 op, 703773374.00 ns, 2.6847 us/op
WorkloadResult  12: 262144 op, 703050529.00 ns, 2.6819 us/op
WorkloadResult  13: 262144 op, 703486693.00 ns, 2.6836 us/op
WorkloadResult  14: 262144 op, 699451199.00 ns, 2.6682 us/op
WorkloadResult  15: 262144 op, 702537379.00 ns, 2.6800 us/op
WorkloadResult  16: 262144 op, 700444497.00 ns, 2.6720 us/op
WorkloadResult  17: 262144 op, 687681352.00 ns, 2.6233 us/op
WorkloadResult  18: 262144 op, 695097855.00 ns, 2.6516 us/op
WorkloadResult  19: 262144 op, 692546914.00 ns, 2.6419 us/op
// GC:  8 0 0 205520896 262144
// Threading:  262144 0 262144

// AfterAll
// Benchmark Process 3561 has exited with code 0.

Mean = 2.670 μs, StdErr = 0.006 μs (0.22%), N = 19, StdDev = 0.026 μs
Min = 2.604 μs, Q1 = 2.663 μs, Median = 2.672 μs, Q3 = 2.684 μs, Max = 2.708 μs
IQR = 0.021 μs, LowerFence = 2.632 μs, UpperFence = 2.716 μs
ConfidenceInterval = [2.647 μs; 2.693 μs] (CI 99.9%), Margin = 0.023 μs (0.86% of Mean)
Skewness = -0.9, Kurtosis = 3.38, MValue = 2

// ** Remained 5 (27.8 %) benchmark(s) to run. Estimated finish 2026-09-23 20:55 (0h 3m from now) **
// **************************
// Benchmark: MemoryCacheProviderBenchmarks.RemoveAsync: ShortRun(IterationCount=3, LaunchCount=1, WarmupCount=3)
// *** Execute ***
// Launch: 1 / 1
// Execute: dotnet Encina.Caching.Memory.Benchmarks-Job-NUBXJZ-1.dll --anonymousPipes 152 153 --benchmarkName Encina.Caching.Memory.Benchmarks.Benchmarks.MemoryCacheProviderBenchmarks.RemoveAsync --job ShortRun --benchmarkId 13 in /home/runner/work/Encina/Encina/tests/Encina.BenchmarkTests/Encina.Caching.Memory.Benchmarks/bin/Release/net10.0/Encina.Caching.Memory.Benchmarks-Job-NUBXJZ-1/bin/Release/net10.0
// Failed to set up high priority (Permission denied). In order to run benchmarks with high priority, make sure you have the right permissions.
// BeforeAnythingElse

// Benchmark Process Environment Information:
// BenchmarkDotNet v0.15.8
// Runtime=.NET 10.0.12 (10.0.12, 10.0.1226.42308), X64 RyuJIT x86-64-v4
// GC=Concurrent Workstation
// HardwareIntrinsics=AVX512 BITALG+VBMI2+VNNI+VPOPCNTDQ,AVX512 IFMA+VBMI,AVX512 F+BW+CD+DQ+VL,AVX2+BMI1+BMI2+F16C+FMA+LZCNT+MOVBE,AVX,SSE3+SSSE3+SSE4.1+SSE4.2+POPCNT,X86Base+SSE+SSE2,AES+PCLMUL VectorSize=256
// Job: ShortRun(IterationCount=3, LaunchCount=1, WarmupCount=3)

OverheadJitting  1: 1 op, 167485.00 ns, 167.4850 us/op
WorkloadJitting  1: 1 op, 8061369.00 ns, 8.0614 ms/op

OverheadJitting  2: 16 op, 204840.00 ns, 12.8025 us/op
WorkloadJitting  2: 16 op, 296345.00 ns, 18.5216 us/op

WorkloadPilot    1: 16 op, 82421.00 ns, 5.1513 us/op
WorkloadPilot    2: 32 op, 113225.00 ns, 3.5383 us/op
WorkloadPilot    3: 64 op, 214159.00 ns, 3.3462 us/op
WorkloadPilot    4: 128 op, 407026.00 ns, 3.1799 us/op
WorkloadPilot    5: 256 op, 782408.00 ns, 3.0563 us/op
WorkloadPilot    6: 512 op, 1446809.00 ns, 2.8258 us/op
WorkloadPilot    7: 1024 op, 2885827.00 ns, 2.8182 us/op
WorkloadPilot    8: 2048 op, 5731502.00 ns, 2.7986 us/op
WorkloadPilot    9: 4096 op, 11263551.00 ns, 2.7499 us/op
WorkloadPilot   10: 8192 op, 23586150.00 ns, 2.8792 us/op
WorkloadPilot   11: 16384 op, 45928200.00 ns, 2.8032 us/op
WorkloadPilot   12: 32768 op, 87975283.00 ns, 2.6848 us/op
WorkloadPilot   13: 65536 op, 167354920.00 ns, 2.5536 us/op
WorkloadPilot   14: 131072 op, 338512085.00 ns, 2.5826 us/op
WorkloadPilot   15: 262144 op, 675206486.00 ns, 2.5757 us/op

OverheadWarmup   1: 262144 op, 568406.00 ns, 2.1683 ns/op
OverheadWarmup   2: 262144 op, 572387.00 ns, 2.1835 ns/op
OverheadWarmup   3: 262144 op, 575076.00 ns, 2.1937 ns/op
OverheadWarmup   4: 262144 op, 584056.00 ns, 2.2280 ns/op
OverheadWarmup   5: 262144 op, 582304.00 ns, 2.2213 ns/op
OverheadWarmup   6: 262144 op, 581253.00 ns, 2.2173 ns/op
OverheadWarmup   7: 262144 op, 584866.00 ns, 2.2311 ns/op
OverheadWarmup   8: 262144 op, 584338.00 ns, 2.2291 ns/op

OverheadActual   1: 262144 op, 584513.00 ns, 2.2297 ns/op
OverheadActual   2: 262144 op, 573579.00 ns, 2.1880 ns/op
OverheadActual   3: 262144 op, 566452.00 ns, 2.1608 ns/op
OverheadActual   4: 262144 op, 591753.00 ns, 2.2574 ns/op
OverheadActual   5: 262144 op, 573106.00 ns, 2.1862 ns/op
OverheadActual   6: 262144 op, 582402.00 ns, 2.2217 ns/op
OverheadActual   7: 262144 op, 590480.00 ns, 2.2525 ns/op
OverheadActual   8: 262144 op, 585120.00 ns, 2.2321 ns/op
OverheadActual   9: 262144 op, 565775.00 ns, 2.1583 ns/op
OverheadActual  10: 262144 op, 582782.00 ns, 2.2231 ns/op
OverheadActual  11: 262144 op, 587581.00 ns, 2.2414 ns/op
OverheadActual  12: 262144 op, 572666.00 ns, 2.1845 ns/op
OverheadActual  13: 262144 op, 573317.00 ns, 2.1870 ns/op
OverheadActual  14: 262144 op, 557030.00 ns, 2.1249 ns/op
OverheadActual  15: 262144 op, 573109.00 ns, 2.1862 ns/op

WorkloadWarmup   1: 262144 op, 682866748.00 ns, 2.6049 us/op
WorkloadWarmup   2: 262144 op, 682443134.00 ns, 2.6033 us/op
WorkloadWarmup   3: 262144 op, 673127969.00 ns, 2.5678 us/op

// BeforeActualRun
WorkloadActual   1: 262144 op, 675387697.00 ns, 2.5764 us/op
WorkloadActual   2: 262144 op, 669331084.00 ns, 2.5533 us/op
WorkloadActual   3: 262144 op, 683773435.00 ns, 2.6084 us/op

// AfterActualRun
WorkloadResult   1: 262144 op, 674814118.00 ns, 2.5742 us/op
WorkloadResult   2: 262144 op, 668757505.00 ns, 2.5511 us/op
WorkloadResult   3: 262144 op, 683199856.00 ns, 2.6062 us/op
// GC:  8 0 0 205520896 262144
// Threading:  262144 0 262144

// AfterAll
// Benchmark Process 3578 has exited with code 0.

Mean = 2.577 μs, StdErr = 0.016 μs (0.62%), N = 3, StdDev = 0.028 μs
Min = 2.551 μs, Q1 = 2.563 μs, Median = 2.574 μs, Q3 = 2.590 μs, Max = 2.606 μs
IQR = 0.028 μs, LowerFence = 2.521 μs, UpperFence = 2.632 μs
ConfidenceInterval = [2.072 μs; 3.082 μs] (CI 99.9%), Margin = 0.505 μs (19.58% of Mean)
Skewness = 0.11, Kurtosis = 0.67, MValue = 2

// ** Remained 4 (22.2 %) benchmark(s) to run. Estimated finish 2026-09-23 20:54 (0h 2m from now) **
// **************************
// Benchmark: MemoryCacheProviderBenchmarks.SetWithSlidingExpirationAsync: Job-NUBXJZ(IterationCount=20, WarmupCount=5)
// *** Execute ***
// Launch: 1 / 1
// Execute: dotnet Encina.Caching.Memory.Benchmarks-Job-NUBXJZ-1.dll --anonymousPipes 152 153 --benchmarkName Encina.Caching.Memory.Benchmarks.Benchmarks.MemoryCacheProviderBenchmarks.SetWithSlidingExpirationAsync --job "IterationCount=20, WarmupCount=5" --benchmarkId 14 in /home/runner/work/Encina/Encina/tests/Encina.BenchmarkTests/Encina.Caching.Memory.Benchmarks/bin/Release/net10.0/Encina.Caching.Memory.Benchmarks-Job-NUBXJZ-1/bin/Release/net10.0
// Failed to set up high priority (Permission denied). In order to run benchmarks with high priority, make sure you have the right permissions.
// BeforeAnythingElse

// Benchmark Process Environment Information:
// BenchmarkDotNet v0.15.8
// Runtime=.NET 10.0.12 (10.0.12, 10.0.1226.42308), X64 RyuJIT x86-64-v4
// GC=Concurrent Workstation
// HardwareIntrinsics=AVX512 BITALG+VBMI2+VNNI+VPOPCNTDQ,AVX512 IFMA+VBMI,AVX512 F+BW+CD+DQ+VL,AVX2+BMI1+BMI2+F16C+FMA+LZCNT+MOVBE,AVX,SSE3+SSSE3+SSE4.1+SSE4.2+POPCNT,X86Base+SSE+SSE2,AES+PCLMUL VectorSize=256
// Job: Job-NUBXJZ(IterationCount=20, WarmupCount=5)

OverheadJitting  1: 1 op, 165052.00 ns, 165.0520 us/op
WorkloadJitting  1: 1 op, 4118213.00 ns, 4.1182 ms/op

OverheadJitting  2: 16 op, 189099.00 ns, 11.8187 us/op
WorkloadJitting  2: 16 op, 331608.00 ns, 20.7255 us/op

WorkloadPilot    1: 16 op, 53959.00 ns, 3.3724 us/op
WorkloadPilot    2: 32 op, 95449.00 ns, 2.9828 us/op
WorkloadPilot    3: 64 op, 170033.00 ns, 2.6568 us/op
WorkloadPilot    4: 128 op, 271348.00 ns, 2.1199 us/op
WorkloadPilot    5: 256 op, 525634.00 ns, 2.0533 us/op
WorkloadPilot    6: 512 op, 850212.00 ns, 1.6606 us/op
WorkloadPilot    7: 1024 op, 1469198.00 ns, 1.4348 us/op
WorkloadPilot    8: 2048 op, 4059882.00 ns, 1.9824 us/op
WorkloadPilot    9: 4096 op, 7580638.00 ns, 1.8507 us/op
WorkloadPilot   10: 8192 op, 11017334.00 ns, 1.3449 us/op
WorkloadPilot   11: 16384 op, 26884542.00 ns, 1.6409 us/op
WorkloadPilot   12: 32768 op, 86989252.00 ns, 2.6547 us/op
WorkloadPilot   13: 65536 op, 199086568.00 ns, 3.0378 us/op
WorkloadPilot   14: 131072 op, 317643240.00 ns, 2.4234 us/op
WorkloadPilot   15: 262144 op, 925557629.00 ns, 3.5307 us/op

OverheadWarmup   1: 262144 op, 563473.00 ns, 2.1495 ns/op
OverheadWarmup   2: 262144 op, 563851.00 ns, 2.1509 ns/op
OverheadWarmup   3: 262144 op, 554799.00 ns, 2.1164 ns/op
OverheadWarmup   4: 262144 op, 563261.00 ns, 2.1487 ns/op
OverheadWarmup   5: 262144 op, 555009.00 ns, 2.1172 ns/op

OverheadActual   1: 262144 op, 562727.00 ns, 2.1466 ns/op
OverheadActual   2: 262144 op, 563044.00 ns, 2.1478 ns/op
OverheadActual   3: 262144 op, 563057.00 ns, 2.1479 ns/op
OverheadActual   4: 262144 op, 554819.00 ns, 2.1165 ns/op
OverheadActual   5: 262144 op, 562892.00 ns, 2.1473 ns/op
OverheadActual   6: 262144 op, 554870.00 ns, 2.1167 ns/op
OverheadActual   7: 262144 op, 554798.00 ns, 2.1164 ns/op
OverheadActual   8: 262144 op, 562937.00 ns, 2.1474 ns/op
OverheadActual   9: 262144 op, 563342.00 ns, 2.1490 ns/op
OverheadActual  10: 262144 op, 562947.00 ns, 2.1475 ns/op
OverheadActual  11: 262144 op, 563277.00 ns, 2.1487 ns/op
OverheadActual  12: 262144 op, 554728.00 ns, 2.1161 ns/op
OverheadActual  13: 262144 op, 554914.00 ns, 2.1168 ns/op
OverheadActual  14: 262144 op, 554839.00 ns, 2.1165 ns/op
OverheadActual  15: 262144 op, 563394.00 ns, 2.1492 ns/op

WorkloadWarmup   1: 262144 op, 1173782063.00 ns, 4.4776 us/op
WorkloadWarmup   2: 262144 op, 811925231.00 ns, 3.0972 us/op
WorkloadWarmup   3: 262144 op, 1595779526.00 ns, 6.0874 us/op
WorkloadWarmup   4: 262144 op, 781907991.00 ns, 2.9827 us/op
WorkloadWarmup   5: 262144 op, 817677405.00 ns, 3.1192 us/op

// BeforeActualRun
WorkloadActual   1: 262144 op, 828117639.00 ns, 3.1590 us/op
WorkloadActual   2: 262144 op, 895902586.00 ns, 3.4176 us/op
WorkloadActual   3: 262144 op, 858073002.00 ns, 3.2733 us/op
WorkloadActual   4: 262144 op, 2761646421.00 ns, 10.5348 us/op
WorkloadActual   5: 262144 op, 1422661006.00 ns, 5.4270 us/op
WorkloadActual   6: 262144 op, 1288384571.00 ns, 4.9148 us/op
WorkloadActual   7: 262144 op, 1157996727.00 ns, 4.4174 us/op
WorkloadActual   8: 262144 op, 915383789.00 ns, 3.4919 us/op
WorkloadActual   9: 262144 op, 857961958.00 ns, 3.2729 us/op
WorkloadActual  10: 262144 op, 852544421.00 ns, 3.2522 us/op
WorkloadActual  11: 262144 op, 845252089.00 ns, 3.2244 us/op
WorkloadActual  12: 262144 op, 853599522.00 ns, 3.2562 us/op
WorkloadActual  13: 262144 op, 1135511321.00 ns, 4.3316 us/op
WorkloadActual  14: 262144 op, 1059854468.00 ns, 4.0430 us/op
WorkloadActual  15: 262144 op, 1070373730.00 ns, 4.0832 us/op
WorkloadActual  16: 262144 op, 1153095558.00 ns, 4.3987 us/op
WorkloadActual  17: 262144 op, 1031234304.00 ns, 3.9338 us/op
WorkloadActual  18: 262144 op, 954334966.00 ns, 3.6405 us/op
WorkloadActual  19: 262144 op, 1149875921.00 ns, 4.3864 us/op
WorkloadActual  20: 262144 op, 1133365787.00 ns, 4.3234 us/op

// AfterActualRun
WorkloadResult   1: 262144 op, 827554747.00 ns, 3.1569 us/op
WorkloadResult   2: 262144 op, 895339694.00 ns, 3.4154 us/op
WorkloadResult   3: 262144 op, 857510110.00 ns, 3.2711 us/op
WorkloadResult   4: 262144 op, 1422098114.00 ns, 5.4249 us/op
WorkloadResult   5: 262144 op, 1287821679.00 ns, 4.9126 us/op
WorkloadResult   6: 262144 op, 1157433835.00 ns, 4.4153 us/op
WorkloadResult   7: 262144 op, 914820897.00 ns, 3.4898 us/op
WorkloadResult   8: 262144 op, 857399066.00 ns, 3.2707 us/op
WorkloadResult   9: 262144 op, 851981529.00 ns, 3.2501 us/op
WorkloadResult  10: 262144 op, 844689197.00 ns, 3.2222 us/op
WorkloadResult  11: 262144 op, 853036630.00 ns, 3.2541 us/op
WorkloadResult  12: 262144 op, 1134948429.00 ns, 4.3295 us/op
WorkloadResult  13: 262144 op, 1059291576.00 ns, 4.0409 us/op
WorkloadResult  14: 262144 op, 1069810838.00 ns, 4.0810 us/op
WorkloadResult  15: 262144 op, 1152532666.00 ns, 4.3966 us/op
WorkloadResult  16: 262144 op, 1030671412.00 ns, 3.9317 us/op
WorkloadResult  17: 262144 op, 953772074.00 ns, 3.6384 us/op
WorkloadResult  18: 262144 op, 1149313029.00 ns, 4.3843 us/op
WorkloadResult  19: 262144 op, 1132802895.00 ns, 4.3213 us/op
// GC:  7 6 0 190979920 262144
// Threading:  35973 0 262144

// AfterAll
// Benchmark Process 3594 has exited with code 0.

Mean = 3.906 μs, StdErr = 0.149 μs (3.82%), N = 19, StdDev = 0.651 μs
Min = 3.157 μs, Q1 = 3.271 μs, Median = 3.932 μs, Q3 = 4.357 μs, Max = 5.425 μs
IQR = 1.086 μs, LowerFence = 1.642 μs, UpperFence = 5.986 μs
ConfidenceInterval = [3.320 μs; 4.491 μs] (CI 99.9%), Margin = 0.586 μs (14.99% of Mean)
Skewness = 0.58, Kurtosis = 2.32, MValue = 2.44

// ** Remained 3 (16.7 %) benchmark(s) to run. Estimated finish 2026-09-23 20:57 (0h 2m from now) **
// **************************
// Benchmark: MemoryCacheProviderBenchmarks.SetWithSlidingExpirationAsync: ShortRun(IterationCount=3, LaunchCount=1, WarmupCount=3)
// *** Execute ***
// Launch: 1 / 1
// Execute: dotnet Encina.Caching.Memory.Benchmarks-Job-NUBXJZ-1.dll --anonymousPipes 152 153 --benchmarkName Encina.Caching.Memory.Benchmarks.Benchmarks.MemoryCacheProviderBenchmarks.SetWithSlidingExpirationAsync --job ShortRun --benchmarkId 15 in /home/runner/work/Encina/Encina/tests/Encina.BenchmarkTests/Encina.Caching.Memory.Benchmarks/bin/Release/net10.0/Encina.Caching.Memory.Benchmarks-Job-NUBXJZ-1/bin/Release/net10.0
// Failed to set up high priority (Permission denied). In order to run benchmarks with high priority, make sure you have the right permissions.
// BeforeAnythingElse

// Benchmark Process Environment Information:
// BenchmarkDotNet v0.15.8
// Runtime=.NET 10.0.12 (10.0.12, 10.0.1226.42308), X64 RyuJIT x86-64-v4
// GC=Concurrent Workstation
// HardwareIntrinsics=AVX512 BITALG+VBMI2+VNNI+VPOPCNTDQ,AVX512 IFMA+VBMI,AVX512 F+BW+CD+DQ+VL,AVX2+BMI1+BMI2+F16C+FMA+LZCNT+MOVBE,AVX,SSE3+SSSE3+SSE4.1+SSE4.2+POPCNT,X86Base+SSE+SSE2,AES+PCLMUL VectorSize=256
// Job: ShortRun(IterationCount=3, LaunchCount=1, WarmupCount=3)

OverheadJitting  1: 1 op, 165791.00 ns, 165.7910 us/op
WorkloadJitting  1: 1 op, 4287868.00 ns, 4.2879 ms/op

OverheadJitting  2: 16 op, 211405.00 ns, 13.2128 us/op
WorkloadJitting  2: 16 op, 244129.00 ns, 15.2581 us/op

WorkloadPilot    1: 16 op, 153570.00 ns, 9.5981 us/op
WorkloadPilot    2: 32 op, 78665.00 ns, 2.4583 us/op
WorkloadPilot    3: 64 op, 132958.00 ns, 2.0775 us/op
WorkloadPilot    4: 128 op, 253677.00 ns, 1.9819 us/op
WorkloadPilot    5: 256 op, 398861.00 ns, 1.5581 us/op
WorkloadPilot    6: 512 op, 913978.00 ns, 1.7851 us/op
WorkloadPilot    7: 1024 op, 1599048.00 ns, 1.5616 us/op
WorkloadPilot    8: 2048 op, 3752555.00 ns, 1.8323 us/op
WorkloadPilot    9: 4096 op, 7899226.00 ns, 1.9285 us/op
WorkloadPilot   10: 8192 op, 11512310.00 ns, 1.4053 us/op
WorkloadPilot   11: 16384 op, 32941925.00 ns, 2.0106 us/op
WorkloadPilot   12: 32768 op, 94668767.00 ns, 2.8891 us/op
WorkloadPilot   13: 65536 op, 218972542.00 ns, 3.3413 us/op
WorkloadPilot   14: 131072 op, 332555007.00 ns, 2.5372 us/op
WorkloadPilot   15: 262144 op, 925899142.00 ns, 3.5320 us/op

OverheadWarmup   1: 262144 op, 570819.00 ns, 2.1775 ns/op
OverheadWarmup   2: 262144 op, 554761.00 ns, 2.1162 ns/op
OverheadWarmup   3: 262144 op, 552240.00 ns, 2.1066 ns/op
OverheadWarmup   4: 262144 op, 563008.00 ns, 2.1477 ns/op
OverheadWarmup   5: 262144 op, 568171.00 ns, 2.1674 ns/op
OverheadWarmup   6: 262144 op, 554788.00 ns, 2.1163 ns/op
OverheadWarmup   7: 262144 op, 570806.00 ns, 2.1775 ns/op
OverheadWarmup   8: 262144 op, 564620.00 ns, 2.1539 ns/op

OverheadActual   1: 262144 op, 566130.00 ns, 2.1596 ns/op
OverheadActual   2: 262144 op, 554924.00 ns, 2.1169 ns/op
OverheadActual   3: 262144 op, 554642.00 ns, 2.1158 ns/op
OverheadActual   4: 262144 op, 554674.00 ns, 2.1159 ns/op
OverheadActual   5: 262144 op, 554624.00 ns, 2.1157 ns/op
OverheadActual   6: 262144 op, 566503.00 ns, 2.1610 ns/op
OverheadActual   7: 262144 op, 547144.00 ns, 2.0872 ns/op
OverheadActual   8: 262144 op, 562483.00 ns, 2.1457 ns/op
OverheadActual   9: 262144 op, 549070.00 ns, 2.0945 ns/op
OverheadActual  10: 262144 op, 550600.00 ns, 2.1004 ns/op
OverheadActual  11: 262144 op, 566321.00 ns, 2.1603 ns/op
OverheadActual  12: 262144 op, 547318.00 ns, 2.0879 ns/op
OverheadActual  13: 262144 op, 564637.00 ns, 2.1539 ns/op
OverheadActual  14: 262144 op, 558716.00 ns, 2.1313 ns/op
OverheadActual  15: 262144 op, 546707.00 ns, 2.0855 ns/op

WorkloadWarmup   1: 262144 op, 1087194991.00 ns, 4.1473 us/op
WorkloadWarmup   2: 262144 op, 780767444.00 ns, 2.9784 us/op
WorkloadWarmup   3: 262144 op, 1631449680.00 ns, 6.2235 us/op

// BeforeActualRun
WorkloadActual   1: 262144 op, 745246502.00 ns, 2.8429 us/op
WorkloadActual   2: 262144 op, 833466010.00 ns, 3.1794 us/op
WorkloadActual   3: 262144 op, 901439994.00 ns, 3.4387 us/op

// AfterActualRun
WorkloadResult   1: 262144 op, 744691828.00 ns, 2.8408 us/op
WorkloadResult   2: 262144 op, 832911336.00 ns, 3.1773 us/op
WorkloadResult   3: 262144 op, 900885320.00 ns, 3.4366 us/op
// GC:  7 6 0 188743680 262144
// Threading:  0 0 262144

// AfterAll
// Benchmark Process 3677 has exited with code 0.

Mean = 3.152 μs, StdErr = 0.172 μs (5.47%), N = 3, StdDev = 0.299 μs
Min = 2.841 μs, Q1 = 3.009 μs, Median = 3.177 μs, Q3 = 3.307 μs, Max = 3.437 μs
IQR = 0.298 μs, LowerFence = 2.562 μs, UpperFence = 3.754 μs
ConfidenceInterval = [-2.299 μs; 8.602 μs] (CI 99.9%), Margin = 5.450 μs (172.94% of Mean)
Skewness = -0.09, Kurtosis = 0.67, MValue = 2

// ** Remained 2 (11.1 %) benchmark(s) to run. Estimated finish 2026-09-23 20:57 (0h 1m from now) **
// **************************
// Benchmark: MemoryCacheProviderBenchmarks.SetAsync: Job-NUBXJZ(IterationCount=20, WarmupCount=5)
// *** Execute ***
// Launch: 1 / 1
// Execute: dotnet Encina.Caching.Memory.Benchmarks-Job-NUBXJZ-1.dll --anonymousPipes 152 153 --benchmarkName Encina.Caching.Memory.Benchmarks.Benchmarks.MemoryCacheProviderBenchmarks.SetAsync --job "IterationCount=20, WarmupCount=5" --benchmarkId 16 in /home/runner/work/Encina/Encina/tests/Encina.BenchmarkTests/Encina.Caching.Memory.Benchmarks/bin/Release/net10.0/Encina.Caching.Memory.Benchmarks-Job-NUBXJZ-1/bin/Release/net10.0
// Failed to set up high priority (Permission denied). In order to run benchmarks with high priority, make sure you have the right permissions.
// BeforeAnythingElse

// Benchmark Process Environment Information:
// BenchmarkDotNet v0.15.8
// Runtime=.NET 10.0.12 (10.0.12, 10.0.1226.42308), X64 RyuJIT x86-64-v4
// GC=Concurrent Workstation
// HardwareIntrinsics=AVX512 BITALG+VBMI2+VNNI+VPOPCNTDQ,AVX512 IFMA+VBMI,AVX512 F+BW+CD+DQ+VL,AVX2+BMI1+BMI2+F16C+FMA+LZCNT+MOVBE,AVX,SSE3+SSSE3+SSE4.1+SSE4.2+POPCNT,X86Base+SSE+SSE2,AES+PCLMUL VectorSize=256
// Job: Job-NUBXJZ(IterationCount=20, WarmupCount=5)

OverheadJitting  1: 1 op, 181155.00 ns, 181.1550 us/op
WorkloadJitting  1: 1 op, 3256055.00 ns, 3.2561 ms/op

OverheadJitting  2: 16 op, 188258.00 ns, 11.7661 us/op
WorkloadJitting  2: 16 op, 241319.00 ns, 15.0824 us/op

WorkloadPilot    1: 16 op, 140990.00 ns, 8.8119 us/op
WorkloadPilot    2: 32 op, 83229.00 ns, 2.6009 us/op
WorkloadPilot    3: 64 op, 126749.00 ns, 1.9805 us/op
WorkloadPilot    4: 128 op, 187418.00 ns, 1.4642 us/op
WorkloadPilot    5: 256 op, 442705.00 ns, 1.7293 us/op
WorkloadPilot    6: 512 op, 981698.00 ns, 1.9174 us/op
WorkloadPilot    7: 1024 op, 1701398.00 ns, 1.6615 us/op
WorkloadPilot    8: 2048 op, 3598821.00 ns, 1.7572 us/op
WorkloadPilot    9: 4096 op, 7343308.00 ns, 1.7928 us/op
WorkloadPilot   10: 8192 op, 11606289.00 ns, 1.4168 us/op
WorkloadPilot   11: 16384 op, 28743903.00 ns, 1.7544 us/op
WorkloadPilot   12: 32768 op, 91834727.00 ns, 2.8026 us/op
WorkloadPilot   13: 65536 op, 207202352.00 ns, 3.1617 us/op
WorkloadPilot   14: 131072 op, 316023481.00 ns, 2.4111 us/op
WorkloadPilot   15: 262144 op, 921967348.00 ns, 3.5170 us/op

OverheadWarmup   1: 262144 op, 567749.00 ns, 2.1658 ns/op
OverheadWarmup   2: 262144 op, 569156.00 ns, 2.1712 ns/op
OverheadWarmup   3: 262144 op, 567436.00 ns, 2.1646 ns/op
OverheadWarmup   4: 262144 op, 555035.00 ns, 2.1173 ns/op
OverheadWarmup   5: 262144 op, 567028.00 ns, 2.1630 ns/op
OverheadWarmup   6: 262144 op, 567214.00 ns, 2.1637 ns/op
OverheadWarmup   7: 262144 op, 567988.00 ns, 2.1667 ns/op
OverheadWarmup   8: 262144 op, 567930.00 ns, 2.1665 ns/op

OverheadActual   1: 262144 op, 570728.00 ns, 2.1772 ns/op
OverheadActual   2: 262144 op, 568158.00 ns, 2.1674 ns/op
OverheadActual   3: 262144 op, 554764.00 ns, 2.1163 ns/op
OverheadActual   4: 262144 op, 564697.00 ns, 2.1541 ns/op
OverheadActual   5: 262144 op, 567225.00 ns, 2.1638 ns/op
OverheadActual   6: 262144 op, 554623.00 ns, 2.1157 ns/op
OverheadActual   7: 262144 op, 568224.00 ns, 2.1676 ns/op
OverheadActual   8: 262144 op, 568482.00 ns, 2.1686 ns/op
OverheadActual   9: 262144 op, 565630.00 ns, 2.1577 ns/op
OverheadActual  10: 262144 op, 554714.00 ns, 2.1161 ns/op
OverheadActual  11: 262144 op, 550547.00 ns, 2.1002 ns/op
OverheadActual  12: 262144 op, 561598.00 ns, 2.1423 ns/op
OverheadActual  13: 262144 op, 549573.00 ns, 2.0965 ns/op
OverheadActual  14: 262144 op, 559035.00 ns, 2.1325 ns/op
OverheadActual  15: 262144 op, 547691.00 ns, 2.0893 ns/op

WorkloadWarmup   1: 262144 op, 1085520736.00 ns, 4.1409 us/op
WorkloadWarmup   2: 262144 op, 710714236.00 ns, 2.7112 us/op
WorkloadWarmup   3: 262144 op, 1506566560.00 ns, 5.7471 us/op
WorkloadWarmup   4: 262144 op, 860653948.00 ns, 3.2831 us/op
WorkloadWarmup   5: 262144 op, 807449336.00 ns, 3.0802 us/op

// BeforeActualRun
WorkloadActual   1: 262144 op, 796858636.00 ns, 3.0398 us/op
WorkloadActual   2: 262144 op, 822612947.00 ns, 3.1380 us/op
WorkloadActual   3: 262144 op, 800120901.00 ns, 3.0522 us/op
WorkloadActual   4: 262144 op, 2686305109.00 ns, 10.2474 us/op
WorkloadActual   5: 262144 op, 797256063.00 ns, 3.0413 us/op
WorkloadActual   6: 262144 op, 811559153.00 ns, 3.0959 us/op
WorkloadActual   7: 262144 op, 976532227.00 ns, 3.7252 us/op
WorkloadActual   8: 262144 op, 893190356.00 ns, 3.4073 us/op
WorkloadActual   9: 262144 op, 863708707.00 ns, 3.2948 us/op
WorkloadActual  10: 262144 op, 871023233.00 ns, 3.3227 us/op
WorkloadActual  11: 262144 op, 901021789.00 ns, 3.4371 us/op
WorkloadActual  12: 262144 op, 851722326.00 ns, 3.2491 us/op
WorkloadActual  13: 262144 op, 900002472.00 ns, 3.4332 us/op
WorkloadActual  14: 262144 op, 889608675.00 ns, 3.3936 us/op
WorkloadActual  15: 262144 op, 4184455747.00 ns, 15.9624 us/op
WorkloadActual  16: 262144 op, 1217750174.00 ns, 4.6453 us/op
WorkloadActual  17: 262144 op, 1219645375.00 ns, 4.6526 us/op
WorkloadActual  18: 262144 op, 1207164283.00 ns, 4.6050 us/op
WorkloadActual  19: 262144 op, 1010842207.00 ns, 3.8561 us/op
WorkloadActual  20: 262144 op, 891759366.00 ns, 3.4018 us/op

// AfterActualRun
WorkloadResult   1: 262144 op, 796297038.00 ns, 3.0376 us/op
WorkloadResult   2: 262144 op, 822051349.00 ns, 3.1359 us/op
WorkloadResult   3: 262144 op, 799559303.00 ns, 3.0501 us/op
WorkloadResult   4: 262144 op, 796694465.00 ns, 3.0391 us/op
WorkloadResult   5: 262144 op, 810997555.00 ns, 3.0937 us/op
WorkloadResult   6: 262144 op, 975970629.00 ns, 3.7230 us/op
WorkloadResult   7: 262144 op, 892628758.00 ns, 3.4051 us/op
WorkloadResult   8: 262144 op, 863147109.00 ns, 3.2926 us/op
WorkloadResult   9: 262144 op, 870461635.00 ns, 3.3205 us/op
WorkloadResult  10: 262144 op, 900460191.00 ns, 3.4350 us/op
WorkloadResult  11: 262144 op, 851160728.00 ns, 3.2469 us/op
WorkloadResult  12: 262144 op, 899440874.00 ns, 3.4311 us/op
WorkloadResult  13: 262144 op, 889047077.00 ns, 3.3914 us/op
WorkloadResult  14: 262144 op, 1217188576.00 ns, 4.6432 us/op
WorkloadResult  15: 262144 op, 1219083777.00 ns, 4.6504 us/op
WorkloadResult  16: 262144 op, 1206602685.00 ns, 4.6028 us/op
WorkloadResult  17: 262144 op, 1010280609.00 ns, 3.8539 us/op
WorkloadResult  18: 262144 op, 891197768.00 ns, 3.3996 us/op
// GC:  7 6 0 186646592 262144
// Threading:  1 0 262144

// AfterAll
// Benchmark Process 3691 has exited with code 0.

Mean = 3.542 μs, StdErr = 0.129 μs (3.64%), N = 18, StdDev = 0.547 μs
Min = 3.038 μs, Q1 = 3.164 μs, Median = 3.396 μs, Q3 = 3.651 μs, Max = 4.650 μs
IQR = 0.487 μs, LowerFence = 2.433 μs, UpperFence = 4.382 μs
ConfidenceInterval = [3.030 μs; 4.053 μs] (CI 99.9%), Margin = 0.512 μs (14.45% of Mean)
Skewness = 1.13, Kurtosis = 2.8, MValue = 2.5

// ** Remained 1 (5.6 %) benchmark(s) to run. Estimated finish 2026-09-23 21:00 (0h 0m from now) **
// **************************
// Benchmark: MemoryCacheProviderBenchmarks.SetAsync: ShortRun(IterationCount=3, LaunchCount=1, WarmupCount=3)
// *** Execute ***
// Launch: 1 / 1
// Execute: dotnet Encina.Caching.Memory.Benchmarks-Job-NUBXJZ-1.dll --anonymousPipes 152 153 --benchmarkName Encina.Caching.Memory.Benchmarks.Benchmarks.MemoryCacheProviderBenchmarks.SetAsync --job ShortRun --benchmarkId 17 in /home/runner/work/Encina/Encina/tests/Encina.BenchmarkTests/Encina.Caching.Memory.Benchmarks/bin/Release/net10.0/Encina.Caching.Memory.Benchmarks-Job-NUBXJZ-1/bin/Release/net10.0
// Failed to set up high priority (Permission denied). In order to run benchmarks with high priority, make sure you have the right permissions.
// BeforeAnythingElse

// Benchmark Process Environment Information:
// BenchmarkDotNet v0.15.8
// Runtime=.NET 10.0.12 (10.0.12, 10.0.1226.42308), X64 RyuJIT x86-64-v4
// GC=Concurrent Workstation
// HardwareIntrinsics=AVX512 BITALG+VBMI2+VNNI+VPOPCNTDQ,AVX512 IFMA+VBMI,AVX512 F+BW+CD+DQ+VL,AVX2+BMI1+BMI2+F16C+FMA+LZCNT+MOVBE,AVX,SSE3+SSSE3+SSE4.1+SSE4.2+POPCNT,X86Base+SSE+SSE2,AES+PCLMUL VectorSize=256
// Job: ShortRun(IterationCount=3, LaunchCount=1, WarmupCount=3)

OverheadJitting  1: 1 op, 168886.00 ns, 168.8860 us/op
WorkloadJitting  1: 1 op, 3366954.00 ns, 3.3670 ms/op

OverheadJitting  2: 16 op, 191995.00 ns, 11.9997 us/op
WorkloadJitting  2: 16 op, 250365.00 ns, 15.6478 us/op

WorkloadPilot    1: 16 op, 166270.00 ns, 10.3919 us/op
WorkloadPilot    2: 32 op, 58750.00 ns, 1.8359 us/op
WorkloadPilot    3: 64 op, 126751.00 ns, 1.9805 us/op
WorkloadPilot    4: 128 op, 220359.00 ns, 1.7216 us/op
WorkloadPilot    5: 256 op, 551234.00 ns, 2.1533 us/op
WorkloadPilot    6: 512 op, 893199.00 ns, 1.7445 us/op
WorkloadPilot    7: 1024 op, 1804483.00 ns, 1.7622 us/op
WorkloadPilot    8: 2048 op, 3810166.00 ns, 1.8604 us/op
WorkloadPilot    9: 4096 op, 7852656.00 ns, 1.9172 us/op
WorkloadPilot   10: 8192 op, 10568766.00 ns, 1.2901 us/op
WorkloadPilot   11: 16384 op, 30676447.00 ns, 1.8723 us/op
WorkloadPilot   12: 32768 op, 85097951.00 ns, 2.5970 us/op
WorkloadPilot   13: 65536 op, 207741934.00 ns, 3.1699 us/op
WorkloadPilot   14: 131072 op, 327684077.00 ns, 2.5000 us/op
WorkloadPilot   15: 262144 op, 922634186.00 ns, 3.5196 us/op

OverheadWarmup   1: 262144 op, 555186.00 ns, 2.1179 ns/op
OverheadWarmup   2: 262144 op, 552310.00 ns, 2.1069 ns/op
OverheadWarmup   3: 262144 op, 564904.00 ns, 2.1549 ns/op
OverheadWarmup   4: 262144 op, 567049.00 ns, 2.1631 ns/op
OverheadWarmup   5: 262144 op, 554702.00 ns, 2.1160 ns/op
OverheadWarmup   6: 262144 op, 567269.00 ns, 2.1640 ns/op
OverheadWarmup   7: 262144 op, 554810.00 ns, 2.1164 ns/op

OverheadActual   1: 262144 op, 567260.00 ns, 2.1639 ns/op
OverheadActual   2: 262144 op, 554718.00 ns, 2.1161 ns/op
OverheadActual   3: 262144 op, 554637.00 ns, 2.1158 ns/op
OverheadActual   4: 262144 op, 567552.00 ns, 2.1650 ns/op
OverheadActual   5: 262144 op, 554721.00 ns, 2.1161 ns/op
OverheadActual   6: 262144 op, 565896.00 ns, 2.1587 ns/op
OverheadActual   7: 262144 op, 554640.00 ns, 2.1158 ns/op
OverheadActual   8: 262144 op, 563751.00 ns, 2.1505 ns/op
OverheadActual   9: 262144 op, 566952.00 ns, 2.1628 ns/op
OverheadActual  10: 262144 op, 567117.00 ns, 2.1634 ns/op
OverheadActual  11: 262144 op, 567849.00 ns, 2.1662 ns/op
OverheadActual  12: 262144 op, 567171.00 ns, 2.1636 ns/op
OverheadActual  13: 262144 op, 567852.00 ns, 2.1662 ns/op
OverheadActual  14: 262144 op, 554667.00 ns, 2.1159 ns/op
OverheadActual  15: 262144 op, 569903.00 ns, 2.1740 ns/op

WorkloadWarmup   1: 262144 op, 1119122368.00 ns, 4.2691 us/op
WorkloadWarmup   2: 262144 op, 782637023.00 ns, 2.9855 us/op
WorkloadWarmup   3: 262144 op, 1526354089.00 ns, 5.8226 us/op

// BeforeActualRun
WorkloadActual   1: 262144 op, 771333829.00 ns, 2.9424 us/op
WorkloadActual   2: 262144 op, 857812787.00 ns, 3.2723 us/op
WorkloadActual   3: 262144 op, 898969753.00 ns, 3.4293 us/op

// AfterActualRun
WorkloadResult   1: 262144 op, 770766877.00 ns, 2.9402 us/op
WorkloadResult   2: 262144 op, 857245835.00 ns, 3.2701 us/op
WorkloadResult   3: 262144 op, 898402801.00 ns, 3.4271 us/op
// GC:  7 6 0 186646528 262144
// Threading:  0 0 262144

// AfterAll
// Benchmark Process 3738 has exited with code 0.

Mean = 3.213 μs, StdErr = 0.143 μs (4.47%), N = 3, StdDev = 0.249 μs
Min = 2.940 μs, Q1 = 3.105 μs, Median = 3.270 μs, Q3 = 3.349 μs, Max = 3.427 μs
IQR = 0.243 μs, LowerFence = 2.740 μs, UpperFence = 3.714 μs
ConfidenceInterval = [-1.321 μs; 7.746 μs] (CI 99.9%), Margin = 4.534 μs (141.13% of Mean)
Skewness = -0.22, Kurtosis = 0.67, MValue = 2

// ** Remained 0 (0.0 %) benchmark(s) to run. Estimated finish 2026-09-23 21:00 (0h 0m from now) **
// ***** BenchmarkRunner: Finish  *****

// * Export *
  artifacts/performance/CachingMemory/results/Encina.Caching.Memory.Benchmarks.Benchmarks.MemoryCacheProviderBenchmarks-report.csv
  artifacts/performance/CachingMemory/results/Encina.Caching.Memory.Benchmarks.Benchmarks.MemoryCacheProviderBenchmarks-report-github.md
  artifacts/performance/CachingMemory/results/Encina.Caching.Memory.Benchmarks.Benchmarks.MemoryCacheProviderBenchmarks-report.html
  artifacts/performance/CachingMemory/results/Encina.Caching.Memory.Benchmarks.Benchmarks.MemoryCacheProviderBenchmarks-report-full-compressed.json

// * Detailed results *
MemoryCacheProviderBenchmarks.ExistsAsync_False: Job-NUBXJZ(IterationCount=20, WarmupCount=5)
Runtime = .NET 10.0.12 (10.0.12, 10.0.1226.42308), X64 RyuJIT x86-64-v4; GC = Concurrent Workstation
Mean = 54.058 ns, StdErr = 0.008 ns (0.01%), N = 17, StdDev = 0.032 ns
Min = 54.010 ns, Q1 = 54.038 ns, Median = 54.058 ns, Q3 = 54.069 ns, Max = 54.129 ns
IQR = 0.031 ns, LowerFence = 53.991 ns, UpperFence = 54.116 ns
ConfidenceInterval = [54.027 ns; 54.090 ns] (CI 99.9%), Margin = 0.031 ns (0.06% of Mean)
Skewness = 0.47, Kurtosis = 2.39, MValue = 2
-------------------- Histogram --------------------
[53.993 ns ; 54.146 ns) | @@@@@@@@@@@@@@@@@
---------------------------------------------------

MemoryCacheProviderBenchmarks.ExistsAsync_True: Job-NUBXJZ(IterationCount=20, WarmupCount=5)
Runtime = .NET 10.0.12 (10.0.12, 10.0.1226.42308), X64 RyuJIT x86-64-v4; GC = Concurrent Workstation
Mean = 57.766 ns, StdErr = 0.023 ns (0.04%), N = 20, StdDev = 0.103 ns
Min = 57.627 ns, Q1 = 57.689 ns, Median = 57.738 ns, Q3 = 57.829 ns, Max = 57.976 ns
IQR = 0.140 ns, LowerFence = 57.478 ns, UpperFence = 58.040 ns
ConfidenceInterval = [57.677 ns; 57.855 ns] (CI 99.9%), Margin = 0.089 ns (0.15% of Mean)
Skewness = 0.62, Kurtosis = 2.13, MValue = 2
-------------------- Histogram --------------------
[57.577 ns ; 58.025 ns) | @@@@@@@@@@@@@@@@@@@@
---------------------------------------------------

MemoryCacheProviderBenchmarks.GetAsync_CacheHit: Job-NUBXJZ(IterationCount=20, WarmupCount=5)
Runtime = .NET 10.0.12 (10.0.12, 10.0.1226.42308), X64 RyuJIT x86-64-v4; GC = Concurrent Workstation
Mean = 81.559 ns, StdErr = 0.162 ns (0.20%), N = 20, StdDev = 0.723 ns
Min = 80.445 ns, Q1 = 81.042 ns, Median = 81.338 ns, Q3 = 82.369 ns, Max = 82.634 ns
IQR = 1.327 ns, LowerFence = 79.051 ns, UpperFence = 84.360 ns
ConfidenceInterval = [80.931 ns; 82.186 ns] (CI 99.9%), Margin = 0.628 ns (0.77% of Mean)
Skewness = 0.3, Kurtosis = 1.5, MValue = 2
-------------------- Histogram --------------------
[80.342 ns ; 82.984 ns) | @@@@@@@@@@@@@@@@@@@@
---------------------------------------------------

MemoryCacheProviderBenchmarks.GetAsync_CacheMiss: Job-NUBXJZ(IterationCount=20, WarmupCount=5)
Runtime = .NET 10.0.12 (10.0.12, 10.0.1226.42308), X64 RyuJIT x86-64-v4; GC = Concurrent Workstation
Mean = 56.412 ns, StdErr = 0.007 ns (0.01%), N = 18, StdDev = 0.029 ns
Min = 56.374 ns, Q1 = 56.390 ns, Median = 56.405 ns, Q3 = 56.430 ns, Max = 56.478 ns
IQR = 0.040 ns, LowerFence = 56.330 ns, UpperFence = 56.489 ns
ConfidenceInterval = [56.385 ns; 56.439 ns] (CI 99.9%), Margin = 0.027 ns (0.05% of Mean)
Skewness = 0.68, Kurtosis = 2.44, MValue = 2
-------------------- Histogram --------------------
[56.360 ns ; 56.493 ns) | @@@@@@@@@@@@@@@@@@
---------------------------------------------------

MemoryCacheProviderBenchmarks.GetOrSetAsync_CacheHit: Job-NUBXJZ(IterationCount=20, WarmupCount=5)
Runtime = .NET 10.0.12 (10.0.12, 10.0.1226.42308), X64 RyuJIT x86-64-v4; GC = Concurrent Workstation
Mean = 122.311 ns, StdErr = 0.324 ns (0.27%), N = 20, StdDev = 1.451 ns
Min = 119.564 ns, Q1 = 121.318 ns, Median = 122.037 ns, Q3 = 123.612 ns, Max = 124.767 ns
IQR = 2.294 ns, LowerFence = 117.877 ns, UpperFence = 127.054 ns
ConfidenceInterval = [121.051 ns; 123.570 ns] (CI 99.9%), Margin = 1.260 ns (1.03% of Mean)
Skewness = -0.04, Kurtosis = 1.82, MValue = 2
-------------------- Histogram --------------------
[118.862 ns ; 124.810 ns) | @@@@@@@@@@@@@@@@@@@@
---------------------------------------------------

MemoryCacheProviderBenchmarks.GetOrSetAsync_CacheMiss: Job-NUBXJZ(IterationCount=20, WarmupCount=5)
Runtime = .NET 10.0.12 (10.0.12, 10.0.1226.42308), X64 RyuJIT x86-64-v4; GC = Concurrent Workstation
Mean = 4.869 μs, StdErr = 0.081 μs (1.67%), N = 17, StdDev = 0.335 μs
Min = 4.056 μs, Q1 = 4.782 μs, Median = 4.854 μs, Q3 = 4.961 μs, Max = 5.388 μs
IQR = 0.179 μs, LowerFence = 4.514 μs, UpperFence = 5.229 μs
ConfidenceInterval = [4.543 μs; 5.195 μs] (CI 99.9%), Margin = 0.326 μs (6.70% of Mean)
Skewness = -0.49, Kurtosis = 3.05, MValue = 2.25
-------------------- Histogram --------------------
[3.885 μs ; 4.303 μs) | @
[4.303 μs ; 4.697 μs) | @@
[4.697 μs ; 5.039 μs) | @@@@@@@@@@
[5.039 μs ; 5.485 μs) | @@@@
---------------------------------------------------

MemoryCacheProviderBenchmarks.RemoveAsync: Job-NUBXJZ(IterationCount=20, WarmupCount=5)
Runtime = .NET 10.0.12 (10.0.12, 10.0.1226.42308), X64 RyuJIT x86-64-v4; GC = Concurrent Workstation
Mean = 2.670 μs, StdErr = 0.006 μs (0.22%), N = 19, StdDev = 0.026 μs
Min = 2.604 μs, Q1 = 2.663 μs, Median = 2.672 μs, Q3 = 2.684 μs, Max = 2.708 μs
IQR = 0.021 μs, LowerFence = 2.632 μs, UpperFence = 2.716 μs
ConfidenceInterval = [2.647 μs; 2.693 μs] (CI 99.9%), Margin = 0.023 μs (0.86% of Mean)
Skewness = -0.9, Kurtosis = 3.38, MValue = 2
-------------------- Histogram --------------------
[2.592 μs ; 2.653 μs) | @@@@
[2.653 μs ; 2.721 μs) | @@@@@@@@@@@@@@@
---------------------------------------------------

MemoryCacheProviderBenchmarks.SetWithSlidingExpirationAsync: Job-NUBXJZ(IterationCount=20, WarmupCount=5)
Runtime = .NET 10.0.12 (10.0.12, 10.0.1226.42308), X64 RyuJIT x86-64-v4; GC = Concurrent Workstation
Mean = 3.906 μs, StdErr = 0.149 μs (3.82%), N = 19, StdDev = 0.651 μs
Min = 3.157 μs, Q1 = 3.271 μs, Median = 3.932 μs, Q3 = 4.357 μs, Max = 5.425 μs
IQR = 1.086 μs, LowerFence = 1.642 μs, UpperFence = 5.986 μs
ConfidenceInterval = [3.320 μs; 4.491 μs] (CI 99.9%), Margin = 0.586 μs (14.99% of Mean)
Skewness = 0.58, Kurtosis = 2.32, MValue = 2.44
-------------------- Histogram --------------------
[3.077 μs ; 3.853 μs) | @@@@@@@@@
[3.853 μs ; 4.494 μs) | @@@@@@@@
[4.494 μs ; 4.849 μs) | 
[4.849 μs ; 5.489 μs) | @@
---------------------------------------------------

MemoryCacheProviderBenchmarks.SetAsync: Job-NUBXJZ(IterationCount=20, WarmupCount=5)
Runtime = .NET 10.0.12 (10.0.12, 10.0.1226.42308), X64 RyuJIT x86-64-v4; GC = Concurrent Workstation
Mean = 3.542 μs, StdErr = 0.129 μs (3.64%), N = 18, StdDev = 0.547 μs
Min = 3.038 μs, Q1 = 3.164 μs, Median = 3.396 μs, Q3 = 3.651 μs, Max = 4.650 μs
IQR = 0.487 μs, LowerFence = 2.433 μs, UpperFence = 4.382 μs
ConfidenceInterval = [3.030 μs; 4.053 μs] (CI 99.9%), Margin = 0.512 μs (14.45% of Mean)
Skewness = 1.13, Kurtosis = 2.8, MValue = 2.5
-------------------- Histogram --------------------
[2.962 μs ; 3.510 μs) | @@@@@@@@@@@@@
[3.510 μs ; 4.063 μs) | @@
[4.063 μs ; 4.352 μs) | 
[4.352 μs ; 4.925 μs) | @@@
---------------------------------------------------

MemoryCacheProviderBenchmarks.ExistsAsync_False: ShortRun(IterationCount=3, LaunchCount=1, WarmupCount=3)
Runtime = .NET 10.0.12 (10.0.12, 10.0.1226.42308), X64 RyuJIT x86-64-v4; GC = Concurrent Workstation
Mean = 51.211 ns, StdErr = 0.031 ns (0.06%), N = 3, StdDev = 0.054 ns
Min = 51.170 ns, Q1 = 51.181 ns, Median = 51.193 ns, Q3 = 51.232 ns, Max = 51.272 ns
IQR = 0.051 ns, LowerFence = 51.104 ns, UpperFence = 51.309 ns
ConfidenceInterval = [50.232 ns; 52.190 ns] (CI 99.9%), Margin = 0.979 ns (1.91% of Mean)
Skewness = 0.31, Kurtosis = 0.67, MValue = 2
-------------------- Histogram --------------------
[51.121 ns ; 51.321 ns) | @@@
---------------------------------------------------

MemoryCacheProviderBenchmarks.ExistsAsync_True: ShortRun(IterationCount=3, LaunchCount=1, WarmupCount=3)
Runtime = .NET 10.0.12 (10.0.12, 10.0.1226.42308), X64 RyuJIT x86-64-v4; GC = Concurrent Workstation
Mean = 59.871 ns, StdErr = 0.019 ns (0.03%), N = 3, StdDev = 0.032 ns
Min = 59.834 ns, Q1 = 59.859 ns, Median = 59.884 ns, Q3 = 59.889 ns, Max = 59.895 ns
IQR = 0.031 ns, LowerFence = 59.813 ns, UpperFence = 59.935 ns
ConfidenceInterval = [59.279 ns; 60.463 ns] (CI 99.9%), Margin = 0.592 ns (0.99% of Mean)
Skewness = -0.33, Kurtosis = 0.67, MValue = 2
-------------------- Histogram --------------------
[59.805 ns ; 59.925 ns) | @@@
---------------------------------------------------

MemoryCacheProviderBenchmarks.GetAsync_CacheHit: ShortRun(IterationCount=3, LaunchCount=1, WarmupCount=3)
Runtime = .NET 10.0.12 (10.0.12, 10.0.1226.42308), X64 RyuJIT x86-64-v4; GC = Concurrent Workstation
Mean = 84.411 ns, StdErr = 0.243 ns (0.29%), N = 3, StdDev = 0.421 ns
Min = 84.018 ns, Q1 = 84.189 ns, Median = 84.360 ns, Q3 = 84.608 ns, Max = 84.856 ns
IQR = 0.419 ns, LowerFence = 83.561 ns, UpperFence = 85.236 ns
ConfidenceInterval = [76.730 ns; 92.093 ns] (CI 99.9%), Margin = 7.682 ns (9.10% of Mean)
Skewness = 0.12, Kurtosis = 0.67, MValue = 2
-------------------- Histogram --------------------
[83.635 ns ; 85.239 ns) | @@@
---------------------------------------------------

MemoryCacheProviderBenchmarks.GetAsync_CacheMiss: ShortRun(IterationCount=3, LaunchCount=1, WarmupCount=3)
Runtime = .NET 10.0.12 (10.0.12, 10.0.1226.42308), X64 RyuJIT x86-64-v4; GC = Concurrent Workstation
Mean = 56.633 ns, StdErr = 0.030 ns (0.05%), N = 3, StdDev = 0.052 ns
Min = 56.575 ns, Q1 = 56.613 ns, Median = 56.651 ns, Q3 = 56.662 ns, Max = 56.674 ns
IQR = 0.050 ns, LowerFence = 56.538 ns, UpperFence = 56.737 ns
ConfidenceInterval = [55.687 ns; 57.579 ns] (CI 99.9%), Margin = 0.946 ns (1.67% of Mean)
Skewness = -0.3, Kurtosis = 0.67, MValue = 2
-------------------- Histogram --------------------
[56.528 ns ; 56.721 ns) | @@@
---------------------------------------------------

MemoryCacheProviderBenchmarks.GetOrSetAsync_CacheHit: ShortRun(IterationCount=3, LaunchCount=1, WarmupCount=3)
Runtime = .NET 10.0.12 (10.0.12, 10.0.1226.42308), X64 RyuJIT x86-64-v4; GC = Concurrent Workstation
Mean = 124.744 ns, StdErr = 1.084 ns (0.87%), N = 3, StdDev = 1.877 ns
Min = 122.584 ns, Q1 = 124.131 ns, Median = 125.678 ns, Q3 = 125.825 ns, Max = 125.971 ns
IQR = 1.694 ns, LowerFence = 121.590 ns, UpperFence = 128.365 ns
ConfidenceInterval = [90.505 ns; 158.984 ns] (CI 99.9%), Margin = 34.239 ns (27.45% of Mean)
Skewness = -0.37, Kurtosis = 0.67, MValue = 2
-------------------- Histogram --------------------
[122.570 ns ; 125.986 ns) | @@@
---------------------------------------------------

MemoryCacheProviderBenchmarks.GetOrSetAsync_CacheMiss: ShortRun(IterationCount=3, LaunchCount=1, WarmupCount=3)
Runtime = .NET 10.0.12 (10.0.12, 10.0.1226.42308), X64 RyuJIT x86-64-v4; GC = Concurrent Workstation
Mean = 4.087 μs, StdErr = 0.207 μs (5.06%), N = 3, StdDev = 0.358 μs
Min = 3.725 μs, Q1 = 3.910 μs, Median = 4.095 μs, Q3 = 4.268 μs, Max = 4.441 μs
IQR = 0.358 μs, LowerFence = 3.373 μs, UpperFence = 4.805 μs
ConfidenceInterval = [-2.444 μs; 10.618 μs] (CI 99.9%), Margin = 6.531 μs (159.81% of Mean)
Skewness = -0.02, Kurtosis = 0.67, MValue = 2
-------------------- Histogram --------------------
[3.399 μs ; 3.942 μs) | @
[3.942 μs ; 4.594 μs) | @@
---------------------------------------------------

MemoryCacheProviderBenchmarks.RemoveAsync: ShortRun(IterationCount=3, LaunchCount=1, WarmupCount=3)
Runtime = .NET 10.0.12 (10.0.12, 10.0.1226.42308), X64 RyuJIT x86-64-v4; GC = Concurrent Workstation
Mean = 2.577 μs, StdErr = 0.016 μs (0.62%), N = 3, StdDev = 0.028 μs
Min = 2.551 μs, Q1 = 2.563 μs, Median = 2.574 μs, Q3 = 2.590 μs, Max = 2.606 μs
IQR = 0.028 μs, LowerFence = 2.521 μs, UpperFence = 2.632 μs
ConfidenceInterval = [2.072 μs; 3.082 μs] (CI 99.9%), Margin = 0.505 μs (19.58% of Mean)
Skewness = 0.11, Kurtosis = 0.67, MValue = 2
-------------------- Histogram --------------------
[2.537 μs ; 2.631 μs) | @@@
---------------------------------------------------

MemoryCacheProviderBenchmarks.SetWithSlidingExpirationAsync: ShortRun(IterationCount=3, LaunchCount=1, WarmupCount=3)
Runtime = .NET 10.0.12 (10.0.12, 10.0.1226.42308), X64 RyuJIT x86-64-v4; GC = Concurrent Workstation
Mean = 3.152 μs, StdErr = 0.172 μs (5.47%), N = 3, StdDev = 0.299 μs
Min = 2.841 μs, Q1 = 3.009 μs, Median = 3.177 μs, Q3 = 3.307 μs, Max = 3.437 μs
IQR = 0.298 μs, LowerFence = 2.562 μs, UpperFence = 3.754 μs
ConfidenceInterval = [-2.299 μs; 8.602 μs] (CI 99.9%), Margin = 5.450 μs (172.94% of Mean)
Skewness = -0.09, Kurtosis = 0.67, MValue = 2
-------------------- Histogram --------------------
[2.569 μs ; 3.035 μs) | @
[3.035 μs ; 3.579 μs) | @@
---------------------------------------------------

MemoryCacheProviderBenchmarks.SetAsync: ShortRun(IterationCount=3, LaunchCount=1, WarmupCount=3)
Runtime = .NET 10.0.12 (10.0.12, 10.0.1226.42308), X64 RyuJIT x86-64-v4; GC = Concurrent Workstation
Mean = 3.213 μs, StdErr = 0.143 μs (4.47%), N = 3, StdDev = 0.249 μs
Min = 2.940 μs, Q1 = 3.105 μs, Median = 3.270 μs, Q3 = 3.349 μs, Max = 3.427 μs
IQR = 0.243 μs, LowerFence = 2.740 μs, UpperFence = 3.714 μs
ConfidenceInterval = [-1.321 μs; 7.746 μs] (CI 99.9%), Margin = 4.534 μs (141.13% of Mean)
Skewness = -0.22, Kurtosis = 0.67, MValue = 2
-------------------- Histogram --------------------
[2.714 μs ; 3.122 μs) | @
[3.122 μs ; 3.653 μs) | @@
---------------------------------------------------

// * Summary *

BenchmarkDotNet v0.15.8, Linux Ubuntu 24.04.5 LTS (Noble Numbat)
Intel Xeon Platinum 8370C CPU 2.80GHz, 1 CPU, 4 logical and 2 physical cores
.NET SDK 10.0.401
  [Host]     : .NET 10.0.12 (10.0.12, 10.0.1226.42308), X64 RyuJIT x86-64-v4
  Job-NUBXJZ : .NET 10.0.12 (10.0.12, 10.0.1226.42308), X64 RyuJIT x86-64-v4
  ShortRun   : .NET 10.0.12 (10.0.12, 10.0.1226.42308), X64 RyuJIT x86-64-v4


| Method                        | Job        | IterationCount | LaunchCount | WarmupCount | Mean        | Error        | StdDev     | Ratio | RatioSD | Gen0   | Gen1   | Allocated | Alloc Ratio |
|------------------------------ |----------- |--------------- |------------ |------------ |------------:|-------------:|-----------:|------:|--------:|-------:|-------:|----------:|------------:|
| ExistsAsync_False             | Job-NUBXJZ | 20             | Default     | 5           |    54.06 ns |     0.031 ns |   0.032 ns |  0.66 |    0.01 |      - |      - |         - |        0.00 |
| ExistsAsync_True              | Job-NUBXJZ | 20             | Default     | 5           |    57.77 ns |     0.089 ns |   0.103 ns |  0.71 |    0.01 |      - |      - |         - |        0.00 |
| GetAsync_CacheHit             | Job-NUBXJZ | 20             | Default     | 5           |    81.56 ns |     0.628 ns |   0.723 ns |  1.00 |    0.01 | 0.0057 |      - |     144 B |        1.00 |
| GetAsync_CacheMiss            | Job-NUBXJZ | 20             | Default     | 5           |    56.41 ns |     0.027 ns |   0.029 ns |  0.69 |    0.01 |      - |      - |         - |        0.00 |
| GetOrSetAsync_CacheHit        | Job-NUBXJZ | 20             | Default     | 5           |   122.31 ns |     1.260 ns |   1.451 ns |  1.50 |    0.02 | 0.0110 |      - |     280 B |        1.94 |
| GetOrSetAsync_CacheMiss       | Job-NUBXJZ | 20             | Default     | 5           | 4,869.04 ns |   326.329 ns | 335.116 ns | 59.70 |    4.03 | 0.0420 | 0.0381 |    1080 B |        7.50 |
| RemoveAsync                   | Job-NUBXJZ | 20             | Default     | 5           | 2,669.91 ns |    23.067 ns |  25.639 ns | 32.74 |    0.42 | 0.0305 |      - |     784 B |        5.44 |
| SetWithSlidingExpirationAsync | Job-NUBXJZ | 20             | Default     | 5           | 3,905.61 ns |   585.624 ns | 650.919 ns | 47.89 |    7.79 | 0.0267 | 0.0229 |     729 B |        5.06 |
| SetAsync                      | Job-NUBXJZ | 20             | Default     | 5           | 3,541.79 ns |   511.672 ns | 547.483 ns | 43.43 |    6.54 | 0.0267 | 0.0229 |     712 B |        4.94 |
|                               |            |                |             |             |             |              |            |       |         |        |        |           |             |
| ExistsAsync_False             | ShortRun   | 3              | 1           | 3           |    51.21 ns |     0.979 ns |   0.054 ns |  0.61 |    0.00 |      - |      - |         - |        0.00 |
| ExistsAsync_True              | ShortRun   | 3              | 1           | 3           |    59.87 ns |     0.592 ns |   0.032 ns |  0.71 |    0.00 |      - |      - |         - |        0.00 |
| GetAsync_CacheHit             | ShortRun   | 3              | 1           | 3           |    84.41 ns |     7.682 ns |   0.421 ns |  1.00 |    0.01 | 0.0057 |      - |     144 B |        1.00 |
| GetAsync_CacheMiss            | ShortRun   | 3              | 1           | 3           |    56.63 ns |     0.946 ns |   0.052 ns |  0.67 |    0.00 |      - |      - |         - |        0.00 |
| GetOrSetAsync_CacheHit        | ShortRun   | 3              | 1           | 3           |   124.74 ns |    34.239 ns |   1.877 ns |  1.48 |    0.02 | 0.0110 |      - |     280 B |        1.94 |
| GetOrSetAsync_CacheMiss       | ShortRun   | 3              | 1           | 3           | 4,087.00 ns | 6,531.454 ns | 358.011 ns | 48.42 |    3.68 | 0.0420 | 0.0381 |    1080 B |        7.50 |
| RemoveAsync                   | ShortRun   | 3              | 1           | 3           | 2,577.17 ns |   504.726 ns |  27.666 ns | 30.53 |    0.31 | 0.0305 |      - |     784 B |        5.44 |
| SetWithSlidingExpirationAsync | ShortRun   | 3              | 1           | 3           | 3,151.56 ns | 5,450.285 ns | 298.748 ns | 37.34 |    3.07 | 0.0267 | 0.0229 |     720 B |        5.00 |
| SetAsync                      | ShortRun   | 3              | 1           | 3           | 3,212.50 ns | 4,533.738 ns | 248.509 ns | 38.06 |    2.55 | 0.0267 | 0.0229 |     712 B |        4.94 |

// * Hints *
Outliers
  MemoryCacheProviderBenchmarks.ExistsAsync_False: IterationCount=20, WarmupCount=5             -> 3 outliers were removed (56.34 ns..56.43 ns)
  MemoryCacheProviderBenchmarks.GetAsync_CacheMiss: IterationCount=20, WarmupCount=5            -> 2 outliers were removed (60.72 ns, 61.16 ns)
  MemoryCacheProviderBenchmarks.GetOrSetAsync_CacheMiss: IterationCount=20, WarmupCount=5       -> 3 outliers were removed, 4 outliers were detected (4.06 μs, 6.17 μs..18.35 μs)
  MemoryCacheProviderBenchmarks.RemoveAsync: IterationCount=20, WarmupCount=5                   -> 1 outlier  was  removed, 3 outliers were detected (2.61 μs, 2.63 μs, 2.72 μs)
  MemoryCacheProviderBenchmarks.SetWithSlidingExpirationAsync: IterationCount=20, WarmupCount=5 -> 1 outlier  was  removed (10.53 μs)
  MemoryCacheProviderBenchmarks.SetAsync: IterationCount=20, WarmupCount=5                      -> 2 outliers were removed (10.25 μs, 15.96 μs)
// * Config Issues *

// * Warnings *
Configuration
  Summary -> The exporter CsvExporter is already present in configuration. There may be unexpected results.
  Summary -> The exporter HtmlExporter is already present in configuration. There may be unexpected results.
  Summary -> The exporter MarkdownExporter-github is already present in configuration. There may be unexpected results.

// * Legends *
  Mean        : Arithmetic mean of all measurements
  Error       : Half of 99.9% confidence interval
  StdDev      : Standard deviation of all measurements
  Ratio       : Mean of the ratio distribution ([Current]/[Baseline])
  RatioSD     : Standard deviation of the ratio distribution ([Current]/[Baseline])
  Gen0        : GC Generation 0 collects per 1000 operations
  Gen1        : GC Generation 1 collects per 1000 operations
  Allocated   : Allocated memory per single operation (managed only, inclusive, 1KB = 1024B)
  Alloc Ratio : Allocated memory ratio distribution ([Current]/[Baseline])
  1 ns        : 1 Nanosecond (0.000000001 sec)

// * Diagnostic Output - MemoryDiagnoser *


// ***** BenchmarkRunner: End *****
Run time: 00:17:03 (1023.4 sec), executed benchmarks: 18

Global total time: 00:17:55 (1075.43 sec), executed benchmarks: 18
// * Artifacts cleanup *
Artifacts cleanup is finished
