{"Title":"Encina.Cdc.SqlServer.Benchmarks.Benchmarks.ConnectorBenchmarks-20260413-183713","HostEnvironmentInfo":{"BenchmarkDotNetCaption":"BenchmarkDotNet","BenchmarkDotNetVersion":"0.15.8","OsVersion":"Linux Ubuntu 24.04.4 LTS (Noble Numbat)","ProcessorName":"AMD EPYC 9V74","PhysicalProcessorCount":1,"PhysicalCoreCount":2,"LogicalCoreCount":4,"RuntimeVersion":".NET 10.0.5 (10.0.5, 10.0.526.15411)","Architecture":"X64","HasAttachedDebugger":false,"HasRyuJit":true,"Configuration":"RELEASE","DotNetCliVersion":"10.0.201","ChronometerFrequency":{"Hertz":1000000000},"HardwareTimerKind":"Unknown"},"Benchmarks":[{"DisplayInfo":"ConnectorBenchmarks.GetCurrentPositionAsync: MediumRun(IterationCount=15, LaunchCount=2, WarmupCount=10)","Namespace":"Encina.Cdc.SqlServer.Benchmarks.Benchmarks","Type":"ConnectorBenchmarks","Method":"GetCurrentPositionAsync","MethodTitle":"GetCurrentPositionAsync","Parameters":"","FullName":"Encina.Cdc.SqlServer.Benchmarks.Benchmarks.ConnectorBenchmarks.GetCurrentPositionAsync","HardwareIntrinsics":"AVX2+BMI1+BMI2+F16C+FMA+LZCNT+MOVBE,AVX,SSE3+SSSE3+SSE4.1+SSE4.2+POPCNT,X86Base+SSE+SSE2,AES+PCLMUL VectorSize=256","Statistics":{"OriginalValues":[514894.48828125,515865.572265625,511648.7919921875,514991.0634765625,515145.3916015625,512637.2421875,512677.4296875,513633.2861328125,514116.59765625,512279.09765625,513630.8896484375,517711.5263671875,512839.1162109375,512645.0400390625,515637.9443359375,516267.3447265625,516107.669921875,514997.9248046875,512821.6875,514188.904296875,515968.701171875,516153.4755859375,511560.7578125,514500.3203125,514547.3935546875,515130.26171875,517699.900390625],"N":27,"Min":511560.7578125,"LowerFence":508448.3671875,"Q1":512830.40185546875,"Median":514547.3935546875,"Mean":514455.4747902199,"Q3":515751.75830078125,"UpperFence":520133.79296875,"Max":517711.5263671875,"InterquartileRange":2921.3564453125,"LowerOutliers":[],"UpperOutliers":[],"AllOutliers":[],"StandardError":326.81304984170225,"Variance":2883782.7777645434,"StandardDeviation":1698.1704207071043,"Skewness":0.0679449874896729,"Kurtosis":2.061108498779196,"ConfidenceInterval":{"N":27,"Mean":514455.4747902199,"StandardError":326.81304984170225,"Level":12,"Margin":1211.3690879919632,"Lower":513244.105702228,"Upper":515666.84387821186},"Percentiles":{"P0":511560.7578125,"P25":512830.40185546875,"P50":514547.3935546875,"P67":515136.6162695313,"P80":515948.075390625,"P85":516112.25048828125,"P90":516199.02324218745,"P95":517270.1336914062,"P100":517711.5263671875}},"Memory":{"Gen0Collections":0,"Gen1Collections":0,"Gen2Collections":0,"TotalOperations":1024,"BytesAllocatedPerOperation":4884},"Measurements":[{"IterationMode":"Overhead","IterationStage":"Jitting","LaunchIndex":1,"IterationIndex":1,"Operations":1,"Nanoseconds":241132},{"IterationMode":"Workload","IterationStage":"Jitting","LaunchIndex":1,"IterationIndex":1,"Operations":1,"Nanoseconds":123421112},{"IterationMode":"Workload","IterationStage":"Pilot","LaunchIndex":1,"IterationIndex":1,"Operations":2,"Nanoseconds":11450967},{"IterationMode":"Workload","IterationStage":"Pilot","LaunchIndex":1,"IterationIndex":2,"Operations":3,"Nanoseconds":2059395},{"IterationMode":"Workload","IterationStage":"Pilot","LaunchIndex":1,"IterationIndex":3,"Operations":4,"Nanoseconds":2289580},{"IterationMode":"Workload","IterationStage":"Pilot","LaunchIndex":1,"IterationIndex":4,"Operations":5,"Nanoseconds":2767055},{"IterationMode":"Workload","IterationStage":"Pilot","LaunchIndex":1,"IterationIndex":5,"Operations":6,"Nanoseconds":3291420},{"IterationMode":"Workload","IterationStage":"Pilot","LaunchIndex":1,"IterationIndex":6,"Operations":7,"Nanoseconds":3796517},{"IterationMode":"Workload","IterationStage":"Pilot","LaunchIndex":1,"IterationIndex":7,"Operations":8,"Nanoseconds":4218730},{"IterationMode":"Workload","IterationStage":"Pilot","LaunchIndex":1,"IterationIndex":8,"Operations":9,"Nanoseconds":4761943},{"IterationMode":"Workload","IterationStage":"Pilot","LaunchIndex":1,"IterationIndex":9,"Operations":10,"Nanoseconds":5407856},{"IterationMode":"Workload","IterationStage":"Pilot","LaunchIndex":1,"IterationIndex":10,"Operations":11,"Nanoseconds":5808501},{"IterationMode":"Workload","IterationStage":"Pilot","LaunchIndex":1,"IterationIndex":11,"Operations":12,"Nanoseconds":6390091},{"IterationMode":"Workload","IterationStage":"Pilot","LaunchIndex":1,"IterationIndex":12,"Operations":13,"Nanoseconds":6990772},{"IterationMode":"Workload","IterationStage":"Pilot","LaunchIndex":1,"IterationIndex":13,"Operations":14,"Nanoseconds":7855371},{"IterationMode":"Workload","IterationStage":"Pilot","LaunchIndex":1,"IterationIndex":14,"Operations":15,"Nanoseconds":8383748},{"IterationMode":"Workload","IterationStage":"Pilot","LaunchIndex":1,"IterationIndex":15,"Operations":16,"Nanoseconds":8480629},{"IterationMode":"Workload","IterationStage":"Pilot","LaunchIndex":1,"IterationIndex":16,"Operations":32,"Nanoseconds":16986769},{"IterationMode":"Workload","IterationStage":"Pilot","LaunchIndex":1,"IterationIndex":17,"Operations":64,"Nanoseconds":33195489},{"IterationMode":"Workload","IterationStage":"Pilot","LaunchIndex":1,"IterationIndex":18,"Operations":128,"Nanoseconds":66792623},{"IterationMode":"Workload","IterationStage":"Pilot","LaunchIndex":1,"IterationIndex":19,"Operations":256,"Nanoseconds":134084189},{"IterationMode":"Workload","IterationStage":"Pilot","LaunchIndex":1,"IterationIndex":20,"Operations":512,"Nanoseconds":270018299},{"IterationMode":"Workload","IterationStage":"Pilot","LaunchIndex":1,"IterationIndex":21,"Operations":1024,"Nanoseconds":531599239},{"IterationMode":"Workload","IterationStage":"Warmup","LaunchIndex":1,"IterationIndex":1,"Operations":1024,"Nanoseconds":527980394},{"IterationMode":"Workload","IterationStage":"Warmup","LaunchIndex":1,"IterationIndex":2,"Operations":1024,"Nanoseconds":527507777},{"IterationMode":"Workload","IterationStage":"Warmup","LaunchIndex":1,"IterationIndex":3,"Operations":1024,"Nanoseconds":524827972},{"IterationMode":"Workload","IterationStage":"Warmup","LaunchIndex":1,"IterationIndex":4,"Operations":1024,"Nanoseconds":528992080},{"IterationMode":"Workload","IterationStage":"Warmup","LaunchIndex":1,"IterationIndex":5,"Operations":1024,"Nanoseconds":536477186},{"IterationMode":"Workload","IterationStage":"Warmup","LaunchIndex":1,"IterationIndex":6,"Operations":1024,"Nanoseconds":527780264},{"IterationMode":"Workload","IterationStage":"Warmup","LaunchIndex":1,"IterationIndex":7,"Operations":1024,"Nanoseconds":526641096},{"IterationMode":"Workload","IterationStage":"Warmup","LaunchIndex":1,"IterationIndex":8,"Operations":1024,"Nanoseconds":527283067},{"IterationMode":"Workload","IterationStage":"Warmup","LaunchIndex":1,"IterationIndex":9,"Operations":1024,"Nanoseconds":527741138},{"IterationMode":"Workload","IterationStage":"Warmup","LaunchIndex":1,"IterationIndex":10,"Operations":1024,"Nanoseconds":525881091},{"IterationMode":"Workload","IterationStage":"Actual","LaunchIndex":1,"IterationIndex":1,"Operations":1024,"Nanoseconds":527251956},{"IterationMode":"Workload","IterationStage":"Actual","LaunchIndex":1,"IterationIndex":2,"Operations":1024,"Nanoseconds":528246346},{"IterationMode":"Workload","IterationStage":"Actual","LaunchIndex":1,"IterationIndex":3,"Operations":1024,"Nanoseconds":523928363},{"IterationMode":"Workload","IterationStage":"Actual","LaunchIndex":1,"IterationIndex":4,"Operations":1024,"Nanoseconds":527350849},{"IterationMode":"Workload","IterationStage":"Actual","LaunchIndex":1,"IterationIndex":5,"Operations":1024,"Nanoseconds":527508881},{"IterationMode":"Workload","IterationStage":"Actual","LaunchIndex":1,"IterationIndex":6,"Operations":1024,"Nanoseconds":524940536},{"IterationMode":"Workload","IterationStage":"Actual","LaunchIndex":1,"IterationIndex":7,"Operations":1024,"Nanoseconds":524981688},{"IterationMode":"Workload","IterationStage":"Actual","LaunchIndex":1,"IterationIndex":8,"Operations":1024,