// Validating benchmarks:
// ***** BenchmarkRunner: Start   *****
// ***** Found 18 benchmark(s) in total *****
// ***** Building 1 exe(s) in Parallel: Start   *****
// start dotnet  restore --nodeReuse:false /p:UseSharedCompilation=false /p:Deterministic=true /p:Optimize=true /p:ArtifactsPath="/home/runner/work/Encina/Encina/tests/Encina.BenchmarkTests/Encina.Caching.Memory.Benchmarks/bin/Release/net10.0/Encina.Caching.Memory.Benchmarks-Job-NUBXJZ-1/" /p:OutDir="/home/runner/work/Encina/Encina/tests/Encina.BenchmarkTests/Encina.Caching.Memory.Benchmarks/bin/Release/net10.0/Encina.Caching.Memory.Benchmarks-Job-NUBXJZ-1/bin/Release/net10.0/" /p:OutputPath="/home/runner/work/Encina/Encina/tests/Encina.BenchmarkTests/Encina.Caching.Memory.Benchmarks/bin/Release/net10.0/Encina.Caching.Memory.Benchmarks-Job-NUBXJZ-1/bin/Release/net10.0/" /p:PublishDir="/home/runner/work/Encina/Encina/tests/Encina.BenchmarkTests/Encina.Caching.Memory.Benchmarks/bin/Release/net10.0/Encina.Caching.Memory.Benchmarks-Job-NUBXJZ-1/publish/" in /home/runner/work/Encina/Encina/tests/Encina.BenchmarkTests/Encina.Caching.Memory.Benchmarks/bin/Release/net10.0/Encina.Caching.Memory.Benchmarks-Job-NUBXJZ-1
// command took 2.82 sec and exited with 0
// start dotnet  build -c Release --no-restore --nodeReuse:false /p:UseSharedCompilation=false /p:Deterministic=true /p:Optimize=true /p:ArtifactsPath="/home/runner/work/Encina/Encina/tests/Encina.BenchmarkTests/Encina.Caching.Memory.Benchmarks/bin/Release/net10.0/Encina.Caching.Memory.Benchmarks-Job-NUBXJZ-1/" /p:OutDir="/home/runner/work/Encina/Encina/tests/Encina.BenchmarkTests/Encina.Caching.Memory.Benchmarks/bin/Release/net10.0/Encina.Caching.Memory.Benchmarks-Job-NUBXJZ-1/bin/Release/net10.0/" /p:OutputPath="/home/runner/work/Encina/Encina/tests/Encina.BenchmarkTests/Encina.Caching.Memory.Benchmarks/bin/Release/net10.0/Encina.Caching.Memory.Benchmarks-Job-NUBXJZ-1/bin/Release/net10.0/" /p:PublishDir="/home/runner/work/Encina/Encina/tests/Encina.BenchmarkTests/Encina.Caching.Memory.Benchmarks/bin/Release/net10.0/Encina.Caching.Memory.Benchmarks-Job-NUBXJZ-1/publish/" --output "/home/runner/work/Encina/Encina/tests/Encina.BenchmarkTests/Encina.Caching.Memory.Benchmarks/bin/Release/net10.0/Encina.Caching.Memory.Benchmarks-Job-NUBXJZ-1/bin/Release/net10.0/" in /home/runner/work/Encina/Encina/tests/Encina.BenchmarkTests/Encina.Caching.Memory.Benchmarks/bin/Release/net10.0/Encina.Caching.Memory.Benchmarks-Job-NUBXJZ-1
// command took 50.43 sec and exited with 0
// ***** Done, took 00:00:53 (53.39 sec)   *****
// Found 18 benchmarks:
//   MemoryCacheProviderBenchmarks.ExistsAsync_False: Job-NUBXJZ(IterationCount=20, WarmupCount=5)
//   MemoryCacheProviderBenchmarks.ExistsAsync_False: MediumRun(IterationCount=15, LaunchCount=2, WarmupCount=10)
//   MemoryCacheProviderBenchmarks.ExistsAsync_True: Job-NUBXJZ(IterationCount=20, WarmupCount=5)
//   MemoryCacheProviderBenchmarks.ExistsAsync_True: MediumRun(IterationCount=15, LaunchCount=2, WarmupCount=10)
//   MemoryCacheProviderBenchmarks.GetAsync_CacheHit: Job-NUBXJZ(IterationCount=20, WarmupCount=5)
//   MemoryCacheProviderBenchmarks.GetAsync_CacheHit: MediumRun(IterationCount=15, LaunchCount=2, WarmupCount=10)
//   MemoryCacheProviderBenchmarks.GetAsync_CacheMiss: Job-NUBXJZ(IterationCount=20, WarmupCount=5)
//   MemoryCacheProviderBenchmarks.GetAsync_CacheMiss: MediumRun(IterationCount=15, LaunchCount=2, WarmupCount=10)
//   MemoryCacheProviderBenchmarks.GetOrSetAsync_CacheHit: Job-NUBXJZ(IterationCount=20, WarmupCount=5)
//   MemoryCacheProviderBenchmarks.GetOrSetAsync_CacheHit: MediumRun(IterationCount=15, LaunchCount=2, WarmupCount=10)
//   MemoryCacheProviderBenchmarks.GetOrSetAsync_CacheMiss: Job-NUBXJZ(IterationCount=20, WarmupCount=5)
//   MemoryCacheProviderBenchmarks.GetOrSetAsync_CacheMiss: MediumRun(IterationCount=15, LaunchCount=2, WarmupCount=10)
//   MemoryCacheProviderBenchmarks.RemoveAsync: Job-NUBXJZ(IterationCount=20, WarmupCount=5)
//   MemoryCacheProviderBenchmarks.RemoveAsync: MediumRun(IterationCount=15, LaunchCount=2, WarmupCount=10)
//   MemoryCacheProviderBenchmarks.SetWithSlidingExpirationAsync: Job-NUBXJZ(IterationCount=20, WarmupCount=5)
//   MemoryCacheProviderBenchmarks.SetWithSlidingExpirationAsync: MediumRun(IterationCount=15, LaunchCount=2, WarmupCount=10)
//   MemoryCacheProviderBenchmarks.SetAsync: Job-NUBXJZ(IterationCount=20, WarmupCount=5)
//   MemoryCacheProviderBenchmarks.SetAsync: MediumRun(IterationCount=15, LaunchCount=2, WarmupCount=10)

// **************************
// Benchmark: MemoryCacheProviderBenchmarks.ExistsAsync_False: Job-NUBXJZ(IterationCount=20, WarmupCount=5)
// *** Execute ***
// Launch: 1 / 1
// Execute: dotnet Encina.Caching.Memory.Benchmarks-Job-NUBXJZ-1.dll --anonymousPipes 152 153 --benchmarkName Encina.Caching.Memory.Benchmarks.Benchmarks.MemoryCacheProviderBenchmarks.ExistsAsync_False --job "IterationCount=20, WarmupCount=5" --benchmarkId 0 in /home/runner/work/Encina/Encina/tests/Encina.BenchmarkTests/Encina.Caching.Memory.Benchmarks/bin/Release/net10.0/Encina.Caching.Memory.Benchmarks-Job-NUBXJZ-1/bin/Release/net10.0
// Failed to set up high priority (Permission denied). In order to run benchmarks with high priority, make sure you have the right permissions.
// BeforeAnythingElse

// Benchmark Process Environment Information:
// BenchmarkDotNet v0.15.8
// Runtime=.NET 10.0.7 (10.0.7, 10.0.726.21808), X64 RyuJIT x86-64-v3
// GC=Concurrent Workstation
// HardwareIntrinsics=AVX2+BMI1+BMI2+F16C+FMA+LZCNT+MOVBE,AVX,SSE3+SSSE3+SSE4.1+SSE4.2+POPCNT,X86Base+SSE+SSE2,AES+PCLMUL VectorSize=256
// Job: Job-NUBXJZ(IterationCount=20, WarmupCount=5)

OverheadJitting  1: 1 op, 220252.00 ns, 220.2520 us/op
WorkloadJitting  1: 1 op, 3826777.00 ns, 3.8268 ms/op

OverheadJitting  2: 16 op, 333575.00 ns, 20.8484 us/op
WorkloadJitting  2: 16 op, 386624.00 ns, 24.1640 us/op

WorkloadPilot    1: 16 op, 5620.00 ns, 351.2500 ns/op
WorkloadPilot    2: 32 op, 3938.00 ns, 123.0625 ns/op
WorkloadPilot    3: 64 op, 4969.00 ns, 77.6406 ns/op
WorkloadPilot    4: 128 op, 8626.00 ns, 67.3906 ns/op
WorkloadPilot    5: 256 op, 15409.00 ns, 60.1914 ns/op
WorkloadPilot    6: 512 op, 29756.00 ns, 58.1172 ns/op
WorkloadPilot    7: 1024 op, 92764.00 ns, 90.5898 ns/op
WorkloadPilot    8: 2048 op, 112531.00 ns, 54.9468 ns/op
WorkloadPilot    9: 4096 op, 316022.00 ns, 77.1538 ns/op
WorkloadPilot   10: 8192 op, 468868.00 ns, 57.2349 ns/op
WorkloadPilot   11: 16384 op, 910515.00 ns, 55.5734 ns/op
WorkloadPilot   12: 32768 op, 1784852.00 ns, 54.4694 ns/op
WorkloadPilot   13: 65536 op, 3579624.00 ns, 54.6207 ns/op
WorkloadPilot   14: 131072 op, 7226113.00 ns, 55.1309 ns/op
WorkloadPilot   15: 262144 op, 14301803.00 ns, 54.5570 ns/op
WorkloadPilot   16: 524288 op, 28339292.00 ns, 54.0529 ns/op
WorkloadPilot   17: 1048576 op, 56909997.00 ns, 54.2736 ns/op
WorkloadPilot   18: 2097152 op, 113637612.00 ns, 54.1866 ns/op
WorkloadPilot   19: 4194304 op, 227830264.00 ns, 54.3190 ns/op
WorkloadPilot   20: 8388608 op, 455016160.00 ns, 54.2422 ns/op
WorkloadPilot   21: 16777216 op, 910028594.00 ns, 54.2419 ns/op

OverheadWarmup   1: 16777216 op, 31494931.00 ns, 1.8772 ns/op
OverheadWarmup   2: 16777216 op, 30759444.00 ns, 1.8334 ns/op
OverheadWarmup   3: 16777216 op, 30698520.00 ns, 1.8298 ns/op
OverheadWarmup   4: 16777216 op, 31063845.00 ns, 1.8515 ns/op
OverheadWarmup   5: 16777216 op, 31278917.00 ns, 1.8644 ns/op
OverheadWarmup   6: 16777216 op, 31004763.00 ns, 1.8480 ns/op
OverheadWarmup   7: 16777216 op, 31433166.00 ns, 1.8736 ns/op
OverheadWarmup   8: 16777216 op, 30755076.00 ns, 1.8331 ns/op

OverheadActual   1: 16777216 op, 30924413.00 ns, 1.8432 ns/op
OverheadActual   2: 16777216 op, 30875661.00 ns, 1.8403 ns/op
OverheadActual   3: 16777216 op, 31297421.00 ns, 1.8655 ns/op
OverheadActual   4: 16777216 op, 31305667.00 ns, 1.8660 ns/op
OverheadActual   5: 16777216 op, 31249822.00 ns, 1.8626 ns/op
OverheadActual   6: 16777216 op, 30694683.00 ns, 1.8295 ns/op
OverheadActual   7: 16777216 op, 31506213.00 ns, 1.8779 ns/op
OverheadActual   8: 16777216 op, 30689784.00 ns, 1.8293 ns/op
OverheadActual   9: 16777216 op, 30965721.00 ns, 1.8457 ns/op
OverheadActual  10: 16777216 op, 39460148.00 ns, 2.3520 ns/op
OverheadActual  11: 16777216 op, 39725705.00 ns, 2.3678 ns/op
OverheadActual  12: 16777216 op, 38183417.00 ns, 2.2759 ns/op
OverheadActual  13: 16777216 op, 31578187.00 ns, 1.8822 ns/op
OverheadActual  14: 16777216 op, 30822572.00 ns, 1.8372 ns/op
OverheadActual  15: 16777216 op, 30929051.00 ns, 1.8435 ns/op

WorkloadWarmup   1: 16777216 op, 909998227.00 ns, 54.2401 ns/op
WorkloadWarmup   2: 16777216 op, 912685583.00 ns, 54.4003 ns/op
WorkloadWarmup   3: 16777216 op, 916671594.00 ns, 54.6379 ns/op
WorkloadWarmup   4: 16777216 op, 918918730.00 ns, 54.7718 ns/op
WorkloadWarmup   5: 16777216 op, 913724298.00 ns, 54.4622 ns/op

// BeforeActualRun
WorkloadActual   1: 16777216 op, 909499655.00 ns, 54.2104 ns/op
WorkloadActual   2: 16777216 op, 919423771.00 ns, 54.8019 ns/op
WorkloadActual   3: 16777216 op, 909764280.00 ns, 54.2262 ns/op
WorkloadActual   4: 16777216 op, 915412534.00 ns, 54.5628 ns/op
WorkloadActual   5: 16777216 op, 909651595.00 ns, 54.2195 ns/op
WorkloadActual   6: 16777216 op, 909314380.00 ns, 54.1994 ns/op
WorkloadActual   7: 16777216 op, 909563784.00 ns, 54.2142 ns/op
WorkloadActual   8: 16777216 op, 910676570.00 ns, 54.2806 ns/op
WorkloadActual   9: 16777216 op, 909937579.00 ns, 54.2365 ns/op
WorkloadActual  10: 16777216 op, 910415311.00 ns, 54.2650 ns/op
WorkloadActual  11: 16777216 op, 909130692.00 ns, 54.1884 ns/op
WorkloadActual  12: 16777216 op, 911060647.00 ns, 54.3034 ns/op
WorkloadActual  13: 16777216 op, 914363704.00 ns, 54.5003 ns/op
WorkloadActual  14: 16777216 op, 910501633.00 ns, 54.2701 ns/op
WorkloadActual  15: 16777216 op, 910521100.00 ns, 54.2713 ns/op
WorkloadActual  16: 16777216 op, 910229451.00 ns, 54.2539 ns/op
WorkloadActual  17: 16777216 op, 910810019.00 ns, 54.2885 ns/op
WorkloadActual  18: 16777216 op, 911157361.00 ns, 54.3092 ns/op
WorkloadActual  19: 16777216 op, 912491816.00 ns, 54.3888 ns/op
WorkloadActual  20: 16777216 op, 911236709.00 ns, 54.3139 ns/op

// AfterActualRun
WorkloadResult   1: 16777216 op, 878249833.00 ns, 52.3478 ns/op
WorkloadResult   2: 16777216 op, 878514458.00 ns, 52.3635 ns/op
WorkloadResult   3: 16777216 op, 878401773.00 ns, 52.3568 ns/op
WorkloadResult   4: 16777216 op, 878064558.00 ns, 52.3367 ns/op
WorkloadResult   5: 16777216 op, 878313962.00 ns, 52.3516 ns/op
WorkloadResult   6: 16777216 op, 879426748.00 ns, 52.4179 ns/op
WorkloadResult   7: 16777216 op, 878687757.00 ns, 52.3739 ns/op
WorkloadResult   8: 16777216 op, 879165489.00 ns, 52.4023 ns/op
WorkloadResult   9: 16777216 op, 877880870.00 ns, 52.3258 ns/op
WorkloadResult  10: 16777216 op, 879810825.00 ns, 52.4408 ns/op
WorkloadResult  11: 16777216 op, 879251811.00 ns, 52.4075 ns/op
WorkloadResult  12: 16777216 op, 879271278.00 ns, 52.4087 ns/op
WorkloadResult  13: 16777216 op, 878979629.00 ns, 52.3913 ns/op
WorkloadResult  14: 16777216 op, 879560197.00 ns, 52.4259 ns/op
WorkloadResult  15: 16777216 op, 879907539.00 ns, 52.4466 ns/op
WorkloadResult  16: 16777216 op, 881241994.00 ns, 52.5261 ns/op
WorkloadResult  17: 16777216 op, 879986887.00 ns, 52.4513 ns/op
// GC:  0 0 0 0 16777216
// Threading:  0 0 16777216

// AfterAll
// Benchmark Process 3456 has exited with code 0.

Mean = 52.398 ns, StdErr = 0.012 ns (0.02%), N = 17, StdDev = 0.051 ns
Min = 52.326 ns, Q1 = 52.357 ns, Median = 52.402 ns, Q3 = 52.426 ns, Max = 52.526 ns
IQR = 0.069 ns, LowerFence = 52.253 ns, UpperFence = 52.529 ns
ConfidenceInterval = [52.349 ns; 52.448 ns] (CI 99.9%), Margin = 0.050 ns (0.10% of Mean)
Skewness = 0.64, Kurtosis = 2.91, MValue = 2

// ** Remained 17 (94.4 %) benchmark(s) to run. Estimated finish 2026-05-03 2:21 (0h 7m from now) **
// **************************
// Benchmark: MemoryCacheProviderBenchmarks.ExistsAsync_False: MediumRun(IterationCount=15, LaunchCount=2, WarmupCount=10)
// *** Execute ***
// Launch: 1 / 2
// Execute: dotnet Encina.Caching.Memory.Benchmarks-Job-NUBXJZ-1.dll --anonymousPipes 152 153 --benchmarkName Encina.Caching.Memory.Benchmarks.Benchmarks.MemoryCacheProviderBenchmarks.ExistsAsync_False --job MediumRun --benchmarkId 1 in /home/runner/work/Encina/Encina/tests/Encina.BenchmarkTests/Encina.Caching.Memory.Benchmarks/bin/Release/net10.0/Encina.Caching.Memory.Benchmarks-Job-NUBXJZ-1/bin/Release/net10.0
// Failed to set up high priority (Permission denied). In order to run benchmarks with high priority, make sure you have the right permissions.
// BeforeAnythingElse

// Benchmark Process Environment Information:
// BenchmarkDotNet v0.15.8
// Runtime=.NET 10.0.7 (10.0.7, 10.0.726.21808), X64 RyuJIT x86-64-v3
// GC=Concurrent Workstation
// HardwareIntrinsics=AVX2+BMI1+BMI2+F16C+FMA+LZCNT+MOVBE,AVX,SSE3+SSSE3+SSE4.1+SSE4.2+POPCNT,X86Base+SSE+SSE2,AES+PCLMUL VectorSize=256
// Job: MediumRun(IterationCount=15, LaunchCount=2, WarmupCount=10)

OverheadJitting  1: 1 op, 215513.00 ns, 215.5130 us/op
WorkloadJitting  1: 1 op, 3637845.00 ns, 3.6378 ms/op

OverheadJitting  2: 16 op, 327322.00 ns, 20.4576 us/op
WorkloadJitting  2: 16 op, 345697.00 ns, 21.6061 us/op

WorkloadPilot    1: 16 op, 3507.00 ns, 219.1875 ns/op
WorkloadPilot    2: 32 op, 3587.00 ns, 112.0938 ns/op
WorkloadPilot    3: 64 op, 5259.00 ns, 82.1719 ns/op
WorkloadPilot    4: 128 op, 8366.00 ns, 65.3594 ns/op
WorkloadPilot    5: 256 op, 15890.00 ns, 62.0703 ns/op
WorkloadPilot    6: 512 op, 29064.00 ns, 56.7656 ns/op
WorkloadPilot    7: 1024 op, 57137.00 ns, 55.7979 ns/op
WorkloadPilot    8: 2048 op, 112180.00 ns, 54.7754 ns/op
WorkloadPilot    9: 4096 op, 220152.00 ns, 53.7480 ns/op
WorkloadPilot   10: 8192 op, 441225.00 ns, 53.8605 ns/op
WorkloadPilot   11: 16384 op, 913238.00 ns, 55.7396 ns/op
WorkloadPilot   12: 32768 op, 1839221.00 ns, 56.1286 ns/op
WorkloadPilot   13: 65536 op, 3576370.00 ns, 54.5711 ns/op
WorkloadPilot   14: 131072 op, 7271703.00 ns, 55.4787 ns/op
WorkloadPilot   15: 262144 op, 14348801.00 ns, 54.7363 ns/op
WorkloadPilot   16: 524288 op, 28536361.00 ns, 54.4288 ns/op
WorkloadPilot   17: 1048576 op, 56970389.00 ns, 54.3312 ns/op
WorkloadPilot   18: 2097152 op, 114644588.00 ns, 54.6668 ns/op
WorkloadPilot   19: 4194304 op, 227953690.00 ns, 54.3484 ns/op
WorkloadPilot   20: 8388608 op, 456027244.00 ns, 54.3627 ns/op
WorkloadPilot   21: 16777216 op, 911942278.00 ns, 54.3560 ns/op

OverheadWarmup   1: 16777216 op, 31357758.00 ns, 1.8691 ns/op
OverheadWarmup   2: 16777216 op, 31462444.00 ns, 1.8753 ns/op
OverheadWarmup   3: 16777216 op, 31077974.00 ns, 1.8524 ns/op
OverheadWarmup   4: 16777216 op, 32699968.00 ns, 1.9491 ns/op
OverheadWarmup   5: 16777216 op, 30929015.00 ns, 1.8435 ns/op

OverheadActual   1: 16777216 op, 31052486.00 ns, 1.8509 ns/op
OverheadActual   2: 16777216 op, 31251199.00 ns, 1.8627 ns/op
OverheadActual   3: 16777216 op, 31174515.00 ns, 1.8581 ns/op
OverheadActual   4: 16777216 op, 31468686.00 ns, 1.8757 ns/op
OverheadActual   5: 16777216 op, 31038430.00 ns, 1.8500 ns/op
OverheadActual   6: 16777216 op, 31295060.00 ns, 1.8653 ns/op
OverheadActual   7: 16777216 op, 31298427.00 ns, 1.8655 ns/op
OverheadActual   8: 16777216 op, 31078796.00 ns, 1.8524 ns/op
OverheadActual   9: 16777216 op, 31250698.00 ns, 1.8627 ns/op
OverheadActual  10: 16777216 op, 31756995.00 ns, 1.8929 ns/op
OverheadActual  11: 16777216 op, 31096619.00 ns, 1.8535 ns/op
OverheadActual  12: 16777216 op, 30655642.00 ns, 1.8272 ns/op
OverheadActual  13: 16777216 op, 31519286.00 ns, 1.8787 ns/op
OverheadActual  14: 16777216 op, 30964629.00 ns, 1.8456 ns/op
OverheadActual  15: 16777216 op, 31389584.00 ns, 1.8710 ns/op

WorkloadWarmup   1: 16777216 op, 914994405.00 ns, 54.5379 ns/op
WorkloadWarmup   2: 16777216 op, 912005193.00 ns, 54.3597 ns/op
WorkloadWarmup   3: 16777216 op, 912074817.00 ns, 54.3639 ns/op
WorkloadWarmup   4: 16777216 op, 913349948.00 ns, 54.4399 ns/op
WorkloadWarmup   5: 16777216 op, 912752981.00 ns, 54.4043 ns/op
WorkloadWarmup   6: 16777216 op, 911692778.00 ns, 54.3411 ns/op
WorkloadWarmup   7: 16777216 op, 918683394.00 ns, 54.7578 ns/op
WorkloadWarmup   8: 16777216 op, 914112451.00 ns, 54.4853 ns/op
WorkloadWarmup   9: 16777216 op, 912930130.00 ns, 54.4149 ns/op
WorkloadWarmup  10: 16777216 op, 912672925.00 ns, 54.3995 ns/op

// BeforeActualRun
WorkloadActual   1: 16777216 op, 914748261.00 ns, 54.5232 ns/op
WorkloadActual   2: 16777216 op, 914116118.00 ns, 54.4856 ns/op
WorkloadActual   3: 16777216 op, 912614556.00 ns, 54.3961 ns/op
WorkloadActual   4: 16777216 op, 912114619.00 ns, 54.3663 ns/op
WorkloadActual   5: 16777216 op, 912353938.00 ns, 54.3805 ns/op
WorkloadActual   6: 16777216 op, 911867527.00 ns, 54.3515 ns/op
WorkloadActual   7: 16777216 op, 912141420.00 ns, 54.3679 ns/op
WorkloadActual   8: 16777216 op, 912347399.00 ns, 54.3801 ns/op
WorkloadActual   9: 16777216 op, 911918341.00 ns, 54.3546 ns/op
WorkloadActual  10: 16777216 op, 911644417.00 ns, 54.3382 ns/op
WorkloadActual  11: 16777216 op, 913112852.00 ns, 54.4258 ns/op
WorkloadActual  12: 16777216 op, 914109621.00 ns, 54.4852 ns/op
WorkloadActual  13: 16777216 op, 924762872.00 ns, 55.1202 ns/op
WorkloadActual  14: 16777216 op, 911547585.00 ns, 54.3325 ns/op
WorkloadActual  15: 16777216 op, 911785035.00 ns, 54.3466 ns/op

// AfterActualRun
WorkloadResult   1: 16777216 op, 883497563.00 ns, 52.6606 ns/op
WorkloadResult   2: 16777216 op, 882865420.00 ns, 52.6229 ns/op
WorkloadResult   3: 16777216 op, 881363858.00 ns, 52.5334 ns/op
WorkloadResult   4: 16777216 op, 880863921.00 ns, 52.5036 ns/op
WorkloadResult   5: 16777216 op, 881103240.00 ns, 52.5178 ns/op
WorkloadResult   6: 16777216 op, 880616829.00 ns, 52.4889 ns/op
WorkloadResult   7: 16777216 op, 880890722.00 ns, 52.5052 ns/op
WorkloadResult   8: 16777216 op, 881096701.00 ns, 52.5175 ns/op
WorkloadResult   9: 16777216 op, 880667643.00 ns, 52.4919 ns/op
WorkloadResult  10: 16777216 op, 880393719.00 ns, 52.4756 ns/op
WorkloadResult  11: 16777216 op, 881862154.00 ns, 52.5631 ns/op
WorkloadResult  12: 16777216 op, 882858923.00 ns, 52.6225 ns/op
WorkloadResult  13: 16777216 op, 880296887.00 ns, 52.4698 ns/op
WorkloadResult  14: 16777216 op, 880534337.00 ns, 52.4839 ns/op
// GC:  0 0 0 0 16777216
// Threading:  0 0 16777216

// AfterAll
// Benchmark Process 3470 has exited with code 0.
// Launch: 2 / 2
// Execute: dotnet Encina.Caching.Memory.Benchmarks-Job-NUBXJZ-1.dll --anonymousPipes 152 153 --benchmarkName Encina.Caching.Memory.Benchmarks.Benchmarks.MemoryCacheProviderBenchmarks.ExistsAsync_False --job MediumRun --benchmarkId 1 in /home/runner/work/Encina/Encina/tests/Encina.BenchmarkTests/Encina.Caching.Memory.Benchmarks/bin/Release/net10.0/Encina.Caching.Memory.Benchmarks-Job-NUBXJZ-1/bin/Release/net10.0
// Failed to set up high priority (Permission denied). In order to run benchmarks with high priority, make sure you have the right permissions.
// BeforeAnythingElse

// Benchmark Process Environment Information:
// BenchmarkDotNet v0.15.8
// Runtime=.NET 10.0.7 (10.0.7, 10.0.726.21808), X64 RyuJIT x86-64-v3
// GC=Concurrent Workstation
// HardwareIntrinsics=AVX2+BMI1+BMI2+F16C+FMA+LZCNT+MOVBE,AVX,SSE3+SSSE3+SSE4.1+SSE4.2+POPCNT,X86Base+SSE+SSE2,AES+PCLMUL VectorSize=256
// Job: MediumRun(IterationCount=15, LaunchCount=2, WarmupCount=10)

OverheadJitting  1: 1 op, 205545.00 ns, 205.5450 us/op
WorkloadJitting  1: 1 op, 3637450.00 ns, 3.6375 ms/op

OverheadJitting  2: 16 op, 343473.00 ns, 21.4671 us/op
WorkloadJitting  2: 16 op, 362539.00 ns, 22.6587 us/op

WorkloadPilot    1: 16 op, 2495.00 ns, 155.9375 ns/op
WorkloadPilot    2: 32 op, 3216.00 ns, 100.5000 ns/op
WorkloadPilot    3: 64 op, 4869.00 ns, 76.0781 ns/op
WorkloadPilot    4: 128 op, 8366.00 ns, 65.3594 ns/op
WorkloadPilot    5: 256 op, 15389.00 ns, 60.1133 ns/op
WorkloadPilot    6: 512 op, 29545.00 ns, 57.7051 ns/op
WorkloadPilot    7: 1024 op, 75121.00 ns, 73.3604 ns/op
WorkloadPilot    8: 2048 op, 113563.00 ns, 55.4507 ns/op
WorkloadPilot    9: 4096 op, 224962.00 ns, 54.9224 ns/op
WorkloadPilot   10: 8192 op, 448169.00 ns, 54.7081 ns/op
WorkloadPilot   11: 16384 op, 896559.00 ns, 54.7216 ns/op
WorkloadPilot   12: 32768 op, 1871494.00 ns, 57.1135 ns/op
WorkloadPilot   13: 65536 op, 3646928.00 ns, 55.6477 ns/op
WorkloadPilot   14: 131072 op, 7336456.00 ns, 55.9727 ns/op
WorkloadPilot   15: 262144 op, 14511659.00 ns, 55.3576 ns/op
WorkloadPilot   16: 524288 op, 28872236.00 ns, 55.0694 ns/op
WorkloadPilot   17: 1048576 op, 58032882.00 ns, 55.3445 ns/op
WorkloadPilot   18: 2097152 op, 115959796.00 ns, 55.2939 ns/op
WorkloadPilot   19: 4194304 op, 232028928.00 ns, 55.3200 ns/op
WorkloadPilot   20: 8388608 op, 465467064.00 ns, 55.4880 ns/op
WorkloadPilot   21: 16777216 op, 928704714.00 ns, 55.3551 ns/op

OverheadWarmup   1: 16777216 op, 31179816.00 ns, 1.8585 ns/op
OverheadWarmup   2: 16777216 op, 30953142.00 ns, 1.8450 ns/op
OverheadWarmup   3: 16777216 op, 31257692.00 ns, 1.8631 ns/op
OverheadWarmup   4: 16777216 op, 31017563.00 ns, 1.8488 ns/op
OverheadWarmup   5: 16777216 op, 30910092.00 ns, 1.8424 ns/op
OverheadWarmup   6: 16777216 op, 32025921.00 ns, 1.9089 ns/op
OverheadWarmup   7: 16777216 op, 30988188.00 ns, 1.8470 ns/op

OverheadActual   1: 16777216 op, 31328385.00 ns, 1.8673 ns/op
OverheadActual   2: 16777216 op, 31631853.00 ns, 1.8854 ns/op
OverheadActual   3: 16777216 op, 32703129.00 ns, 1.9493 ns/op
OverheadActual   4: 16777216 op, 30875778.00 ns, 1.8403 ns/op
OverheadActual   5: 16777216 op, 31052178.00 ns, 1.8509 ns/op
OverheadActual   6: 16777216 op, 31015018.00 ns, 1.8486 ns/op
OverheadActual   7: 16777216 op, 31730147.00 ns, 1.8913 ns/op
OverheadActual   8: 16777216 op, 30823930.00 ns, 1.8372 ns/op
OverheadActual   9: 16777216 op, 31567573.00 ns, 1.8816 ns/op
OverheadActual  10: 16777216 op, 30954184.00 ns, 1.8450 ns/op
OverheadActual  11: 16777216 op, 30875818.00 ns, 1.8403 ns/op
OverheadActual  12: 16777216 op, 31327152.00 ns, 1.8672 ns/op
OverheadActual  13: 16777216 op, 30904961.00 ns, 1.8421 ns/op
OverheadActual  14: 16777216 op, 32646914.00 ns, 1.9459 ns/op
OverheadActual  15: 16777216 op, 30787202.00 ns, 1.8351 ns/op

WorkloadWarmup   1: 16777216 op, 927238668.00 ns, 55.2677 ns/op
WorkloadWarmup   2: 16777216 op, 928478015.00 ns, 55.3416 ns/op
WorkloadWarmup   3: 16777216 op, 927193112.00 ns, 55.2650 ns/op
WorkloadWarmup   4: 16777216 op, 948883363.00 ns, 56.5579 ns/op
WorkloadWarmup   5: 16777216 op, 927991899.00 ns, 55.3126 ns/op
WorkloadWarmup   6: 16777216 op, 926732077.00 ns, 55.2375 ns/op
WorkloadWarmup   7: 16777216 op, 926868610.00 ns, 55.2457 ns/op
WorkloadWarmup   8: 16777216 op, 927179703.00 ns, 55.2642 ns/op
WorkloadWarmup   9: 16777216 op, 930403583.00 ns, 55.4564 ns/op
WorkloadWarmup  10: 16777216 op, 927364158.00 ns, 55.2752 ns/op

// BeforeActualRun
WorkloadActual   1: 16777216 op, 934793870.00 ns, 55.7181 ns/op
WorkloadActual   2: 16777216 op, 929513064.00 ns, 55.4033 ns/op
WorkloadActual   3: 16777216 op, 926714482.00 ns, 55.2365 ns/op
WorkloadActual   4: 16777216 op, 928785526.00 ns, 55.3599 ns/op
WorkloadActual   5: 16777216 op, 928044816.00 ns, 55.3158 ns/op
WorkloadActual   6: 16777216 op, 927055155.00 ns, 55.2568 ns/op
WorkloadActual   7: 16777216 op, 927342603.00 ns, 55.2739 ns/op
WorkloadActual   8: 16777216 op, 929630102.00 ns, 55.4103 ns/op
WorkloadActual   9: 16777216 op, 926920283.00 ns, 55.2488 ns/op
WorkloadActual  10: 16777216 op, 927045658.00 ns, 55.2562 ns/op
WorkloadActual  11: 16777216 op, 926892120.00 ns, 55.2471 ns/op
WorkloadActual  12: 16777216 op, 928391855.00 ns, 55.3365 ns/op
WorkloadActual  13: 16777216 op, 927784970.00 ns, 55.3003 ns/op
WorkloadActual  14: 16777216 op, 933104875.00 ns, 55.6174 ns/op
WorkloadActual  15: 16777216 op, 930516279.00 ns, 55.4631 ns/op

// AfterActualRun
WorkloadResult   1: 16777216 op, 898460886.00 ns, 53.5524 ns/op
WorkloadResult   2: 16777216 op, 895662304.00 ns, 53.3856 ns/op
WorkloadResult   3: 16777216 op, 897733348.00 ns, 53.5091 ns/op
WorkloadResult   4: 16777216 op, 896992638.00 ns, 53.4649 ns/op
WorkloadResult   5: 16777216 op, 896002977.00 ns, 53.4059 ns/op
WorkloadResult   6: 16777216 op, 896290425.00 ns, 53.4231 ns/op
WorkloadResult   7: 16777216 op, 898577924.00 ns, 53.5594 ns/op
WorkloadResult   8: 16777216 op, 895868105.00 ns, 53.3979 ns/op
WorkloadResult   9: 16777216 op, 895993480.00 ns, 53.4054 ns/op
WorkloadResult  10: 16777216 op, 895839942.00 ns, 53.3962 ns/op
WorkloadResult  11: 16777216 op, 897339677.00 ns, 53.4856 ns/op
WorkloadResult  12: 16777216 op, 896732792.00 ns, 53.4494 ns/op
WorkloadResult  13: 16777216 op, 902052697.00 ns, 53.7665 ns/op
WorkloadResult  14: 16777216 op, 899464101.00 ns, 53.6122 ns/op
// GC:  0 0 0 0 16777216
// Threading:  0 0 16777216

// AfterAll
// Benchmark Process 3483 has exited with code 0.

Mean = 53.010 ns, StdErr = 0.093 ns (0.18%), N = 28, StdDev = 0.493 ns
Min = 52.470 ns, Q1 = 52.514 ns, Median = 53.023 ns, Q3 = 53.453 ns, Max = 53.767 ns
IQR = 0.939 ns, LowerFence = 51.106 ns, UpperFence = 54.862 ns
ConfidenceInterval = [52.666 ns; 53.354 ns] (CI 99.9%), Margin = 0.344 ns (0.65% of Mean)
Skewness = 0.05, Kurtosis = 1.06, MValue = 2

// ** Remained 16 (88.9 %) benchmark(s) to run. Estimated finish 2026-05-03 2:25 (0h 10m from now) **
// **************************
// Benchmark: MemoryCacheProviderBenchmarks.ExistsAsync_True: Job-NUBXJZ(IterationCount=20, WarmupCount=5)
// *** Execute ***
// Launch: 1 / 1
// Execute: dotnet Encina.Caching.Memory.Benchmarks-Job-NUBXJZ-1.dll --anonymousPipes 152 153 --benchmarkName Encina.Caching.Memory.Benchmarks.Benchmarks.MemoryCacheProviderBenchmarks.ExistsAsync_True --job "IterationCount=20, WarmupCount=5" --benchmarkId 2 in /home/runner/work/Encina/Encina/tests/Encina.BenchmarkTests/Encina.Caching.Memory.Benchmarks/bin/Release/net10.0/Encina.Caching.Memory.Benchmarks-Job-NUBXJZ-1/bin/Release/net10.0
// Failed to set up high priority (Permission denied). In order to run benchmarks with high priority, make sure you have the right permissions.
// BeforeAnythingElse

// Benchmark Process Environment Information:
// BenchmarkDotNet v0.15.8
// Runtime=.NET 10.0.7 (10.0.7, 10.0.726.21808), X64 RyuJIT x86-64-v3
// GC=Concurrent Workstation
// HardwareIntrinsics=AVX2+BMI1+BMI2+F16C+FMA+LZCNT+MOVBE,AVX,SSE3+SSSE3+SSE4.1+SSE4.2+POPCNT,X86Base+SSE+SSE2,AES+PCLMUL VectorSize=256
// Job: Job-NUBXJZ(IterationCount=20, WarmupCount=5)

OverheadJitting  1: 1 op, 219231.00 ns, 219.2310 us/op
WorkloadJitting  1: 1 op, 3601200.00 ns, 3.6012 ms/op

OverheadJitting  2: 16 op, 340758.00 ns, 21.2974 us/op
WorkloadJitting  2: 16 op, 350055.00 ns, 21.8784 us/op

WorkloadPilot    1: 16 op, 4448.00 ns, 278.0000 ns/op
WorkloadPilot    2: 32 op, 4037.00 ns, 126.1563 ns/op
WorkloadPilot    3: 64 op, 5861.00 ns, 91.5781 ns/op
WorkloadPilot    4: 128 op, 9868.00 ns, 77.0938 ns/op
WorkloadPilot    5: 256 op, 17753.00 ns, 69.3477 ns/op
WorkloadPilot    6: 512 op, 34264.00 ns, 66.9219 ns/op
WorkloadPilot    7: 1024 op, 69700.00 ns, 68.0664 ns/op
WorkloadPilot    8: 2048 op, 129993.00 ns, 63.4731 ns/op
WorkloadPilot    9: 4096 op, 259786.00 ns, 63.4243 ns/op
WorkloadPilot   10: 8192 op, 550851.00 ns, 67.2426 ns/op
WorkloadPilot   11: 16384 op, 1044355.00 ns, 63.7424 ns/op
WorkloadPilot   12: 32768 op, 2116261.00 ns, 64.5832 ns/op
WorkloadPilot   13: 65536 op, 4197566.00 ns, 64.0498 ns/op
WorkloadPilot   14: 131072 op, 8385314.00 ns, 63.9749 ns/op
WorkloadPilot   15: 262144 op, 16720486.00 ns, 63.7836 ns/op
WorkloadPilot   16: 524288 op, 33387745.00 ns, 63.6821 ns/op
WorkloadPilot   17: 1048576 op, 66722293.00 ns, 63.6313 ns/op
WorkloadPilot   18: 2097152 op, 133078171.00 ns, 63.4566 ns/op
WorkloadPilot   19: 4194304 op, 265696763.00 ns, 63.3470 ns/op
WorkloadPilot   20: 8388608 op, 531497575.00 ns, 63.3594 ns/op

OverheadWarmup   1: 8388608 op, 15505170.00 ns, 1.8484 ns/op
OverheadWarmup   2: 8388608 op, 15853713.00 ns, 1.8899 ns/op
OverheadWarmup   3: 8388608 op, 15498419.00 ns, 1.8476 ns/op
OverheadWarmup   4: 8388608 op, 15344389.00 ns, 1.8292 ns/op
OverheadWarmup   5: 8388608 op, 15378354.00 ns, 1.8332 ns/op
OverheadWarmup   6: 8388608 op, 15304635.00 ns, 1.8245 ns/op

OverheadActual   1: 8388608 op, 15685057.00 ns, 1.8698 ns/op
OverheadActual   2: 8388608 op, 15404202.00 ns, 1.8363 ns/op
OverheadActual   3: 8388608 op, 15446170.00 ns, 1.8413 ns/op
OverheadActual   4: 8388608 op, 15496424.00 ns, 1.8473 ns/op
OverheadActual   5: 8388608 op, 15901593.00 ns, 1.8956 ns/op
OverheadActual   6: 8388608 op, 16068235.00 ns, 1.9155 ns/op
OverheadActual   7: 8388608 op, 15349049.00 ns, 1.8297 ns/op
OverheadActual   8: 8388608 op, 15304365.00 ns, 1.8244 ns/op
OverheadActual   9: 8388608 op, 15330163.00 ns, 1.8275 ns/op
OverheadActual  10: 8388608 op, 15556447.00 ns, 1.8545 ns/op
OverheadActual  11: 8388608 op, 15303823.00 ns, 1.8244 ns/op
OverheadActual  12: 8388608 op, 15476216.00 ns, 1.8449 ns/op
OverheadActual  13: 8388608 op, 15326035.00 ns, 1.8270 ns/op
OverheadActual  14: 8388608 op, 15640123.00 ns, 1.8644 ns/op
OverheadActual  15: 8388608 op, 15812466.00 ns, 1.8850 ns/op

WorkloadWarmup   1: 8388608 op, 531262806.00 ns, 63.3315 ns/op
WorkloadWarmup   2: 8388608 op, 531367231.00 ns, 63.3439 ns/op
WorkloadWarmup   3: 8388608 op, 531436501.00 ns, 63.3522 ns/op
WorkloadWarmup   4: 8388608 op, 531160343.00 ns, 63.3192 ns/op
WorkloadWarmup   5: 8388608 op, 532134267.00 ns, 63.4353 ns/op

// BeforeActualRun
WorkloadActual   1: 8388608 op, 531378061.00 ns, 63.3452 ns/op
WorkloadActual   2: 8388608 op, 532083867.00 ns, 63.4293 ns/op
WorkloadActual   3: 8388608 op, 531082003.00 ns, 63.3099 ns/op
WorkloadActual   4: 8388608 op, 531215594.00 ns, 63.3258 ns/op
WorkloadActual   5: 8388608 op, 531014888.00 ns, 63.3019 ns/op
WorkloadActual   6: 8388608 op, 531600344.00 ns, 63.3717 ns/op
WorkloadActual   7: 8388608 op, 530833980.00 ns, 63.2803 ns/op
WorkloadActual   8: 8388608 op, 531157095.00 ns, 63.3189 ns/op
WorkloadActual   9: 8388608 op, 532176332.00 ns, 63.4404 ns/op
WorkloadActual  10: 8388608 op, 531007625.00 ns, 63.3010 ns/op
WorkloadActual  11: 8388608 op, 531722973.00 ns, 63.3863 ns/op
WorkloadActual  12: 8388608 op, 531780261.00 ns, 63.3931 ns/op
WorkloadActual  13: 8388608 op, 531732932.00 ns, 63.3875 ns/op
WorkloadActual  14: 8388608 op, 531588842.00 ns, 63.3703 ns/op
WorkloadActual  15: 8388608 op, 531708076.00 ns, 63.3845 ns/op
WorkloadActual  16: 8388608 op, 531317184.00 ns, 63.3379 ns/op
WorkloadActual  17: 8388608 op, 531665851.00 ns, 63.3795 ns/op
WorkloadActual  18: 8388608 op, 531300606.00 ns, 63.3360 ns/op
WorkloadActual  19: 8388608 op, 531264127.00 ns, 63.3316 ns/op
WorkloadActual  20: 8388608 op, 530719188.00 ns, 63.2667 ns/op

// AfterActualRun
WorkloadResult   1: 8388608 op, 515901845.00 ns, 61.5003 ns/op
WorkloadResult   2: 8388608 op, 516607651.00 ns, 61.5844 ns/op
WorkloadResult   3: 8388608 op, 515605787.00 ns, 61.4650 ns/op
WorkloadResult   4: 8388608 op, 515739378.00 ns, 61.4809 ns/op
WorkloadResult   5: 8388608 op, 515538672.00 ns, 61.4570 ns/op
WorkloadResult   6: 8388608 op, 516124128.00 ns, 61.5268 ns/op
WorkloadResult   7: 8388608 op, 515357764.00 ns, 61.4354 ns/op
WorkloadResult   8: 8388608 op, 515680879.00 ns, 61.4740 ns/op
WorkloadResult   9: 8388608 op, 516700116.00 ns, 61.5955 ns/op
WorkloadResult  10: 8388608 op, 515531409.00 ns, 61.4561 ns/op
WorkloadResult  11: 8388608 op, 516246757.00 ns, 61.5414 ns/op
WorkloadResult  12: 8388608 op, 516304045.00 ns, 61.5482 ns/op
WorkloadResult  13: 8388608 op, 516256716.00 ns, 61.5426 ns/op
WorkloadResult  14: 8388608 op, 516112626.00 ns, 61.5254 ns/op
WorkloadResult  15: 8388608 op, 516231860.00 ns, 61.5396 ns/op
WorkloadResult  16: 8388608 op, 515840968.00 ns, 61.4930 ns/op
WorkloadResult  17: 8388608 op, 516189635.00 ns, 61.5346 ns/op
WorkloadResult  18: 8388608 op, 515824390.00 ns, 61.4911 ns/op
WorkloadResult  19: 8388608 op, 515787911.00 ns, 61.4867 ns/op
WorkloadResult  20: 8388608 op, 515242972.00 ns, 61.4217 ns/op
// GC:  0 0 0 0 8388608
// Threading:  0 0 8388608

// AfterAll
// Benchmark Process 3497 has exited with code 0.

Mean = 61.505 ns, StdErr = 0.011 ns (0.02%), N = 20, StdDev = 0.047 ns
Min = 61.422 ns, Q1 = 61.472 ns, Median = 61.497 ns, Q3 = 61.540 ns, Max = 61.595 ns
IQR = 0.068 ns, LowerFence = 61.369 ns, UpperFence = 61.643 ns
ConfidenceInterval = [61.464 ns; 61.546 ns] (CI 99.9%), Margin = 0.041 ns (0.07% of Mean)
Skewness = 0.12, Kurtosis = 2.04, MValue = 2

// ** Remained 15 (83.3 %) benchmark(s) to run. Estimated finish 2026-05-03 2:22 (0h 7m from now) **
// **************************
// Benchmark: MemoryCacheProviderBenchmarks.ExistsAsync_True: MediumRun(IterationCount=15, LaunchCount=2, WarmupCount=10)
// *** Execute ***
// Launch: 1 / 2
// Execute: dotnet Encina.Caching.Memory.Benchmarks-Job-NUBXJZ-1.dll --anonymousPipes 152 153 --benchmarkName Encina.Caching.Memory.Benchmarks.Benchmarks.MemoryCacheProviderBenchmarks.ExistsAsync_True --job MediumRun --benchmarkId 3 in /home/runner/work/Encina/Encina/tests/Encina.BenchmarkTests/Encina.Caching.Memory.Benchmarks/bin/Release/net10.0/Encina.Caching.Memory.Benchmarks-Job-NUBXJZ-1/bin/Release/net10.0
// Failed to set up high priority (Permission denied). In order to run benchmarks with high priority, make sure you have the right permissions.
// BeforeAnythingElse

// Benchmark Process Environment Information:
// BenchmarkDotNet v0.15.8
// Runtime=.NET 10.0.7 (10.0.7, 10.0.726.21808), X64 RyuJIT x86-64-v3
// GC=Concurrent Workstation
// HardwareIntrinsics=AVX2+BMI1+BMI2+F16C+FMA+LZCNT+MOVBE,AVX,SSE3+SSSE3+SSE4.1+SSE4.2+POPCNT,X86Base+SSE+SSE2,AES+PCLMUL VectorSize=256
// Job: MediumRun(IterationCount=15, LaunchCount=2, WarmupCount=10)

OverheadJitting  1: 1 op, 209633.00 ns, 209.6330 us/op
WorkloadJitting  1: 1 op, 3606446.00 ns, 3.6064 ms/op

OverheadJitting  2: 16 op, 330178.00 ns, 20.6361 us/op
WorkloadJitting  2: 16 op, 354363.00 ns, 22.1477 us/op

WorkloadPilot    1: 16 op, 3567.00 ns, 222.9375 ns/op
WorkloadPilot    2: 32 op, 4018.00 ns, 125.5625 ns/op
WorkloadPilot    3: 64 op, 6082.00 ns, 95.0313 ns/op
WorkloadPilot    4: 128 op, 10410.00 ns, 81.3281 ns/op
WorkloadPilot    5: 256 op, 18324.00 ns, 71.5781 ns/op
WorkloadPilot    6: 512 op, 34465.00 ns, 67.3145 ns/op
WorkloadPilot    7: 1024 op, 67947.00 ns, 66.3545 ns/op
WorkloadPilot    8: 2048 op, 131426.00 ns, 64.1729 ns/op
WorkloadPilot    9: 4096 op, 260036.00 ns, 63.4854 ns/op
WorkloadPilot   10: 8192 op, 538538.00 ns, 65.7395 ns/op
WorkloadPilot   11: 16384 op, 1066696.00 ns, 65.1060 ns/op
WorkloadPilot   12: 32768 op, 2090660.00 ns, 63.8019 ns/op
WorkloadPilot   13: 65536 op, 4204826.00 ns, 64.1606 ns/op
WorkloadPilot   14: 131072 op, 8394433.00 ns, 64.0444 ns/op
WorkloadPilot   15: 262144 op, 16728402.00 ns, 63.8138 ns/op
WorkloadPilot   16: 524288 op, 33437488.00 ns, 63.7769 ns/op
WorkloadPilot   17: 1048576 op, 66918527.00 ns, 63.8185 ns/op
WorkloadPilot   18: 2097152 op, 133508299.00 ns, 63.6617 ns/op
WorkloadPilot   19: 4194304 op, 267391730.00 ns, 63.7512 ns/op
WorkloadPilot   20: 8388608 op, 534095453.00 ns, 63.6691 ns/op

OverheadWarmup   1: 8388608 op, 15449600.00 ns, 1.8417 ns/op
OverheadWarmup   2: 8388608 op, 15499252.00 ns, 1.8477 ns/op
OverheadWarmup   3: 8388608 op, 15639365.00 ns, 1.8644 ns/op
OverheadWarmup   4: 8388608 op, 15486188.00 ns, 1.8461 ns/op
OverheadWarmup   5: 8388608 op, 15483093.00 ns, 1.8457 ns/op
OverheadWarmup   6: 8388608 op, 15437026.00 ns, 1.8402 ns/op
OverheadWarmup   7: 8388608 op, 15435885.00 ns, 1.8401 ns/op
OverheadWarmup   8: 8388608 op, 15414684.00 ns, 1.8376 ns/op
OverheadWarmup   9: 8388608 op, 15490446.00 ns, 1.8466 ns/op
OverheadWarmup  10: 8388608 op, 15622754.00 ns, 1.8624 ns/op

OverheadActual   1: 8388608 op, 15538395.00 ns, 1.8523 ns/op
OverheadActual   2: 8388608 op, 15751855.00 ns, 1.8778 ns/op
OverheadActual   3: 8388608 op, 15404015.00 ns, 1.8363 ns/op
OverheadActual   4: 8388608 op, 15995190.00 ns, 1.9068 ns/op
OverheadActual   5: 8388608 op, 15464598.00 ns, 1.8435 ns/op
OverheadActual   6: 8388608 op, 15559676.00 ns, 1.8549 ns/op
OverheadActual   7: 8388608 op, 15746826.00 ns, 1.8772 ns/op
OverheadActual   8: 8388608 op, 15674310.00 ns, 1.8685 ns/op
OverheadActual   9: 8388608 op, 15508340.00 ns, 1.8487 ns/op
OverheadActual  10: 8388608 op, 15677927.00 ns, 1.8690 ns/op
OverheadActual  11: 8388608 op, 15518309.00 ns, 1.8499 ns/op
OverheadActual  12: 8388608 op, 15638163.00 ns, 1.8642 ns/op
OverheadActual  13: 8388608 op, 15531293.00 ns, 1.8515 ns/op
OverheadActual  14: 8388608 op, 15856631.00 ns, 1.8903 ns/op
OverheadActual  15: 8388608 op, 15511255.00 ns, 1.8491 ns/op

WorkloadWarmup   1: 8388608 op, 534964252.00 ns, 63.7727 ns/op
WorkloadWarmup   2: 8388608 op, 551218483.00 ns, 65.7104 ns/op
WorkloadWarmup   3: 8388608 op, 537335334.00 ns, 64.0554 ns/op
WorkloadWarmup   4: 8388608 op, 535911530.00 ns, 63.8856 ns/op
WorkloadWarmup   5: 8388608 op, 555593717.00 ns, 66.2319 ns/op
WorkloadWarmup   6: 8388608 op, 534952106.00 ns, 63.7713 ns/op
WorkloadWarmup   7: 8388608 op, 534443084.00 ns, 63.7106 ns/op
WorkloadWarmup   8: 8388608 op, 535434397.00 ns, 63.8288 ns/op
WorkloadWarmup   9: 8388608 op, 534608881.00 ns, 63.7303 ns/op
WorkloadWarmup  10: 8388608 op, 537000788.00 ns, 64.0155 ns/op

// BeforeActualRun
WorkloadActual   1: 8388608 op, 538219157.00 ns, 64.1607 ns/op
WorkloadActual   2: 8388608 op, 534259608.00 ns, 63.6887 ns/op
WorkloadActual   3: 8388608 op, 534643676.00 ns, 63.7345 ns/op
WorkloadActual   4: 8388608 op, 539511075.00 ns, 64.3147 ns/op
WorkloadActual   5: 8388608 op, 534947545.00 ns, 63.7707 ns/op
WorkloadActual   6: 8388608 op, 534131197.00 ns, 63.6734 ns/op
WorkloadActual   7: 8388608 op, 534360857.00 ns, 63.7008 ns/op
WorkloadActual   8: 8388608 op, 533300553.00 ns, 63.5744 ns/op
WorkloadActual   9: 8388608 op, 533704469.00 ns, 63.6225 ns/op
WorkloadActual  10: 8388608 op, 533383629.00 ns, 63.5843 ns/op
WorkloadActual  11: 8388608 op, 535287141.00 ns, 63.8112 ns/op
WorkloadActual  12: 8388608 op, 537809100.00 ns, 64.1118 ns/op
WorkloadActual  13: 8388608 op, 534355211.00 ns, 63.7001 ns/op
WorkloadActual  14: 8388608 op, 534780828.00 ns, 63.7508 ns/op
WorkloadActual  15: 8388608 op, 534792269.00 ns, 63.7522 ns/op

// AfterActualRun
WorkloadResult   1: 8388608 op, 518699932.00 ns, 61.8339 ns/op
WorkloadResult   2: 8388608 op, 519084000.00 ns, 61.8796 ns/op
WorkloadResult   3: 8388608 op, 519387869.00 ns, 61.9159 ns/op
WorkloadResult   4: 8388608 op, 518571521.00 ns, 61.8185 ns/op
WorkloadResult   5: 8388608 op, 518801181.00 ns, 61.8459 ns/op
WorkloadResult   6: 8388608 op, 517740877.00 ns, 61.7195 ns/op
WorkloadResult   7: 8388608 op, 518144793.00 ns, 61.7677 ns/op
WorkloadResult   8: 8388608 op, 517823953.00 ns, 61.7294 ns/op
WorkloadResult   9: 8388608 op, 519727465.00 ns, 61.9563 ns/op
WorkloadResult  10: 8388608 op, 518795535.00 ns, 61.8452 ns/op
WorkloadResult  11: 8388608 op, 519221152.00 ns, 61.8960 ns/op
WorkloadResult  12: 8388608 op, 519232593.00 ns, 61.8973 ns/op
// GC:  0 0 0 0 8388608
// Threading:  0 0 8388608

// AfterAll
// Benchmark Process 3509 has exited with code 0.
// Launch: 2 / 2
// Execute: dotnet Encina.Caching.Memory.Benchmarks-Job-NUBXJZ-1.dll --anonymousPipes 152 153 --benchmarkName Encina.Caching.Memory.Benchmarks.Benchmarks.MemoryCacheProviderBenchmarks.ExistsAsync_True --job MediumRun --benchmarkId 3 in /home/runner/work/Encina/Encina/tests/Encina.BenchmarkTests/Encina.Caching.Memory.Benchmarks/bin/Release/net10.0/Encina.Caching.Memory.Benchmarks-Job-NUBXJZ-1/bin/Release/net10.0
// Failed to set up high priority (Permission denied). In order to run benchmarks with high priority, make sure you have the right permissions.
// BeforeAnythingElse

// Benchmark Process Environment Information:
// BenchmarkDotNet v0.15.8
// Runtime=.NET 10.0.7 (10.0.7, 10.0.726.21808), X64 RyuJIT x86-64-v3
// GC=Concurrent Workstation
// HardwareIntrinsics=AVX2+BMI1+BMI2+F16C+FMA+LZCNT+MOVBE,AVX,SSE3+SSSE3+SSE4.1+SSE4.2+POPCNT,X86Base+SSE+SSE2,AES+PCLMUL VectorSize=256
// Job: MediumRun(IterationCount=15, LaunchCount=2, WarmupCount=10)

OverheadJitting  1: 1 op, 209402.00 ns, 209.4020 us/op
WorkloadJitting  1: 1 op, 3552789.00 ns, 3.5528 ms/op

OverheadJitting  2: 16 op, 330198.00 ns, 20.6374 us/op
WorkloadJitting  2: 16 op, 353702.00 ns, 22.1064 us/op

WorkloadPilot    1: 16 op, 2916.00 ns, 182.2500 ns/op
WorkloadPilot    2: 32 op, 3827.00 ns, 119.5938 ns/op
WorkloadPilot    3: 64 op, 5882.00 ns, 91.9063 ns/op
WorkloadPilot    4: 128 op, 9889.00 ns, 77.2578 ns/op
WorkloadPilot    5: 256 op, 17723.00 ns, 69.2305 ns/op
WorkloadPilot    6: 512 op, 33724.00 ns, 65.8672 ns/op
WorkloadPilot    7: 1024 op, 65723.00 ns, 64.1826 ns/op
WorkloadPilot    8: 2048 op, 130053.00 ns, 63.5024 ns/op
WorkloadPilot    9: 4096 op, 259395.00 ns, 63.3289 ns/op
WorkloadPilot   10: 8192 op, 514182.00 ns, 62.7664 ns/op
WorkloadPilot   11: 16384 op, 1038062.00 ns, 63.3583 ns/op
WorkloadPilot   12: 32768 op, 2109678.00 ns, 64.3823 ns/op
WorkloadPilot   13: 65536 op, 4171657.00 ns, 63.6544 ns/op
WorkloadPilot   14: 131072 op, 8348503.00 ns, 63.6940 ns/op
WorkloadPilot   15: 262144 op, 16762478.00 ns, 63.9438 ns/op
WorkloadPilot   16: 524288 op, 33295236.00 ns, 63.5056 ns/op
WorkloadPilot   17: 1048576 op, 66264002.00 ns, 63.1943 ns/op
WorkloadPilot   18: 2097152 op, 132453525.00 ns, 63.1588 ns/op
WorkloadPilot   19: 4194304 op, 265401006.00 ns, 63.2765 ns/op
WorkloadPilot   20: 8388608 op, 530360426.00 ns, 63.2239 ns/op

OverheadWarmup   1: 8388608 op, 15720138.00 ns, 1.8740 ns/op
OverheadWarmup   2: 8388608 op, 15455142.00 ns, 1.8424 ns/op
OverheadWarmup   3: 8388608 op, 15717132.00 ns, 1.8736 ns/op
OverheadWarmup   4: 8388608 op, 15486581.00 ns, 1.8461 ns/op
OverheadWarmup   5: 8388608 op, 15411691.00 ns, 1.8372 ns/op
OverheadWarmup   6: 8388608 op, 15361616.00 ns, 1.8312 ns/op
OverheadWarmup   7: 8388608 op, 15471412.00 ns, 1.8443 ns/op
OverheadWarmup   8: 8388608 op, 15295363.00 ns, 1.8233 ns/op

OverheadActual   1: 8388608 op, 15513752.00 ns, 1.8494 ns/op
OverheadActual   2: 8388608 op, 15771875.00 ns, 1.8802 ns/op
OverheadActual   3: 8388608 op, 15307055.00 ns, 1.8247 ns/op
OverheadActual   4: 8388608 op, 15383839.00 ns, 1.8339 ns/op
OverheadActual   5: 8388608 op, 15398395.00 ns, 1.8356 ns/op
OverheadActual   6: 8388608 op, 15351909.00 ns, 1.8301 ns/op
OverheadActual   7: 8388608 op, 16308429.00 ns, 1.9441 ns/op
OverheadActual   8: 8388608 op, 15450894.00 ns, 1.8419 ns/op
OverheadActual   9: 8388608 op, 15519332.00 ns, 1.8500 ns/op
OverheadActual  10: 8388608 op, 15849901.00 ns, 1.8895 ns/op
OverheadActual  11: 8388608 op, 15539199.00 ns, 1.8524 ns/op
OverheadActual  12: 8388608 op, 15646931.00 ns, 1.8653 ns/op
OverheadActual  13: 8388608 op, 15466413.00 ns, 1.8437 ns/op
OverheadActual  14: 8388608 op, 15373939.00 ns, 1.8327 ns/op
OverheadActual  15: 8388608 op, 15526736.00 ns, 1.8509 ns/op

WorkloadWarmup   1: 8388608 op, 530366046.00 ns, 63.2246 ns/op
WorkloadWarmup   2: 8388608 op, 533554142.00 ns, 63.6046 ns/op
WorkloadWarmup   3: 8388608 op, 532055779.00 ns, 63.4260 ns/op
WorkloadWarmup   4: 8388608 op, 536450092.00 ns, 63.9498 ns/op
WorkloadWarmup   5: 8388608 op, 531298271.00 ns, 63.3357 ns/op
WorkloadWarmup   6: 8388608 op, 574397806.00 ns, 68.4736 ns/op
WorkloadWarmup   7: 8388608 op, 530305794.00 ns, 63.2174 ns/op
WorkloadWarmup   8: 8388608 op, 530773990.00 ns, 63.2732 ns/op
WorkloadWarmup   9: 8388608 op, 531781424.00 ns, 63.3933 ns/op
WorkloadWarmup  10: 8388608 op, 530573905.00 ns, 63.2493 ns/op

// BeforeActualRun
WorkloadActual   1: 8388608 op, 547519205.00 ns, 65.2694 ns/op
WorkloadActual   2: 8388608 op, 537606705.00 ns, 64.0877 ns/op
WorkloadActual   3: 8388608 op, 529986185.00 ns, 63.1793 ns/op
WorkloadActual   4: 8388608 op, 533196393.00 ns, 63.5620 ns/op
WorkloadActual   5: 8388608 op, 530367929.00 ns, 63.2248 ns/op
WorkloadActual   6: 8388608 op, 531199936.00 ns, 63.3240 ns/op
WorkloadActual   7: 8388608 op, 530297909.00 ns, 63.2164 ns/op
WorkloadActual   8: 8388608 op, 530356171.00 ns, 63.2234 ns/op
WorkloadActual   9: 8388608 op, 530890377.00 ns, 63.2871 ns/op
WorkloadActual  10: 8388608 op, 535794785.00 ns, 63.8717 ns/op
WorkloadActual  11: 8388608 op, 530111330.00 ns, 63.1942 ns/op
WorkloadActual  12: 8388608 op, 529663221.00 ns, 63.1408 ns/op
WorkloadActual  13: 8388608 op, 530197099.00 ns, 63.2044 ns/op
WorkloadActual  14: 8388608 op, 539588348.00 ns, 64.3239 ns/op
WorkloadActual  15: 8388608 op, 531217183.00 ns, 63.3260 ns/op

// AfterActualRun
WorkloadResult   1: 8388608 op, 522092953.00 ns, 62.2383 ns/op
WorkloadResult   2: 8388608 op, 514472433.00 ns, 61.3299 ns/op
WorkloadResult   3: 8388608 op, 517682641.00 ns, 61.7126 ns/op
WorkloadResult   4: 8388608 op, 514854177.00 ns, 61.3754 ns/op
WorkloadResult   5: 8388608 op, 515686184.00 ns, 61.4746 ns/op
WorkloadResult   6: 8388608 op, 514784157.00 ns, 61.3671 ns/op
WorkloadResult   7: 8388608 op, 514842419.00 ns, 61.3740 ns/op
WorkloadResult   8: 8388608 op, 515376625.00 ns, 61.4377 ns/op
WorkloadResult   9: 8388608 op, 520281033.00 ns, 62.0223 ns/op
WorkloadResult  10: 8388608 op, 514597578.00 ns, 61.3448 ns/op
WorkloadResult  11: 8388608 op, 514149469.00 ns, 61.2914 ns/op
WorkloadResult  12: 8388608 op, 514683347.00 ns, 61.3550 ns/op
WorkloadResult  13: 8388608 op, 524074596.00 ns, 62.4746 ns/op
WorkloadResult  14: 8388608 op, 515703431.00 ns, 61.4766 ns/op
// GC:  0 0 0 0 8388608
// Threading:  0 0 8388608

// AfterAll
// Benchmark Process 3523 has exited with code 0.

Mean = 61.707 ns, StdErr = 0.060 ns (0.10%), N = 26, StdDev = 0.306 ns
Min = 61.291 ns, Q1 = 61.391 ns, Median = 61.749 ns, Q3 = 61.892 ns, Max = 62.475 ns
IQR = 0.501 ns, LowerFence = 60.640 ns, UpperFence = 62.643 ns
ConfidenceInterval = [61.484 ns; 61.930 ns] (CI 99.9%), Margin = 0.223 ns (0.36% of Mean)
Skewness = 0.42, Kurtosis = 2.55, MValue = 2

// ** Remained 14 (77.8 %) benchmark(s) to run. Estimated finish 2026-05-03 2:22 (0h 7m from now) **
// **************************
// Benchmark: MemoryCacheProviderBenchmarks.GetAsync_CacheHit: Job-NUBXJZ(IterationCount=20, WarmupCount=5)
// *** Execute ***
// Launch: 1 / 1
// Execute: dotnet Encina.Caching.Memory.Benchmarks-Job-NUBXJZ-1.dll --anonymousPipes 152 153 --benchmarkName Encina.Caching.Memory.Benchmarks.Benchmarks.MemoryCacheProviderBenchmarks.GetAsync_CacheHit --job "IterationCount=20, WarmupCount=5" --benchmarkId 4 in /home/runner/work/Encina/Encina/tests/Encina.BenchmarkTests/Encina.Caching.Memory.Benchmarks/bin/Release/net10.0/Encina.Caching.Memory.Benchmarks-Job-NUBXJZ-1/bin/Release/net10.0
// Failed to set up high priority (Permission denied). In order to run benchmarks with high priority, make sure you have the right permissions.
// BeforeAnythingElse

// Benchmark Process Environment Information:
// BenchmarkDotNet v0.15.8
// Runtime=.NET 10.0.7 (10.0.7, 10.0.726.21808), X64 RyuJIT x86-64-v3
// GC=Concurrent Workstation
// HardwareIntrinsics=AVX2+BMI1+BMI2+F16C+FMA+LZCNT+MOVBE,AVX,SSE3+SSSE3+SSE4.1+SSE4.2+POPCNT,X86Base+SSE+SSE2,AES+PCLMUL VectorSize=256
// Job: Job-NUBXJZ(IterationCount=20, WarmupCount=5)

OverheadJitting  1: 1 op, 235130.00 ns, 235.1300 us/op
WorkloadJitting  1: 1 op, 4139256.00 ns, 4.1393 ms/op

OverheadJitting  2: 16 op, 543437.00 ns, 33.9648 us/op
WorkloadJitting  2: 16 op, 503182.00 ns, 31.4489 us/op

WorkloadPilot    1: 16 op, 7294.00 ns, 455.8750 ns/op
WorkloadPilot    2: 32 op, 25117.00 ns, 784.9063 ns/op
WorkloadPilot    3: 64 op, 31078.00 ns, 485.5938 ns/op
WorkloadPilot    4: 128 op, 46968.00 ns, 366.9375 ns/op
WorkloadPilot    5: 256 op, 70943.00 ns, 277.1211 ns/op
WorkloadPilot    6: 512 op, 110467.00 ns, 215.7559 ns/op
WorkloadPilot    7: 1024 op, 226324.00 ns, 221.0195 ns/op
WorkloadPilot    8: 2048 op, 282709.00 ns, 138.0415 ns/op
WorkloadPilot    9: 4096 op, 613378.00 ns, 149.7505 ns/op
WorkloadPilot   10: 8192 op, 1248667.00 ns, 152.4252 ns/op
WorkloadPilot   11: 16384 op, 2465654.00 ns, 150.4916 ns/op
WorkloadPilot   12: 32768 op, 4810512.00 ns, 146.8052 ns/op
WorkloadPilot   13: 65536 op, 9483908.00 ns, 144.7130 ns/op
WorkloadPilot   14: 131072 op, 17159781.00 ns, 130.9187 ns/op
WorkloadPilot   15: 262144 op, 23511377.00 ns, 89.6888 ns/op
WorkloadPilot   16: 524288 op, 49071209.00 ns, 93.5959 ns/op
WorkloadPilot   17: 1048576 op, 92662783.00 ns, 88.3701 ns/op
WorkloadPilot   18: 2097152 op, 183967804.00 ns, 87.7227 ns/op
WorkloadPilot   19: 4194304 op, 366203487.00 ns, 87.3097 ns/op
WorkloadPilot   20: 8388608 op, 744403514.00 ns, 88.7398 ns/op

OverheadWarmup   1: 8388608 op, 27752314.00 ns, 3.3083 ns/op
OverheadWarmup   2: 8388608 op, 27911141.00 ns, 3.3273 ns/op
OverheadWarmup   3: 8388608 op, 28370801.00 ns, 3.3821 ns/op
OverheadWarmup   4: 8388608 op, 27894229.00 ns, 3.3253 ns/op
OverheadWarmup   5: 8388608 op, 27747594.00 ns, 3.3078 ns/op
OverheadWarmup   6: 8388608 op, 27846029.00 ns, 3.3195 ns/op
OverheadWarmup   7: 8388608 op, 27777069.00 ns, 3.3113 ns/op

OverheadActual   1: 8388608 op, 27740091.00 ns, 3.3069 ns/op
OverheadActual   2: 8388608 op, 28302904.00 ns, 3.3740 ns/op
OverheadActual   3: 8388608 op, 27768254.00 ns, 3.3102 ns/op
OverheadActual   4: 8388608 op, 27777952.00 ns, 3.3114 ns/op
OverheadActual   5: 8388608 op, 27863161.00 ns, 3.3215 ns/op
OverheadActual   6: 8388608 op, 27858392.00 ns, 3.3210 ns/op
OverheadActual   7: 8388608 op, 27806876.00 ns, 3.3148 ns/op
OverheadActual   8: 8388608 op, 27904379.00 ns, 3.3265 ns/op
OverheadActual   9: 8388608 op, 27780426.00 ns, 3.3117 ns/op
OverheadActual  10: 8388608 op, 28026296.00 ns, 3.3410 ns/op
OverheadActual  11: 8388608 op, 27759528.00 ns, 3.3092 ns/op
OverheadActual  12: 8388608 op, 27752515.00 ns, 3.3084 ns/op
OverheadActual  13: 8388608 op, 27836982.00 ns, 3.3184 ns/op
OverheadActual  14: 8388608 op, 27752083.00 ns, 3.3083 ns/op
OverheadActual  15: 8388608 op, 27753406.00 ns, 3.3085 ns/op

WorkloadWarmup   1: 8388608 op, 742917027.00 ns, 88.5626 ns/op
WorkloadWarmup   2: 8388608 op, 747565071.00 ns, 89.1167 ns/op
WorkloadWarmup   3: 8388608 op, 748141971.00 ns, 89.1855 ns/op
WorkloadWarmup   4: 8388608 op, 725496674.00 ns, 86.4859 ns/op
WorkloadWarmup   5: 8388608 op, 727924506.00 ns, 86.7754 ns/op

// BeforeActualRun
WorkloadActual   1: 8388608 op, 738737064.00 ns, 88.0643 ns/op
WorkloadActual   2: 8388608 op, 731162380.00 ns, 87.1613 ns/op
WorkloadActual   3: 8388608 op, 739961244.00 ns, 88.2103 ns/op
WorkloadActual   4: 8388608 op, 741112458.00 ns, 88.3475 ns/op
WorkloadActual   5: 8388608 op, 743799497.00 ns, 88.6678 ns/op
WorkloadActual   6: 8388608 op, 737553489.00 ns, 87.9232 ns/op
WorkloadActual   7: 8388608 op, 747293745.00 ns, 89.0844 ns/op
WorkloadActual   8: 8388608 op, 757836173.00 ns, 90.3411 ns/op
WorkloadActual   9: 8388608 op, 753162859.00 ns, 89.7840 ns/op
WorkloadActual  10: 8388608 op, 752799508.00 ns, 89.7407 ns/op
WorkloadActual  11: 8388608 op, 759911968.00 ns, 90.5886 ns/op
WorkloadActual  12: 8388608 op, 746637412.00 ns, 89.0061 ns/op
WorkloadActual  13: 8388608 op, 739804796.00 ns, 88.1916 ns/op
WorkloadActual  14: 8388608 op, 740809106.00 ns, 88.3113 ns/op
WorkloadActual  15: 8388608 op, 743362053.00 ns, 88.6157 ns/op
WorkloadActual  16: 8388608 op, 733913862.00 ns, 87.4894 ns/op
WorkloadActual  17: 8388608 op, 734157549.00 ns, 87.5184 ns/op
WorkloadActual  18: 8388608 op, 736376481.00 ns, 87.7829 ns/op
WorkloadActual  19: 8388608 op, 741844634.00 ns, 88.4348 ns/op
WorkloadActual  20: 8388608 op, 739626342.00 ns, 88.1703 ns/op

// AfterActualRun
WorkloadResult   1: 8388608 op, 710956638.00 ns, 84.7526 ns/op
WorkloadResult   2: 8388608 op, 703381954.00 ns, 83.8497 ns/op
WorkloadResult   3: 8388608 op, 712180818.00 ns, 84.8986 ns/op
WorkloadResult   4: 8388608 op, 713332032.00 ns, 85.0358 ns/op
WorkloadResult   5: 8388608 op, 716019071.00 ns, 85.3561 ns/op
WorkloadResult   6: 8388608 op, 709773063.00 ns, 84.6115 ns/op
WorkloadResult   7: 8388608 op, 719513319.00 ns, 85.7727 ns/op
WorkloadResult   8: 8388608 op, 730055747.00 ns, 87.0294 ns/op
WorkloadResult   9: 8388608 op, 725382433.00 ns, 86.4723 ns/op
WorkloadResult  10: 8388608 op, 725019082.00 ns, 86.4290 ns/op
WorkloadResult  11: 8388608 op, 718856986.00 ns, 85.6944 ns/op
WorkloadResult  12: 8388608 op, 712024370.00 ns, 84.8799 ns/op
WorkloadResult  13: 8388608 op, 713028680.00 ns, 84.9996 ns/op
WorkloadResult  14: 8388608 op, 715581627.00 ns, 85.3040 ns/op
WorkloadResult  15: 8388608 op, 706133436.00 ns, 84.1777 ns/op
WorkloadResult  16: 8388608 op, 706377123.00 ns, 84.2067 ns/op
WorkloadResult  17: 8388608 op, 708596055.00 ns, 84.4712 ns/op
WorkloadResult  18: 8388608 op, 714064208.00 ns, 85.1231 ns/op
WorkloadResult  19: 8388608 op, 711845916.00 ns, 84.8586 ns/op
// GC:  72 0 0 1207959552 8388608
// Threading:  0 0 8388608

// AfterAll
// Benchmark Process 3561 has exited with code 0.

Mean = 85.154 ns, StdErr = 0.190 ns (0.22%), N = 19, StdDev = 0.829 ns
Min = 83.850 ns, Q1 = 84.682 ns, Median = 85.000 ns, Q3 = 85.525 ns, Max = 87.029 ns
IQR = 0.843 ns, LowerFence = 83.417 ns, UpperFence = 86.790 ns
ConfidenceInterval = [84.408 ns; 85.899 ns] (CI 99.9%), Margin = 0.745 ns (0.88% of Mean)
Skewness = 0.63, Kurtosis = 2.59, MValue = 2

// ** Remained 13 (72.2 %) benchmark(s) to run. Estimated finish 2026-05-03 2:22 (0h 6m from now) **
// **************************
// Benchmark: MemoryCacheProviderBenchmarks.GetAsync_CacheHit: MediumRun(IterationCount=15, LaunchCount=2, WarmupCount=10)
// *** Execute ***
// Launch: 1 / 2
// Execute: dotnet Encina.Caching.Memory.Benchmarks-Job-NUBXJZ-1.dll --anonymousPipes 152 153 --benchmarkName Encina.Caching.Memory.Benchmarks.Benchmarks.MemoryCacheProviderBenchmarks.GetAsync_CacheHit --job MediumRun --benchmarkId 5 in /home/runner/work/Encina/Encina/tests/Encina.BenchmarkTests/Encina.Caching.Memory.Benchmarks/bin/Release/net10.0/Encina.Caching.Memory.Benchmarks-Job-NUBXJZ-1/bin/Release/net10.0
// Failed to set up high priority (Permission denied). In order to run benchmarks with high priority, make sure you have the right permissions.
// BeforeAnythingElse

// Benchmark Process Environment Information:
// BenchmarkDotNet v0.15.8
// Runtime=.NET 10.0.7 (10.0.7, 10.0.726.21808), X64 RyuJIT x86-64-v3
// GC=Concurrent Workstation
// HardwareIntrinsics=AVX2+BMI1+BMI2+F16C+FMA+LZCNT+MOVBE,AVX,SSE3+SSSE3+SSE4.1+SSE4.2+POPCNT,X86Base+SSE+SSE2,AES+PCLMUL VectorSize=256
// Job: MediumRun(IterationCount=15, LaunchCount=2, WarmupCount=10)

OverheadJitting  1: 1 op, 250398.00 ns, 250.3980 us/op
WorkloadJitting  1: 1 op, 3982372.00 ns, 3.9824 ms/op

OverheadJitting  2: 16 op, 470219.00 ns, 29.3887 us/op
WorkloadJitting  2: 16 op, 518921.00 ns, 32.4326 us/op

WorkloadPilot    1: 16 op, 4619.00 ns, 288.6875 ns/op
WorkloadPilot    2: 32 op, 21270.00 ns, 664.6875 ns/op
WorkloadPilot    3: 64 op, 23283.00 ns, 363.7969 ns/op
WorkloadPilot    4: 128 op, 32241.00 ns, 251.8828 ns/op
WorkloadPilot    5: 256 op, 57288.00 ns, 223.7813 ns/op
WorkloadPilot    6: 512 op, 87013.00 ns, 169.9473 ns/op
WorkloadPilot    7: 1024 op, 177553.00 ns, 173.3916 ns/op
WorkloadPilot    8: 2048 op, 352449.00 ns, 172.0942 ns/op
WorkloadPilot    9: 4096 op, 567862.00 ns, 138.6382 ns/op
WorkloadPilot   10: 8192 op, 1183945.00 ns, 144.5245 ns/op
WorkloadPilot   11: 16384 op, 2043654.00 ns, 124.7347 ns/op
WorkloadPilot   12: 32768 op, 4981181.00 ns, 152.0136 ns/op
WorkloadPilot   13: 65536 op, 8995673.00 ns, 137.2631 ns/op
WorkloadPilot   14: 131072 op, 17295295.00 ns, 131.9526 ns/op
WorkloadPilot   15: 262144 op, 23368669.00 ns, 89.1444 ns/op
WorkloadPilot   16: 524288 op, 47543046.00 ns, 90.6812 ns/op
WorkloadPilot   17: 1048576 op, 92163094.00 ns, 87.8936 ns/op
WorkloadPilot   18: 2097152 op, 187852436.00 ns, 89.5750 ns/op
WorkloadPilot   19: 4194304 op, 374542839.00 ns, 89.2980 ns/op
WorkloadPilot   20: 8388608 op, 733563863.00 ns, 87.4476 ns/op

OverheadWarmup   1: 8388608 op, 27777308.00 ns, 3.3113 ns/op
OverheadWarmup   2: 8388608 op, 27825709.00 ns, 3.3171 ns/op
OverheadWarmup   3: 8388608 op, 27869220.00 ns, 3.3223 ns/op
OverheadWarmup   4: 8388608 op, 27739137.00 ns, 3.3068 ns/op
OverheadWarmup   5: 8388608 op, 27753995.00 ns, 3.3085 ns/op
OverheadWarmup   6: 8388608 op, 27799490.00 ns, 3.3140 ns/op
OverheadWarmup   7: 8388608 op, 27749035.00 ns, 3.3079 ns/op

OverheadActual   1: 8388608 op, 27961353.00 ns, 3.3333 ns/op
OverheadActual   2: 8388608 op, 27760438.00 ns, 3.3093 ns/op
OverheadActual   3: 8388608 op, 27866676.00 ns, 3.3220 ns/op
OverheadActual   4: 8388608 op, 27796214.00 ns, 3.3136 ns/op
OverheadActual   5: 8388608 op, 27802375.00 ns, 3.3143 ns/op
OverheadActual   6: 8388608 op, 27764414.00 ns, 3.3098 ns/op
OverheadActual   7: 8388608 op, 27766308.00 ns, 3.3100 ns/op
OverheadActual   8: 8388608 op, 27801865.00 ns, 3.3142 ns/op
OverheadActual   9: 8388608 op, 27923573.00 ns, 3.3287 ns/op
OverheadActual  10: 8388608 op, 27749166.00 ns, 3.3080 ns/op
OverheadActual  11: 8388608 op, 27741472.00 ns, 3.3070 ns/op
OverheadActual  12: 8388608 op, 27851968.00 ns, 3.3202 ns/op
OverheadActual  13: 8388608 op, 28212393.00 ns, 3.3632 ns/op
OverheadActual  14: 8388608 op, 27780685.00 ns, 3.3117 ns/op
OverheadActual  15: 8388608 op, 27795122.00 ns, 3.3134 ns/op

WorkloadWarmup   1: 8388608 op, 748450479.00 ns, 89.2222 ns/op
WorkloadWarmup   2: 8388608 op, 745895068.00 ns, 88.9176 ns/op
WorkloadWarmup   3: 8388608 op, 732853042.00 ns, 87.3629 ns/op
WorkloadWarmup   4: 8388608 op, 734536392.00 ns, 87.5636 ns/op
WorkloadWarmup   5: 8388608 op, 731107385.00 ns, 87.1548 ns/op
WorkloadWarmup   6: 8388608 op, 742332244.00 ns, 88.4929 ns/op
WorkloadWarmup   7: 8388608 op, 731489491.00 ns, 87.2003 ns/op
WorkloadWarmup   8: 8388608 op, 730748257.00 ns, 87.1120 ns/op
WorkloadWarmup   9: 8388608 op, 728230372.00 ns, 86.8118 ns/op
WorkloadWarmup  10: 8388608 op, 735243471.00 ns, 87.6479 ns/op

// BeforeActualRun
WorkloadActual   1: 8388608 op, 736067202.00 ns, 87.7460 ns/op
WorkloadActual   2: 8388608 op, 727451165.00 ns, 86.7189 ns/op
WorkloadActual   3: 8388608 op, 727109347.00 ns, 86.6782 ns/op
WorkloadActual   4: 8388608 op, 722572880.00 ns, 86.1374 ns/op
WorkloadActual   5: 8388608 op, 725758058.00 ns, 86.5171 ns/op
WorkloadActual   6: 8388608 op, 726680253.00 ns, 86.6270 ns/op
WorkloadActual   7: 8388608 op, 728792074.00 ns, 86.8788 ns/op
WorkloadActual   8: 8388608 op, 728190398.00 ns, 86.8071 ns/op
WorkloadActual   9: 8388608 op, 725744944.00 ns, 86.5155 ns/op
WorkloadActual  10: 8388608 op, 726766353.00 ns, 86.6373 ns/op
WorkloadActual  11: 8388608 op, 725284816.00 ns, 86.4607 ns/op
WorkloadActual  12: 8388608 op, 726923893.00 ns, 86.6561 ns/op
WorkloadActual  13: 8388608 op, 730854878.00 ns, 87.1247 ns/op
WorkloadActual  14: 8388608 op, 728806555.00 ns, 86.8805 ns/op
WorkloadActual  15: 8388608 op, 736735352.00 ns, 87.8257 ns/op

// AfterActualRun
WorkloadResult   1: 8388608 op, 699654951.00 ns, 83.4054 ns/op
WorkloadResult   2: 8388608 op, 699313133.00 ns, 83.3646 ns/op
WorkloadResult   3: 8388608 op, 694776666.00 ns, 82.8238 ns/op
WorkloadResult   4: 8388608 op, 697961844.00 ns, 83.2035 ns/op
WorkloadResult   5: 8388608 op, 698884039.00 ns, 83.3135 ns/op
WorkloadResult   6: 8388608 op, 700995860.00 ns, 83.5652 ns/op
WorkloadResult   7: 8388608 op, 700394184.00 ns, 83.4935 ns/op
WorkloadResult   8: 8388608 op, 697948730.00 ns, 83.2020 ns/op
WorkloadResult   9: 8388608 op, 698970139.00 ns, 83.3237 ns/op
WorkloadResult  10: 8388608 op, 697488602.00 ns, 83.1471 ns/op
WorkloadResult  11: 8388608 op, 699127679.00 ns, 83.3425 ns/op
WorkloadResult  12: 8388608 op, 703058664.00 ns, 83.8111 ns/op
WorkloadResult  13: 8388608 op, 701010341.00 ns, 83.5669 ns/op
// GC:  72 0 0 1207959552 8388608
// Threading:  0 0 8388608

// AfterAll
// Benchmark Process 3573 has exited with code 0.
// Launch: 2 / 2
// Execute: dotnet Encina.Caching.Memory.Benchmarks-Job-NUBXJZ-1.dll --anonymousPipes 152 153 --benchmarkName Encina.Caching.Memory.Benchmarks.Benchmarks.MemoryCacheProviderBenchmarks.GetAsync_CacheHit --job MediumRun --benchmarkId 5 in /home/runner/work/Encina/Encina/tests/Encina.BenchmarkTests/Encina.Caching.Memory.Benchmarks/bin/Release/net10.0/Encina.Caching.Memory.Benchmarks-Job-NUBXJZ-1/bin/Release/net10.0
// Failed to set up high priority (Permission denied). In order to run benchmarks with high priority, make sure you have the right permissions.
// BeforeAnythingElse

// Benchmark Process Environment Information:
// BenchmarkDotNet v0.15.8
// Runtime=.NET 10.0.7 (10.0.7, 10.0.726.21808), X64 RyuJIT x86-64-v3
// GC=Concurrent Workstation
// HardwareIntrinsics=AVX2+BMI1+BMI2+F16C+FMA+LZCNT+MOVBE,AVX,SSE3+SSSE3+SSE4.1+SSE4.2+POPCNT,X86Base+SSE+SSE2,AES+PCLMUL VectorSize=256
// Job: MediumRun(IterationCount=15, LaunchCount=2, WarmupCount=10)

OverheadJitting  1: 1 op, 230502.00 ns, 230.5020 us/op
WorkloadJitting  1: 1 op, 3979497.00 ns, 3.9795 ms/op

OverheadJitting  2: 16 op, 452547.00 ns, 28.2842 us/op
WorkloadJitting  2: 16 op, 515114.00 ns, 32.1946 us/op

WorkloadPilot    1: 16 op, 6442.00 ns, 402.6250 ns/op
WorkloadPilot    2: 32 op, 26039.00 ns, 813.7188 ns/op
WorkloadPilot    3: 64 op, 29135.00 ns, 455.2344 ns/op
WorkloadPilot    4: 128 op, 48821.00 ns, 381.4141 ns/op
WorkloadPilot    5: 256 op, 69300.00 ns, 270.7031 ns/op
WorkloadPilot    6: 512 op, 95629.00 ns, 186.7754 ns/op
WorkloadPilot    7: 1024 op, 186779.00 ns, 182.4014 ns/op
WorkloadPilot    8: 2048 op, 345346.00 ns, 168.6260 ns/op
WorkloadPilot    9: 4096 op, 584514.00 ns, 142.7036 ns/op
WorkloadPilot   10: 8192 op, 1163508.00 ns, 142.0298 ns/op
WorkloadPilot   11: 16384 op, 2013808.00 ns, 122.9131 ns/op
WorkloadPilot   12: 32768 op, 4944843.00 ns, 150.9046 ns/op
WorkloadPilot   13: 65536 op, 9202810.00 ns, 140.4237 ns/op
WorkloadPilot   14: 131072 op, 17495407.00 ns, 133.4794 ns/op
WorkloadPilot   15: 262144 op, 23216553.00 ns, 88.5641 ns/op
WorkloadPilot   16: 524288 op, 46066891.00 ns, 87.8656 ns/op
WorkloadPilot   17: 1048576 op, 90501688.00 ns, 86.3091 ns/op
WorkloadPilot   18: 2097152 op, 184022395.00 ns, 87.7487 ns/op
WorkloadPilot   19: 4194304 op, 362512320.00 ns, 86.4297 ns/op
WorkloadPilot   20: 8388608 op, 724485300.00 ns, 86.3654 ns/op

OverheadWarmup   1: 8388608 op, 27868808.00 ns, 3.3222 ns/op
OverheadWarmup   2: 8388608 op, 27832320.00 ns, 3.3179 ns/op
OverheadWarmup   3: 8388608 op, 27761248.00 ns, 3.3094 ns/op
OverheadWarmup   4: 8388608 op, 27745608.00 ns, 3.3075 ns/op
OverheadWarmup   5: 8388608 op, 27813785.00 ns, 3.3157 ns/op
OverheadWarmup   6: 8388608 op, 27742001.00 ns, 3.3071 ns/op
OverheadWarmup   7: 8388608 op, 27770124.00 ns, 3.3105 ns/op
OverheadWarmup   8: 8388608 op, 27765395.00 ns, 3.3099 ns/op

OverheadActual   1: 8388608 op, 27822132.00 ns, 3.3167 ns/op
OverheadActual   2: 8388608 op, 27762921.00 ns, 3.3096 ns/op
OverheadActual   3: 8388608 op, 28162348.00 ns, 3.3572 ns/op
OverheadActual   4: 8388608 op, 27845305.00 ns, 3.3194 ns/op
OverheadActual   5: 8388608 op, 27753022.00 ns, 3.3084 ns/op
OverheadActual   6: 8388608 op, 27950572.00 ns, 3.3320 ns/op
OverheadActual   7: 8388608 op, 27848560.00 ns, 3.3198 ns/op
OverheadActual   8: 8388608 op, 27717756.00 ns, 3.3042 ns/op
OverheadActual   9: 8388608 op, 27755447.00 ns, 3.3087 ns/op
OverheadActual  10: 8388608 op, 27749825.00 ns, 3.3080 ns/op
OverheadActual  11: 8388608 op, 27744346.00 ns, 3.3074 ns/op
OverheadActual  12: 8388608 op, 27789136.00 ns, 3.3127 ns/op
OverheadActual  13: 8388608 op, 27752932.00 ns, 3.3084 ns/op
OverheadActual  14: 8388608 op, 27815299.00 ns, 3.3158 ns/op
OverheadActual  15: 8388608 op, 27803957.00 ns, 3.3145 ns/op

WorkloadWarmup   1: 8388608 op, 733880039.00 ns, 87.4853 ns/op
WorkloadWarmup   2: 8388608 op, 738735077.00 ns, 88.0641 ns/op
WorkloadWarmup   3: 8388608 op, 732082199.00 ns, 87.2710 ns/op
WorkloadWarmup   4: 8388608 op, 726534378.00 ns, 86.6096 ns/op
WorkloadWarmup   5: 8388608 op, 738580950.00 ns, 88.0457 ns/op
WorkloadWarmup   6: 8388608 op, 734173103.00 ns, 87.5203 ns/op
WorkloadWarmup   7: 8388608 op, 730776888.00 ns, 87.1154 ns/op
WorkloadWarmup   8: 8388608 op, 726210783.00 ns, 86.5711 ns/op
WorkloadWarmup   9: 8388608 op, 730085063.00 ns, 87.0329 ns/op
WorkloadWarmup  10: 8388608 op, 721511269.00 ns, 86.0108 ns/op

// BeforeActualRun
WorkloadActual   1: 8388608 op, 726436706.00 ns, 86.5980 ns/op
WorkloadActual   2: 8388608 op, 735664503.00 ns, 87.6980 ns/op
WorkloadActual   3: 8388608 op, 737443606.00 ns, 87.9101 ns/op
WorkloadActual   4: 8388608 op, 736432845.00 ns, 87.7896 ns/op
WorkloadActual   5: 8388608 op, 735003390.00 ns, 87.6192 ns/op
WorkloadActual   6: 8388608 op, 727781055.00 ns, 86.7583 ns/op
WorkloadActual   7: 8388608 op, 729997082.00 ns, 87.0224 ns/op
WorkloadActual   8: 8388608 op, 741125262.00 ns, 88.3490 ns/op
WorkloadActual   9: 8388608 op, 741135736.00 ns, 88.3503 ns/op
WorkloadActual  10: 8388608 op, 739644796.00 ns, 88.1725 ns/op
WorkloadActual  11: 8388608 op, 740945198.00 ns, 88.3276 ns/op
WorkloadActual  12: 8388608 op, 744154935.00 ns, 88.7102 ns/op
WorkloadActual  13: 8388608 op, 746143765.00 ns, 88.9473 ns/op
WorkloadActual  14: 8388608 op, 734550338.00 ns, 87.5652 ns/op
WorkloadActual  15: 8388608 op, 737196610.00 ns, 87.8807 ns/op

// AfterActualRun
WorkloadResult   1: 8388608 op, 698647570.00 ns, 83.2853 ns/op
WorkloadResult   2: 8388608 op, 707875367.00 ns, 84.3853 ns/op
WorkloadResult   3: 8388608 op, 709654470.00 ns, 84.5974 ns/op
WorkloadResult   4: 8388608 op, 708643709.00 ns, 84.4769 ns/op
WorkloadResult   5: 8388608 op, 707214254.00 ns, 84.3065 ns/op
WorkloadResult   6: 8388608 op, 699991919.00 ns, 83.4455 ns/op
WorkloadResult   7: 8388608 op, 702207946.00 ns, 83.7097 ns/op
WorkloadResult   8: 8388608 op, 713336126.00 ns, 85.0363 ns/op
WorkloadResult   9: 8388608 op, 713346600.00 ns, 85.0375 ns/op
WorkloadResult  10: 8388608 op, 711855660.00 ns, 84.8598 ns/op
WorkloadResult  11: 8388608 op, 713156062.00 ns, 85.0148 ns/op
WorkloadResult  12: 8388608 op, 716365799.00 ns, 85.3975 ns/op
WorkloadResult  13: 8388608 op, 718354629.00 ns, 85.6345 ns/op
WorkloadResult  14: 8388608 op, 706761202.00 ns, 84.2525 ns/op
WorkloadResult  15: 8388608 op, 709407474.00 ns, 84.5680 ns/op
// GC:  72 0 0 1207959552 8388608
// Threading:  0 0 8388608

// AfterAll
// Benchmark Process 3584 has exited with code 0.

Mean = 83.985 ns, StdErr = 0.149 ns (0.18%), N = 28, StdDev = 0.789 ns
Min = 82.824 ns, Q1 = 83.338 ns, Median = 83.638 ns, Q3 = 84.575 ns, Max = 85.635 ns
IQR = 1.238 ns, LowerFence = 81.482 ns, UpperFence = 86.432 ns
ConfidenceInterval = [83.434 ns; 84.535 ns] (CI 99.9%), Margin = 0.550 ns (0.66% of Mean)
Skewness = 0.5, Kurtosis = 1.86, MValue = 2

// ** Remained 12 (66.7 %) benchmark(s) to run. Estimated finish 2026-05-03 2:22 (0h 6m from now) **
// **************************
// Benchmark: MemoryCacheProviderBenchmarks.GetAsync_CacheMiss: Job-NUBXJZ(IterationCount=20, WarmupCount=5)
// *** Execute ***
// Launch: 1 / 1
// Execute: dotnet Encina.Caching.Memory.Benchmarks-Job-NUBXJZ-1.dll --anonymousPipes 152 153 --benchmarkName Encina.Caching.Memory.Benchmarks.Benchmarks.MemoryCacheProviderBenchmarks.GetAsync_CacheMiss --job "IterationCount=20, WarmupCount=5" --benchmarkId 6 in /home/runner/work/Encina/Encina/tests/Encina.BenchmarkTests/Encina.Caching.Memory.Benchmarks/bin/Release/net10.0/Encina.Caching.Memory.Benchmarks-Job-NUBXJZ-1/bin/Release/net10.0
// Failed to set up high priority (Permission denied). In order to run benchmarks with high priority, make sure you have the right permissions.
// BeforeAnythingElse

// Benchmark Process Environment Information:
// BenchmarkDotNet v0.15.8
// Runtime=.NET 10.0.7 (10.0.7, 10.0.726.21808), X64 RyuJIT x86-64-v3
// GC=Concurrent Workstation
// HardwareIntrinsics=AVX2+BMI1+BMI2+F16C+FMA+LZCNT+MOVBE,AVX,SSE3+SSSE3+SSE4.1+SSE4.2+POPCNT,X86Base+SSE+SSE2,AES+PCLMUL VectorSize=256
// Job: Job-NUBXJZ(IterationCount=20, WarmupCount=5)

OverheadJitting  1: 1 op, 230261.00 ns, 230.2610 us/op
WorkloadJitting  1: 1 op, 4086187.00 ns, 4.0862 ms/op

OverheadJitting  2: 16 op, 504484.00 ns, 31.5303 us/op
WorkloadJitting  2: 16 op, 496419.00 ns, 31.0262 us/op

WorkloadPilot    1: 16 op, 3276.00 ns, 204.7500 ns/op
WorkloadPilot    2: 32 op, 3687.00 ns, 115.2188 ns/op
WorkloadPilot    3: 64 op, 5299.00 ns, 82.7969 ns/op
WorkloadPilot    4: 128 op, 9217.00 ns, 72.0078 ns/op
WorkloadPilot    5: 256 op, 16241.00 ns, 63.4414 ns/op
WorkloadPilot    6: 512 op, 31208.00 ns, 60.9531 ns/op
WorkloadPilot    7: 1024 op, 60423.00 ns, 59.0068 ns/op
WorkloadPilot    8: 2048 op, 119624.00 ns, 58.4102 ns/op
WorkloadPilot    9: 4096 op, 238276.00 ns, 58.1729 ns/op
WorkloadPilot   10: 8192 op, 475270.00 ns, 58.0164 ns/op
WorkloadPilot   11: 16384 op, 969384.00 ns, 59.1665 ns/op
WorkloadPilot   12: 32768 op, 1981278.00 ns, 60.4638 ns/op
WorkloadPilot   13: 65536 op, 3873288.00 ns, 59.1017 ns/op
WorkloadPilot   14: 131072 op, 7652570.00 ns, 58.3845 ns/op
WorkloadPilot   15: 262144 op, 15195836.00 ns, 57.9675 ns/op
WorkloadPilot   16: 524288 op, 30444383.00 ns, 58.0681 ns/op
WorkloadPilot   17: 1048576 op, 60933359.00 ns, 58.1106 ns/op
WorkloadPilot   18: 2097152 op, 121840547.00 ns, 58.0981 ns/op
WorkloadPilot   19: 4194304 op, 244314861.00 ns, 58.2492 ns/op
WorkloadPilot   20: 8388608 op, 487762552.00 ns, 58.1458 ns/op
WorkloadPilot   21: 16777216 op, 974753043.00 ns, 58.0998 ns/op

OverheadWarmup   1: 16777216 op, 55570873.00 ns, 3.3123 ns/op
OverheadWarmup   2: 16777216 op, 55590229.00 ns, 3.3134 ns/op
OverheadWarmup   3: 16777216 op, 55565704.00 ns, 3.3120 ns/op
OverheadWarmup   4: 16777216 op, 55498337.00 ns, 3.3080 ns/op
OverheadWarmup   5: 16777216 op, 55593355.00 ns, 3.3136 ns/op
OverheadWarmup   6: 16777216 op, 55434197.00 ns, 3.3041 ns/op

OverheadActual   1: 16777216 op, 55630334.00 ns, 3.3158 ns/op
OverheadActual   2: 16777216 op, 55801395.00 ns, 3.3260 ns/op
OverheadActual   3: 16777216 op, 55437734.00 ns, 3.3043 ns/op
OverheadActual   4: 16777216 op, 55504799.00 ns, 3.3083 ns/op
OverheadActual   5: 16777216 op, 55476426.00 ns, 3.3067 ns/op
OverheadActual   6: 16777216 op, 55524987.00 ns, 3.3095 ns/op
OverheadActual   7: 16777216 op, 55477919.00 ns, 3.3067 ns/op
OverheadActual   8: 16777216 op, 55487276.00 ns, 3.3073 ns/op
OverheadActual   9: 16777216 op, 55595890.00 ns, 3.3138 ns/op
OverheadActual  10: 16777216 op, 55488368.00 ns, 3.3074 ns/op
OverheadActual  11: 16777216 op, 55457792.00 ns, 3.3055 ns/op
OverheadActual  12: 16777216 op, 55518475.00 ns, 3.3092 ns/op
OverheadActual  13: 16777216 op, 55481436.00 ns, 3.3070 ns/op
OverheadActual  14: 16777216 op, 55515169.00 ns, 3.3090 ns/op
OverheadActual  15: 16777216 op, 55534835.00 ns, 3.3101 ns/op

WorkloadWarmup   1: 16777216 op, 975239493.00 ns, 58.1288 ns/op
WorkloadWarmup   2: 16777216 op, 974771047.00 ns, 58.1009 ns/op
WorkloadWarmup   3: 16777216 op, 974858474.00 ns, 58.1061 ns/op
WorkloadWarmup   4: 16777216 op, 977277358.00 ns, 58.2503 ns/op
WorkloadWarmup   5: 16777216 op, 973914213.00 ns, 58.0498 ns/op

// BeforeActualRun
WorkloadActual   1: 16777216 op, 974019590.00 ns, 58.0561 ns/op
WorkloadActual   2: 16777216 op, 975256896.00 ns, 58.1298 ns/op
WorkloadActual   3: 16777216 op, 975149996.00 ns, 58.1235 ns/op
WorkloadActual   4: 16777216 op, 974780134.00 ns, 58.1014 ns/op
WorkloadActual   5: 16777216 op, 976024433.00 ns, 58.1756 ns/op
WorkloadActual   6: 16777216 op, 987957725.00 ns, 58.8869 ns/op
WorkloadActual   7: 16777216 op, 974709809.00 ns, 58.0972 ns/op
WorkloadActual   8: 16777216 op, 974039035.00 ns, 58.0573 ns/op
WorkloadActual   9: 16777216 op, 974688902.00 ns, 58.0960 ns/op
WorkloadActual  10: 16777216 op, 976016877.00 ns, 58.1751 ns/op
WorkloadActual  11: 16777216 op, 974630162.00 ns, 58.0925 ns/op
WorkloadActual  12: 16777216 op, 974348554.00 ns, 58.0757 ns/op
WorkloadActual  13: 16777216 op, 974408677.00 ns, 58.0793 ns/op
WorkloadActual  14: 16777216 op, 974766532.00 ns, 58.1006 ns/op
WorkloadActual  15: 16777216 op, 974272942.00 ns, 58.0712 ns/op
WorkloadActual  16: 16777216 op, 979627282.00 ns, 58.3903 ns/op
WorkloadActual  17: 16777216 op, 974295403.00 ns, 58.0725 ns/op
WorkloadActual  18: 16777216 op, 974336066.00 ns, 58.0750 ns/op
WorkloadActual  19: 16777216 op, 974866700.00 ns, 58.1066 ns/op
WorkloadActual  20: 16777216 op, 975604714.00 ns, 58.1506 ns/op

// AfterActualRun
WorkloadResult   1: 16777216 op, 918514791.00 ns, 54.7477 ns/op
WorkloadResult   2: 16777216 op, 919752097.00 ns, 54.8215 ns/op
WorkloadResult   3: 16777216 op, 919645197.00 ns, 54.8151 ns/op
WorkloadResult   4: 16777216 op, 919275335.00 ns, 54.7931 ns/op
WorkloadResult   5: 16777216 op, 920519634.00 ns, 54.8672 ns/op
WorkloadResult   6: 16777216 op, 919205010.00 ns, 54.7889 ns/op
WorkloadResult   7: 16777216 op, 918534236.00 ns, 54.7489 ns/op
WorkloadResult   8: 16777216 op, 919184103.00 ns, 54.7876 ns/op
WorkloadResult   9: 16777216 op, 920512078.00 ns, 54.8668 ns/op
WorkloadResult  10: 16777216 op, 919125363.00 ns, 54.7841 ns/op
WorkloadResult  11: 16777216 op, 918843755.00 ns, 54.7674 ns/op
WorkloadResult  12: 16777216 op, 918903878.00 ns, 54.7709 ns/op
WorkloadResult  13: 16777216 op, 919261733.00 ns, 54.7923 ns/op
WorkloadResult  14: 16777216 op, 918768143.00 ns, 54.7628 ns/op
WorkloadResult  15: 16777216 op, 918790604.00 ns, 54.7642 ns/op
WorkloadResult  16: 16777216 op, 918831267.00 ns, 54.7666 ns/op
WorkloadResult  17: 16777216 op, 919361901.00 ns, 54.7982 ns/op
WorkloadResult  18: 16777216 op, 920099915.00 ns, 54.8422 ns/op
// GC:  0 0 0 0 16777216
// Threading:  0 0 16777216

// AfterAll
// Benchmark Process 3597 has exited with code 0.

Mean = 54.794 ns, StdErr = 0.009 ns (0.02%), N = 18, StdDev = 0.036 ns
Min = 54.748 ns, Q1 = 54.767 ns, Median = 54.788 ns, Q3 = 54.811 ns, Max = 54.867 ns
IQR = 0.044 ns, LowerFence = 54.701 ns, UpperFence = 54.877 ns
ConfidenceInterval = [54.760 ns; 54.828 ns] (CI 99.9%), Margin = 0.034 ns (0.06% of Mean)
Skewness = 0.75, Kurtosis = 2.42, MValue = 2

// ** Remained 11 (61.1 %) benchmark(s) to run. Estimated finish 2026-05-03 2:22 (0h 5m from now) **
// **************************
// Benchmark: MemoryCacheProviderBenchmarks.GetAsync_CacheMiss: MediumRun(IterationCount=15, LaunchCount=2, WarmupCount=10)
// *** Execute ***
// Launch: 1 / 2
// Execute: dotnet Encina.Caching.Memory.Benchmarks-Job-NUBXJZ-1.dll --anonymousPipes 152 153 --benchmarkName Encina.Caching.Memory.Benchmarks.Benchmarks.MemoryCacheProviderBenchmarks.GetAsync_CacheMiss --job MediumRun --benchmarkId 7 in /home/runner/work/Encina/Encina/tests/Encina.BenchmarkTests/Encina.Caching.Memory.Benchmarks/bin/Release/net10.0/Encina.Caching.Memory.Benchmarks-Job-NUBXJZ-1/bin/Release/net10.0
// Failed to set up high priority (Permission denied). In order to run benchmarks with high priority, make sure you have the right permissions.
// BeforeAnythingElse

// Benchmark Process Environment Information:
// BenchmarkDotNet v0.15.8
// Runtime=.NET 10.0.7 (10.0.7, 10.0.726.21808), X64 RyuJIT x86-64-v3
// GC=Concurrent Workstation
// HardwareIntrinsics=AVX2+BMI1+BMI2+F16C+FMA+LZCNT+MOVBE,AVX,SSE3+SSSE3+SSE4.1+SSE4.2+POPCNT,X86Base+SSE+SSE2,AES+PCLMUL VectorSize=256
// Job: MediumRun(IterationCount=15, LaunchCount=2, WarmupCount=10)

OverheadJitting  1: 1 op, 228048.00 ns, 228.0480 us/op
WorkloadJitting  1: 1 op, 3967177.00 ns, 3.9672 ms/op

OverheadJitting  2: 16 op, 471855.00 ns, 29.4909 us/op
WorkloadJitting  2: 16 op, 508162.00 ns, 31.7601 us/op

WorkloadPilot    1: 16 op, 3646.00 ns, 227.8750 ns/op
WorkloadPilot    2: 32 op, 4989.00 ns, 155.9063 ns/op
WorkloadPilot    3: 64 op, 5320.00 ns, 83.1250 ns/op
WorkloadPilot    4: 128 op, 8777.00 ns, 68.5703 ns/op
WorkloadPilot    5: 256 op, 16090.00 ns, 62.8516 ns/op
WorkloadPilot    6: 512 op, 30427.00 ns, 59.4277 ns/op
WorkloadPilot    7: 1024 op, 70733.00 ns, 69.0752 ns/op
WorkloadPilot    8: 2048 op, 127720.00 ns, 62.3633 ns/op
WorkloadPilot    9: 4096 op, 259286.00 ns, 63.3022 ns/op
WorkloadPilot   10: 8192 op, 488155.00 ns, 59.5892 ns/op
WorkloadPilot   11: 16384 op, 950362.00 ns, 58.0055 ns/op
WorkloadPilot   12: 32768 op, 1864526.00 ns, 56.9008 ns/op
WorkloadPilot   13: 65536 op, 3758937.00 ns, 57.3568 ns/op
WorkloadPilot   14: 131072 op, 7405023.00 ns, 56.4958 ns/op
WorkloadPilot   15: 262144 op, 14814693.00 ns, 56.5136 ns/op
WorkloadPilot   16: 524288 op, 29943695.00 ns, 57.1131 ns/op
WorkloadPilot   17: 1048576 op, 59243004.00 ns, 56.4985 ns/op
WorkloadPilot   18: 2097152 op, 118710679.00 ns, 56.6057 ns/op
WorkloadPilot   19: 4194304 op, 237092952.00 ns, 56.5274 ns/op
WorkloadPilot   20: 8388608 op, 474954769.00 ns, 56.6190 ns/op
WorkloadPilot   21: 16777216 op, 948732318.00 ns, 56.5489 ns/op

OverheadWarmup   1: 16777216 op, 55617972.00 ns, 3.3151 ns/op
OverheadWarmup   2: 16777216 op, 55542711.00 ns, 3.3106 ns/op
OverheadWarmup   3: 16777216 op, 55621189.00 ns, 3.3153 ns/op
OverheadWarmup   4: 16777216 op, 55473180.00 ns, 3.3065 ns/op
OverheadWarmup   5: 16777216 op, 56086113.00 ns, 3.3430 ns/op
OverheadWarmup   6: 16777216 op, 55519397.00 ns, 3.3092 ns/op

OverheadActual   1: 16777216 op, 55475855.00 ns, 3.3066 ns/op
OverheadActual   2: 16777216 op, 55617762.00 ns, 3.3151 ns/op
OverheadActual   3: 16777216 op, 55532682.00 ns, 3.3100 ns/op
OverheadActual   4: 16777216 op, 55649712.00 ns, 3.3170 ns/op
OverheadActual   5: 16777216 op, 55510820.00 ns, 3.3087 ns/op
OverheadActual   6: 16777216 op, 55640425.00 ns, 3.3164 ns/op
OverheadActual   7: 16777216 op, 55882651.00 ns, 3.3309 ns/op
OverheadActual   8: 16777216 op, 55536048.00 ns, 3.3102 ns/op
OverheadActual   9: 16777216 op, 55476988.00 ns, 3.3067 ns/op
OverheadActual  10: 16777216 op, 55502926.00 ns, 3.3082 ns/op
OverheadActual  11: 16777216 op, 55590360.00 ns, 3.3134 ns/op
OverheadActual  12: 16777216 op, 55477008.00 ns, 3.3067 ns/op
OverheadActual  13: 16777216 op, 55491454.00 ns, 3.3075 ns/op
OverheadActual  14: 16777216 op, 55750192.00 ns, 3.3230 ns/op
OverheadActual  15: 16777216 op, 55791628.00 ns, 3.3254 ns/op

WorkloadWarmup   1: 16777216 op, 948565583.00 ns, 56.5389 ns/op
WorkloadWarmup   2: 16777216 op, 949423182.00 ns, 56.5900 ns/op
WorkloadWarmup   3: 16777216 op, 965942318.00 ns, 57.5746 ns/op
WorkloadWarmup   4: 16777216 op, 950083447.00 ns, 56.6294 ns/op
WorkloadWarmup   5: 16777216 op, 949477004.00 ns, 56.5932 ns/op
WorkloadWarmup   6: 16777216 op, 950274313.00 ns, 56.6408 ns/op
WorkloadWarmup   7: 16777216 op, 951783419.00 ns, 56.7307 ns/op
WorkloadWarmup   8: 16777216 op, 949422151.00 ns, 56.5900 ns/op
WorkloadWarmup   9: 16777216 op, 948996433.00 ns, 56.5646 ns/op
WorkloadWarmup  10: 16777216 op, 948780739.00 ns, 56.5517 ns/op

// BeforeActualRun
WorkloadActual   1: 16777216 op, 949910737.00 ns, 56.6191 ns/op
WorkloadActual   2: 16777216 op, 947989455.00 ns, 56.5046 ns/op
WorkloadActual   3: 16777216 op, 955599152.00 ns, 56.9581 ns/op
WorkloadActual   4: 16777216 op, 948513926.00 ns, 56.5358 ns/op
WorkloadActual   5: 16777216 op, 949376390.00 ns, 56.5872 ns/op
WorkloadActual   6: 16777216 op, 950807360.00 ns, 56.6725 ns/op
WorkloadActual   7: 16777216 op, 949000753.00 ns, 56.5649 ns/op
WorkloadActual   8: 16777216 op, 949556525.00 ns, 56.5980 ns/op
WorkloadActual   9: 16777216 op, 949194686.00 ns, 56.5764 ns/op
WorkloadActual  10: 16777216 op, 948425584.00 ns, 56.5306 ns/op
WorkloadActual  11: 16777216 op, 949448882.00 ns, 56.5916 ns/op
WorkloadActual  12: 16777216 op, 948626050.00 ns, 56.5425 ns/op
WorkloadActual  13: 16777216 op, 953006829.00 ns, 56.8036 ns/op
WorkloadActual  14: 16777216 op, 949576518.00 ns, 56.5992 ns/op
WorkloadActual  15: 16777216 op, 949234889.00 ns, 56.5788 ns/op

// AfterActualRun
WorkloadResult   1: 16777216 op, 894374689.00 ns, 53.3089 ns/op
WorkloadResult   2: 16777216 op, 892453407.00 ns, 53.1944 ns/op
WorkloadResult   3: 16777216 op, 892977878.00 ns, 53.2256 ns/op
WorkloadResult   4: 16777216 op, 893840342.00 ns, 53.2770 ns/op
WorkloadResult   5: 16777216 op, 895271312.00 ns, 53.3623 ns/op
WorkloadResult   6: 16777216 op, 893464705.00 ns, 53.2546 ns/op
WorkloadResult   7: 16777216 op, 894020477.00 ns, 53.2878 ns/op
WorkloadResult   8: 16777216 op, 893658638.00 ns, 53.2662 ns/op
WorkloadResult   9: 16777216 op, 892889536.00 ns, 53.2204 ns/op
WorkloadResult  10: 16777216 op, 893912834.00 ns, 53.2814 ns/op
WorkloadResult  11: 16777216 op, 893090002.00 ns, 53.2323 ns/op
WorkloadResult  12: 16777216 op, 894040470.00 ns, 53.2890 ns/op
WorkloadResult  13: 16777216 op, 893698841.00 ns, 53.2686 ns/op
// GC:  0 0 0 0 16777216
// Threading:  0 0 16777216

// AfterAll
// Benchmark Process 3613 has exited with code 0.
// Launch: 2 / 2
// Execute: dotnet Encina.Caching.Memory.Benchmarks-Job-NUBXJZ-1.dll --anonymousPipes 152 153 --benchmarkName Encina.Caching.Memory.Benchmarks.Benchmarks.MemoryCacheProviderBenchmarks.GetAsync_CacheMiss --job MediumRun --benchmarkId 7 in /home/runner/work/Encina/Encina/tests/Encina.BenchmarkTests/Encina.Caching.Memory.Benchmarks/bin/Release/net10.0/Encina.Caching.Memory.Benchmarks-Job-NUBXJZ-1/bin/Release/net10.0
// Failed to set up high priority (Permission denied). In order to run benchmarks with high priority, make sure you have the right permissions.
// BeforeAnythingElse

// Benchmark Process Environment Information:
// BenchmarkDotNet v0.15.8
// Runtime=.NET 10.0.7 (10.0.7, 10.0.726.21808), X64 RyuJIT x86-64-v3
// GC=Concurrent Workstation
// HardwareIntrinsics=AVX2+BMI1+BMI2+F16C+FMA+LZCNT+MOVBE,AVX,SSE3+SSSE3+SSE4.1+SSE4.2+POPCNT,X86Base+SSE+SSE2,AES+PCLMUL VectorSize=256
// Job: MediumRun(IterationCount=15, LaunchCount=2, WarmupCount=10)

OverheadJitting  1: 1 op, 256209.00 ns, 256.2090 us/op
WorkloadJitting  1: 1 op, 4080932.00 ns, 4.0809 ms/op

OverheadJitting  2: 16 op, 484467.00 ns, 30.2792 us/op
WorkloadJitting  2: 16 op, 503163.00 ns, 31.4477 us/op

WorkloadPilot    1: 16 op, 2695.00 ns, 168.4375 ns/op
WorkloadPilot    2: 32 op, 3517.00 ns, 109.9063 ns/op
WorkloadPilot    3: 64 op, 5240.00 ns, 81.8750 ns/op
WorkloadPilot    4: 128 op, 8846.00 ns, 69.1094 ns/op
WorkloadPilot    5: 256 op, 16030.00 ns, 62.6172 ns/op
WorkloadPilot    6: 512 op, 30428.00 ns, 59.4297 ns/op
WorkloadPilot    7: 1024 op, 59842.00 ns, 58.4395 ns/op
WorkloadPilot    8: 2048 op, 134142.00 ns, 65.4990 ns/op
WorkloadPilot    9: 4096 op, 230882.00 ns, 56.3677 ns/op
WorkloadPilot   10: 8192 op, 465011.00 ns, 56.7640 ns/op
WorkloadPilot   11: 16384 op, 939709.00 ns, 57.3553 ns/op
WorkloadPilot   12: 32768 op, 1888827.00 ns, 57.6424 ns/op
WorkloadPilot   13: 65536 op, 3755782.00 ns, 57.3087 ns/op
WorkloadPilot   14: 131072 op, 7439912.00 ns, 56.7620 ns/op
WorkloadPilot   15: 262144 op, 14937662.00 ns, 56.9827 ns/op
WorkloadPilot   16: 524288 op, 29673376.00 ns, 56.5975 ns/op
WorkloadPilot   17: 1048576 op, 61023713.00 ns, 58.1967 ns/op
WorkloadPilot   18: 2097152 op, 118922275.00 ns, 56.7066 ns/op
WorkloadPilot   19: 4194304 op, 237503723.00 ns, 56.6253 ns/op
WorkloadPilot   20: 8388608 op, 475753221.00 ns, 56.7142 ns/op
WorkloadPilot   21: 16777216 op, 950576142.00 ns, 56.6588 ns/op

OverheadWarmup   1: 16777216 op, 55558465.00 ns, 3.3115 ns/op
OverheadWarmup   2: 16777216 op, 55618397.00 ns, 3.3151 ns/op
OverheadWarmup   3: 16777216 op, 55458798.00 ns, 3.3056 ns/op
OverheadWarmup   4: 16777216 op, 55477433.00 ns, 3.3067 ns/op
OverheadWarmup   5: 16777216 op, 55519812.00 ns, 3.3092 ns/op
OverheadWarmup   6: 16777216 op, 55505446.00 ns, 3.3084 ns/op

OverheadActual   1: 16777216 op, 55515804.00 ns, 3.3090 ns/op
OverheadActual   2: 16777216 op, 55607817.00 ns, 3.3145 ns/op
OverheadActual   3: 16777216 op, 55504774.00 ns, 3.3083 ns/op
OverheadActual   4: 16777216 op, 55598590.00 ns, 3.3139 ns/op
OverheadActual   5: 16777216 op, 55451123.00 ns, 3.3051 ns/op
OverheadActual   6: 16777216 op, 55879037.00 ns, 3.3307 ns/op
OverheadActual   7: 16777216 op, 55474867.00 ns, 3.3066 ns/op
OverheadActual   8: 16777216 op, 55447217.00 ns, 3.3049 ns/op
OverheadActual   9: 16777216 op, 55509723.00 ns, 3.3086 ns/op
OverheadActual  10: 16777216 op, 55628185.00 ns, 3.3157 ns/op
OverheadActual  11: 16777216 op, 55460842.00 ns, 3.3057 ns/op
OverheadActual  12: 16777216 op, 55498723.00 ns, 3.3080 ns/op
OverheadActual  13: 16777216 op, 55606986.00 ns, 3.3144 ns/op
OverheadActual  14: 16777216 op, 55450433.00 ns, 3.3051 ns/op
OverheadActual  15: 16777216 op, 55438560.00 ns, 3.3044 ns/op

WorkloadWarmup   1: 16777216 op, 952816995.00 ns, 56.7923 ns/op
WorkloadWarmup   2: 16777216 op, 951157826.00 ns, 56.6934 ns/op
WorkloadWarmup   3: 16777216 op, 965183991.00 ns, 57.5294 ns/op
WorkloadWarmup   4: 16777216 op, 951166420.00 ns, 56.6939 ns/op
WorkloadWarmup   5: 16777216 op, 950499941.00 ns, 56.6542 ns/op
WorkloadWarmup   6: 16777216 op, 951316435.00 ns, 56.7029 ns/op
WorkloadWarmup   7: 16777216 op, 957376458.00 ns, 57.0641 ns/op
WorkloadWarmup   8: 16777216 op, 955100852.00 ns, 56.9284 ns/op
WorkloadWarmup   9: 16777216 op, 950887841.00 ns, 56.6773 ns/op
WorkloadWarmup  10: 16777216 op, 951039596.00 ns, 56.6864 ns/op

// BeforeActualRun
WorkloadActual   1: 16777216 op, 950968857.00 ns, 56.6822 ns/op
WorkloadActual   2: 16777216 op, 950003895.00 ns, 56.6246 ns/op
WorkloadActual   3: 16777216 op, 952253951.00 ns, 56.7588 ns/op
WorkloadActual   4: 16777216 op, 951370947.00 ns, 56.7061 ns/op
WorkloadActual   5: 16777216 op, 951197652.00 ns, 56.6958 ns/op
WorkloadActual   6: 16777216 op, 950742905.00 ns, 56.6687 ns/op
WorkloadActual   7: 16777216 op, 950299483.00 ns, 56.6423 ns/op
WorkloadActual   8: 16777216 op, 952785694.00 ns, 56.7905 ns/op
WorkloadActual   9: 16777216 op, 952401717.00 ns, 56.7676 ns/op
WorkloadActual  10: 16777216 op, 950385144.00 ns, 56.6474 ns/op
WorkloadActual  11: 16777216 op, 951198839.00 ns, 56.6959 ns/op
WorkloadActual  12: 16777216 op, 951705870.00 ns, 56.7261 ns/op
WorkloadActual  13: 16777216 op, 951207145.00 ns, 56.6964 ns/op
WorkloadActual  14: 16777216 op, 951287906.00 ns, 56.7012 ns/op
WorkloadActual  15: 16777216 op, 957289236.00 ns, 57.0589 ns/op

// AfterActualRun
WorkloadResult   1: 16777216 op, 895464083.00 ns, 53.3738 ns/op
WorkloadResult   2: 16777216 op, 894499121.00 ns, 53.3163 ns/op
WorkloadResult   3: 16777216 op, 896749177.00 ns, 53.4504 ns/op
WorkloadResult   4: 16777216 op, 895866173.00 ns, 53.3978 ns/op
WorkloadResult   5: 16777216 op, 895692878.00 ns, 53.3875 ns/op
WorkloadResult   6: 16777216 op, 895238131.00 ns, 53.3604 ns/op
WorkloadResult   7: 16777216 op, 894794709.00 ns, 53.3339 ns/op
WorkloadResult   8: 16777216 op, 897280920.00 ns, 53.4821 ns/op
WorkloadResult   9: 16777216 op, 896896943.00 ns, 53.4592 ns/op
WorkloadResult  10: 16777216 op, 894880370.00 ns, 53.3390 ns/op
WorkloadResult  11: 16777216 op, 895694065.00 ns, 53.3875 ns/op
WorkloadResult  12: 16777216 op, 896201096.00 ns, 53.4177 ns/op
WorkloadResult  13: 16777216 op, 895702371.00 ns, 53.3880 ns/op
WorkloadResult  14: 16777216 op, 895783132.00 ns, 53.3928 ns/op
// GC:  0 0 0 0 16777216
// Threading:  0 0 16777216

// AfterAll
// Benchmark Process 3630 has exited with code 0.

Mean = 53.332 ns, StdErr = 0.015 ns (0.03%), N = 27, StdDev = 0.078 ns
Min = 53.194 ns, Q1 = 53.273 ns, Median = 53.334 ns, Q3 = 53.388 ns, Max = 53.482 ns
IQR = 0.115 ns, LowerFence = 53.100 ns, UpperFence = 53.560 ns
ConfidenceInterval = [53.276 ns; 53.387 ns] (CI 99.9%), Margin = 0.056 ns (0.10% of Mean)
Skewness = 0.11, Kurtosis = 1.93, MValue = 2

// ** Remained 10 (55.6 %) benchmark(s) to run. Estimated finish 2026-05-03 2:23 (0h 5m from now) **
// **************************
// Benchmark: MemoryCacheProviderBenchmarks.GetOrSetAsync_CacheHit: Job-NUBXJZ(IterationCount=20, WarmupCount=5)
// *** Execute ***
// Launch: 1 / 1
// Execute: dotnet Encina.Caching.Memory.Benchmarks-Job-NUBXJZ-1.dll --anonymousPipes 152 153 --benchmarkName Encina.Caching.Memory.Benchmarks.Benchmarks.MemoryCacheProviderBenchmarks.GetOrSetAsync_CacheHit --job "IterationCount=20, WarmupCount=5" --benchmarkId 8 in /home/runner/work/Encina/Encina/tests/Encina.BenchmarkTests/Encina.Caching.Memory.Benchmarks/bin/Release/net10.0/Encina.Caching.Memory.Benchmarks-Job-NUBXJZ-1/bin/Release/net10.0
// Failed to set up high priority (Permission denied). In order to run benchmarks with high priority, make sure you have the right permissions.
// BeforeAnythingElse

// Benchmark Process Environment Information:
// BenchmarkDotNet v0.15.8
// Runtime=.NET 10.0.7 (10.0.7, 10.0.726.21808), X64 RyuJIT x86-64-v3
// GC=Concurrent Workstation
// HardwareIntrinsics=AVX2+BMI1+BMI2+F16C+FMA+LZCNT+MOVBE,AVX,SSE3+SSSE3+SSE4.1+SSE4.2+POPCNT,X86Base+SSE+SSE2,AES+PCLMUL VectorSize=256
// Job: Job-NUBXJZ(IterationCount=20, WarmupCount=5)

OverheadJitting  1: 1 op, 228759.00 ns, 228.7590 us/op
WorkloadJitting  1: 1 op, 6310228.00 ns, 6.3102 ms/op

OverheadJitting  2: 16 op, 448451.00 ns, 28.0282 us/op
WorkloadJitting  2: 16 op, 537337.00 ns, 33.5836 us/op

WorkloadPilot    1: 16 op, 24215.00 ns, 1.5134 us/op
WorkloadPilot    2: 32 op, 22553.00 ns, 704.7813 ns/op
WorkloadPilot    3: 64 op, 34023.00 ns, 531.6094 ns/op
WorkloadPilot    4: 128 op, 46126.00 ns, 360.3594 ns/op
WorkloadPilot    5: 256 op, 80992.00 ns, 316.3750 ns/op
WorkloadPilot    6: 512 op, 151955.00 ns, 296.7871 ns/op
WorkloadPilot    7: 1024 op, 292799.00 ns, 285.9365 ns/op
WorkloadPilot    8: 2048 op, 453419.00 ns, 221.3960 ns/op
WorkloadPilot    9: 4096 op, 982161.00 ns, 239.7854 ns/op
WorkloadPilot   10: 8192 op, 1973860.00 ns, 240.9497 ns/op
WorkloadPilot   11: 16384 op, 3927552.00 ns, 239.7188 ns/op
WorkloadPilot   12: 32768 op, 7802666.00 ns, 238.1185 ns/op
WorkloadPilot   13: 65536 op, 14215066.00 ns, 216.9047 ns/op
WorkloadPilot   14: 131072 op, 17003112.00 ns, 129.7234 ns/op
WorkloadPilot   15: 262144 op, 33322212.00 ns, 127.1142 ns/op
WorkloadPilot   16: 524288 op, 68643933.00 ns, 130.9279 ns/op
WorkloadPilot   17: 1048576 op, 134955824.00 ns, 128.7039 ns/op
WorkloadPilot   18: 2097152 op, 263539354.00 ns, 125.6654 ns/op
WorkloadPilot   19: 4194304 op, 522486618.00 ns, 124.5705 ns/op

OverheadWarmup   1: 4194304 op, 13896567.00 ns, 3.3132 ns/op
OverheadWarmup   2: 4194304 op, 13896035.00 ns, 3.3131 ns/op
OverheadWarmup   3: 4194304 op, 13945869.00 ns, 3.3250 ns/op
OverheadWarmup   4: 4194304 op, 13888360.00 ns, 3.3112 ns/op
OverheadWarmup   5: 4194304 op, 13873433.00 ns, 3.3077 ns/op
OverheadWarmup   6: 4194304 op, 13942152.00 ns, 3.3241 ns/op
OverheadWarmup   7: 4194304 op, 13882450.00 ns, 3.3098 ns/op

OverheadActual   1: 4194304 op, 13894602.00 ns, 3.3127 ns/op
OverheadActual   2: 4194304 op, 13967118.00 ns, 3.3300 ns/op
OverheadActual   3: 4194304 op, 13897849.00 ns, 3.3135 ns/op
OverheadActual   4: 4194304 op, 13891547.00 ns, 3.3120 ns/op
OverheadActual   5: 4194304 op, 13877501.00 ns, 3.3087 ns/op
OverheadActual   6: 4194304 op, 13888691.00 ns, 3.3113 ns/op
OverheadActual   7: 4194304 op, 13871469.00 ns, 3.3072 ns/op
OverheadActual   8: 4194304 op, 13886006.00 ns, 3.3107 ns/op
OverheadActual   9: 4194304 op, 13891918.00 ns, 3.3121 ns/op
OverheadActual  10: 4194304 op, 13885786.00 ns, 3.3106 ns/op
OverheadActual  11: 4194304 op, 13940488.00 ns, 3.3237 ns/op
OverheadActual  12: 4194304 op, 13884683.00 ns, 3.3104 ns/op
OverheadActual  13: 4194304 op, 13961067.00 ns, 3.3286 ns/op
OverheadActual  14: 4194304 op, 13887098.00 ns, 3.3109 ns/op
OverheadActual  15: 4194304 op, 13993217.00 ns, 3.3362 ns/op

WorkloadWarmup   1: 4194304 op, 530911100.00 ns, 126.5791 ns/op
WorkloadWarmup   2: 4194304 op, 530383582.00 ns, 126.4533 ns/op
WorkloadWarmup   3: 4194304 op, 520717091.00 ns, 124.1486 ns/op
WorkloadWarmup   4: 4194304 op, 525953926.00 ns, 125.3972 ns/op
WorkloadWarmup   5: 4194304 op, 525197146.00 ns, 125.2168 ns/op

// BeforeActualRun
WorkloadActual   1: 4194304 op, 531618915.00 ns, 126.7478 ns/op
WorkloadActual   2: 4194304 op, 526171092.00 ns, 125.4490 ns/op
WorkloadActual   3: 4194304 op, 525408954.00 ns, 125.2673 ns/op
WorkloadActual   4: 4194304 op, 524734509.00 ns, 125.1065 ns/op
WorkloadActual   5: 4194304 op, 526600436.00 ns, 125.5513 ns/op
WorkloadActual   6: 4194304 op, 525438468.00 ns, 125.2743 ns/op
WorkloadActual   7: 4194304 op, 524911571.00 ns, 125.1487 ns/op
WorkloadActual   8: 4194304 op, 525700346.00 ns, 125.3367 ns/op
WorkloadActual   9: 4194304 op, 526671433.00 ns, 125.5683 ns/op
WorkloadActual  10: 4194304 op, 524572102.00 ns, 125.0677 ns/op
WorkloadActual  11: 4194304 op, 524267912.00 ns, 124.9952 ns/op
WorkloadActual  12: 4194304 op, 526113887.00 ns, 125.4353 ns/op
WorkloadActual  13: 4194304 op, 523454900.00 ns, 124.8014 ns/op
WorkloadActual  14: 4194304 op, 524112411.00 ns, 124.9581 ns/op
WorkloadActual  15: 4194304 op, 526237940.00 ns, 125.4649 ns/op
WorkloadActual  16: 4194304 op, 526130403.00 ns, 125.4393 ns/op
WorkloadActual  17: 4194304 op, 523360119.00 ns, 124.7788 ns/op
WorkloadActual  18: 4194304 op, 524042247.00 ns, 124.9414 ns/op
WorkloadActual  19: 4194304 op, 521245434.00 ns, 124.2746 ns/op
WorkloadActual  20: 4194304 op, 522030957.00 ns, 124.4619 ns/op

// AfterActualRun
WorkloadResult   1: 4194304 op, 512279545.00 ns, 122.1370 ns/op
WorkloadResult   2: 4194304 op, 511517407.00 ns, 121.9553 ns/op
WorkloadResult   3: 4194304 op, 510842962.00 ns, 121.7945 ns/op
WorkloadResult   4: 4194304 op, 512708889.00 ns, 122.2393 ns/op
WorkloadResult   5: 4194304 op, 511546921.00 ns, 121.9623 ns/op
WorkloadResult   6: 4194304 op, 511020024.00 ns, 121.8367 ns/op
WorkloadResult   7: 4194304 op, 511808799.00 ns, 122.0247 ns/op
WorkloadResult   8: 4194304 op, 512779886.00 ns, 122.2563 ns/op
WorkloadResult   9: 4194304 op, 510680555.00 ns, 121.7557 ns/op
WorkloadResult  10: 4194304 op, 510376365.00 ns, 121.6832 ns/op
WorkloadResult  11: 4194304 op, 512222340.00 ns, 122.1233 ns/op
WorkloadResult  12: 4194304 op, 509563353.00 ns, 121.4894 ns/op
WorkloadResult  13: 4194304 op, 510220864.00 ns, 121.6461 ns/op
WorkloadResult  14: 4194304 op, 512346393.00 ns, 122.1529 ns/op
WorkloadResult  15: 4194304 op, 512238856.00 ns, 122.1273 ns/op
WorkloadResult  16: 4194304 op, 509468572.00 ns, 121.4668 ns/op
WorkloadResult  17: 4194304 op, 510150700.00 ns, 121.6294 ns/op
WorkloadResult  18: 4194304 op, 507353887.00 ns, 120.9626 ns/op
WorkloadResult  19: 4194304 op, 508139410.00 ns, 121.1499 ns/op
// GC:  70 0 0 1174405120 4194304
// Threading:  0 0 4194304

// AfterAll
// Benchmark Process 3642 has exited with code 0.

Mean = 121.810 ns, StdErr = 0.083 ns (0.07%), N = 19, StdDev = 0.361 ns
Min = 120.963 ns, Q1 = 121.638 ns, Median = 121.837 ns, Q3 = 122.125 ns, Max = 122.256 ns
IQR = 0.488 ns, LowerFence = 120.906 ns, UpperFence = 122.857 ns
ConfidenceInterval = [121.485 ns; 122.135 ns] (CI 99.9%), Margin = 0.325 ns (0.27% of Mean)
Skewness = -0.74, Kurtosis = 2.64, MValue = 2

// ** Remained 9 (50.0 %) benchmark(s) to run. Estimated finish 2026-05-03 2:23 (0h 4m from now) **
// **************************
// Benchmark: MemoryCacheProviderBenchmarks.GetOrSetAsync_CacheHit: MediumRun(IterationCount=15, LaunchCount=2, WarmupCount=10)
// *** Execute ***
// Launch: 1 / 2
// Execute: dotnet Encina.Caching.Memory.Benchmarks-Job-NUBXJZ-1.dll --anonymousPipes 152 153 --benchmarkName Encina.Caching.Memory.Benchmarks.Benchmarks.MemoryCacheProviderBenchmarks.GetOrSetAsync_CacheHit --job MediumRun --benchmarkId 9 in /home/runner/work/Encina/Encina/tests/Encina.BenchmarkTests/Encina.Caching.Memory.Benchmarks/bin/Release/net10.0/Encina.Caching.Memory.Benchmarks-Job-NUBXJZ-1/bin/Release/net10.0
// Failed to set up high priority (Permission denied). In order to run benchmarks with high priority, make sure you have the right permissions.
// BeforeAnythingElse

// Benchmark Process Environment Information:
// BenchmarkDotNet v0.15.8
// Runtime=.NET 10.0.7 (10.0.7, 10.0.726.21808), X64 RyuJIT x86-64-v3
// GC=Concurrent Workstation
// HardwareIntrinsics=AVX2+BMI1+BMI2+F16C+FMA+LZCNT+MOVBE,AVX,SSE3+SSSE3+SSE4.1+SSE4.2+POPCNT,X86Base+SSE+SSE2,AES+PCLMUL VectorSize=256
// Job: MediumRun(IterationCount=15, LaunchCount=2, WarmupCount=10)

OverheadJitting  1: 1 op, 238427.00 ns, 238.4270 us/op
WorkloadJitting  1: 1 op, 6338021.00 ns, 6.3380 ms/op

OverheadJitting  2: 16 op, 463258.00 ns, 28.9536 us/op
WorkloadJitting  2: 16 op, 525305.00 ns, 32.8316 us/op

WorkloadPilot    1: 16 op, 21049.00 ns, 1.3156 us/op
WorkloadPilot    2: 32 op, 22813.00 ns, 712.9063 ns/op
WorkloadPilot    3: 64 op, 33873.00 ns, 529.2656 ns/op
WorkloadPilot    4: 128 op, 61285.00 ns, 478.7891 ns/op
WorkloadPilot    5: 256 op, 85099.00 ns, 332.4180 ns/op
WorkloadPilot    6: 512 op, 143549.00 ns, 280.3691 ns/op
WorkloadPilot    7: 1024 op, 251301.00 ns, 245.4111 ns/op
WorkloadPilot    8: 2048 op, 465643.00 ns, 227.3647 ns/op
WorkloadPilot    9: 4096 op, 1017007.00 ns, 248.2927 ns/op
WorkloadPilot   10: 8192 op, 1907927.00 ns, 232.9012 ns/op
WorkloadPilot   11: 16384 op, 3325575.00 ns, 202.9770 ns/op
WorkloadPilot   12: 32768 op, 8441465.00 ns, 257.6131 ns/op
WorkloadPilot   13: 65536 op, 14233763.00 ns, 217.1900 ns/op
WorkloadPilot   14: 131072 op, 16971385.00 ns, 129.4814 ns/op
WorkloadPilot   15: 262144 op, 33684515.00 ns, 128.4962 ns/op
WorkloadPilot   16: 524288 op, 67095146.00 ns, 127.9738 ns/op
WorkloadPilot   17: 1048576 op, 134627172.00 ns, 128.3905 ns/op
WorkloadPilot   18: 2097152 op, 268346041.00 ns, 127.9574 ns/op
WorkloadPilot   19: 4194304 op, 531115216.00 ns, 126.6277 ns/op

OverheadWarmup   1: 4194304 op, 13897522.00 ns, 3.3134 ns/op
OverheadWarmup   2: 4194304 op, 13894226.00 ns, 3.3126 ns/op
OverheadWarmup   3: 4194304 op, 13901069.00 ns, 3.3143 ns/op
OverheadWarmup   4: 4194304 op, 14230316.00 ns, 3.3928 ns/op
OverheadWarmup   5: 4194304 op, 13902461.00 ns, 3.3146 ns/op
OverheadWarmup   6: 4194304 op, 13876353.00 ns, 3.3084 ns/op
OverheadWarmup   7: 4194304 op, 13882724.00 ns, 3.3099 ns/op
OverheadWarmup   8: 4194304 op, 13871523.00 ns, 3.3072 ns/op

OverheadActual   1: 4194304 op, 13896160.00 ns, 3.3131 ns/op
OverheadActual   2: 4194304 op, 13900458.00 ns, 3.3141 ns/op
OverheadActual   3: 4194304 op, 13910803.00 ns, 3.3166 ns/op
OverheadActual   4: 4194304 op, 15385243.00 ns, 3.6681 ns/op
OverheadActual   5: 4194304 op, 13936500.00 ns, 3.3227 ns/op
OverheadActual   6: 4194304 op, 13900944.00 ns, 3.3142 ns/op
OverheadActual   7: 4194304 op, 13896636.00 ns, 3.3132 ns/op
OverheadActual   8: 4194304 op, 13880885.00 ns, 3.3095 ns/op
OverheadActual   9: 4194304 op, 13934696.00 ns, 3.3223 ns/op
OverheadActual  10: 4194304 op, 13881637.00 ns, 3.3096 ns/op
OverheadActual  11: 4194304 op, 13917103.00 ns, 3.3181 ns/op
OverheadActual  12: 4194304 op, 13882729.00 ns, 3.3099 ns/op
OverheadActual  13: 4194304 op, 13880155.00 ns, 3.3093 ns/op
OverheadActual  14: 4194304 op, 13882248.00 ns, 3.3098 ns/op
OverheadActual  15: 4194304 op, 13884583.00 ns, 3.3103 ns/op

WorkloadWarmup   1: 4194304 op, 537673664.00 ns, 128.1914 ns/op
WorkloadWarmup   2: 4194304 op, 534128394.00 ns, 127.3461 ns/op
WorkloadWarmup   3: 4194304 op, 540218168.00 ns, 128.7980 ns/op
WorkloadWarmup   4: 4194304 op, 546402691.00 ns, 130.2726 ns/op
WorkloadWarmup   5: 4194304 op, 570686489.00 ns, 136.0623 ns/op
WorkloadWarmup   6: 4194304 op, 549412918.00 ns, 130.9902 ns/op
WorkloadWarmup   7: 4194304 op, 560030242.00 ns, 133.5216 ns/op
WorkloadWarmup   8: 4194304 op, 542267847.00 ns, 129.2867 ns/op
WorkloadWarmup   9: 4194304 op, 537046276.00 ns, 128.0418 ns/op
WorkloadWarmup  10: 4194304 op, 537511006.00 ns, 128.1526 ns/op

// BeforeActualRun
WorkloadActual   1: 4194304 op, 534250223.00 ns, 127.3752 ns/op
WorkloadActual   2: 4194304 op, 533225863.00 ns, 127.1310 ns/op
WorkloadActual   3: 4194304 op, 531221156.00 ns, 126.6530 ns/op
WorkloadActual   4: 4194304 op, 537938918.00 ns, 128.2546 ns/op
WorkloadActual   5: 4194304 op, 531955205.00 ns, 126.8280 ns/op
WorkloadActual   6: 4194304 op, 534367305.00 ns, 127.4031 ns/op
WorkloadActual   7: 4194304 op, 533133042.00 ns, 127.1088 ns/op
WorkloadActual   8: 4194304 op, 532582421.00 ns, 126.9775 ns/op
WorkloadActual   9: 4194304 op, 533349198.00 ns, 127.1604 ns/op
WorkloadActual  10: 4194304 op, 532519373.00 ns, 126.9625 ns/op
WorkloadActual  11: 4194304 op, 530961996.00 ns, 126.5912 ns/op
WorkloadActual  12: 4194304 op, 541845511.00 ns, 129.1860 ns/op
WorkloadActual  13: 4194304 op, 528913923.00 ns, 126.1029 ns/op
WorkloadActual  14: 4194304 op, 530759750.00 ns, 126.5430 ns/op
WorkloadActual  15: 4194304 op, 528315500.00 ns, 125.9602 ns/op

// AfterActualRun
WorkloadResult   1: 4194304 op, 520353587.00 ns, 124.0620 ns/op
WorkloadResult   2: 4194304 op, 519329227.00 ns, 123.8177 ns/op
WorkloadResult   3: 4194304 op, 517324520.00 ns, 123.3398 ns/op
WorkloadResult   4: 4194304 op, 518058569.00 ns, 123.5148 ns/op
WorkloadResult   5: 4194304 op, 520470669.00 ns, 124.0899 ns/op
WorkloadResult   6: 4194304 op, 519236406.00 ns, 123.7956 ns/op
WorkloadResult   7: 4194304 op, 518685785.00 ns, 123.6643 ns/op
WorkloadResult   8: 4194304 op, 519452562.00 ns, 123.8471 ns/op
WorkloadResult   9: 4194304 op, 518622737.00 ns, 123.6493 ns/op
WorkloadResult  10: 4194304 op, 517065360.00 ns, 123.2780 ns/op
WorkloadResult  11: 4194304 op, 515017287.00 ns, 122.7897 ns/op
WorkloadResult  12: 4194304 op, 516863114.00 ns, 123.2298 ns/op
WorkloadResult  13: 4194304 op, 514418864.00 ns, 122.6470 ns/op
// GC:  70 0 0 1174405120 4194304
// Threading:  0 0 4194304

// AfterAll
// Benchmark Process 3651 has exited with code 0.
// Launch: 2 / 2
// Execute: dotnet Encina.Caching.Memory.Benchmarks-Job-NUBXJZ-1.dll --anonymousPipes 152 153 --benchmarkName Encina.Caching.Memory.Benchmarks.Benchmarks.MemoryCacheProviderBenchmarks.GetOrSetAsync_CacheHit --job MediumRun --benchmarkId 9 in /home/runner/work/Encina/Encina/tests/Encina.BenchmarkTests/Encina.Caching.Memory.Benchmarks/bin/Release/net10.0/Encina.Caching.Memory.Benchmarks-Job-NUBXJZ-1/bin/Release/net10.0
// Failed to set up high priority (Permission denied). In order to run benchmarks with high priority, make sure you have the right permissions.
// BeforeAnythingElse

// Benchmark Process Environment Information:
// BenchmarkDotNet v0.15.8
// Runtime=.NET 10.0.7 (10.0.7, 10.0.726.21808), X64 RyuJIT x86-64-v3
// GC=Concurrent Workstation
// HardwareIntrinsics=AVX2+BMI1+BMI2+F16C+FMA+LZCNT+MOVBE,AVX,SSE3+SSSE3+SSE4.1+SSE4.2+POPCNT,X86Base+SSE+SSE2,AES+PCLMUL VectorSize=256
// Job: MediumRun(IterationCount=15, LaunchCount=2, WarmupCount=10)

OverheadJitting  1: 1 op, 225171.00 ns, 225.1710 us/op
WorkloadJitting  1: 1 op, 6227390.00 ns, 6.2274 ms/op

OverheadJitting  2: 16 op, 447689.00 ns, 27.9806 us/op
WorkloadJitting  2: 16 op, 493354.00 ns, 30.8346 us/op

WorkloadPilot    1: 16 op, 20329.00 ns, 1.2706 us/op
WorkloadPilot    2: 32 op, 29025.00 ns, 907.0313 ns/op
WorkloadPilot    3: 64 op, 33413.00 ns, 522.0781 ns/op
WorkloadPilot    4: 128 op, 62417.00 ns, 487.6328 ns/op
WorkloadPilot    5: 256 op, 85811.00 ns, 335.1992 ns/op
WorkloadPilot    6: 512 op, 142958.00 ns, 279.2148 ns/op
WorkloadPilot    7: 1024 op, 312987.00 ns, 305.6514 ns/op
WorkloadPilot    8: 2048 op, 483746.00 ns, 236.2041 ns/op
WorkloadPilot    9: 4096 op, 973424.00 ns, 237.6523 ns/op
WorkloadPilot   10: 8192 op, 1986242.00 ns, 242.4612 ns/op
WorkloadPilot   11: 16384 op, 3377289.00 ns, 206.1334 ns/op
WorkloadPilot   12: 32768 op, 8409691.00 ns, 256.6434 ns/op
WorkloadPilot   13: 65536 op, 14364290.00 ns, 219.1817 ns/op
WorkloadPilot   14: 131072 op, 16977237.00 ns, 129.5260 ns/op
WorkloadPilot   15: 262144 op, 33239695.00 ns, 126.7994 ns/op
WorkloadPilot   16: 524288 op, 67250124.00 ns, 128.2694 ns/op
WorkloadPilot   17: 1048576 op, 131850752.00 ns, 125.7427 ns/op
WorkloadPilot   18: 2097152 op, 267063326.00 ns, 127.3457 ns/op
WorkloadPilot   19: 4194304 op, 530266517.00 ns, 126.4254 ns/op

OverheadWarmup   1: 4194304 op, 13932892.00 ns, 3.3219 ns/op
OverheadWarmup   2: 4194304 op, 13912052.00 ns, 3.3169 ns/op
OverheadWarmup   3: 4194304 op, 13871456.00 ns, 3.3072 ns/op
OverheadWarmup   4: 4194304 op, 13889280.00 ns, 3.3115 ns/op
OverheadWarmup   5: 4194304 op, 13896193.00 ns, 3.3131 ns/op
OverheadWarmup   6: 4194304 op, 13921420.00 ns, 3.3191 ns/op
OverheadWarmup   7: 4194304 op, 13931058.00 ns, 3.3214 ns/op
OverheadWarmup   8: 4194304 op, 13875715.00 ns, 3.3082 ns/op
OverheadWarmup   9: 4194304 op, 13859485.00 ns, 3.3044 ns/op
OverheadWarmup  10: 4194304 op, 13873941.00 ns, 3.3078 ns/op

OverheadActual   1: 4194304 op, 13878490.00 ns, 3.3089 ns/op
OverheadActual   2: 4194304 op, 13912204.00 ns, 3.3169 ns/op
OverheadActual   3: 4194304 op, 13877007.00 ns, 3.3085 ns/op
OverheadActual   4: 4194304 op, 13896624.00 ns, 3.3132 ns/op
OverheadActual   5: 4194304 op, 13892687.00 ns, 3.3123 ns/op
OverheadActual   6: 4194304 op, 13910459.00 ns, 3.3165 ns/op
OverheadActual   7: 4194304 op, 14043650.00 ns, 3.3483 ns/op
OverheadActual   8: 4194304 op, 13871196.00 ns, 3.3072 ns/op
OverheadActual   9: 4194304 op, 13952740.00 ns, 3.3266 ns/op
OverheadActual  10: 4194304 op, 13870314.00 ns, 3.3069 ns/op
OverheadActual  11: 4194304 op, 13878580.00 ns, 3.3089 ns/op
OverheadActual  12: 4194304 op, 13880544.00 ns, 3.3094 ns/op
OverheadActual  13: 4194304 op, 13882628.00 ns, 3.3099 ns/op
OverheadActual  14: 4194304 op, 13943782.00 ns, 3.3245 ns/op
OverheadActual  15: 4194304 op, 13948180.00 ns, 3.3255 ns/op

WorkloadWarmup   1: 4194304 op, 535836321.00 ns, 127.7533 ns/op
WorkloadWarmup   2: 4194304 op, 531668612.00 ns, 126.7597 ns/op
WorkloadWarmup   3: 4194304 op, 525772839.00 ns, 125.3540 ns/op
WorkloadWarmup   4: 4194304 op, 527202637.00 ns, 125.6949 ns/op
WorkloadWarmup   5: 4194304 op, 528735939.00 ns, 126.0605 ns/op
WorkloadWarmup   6: 4194304 op, 527838659.00 ns, 125.8465 ns/op
WorkloadWarmup   7: 4194304 op, 527403453.00 ns, 125.7428 ns/op
WorkloadWarmup   8: 4194304 op, 528409147.00 ns, 125.9826 ns/op
WorkloadWarmup   9: 4194304 op, 528233769.00 ns, 125.9407 ns/op
WorkloadWarmup  10: 4194304 op, 527660103.00 ns, 125.8040 ns/op

// BeforeActualRun
WorkloadActual   1: 4194304 op, 530956678.00 ns, 126.5899 ns/op
WorkloadActual   2: 4194304 op, 532224945.00 ns, 126.8923 ns/op
WorkloadActual   3: 4194304 op, 531666394.00 ns, 126.7591 ns/op
WorkloadActual   4: 4194304 op, 530748322.00 ns, 126.5403 ns/op
WorkloadActual   5: 4194304 op, 530771716.00 ns, 126.5458 ns/op
WorkloadActual   6: 4194304 op, 532755533.00 ns, 127.0188 ns/op
WorkloadActual   7: 4194304 op, 537337623.00 ns, 128.1113 ns/op
WorkloadActual   8: 4194304 op, 534923735.00 ns, 127.5358 ns/op
WorkloadActual   9: 4194304 op, 532316696.00 ns, 126.9142 ns/op
WorkloadActual  10: 4194304 op, 532367922.00 ns, 126.9264 ns/op
WorkloadActual  11: 4194304 op, 532758534.00 ns, 127.0195 ns/op
WorkloadActual  12: 4194304 op, 530879019.00 ns, 126.5714 ns/op
WorkloadActual  13: 4194304 op, 537721633.00 ns, 128.2028 ns/op
WorkloadActual  14: 4194304 op, 550946839.00 ns, 131.3560 ns/op
WorkloadActual  15: 4194304 op, 556444693.00 ns, 132.6668 ns/op

// AfterActualRun
WorkloadResult   1: 4194304 op, 517063991.00 ns, 123.2777 ns/op
WorkloadResult   2: 4194304 op, 518332258.00 ns, 123.5800 ns/op
WorkloadResult   3: 4194304 op, 517773707.00 ns, 123.4469 ns/op
WorkloadResult   4: 4194304 op, 516855635.00 ns, 123.2280 ns/op
WorkloadResult   5: 4194304 op, 516879029.00 ns, 123.2336 ns/op
WorkloadResult   6: 4194304 op, 518862846.00 ns, 123.7065 ns/op
WorkloadResult   7: 4194304 op, 523444936.00 ns, 124.7990 ns/op
WorkloadResult   8: 4194304 op, 521031048.00 ns, 124.2235 ns/op
WorkloadResult   9: 4194304 op, 518424009.00 ns, 123.6019 ns/op
WorkloadResult  10: 4194304 op, 518475235.00 ns, 123.6141 ns/op
WorkloadResult  11: 4194304 op, 518865847.00 ns, 123.7073 ns/op
WorkloadResult  12: 4194304 op, 516986332.00 ns, 123.2591 ns/op
WorkloadResult  13: 4194304 op, 523828946.00 ns, 124.8906 ns/op
// GC:  70 0 0 1174405120 4194304
// Threading:  0 0 4194304

// AfterAll
// Benchmark Process 3662 has exited with code 0.

Mean = 123.627 ns, StdErr = 0.100 ns (0.08%), N = 26, StdDev = 0.510 ns
Min = 122.647 ns, Q1 = 123.278 ns, Median = 123.608 ns, Q3 = 123.812 ns, Max = 124.891 ns
IQR = 0.534 ns, LowerFence = 122.476 ns, UpperFence = 124.614 ns
ConfidenceInterval = [123.254 ns; 123.999 ns] (CI 99.9%), Margin = 0.373 ns (0.30% of Mean)
Skewness = 0.63, Kurtosis = 3.52, MValue = 2

// ** Remained 8 (44.4 %) benchmark(s) to run. Estimated finish 2026-05-03 2:23 (0h 4m from now) **
// **************************
// Benchmark: MemoryCacheProviderBenchmarks.GetOrSetAsync_CacheMiss: Job-NUBXJZ(IterationCount=20, WarmupCount=5)
// *** Execute ***
// Launch: 1 / 1
// Execute: dotnet Encina.Caching.Memory.Benchmarks-Job-NUBXJZ-1.dll --anonymousPipes 152 153 --benchmarkName Encina.Caching.Memory.Benchmarks.Benchmarks.MemoryCacheProviderBenchmarks.GetOrSetAsync_CacheMiss --job "IterationCount=20, WarmupCount=5" --benchmarkId 10 in /home/runner/work/Encina/Encina/tests/Encina.BenchmarkTests/Encina.Caching.Memory.Benchmarks/bin/Release/net10.0/Encina.Caching.Memory.Benchmarks-Job-NUBXJZ-1/bin/Release/net10.0
// Failed to set up high priority (Permission denied). In order to run benchmarks with high priority, make sure you have the right permissions.
// BeforeAnythingElse

// Benchmark Process Environment Information:
// BenchmarkDotNet v0.15.8
// Runtime=.NET 10.0.7 (10.0.7, 10.0.726.21808), X64 RyuJIT x86-64-v3
// GC=Concurrent Workstation
// HardwareIntrinsics=AVX2+BMI1+BMI2+F16C+FMA+LZCNT+MOVBE,AVX,SSE3+SSSE3+SSE4.1+SSE4.2+POPCNT,X86Base+SSE+SSE2,AES+PCLMUL VectorSize=256
// Job: Job-NUBXJZ(IterationCount=20, WarmupCount=5)

OverheadJitting  1: 1 op, 250780.00 ns, 250.7800 us/op
WorkloadJitting  1: 1 op, 12098653.00 ns, 12.0987 ms/op

OverheadJitting  2: 16 op, 458189.00 ns, 28.6368 us/op
WorkloadJitting  2: 16 op, 527318.00 ns, 32.9574 us/op

WorkloadPilot    1: 16 op, 177643.00 ns, 11.1027 us/op
WorkloadPilot    2: 32 op, 113252.00 ns, 3.5391 us/op
WorkloadPilot    3: 64 op, 199825.00 ns, 3.1223 us/op
WorkloadPilot    4: 128 op, 291456.00 ns, 2.2770 us/op
WorkloadPilot    5: 256 op, 762719.00 ns, 2.9794 us/op
WorkloadPilot    6: 512 op, 1131230.00 ns, 2.2094 us/op
WorkloadPilot    7: 1024 op, 2827608.00 ns, 2.7613 us/op
WorkloadPilot    8: 2048 op, 5337803.00 ns, 2.6063 us/op
WorkloadPilot    9: 4096 op, 10583924.00 ns, 2.5840 us/op
WorkloadPilot   10: 8192 op, 16863162.00 ns, 2.0585 us/op
WorkloadPilot   11: 16384 op, 63876414.00 ns, 3.8987 us/op
WorkloadPilot   12: 32768 op, 141405174.00 ns, 4.3153 us/op
WorkloadPilot   13: 65536 op, 287374842.00 ns, 4.3850 us/op
WorkloadPilot   14: 131072 op, 494477023.00 ns, 3.7726 us/op
WorkloadPilot   15: 262144 op, 1350315653.00 ns, 5.1510 us/op

OverheadWarmup   1: 262144 op, 862516.00 ns, 3.2902 ns/op
OverheadWarmup   2: 262144 op, 862085.00 ns, 3.2886 ns/op
OverheadWarmup   3: 262144 op, 862476.00 ns, 3.2901 ns/op
OverheadWarmup   4: 262144 op, 861885.00 ns, 3.2878 ns/op
OverheadWarmup   5: 262144 op, 862226.00 ns, 3.2891 ns/op
OverheadWarmup   6: 262144 op, 932787.00 ns, 3.5583 ns/op
OverheadWarmup   7: 262144 op, 1051455.00 ns, 4.0110 ns/op
OverheadWarmup   8: 262144 op, 1169676.00 ns, 4.4620 ns/op
OverheadWarmup   9: 262144 op, 927473.00 ns, 3.5380 ns/op

OverheadActual   1: 262144 op, 945372.00 ns, 3.6063 ns/op
OverheadActual   2: 262144 op, 884568.00 ns, 3.3744 ns/op
OverheadActual   3: 262144 op, 936926.00 ns, 3.5741 ns/op
OverheadActual   4: 262144 op, 1047863.00 ns, 3.9973 ns/op
OverheadActual   5: 262144 op, 899746.00 ns, 3.4323 ns/op
OverheadActual   6: 262144 op, 1048935.00 ns, 4.0014 ns/op
OverheadActual   7: 262144 op, 863598.00 ns, 3.2944 ns/op
OverheadActual   8: 262144 op, 932648.00 ns, 3.5578 ns/op
OverheadActual   9: 262144 op, 931977.00 ns, 3.5552 ns/op
OverheadActual  10: 262144 op, 969998.00 ns, 3.7002 ns/op
OverheadActual  11: 262144 op, 862036.00 ns, 3.2884 ns/op
OverheadActual  12: 262144 op, 861784.00 ns, 3.2874 ns/op
OverheadActual  13: 262144 op, 861915.00 ns, 3.2879 ns/op
OverheadActual  14: 262144 op, 862075.00 ns, 3.2886 ns/op
OverheadActual  15: 262144 op, 862005.00 ns, 3.2883 ns/op
OverheadActual  16: 262144 op, 861935.00 ns, 3.2880 ns/op
OverheadActual  17: 262144 op, 861936.00 ns, 3.2880 ns/op
OverheadActual  18: 262144 op, 929351.00 ns, 3.5452 ns/op
OverheadActual  19: 262144 op, 932077.00 ns, 3.5556 ns/op

WorkloadWarmup   1: 262144 op, 1430737866.00 ns, 5.4578 us/op
WorkloadWarmup   2: 262144 op, 1166560773.00 ns, 4.4501 us/op
WorkloadWarmup   3: 262144 op, 1883228454.00 ns, 7.1839 us/op
WorkloadWarmup   4: 262144 op, 1275540029.00 ns, 4.8658 us/op
WorkloadWarmup   5: 262144 op, 1282205058.00 ns, 4.8912 us/op

// BeforeActualRun
WorkloadActual   1: 262144 op, 1212700165.00 ns, 4.6261 us/op
WorkloadActual   2: 262144 op, 1252251281.00 ns, 4.7770 us/op
WorkloadActual   3: 262144 op, 1242398345.00 ns, 4.7394 us/op
WorkloadActual   4: 262144 op, 2955865811.00 ns, 11.2757 us/op
WorkloadActual   5: 262144 op, 1443111749.00 ns, 5.5050 us/op
WorkloadActual   6: 262144 op, 1461291097.00 ns, 5.5744 us/op
WorkloadActual   7: 262144 op, 1382012777.00 ns, 5.2720 us/op
WorkloadActual   8: 262144 op, 1391920160.00 ns, 5.3098 us/op
WorkloadActual   9: 262144 op, 1408271379.00 ns, 5.3721 us/op
WorkloadActual  10: 262144 op, 1431838929.00 ns, 5.4620 us/op
WorkloadActual  11: 262144 op, 1437315879.00 ns, 5.4829 us/op
WorkloadActual  12: 262144 op, 1460179709.00 ns, 5.5701 us/op
WorkloadActual  13: 262144 op, 1457140773.00 ns, 5.5586 us/op
WorkloadActual  14: 262144 op, 1429648976.00 ns, 5.4537 us/op
WorkloadActual  15: 262144 op, 4773869816.00 ns, 18.2109 us/op
WorkloadActual  16: 262144 op, 1458977896.00 ns, 5.5656 us/op
WorkloadActual  17: 262144 op, 1488793435.00 ns, 5.6793 us/op
WorkloadActual  18: 262144 op, 1771681714.00 ns, 6.7584 us/op
WorkloadActual  19: 262144 op, 1608347104.00 ns, 6.1354 us/op
WorkloadActual  20: 262144 op, 1589249955.00 ns, 6.0625 us/op

// AfterActualRun
WorkloadResult   1: 262144 op, 1211800419.00 ns, 4.6227 us/op
WorkloadResult   2: 262144 op, 1251351535.00 ns, 4.7735 us/op
WorkloadResult   3: 262144 op, 1241498599.00 ns, 4.7359 us/op
WorkloadResult   4: 262144 op, 1442212003.00 ns, 5.5016 us/op
WorkloadResult   5: 262144 op, 1460391351.00 ns, 5.5710 us/op
WorkloadResult   6: 262144 op, 1381113031.00 ns, 5.2685 us/op
WorkloadResult   7: 262144 op, 1391020414.00 ns, 5.3063 us/op
WorkloadResult   8: 262144 op, 1407371633.00 ns, 5.3687 us/op
WorkloadResult   9: 262144 op, 1430939183.00 ns, 5.4586 us/op
WorkloadResult  10: 262144 op, 1436416133.00 ns, 5.4795 us/op
WorkloadResult  11: 262144 op, 1459279963.00 ns, 5.5667 us/op
WorkloadResult  12: 262144 op, 1456241027.00 ns, 5.5551 us/op
WorkloadResult  13: 262144 op, 1428749230.00 ns, 5.4502 us/op
WorkloadResult  14: 262144 op, 1458078150.00 ns, 5.5621 us/op
WorkloadResult  15: 262144 op, 1487893689.00 ns, 5.6759 us/op
WorkloadResult  16: 262144 op, 1607447358.00 ns, 6.1319 us/op
WorkloadResult  17: 262144 op, 1588350209.00 ns, 6.0591 us/op
// GC:  16 15 0 283115520 262144
// Threading:  0 0 262144

// AfterAll
// Benchmark Process 3670 has exited with code 0.

Mean = 5.417 μs, StdErr = 0.098 μs (1.82%), N = 17, StdDev = 0.406 μs
Min = 4.623 μs, Q1 = 5.306 μs, Median = 5.479 μs, Q3 = 5.567 μs, Max = 6.132 μs
IQR = 0.260 μs, LowerFence = 4.916 μs, UpperFence = 5.957 μs
ConfidenceInterval = [5.022 μs; 5.812 μs] (CI 99.9%), Margin = 0.395 μs (7.30% of Mean)
Skewness = -0.38, Kurtosis = 2.65, MValue = 2

// ** Remained 7 (38.9 %) benchmark(s) to run. Estimated finish 2026-05-03 2:30 (0h 6m from now) **
// **************************
// Benchmark: MemoryCacheProviderBenchmarks.GetOrSetAsync_CacheMiss: MediumRun(IterationCount=15, LaunchCount=2, WarmupCount=10)
// *** Execute ***
// Launch: 1 / 2
// Execute: dotnet Encina.Caching.Memory.Benchmarks-Job-NUBXJZ-1.dll --anonymousPipes 152 153 --benchmarkName Encina.Caching.Memory.Benchmarks.Benchmarks.MemoryCacheProviderBenchmarks.GetOrSetAsync_CacheMiss --job MediumRun --benchmarkId 11 in /home/runner/work/Encina/Encina/tests/Encina.BenchmarkTests/Encina.Caching.Memory.Benchmarks/bin/Release/net10.0/Encina.Caching.Memory.Benchmarks-Job-NUBXJZ-1/bin/Release/net10.0
// Failed to set up high priority (Permission denied). In order to run benchmarks with high priority, make sure you have the right permissions.
// BeforeAnythingElse

// Benchmark Process Environment Information:
// BenchmarkDotNet v0.15.8
// Runtime=.NET 10.0.7 (10.0.7, 10.0.726.21808), X64 RyuJIT x86-64-v3
// GC=Concurrent Workstation
// HardwareIntrinsics=AVX2+BMI1+BMI2+F16C+FMA+LZCNT+MOVBE,AVX,SSE3+SSSE3+SSE4.1+SSE4.2+POPCNT,X86Base+SSE+SSE2,AES+PCLMUL VectorSize=256
// Job: MediumRun(IterationCount=15, LaunchCount=2, WarmupCount=10)

OverheadJitting  1: 1 op, 227906.00 ns, 227.9060 us/op
WorkloadJitting  1: 1 op, 11958860.00 ns, 11.9589 ms/op

OverheadJitting  2: 16 op, 482462.00 ns, 30.1539 us/op
WorkloadJitting  2: 16 op, 510585.00 ns, 31.9116 us/op

WorkloadPilot    1: 16 op, 141334.00 ns, 8.8334 us/op
WorkloadPilot    2: 32 op, 78687.00 ns, 2.4590 us/op
WorkloadPilot    3: 64 op, 200845.00 ns, 3.1382 us/op
WorkloadPilot    4: 128 op, 286597.00 ns, 2.2390 us/op
WorkloadPilot    5: 256 op, 694279.00 ns, 2.7120 us/op
WorkloadPilot    6: 512 op, 1165189.00 ns, 2.2758 us/op
WorkloadPilot    7: 1024 op, 2652662.00 ns, 2.5905 us/op
WorkloadPilot    8: 2048 op, 4247876.00 ns, 2.0742 us/op
WorkloadPilot    9: 4096 op, 12260183.00 ns, 2.9932 us/op
WorkloadPilot   10: 8192 op, 16965796.00 ns, 2.0710 us/op
WorkloadPilot   11: 16384 op, 58050868.00 ns, 3.5431 us/op
WorkloadPilot   12: 32768 op, 138395789.00 ns, 4.2235 us/op
WorkloadPilot   13: 65536 op, 283237376.00 ns, 4.3219 us/op
WorkloadPilot   14: 131072 op, 496130789.00 ns, 3.7852 us/op
WorkloadPilot   15: 262144 op, 1315990887.00 ns, 5.0201 us/op

OverheadWarmup   1: 262144 op, 870980.00 ns, 3.3225 ns/op
OverheadWarmup   2: 262144 op, 892261.00 ns, 3.4037 ns/op
OverheadWarmup   3: 262144 op, 871932.00 ns, 3.3262 ns/op
OverheadWarmup   4: 262144 op, 1042221.00 ns, 3.9758 ns/op
OverheadWarmup   5: 262144 op, 962201.00 ns, 3.6705 ns/op

OverheadActual   1: 262144 op, 978411.00 ns, 3.7323 ns/op
OverheadActual   2: 262144 op, 960007.00 ns, 3.6621 ns/op
OverheadActual   3: 262144 op, 978061.00 ns, 3.7310 ns/op
OverheadActual   4: 262144 op, 972801.00 ns, 3.7109 ns/op
OverheadActual   5: 262144 op, 977270.00 ns, 3.7280 ns/op
OverheadActual   6: 262144 op, 961118.00 ns, 3.6664 ns/op
OverheadActual   7: 262144 op, 884435.00 ns, 3.3739 ns/op
OverheadActual   8: 262144 op, 961760.00 ns, 3.6688 ns/op
OverheadActual   9: 262144 op, 868666.00 ns, 3.3137 ns/op
OverheadActual  10: 262144 op, 953925.00 ns, 3.6389 ns/op
OverheadActual  11: 262144 op, 965767.00 ns, 3.6841 ns/op
OverheadActual  12: 262144 op, 956790.00 ns, 3.6499 ns/op
OverheadActual  13: 262144 op, 870279.00 ns, 3.3199 ns/op
OverheadActual  14: 262144 op, 940520.00 ns, 3.5878 ns/op
OverheadActual  15: 262144 op, 1082836.00 ns, 4.1307 ns/op

WorkloadWarmup   1: 262144 op, 1430444295.00 ns, 5.4567 us/op
WorkloadWarmup   2: 262144 op, 1145526434.00 ns, 4.3698 us/op
WorkloadWarmup   3: 262144 op, 1895137496.00 ns, 7.2294 us/op
WorkloadWarmup   4: 262144 op, 1273049570.00 ns, 4.8563 us/op
WorkloadWarmup   5: 262144 op, 1292396119.00 ns, 4.9301 us/op
WorkloadWarmup   6: 262144 op, 1263917844.00 ns, 4.8215 us/op
WorkloadWarmup   7: 262144 op, 1253200155.00 ns, 4.7806 us/op
WorkloadWarmup   8: 262144 op, 1260123675.00 ns, 4.8070 us/op
WorkloadWarmup   9: 262144 op, 3045386383.00 ns, 11.6172 us/op
WorkloadWarmup  10: 262144 op, 1402675630.00 ns, 5.3508 us/op

// BeforeActualRun
WorkloadActual   1: 262144 op, 1505526720.00 ns, 5.7431 us/op
WorkloadActual   2: 262144 op, 1405391980.00 ns, 5.3611 us/op
WorkloadActual   3: 262144 op, 1414312174.00 ns, 5.3952 us/op
WorkloadActual   4: 262144 op, 1412387243.00 ns, 5.3878 us/op
WorkloadActual   5: 262144 op, 1409568075.00 ns, 5.3771 us/op
WorkloadActual   6: 262144 op, 1420637007.00 ns, 5.4193 us/op
WorkloadActual   7: 262144 op, 1438752719.00 ns, 5.4884 us/op
WorkloadActual   8: 262144 op, 1457967478.00 ns, 5.5617 us/op
WorkloadActual   9: 262144 op, 1437392484.00 ns, 5.4832 us/op
WorkloadActual  10: 262144 op, 1423583239.00 ns, 5.4305 us/op
WorkloadActual  11: 262144 op, 4718313506.00 ns, 17.9989 us/op
WorkloadActual  12: 262144 op, 1365406656.00 ns, 5.2086 us/op
WorkloadActual  13: 262144 op, 1568370976.00 ns, 5.9829 us/op
WorkloadActual  14: 262144 op, 1669990519.00 ns, 6.3705 us/op
WorkloadActual  15: 262144 op, 1630179456.00 ns, 6.2186 us/op

// AfterActualRun
WorkloadResult   1: 262144 op, 1504565602.00 ns, 5.7395 us/op
WorkloadResult   2: 262144 op, 1404430862.00 ns, 5.3575 us/op
WorkloadResult   3: 262144 op, 1413351056.00 ns, 5.3915 us/op
WorkloadResult   4: 262144 op, 1411426125.00 ns, 5.3842 us/op
WorkloadResult   5: 262144 op, 1408606957.00 ns, 5.3734 us/op
WorkloadResult   6: 262144 op, 1419675889.00 ns, 5.4156 us/op
WorkloadResult   7: 262144 op, 1437791601.00 ns, 5.4847 us/op
WorkloadResult   8: 262144 op, 1457006360.00 ns, 5.5580 us/op
WorkloadResult   9: 262144 op, 1436431366.00 ns, 5.4796 us/op
WorkloadResult  10: 262144 op, 1422622121.00 ns, 5.4269 us/op
WorkloadResult  11: 262144 op, 1364445538.00 ns, 5.2049 us/op
WorkloadResult  12: 262144 op, 1567409858.00 ns, 5.9792 us/op
WorkloadResult  13: 262144 op, 1669029401.00 ns, 6.3668 us/op
WorkloadResult  14: 262144 op, 1629218338.00 ns, 6.2150 us/op
// GC:  16 15 0 283115584 262144
// Threading:  1 0 262144

// AfterAll
// Benchmark Process 3768 has exited with code 0.
// Launch: 2 / 2
// Execute: dotnet Encina.Caching.Memory.Benchmarks-Job-NUBXJZ-1.dll --anonymousPipes 152 153 --benchmarkName Encina.Caching.Memory.Benchmarks.Benchmarks.MemoryCacheProviderBenchmarks.GetOrSetAsync_CacheMiss --job MediumRun --benchmarkId 11 in /home/runner/work/Encina/Encina/tests/Encina.BenchmarkTests/Encina.Caching.Memory.Benchmarks/bin/Release/net10.0/Encina.Caching.Memory.Benchmarks-Job-NUBXJZ-1/bin/Release/net10.0
// Failed to set up high priority (Permission denied). In order to run benchmarks with high priority, make sure you have the right permissions.
// BeforeAnythingElse

// Benchmark Process Environment Information:
// BenchmarkDotNet v0.15.8
// Runtime=.NET 10.0.7 (10.0.7, 10.0.726.21808), X64 RyuJIT x86-64-v3
// GC=Concurrent Workstation
// HardwareIntrinsics=AVX2+BMI1+BMI2+F16C+FMA+LZCNT+MOVBE,AVX,SSE3+SSSE3+SSE4.1+SSE4.2+POPCNT,X86Base+SSE+SSE2,AES+PCLMUL VectorSize=256
// Job: MediumRun(IterationCount=15, LaunchCount=2, WarmupCount=10)

OverheadJitting  1: 1 op, 258584.00 ns, 258.5840 us/op
WorkloadJitting  1: 1 op, 12269048.00 ns, 12.2690 ms/op

OverheadJitting  2: 16 op, 518310.00 ns, 32.3944 us/op
WorkloadJitting  2: 16 op, 661419.00 ns, 41.3387 us/op

WorkloadPilot    1: 16 op, 47870.00 ns, 2.9919 us/op
WorkloadPilot    2: 32 op, 107271.00 ns, 3.3522 us/op
WorkloadPilot    3: 64 op, 160560.00 ns, 2.5088 us/op
WorkloadPilot    4: 128 op, 432009.00 ns, 3.3751 us/op
WorkloadPilot    5: 256 op, 689070.00 ns, 2.6917 us/op
WorkloadPilot    6: 512 op, 1418355.00 ns, 2.7702 us/op
WorkloadPilot    7: 1024 op, 2555253.00 ns, 2.4954 us/op
WorkloadPilot    8: 2048 op, 5429584.00 ns, 2.6512 us/op
WorkloadPilot    9: 4096 op, 8637790.00 ns, 2.1088 us/op
WorkloadPilot   10: 8192 op, 21261933.00 ns, 2.5955 us/op
WorkloadPilot   11: 16384 op, 59580034.00 ns, 3.6365 us/op
WorkloadPilot   12: 32768 op, 146763584.00 ns, 4.4789 us/op
WorkloadPilot   13: 65536 op, 288086437.00 ns, 4.3959 us/op
WorkloadPilot   14: 131072 op, 512249790.00 ns, 3.9082 us/op

OverheadWarmup   1: 131072 op, 439482.00 ns, 3.3530 ns/op
OverheadWarmup   2: 131072 op, 442940.00 ns, 3.3794 ns/op
OverheadWarmup   3: 131072 op, 447998.00 ns, 3.4180 ns/op
OverheadWarmup   4: 131072 op, 439413.00 ns, 3.3525 ns/op
OverheadWarmup   5: 131072 op, 425837.00 ns, 3.2489 ns/op
OverheadWarmup   6: 131072 op, 439463.00 ns, 3.3528 ns/op
OverheadWarmup   7: 131072 op, 438331.00 ns, 3.3442 ns/op

OverheadActual   1: 131072 op, 425767.00 ns, 3.2483 ns/op
OverheadActual   2: 131072 op, 425695.00 ns, 3.2478 ns/op
OverheadActual   3: 131072 op, 443138.00 ns, 3.3809 ns/op
OverheadActual   4: 131072 op, 425606.00 ns, 3.2471 ns/op
OverheadActual   5: 131072 op, 439051.00 ns, 3.3497 ns/op
OverheadActual   6: 131072 op, 425745.00 ns, 3.2482 ns/op
OverheadActual   7: 131072 op, 425675.00 ns, 3.2476 ns/op
OverheadActual   8: 131072 op, 439351.00 ns, 3.3520 ns/op
OverheadActual   9: 131072 op, 425996.00 ns, 3.2501 ns/op
OverheadActual  10: 131072 op, 425536.00 ns, 3.2466 ns/op
OverheadActual  11: 131072 op, 439822.00 ns, 3.3556 ns/op
OverheadActual  12: 131072 op, 438600.00 ns, 3.3463 ns/op
OverheadActual  13: 131072 op, 439703.00 ns, 3.3547 ns/op
OverheadActual  14: 131072 op, 425657.00 ns, 3.2475 ns/op
OverheadActual  15: 131072 op, 425937.00 ns, 3.2496 ns/op

WorkloadWarmup   1: 131072 op, 650254563.00 ns, 4.9610 us/op
WorkloadWarmup   2: 131072 op, 523067353.00 ns, 3.9907 us/op
WorkloadWarmup   3: 131072 op, 831973185.00 ns, 6.3475 us/op
WorkloadWarmup   4: 131072 op, 569397807.00 ns, 4.3442 us/op
WorkloadWarmup   5: 131072 op, 557747939.00 ns, 4.2553 us/op
WorkloadWarmup   6: 131072 op, 571227968.00 ns, 4.3581 us/op
WorkloadWarmup   7: 131072 op, 594124085.00 ns, 4.5328 us/op
WorkloadWarmup   8: 131072 op, 1348269676.00 ns, 10.2865 us/op
WorkloadWarmup   9: 131072 op, 647495041.00 ns, 4.9400 us/op
WorkloadWarmup  10: 131072 op, 709675430.00 ns, 5.4144 us/op

// BeforeActualRun
WorkloadActual   1: 131072 op, 619294775.00 ns, 4.7248 us/op
WorkloadActual   2: 131072 op, 655010490.00 ns, 4.9973 us/op
WorkloadActual   3: 131072 op, 666936973.00 ns, 5.0883 us/op
WorkloadActual   4: 131072 op, 630655194.00 ns, 4.8115 us/op
WorkloadActual   5: 131072 op, 659926569.00 ns, 5.0348 us/op
WorkloadActual   6: 131072 op, 656753186.00 ns, 5.0106 us/op
WorkloadActual   7: 131072 op, 665219374.00 ns, 5.0752 us/op
WorkloadActual   8: 131072 op, 656116113.00 ns, 5.0058 us/op
WorkloadActual   9: 131072 op, 2321950910.00 ns, 17.7151 us/op
WorkloadActual  10: 131072 op, 695264438.00 ns, 5.3044 us/op
WorkloadActual  11: 131072 op, 704356242.00 ns, 5.3738 us/op
WorkloadActual  12: 131072 op, 740418593.00 ns, 5.6489 us/op
WorkloadActual  13: 131072 op, 793577290.00 ns, 6.0545 us/op
WorkloadActual  14: 131072 op, 750116755.00 ns, 5.7229 us/op
WorkloadActual  15: 131072 op, 786661271.00 ns, 6.0017 us/op

// AfterActualRun
WorkloadResult   1: 131072 op, 618868838.00 ns, 4.7216 us/op
WorkloadResult   2: 131072 op, 654584553.00 ns, 4.9941 us/op
WorkloadResult   3: 131072 op, 666511036.00 ns, 5.0851 us/op
WorkloadResult   4: 131072 op, 630229257.00 ns, 4.8083 us/op
WorkloadResult   5: 131072 op, 659500632.00 ns, 5.0316 us/op
WorkloadResult   6: 131072 op, 656327249.00 ns, 5.0074 us/op
WorkloadResult   7: 131072 op, 664793437.00 ns, 5.0720 us/op
WorkloadResult   8: 131072 op, 655690176.00 ns, 5.0025 us/op
WorkloadResult   9: 131072 op, 694838501.00 ns, 5.3012 us/op
WorkloadResult  10: 131072 op, 703930305.00 ns, 5.3706 us/op
WorkloadResult  11: 131072 op, 739992656.00 ns, 5.6457 us/op
WorkloadResult  12: 131072 op, 793151353.00 ns, 6.0513 us/op
WorkloadResult  13: 131072 op, 749690818.00 ns, 5.7197 us/op
WorkloadResult  14: 131072 op, 786235334.00 ns, 5.9985 us/op
// GC:  8 7 0 141557824 131072
// Threading:  1 0 131072

// AfterAll
// Benchmark Process 3817 has exited with code 0.

Mean = 5.435 μs, StdErr = 0.079 μs (1.45%), N = 28, StdDev = 0.416 μs
Min = 4.722 μs, Q1 = 5.082 μs, Median = 5.388 μs, Q3 = 5.664 μs, Max = 6.367 μs
IQR = 0.582 μs, LowerFence = 4.208 μs, UpperFence = 6.538 μs
ConfidenceInterval = [5.145 μs; 5.726 μs] (CI 99.9%), Margin = 0.290 μs (5.34% of Mean)
Skewness = 0.44, Kurtosis = 2.44, MValue = 2

// ** Remained 6 (33.3 %) benchmark(s) to run. Estimated finish 2026-05-03 2:40 (0h 8m from now) **
// **************************
// Benchmark: MemoryCacheProviderBenchmarks.RemoveAsync: Job-NUBXJZ(IterationCount=20, WarmupCount=5)
// *** Execute ***
// Launch: 1 / 1
// Execute: dotnet Encina.Caching.Memory.Benchmarks-Job-NUBXJZ-1.dll --anonymousPipes 152 153 --benchmarkName Encina.Caching.Memory.Benchmarks.Benchmarks.MemoryCacheProviderBenchmarks.RemoveAsync --job "IterationCount=20, WarmupCount=5" --benchmarkId 12 in /home/runner/work/Encina/Encina/tests/Encina.BenchmarkTests/Encina.Caching.Memory.Benchmarks/bin/Release/net10.0/Encina.Caching.Memory.Benchmarks-Job-NUBXJZ-1/bin/Release/net10.0
// Failed to set up high priority (Permission denied). In order to run benchmarks with high priority, make sure you have the right permissions.
// BeforeAnythingElse

// Benchmark Process Environment Information:
// BenchmarkDotNet v0.15.8
// Runtime=.NET 10.0.7 (10.0.7, 10.0.726.21808), X64 RyuJIT x86-64-v3
// GC=Concurrent Workstation
// HardwareIntrinsics=AVX2+BMI1+BMI2+F16C+FMA+LZCNT+MOVBE,AVX,SSE3+SSSE3+SSE4.1+SSE4.2+POPCNT,X86Base+SSE+SSE2,AES+PCLMUL VectorSize=256
// Job: Job-NUBXJZ(IterationCount=20, WarmupCount=5)

OverheadJitting  1: 1 op, 170439.00 ns, 170.4390 us/op
WorkloadJitting  1: 1 op, 8269379.00 ns, 8.2694 ms/op

OverheadJitting  2: 16 op, 194905.00 ns, 12.1816 us/op
WorkloadJitting  2: 16 op, 583603.00 ns, 36.4752 us/op

WorkloadPilot    1: 16 op, 90189.00 ns, 5.6368 us/op
WorkloadPilot    2: 32 op, 137888.00 ns, 4.3090 us/op
WorkloadPilot    3: 64 op, 239519.00 ns, 3.7425 us/op
WorkloadPilot    4: 128 op, 463047.00 ns, 3.6176 us/op
WorkloadPilot    5: 256 op, 849600.00 ns, 3.3188 us/op
WorkloadPilot    6: 512 op, 1595867.00 ns, 3.1169 us/op
WorkloadPilot    7: 1024 op, 3253310.00 ns, 3.1771 us/op
WorkloadPilot    8: 2048 op, 6482043.00 ns, 3.1651 us/op
WorkloadPilot    9: 4096 op, 12916328.00 ns, 3.1534 us/op
WorkloadPilot   10: 8192 op, 26820035.00 ns, 3.2739 us/op
WorkloadPilot   11: 16384 op, 51668730.00 ns, 3.1536 us/op
WorkloadPilot   12: 32768 op, 94289804.00 ns, 2.8775 us/op
WorkloadPilot   13: 65536 op, 184001587.00 ns, 2.8076 us/op
WorkloadPilot   14: 131072 op, 360807915.00 ns, 2.7527 us/op
WorkloadPilot   15: 262144 op, 728873140.00 ns, 2.7804 us/op

OverheadWarmup   1: 262144 op, 428562.00 ns, 1.6348 ns/op
OverheadWarmup   2: 262144 op, 440936.00 ns, 1.6820 ns/op
OverheadWarmup   3: 262144 op, 486320.00 ns, 1.8552 ns/op
OverheadWarmup   4: 262144 op, 440485.00 ns, 1.6803 ns/op
OverheadWarmup   5: 262144 op, 424685.00 ns, 1.6200 ns/op
OverheadWarmup   6: 262144 op, 424715.00 ns, 1.6202 ns/op
OverheadWarmup   7: 262144 op, 424715.00 ns, 1.6202 ns/op

OverheadActual   1: 262144 op, 424775.00 ns, 1.6204 ns/op
OverheadActual   2: 262144 op, 424744.00 ns, 1.6203 ns/op
OverheadActual   3: 262144 op, 424755.00 ns, 1.6203 ns/op
OverheadActual   4: 262144 op, 442178.00 ns, 1.6868 ns/op
OverheadActual   5: 262144 op, 424675.00 ns, 1.6200 ns/op
OverheadActual   6: 262144 op, 424725.00 ns, 1.6202 ns/op
OverheadActual   7: 262144 op, 424725.00 ns, 1.6202 ns/op
OverheadActual   8: 262144 op, 441216.00 ns, 1.6831 ns/op
OverheadActual   9: 262144 op, 441897.00 ns, 1.6857 ns/op
OverheadActual  10: 262144 op, 440885.00 ns, 1.6818 ns/op
OverheadActual  11: 262144 op, 442107.00 ns, 1.6865 ns/op
OverheadActual  12: 262144 op, 441397.00 ns, 1.6838 ns/op
OverheadActual  13: 262144 op, 440735.00 ns, 1.6813 ns/op
OverheadActual  14: 262144 op, 424684.00 ns, 1.6200 ns/op
OverheadActual  15: 262144 op, 424675.00 ns, 1.6200 ns/op

WorkloadWarmup   1: 262144 op, 734147416.00 ns, 2.8006 us/op
WorkloadWarmup   2: 262144 op, 742457986.00 ns, 2.8323 us/op
WorkloadWarmup   3: 262144 op, 737828584.00 ns, 2.8146 us/op
WorkloadWarmup   4: 262144 op, 725695555.00 ns, 2.7683 us/op
WorkloadWarmup   5: 262144 op, 729958198.00 ns, 2.7846 us/op

// BeforeActualRun
WorkloadActual   1: 262144 op, 732363754.00 ns, 2.7937 us/op
WorkloadActual   2: 262144 op, 736424923.00 ns, 2.8092 us/op
WorkloadActual   3: 262144 op, 738717121.00 ns, 2.8180 us/op
WorkloadActual   4: 262144 op, 737360452.00 ns, 2.8128 us/op
WorkloadActual   5: 262144 op, 746146134.00 ns, 2.8463 us/op
WorkloadActual   6: 262144 op, 747548599.00 ns, 2.8517 us/op
WorkloadActual   7: 262144 op, 743185689.00 ns, 2.8350 us/op
WorkloadActual   8: 262144 op, 728281443.00 ns, 2.7782 us/op
WorkloadActual   9: 262144 op, 744486519.00 ns, 2.8400 us/op
WorkloadActual  10: 262144 op, 741086643.00 ns, 2.8270 us/op
WorkloadActual  11: 262144 op, 756032185.00 ns, 2.8840 us/op
WorkloadActual  12: 262144 op, 745082053.00 ns, 2.8423 us/op
WorkloadActual  13: 262144 op, 746488929.00 ns, 2.8476 us/op
WorkloadActual  14: 262144 op, 733493082.00 ns, 2.7981 us/op
WorkloadActual  15: 262144 op, 739390329.00 ns, 2.8206 us/op
WorkloadActual  16: 262144 op, 745110678.00 ns, 2.8424 us/op
WorkloadActual  17: 262144 op, 737118561.00 ns, 2.8119 us/op
WorkloadActual  18: 262144 op, 744888513.00 ns, 2.8415 us/op
WorkloadActual  19: 262144 op, 745400481.00 ns, 2.8435 us/op
WorkloadActual  20: 262144 op, 736839960.00 ns, 2.8108 us/op

// AfterActualRun
WorkloadResult   1: 262144 op, 731938979.00 ns, 2.7921 us/op
WorkloadResult   2: 262144 op, 736000148.00 ns, 2.8076 us/op
WorkloadResult   3: 262144 op, 738292346.00 ns, 2.8164 us/op
WorkloadResult   4: 262144 op, 736935677.00 ns, 2.8112 us/op
WorkloadResult   5: 262144 op, 745721359.00 ns, 2.8447 us/op
WorkloadResult   6: 262144 op, 747123824.00 ns, 2.8501 us/op
WorkloadResult   7: 262144 op, 742760914.00 ns, 2.8334 us/op
WorkloadResult   8: 262144 op, 727856668.00 ns, 2.7766 us/op
WorkloadResult   9: 262144 op, 744061744.00 ns, 2.8384 us/op
WorkloadResult  10: 262144 op, 740661868.00 ns, 2.8254 us/op
WorkloadResult  11: 262144 op, 755607410.00 ns, 2.8824 us/op
WorkloadResult  12: 262144 op, 744657278.00 ns, 2.8406 us/op
WorkloadResult  13: 262144 op, 746064154.00 ns, 2.8460 us/op
WorkloadResult  14: 262144 op, 733068307.00 ns, 2.7964 us/op
WorkloadResult  15: 262144 op, 738965554.00 ns, 2.8189 us/op
WorkloadResult  16: 262144 op, 744685903.00 ns, 2.8408 us/op
WorkloadResult  17: 262144 op, 736693786.00 ns, 2.8103 us/op
WorkloadResult  18: 262144 op, 744463738.00 ns, 2.8399 us/op
WorkloadResult  19: 262144 op, 744975706.00 ns, 2.8419 us/op
WorkloadResult  20: 262144 op, 736415185.00 ns, 2.8092 us/op
// GC:  12 0 0 205520896 262144
// Threading:  262144 0 262144

// AfterAll
// Benchmark Process 3849 has exited with code 0.

Mean = 2.826 μs, StdErr = 0.005 μs (0.19%), N = 20, StdDev = 0.024 μs
Min = 2.777 μs, Q1 = 2.810 μs, Median = 2.829 μs, Q3 = 2.841 μs, Max = 2.882 μs
IQR = 0.031 μs, LowerFence = 2.763 μs, UpperFence = 2.888 μs
ConfidenceInterval = [2.805 μs; 2.847 μs] (CI 99.9%), Margin = 0.021 μs (0.75% of Mean)
Skewness = 0.05, Kurtosis = 2.74, MValue = 2

// ** Remained 5 (27.8 %) benchmark(s) to run. Estimated finish 2026-05-03 2:38 (0h 7m from now) **
// **************************
// Benchmark: MemoryCacheProviderBenchmarks.RemoveAsync: MediumRun(IterationCount=15, LaunchCount=2, WarmupCount=10)
// *** Execute ***
// Launch: 1 / 2
// Execute: dotnet Encina.Caching.Memory.Benchmarks-Job-NUBXJZ-1.dll --anonymousPipes 152 153 --benchmarkName Encina.Caching.Memory.Benchmarks.Benchmarks.MemoryCacheProviderBenchmarks.RemoveAsync --job MediumRun --benchmarkId 13 in /home/runner/work/Encina/Encina/tests/Encina.BenchmarkTests/Encina.Caching.Memory.Benchmarks/bin/Release/net10.0/Encina.Caching.Memory.Benchmarks-Job-NUBXJZ-1/bin/Release/net10.0
// Failed to set up high priority (Permission denied). In order to run benchmarks with high priority, make sure you have the right permissions.
// BeforeAnythingElse

// Benchmark Process Environment Information:
// BenchmarkDotNet v0.15.8
// Runtime=.NET 10.0.7 (10.0.7, 10.0.726.21808), X64 RyuJIT x86-64-v3
// GC=Concurrent Workstation
// HardwareIntrinsics=AVX2+BMI1+BMI2+F16C+FMA+LZCNT+MOVBE,AVX,SSE3+SSSE3+SSE4.1+SSE4.2+POPCNT,X86Base+SSE+SSE2,AES+PCLMUL VectorSize=256
// Job: MediumRun(IterationCount=15, LaunchCount=2, WarmupCount=10)

OverheadJitting  1: 1 op, 171882.00 ns, 171.8820 us/op
WorkloadJitting  1: 1 op, 8476655.00 ns, 8.4767 ms/op

OverheadJitting  2: 16 op, 194955.00 ns, 12.1847 us/op
WorkloadJitting  2: 16 op, 319318.00 ns, 19.9574 us/op

WorkloadPilot    1: 16 op, 68078.00 ns, 4.2549 us/op
WorkloadPilot    2: 32 op, 137727.00 ns, 4.3040 us/op
WorkloadPilot    3: 64 op, 208551.00 ns, 3.2586 us/op
WorkloadPilot    4: 128 op, 360495.00 ns, 2.8164 us/op
WorkloadPilot    5: 256 op, 905064.00 ns, 3.5354 us/op
WorkloadPilot    6: 512 op, 1727824.00 ns, 3.3747 us/op
WorkloadPilot    7: 1024 op, 3445698.00 ns, 3.3649 us/op
WorkloadPilot    8: 2048 op, 6508291.00 ns, 3.1779 us/op
WorkloadPilot    9: 4096 op, 13112241.00 ns, 3.2012 us/op
WorkloadPilot   10: 8192 op, 26178815.00 ns, 3.1957 us/op
WorkloadPilot   11: 16384 op, 50184413.00 ns, 3.0630 us/op
WorkloadPilot   12: 32768 op, 100527131.00 ns, 3.0678 us/op
WorkloadPilot   13: 65536 op, 188205425.00 ns, 2.8718 us/op
WorkloadPilot   14: 131072 op, 367868452.00 ns, 2.8066 us/op
WorkloadPilot   15: 262144 op, 731090582.00 ns, 2.7889 us/op

OverheadWarmup   1: 262144 op, 446666.00 ns, 1.7039 ns/op
OverheadWarmup   2: 262144 op, 424685.00 ns, 1.6200 ns/op
OverheadWarmup   3: 262144 op, 424695.00 ns, 1.6201 ns/op
OverheadWarmup   4: 262144 op, 440965.00 ns, 1.6821 ns/op
OverheadWarmup   5: 262144 op, 442849.00 ns, 1.6893 ns/op
OverheadWarmup   6: 262144 op, 441656.00 ns, 1.6848 ns/op
OverheadWarmup   7: 262144 op, 441576.00 ns, 1.6845 ns/op
OverheadWarmup   8: 262144 op, 441937.00 ns, 1.6859 ns/op
OverheadWarmup   9: 262144 op, 441286.00 ns, 1.6834 ns/op

OverheadActual   1: 262144 op, 425486.00 ns, 1.6231 ns/op
OverheadActual   2: 262144 op, 424675.00 ns, 1.6200 ns/op
OverheadActual   3: 262144 op, 442118.00 ns, 1.6865 ns/op
OverheadActual   4: 262144 op, 424675.00 ns, 1.6200 ns/op
OverheadActual   5: 262144 op, 424745.00 ns, 1.6203 ns/op
OverheadActual   6: 262144 op, 424655.00 ns, 1.6199 ns/op
OverheadActual   7: 262144 op, 424704.00 ns, 1.6201 ns/op
OverheadActual   8: 262144 op, 425466.00 ns, 1.6230 ns/op
OverheadActual   9: 262144 op, 424665.00 ns, 1.6200 ns/op
OverheadActual  10: 262144 op, 424614.00 ns, 1.6198 ns/op
OverheadActual  11: 262144 op, 424695.00 ns, 1.6201 ns/op
OverheadActual  12: 262144 op, 424635.00 ns, 1.6199 ns/op
OverheadActual  13: 262144 op, 424665.00 ns, 1.6200 ns/op
OverheadActual  14: 262144 op, 425406.00 ns, 1.6228 ns/op
OverheadActual  15: 262144 op, 425476.00 ns, 1.6231 ns/op

WorkloadWarmup   1: 262144 op, 755857031.00 ns, 2.8834 us/op
WorkloadWarmup   2: 262144 op, 747941364.00 ns, 2.8532 us/op
WorkloadWarmup   3: 262144 op, 738816753.00 ns, 2.8184 us/op
WorkloadWarmup   4: 262144 op, 740745923.00 ns, 2.8257 us/op
WorkloadWarmup   5: 262144 op, 754837499.00 ns, 2.8795 us/op
WorkloadWarmup   6: 262144 op, 737520402.00 ns, 2.8134 us/op
WorkloadWarmup   7: 262144 op, 744016395.00 ns, 2.8382 us/op
WorkloadWarmup   8: 262144 op, 736023103.00 ns, 2.8077 us/op
WorkloadWarmup   9: 262144 op, 740087932.00 ns, 2.8232 us/op
WorkloadWarmup  10: 262144 op, 741953033.00 ns, 2.8303 us/op

// BeforeActualRun
WorkloadActual   1: 262144 op, 740105822.00 ns, 2.8233 us/op
WorkloadActual   2: 262144 op, 740704128.00 ns, 2.8256 us/op
WorkloadActual   3: 262144 op, 740405583.00 ns, 2.8244 us/op
WorkloadActual   4: 262144 op, 740779477.00 ns, 2.8258 us/op
WorkloadActual   5: 262144 op, 733177571.00 ns, 2.7969 us/op
WorkloadActual   6: 262144 op, 729450662.00 ns, 2.7826 us/op
WorkloadActual   7: 262144 op, 756355317.00 ns, 2.8853 us/op
WorkloadActual   8: 262144 op, 750222806.00 ns, 2.8619 us/op
WorkloadActual   9: 262144 op, 742592777.00 ns, 2.8328 us/op
WorkloadActual  10: 262144 op, 749472264.00 ns, 2.8590 us/op
WorkloadActual  11: 262144 op, 734073481.00 ns, 2.8003 us/op
WorkloadActual  12: 262144 op, 752572790.00 ns, 2.8708 us/op
WorkloadActual  13: 262144 op, 739836201.00 ns, 2.8223 us/op
WorkloadActual  14: 262144 op, 738316883.00 ns, 2.8165 us/op
WorkloadActual  15: 262144 op, 745198400.00 ns, 2.8427 us/op

// AfterActualRun
WorkloadResult   1: 262144 op, 739681127.00 ns, 2.8217 us/op
WorkloadResult   2: 262144 op, 740279433.00 ns, 2.8239 us/op
WorkloadResult   3: 262144 op, 739980888.00 ns, 2.8228 us/op
WorkloadResult   4: 262144 op, 740354782.00 ns, 2.8242 us/op
WorkloadResult   5: 262144 op, 732752876.00 ns, 2.7952 us/op
WorkloadResult   6: 262144 op, 729025967.00 ns, 2.7810 us/op
WorkloadResult   7: 262144 op, 755930622.00 ns, 2.8836 us/op
WorkloadResult   8: 262144 op, 749798111.00 ns, 2.8603 us/op
WorkloadResult   9: 262144 op, 742168082.00 ns, 2.8311 us/op
WorkloadResult  10: 262144 op, 749047569.00 ns, 2.8574 us/op
WorkloadResult  11: 262144 op, 733648786.00 ns, 2.7986 us/op
WorkloadResult  12: 262144 op, 752148095.00 ns, 2.8692 us/op
WorkloadResult  13: 262144 op, 739411506.00 ns, 2.8206 us/op
WorkloadResult  14: 262144 op, 737892188.00 ns, 2.8148 us/op
WorkloadResult  15: 262144 op, 744773705.00 ns, 2.8411 us/op
// GC:  12 0 0 205520896 262144
// Threading:  262144 0 262144

// AfterAll
// Benchmark Process 3865 has exited with code 0.
// Launch: 2 / 2
// Execute: dotnet Encina.Caching.Memory.Benchmarks-Job-NUBXJZ-1.dll --anonymousPipes 152 153 --benchmarkName Encina.Caching.Memory.Benchmarks.Benchmarks.MemoryCacheProviderBenchmarks.RemoveAsync --job MediumRun --benchmarkId 13 in /home/runner/work/Encina/Encina/tests/Encina.BenchmarkTests/Encina.Caching.Memory.Benchmarks/bin/Release/net10.0/Encina.Caching.Memory.Benchmarks-Job-NUBXJZ-1/bin/Release/net10.0
// Failed to set up high priority (Permission denied). In order to run benchmarks with high priority, make sure you have the right permissions.
// BeforeAnythingElse

// Benchmark Process Environment Information:
// BenchmarkDotNet v0.15.8
// Runtime=.NET 10.0.7 (10.0.7, 10.0.726.21808), X64 RyuJIT x86-64-v3
// GC=Concurrent Workstation
// HardwareIntrinsics=AVX2+BMI1+BMI2+F16C+FMA+LZCNT+MOVBE,AVX,SSE3+SSSE3+SSE4.1+SSE4.2+POPCNT,X86Base+SSE+SSE2,AES+PCLMUL VectorSize=256
// Job: MediumRun(IterationCount=15, LaunchCount=2, WarmupCount=10)

OverheadJitting  1: 1 op, 242604.00 ns, 242.6040 us/op
WorkloadJitting  1: 1 op, 8262731.00 ns, 8.2627 ms/op

OverheadJitting  2: 16 op, 196267.00 ns, 12.2667 us/op
WorkloadJitting  2: 16 op, 315200.00 ns, 19.7000 us/op

WorkloadPilot    1: 16 op, 83276.00 ns, 5.2048 us/op
WorkloadPilot    2: 32 op, 133389.00 ns, 4.1684 us/op
WorkloadPilot    3: 64 op, 222476.00 ns, 3.4762 us/op
WorkloadPilot    4: 128 op, 317484.00 ns, 2.4803 us/op
WorkloadPilot    5: 256 op, 845182.00 ns, 3.3015 us/op
WorkloadPilot    6: 512 op, 1569387.00 ns, 3.0652 us/op
WorkloadPilot    7: 1024 op, 2506440.00 ns, 2.4477 us/op
WorkloadPilot    8: 2048 op, 6226200.00 ns, 3.0401 us/op
WorkloadPilot    9: 4096 op, 13639613.00 ns, 3.3300 us/op
WorkloadPilot   10: 8192 op, 25825685.00 ns, 3.1525 us/op
WorkloadPilot   11: 16384 op, 49369830.00 ns, 3.0133 us/op
WorkloadPilot   12: 32768 op, 99269663.00 ns, 3.0295 us/op
WorkloadPilot   13: 65536 op, 186185719.00 ns, 2.8410 us/op
WorkloadPilot   14: 131072 op, 364576753.00 ns, 2.7815 us/op
WorkloadPilot   15: 262144 op, 721533685.00 ns, 2.7524 us/op

OverheadWarmup   1: 262144 op, 542385.00 ns, 2.0690 ns/op
OverheadWarmup   2: 262144 op, 442108.00 ns, 1.6865 ns/op
OverheadWarmup   3: 262144 op, 442057.00 ns, 1.6863 ns/op
OverheadWarmup   4: 262144 op, 442959.00 ns, 1.6898 ns/op
OverheadWarmup   5: 262144 op, 441587.00 ns, 1.6845 ns/op
OverheadWarmup   6: 262144 op, 440705.00 ns, 1.6812 ns/op
OverheadWarmup   7: 262144 op, 441186.00 ns, 1.6830 ns/op
OverheadWarmup   8: 262144 op, 440575.00 ns, 1.6807 ns/op

OverheadActual   1: 262144 op, 424735.00 ns, 1.6202 ns/op
OverheadActual   2: 262144 op, 424715.00 ns, 1.6202 ns/op
OverheadActual   3: 262144 op, 442508.00 ns, 1.6880 ns/op
OverheadActual   4: 262144 op, 424735.00 ns, 1.6202 ns/op
OverheadActual   5: 262144 op, 424645.00 ns, 1.6199 ns/op
OverheadActual   6: 262144 op, 440714.00 ns, 1.6812 ns/op
OverheadActual   7: 262144 op, 439633.00 ns, 1.6771 ns/op
OverheadActual   8: 262144 op, 439563.00 ns, 1.6768 ns/op
OverheadActual   9: 262144 op, 439592.00 ns, 1.6769 ns/op
OverheadActual  10: 262144 op, 454871.00 ns, 1.7352 ns/op
OverheadActual  11: 262144 op, 453148.00 ns, 1.7286 ns/op
OverheadActual  12: 262144 op, 453258.00 ns, 1.7290 ns/op
OverheadActual  13: 262144 op, 454220.00 ns, 1.7327 ns/op
OverheadActual  14: 262144 op, 458348.00 ns, 1.7485 ns/op
OverheadActual  15: 262144 op, 439282.00 ns, 1.6757 ns/op

WorkloadWarmup   1: 262144 op, 744281607.00 ns, 2.8392 us/op
WorkloadWarmup   2: 262144 op, 732585214.00 ns, 2.7946 us/op
WorkloadWarmup   3: 262144 op, 737840461.00 ns, 2.8146 us/op
WorkloadWarmup   4: 262144 op, 742692672.00 ns, 2.8331 us/op
WorkloadWarmup   5: 262144 op, 729169598.00 ns, 2.7816 us/op
WorkloadWarmup   6: 262144 op, 734350488.00 ns, 2.8013 us/op
WorkloadWarmup   7: 262144 op, 725834343.00 ns, 2.7688 us/op
WorkloadWarmup   8: 262144 op, 732380297.00 ns, 2.7938 us/op
WorkloadWarmup   9: 262144 op, 725849629.00 ns, 2.7689 us/op
WorkloadWarmup  10: 262144 op, 733525272.00 ns, 2.7982 us/op

// BeforeActualRun
WorkloadActual   1: 262144 op, 732731407.00 ns, 2.7951 us/op
WorkloadActual   2: 262144 op, 737074783.00 ns, 2.8117 us/op
WorkloadActual   3: 262144 op, 733914794.00 ns, 2.7997 us/op
WorkloadActual   4: 262144 op, 725489360.00 ns, 2.7675 us/op
WorkloadActual   5: 262144 op, 738568552.00 ns, 2.8174 us/op
WorkloadActual   6: 262144 op, 736168469.00 ns, 2.8083 us/op
WorkloadActual   7: 262144 op, 733475291.00 ns, 2.7980 us/op
WorkloadActual   8: 262144 op, 730007956.00 ns, 2.7848 us/op
WorkloadActual   9: 262144 op, 731524767.00 ns, 2.7905 us/op
WorkloadActual  10: 262144 op, 732235759.00 ns, 2.7933 us/op
WorkloadActual  11: 262144 op, 726416406.00 ns, 2.7711 us/op
WorkloadActual  12: 262144 op, 718781385.00 ns, 2.7419 us/op
WorkloadActual  13: 262144 op, 734232289.00 ns, 2.8009 us/op
WorkloadActual  14: 262144 op, 735883590.00 ns, 2.8072 us/op
WorkloadActual  15: 262144 op, 730415969.00 ns, 2.7863 us/op

// AfterActualRun
WorkloadResult   1: 262144 op, 732291774.00 ns, 2.7935 us/op
WorkloadResult   2: 262144 op, 736635150.00 ns, 2.8100 us/op
WorkloadResult   3: 262144 op, 733475161.00 ns, 2.7980 us/op
WorkloadResult   4: 262144 op, 725049727.00 ns, 2.7658 us/op
WorkloadResult   5: 262144 op, 738128919.00 ns, 2.8157 us/op
WorkloadResult   6: 262144 op, 735728836.00 ns, 2.8066 us/op
WorkloadResult   7: 262144 op, 733035658.00 ns, 2.7963 us/op
WorkloadResult   8: 262144 op, 729568323.00 ns, 2.7831 us/op
WorkloadResult   9: 262144 op, 731085134.00 ns, 2.7889 us/op
WorkloadResult  10: 262144 op, 731796126.00 ns, 2.7916 us/op
WorkloadResult  11: 262144 op, 725976773.00 ns, 2.7694 us/op
WorkloadResult  12: 262144 op, 718341752.00 ns, 2.7403 us/op
WorkloadResult  13: 262144 op, 733792656.00 ns, 2.7992 us/op
WorkloadResult  14: 262144 op, 735443957.00 ns, 2.8055 us/op
WorkloadResult  15: 262144 op, 729976336.00 ns, 2.7846 us/op
// GC:  12 0 0 205520896 262144
// Threading:  262144 0 262144

// AfterAll
// Benchmark Process 3882 has exited with code 0.

Mean = 2.810 μs, StdErr = 0.006 μs (0.20%), N = 30, StdDev = 0.031 μs
Min = 2.740 μs, Q1 = 2.792 μs, Median = 2.806 μs, Q3 = 2.824 μs, Max = 2.884 μs
IQR = 0.032 μs, LowerFence = 2.745 μs, UpperFence = 2.871 μs
ConfidenceInterval = [2.789 μs; 2.831 μs] (CI 99.9%), Margin = 0.021 μs (0.75% of Mean)
Skewness = 0.35, Kurtosis = 2.99, MValue = 2

// ** Remained 4 (22.2 %) benchmark(s) to run. Estimated finish 2026-05-03 2:37 (0h 5m from now) **
// **************************
// Benchmark: MemoryCacheProviderBenchmarks.SetWithSlidingExpirationAsync: Job-NUBXJZ(IterationCount=20, WarmupCount=5)
// *** Execute ***
// Launch: 1 / 1
// Execute: dotnet Encina.Caching.Memory.Benchmarks-Job-NUBXJZ-1.dll --anonymousPipes 152 153 --benchmarkName Encina.Caching.Memory.Benchmarks.Benchmarks.MemoryCacheProviderBenchmarks.SetWithSlidingExpirationAsync --job "IterationCount=20, WarmupCount=5" --benchmarkId 14 in /home/runner/work/Encina/Encina/tests/Encina.BenchmarkTests/Encina.Caching.Memory.Benchmarks/bin/Release/net10.0/Encina.Caching.Memory.Benchmarks-Job-NUBXJZ-1/bin/Release/net10.0
// Failed to set up high priority (Permission denied). In order to run benchmarks with high priority, make sure you have the right permissions.
// BeforeAnythingElse

// Benchmark Process Environment Information:
// BenchmarkDotNet v0.15.8
// Runtime=.NET 10.0.7 (10.0.7, 10.0.726.21808), X64 RyuJIT x86-64-v3
// GC=Concurrent Workstation
// HardwareIntrinsics=AVX2+BMI1+BMI2+F16C+FMA+LZCNT+MOVBE,AVX,SSE3+SSSE3+SSE4.1+SSE4.2+POPCNT,X86Base+SSE+SSE2,AES+PCLMUL VectorSize=256
// Job: Job-NUBXJZ(IterationCount=20, WarmupCount=5)

OverheadJitting  1: 1 op, 168696.00 ns, 168.6960 us/op
WorkloadJitting  1: 1 op, 4215781.00 ns, 4.2158 ms/op

OverheadJitting  2: 16 op, 175428.00 ns, 10.9643 us/op
WorkloadJitting  2: 16 op, 227546.00 ns, 14.2216 us/op

WorkloadPilot    1: 16 op, 38211.00 ns, 2.3882 us/op
WorkloadPilot    2: 32 op, 193182.00 ns, 6.0369 us/op
WorkloadPilot    3: 64 op, 152065.00 ns, 2.3760 us/op
WorkloadPilot    4: 128 op, 288801.00 ns, 2.2563 us/op
WorkloadPilot    5: 256 op, 527738.00 ns, 2.0615 us/op
WorkloadPilot    6: 512 op, 918710.00 ns, 1.7944 us/op
WorkloadPilot    7: 1024 op, 2329611.00 ns, 2.2750 us/op
WorkloadPilot    8: 2048 op, 4804633.00 ns, 2.3460 us/op
WorkloadPilot    9: 4096 op, 8815039.00 ns, 2.1521 us/op
WorkloadPilot   10: 8192 op, 13779832.00 ns, 1.6821 us/op
WorkloadPilot   11: 16384 op, 35209914.00 ns, 2.1490 us/op
WorkloadPilot   12: 32768 op, 83337365.00 ns, 2.5433 us/op
WorkloadPilot   13: 65536 op, 225661145.00 ns, 3.4433 us/op
WorkloadPilot   14: 131072 op, 344289501.00 ns, 2.6267 us/op
WorkloadPilot   15: 262144 op, 990154606.00 ns, 3.7771 us/op

OverheadWarmup   1: 262144 op, 425717.00 ns, 1.6240 ns/op
OverheadWarmup   2: 262144 op, 430416.00 ns, 1.6419 ns/op
OverheadWarmup   3: 262144 op, 436827.00 ns, 1.6664 ns/op
OverheadWarmup   4: 262144 op, 425506.00 ns, 1.6232 ns/op
OverheadWarmup   5: 262144 op, 425487.00 ns, 1.6231 ns/op
OverheadWarmup   6: 262144 op, 437318.00 ns, 1.6682 ns/op
OverheadWarmup   7: 262144 op, 437819.00 ns, 1.6701 ns/op
OverheadWarmup   8: 262144 op, 437198.00 ns, 1.6678 ns/op

OverheadActual   1: 262144 op, 425396.00 ns, 1.6228 ns/op
OverheadActual   2: 262144 op, 432279.00 ns, 1.6490 ns/op
OverheadActual   3: 262144 op, 447467.00 ns, 1.7070 ns/op
OverheadActual   4: 262144 op, 440574.00 ns, 1.6807 ns/op
OverheadActual   5: 262144 op, 437399.00 ns, 1.6685 ns/op
OverheadActual   6: 262144 op, 436647.00 ns, 1.6657 ns/op
OverheadActual   7: 262144 op, 428963.00 ns, 1.6364 ns/op
OverheadActual   8: 262144 op, 425516.00 ns, 1.6232 ns/op
OverheadActual   9: 262144 op, 443750.00 ns, 1.6928 ns/op
OverheadActual  10: 262144 op, 425846.00 ns, 1.6245 ns/op
OverheadActual  11: 262144 op, 437628.00 ns, 1.6694 ns/op
OverheadActual  12: 262144 op, 432177.00 ns, 1.6486 ns/op
OverheadActual  13: 262144 op, 425466.00 ns, 1.6230 ns/op
OverheadActual  14: 262144 op, 432389.00 ns, 1.6494 ns/op
OverheadActual  15: 262144 op, 425617.00 ns, 1.6236 ns/op

WorkloadWarmup   1: 262144 op, 1150113357.00 ns, 4.3873 us/op
WorkloadWarmup   2: 262144 op, 880244489.00 ns, 3.3579 us/op
WorkloadWarmup   3: 262144 op, 1547203422.00 ns, 5.9021 us/op
WorkloadWarmup   4: 262144 op, 793907894.00 ns, 3.0285 us/op
WorkloadWarmup   5: 262144 op, 971279737.00 ns, 3.7051 us/op

// BeforeActualRun
WorkloadActual   1: 262144 op, 905525369.00 ns, 3.4543 us/op
WorkloadActual   2: 262144 op, 902282105.00 ns, 3.4419 us/op
WorkloadActual   3: 262144 op, 948841208.00 ns, 3.6195 us/op
WorkloadActual   4: 262144 op, 2601642281.00 ns, 9.9245 us/op
WorkloadActual   5: 262144 op, 1231047957.00 ns, 4.6961 us/op
WorkloadActual   6: 262144 op, 1382100934.00 ns, 5.2723 us/op
WorkloadActual   7: 262144 op, 1322088593.00 ns, 5.0434 us/op
WorkloadActual   8: 262144 op, 1070584427.00 ns, 4.0840 us/op
WorkloadActual   9: 262144 op, 1032692986.00 ns, 3.9394 us/op
WorkloadActual  10: 262144 op, 1020884064.00 ns, 3.8944 us/op
WorkloadActual  11: 262144 op, 988712320.00 ns, 3.7716 us/op
WorkloadActual  12: 262144 op, 996562328.00 ns, 3.8016 us/op
WorkloadActual  13: 262144 op, 986517956.00 ns, 3.7633 us/op
WorkloadActual  14: 262144 op, 1339111792.00 ns, 5.1083 us/op
WorkloadActual  15: 262144 op, 1309321001.00 ns, 4.9947 us/op
WorkloadActual  16: 262144 op, 1388250105.00 ns, 5.2958 us/op
WorkloadActual  17: 262144 op, 1216534887.00 ns, 4.6407 us/op
WorkloadActual  18: 262144 op, 1164739462.00 ns, 4.4431 us/op
WorkloadActual  19: 262144 op, 1174029109.00 ns, 4.4786 us/op
WorkloadActual  20: 262144 op, 1113276543.00 ns, 4.2468 us/op

// AfterActualRun
WorkloadResult   1: 262144 op, 905093090.00 ns, 3.4527 us/op
WorkloadResult   2: 262144 op, 901849826.00 ns, 3.4403 us/op
WorkloadResult   3: 262144 op, 948408929.00 ns, 3.6179 us/op
WorkloadResult   4: 262144 op, 1230615678.00 ns, 4.6944 us/op
WorkloadResult   5: 262144 op, 1381668655.00 ns, 5.2706 us/op
WorkloadResult   6: 262144 op, 1321656314.00 ns, 5.0417 us/op
WorkloadResult   7: 262144 op, 1070152148.00 ns, 4.0823 us/op
WorkloadResult   8: 262144 op, 1032260707.00 ns, 3.9378 us/op
WorkloadResult   9: 262144 op, 1020451785.00 ns, 3.8927 us/op
WorkloadResult  10: 262144 op, 988280041.00 ns, 3.7700 us/op
WorkloadResult  11: 262144 op, 996130049.00 ns, 3.7999 us/op
WorkloadResult  12: 262144 op, 986085677.00 ns, 3.7616 us/op
WorkloadResult  13: 262144 op, 1338679513.00 ns, 5.1067 us/op
WorkloadResult  14: 262144 op, 1308888722.00 ns, 4.9930 us/op
WorkloadResult  15: 262144 op, 1387817826.00 ns, 5.2941 us/op
WorkloadResult  16: 262144 op, 1216102608.00 ns, 4.6391 us/op
WorkloadResult  17: 262144 op, 1164307183.00 ns, 4.4415 us/op
WorkloadResult  18: 262144 op, 1173596830.00 ns, 4.4769 us/op
WorkloadResult  19: 262144 op, 1112844264.00 ns, 4.2452 us/op
// GC:  11 10 0 188743680 262144
// Threading:  0 0 262144

// AfterAll
// Benchmark Process 3898 has exited with code 0.

Mean = 4.314 μs, StdErr = 0.143 μs (3.32%), N = 19, StdDev = 0.625 μs
Min = 3.440 μs, Q1 = 3.785 μs, Median = 4.245 μs, Q3 = 4.844 μs, Max = 5.294 μs
IQR = 1.059 μs, LowerFence = 2.197 μs, UpperFence = 6.432 μs
ConfidenceInterval = [3.752 μs; 4.875 μs] (CI 99.9%), Margin = 0.562 μs (13.03% of Mean)
Skewness = 0.19, Kurtosis = 1.51, MValue = 2.25

// ** Remained 3 (16.7 %) benchmark(s) to run. Estimated finish 2026-05-03 2:39 (0h 4m from now) **
// **************************
// Benchmark: MemoryCacheProviderBenchmarks.SetWithSlidingExpirationAsync: MediumRun(IterationCount=15, LaunchCount=2, WarmupCount=10)
// *** Execute ***
// Launch: 1 / 2
// Execute: dotnet Encina.Caching.Memory.Benchmarks-Job-NUBXJZ-1.dll --anonymousPipes 152 153 --benchmarkName Encina.Caching.Memory.Benchmarks.Benchmarks.MemoryCacheProviderBenchmarks.SetWithSlidingExpirationAsync --job MediumRun --benchmarkId 15 in /home/runner/work/Encina/Encina/tests/Encina.BenchmarkTests/Encina.Caching.Memory.Benchmarks/bin/Release/net10.0/Encina.Caching.Memory.Benchmarks-Job-NUBXJZ-1/bin/Release/net10.0
// Failed to set up high priority (Permission denied). In order to run benchmarks with high priority, make sure you have the right permissions.
// BeforeAnythingElse

// Benchmark Process Environment Information:
// BenchmarkDotNet v0.15.8
// Runtime=.NET 10.0.7 (10.0.7, 10.0.726.21808), X64 RyuJIT x86-64-v3
// GC=Concurrent Workstation
// HardwareIntrinsics=AVX2+BMI1+BMI2+F16C+FMA+LZCNT+MOVBE,AVX,SSE3+SSSE3+SSE4.1+SSE4.2+POPCNT,X86Base+SSE+SSE2,AES+PCLMUL VectorSize=256
// Job: MediumRun(IterationCount=15, LaunchCount=2, WarmupCount=10)

OverheadJitting  1: 1 op, 172253.00 ns, 172.2530 us/op
WorkloadJitting  1: 1 op, 4324745.00 ns, 4.3247 ms/op

OverheadJitting  2: 16 op, 176631.00 ns, 11.0394 us/op
WorkloadJitting  2: 16 op, 233147.00 ns, 14.5717 us/op

WorkloadPilot    1: 16 op, 125024.00 ns, 7.8140 us/op
WorkloadPilot    2: 32 op, 90079.00 ns, 2.8150 us/op
WorkloadPilot    3: 64 op, 151354.00 ns, 2.3649 us/op
WorkloadPilot    4: 128 op, 292107.00 ns, 2.2821 us/op
WorkloadPilot    5: 256 op, 483937.00 ns, 1.8904 us/op
WorkloadPilot    6: 512 op, 1261495.00 ns, 2.4639 us/op
WorkloadPilot    7: 1024 op, 2129772.00 ns, 2.0799 us/op
WorkloadPilot    8: 2048 op, 4591865.00 ns, 2.2421 us/op
WorkloadPilot    9: 4096 op, 8919155.00 ns, 2.1775 us/op
WorkloadPilot   10: 8192 op, 13890071.00 ns, 1.6956 us/op
WorkloadPilot   11: 16384 op, 35080614.00 ns, 2.1412 us/op
WorkloadPilot   12: 32768 op, 82180854.00 ns, 2.5080 us/op
WorkloadPilot   13: 65536 op, 228895119.00 ns, 3.4927 us/op
WorkloadPilot   14: 131072 op, 350032601.00 ns, 2.6705 us/op
WorkloadPilot   15: 262144 op, 985417907.00 ns, 3.7591 us/op

OverheadWarmup   1: 262144 op, 429304.00 ns, 1.6377 ns/op
OverheadWarmup   2: 262144 op, 437740.00 ns, 1.6698 ns/op
OverheadWarmup   3: 262144 op, 425398.00 ns, 1.6228 ns/op
OverheadWarmup   4: 262144 op, 425458.00 ns, 1.6230 ns/op
OverheadWarmup   5: 262144 op, 425378.00 ns, 1.6227 ns/op

OverheadActual   1: 262144 op, 425388.00 ns, 1.6227 ns/op
OverheadActual   2: 262144 op, 427552.00 ns, 1.6310 ns/op
OverheadActual   3: 262144 op, 425357.00 ns, 1.6226 ns/op
OverheadActual   4: 262144 op, 425407.00 ns, 1.6228 ns/op
OverheadActual   5: 262144 op, 425387.00 ns, 1.6227 ns/op
OverheadActual   6: 262144 op, 425357.00 ns, 1.6226 ns/op
OverheadActual   7: 262144 op, 425357.00 ns, 1.6226 ns/op
OverheadActual   8: 262144 op, 463119.00 ns, 1.7667 ns/op
OverheadActual   9: 262144 op, 425358.00 ns, 1.6226 ns/op
OverheadActual  10: 262144 op, 465974.00 ns, 1.7775 ns/op
OverheadActual  11: 262144 op, 437260.00 ns, 1.6680 ns/op
OverheadActual  12: 262144 op, 426149.00 ns, 1.6256 ns/op
OverheadActual  13: 262144 op, 478246.00 ns, 1.8244 ns/op
OverheadActual  14: 262144 op, 441218.00 ns, 1.6831 ns/op
OverheadActual  15: 262144 op, 425538.00 ns, 1.6233 ns/op

WorkloadWarmup   1: 262144 op, 1153635766.00 ns, 4.4008 us/op
WorkloadWarmup   2: 262144 op, 844396167.00 ns, 3.2211 us/op
WorkloadWarmup   3: 262144 op, 1600511927.00 ns, 6.1055 us/op
WorkloadWarmup   4: 262144 op, 818103505.00 ns, 3.1208 us/op
WorkloadWarmup   5: 262144 op, 949940475.00 ns, 3.6237 us/op
WorkloadWarmup   6: 262144 op, 902135612.00 ns, 3.4414 us/op
WorkloadWarmup   7: 262144 op, 920814811.00 ns, 3.5126 us/op
WorkloadWarmup   8: 262144 op, 919634285.00 ns, 3.5081 us/op
WorkloadWarmup   9: 262144 op, 2621477580.00 ns, 10.0001 us/op
WorkloadWarmup  10: 262144 op, 1185084317.00 ns, 4.5207 us/op

// BeforeActualRun
WorkloadActual   1: 262144 op, 1342339534.00 ns, 5.1206 us/op
WorkloadActual   2: 262144 op, 1178092808.00 ns, 4.4941 us/op
WorkloadActual   3: 262144 op, 1010783893.00 ns, 3.8558 us/op
WorkloadActual   4: 262144 op, 983935779.00 ns, 3.7534 us/op
WorkloadActual   5: 262144 op, 1000857119.00 ns, 3.8180 us/op
WorkloadActual   6: 262144 op, 995824945.00 ns, 3.7988 us/op
WorkloadActual   7: 262144 op, 1003006924.00 ns, 3.8262 us/op
WorkloadActual   8: 262144 op, 1024116735.00 ns, 3.9067 us/op
WorkloadActual   9: 262144 op, 1377312232.00 ns, 5.2540 us/op
WorkloadActual  10: 262144 op, 1333509399.00 ns, 5.0869 us/op
WorkloadActual  11: 262144 op, 1394493376.00 ns, 5.3196 us/op
WorkloadActual  12: 262144 op, 1275049867.00 ns, 4.8639 us/op
WorkloadActual  13: 262144 op, 1203214411.00 ns, 4.5899 us/op
WorkloadActual  14: 262144 op, 1236657242.00 ns, 4.7175 us/op
WorkloadActual  15: 262144 op, 1225990005.00 ns, 4.6768 us/op

// AfterActualRun
WorkloadResult   1: 262144 op, 1341913996.00 ns, 5.1190 us/op
WorkloadResult   2: 262144 op, 1177667270.00 ns, 4.4924 us/op
WorkloadResult   3: 262144 op, 1010358355.00 ns, 3.8542 us/op
WorkloadResult   4: 262144 op, 983510241.00 ns, 3.7518 us/op
WorkloadResult   5: 262144 op, 1000431581.00 ns, 3.8163 us/op
WorkloadResult   6: 262144 op, 995399407.00 ns, 3.7971 us/op
WorkloadResult   7: 262144 op, 1002581386.00 ns, 3.8245 us/op
WorkloadResult   8: 262144 op, 1023691197.00 ns, 3.9051 us/op
WorkloadResult   9: 262144 op, 1376886694.00 ns, 5.2524 us/op
WorkloadResult  10: 262144 op, 1333083861.00 ns, 5.0853 us/op
WorkloadResult  11: 262144 op, 1394067838.00 ns, 5.3179 us/op
WorkloadResult  12: 262144 op, 1274624329.00 ns, 4.8623 us/op
WorkloadResult  13: 262144 op, 1202788873.00 ns, 4.5883 us/op
WorkloadResult  14: 262144 op, 1236231704.00 ns, 4.7158 us/op
WorkloadResult  15: 262144 op, 1225564467.00 ns, 4.6752 us/op
// GC:  11 10 0 188743680 262144
// Threading:  0 0 262144

// AfterAll
// Benchmark Process 3949 has exited with code 0.
// Launch: 2 / 2
// Execute: dotnet Encina.Caching.Memory.Benchmarks-Job-NUBXJZ-1.dll --anonymousPipes 152 153 --benchmarkName Encina.Caching.Memory.Benchmarks.Benchmarks.MemoryCacheProviderBenchmarks.SetWithSlidingExpirationAsync --job MediumRun --benchmarkId 15 in /home/runner/work/Encina/Encina/tests/Encina.BenchmarkTests/Encina.Caching.Memory.Benchmarks/bin/Release/net10.0/Encina.Caching.Memory.Benchmarks-Job-NUBXJZ-1/bin/Release/net10.0
// Failed to set up high priority (Permission denied). In order to run benchmarks with high priority, make sure you have the right permissions.
// BeforeAnythingElse

// Benchmark Process Environment Information:
// BenchmarkDotNet v0.15.8
// Runtime=.NET 10.0.7 (10.0.7, 10.0.726.21808), X64 RyuJIT x86-64-v3
// GC=Concurrent Workstation
// HardwareIntrinsics=AVX2+BMI1+BMI2+F16C+FMA+LZCNT+MOVBE,AVX,SSE3+SSSE3+SSE4.1+SSE4.2+POPCNT,X86Base+SSE+SSE2,AES+PCLMUL VectorSize=256
// Job: MediumRun(IterationCount=15, LaunchCount=2, WarmupCount=10)

OverheadJitting  1: 1 op, 175128.00 ns, 175.1280 us/op
WorkloadJitting  1: 1 op, 4394631.00 ns, 4.3946 ms/op

OverheadJitting  2: 16 op, 176601.00 ns, 11.0376 us/op
WorkloadJitting  2: 16 op, 227536.00 ns, 14.2210 us/op

WorkloadPilot    1: 16 op, 154921.00 ns, 9.6826 us/op
WorkloadPilot    2: 32 op, 69651.00 ns, 2.1766 us/op
WorkloadPilot    3: 64 op, 125956.00 ns, 1.9681 us/op
WorkloadPilot    4: 128 op, 328315.00 ns, 2.5650 us/op
WorkloadPilot    5: 256 op, 483245.00 ns, 1.8877 us/op
WorkloadPilot    6: 512 op, 1226698.00 ns, 2.3959 us/op
WorkloadPilot    7: 1024 op, 2260024.00 ns, 2.2071 us/op
WorkloadPilot    8: 2048 op, 4137960.00 ns, 2.0205 us/op
WorkloadPilot    9: 4096 op, 9369929.00 ns, 2.2876 us/op
WorkloadPilot   10: 8192 op, 15090104.00 ns, 1.8421 us/op
WorkloadPilot   11: 16384 op, 33741306.00 ns, 2.0594 us/op
WorkloadPilot   12: 32768 op, 90597294.00 ns, 2.7648 us/op
WorkloadPilot   13: 65536 op, 225065143.00 ns, 3.4342 us/op
WorkloadPilot   14: 131072 op, 374465166.00 ns, 2.8569 us/op
WorkloadPilot   15: 262144 op, 982191148.00 ns, 3.7468 us/op

OverheadWarmup   1: 262144 op, 445845.00 ns, 1.7008 ns/op
OverheadWarmup   2: 262144 op, 429204.00 ns, 1.6373 ns/op
OverheadWarmup   3: 262144 op, 430376.00 ns, 1.6418 ns/op
OverheadWarmup   4: 262144 op, 443170.00 ns, 1.6906 ns/op
OverheadWarmup   5: 262144 op, 448330.00 ns, 1.7102 ns/op
OverheadWarmup   6: 262144 op, 447278.00 ns, 1.7062 ns/op
OverheadWarmup   7: 262144 op, 453850.00 ns, 1.7313 ns/op
OverheadWarmup   8: 262144 op, 429955.00 ns, 1.6401 ns/op

OverheadActual   1: 262144 op, 458268.00 ns, 1.7482 ns/op
OverheadActual   2: 262144 op, 449131.00 ns, 1.7133 ns/op
OverheadActual   3: 262144 op, 432140.00 ns, 1.6485 ns/op
OverheadActual   4: 262144 op, 447408.00 ns, 1.7067 ns/op
OverheadActual   5: 262144 op, 444883.00 ns, 1.6971 ns/op
OverheadActual   6: 262144 op, 445724.00 ns, 1.7003 ns/op
OverheadActual   7: 262144 op, 459721.00 ns, 1.7537 ns/op
OverheadActual   8: 262144 op, 429173.00 ns, 1.6372 ns/op
OverheadActual   9: 262144 op, 425608.00 ns, 1.6236 ns/op
OverheadActual  10: 262144 op, 425477.00 ns, 1.6231 ns/op
OverheadActual  11: 262144 op, 425537.00 ns, 1.6233 ns/op
OverheadActual  12: 262144 op, 429144.00 ns, 1.6371 ns/op
OverheadActual  13: 262144 op, 427470.00 ns, 1.6307 ns/op
OverheadActual  14: 262144 op, 431448.00 ns, 1.6458 ns/op
OverheadActual  15: 262144 op, 463288.00 ns, 1.7673 ns/op

WorkloadWarmup   1: 262144 op, 1159124180.00 ns, 4.4217 us/op
WorkloadWarmup   2: 262144 op, 773326289.00 ns, 2.9500 us/op
WorkloadWarmup   3: 262144 op, 1587331055.00 ns, 6.0552 us/op
WorkloadWarmup   4: 262144 op, 977280325.00 ns, 3.7280 us/op
WorkloadWarmup   5: 262144 op, 977907980.00 ns, 3.7304 us/op
WorkloadWarmup   6: 262144 op, 907723733.00 ns, 3.4627 us/op
WorkloadWarmup   7: 262144 op, 902102487.00 ns, 3.4412 us/op
WorkloadWarmup   8: 262144 op, 914556215.00 ns, 3.4888 us/op
WorkloadWarmup   9: 262144 op, 2608653292.00 ns, 9.9512 us/op
WorkloadWarmup  10: 262144 op, 1323377807.00 ns, 5.0483 us/op

// BeforeActualRun
WorkloadActual   1: 262144 op, 1314499349.00 ns, 5.0144 us/op
WorkloadActual   2: 262144 op, 995897758.00 ns, 3.7990 us/op
WorkloadActual   3: 262144 op, 990770543.00 ns, 3.7795 us/op
WorkloadActual   4: 262144 op, 1004294990.00 ns, 3.8311 us/op
WorkloadActual   5: 262144 op, 1014053525.00 ns, 3.8683 us/op
WorkloadActual   6: 262144 op, 1007234790.00 ns, 3.8423 us/op
WorkloadActual   7: 262144 op, 1015480119.00 ns, 3.8737 us/op
WorkloadActual   8: 262144 op, 1274804061.00 ns, 4.8630 us/op
WorkloadActual   9: 262144 op, 1296952939.00 ns, 4.9475 us/op
WorkloadActual  10: 262144 op, 1398015454.00 ns, 5.3330 us/op
WorkloadActual  11: 262144 op, 1250064920.00 ns, 4.7686 us/op
WorkloadActual  12: 262144 op, 1361305988.00 ns, 5.1930 us/op
WorkloadActual  13: 262144 op, 1249755053.00 ns, 4.7674 us/op
WorkloadActual  14: 262144 op, 1282067972.00 ns, 4.8907 us/op
WorkloadActual  15: 262144 op, 1179022774.00 ns, 4.4976 us/op

// AfterActualRun
WorkloadResult   1: 262144 op, 1314067209.00 ns, 5.0128 us/op
WorkloadResult   2: 262144 op, 995465618.00 ns, 3.7974 us/op
WorkloadResult   3: 262144 op, 990338403.00 ns, 3.7778 us/op
WorkloadResult   4: 262144 op, 1003862850.00 ns, 3.8294 us/op
WorkloadResult   5: 262144 op, 1013621385.00 ns, 3.8667 us/op
WorkloadResult   6: 262144 op, 1006802650.00 ns, 3.8406 us/op
WorkloadResult   7: 262144 op, 1015047979.00 ns, 3.8721 us/op
WorkloadResult   8: 262144 op, 1274371921.00 ns, 4.8613 us/op
WorkloadResult   9: 262144 op, 1296520799.00 ns, 4.9458 us/op
WorkloadResult  10: 262144 op, 1397583314.00 ns, 5.3314 us/op
WorkloadResult  11: 262144 op, 1249632780.00 ns, 4.7670 us/op
WorkloadResult  12: 262144 op, 1360873848.00 ns, 5.1913 us/op
WorkloadResult  13: 262144 op, 1249322913.00 ns, 4.7658 us/op
WorkloadResult  14: 262144 op, 1281635832.00 ns, 4.8891 us/op
WorkloadResult  15: 262144 op, 1178590634.00 ns, 4.4960 us/op
// GC:  11 10 0 188743680 262144
// Threading:  0 0 262144

// AfterAll
// Benchmark Process 3992 has exited with code 0.

Mean = 4.477 μs, StdErr = 0.105 μs (2.35%), N = 30, StdDev = 0.577 μs
Min = 3.752 μs, Q1 = 3.844 μs, Median = 4.632 μs, Q3 = 4.932 μs, Max = 5.331 μs
IQR = 1.088 μs, LowerFence = 2.213 μs, UpperFence = 6.563 μs
ConfidenceInterval = [4.091 μs; 4.862 μs] (CI 99.9%), Margin = 0.386 μs (8.61% of Mean)
Skewness = -0.05, Kurtosis = 1.31, MValue = 3.33

// ** Remained 2 (11.1 %) benchmark(s) to run. Estimated finish 2026-05-03 2:44 (0h 3m from now) **
// **************************
// Benchmark: MemoryCacheProviderBenchmarks.SetAsync: Job-NUBXJZ(IterationCount=20, WarmupCount=5)
// *** Execute ***
// Launch: 1 / 1
// Execute: dotnet Encina.Caching.Memory.Benchmarks-Job-NUBXJZ-1.dll --anonymousPipes 152 153 --benchmarkName Encina.Caching.Memory.Benchmarks.Benchmarks.MemoryCacheProviderBenchmarks.SetAsync --job "IterationCount=20, WarmupCount=5" --benchmarkId 16 in /home/runner/work/Encina/Encina/tests/Encina.BenchmarkTests/Encina.Caching.Memory.Benchmarks/bin/Release/net10.0/Encina.Caching.Memory.Benchmarks-Job-NUBXJZ-1/bin/Release/net10.0
// Failed to set up high priority (Permission denied). In order to run benchmarks with high priority, make sure you have the right permissions.
// BeforeAnythingElse

// Benchmark Process Environment Information:
// BenchmarkDotNet v0.15.8
// Runtime=.NET 10.0.7 (10.0.7, 10.0.726.21808), X64 RyuJIT x86-64-v3
// GC=Concurrent Workstation
// HardwareIntrinsics=AVX2+BMI1+BMI2+F16C+FMA+LZCNT+MOVBE,AVX,SSE3+SSSE3+SSE4.1+SSE4.2+POPCNT,X86Base+SSE+SSE2,AES+PCLMUL VectorSize=256
// Job: Job-NUBXJZ(IterationCount=20, WarmupCount=5)

OverheadJitting  1: 1 op, 174116.00 ns, 174.1160 us/op
WorkloadJitting  1: 1 op, 3384485.00 ns, 3.3845 ms/op

OverheadJitting  2: 16 op, 199052.00 ns, 12.4408 us/op
WorkloadJitting  2: 16 op, 363991.00 ns, 22.7494 us/op

WorkloadPilot    1: 16 op, 40096.00 ns, 2.5060 us/op
WorkloadPilot    2: 32 op, 91170.00 ns, 2.8491 us/op
WorkloadPilot    3: 64 op, 156213.00 ns, 2.4408 us/op
WorkloadPilot    4: 128 op, 338324.00 ns, 2.6432 us/op
WorkloadPilot    5: 256 op, 452808.00 ns, 1.7688 us/op
WorkloadPilot    6: 512 op, 1236815.00 ns, 2.4157 us/op
WorkloadPilot    7: 1024 op, 2114268.00 ns, 2.0647 us/op
WorkloadPilot    8: 2048 op, 4075809.00 ns, 1.9901 us/op
WorkloadPilot    9: 4096 op, 9430031.00 ns, 2.3023 us/op
WorkloadPilot   10: 8192 op, 14592244.00 ns, 1.7813 us/op
WorkloadPilot   11: 16384 op, 35643369.00 ns, 2.1755 us/op
WorkloadPilot   12: 32768 op, 86012060.00 ns, 2.6249 us/op
WorkloadPilot   13: 65536 op, 239108551.00 ns, 3.6485 us/op
WorkloadPilot   14: 131072 op, 367377217.00 ns, 2.8029 us/op
WorkloadPilot   15: 262144 op, 1024252831.00 ns, 3.9072 us/op

OverheadWarmup   1: 262144 op, 438390.00 ns, 1.6723 ns/op
OverheadWarmup   2: 262144 op, 437679.00 ns, 1.6696 ns/op
OverheadWarmup   3: 262144 op, 485739.00 ns, 1.8529 ns/op
OverheadWarmup   4: 262144 op, 426829.00 ns, 1.6282 ns/op
OverheadWarmup   5: 262144 op, 425637.00 ns, 1.6237 ns/op
OverheadWarmup   6: 262144 op, 425907.00 ns, 1.6247 ns/op
OverheadWarmup   7: 262144 op, 437289.00 ns, 1.6681 ns/op
OverheadWarmup   8: 262144 op, 453608.00 ns, 1.7304 ns/op
OverheadWarmup   9: 262144 op, 425446.00 ns, 1.6229 ns/op

OverheadActual   1: 262144 op, 437608.00 ns, 1.6693 ns/op
OverheadActual   2: 262144 op, 438009.00 ns, 1.6709 ns/op
OverheadActual   3: 262144 op, 511487.00 ns, 1.9512 ns/op
OverheadActual   4: 262144 op, 437729.00 ns, 1.6698 ns/op
OverheadActual   5: 262144 op, 425837.00 ns, 1.6244 ns/op
OverheadActual   6: 262144 op, 425878.00 ns, 1.6246 ns/op
OverheadActual   7: 262144 op, 426308.00 ns, 1.6262 ns/op
OverheadActual   8: 262144 op, 425546.00 ns, 1.6233 ns/op
OverheadActual   9: 262144 op, 427951.00 ns, 1.6325 ns/op
OverheadActual  10: 262144 op, 428852.00 ns, 1.6359 ns/op
OverheadActual  11: 262144 op, 426338.00 ns, 1.6264 ns/op
OverheadActual  12: 262144 op, 437248.00 ns, 1.6680 ns/op
OverheadActual  13: 262144 op, 430084.00 ns, 1.6406 ns/op
OverheadActual  14: 262144 op, 437940.00 ns, 1.6706 ns/op
OverheadActual  15: 262144 op, 427460.00 ns, 1.6306 ns/op

WorkloadWarmup   1: 262144 op, 1190620949.00 ns, 4.5419 us/op
WorkloadWarmup   2: 262144 op, 918617327.00 ns, 3.5042 us/op
WorkloadWarmup   3: 262144 op, 1626954625.00 ns, 6.2063 us/op
WorkloadWarmup   4: 262144 op, 837269381.00 ns, 3.1939 us/op
WorkloadWarmup   5: 262144 op, 1006061363.00 ns, 3.8378 us/op

// BeforeActualRun
WorkloadActual   1: 262144 op, 940224358.00 ns, 3.5867 us/op
WorkloadActual   2: 262144 op, 947442498.00 ns, 3.6142 us/op
WorkloadActual   3: 262144 op, 968328853.00 ns, 3.6939 us/op
WorkloadActual   4: 262144 op, 2714406399.00 ns, 10.3546 us/op
WorkloadActual   5: 262144 op, 1253175664.00 ns, 4.7805 us/op
WorkloadActual   6: 262144 op, 1117505469.00 ns, 4.2629 us/op
WorkloadActual   7: 262144 op, 1034228998.00 ns, 3.9453 us/op
WorkloadActual   8: 262144 op, 994391184.00 ns, 3.7933 us/op
WorkloadActual   9: 262144 op, 1009411161.00 ns, 3.8506 us/op
WorkloadActual  10: 262144 op, 1021753625.00 ns, 3.8977 us/op
WorkloadActual  11: 262144 op, 1017396746.00 ns, 3.8811 us/op
WorkloadActual  12: 262144 op, 1033518312.00 ns, 3.9426 us/op
WorkloadActual  13: 262144 op, 1065875192.00 ns, 4.0660 us/op
WorkloadActual  14: 262144 op, 1022783762.00 ns, 3.9016 us/op
WorkloadActual  15: 262144 op, 1047599696.00 ns, 3.9963 us/op
WorkloadActual  16: 262144 op, 4549002815.00 ns, 17.3531 us/op
WorkloadActual  17: 262144 op, 1010396726.00 ns, 3.8544 us/op
WorkloadActual  18: 262144 op, 1035665785.00 ns, 3.9508 us/op
WorkloadActual  19: 262144 op, 1288577480.00 ns, 4.9155 us/op
WorkloadActual  20: 262144 op, 1146289439.00 ns, 4.3727 us/op

// AfterActualRun
WorkloadResult   1: 262144 op, 939795506.00 ns, 3.5850 us/op
WorkloadResult   2: 262144 op, 947013646.00 ns, 3.6126 us/op
WorkloadResult   3: 262144 op, 967900001.00 ns, 3.6922 us/op
WorkloadResult   4: 262144 op, 1252746812.00 ns, 4.7788 us/op
WorkloadResult   5: 262144 op, 1117076617.00 ns, 4.2613 us/op
WorkloadResult   6: 262144 op, 1033800146.00 ns, 3.9436 us/op
WorkloadResult   7: 262144 op, 993962332.00 ns, 3.7917 us/op
WorkloadResult   8: 262144 op, 1008982309.00 ns, 3.8490 us/op
WorkloadResult   9: 262144 op, 1021324773.00 ns, 3.8960 us/op
WorkloadResult  10: 262144 op, 1016967894.00 ns, 3.8794 us/op
WorkloadResult  11: 262144 op, 1033089460.00 ns, 3.9409 us/op
WorkloadResult  12: 262144 op, 1065446340.00 ns, 4.0644 us/op
WorkloadResult  13: 262144 op, 1022354910.00 ns, 3.9000 us/op
WorkloadResult  14: 262144 op, 1047170844.00 ns, 3.9946 us/op
WorkloadResult  15: 262144 op, 1009967874.00 ns, 3.8527 us/op
WorkloadResult  16: 262144 op, 1035236933.00 ns, 3.9491 us/op
WorkloadResult  17: 262144 op, 1288148628.00 ns, 4.9139 us/op
WorkloadResult  18: 262144 op, 1145860587.00 ns, 4.3711 us/op
// GC:  11 10 0 186646592 262144
// Threading:  1 0 262144

// AfterAll
// Benchmark Process 4111 has exited with code 0.

Mean = 4.015 μs, StdErr = 0.085 μs (2.11%), N = 18, StdDev = 0.360 μs
Min = 3.585 μs, Q1 = 3.850 μs, Median = 3.920 μs, Q3 = 4.047 μs, Max = 4.914 μs
IQR = 0.197 μs, LowerFence = 3.554 μs, UpperFence = 4.342 μs
ConfidenceInterval = [3.679 μs; 4.351 μs] (CI 99.9%), Margin = 0.336 μs (8.37% of Mean)
Skewness = 1.23, Kurtosis = 3.62, MValue = 2.44

// ** Remained 1 (5.6 %) benchmark(s) to run. Estimated finish 2026-05-03 2:46 (0h 1m from now) **
// **************************
// Benchmark: MemoryCacheProviderBenchmarks.SetAsync: MediumRun(IterationCount=15, LaunchCount=2, WarmupCount=10)
// *** Execute ***
// Launch: 1 / 2
// Execute: dotnet Encina.Caching.Memory.Benchmarks-Job-NUBXJZ-1.dll --anonymousPipes 152 153 --benchmarkName Encina.Caching.Memory.Benchmarks.Benchmarks.MemoryCacheProviderBenchmarks.SetAsync --job MediumRun --benchmarkId 17 in /home/runner/work/Encina/Encina/tests/Encina.BenchmarkTests/Encina.Caching.Memory.Benchmarks/bin/Release/net10.0/Encina.Caching.Memory.Benchmarks-Job-NUBXJZ-1/bin/Release/net10.0
// Failed to set up high priority (Permission denied). In order to run benchmarks with high priority, make sure you have the right permissions.
// BeforeAnythingElse

// Benchmark Process Environment Information:
// BenchmarkDotNet v0.15.8
// Runtime=.NET 10.0.7 (10.0.7, 10.0.726.21808), X64 RyuJIT x86-64-v3
// GC=Concurrent Workstation
// HardwareIntrinsics=AVX2+BMI1+BMI2+F16C+FMA+LZCNT+MOVBE,AVX,SSE3+SSSE3+SSE4.1+SSE4.2+POPCNT,X86Base+SSE+SSE2,AES+PCLMUL VectorSize=256
// Job: MediumRun(IterationCount=15, LaunchCount=2, WarmupCount=10)

OverheadJitting  1: 1 op, 170459.00 ns, 170.4590 us/op
WorkloadJitting  1: 1 op, 3379593.00 ns, 3.3796 ms/op

OverheadJitting  2: 16 op, 176270.00 ns, 11.0169 us/op
WorkloadJitting  2: 16 op, 226133.00 ns, 14.1333 us/op

WorkloadPilot    1: 16 op, 140302.00 ns, 8.7689 us/op
WorkloadPilot    2: 32 op, 92382.00 ns, 2.8869 us/op
WorkloadPilot    3: 64 op, 149660.00 ns, 2.3384 us/op
WorkloadPilot    4: 128 op, 286917.00 ns, 2.2415 us/op
WorkloadPilot    5: 256 op, 487762.00 ns, 1.9053 us/op
WorkloadPilot    6: 512 op, 1242915.00 ns, 2.4276 us/op
WorkloadPilot    7: 1024 op, 2196408.00 ns, 2.1449 us/op
WorkloadPilot    8: 2048 op, 4489068.00 ns, 2.1919 us/op
WorkloadPilot    9: 4096 op, 6746341.00 ns, 1.6471 us/op
WorkloadPilot   10: 8192 op, 17079502.00 ns, 2.0849 us/op
WorkloadPilot   11: 16384 op, 31372641.00 ns, 1.9148 us/op
WorkloadPilot   12: 32768 op, 92177430.00 ns, 2.8130 us/op
WorkloadPilot   13: 65536 op, 227163716.00 ns, 3.4662 us/op
WorkloadPilot   14: 131072 op, 379069311.00 ns, 2.8921 us/op
WorkloadPilot   15: 262144 op, 1032488957.00 ns, 3.9386 us/op

OverheadWarmup   1: 262144 op, 444331.00 ns, 1.6950 ns/op
OverheadWarmup   2: 262144 op, 427570.00 ns, 1.6311 ns/op
OverheadWarmup   3: 262144 op, 435084.00 ns, 1.6597 ns/op
OverheadWarmup   4: 262144 op, 435795.00 ns, 1.6624 ns/op
OverheadWarmup   5: 262144 op, 521045.00 ns, 1.9876 ns/op
OverheadWarmup   6: 262144 op, 466312.00 ns, 1.7788 ns/op
OverheadWarmup   7: 262144 op, 519031.00 ns, 1.9799 ns/op
OverheadWarmup   8: 262144 op, 425396.00 ns, 1.6228 ns/op

OverheadActual   1: 262144 op, 426298.00 ns, 1.6262 ns/op
OverheadActual   2: 262144 op, 460702.00 ns, 1.7574 ns/op
OverheadActual   3: 262144 op, 430395.00 ns, 1.6418 ns/op
OverheadActual   4: 262144 op, 467835.00 ns, 1.7846 ns/op
OverheadActual   5: 262144 op, 434222.00 ns, 1.6564 ns/op
OverheadActual   6: 262144 op, 444080.00 ns, 1.6940 ns/op
OverheadActual   7: 262144 op, 427519.00 ns, 1.6309 ns/op
OverheadActual   8: 262144 op, 442708.00 ns, 1.6888 ns/op
OverheadActual   9: 262144 op, 452106.00 ns, 1.7246 ns/op
OverheadActual  10: 262144 op, 442217.00 ns, 1.6869 ns/op
OverheadActual  11: 262144 op, 425436.00 ns, 1.6229 ns/op
OverheadActual  12: 262144 op, 455172.00 ns, 1.7363 ns/op
OverheadActual  13: 262144 op, 455322.00 ns, 1.7369 ns/op
OverheadActual  14: 262144 op, 425336.00 ns, 1.6225 ns/op
OverheadActual  15: 262144 op, 444652.00 ns, 1.6962 ns/op

WorkloadWarmup   1: 262144 op, 1215202143.00 ns, 4.6356 us/op
WorkloadWarmup   2: 262144 op, 834996867.00 ns, 3.1853 us/op
WorkloadWarmup   3: 262144 op, 1603548927.00 ns, 6.1171 us/op
WorkloadWarmup   4: 262144 op, 948304854.00 ns, 3.6175 us/op
WorkloadWarmup   5: 262144 op, 991221494.00 ns, 3.7812 us/op
WorkloadWarmup   6: 262144 op, 960677375.00 ns, 3.6647 us/op
WorkloadWarmup   7: 262144 op, 948412357.00 ns, 3.6179 us/op
WorkloadWarmup   8: 262144 op, 953255540.00 ns, 3.6364 us/op
WorkloadWarmup   9: 262144 op, 2697439829.00 ns, 10.2899 us/op
WorkloadWarmup  10: 262144 op, 1134551423.00 ns, 4.3280 us/op

// BeforeActualRun
WorkloadActual   1: 262144 op, 1118094641.00 ns, 4.2652 us/op
WorkloadActual   2: 262144 op, 1015871744.00 ns, 3.8752 us/op
WorkloadActual   3: 262144 op, 1041568908.00 ns, 3.9733 us/op
WorkloadActual   4: 262144 op, 1061651899.00 ns, 4.0499 us/op
WorkloadActual   5: 262144 op, 1060200808.00 ns, 4.0443 us/op
WorkloadActual   6: 262144 op, 1072954306.00 ns, 4.0930 us/op
WorkloadActual   7: 262144 op, 1058319750.00 ns, 4.0372 us/op
WorkloadActual   8: 262144 op, 1056571108.00 ns, 4.0305 us/op
WorkloadActual   9: 262144 op, 1055211387.00 ns, 4.0253 us/op
WorkloadActual  10: 262144 op, 4596408480.00 ns, 17.5339 us/op
WorkloadActual  11: 262144 op, 1055599523.00 ns, 4.0268 us/op
WorkloadActual  12: 262144 op, 1059685954.00 ns, 4.0424 us/op
WorkloadActual  13: 262144 op, 1310435842.00 ns, 4.9989 us/op
WorkloadActual  14: 262144 op, 1138291140.00 ns, 4.3422 us/op
WorkloadActual  15: 262144 op, 1148193406.00 ns, 4.3800 us/op

// AfterActualRun
WorkloadResult   1: 262144 op, 1117651933.00 ns, 4.2635 us/op
WorkloadResult   2: 262144 op, 1015429036.00 ns, 3.8736 us/op
WorkloadResult   3: 262144 op, 1041126200.00 ns, 3.9716 us/op
WorkloadResult   4: 262144 op, 1061209191.00 ns, 4.0482 us/op
WorkloadResult   5: 262144 op, 1059758100.00 ns, 4.0427 us/op
WorkloadResult   6: 262144 op, 1072511598.00 ns, 4.0913 us/op
WorkloadResult   7: 262144 op, 1057877042.00 ns, 4.0355 us/op
WorkloadResult   8: 262144 op, 1056128400.00 ns, 4.0288 us/op
WorkloadResult   9: 262144 op, 1054768679.00 ns, 4.0236 us/op
WorkloadResult  10: 262144 op, 1055156815.00 ns, 4.0251 us/op
WorkloadResult  11: 262144 op, 1059243246.00 ns, 4.0407 us/op
WorkloadResult  12: 262144 op, 1137848432.00 ns, 4.3405 us/op
WorkloadResult  13: 262144 op, 1147750698.00 ns, 4.3783 us/op
// GC:  11 10 0 186646592 262144
// Threading:  1 0 262144

// AfterAll
// Benchmark Process 4142 has exited with code 0.
// Launch: 2 / 2
// Execute: dotnet Encina.Caching.Memory.Benchmarks-Job-NUBXJZ-1.dll --anonymousPipes 152 153 --benchmarkName Encina.Caching.Memory.Benchmarks.Benchmarks.MemoryCacheProviderBenchmarks.SetAsync --job MediumRun --benchmarkId 17 in /home/runner/work/Encina/Encina/tests/Encina.BenchmarkTests/Encina.Caching.Memory.Benchmarks/bin/Release/net10.0/Encina.Caching.Memory.Benchmarks-Job-NUBXJZ-1/bin/Release/net10.0
// Failed to set up high priority (Permission denied). In order to run benchmarks with high priority, make sure you have the right permissions.
// BeforeAnythingElse

// Benchmark Process Environment Information:
// BenchmarkDotNet v0.15.8
// Runtime=.NET 10.0.7 (10.0.7, 10.0.726.21808), X64 RyuJIT x86-64-v3
// GC=Concurrent Workstation
// HardwareIntrinsics=AVX2+BMI1+BMI2+F16C+FMA+LZCNT+MOVBE,AVX,SSE3+SSSE3+SSE4.1+SSE4.2+POPCNT,X86Base+SSE+SSE2,AES+PCLMUL VectorSize=256
// Job: MediumRun(IterationCount=15, LaunchCount=2, WarmupCount=10)

OverheadJitting  1: 1 op, 182702.00 ns, 182.7020 us/op
WorkloadJitting  1: 1 op, 3570801.00 ns, 3.5708 ms/op

OverheadJitting  2: 16 op, 179586.00 ns, 11.2241 us/op
WorkloadJitting  2: 16 op, 237615.00 ns, 14.8509 us/op

WorkloadPilot    1: 16 op, 171261.00 ns, 10.7038 us/op
WorkloadPilot    2: 32 op, 91561.00 ns, 2.8613 us/op
WorkloadPilot    3: 64 op, 189294.00 ns, 2.9577 us/op
WorkloadPilot    4: 128 op, 317764.00 ns, 2.4825 us/op
WorkloadPilot    5: 256 op, 457415.00 ns, 1.7868 us/op
WorkloadPilot    6: 512 op, 1037401.00 ns, 2.0262 us/op
WorkloadPilot    7: 1024 op, 2438002.00 ns, 2.3809 us/op
WorkloadPilot    8: 2048 op, 4592292.00 ns, 2.2423 us/op
WorkloadPilot    9: 4096 op, 9013695.00 ns, 2.2006 us/op
WorkloadPilot   10: 8192 op, 15100012.00 ns, 1.8433 us/op
WorkloadPilot   11: 16384 op, 38440823.00 ns, 2.3462 us/op
WorkloadPilot   12: 32768 op, 99026019.00 ns, 3.0220 us/op
WorkloadPilot   13: 65536 op, 264434089.00 ns, 4.0349 us/op
WorkloadPilot   14: 131072 op, 394560997.00 ns, 3.0103 us/op
WorkloadPilot   15: 262144 op, 1071845979.00 ns, 4.0888 us/op

OverheadWarmup   1: 262144 op, 426308.00 ns, 1.6262 ns/op
OverheadWarmup   2: 262144 op, 425546.00 ns, 1.6233 ns/op
OverheadWarmup   3: 262144 op, 446265.00 ns, 1.7024 ns/op
OverheadWarmup   4: 262144 op, 455111.00 ns, 1.7361 ns/op
OverheadWarmup   5: 262144 op, 465702.00 ns, 1.7765 ns/op
OverheadWarmup   6: 262144 op, 460922.00 ns, 1.7583 ns/op
OverheadWarmup   7: 262144 op, 500276.00 ns, 1.9084 ns/op
OverheadWarmup   8: 262144 op, 462264.00 ns, 1.7634 ns/op

OverheadActual   1: 262144 op, 454079.00 ns, 1.7322 ns/op
OverheadActual   2: 262144 op, 453628.00 ns, 1.7305 ns/op
OverheadActual   3: 262144 op, 455171.00 ns, 1.7363 ns/op
OverheadActual   4: 262144 op, 452546.00 ns, 1.7263 ns/op
OverheadActual   5: 262144 op, 450192.00 ns, 1.7173 ns/op
OverheadActual   6: 262144 op, 459620.00 ns, 1.7533 ns/op
OverheadActual   7: 262144 op, 453108.00 ns, 1.7285 ns/op
OverheadActual   8: 262144 op, 463158.00 ns, 1.7668 ns/op
OverheadActual   9: 262144 op, 450063.00 ns, 1.7169 ns/op
OverheadActual  10: 262144 op, 449743.00 ns, 1.7156 ns/op
OverheadActual  11: 262144 op, 446857.00 ns, 1.7046 ns/op
OverheadActual  12: 262144 op, 471313.00 ns, 1.7979 ns/op
OverheadActual  13: 262144 op, 453039.00 ns, 1.7282 ns/op
OverheadActual  14: 262144 op, 461293.00 ns, 1.7597 ns/op
OverheadActual  15: 262144 op, 499765.00 ns, 1.9065 ns/op

WorkloadWarmup   1: 262144 op, 1267607430.00 ns, 4.8355 us/op
WorkloadWarmup   2: 262144 op, 927667975.00 ns, 3.5388 us/op
WorkloadWarmup   3: 262144 op, 1673647568.00 ns, 6.3845 us/op
WorkloadWarmup   4: 262144 op, 844685557.00 ns, 3.2222 us/op
WorkloadWarmup   5: 262144 op, 1009200978.00 ns, 3.8498 us/op
WorkloadWarmup   6: 262144 op, 987525856.00 ns, 3.7671 us/op
WorkloadWarmup   7: 262144 op, 1001105170.00 ns, 3.8189 us/op
WorkloadWarmup   8: 262144 op, 995673087.00 ns, 3.7982 us/op
WorkloadWarmup   9: 262144 op, 2887682685.00 ns, 11.0156 us/op
WorkloadWarmup  10: 262144 op, 1412828573.00 ns, 5.3895 us/op

// BeforeActualRun
WorkloadActual   1: 262144 op, 1180864072.00 ns, 4.5046 us/op
WorkloadActual   2: 262144 op, 1037971039.00 ns, 3.9595 us/op
WorkloadActual   3: 262144 op, 1074976515.00 ns, 4.1007 us/op
WorkloadActual   4: 262144 op, 1073185891.00 ns, 4.0939 us/op
WorkloadActual   5: 262144 op, 1084264083.00 ns, 4.1361 us/op
WorkloadActual   6: 262144 op, 1090516418.00 ns, 4.1600 us/op
WorkloadActual   7: 262144 op, 1107733823.00 ns, 4.2257 us/op
WorkloadActual   8: 262144 op, 1108504421.00 ns, 4.2286 us/op
WorkloadActual   9: 262144 op, 1102569822.00 ns, 4.2060 us/op
WorkloadActual  10: 262144 op, 4845775782.00 ns, 18.4852 us/op
WorkloadActual  11: 262144 op, 1070573247.00 ns, 4.0839 us/op
WorkloadActual  12: 262144 op, 1100689290.00 ns, 4.1988 us/op
WorkloadActual  13: 262144 op, 1317481497.00 ns, 5.0258 us/op
WorkloadActual  14: 262144 op, 1201491967.00 ns, 4.5833 us/op
WorkloadActual  15: 262144 op, 1177954726.00 ns, 4.4935 us/op

// AfterActualRun
WorkloadResult   1: 262144 op, 1180410444.00 ns, 4.5029 us/op
WorkloadResult   2: 262144 op, 1037517411.00 ns, 3.9578 us/op
WorkloadResult   3: 262144 op, 1074522887.00 ns, 4.0990 us/op
WorkloadResult   4: 262144 op, 1072732263.00 ns, 4.0921 us/op
WorkloadResult   5: 262144 op, 1083810455.00 ns, 4.1344 us/op
WorkloadResult   6: 262144 op, 1090062790.00 ns, 4.1583 us/op
WorkloadResult   7: 262144 op, 1107280195.00 ns, 4.2239 us/op
WorkloadResult   8: 262144 op, 1108050793.00 ns, 4.2269 us/op
WorkloadResult   9: 262144 op, 1102116194.00 ns, 4.2042 us/op
WorkloadResult  10: 262144 op, 1070119619.00 ns, 4.0822 us/op
WorkloadResult  11: 262144 op, 1100235662.00 ns, 4.1971 us/op
WorkloadResult  12: 262144 op, 1317027869.00 ns, 5.0241 us/op
WorkloadResult  13: 262144 op, 1201038339.00 ns, 4.5816 us/op
WorkloadResult  14: 262144 op, 1177501098.00 ns, 4.4918 us/op
// GC:  11 10 0 186646592 262144
// Threading:  1 0 262144

// AfterAll
// Benchmark Process 4179 has exited with code 0.

Mean = 4.190 μs, StdErr = 0.047 μs (1.11%), N = 27, StdDev = 0.242 μs
Min = 3.874 μs, Q1 = 4.038 μs, Median = 4.099 μs, Q3 = 4.245 μs, Max = 5.024 μs
IQR = 0.207 μs, LowerFence = 3.727 μs, UpperFence = 4.556 μs
ConfidenceInterval = [4.018 μs; 4.363 μs] (CI 99.9%), Margin = 0.172 μs (4.11% of Mean)
Skewness = 1.63, Kurtosis = 5.93, MValue = 2

// ** Remained 0 (0.0 %) benchmark(s) to run. Estimated finish 2026-05-03 2:52 (0h 0m from now) **
// ***** BenchmarkRunner: Finish  *****

// * Export *
  artifacts/performance/CachingMemory/results/Encina.Caching.Memory.Benchmarks.Benchmarks.MemoryCacheProviderBenchmarks-report.csv
  artifacts/performance/CachingMemory/results/Encina.Caching.Memory.Benchmarks.Benchmarks.MemoryCacheProviderBenchmarks-report-github.md
  artifacts/performance/CachingMemory/results/Encina.Caching.Memory.Benchmarks.Benchmarks.MemoryCacheProviderBenchmarks-report.html
  artifacts/performance/CachingMemory/results/Encina.Caching.Memory.Benchmarks.Benchmarks.MemoryCacheProviderBenchmarks-report-full-compressed.json

// * Detailed results *
MemoryCacheProviderBenchmarks.ExistsAsync_False: Job-NUBXJZ(IterationCount=20, WarmupCount=5)
Runtime = .NET 10.0.7 (10.0.7, 10.0.726.21808), X64 RyuJIT x86-64-v3; GC = Concurrent Workstation
Mean = 52.398 ns, StdErr = 0.012 ns (0.02%), N = 17, StdDev = 0.051 ns
Min = 52.326 ns, Q1 = 52.357 ns, Median = 52.402 ns, Q3 = 52.426 ns, Max = 52.526 ns
IQR = 0.069 ns, LowerFence = 52.253 ns, UpperFence = 52.529 ns
ConfidenceInterval = [52.349 ns; 52.448 ns] (CI 99.9%), Margin = 0.050 ns (0.10% of Mean)
Skewness = 0.64, Kurtosis = 2.91, MValue = 2
-------------------- Histogram --------------------
[52.300 ns ; 52.552 ns) | @@@@@@@@@@@@@@@@@
---------------------------------------------------

MemoryCacheProviderBenchmarks.ExistsAsync_True: Job-NUBXJZ(IterationCount=20, WarmupCount=5)
Runtime = .NET 10.0.7 (10.0.7, 10.0.726.21808), X64 RyuJIT x86-64-v3; GC = Concurrent Workstation
Mean = 61.505 ns, StdErr = 0.011 ns (0.02%), N = 20, StdDev = 0.047 ns
Min = 61.422 ns, Q1 = 61.472 ns, Median = 61.497 ns, Q3 = 61.540 ns, Max = 61.595 ns
IQR = 0.068 ns, LowerFence = 61.369 ns, UpperFence = 61.643 ns
ConfidenceInterval = [61.464 ns; 61.546 ns] (CI 99.9%), Margin = 0.041 ns (0.07% of Mean)
Skewness = 0.12, Kurtosis = 2.04, MValue = 2
-------------------- Histogram --------------------
[61.399 ns ; 61.618 ns) | @@@@@@@@@@@@@@@@@@@@
---------------------------------------------------

MemoryCacheProviderBenchmarks.GetAsync_CacheHit: Job-NUBXJZ(IterationCount=20, WarmupCount=5)
Runtime = .NET 10.0.7 (10.0.7, 10.0.726.21808), X64 RyuJIT x86-64-v3; GC = Concurrent Workstation
Mean = 85.154 ns, StdErr = 0.190 ns (0.22%), N = 19, StdDev = 0.829 ns
Min = 83.850 ns, Q1 = 84.682 ns, Median = 85.000 ns, Q3 = 85.525 ns, Max = 87.029 ns
IQR = 0.843 ns, LowerFence = 83.417 ns, UpperFence = 86.790 ns
ConfidenceInterval = [84.408 ns; 85.899 ns] (CI 99.9%), Margin = 0.745 ns (0.88% of Mean)
Skewness = 0.63, Kurtosis = 2.59, MValue = 2
-------------------- Histogram --------------------
[83.442 ns ; 87.437 ns) | @@@@@@@@@@@@@@@@@@@
---------------------------------------------------

MemoryCacheProviderBenchmarks.GetAsync_CacheMiss: Job-NUBXJZ(IterationCount=20, WarmupCount=5)
Runtime = .NET 10.0.7 (10.0.7, 10.0.726.21808), X64 RyuJIT x86-64-v3; GC = Concurrent Workstation
Mean = 54.794 ns, StdErr = 0.009 ns (0.02%), N = 18, StdDev = 0.036 ns
Min = 54.748 ns, Q1 = 54.767 ns, Median = 54.788 ns, Q3 = 54.811 ns, Max = 54.867 ns
IQR = 0.044 ns, LowerFence = 54.701 ns, UpperFence = 54.877 ns
ConfidenceInterval = [54.760 ns; 54.828 ns] (CI 99.9%), Margin = 0.034 ns (0.06% of Mean)
Skewness = 0.75, Kurtosis = 2.42, MValue = 2
-------------------- Histogram --------------------
[54.730 ns ; 54.886 ns) | @@@@@@@@@@@@@@@@@@
---------------------------------------------------

MemoryCacheProviderBenchmarks.GetOrSetAsync_CacheHit: Job-NUBXJZ(IterationCount=20, WarmupCount=5)
Runtime = .NET 10.0.7 (10.0.7, 10.0.726.21808), X64 RyuJIT x86-64-v3; GC = Concurrent Workstation
Mean = 121.810 ns, StdErr = 0.083 ns (0.07%), N = 19, StdDev = 0.361 ns
Min = 120.963 ns, Q1 = 121.638 ns, Median = 121.837 ns, Q3 = 122.125 ns, Max = 122.256 ns
IQR = 0.488 ns, LowerFence = 120.906 ns, UpperFence = 122.857 ns
ConfidenceInterval = [121.485 ns; 122.135 ns] (CI 99.9%), Margin = 0.325 ns (0.27% of Mean)
Skewness = -0.74, Kurtosis = 2.64, MValue = 2
-------------------- Histogram --------------------
[120.785 ns ; 122.434 ns) | @@@@@@@@@@@@@@@@@@@
---------------------------------------------------

MemoryCacheProviderBenchmarks.GetOrSetAsync_CacheMiss: Job-NUBXJZ(IterationCount=20, WarmupCount=5)
Runtime = .NET 10.0.7 (10.0.7, 10.0.726.21808), X64 RyuJIT x86-64-v3; GC = Concurrent Workstation
Mean = 5.417 μs, StdErr = 0.098 μs (1.82%), N = 17, StdDev = 0.406 μs
Min = 4.623 μs, Q1 = 5.306 μs, Median = 5.479 μs, Q3 = 5.567 μs, Max = 6.132 μs
IQR = 0.260 μs, LowerFence = 4.916 μs, UpperFence = 5.957 μs
ConfidenceInterval = [5.022 μs; 5.812 μs] (CI 99.9%), Margin = 0.395 μs (7.30% of Mean)
Skewness = -0.38, Kurtosis = 2.65, MValue = 2
-------------------- Histogram --------------------
[4.491 μs ; 4.905 μs) | @@@
[4.905 μs ; 5.265 μs) | 
[5.265 μs ; 5.679 μs) | @@@@@@@@@@@@
[5.679 μs ; 5.888 μs) | 
[5.888 μs ; 6.339 μs) | @@
---------------------------------------------------

MemoryCacheProviderBenchmarks.RemoveAsync: Job-NUBXJZ(IterationCount=20, WarmupCount=5)
Runtime = .NET 10.0.7 (10.0.7, 10.0.726.21808), X64 RyuJIT x86-64-v3; GC = Concurrent Workstation
Mean = 2.826 μs, StdErr = 0.005 μs (0.19%), N = 20, StdDev = 0.024 μs
Min = 2.777 μs, Q1 = 2.810 μs, Median = 2.829 μs, Q3 = 2.841 μs, Max = 2.882 μs
IQR = 0.031 μs, LowerFence = 2.763 μs, UpperFence = 2.888 μs
ConfidenceInterval = [2.805 μs; 2.847 μs] (CI 99.9%), Margin = 0.021 μs (0.75% of Mean)
Skewness = 0.05, Kurtosis = 2.74, MValue = 2
-------------------- Histogram --------------------
[2.765 μs ; 2.894 μs) | @@@@@@@@@@@@@@@@@@@@
---------------------------------------------------

MemoryCacheProviderBenchmarks.SetWithSlidingExpirationAsync: Job-NUBXJZ(IterationCount=20, WarmupCount=5)
Runtime = .NET 10.0.7 (10.0.7, 10.0.726.21808), X64 RyuJIT x86-64-v3; GC = Concurrent Workstation
Mean = 4.314 μs, StdErr = 0.143 μs (3.32%), N = 19, StdDev = 0.625 μs
Min = 3.440 μs, Q1 = 3.785 μs, Median = 4.245 μs, Q3 = 4.844 μs, Max = 5.294 μs
IQR = 1.059 μs, LowerFence = 2.197 μs, UpperFence = 6.432 μs
ConfidenceInterval = [3.752 μs; 4.875 μs] (CI 99.9%), Margin = 0.562 μs (13.03% of Mean)
Skewness = 0.19, Kurtosis = 1.51, MValue = 2.25
-------------------- Histogram --------------------
[3.382 μs ; 3.996 μs) | @@@@@@@@
[3.996 μs ; 4.687 μs) | @@@@@
[4.687 μs ; 5.301 μs) | @@@@@@
---------------------------------------------------

MemoryCacheProviderBenchmarks.SetAsync: Job-NUBXJZ(IterationCount=20, WarmupCount=5)
Runtime = .NET 10.0.7 (10.0.7, 10.0.726.21808), X64 RyuJIT x86-64-v3; GC = Concurrent Workstation
Mean = 4.015 μs, StdErr = 0.085 μs (2.11%), N = 18, StdDev = 0.360 μs
Min = 3.585 μs, Q1 = 3.850 μs, Median = 3.920 μs, Q3 = 4.047 μs, Max = 4.914 μs
IQR = 0.197 μs, LowerFence = 3.554 μs, UpperFence = 4.342 μs
ConfidenceInterval = [3.679 μs; 4.351 μs] (CI 99.9%), Margin = 0.336 μs (8.37% of Mean)
Skewness = 1.23, Kurtosis = 3.62, MValue = 2.44
-------------------- Histogram --------------------
[3.405 μs ; 3.748 μs) | @@@
[3.748 μs ; 4.108 μs) | @@@@@@@@@@@
[4.108 μs ; 4.496 μs) | @@
[4.496 μs ; 4.666 μs) | 
[4.666 μs ; 5.094 μs) | @@
---------------------------------------------------

MemoryCacheProviderBenchmarks.ExistsAsync_False: MediumRun(IterationCount=15, LaunchCount=2, WarmupCount=10)
Runtime = .NET 10.0.7 (10.0.7, 10.0.726.21808), X64 RyuJIT x86-64-v3; GC = Concurrent Workstation
Mean = 53.010 ns, StdErr = 0.093 ns (0.18%), N = 28, StdDev = 0.493 ns
Min = 52.470 ns, Q1 = 52.514 ns, Median = 53.023 ns, Q3 = 53.453 ns, Max = 53.767 ns
IQR = 0.939 ns, LowerFence = 51.106 ns, UpperFence = 54.862 ns
ConfidenceInterval = [52.666 ns; 53.354 ns] (CI 99.9%), Margin = 0.344 ns (0.65% of Mean)
Skewness = 0.05, Kurtosis = 1.06, MValue = 2
-------------------- Histogram --------------------
[52.257 ns ; 53.980 ns) | @@@@@@@@@@@@@@@@@@@@@@@@@@@@
---------------------------------------------------

MemoryCacheProviderBenchmarks.ExistsAsync_True: MediumRun(IterationCount=15, LaunchCount=2, WarmupCount=10)
Runtime = .NET 10.0.7 (10.0.7, 10.0.726.21808), X64 RyuJIT x86-64-v3; GC = Concurrent Workstation
Mean = 61.707 ns, StdErr = 0.060 ns (0.10%), N = 26, StdDev = 0.306 ns
Min = 61.291 ns, Q1 = 61.391 ns, Median = 61.749 ns, Q3 = 61.892 ns, Max = 62.475 ns
IQR = 0.501 ns, LowerFence = 60.640 ns, UpperFence = 62.643 ns
ConfidenceInterval = [61.484 ns; 61.930 ns] (CI 99.9%), Margin = 0.223 ns (0.36% of Mean)
Skewness = 0.42, Kurtosis = 2.55, MValue = 2
-------------------- Histogram --------------------
[61.216 ns ; 62.610 ns) | @@@@@@@@@@@@@@@@@@@@@@@@@@
---------------------------------------------------

MemoryCacheProviderBenchmarks.GetAsync_CacheHit: MediumRun(IterationCount=15, LaunchCount=2, WarmupCount=10)
Runtime = .NET 10.0.7 (10.0.7, 10.0.726.21808), X64 RyuJIT x86-64-v3; GC = Concurrent Workstation
Mean = 83.985 ns, StdErr = 0.149 ns (0.18%), N = 28, StdDev = 0.789 ns
Min = 82.824 ns, Q1 = 83.338 ns, Median = 83.638 ns, Q3 = 84.575 ns, Max = 85.635 ns
IQR = 1.238 ns, LowerFence = 81.482 ns, UpperFence = 86.432 ns
ConfidenceInterval = [83.434 ns; 84.535 ns] (CI 99.9%), Margin = 0.550 ns (0.66% of Mean)
Skewness = 0.5, Kurtosis = 1.86, MValue = 2
-------------------- Histogram --------------------
[82.644 ns ; 85.976 ns) | @@@@@@@@@@@@@@@@@@@@@@@@@@@@
---------------------------------------------------

MemoryCacheProviderBenchmarks.GetAsync_CacheMiss: MediumRun(IterationCount=15, LaunchCount=2, WarmupCount=10)
Runtime = .NET 10.0.7 (10.0.7, 10.0.726.21808), X64 RyuJIT x86-64-v3; GC = Concurrent Workstation
Mean = 53.332 ns, StdErr = 0.015 ns (0.03%), N = 27, StdDev = 0.078 ns
Min = 53.194 ns, Q1 = 53.273 ns, Median = 53.334 ns, Q3 = 53.388 ns, Max = 53.482 ns
IQR = 0.115 ns, LowerFence = 53.100 ns, UpperFence = 53.560 ns
ConfidenceInterval = [53.276 ns; 53.387 ns] (CI 99.9%), Margin = 0.056 ns (0.10% of Mean)
Skewness = 0.11, Kurtosis = 1.93, MValue = 2
-------------------- Histogram --------------------
[53.160 ns ; 53.516 ns) | @@@@@@@@@@@@@@@@@@@@@@@@@@@
---------------------------------------------------

MemoryCacheProviderBenchmarks.GetOrSetAsync_CacheHit: MediumRun(IterationCount=15, LaunchCount=2, WarmupCount=10)
Runtime = .NET 10.0.7 (10.0.7, 10.0.726.21808), X64 RyuJIT x86-64-v3; GC = Concurrent Workstation
Mean = 123.627 ns, StdErr = 0.100 ns (0.08%), N = 26, StdDev = 0.510 ns
Min = 122.647 ns, Q1 = 123.278 ns, Median = 123.608 ns, Q3 = 123.812 ns, Max = 124.891 ns
IQR = 0.534 ns, LowerFence = 122.476 ns, UpperFence = 124.614 ns
ConfidenceInterval = [123.254 ns; 123.999 ns] (CI 99.9%), Margin = 0.373 ns (0.30% of Mean)
Skewness = 0.63, Kurtosis = 3.52, MValue = 2
-------------------- Histogram --------------------
[122.421 ns ; 125.117 ns) | @@@@@@@@@@@@@@@@@@@@@@@@@@
---------------------------------------------------

MemoryCacheProviderBenchmarks.GetOrSetAsync_CacheMiss: MediumRun(IterationCount=15, LaunchCount=2, WarmupCount=10)
Runtime = .NET 10.0.7 (10.0.7, 10.0.726.21808), X64 RyuJIT x86-64-v3; GC = Concurrent Workstation
Mean = 5.435 μs, StdErr = 0.079 μs (1.45%), N = 28, StdDev = 0.416 μs
Min = 4.722 μs, Q1 = 5.082 μs, Median = 5.388 μs, Q3 = 5.664 μs, Max = 6.367 μs
IQR = 0.582 μs, LowerFence = 4.208 μs, UpperFence = 6.538 μs
ConfidenceInterval = [5.145 μs; 5.726 μs] (CI 99.9%), Margin = 0.290 μs (5.34% of Mean)
Skewness = 0.44, Kurtosis = 2.44, MValue = 2
-------------------- Histogram --------------------
[4.542 μs ; 4.920 μs) | @@
[4.920 μs ; 5.293 μs) | @@@@@@@
[5.293 μs ; 5.706 μs) | @@@@@@@@@@@@
[5.706 μs ; 6.065 μs) | @@@@@
[6.065 μs ; 6.471 μs) | @@
---------------------------------------------------

MemoryCacheProviderBenchmarks.RemoveAsync: MediumRun(IterationCount=15, LaunchCount=2, WarmupCount=10)
Runtime = .NET 10.0.7 (10.0.7, 10.0.726.21808), X64 RyuJIT x86-64-v3; GC = Concurrent Workstation
Mean = 2.810 μs, StdErr = 0.006 μs (0.20%), N = 30, StdDev = 0.031 μs
Min = 2.740 μs, Q1 = 2.792 μs, Median = 2.806 μs, Q3 = 2.824 μs, Max = 2.884 μs
IQR = 0.032 μs, LowerFence = 2.745 μs, UpperFence = 2.871 μs
ConfidenceInterval = [2.789 μs; 2.831 μs] (CI 99.9%), Margin = 0.021 μs (0.75% of Mean)
Skewness = 0.35, Kurtosis = 2.99, MValue = 2
-------------------- Histogram --------------------
[2.727 μs ; 2.822 μs) | @@@@@@@@@@@@@@@@@@@@@
[2.822 μs ; 2.897 μs) | @@@@@@@@@
---------------------------------------------------

MemoryCacheProviderBenchmarks.SetWithSlidingExpirationAsync: MediumRun(IterationCount=15, LaunchCount=2, WarmupCount=10)
Runtime = .NET 10.0.7 (10.0.7, 10.0.726.21808), X64 RyuJIT x86-64-v3; GC = Concurrent Workstation
Mean = 4.477 μs, StdErr = 0.105 μs (2.35%), N = 30, StdDev = 0.577 μs
Min = 3.752 μs, Q1 = 3.844 μs, Median = 4.632 μs, Q3 = 4.932 μs, Max = 5.331 μs
IQR = 1.088 μs, LowerFence = 2.213 μs, UpperFence = 6.563 μs
ConfidenceInterval = [4.091 μs; 4.862 μs] (CI 99.9%), Margin = 0.386 μs (8.61% of Mean)
Skewness = -0.05, Kurtosis = 1.31, MValue = 3.33
-------------------- Histogram --------------------
[3.585 μs ; 4.072 μs) | @@@@@@@@@@@@
[4.072 μs ; 4.653 μs) | @@@
[4.653 μs ; 5.141 μs) | @@@@@@@@@@@
[5.141 μs ; 5.575 μs) | @@@@
---------------------------------------------------

MemoryCacheProviderBenchmarks.SetAsync: MediumRun(IterationCount=15, LaunchCount=2, WarmupCount=10)
Runtime = .NET 10.0.7 (10.0.7, 10.0.726.21808), X64 RyuJIT x86-64-v3; GC = Concurrent Workstation
Mean = 4.190 μs, StdErr = 0.047 μs (1.11%), N = 27, StdDev = 0.242 μs
Min = 3.874 μs, Q1 = 4.038 μs, Median = 4.099 μs, Q3 = 4.245 μs, Max = 5.024 μs
IQR = 0.207 μs, LowerFence = 3.727 μs, UpperFence = 4.556 μs
ConfidenceInterval = [4.018 μs; 4.363 μs] (CI 99.9%), Margin = 0.172 μs (4.11% of Mean)
Skewness = 1.63, Kurtosis = 5.93, MValue = 2
-------------------- Histogram --------------------
[3.768 μs ; 4.020 μs) | @@@
[4.020 μs ; 4.231 μs) | @@@@@@@@@@@@@@@@@
[4.231 μs ; 4.527 μs) | @@@@@
[4.527 μs ; 4.687 μs) | @
[4.687 μs ; 4.918 μs) | 
[4.918 μs ; 5.130 μs) | @
---------------------------------------------------

// * Summary *

BenchmarkDotNet v0.15.8, Linux Ubuntu 24.04.4 LTS (Noble Numbat)
AMD EPYC 7763 2.45GHz, 1 CPU, 4 logical and 2 physical cores
.NET SDK 10.0.203
  [Host]     : .NET 10.0.7 (10.0.7, 10.0.726.21808), X64 RyuJIT x86-64-v3
  Job-NUBXJZ : .NET 10.0.7 (10.0.7, 10.0.726.21808), X64 RyuJIT x86-64-v3
  MediumRun  : .NET 10.0.7 (10.0.7, 10.0.726.21808), X64 RyuJIT x86-64-v3


| Method                        | Job        | IterationCount | LaunchCount | WarmupCount | Mean        | Error      | StdDev     | Ratio | RatioSD | Gen0   | Gen1   | Allocated | Alloc Ratio |
|------------------------------ |----------- |--------------- |------------ |------------ |------------:|-----------:|-----------:|------:|--------:|-------:|-------:|----------:|------------:|
| ExistsAsync_False             | Job-NUBXJZ | 20             | Default     | 5           |    52.40 ns |   0.050 ns |   0.051 ns |  0.62 |    0.01 |      - |      - |         - |        0.00 |
| ExistsAsync_True              | Job-NUBXJZ | 20             | Default     | 5           |    61.50 ns |   0.041 ns |   0.047 ns |  0.72 |    0.01 |      - |      - |         - |        0.00 |
| GetAsync_CacheHit             | Job-NUBXJZ | 20             | Default     | 5           |    85.15 ns |   0.745 ns |   0.829 ns |  1.00 |    0.01 | 0.0086 |      - |     144 B |        1.00 |
| GetAsync_CacheMiss            | Job-NUBXJZ | 20             | Default     | 5           |    54.79 ns |   0.034 ns |   0.036 ns |  0.64 |    0.01 |      - |      - |         - |        0.00 |
| GetOrSetAsync_CacheHit        | Job-NUBXJZ | 20             | Default     | 5           |   121.81 ns |   0.325 ns |   0.361 ns |  1.43 |    0.01 | 0.0167 |      - |     280 B |        1.94 |
| GetOrSetAsync_CacheMiss       | Job-NUBXJZ | 20             | Default     | 5           | 5,416.90 ns | 395.255 ns | 405.898 ns | 63.62 |    4.67 | 0.0610 | 0.0572 |    1080 B |        7.50 |
| RemoveAsync                   | Job-NUBXJZ | 20             | Default     | 5           | 2,826.11 ns |  21.170 ns |  24.379 ns | 33.19 |    0.42 | 0.0458 |      - |     784 B |        5.44 |
| SetWithSlidingExpirationAsync | Job-NUBXJZ | 20             | Default     | 5           | 4,313.60 ns | 561.877 ns | 624.524 ns | 50.66 |    7.17 | 0.0420 | 0.0381 |     720 B |        5.00 |
| SetAsync                      | Job-NUBXJZ | 20             | Default     | 5           | 4,015.36 ns | 335.999 ns | 359.515 ns | 47.16 |    4.13 | 0.0420 | 0.0381 |     712 B |        4.94 |
|                               |            |                |             |             |             |            |            |       |         |        |        |           |             |
| ExistsAsync_False             | MediumRun  | 15             | 2           | 10          |    53.01 ns |   0.344 ns |   0.493 ns |  0.63 |    0.01 |      - |      - |         - |        0.00 |
| ExistsAsync_True              | MediumRun  | 15             | 2           | 10          |    61.71 ns |   0.223 ns |   0.306 ns |  0.73 |    0.01 |      - |      - |         - |        0.00 |
| GetAsync_CacheHit             | MediumRun  | 15             | 2           | 10          |    83.98 ns |   0.550 ns |   0.789 ns |  1.00 |    0.01 | 0.0086 |      - |     144 B |        1.00 |
| GetAsync_CacheMiss            | MediumRun  | 15             | 2           | 10          |    53.33 ns |   0.056 ns |   0.078 ns |  0.64 |    0.01 |      - |      - |         - |        0.00 |
| GetOrSetAsync_CacheHit        | MediumRun  | 15             | 2           | 10          |   123.63 ns |   0.373 ns |   0.510 ns |  1.47 |    0.01 | 0.0167 |      - |     280 B |        1.94 |
| GetOrSetAsync_CacheMiss       | MediumRun  | 15             | 2           | 10          | 5,435.22 ns | 290.314 ns | 416.360 ns | 64.72 |    4.91 | 0.0610 | 0.0534 |    1080 B |        7.50 |
| RemoveAsync                   | MediumRun  | 15             | 2           | 10          | 2,809.81 ns |  20.959 ns |  31.370 ns | 33.46 |    0.48 | 0.0458 |      - |     784 B |        5.44 |
| SetWithSlidingExpirationAsync | MediumRun  | 15             | 2           | 10          | 4,476.74 ns | 385.584 ns | 577.123 ns | 53.31 |    6.78 | 0.0420 | 0.0381 |     720 B |        5.00 |
| SetAsync                      | MediumRun  | 15             | 2           | 10          | 4,190.36 ns | 172.376 ns | 241.647 ns | 49.90 |    2.86 | 0.0420 | 0.0381 |     712 B |        4.94 |

// * Warnings *
MultimodalDistribution
  MemoryCacheProviderBenchmarks.SetWithSlidingExpirationAsync: MediumRun -> It seems that the distribution is bimodal (mValue = 3.33)

// * Hints *
Outliers
  MemoryCacheProviderBenchmarks.ExistsAsync_False: IterationCount=20, WarmupCount=5             -> 3 outliers were removed (54.50 ns..54.80 ns)
  MemoryCacheProviderBenchmarks.GetAsync_CacheHit: IterationCount=20, WarmupCount=5             -> 1 outlier  was  removed (90.59 ns)
  MemoryCacheProviderBenchmarks.GetAsync_CacheMiss: IterationCount=20, WarmupCount=5            -> 2 outliers were removed (58.39 ns, 58.89 ns)
  MemoryCacheProviderBenchmarks.GetOrSetAsync_CacheHit: IterationCount=20, WarmupCount=5        -> 1 outlier  was  removed (126.75 ns)
  MemoryCacheProviderBenchmarks.GetOrSetAsync_CacheMiss: IterationCount=20, WarmupCount=5       -> 3 outliers were removed, 4 outliers were detected (4.63 μs, 6.76 μs..18.21 μs)
  MemoryCacheProviderBenchmarks.SetWithSlidingExpirationAsync: IterationCount=20, WarmupCount=5 -> 1 outlier  was  removed (9.92 μs)
  MemoryCacheProviderBenchmarks.SetAsync: IterationCount=20, WarmupCount=5                      -> 2 outliers were removed (10.35 μs, 17.35 μs)
  MemoryCacheProviderBenchmarks.ExistsAsync_True: MediumRun                                     -> 1 outlier  was  removed (65.27 ns)
  MemoryCacheProviderBenchmarks.GetAsync_CacheMiss: MediumRun                                   -> 2 outliers were removed (56.96 ns, 57.06 ns)
  MemoryCacheProviderBenchmarks.GetOrSetAsync_CacheHit: MediumRun                               -> 3 outliers were removed (129.19 ns..132.67 ns)
  MemoryCacheProviderBenchmarks.GetOrSetAsync_CacheMiss: MediumRun                              -> 2 outliers were removed (17.72 μs, 18.00 μs)
  MemoryCacheProviderBenchmarks.RemoveAsync: MediumRun                                          -> 1 outlier  was  removed, 2 outliers were detected (2.74 μs, 2.89 μs)
  MemoryCacheProviderBenchmarks.SetAsync: MediumRun                                             -> 4 outliers were removed (5.00 μs..18.49 μs)
// * Config Issues *

// * Warnings *
Configuration
  Summary -> The exporter CsvExporter is already present in configuration. There may be unexpected results.
  Summary -> The exporter HtmlExporter is already present in configuration. There may be unexpected results.
  Summary -> The exporter MarkdownExporter-github is already present in configuration. There may be unexpected results.

// * Legends *
  Mean        : Arithmetic mean of all measurements
  Error       : Half of 99.9% confidence interval
  StdDev      : Standard deviation of all measurements
  Ratio       : Mean of the ratio distribution ([Current]/[Baseline])
  RatioSD     : Standard deviation of the ratio distribution ([Current]/[Baseline])
  Gen0        : GC Generation 0 collects per 1000 operations
  Gen1        : GC Generation 1 collects per 1000 operations
  Allocated   : Allocated memory per single operation (managed only, inclusive, 1KB = 1024B)
  Alloc Ratio : Allocated memory ratio distribution ([Current]/[Baseline])
  1 ns        : 1 Nanosecond (0.000000001 sec)

// * Diagnostic Output - MemoryDiagnoser *


// ***** BenchmarkRunner: End *****
Run time: 00:38:52 (2332.31 sec), executed benchmarks: 18

Global total time: 00:39:46 (2386.11 sec), executed benchmarks: 18
// * Artifacts cleanup *
Artifacts cleanup is finished
