// Validating benchmarks:
// ***** BenchmarkRunner: Start   *****
// ***** Found 18 benchmark(s) in total *****
// ***** Building 1 exe(s) in Parallel: Start   *****
// start dotnet  restore --nodeReuse:false /p:UseSharedCompilation=false /p:Deterministic=true /p:Optimize=true /p:ArtifactsPath="/home/runner/work/Encina/Encina/tests/Encina.BenchmarkTests/Encina.Security.PII.Benchmarks/bin/Release/net10.0/Encina.Security.PII.Benchmarks-Job-YFEFPZ-1/" /p:OutDir="/home/runner/work/Encina/Encina/tests/Encina.BenchmarkTests/Encina.Security.PII.Benchmarks/bin/Release/net10.0/Encina.Security.PII.Benchmarks-Job-YFEFPZ-1/bin/Release/net10.0/" /p:OutputPath="/home/runner/work/Encina/Encina/tests/Encina.BenchmarkTests/Encina.Security.PII.Benchmarks/bin/Release/net10.0/Encina.Security.PII.Benchmarks-Job-YFEFPZ-1/bin/Release/net10.0/" /p:PublishDir="/home/runner/work/Encina/Encina/tests/Encina.BenchmarkTests/Encina.Security.PII.Benchmarks/bin/Release/net10.0/Encina.Security.PII.Benchmarks-Job-YFEFPZ-1/publish/" in /home/runner/work/Encina/Encina/tests/Encina.BenchmarkTests/Encina.Security.PII.Benchmarks/bin/Release/net10.0/Encina.Security.PII.Benchmarks-Job-YFEFPZ-1
// command took 2.83 sec and exited with 0
// start dotnet  build -c Release --no-restore --nodeReuse:false /p:UseSharedCompilation=false /p:Deterministic=true /p:Optimize=true /p:ArtifactsPath="/home/runner/work/Encina/Encina/tests/Encina.BenchmarkTests/Encina.Security.PII.Benchmarks/bin/Release/net10.0/Encina.Security.PII.Benchmarks-Job-YFEFPZ-1/" /p:OutDir="/home/runner/work/Encina/Encina/tests/Encina.BenchmarkTests/Encina.Security.PII.Benchmarks/bin/Release/net10.0/Encina.Security.PII.Benchmarks-Job-YFEFPZ-1/bin/Release/net10.0/" /p:OutputPath="/home/runner/work/Encina/Encina/tests/Encina.BenchmarkTests/Encina.Security.PII.Benchmarks/bin/Release/net10.0/Encina.Security.PII.Benchmarks-Job-YFEFPZ-1/bin/Release/net10.0/" /p:PublishDir="/home/runner/work/Encina/Encina/tests/Encina.BenchmarkTests/Encina.Security.PII.Benchmarks/bin/Release/net10.0/Encina.Security.PII.Benchmarks-Job-YFEFPZ-1/publish/" --output "/home/runner/work/Encina/Encina/tests/Encina.BenchmarkTests/Encina.Security.PII.Benchmarks/bin/Release/net10.0/Encina.Security.PII.Benchmarks-Job-YFEFPZ-1/bin/Release/net10.0/" in /home/runner/work/Encina/Encina/tests/Encina.BenchmarkTests/Encina.Security.PII.Benchmarks/bin/Release/net10.0/Encina.Security.PII.Benchmarks-Job-YFEFPZ-1
// command took 52.85 sec and exited with 0
// ***** Done, took 00:00:55 (55.9 sec)   *****
// Found 18 benchmarks:
//   SerializationBenchmarks.Serialize_Small: Job-YFEFPZ(IterationCount=10, WarmupCount=3)
//   SerializationBenchmarks.Serialize_Medium: Job-YFEFPZ(IterationCount=10, WarmupCount=3)
//   SerializationBenchmarks.Serialize_Large: Job-YFEFPZ(IterationCount=10, WarmupCount=3)
//   SerializationBenchmarks.SerializeRoundtrip_Small: Job-YFEFPZ(IterationCount=10, WarmupCount=3)
//   SerializationBenchmarks.SerializeRoundtrip_Large: Job-YFEFPZ(IterationCount=10, WarmupCount=3)
//   SerializationBenchmarks.ParseAndModify_Small: Job-YFEFPZ(IterationCount=10, WarmupCount=3)
//   SerializationBenchmarks.MaskObject_Small: Job-YFEFPZ(IterationCount=10, WarmupCount=3)
//   SerializationBenchmarks.MaskObject_Medium: Job-YFEFPZ(IterationCount=10, WarmupCount=3)
//   SerializationBenchmarks.MaskObject_Large: Job-YFEFPZ(IterationCount=10, WarmupCount=3)
//   SerializationBenchmarks.Serialize_Small: ShortRun(IterationCount=3, LaunchCount=1, WarmupCount=3)
//   SerializationBenchmarks.Serialize_Medium: ShortRun(IterationCount=3, LaunchCount=1, WarmupCount=3)
//   SerializationBenchmarks.Serialize_Large: ShortRun(IterationCount=3, LaunchCount=1, WarmupCount=3)
//   SerializationBenchmarks.SerializeRoundtrip_Small: ShortRun(IterationCount=3, LaunchCount=1, WarmupCount=3)
//   SerializationBenchmarks.SerializeRoundtrip_Large: ShortRun(IterationCount=3, LaunchCount=1, WarmupCount=3)
//   SerializationBenchmarks.ParseAndModify_Small: ShortRun(IterationCount=3, LaunchCount=1, WarmupCount=3)
//   SerializationBenchmarks.MaskObject_Small: ShortRun(IterationCount=3, LaunchCount=1, WarmupCount=3)
//   SerializationBenchmarks.MaskObject_Medium: ShortRun(IterationCount=3, LaunchCount=1, WarmupCount=3)
//   SerializationBenchmarks.MaskObject_Large: ShortRun(IterationCount=3, LaunchCount=1, WarmupCount=3)

// **************************
// Benchmark: SerializationBenchmarks.Serialize_Small: Job-YFEFPZ(IterationCount=10, WarmupCount=3)
// *** Execute ***
// Launch: 1 / 1
// Execute: dotnet Encina.Security.PII.Benchmarks-Job-YFEFPZ-1.dll --anonymousPipes 158 159 --benchmarkName Encina.Security.PII.Benchmarks.SerializationBenchmarks.Serialize_Small --job "IterationCount=10, WarmupCount=3" --benchmarkId 0 in /home/runner/work/Encina/Encina/tests/Encina.BenchmarkTests/Encina.Security.PII.Benchmarks/bin/Release/net10.0/Encina.Security.PII.Benchmarks-Job-YFEFPZ-1/bin/Release/net10.0
// Failed to set up high priority (Permission denied). In order to run benchmarks with high priority, make sure you have the right permissions.
// BeforeAnythingElse

// Benchmark Process Environment Information:
// BenchmarkDotNet v0.15.8
// Runtime=.NET 10.0.12 (10.0.12, 10.0.1226.42308), X64 RyuJIT x86-64-v3
// GC=Concurrent Workstation
// HardwareIntrinsics=AVX2+BMI1+BMI2+F16C+FMA+LZCNT+MOVBE,AVX,SSE3+SSSE3+SSE4.1+SSE4.2+POPCNT,X86Base+SSE+SSE2,AES+PCLMUL VectorSize=256
// Job: Job-YFEFPZ(IterationCount=10, WarmupCount=3)

OverheadJitting  1: 1 op, 223064.00 ns, 223.0640 us/op
WorkloadJitting  1: 1 op, 29611544.00 ns, 29.6115 ms/op

OverheadJitting  2: 16 op, 474262.00 ns, 29.6414 us/op
WorkloadJitting  2: 16 op, 573506.00 ns, 35.8441 us/op

WorkloadPilot    1: 16 op, 17283.00 ns, 1.0802 us/op
WorkloadPilot    2: 32 op, 46847.00 ns, 1.4640 us/op
WorkloadPilot    3: 64 op, 68417.00 ns, 1.0690 us/op
WorkloadPilot    4: 128 op, 96008.00 ns, 750.0625 ns/op
WorkloadPilot    5: 256 op, 191385.00 ns, 747.5977 ns/op
WorkloadPilot    6: 512 op, 303774.00 ns, 593.3086 ns/op
WorkloadPilot    7: 1024 op, 575519.00 ns, 562.0303 ns/op
WorkloadPilot    8: 2048 op, 1114060.00 ns, 543.9746 ns/op
WorkloadPilot    9: 4096 op, 2072091.00 ns, 505.8816 ns/op
WorkloadPilot   10: 8192 op, 4105689.00 ns, 501.1827 ns/op
WorkloadPilot   11: 16384 op, 7955673.00 ns, 485.5757 ns/op
WorkloadPilot   12: 32768 op, 16670196.00 ns, 508.7340 ns/op
WorkloadPilot   13: 65536 op, 32921875.00 ns, 502.3479 ns/op
WorkloadPilot   14: 131072 op, 65450490.00 ns, 499.3476 ns/op
WorkloadPilot   15: 262144 op, 120824296.00 ns, 460.9081 ns/op
WorkloadPilot   16: 524288 op, 239337593.00 ns, 456.5002 ns/op
WorkloadPilot   17: 1048576 op, 478364790.00 ns, 456.2042 ns/op
WorkloadPilot   18: 2097152 op, 967251692.00 ns, 461.2215 ns/op

OverheadWarmup   1: 2097152 op, 6949844.00 ns, 3.3139 ns/op
OverheadWarmup   2: 2097152 op, 6949804.00 ns, 3.3139 ns/op
OverheadWarmup   3: 2097152 op, 6890093.00 ns, 3.2855 ns/op
OverheadWarmup   4: 2097152 op, 7748348.00 ns, 3.6947 ns/op
OverheadWarmup   5: 2097152 op, 7402405.00 ns, 3.5297 ns/op
OverheadWarmup   6: 2097152 op, 6931339.00 ns, 3.3051 ns/op
OverheadWarmup   7: 2097152 op, 6888349.00 ns, 3.2846 ns/op
OverheadWarmup   8: 2097152 op, 6880715.00 ns, 3.2810 ns/op
OverheadWarmup   9: 2097152 op, 6885494.00 ns, 3.2833 ns/op
OverheadWarmup  10: 2097152 op, 6886406.00 ns, 3.2837 ns/op

OverheadActual   1: 2097152 op, 6903778.00 ns, 3.2920 ns/op
OverheadActual   2: 2097152 op, 6887398.00 ns, 3.2842 ns/op
OverheadActual   3: 2097152 op, 6934024.00 ns, 3.3064 ns/op
OverheadActual   4: 2097152 op, 6944664.00 ns, 3.3115 ns/op
OverheadActual   5: 2097152 op, 7039380.00 ns, 3.3566 ns/op
OverheadActual   6: 2097152 op, 8134115.00 ns, 3.8786 ns/op
OverheadActual   7: 2097152 op, 6894571.00 ns, 3.2876 ns/op
OverheadActual   8: 2097152 op, 6865678.00 ns, 3.2738 ns/op
OverheadActual   9: 2097152 op, 6888580.00 ns, 3.2847 ns/op
OverheadActual  10: 2097152 op, 6892417.00 ns, 3.2866 ns/op
OverheadActual  11: 2097152 op, 6959182.00 ns, 3.3184 ns/op
OverheadActual  12: 2097152 op, 7179942.00 ns, 3.4237 ns/op
OverheadActual  13: 2097152 op, 6869394.00 ns, 3.2756 ns/op
OverheadActual  14: 2097152 op, 6947419.00 ns, 3.3128 ns/op
OverheadActual  15: 2097152 op, 6846191.00 ns, 3.2645 ns/op

WorkloadWarmup   1: 2097152 op, 991218732.00 ns, 472.6499 ns/op
WorkloadWarmup   2: 2097152 op, 962053683.00 ns, 458.7429 ns/op
WorkloadWarmup   3: 2097152 op, 953754893.00 ns, 454.7858 ns/op

// BeforeActualRun
WorkloadActual   1: 2097152 op, 957802995.00 ns, 456.7161 ns/op
WorkloadActual   2: 2097152 op, 954952608.00 ns, 455.3569 ns/op
WorkloadActual   3: 2097152 op, 954821044.00 ns, 455.2942 ns/op
WorkloadActual   4: 2097152 op, 954118112.00 ns, 454.9590 ns/op
WorkloadActual   5: 2097152 op, 961719387.00 ns, 458.5835 ns/op
WorkloadActual   6: 2097152 op, 958177877.00 ns, 456.8948 ns/op
WorkloadActual   7: 2097152 op, 955522656.00 ns, 455.6287 ns/op
WorkloadActual   8: 2097152 op, 953888650.00 ns, 454.8496 ns/op
WorkloadActual   9: 2097152 op, 956583828.00 ns, 456.1347 ns/op
WorkloadActual  10: 2097152 op, 954966724.00 ns, 455.3636 ns/op

// AfterActualRun
WorkloadResult   1: 2097152 op, 950899217.00 ns, 453.4241 ns/op
WorkloadResult   2: 2097152 op, 948048830.00 ns, 452.0649 ns/op
WorkloadResult   3: 2097152 op, 947917266.00 ns, 452.0022 ns/op
WorkloadResult   4: 2097152 op, 947214334.00 ns, 451.6670 ns/op
WorkloadResult   5: 2097152 op, 951274099.00 ns, 453.6028 ns/op
WorkloadResult   6: 2097152 op, 948618878.00 ns, 452.3367 ns/op
WorkloadResult   7: 2097152 op, 946984872.00 ns, 451.5576 ns/op
WorkloadResult   8: 2097152 op, 949680050.00 ns, 452.8427 ns/op
WorkloadResult   9: 2097152 op, 948062946.00 ns, 452.0716 ns/op
// GC:  14 0 0 234881024 2097152
// Threading:  0 0 2097152

// AfterAll
// Benchmark Process 3075 has exited with code 0.

Mean = 452.397 ns, StdErr = 0.245 ns (0.05%), N = 9, StdDev = 0.735 ns
Min = 451.558 ns, Q1 = 452.002 ns, Median = 452.072 ns, Q3 = 452.843 ns, Max = 453.603 ns
IQR = 0.841 ns, LowerFence = 450.741 ns, UpperFence = 454.104 ns
ConfidenceInterval = [451.162 ns; 453.632 ns] (CI 99.9%), Margin = 1.235 ns (0.27% of Mean)
Skewness = 0.51, Kurtosis = 1.56, MValue = 2

// ** Remained 17 (94.4 %) benchmark(s) to run. Estimated finish 2026-09-27 15:29 (0h 4m from now) **
// **************************
// Benchmark: SerializationBenchmarks.Serialize_Medium: Job-YFEFPZ(IterationCount=10, WarmupCount=3)
// *** Execute ***
// Launch: 1 / 1
// Execute: dotnet Encina.Security.PII.Benchmarks-Job-YFEFPZ-1.dll --anonymousPipes 158 159 --benchmarkName Encina.Security.PII.Benchmarks.SerializationBenchmarks.Serialize_Medium --job "IterationCount=10, WarmupCount=3" --benchmarkId 1 in /home/runner/work/Encina/Encina/tests/Encina.BenchmarkTests/Encina.Security.PII.Benchmarks/bin/Release/net10.0/Encina.Security.PII.Benchmarks-Job-YFEFPZ-1/bin/Release/net10.0
// Failed to set up high priority (Permission denied). In order to run benchmarks with high priority, make sure you have the right permissions.
// BeforeAnythingElse

// Benchmark Process Environment Information:
// BenchmarkDotNet v0.15.8
// Runtime=.NET 10.0.12 (10.0.12, 10.0.1226.42308), X64 RyuJIT x86-64-v3
// GC=Concurrent Workstation
// HardwareIntrinsics=AVX2+BMI1+BMI2+F16C+FMA+LZCNT+MOVBE,AVX,SSE3+SSSE3+SSE4.1+SSE4.2+POPCNT,X86Base+SSE+SSE2,AES+PCLMUL VectorSize=256
// Job: Job-YFEFPZ(IterationCount=10, WarmupCount=3)

OverheadJitting  1: 1 op, 242761.00 ns, 242.7610 us/op
WorkloadJitting  1: 1 op, 27376881.00 ns, 27.3769 ms/op

OverheadJitting  2: 16 op, 431511.00 ns, 26.9694 us/op
WorkloadJitting  2: 16 op, 519074.00 ns, 32.4421 us/op

WorkloadPilot    1: 16 op, 37019.00 ns, 2.3137 us/op
WorkloadPilot    2: 32 op, 64119.00 ns, 2.0037 us/op
WorkloadPilot    3: 64 op, 151652.00 ns, 2.3696 us/op
WorkloadPilot    4: 128 op, 182990.00 ns, 1.4296 us/op
WorkloadPilot    5: 256 op, 374666.00 ns, 1.4635 us/op
WorkloadPilot    6: 512 op, 703708.00 ns, 1.3744 us/op
WorkloadPilot    7: 1024 op, 1184040.00 ns, 1.1563 us/op
WorkloadPilot    8: 2048 op, 2449422.00 ns, 1.1960 us/op
WorkloadPilot    9: 4096 op, 4912949.00 ns, 1.1995 us/op
WorkloadPilot   10: 8192 op, 9858549.00 ns, 1.2034 us/op
WorkloadPilot   11: 16384 op, 18726097.00 ns, 1.1430 us/op
WorkloadPilot   12: 32768 op, 39556763.00 ns, 1.2072 us/op
WorkloadPilot   13: 65536 op, 71311580.00 ns, 1.0881 us/op
WorkloadPilot   14: 131072 op, 134053586.00 ns, 1.0227 us/op
WorkloadPilot   15: 262144 op, 271983680.00 ns, 1.0375 us/op
WorkloadPilot   16: 524288 op, 539550600.00 ns, 1.0291 us/op

OverheadWarmup   1: 524288 op, 1750212.00 ns, 3.3383 ns/op
OverheadWarmup   2: 524288 op, 1745433.00 ns, 3.3291 ns/op
OverheadWarmup   3: 524288 op, 1739513.00 ns, 3.3179 ns/op
OverheadWarmup   4: 524288 op, 1736437.00 ns, 3.3120 ns/op
OverheadWarmup   5: 524288 op, 1752636.00 ns, 3.3429 ns/op
OverheadWarmup   6: 524288 op, 1737739.00 ns, 3.3145 ns/op
OverheadWarmup   7: 524288 op, 1747898.00 ns, 3.3339 ns/op
OverheadWarmup   8: 524288 op, 1748229.00 ns, 3.3345 ns/op
OverheadWarmup   9: 524288 op, 1748239.00 ns, 3.3345 ns/op
OverheadWarmup  10: 524288 op, 1749110.00 ns, 3.3362 ns/op

OverheadActual   1: 524288 op, 1761393.00 ns, 3.3596 ns/op
OverheadActual   2: 524288 op, 1768005.00 ns, 3.3722 ns/op
OverheadActual   3: 524288 op, 1741085.00 ns, 3.3209 ns/op
OverheadActual   4: 524288 op, 1737519.00 ns, 3.3141 ns/op
OverheadActual   5: 524288 op, 1749781.00 ns, 3.3374 ns/op
OverheadActual   6: 524288 op, 1762995.00 ns, 3.3626 ns/op
OverheadActual   7: 524288 op, 1738721.00 ns, 3.3163 ns/op
OverheadActual   8: 524288 op, 1740144.00 ns, 3.3191 ns/op
OverheadActual   9: 524288 op, 1746515.00 ns, 3.3312 ns/op
OverheadActual  10: 524288 op, 1738510.00 ns, 3.3159 ns/op
OverheadActual  11: 524288 op, 1746856.00 ns, 3.3319 ns/op
OverheadActual  12: 524288 op, 1733641.00 ns, 3.3067 ns/op
OverheadActual  13: 524288 op, 1746434.00 ns, 3.3311 ns/op
OverheadActual  14: 524288 op, 1742848.00 ns, 3.3242 ns/op
OverheadActual  15: 524288 op, 1749682.00 ns, 3.3373 ns/op

WorkloadWarmup   1: 524288 op, 539984096.00 ns, 1.0299 us/op
WorkloadWarmup   2: 524288 op, 539798801.00 ns, 1.0296 us/op
WorkloadWarmup   3: 524288 op, 543285270.00 ns, 1.0362 us/op

// BeforeActualRun
WorkloadActual   1: 524288 op, 540379140.00 ns, 1.0307 us/op
WorkloadActual   2: 524288 op, 536949116.00 ns, 1.0241 us/op
WorkloadActual   3: 524288 op, 537899713.00 ns, 1.0260 us/op
WorkloadActual   4: 524288 op, 536891810.00 ns, 1.0240 us/op
WorkloadActual   5: 524288 op, 538905362.00 ns, 1.0279 us/op
WorkloadActual   6: 524288 op, 537753882.00 ns, 1.0257 us/op
WorkloadActual   7: 524288 op, 535554384.00 ns, 1.0215 us/op
WorkloadActual   8: 524288 op, 537895104.00 ns, 1.0260 us/op
WorkloadActual   9: 524288 op, 536443858.00 ns, 1.0232 us/op
WorkloadActual  10: 524288 op, 537323643.00 ns, 1.0249 us/op

// AfterActualRun
WorkloadResult   1: 524288 op, 535202682.00 ns, 1.0208 us/op
WorkloadResult   2: 524288 op, 536153279.00 ns, 1.0226 us/op
WorkloadResult   3: 524288 op, 535145376.00 ns, 1.0207 us/op
WorkloadResult   4: 524288 op, 537158928.00 ns, 1.0245 us/op
WorkloadResult   5: 524288 op, 536007448.00 ns, 1.0224 us/op
WorkloadResult   6: 524288 op, 533807950.00 ns, 1.0182 us/op
WorkloadResult   7: 524288 op, 536148670.00 ns, 1.0226 us/op
WorkloadResult   8: 524288 op, 534697424.00 ns, 1.0199 us/op
WorkloadResult   9: 524288 op, 535577209.00 ns, 1.0215 us/op
// GC:  12 0 0 205520896 524288
// Threading:  0 0 524288

// AfterAll
// Benchmark Process 3108 has exited with code 0.

Mean = 1.021 μs, StdErr = 0.001 μs (0.06%), N = 9, StdDev = 0.002 μs
Min = 1.018 μs, Q1 = 1.021 μs, Median = 1.022 μs, Q3 = 1.023 μs, Max = 1.025 μs
IQR = 0.002 μs, LowerFence = 1.018 μs, UpperFence = 1.025 μs
ConfidenceInterval = [1.018 μs; 1.025 μs] (CI 99.9%), Margin = 0.003 μs (0.31% of Mean)
Skewness = -0.14, Kurtosis = 2.08, MValue = 2

// ** Remained 16 (88.9 %) benchmark(s) to run. Estimated finish 2026-09-27 15:28 (0h 3m from now) **
// **************************
// Benchmark: SerializationBenchmarks.Serialize_Large: Job-YFEFPZ(IterationCount=10, WarmupCount=3)
// *** Execute ***
// Launch: 1 / 1
// Execute: dotnet Encina.Security.PII.Benchmarks-Job-YFEFPZ-1.dll --anonymousPipes 158 159 --benchmarkName Encina.Security.PII.Benchmarks.SerializationBenchmarks.Serialize_Large --job "IterationCount=10, WarmupCount=3" --benchmarkId 2 in /home/runner/work/Encina/Encina/tests/Encina.BenchmarkTests/Encina.Security.PII.Benchmarks/bin/Release/net10.0/Encina.Security.PII.Benchmarks-Job-YFEFPZ-1/bin/Release/net10.0
// Failed to set up high priority (Permission denied). In order to run benchmarks with high priority, make sure you have the right permissions.
// BeforeAnythingElse

// Benchmark Process Environment Information:
// BenchmarkDotNet v0.15.8
// Runtime=.NET 10.0.12 (10.0.12, 10.0.1226.42308), X64 RyuJIT x86-64-v3
// GC=Concurrent Workstation
// HardwareIntrinsics=AVX2+BMI1+BMI2+F16C+FMA+LZCNT+MOVBE,AVX,SSE3+SSSE3+SSE4.1+SSE4.2+POPCNT,X86Base+SSE+SSE2,AES+PCLMUL VectorSize=256
// Job: Job-YFEFPZ(IterationCount=10, WarmupCount=3)

OverheadJitting  1: 1 op, 234165.00 ns, 234.1650 us/op
WorkloadJitting  1: 1 op, 30098481.00 ns, 30.0985 ms/op

OverheadJitting  2: 16 op, 466286.00 ns, 29.1429 us/op
WorkloadJitting  2: 16 op, 613570.00 ns, 38.3481 us/op

WorkloadPilot    1: 16 op, 48029.00 ns, 3.0018 us/op
WorkloadPilot    2: 32 op, 172651.00 ns, 5.3953 us/op
WorkloadPilot    3: 64 op, 328440.00 ns, 5.1319 us/op
WorkloadPilot    4: 128 op, 455256.00 ns, 3.5567 us/op
WorkloadPilot    5: 256 op, 1017240.00 ns, 3.9736 us/op
WorkloadPilot    6: 512 op, 1940896.00 ns, 3.7908 us/op
WorkloadPilot    7: 1024 op, 3939391.00 ns, 3.8471 us/op
WorkloadPilot    8: 2048 op, 7788893.00 ns, 3.8032 us/op
WorkloadPilot    9: 4096 op, 15576104.00 ns, 3.8028 us/op
WorkloadPilot   10: 8192 op, 20121150.00 ns, 2.4562 us/op
WorkloadPilot   11: 16384 op, 37552182.00 ns, 2.2920 us/op
WorkloadPilot   12: 32768 op, 74314655.00 ns, 2.2679 us/op
WorkloadPilot   13: 65536 op, 147436263.00 ns, 2.2497 us/op
WorkloadPilot   14: 131072 op, 295979142.00 ns, 2.2581 us/op
WorkloadPilot   15: 262144 op, 584367359.00 ns, 2.2292 us/op

OverheadWarmup   1: 262144 op, 877661.00 ns, 3.3480 ns/op
OverheadWarmup   2: 262144 op, 876900.00 ns, 3.3451 ns/op
OverheadWarmup   3: 262144 op, 875317.00 ns, 3.3391 ns/op
OverheadWarmup   4: 262144 op, 859968.00 ns, 3.2805 ns/op
OverheadWarmup   5: 262144 op, 895183.00 ns, 3.4149 ns/op
OverheadWarmup   6: 262144 op, 876729.00 ns, 3.3445 ns/op
OverheadWarmup   7: 262144 op, 892638.00 ns, 3.4051 ns/op
OverheadWarmup   8: 262144 op, 876077.00 ns, 3.3420 ns/op

OverheadActual   1: 262144 op, 874615.00 ns, 3.3364 ns/op
OverheadActual   2: 262144 op, 899502.00 ns, 3.4313 ns/op
OverheadActual   3: 262144 op, 877440.00 ns, 3.3472 ns/op
OverheadActual   4: 262144 op, 876148.00 ns, 3.3422 ns/op
OverheadActual   5: 262144 op, 877090.00 ns, 3.3458 ns/op
OverheadActual   6: 262144 op, 894783.00 ns, 3.4133 ns/op
OverheadActual   7: 262144 op, 890996.00 ns, 3.3989 ns/op
OverheadActual   8: 262144 op, 890073.00 ns, 3.3954 ns/op
OverheadActual   9: 262144 op, 879244.00 ns, 3.3540 ns/op
OverheadActual  10: 262144 op, 889383.00 ns, 3.3927 ns/op
OverheadActual  11: 262144 op, 894632.00 ns, 3.4128 ns/op
OverheadActual  12: 262144 op, 892198.00 ns, 3.4035 ns/op
OverheadActual  13: 262144 op, 893240.00 ns, 3.4074 ns/op
OverheadActual  14: 262144 op, 878793.00 ns, 3.3523 ns/op
OverheadActual  15: 262144 op, 891917.00 ns, 3.4024 ns/op

WorkloadWarmup   1: 262144 op, 588500309.00 ns, 2.2450 us/op
WorkloadWarmup   2: 262144 op, 587896717.00 ns, 2.2426 us/op
WorkloadWarmup   3: 262144 op, 582321528.00 ns, 2.2214 us/op

// BeforeActualRun
WorkloadActual   1: 262144 op, 580544505.00 ns, 2.2146 us/op
WorkloadActual   2: 262144 op, 585283751.00 ns, 2.2327 us/op
WorkloadActual   3: 262144 op, 582801970.00 ns, 2.2232 us/op
WorkloadActual   4: 262144 op, 588768978.00 ns, 2.2460 us/op
WorkloadActual   5: 262144 op, 582737600.00 ns, 2.2230 us/op
WorkloadActual   6: 262144 op, 585288921.00 ns, 2.2327 us/op
WorkloadActual   7: 262144 op, 583702182.00 ns, 2.2266 us/op
WorkloadActual   8: 262144 op, 581579001.00 ns, 2.2185 us/op
WorkloadActual   9: 262144 op, 593948836.00 ns, 2.2657 us/op
WorkloadActual  10: 262144 op, 590310152.00 ns, 2.2519 us/op

// AfterActualRun
WorkloadResult   1: 262144 op, 579654432.00 ns, 2.2112 us/op
WorkloadResult   2: 262144 op, 584393678.00 ns, 2.2293 us/op
WorkloadResult   3: 262144 op, 581911897.00 ns, 2.2198 us/op
WorkloadResult   4: 262144 op, 587878905.00 ns, 2.2426 us/op
WorkloadResult   5: 262144 op, 581847527.00 ns, 2.2196 us/op
WorkloadResult   6: 262144 op, 584398848.00 ns, 2.2293 us/op
WorkloadResult   7: 262144 op, 582812109.00 ns, 2.2233 us/op
WorkloadResult   8: 262144 op, 580688928.00 ns, 2.2152 us/op
WorkloadResult   9: 262144 op, 593058763.00 ns, 2.2623 us/op
WorkloadResult  10: 262144 op, 589420079.00 ns, 2.2485 us/op
// GC:  59 0 0 991952896 262144
// Threading:  0 0 262144

// AfterAll
// Benchmark Process 3114 has exited with code 0.

Mean = 2.230 μs, StdErr = 0.005 μs (0.23%), N = 10, StdDev = 0.016 μs
Min = 2.211 μs, Q1 = 2.220 μs, Median = 2.226 μs, Q3 = 2.239 μs, Max = 2.262 μs
IQR = 0.020 μs, LowerFence = 2.190 μs, UpperFence = 2.269 μs
ConfidenceInterval = [2.206 μs; 2.255 μs] (CI 99.9%), Margin = 0.025 μs (1.10% of Mean)
Skewness = 0.68, Kurtosis = 2.04, MValue = 2

// ** Remained 15 (83.3 %) benchmark(s) to run. Estimated finish 2026-09-27 15:27 (0h 2m from now) **
// **************************
// Benchmark: SerializationBenchmarks.SerializeRoundtrip_Small: Job-YFEFPZ(IterationCount=10, WarmupCount=3)
// *** Execute ***
// Launch: 1 / 1
// Execute: dotnet Encina.Security.PII.Benchmarks-Job-YFEFPZ-1.dll --anonymousPipes 158 159 --benchmarkName Encina.Security.PII.Benchmarks.SerializationBenchmarks.SerializeRoundtrip_Small --job "IterationCount=10, WarmupCount=3" --benchmarkId 3 in /home/runner/work/Encina/Encina/tests/Encina.BenchmarkTests/Encina.Security.PII.Benchmarks/bin/Release/net10.0/Encina.Security.PII.Benchmarks-Job-YFEFPZ-1/bin/Release/net10.0
// Failed to set up high priority (Permission denied). In order to run benchmarks with high priority, make sure you have the right permissions.
// BeforeAnythingElse

// Benchmark Process Environment Information:
// BenchmarkDotNet v0.15.8
// Runtime=.NET 10.0.12 (10.0.12, 10.0.1226.42308), X64 RyuJIT x86-64-v3
// GC=Concurrent Workstation
// HardwareIntrinsics=AVX2+BMI1+BMI2+F16C+FMA+LZCNT+MOVBE,AVX,SSE3+SSSE3+SSE4.1+SSE4.2+POPCNT,X86Base+SSE+SSE2,AES+PCLMUL VectorSize=256
// Job: Job-YFEFPZ(IterationCount=10, WarmupCount=3)

OverheadJitting  1: 1 op, 230598.00 ns, 230.5980 us/op
WorkloadJitting  1: 1 op, 32472881.00 ns, 32.4729 ms/op

OverheadJitting  2: 16 op, 497263.00 ns, 31.0789 us/op
WorkloadJitting  2: 16 op, 595335.00 ns, 37.2084 us/op

WorkloadPilot    1: 16 op, 28964.00 ns, 1.8103 us/op
WorkloadPilot    2: 32 op, 58248.00 ns, 1.8203 us/op
WorkloadPilot    3: 64 op, 108922.00 ns, 1.7019 us/op
WorkloadPilot    4: 128 op, 165558.00 ns, 1.2934 us/op
WorkloadPilot    5: 256 op, 280681.00 ns, 1.0964 us/op
WorkloadPilot    6: 512 op, 565220.00 ns, 1.1039 us/op
WorkloadPilot    7: 1024 op, 1096976.00 ns, 1.0713 us/op
WorkloadPilot    8: 2048 op, 2038564.00 ns, 995.3926 ns/op
WorkloadPilot    9: 4096 op, 4226015.00 ns, 1.0317 us/op
WorkloadPilot   10: 8192 op, 8331926.00 ns, 1.0171 us/op
WorkloadPilot   11: 16384 op, 16186588.00 ns, 987.9509 ns/op
WorkloadPilot   12: 32768 op, 34422069.00 ns, 1.0505 us/op
WorkloadPilot   13: 65536 op, 67297217.00 ns, 1.0269 us/op
WorkloadPilot   14: 131072 op, 122571303.00 ns, 935.1448 ns/op
WorkloadPilot   15: 262144 op, 242218549.00 ns, 923.9904 ns/op
WorkloadPilot   16: 524288 op, 486332735.00 ns, 927.6061 ns/op
WorkloadPilot   17: 1048576 op, 975493350.00 ns, 930.3030 ns/op

OverheadWarmup   1: 1048576 op, 3445897.00 ns, 3.2863 ns/op
OverheadWarmup   2: 1048576 op, 3453561.00 ns, 3.2936 ns/op
OverheadWarmup   3: 1048576 op, 3436129.00 ns, 3.2769 ns/op
OverheadWarmup   4: 1048576 op, 3440537.00 ns, 3.2812 ns/op
OverheadWarmup   5: 1048576 op, 3433373.00 ns, 3.2743 ns/op

OverheadActual   1: 1048576 op, 3446558.00 ns, 3.2869 ns/op
OverheadActual   2: 1048576 op, 3445787.00 ns, 3.2862 ns/op
OverheadActual   3: 1048576 op, 3450686.00 ns, 3.2908 ns/op
OverheadActual   4: 1048576 op, 3439315.00 ns, 3.2800 ns/op
OverheadActual   5: 1048576 op, 3471954.00 ns, 3.3111 ns/op
OverheadActual   6: 1048576 op, 3440116.00 ns, 3.2808 ns/op
OverheadActual   7: 1048576 op, 3438092.00 ns, 3.2788 ns/op
OverheadActual   8: 1048576 op, 3439605.00 ns, 3.2803 ns/op
OverheadActual   9: 1048576 op, 3434706.00 ns, 3.2756 ns/op
OverheadActual  10: 1048576 op, 3513402.00 ns, 3.3506 ns/op
OverheadActual  11: 1048576 op, 3439615.00 ns, 3.2803 ns/op
OverheadActual  12: 1048576 op, 3441098.00 ns, 3.2817 ns/op
OverheadActual  13: 1048576 op, 3442610.00 ns, 3.2831 ns/op
OverheadActual  14: 1048576 op, 3440887.00 ns, 3.2815 ns/op
OverheadActual  15: 1048576 op, 3445576.00 ns, 3.2860 ns/op

WorkloadWarmup   1: 1048576 op, 976893529.00 ns, 931.6383 ns/op
WorkloadWarmup   2: 1048576 op, 975024374.00 ns, 929.8557 ns/op
WorkloadWarmup   3: 1048576 op, 969552900.00 ns, 924.6377 ns/op

// BeforeActualRun
WorkloadActual   1: 1048576 op, 974227177.00 ns, 929.0954 ns/op
WorkloadActual   2: 1048576 op, 974003046.00 ns, 928.8817 ns/op
WorkloadActual   3: 1048576 op, 982152026.00 ns, 936.6532 ns/op
WorkloadActual   4: 1048576 op, 973294880.00 ns, 928.2063 ns/op
WorkloadActual   5: 1048576 op, 983407559.00 ns, 937.8505 ns/op
WorkloadActual   6: 1048576 op, 974220078.00 ns, 929.0887 ns/op
WorkloadActual   7: 1048576 op, 974547628.00 ns, 929.4010 ns/op
WorkloadActual   8: 1048576 op, 981332283.00 ns, 935.8714 ns/op
WorkloadActual   9: 1048576 op, 976065807.00 ns, 930.8489 ns/op
WorkloadActual  10: 1048576 op, 971200333.00 ns, 926.2088 ns/op

// AfterActualRun
WorkloadResult   1: 1048576 op, 970786079.00 ns, 925.8138 ns/op
WorkloadResult   2: 1048576 op, 970561948.00 ns, 925.6000 ns/op
WorkloadResult   3: 1048576 op, 978710928.00 ns, 933.3715 ns/op
WorkloadResult   4: 1048576 op, 969853782.00 ns, 924.9246 ns/op
WorkloadResult   5: 1048576 op, 979966461.00 ns, 934.5688 ns/op
WorkloadResult   6: 1048576 op, 970778980.00 ns, 925.8070 ns/op
WorkloadResult   7: 1048576 op, 971106530.00 ns, 926.1194 ns/op
WorkloadResult   8: 1048576 op, 977891185.00 ns, 932.5897 ns/op
WorkloadResult   9: 1048576 op, 972624709.00 ns, 927.5672 ns/op
WorkloadResult  10: 1048576 op, 967759235.00 ns, 922.9271 ns/op
// GC:  14 0 0 243269632 1048576
// Threading:  0 0 1048576

// AfterAll
// Benchmark Process 3125 has exited with code 0.

Mean = 927.929 ns, StdErr = 1.279 ns (0.14%), N = 10, StdDev = 4.045 ns
Min = 922.927 ns, Q1 = 925.652 ns, Median = 925.967 ns, Q3 = 931.334 ns, Max = 934.569 ns
IQR = 5.682 ns, LowerFence = 917.128 ns, UpperFence = 939.858 ns
ConfidenceInterval = [921.813 ns; 934.045 ns] (CI 99.9%), Margin = 6.116 ns (0.66% of Mean)
Skewness = 0.55, Kurtosis = 1.52, MValue = 2

// ** Remained 14 (77.8 %) benchmark(s) to run. Estimated finish 2026-09-27 15:28 (0h 2m from now) **
// **************************
// Benchmark: SerializationBenchmarks.SerializeRoundtrip_Large: Job-YFEFPZ(IterationCount=10, WarmupCount=3)
// *** Execute ***
// Launch: 1 / 1
// Execute: dotnet Encina.Security.PII.Benchmarks-Job-YFEFPZ-1.dll --anonymousPipes 158 159 --benchmarkName Encina.Security.PII.Benchmarks.SerializationBenchmarks.SerializeRoundtrip_Large --job "IterationCount=10, WarmupCount=3" --benchmarkId 4 in /home/runner/work/Encina/Encina/tests/Encina.BenchmarkTests/Encina.Security.PII.Benchmarks/bin/Release/net10.0/Encina.Security.PII.Benchmarks-Job-YFEFPZ-1/bin/Release/net10.0
// Failed to set up high priority (Permission denied). In order to run benchmarks with high priority, make sure you have the right permissions.
// BeforeAnythingElse

// Benchmark Process Environment Information:
// BenchmarkDotNet v0.15.8
// Runtime=.NET 10.0.12 (10.0.12, 10.0.1226.42308), X64 RyuJIT x86-64-v3
// GC=Concurrent Workstation
// HardwareIntrinsics=AVX2+BMI1+BMI2+F16C+FMA+LZCNT+MOVBE,AVX,SSE3+SSSE3+SSE4.1+SSE4.2+POPCNT,X86Base+SSE+SSE2,AES+PCLMUL VectorSize=256
// Job: Job-YFEFPZ(IterationCount=10, WarmupCount=3)

OverheadJitting  1: 1 op, 229155.00 ns, 229.1550 us/op
WorkloadJitting  1: 1 op, 37439037.00 ns, 37.4390 ms/op

WorkloadPilot    1: 2 op, 142355.00 ns, 71.1775 us/op
WorkloadPilot    2: 3 op, 54311.00 ns, 18.1037 us/op
WorkloadPilot    3: 4 op, 37800.00 ns, 9.4500 us/op
WorkloadPilot    4: 5 op, 43892.00 ns, 8.7784 us/op
WorkloadPilot    5: 6 op, 73927.00 ns, 12.3212 us/op
WorkloadPilot    6: 7 op, 57327.00 ns, 8.1896 us/op
WorkloadPilot    7: 8 op, 68857.00 ns, 8.6071 us/op
WorkloadPilot    8: 9 op, 98863.00 ns, 10.9848 us/op
WorkloadPilot    9: 10 op, 104564.00 ns, 10.4564 us/op
WorkloadPilot   10: 11 op, 130683.00 ns, 11.8803 us/op
WorkloadPilot   11: 12 op, 139379.00 ns, 11.6149 us/op
WorkloadPilot   12: 13 op, 150419.00 ns, 11.5707 us/op
WorkloadPilot   13: 14 op, 179584.00 ns, 12.8274 us/op
WorkloadPilot   14: 15 op, 236950.00 ns, 15.7967 us/op
WorkloadPilot   15: 16 op, 171759.00 ns, 10.7349 us/op
WorkloadPilot   16: 32 op, 318101.00 ns, 9.9407 us/op
WorkloadPilot   17: 64 op, 485091.00 ns, 7.5795 us/op
WorkloadPilot   18: 128 op, 1046575.00 ns, 8.1764 us/op
WorkloadPilot   19: 256 op, 2160594.00 ns, 8.4398 us/op
WorkloadPilot   20: 512 op, 4088475.00 ns, 7.9853 us/op
WorkloadPilot   21: 1024 op, 8715249.00 ns, 8.5110 us/op
WorkloadPilot   22: 2048 op, 16497215.00 ns, 8.0553 us/op
WorkloadPilot   23: 4096 op, 22313400.00 ns, 5.4476 us/op
WorkloadPilot   24: 8192 op, 41465897.00 ns, 5.0618 us/op
WorkloadPilot   25: 16384 op, 80474750.00 ns, 4.9118 us/op
WorkloadPilot   26: 32768 op, 163716550.00 ns, 4.9962 us/op
WorkloadPilot   27: 65536 op, 331334798.00 ns, 5.0558 us/op
WorkloadPilot   28: 131072 op, 645469114.00 ns, 4.9245 us/op

WorkloadWarmup   1: 131072 op, 637250637.00 ns, 4.8618 us/op
WorkloadWarmup   2: 131072 op, 642128127.00 ns, 4.8990 us/op
WorkloadWarmup   3: 131072 op, 643394409.00 ns, 4.9087 us/op

// BeforeActualRun
WorkloadActual   1: 131072 op, 641038884.00 ns, 4.8907 us/op
WorkloadActual   2: 131072 op, 643938009.00 ns, 4.9129 us/op
WorkloadActual   3: 131072 op, 644965769.00 ns, 4.9207 us/op
WorkloadActual   4: 131072 op, 650050338.00 ns, 4.9595 us/op
WorkloadActual   5: 131072 op, 651528298.00 ns, 4.9708 us/op
WorkloadActual   6: 131072 op, 646248329.00 ns, 4.9305 us/op
WorkloadActual   7: 131072 op, 644956279.00 ns, 4.9206 us/op
WorkloadActual   8: 131072 op, 644915093.00 ns, 4.9203 us/op
WorkloadActual   9: 131072 op, 641500108.00 ns, 4.8943 us/op
WorkloadActual  10: 131072 op, 648195937.00 ns, 4.9453 us/op

// AfterActualRun
WorkloadResult   1: 131072 op, 641038884.00 ns, 4.8907 us/op
WorkloadResult   2: 131072 op, 643938009.00 ns, 4.9129 us/op
WorkloadResult   3: 131072 op, 644965769.00 ns, 4.9207 us/op
WorkloadResult   4: 131072 op, 650050338.00 ns, 4.9595 us/op
WorkloadResult   5: 131072 op, 651528298.00 ns, 4.9708 us/op
WorkloadResult   6: 131072 op, 646248329.00 ns, 4.9305 us/op
WorkloadResult   7: 131072 op, 644956279.00 ns, 4.9206 us/op
WorkloadResult   8: 131072 op, 644915093.00 ns, 4.9203 us/op
WorkloadResult   9: 131072 op, 641500108.00 ns, 4.8943 us/op
WorkloadResult  10: 131072 op, 648195937.00 ns, 4.9453 us/op
// GC:  60 0 0 1007681536 131072
// Threading:  0 0 131072

// AfterAll
// Benchmark Process 3138 has exited with code 0.

Mean = 4.927 μs, StdErr = 0.008 μs (0.17%), N = 10, StdDev = 0.026 μs
Min = 4.891 μs, Q1 = 4.915 μs, Median = 4.921 μs, Q3 = 4.942 μs, Max = 4.971 μs
IQR = 0.027 μs, LowerFence = 4.874 μs, UpperFence = 4.982 μs
ConfidenceInterval = [4.887 μs; 4.966 μs] (CI 99.9%), Margin = 0.039 μs (0.79% of Mean)
Skewness = 0.26, Kurtosis = 1.76, MValue = 2

// ** Remained 13 (72.2 %) benchmark(s) to run. Estimated finish 2026-09-27 15:27 (0h 2m from now) **
// **************************
// Benchmark: SerializationBenchmarks.ParseAndModify_Small: Job-YFEFPZ(IterationCount=10, WarmupCount=3)
// *** Execute ***
// Launch: 1 / 1
// Execute: dotnet Encina.Security.PII.Benchmarks-Job-YFEFPZ-1.dll --anonymousPipes 158 159 --benchmarkName Encina.Security.PII.Benchmarks.SerializationBenchmarks.ParseAndModify_Small --job "IterationCount=10, WarmupCount=3" --benchmarkId 5 in /home/runner/work/Encina/Encina/tests/Encina.BenchmarkTests/Encina.Security.PII.Benchmarks/bin/Release/net10.0/Encina.Security.PII.Benchmarks-Job-YFEFPZ-1/bin/Release/net10.0
// Failed to set up high priority (Permission denied). In order to run benchmarks with high priority, make sure you have the right permissions.
// BeforeAnythingElse

// Benchmark Process Environment Information:
// BenchmarkDotNet v0.15.8
// Runtime=.NET 10.0.12 (10.0.12, 10.0.1226.42308), X64 RyuJIT x86-64-v3
// GC=Concurrent Workstation
// HardwareIntrinsics=AVX2+BMI1+BMI2+F16C+FMA+LZCNT+MOVBE,AVX,SSE3+SSSE3+SSE4.1+SSE4.2+POPCNT,X86Base+SSE+SSE2,AES+PCLMUL VectorSize=256
// Job: Job-YFEFPZ(IterationCount=10, WarmupCount=3)

OverheadJitting  1: 1 op, 256546.00 ns, 256.5460 us/op
WorkloadJitting  1: 1 op, 30565394.00 ns, 30.5654 ms/op

OverheadJitting  2: 16 op, 460876.00 ns, 28.8048 us/op
WorkloadJitting  2: 16 op, 652543.00 ns, 40.7839 us/op

WorkloadPilot    1: 16 op, 61244.00 ns, 3.8278 us/op
WorkloadPilot    2: 32 op, 105876.00 ns, 3.3086 us/op
WorkloadPilot    3: 64 op, 159336.00 ns, 2.4896 us/op
WorkloadPilot    4: 128 op, 304375.00 ns, 2.3779 us/op
WorkloadPilot    5: 256 op, 641742.00 ns, 2.5068 us/op
WorkloadPilot    6: 512 op, 1046815.00 ns, 2.0446 us/op
WorkloadPilot    7: 1024 op, 2239310.00 ns, 2.1868 us/op
WorkloadPilot    8: 2048 op, 4495372.00 ns, 2.1950 us/op
WorkloadPilot    9: 4096 op, 8876681.00 ns, 2.1672 us/op
WorkloadPilot   10: 8192 op, 17767008.00 ns, 2.1688 us/op
WorkloadPilot   11: 16384 op, 33200510.00 ns, 2.0264 us/op
WorkloadPilot   12: 32768 op, 63397590.00 ns, 1.9347 us/op
WorkloadPilot   13: 65536 op, 117025840.00 ns, 1.7857 us/op
WorkloadPilot   14: 131072 op, 233647179.00 ns, 1.7826 us/op
WorkloadPilot   15: 262144 op, 466536762.00 ns, 1.7797 us/op
WorkloadPilot   16: 524288 op, 938431727.00 ns, 1.7899 us/op

OverheadWarmup   1: 524288 op, 1747607.00 ns, 3.3333 ns/op
OverheadWarmup   2: 524288 op, 1735985.00 ns, 3.3111 ns/op
OverheadWarmup   3: 524288 op, 1743138.00 ns, 3.3248 ns/op
OverheadWarmup   4: 524288 op, 1745192.00 ns, 3.3287 ns/op
OverheadWarmup   5: 524288 op, 1752466.00 ns, 3.3426 ns/op
OverheadWarmup   6: 524288 op, 1743370.00 ns, 3.3252 ns/op
OverheadWarmup   7: 524288 op, 1735384.00 ns, 3.3100 ns/op
OverheadWarmup   8: 524288 op, 1742197.00 ns, 3.3230 ns/op
OverheadWarmup   9: 524288 op, 1750222.00 ns, 3.3383 ns/op
OverheadWarmup  10: 524288 op, 1736967.00 ns, 3.3130 ns/op

OverheadActual   1: 524288 op, 1747166.00 ns, 3.3325 ns/op
OverheadActual   2: 524288 op, 1733541.00 ns, 3.3065 ns/op
OverheadActual   3: 524288 op, 1748739.00 ns, 3.3355 ns/op
OverheadActual   4: 524288 op, 1736306.00 ns, 3.3117 ns/op
OverheadActual   5: 524288 op, 1733010.00 ns, 3.3055 ns/op
OverheadActual   6: 524288 op, 1748539.00 ns, 3.3351 ns/op
OverheadActual   7: 524288 op, 1775860.00 ns, 3.3872 ns/op
OverheadActual   8: 524288 op, 1742998.00 ns, 3.3245 ns/op
OverheadActual   9: 524288 op, 1764498.00 ns, 3.3655 ns/op
OverheadActual  10: 524288 op, 1731838.00 ns, 3.3032 ns/op
OverheadActual  11: 524288 op, 1768906.00 ns, 3.3739 ns/op
OverheadActual  12: 524288 op, 1746084.00 ns, 3.3304 ns/op
OverheadActual  13: 524288 op, 1744782.00 ns, 3.3279 ns/op
OverheadActual  14: 524288 op, 1744491.00 ns, 3.3274 ns/op
OverheadActual  15: 524288 op, 1747186.00 ns, 3.3325 ns/op

WorkloadWarmup   1: 524288 op, 939441114.00 ns, 1.7918 us/op
WorkloadWarmup   2: 524288 op, 938198021.00 ns, 1.7895 us/op
WorkloadWarmup   3: 524288 op, 937193575.00 ns, 1.7876 us/op

// BeforeActualRun
WorkloadActual   1: 524288 op, 934591386.00 ns, 1.7826 us/op
WorkloadActual   2: 524288 op, 939327001.00 ns, 1.7916 us/op
WorkloadActual   3: 524288 op, 938349924.00 ns, 1.7898 us/op
WorkloadActual   4: 524288 op, 940883114.00 ns, 1.7946 us/op
WorkloadActual   5: 524288 op, 936585001.00 ns, 1.7864 us/op
WorkloadActual   6: 524288 op, 934714602.00 ns, 1.7828 us/op
WorkloadActual   7: 524288 op, 936029523.00 ns, 1.7853 us/op
WorkloadActual   8: 524288 op, 936804917.00 ns, 1.7868 us/op
WorkloadActual   9: 524288 op, 937051636.00 ns, 1.7873 us/op
WorkloadActual  10: 524288 op, 936176810.00 ns, 1.7856 us/op

// AfterActualRun
WorkloadResult   1: 524288 op, 932845302.00 ns, 1.7793 us/op
WorkloadResult   2: 524288 op, 937580917.00 ns, 1.7883 us/op
WorkloadResult   3: 524288 op, 936603840.00 ns, 1.7864 us/op
WorkloadResult   4: 524288 op, 939137030.00 ns, 1.7913 us/op
WorkloadResult   5: 524288 op, 934838917.00 ns, 1.7831 us/op
WorkloadResult   6: 524288 op, 932968518.00 ns, 1.7795 us/op
WorkloadResult   7: 524288 op, 934283439.00 ns, 1.7820 us/op
WorkloadResult   8: 524288 op, 935058833.00 ns, 1.7835 us/op
WorkloadResult   9: 524288 op, 935305552.00 ns, 1.7840 us/op
WorkloadResult  10: 524288 op, 934430726.00 ns, 1.7823 us/op
// GC:  26 0 0 440401920 524288
// Threading:  0 0 524288

// AfterAll
// Benchmark Process 3148 has exited with code 0.

Mean = 1.784 μs, StdErr = 0.001 μs (0.07%), N = 10, StdDev = 0.004 μs
Min = 1.779 μs, Q1 = 1.782 μs, Median = 1.783 μs, Q3 = 1.786 μs, Max = 1.791 μs
IQR = 0.004 μs, LowerFence = 1.776 μs, UpperFence = 1.791 μs
ConfidenceInterval = [1.778 μs; 1.790 μs] (CI 99.9%), Margin = 0.006 μs (0.32% of Mean)
Skewness = 0.53, Kurtosis = 2.05, MValue = 2

// ** Remained 12 (66.7 %) benchmark(s) to run. Estimated finish 2026-09-27 15:28 (0h 2m from now) **
// **************************
// Benchmark: SerializationBenchmarks.MaskObject_Small: Job-YFEFPZ(IterationCount=10, WarmupCount=3)
// *** Execute ***
// Launch: 1 / 1
// Execute: dotnet Encina.Security.PII.Benchmarks-Job-YFEFPZ-1.dll --anonymousPipes 158 159 --benchmarkName Encina.Security.PII.Benchmarks.SerializationBenchmarks.MaskObject_Small --job "IterationCount=10, WarmupCount=3" --benchmarkId 6 in /home/runner/work/Encina/Encina/tests/Encina.BenchmarkTests/Encina.Security.PII.Benchmarks/bin/Release/net10.0/Encina.Security.PII.Benchmarks-Job-YFEFPZ-1/bin/Release/net10.0
// Failed to set up high priority (Permission denied). In order to run benchmarks with high priority, make sure you have the right permissions.
// BeforeAnythingElse

// Benchmark Process Environment Information:
// BenchmarkDotNet v0.15.8
// Runtime=.NET 10.0.12 (10.0.12, 10.0.1226.42308), X64 RyuJIT x86-64-v3
// GC=Concurrent Workstation
// HardwareIntrinsics=AVX2+BMI1+BMI2+F16C+FMA+LZCNT+MOVBE,AVX,SSE3+SSSE3+SSE4.1+SSE4.2+POPCNT,X86Base+SSE+SSE2,AES+PCLMUL VectorSize=256
// Job: Job-YFEFPZ(IterationCount=10, WarmupCount=3)

OverheadJitting  1: 1 op, 229807.00 ns, 229.8070 us/op
WorkloadJitting  1: 1 op, 59861439.00 ns, 59.8614 ms/op

WorkloadPilot    1: 2 op, 189502.00 ns, 94.7510 us/op
WorkloadPilot    2: 3 op, 62887.00 ns, 20.9623 us/op
WorkloadPilot    3: 4 op, 44463.00 ns, 11.1158 us/op
WorkloadPilot    4: 5 op, 84006.00 ns, 16.8012 us/op
WorkloadPilot    5: 6 op, 79078.00 ns, 13.1797 us/op
WorkloadPilot    6: 7 op, 79617.00 ns, 11.3739 us/op
WorkloadPilot    7: 8 op, 83545.00 ns, 10.4431 us/op
WorkloadPilot    8: 9 op, 106588.00 ns, 11.8431 us/op
WorkloadPilot    9: 10 op, 95387.00 ns, 9.5387 us/op
WorkloadPilot   10: 11 op, 130513.00 ns, 11.8648 us/op
WorkloadPilot   11: 12 op, 108762.00 ns, 9.0635 us/op
WorkloadPilot   12: 13 op, 113099.00 ns, 8.6999 us/op
WorkloadPilot   13: 14 op, 114573.00 ns, 8.1838 us/op
WorkloadPilot   14: 15 op, 127106.00 ns, 8.4737 us/op
WorkloadPilot   15: 16 op, 125573.00 ns, 7.8483 us/op
WorkloadPilot   16: 32 op, 207315.00 ns, 6.4786 us/op
WorkloadPilot   17: 64 op, 369958.00 ns, 5.7806 us/op
WorkloadPilot   18: 128 op, 748961.00 ns, 5.8513 us/op
WorkloadPilot   19: 256 op, 1302470.00 ns, 5.0878 us/op
WorkloadPilot   20: 512 op, 2715274.00 ns, 5.3033 us/op
WorkloadPilot   21: 1024 op, 5501502.00 ns, 5.3726 us/op
WorkloadPilot   22: 2048 op, 10949314.00 ns, 5.3463 us/op
WorkloadPilot   23: 4096 op, 22012790.00 ns, 5.3742 us/op
WorkloadPilot   24: 8192 op, 43713167.00 ns, 5.3361 us/op
WorkloadPilot   25: 16384 op, 76551148.00 ns, 4.6723 us/op
WorkloadPilot   26: 32768 op, 148288483.00 ns, 4.5254 us/op
WorkloadPilot   27: 65536 op, 295855014.00 ns, 4.5144 us/op
WorkloadPilot   28: 131072 op, 595024096.00 ns, 4.5397 us/op

WorkloadWarmup   1: 131072 op, 591476234.00 ns, 4.5126 us/op
WorkloadWarmup   2: 131072 op, 588488472.00 ns, 4.4898 us/op
WorkloadWarmup   3: 131072 op, 589772959.00 ns, 4.4996 us/op

// BeforeActualRun
WorkloadActual   1: 131072 op, 591942467.00 ns, 4.5162 us/op
WorkloadActual   2: 131072 op, 590287958.00 ns, 4.5035 us/op
WorkloadActual   3: 131072 op, 591595839.00 ns, 4.5135 us/op
WorkloadActual   4: 131072 op, 591046497.00 ns, 4.5093 us/op
WorkloadActual   5: 131072 op, 590631266.00 ns, 4.5062 us/op
WorkloadActual   6: 131072 op, 591436532.00 ns, 4.5123 us/op
WorkloadActual   7: 131072 op, 592801078.00 ns, 4.5227 us/op
WorkloadActual   8: 131072 op, 593391113.00 ns, 4.5272 us/op
WorkloadActual   9: 131072 op, 593110763.00 ns, 4.5251 us/op
WorkloadActual  10: 131072 op, 591627246.00 ns, 4.5138 us/op

// AfterActualRun
WorkloadResult   1: 131072 op, 591942467.00 ns, 4.5162 us/op
WorkloadResult   2: 131072 op, 590287958.00 ns, 4.5035 us/op
WorkloadResult   3: 131072 op, 591595839.00 ns, 4.5135 us/op
WorkloadResult   4: 131072 op, 591046497.00 ns, 4.5093 us/op
WorkloadResult   5: 131072 op, 590631266.00 ns, 4.5062 us/op
WorkloadResult   6: 131072 op, 591436532.00 ns, 4.5123 us/op
WorkloadResult   7: 131072 op, 592801078.00 ns, 4.5227 us/op
WorkloadResult   8: 131072 op, 593391113.00 ns, 4.5272 us/op
WorkloadResult   9: 131072 op, 593110763.00 ns, 4.5251 us/op
WorkloadResult  10: 131072 op, 591627246.00 ns, 4.5138 us/op
// GC:  13 0 0 229638144 131072
// Threading:  0 0 131072

// AfterAll
// Benchmark Process 3161 has exited with code 0.

Mean = 4.515 μs, StdErr = 0.003 μs (0.06%), N = 10, StdDev = 0.008 μs
Min = 4.504 μs, Q1 = 4.510 μs, Median = 4.514 μs, Q3 = 4.521 μs, Max = 4.527 μs
IQR = 0.011 μs, LowerFence = 4.494 μs, UpperFence = 4.538 μs
ConfidenceInterval = [4.503 μs; 4.527 μs] (CI 99.9%), Margin = 0.012 μs (0.27% of Mean)
Skewness = 0.19, Kurtosis = 1.54, MValue = 2

// ** Remained 11 (61.1 %) benchmark(s) to run. Estimated finish 2026-09-27 15:27 (0h 2m from now) **
// **************************
// Benchmark: SerializationBenchmarks.MaskObject_Medium: Job-YFEFPZ(IterationCount=10, WarmupCount=3)
// *** Execute ***
// Launch: 1 / 1
// Execute: dotnet Encina.Security.PII.Benchmarks-Job-YFEFPZ-1.dll --anonymousPipes 158 159 --benchmarkName Encina.Security.PII.Benchmarks.SerializationBenchmarks.MaskObject_Medium --job "IterationCount=10, WarmupCount=3" --benchmarkId 7 in /home/runner/work/Encina/Encina/tests/Encina.BenchmarkTests/Encina.Security.PII.Benchmarks/bin/Release/net10.0/Encina.Security.PII.Benchmarks-Job-YFEFPZ-1/bin/Release/net10.0
// Failed to set up high priority (Permission denied). In order to run benchmarks with high priority, make sure you have the right permissions.
// BeforeAnythingElse

// Benchmark Process Environment Information:
// BenchmarkDotNet v0.15.8
// Runtime=.NET 10.0.12 (10.0.12, 10.0.1226.42308), X64 RyuJIT x86-64-v3
// GC=Concurrent Workstation
// HardwareIntrinsics=AVX2+BMI1+BMI2+F16C+FMA+LZCNT+MOVBE,AVX,SSE3+SSSE3+SSE4.1+SSE4.2+POPCNT,X86Base+SSE+SSE2,AES+PCLMUL VectorSize=256
// Job: Job-YFEFPZ(IterationCount=10, WarmupCount=3)

OverheadJitting  1: 1 op, 234796.00 ns, 234.7960 us/op
WorkloadJitting  1: 1 op, 69841425.00 ns, 69.8414 ms/op

WorkloadPilot    1: 2 op, 210371.00 ns, 105.1855 us/op
WorkloadPilot    2: 3 op, 106368.00 ns, 35.4560 us/op
WorkloadPilot    3: 4 op, 92812.00 ns, 23.2030 us/op
WorkloadPilot    4: 5 op, 104664.00 ns, 20.9328 us/op
WorkloadPilot    5: 6 op, 115405.00 ns, 19.2342 us/op
WorkloadPilot    6: 7 op, 127396.00 ns, 18.1994 us/op
WorkloadPilot    7: 8 op, 145531.00 ns, 18.1914 us/op
WorkloadPilot    8: 9 op, 184021.00 ns, 20.4468 us/op
WorkloadPilot    9: 10 op, 244985.00 ns, 24.4985 us/op
WorkloadPilot   10: 11 op, 193480.00 ns, 17.5891 us/op
WorkloadPilot   11: 12 op, 245325.00 ns, 20.4438 us/op
WorkloadPilot   12: 13 op, 260725.00 ns, 20.0558 us/op
WorkloadPilot   13: 14 op, 287844.00 ns, 20.5603 us/op
WorkloadPilot   14: 15 op, 319473.00 ns, 21.2982 us/op
WorkloadPilot   15: 16 op, 327628.00 ns, 20.4768 us/op
WorkloadPilot   16: 32 op, 642283.00 ns, 20.0713 us/op
WorkloadPilot   17: 64 op, 1038400.00 ns, 16.2250 us/op
WorkloadPilot   18: 128 op, 2163028.00 ns, 16.8987 us/op
WorkloadPilot   19: 256 op, 4297694.00 ns, 16.7879 us/op
WorkloadPilot   20: 512 op, 8690135.00 ns, 16.9729 us/op
WorkloadPilot   21: 1024 op, 17089680.00 ns, 16.6891 us/op
WorkloadPilot   22: 2048 op, 33785198.00 ns, 16.4967 us/op
WorkloadPilot   23: 4096 op, 57770920.00 ns, 14.1042 us/op
WorkloadPilot   24: 8192 op, 108494977.00 ns, 13.2440 us/op
WorkloadPilot   25: 16384 op, 219264882.00 ns, 13.3829 us/op
WorkloadPilot   26: 32768 op, 433877851.00 ns, 13.2409 us/op
WorkloadPilot   27: 65536 op, 868411404.00 ns, 13.2509 us/op

WorkloadWarmup   1: 65536 op, 866460433.00 ns, 13.2211 us/op
WorkloadWarmup   2: 65536 op, 871714561.00 ns, 13.3013 us/op
WorkloadWarmup   3: 65536 op, 869892878.00 ns, 13.2735 us/op

// BeforeActualRun
WorkloadActual   1: 65536 op, 865969641.00 ns, 13.2136 us/op
WorkloadActual   2: 65536 op, 873004577.00 ns, 13.3210 us/op
WorkloadActual   3: 65536 op, 869641351.00 ns, 13.2697 us/op
WorkloadActual   4: 65536 op, 868465346.00 ns, 13.2517 us/op
WorkloadActual   5: 65536 op, 869484289.00 ns, 13.2673 us/op
WorkloadActual   6: 65536 op, 870102443.00 ns, 13.2767 us/op
WorkloadActual   7: 65536 op, 869945703.00 ns, 13.2743 us/op
WorkloadActual   8: 65536 op, 868171297.00 ns, 13.2472 us/op
WorkloadActual   9: 65536 op, 870129575.00 ns, 13.2771 us/op
WorkloadActual  10: 65536 op, 872857423.00 ns, 13.3187 us/op

// AfterActualRun
WorkloadResult   1: 65536 op, 865969641.00 ns, 13.2136 us/op
WorkloadResult   2: 65536 op, 869641351.00 ns, 13.2697 us/op
WorkloadResult   3: 65536 op, 868465346.00 ns, 13.2517 us/op
WorkloadResult   4: 65536 op, 869484289.00 ns, 13.2673 us/op
WorkloadResult   5: 65536 op, 870102443.00 ns, 13.2767 us/op
WorkloadResult   6: 65536 op, 869945703.00 ns, 13.2743 us/op
WorkloadResult   7: 65536 op, 868171297.00 ns, 13.2472 us/op
WorkloadResult   8: 65536 op, 870129575.00 ns, 13.2771 us/op
// GC:  25 0 0 426246144 65536
// Threading:  0 0 65536

// AfterAll
// Benchmark Process 3169 has exited with code 0.

Mean = 13.260 μs, StdErr = 0.008 μs (0.06%), N = 8, StdDev = 0.022 μs
Min = 13.214 μs, Q1 = 13.251 μs, Median = 13.268 μs, Q3 = 13.275 μs, Max = 13.277 μs
IQR = 0.024 μs, LowerFence = 13.214 μs, UpperFence = 13.311 μs
ConfidenceInterval = [13.218 μs; 13.301 μs] (CI 99.9%), Margin = 0.042 μs (0.31% of Mean)
Skewness = -1.04, Kurtosis = 2.68, MValue = 2

// ** Remained 10 (55.6 %) benchmark(s) to run. Estimated finish 2026-09-27 15:28 (0h 2m from now) **
// **************************
// Benchmark: SerializationBenchmarks.MaskObject_Large: Job-YFEFPZ(IterationCount=10, WarmupCount=3)
// *** Execute ***
// Launch: 1 / 1
// Execute: dotnet Encina.Security.PII.Benchmarks-Job-YFEFPZ-1.dll --anonymousPipes 158 159 --benchmarkName Encina.Security.PII.Benchmarks.SerializationBenchmarks.MaskObject_Large --job "IterationCount=10, WarmupCount=3" --benchmarkId 8 in /home/runner/work/Encina/Encina/tests/Encina.BenchmarkTests/Encina.Security.PII.Benchmarks/bin/Release/net10.0/Encina.Security.PII.Benchmarks-Job-YFEFPZ-1/bin/Release/net10.0
// Failed to set up high priority (Permission denied). In order to run benchmarks with high priority, make sure you have the right permissions.
// BeforeAnythingElse

// Benchmark Process Environment Information:
// BenchmarkDotNet v0.15.8
// Runtime=.NET 10.0.12 (10.0.12, 10.0.1226.42308), X64 RyuJIT x86-64-v3
// GC=Concurrent Workstation
// HardwareIntrinsics=AVX2+BMI1+BMI2+F16C+FMA+LZCNT+MOVBE,AVX,SSE3+SSSE3+SSE4.1+SSE4.2+POPCNT,X86Base+SSE+SSE2,AES+PCLMUL VectorSize=256
// Job: Job-YFEFPZ(IterationCount=10, WarmupCount=3)

OverheadJitting  1: 1 op, 233043.00 ns, 233.0430 us/op
WorkloadJitting  1: 1 op, 80399340.00 ns, 80.3993 ms/op

WorkloadPilot    1: 2 op, 277115.00 ns, 138.5575 us/op
WorkloadPilot    2: 3 op, 153646.00 ns, 51.2153 us/op
WorkloadPilot    3: 4 op, 180155.00 ns, 45.0388 us/op
WorkloadPilot    4: 5 op, 180866.00 ns, 36.1732 us/op
WorkloadPilot    5: 6 op, 201314.00 ns, 33.5523 us/op
WorkloadPilot    6: 7 op, 219828.00 ns, 31.4040 us/op
WorkloadPilot    7: 8 op, 231621.00 ns, 28.9526 us/op
WorkloadPilot    8: 9 op, 328080.00 ns, 36.4533 us/op
WorkloadPilot    9: 10 op, 280190.00 ns, 28.0190 us/op
WorkloadPilot   10: 11 op, 379184.00 ns, 34.4713 us/op
WorkloadPilot   11: 12 op, 353657.00 ns, 29.4714 us/op
WorkloadPilot   12: 13 op, 346444.00 ns, 26.6495 us/op
WorkloadPilot   13: 14 op, 369796.00 ns, 26.4140 us/op
WorkloadPilot   14: 15 op, 394163.00 ns, 26.2775 us/op
WorkloadPilot   15: 16 op, 483288.00 ns, 30.2055 us/op
WorkloadPilot   16: 32 op, 1095465.00 ns, 34.2333 us/op
WorkloadPilot   17: 64 op, 2215997.00 ns, 34.6250 us/op
WorkloadPilot   18: 128 op, 4343159.00 ns, 33.9309 us/op
WorkloadPilot   19: 256 op, 8662394.00 ns, 33.8375 us/op
WorkloadPilot   20: 512 op, 17512466.00 ns, 34.2040 us/op
WorkloadPilot   21: 1024 op, 32964133.00 ns, 32.1915 us/op
WorkloadPilot   22: 2048 op, 49523256.00 ns, 24.1813 us/op
WorkloadPilot   23: 4096 op, 98370858.00 ns, 24.0163 us/op
WorkloadPilot   24: 8192 op, 198876521.00 ns, 24.2769 us/op
WorkloadPilot   25: 16384 op, 399200351.00 ns, 24.3653 us/op
WorkloadPilot   26: 32768 op, 798268688.00 ns, 24.3612 us/op

WorkloadWarmup   1: 32768 op, 792059913.00 ns, 24.1718 us/op
WorkloadWarmup   2: 32768 op, 793806351.00 ns, 24.2250 us/op
WorkloadWarmup   3: 32768 op, 794819187.00 ns, 24.2560 us/op

// BeforeActualRun
WorkloadActual   1: 32768 op, 796382230.00 ns, 24.3037 us/op
WorkloadActual   2: 32768 op, 795364359.00 ns, 24.2726 us/op
WorkloadActual   3: 32768 op, 797399740.00 ns, 24.3347 us/op
WorkloadActual   4: 32768 op, 798115760.00 ns, 24.3566 us/op
WorkloadActual   5: 32768 op, 793604440.00 ns, 24.2189 us/op
WorkloadActual   6: 32768 op, 794547412.00 ns, 24.2477 us/op
WorkloadActual   7: 32768 op, 793930566.00 ns, 24.2288 us/op
WorkloadActual   8: 32768 op, 794348452.00 ns, 24.2416 us/op
WorkloadActual   9: 32768 op, 793485602.00 ns, 24.2153 us/op
WorkloadActual  10: 32768 op, 793927013.00 ns, 24.2287 us/op

// AfterActualRun
WorkloadResult   1: 32768 op, 796382230.00 ns, 24.3037 us/op
WorkloadResult   2: 32768 op, 795364359.00 ns, 24.2726 us/op
WorkloadResult   3: 32768 op, 797399740.00 ns, 24.3347 us/op
WorkloadResult   4: 32768 op, 798115760.00 ns, 24.3566 us/op
WorkloadResult   5: 32768 op, 793604440.00 ns, 24.2189 us/op
WorkloadResult   6: 32768 op, 794547412.00 ns, 24.2477 us/op
WorkloadResult   7: 32768 op, 793930566.00 ns, 24.2288 us/op
WorkloadResult   8: 32768 op, 794348452.00 ns, 24.2416 us/op
WorkloadResult   9: 32768 op, 793485602.00 ns, 24.2153 us/op
WorkloadResult  10: 32768 op, 793927013.00 ns, 24.2287 us/op
// GC:  35 0 0 600047616 32768
// Threading:  0 0 32768

// AfterAll
// Benchmark Process 3181 has exited with code 0.

Mean = 24.265 μs, StdErr = 0.016 μs (0.07%), N = 10, StdDev = 0.050 μs
Min = 24.215 μs, Q1 = 24.229 μs, Median = 24.245 μs, Q3 = 24.296 μs, Max = 24.357 μs
IQR = 0.067 μs, LowerFence = 24.128 μs, UpperFence = 24.397 μs
ConfidenceInterval = [24.189 μs; 24.341 μs] (CI 99.9%), Margin = 0.076 μs (0.31% of Mean)
Skewness = 0.66, Kurtosis = 1.72, MValue = 2

// ** Remained 9 (50.0 %) benchmark(s) to run. Estimated finish 2026-09-27 15:28 (0h 1m from now) **
// **************************
// Benchmark: SerializationBenchmarks.Serialize_Small: ShortRun(IterationCount=3, LaunchCount=1, WarmupCount=3)
// *** Execute ***
// Launch: 1 / 1
// Execute: dotnet Encina.Security.PII.Benchmarks-Job-YFEFPZ-1.dll --anonymousPipes 158 159 --benchmarkName Encina.Security.PII.Benchmarks.SerializationBenchmarks.Serialize_Small --job ShortRun --benchmarkId 9 in /home/runner/work/Encina/Encina/tests/Encina.BenchmarkTests/Encina.Security.PII.Benchmarks/bin/Release/net10.0/Encina.Security.PII.Benchmarks-Job-YFEFPZ-1/bin/Release/net10.0
// Failed to set up high priority (Permission denied). In order to run benchmarks with high priority, make sure you have the right permissions.
// BeforeAnythingElse

// Benchmark Process Environment Information:
// BenchmarkDotNet v0.15.8
// Runtime=.NET 10.0.12 (10.0.12, 10.0.1226.42308), X64 RyuJIT x86-64-v3
// GC=Concurrent Workstation
// HardwareIntrinsics=AVX2+BMI1+BMI2+F16C+FMA+LZCNT+MOVBE,AVX,SSE3+SSSE3+SSE4.1+SSE4.2+POPCNT,X86Base+SSE+SSE2,AES+PCLMUL VectorSize=256
// Job: ShortRun(IterationCount=3, LaunchCount=1, WarmupCount=3)

OverheadJitting  1: 1 op, 223275.00 ns, 223.2750 us/op
WorkloadJitting  1: 1 op, 25914763.00 ns, 25.9148 ms/op

OverheadJitting  2: 16 op, 431562.00 ns, 26.9726 us/op
WorkloadJitting  2: 16 op, 539322.00 ns, 33.7076 us/op

WorkloadPilot    1: 16 op, 32019.00 ns, 2.0012 us/op
WorkloadPilot    2: 32 op, 39704.00 ns, 1.2408 us/op
WorkloadPilot    3: 64 op, 55664.00 ns, 869.7500 ns/op
WorkloadPilot    4: 128 op, 85759.00 ns, 669.9922 ns/op
WorkloadPilot    5: 256 op, 154167.00 ns, 602.2148 ns/op
WorkloadPilot    6: 512 op, 260595.00 ns, 508.9746 ns/op
WorkloadPilot    7: 1024 op, 538370.00 ns, 525.7520 ns/op
WorkloadPilot    8: 2048 op, 1066862.00 ns, 520.9287 ns/op
WorkloadPilot    9: 4096 op, 2012169.00 ns, 491.2522 ns/op
WorkloadPilot   10: 8192 op, 4143679.00 ns, 505.8202 ns/op
WorkloadPilot   11: 16384 op, 8137961.00 ns, 496.7017 ns/op
WorkloadPilot   12: 32768 op, 16430430.00 ns, 501.4169 ns/op
WorkloadPilot   13: 65536 op, 32816106.00 ns, 500.7340 ns/op
WorkloadPilot   14: 131072 op, 65305826.00 ns, 498.2439 ns/op
WorkloadPilot   15: 262144 op, 121212027.00 ns, 462.3872 ns/op
WorkloadPilot   16: 524288 op, 239301631.00 ns, 456.4316 ns/op
WorkloadPilot   17: 1048576 op, 480147151.00 ns, 457.9040 ns/op
WorkloadPilot   18: 2097152 op, 956953045.00 ns, 456.3108 ns/op

OverheadWarmup   1: 2097152 op, 6956005.00 ns, 3.3169 ns/op
OverheadWarmup   2: 2097152 op, 6947720.00 ns, 3.3129 ns/op
OverheadWarmup   3: 2097152 op, 7001681.00 ns, 3.3387 ns/op
OverheadWarmup   4: 2097152 op, 6950375.00 ns, 3.3142 ns/op
OverheadWarmup   5: 2097152 op, 6949203.00 ns, 3.3136 ns/op
OverheadWarmup   6: 2097152 op, 6948682.00 ns, 3.3134 ns/op
OverheadWarmup   7: 2097152 op, 6950365.00 ns, 3.3142 ns/op
OverheadWarmup   8: 2097152 op, 6924005.00 ns, 3.3016 ns/op

OverheadActual   1: 2097152 op, 7093521.00 ns, 3.3825 ns/op
OverheadActual   2: 2097152 op, 6958660.00 ns, 3.3181 ns/op
OverheadActual   3: 2097152 op, 6948741.00 ns, 3.3134 ns/op
OverheadActual   4: 2097152 op, 6951357.00 ns, 3.3147 ns/op
OverheadActual   5: 2097152 op, 7002481.00 ns, 3.3390 ns/op
OverheadActual   6: 2097152 op, 6970402.00 ns, 3.3237 ns/op
OverheadActual   7: 2097152 op, 6952708.00 ns, 3.3153 ns/op
OverheadActual   8: 2097152 op, 6947500.00 ns, 3.3128 ns/op
OverheadActual   9: 2097152 op, 6927012.00 ns, 3.3031 ns/op
OverheadActual  10: 2097152 op, 6966615.00 ns, 3.3219 ns/op
OverheadActual  11: 2097152 op, 6953360.00 ns, 3.3156 ns/op
OverheadActual  12: 2097152 op, 6955634.00 ns, 3.3167 ns/op
OverheadActual  13: 2097152 op, 6967116.00 ns, 3.3222 ns/op
OverheadActual  14: 2097152 op, 6944884.00 ns, 3.3116 ns/op
OverheadActual  15: 2097152 op, 6953771.00 ns, 3.3158 ns/op

WorkloadWarmup   1: 2097152 op, 963623740.00 ns, 459.4916 ns/op
WorkloadWarmup   2: 2097152 op, 964784706.00 ns, 460.0452 ns/op
WorkloadWarmup   3: 2097152 op, 957732212.00 ns, 456.6823 ns/op

// BeforeActualRun
WorkloadActual   1: 2097152 op, 960973574.00 ns, 458.2279 ns/op
WorkloadActual   2: 2097152 op, 960420417.00 ns, 457.9641 ns/op
WorkloadActual   3: 2097152 op, 958492724.00 ns, 457.0449 ns/op

// AfterActualRun
WorkloadResult   1: 2097152 op, 954019803.00 ns, 454.9121 ns/op
WorkloadResult   2: 2097152 op, 953466646.00 ns, 454.6483 ns/op
WorkloadResult   3: 2097152 op, 951538953.00 ns, 453.7291 ns/op
// GC:  14 0 0 234881024 2097152
// Threading:  0 0 2097152

// AfterAll
// Benchmark Process 3189 has exited with code 0.

Mean = 454.430 ns, StdErr = 0.359 ns (0.08%), N = 3, StdDev = 0.621 ns
Min = 453.729 ns, Q1 = 454.189 ns, Median = 454.648 ns, Q3 = 454.780 ns, Max = 454.912 ns
IQR = 0.591 ns, LowerFence = 453.302 ns, UpperFence = 455.667 ns
ConfidenceInterval = [443.100 ns; 465.759 ns] (CI 99.9%), Margin = 11.329 ns (2.49% of Mean)
Skewness = -0.31, Kurtosis = 0.67, MValue = 2

// ** Remained 8 (44.4 %) benchmark(s) to run. Estimated finish 2026-09-27 15:27 (0h 1m from now) **
// **************************
// Benchmark: SerializationBenchmarks.Serialize_Medium: ShortRun(IterationCount=3, LaunchCount=1, WarmupCount=3)
// *** Execute ***
// Launch: 1 / 1
// Execute: dotnet Encina.Security.PII.Benchmarks-Job-YFEFPZ-1.dll --anonymousPipes 158 159 --benchmarkName Encina.Security.PII.Benchmarks.SerializationBenchmarks.Serialize_Medium --job ShortRun --benchmarkId 10 in /home/runner/work/Encina/Encina/tests/Encina.BenchmarkTests/Encina.Security.PII.Benchmarks/bin/Release/net10.0/Encina.Security.PII.Benchmarks-Job-YFEFPZ-1/bin/Release/net10.0
// Failed to set up high priority (Permission denied). In order to run benchmarks with high priority, make sure you have the right permissions.
// BeforeAnythingElse

// Benchmark Process Environment Information:
// BenchmarkDotNet v0.15.8
// Runtime=.NET 10.0.12 (10.0.12, 10.0.1226.42308), X64 RyuJIT x86-64-v3
// GC=Concurrent Workstation
// HardwareIntrinsics=AVX2+BMI1+BMI2+F16C+FMA+LZCNT+MOVBE,AVX,SSE3+SSSE3+SSE4.1+SSE4.2+POPCNT,X86Base+SSE+SSE2,AES+PCLMUL VectorSize=256
// Job: ShortRun(IterationCount=3, LaunchCount=1, WarmupCount=3)

OverheadJitting  1: 1 op, 246097.00 ns, 246.0970 us/op
WorkloadJitting  1: 1 op, 27007907.00 ns, 27.0079 ms/op

OverheadJitting  2: 16 op, 449936.00 ns, 28.1210 us/op
WorkloadJitting  2: 16 op, 540354.00 ns, 33.7721 us/op

WorkloadPilot    1: 16 op, 36518.00 ns, 2.2824 us/op
WorkloadPilot    2: 32 op, 64941.00 ns, 2.0294 us/op
WorkloadPilot    3: 64 op, 102961.00 ns, 1.6088 us/op
WorkloadPilot    4: 128 op, 181066.00 ns, 1.4146 us/op
WorkloadPilot    5: 256 op, 337597.00 ns, 1.3187 us/op
WorkloadPilot    6: 512 op, 666518.00 ns, 1.3018 us/op
WorkloadPilot    7: 1024 op, 1173531.00 ns, 1.1460 us/op
WorkloadPilot    8: 2048 op, 2431819.00 ns, 1.1874 us/op
WorkloadPilot    9: 4096 op, 4776907.00 ns, 1.1662 us/op
WorkloadPilot   10: 8192 op, 9663117.00 ns, 1.1796 us/op
WorkloadPilot   11: 16384 op, 19286088.00 ns, 1.1771 us/op
WorkloadPilot   12: 32768 op, 38476398.00 ns, 1.1742 us/op
WorkloadPilot   13: 65536 op, 69580878.00 ns, 1.0617 us/op
WorkloadPilot   14: 131072 op, 132761973.00 ns, 1.0129 us/op
WorkloadPilot   15: 262144 op, 266290821.00 ns, 1.0158 us/op
WorkloadPilot   16: 524288 op, 530370874.00 ns, 1.0116 us/op

OverheadWarmup   1: 524288 op, 1757486.00 ns, 3.3521 ns/op
OverheadWarmup   2: 524288 op, 1790117.00 ns, 3.4144 ns/op
OverheadWarmup   3: 524288 op, 1747247.00 ns, 3.3326 ns/op
OverheadWarmup   4: 524288 op, 1766753.00 ns, 3.3698 ns/op
OverheadWarmup   5: 524288 op, 1736977.00 ns, 3.3130 ns/op

OverheadActual   1: 524288 op, 1770771.00 ns, 3.3775 ns/op
OverheadActual   2: 524288 op, 1766202.00 ns, 3.3688 ns/op
OverheadActual   3: 524288 op, 1748168.00 ns, 3.3344 ns/op
OverheadActual   4: 524288 op, 1748539.00 ns, 3.3351 ns/op
OverheadActual   5: 524288 op, 1768786.00 ns, 3.3737 ns/op
OverheadActual   6: 524288 op, 1749431.00 ns, 3.3368 ns/op
OverheadActual   7: 524288 op, 1751455.00 ns, 3.3406 ns/op
OverheadActual   8: 524288 op, 1762696.00 ns, 3.3621 ns/op
OverheadActual   9: 524288 op, 1760381.00 ns, 3.3577 ns/op
OverheadActual  10: 524288 op, 1771753.00 ns, 3.3794 ns/op
OverheadActual  11: 524288 op, 1731437.00 ns, 3.3025 ns/op
OverheadActual  12: 524288 op, 1746746.00 ns, 3.3317 ns/op
OverheadActual  13: 524288 op, 1744742.00 ns, 3.3278 ns/op
OverheadActual  14: 524288 op, 1740063.00 ns, 3.3189 ns/op
OverheadActual  15: 524288 op, 1747287.00 ns, 3.3327 ns/op

WorkloadWarmup   1: 524288 op, 540161126.00 ns, 1.0303 us/op
WorkloadWarmup   2: 524288 op, 533935618.00 ns, 1.0184 us/op
WorkloadWarmup   3: 524288 op, 530499513.00 ns, 1.0118 us/op

// BeforeActualRun
WorkloadActual   1: 524288 op, 533993395.00 ns, 1.0185 us/op
WorkloadActual   2: 524288 op, 530568040.00 ns, 1.0120 us/op
WorkloadActual   3: 524288 op, 531914893.00 ns, 1.0145 us/op

// AfterActualRun
WorkloadResult   1: 524288 op, 532243964.00 ns, 1.0152 us/op
WorkloadResult   2: 524288 op, 528818609.00 ns, 1.0086 us/op
WorkloadResult   3: 524288 op, 530165462.00 ns, 1.0112 us/op
// GC:  12 0 0 205520896 524288
// Threading:  0 0 524288

// AfterAll
// Benchmark Process 3199 has exited with code 0.

Mean = 1.012 μs, StdErr = 0.002 μs (0.19%), N = 3, StdDev = 0.003 μs
Min = 1.009 μs, Q1 = 1.010 μs, Median = 1.011 μs, Q3 = 1.013 μs, Max = 1.015 μs
IQR = 0.003 μs, LowerFence = 1.005 μs, UpperFence = 1.018 μs
ConfidenceInterval = [0.952 μs; 1.072 μs] (CI 99.9%), Margin = 0.060 μs (5.94% of Mean)
Skewness = 0.14, Kurtosis = 0.67, MValue = 2

// ** Remained 7 (38.9 %) benchmark(s) to run. Estimated finish 2026-09-27 15:27 (0h 1m from now) **
// **************************
// Benchmark: SerializationBenchmarks.Serialize_Large: ShortRun(IterationCount=3, LaunchCount=1, WarmupCount=3)
// *** Execute ***
// Launch: 1 / 1
// Execute: dotnet Encina.Security.PII.Benchmarks-Job-YFEFPZ-1.dll --anonymousPipes 158 159 --benchmarkName Encina.Security.PII.Benchmarks.SerializationBenchmarks.Serialize_Large --job ShortRun --benchmarkId 11 in /home/runner/work/Encina/Encina/tests/Encina.BenchmarkTests/Encina.Security.PII.Benchmarks/bin/Release/net10.0/Encina.Security.PII.Benchmarks-Job-YFEFPZ-1/bin/Release/net10.0
// Failed to set up high priority (Permission denied). In order to run benchmarks with high priority, make sure you have the right permissions.
// BeforeAnythingElse

// Benchmark Process Environment Information:
// BenchmarkDotNet v0.15.8
// Runtime=.NET 10.0.12 (10.0.12, 10.0.1226.42308), X64 RyuJIT x86-64-v3
// GC=Concurrent Workstation
// HardwareIntrinsics=AVX2+BMI1+BMI2+F16C+FMA+LZCNT+MOVBE,AVX,SSE3+SSSE3+SSE4.1+SSE4.2+POPCNT,X86Base+SSE+SSE2,AES+PCLMUL VectorSize=256
// Job: ShortRun(IterationCount=3, LaunchCount=1, WarmupCount=3)

OverheadJitting  1: 1 op, 220400.00 ns, 220.4000 us/op
WorkloadJitting  1: 1 op, 29440709.00 ns, 29.4407 ms/op

OverheadJitting  2: 16 op, 445017.00 ns, 27.8136 us/op
WorkloadJitting  2: 16 op, 551895.00 ns, 34.4934 us/op

WorkloadPilot    1: 16 op, 48350.00 ns, 3.0219 us/op
WorkloadPilot    2: 32 op, 153555.00 ns, 4.7986 us/op
WorkloadPilot    3: 64 op, 286592.00 ns, 4.4780 us/op
WorkloadPilot    4: 128 op, 422405.00 ns, 3.3000 us/op
WorkloadPilot    5: 256 op, 1013252.00 ns, 3.9580 us/op
WorkloadPilot    6: 512 op, 1940255.00 ns, 3.7896 us/op
WorkloadPilot    7: 1024 op, 3987218.00 ns, 3.8938 us/op
WorkloadPilot    8: 2048 op, 7754498.00 ns, 3.7864 us/op
WorkloadPilot    9: 4096 op, 15342906.00 ns, 3.7458 us/op
WorkloadPilot   10: 8192 op, 19835192.00 ns, 2.4213 us/op
WorkloadPilot   11: 16384 op, 37669227.00 ns, 2.2991 us/op
WorkloadPilot   12: 32768 op, 73763907.00 ns, 2.2511 us/op
WorkloadPilot   13: 65536 op, 147490426.00 ns, 2.2505 us/op
WorkloadPilot   14: 131072 op, 294655655.00 ns, 2.2480 us/op
WorkloadPilot   15: 262144 op, 589933038.00 ns, 2.2504 us/op

OverheadWarmup   1: 262144 op, 866570.00 ns, 3.3057 ns/op
OverheadWarmup   2: 262144 op, 871960.00 ns, 3.3263 ns/op
OverheadWarmup   3: 262144 op, 867171.00 ns, 3.3080 ns/op
OverheadWarmup   4: 262144 op, 866390.00 ns, 3.3050 ns/op
OverheadWarmup   5: 262144 op, 884383.00 ns, 3.3737 ns/op
OverheadWarmup   6: 262144 op, 867061.00 ns, 3.3076 ns/op

OverheadActual   1: 262144 op, 866941.00 ns, 3.3071 ns/op
OverheadActual   2: 262144 op, 901535.00 ns, 3.4391 ns/op
OverheadActual   3: 262144 op, 868112.00 ns, 3.3116 ns/op
OverheadActual   4: 262144 op, 866270.00 ns, 3.3046 ns/op
OverheadActual   5: 262144 op, 870257.00 ns, 3.3198 ns/op
OverheadActual   6: 262144 op, 866159.00 ns, 3.3041 ns/op
OverheadActual   7: 262144 op, 865287.00 ns, 3.3008 ns/op
OverheadActual   8: 262144 op, 867342.00 ns, 3.3086 ns/op
OverheadActual   9: 262144 op, 882470.00 ns, 3.3664 ns/op
OverheadActual  10: 262144 op, 869105.00 ns, 3.3154 ns/op
OverheadActual  11: 262144 op, 868313.00 ns, 3.3124 ns/op
OverheadActual  12: 262144 op, 849017.00 ns, 3.2387 ns/op
OverheadActual  13: 262144 op, 870898.00 ns, 3.3222 ns/op
OverheadActual  14: 262144 op, 867943.00 ns, 3.3109 ns/op
OverheadActual  15: 262144 op, 867411.00 ns, 3.3089 ns/op

WorkloadWarmup   1: 262144 op, 596604933.00 ns, 2.2759 us/op
WorkloadWarmup   2: 262144 op, 594041110.00 ns, 2.2661 us/op
WorkloadWarmup   3: 262144 op, 590654237.00 ns, 2.2532 us/op

// BeforeActualRun
WorkloadActual   1: 262144 op, 591676386.00 ns, 2.2571 us/op
WorkloadActual   2: 262144 op, 597660945.00 ns, 2.2799 us/op
WorkloadActual   3: 262144 op, 599678654.00 ns, 2.2876 us/op

// AfterActualRun
WorkloadResult   1: 262144 op, 590808443.00 ns, 2.2538 us/op
WorkloadResult   2: 262144 op, 596793002.00 ns, 2.2766 us/op
WorkloadResult   3: 262144 op, 598810711.00 ns, 2.2843 us/op
// GC:  59 0 0 991952896 262144
// Threading:  0 0 262144

// AfterAll
// Benchmark Process 3205 has exited with code 0.

Mean = 2.272 μs, StdErr = 0.009 μs (0.40%), N = 3, StdDev = 0.016 μs
Min = 2.254 μs, Q1 = 2.265 μs, Median = 2.277 μs, Q3 = 2.280 μs, Max = 2.284 μs
IQR = 0.015 μs, LowerFence = 2.242 μs, UpperFence = 2.303 μs
ConfidenceInterval = [1.982 μs; 2.561 μs] (CI 99.9%), Margin = 0.290 μs (12.75% of Mean)
Skewness = -0.29, Kurtosis = 0.67, MValue = 2

// ** Remained 6 (33.3 %) benchmark(s) to run. Estimated finish 2026-09-27 15:27 (0h 1m from now) **
// **************************
// Benchmark: SerializationBenchmarks.SerializeRoundtrip_Small: ShortRun(IterationCount=3, LaunchCount=1, WarmupCount=3)
// *** Execute ***
// Launch: 1 / 1
// Execute: dotnet Encina.Security.PII.Benchmarks-Job-YFEFPZ-1.dll --anonymousPipes 158 159 --benchmarkName Encina.Security.PII.Benchmarks.SerializationBenchmarks.SerializeRoundtrip_Small --job ShortRun --benchmarkId 12 in /home/runner/work/Encina/Encina/tests/Encina.BenchmarkTests/Encina.Security.PII.Benchmarks/bin/Release/net10.0/Encina.Security.PII.Benchmarks-Job-YFEFPZ-1/bin/Release/net10.0
// Failed to set up high priority (Permission denied). In order to run benchmarks with high priority, make sure you have the right permissions.
// BeforeAnythingElse

// Benchmark Process Environment Information:
// BenchmarkDotNet v0.15.8
// Runtime=.NET 10.0.12 (10.0.12, 10.0.1226.42308), X64 RyuJIT x86-64-v3
// GC=Concurrent Workstation
// HardwareIntrinsics=AVX2+BMI1+BMI2+F16C+FMA+LZCNT+MOVBE,AVX,SSE3+SSSE3+SSE4.1+SSE4.2+POPCNT,X86Base+SSE+SSE2,AES+PCLMUL VectorSize=256
// Job: ShortRun(IterationCount=3, LaunchCount=1, WarmupCount=3)

OverheadJitting  1: 1 op, 243072.00 ns, 243.0720 us/op
WorkloadJitting  1: 1 op, 32847517.00 ns, 32.8475 ms/op

OverheadJitting  2: 16 op, 487235.00 ns, 30.4522 us/op
WorkloadJitting  2: 16 op, 656940.00 ns, 41.0588 us/op

WorkloadPilot    1: 16 op, 50213.00 ns, 3.1383 us/op
WorkloadPilot    2: 32 op, 70181.00 ns, 2.1932 us/op
WorkloadPilot    3: 64 op, 103712.00 ns, 1.6205 us/op
WorkloadPilot    4: 128 op, 167822.00 ns, 1.3111 us/op
WorkloadPilot    5: 256 op, 326927.00 ns, 1.2771 us/op
WorkloadPilot    6: 512 op, 587511.00 ns, 1.1475 us/op
WorkloadPilot    7: 1024 op, 1119840.00 ns, 1.0936 us/op
WorkloadPilot    8: 2048 op, 2070938.00 ns, 1.0112 us/op
WorkloadPilot    9: 4096 op, 4293737.00 ns, 1.0483 us/op
WorkloadPilot   10: 8192 op, 8405177.00 ns, 1.0260 us/op
WorkloadPilot   11: 16384 op, 17014491.00 ns, 1.0385 us/op
WorkloadPilot   12: 32768 op, 33727754.00 ns, 1.0293 us/op
WorkloadPilot   13: 65536 op, 67057247.00 ns, 1.0232 us/op
WorkloadPilot   14: 131072 op, 123934370.00 ns, 945.5442 ns/op
WorkloadPilot   15: 262144 op, 244359019.00 ns, 932.1557 ns/op
WorkloadPilot   16: 524288 op, 490605615.00 ns, 935.7559 ns/op
WorkloadPilot   17: 1048576 op, 978619542.00 ns, 933.2843 ns/op

OverheadWarmup   1: 1048576 op, 3490555.00 ns, 3.3289 ns/op
OverheadWarmup   2: 1048576 op, 3497888.00 ns, 3.3358 ns/op
OverheadWarmup   3: 1048576 op, 3495564.00 ns, 3.3336 ns/op
OverheadWarmup   4: 1048576 op, 3484524.00 ns, 3.3231 ns/op
OverheadWarmup   5: 1048576 op, 3513618.00 ns, 3.3508 ns/op
OverheadWarmup   6: 1048576 op, 3495765.00 ns, 3.3338 ns/op

OverheadActual   1: 1048576 op, 3499001.00 ns, 3.3369 ns/op
OverheadActual   2: 1048576 op, 3506865.00 ns, 3.3444 ns/op
OverheadActual   3: 1048576 op, 3518156.00 ns, 3.3552 ns/op
OverheadActual   4: 1048576 op, 3507947.00 ns, 3.3454 ns/op
OverheadActual   5: 1048576 op, 3536400.00 ns, 3.3726 ns/op
OverheadActual   6: 1048576 op, 3511153.00 ns, 3.3485 ns/op
OverheadActual   7: 1048576 op, 3511413.00 ns, 3.3487 ns/op
OverheadActual   8: 1048576 op, 3491086.00 ns, 3.3294 ns/op
OverheadActual   9: 1048576 op, 3494993.00 ns, 3.3331 ns/op
OverheadActual  10: 1048576 op, 3509229.00 ns, 3.3467 ns/op
OverheadActual  11: 1048576 op, 3519298.00 ns, 3.3563 ns/op
OverheadActual  12: 1048576 op, 3504972.00 ns, 3.3426 ns/op
OverheadActual  13: 1048576 op, 3481037.00 ns, 3.3198 ns/op
OverheadActual  14: 1048576 op, 3494081.00 ns, 3.3322 ns/op
OverheadActual  15: 1048576 op, 3514129.00 ns, 3.3513 ns/op

WorkloadWarmup   1: 1048576 op, 983302176.00 ns, 937.7500 ns/op
WorkloadWarmup   2: 1048576 op, 985378784.00 ns, 939.7304 ns/op
WorkloadWarmup   3: 1048576 op, 976809684.00 ns, 931.5583 ns/op

// BeforeActualRun
WorkloadActual   1: 1048576 op, 978429392.00 ns, 933.1030 ns/op
WorkloadActual   2: 1048576 op, 982312437.00 ns, 936.8061 ns/op
WorkloadActual   3: 1048576 op, 978817994.00 ns, 933.4736 ns/op

// AfterActualRun
WorkloadResult   1: 1048576 op, 974921445.00 ns, 929.7575 ns/op
WorkloadResult   2: 1048576 op, 978804490.00 ns, 933.4607 ns/op
WorkloadResult   3: 1048576 op, 975310047.00 ns, 930.1281 ns/op
// GC:  14 0 0 243269632 1048576
// Threading:  0 0 1048576

// AfterAll
// Benchmark Process 3211 has exited with code 0.

Mean = 931.115 ns, StdErr = 1.177 ns (0.13%), N = 3, StdDev = 2.039 ns
Min = 929.758 ns, Q1 = 929.943 ns, Median = 930.128 ns, Q3 = 931.794 ns, Max = 933.461 ns
IQR = 1.852 ns, LowerFence = 927.165 ns, UpperFence = 934.572 ns
ConfidenceInterval = [893.908 ns; 968.323 ns] (CI 99.9%), Margin = 37.208 ns (4.00% of Mean)
Skewness = 0.37, Kurtosis = 0.67, MValue = 2

// ** Remained 5 (27.8 %) benchmark(s) to run. Estimated finish 2026-09-27 15:27 (0h 0m from now) **
// **************************
// Benchmark: SerializationBenchmarks.SerializeRoundtrip_Large: ShortRun(IterationCount=3, LaunchCount=1, WarmupCount=3)
// *** Execute ***
// Launch: 1 / 1
// Execute: dotnet Encina.Security.PII.Benchmarks-Job-YFEFPZ-1.dll --anonymousPipes 158 159 --benchmarkName Encina.Security.PII.Benchmarks.SerializationBenchmarks.SerializeRoundtrip_Large --job ShortRun --benchmarkId 13 in /home/runner/work/Encina/Encina/tests/Encina.BenchmarkTests/Encina.Security.PII.Benchmarks/bin/Release/net10.0/Encina.Security.PII.Benchmarks-Job-YFEFPZ-1/bin/Release/net10.0
// Failed to set up high priority (Permission denied). In order to run benchmarks with high priority, make sure you have the right permissions.
// BeforeAnythingElse

// Benchmark Process Environment Information:
// BenchmarkDotNet v0.15.8
// Runtime=.NET 10.0.12 (10.0.12, 10.0.1226.42308), X64 RyuJIT x86-64-v3
// GC=Concurrent Workstation
// HardwareIntrinsics=AVX2+BMI1+BMI2+F16C+FMA+LZCNT+MOVBE,AVX,SSE3+SSSE3+SSE4.1+SSE4.2+POPCNT,X86Base+SSE+SSE2,AES+PCLMUL VectorSize=256
// Job: ShortRun(IterationCount=3, LaunchCount=1, WarmupCount=3)

OverheadJitting  1: 1 op, 231940.00 ns, 231.9400 us/op
WorkloadJitting  1: 1 op, 37596890.00 ns, 37.5969 ms/op

WorkloadPilot    1: 2 op, 142655.00 ns, 71.3275 us/op
WorkloadPilot    2: 3 op, 53319.00 ns, 17.7730 us/op
WorkloadPilot    3: 4 op, 42099.00 ns, 10.5248 us/op
WorkloadPilot    4: 5 op, 42539.00 ns, 8.5078 us/op
WorkloadPilot    5: 6 op, 70821.00 ns, 11.8035 us/op
WorkloadPilot    6: 7 op, 56886.00 ns, 8.1266 us/op
WorkloadPilot    7: 8 op, 71182.00 ns, 8.8978 us/op
WorkloadPilot    8: 9 op, 103382.00 ns, 11.4869 us/op
WorkloadPilot    9: 10 op, 97791.00 ns, 9.7791 us/op
WorkloadPilot   10: 11 op, 131655.00 ns, 11.9686 us/op
WorkloadPilot   11: 12 op, 137656.00 ns, 11.4713 us/op
WorkloadPilot   12: 13 op, 144298.00 ns, 11.0998 us/op
WorkloadPilot   13: 14 op, 154928.00 ns, 11.0663 us/op
WorkloadPilot   14: 15 op, 188630.00 ns, 12.5753 us/op
WorkloadPilot   15: 16 op, 172911.00 ns, 10.8069 us/op
WorkloadPilot   16: 32 op, 322168.00 ns, 10.0678 us/op
WorkloadPilot   17: 64 op, 486894.00 ns, 7.6077 us/op
WorkloadPilot   18: 128 op, 1063336.00 ns, 8.3073 us/op
WorkloadPilot   19: 256 op, 2201940.00 ns, 8.6013 us/op
WorkloadPilot   20: 512 op, 4254504.00 ns, 8.3096 us/op
WorkloadPilot   21: 1024 op, 9060983.00 ns, 8.8486 us/op
WorkloadPilot   22: 2048 op, 17008720.00 ns, 8.3050 us/op
WorkloadPilot   23: 4096 op, 22888765.00 ns, 5.5881 us/op
WorkloadPilot   24: 8192 op, 41808895.00 ns, 5.1036 us/op
WorkloadPilot   25: 16384 op, 82134135.00 ns, 5.0131 us/op
WorkloadPilot   26: 32768 op, 166273193.00 ns, 5.0743 us/op
WorkloadPilot   27: 65536 op, 325936502.00 ns, 4.9734 us/op
WorkloadPilot   28: 131072 op, 652658291.00 ns, 4.9794 us/op

WorkloadWarmup   1: 131072 op, 655273570.00 ns, 4.9993 us/op
WorkloadWarmup   2: 131072 op, 647209117.00 ns, 4.9378 us/op
WorkloadWarmup   3: 131072 op, 664966058.00 ns, 5.0733 us/op

// BeforeActualRun
WorkloadActual   1: 131072 op, 660729958.00 ns, 5.0410 us/op
WorkloadActual   2: 131072 op, 656031418.00 ns, 5.0051 us/op
WorkloadActual   3: 131072 op, 654795542.00 ns, 4.9957 us/op

// AfterActualRun
WorkloadResult   1: 131072 op, 660729958.00 ns, 5.0410 us/op
WorkloadResult   2: 131072 op, 656031418.00 ns, 5.0051 us/op
WorkloadResult   3: 131072 op, 654795542.00 ns, 4.9957 us/op
// GC:  60 0 0 1007681536 131072
// Threading:  0 0 131072

// AfterAll
// Benchmark Process 3218 has exited with code 0.

Mean = 5.014 μs, StdErr = 0.014 μs (0.28%), N = 3, StdDev = 0.024 μs
Min = 4.996 μs, Q1 = 5.000 μs, Median = 5.005 μs, Q3 = 5.023 μs, Max = 5.041 μs
IQR = 0.023 μs, LowerFence = 4.966 μs, UpperFence = 5.057 μs
ConfidenceInterval = [4.578 μs; 5.450 μs] (CI 99.9%), Margin = 0.436 μs (8.69% of Mean)
Skewness = 0.32, Kurtosis = 0.67, MValue = 2

// ** Remained 4 (22.2 %) benchmark(s) to run. Estimated finish 2026-09-27 15:27 (0h 0m from now) **
// **************************
// Benchmark: SerializationBenchmarks.ParseAndModify_Small: ShortRun(IterationCount=3, LaunchCount=1, WarmupCount=3)
// *** Execute ***
// Launch: 1 / 1
// Execute: dotnet Encina.Security.PII.Benchmarks-Job-YFEFPZ-1.dll --anonymousPipes 158 159 --benchmarkName Encina.Security.PII.Benchmarks.SerializationBenchmarks.ParseAndModify_Small --job ShortRun --benchmarkId 14 in /home/runner/work/Encina/Encina/tests/Encina.BenchmarkTests/Encina.Security.PII.Benchmarks/bin/Release/net10.0/Encina.Security.PII.Benchmarks-Job-YFEFPZ-1/bin/Release/net10.0
// Failed to set up high priority (Permission denied). In order to run benchmarks with high priority, make sure you have the right permissions.
// BeforeAnythingElse

// Benchmark Process Environment Information:
// BenchmarkDotNet v0.15.8
// Runtime=.NET 10.0.12 (10.0.12, 10.0.1226.42308), X64 RyuJIT x86-64-v3
// GC=Concurrent Workstation
// HardwareIntrinsics=AVX2+BMI1+BMI2+F16C+FMA+LZCNT+MOVBE,AVX,SSE3+SSSE3+SSE4.1+SSE4.2+POPCNT,X86Base+SSE+SSE2,AES+PCLMUL VectorSize=256
// Job: ShortRun(IterationCount=3, LaunchCount=1, WarmupCount=3)

OverheadJitting  1: 1 op, 231440.00 ns, 231.4400 us/op
WorkloadJitting  1: 1 op, 30783865.00 ns, 30.7839 ms/op

OverheadJitting  2: 16 op, 456318.00 ns, 28.5199 us/op
WorkloadJitting  2: 16 op, 607378.00 ns, 37.9611 us/op

WorkloadPilot    1: 16 op, 66143.00 ns, 4.1339 us/op
WorkloadPilot    2: 32 op, 100968.00 ns, 3.1553 us/op
WorkloadPilot    3: 64 op, 217615.00 ns, 3.4002 us/op
WorkloadPilot    4: 128 op, 317069.00 ns, 2.4771 us/op
WorkloadPilot    5: 256 op, 620492.00 ns, 2.4238 us/op
WorkloadPilot    6: 512 op, 1056453.00 ns, 2.0634 us/op
WorkloadPilot    7: 1024 op, 2267753.00 ns, 2.2146 us/op
WorkloadPilot    8: 2048 op, 4472449.00 ns, 2.1838 us/op
WorkloadPilot    9: 4096 op, 8726644.00 ns, 2.1305 us/op
WorkloadPilot   10: 8192 op, 17203483.00 ns, 2.1000 us/op
WorkloadPilot   11: 16384 op, 34445598.00 ns, 2.1024 us/op
WorkloadPilot   12: 32768 op, 60524211.00 ns, 1.8471 us/op
WorkloadPilot   13: 65536 op, 115482732.00 ns, 1.7621 us/op
WorkloadPilot   14: 131072 op, 231179532.00 ns, 1.7638 us/op
WorkloadPilot   15: 262144 op, 461572723.00 ns, 1.7608 us/op
WorkloadPilot   16: 524288 op, 922797528.00 ns, 1.7601 us/op

OverheadWarmup   1: 524288 op, 1737589.00 ns, 3.3142 ns/op
OverheadWarmup   2: 524288 op, 1727850.00 ns, 3.2956 ns/op
OverheadWarmup   3: 524288 op, 1723582.00 ns, 3.2875 ns/op
OverheadWarmup   4: 524288 op, 1725727.00 ns, 3.2916 ns/op
OverheadWarmup   5: 524288 op, 1727059.00 ns, 3.2941 ns/op
OverheadWarmup   6: 524288 op, 1726288.00 ns, 3.2926 ns/op
OverheadWarmup   7: 524288 op, 1731567.00 ns, 3.3027 ns/op
OverheadWarmup   8: 524288 op, 1724043.00 ns, 3.2884 ns/op

OverheadActual   1: 524288 op, 1710949.00 ns, 3.2634 ns/op
OverheadActual   2: 524288 op, 1731657.00 ns, 3.3029 ns/op
OverheadActual   3: 524288 op, 1733240.00 ns, 3.3059 ns/op
OverheadActual   4: 524288 op, 1731678.00 ns, 3.3029 ns/op
OverheadActual   5: 524288 op, 1752576.00 ns, 3.3428 ns/op
OverheadActual   6: 524288 op, 1711700.00 ns, 3.2648 ns/op
OverheadActual   7: 524288 op, 1727770.00 ns, 3.2955 ns/op
OverheadActual   8: 524288 op, 1725756.00 ns, 3.2916 ns/op
OverheadActual   9: 524288 op, 1726277.00 ns, 3.2926 ns/op
OverheadActual  10: 524288 op, 1734953.00 ns, 3.3092 ns/op
OverheadActual  11: 524288 op, 1734683.00 ns, 3.3086 ns/op
OverheadActual  12: 524288 op, 1735704.00 ns, 3.3106 ns/op
OverheadActual  13: 524288 op, 1734573.00 ns, 3.3084 ns/op
OverheadActual  14: 524288 op, 1711059.00 ns, 3.2636 ns/op
OverheadActual  15: 524288 op, 1735063.00 ns, 3.3094 ns/op

WorkloadWarmup   1: 524288 op, 935913756.00 ns, 1.7851 us/op
WorkloadWarmup   2: 524288 op, 932755505.00 ns, 1.7791 us/op
WorkloadWarmup   3: 524288 op, 929931769.00 ns, 1.7737 us/op

// BeforeActualRun
WorkloadActual   1: 524288 op, 928173352.00 ns, 1.7704 us/op
WorkloadActual   2: 524288 op, 926477181.00 ns, 1.7671 us/op
WorkloadActual   3: 524288 op, 925106595.00 ns, 1.7645 us/op

// AfterActualRun
WorkloadResult   1: 524288 op, 926441674.00 ns, 1.7670 us/op
WorkloadResult   2: 524288 op, 924745503.00 ns, 1.7638 us/op
WorkloadResult   3: 524288 op, 923374917.00 ns, 1.7612 us/op
// GC:  26 0 0 440401920 524288
// Threading:  0 0 524288

// AfterAll
// Benchmark Process 3226 has exited with code 0.

Mean = 1.764 μs, StdErr = 0.002 μs (0.10%), N = 3, StdDev = 0.003 μs
Min = 1.761 μs, Q1 = 1.763 μs, Median = 1.764 μs, Q3 = 1.765 μs, Max = 1.767 μs
IQR = 0.003 μs, LowerFence = 1.758 μs, UpperFence = 1.770 μs
ConfidenceInterval = [1.711 μs; 1.817 μs] (CI 99.9%), Margin = 0.053 μs (3.03% of Mean)
Skewness = 0.07, Kurtosis = 0.67, MValue = 2

// ** Remained 3 (16.7 %) benchmark(s) to run. Estimated finish 2026-09-27 15:27 (0h 0m from now) **
// **************************
// Benchmark: SerializationBenchmarks.MaskObject_Small: ShortRun(IterationCount=3, LaunchCount=1, WarmupCount=3)
// *** Execute ***
// Launch: 1 / 1
// Execute: dotnet Encina.Security.PII.Benchmarks-Job-YFEFPZ-1.dll --anonymousPipes 158 159 --benchmarkName Encina.Security.PII.Benchmarks.SerializationBenchmarks.MaskObject_Small --job ShortRun --benchmarkId 15 in /home/runner/work/Encina/Encina/tests/Encina.BenchmarkTests/Encina.Security.PII.Benchmarks/bin/Release/net10.0/Encina.Security.PII.Benchmarks-Job-YFEFPZ-1/bin/Release/net10.0
// Failed to set up high priority (Permission denied). In order to run benchmarks with high priority, make sure you have the right permissions.
// BeforeAnythingElse

// Benchmark Process Environment Information:
// BenchmarkDotNet v0.15.8
// Runtime=.NET 10.0.12 (10.0.12, 10.0.1226.42308), X64 RyuJIT x86-64-v3
// GC=Concurrent Workstation
// HardwareIntrinsics=AVX2+BMI1+BMI2+F16C+FMA+LZCNT+MOVBE,AVX,SSE3+SSSE3+SSE4.1+SSE4.2+POPCNT,X86Base+SSE+SSE2,AES+PCLMUL VectorSize=256
// Job: ShortRun(IterationCount=3, LaunchCount=1, WarmupCount=3)

OverheadJitting  1: 1 op, 230548.00 ns, 230.5480 us/op
WorkloadJitting  1: 1 op, 60968507.00 ns, 60.9685 ms/op

WorkloadPilot    1: 2 op, 169836.00 ns, 84.9180 us/op
WorkloadPilot    2: 3 op, 63358.00 ns, 21.1193 us/op
WorkloadPilot    3: 4 op, 59080.00 ns, 14.7700 us/op
WorkloadPilot    4: 5 op, 79438.00 ns, 15.8876 us/op
WorkloadPilot    5: 6 op, 74538.00 ns, 12.4230 us/op
WorkloadPilot    6: 7 op, 69449.00 ns, 9.9213 us/op
WorkloadPilot    7: 8 op, 86280.00 ns, 10.7850 us/op
WorkloadPilot    8: 9 op, 102050.00 ns, 11.3389 us/op
WorkloadPilot    9: 10 op, 96499.00 ns, 9.6499 us/op
WorkloadPilot   10: 11 op, 88224.00 ns, 8.0204 us/op
WorkloadPilot   11: 12 op, 103692.00 ns, 8.6410 us/op
WorkloadPilot   12: 13 op, 113992.00 ns, 8.7686 us/op
WorkloadPilot   13: 14 op, 112118.00 ns, 8.0084 us/op
WorkloadPilot   14: 15 op, 121356.00 ns, 8.0904 us/op
WorkloadPilot   15: 16 op, 125273.00 ns, 7.8296 us/op
WorkloadPilot   16: 32 op, 215391.00 ns, 6.7310 us/op
WorkloadPilot   17: 64 op, 345371.00 ns, 5.3964 us/op
WorkloadPilot   18: 128 op, 772245.00 ns, 6.0332 us/op
WorkloadPilot   19: 256 op, 1346451.00 ns, 5.2596 us/op
WorkloadPilot   20: 512 op, 2787299.00 ns, 5.4439 us/op
WorkloadPilot   21: 1024 op, 5581560.00 ns, 5.4507 us/op
WorkloadPilot   22: 2048 op, 11190562.00 ns, 5.4641 us/op
WorkloadPilot   23: 4096 op, 21952486.00 ns, 5.3595 us/op
WorkloadPilot   24: 8192 op, 43898661.00 ns, 5.3587 us/op
WorkloadPilot   25: 16384 op, 77864338.00 ns, 4.7525 us/op
WorkloadPilot   26: 32768 op, 149940089.00 ns, 4.5758 us/op
WorkloadPilot   27: 65536 op, 299471902.00 ns, 4.5696 us/op
WorkloadPilot   28: 131072 op, 600034209.00 ns, 4.5779 us/op

WorkloadWarmup   1: 131072 op, 599206077.00 ns, 4.5716 us/op
WorkloadWarmup   2: 131072 op, 601760810.00 ns, 4.5911 us/op
WorkloadWarmup   3: 131072 op, 601556621.00 ns, 4.5895 us/op

// BeforeActualRun
WorkloadActual   1: 131072 op, 601571318.00 ns, 4.5896 us/op
WorkloadActual   2: 131072 op, 604075862.00 ns, 4.6087 us/op
WorkloadActual   3: 131072 op, 603654553.00 ns, 4.6055 us/op

// AfterActualRun
WorkloadResult   1: 131072 op, 601571318.00 ns, 4.5896 us/op
WorkloadResult   2: 131072 op, 604075862.00 ns, 4.6087 us/op
WorkloadResult   3: 131072 op, 603654553.00 ns, 4.6055 us/op
// GC:  13 0 0 229638144 131072
// Threading:  0 0 131072

// AfterAll
// Benchmark Process 3235 has exited with code 0.

Mean = 4.601 μs, StdErr = 0.006 μs (0.13%), N = 3, StdDev = 0.010 μs
Min = 4.590 μs, Q1 = 4.598 μs, Median = 4.606 μs, Q3 = 4.607 μs, Max = 4.609 μs
IQR = 0.010 μs, LowerFence = 4.583 μs, UpperFence = 4.621 μs
ConfidenceInterval = [4.415 μs; 4.788 μs] (CI 99.9%), Margin = 0.187 μs (4.06% of Mean)
Skewness = -0.34, Kurtosis = 0.67, MValue = 2

// ** Remained 2 (11.1 %) benchmark(s) to run. Estimated finish 2026-09-27 15:27 (0h 0m from now) **
// **************************
// Benchmark: SerializationBenchmarks.MaskObject_Medium: ShortRun(IterationCount=3, LaunchCount=1, WarmupCount=3)
// *** Execute ***
// Launch: 1 / 1
// Execute: dotnet Encina.Security.PII.Benchmarks-Job-YFEFPZ-1.dll --anonymousPipes 158 159 --benchmarkName Encina.Security.PII.Benchmarks.SerializationBenchmarks.MaskObject_Medium --job ShortRun --benchmarkId 16 in /home/runner/work/Encina/Encina/tests/Encina.BenchmarkTests/Encina.Security.PII.Benchmarks/bin/Release/net10.0/Encina.Security.PII.Benchmarks-Job-YFEFPZ-1/bin/Release/net10.0
// Failed to set up high priority (Permission denied). In order to run benchmarks with high priority, make sure you have the right permissions.
// BeforeAnythingElse

// Benchmark Process Environment Information:
// BenchmarkDotNet v0.15.8
// Runtime=.NET 10.0.12 (10.0.12, 10.0.1226.42308), X64 RyuJIT x86-64-v3
// GC=Concurrent Workstation
// HardwareIntrinsics=AVX2+BMI1+BMI2+F16C+FMA+LZCNT+MOVBE,AVX,SSE3+SSSE3+SSE4.1+SSE4.2+POPCNT,X86Base+SSE+SSE2,AES+PCLMUL VectorSize=256
// Job: ShortRun(IterationCount=3, LaunchCount=1, WarmupCount=3)

OverheadJitting  1: 1 op, 233153.00 ns, 233.1530 us/op
WorkloadJitting  1: 1 op, 69896297.00 ns, 69.8963 ms/op

WorkloadPilot    1: 2 op, 263740.00 ns, 131.8700 us/op
WorkloadPilot    2: 3 op, 81311.00 ns, 27.1037 us/op
WorkloadPilot    3: 4 op, 107450.00 ns, 26.8625 us/op
WorkloadPilot    4: 5 op, 109023.00 ns, 21.8046 us/op
WorkloadPilot    5: 6 op, 156742.00 ns, 26.1237 us/op
WorkloadPilot    6: 7 op, 144959.00 ns, 20.7084 us/op
WorkloadPilot    7: 8 op, 162081.00 ns, 20.2601 us/op
WorkloadPilot    8: 9 op, 168614.00 ns, 18.7349 us/op
WorkloadPilot    9: 10 op, 230658.00 ns, 23.0658 us/op
WorkloadPilot   10: 11 op, 211433.00 ns, 19.2212 us/op
WorkloadPilot   11: 12 op, 270783.00 ns, 22.5653 us/op
WorkloadPilot   12: 13 op, 280972.00 ns, 21.6132 us/op
WorkloadPilot   13: 14 op, 305277.00 ns, 21.8055 us/op
WorkloadPilot   14: 15 op, 322870.00 ns, 21.5247 us/op
WorkloadPilot   15: 16 op, 333329.00 ns, 20.8331 us/op
WorkloadPilot   16: 32 op, 642954.00 ns, 20.0923 us/op
WorkloadPilot   17: 64 op, 1074607.00 ns, 16.7907 us/op
WorkloadPilot   18: 128 op, 2179450.00 ns, 17.0270 us/op
WorkloadPilot   19: 256 op, 4464736.00 ns, 17.4404 us/op
WorkloadPilot   20: 512 op, 8837631.00 ns, 17.2610 us/op
WorkloadPilot   21: 1024 op, 17479990.00 ns, 17.0703 us/op
WorkloadPilot   22: 2048 op, 34864724.00 ns, 17.0238 us/op
WorkloadPilot   23: 4096 op, 59557586.00 ns, 14.5404 us/op
WorkloadPilot   24: 8192 op, 111690308.00 ns, 13.6341 us/op
WorkloadPilot   25: 16384 op, 227432895.00 ns, 13.8814 us/op
WorkloadPilot   26: 32768 op, 449724895.00 ns, 13.7245 us/op
WorkloadPilot   27: 65536 op, 901421654.00 ns, 13.7546 us/op

WorkloadWarmup   1: 65536 op, 893490537.00 ns, 13.6336 us/op
WorkloadWarmup   2: 65536 op, 893172132.00 ns, 13.6287 us/op
WorkloadWarmup   3: 65536 op, 894697422.00 ns, 13.6520 us/op

// BeforeActualRun
WorkloadActual   1: 65536 op, 892138508.00 ns, 13.6130 us/op
WorkloadActual   2: 65536 op, 895414604.00 ns, 13.6629 us/op
WorkloadActual   3: 65536 op, 894378512.00 ns, 13.6471 us/op

// AfterActualRun
WorkloadResult   1: 65536 op, 892138508.00 ns, 13.6130 us/op
WorkloadResult   2: 65536 op, 895414604.00 ns, 13.6629 us/op
WorkloadResult   3: 65536 op, 894378512.00 ns, 13.6471 us/op
// GC:  25 0 0 426246144 65536
// Threading:  0 0 65536

// AfterAll
// Benchmark Process 3245 has exited with code 0.

Mean = 13.641 μs, StdErr = 0.015 μs (0.11%), N = 3, StdDev = 0.026 μs
Min = 13.613 μs, Q1 = 13.630 μs, Median = 13.647 μs, Q3 = 13.655 μs, Max = 13.663 μs
IQR = 0.025 μs, LowerFence = 13.593 μs, UpperFence = 13.693 μs
ConfidenceInterval = [13.175 μs; 14.107 μs] (CI 99.9%), Margin = 0.466 μs (3.42% of Mean)
Skewness = -0.23, Kurtosis = 0.67, MValue = 2

// ** Remained 1 (5.6 %) benchmark(s) to run. Estimated finish 2026-09-27 15:27 (0h 0m from now) **
// **************************
// Benchmark: SerializationBenchmarks.MaskObject_Large: ShortRun(IterationCount=3, LaunchCount=1, WarmupCount=3)
// *** Execute ***
// Launch: 1 / 1
// Execute: dotnet Encina.Security.PII.Benchmarks-Job-YFEFPZ-1.dll --anonymousPipes 158 159 --benchmarkName Encina.Security.PII.Benchmarks.SerializationBenchmarks.MaskObject_Large --job ShortRun --benchmarkId 17 in /home/runner/work/Encina/Encina/tests/Encina.BenchmarkTests/Encina.Security.PII.Benchmarks/bin/Release/net10.0/Encina.Security.PII.Benchmarks-Job-YFEFPZ-1/bin/Release/net10.0
// Failed to set up high priority (Permission denied). In order to run benchmarks with high priority, make sure you have the right permissions.
// BeforeAnythingElse

// Benchmark Process Environment Information:
// BenchmarkDotNet v0.15.8
// Runtime=.NET 10.0.12 (10.0.12, 10.0.1226.42308), X64 RyuJIT x86-64-v3
// GC=Concurrent Workstation
// HardwareIntrinsics=AVX2+BMI1+BMI2+F16C+FMA+LZCNT+MOVBE,AVX,SSE3+SSSE3+SSE4.1+SSE4.2+POPCNT,X86Base+SSE+SSE2,AES+PCLMUL VectorSize=256
// Job: ShortRun(IterationCount=3, LaunchCount=1, WarmupCount=3)

OverheadJitting  1: 1 op, 229617.00 ns, 229.6170 us/op
WorkloadJitting  1: 1 op, 81914953.00 ns, 81.9150 ms/op

WorkloadPilot    1: 2 op, 263319.00 ns, 131.6595 us/op
WorkloadPilot    2: 3 op, 184222.00 ns, 61.4073 us/op
WorkloadPilot    3: 4 op, 190213.00 ns, 47.5533 us/op
WorkloadPilot    4: 5 op, 181368.00 ns, 36.2736 us/op
WorkloadPilot    5: 6 op, 199280.00 ns, 33.2133 us/op
WorkloadPilot    6: 7 op, 218486.00 ns, 31.2123 us/op
WorkloadPilot    7: 8 op, 229406.00 ns, 28.6758 us/op
WorkloadPilot    8: 9 op, 255555.00 ns, 28.3950 us/op
WorkloadPilot    9: 10 op, 324894.00 ns, 32.4894 us/op
WorkloadPilot   10: 11 op, 364958.00 ns, 33.1780 us/op
WorkloadPilot   11: 12 op, 328360.00 ns, 27.3633 us/op
WorkloadPilot   12: 13 op, 349910.00 ns, 26.9162 us/op
WorkloadPilot   13: 14 op, 398139.00 ns, 28.4385 us/op
WorkloadPilot   14: 15 op, 421483.00 ns, 28.0989 us/op
WorkloadPilot   15: 16 op, 423387.00 ns, 26.4617 us/op
WorkloadPilot   16: 32 op, 1122075.00 ns, 35.0648 us/op
WorkloadPilot   17: 64 op, 2298230.00 ns, 35.9098 us/op
WorkloadPilot   18: 128 op, 4358198.00 ns, 34.0484 us/op
WorkloadPilot   19: 256 op, 8749726.00 ns, 34.1786 us/op
WorkloadPilot   20: 512 op, 17239340.00 ns, 33.6706 us/op
WorkloadPilot   21: 1024 op, 32815138.00 ns, 32.0460 us/op
WorkloadPilot   22: 2048 op, 50028520.00 ns, 24.4280 us/op
WorkloadPilot   23: 4096 op, 99801846.00 ns, 24.3657 us/op
WorkloadPilot   24: 8192 op, 198424921.00 ns, 24.2218 us/op
WorkloadPilot   25: 16384 op, 398579726.00 ns, 24.3274 us/op
WorkloadPilot   26: 32768 op, 797601944.00 ns, 24.3409 us/op

WorkloadWarmup   1: 32768 op, 797334888.00 ns, 24.3327 us/op
WorkloadWarmup   2: 32768 op, 797022167.00 ns, 24.3232 us/op
WorkloadWarmup   3: 32768 op, 792808006.00 ns, 24.1946 us/op

// BeforeActualRun
WorkloadActual   1: 32768 op, 792247034.00 ns, 24.1775 us/op
WorkloadActual   2: 32768 op, 792020062.00 ns, 24.1705 us/op
WorkloadActual   3: 32768 op, 788050578.00 ns, 24.0494 us/op

// AfterActualRun
WorkloadResult   1: 32768 op, 792247034.00 ns, 24.1775 us/op
WorkloadResult   2: 32768 op, 792020062.00 ns, 24.1705 us/op
WorkloadResult   3: 32768 op, 788050578.00 ns, 24.0494 us/op
// GC:  35 0 0 600047616 32768
// Threading:  0 0 32768

// AfterAll
// Benchmark Process 3251 has exited with code 0.

Mean = 24.132 μs, StdErr = 0.042 μs (0.17%), N = 3, StdDev = 0.072 μs
Min = 24.049 μs, Q1 = 24.110 μs, Median = 24.171 μs, Q3 = 24.174 μs, Max = 24.177 μs
IQR = 0.064 μs, LowerFence = 24.014 μs, UpperFence = 24.270 μs
ConfidenceInterval = [22.819 μs; 25.446 μs] (CI 99.9%), Margin = 1.314 μs (5.44% of Mean)
Skewness = -0.38, Kurtosis = 0.67, MValue = 2

// ** Remained 0 (0.0 %) benchmark(s) to run. Estimated finish 2026-09-27 15:27 (0h 0m from now) **
// ***** BenchmarkRunner: Finish  *****

// * Export *
  artifacts/performance/SecurityPII/results/Encina.Security.PII.Benchmarks.SerializationBenchmarks-report.csv
  artifacts/performance/SecurityPII/results/Encina.Security.PII.Benchmarks.SerializationBenchmarks-report-github.md
  artifacts/performance/SecurityPII/results/Encina.Security.PII.Benchmarks.SerializationBenchmarks-report.html
  artifacts/performance/SecurityPII/results/Encina.Security.PII.Benchmarks.SerializationBenchmarks-report-full-compressed.json

// * Detailed results *
SerializationBenchmarks.Serialize_Small: Job-YFEFPZ(IterationCount=10, WarmupCount=3)
Runtime = .NET 10.0.12 (10.0.12, 10.0.1226.42308), X64 RyuJIT x86-64-v3; GC = Concurrent Workstation
Mean = 452.397 ns, StdErr = 0.245 ns (0.05%), N = 9, StdDev = 0.735 ns
Min = 451.558 ns, Q1 = 452.002 ns, Median = 452.072 ns, Q3 = 452.843 ns, Max = 453.603 ns
IQR = 0.841 ns, LowerFence = 450.741 ns, UpperFence = 454.104 ns
ConfidenceInterval = [451.162 ns; 453.632 ns] (CI 99.9%), Margin = 1.235 ns (0.27% of Mean)
Skewness = 0.51, Kurtosis = 1.56, MValue = 2
-------------------- Histogram --------------------
[451.094 ns ; 454.067 ns) | @@@@@@@@@
---------------------------------------------------

SerializationBenchmarks.Serialize_Medium: Job-YFEFPZ(IterationCount=10, WarmupCount=3)
Runtime = .NET 10.0.12 (10.0.12, 10.0.1226.42308), X64 RyuJIT x86-64-v3; GC = Concurrent Workstation
Mean = 1.021 μs, StdErr = 0.001 μs (0.06%), N = 9, StdDev = 0.002 μs
Min = 1.018 μs, Q1 = 1.021 μs, Median = 1.022 μs, Q3 = 1.023 μs, Max = 1.025 μs
IQR = 0.002 μs, LowerFence = 1.018 μs, UpperFence = 1.025 μs
ConfidenceInterval = [1.018 μs; 1.025 μs] (CI 99.9%), Margin = 0.003 μs (0.31% of Mean)
Skewness = -0.14, Kurtosis = 2.08, MValue = 2
-------------------- Histogram --------------------
[1.017 μs ; 1.026 μs) | @@@@@@@@@
---------------------------------------------------

SerializationBenchmarks.Serialize_Large: Job-YFEFPZ(IterationCount=10, WarmupCount=3)
Runtime = .NET 10.0.12 (10.0.12, 10.0.1226.42308), X64 RyuJIT x86-64-v3; GC = Concurrent Workstation
Mean = 2.230 μs, StdErr = 0.005 μs (0.23%), N = 10, StdDev = 0.016 μs
Min = 2.211 μs, Q1 = 2.220 μs, Median = 2.226 μs, Q3 = 2.239 μs, Max = 2.262 μs
IQR = 0.020 μs, LowerFence = 2.190 μs, UpperFence = 2.269 μs
ConfidenceInterval = [2.206 μs; 2.255 μs] (CI 99.9%), Margin = 0.025 μs (1.10% of Mean)
Skewness = 0.68, Kurtosis = 2.04, MValue = 2
-------------------- Histogram --------------------
[2.201 μs ; 2.272 μs) | @@@@@@@@@@
---------------------------------------------------

SerializationBenchmarks.SerializeRoundtrip_Small: Job-YFEFPZ(IterationCount=10, WarmupCount=3)
Runtime = .NET 10.0.12 (10.0.12, 10.0.1226.42308), X64 RyuJIT x86-64-v3; GC = Concurrent Workstation
Mean = 927.929 ns, StdErr = 1.279 ns (0.14%), N = 10, StdDev = 4.045 ns
Min = 922.927 ns, Q1 = 925.652 ns, Median = 925.967 ns, Q3 = 931.334 ns, Max = 934.569 ns
IQR = 5.682 ns, LowerFence = 917.128 ns, UpperFence = 939.858 ns
ConfidenceInterval = [921.813 ns; 934.045 ns] (CI 99.9%), Margin = 6.116 ns (0.66% of Mean)
Skewness = 0.55, Kurtosis = 1.52, MValue = 2
-------------------- Histogram --------------------
[920.463 ns ; 937.033 ns) | @@@@@@@@@@
---------------------------------------------------

SerializationBenchmarks.SerializeRoundtrip_Large: Job-YFEFPZ(IterationCount=10, WarmupCount=3)
Runtime = .NET 10.0.12 (10.0.12, 10.0.1226.42308), X64 RyuJIT x86-64-v3; GC = Concurrent Workstation
Mean = 4.927 μs, StdErr = 0.008 μs (0.17%), N = 10, StdDev = 0.026 μs
Min = 4.891 μs, Q1 = 4.915 μs, Median = 4.921 μs, Q3 = 4.942 μs, Max = 4.971 μs
IQR = 0.027 μs, LowerFence = 4.874 μs, UpperFence = 4.982 μs
ConfidenceInterval = [4.887 μs; 4.966 μs] (CI 99.9%), Margin = 0.039 μs (0.79% of Mean)
Skewness = 0.26, Kurtosis = 1.76, MValue = 2
-------------------- Histogram --------------------
[4.875 μs ; 4.987 μs) | @@@@@@@@@@
---------------------------------------------------

SerializationBenchmarks.ParseAndModify_Small: Job-YFEFPZ(IterationCount=10, WarmupCount=3)
Runtime = .NET 10.0.12 (10.0.12, 10.0.1226.42308), X64 RyuJIT x86-64-v3; GC = Concurrent Workstation
Mean = 1.784 μs, StdErr = 0.001 μs (0.07%), N = 10, StdDev = 0.004 μs
Min = 1.779 μs, Q1 = 1.782 μs, Median = 1.783 μs, Q3 = 1.786 μs, Max = 1.791 μs
IQR = 0.004 μs, LowerFence = 1.776 μs, UpperFence = 1.791 μs
ConfidenceInterval = [1.778 μs; 1.790 μs] (CI 99.9%), Margin = 0.006 μs (0.32% of Mean)
Skewness = 0.53, Kurtosis = 2.05, MValue = 2
-------------------- Histogram --------------------
[1.777 μs ; 1.794 μs) | @@@@@@@@@@
---------------------------------------------------

SerializationBenchmarks.MaskObject_Small: Job-YFEFPZ(IterationCount=10, WarmupCount=3)
Runtime = .NET 10.0.12 (10.0.12, 10.0.1226.42308), X64 RyuJIT x86-64-v3; GC = Concurrent Workstation
Mean = 4.515 μs, StdErr = 0.003 μs (0.06%), N = 10, StdDev = 0.008 μs
Min = 4.504 μs, Q1 = 4.510 μs, Median = 4.514 μs, Q3 = 4.521 μs, Max = 4.527 μs
IQR = 0.011 μs, LowerFence = 4.494 μs, UpperFence = 4.538 μs
ConfidenceInterval = [4.503 μs; 4.527 μs] (CI 99.9%), Margin = 0.012 μs (0.27% of Mean)
Skewness = 0.19, Kurtosis = 1.54, MValue = 2
-------------------- Histogram --------------------
[4.499 μs ; 4.532 μs) | @@@@@@@@@@
---------------------------------------------------

SerializationBenchmarks.MaskObject_Medium: Job-YFEFPZ(IterationCount=10, WarmupCount=3)
Runtime = .NET 10.0.12 (10.0.12, 10.0.1226.42308), X64 RyuJIT x86-64-v3; GC = Concurrent Workstation
Mean = 13.260 μs, StdErr = 0.008 μs (0.06%), N = 8, StdDev = 0.022 μs
Min = 13.214 μs, Q1 = 13.251 μs, Median = 13.268 μs, Q3 = 13.275 μs, Max = 13.277 μs
IQR = 0.024 μs, LowerFence = 13.214 μs, UpperFence = 13.311 μs
ConfidenceInterval = [13.218 μs; 13.301 μs] (CI 99.9%), Margin = 0.042 μs (0.31% of Mean)
Skewness = -1.04, Kurtosis = 2.68, MValue = 2
-------------------- Histogram --------------------
[13.199 μs ; 13.291 μs) | @@@@@@@@
---------------------------------------------------

SerializationBenchmarks.MaskObject_Large: Job-YFEFPZ(IterationCount=10, WarmupCount=3)
Runtime = .NET 10.0.12 (10.0.12, 10.0.1226.42308), X64 RyuJIT x86-64-v3; GC = Concurrent Workstation
Mean = 24.265 μs, StdErr = 0.016 μs (0.07%), N = 10, StdDev = 0.050 μs
Min = 24.215 μs, Q1 = 24.229 μs, Median = 24.245 μs, Q3 = 24.296 μs, Max = 24.357 μs
IQR = 0.067 μs, LowerFence = 24.128 μs, UpperFence = 24.397 μs
ConfidenceInterval = [24.189 μs; 24.341 μs] (CI 99.9%), Margin = 0.076 μs (0.31% of Mean)
Skewness = 0.66, Kurtosis = 1.72, MValue = 2
-------------------- Histogram --------------------
[24.185 μs ; 24.387 μs) | @@@@@@@@@@
---------------------------------------------------

SerializationBenchmarks.Serialize_Small: ShortRun(IterationCount=3, LaunchCount=1, WarmupCount=3)
Runtime = .NET 10.0.12 (10.0.12, 10.0.1226.42308), X64 RyuJIT x86-64-v3; GC = Concurrent Workstation
Mean = 454.430 ns, StdErr = 0.359 ns (0.08%), N = 3, StdDev = 0.621 ns
Min = 453.729 ns, Q1 = 454.189 ns, Median = 454.648 ns, Q3 = 454.780 ns, Max = 454.912 ns
IQR = 0.591 ns, LowerFence = 453.302 ns, UpperFence = 455.667 ns
ConfidenceInterval = [443.100 ns; 465.759 ns] (CI 99.9%), Margin = 11.329 ns (2.49% of Mean)
Skewness = -0.31, Kurtosis = 0.67, MValue = 2
-------------------- Histogram --------------------
[453.164 ns ; 455.477 ns) | @@@
---------------------------------------------------

SerializationBenchmarks.Serialize_Medium: ShortRun(IterationCount=3, LaunchCount=1, WarmupCount=3)
Runtime = .NET 10.0.12 (10.0.12, 10.0.1226.42308), X64 RyuJIT x86-64-v3; GC = Concurrent Workstation
Mean = 1.012 μs, StdErr = 0.002 μs (0.19%), N = 3, StdDev = 0.003 μs
Min = 1.009 μs, Q1 = 1.010 μs, Median = 1.011 μs, Q3 = 1.013 μs, Max = 1.015 μs
IQR = 0.003 μs, LowerFence = 1.005 μs, UpperFence = 1.018 μs
ConfidenceInterval = [0.952 μs; 1.072 μs] (CI 99.9%), Margin = 0.060 μs (5.94% of Mean)
Skewness = 0.14, Kurtosis = 0.67, MValue = 2
-------------------- Histogram --------------------
[1.006 μs ; 1.018 μs) | @@@
---------------------------------------------------

SerializationBenchmarks.Serialize_Large: ShortRun(IterationCount=3, LaunchCount=1, WarmupCount=3)
Runtime = .NET 10.0.12 (10.0.12, 10.0.1226.42308), X64 RyuJIT x86-64-v3; GC = Concurrent Workstation
Mean = 2.272 μs, StdErr = 0.009 μs (0.40%), N = 3, StdDev = 0.016 μs
Min = 2.254 μs, Q1 = 2.265 μs, Median = 2.277 μs, Q3 = 2.280 μs, Max = 2.284 μs
IQR = 0.015 μs, LowerFence = 2.242 μs, UpperFence = 2.303 μs
ConfidenceInterval = [1.982 μs; 2.561 μs] (CI 99.9%), Margin = 0.290 μs (12.75% of Mean)
Skewness = -0.29, Kurtosis = 0.67, MValue = 2
-------------------- Histogram --------------------
[2.239 μs ; 2.299 μs) | @@@
---------------------------------------------------

SerializationBenchmarks.SerializeRoundtrip_Small: ShortRun(IterationCount=3, LaunchCount=1, WarmupCount=3)
Runtime = .NET 10.0.12 (10.0.12, 10.0.1226.42308), X64 RyuJIT x86-64-v3; GC = Concurrent Workstation
Mean = 931.115 ns, StdErr = 1.177 ns (0.13%), N = 3, StdDev = 2.039 ns
Min = 929.758 ns, Q1 = 929.943 ns, Median = 930.128 ns, Q3 = 931.794 ns, Max = 933.461 ns
IQR = 1.852 ns, LowerFence = 927.165 ns, UpperFence = 934.572 ns
ConfidenceInterval = [893.908 ns; 968.323 ns] (CI 99.9%), Margin = 37.208 ns (4.00% of Mean)
Skewness = 0.37, Kurtosis = 0.67, MValue = 2
-------------------- Histogram --------------------
[929.753 ns ; 933.465 ns) | @@@
---------------------------------------------------

SerializationBenchmarks.SerializeRoundtrip_Large: ShortRun(IterationCount=3, LaunchCount=1, WarmupCount=3)
Runtime = .NET 10.0.12 (10.0.12, 10.0.1226.42308), X64 RyuJIT x86-64-v3; GC = Concurrent Workstation
Mean = 5.014 μs, StdErr = 0.014 μs (0.28%), N = 3, StdDev = 0.024 μs
Min = 4.996 μs, Q1 = 5.000 μs, Median = 5.005 μs, Q3 = 5.023 μs, Max = 5.041 μs
IQR = 0.023 μs, LowerFence = 4.966 μs, UpperFence = 5.057 μs
ConfidenceInterval = [4.578 μs; 5.450 μs] (CI 99.9%), Margin = 0.436 μs (8.69% of Mean)
Skewness = 0.32, Kurtosis = 0.67, MValue = 2
-------------------- Histogram --------------------
[4.974 μs ; 5.063 μs) | @@@
---------------------------------------------------

SerializationBenchmarks.ParseAndModify_Small: ShortRun(IterationCount=3, LaunchCount=1, WarmupCount=3)
Runtime = .NET 10.0.12 (10.0.12, 10.0.1226.42308), X64 RyuJIT x86-64-v3; GC = Concurrent Workstation
Mean = 1.764 μs, StdErr = 0.002 μs (0.10%), N = 3, StdDev = 0.003 μs
Min = 1.761 μs, Q1 = 1.763 μs, Median = 1.764 μs, Q3 = 1.765 μs, Max = 1.767 μs
IQR = 0.003 μs, LowerFence = 1.758 μs, UpperFence = 1.770 μs
ConfidenceInterval = [1.711 μs; 1.817 μs] (CI 99.9%), Margin = 0.053 μs (3.03% of Mean)
Skewness = 0.07, Kurtosis = 0.67, MValue = 2
-------------------- Histogram --------------------
[1.759 μs ; 1.770 μs) | @@@
---------------------------------------------------

SerializationBenchmarks.MaskObject_Small: ShortRun(IterationCount=3, LaunchCount=1, WarmupCount=3)
Runtime = .NET 10.0.12 (10.0.12, 10.0.1226.42308), X64 RyuJIT x86-64-v3; GC = Concurrent Workstation
Mean = 4.601 μs, StdErr = 0.006 μs (0.13%), N = 3, StdDev = 0.010 μs
Min = 4.590 μs, Q1 = 4.598 μs, Median = 4.606 μs, Q3 = 4.607 μs, Max = 4.609 μs
IQR = 0.010 μs, LowerFence = 4.583 μs, UpperFence = 4.621 μs
ConfidenceInterval = [4.415 μs; 4.788 μs] (CI 99.9%), Margin = 0.187 μs (4.06% of Mean)
Skewness = -0.34, Kurtosis = 0.67, MValue = 2
-------------------- Histogram --------------------
[4.580 μs ; 4.618 μs) | @@@
---------------------------------------------------

SerializationBenchmarks.MaskObject_Medium: ShortRun(IterationCount=3, LaunchCount=1, WarmupCount=3)
Runtime = .NET 10.0.12 (10.0.12, 10.0.1226.42308), X64 RyuJIT x86-64-v3; GC = Concurrent Workstation
Mean = 13.641 μs, StdErr = 0.015 μs (0.11%), N = 3, StdDev = 0.026 μs
Min = 13.613 μs, Q1 = 13.630 μs, Median = 13.647 μs, Q3 = 13.655 μs, Max = 13.663 μs
IQR = 0.025 μs, LowerFence = 13.593 μs, UpperFence = 13.693 μs
ConfidenceInterval = [13.175 μs; 14.107 μs] (CI 99.9%), Margin = 0.466 μs (3.42% of Mean)
Skewness = -0.23, Kurtosis = 0.67, MValue = 2
-------------------- Histogram --------------------
[13.590 μs ; 13.686 μs) | @@@
---------------------------------------------------

SerializationBenchmarks.MaskObject_Large: ShortRun(IterationCount=3, LaunchCount=1, WarmupCount=3)
Runtime = .NET 10.0.12 (10.0.12, 10.0.1226.42308), X64 RyuJIT x86-64-v3; GC = Concurrent Workstation
Mean = 24.132 μs, StdErr = 0.042 μs (0.17%), N = 3, StdDev = 0.072 μs
Min = 24.049 μs, Q1 = 24.110 μs, Median = 24.171 μs, Q3 = 24.174 μs, Max = 24.177 μs
IQR = 0.064 μs, LowerFence = 24.014 μs, UpperFence = 24.270 μs
ConfidenceInterval = [22.819 μs; 25.446 μs] (CI 99.9%), Margin = 1.314 μs (5.44% of Mean)
Skewness = -0.38, Kurtosis = 0.67, MValue = 2
-------------------- Histogram --------------------
[24.048 μs ; 24.179 μs) | @@@
---------------------------------------------------

// * Summary *

BenchmarkDotNet v0.15.8, Linux Ubuntu 24.04.5 LTS (Noble Numbat)
AMD EPYC 7763 2.45GHz, 1 CPU, 4 logical and 2 physical cores
.NET SDK 10.0.401
  [Host]     : .NET 10.0.12 (10.0.12, 10.0.1226.42308), X64 RyuJIT x86-64-v3
  Job-YFEFPZ : .NET 10.0.12 (10.0.12, 10.0.1226.42308), X64 RyuJIT x86-64-v3
  ShortRun   : .NET 10.0.12 (10.0.12, 10.0.1226.42308), X64 RyuJIT x86-64-v3

WarmupCount=3  

| Method                   | Job        | IterationCount | LaunchCount | Mean        | Error       | StdDev   | Ratio | RatioSD | Gen0   | Allocated | Alloc Ratio |
|------------------------- |----------- |--------------- |------------ |------------:|------------:|---------:|------:|--------:|-------:|----------:|------------:|
| Serialize_Small          | Job-YFEFPZ | 10             | Default     |    452.4 ns |     1.23 ns |  0.73 ns |  1.00 |    0.00 | 0.0067 |     112 B |        1.00 |
| Serialize_Medium         | Job-YFEFPZ | 10             | Default     |  1,021.5 ns |     3.12 ns |  1.85 ns |  2.26 |    0.01 | 0.0229 |     392 B |        3.50 |
| Serialize_Large          | Job-YFEFPZ | 10             | Default     |  2,230.1 ns |    24.57 ns | 16.25 ns |  4.93 |    0.04 | 0.2251 |    3784 B |       33.79 |
| SerializeRoundtrip_Small | Job-YFEFPZ | 10             | Default     |    927.9 ns |     6.12 ns |  4.05 ns |  2.05 |    0.01 | 0.0134 |     232 B |        2.07 |
| SerializeRoundtrip_Large | Job-YFEFPZ | 10             | Default     |  4,926.6 ns |    39.13 ns | 25.88 ns | 10.89 |    0.06 | 0.4578 |    7688 B |       68.64 |
| ParseAndModify_Small     | Job-YFEFPZ | 10             | Default     |  1,784.0 ns |     5.70 ns |  3.77 ns |  3.94 |    0.01 | 0.0496 |     840 B |        7.50 |
| MaskObject_Small         | Job-YFEFPZ | 10             | Default     |  4,515.0 ns |    11.97 ns |  7.92 ns |  9.98 |    0.02 | 0.0992 |    1752 B |       15.64 |
| MaskObject_Medium        | Job-YFEFPZ | 10             | Default     | 13,259.7 ns |    41.53 ns | 21.72 ns | 29.31 |    0.06 | 0.3815 |    6504 B |       58.07 |
| MaskObject_Large         | Job-YFEFPZ | 10             | Default     | 24,264.8 ns |    76.21 ns | 50.41 ns | 53.64 |    0.13 | 1.0681 |   18312 B |      163.50 |
|                          |            |                |             |             |             |          |       |         |        |           |             |
| Serialize_Small          | ShortRun   | 3              | 1           |    454.4 ns |    11.33 ns |  0.62 ns |  1.00 |    0.00 | 0.0067 |     112 B |        1.00 |
| Serialize_Medium         | ShortRun   | 3              | 1           |  1,011.7 ns |    60.05 ns |  3.29 ns |  2.23 |    0.01 | 0.0229 |     392 B |        3.50 |
| Serialize_Large          | ShortRun   | 3              | 1           |  2,271.5 ns |   289.64 ns | 15.88 ns |  5.00 |    0.03 | 0.2251 |    3784 B |       33.79 |
| SerializeRoundtrip_Small | ShortRun   | 3              | 1           |    931.1 ns |    37.21 ns |  2.04 ns |  2.05 |    0.00 | 0.0134 |     232 B |        2.07 |
| SerializeRoundtrip_Large | ShortRun   | 3              | 1           |  5,013.9 ns |   435.81 ns | 23.89 ns | 11.03 |    0.05 | 0.4578 |    7688 B |       68.64 |
| ParseAndModify_Small     | ShortRun   | 3              | 1           |  1,764.0 ns |    53.46 ns |  2.93 ns |  3.88 |    0.01 | 0.0496 |     840 B |        7.50 |
| MaskObject_Small         | ShortRun   | 3              | 1           |  4,601.3 ns |   186.66 ns | 10.23 ns | 10.13 |    0.02 | 0.0992 |    1752 B |       15.64 |
| MaskObject_Medium        | ShortRun   | 3              | 1           | 13,641.0 ns |   466.15 ns | 25.55 ns | 30.02 |    0.06 | 0.3815 |    6504 B |       58.07 |
| MaskObject_Large         | ShortRun   | 3              | 1           | 24,132.5 ns | 1,313.96 ns | 72.02 ns | 53.10 |    0.15 | 1.0681 |   18312 B |      163.50 |

// * Hints *
Outliers
  SerializationBenchmarks.Serialize_Small: IterationCount=10, WarmupCount=3   -> 1 outlier  was  removed (458.58 ns)
  SerializationBenchmarks.Serialize_Medium: IterationCount=10, WarmupCount=3  -> 1 outlier  was  removed (1.03 μs)
  SerializationBenchmarks.MaskObject_Medium: IterationCount=10, WarmupCount=3 -> 2 outliers were removed, 3 outliers were detected (13.21 μs, 13.32 μs, 13.32 μs)
// * Config Issues *

// * Warnings *
Configuration
  Summary -> The exporter CsvExporter is already present in configuration. There may be unexpected results.
  Summary -> The exporter HtmlExporter is already present in configuration. There may be unexpected results.
  Summary -> The exporter MarkdownExporter-github is already present in configuration. There may be unexpected results.

// * Legends *
  Mean        : Arithmetic mean of all measurements
  Error       : Half of 99.9% confidence interval
  StdDev      : Standard deviation of all measurements
  Ratio       : Mean of the ratio distribution ([Current]/[Baseline])
  RatioSD     : Standard deviation of the ratio distribution ([Current]/[Baseline])
  Gen0        : GC Generation 0 collects per 1000 operations
  Allocated   : Allocated memory per single operation (managed only, inclusive, 1KB = 1024B)
  Alloc Ratio : Allocated memory ratio distribution ([Current]/[Baseline])
  1 ns        : 1 Nanosecond (0.000000001 sec)

// * Diagnostic Output - MemoryDiagnoser *


// ***** BenchmarkRunner: End *****
Run time: 00:03:01 (181.25 sec), executed benchmarks: 18

Global total time: 00:03:57 (237.5 sec), executed benchmarks: 18
// * Artifacts cleanup *
Artifacts cleanup is finished
