// Validating benchmarks:
// ***** BenchmarkRunner: Start   *****
// ***** Found 18 benchmark(s) in total *****
// ***** Building 1 exe(s) in Parallel: Start   *****
// start dotnet  restore --nodeReuse:false /p:UseSharedCompilation=false /p:Deterministic=true /p:Optimize=true /p:ArtifactsPath="/home/runner/work/Encina/Encina/tests/Encina.BenchmarkTests/Encina.Security.PII.Benchmarks/bin/Release/net10.0/Encina.Security.PII.Benchmarks-Job-YFEFPZ-1/" /p:OutDir="/home/runner/work/Encina/Encina/tests/Encina.BenchmarkTests/Encina.Security.PII.Benchmarks/bin/Release/net10.0/Encina.Security.PII.Benchmarks-Job-YFEFPZ-1/bin/Release/net10.0/" /p:OutputPath="/home/runner/work/Encina/Encina/tests/Encina.BenchmarkTests/Encina.Security.PII.Benchmarks/bin/Release/net10.0/Encina.Security.PII.Benchmarks-Job-YFEFPZ-1/bin/Release/net10.0/" /p:PublishDir="/home/runner/work/Encina/Encina/tests/Encina.BenchmarkTests/Encina.Security.PII.Benchmarks/bin/Release/net10.0/Encina.Security.PII.Benchmarks-Job-YFEFPZ-1/publish/" in /home/runner/work/Encina/Encina/tests/Encina.BenchmarkTests/Encina.Security.PII.Benchmarks/bin/Release/net10.0/Encina.Security.PII.Benchmarks-Job-YFEFPZ-1
// command took 2.8 sec and exited with 0
// start dotnet  build -c Release --no-restore --nodeReuse:false /p:UseSharedCompilation=false /p:Deterministic=true /p:Optimize=true /p:ArtifactsPath="/home/runner/work/Encina/Encina/tests/Encina.BenchmarkTests/Encina.Security.PII.Benchmarks/bin/Release/net10.0/Encina.Security.PII.Benchmarks-Job-YFEFPZ-1/" /p:OutDir="/home/runner/work/Encina/Encina/tests/Encina.BenchmarkTests/Encina.Security.PII.Benchmarks/bin/Release/net10.0/Encina.Security.PII.Benchmarks-Job-YFEFPZ-1/bin/Release/net10.0/" /p:OutputPath="/home/runner/work/Encina/Encina/tests/Encina.BenchmarkTests/Encina.Security.PII.Benchmarks/bin/Release/net10.0/Encina.Security.PII.Benchmarks-Job-YFEFPZ-1/bin/Release/net10.0/" /p:PublishDir="/home/runner/work/Encina/Encina/tests/Encina.BenchmarkTests/Encina.Security.PII.Benchmarks/bin/Release/net10.0/Encina.Security.PII.Benchmarks-Job-YFEFPZ-1/publish/" --output "/home/runner/work/Encina/Encina/tests/Encina.BenchmarkTests/Encina.Security.PII.Benchmarks/bin/Release/net10.0/Encina.Security.PII.Benchmarks-Job-YFEFPZ-1/bin/Release/net10.0/" in /home/runner/work/Encina/Encina/tests/Encina.BenchmarkTests/Encina.Security.PII.Benchmarks/bin/Release/net10.0/Encina.Security.PII.Benchmarks-Job-YFEFPZ-1
// command took 52.58 sec and exited with 0
// ***** Done, took 00:00:55 (55.99 sec)   *****
// Found 18 benchmarks:
//   SerializationBenchmarks.Serialize_Small: Job-YFEFPZ(IterationCount=10, WarmupCount=3)
//   SerializationBenchmarks.Serialize_Medium: Job-YFEFPZ(IterationCount=10, WarmupCount=3)
//   SerializationBenchmarks.Serialize_Large: Job-YFEFPZ(IterationCount=10, WarmupCount=3)
//   SerializationBenchmarks.SerializeRoundtrip_Small: Job-YFEFPZ(IterationCount=10, WarmupCount=3)
//   SerializationBenchmarks.SerializeRoundtrip_Large: Job-YFEFPZ(IterationCount=10, WarmupCount=3)
//   SerializationBenchmarks.ParseAndModify_Small: Job-YFEFPZ(IterationCount=10, WarmupCount=3)
//   SerializationBenchmarks.MaskObject_Small: Job-YFEFPZ(IterationCount=10, WarmupCount=3)
//   SerializationBenchmarks.MaskObject_Medium: Job-YFEFPZ(IterationCount=10, WarmupCount=3)
//   SerializationBenchmarks.MaskObject_Large: Job-YFEFPZ(IterationCount=10, WarmupCount=3)
//   SerializationBenchmarks.Serialize_Small: ShortRun(IterationCount=3, LaunchCount=1, WarmupCount=3)
//   SerializationBenchmarks.Serialize_Medium: ShortRun(IterationCount=3, LaunchCount=1, WarmupCount=3)
//   SerializationBenchmarks.Serialize_Large: ShortRun(IterationCount=3, LaunchCount=1, WarmupCount=3)
//   SerializationBenchmarks.SerializeRoundtrip_Small: ShortRun(IterationCount=3, LaunchCount=1, WarmupCount=3)
//   SerializationBenchmarks.SerializeRoundtrip_Large: ShortRun(IterationCount=3, LaunchCount=1, WarmupCount=3)
//   SerializationBenchmarks.ParseAndModify_Small: ShortRun(IterationCount=3, LaunchCount=1, WarmupCount=3)
//   SerializationBenchmarks.MaskObject_Small: ShortRun(IterationCount=3, LaunchCount=1, WarmupCount=3)
//   SerializationBenchmarks.MaskObject_Medium: ShortRun(IterationCount=3, LaunchCount=1, WarmupCount=3)
//   SerializationBenchmarks.MaskObject_Large: ShortRun(IterationCount=3, LaunchCount=1, WarmupCount=3)

// **************************
// Benchmark: SerializationBenchmarks.Serialize_Small: Job-YFEFPZ(IterationCount=10, WarmupCount=3)
// *** Execute ***
// Launch: 1 / 1
// Execute: dotnet Encina.Security.PII.Benchmarks-Job-YFEFPZ-1.dll --anonymousPipes 158 159 --benchmarkName Encina.Security.PII.Benchmarks.SerializationBenchmarks.Serialize_Small --job "IterationCount=10, WarmupCount=3" --benchmarkId 0 in /home/runner/work/Encina/Encina/tests/Encina.BenchmarkTests/Encina.Security.PII.Benchmarks/bin/Release/net10.0/Encina.Security.PII.Benchmarks-Job-YFEFPZ-1/bin/Release/net10.0
// Failed to set up high priority (Permission denied). In order to run benchmarks with high priority, make sure you have the right permissions.
// BeforeAnythingElse

// Benchmark Process Environment Information:
// BenchmarkDotNet v0.15.8
// Runtime=.NET 10.0.12 (10.0.12, 10.0.1226.42308), X64 RyuJIT x86-64-v3
// GC=Concurrent Workstation
// HardwareIntrinsics=AVX2+BMI1+BMI2+F16C+FMA+LZCNT+MOVBE,AVX,SSE3+SSSE3+SSE4.1+SSE4.2+POPCNT,X86Base+SSE+SSE2,AES+PCLMUL VectorSize=256
// Job: Job-YFEFPZ(IterationCount=10, WarmupCount=3)

OverheadJitting  1: 1 op, 220311.00 ns, 220.3110 us/op
WorkloadJitting  1: 1 op, 25997157.00 ns, 25.9972 ms/op

OverheadJitting  2: 16 op, 441342.00 ns, 27.5839 us/op
WorkloadJitting  2: 16 op, 507546.00 ns, 31.7216 us/op

WorkloadPilot    1: 16 op, 32090.00 ns, 2.0056 us/op
WorkloadPilot    2: 32 op, 43260.00 ns, 1.3519 us/op
WorkloadPilot    3: 64 op, 52447.00 ns, 819.4844 ns/op
WorkloadPilot    4: 128 op, 103503.00 ns, 808.6172 ns/op
WorkloadPilot    5: 256 op, 146643.00 ns, 572.8242 ns/op
WorkloadPilot    6: 512 op, 294198.00 ns, 574.6055 ns/op
WorkloadPilot    7: 1024 op, 569161.00 ns, 555.8213 ns/op
WorkloadPilot    8: 2048 op, 1061809.00 ns, 518.4614 ns/op
WorkloadPilot    9: 4096 op, 1985390.00 ns, 484.7144 ns/op
WorkloadPilot   10: 8192 op, 4058441.00 ns, 495.4152 ns/op
WorkloadPilot   11: 16384 op, 7901953.00 ns, 482.2969 ns/op
WorkloadPilot   12: 32768 op, 16320419.00 ns, 498.0597 ns/op
WorkloadPilot   13: 65536 op, 32374110.00 ns, 493.9897 ns/op
WorkloadPilot   14: 131072 op, 64514813.00 ns, 492.2090 ns/op
WorkloadPilot   15: 262144 op, 118204068.00 ns, 450.9127 ns/op
WorkloadPilot   16: 524288 op, 232790615.00 ns, 444.0129 ns/op
WorkloadPilot   17: 1048576 op, 467562277.00 ns, 445.9021 ns/op
WorkloadPilot   18: 2097152 op, 934204196.00 ns, 445.4633 ns/op

OverheadWarmup   1: 2097152 op, 6894944.00 ns, 3.2878 ns/op
OverheadWarmup   2: 2097152 op, 6899813.00 ns, 3.2901 ns/op
OverheadWarmup   3: 2097152 op, 6890747.00 ns, 3.2858 ns/op
OverheadWarmup   4: 2097152 op, 6892029.00 ns, 3.2864 ns/op
OverheadWarmup   5: 2097152 op, 6874095.00 ns, 3.2778 ns/op

OverheadActual   1: 2097152 op, 6913830.00 ns, 3.2968 ns/op
OverheadActual   2: 2097152 op, 6905354.00 ns, 3.2927 ns/op
OverheadActual   3: 2097152 op, 6906015.00 ns, 3.2930 ns/op
OverheadActual   4: 2097152 op, 6901216.00 ns, 3.2908 ns/op
OverheadActual   5: 2097152 op, 6903029.00 ns, 3.2916 ns/op
OverheadActual   6: 2097152 op, 6885927.00 ns, 3.2835 ns/op
OverheadActual   7: 2097152 op, 12268310.00 ns, 5.8500 ns/op
OverheadActual   8: 2097152 op, 6874977.00 ns, 3.2782 ns/op
OverheadActual   9: 2097152 op, 6879365.00 ns, 3.2803 ns/op
OverheadActual  10: 2097152 op, 6878093.00 ns, 3.2797 ns/op
OverheadActual  11: 2097152 op, 6894955.00 ns, 3.2878 ns/op
OverheadActual  12: 2097152 op, 6873023.00 ns, 3.2773 ns/op
OverheadActual  13: 2097152 op, 6876780.00 ns, 3.2791 ns/op
OverheadActual  14: 2097152 op, 6863316.00 ns, 3.2727 ns/op
OverheadActual  15: 2097152 op, 7055183.00 ns, 3.3642 ns/op

WorkloadWarmup   1: 2097152 op, 940501009.00 ns, 448.4658 ns/op
WorkloadWarmup   2: 2097152 op, 940842386.00 ns, 448.6286 ns/op
WorkloadWarmup   3: 2097152 op, 933158760.00 ns, 444.9648 ns/op

// BeforeActualRun
WorkloadActual   1: 2097152 op, 933607317.00 ns, 445.1787 ns/op
WorkloadActual   2: 2097152 op, 930664300.00 ns, 443.7753 ns/op
WorkloadActual   3: 2097152 op, 931389395.00 ns, 444.1211 ns/op
WorkloadActual   4: 2097152 op, 930357621.00 ns, 443.6291 ns/op
WorkloadActual   5: 2097152 op, 934133891.00 ns, 445.4297 ns/op
WorkloadActual   6: 2097152 op, 931983432.00 ns, 444.4043 ns/op
WorkloadActual   7: 2097152 op, 932220484.00 ns, 444.5174 ns/op
WorkloadActual   8: 2097152 op, 932761461.00 ns, 444.7753 ns/op
WorkloadActual   9: 2097152 op, 934409796.00 ns, 445.5613 ns/op
WorkloadActual  10: 2097152 op, 933347163.00 ns, 445.0546 ns/op

// AfterActualRun
WorkloadResult   1: 2097152 op, 926712362.00 ns, 441.8909 ns/op
WorkloadResult   2: 2097152 op, 923769345.00 ns, 440.4875 ns/op
WorkloadResult   3: 2097152 op, 924494440.00 ns, 440.8333 ns/op
WorkloadResult   4: 2097152 op, 923462666.00 ns, 440.3413 ns/op
WorkloadResult   5: 2097152 op, 927238936.00 ns, 442.1420 ns/op
WorkloadResult   6: 2097152 op, 925088477.00 ns, 441.1166 ns/op
WorkloadResult   7: 2097152 op, 925325529.00 ns, 441.2296 ns/op
WorkloadResult   8: 2097152 op, 925866506.00 ns, 441.4876 ns/op
WorkloadResult   9: 2097152 op, 927514841.00 ns, 442.2735 ns/op
WorkloadResult  10: 2097152 op, 926452208.00 ns, 441.7668 ns/op
// GC:  14 0 0 234881024 2097152
// Threading:  0 0 2097152

// AfterAll
// Benchmark Process 3119 has exited with code 0.

Mean = 441.357 ns, StdErr = 0.212 ns (0.05%), N = 10, StdDev = 0.672 ns
Min = 440.341 ns, Q1 = 440.904 ns, Median = 441.359 ns, Q3 = 441.860 ns, Max = 442.274 ns
IQR = 0.956 ns, LowerFence = 439.470 ns, UpperFence = 443.294 ns
ConfidenceInterval = [440.341 ns; 442.373 ns] (CI 99.9%), Margin = 1.016 ns (0.23% of Mean)
Skewness = -0.13, Kurtosis = 1.43, MValue = 2

// ** Remained 17 (94.4 %) benchmark(s) to run. Estimated finish 2026-10-03 19:29 (0h 4m from now) **
// **************************
// Benchmark: SerializationBenchmarks.Serialize_Medium: Job-YFEFPZ(IterationCount=10, WarmupCount=3)
// *** Execute ***
// Launch: 1 / 1
// Execute: dotnet Encina.Security.PII.Benchmarks-Job-YFEFPZ-1.dll --anonymousPipes 158 159 --benchmarkName Encina.Security.PII.Benchmarks.SerializationBenchmarks.Serialize_Medium --job "IterationCount=10, WarmupCount=3" --benchmarkId 1 in /home/runner/work/Encina/Encina/tests/Encina.BenchmarkTests/Encina.Security.PII.Benchmarks/bin/Release/net10.0/Encina.Security.PII.Benchmarks-Job-YFEFPZ-1/bin/Release/net10.0
// Failed to set up high priority (Permission denied). In order to run benchmarks with high priority, make sure you have the right permissions.
// BeforeAnythingElse

// Benchmark Process Environment Information:
// BenchmarkDotNet v0.15.8
// Runtime=.NET 10.0.12 (10.0.12, 10.0.1226.42308), X64 RyuJIT x86-64-v3
// GC=Concurrent Workstation
// HardwareIntrinsics=AVX2+BMI1+BMI2+F16C+FMA+LZCNT+MOVBE,AVX,SSE3+SSSE3+SSE4.1+SSE4.2+POPCNT,X86Base+SSE+SSE2,AES+PCLMUL VectorSize=256
// Job: Job-YFEFPZ(IterationCount=10, WarmupCount=3)

OverheadJitting  1: 1 op, 220782.00 ns, 220.7820 us/op
WorkloadJitting  1: 1 op, 26551303.00 ns, 26.5513 ms/op

OverheadJitting  2: 16 op, 418311.00 ns, 26.1444 us/op
WorkloadJitting  2: 16 op, 832654.00 ns, 52.0409 us/op

WorkloadPilot    1: 16 op, 44263.00 ns, 2.7664 us/op
WorkloadPilot    2: 32 op, 57508.00 ns, 1.7971 us/op
WorkloadPilot    3: 64 op, 109374.00 ns, 1.7090 us/op
WorkloadPilot    4: 128 op, 181769.00 ns, 1.4201 us/op
WorkloadPilot    5: 256 op, 359571.00 ns, 1.4046 us/op
WorkloadPilot    6: 512 op, 693083.00 ns, 1.3537 us/op
WorkloadPilot    7: 1024 op, 1214916.00 ns, 1.1864 us/op
WorkloadPilot    8: 2048 op, 2509743.00 ns, 1.2255 us/op
WorkloadPilot    9: 4096 op, 4969933.00 ns, 1.2134 us/op
WorkloadPilot   10: 8192 op, 9970424.00 ns, 1.2171 us/op
WorkloadPilot   11: 16384 op, 18950480.00 ns, 1.1566 us/op
WorkloadPilot   12: 32768 op, 40204329.00 ns, 1.2269 us/op
WorkloadPilot   13: 65536 op, 72212275.00 ns, 1.1019 us/op
WorkloadPilot   14: 131072 op, 137889143.00 ns, 1.0520 us/op
WorkloadPilot   15: 262144 op, 274240738.00 ns, 1.0461 us/op
WorkloadPilot   16: 524288 op, 545268400.00 ns, 1.0400 us/op

OverheadWarmup   1: 524288 op, 1715801.00 ns, 3.2726 ns/op
OverheadWarmup   2: 524288 op, 1729978.00 ns, 3.2997 ns/op
OverheadWarmup   3: 524288 op, 1722153.00 ns, 3.2847 ns/op
OverheadWarmup   4: 524288 op, 1727874.00 ns, 3.2957 ns/op
OverheadWarmup   5: 524288 op, 1715682.00 ns, 3.2724 ns/op

OverheadActual   1: 524288 op, 1727684.00 ns, 3.2953 ns/op
OverheadActual   2: 524288 op, 1711543.00 ns, 3.2645 ns/op
OverheadActual   3: 524288 op, 1725229.00 ns, 3.2906 ns/op
OverheadActual   4: 524288 op, 1716823.00 ns, 3.2746 ns/op
OverheadActual   5: 524288 op, 1731701.00 ns, 3.3030 ns/op
OverheadActual   6: 524288 op, 1737723.00 ns, 3.3144 ns/op
OverheadActual   7: 524288 op, 1716483.00 ns, 3.2739 ns/op
OverheadActual   8: 524288 op, 1752640.00 ns, 3.3429 ns/op
OverheadActual   9: 524288 op, 1736260.00 ns, 3.3117 ns/op
OverheadActual  10: 524288 op, 1752530.00 ns, 3.3427 ns/op
OverheadActual  11: 524288 op, 1742472.00 ns, 3.3235 ns/op
OverheadActual  12: 524288 op, 1738314.00 ns, 3.3156 ns/op
OverheadActual  13: 524288 op, 1738354.00 ns, 3.3156 ns/op
OverheadActual  14: 524288 op, 1739546.00 ns, 3.3179 ns/op
OverheadActual  15: 524288 op, 1741049.00 ns, 3.3208 ns/op

WorkloadWarmup   1: 524288 op, 550147625.00 ns, 1.0493 us/op
WorkloadWarmup   2: 524288 op, 549141347.00 ns, 1.0474 us/op
WorkloadWarmup   3: 524288 op, 544276981.00 ns, 1.0381 us/op

// BeforeActualRun
WorkloadActual   1: 524288 op, 551062392.00 ns, 1.0511 us/op
WorkloadActual   2: 524288 op, 546086637.00 ns, 1.0416 us/op
WorkloadActual   3: 524288 op, 546847818.00 ns, 1.0430 us/op
WorkloadActual   4: 524288 op, 546795560.00 ns, 1.0429 us/op
WorkloadActual   5: 524288 op, 547117732.00 ns, 1.0435 us/op
WorkloadActual   6: 524288 op, 547466202.00 ns, 1.0442 us/op
WorkloadActual   7: 524288 op, 547011242.00 ns, 1.0433 us/op
WorkloadActual   8: 524288 op, 544997554.00 ns, 1.0395 us/op
WorkloadActual   9: 524288 op, 545410722.00 ns, 1.0403 us/op
WorkloadActual  10: 524288 op, 546573992.00 ns, 1.0425 us/op

// AfterActualRun
WorkloadResult   1: 524288 op, 544348914.00 ns, 1.0383 us/op
WorkloadResult   2: 524288 op, 545110095.00 ns, 1.0397 us/op
WorkloadResult   3: 524288 op, 545057837.00 ns, 1.0396 us/op
WorkloadResult   4: 524288 op, 545380009.00 ns, 1.0402 us/op
WorkloadResult   5: 524288 op, 545728479.00 ns, 1.0409 us/op
WorkloadResult   6: 524288 op, 545273519.00 ns, 1.0400 us/op
WorkloadResult   7: 524288 op, 543259831.00 ns, 1.0362 us/op
WorkloadResult   8: 524288 op, 543672999.00 ns, 1.0370 us/op
WorkloadResult   9: 524288 op, 544836269.00 ns, 1.0392 us/op
// GC:  12 0 0 205520896 524288
// Threading:  0 0 524288

// AfterAll
// Benchmark Process 3131 has exited with code 0.

Mean = 1.039 μs, StdErr = 0.001 μs (0.05%), N = 9, StdDev = 0.002 μs
Min = 1.036 μs, Q1 = 1.038 μs, Median = 1.040 μs, Q3 = 1.040 μs, Max = 1.041 μs
IQR = 0.002 μs, LowerFence = 1.036 μs, UpperFence = 1.043 μs
ConfidenceInterval = [1.036 μs; 1.042 μs] (CI 99.9%), Margin = 0.003 μs (0.25% of Mean)
Skewness = -0.61, Kurtosis = 1.79, MValue = 2

// ** Remained 16 (88.9 %) benchmark(s) to run. Estimated finish 2026-10-03 19:28 (0h 3m from now) **
// **************************
// Benchmark: SerializationBenchmarks.Serialize_Large: Job-YFEFPZ(IterationCount=10, WarmupCount=3)
// *** Execute ***
// Launch: 1 / 1
// Execute: dotnet Encina.Security.PII.Benchmarks-Job-YFEFPZ-1.dll --anonymousPipes 158 159 --benchmarkName Encina.Security.PII.Benchmarks.SerializationBenchmarks.Serialize_Large --job "IterationCount=10, WarmupCount=3" --benchmarkId 2 in /home/runner/work/Encina/Encina/tests/Encina.BenchmarkTests/Encina.Security.PII.Benchmarks/bin/Release/net10.0/Encina.Security.PII.Benchmarks-Job-YFEFPZ-1/bin/Release/net10.0
// Failed to set up high priority (Permission denied). In order to run benchmarks with high priority, make sure you have the right permissions.
// BeforeAnythingElse

// Benchmark Process Environment Information:
// BenchmarkDotNet v0.15.8
// Runtime=.NET 10.0.12 (10.0.12, 10.0.1226.42308), X64 RyuJIT x86-64-v3
// GC=Concurrent Workstation
// HardwareIntrinsics=AVX2+BMI1+BMI2+F16C+FMA+LZCNT+MOVBE,AVX,SSE3+SSSE3+SSE4.1+SSE4.2+POPCNT,X86Base+SSE+SSE2,AES+PCLMUL VectorSize=256
// Job: Job-YFEFPZ(IterationCount=10, WarmupCount=3)

OverheadJitting  1: 1 op, 254375.00 ns, 254.3750 us/op
WorkloadJitting  1: 1 op, 29263321.00 ns, 29.2633 ms/op

OverheadJitting  2: 16 op, 442606.00 ns, 27.6629 us/op
WorkloadJitting  2: 16 op, 561348.00 ns, 35.0843 us/op

WorkloadPilot    1: 16 op, 48049.00 ns, 3.0031 us/op
WorkloadPilot    2: 32 op, 171399.00 ns, 5.3562 us/op
WorkloadPilot    3: 64 op, 299017.00 ns, 4.6721 us/op
WorkloadPilot    4: 128 op, 520481.00 ns, 4.0663 us/op
WorkloadPilot    5: 256 op, 945744.00 ns, 3.6943 us/op
WorkloadPilot    6: 512 op, 2000753.00 ns, 3.9077 us/op
WorkloadPilot    7: 1024 op, 3772206.00 ns, 3.6838 us/op
WorkloadPilot    8: 2048 op, 7635724.00 ns, 3.7284 us/op
WorkloadPilot    9: 4096 op, 15074091.00 ns, 3.6802 us/op
WorkloadPilot   10: 8192 op, 19636191.00 ns, 2.3970 us/op
WorkloadPilot   11: 16384 op, 36461789.00 ns, 2.2255 us/op
WorkloadPilot   12: 32768 op, 71913214.00 ns, 2.1946 us/op
WorkloadPilot   13: 65536 op, 142930045.00 ns, 2.1809 us/op
WorkloadPilot   14: 131072 op, 285545904.00 ns, 2.1785 us/op
WorkloadPilot   15: 262144 op, 573013554.00 ns, 2.1859 us/op

OverheadWarmup   1: 262144 op, 895330.00 ns, 3.4154 ns/op
OverheadWarmup   2: 262144 op, 891744.00 ns, 3.4017 ns/op
OverheadWarmup   3: 262144 op, 879441.00 ns, 3.3548 ns/op
OverheadWarmup   4: 262144 op, 893817.00 ns, 3.4096 ns/op
OverheadWarmup   5: 262144 op, 889720.00 ns, 3.3940 ns/op
OverheadWarmup   6: 262144 op, 880542.00 ns, 3.3590 ns/op
OverheadWarmup   7: 262144 op, 877858.00 ns, 3.3488 ns/op
OverheadWarmup   8: 262144 op, 876225.00 ns, 3.3425 ns/op
OverheadWarmup   9: 262144 op, 880552.00 ns, 3.3590 ns/op
OverheadWarmup  10: 262144 op, 877486.00 ns, 3.3473 ns/op

OverheadActual   1: 262144 op, 874260.00 ns, 3.3350 ns/op
OverheadActual   2: 262144 op, 878218.00 ns, 3.3501 ns/op
OverheadActual   3: 262144 op, 859163.00 ns, 3.2774 ns/op
OverheadActual   4: 262144 op, 877928.00 ns, 3.3490 ns/op
OverheadActual   5: 262144 op, 877056.00 ns, 3.3457 ns/op
OverheadActual   6: 262144 op, 877086.00 ns, 3.3458 ns/op
OverheadActual   7: 262144 op, 876765.00 ns, 3.3446 ns/op
OverheadActual   8: 262144 op, 859143.00 ns, 3.2774 ns/op
OverheadActual   9: 262144 op, 879702.00 ns, 3.3558 ns/op
OverheadActual  10: 262144 op, 878469.00 ns, 3.3511 ns/op
OverheadActual  11: 262144 op, 878439.00 ns, 3.3510 ns/op
OverheadActual  12: 262144 op, 881875.00 ns, 3.3641 ns/op
OverheadActual  13: 262144 op, 878178.00 ns, 3.3500 ns/op
OverheadActual  14: 262144 op, 876625.00 ns, 3.3441 ns/op
OverheadActual  15: 262144 op, 895941.00 ns, 3.4177 ns/op

WorkloadWarmup   1: 262144 op, 581195999.00 ns, 2.2171 us/op
WorkloadWarmup   2: 262144 op, 577677846.00 ns, 2.2037 us/op
WorkloadWarmup   3: 262144 op, 573497707.00 ns, 2.1877 us/op

// BeforeActualRun
WorkloadActual   1: 262144 op, 574136169.00 ns, 2.1902 us/op
WorkloadActual   2: 262144 op, 578044270.00 ns, 2.2051 us/op
WorkloadActual   3: 262144 op, 577777411.00 ns, 2.2040 us/op
WorkloadActual   4: 262144 op, 575851569.00 ns, 2.1967 us/op
WorkloadActual   5: 262144 op, 574386196.00 ns, 2.1911 us/op
WorkloadActual   6: 262144 op, 578298255.00 ns, 2.2060 us/op
WorkloadActual   7: 262144 op, 577268615.00 ns, 2.2021 us/op
WorkloadActual   8: 262144 op, 581951120.00 ns, 2.2200 us/op
WorkloadActual   9: 262144 op, 576518154.00 ns, 2.1992 us/op
WorkloadActual  10: 262144 op, 574561925.00 ns, 2.1918 us/op

// AfterActualRun
WorkloadResult   1: 262144 op, 573258241.00 ns, 2.1868 us/op
WorkloadResult   2: 262144 op, 577166342.00 ns, 2.2017 us/op
WorkloadResult   3: 262144 op, 576899483.00 ns, 2.2007 us/op
WorkloadResult   4: 262144 op, 574973641.00 ns, 2.1934 us/op
WorkloadResult   5: 262144 op, 573508268.00 ns, 2.1878 us/op
WorkloadResult   6: 262144 op, 577420327.00 ns, 2.2027 us/op
WorkloadResult   7: 262144 op, 576390687.00 ns, 2.1988 us/op
WorkloadResult   8: 262144 op, 581073192.00 ns, 2.2166 us/op
WorkloadResult   9: 262144 op, 575640226.00 ns, 2.1959 us/op
WorkloadResult  10: 262144 op, 573683997.00 ns, 2.1884 us/op
// GC:  59 0 0 991952896 262144
// Threading:  0 0 262144

// AfterAll
// Benchmark Process 3139 has exited with code 0.

Mean = 2.197 μs, StdErr = 0.003 μs (0.13%), N = 10, StdDev = 0.009 μs
Min = 2.187 μs, Q1 = 2.190 μs, Median = 2.197 μs, Q3 = 2.201 μs, Max = 2.217 μs
IQR = 0.012 μs, LowerFence = 2.172 μs, UpperFence = 2.219 μs
ConfidenceInterval = [2.184 μs; 2.211 μs] (CI 99.9%), Margin = 0.014 μs (0.62% of Mean)
Skewness = 0.65, Kurtosis = 2.54, MValue = 2

// ** Remained 15 (83.3 %) benchmark(s) to run. Estimated finish 2026-10-03 19:28 (0h 2m from now) **
// **************************
// Benchmark: SerializationBenchmarks.SerializeRoundtrip_Small: Job-YFEFPZ(IterationCount=10, WarmupCount=3)
// *** Execute ***
// Launch: 1 / 1
// Execute: dotnet Encina.Security.PII.Benchmarks-Job-YFEFPZ-1.dll --anonymousPipes 158 159 --benchmarkName Encina.Security.PII.Benchmarks.SerializationBenchmarks.SerializeRoundtrip_Small --job "IterationCount=10, WarmupCount=3" --benchmarkId 3 in /home/runner/work/Encina/Encina/tests/Encina.BenchmarkTests/Encina.Security.PII.Benchmarks/bin/Release/net10.0/Encina.Security.PII.Benchmarks-Job-YFEFPZ-1/bin/Release/net10.0
// Failed to set up high priority (Permission denied). In order to run benchmarks with high priority, make sure you have the right permissions.
// BeforeAnythingElse

// Benchmark Process Environment Information:
// BenchmarkDotNet v0.15.8
// Runtime=.NET 10.0.12 (10.0.12, 10.0.1226.42308), X64 RyuJIT x86-64-v3
// GC=Concurrent Workstation
// HardwareIntrinsics=AVX2+BMI1+BMI2+F16C+FMA+LZCNT+MOVBE,AVX,SSE3+SSSE3+SSE4.1+SSE4.2+POPCNT,X86Base+SSE+SSE2,AES+PCLMUL VectorSize=256
// Job: Job-YFEFPZ(IterationCount=10, WarmupCount=3)

OverheadJitting  1: 1 op, 265415.00 ns, 265.4150 us/op
WorkloadJitting  1: 1 op, 32749717.00 ns, 32.7497 ms/op

OverheadJitting  2: 16 op, 523948.00 ns, 32.7468 us/op
WorkloadJitting  2: 16 op, 611180.00 ns, 38.1988 us/op

WorkloadPilot    1: 16 op, 29525.00 ns, 1.8453 us/op
WorkloadPilot    2: 32 op, 59901.00 ns, 1.8719 us/op
WorkloadPilot    3: 64 op, 94295.00 ns, 1.4734 us/op
WorkloadPilot    4: 128 op, 188622.00 ns, 1.4736 us/op
WorkloadPilot    5: 256 op, 320068.00 ns, 1.2503 us/op
WorkloadPilot    6: 512 op, 577708.00 ns, 1.1283 us/op
WorkloadPilot    7: 1024 op, 1156918.00 ns, 1.1298 us/op
WorkloadPilot    8: 2048 op, 2196878.00 ns, 1.0727 us/op
WorkloadPilot    9: 4096 op, 4352870.00 ns, 1.0627 us/op
WorkloadPilot   10: 8192 op, 8736499.00 ns, 1.0665 us/op
WorkloadPilot   11: 16384 op, 16790384.00 ns, 1.0248 us/op
WorkloadPilot   12: 32768 op, 34872257.00 ns, 1.0642 us/op
WorkloadPilot   13: 65536 op, 69738322.00 ns, 1.0641 us/op
WorkloadPilot   14: 131072 op, 126448419.00 ns, 964.7249 ns/op
WorkloadPilot   15: 262144 op, 249072252.00 ns, 950.1352 ns/op
WorkloadPilot   16: 524288 op, 497924142.00 ns, 949.7149 ns/op
WorkloadPilot   17: 1048576 op, 998864421.00 ns, 952.5913 ns/op

OverheadWarmup   1: 1048576 op, 3516280.00 ns, 3.3534 ns/op
OverheadWarmup   2: 1048576 op, 3517342.00 ns, 3.3544 ns/op
OverheadWarmup   3: 1048576 op, 3499308.00 ns, 3.3372 ns/op
OverheadWarmup   4: 1048576 op, 3511351.00 ns, 3.3487 ns/op
OverheadWarmup   5: 1048576 op, 3541306.00 ns, 3.3773 ns/op
OverheadWarmup   6: 1048576 op, 3522442.00 ns, 3.3593 ns/op

OverheadActual   1: 1048576 op, 3493988.00 ns, 3.3321 ns/op
OverheadActual   2: 1048576 op, 3498907.00 ns, 3.3368 ns/op
OverheadActual   3: 1048576 op, 3542829.00 ns, 3.3787 ns/op
OverheadActual   4: 1048576 op, 3497124.00 ns, 3.3351 ns/op
OverheadActual   5: 1048576 op, 3501151.00 ns, 3.3390 ns/op
OverheadActual   6: 1048576 op, 3510700.00 ns, 3.3481 ns/op
OverheadActual   7: 1048576 op, 3510850.00 ns, 3.3482 ns/op
OverheadActual   8: 1048576 op, 3508535.00 ns, 3.3460 ns/op
OverheadActual   9: 1048576 op, 3501322.00 ns, 3.3391 ns/op
OverheadActual  10: 1048576 op, 3476536.00 ns, 3.3155 ns/op
OverheadActual  11: 1048576 op, 3492355.00 ns, 3.3306 ns/op
OverheadActual  12: 1048576 op, 3496794.00 ns, 3.3348 ns/op
OverheadActual  13: 1048576 op, 3491894.00 ns, 3.3301 ns/op
OverheadActual  14: 1048576 op, 3500400.00 ns, 3.3382 ns/op
OverheadActual  15: 1048576 op, 3501713.00 ns, 3.3395 ns/op

WorkloadWarmup   1: 1048576 op, 1004086062.00 ns, 957.5711 ns/op
WorkloadWarmup   2: 1048576 op, 1001534973.00 ns, 955.1382 ns/op
WorkloadWarmup   3: 1048576 op, 998972167.00 ns, 952.6941 ns/op

// BeforeActualRun
WorkloadActual   1: 1048576 op, 996914047.00 ns, 950.7313 ns/op
WorkloadActual   2: 1048576 op, 1001674606.00 ns, 955.2713 ns/op
WorkloadActual   3: 1048576 op, 996997893.00 ns, 950.8113 ns/op
WorkloadActual   4: 1048576 op, 999273678.00 ns, 952.9816 ns/op
WorkloadActual   5: 1048576 op, 1011742020.00 ns, 964.8724 ns/op
WorkloadActual   6: 1048576 op, 999505771.00 ns, 953.2030 ns/op
WorkloadActual   7: 1048576 op, 1000663771.00 ns, 954.3073 ns/op
WorkloadActual   8: 1048576 op, 1000824550.00 ns, 954.4607 ns/op
WorkloadActual   9: 1048576 op, 999695760.00 ns, 953.3842 ns/op
WorkloadActual  10: 1048576 op, 1004088915.00 ns, 957.5738 ns/op

// AfterActualRun
WorkloadResult   1: 1048576 op, 993413647.00 ns, 947.3931 ns/op
WorkloadResult   2: 1048576 op, 998174206.00 ns, 951.9331 ns/op
WorkloadResult   3: 1048576 op, 993497493.00 ns, 947.4730 ns/op
WorkloadResult   4: 1048576 op, 995773278.00 ns, 949.6434 ns/op
WorkloadResult   5: 1048576 op, 996005371.00 ns, 949.8647 ns/op
WorkloadResult   6: 1048576 op, 997163371.00 ns, 950.9691 ns/op
WorkloadResult   7: 1048576 op, 997324150.00 ns, 951.1224 ns/op
WorkloadResult   8: 1048576 op, 996195360.00 ns, 950.0459 ns/op
WorkloadResult   9: 1048576 op, 1000588515.00 ns, 954.2356 ns/op
// GC:  14 0 0 243269632 1048576
// Threading:  0 0 1048576

// AfterAll
// Benchmark Process 3150 has exited with code 0.

Mean = 950.298 ns, StdErr = 0.711 ns (0.07%), N = 9, StdDev = 2.133 ns
Min = 947.393 ns, Q1 = 949.643 ns, Median = 950.046 ns, Q3 = 951.122 ns, Max = 954.236 ns
IQR = 1.479 ns, LowerFence = 947.425 ns, UpperFence = 953.341 ns
ConfidenceInterval = [946.713 ns; 953.883 ns] (CI 99.9%), Margin = 3.585 ns (0.38% of Mean)
Skewness = 0.22, Kurtosis = 2.06, MValue = 2

// ** Remained 14 (77.8 %) benchmark(s) to run. Estimated finish 2026-10-03 19:28 (0h 2m from now) **
// **************************
// Benchmark: SerializationBenchmarks.SerializeRoundtrip_Large: Job-YFEFPZ(IterationCount=10, WarmupCount=3)
// *** Execute ***
// Launch: 1 / 1
// Execute: dotnet Encina.Security.PII.Benchmarks-Job-YFEFPZ-1.dll --anonymousPipes 158 159 --benchmarkName Encina.Security.PII.Benchmarks.SerializationBenchmarks.SerializeRoundtrip_Large --job "IterationCount=10, WarmupCount=3" --benchmarkId 4 in /home/runner/work/Encina/Encina/tests/Encina.BenchmarkTests/Encina.Security.PII.Benchmarks/bin/Release/net10.0/Encina.Security.PII.Benchmarks-Job-YFEFPZ-1/bin/Release/net10.0
// Failed to set up high priority (Permission denied). In order to run benchmarks with high priority, make sure you have the right permissions.
// BeforeAnythingElse

// Benchmark Process Environment Information:
// BenchmarkDotNet v0.15.8
// Runtime=.NET 10.0.12 (10.0.12, 10.0.1226.42308), X64 RyuJIT x86-64-v3
// GC=Concurrent Workstation
// HardwareIntrinsics=AVX2+BMI1+BMI2+F16C+FMA+LZCNT+MOVBE,AVX,SSE3+SSSE3+SSE4.1+SSE4.2+POPCNT,X86Base+SSE+SSE2,AES+PCLMUL VectorSize=256
// Job: Job-YFEFPZ(IterationCount=10, WarmupCount=3)

OverheadJitting  1: 1 op, 230750.00 ns, 230.7500 us/op
WorkloadJitting  1: 1 op, 37661267.00 ns, 37.6613 ms/op

WorkloadPilot    1: 2 op, 144799.00 ns, 72.3995 us/op
WorkloadPilot    2: 3 op, 58640.00 ns, 19.5467 us/op
WorkloadPilot    3: 4 op, 59641.00 ns, 14.9103 us/op
WorkloadPilot    4: 5 op, 57497.00 ns, 11.4994 us/op
WorkloadPilot    5: 6 op, 106589.00 ns, 17.7648 us/op
WorkloadPilot    6: 7 op, 72315.00 ns, 10.3307 us/op
WorkloadPilot    7: 8 op, 90599.00 ns, 11.3249 us/op
WorkloadPilot    8: 9 op, 114964.00 ns, 12.7738 us/op
WorkloadPilot    9: 10 op, 119864.00 ns, 11.9864 us/op
WorkloadPilot   10: 11 op, 139820.00 ns, 12.7109 us/op
WorkloadPilot   11: 12 op, 157274.00 ns, 13.1062 us/op
WorkloadPilot   12: 13 op, 168455.00 ns, 12.9581 us/op
WorkloadPilot   13: 14 op, 183452.00 ns, 13.1037 us/op
WorkloadPilot   14: 15 op, 183072.00 ns, 12.2048 us/op
WorkloadPilot   15: 16 op, 180627.00 ns, 11.2892 us/op
WorkloadPilot   16: 32 op, 378837.00 ns, 11.8387 us/op
WorkloadPilot   17: 64 op, 476118.00 ns, 7.4393 us/op
WorkloadPilot   18: 128 op, 1090374.00 ns, 8.5185 us/op
WorkloadPilot   19: 256 op, 2254706.00 ns, 8.8074 us/op
WorkloadPilot   20: 512 op, 4367547.00 ns, 8.5304 us/op
WorkloadPilot   21: 1024 op, 8527068.00 ns, 8.3272 us/op
WorkloadPilot   22: 2048 op, 16671450.00 ns, 8.1404 us/op
WorkloadPilot   23: 4096 op, 22518589.00 ns, 5.4977 us/op
WorkloadPilot   24: 8192 op, 41498265.00 ns, 5.0657 us/op
WorkloadPilot   25: 16384 op, 80107170.00 ns, 4.8894 us/op
WorkloadPilot   26: 32768 op, 159387717.00 ns, 4.8641 us/op
WorkloadPilot   27: 65536 op, 318237862.00 ns, 4.8559 us/op
WorkloadPilot   28: 131072 op, 642094686.00 ns, 4.8988 us/op

WorkloadWarmup   1: 131072 op, 636659707.00 ns, 4.8573 us/op
WorkloadWarmup   2: 131072 op, 640736782.00 ns, 4.8884 us/op
WorkloadWarmup   3: 131072 op, 639977316.00 ns, 4.8826 us/op

// BeforeActualRun
WorkloadActual   1: 131072 op, 638802571.00 ns, 4.8737 us/op
WorkloadActual   2: 131072 op, 647993767.00 ns, 4.9438 us/op
WorkloadActual   3: 131072 op, 641560642.00 ns, 4.8947 us/op
WorkloadActual   4: 131072 op, 643029644.00 ns, 4.9059 us/op
WorkloadActual   5: 131072 op, 642060905.00 ns, 4.8985 us/op
WorkloadActual   6: 131072 op, 639987737.00 ns, 4.8827 us/op
WorkloadActual   7: 131072 op, 650832896.00 ns, 4.9655 us/op
WorkloadActual   8: 131072 op, 652934909.00 ns, 4.9815 us/op
WorkloadActual   9: 131072 op, 641514445.00 ns, 4.8944 us/op
WorkloadActual  10: 131072 op, 640920026.00 ns, 4.8898 us/op

// AfterActualRun
WorkloadResult   1: 131072 op, 638802571.00 ns, 4.8737 us/op
WorkloadResult   2: 131072 op, 647993767.00 ns, 4.9438 us/op
WorkloadResult   3: 131072 op, 641560642.00 ns, 4.8947 us/op
WorkloadResult   4: 131072 op, 643029644.00 ns, 4.9059 us/op
WorkloadResult   5: 131072 op, 642060905.00 ns, 4.8985 us/op
WorkloadResult   6: 131072 op, 639987737.00 ns, 4.8827 us/op
WorkloadResult   7: 131072 op, 650832896.00 ns, 4.9655 us/op
WorkloadResult   8: 131072 op, 652934909.00 ns, 4.9815 us/op
WorkloadResult   9: 131072 op, 641514445.00 ns, 4.8944 us/op
WorkloadResult  10: 131072 op, 640920026.00 ns, 4.8898 us/op
// GC:  60 0 0 1007681536 131072
// Threading:  0 0 131072

// AfterAll
// Benchmark Process 3162 has exited with code 0.

Mean = 4.913 μs, StdErr = 0.012 μs (0.24%), N = 10, StdDev = 0.037 μs
Min = 4.874 μs, Q1 = 4.891 μs, Median = 4.897 μs, Q3 = 4.934 μs, Max = 4.981 μs
IQR = 0.043 μs, LowerFence = 4.826 μs, UpperFence = 4.999 μs
ConfidenceInterval = [4.857 μs; 4.969 μs] (CI 99.9%), Margin = 0.056 μs (1.14% of Mean)
Skewness = 0.74, Kurtosis = 1.82, MValue = 2

// ** Remained 13 (72.2 %) benchmark(s) to run. Estimated finish 2026-10-03 19:28 (0h 2m from now) **
// **************************
// Benchmark: SerializationBenchmarks.ParseAndModify_Small: Job-YFEFPZ(IterationCount=10, WarmupCount=3)
// *** Execute ***
// Launch: 1 / 1
// Execute: dotnet Encina.Security.PII.Benchmarks-Job-YFEFPZ-1.dll --anonymousPipes 158 159 --benchmarkName Encina.Security.PII.Benchmarks.SerializationBenchmarks.ParseAndModify_Small --job "IterationCount=10, WarmupCount=3" --benchmarkId 5 in /home/runner/work/Encina/Encina/tests/Encina.BenchmarkTests/Encina.Security.PII.Benchmarks/bin/Release/net10.0/Encina.Security.PII.Benchmarks-Job-YFEFPZ-1/bin/Release/net10.0
// Failed to set up high priority (Permission denied). In order to run benchmarks with high priority, make sure you have the right permissions.
// BeforeAnythingElse

// Benchmark Process Environment Information:
// BenchmarkDotNet v0.15.8
// Runtime=.NET 10.0.12 (10.0.12, 10.0.1226.42308), X64 RyuJIT x86-64-v3
// GC=Concurrent Workstation
// HardwareIntrinsics=AVX2+BMI1+BMI2+F16C+FMA+LZCNT+MOVBE,AVX,SSE3+SSSE3+SSE4.1+SSE4.2+POPCNT,X86Base+SSE+SSE2,AES+PCLMUL VectorSize=256
// Job: Job-YFEFPZ(IterationCount=10, WarmupCount=3)

OverheadJitting  1: 1 op, 230130.00 ns, 230.1300 us/op
WorkloadJitting  1: 1 op, 29939796.00 ns, 29.9398 ms/op

OverheadJitting  2: 16 op, 476068.00 ns, 29.7543 us/op
WorkloadJitting  2: 16 op, 629856.00 ns, 39.3660 us/op

WorkloadPilot    1: 16 op, 58639.00 ns, 3.6649 us/op
WorkloadPilot    2: 32 op, 105737.00 ns, 3.3043 us/op
WorkloadPilot    3: 64 op, 179495.00 ns, 2.8046 us/op
WorkloadPilot    4: 128 op, 313565.00 ns, 2.4497 us/op
WorkloadPilot    5: 256 op, 616681.00 ns, 2.4089 us/op
WorkloadPilot    6: 512 op, 1068243.00 ns, 2.0864 us/op
WorkloadPilot    7: 1024 op, 2156194.00 ns, 2.1057 us/op
WorkloadPilot    8: 2048 op, 4370487.00 ns, 2.1340 us/op
WorkloadPilot    9: 4096 op, 8769166.00 ns, 2.1409 us/op
WorkloadPilot   10: 8192 op, 17460015.00 ns, 2.1313 us/op
WorkloadPilot   11: 16384 op, 32604258.00 ns, 1.9900 us/op
WorkloadPilot   12: 32768 op, 62974006.00 ns, 1.9218 us/op
WorkloadPilot   13: 65536 op, 116466578.00 ns, 1.7771 us/op
WorkloadPilot   14: 131072 op, 242523503.00 ns, 1.8503 us/op
WorkloadPilot   15: 262144 op, 473294753.00 ns, 1.8055 us/op
WorkloadPilot   16: 524288 op, 933212385.00 ns, 1.7800 us/op

OverheadWarmup   1: 524288 op, 1726052.00 ns, 3.2922 ns/op
OverheadWarmup   2: 524288 op, 1713889.00 ns, 3.2690 ns/op
OverheadWarmup   3: 524288 op, 1726562.00 ns, 3.2932 ns/op
OverheadWarmup   4: 524288 op, 1725119.00 ns, 3.2904 ns/op
OverheadWarmup   5: 524288 op, 1728616.00 ns, 3.2971 ns/op
OverheadWarmup   6: 524288 op, 1727224.00 ns, 3.2944 ns/op

OverheadActual   1: 524288 op, 1717886.00 ns, 3.2766 ns/op
OverheadActual   2: 524288 op, 1726903.00 ns, 3.2938 ns/op
OverheadActual   3: 524288 op, 1713858.00 ns, 3.2689 ns/op
OverheadActual   4: 524288 op, 1799939.00 ns, 3.4331 ns/op
OverheadActual   5: 524288 op, 1713848.00 ns, 3.2689 ns/op
OverheadActual   6: 524288 op, 1724829.00 ns, 3.2899 ns/op
OverheadActual   7: 524288 op, 1806601.00 ns, 3.4458 ns/op
OverheadActual   8: 524288 op, 1800971.00 ns, 3.4351 ns/op
OverheadActual   9: 524288 op, 1929360.00 ns, 3.6800 ns/op
OverheadActual  10: 524288 op, 1736190.00 ns, 3.3115 ns/op
OverheadActual  11: 524288 op, 1731551.00 ns, 3.3027 ns/op
OverheadActual  12: 524288 op, 1725099.00 ns, 3.2904 ns/op
OverheadActual  13: 524288 op, 1730960.00 ns, 3.3015 ns/op
OverheadActual  14: 524288 op, 1730319.00 ns, 3.3003 ns/op
OverheadActual  15: 524288 op, 1732924.00 ns, 3.3053 ns/op

WorkloadWarmup   1: 524288 op, 943860144.00 ns, 1.8003 us/op
WorkloadWarmup   2: 524288 op, 941788227.00 ns, 1.7963 us/op
WorkloadWarmup   3: 524288 op, 934134004.00 ns, 1.7817 us/op

// BeforeActualRun
WorkloadActual   1: 524288 op, 933211861.00 ns, 1.7800 us/op
WorkloadActual   2: 524288 op, 934200968.00 ns, 1.7818 us/op
WorkloadActual   3: 524288 op, 938232071.00 ns, 1.7895 us/op
WorkloadActual   4: 524288 op, 933545906.00 ns, 1.7806 us/op
WorkloadActual   5: 524288 op, 932611442.00 ns, 1.7788 us/op
WorkloadActual   6: 524288 op, 936720438.00 ns, 1.7867 us/op
WorkloadActual   7: 524288 op, 933408257.00 ns, 1.7803 us/op
WorkloadActual   8: 524288 op, 931795337.00 ns, 1.7773 us/op
WorkloadActual   9: 524288 op, 932267328.00 ns, 1.7782 us/op
WorkloadActual  10: 524288 op, 936686074.00 ns, 1.7866 us/op

// AfterActualRun
WorkloadResult   1: 524288 op, 931480901.00 ns, 1.7767 us/op
WorkloadResult   2: 524288 op, 932470008.00 ns, 1.7785 us/op
WorkloadResult   3: 524288 op, 936501111.00 ns, 1.7862 us/op
WorkloadResult   4: 524288 op, 931814946.00 ns, 1.7773 us/op
WorkloadResult   5: 524288 op, 930880482.00 ns, 1.7755 us/op
WorkloadResult   6: 524288 op, 934989478.00 ns, 1.7834 us/op
WorkloadResult   7: 524288 op, 931677297.00 ns, 1.7770 us/op
WorkloadResult   8: 524288 op, 930064377.00 ns, 1.7740 us/op
WorkloadResult   9: 524288 op, 930536368.00 ns, 1.7749 us/op
WorkloadResult  10: 524288 op, 934955114.00 ns, 1.7833 us/op
// GC:  26 0 0 440401920 524288
// Threading:  0 0 524288

// AfterAll
// Benchmark Process 3177 has exited with code 0.

Mean = 1.779 μs, StdErr = 0.001 μs (0.07%), N = 10, StdDev = 0.004 μs
Min = 1.774 μs, Q1 = 1.776 μs, Median = 1.777 μs, Q3 = 1.782 μs, Max = 1.786 μs
IQR = 0.006 μs, LowerFence = 1.766 μs, UpperFence = 1.792 μs
ConfidenceInterval = [1.772 μs; 1.785 μs] (CI 99.9%), Margin = 0.006 μs (0.35% of Mean)
Skewness = 0.59, Kurtosis = 1.68, MValue = 2

// ** Remained 12 (66.7 %) benchmark(s) to run. Estimated finish 2026-10-03 19:28 (0h 2m from now) **
// **************************
// Benchmark: SerializationBenchmarks.MaskObject_Small: Job-YFEFPZ(IterationCount=10, WarmupCount=3)
// *** Execute ***
// Launch: 1 / 1
// Execute: dotnet Encina.Security.PII.Benchmarks-Job-YFEFPZ-1.dll --anonymousPipes 158 159 --benchmarkName Encina.Security.PII.Benchmarks.SerializationBenchmarks.MaskObject_Small --job "IterationCount=10, WarmupCount=3" --benchmarkId 6 in /home/runner/work/Encina/Encina/tests/Encina.BenchmarkTests/Encina.Security.PII.Benchmarks/bin/Release/net10.0/Encina.Security.PII.Benchmarks-Job-YFEFPZ-1/bin/Release/net10.0
// Failed to set up high priority (Permission denied). In order to run benchmarks with high priority, make sure you have the right permissions.
// BeforeAnythingElse

// Benchmark Process Environment Information:
// BenchmarkDotNet v0.15.8
// Runtime=.NET 10.0.12 (10.0.12, 10.0.1226.42308), X64 RyuJIT x86-64-v3
// GC=Concurrent Workstation
// HardwareIntrinsics=AVX2+BMI1+BMI2+F16C+FMA+LZCNT+MOVBE,AVX,SSE3+SSSE3+SSE4.1+SSE4.2+POPCNT,X86Base+SSE+SSE2,AES+PCLMUL VectorSize=256
// Job: Job-YFEFPZ(IterationCount=10, WarmupCount=3)

OverheadJitting  1: 1 op, 245798.00 ns, 245.7980 us/op
WorkloadJitting  1: 1 op, 60594259.00 ns, 60.5943 ms/op

WorkloadPilot    1: 2 op, 163826.00 ns, 81.9130 us/op
WorkloadPilot    2: 3 op, 57687.00 ns, 19.2290 us/op
WorkloadPilot    3: 4 op, 44373.00 ns, 11.0933 us/op
WorkloadPilot    4: 5 op, 107671.00 ns, 21.5342 us/op
WorkloadPilot    5: 6 op, 79949.00 ns, 13.3248 us/op
WorkloadPilot    6: 7 op, 70933.00 ns, 10.1333 us/op
WorkloadPilot    7: 8 op, 87813.00 ns, 10.9766 us/op
WorkloadPilot    8: 9 op, 117860.00 ns, 13.0956 us/op
WorkloadPilot    9: 10 op, 95748.00 ns, 9.5748 us/op
WorkloadPilot   10: 11 op, 100227.00 ns, 9.1115 us/op
WorkloadPilot   11: 12 op, 112810.00 ns, 9.4008 us/op
WorkloadPilot   12: 13 op, 112971.00 ns, 8.6901 us/op
WorkloadPilot   13: 14 op, 117239.00 ns, 8.3742 us/op
WorkloadPilot   14: 15 op, 121627.00 ns, 8.1085 us/op
WorkloadPilot   15: 16 op, 131055.00 ns, 8.1909 us/op
WorkloadPilot   16: 32 op, 208890.00 ns, 6.5278 us/op
WorkloadPilot   17: 64 op, 337349.00 ns, 5.2711 us/op
WorkloadPilot   18: 128 op, 715466.00 ns, 5.5896 us/op
WorkloadPilot   19: 256 op, 1294095.00 ns, 5.0551 us/op
WorkloadPilot   20: 512 op, 2810054.00 ns, 5.4884 us/op
WorkloadPilot   21: 1024 op, 5367296.00 ns, 5.2415 us/op
WorkloadPilot   22: 2048 op, 10646308.00 ns, 5.1984 us/op
WorkloadPilot   23: 4096 op, 21534006.00 ns, 5.2573 us/op
WorkloadPilot   24: 8192 op, 42716316.00 ns, 5.2144 us/op
WorkloadPilot   25: 16384 op, 75260990.00 ns, 4.5936 us/op
WorkloadPilot   26: 32768 op, 144912261.00 ns, 4.4224 us/op
WorkloadPilot   27: 65536 op, 300305766.00 ns, 4.5823 us/op
WorkloadPilot   28: 131072 op, 577633180.00 ns, 4.4070 us/op

WorkloadWarmup   1: 131072 op, 578654525.00 ns, 4.4148 us/op
WorkloadWarmup   2: 131072 op, 580657008.00 ns, 4.4301 us/op
WorkloadWarmup   3: 131072 op, 580758357.00 ns, 4.4308 us/op

// BeforeActualRun
WorkloadActual   1: 131072 op, 578883739.00 ns, 4.4165 us/op
WorkloadActual   2: 131072 op, 579041444.00 ns, 4.4177 us/op
WorkloadActual   3: 131072 op, 579527040.00 ns, 4.4214 us/op
WorkloadActual   4: 131072 op, 579673343.00 ns, 4.4226 us/op
WorkloadActual   5: 131072 op, 580414647.00 ns, 4.4282 us/op
WorkloadActual   6: 131072 op, 577864879.00 ns, 4.4088 us/op
WorkloadActual   7: 131072 op, 578920178.00 ns, 4.4168 us/op
WorkloadActual   8: 131072 op, 579348627.00 ns, 4.4201 us/op
WorkloadActual   9: 131072 op, 580826314.00 ns, 4.4314 us/op
WorkloadActual  10: 131072 op, 578698334.00 ns, 4.4151 us/op

// AfterActualRun
WorkloadResult   1: 131072 op, 578883739.00 ns, 4.4165 us/op
WorkloadResult   2: 131072 op, 579041444.00 ns, 4.4177 us/op
WorkloadResult   3: 131072 op, 579527040.00 ns, 4.4214 us/op
WorkloadResult   4: 131072 op, 579673343.00 ns, 4.4226 us/op
WorkloadResult   5: 131072 op, 580414647.00 ns, 4.4282 us/op
WorkloadResult   6: 131072 op, 577864879.00 ns, 4.4088 us/op
WorkloadResult   7: 131072 op, 578920178.00 ns, 4.4168 us/op
WorkloadResult   8: 131072 op, 579348627.00 ns, 4.4201 us/op
WorkloadResult   9: 131072 op, 578698334.00 ns, 4.4151 us/op
// GC:  13 0 0 229638144 131072
// Threading:  0 0 131072

// AfterAll
// Benchmark Process 3207 has exited with code 0.

Mean = 4.419 μs, StdErr = 0.002 μs (0.04%), N = 9, StdDev = 0.005 μs
Min = 4.409 μs, Q1 = 4.417 μs, Median = 4.418 μs, Q3 = 4.421 μs, Max = 4.428 μs
IQR = 0.005 μs, LowerFence = 4.409 μs, UpperFence = 4.429 μs
ConfidenceInterval = [4.409 μs; 4.428 μs] (CI 99.9%), Margin = 0.009 μs (0.21% of Mean)
Skewness = -0.02, Kurtosis = 2.36, MValue = 2

// ** Remained 11 (61.1 %) benchmark(s) to run. Estimated finish 2026-10-03 19:28 (0h 2m from now) **
// **************************
// Benchmark: SerializationBenchmarks.MaskObject_Medium: Job-YFEFPZ(IterationCount=10, WarmupCount=3)
// *** Execute ***
// Launch: 1 / 1
// Execute: dotnet Encina.Security.PII.Benchmarks-Job-YFEFPZ-1.dll --anonymousPipes 158 159 --benchmarkName Encina.Security.PII.Benchmarks.SerializationBenchmarks.MaskObject_Medium --job "IterationCount=10, WarmupCount=3" --benchmarkId 7 in /home/runner/work/Encina/Encina/tests/Encina.BenchmarkTests/Encina.Security.PII.Benchmarks/bin/Release/net10.0/Encina.Security.PII.Benchmarks-Job-YFEFPZ-1/bin/Release/net10.0
// Failed to set up high priority (Permission denied). In order to run benchmarks with high priority, make sure you have the right permissions.
// BeforeAnythingElse

// Benchmark Process Environment Information:
// BenchmarkDotNet v0.15.8
// Runtime=.NET 10.0.12 (10.0.12, 10.0.1226.42308), X64 RyuJIT x86-64-v3
// GC=Concurrent Workstation
// HardwareIntrinsics=AVX2+BMI1+BMI2+F16C+FMA+LZCNT+MOVBE,AVX,SSE3+SSSE3+SSE4.1+SSE4.2+POPCNT,X86Base+SSE+SSE2,AES+PCLMUL VectorSize=256
// Job: Job-YFEFPZ(IterationCount=10, WarmupCount=3)

OverheadJitting  1: 1 op, 275975.00 ns, 275.9750 us/op
WorkloadJitting  1: 1 op, 69367844.00 ns, 69.3678 ms/op

WorkloadPilot    1: 2 op, 212907.00 ns, 106.4535 us/op
WorkloadPilot    2: 3 op, 113192.00 ns, 37.7307 us/op
WorkloadPilot    3: 4 op, 133149.00 ns, 33.2873 us/op
WorkloadPilot    4: 5 op, 121626.00 ns, 24.3252 us/op
WorkloadPilot    5: 6 op, 118061.00 ns, 19.6768 us/op
WorkloadPilot    6: 7 op, 129061.00 ns, 18.4373 us/op
WorkloadPilot    7: 8 op, 143357.00 ns, 17.9196 us/op
WorkloadPilot    8: 9 op, 183652.00 ns, 20.4058 us/op
WorkloadPilot    9: 10 op, 215923.00 ns, 21.5923 us/op
WorkloadPilot   10: 11 op, 188080.00 ns, 17.0982 us/op
WorkloadPilot   11: 12 op, 248985.00 ns, 20.7488 us/op
WorkloadPilot   12: 13 op, 264423.00 ns, 20.3402 us/op
WorkloadPilot   13: 14 op, 284852.00 ns, 20.3466 us/op
WorkloadPilot   14: 15 op, 353079.00 ns, 23.5386 us/op
WorkloadPilot   15: 16 op, 359120.00 ns, 22.4450 us/op
WorkloadPilot   16: 32 op, 642218.00 ns, 20.0693 us/op
WorkloadPilot   17: 64 op, 1060028.00 ns, 16.5629 us/op
WorkloadPilot   18: 128 op, 2145613.00 ns, 16.7626 us/op
WorkloadPilot   19: 256 op, 4426248.00 ns, 17.2900 us/op
WorkloadPilot   20: 512 op, 8691075.00 ns, 16.9748 us/op
WorkloadPilot   21: 1024 op, 17497297.00 ns, 17.0872 us/op
WorkloadPilot   22: 2048 op, 34479743.00 ns, 16.8358 us/op
WorkloadPilot   23: 4096 op, 58845734.00 ns, 14.3666 us/op
WorkloadPilot   24: 8192 op, 108890098.00 ns, 13.2922 us/op
WorkloadPilot   25: 16384 op, 222244775.00 ns, 13.5647 us/op
WorkloadPilot   26: 32768 op, 437788107.00 ns, 13.3602 us/op
WorkloadPilot   27: 65536 op, 874727532.00 ns, 13.3473 us/op

WorkloadWarmup   1: 65536 op, 875579682.00 ns, 13.3603 us/op
WorkloadWarmup   2: 65536 op, 873568870.00 ns, 13.3296 us/op
WorkloadWarmup   3: 65536 op, 878437493.00 ns, 13.4039 us/op

// BeforeActualRun
WorkloadActual   1: 65536 op, 876391804.00 ns, 13.3727 us/op
WorkloadActual   2: 65536 op, 872947370.00 ns, 13.3201 us/op
WorkloadActual   3: 65536 op, 872566270.00 ns, 13.3143 us/op
WorkloadActual   4: 65536 op, 873477660.00 ns, 13.3282 us/op
WorkloadActual   5: 65536 op, 876451629.00 ns, 13.3736 us/op
WorkloadActual   6: 65536 op, 875728402.00 ns, 13.3626 us/op
WorkloadActual   7: 65536 op, 874176546.00 ns, 13.3389 us/op
WorkloadActual   8: 65536 op, 872624411.00 ns, 13.3152 us/op
WorkloadActual   9: 65536 op, 875480129.00 ns, 13.3588 us/op
WorkloadActual  10: 65536 op, 874334552.00 ns, 13.3413 us/op

// AfterActualRun
WorkloadResult   1: 65536 op, 876391804.00 ns, 13.3727 us/op
WorkloadResult   2: 65536 op, 872947370.00 ns, 13.3201 us/op
WorkloadResult   3: 65536 op, 872566270.00 ns, 13.3143 us/op
WorkloadResult   4: 65536 op, 873477660.00 ns, 13.3282 us/op
WorkloadResult   5: 65536 op, 876451629.00 ns, 13.3736 us/op
WorkloadResult   6: 65536 op, 875728402.00 ns, 13.3626 us/op
WorkloadResult   7: 65536 op, 874176546.00 ns, 13.3389 us/op
WorkloadResult   8: 65536 op, 872624411.00 ns, 13.3152 us/op
WorkloadResult   9: 65536 op, 875480129.00 ns, 13.3588 us/op
WorkloadResult  10: 65536 op, 874334552.00 ns, 13.3413 us/op
// GC:  25 0 0 426246144 65536
// Threading:  0 0 65536

// AfterAll
// Benchmark Process 3214 has exited with code 0.

Mean = 13.343 μs, StdErr = 0.007 μs (0.05%), N = 10, StdDev = 0.023 μs
Min = 13.314 μs, Q1 = 13.322 μs, Median = 13.340 μs, Q3 = 13.362 μs, Max = 13.374 μs
IQR = 0.039 μs, LowerFence = 13.263 μs, UpperFence = 13.421 μs
ConfidenceInterval = [13.308 μs; 13.377 μs] (CI 99.9%), Margin = 0.035 μs (0.26% of Mean)
Skewness = 0.1, Kurtosis = 1.22, MValue = 2

// ** Remained 10 (55.6 %) benchmark(s) to run. Estimated finish 2026-10-03 19:28 (0h 2m from now) **
// **************************
// Benchmark: SerializationBenchmarks.MaskObject_Large: Job-YFEFPZ(IterationCount=10, WarmupCount=3)
// *** Execute ***
// Launch: 1 / 1
// Execute: dotnet Encina.Security.PII.Benchmarks-Job-YFEFPZ-1.dll --anonymousPipes 158 159 --benchmarkName Encina.Security.PII.Benchmarks.SerializationBenchmarks.MaskObject_Large --job "IterationCount=10, WarmupCount=3" --benchmarkId 8 in /home/runner/work/Encina/Encina/tests/Encina.BenchmarkTests/Encina.Security.PII.Benchmarks/bin/Release/net10.0/Encina.Security.PII.Benchmarks-Job-YFEFPZ-1/bin/Release/net10.0
// Failed to set up high priority (Permission denied). In order to run benchmarks with high priority, make sure you have the right permissions.
// BeforeAnythingElse

// Benchmark Process Environment Information:
// BenchmarkDotNet v0.15.8
// Runtime=.NET 10.0.12 (10.0.12, 10.0.1226.42308), X64 RyuJIT x86-64-v3
// GC=Concurrent Workstation
// HardwareIntrinsics=AVX2+BMI1+BMI2+F16C+FMA+LZCNT+MOVBE,AVX,SSE3+SSSE3+SSE4.1+SSE4.2+POPCNT,X86Base+SSE+SSE2,AES+PCLMUL VectorSize=256
// Job: Job-YFEFPZ(IterationCount=10, WarmupCount=3)

OverheadJitting  1: 1 op, 253744.00 ns, 253.7440 us/op
WorkloadJitting  1: 1 op, 80071050.00 ns, 80.0711 ms/op

WorkloadPilot    1: 2 op, 246249.00 ns, 123.1245 us/op
WorkloadPilot    2: 3 op, 153115.00 ns, 51.0383 us/op
WorkloadPilot    3: 4 op, 170749.00 ns, 42.6873 us/op
WorkloadPilot    4: 5 op, 178393.00 ns, 35.6786 us/op
WorkloadPilot    5: 6 op, 198691.00 ns, 33.1152 us/op
WorkloadPilot    6: 7 op, 215322.00 ns, 30.7603 us/op
WorkloadPilot    7: 8 op, 227865.00 ns, 28.4831 us/op
WorkloadPilot    8: 9 op, 252451.00 ns, 28.0501 us/op
WorkloadPilot    9: 10 op, 274903.00 ns, 27.4903 us/op
WorkloadPilot   10: 11 op, 347097.00 ns, 31.5543 us/op
WorkloadPilot   11: 12 op, 320668.00 ns, 26.7223 us/op
WorkloadPilot   12: 13 op, 342930.00 ns, 26.3792 us/op
WorkloadPilot   13: 14 op, 396571.00 ns, 28.3265 us/op
WorkloadPilot   14: 15 op, 422219.00 ns, 28.1479 us/op
WorkloadPilot   15: 16 op, 413973.00 ns, 25.8733 us/op
WorkloadPilot   16: 32 op, 1091817.00 ns, 34.1193 us/op
WorkloadPilot   17: 64 op, 2248796.00 ns, 35.1374 us/op
WorkloadPilot   18: 128 op, 4430847.00 ns, 34.6160 us/op
WorkloadPilot   19: 256 op, 8568598.00 ns, 33.4711 us/op
WorkloadPilot   20: 512 op, 17208669.00 ns, 33.6107 us/op
WorkloadPilot   21: 1024 op, 32851896.00 ns, 32.0819 us/op
WorkloadPilot   22: 2048 op, 49285960.00 ns, 24.0654 us/op
WorkloadPilot   23: 4096 op, 98094570.00 ns, 23.9489 us/op
WorkloadPilot   24: 8192 op, 195159957.00 ns, 23.8232 us/op
WorkloadPilot   25: 16384 op, 389143781.00 ns, 23.7515 us/op
WorkloadPilot   26: 32768 op, 777649237.00 ns, 23.7320 us/op

WorkloadWarmup   1: 32768 op, 782095581.00 ns, 23.8677 us/op
WorkloadWarmup   2: 32768 op, 781895257.00 ns, 23.8615 us/op
WorkloadWarmup   3: 32768 op, 780624506.00 ns, 23.8228 us/op

// BeforeActualRun
WorkloadActual   1: 32768 op, 779342083.00 ns, 23.7836 us/op
WorkloadActual   2: 32768 op, 784110230.00 ns, 23.9291 us/op
WorkloadActual   3: 32768 op, 780798581.00 ns, 23.8281 us/op
WorkloadActual   4: 32768 op, 780605009.00 ns, 23.8222 us/op
WorkloadActual   5: 32768 op, 785088636.00 ns, 23.9590 us/op
WorkloadActual   6: 32768 op, 781861174.00 ns, 23.8605 us/op
WorkloadActual   7: 32768 op, 783479243.00 ns, 23.9099 us/op
WorkloadActual   8: 32768 op, 782366622.00 ns, 23.8759 us/op
WorkloadActual   9: 32768 op, 781815122.00 ns, 23.8591 us/op
WorkloadActual  10: 32768 op, 780160254.00 ns, 23.8086 us/op

// AfterActualRun
WorkloadResult   1: 32768 op, 779342083.00 ns, 23.7836 us/op
WorkloadResult   2: 32768 op, 784110230.00 ns, 23.9291 us/op
WorkloadResult   3: 32768 op, 780798581.00 ns, 23.8281 us/op
WorkloadResult   4: 32768 op, 780605009.00 ns, 23.8222 us/op
WorkloadResult   5: 32768 op, 785088636.00 ns, 23.9590 us/op
WorkloadResult   6: 32768 op, 781861174.00 ns, 23.8605 us/op
WorkloadResult   7: 32768 op, 783479243.00 ns, 23.9099 us/op
WorkloadResult   8: 32768 op, 782366622.00 ns, 23.8759 us/op
WorkloadResult   9: 32768 op, 781815122.00 ns, 23.8591 us/op
WorkloadResult  10: 32768 op, 780160254.00 ns, 23.8086 us/op
// GC:  35 0 0 600047616 32768
// Threading:  0 0 32768

// AfterAll
// Benchmark Process 3225 has exited with code 0.

Mean = 23.864 μs, StdErr = 0.018 μs (0.07%), N = 10, StdDev = 0.056 μs
Min = 23.784 μs, Q1 = 23.824 μs, Median = 23.860 μs, Q3 = 23.901 μs, Max = 23.959 μs
IQR = 0.078 μs, LowerFence = 23.707 μs, UpperFence = 24.018 μs
ConfidenceInterval = [23.779 μs; 23.948 μs] (CI 99.9%), Margin = 0.085 μs (0.35% of Mean)
Skewness = 0.26, Kurtosis = 1.64, MValue = 2

// ** Remained 9 (50.0 %) benchmark(s) to run. Estimated finish 2026-10-03 19:28 (0h 1m from now) **
// **************************
// Benchmark: SerializationBenchmarks.Serialize_Small: ShortRun(IterationCount=3, LaunchCount=1, WarmupCount=3)
// *** Execute ***
// Launch: 1 / 1
// Execute: dotnet Encina.Security.PII.Benchmarks-Job-YFEFPZ-1.dll --anonymousPipes 158 159 --benchmarkName Encina.Security.PII.Benchmarks.SerializationBenchmarks.Serialize_Small --job ShortRun --benchmarkId 9 in /home/runner/work/Encina/Encina/tests/Encina.BenchmarkTests/Encina.Security.PII.Benchmarks/bin/Release/net10.0/Encina.Security.PII.Benchmarks-Job-YFEFPZ-1/bin/Release/net10.0
// Failed to set up high priority (Permission denied). In order to run benchmarks with high priority, make sure you have the right permissions.
// BeforeAnythingElse

// Benchmark Process Environment Information:
// BenchmarkDotNet v0.15.8
// Runtime=.NET 10.0.12 (10.0.12, 10.0.1226.42308), X64 RyuJIT x86-64-v3
// GC=Concurrent Workstation
// HardwareIntrinsics=AVX2+BMI1+BMI2+F16C+FMA+LZCNT+MOVBE,AVX,SSE3+SSSE3+SSE4.1+SSE4.2+POPCNT,X86Base+SSE+SSE2,AES+PCLMUL VectorSize=256
// Job: ShortRun(IterationCount=3, LaunchCount=1, WarmupCount=3)

OverheadJitting  1: 1 op, 222385.00 ns, 222.3850 us/op
WorkloadJitting  1: 1 op, 26215437.00 ns, 26.2154 ms/op

OverheadJitting  2: 16 op, 454739.00 ns, 28.4212 us/op
WorkloadJitting  2: 16 op, 536140.00 ns, 33.5088 us/op

WorkloadPilot    1: 16 op, 17743.00 ns, 1.1089 us/op
WorkloadPilot    2: 32 op, 24245.00 ns, 757.6563 ns/op
WorkloadPilot    3: 64 op, 81592.00 ns, 1.2749 us/op
WorkloadPilot    4: 128 op, 84047.00 ns, 656.6172 ns/op
WorkloadPilot    5: 256 op, 146934.00 ns, 573.9609 ns/op
WorkloadPilot    6: 512 op, 261077.00 ns, 509.9160 ns/op
WorkloadPilot    7: 1024 op, 518077.00 ns, 505.9346 ns/op
WorkloadPilot    8: 2048 op, 1032597.00 ns, 504.1978 ns/op
WorkloadPilot    9: 4096 op, 1972741.00 ns, 481.6262 ns/op
WorkloadPilot   10: 8192 op, 4033696.00 ns, 492.3945 ns/op
WorkloadPilot   11: 16384 op, 7945867.00 ns, 484.9772 ns/op
WorkloadPilot   12: 32768 op, 15988354.00 ns, 487.9258 ns/op
WorkloadPilot   13: 65536 op, 32050225.00 ns, 489.0476 ns/op
WorkloadPilot   14: 131072 op, 63459784.00 ns, 484.1597 ns/op
WorkloadPilot   15: 262144 op, 117182839.00 ns, 447.0171 ns/op
WorkloadPilot   16: 524288 op, 231448936.00 ns, 441.4538 ns/op
WorkloadPilot   17: 1048576 op, 462966721.00 ns, 441.5195 ns/op
WorkloadPilot   18: 2097152 op, 924210668.00 ns, 440.6980 ns/op

OverheadWarmup   1: 2097152 op, 6916075.00 ns, 3.2978 ns/op
OverheadWarmup   2: 2097152 op, 6893864.00 ns, 3.2873 ns/op
OverheadWarmup   3: 2097152 op, 6898813.00 ns, 3.2896 ns/op
OverheadWarmup   4: 2097152 op, 6911396.00 ns, 3.2956 ns/op
OverheadWarmup   5: 2097152 op, 6868095.00 ns, 3.2750 ns/op
OverheadWarmup   6: 2097152 op, 6857456.00 ns, 3.2699 ns/op
OverheadWarmup   7: 2097152 op, 6860902.00 ns, 3.2715 ns/op
OverheadWarmup   8: 2097152 op, 7000573.00 ns, 3.3381 ns/op
OverheadWarmup   9: 2097152 op, 6861403.00 ns, 3.2718 ns/op

OverheadActual   1: 2097152 op, 6900616.00 ns, 3.2905 ns/op
OverheadActual   2: 2097152 op, 6902901.00 ns, 3.2916 ns/op
OverheadActual   3: 2097152 op, 6899024.00 ns, 3.2897 ns/op
OverheadActual   4: 2097152 op, 6895867.00 ns, 3.2882 ns/op
OverheadActual   5: 2097152 op, 6905035.00 ns, 3.2926 ns/op
OverheadActual   6: 2097152 op, 6881491.00 ns, 3.2814 ns/op
OverheadActual   7: 2097152 op, 6875399.00 ns, 3.2784 ns/op
OverheadActual   8: 2097152 op, 6860562.00 ns, 3.2714 ns/op
OverheadActual   9: 2097152 op, 6879708.00 ns, 3.2805 ns/op
OverheadActual  10: 2097152 op, 6862736.00 ns, 3.2724 ns/op
OverheadActual  11: 2097152 op, 6927056.00 ns, 3.3031 ns/op
OverheadActual  12: 2097152 op, 6878455.00 ns, 3.2799 ns/op
OverheadActual  13: 2097152 op, 7232025.00 ns, 3.4485 ns/op
OverheadActual  14: 2097152 op, 6845253.00 ns, 3.2641 ns/op
OverheadActual  15: 2097152 op, 6858267.00 ns, 3.2703 ns/op

WorkloadWarmup   1: 2097152 op, 935317803.00 ns, 445.9943 ns/op
WorkloadWarmup   2: 2097152 op, 930375171.00 ns, 443.6375 ns/op
WorkloadWarmup   3: 2097152 op, 925369522.00 ns, 441.2506 ns/op

// BeforeActualRun
WorkloadActual   1: 2097152 op, 926719942.00 ns, 441.8945 ns/op
WorkloadActual   2: 2097152 op, 924821459.00 ns, 440.9892 ns/op
WorkloadActual   3: 2097152 op, 925863985.00 ns, 441.4864 ns/op

// AfterActualRun
WorkloadResult   1: 2097152 op, 919838451.00 ns, 438.6132 ns/op
WorkloadResult   2: 2097152 op, 917939968.00 ns, 437.7079 ns/op
WorkloadResult   3: 2097152 op, 918982494.00 ns, 438.2050 ns/op
// GC:  14 0 0 234881024 2097152
// Threading:  0 0 2097152

// AfterAll
// Benchmark Process 3233 has exited with code 0.

Mean = 438.175 ns, StdErr = 0.262 ns (0.06%), N = 3, StdDev = 0.453 ns
Min = 437.708 ns, Q1 = 437.956 ns, Median = 438.205 ns, Q3 = 438.409 ns, Max = 438.613 ns
IQR = 0.453 ns, LowerFence = 437.277 ns, UpperFence = 439.088 ns
ConfidenceInterval = [429.904 ns; 446.446 ns] (CI 99.9%), Margin = 8.271 ns (1.89% of Mean)
Skewness = -0.07, Kurtosis = 0.67, MValue = 2

// ** Remained 8 (44.4 %) benchmark(s) to run. Estimated finish 2026-10-03 19:28 (0h 1m from now) **
// **************************
// Benchmark: SerializationBenchmarks.Serialize_Medium: ShortRun(IterationCount=3, LaunchCount=1, WarmupCount=3)
// *** Execute ***
// Launch: 1 / 1
// Execute: dotnet Encina.Security.PII.Benchmarks-Job-YFEFPZ-1.dll --anonymousPipes 158 159 --benchmarkName Encina.Security.PII.Benchmarks.SerializationBenchmarks.Serialize_Medium --job ShortRun --benchmarkId 10 in /home/runner/work/Encina/Encina/tests/Encina.BenchmarkTests/Encina.Security.PII.Benchmarks/bin/Release/net10.0/Encina.Security.PII.Benchmarks-Job-YFEFPZ-1/bin/Release/net10.0
// Failed to set up high priority (Permission denied). In order to run benchmarks with high priority, make sure you have the right permissions.
// BeforeAnythingElse

// Benchmark Process Environment Information:
// BenchmarkDotNet v0.15.8
// Runtime=.NET 10.0.12 (10.0.12, 10.0.1226.42308), X64 RyuJIT x86-64-v3
// GC=Concurrent Workstation
// HardwareIntrinsics=AVX2+BMI1+BMI2+F16C+FMA+LZCNT+MOVBE,AVX,SSE3+SSSE3+SSE4.1+SSE4.2+POPCNT,X86Base+SSE+SSE2,AES+PCLMUL VectorSize=256
// Job: ShortRun(IterationCount=3, LaunchCount=1, WarmupCount=3)

OverheadJitting  1: 1 op, 219489.00 ns, 219.4890 us/op
WorkloadJitting  1: 1 op, 26347593.00 ns, 26.3476 ms/op

OverheadJitting  2: 16 op, 448968.00 ns, 28.0605 us/op
WorkloadJitting  2: 16 op, 553172.00 ns, 34.5733 us/op

WorkloadPilot    1: 16 op, 64150.00 ns, 4.0094 us/op
WorkloadPilot    2: 32 op, 76253.00 ns, 2.3829 us/op
WorkloadPilot    3: 64 op, 107421.00 ns, 1.6785 us/op
WorkloadPilot    4: 128 op, 183843.00 ns, 1.4363 us/op
WorkloadPilot    5: 256 op, 343921.00 ns, 1.3434 us/op
WorkloadPilot    6: 512 op, 703984.00 ns, 1.3750 us/op
WorkloadPilot    7: 1024 op, 1237699.00 ns, 1.2087 us/op
WorkloadPilot    8: 2048 op, 2526744.00 ns, 1.2338 us/op
WorkloadPilot    9: 4096 op, 5225120.00 ns, 1.2757 us/op
WorkloadPilot   10: 8192 op, 10044321.00 ns, 1.2261 us/op
WorkloadPilot   11: 16384 op, 20062855.00 ns, 1.2245 us/op
WorkloadPilot   12: 32768 op, 39817236.00 ns, 1.2151 us/op
WorkloadPilot   13: 65536 op, 72679014.00 ns, 1.1090 us/op
WorkloadPilot   14: 131072 op, 138207174.00 ns, 1.0544 us/op
WorkloadPilot   15: 262144 op, 277933013.00 ns, 1.0602 us/op
WorkloadPilot   16: 524288 op, 553994473.00 ns, 1.0567 us/op

OverheadWarmup   1: 524288 op, 1727243.00 ns, 3.2945 ns/op
OverheadWarmup   2: 524288 op, 1756908.00 ns, 3.3510 ns/op
OverheadWarmup   3: 524288 op, 1724128.00 ns, 3.2885 ns/op
OverheadWarmup   4: 524288 op, 1743664.00 ns, 3.3258 ns/op
OverheadWarmup   5: 524288 op, 1725069.00 ns, 3.2903 ns/op

OverheadActual   1: 524288 op, 1726691.00 ns, 3.2934 ns/op
OverheadActual   2: 524288 op, 1748453.00 ns, 3.3349 ns/op
OverheadActual   3: 524288 op, 1747370.00 ns, 3.3328 ns/op
OverheadActual   4: 524288 op, 1716433.00 ns, 3.2738 ns/op
OverheadActual   5: 524288 op, 1724498.00 ns, 3.2892 ns/op
OverheadActual   6: 524288 op, 1741639.00 ns, 3.3219 ns/op
OverheadActual   7: 524288 op, 1715681.00 ns, 3.2724 ns/op
OverheadActual   8: 524288 op, 1742231.00 ns, 3.3230 ns/op
OverheadActual   9: 524288 op, 1744465.00 ns, 3.3273 ns/op
OverheadActual  10: 524288 op, 1724698.00 ns, 3.2896 ns/op
OverheadActual  11: 524288 op, 1724628.00 ns, 3.2895 ns/op
OverheadActual  12: 524288 op, 1715872.00 ns, 3.2728 ns/op
OverheadActual  13: 524288 op, 1725419.00 ns, 3.2910 ns/op
OverheadActual  14: 524288 op, 1727744.00 ns, 3.2954 ns/op
OverheadActual  15: 524288 op, 1725450.00 ns, 3.2910 ns/op

WorkloadWarmup   1: 524288 op, 561004003.00 ns, 1.0700 us/op
WorkloadWarmup   2: 524288 op, 559733031.00 ns, 1.0676 us/op
WorkloadWarmup   3: 524288 op, 558671872.00 ns, 1.0656 us/op

// BeforeActualRun
WorkloadActual   1: 524288 op, 560076231.00 ns, 1.0683 us/op
WorkloadActual   2: 524288 op, 557745851.00 ns, 1.0638 us/op
WorkloadActual   3: 524288 op, 559376124.00 ns, 1.0669 us/op

// AfterActualRun
WorkloadResult   1: 524288 op, 558350781.00 ns, 1.0650 us/op
WorkloadResult   2: 524288 op, 556020401.00 ns, 1.0605 us/op
WorkloadResult   3: 524288 op, 557650674.00 ns, 1.0636 us/op
// GC:  12 0 0 205520896 524288
// Threading:  0 0 524288

// AfterAll
// Benchmark Process 3245 has exited with code 0.

Mean = 1.063 μs, StdErr = 0.001 μs (0.12%), N = 3, StdDev = 0.002 μs
Min = 1.061 μs, Q1 = 1.062 μs, Median = 1.064 μs, Q3 = 1.064 μs, Max = 1.065 μs
IQR = 0.002 μs, LowerFence = 1.059 μs, UpperFence = 1.068 μs
ConfidenceInterval = [1.021 μs; 1.105 μs] (CI 99.9%), Margin = 0.042 μs (3.91% of Mean)
Skewness = -0.24, Kurtosis = 0.67, MValue = 2

// ** Remained 7 (38.9 %) benchmark(s) to run. Estimated finish 2026-10-03 19:28 (0h 1m from now) **
// **************************
// Benchmark: SerializationBenchmarks.Serialize_Large: ShortRun(IterationCount=3, LaunchCount=1, WarmupCount=3)
// *** Execute ***
// Launch: 1 / 1
// Execute: dotnet Encina.Security.PII.Benchmarks-Job-YFEFPZ-1.dll --anonymousPipes 158 159 --benchmarkName Encina.Security.PII.Benchmarks.SerializationBenchmarks.Serialize_Large --job ShortRun --benchmarkId 11 in /home/runner/work/Encina/Encina/tests/Encina.BenchmarkTests/Encina.Security.PII.Benchmarks/bin/Release/net10.0/Encina.Security.PII.Benchmarks-Job-YFEFPZ-1/bin/Release/net10.0
// Failed to set up high priority (Permission denied). In order to run benchmarks with high priority, make sure you have the right permissions.
// BeforeAnythingElse

// Benchmark Process Environment Information:
// BenchmarkDotNet v0.15.8
// Runtime=.NET 10.0.12 (10.0.12, 10.0.1226.42308), X64 RyuJIT x86-64-v3
// GC=Concurrent Workstation
// HardwareIntrinsics=AVX2+BMI1+BMI2+F16C+FMA+LZCNT+MOVBE,AVX,SSE3+SSSE3+SSE4.1+SSE4.2+POPCNT,X86Base+SSE+SSE2,AES+PCLMUL VectorSize=256
// Job: ShortRun(IterationCount=3, LaunchCount=1, WarmupCount=3)

OverheadJitting  1: 1 op, 222254.00 ns, 222.2540 us/op
WorkloadJitting  1: 1 op, 29682707.00 ns, 29.6827 ms/op

OverheadJitting  2: 16 op, 419122.00 ns, 26.1951 us/op
WorkloadJitting  2: 16 op, 585502.00 ns, 36.5939 us/op

WorkloadPilot    1: 16 op, 50083.00 ns, 3.1302 us/op
WorkloadPilot    2: 32 op, 152776.00 ns, 4.7743 us/op
WorkloadPilot    3: 64 op, 283579.00 ns, 4.4309 us/op
WorkloadPilot    4: 128 op, 447455.00 ns, 3.4957 us/op
WorkloadPilot    5: 256 op, 1006248.00 ns, 3.9307 us/op
WorkloadPilot    6: 512 op, 1922968.00 ns, 3.7558 us/op
WorkloadPilot    7: 1024 op, 3952155.00 ns, 3.8595 us/op
WorkloadPilot    8: 2048 op, 8042557.00 ns, 3.9270 us/op
WorkloadPilot    9: 4096 op, 15556658.00 ns, 3.7980 us/op
WorkloadPilot   10: 8192 op, 20284359.00 ns, 2.4761 us/op
WorkloadPilot   11: 16384 op, 36709068.00 ns, 2.2405 us/op
WorkloadPilot   12: 32768 op, 72385068.00 ns, 2.2090 us/op
WorkloadPilot   13: 65536 op, 143902967.00 ns, 2.1958 us/op
WorkloadPilot   14: 131072 op, 286846515.00 ns, 2.1885 us/op
WorkloadPilot   15: 262144 op, 573536717.00 ns, 2.1879 us/op

OverheadWarmup   1: 262144 op, 896723.00 ns, 3.4207 ns/op
OverheadWarmup   2: 262144 op, 897525.00 ns, 3.4238 ns/op
OverheadWarmup   3: 262144 op, 859223.00 ns, 3.2777 ns/op
OverheadWarmup   4: 262144 op, 876515.00 ns, 3.3436 ns/op
OverheadWarmup   5: 262144 op, 897264.00 ns, 3.4228 ns/op
OverheadWarmup   6: 262144 op, 875875.00 ns, 3.3412 ns/op

OverheadActual   1: 262144 op, 898316.00 ns, 3.4268 ns/op
OverheadActual   2: 262144 op, 877327.00 ns, 3.3467 ns/op
OverheadActual   3: 262144 op, 898898.00 ns, 3.4290 ns/op
OverheadActual   4: 262144 op, 871276.00 ns, 3.3237 ns/op
OverheadActual   5: 262144 op, 878940.00 ns, 3.3529 ns/op
OverheadActual   6: 262144 op, 876355.00 ns, 3.3430 ns/op
OverheadActual   7: 262144 op, 893177.00 ns, 3.4072 ns/op
OverheadActual   8: 262144 op, 859124.00 ns, 3.2773 ns/op
OverheadActual   9: 262144 op, 876114.00 ns, 3.3421 ns/op
OverheadActual  10: 262144 op, 878490.00 ns, 3.3512 ns/op
OverheadActual  11: 262144 op, 875825.00 ns, 3.3410 ns/op
OverheadActual  12: 262144 op, 891794.00 ns, 3.4019 ns/op
OverheadActual  13: 262144 op, 884000.00 ns, 3.3722 ns/op
OverheadActual  14: 262144 op, 877447.00 ns, 3.3472 ns/op
OverheadActual  15: 262144 op, 859164.00 ns, 3.2775 ns/op

WorkloadWarmup   1: 262144 op, 579639344.00 ns, 2.2111 us/op
WorkloadWarmup   2: 262144 op, 578768750.00 ns, 2.2078 us/op
WorkloadWarmup   3: 262144 op, 574738019.00 ns, 2.1925 us/op

// BeforeActualRun
WorkloadActual   1: 262144 op, 574413744.00 ns, 2.1912 us/op
WorkloadActual   2: 262144 op, 577584591.00 ns, 2.2033 us/op
WorkloadActual   3: 262144 op, 575583864.00 ns, 2.1957 us/op

// AfterActualRun
WorkloadResult   1: 262144 op, 573536297.00 ns, 2.1879 us/op
WorkloadResult   2: 262144 op, 576707144.00 ns, 2.2000 us/op
WorkloadResult   3: 262144 op, 574706417.00 ns, 2.1923 us/op
// GC:  59 0 0 991952896 262144
// Threading:  0 0 262144

// AfterAll
// Benchmark Process 3252 has exited with code 0.

Mean = 2.193 μs, StdErr = 0.004 μs (0.16%), N = 3, StdDev = 0.006 μs
Min = 2.188 μs, Q1 = 2.190 μs, Median = 2.192 μs, Q3 = 2.196 μs, Max = 2.200 μs
IQR = 0.006 μs, LowerFence = 2.181 μs, UpperFence = 2.205 μs
ConfidenceInterval = [2.082 μs; 2.305 μs] (CI 99.9%), Margin = 0.112 μs (5.09% of Mean)
Skewness = 0.17, Kurtosis = 0.67, MValue = 2

// ** Remained 6 (33.3 %) benchmark(s) to run. Estimated finish 2026-10-03 19:28 (0h 1m from now) **
// **************************
// Benchmark: SerializationBenchmarks.SerializeRoundtrip_Small: ShortRun(IterationCount=3, LaunchCount=1, WarmupCount=3)
// *** Execute ***
// Launch: 1 / 1
// Execute: dotnet Encina.Security.PII.Benchmarks-Job-YFEFPZ-1.dll --anonymousPipes 158 159 --benchmarkName Encina.Security.PII.Benchmarks.SerializationBenchmarks.SerializeRoundtrip_Small --job ShortRun --benchmarkId 12 in /home/runner/work/Encina/Encina/tests/Encina.BenchmarkTests/Encina.Security.PII.Benchmarks/bin/Release/net10.0/Encina.Security.PII.Benchmarks-Job-YFEFPZ-1/bin/Release/net10.0
// Failed to set up high priority (Permission denied). In order to run benchmarks with high priority, make sure you have the right permissions.
// BeforeAnythingElse

// Benchmark Process Environment Information:
// BenchmarkDotNet v0.15.8
// Runtime=.NET 10.0.12 (10.0.12, 10.0.1226.42308), X64 RyuJIT x86-64-v3
// GC=Concurrent Workstation
// HardwareIntrinsics=AVX2+BMI1+BMI2+F16C+FMA+LZCNT+MOVBE,AVX,SSE3+SSSE3+SSE4.1+SSE4.2+POPCNT,X86Base+SSE+SSE2,AES+PCLMUL VectorSize=256
// Job: ShortRun(IterationCount=3, LaunchCount=1, WarmupCount=3)

OverheadJitting  1: 1 op, 228937.00 ns, 228.9370 us/op
WorkloadJitting  1: 1 op, 32521535.00 ns, 32.5215 ms/op

OverheadJitting  2: 16 op, 453636.00 ns, 28.3523 us/op
WorkloadJitting  2: 16 op, 631318.00 ns, 39.4574 us/op

WorkloadPilot    1: 16 op, 48010.00 ns, 3.0006 us/op
WorkloadPilot    2: 32 op, 75892.00 ns, 2.3716 us/op
WorkloadPilot    3: 64 op, 104866.00 ns, 1.6385 us/op
WorkloadPilot    4: 128 op, 191908.00 ns, 1.4993 us/op
WorkloadPilot    5: 256 op, 326008.00 ns, 1.2735 us/op
WorkloadPilot    6: 512 op, 584951.00 ns, 1.1425 us/op
WorkloadPilot    7: 1024 op, 1102337.00 ns, 1.0765 us/op
WorkloadPilot    8: 2048 op, 2040398.00 ns, 996.2881 ns/op
WorkloadPilot    9: 4096 op, 4179679.00 ns, 1.0204 us/op
WorkloadPilot   10: 8192 op, 8230728.00 ns, 1.0047 us/op
WorkloadPilot   11: 16384 op, 16527971.00 ns, 1.0088 us/op
WorkloadPilot   12: 32768 op, 33115582.00 ns, 1.0106 us/op
WorkloadPilot   13: 65536 op, 65839744.00 ns, 1.0046 us/op
WorkloadPilot   14: 131072 op, 120074795.00 ns, 916.0980 ns/op
WorkloadPilot   15: 262144 op, 237522198.00 ns, 906.0753 ns/op
WorkloadPilot   16: 524288 op, 474700558.00 ns, 905.4195 ns/op
WorkloadPilot   17: 1048576 op, 948079006.00 ns, 904.1586 ns/op

OverheadWarmup   1: 1048576 op, 3500021.00 ns, 3.3379 ns/op
OverheadWarmup   2: 1048576 op, 3500472.00 ns, 3.3383 ns/op
OverheadWarmup   3: 1048576 op, 3496705.00 ns, 3.3347 ns/op
OverheadWarmup   4: 1048576 op, 3533433.00 ns, 3.3697 ns/op
OverheadWarmup   5: 1048576 op, 3486656.00 ns, 3.3251 ns/op

OverheadActual   1: 1048576 op, 3490002.00 ns, 3.3283 ns/op
OverheadActual   2: 1048576 op, 3503818.00 ns, 3.3415 ns/op
OverheadActual   3: 1048576 op, 3503757.00 ns, 3.3414 ns/op
OverheadActual   4: 1048576 op, 3497125.00 ns, 3.3351 ns/op
OverheadActual   5: 1048576 op, 3490734.00 ns, 3.3290 ns/op
OverheadActual   6: 1048576 op, 3488419.00 ns, 3.3268 ns/op
OverheadActual   7: 1048576 op, 3501875.00 ns, 3.3396 ns/op
OverheadActual   8: 1048576 op, 3503477.00 ns, 3.3412 ns/op
OverheadActual   9: 1048576 op, 3499670.00 ns, 3.3375 ns/op
OverheadActual  10: 1048576 op, 3480595.00 ns, 3.3194 ns/op
OverheadActual  11: 1048576 op, 3481937.00 ns, 3.3206 ns/op
OverheadActual  12: 1048576 op, 3491705.00 ns, 3.3299 ns/op
OverheadActual  13: 1048576 op, 3489320.00 ns, 3.3277 ns/op
OverheadActual  14: 1048576 op, 3489411.00 ns, 3.3278 ns/op
OverheadActual  15: 1048576 op, 3463573.00 ns, 3.3031 ns/op

WorkloadWarmup   1: 1048576 op, 958623823.00 ns, 914.2149 ns/op
WorkloadWarmup   2: 1048576 op, 953738998.00 ns, 909.5564 ns/op
WorkloadWarmup   3: 1048576 op, 950431496.00 ns, 906.4021 ns/op

// BeforeActualRun
WorkloadActual   1: 1048576 op, 950797318.00 ns, 906.7510 ns/op
WorkloadActual   2: 1048576 op, 948898826.00 ns, 904.9404 ns/op
WorkloadActual   3: 1048576 op, 946694973.00 ns, 902.8387 ns/op

// AfterActualRun
WorkloadResult   1: 1048576 op, 947306584.00 ns, 903.4220 ns/op
WorkloadResult   2: 1048576 op, 945408092.00 ns, 901.6114 ns/op
WorkloadResult   3: 1048576 op, 943204239.00 ns, 899.5097 ns/op
// GC:  14 0 0 243269632 1048576
// Threading:  0 0 1048576

// AfterAll
// Benchmark Process 3260 has exited with code 0.

Mean = 901.514 ns, StdErr = 1.130 ns (0.13%), N = 3, StdDev = 1.958 ns
Min = 899.510 ns, Q1 = 900.561 ns, Median = 901.611 ns, Q3 = 902.517 ns, Max = 903.422 ns
IQR = 1.956 ns, LowerFence = 897.626 ns, UpperFence = 905.451 ns
ConfidenceInterval = [865.794 ns; 937.235 ns] (CI 99.9%), Margin = 35.720 ns (3.96% of Mean)
Skewness = -0.05, Kurtosis = 0.67, MValue = 2

// ** Remained 5 (27.8 %) benchmark(s) to run. Estimated finish 2026-10-03 19:28 (0h 0m from now) **
// **************************
// Benchmark: SerializationBenchmarks.SerializeRoundtrip_Large: ShortRun(IterationCount=3, LaunchCount=1, WarmupCount=3)
// *** Execute ***
// Launch: 1 / 1
// Execute: dotnet Encina.Security.PII.Benchmarks-Job-YFEFPZ-1.dll --anonymousPipes 158 159 --benchmarkName Encina.Security.PII.Benchmarks.SerializationBenchmarks.SerializeRoundtrip_Large --job ShortRun --benchmarkId 13 in /home/runner/work/Encina/Encina/tests/Encina.BenchmarkTests/Encina.Security.PII.Benchmarks/bin/Release/net10.0/Encina.Security.PII.Benchmarks-Job-YFEFPZ-1/bin/Release/net10.0
// Failed to set up high priority (Permission denied). In order to run benchmarks with high priority, make sure you have the right permissions.
// BeforeAnythingElse

// Benchmark Process Environment Information:
// BenchmarkDotNet v0.15.8
// Runtime=.NET 10.0.12 (10.0.12, 10.0.1226.42308), X64 RyuJIT x86-64-v3
// GC=Concurrent Workstation
// HardwareIntrinsics=AVX2+BMI1+BMI2+F16C+FMA+LZCNT+MOVBE,AVX,SSE3+SSSE3+SSE4.1+SSE4.2+POPCNT,X86Base+SSE+SSE2,AES+PCLMUL VectorSize=256
// Job: ShortRun(IterationCount=3, LaunchCount=1, WarmupCount=3)

OverheadJitting  1: 1 op, 255868.00 ns, 255.8680 us/op
WorkloadJitting  1: 1 op, 37094183.00 ns, 37.0942 ms/op

WorkloadPilot    1: 2 op, 144058.00 ns, 72.0290 us/op
WorkloadPilot    2: 3 op, 66595.00 ns, 22.1983 us/op
WorkloadPilot    3: 4 op, 45485.00 ns, 11.3713 us/op
WorkloadPilot    4: 5 op, 40876.00 ns, 8.1752 us/op
WorkloadPilot    5: 6 op, 67225.00 ns, 11.2042 us/op
WorkloadPilot    6: 7 op, 55574.00 ns, 7.9391 us/op
WorkloadPilot    7: 8 op, 72335.00 ns, 9.0419 us/op
WorkloadPilot    8: 9 op, 104164.00 ns, 11.5738 us/op
WorkloadPilot    9: 10 op, 98394.00 ns, 9.8394 us/op
WorkloadPilot   10: 11 op, 130684.00 ns, 11.8804 us/op
WorkloadPilot   11: 12 op, 162754.00 ns, 13.5628 us/op
WorkloadPilot   12: 13 op, 148898.00 ns, 11.4537 us/op
WorkloadPilot   13: 14 op, 164006.00 ns, 11.7147 us/op
WorkloadPilot   14: 15 op, 166301.00 ns, 11.0867 us/op
WorkloadPilot   15: 16 op, 171741.00 ns, 10.7338 us/op
WorkloadPilot   16: 32 op, 319917.00 ns, 9.9974 us/op
WorkloadPilot   17: 64 op, 461331.00 ns, 7.2083 us/op
WorkloadPilot   18: 128 op, 1047475.00 ns, 8.1834 us/op
WorkloadPilot   19: 256 op, 2162476.00 ns, 8.4472 us/op
WorkloadPilot   20: 512 op, 4205309.00 ns, 8.2135 us/op
WorkloadPilot   21: 1024 op, 8402823.00 ns, 8.2059 us/op
WorkloadPilot   22: 2048 op, 16631210.00 ns, 8.1207 us/op
WorkloadPilot   23: 4096 op, 22207448.00 ns, 5.4217 us/op
WorkloadPilot   24: 8192 op, 41146014.00 ns, 5.0227 us/op
WorkloadPilot   25: 16384 op, 79332294.00 ns, 4.8421 us/op
WorkloadPilot   26: 32768 op, 158537453.00 ns, 4.8382 us/op
WorkloadPilot   27: 65536 op, 318312315.00 ns, 4.8571 us/op
WorkloadPilot   28: 131072 op, 633337574.00 ns, 4.8320 us/op

WorkloadWarmup   1: 131072 op, 631118473.00 ns, 4.8151 us/op
WorkloadWarmup   2: 131072 op, 634835400.00 ns, 4.8434 us/op
WorkloadWarmup   3: 131072 op, 630603071.00 ns, 4.8111 us/op

// BeforeActualRun
WorkloadActual   1: 131072 op, 637332250.00 ns, 4.8625 us/op
WorkloadActual   2: 131072 op, 636761054.00 ns, 4.8581 us/op
WorkloadActual   3: 131072 op, 636249639.00 ns, 4.8542 us/op

// AfterActualRun
WorkloadResult   1: 131072 op, 637332250.00 ns, 4.8625 us/op
WorkloadResult   2: 131072 op, 636761054.00 ns, 4.8581 us/op
WorkloadResult   3: 131072 op, 636249639.00 ns, 4.8542 us/op
// GC:  60 0 0 1007681536 131072
// Threading:  0 0 131072

// AfterAll
// Benchmark Process 3269 has exited with code 0.

Mean = 4.858 μs, StdErr = 0.002 μs (0.05%), N = 3, StdDev = 0.004 μs
Min = 4.854 μs, Q1 = 4.856 μs, Median = 4.858 μs, Q3 = 4.860 μs, Max = 4.862 μs
IQR = 0.004 μs, LowerFence = 4.850 μs, UpperFence = 4.866 μs
ConfidenceInterval = [4.783 μs; 4.934 μs] (CI 99.9%), Margin = 0.075 μs (1.55% of Mean)
Skewness = 0.04, Kurtosis = 0.67, MValue = 2

// ** Remained 4 (22.2 %) benchmark(s) to run. Estimated finish 2026-10-03 19:28 (0h 0m from now) **
// **************************
// Benchmark: SerializationBenchmarks.ParseAndModify_Small: ShortRun(IterationCount=3, LaunchCount=1, WarmupCount=3)
// *** Execute ***
// Launch: 1 / 1
// Execute: dotnet Encina.Security.PII.Benchmarks-Job-YFEFPZ-1.dll --anonymousPipes 158 159 --benchmarkName Encina.Security.PII.Benchmarks.SerializationBenchmarks.ParseAndModify_Small --job ShortRun --benchmarkId 14 in /home/runner/work/Encina/Encina/tests/Encina.BenchmarkTests/Encina.Security.PII.Benchmarks/bin/Release/net10.0/Encina.Security.PII.Benchmarks-Job-YFEFPZ-1/bin/Release/net10.0
// Failed to set up high priority (Permission denied). In order to run benchmarks with high priority, make sure you have the right permissions.
// BeforeAnythingElse

// Benchmark Process Environment Information:
// BenchmarkDotNet v0.15.8
// Runtime=.NET 10.0.12 (10.0.12, 10.0.1226.42308), X64 RyuJIT x86-64-v3
// GC=Concurrent Workstation
// HardwareIntrinsics=AVX2+BMI1+BMI2+F16C+FMA+LZCNT+MOVBE,AVX,SSE3+SSSE3+SSE4.1+SSE4.2+POPCNT,X86Base+SSE+SSE2,AES+PCLMUL VectorSize=256
// Job: ShortRun(IterationCount=3, LaunchCount=1, WarmupCount=3)

OverheadJitting  1: 1 op, 288027.00 ns, 288.0270 us/op
WorkloadJitting  1: 1 op, 30523448.00 ns, 30.5234 ms/op

OverheadJitting  2: 16 op, 453216.00 ns, 28.3260 us/op
WorkloadJitting  2: 16 op, 642169.00 ns, 40.1356 us/op

WorkloadPilot    1: 16 op, 67917.00 ns, 4.2448 us/op
WorkloadPilot    2: 32 op, 104004.00 ns, 3.2501 us/op
WorkloadPilot    3: 64 op, 182641.00 ns, 2.8538 us/op
WorkloadPilot    4: 128 op, 310399.00 ns, 2.4250 us/op
WorkloadPilot    5: 256 op, 632911.00 ns, 2.4723 us/op
WorkloadPilot    6: 512 op, 1078523.00 ns, 2.1065 us/op
WorkloadPilot    7: 1024 op, 2219443.00 ns, 2.1674 us/op
WorkloadPilot    8: 2048 op, 4510238.00 ns, 2.2023 us/op
WorkloadPilot    9: 4096 op, 8899700.00 ns, 2.1728 us/op
WorkloadPilot   10: 8192 op, 17854243.00 ns, 2.1795 us/op
WorkloadPilot   11: 16384 op, 35354434.00 ns, 2.1579 us/op
WorkloadPilot   12: 32768 op, 62223123.00 ns, 1.8989 us/op
WorkloadPilot   13: 65536 op, 118830595.00 ns, 1.8132 us/op
WorkloadPilot   14: 131072 op, 237197012.00 ns, 1.8097 us/op
WorkloadPilot   15: 262144 op, 473204804.00 ns, 1.8051 us/op
WorkloadPilot   16: 524288 op, 946186076.00 ns, 1.8047 us/op

OverheadWarmup   1: 524288 op, 1730138.00 ns, 3.3000 ns/op
OverheadWarmup   2: 524288 op, 1763962.00 ns, 3.3645 ns/op
OverheadWarmup   3: 524288 op, 1737423.00 ns, 3.3139 ns/op
OverheadWarmup   4: 524288 op, 1740428.00 ns, 3.3196 ns/op
OverheadWarmup   5: 524288 op, 1744465.00 ns, 3.3273 ns/op
OverheadWarmup   6: 524288 op, 1730690.00 ns, 3.3010 ns/op

OverheadActual   1: 524288 op, 1760445.00 ns, 3.3578 ns/op
OverheadActual   2: 524288 op, 1729627.00 ns, 3.2990 ns/op
OverheadActual   3: 524288 op, 1767829.00 ns, 3.3719 ns/op
OverheadActual   4: 524288 op, 1737913.00 ns, 3.3148 ns/op
OverheadActual   5: 524288 op, 1739346.00 ns, 3.3175 ns/op
OverheadActual   6: 524288 op, 1754714.00 ns, 3.3469 ns/op
OverheadActual   7: 524288 op, 1729106.00 ns, 3.2980 ns/op
OverheadActual   8: 524288 op, 1751819.00 ns, 3.3413 ns/op
OverheadActual   9: 524288 op, 1736621.00 ns, 3.3123 ns/op
OverheadActual  10: 524288 op, 1741540.00 ns, 3.3217 ns/op
OverheadActual  11: 524288 op, 1752381.00 ns, 3.3424 ns/op
OverheadActual  12: 524288 op, 1730279.00 ns, 3.3002 ns/op
OverheadActual  13: 524288 op, 1739536.00 ns, 3.3179 ns/op
OverheadActual  14: 524288 op, 1744636.00 ns, 3.3276 ns/op
OverheadActual  15: 524288 op, 1729668.00 ns, 3.2991 ns/op

WorkloadWarmup   1: 524288 op, 956770253.00 ns, 1.8249 us/op
WorkloadWarmup   2: 524288 op, 948733532.00 ns, 1.8096 us/op
WorkloadWarmup   3: 524288 op, 946398013.00 ns, 1.8051 us/op

// BeforeActualRun
WorkloadActual   1: 524288 op, 947628530.00 ns, 1.8075 us/op
WorkloadActual   2: 524288 op, 948160312.00 ns, 1.8085 us/op
WorkloadActual   3: 524288 op, 946319958.00 ns, 1.8050 us/op

// AfterActualRun
WorkloadResult   1: 524288 op, 945888994.00 ns, 1.8041 us/op
WorkloadResult   2: 524288 op, 946420776.00 ns, 1.8052 us/op
WorkloadResult   3: 524288 op, 944580422.00 ns, 1.8016 us/op
// GC:  26 0 0 440401920 524288
// Threading:  0 0 524288

// AfterAll
// Benchmark Process 3275 has exited with code 0.

Mean = 1.804 μs, StdErr = 0.001 μs (0.06%), N = 3, StdDev = 0.002 μs
Min = 1.802 μs, Q1 = 1.803 μs, Median = 1.804 μs, Q3 = 1.805 μs, Max = 1.805 μs
IQR = 0.002 μs, LowerFence = 1.800 μs, UpperFence = 1.807 μs
ConfidenceInterval = [1.771 μs; 1.837 μs] (CI 99.9%), Margin = 0.033 μs (1.83% of Mean)
Skewness = -0.25, Kurtosis = 0.67, MValue = 2

// ** Remained 3 (16.7 %) benchmark(s) to run. Estimated finish 2026-10-03 19:28 (0h 0m from now) **
// **************************
// Benchmark: SerializationBenchmarks.MaskObject_Small: ShortRun(IterationCount=3, LaunchCount=1, WarmupCount=3)
// *** Execute ***
// Launch: 1 / 1
// Execute: dotnet Encina.Security.PII.Benchmarks-Job-YFEFPZ-1.dll --anonymousPipes 158 159 --benchmarkName Encina.Security.PII.Benchmarks.SerializationBenchmarks.MaskObject_Small --job ShortRun --benchmarkId 15 in /home/runner/work/Encina/Encina/tests/Encina.BenchmarkTests/Encina.Security.PII.Benchmarks/bin/Release/net10.0/Encina.Security.PII.Benchmarks-Job-YFEFPZ-1/bin/Release/net10.0
// Failed to set up high priority (Permission denied). In order to run benchmarks with high priority, make sure you have the right permissions.
// BeforeAnythingElse

// Benchmark Process Environment Information:
// BenchmarkDotNet v0.15.8
// Runtime=.NET 10.0.12 (10.0.12, 10.0.1226.42308), X64 RyuJIT x86-64-v3
// GC=Concurrent Workstation
// HardwareIntrinsics=AVX2+BMI1+BMI2+F16C+FMA+LZCNT+MOVBE,AVX,SSE3+SSSE3+SSE4.1+SSE4.2+POPCNT,X86Base+SSE+SSE2,AES+PCLMUL VectorSize=256
// Job: ShortRun(IterationCount=3, LaunchCount=1, WarmupCount=3)

OverheadJitting  1: 1 op, 231341.00 ns, 231.3410 us/op
WorkloadJitting  1: 1 op, 61116813.00 ns, 61.1168 ms/op

WorkloadPilot    1: 2 op, 177281.00 ns, 88.6405 us/op
WorkloadPilot    2: 3 op, 51345.00 ns, 17.1150 us/op
WorkloadPilot    3: 4 op, 52077.00 ns, 13.0193 us/op
WorkloadPilot    4: 5 op, 76403.00 ns, 15.2806 us/op
WorkloadPilot    5: 6 op, 75030.00 ns, 12.5050 us/op
WorkloadPilot    6: 7 op, 70903.00 ns, 10.1290 us/op
WorkloadPilot    7: 8 op, 88285.00 ns, 11.0356 us/op
WorkloadPilot    8: 9 op, 95919.00 ns, 10.6577 us/op
WorkloadPilot    9: 10 op, 101149.00 ns, 10.1149 us/op
WorkloadPilot   10: 11 op, 101449.00 ns, 9.2226 us/op
WorkloadPilot   11: 12 op, 108442.00 ns, 9.0368 us/op
WorkloadPilot   12: 13 op, 114984.00 ns, 8.8449 us/op
WorkloadPilot   13: 14 op, 120204.00 ns, 8.5860 us/op
WorkloadPilot   14: 15 op, 156712.00 ns, 10.4475 us/op
WorkloadPilot   15: 16 op, 129862.00 ns, 8.1164 us/op
WorkloadPilot   16: 32 op, 216584.00 ns, 6.7683 us/op
WorkloadPilot   17: 64 op, 343321.00 ns, 5.3644 us/op
WorkloadPilot   18: 128 op, 775286.00 ns, 6.0569 us/op
WorkloadPilot   19: 256 op, 1360258.00 ns, 5.3135 us/op
WorkloadPilot   20: 512 op, 2714565.00 ns, 5.3019 us/op
WorkloadPilot   21: 1024 op, 5563211.00 ns, 5.4328 us/op
WorkloadPilot   22: 2048 op, 10841531.00 ns, 5.2937 us/op
WorkloadPilot   23: 4096 op, 21757052.00 ns, 5.3118 us/op
WorkloadPilot   24: 8192 op, 43903931.00 ns, 5.3594 us/op
WorkloadPilot   25: 16384 op, 77480699.00 ns, 4.7290 us/op
WorkloadPilot   26: 32768 op, 147587758.00 ns, 4.5040 us/op
WorkloadPilot   27: 65536 op, 295208243.00 ns, 4.5045 us/op
WorkloadPilot   28: 131072 op, 589838526.00 ns, 4.5001 us/op

WorkloadWarmup   1: 131072 op, 589902775.00 ns, 4.5006 us/op
WorkloadWarmup   2: 131072 op, 590955039.00 ns, 4.5086 us/op
WorkloadWarmup   3: 131072 op, 591569705.00 ns, 4.5133 us/op

// BeforeActualRun
WorkloadActual   1: 131072 op, 589648470.00 ns, 4.4987 us/op
WorkloadActual   2: 131072 op, 589435323.00 ns, 4.4970 us/op
WorkloadActual   3: 131072 op, 590403919.00 ns, 4.5044 us/op

// AfterActualRun
WorkloadResult   1: 131072 op, 589648470.00 ns, 4.4987 us/op
WorkloadResult   2: 131072 op, 589435323.00 ns, 4.4970 us/op
WorkloadResult   3: 131072 op, 590403919.00 ns, 4.5044 us/op
// GC:  13 0 0 229638144 131072
// Threading:  0 0 131072

// AfterAll
// Benchmark Process 3285 has exited with code 0.

Mean = 4.500 μs, StdErr = 0.002 μs (0.05%), N = 3, StdDev = 0.004 μs
Min = 4.497 μs, Q1 = 4.498 μs, Median = 4.499 μs, Q3 = 4.502 μs, Max = 4.504 μs
IQR = 0.004 μs, LowerFence = 4.492 μs, UpperFence = 4.507 μs
ConfidenceInterval = [4.429 μs; 4.571 μs] (CI 99.9%), Margin = 0.071 μs (1.57% of Mean)
Skewness = 0.31, Kurtosis = 0.67, MValue = 2

// ** Remained 2 (11.1 %) benchmark(s) to run. Estimated finish 2026-10-03 19:28 (0h 0m from now) **
// **************************
// Benchmark: SerializationBenchmarks.MaskObject_Medium: ShortRun(IterationCount=3, LaunchCount=1, WarmupCount=3)
// *** Execute ***
// Launch: 1 / 1
// Execute: dotnet Encina.Security.PII.Benchmarks-Job-YFEFPZ-1.dll --anonymousPipes 158 159 --benchmarkName Encina.Security.PII.Benchmarks.SerializationBenchmarks.MaskObject_Medium --job ShortRun --benchmarkId 16 in /home/runner/work/Encina/Encina/tests/Encina.BenchmarkTests/Encina.Security.PII.Benchmarks/bin/Release/net10.0/Encina.Security.PII.Benchmarks-Job-YFEFPZ-1/bin/Release/net10.0
// Failed to set up high priority (Permission denied). In order to run benchmarks with high priority, make sure you have the right permissions.
// BeforeAnythingElse

// Benchmark Process Environment Information:
// BenchmarkDotNet v0.15.8
// Runtime=.NET 10.0.12 (10.0.12, 10.0.1226.42308), X64 RyuJIT x86-64-v3
// GC=Concurrent Workstation
// HardwareIntrinsics=AVX2+BMI1+BMI2+F16C+FMA+LZCNT+MOVBE,AVX,SSE3+SSSE3+SSE4.1+SSE4.2+POPCNT,X86Base+SSE+SSE2,AES+PCLMUL VectorSize=256
// Job: ShortRun(IterationCount=3, LaunchCount=1, WarmupCount=3)

OverheadJitting  1: 1 op, 232013.00 ns, 232.0130 us/op
WorkloadJitting  1: 1 op, 69636027.00 ns, 69.6360 ms/op

WorkloadPilot    1: 2 op, 208960.00 ns, 104.4800 us/op
WorkloadPilot    2: 3 op, 102983.00 ns, 34.3277 us/op
WorkloadPilot    3: 4 op, 91320.00 ns, 22.8300 us/op
WorkloadPilot    4: 5 op, 104164.00 ns, 20.8328 us/op
WorkloadPilot    5: 6 op, 115495.00 ns, 19.2492 us/op
WorkloadPilot    6: 7 op, 129391.00 ns, 18.4844 us/op
WorkloadPilot    7: 8 op, 144880.00 ns, 18.1100 us/op
WorkloadPilot    8: 9 op, 187370.00 ns, 20.8189 us/op
WorkloadPilot    9: 10 op, 219620.00 ns, 21.9620 us/op
WorkloadPilot   10: 11 op, 195164.00 ns, 17.7422 us/op
WorkloadPilot   11: 12 op, 249055.00 ns, 20.7546 us/op
WorkloadPilot   12: 13 op, 264513.00 ns, 20.3472 us/op
WorkloadPilot   13: 14 op, 291835.00 ns, 20.8454 us/op
WorkloadPilot   14: 15 op, 322251.00 ns, 21.4834 us/op
WorkloadPilot   15: 16 op, 333082.00 ns, 20.8176 us/op
WorkloadPilot   16: 32 op, 649422.00 ns, 20.2944 us/op
WorkloadPilot   17: 64 op, 1065568.00 ns, 16.6495 us/op
WorkloadPilot   18: 128 op, 2166522.00 ns, 16.9260 us/op
WorkloadPilot   19: 256 op, 4520595.00 ns, 17.6586 us/op
WorkloadPilot   20: 512 op, 8734889.00 ns, 17.0603 us/op
WorkloadPilot   21: 1024 op, 17945345.00 ns, 17.5248 us/op
WorkloadPilot   22: 2048 op, 34737067.00 ns, 16.9615 us/op
WorkloadPilot   23: 4096 op, 59720716.00 ns, 14.5803 us/op
WorkloadPilot   24: 8192 op, 110336842.00 ns, 13.4689 us/op
WorkloadPilot   25: 16384 op, 225888715.00 ns, 13.7872 us/op
WorkloadPilot   26: 32768 op, 444027289.00 ns, 13.5506 us/op
WorkloadPilot   27: 65536 op, 891371097.00 ns, 13.6012 us/op

WorkloadWarmup   1: 65536 op, 888733767.00 ns, 13.5610 us/op
WorkloadWarmup   2: 65536 op, 890954072.00 ns, 13.5949 us/op
WorkloadWarmup   3: 65536 op, 891120443.00 ns, 13.5974 us/op

// BeforeActualRun
WorkloadActual   1: 65536 op, 891404323.00 ns, 13.6018 us/op
WorkloadActual   2: 65536 op, 895110138.00 ns, 13.6583 us/op
WorkloadActual   3: 65536 op, 892626022.00 ns, 13.6204 us/op

// AfterActualRun
WorkloadResult   1: 65536 op, 891404323.00 ns, 13.6018 us/op
WorkloadResult   2: 65536 op, 895110138.00 ns, 13.6583 us/op
WorkloadResult   3: 65536 op, 892626022.00 ns, 13.6204 us/op
// GC:  25 0 0 426246144 65536
// Threading:  0 0 65536

// AfterAll
// Benchmark Process 3291 has exited with code 0.

Mean = 13.627 μs, StdErr = 0.017 μs (0.12%), N = 3, StdDev = 0.029 μs
Min = 13.602 μs, Q1 = 13.611 μs, Median = 13.620 μs, Q3 = 13.639 μs, Max = 13.658 μs
IQR = 0.028 μs, LowerFence = 13.569 μs, UpperFence = 13.682 μs
ConfidenceInterval = [13.101 μs; 14.153 μs] (CI 99.9%), Margin = 0.526 μs (3.86% of Mean)
Skewness = 0.21, Kurtosis = 0.67, MValue = 2

// ** Remained 1 (5.6 %) benchmark(s) to run. Estimated finish 2026-10-03 19:28 (0h 0m from now) **
// **************************
// Benchmark: SerializationBenchmarks.MaskObject_Large: ShortRun(IterationCount=3, LaunchCount=1, WarmupCount=3)
// *** Execute ***
// Launch: 1 / 1
// Execute: dotnet Encina.Security.PII.Benchmarks-Job-YFEFPZ-1.dll --anonymousPipes 158 159 --benchmarkName Encina.Security.PII.Benchmarks.SerializationBenchmarks.MaskObject_Large --job ShortRun --benchmarkId 17 in /home/runner/work/Encina/Encina/tests/Encina.BenchmarkTests/Encina.Security.PII.Benchmarks/bin/Release/net10.0/Encina.Security.PII.Benchmarks-Job-YFEFPZ-1/bin/Release/net10.0
// Failed to set up high priority (Permission denied). In order to run benchmarks with high priority, make sure you have the right permissions.
// BeforeAnythingElse

// Benchmark Process Environment Information:
// BenchmarkDotNet v0.15.8
// Runtime=.NET 10.0.12 (10.0.12, 10.0.1226.42308), X64 RyuJIT x86-64-v3
// GC=Concurrent Workstation
// HardwareIntrinsics=AVX2+BMI1+BMI2+F16C+FMA+LZCNT+MOVBE,AVX,SSE3+SSSE3+SSE4.1+SSE4.2+POPCNT,X86Base+SSE+SSE2,AES+PCLMUL VectorSize=256
// Job: ShortRun(IterationCount=3, LaunchCount=1, WarmupCount=3)

OverheadJitting  1: 1 op, 232544.00 ns, 232.5440 us/op
WorkloadJitting  1: 1 op, 80672040.00 ns, 80.6720 ms/op

WorkloadPilot    1: 2 op, 258292.00 ns, 129.1460 us/op
WorkloadPilot    2: 3 op, 158876.00 ns, 52.9587 us/op
WorkloadPilot    3: 4 op, 167162.00 ns, 41.7905 us/op
WorkloadPilot    4: 5 op, 179595.00 ns, 35.9190 us/op
WorkloadPilot    5: 6 op, 200133.00 ns, 33.3555 us/op
WorkloadPilot    6: 7 op, 215763.00 ns, 30.8233 us/op
WorkloadPilot    7: 8 op, 231512.00 ns, 28.9390 us/op
WorkloadPilot    8: 9 op, 277588.00 ns, 30.8431 us/op
WorkloadPilot    9: 10 op, 284792.00 ns, 28.4792 us/op
WorkloadPilot   10: 11 op, 339734.00 ns, 30.8849 us/op
WorkloadPilot   11: 12 op, 351035.00 ns, 29.2529 us/op
WorkloadPilot   12: 13 op, 366975.00 ns, 28.2288 us/op
WorkloadPilot   13: 14 op, 416658.00 ns, 29.7613 us/op
WorkloadPilot   14: 15 op, 414454.00 ns, 27.6303 us/op
WorkloadPilot   15: 16 op, 432608.00 ns, 27.0380 us/op
WorkloadPilot   16: 32 op, 1150357.00 ns, 35.9487 us/op
WorkloadPilot   17: 64 op, 2163708.00 ns, 33.8079 us/op
WorkloadPilot   18: 128 op, 4564489.00 ns, 35.6601 us/op
WorkloadPilot   19: 256 op, 8873279.00 ns, 34.6612 us/op
WorkloadPilot   20: 512 op, 17257826.00 ns, 33.7067 us/op
WorkloadPilot   21: 1024 op, 32968866.00 ns, 32.1962 us/op
WorkloadPilot   22: 2048 op, 49939416.00 ns, 24.3845 us/op
WorkloadPilot   23: 4096 op, 99737860.00 ns, 24.3501 us/op
WorkloadPilot   24: 8192 op, 197175808.00 ns, 24.0693 us/op
WorkloadPilot   25: 16384 op, 397549083.00 ns, 24.2645 us/op
WorkloadPilot   26: 32768 op, 798457907.00 ns, 24.3670 us/op

WorkloadWarmup   1: 32768 op, 787874370.00 ns, 24.0440 us/op
WorkloadWarmup   2: 32768 op, 793427145.00 ns, 24.2135 us/op
WorkloadWarmup   3: 32768 op, 789628406.00 ns, 24.0975 us/op

// BeforeActualRun
WorkloadActual   1: 32768 op, 792872219.00 ns, 24.1965 us/op
WorkloadActual   2: 32768 op, 799954065.00 ns, 24.4127 us/op
WorkloadActual   3: 32768 op, 798194641.00 ns, 24.3590 us/op

// AfterActualRun
WorkloadResult   1: 32768 op, 792872219.00 ns, 24.1965 us/op
WorkloadResult   2: 32768 op, 799954065.00 ns, 24.4127 us/op
WorkloadResult   3: 32768 op, 798194641.00 ns, 24.3590 us/op
// GC:  35 0 0 600047616 32768
// Threading:  0 0 32768

// AfterAll
// Benchmark Process 3299 has exited with code 0.

Mean = 24.323 μs, StdErr = 0.065 μs (0.27%), N = 3, StdDev = 0.113 μs
Min = 24.197 μs, Q1 = 24.278 μs, Median = 24.359 μs, Q3 = 24.386 μs, Max = 24.413 μs
IQR = 0.108 μs, LowerFence = 24.116 μs, UpperFence = 24.548 μs
ConfidenceInterval = [22.270 μs; 26.376 μs] (CI 99.9%), Margin = 2.053 μs (8.44% of Mean)
Skewness = -0.29, Kurtosis = 0.67, MValue = 2

// ** Remained 0 (0.0 %) benchmark(s) to run. Estimated finish 2026-10-03 19:28 (0h 0m from now) **
// ***** BenchmarkRunner: Finish  *****

// * Export *
  artifacts/performance/SecurityPII/results/Encina.Security.PII.Benchmarks.SerializationBenchmarks-report.csv
  artifacts/performance/SecurityPII/results/Encina.Security.PII.Benchmarks.SerializationBenchmarks-report-github.md
  artifacts/performance/SecurityPII/results/Encina.Security.PII.Benchmarks.SerializationBenchmarks-report.html
  artifacts/performance/SecurityPII/results/Encina.Security.PII.Benchmarks.SerializationBenchmarks-report-full-compressed.json

// * Detailed results *
SerializationBenchmarks.Serialize_Small: Job-YFEFPZ(IterationCount=10, WarmupCount=3)
Runtime = .NET 10.0.12 (10.0.12, 10.0.1226.42308), X64 RyuJIT x86-64-v3; GC = Concurrent Workstation
Mean = 441.357 ns, StdErr = 0.212 ns (0.05%), N = 10, StdDev = 0.672 ns
Min = 440.341 ns, Q1 = 440.904 ns, Median = 441.359 ns, Q3 = 441.860 ns, Max = 442.274 ns
IQR = 0.956 ns, LowerFence = 439.470 ns, UpperFence = 443.294 ns
ConfidenceInterval = [440.341 ns; 442.373 ns] (CI 99.9%), Margin = 1.016 ns (0.23% of Mean)
Skewness = -0.13, Kurtosis = 1.43, MValue = 2
-------------------- Histogram --------------------
[439.932 ns ; 442.683 ns) | @@@@@@@@@@
---------------------------------------------------

SerializationBenchmarks.Serialize_Medium: Job-YFEFPZ(IterationCount=10, WarmupCount=3)
Runtime = .NET 10.0.12 (10.0.12, 10.0.1226.42308), X64 RyuJIT x86-64-v3; GC = Concurrent Workstation
Mean = 1.039 μs, StdErr = 0.001 μs (0.05%), N = 9, StdDev = 0.002 μs
Min = 1.036 μs, Q1 = 1.038 μs, Median = 1.040 μs, Q3 = 1.040 μs, Max = 1.041 μs
IQR = 0.002 μs, LowerFence = 1.036 μs, UpperFence = 1.043 μs
ConfidenceInterval = [1.036 μs; 1.042 μs] (CI 99.9%), Margin = 0.003 μs (0.25% of Mean)
Skewness = -0.61, Kurtosis = 1.79, MValue = 2
-------------------- Histogram --------------------
[1.035 μs ; 1.042 μs) | @@@@@@@@@
---------------------------------------------------

SerializationBenchmarks.Serialize_Large: Job-YFEFPZ(IterationCount=10, WarmupCount=3)
Runtime = .NET 10.0.12 (10.0.12, 10.0.1226.42308), X64 RyuJIT x86-64-v3; GC = Concurrent Workstation
Mean = 2.197 μs, StdErr = 0.003 μs (0.13%), N = 10, StdDev = 0.009 μs
Min = 2.187 μs, Q1 = 2.190 μs, Median = 2.197 μs, Q3 = 2.201 μs, Max = 2.217 μs
IQR = 0.012 μs, LowerFence = 2.172 μs, UpperFence = 2.219 μs
ConfidenceInterval = [2.184 μs; 2.211 μs] (CI 99.9%), Margin = 0.014 μs (0.62% of Mean)
Skewness = 0.65, Kurtosis = 2.54, MValue = 2
-------------------- Histogram --------------------
[2.181 μs ; 2.222 μs) | @@@@@@@@@@
---------------------------------------------------

SerializationBenchmarks.SerializeRoundtrip_Small: Job-YFEFPZ(IterationCount=10, WarmupCount=3)
Runtime = .NET 10.0.12 (10.0.12, 10.0.1226.42308), X64 RyuJIT x86-64-v3; GC = Concurrent Workstation
Mean = 950.298 ns, StdErr = 0.711 ns (0.07%), N = 9, StdDev = 2.133 ns
Min = 947.393 ns, Q1 = 949.643 ns, Median = 950.046 ns, Q3 = 951.122 ns, Max = 954.236 ns
IQR = 1.479 ns, LowerFence = 947.425 ns, UpperFence = 953.341 ns
ConfidenceInterval = [946.713 ns; 953.883 ns] (CI 99.9%), Margin = 3.585 ns (0.38% of Mean)
Skewness = 0.22, Kurtosis = 2.06, MValue = 2
-------------------- Histogram --------------------
[946.047 ns ; 955.582 ns) | @@@@@@@@@
---------------------------------------------------

SerializationBenchmarks.SerializeRoundtrip_Large: Job-YFEFPZ(IterationCount=10, WarmupCount=3)
Runtime = .NET 10.0.12 (10.0.12, 10.0.1226.42308), X64 RyuJIT x86-64-v3; GC = Concurrent Workstation
Mean = 4.913 μs, StdErr = 0.012 μs (0.24%), N = 10, StdDev = 0.037 μs
Min = 4.874 μs, Q1 = 4.891 μs, Median = 4.897 μs, Q3 = 4.934 μs, Max = 4.981 μs
IQR = 0.043 μs, LowerFence = 4.826 μs, UpperFence = 4.999 μs
ConfidenceInterval = [4.857 μs; 4.969 μs] (CI 99.9%), Margin = 0.056 μs (1.14% of Mean)
Skewness = 0.74, Kurtosis = 1.82, MValue = 2
-------------------- Histogram --------------------
[4.851 μs ; 5.004 μs) | @@@@@@@@@@
---------------------------------------------------

SerializationBenchmarks.ParseAndModify_Small: Job-YFEFPZ(IterationCount=10, WarmupCount=3)
Runtime = .NET 10.0.12 (10.0.12, 10.0.1226.42308), X64 RyuJIT x86-64-v3; GC = Concurrent Workstation
Mean = 1.779 μs, StdErr = 0.001 μs (0.07%), N = 10, StdDev = 0.004 μs
Min = 1.774 μs, Q1 = 1.776 μs, Median = 1.777 μs, Q3 = 1.782 μs, Max = 1.786 μs
IQR = 0.006 μs, LowerFence = 1.766 μs, UpperFence = 1.792 μs
ConfidenceInterval = [1.772 μs; 1.785 μs] (CI 99.9%), Margin = 0.006 μs (0.35% of Mean)
Skewness = 0.59, Kurtosis = 1.68, MValue = 2
-------------------- Histogram --------------------
[1.771 μs ; 1.789 μs) | @@@@@@@@@@
---------------------------------------------------

SerializationBenchmarks.MaskObject_Small: Job-YFEFPZ(IterationCount=10, WarmupCount=3)
Runtime = .NET 10.0.12 (10.0.12, 10.0.1226.42308), X64 RyuJIT x86-64-v3; GC = Concurrent Workstation
Mean = 4.419 μs, StdErr = 0.002 μs (0.04%), N = 9, StdDev = 0.005 μs
Min = 4.409 μs, Q1 = 4.417 μs, Median = 4.418 μs, Q3 = 4.421 μs, Max = 4.428 μs
IQR = 0.005 μs, LowerFence = 4.409 μs, UpperFence = 4.429 μs
ConfidenceInterval = [4.409 μs; 4.428 μs] (CI 99.9%), Margin = 0.009 μs (0.21% of Mean)
Skewness = -0.02, Kurtosis = 2.36, MValue = 2
-------------------- Histogram --------------------
[4.405 μs ; 4.432 μs) | @@@@@@@@@
---------------------------------------------------

SerializationBenchmarks.MaskObject_Medium: Job-YFEFPZ(IterationCount=10, WarmupCount=3)
Runtime = .NET 10.0.12 (10.0.12, 10.0.1226.42308), X64 RyuJIT x86-64-v3; GC = Concurrent Workstation
Mean = 13.343 μs, StdErr = 0.007 μs (0.05%), N = 10, StdDev = 0.023 μs
Min = 13.314 μs, Q1 = 13.322 μs, Median = 13.340 μs, Q3 = 13.362 μs, Max = 13.374 μs
IQR = 0.039 μs, LowerFence = 13.263 μs, UpperFence = 13.421 μs
ConfidenceInterval = [13.308 μs; 13.377 μs] (CI 99.9%), Margin = 0.035 μs (0.26% of Mean)
Skewness = 0.1, Kurtosis = 1.22, MValue = 2
-------------------- Histogram --------------------
[13.300 μs ; 13.388 μs) | @@@@@@@@@@
---------------------------------------------------

SerializationBenchmarks.MaskObject_Large: Job-YFEFPZ(IterationCount=10, WarmupCount=3)
Runtime = .NET 10.0.12 (10.0.12, 10.0.1226.42308), X64 RyuJIT x86-64-v3; GC = Concurrent Workstation
Mean = 23.864 μs, StdErr = 0.018 μs (0.07%), N = 10, StdDev = 0.056 μs
Min = 23.784 μs, Q1 = 23.824 μs, Median = 23.860 μs, Q3 = 23.901 μs, Max = 23.959 μs
IQR = 0.078 μs, LowerFence = 23.707 μs, UpperFence = 24.018 μs
ConfidenceInterval = [23.779 μs; 23.948 μs] (CI 99.9%), Margin = 0.085 μs (0.35% of Mean)
Skewness = 0.26, Kurtosis = 1.64, MValue = 2
-------------------- Histogram --------------------
[23.750 μs ; 23.993 μs) | @@@@@@@@@@
---------------------------------------------------

SerializationBenchmarks.Serialize_Small: ShortRun(IterationCount=3, LaunchCount=1, WarmupCount=3)
Runtime = .NET 10.0.12 (10.0.12, 10.0.1226.42308), X64 RyuJIT x86-64-v3; GC = Concurrent Workstation
Mean = 438.175 ns, StdErr = 0.262 ns (0.06%), N = 3, StdDev = 0.453 ns
Min = 437.708 ns, Q1 = 437.956 ns, Median = 438.205 ns, Q3 = 438.409 ns, Max = 438.613 ns
IQR = 0.453 ns, LowerFence = 437.277 ns, UpperFence = 439.088 ns
ConfidenceInterval = [429.904 ns; 446.446 ns] (CI 99.9%), Margin = 8.271 ns (1.89% of Mean)
Skewness = -0.07, Kurtosis = 0.67, MValue = 2
-------------------- Histogram --------------------
[437.295 ns ; 439.026 ns) | @@@
---------------------------------------------------

SerializationBenchmarks.Serialize_Medium: ShortRun(IterationCount=3, LaunchCount=1, WarmupCount=3)
Runtime = .NET 10.0.12 (10.0.12, 10.0.1226.42308), X64 RyuJIT x86-64-v3; GC = Concurrent Workstation
Mean = 1.063 μs, StdErr = 0.001 μs (0.12%), N = 3, StdDev = 0.002 μs
Min = 1.061 μs, Q1 = 1.062 μs, Median = 1.064 μs, Q3 = 1.064 μs, Max = 1.065 μs
IQR = 0.002 μs, LowerFence = 1.059 μs, UpperFence = 1.068 μs
ConfidenceInterval = [1.021 μs; 1.105 μs] (CI 99.9%), Margin = 0.042 μs (3.91% of Mean)
Skewness = -0.24, Kurtosis = 0.67, MValue = 2
-------------------- Histogram --------------------
[1.058 μs ; 1.067 μs) | @@@
---------------------------------------------------

SerializationBenchmarks.Serialize_Large: ShortRun(IterationCount=3, LaunchCount=1, WarmupCount=3)
Runtime = .NET 10.0.12 (10.0.12, 10.0.1226.42308), X64 RyuJIT x86-64-v3; GC = Concurrent Workstation
Mean = 2.193 μs, StdErr = 0.004 μs (0.16%), N = 3, StdDev = 0.006 μs
Min = 2.188 μs, Q1 = 2.190 μs, Median = 2.192 μs, Q3 = 2.196 μs, Max = 2.200 μs
IQR = 0.006 μs, LowerFence = 2.181 μs, UpperFence = 2.205 μs
ConfidenceInterval = [2.082 μs; 2.305 μs] (CI 99.9%), Margin = 0.112 μs (5.09% of Mean)
Skewness = 0.17, Kurtosis = 0.67, MValue = 2
-------------------- Histogram --------------------
[2.182 μs ; 2.206 μs) | @@@
---------------------------------------------------

SerializationBenchmarks.SerializeRoundtrip_Small: ShortRun(IterationCount=3, LaunchCount=1, WarmupCount=3)
Runtime = .NET 10.0.12 (10.0.12, 10.0.1226.42308), X64 RyuJIT x86-64-v3; GC = Concurrent Workstation
Mean = 901.514 ns, StdErr = 1.130 ns (0.13%), N = 3, StdDev = 1.958 ns
Min = 899.510 ns, Q1 = 900.561 ns, Median = 901.611 ns, Q3 = 902.517 ns, Max = 903.422 ns
IQR = 1.956 ns, LowerFence = 897.626 ns, UpperFence = 905.451 ns
ConfidenceInterval = [865.794 ns; 937.235 ns] (CI 99.9%), Margin = 35.720 ns (3.96% of Mean)
Skewness = -0.05, Kurtosis = 0.67, MValue = 2
-------------------- Histogram --------------------
[897.728 ns ; 905.204 ns) | @@@
---------------------------------------------------

SerializationBenchmarks.SerializeRoundtrip_Large: ShortRun(IterationCount=3, LaunchCount=1, WarmupCount=3)
Runtime = .NET 10.0.12 (10.0.12, 10.0.1226.42308), X64 RyuJIT x86-64-v3; GC = Concurrent Workstation
Mean = 4.858 μs, StdErr = 0.002 μs (0.05%), N = 3, StdDev = 0.004 μs
Min = 4.854 μs, Q1 = 4.856 μs, Median = 4.858 μs, Q3 = 4.860 μs, Max = 4.862 μs
IQR = 0.004 μs, LowerFence = 4.850 μs, UpperFence = 4.866 μs
ConfidenceInterval = [4.783 μs; 4.934 μs] (CI 99.9%), Margin = 0.075 μs (1.55% of Mean)
Skewness = 0.04, Kurtosis = 0.67, MValue = 2
-------------------- Histogram --------------------
[4.850 μs ; 4.866 μs) | @@@
---------------------------------------------------

SerializationBenchmarks.ParseAndModify_Small: ShortRun(IterationCount=3, LaunchCount=1, WarmupCount=3)
Runtime = .NET 10.0.12 (10.0.12, 10.0.1226.42308), X64 RyuJIT x86-64-v3; GC = Concurrent Workstation
Mean = 1.804 μs, StdErr = 0.001 μs (0.06%), N = 3, StdDev = 0.002 μs
Min = 1.802 μs, Q1 = 1.803 μs, Median = 1.804 μs, Q3 = 1.805 μs, Max = 1.805 μs
IQR = 0.002 μs, LowerFence = 1.800 μs, UpperFence = 1.807 μs
ConfidenceInterval = [1.771 μs; 1.837 μs] (CI 99.9%), Margin = 0.033 μs (1.83% of Mean)
Skewness = -0.25, Kurtosis = 0.67, MValue = 2
-------------------- Histogram --------------------
[1.800 μs ; 1.807 μs) | @@@
---------------------------------------------------

SerializationBenchmarks.MaskObject_Small: ShortRun(IterationCount=3, LaunchCount=1, WarmupCount=3)
Runtime = .NET 10.0.12 (10.0.12, 10.0.1226.42308), X64 RyuJIT x86-64-v3; GC = Concurrent Workstation
Mean = 4.500 μs, StdErr = 0.002 μs (0.05%), N = 3, StdDev = 0.004 μs
Min = 4.497 μs, Q1 = 4.498 μs, Median = 4.499 μs, Q3 = 4.502 μs, Max = 4.504 μs
IQR = 0.004 μs, LowerFence = 4.492 μs, UpperFence = 4.507 μs
ConfidenceInterval = [4.429 μs; 4.571 μs] (CI 99.9%), Margin = 0.071 μs (1.57% of Mean)
Skewness = 0.31, Kurtosis = 0.67, MValue = 2
-------------------- Histogram --------------------
[4.494 μs ; 4.508 μs) | @@@
---------------------------------------------------

SerializationBenchmarks.MaskObject_Medium: ShortRun(IterationCount=3, LaunchCount=1, WarmupCount=3)
Runtime = .NET 10.0.12 (10.0.12, 10.0.1226.42308), X64 RyuJIT x86-64-v3; GC = Concurrent Workstation
Mean = 13.627 μs, StdErr = 0.017 μs (0.12%), N = 3, StdDev = 0.029 μs
Min = 13.602 μs, Q1 = 13.611 μs, Median = 13.620 μs, Q3 = 13.639 μs, Max = 13.658 μs
IQR = 0.028 μs, LowerFence = 13.569 μs, UpperFence = 13.682 μs
ConfidenceInterval = [13.101 μs; 14.153 μs] (CI 99.9%), Margin = 0.526 μs (3.86% of Mean)
Skewness = 0.21, Kurtosis = 0.67, MValue = 2
-------------------- Histogram --------------------
[13.576 μs ; 13.685 μs) | @@@
---------------------------------------------------

SerializationBenchmarks.MaskObject_Large: ShortRun(IterationCount=3, LaunchCount=1, WarmupCount=3)
Runtime = .NET 10.0.12 (10.0.12, 10.0.1226.42308), X64 RyuJIT x86-64-v3; GC = Concurrent Workstation
Mean = 24.323 μs, StdErr = 0.065 μs (0.27%), N = 3, StdDev = 0.113 μs
Min = 24.197 μs, Q1 = 24.278 μs, Median = 24.359 μs, Q3 = 24.386 μs, Max = 24.413 μs
IQR = 0.108 μs, LowerFence = 24.116 μs, UpperFence = 24.548 μs
ConfidenceInterval = [22.270 μs; 26.376 μs] (CI 99.9%), Margin = 2.053 μs (8.44% of Mean)
Skewness = -0.29, Kurtosis = 0.67, MValue = 2
-------------------- Histogram --------------------
[24.094 μs ; 24.515 μs) | @@@
---------------------------------------------------

// * Summary *

BenchmarkDotNet v0.15.8, Linux Ubuntu 24.04.5 LTS (Noble Numbat)
AMD EPYC 7763 2.45GHz, 1 CPU, 4 logical and 2 physical cores
.NET SDK 10.0.401
  [Host]     : .NET 10.0.12 (10.0.12, 10.0.1226.42308), X64 RyuJIT x86-64-v3
  Job-YFEFPZ : .NET 10.0.12 (10.0.12, 10.0.1226.42308), X64 RyuJIT x86-64-v3
  ShortRun   : .NET 10.0.12 (10.0.12, 10.0.1226.42308), X64 RyuJIT x86-64-v3

WarmupCount=3  

| Method                   | Job        | IterationCount | LaunchCount | Mean        | Error       | StdDev    | Ratio | RatioSD | Gen0   | Allocated | Alloc Ratio |
|------------------------- |----------- |--------------- |------------ |------------:|------------:|----------:|------:|--------:|-------:|----------:|------------:|
| Serialize_Small          | Job-YFEFPZ | 10             | Default     |    441.4 ns |     1.02 ns |   0.67 ns |  1.00 |    0.00 | 0.0067 |     112 B |        1.00 |
| Serialize_Medium         | Job-YFEFPZ | 10             | Default     |  1,039.0 ns |     2.63 ns |   1.57 ns |  2.35 |    0.00 | 0.0229 |     392 B |        3.50 |
| Serialize_Large          | Job-YFEFPZ | 10             | Default     |  2,197.3 ns |    13.64 ns |   9.02 ns |  4.98 |    0.02 | 0.2251 |    3784 B |       33.79 |
| SerializeRoundtrip_Small | Job-YFEFPZ | 10             | Default     |    950.3 ns |     3.58 ns |   2.13 ns |  2.15 |    0.01 | 0.0134 |     232 B |        2.07 |
| SerializeRoundtrip_Large | Job-YFEFPZ | 10             | Default     |  4,913.1 ns |    55.97 ns |  37.02 ns | 11.13 |    0.08 | 0.4578 |    7688 B |       68.64 |
| ParseAndModify_Small     | Job-YFEFPZ | 10             | Default     |  1,778.7 ns |     6.29 ns |   4.16 ns |  4.03 |    0.01 | 0.0496 |     840 B |        7.50 |
| MaskObject_Small         | Job-YFEFPZ | 10             | Default     |  4,418.6 ns |     9.12 ns |   5.43 ns | 10.01 |    0.02 | 0.0992 |    1752 B |       15.64 |
| MaskObject_Medium        | Job-YFEFPZ | 10             | Default     | 13,342.6 ns |    34.93 ns |  23.10 ns | 30.23 |    0.07 | 0.3815 |    6504 B |       58.07 |
| MaskObject_Large         | Job-YFEFPZ | 10             | Default     | 23,863.6 ns |    84.51 ns |  55.90 ns | 54.07 |    0.14 | 1.0681 |   18312 B |      163.50 |
|                          |            |                |             |             |             |           |       |         |        |           |             |
| Serialize_Small          | ShortRun   | 3              | 1           |    438.2 ns |     8.27 ns |   0.45 ns |  1.00 |    0.00 | 0.0067 |     112 B |        1.00 |
| Serialize_Medium         | ShortRun   | 3              | 1           |  1,063.0 ns |    41.61 ns |   2.28 ns |  2.43 |    0.01 | 0.0229 |     392 B |        3.50 |
| Serialize_Large          | ShortRun   | 3              | 1           |  2,193.4 ns |   111.59 ns |   6.12 ns |  5.01 |    0.01 | 0.2251 |    3784 B |       33.79 |
| SerializeRoundtrip_Small | ShortRun   | 3              | 1           |    901.5 ns |    35.72 ns |   1.96 ns |  2.06 |    0.00 | 0.0134 |     232 B |        2.07 |
| SerializeRoundtrip_Large | ShortRun   | 3              | 1           |  4,858.3 ns |    75.38 ns |   4.13 ns | 11.09 |    0.01 | 0.4578 |    7688 B |       68.64 |
| ParseAndModify_Small     | ShortRun   | 3              | 1           |  1,803.6 ns |    32.96 ns |   1.81 ns |  4.12 |    0.01 | 0.0496 |     840 B |        7.50 |
| MaskObject_Small         | ShortRun   | 3              | 1           |  4,500.0 ns |    70.84 ns |   3.88 ns | 10.27 |    0.01 | 0.0992 |    1752 B |       15.64 |
| MaskObject_Medium        | ShortRun   | 3              | 1           | 13,626.8 ns |   525.69 ns |  28.81 ns | 31.10 |    0.06 | 0.3815 |    6504 B |       58.07 |
| MaskObject_Large         | ShortRun   | 3              | 1           | 24,322.7 ns | 2,052.91 ns | 112.53 ns | 55.51 |    0.23 | 1.0681 |   18312 B |      163.50 |

// * Hints *
Outliers
  SerializationBenchmarks.Serialize_Medium: IterationCount=10, WarmupCount=3         -> 1 outlier  was  removed (1.05 μs)
  SerializationBenchmarks.SerializeRoundtrip_Small: IterationCount=10, WarmupCount=3 -> 1 outlier  was  removed (964.87 ns)
  SerializationBenchmarks.MaskObject_Small: IterationCount=10, WarmupCount=3         -> 1 outlier  was  removed (4.43 μs)
// * Config Issues *

// * Warnings *
Configuration
  Summary -> The exporter CsvExporter is already present in configuration. There may be unexpected results.
  Summary -> The exporter HtmlExporter is already present in configuration. There may be unexpected results.
  Summary -> The exporter MarkdownExporter-github is already present in configuration. There may be unexpected results.

// * Legends *
  Mean        : Arithmetic mean of all measurements
  Error       : Half of 99.9% confidence interval
  StdDev      : Standard deviation of all measurements
  Ratio       : Mean of the ratio distribution ([Current]/[Baseline])
  RatioSD     : Standard deviation of the ratio distribution ([Current]/[Baseline])
  Gen0        : GC Generation 0 collects per 1000 operations
  Allocated   : Allocated memory per single operation (managed only, inclusive, 1KB = 1024B)
  Alloc Ratio : Allocated memory ratio distribution ([Current]/[Baseline])
  1 ns        : 1 Nanosecond (0.000000001 sec)

// * Diagnostic Output - MemoryDiagnoser *


// ***** BenchmarkRunner: End *****
Run time: 00:03:00 (180.22 sec), executed benchmarks: 18

Global total time: 00:03:57 (237.01 sec), executed benchmarks: 18
// * Artifacts cleanup *
Artifacts cleanup is finished
