// Validating benchmarks:
// ***** BenchmarkRunner: Start   *****
// ***** Found 18 benchmark(s) in total *****
// ***** Building 1 exe(s) in Parallel: Start   *****
// start dotnet  restore --nodeReuse:false /p:UseSharedCompilation=false /p:Deterministic=true /p:Optimize=true /p:ArtifactsPath="/home/runner/work/Encina/Encina/tests/Encina.BenchmarkTests/Encina.Caching.Memory.Benchmarks/bin/Release/net10.0/Encina.Caching.Memory.Benchmarks-Job-NUBXJZ-1/" /p:OutDir="/home/runner/work/Encina/Encina/tests/Encina.BenchmarkTests/Encina.Caching.Memory.Benchmarks/bin/Release/net10.0/Encina.Caching.Memory.Benchmarks-Job-NUBXJZ-1/bin/Release/net10.0/" /p:OutputPath="/home/runner/work/Encina/Encina/tests/Encina.BenchmarkTests/Encina.Caching.Memory.Benchmarks/bin/Release/net10.0/Encina.Caching.Memory.Benchmarks-Job-NUBXJZ-1/bin/Release/net10.0/" /p:PublishDir="/home/runner/work/Encina/Encina/tests/Encina.BenchmarkTests/Encina.Caching.Memory.Benchmarks/bin/Release/net10.0/Encina.Caching.Memory.Benchmarks-Job-NUBXJZ-1/publish/" in /home/runner/work/Encina/Encina/tests/Encina.BenchmarkTests/Encina.Caching.Memory.Benchmarks/bin/Release/net10.0/Encina.Caching.Memory.Benchmarks-Job-NUBXJZ-1
// command took 2.8 sec and exited with 0
// start dotnet  build -c Release --no-restore --nodeReuse:false /p:UseSharedCompilation=false /p:Deterministic=true /p:Optimize=true /p:ArtifactsPath="/home/runner/work/Encina/Encina/tests/Encina.BenchmarkTests/Encina.Caching.Memory.Benchmarks/bin/Release/net10.0/Encina.Caching.Memory.Benchmarks-Job-NUBXJZ-1/" /p:OutDir="/home/runner/work/Encina/Encina/tests/Encina.BenchmarkTests/Encina.Caching.Memory.Benchmarks/bin/Release/net10.0/Encina.Caching.Memory.Benchmarks-Job-NUBXJZ-1/bin/Release/net10.0/" /p:OutputPath="/home/runner/work/Encina/Encina/tests/Encina.BenchmarkTests/Encina.Caching.Memory.Benchmarks/bin/Release/net10.0/Encina.Caching.Memory.Benchmarks-Job-NUBXJZ-1/bin/Release/net10.0/" /p:PublishDir="/home/runner/work/Encina/Encina/tests/Encina.BenchmarkTests/Encina.Caching.Memory.Benchmarks/bin/Release/net10.0/Encina.Caching.Memory.Benchmarks-Job-NUBXJZ-1/publish/" --output "/home/runner/work/Encina/Encina/tests/Encina.BenchmarkTests/Encina.Caching.Memory.Benchmarks/bin/Release/net10.0/Encina.Caching.Memory.Benchmarks-Job-NUBXJZ-1/bin/Release/net10.0/" in /home/runner/work/Encina/Encina/tests/Encina.BenchmarkTests/Encina.Caching.Memory.Benchmarks/bin/Release/net10.0/Encina.Caching.Memory.Benchmarks-Job-NUBXJZ-1
// command took 51.24 sec and exited with 0
// ***** Done, took 00:00:54 (54.25 sec)   *****
// Found 18 benchmarks:
//   MemoryCacheProviderBenchmarks.ExistsAsync_False: Job-NUBXJZ(IterationCount=20, WarmupCount=5)
//   MemoryCacheProviderBenchmarks.ExistsAsync_False: ShortRun(IterationCount=3, LaunchCount=1, WarmupCount=3)
//   MemoryCacheProviderBenchmarks.ExistsAsync_True: Job-NUBXJZ(IterationCount=20, WarmupCount=5)
//   MemoryCacheProviderBenchmarks.ExistsAsync_True: ShortRun(IterationCount=3, LaunchCount=1, WarmupCount=3)
//   MemoryCacheProviderBenchmarks.GetAsync_CacheHit: Job-NUBXJZ(IterationCount=20, WarmupCount=5)
//   MemoryCacheProviderBenchmarks.GetAsync_CacheHit: ShortRun(IterationCount=3, LaunchCount=1, WarmupCount=3)
//   MemoryCacheProviderBenchmarks.GetAsync_CacheMiss: Job-NUBXJZ(IterationCount=20, WarmupCount=5)
//   MemoryCacheProviderBenchmarks.GetAsync_CacheMiss: ShortRun(IterationCount=3, LaunchCount=1, WarmupCount=3)
//   MemoryCacheProviderBenchmarks.GetOrSetAsync_CacheHit: Job-NUBXJZ(IterationCount=20, WarmupCount=5)
//   MemoryCacheProviderBenchmarks.GetOrSetAsync_CacheHit: ShortRun(IterationCount=3, LaunchCount=1, WarmupCount=3)
//   MemoryCacheProviderBenchmarks.GetOrSetAsync_CacheMiss: Job-NUBXJZ(IterationCount=20, WarmupCount=5)
//   MemoryCacheProviderBenchmarks.GetOrSetAsync_CacheMiss: ShortRun(IterationCount=3, LaunchCount=1, WarmupCount=3)
//   MemoryCacheProviderBenchmarks.RemoveAsync: Job-NUBXJZ(IterationCount=20, WarmupCount=5)
//   MemoryCacheProviderBenchmarks.RemoveAsync: ShortRun(IterationCount=3, LaunchCount=1, WarmupCount=3)
//   MemoryCacheProviderBenchmarks.SetWithSlidingExpirationAsync: Job-NUBXJZ(IterationCount=20, WarmupCount=5)
//   MemoryCacheProviderBenchmarks.SetWithSlidingExpirationAsync: ShortRun(IterationCount=3, LaunchCount=1, WarmupCount=3)
//   MemoryCacheProviderBenchmarks.SetAsync: Job-NUBXJZ(IterationCount=20, WarmupCount=5)
//   MemoryCacheProviderBenchmarks.SetAsync: ShortRun(IterationCount=3, LaunchCount=1, WarmupCount=3)

// **************************
// Benchmark: MemoryCacheProviderBenchmarks.ExistsAsync_False: Job-NUBXJZ(IterationCount=20, WarmupCount=5)
// *** Execute ***
// Launch: 1 / 1
// Execute: dotnet Encina.Caching.Memory.Benchmarks-Job-NUBXJZ-1.dll --anonymousPipes 152 153 --benchmarkName Encina.Caching.Memory.Benchmarks.Benchmarks.MemoryCacheProviderBenchmarks.ExistsAsync_False --job "IterationCount=20, WarmupCount=5" --benchmarkId 0 in /home/runner/work/Encina/Encina/tests/Encina.BenchmarkTests/Encina.Caching.Memory.Benchmarks/bin/Release/net10.0/Encina.Caching.Memory.Benchmarks-Job-NUBXJZ-1/bin/Release/net10.0
// Failed to set up high priority (Permission denied). In order to run benchmarks with high priority, make sure you have the right permissions.
// BeforeAnythingElse

// Benchmark Process Environment Information:
// BenchmarkDotNet v0.15.8
// Runtime=.NET 10.0.12 (10.0.12, 10.0.1226.42308), X64 RyuJIT x86-64-v3
// GC=Concurrent Workstation
// HardwareIntrinsics=AVX2+BMI1+BMI2+F16C+FMA+LZCNT+MOVBE,AVX,SSE3+SSSE3+SSE4.1+SSE4.2+POPCNT,X86Base+SSE+SSE2,AES+PCLMUL VectorSize=256
// Job: Job-NUBXJZ(IterationCount=20, WarmupCount=5)

OverheadJitting  1: 1 op, 232254.00 ns, 232.2540 us/op
WorkloadJitting  1: 1 op, 3397540.00 ns, 3.3975 ms/op

OverheadJitting  2: 16 op, 327362.00 ns, 20.4601 us/op
WorkloadJitting  2: 16 op, 344935.00 ns, 21.5584 us/op

WorkloadPilot    1: 16 op, 2554.00 ns, 159.6250 ns/op
WorkloadPilot    2: 32 op, 3336.00 ns, 104.2500 ns/op
WorkloadPilot    3: 64 op, 4980.00 ns, 77.8125 ns/op
WorkloadPilot    4: 128 op, 8355.00 ns, 65.2734 ns/op
WorkloadPilot    5: 256 op, 15288.00 ns, 59.7188 ns/op
WorkloadPilot    6: 512 op, 28894.00 ns, 56.4336 ns/op
WorkloadPilot    7: 1024 op, 55964.00 ns, 54.6523 ns/op
WorkloadPilot    8: 2048 op, 111749.00 ns, 54.5649 ns/op
WorkloadPilot    9: 4096 op, 221123.00 ns, 53.9851 ns/op
WorkloadPilot   10: 8192 op, 439621.00 ns, 53.6647 ns/op
WorkloadPilot   11: 16384 op, 892659.00 ns, 54.4836 ns/op
WorkloadPilot   12: 32768 op, 1798953.00 ns, 54.8997 ns/op
WorkloadPilot   13: 65536 op, 3551768.00 ns, 54.1957 ns/op
WorkloadPilot   14: 131072 op, 7143832.00 ns, 54.5031 ns/op
WorkloadPilot   15: 262144 op, 14273739.00 ns, 54.4500 ns/op
WorkloadPilot   16: 524288 op, 28430781.00 ns, 54.2274 ns/op
WorkloadPilot   17: 1048576 op, 56598690.00 ns, 53.9767 ns/op
WorkloadPilot   18: 2097152 op, 113865339.00 ns, 54.2952 ns/op
WorkloadPilot   19: 4194304 op, 226682427.00 ns, 54.0453 ns/op
WorkloadPilot   20: 8388608 op, 454928087.00 ns, 54.2317 ns/op
WorkloadPilot   21: 16777216 op, 907132633.00 ns, 54.0693 ns/op

OverheadWarmup   1: 16777216 op, 30986648.00 ns, 1.8469 ns/op
OverheadWarmup   2: 16777216 op, 31237838.00 ns, 1.8619 ns/op
OverheadWarmup   3: 16777216 op, 31187433.00 ns, 1.8589 ns/op
OverheadWarmup   4: 16777216 op, 31021223.00 ns, 1.8490 ns/op
OverheadWarmup   5: 16777216 op, 30933398.00 ns, 1.8438 ns/op
OverheadWarmup   6: 16777216 op, 31306516.00 ns, 1.8660 ns/op
OverheadWarmup   7: 16777216 op, 31652403.00 ns, 1.8866 ns/op
OverheadWarmup   8: 16777216 op, 30742702.00 ns, 1.8324 ns/op

OverheadActual   1: 16777216 op, 31256071.00 ns, 1.8630 ns/op
OverheadActual   2: 16777216 op, 31557235.00 ns, 1.8810 ns/op
OverheadActual   3: 16777216 op, 31109648.00 ns, 1.8543 ns/op
OverheadActual   4: 16777216 op, 31407855.00 ns, 1.8721 ns/op
OverheadActual   5: 16777216 op, 31727373.00 ns, 1.8911 ns/op
OverheadActual   6: 16777216 op, 30998470.00 ns, 1.8477 ns/op
OverheadActual   7: 16777216 op, 31345568.00 ns, 1.8683 ns/op
OverheadActual   8: 16777216 op, 31312717.00 ns, 1.8664 ns/op
OverheadActual   9: 16777216 op, 31033165.00 ns, 1.8497 ns/op
OverheadActual  10: 16777216 op, 31963193.00 ns, 1.9052 ns/op
OverheadActual  11: 16777216 op, 30804197.00 ns, 1.8361 ns/op
OverheadActual  12: 16777216 op, 31109617.00 ns, 1.8543 ns/op
OverheadActual  13: 16777216 op, 31146207.00 ns, 1.8565 ns/op
OverheadActual  14: 16777216 op, 31321425.00 ns, 1.8669 ns/op
OverheadActual  15: 16777216 op, 30978554.00 ns, 1.8465 ns/op

WorkloadWarmup   1: 16777216 op, 907115054.00 ns, 54.0683 ns/op
WorkloadWarmup   2: 16777216 op, 909684021.00 ns, 54.2214 ns/op
WorkloadWarmup   3: 16777216 op, 908023288.00 ns, 54.1224 ns/op
WorkloadWarmup   4: 16777216 op, 908574419.00 ns, 54.1553 ns/op
WorkloadWarmup   5: 16777216 op, 906967234.00 ns, 54.0595 ns/op

// BeforeActualRun
WorkloadActual   1: 16777216 op, 907341393.00 ns, 54.0818 ns/op
WorkloadActual   2: 16777216 op, 907545004.00 ns, 54.0939 ns/op
WorkloadActual   3: 16777216 op, 907376158.00 ns, 54.0838 ns/op
WorkloadActual   4: 16777216 op, 909036563.00 ns, 54.1828 ns/op
WorkloadActual   5: 16777216 op, 906483819.00 ns, 54.0306 ns/op
WorkloadActual   6: 16777216 op, 907156548.00 ns, 54.0707 ns/op
WorkloadActual   7: 16777216 op, 907653286.00 ns, 54.1004 ns/op
WorkloadActual   8: 16777216 op, 913349176.00 ns, 54.4399 ns/op
WorkloadActual   9: 16777216 op, 907622288.00 ns, 54.0985 ns/op
WorkloadActual  10: 16777216 op, 908180272.00 ns, 54.1318 ns/op
WorkloadActual  11: 16777216 op, 912274217.00 ns, 54.3758 ns/op
WorkloadActual  12: 16777216 op, 907419410.00 ns, 54.0864 ns/op
WorkloadActual  13: 16777216 op, 907243892.00 ns, 54.0759 ns/op
WorkloadActual  14: 16777216 op, 907583487.00 ns, 54.0962 ns/op
WorkloadActual  15: 16777216 op, 907067977.00 ns, 54.0655 ns/op
WorkloadActual  16: 16777216 op, 907003576.00 ns, 54.0616 ns/op
WorkloadActual  17: 16777216 op, 906921362.00 ns, 54.0567 ns/op
WorkloadActual  18: 16777216 op, 907776742.00 ns, 54.1077 ns/op
WorkloadActual  19: 16777216 op, 908224591.00 ns, 54.1344 ns/op
WorkloadActual  20: 16777216 op, 907897547.00 ns, 54.1149 ns/op

// AfterActualRun
WorkloadResult   1: 16777216 op, 876085322.00 ns, 52.2188 ns/op
WorkloadResult   2: 16777216 op, 876288933.00 ns, 52.2309 ns/op
WorkloadResult   3: 16777216 op, 876120087.00 ns, 52.2208 ns/op
WorkloadResult   4: 16777216 op, 877780492.00 ns, 52.3198 ns/op
WorkloadResult   5: 16777216 op, 875227748.00 ns, 52.1676 ns/op
WorkloadResult   6: 16777216 op, 875900477.00 ns, 52.2077 ns/op
WorkloadResult   7: 16777216 op, 876397215.00 ns, 52.2373 ns/op
WorkloadResult   8: 16777216 op, 876366217.00 ns, 52.2355 ns/op
WorkloadResult   9: 16777216 op, 876924201.00 ns, 52.2688 ns/op
WorkloadResult  10: 16777216 op, 876163339.00 ns, 52.2234 ns/op
WorkloadResult  11: 16777216 op, 875987821.00 ns, 52.2129 ns/op
WorkloadResult  12: 16777216 op, 876327416.00 ns, 52.2332 ns/op
WorkloadResult  13: 16777216 op, 875811906.00 ns, 52.2025 ns/op
WorkloadResult  14: 16777216 op, 875747505.00 ns, 52.1986 ns/op
WorkloadResult  15: 16777216 op, 875665291.00 ns, 52.1937 ns/op
WorkloadResult  16: 16777216 op, 876520671.00 ns, 52.2447 ns/op
WorkloadResult  17: 16777216 op, 876968520.00 ns, 52.2714 ns/op
WorkloadResult  18: 16777216 op, 876641476.00 ns, 52.2519 ns/op
// GC:  0 0 0 0 16777216
// Threading:  0 0 16777216

// AfterAll
// Benchmark Process 3138 has exited with code 0.

Mean = 52.230 ns, StdErr = 0.008 ns (0.02%), N = 18, StdDev = 0.034 ns
Min = 52.168 ns, Q1 = 52.209 ns, Median = 52.227 ns, Q3 = 52.243 ns, Max = 52.320 ns
IQR = 0.034 ns, LowerFence = 52.158 ns, UpperFence = 52.294 ns
ConfidenceInterval = [52.198 ns; 52.262 ns] (CI 99.9%), Margin = 0.032 ns (0.06% of Mean)
Skewness = 0.7, Kurtosis = 3.56, MValue = 2

// ** Remained 17 (94.4 %) benchmark(s) to run. Estimated finish 2026-09-27 15:21 (0h 7m from now) **
// **************************
// Benchmark: MemoryCacheProviderBenchmarks.ExistsAsync_False: ShortRun(IterationCount=3, LaunchCount=1, WarmupCount=3)
// *** Execute ***
// Launch: 1 / 1
// Execute: dotnet Encina.Caching.Memory.Benchmarks-Job-NUBXJZ-1.dll --anonymousPipes 152 153 --benchmarkName Encina.Caching.Memory.Benchmarks.Benchmarks.MemoryCacheProviderBenchmarks.ExistsAsync_False --job ShortRun --benchmarkId 1 in /home/runner/work/Encina/Encina/tests/Encina.BenchmarkTests/Encina.Caching.Memory.Benchmarks/bin/Release/net10.0/Encina.Caching.Memory.Benchmarks-Job-NUBXJZ-1/bin/Release/net10.0
// Failed to set up high priority (Permission denied). In order to run benchmarks with high priority, make sure you have the right permissions.
// BeforeAnythingElse

// Benchmark Process Environment Information:
// BenchmarkDotNet v0.15.8
// Runtime=.NET 10.0.12 (10.0.12, 10.0.1226.42308), X64 RyuJIT x86-64-v3
// GC=Concurrent Workstation
// HardwareIntrinsics=AVX2+BMI1+BMI2+F16C+FMA+LZCNT+MOVBE,AVX,SSE3+SSSE3+SSE4.1+SSE4.2+POPCNT,X86Base+SSE+SSE2,AES+PCLMUL VectorSize=256
// Job: ShortRun(IterationCount=3, LaunchCount=1, WarmupCount=3)

OverheadJitting  1: 1 op, 239738.00 ns, 239.7380 us/op
WorkloadJitting  1: 1 op, 3488693.00 ns, 3.4887 ms/op

OverheadJitting  2: 16 op, 326821.00 ns, 20.4263 us/op
WorkloadJitting  2: 16 op, 343713.00 ns, 21.4821 us/op

WorkloadPilot    1: 16 op, 2936.00 ns, 183.5000 ns/op
WorkloadPilot    2: 32 op, 3787.00 ns, 118.3438 ns/op
WorkloadPilot    3: 64 op, 5180.00 ns, 80.9375 ns/op
WorkloadPilot    4: 128 op, 8296.00 ns, 64.8125 ns/op
WorkloadPilot    5: 256 op, 16130.00 ns, 63.0078 ns/op
WorkloadPilot    6: 512 op, 28794.00 ns, 56.2383 ns/op
WorkloadPilot    7: 1024 op, 56175.00 ns, 54.8584 ns/op
WorkloadPilot    8: 2048 op, 110617.00 ns, 54.0122 ns/op
WorkloadPilot    9: 4096 op, 241000.00 ns, 58.8379 ns/op
WorkloadPilot   10: 8192 op, 456323.00 ns, 55.7035 ns/op
WorkloadPilot   11: 16384 op, 895995.00 ns, 54.6872 ns/op
WorkloadPilot   12: 32768 op, 1786200.00 ns, 54.5105 ns/op
WorkloadPilot   13: 65536 op, 3557272.00 ns, 54.2797 ns/op
WorkloadPilot   14: 131072 op, 7098713.00 ns, 54.1589 ns/op
WorkloadPilot   15: 262144 op, 14213256.00 ns, 54.2193 ns/op
WorkloadPilot   16: 524288 op, 28315495.00 ns, 54.0075 ns/op
WorkloadPilot   17: 1048576 op, 56875006.00 ns, 54.2402 ns/op
WorkloadPilot   18: 2097152 op, 113361024.00 ns, 54.0547 ns/op
WorkloadPilot   19: 4194304 op, 226774355.00 ns, 54.0672 ns/op
WorkloadPilot   20: 8388608 op, 454580462.00 ns, 54.1902 ns/op
WorkloadPilot   21: 16777216 op, 907606706.00 ns, 54.0976 ns/op

OverheadWarmup   1: 16777216 op, 31458250.00 ns, 1.8751 ns/op
OverheadWarmup   2: 16777216 op, 31324281.00 ns, 1.8671 ns/op
OverheadWarmup   3: 16777216 op, 31785693.00 ns, 1.8946 ns/op
OverheadWarmup   4: 16777216 op, 31103277.00 ns, 1.8539 ns/op
OverheadWarmup   5: 16777216 op, 31195667.00 ns, 1.8594 ns/op
OverheadWarmup   6: 16777216 op, 30999212.00 ns, 1.8477 ns/op

OverheadActual   1: 16777216 op, 31472438.00 ns, 1.8759 ns/op
OverheadActual   2: 16777216 op, 31626646.00 ns, 1.8851 ns/op
OverheadActual   3: 16777216 op, 31178748.00 ns, 1.8584 ns/op
OverheadActual   4: 16777216 op, 31194948.00 ns, 1.8594 ns/op
OverheadActual   5: 16777216 op, 30969186.00 ns, 1.8459 ns/op
OverheadActual   6: 16777216 op, 31423997.00 ns, 1.8730 ns/op
OverheadActual   7: 16777216 op, 31177225.00 ns, 1.8583 ns/op
OverheadActual   8: 16777216 op, 31885790.00 ns, 1.9005 ns/op
OverheadActual   9: 16777216 op, 30988833.00 ns, 1.8471 ns/op
OverheadActual  10: 16777216 op, 31278615.00 ns, 1.8644 ns/op
OverheadActual  11: 16777216 op, 31476054.00 ns, 1.8761 ns/op
OverheadActual  12: 16777216 op, 31208975.00 ns, 1.8602 ns/op
OverheadActual  13: 16777216 op, 31379573.00 ns, 1.8704 ns/op
OverheadActual  14: 16777216 op, 31024650.00 ns, 1.8492 ns/op
OverheadActual  15: 16777216 op, 31918751.00 ns, 1.9025 ns/op

WorkloadWarmup   1: 16777216 op, 908133122.00 ns, 54.1290 ns/op
WorkloadWarmup   2: 16777216 op, 907238004.00 ns, 54.0756 ns/op
WorkloadWarmup   3: 16777216 op, 908142776.00 ns, 54.1295 ns/op

// BeforeActualRun
WorkloadActual   1: 16777216 op, 907321511.00 ns, 54.0806 ns/op
WorkloadActual   2: 16777216 op, 906442497.00 ns, 54.0282 ns/op
WorkloadActual   3: 16777216 op, 909706850.00 ns, 54.2228 ns/op

// AfterActualRun
WorkloadResult   1: 16777216 op, 876042896.00 ns, 52.2162 ns/op
WorkloadResult   2: 16777216 op, 875163882.00 ns, 52.1638 ns/op
WorkloadResult   3: 16777216 op, 878428235.00 ns, 52.3584 ns/op
// GC:  0 0 0 0 16777216
// Threading:  0 0 16777216

// AfterAll
// Benchmark Process 3154 has exited with code 0.

Mean = 52.246 ns, StdErr = 0.058 ns (0.11%), N = 3, StdDev = 0.101 ns
Min = 52.164 ns, Q1 = 52.190 ns, Median = 52.216 ns, Q3 = 52.287 ns, Max = 52.358 ns
IQR = 0.097 ns, LowerFence = 52.044 ns, UpperFence = 52.433 ns
ConfidenceInterval = [50.409 ns; 54.083 ns] (CI 99.9%), Margin = 1.837 ns (3.52% of Mean)
Skewness = 0.27, Kurtosis = 0.67, MValue = 2

// ** Remained 16 (88.9 %) benchmark(s) to run. Estimated finish 2026-09-27 15:18 (0h 4m from now) **
// **************************
// Benchmark: MemoryCacheProviderBenchmarks.ExistsAsync_True: Job-NUBXJZ(IterationCount=20, WarmupCount=5)
// *** Execute ***
// Launch: 1 / 1
// Execute: dotnet Encina.Caching.Memory.Benchmarks-Job-NUBXJZ-1.dll --anonymousPipes 152 153 --benchmarkName Encina.Caching.Memory.Benchmarks.Benchmarks.MemoryCacheProviderBenchmarks.ExistsAsync_True --job "IterationCount=20, WarmupCount=5" --benchmarkId 2 in /home/runner/work/Encina/Encina/tests/Encina.BenchmarkTests/Encina.Caching.Memory.Benchmarks/bin/Release/net10.0/Encina.Caching.Memory.Benchmarks-Job-NUBXJZ-1/bin/Release/net10.0
// Failed to set up high priority (Permission denied). In order to run benchmarks with high priority, make sure you have the right permissions.
// BeforeAnythingElse

// Benchmark Process Environment Information:
// BenchmarkDotNet v0.15.8
// Runtime=.NET 10.0.12 (10.0.12, 10.0.1226.42308), X64 RyuJIT x86-64-v3
// GC=Concurrent Workstation
// HardwareIntrinsics=AVX2+BMI1+BMI2+F16C+FMA+LZCNT+MOVBE,AVX,SSE3+SSSE3+SSE4.1+SSE4.2+POPCNT,X86Base+SSE+SSE2,AES+PCLMUL VectorSize=256
// Job: Job-NUBXJZ(IterationCount=20, WarmupCount=5)

OverheadJitting  1: 1 op, 257592.00 ns, 257.5920 us/op
WorkloadJitting  1: 1 op, 3598150.00 ns, 3.5982 ms/op

OverheadJitting  2: 16 op, 333584.00 ns, 20.8490 us/op
WorkloadJitting  2: 16 op, 357158.00 ns, 22.3224 us/op

WorkloadPilot    1: 16 op, 3626.00 ns, 226.6250 ns/op
WorkloadPilot    2: 32 op, 4408.00 ns, 137.7500 ns/op
WorkloadPilot    3: 64 op, 6151.00 ns, 96.1094 ns/op
WorkloadPilot    4: 128 op, 15398.00 ns, 120.2969 ns/op
WorkloadPilot    5: 256 op, 30297.00 ns, 118.3477 ns/op
WorkloadPilot    6: 512 op, 48040.00 ns, 93.8281 ns/op
WorkloadPilot    7: 1024 op, 76182.00 ns, 74.3965 ns/op
WorkloadPilot    8: 2048 op, 166020.00 ns, 81.0645 ns/op
WorkloadPilot    9: 4096 op, 265396.00 ns, 64.7939 ns/op
WorkloadPilot   10: 8192 op, 521776.00 ns, 63.6934 ns/op
WorkloadPilot   11: 16384 op, 1064090.00 ns, 64.9469 ns/op
WorkloadPilot   12: 32768 op, 2088466.00 ns, 63.7349 ns/op
WorkloadPilot   13: 65536 op, 4236554.00 ns, 64.6447 ns/op
WorkloadPilot   14: 131072 op, 8276080.00 ns, 63.1415 ns/op
WorkloadPilot   15: 262144 op, 16584401.00 ns, 63.2645 ns/op
WorkloadPilot   16: 524288 op, 32926256.00 ns, 62.8018 ns/op
WorkloadPilot   17: 1048576 op, 66054832.00 ns, 62.9948 ns/op
WorkloadPilot   18: 2097152 op, 131650296.00 ns, 62.7758 ns/op
WorkloadPilot   19: 4194304 op, 263433519.00 ns, 62.8074 ns/op
WorkloadPilot   20: 8388608 op, 526686620.00 ns, 62.7859 ns/op

OverheadWarmup   1: 8388608 op, 15554013.00 ns, 1.8542 ns/op
OverheadWarmup   2: 8388608 op, 15767201.00 ns, 1.8796 ns/op
OverheadWarmup   3: 8388608 op, 15682012.00 ns, 1.8694 ns/op
OverheadWarmup   4: 8388608 op, 15497817.00 ns, 1.8475 ns/op
OverheadWarmup   5: 8388608 op, 15505151.00 ns, 1.8484 ns/op
OverheadWarmup   6: 8388608 op, 15572718.00 ns, 1.8564 ns/op
OverheadWarmup   7: 8388608 op, 15442194.00 ns, 1.8409 ns/op

OverheadActual   1: 8388608 op, 15620968.00 ns, 1.8622 ns/op
OverheadActual   2: 8388608 op, 15531311.00 ns, 1.8515 ns/op
OverheadActual   3: 8388608 op, 15605389.00 ns, 1.8603 ns/op
OverheadActual   4: 8388608 op, 15646887.00 ns, 1.8653 ns/op
OverheadActual   5: 8388608 op, 15708992.00 ns, 1.8727 ns/op
OverheadActual   6: 8388608 op, 15642669.00 ns, 1.8648 ns/op
OverheadActual   7: 8388608 op, 15492348.00 ns, 1.8468 ns/op
OverheadActual   8: 8388608 op, 15555616.00 ns, 1.8544 ns/op
OverheadActual   9: 8388608 op, 15435011.00 ns, 1.8400 ns/op
OverheadActual  10: 8388608 op, 15412098.00 ns, 1.8373 ns/op
OverheadActual  11: 8388608 op, 15485685.00 ns, 1.8460 ns/op
OverheadActual  12: 8388608 op, 15920800.00 ns, 1.8979 ns/op
OverheadActual  13: 8388608 op, 15481397.00 ns, 1.8455 ns/op
OverheadActual  14: 8388608 op, 15607804.00 ns, 1.8606 ns/op
OverheadActual  15: 8388608 op, 15689666.00 ns, 1.8704 ns/op

WorkloadWarmup   1: 8388608 op, 526545736.00 ns, 62.7691 ns/op
WorkloadWarmup   2: 8388608 op, 526239293.00 ns, 62.7326 ns/op
WorkloadWarmup   3: 8388608 op, 526559051.00 ns, 62.7707 ns/op
WorkloadWarmup   4: 8388608 op, 527088290.00 ns, 62.8338 ns/op
WorkloadWarmup   5: 8388608 op, 526556096.00 ns, 62.7704 ns/op

// BeforeActualRun
WorkloadActual   1: 8388608 op, 527126293.00 ns, 62.8384 ns/op
WorkloadActual   2: 8388608 op, 527398461.00 ns, 62.8708 ns/op
WorkloadActual   3: 8388608 op, 528258230.00 ns, 62.9733 ns/op
WorkloadActual   4: 8388608 op, 527018822.00 ns, 62.8255 ns/op
WorkloadActual   5: 8388608 op, 527125991.00 ns, 62.8383 ns/op
WorkloadActual   6: 8388608 op, 526241106.00 ns, 62.7328 ns/op
WorkloadActual   7: 8388608 op, 533499743.00 ns, 63.5981 ns/op
WorkloadActual   8: 8388608 op, 526425058.00 ns, 62.7548 ns/op
WorkloadActual   9: 8388608 op, 526585898.00 ns, 62.7739 ns/op
WorkloadActual  10: 8388608 op, 526288010.00 ns, 62.7384 ns/op
WorkloadActual  11: 8388608 op, 526620032.00 ns, 62.7780 ns/op
WorkloadActual  12: 8388608 op, 526997738.00 ns, 62.8230 ns/op
WorkloadActual  13: 8388608 op, 527019298.00 ns, 62.8256 ns/op
WorkloadActual  14: 8388608 op, 526463949.00 ns, 62.7594 ns/op
WorkloadActual  15: 8388608 op, 526894696.00 ns, 62.8107 ns/op
WorkloadActual  16: 8388608 op, 526290896.00 ns, 62.7388 ns/op
WorkloadActual  17: 8388608 op, 526131798.00 ns, 62.7198 ns/op
WorkloadActual  18: 8388608 op, 526646491.00 ns, 62.7812 ns/op
WorkloadActual  19: 8388608 op, 526325941.00 ns, 62.7429 ns/op
WorkloadActual  20: 8388608 op, 526601657.00 ns, 62.7758 ns/op

// AfterActualRun
WorkloadResult   1: 8388608 op, 511520904.00 ns, 60.9780 ns/op
WorkloadResult   2: 8388608 op, 511793072.00 ns, 61.0105 ns/op
WorkloadResult   3: 8388608 op, 511413433.00 ns, 60.9652 ns/op
WorkloadResult   4: 8388608 op, 511520602.00 ns, 60.9780 ns/op
WorkloadResult   5: 8388608 op, 510635717.00 ns, 60.8725 ns/op
WorkloadResult   6: 8388608 op, 510819669.00 ns, 60.8944 ns/op
WorkloadResult   7: 8388608 op, 510980509.00 ns, 60.9136 ns/op
WorkloadResult   8: 8388608 op, 510682621.00 ns, 60.8781 ns/op
WorkloadResult   9: 8388608 op, 511014643.00 ns, 60.9177 ns/op
WorkloadResult  10: 8388608 op, 511392349.00 ns, 60.9627 ns/op
WorkloadResult  11: 8388608 op, 511413909.00 ns, 60.9653 ns/op
WorkloadResult  12: 8388608 op, 510858560.00 ns, 60.8991 ns/op
WorkloadResult  13: 8388608 op, 511289307.00 ns, 60.9504 ns/op
WorkloadResult  14: 8388608 op, 510685507.00 ns, 60.8785 ns/op
WorkloadResult  15: 8388608 op, 510526409.00 ns, 60.8595 ns/op
WorkloadResult  16: 8388608 op, 511041102.00 ns, 60.9208 ns/op
WorkloadResult  17: 8388608 op, 510720552.00 ns, 60.8826 ns/op
WorkloadResult  18: 8388608 op, 510996268.00 ns, 60.9155 ns/op
// GC:  0 0 0 0 8388608
// Threading:  0 0 8388608

// AfterAll
// Benchmark Process 3165 has exited with code 0.

Mean = 60.925 ns, StdErr = 0.010 ns (0.02%), N = 18, StdDev = 0.044 ns
Min = 60.859 ns, Q1 = 60.886 ns, Median = 60.917 ns, Q3 = 60.965 ns, Max = 61.010 ns
IQR = 0.079 ns, LowerFence = 60.767 ns, UpperFence = 61.083 ns
ConfidenceInterval = [60.883 ns; 60.966 ns] (CI 99.9%), Margin = 0.041 ns (0.07% of Mean)
Skewness = 0.26, Kurtosis = 1.7, MValue = 2

// ** Remained 15 (83.3 %) benchmark(s) to run. Estimated finish 2026-09-27 15:18 (0h 4m from now) **
// **************************
// Benchmark: MemoryCacheProviderBenchmarks.ExistsAsync_True: ShortRun(IterationCount=3, LaunchCount=1, WarmupCount=3)
// *** Execute ***
// Launch: 1 / 1
// Execute: dotnet Encina.Caching.Memory.Benchmarks-Job-NUBXJZ-1.dll --anonymousPipes 152 153 --benchmarkName Encina.Caching.Memory.Benchmarks.Benchmarks.MemoryCacheProviderBenchmarks.ExistsAsync_True --job ShortRun --benchmarkId 3 in /home/runner/work/Encina/Encina/tests/Encina.BenchmarkTests/Encina.Caching.Memory.Benchmarks/bin/Release/net10.0/Encina.Caching.Memory.Benchmarks-Job-NUBXJZ-1/bin/Release/net10.0
// Failed to set up high priority (Permission denied). In order to run benchmarks with high priority, make sure you have the right permissions.
// BeforeAnythingElse

// Benchmark Process Environment Information:
// BenchmarkDotNet v0.15.8
// Runtime=.NET 10.0.12 (10.0.12, 10.0.1226.42308), X64 RyuJIT x86-64-v3
// GC=Concurrent Workstation
// HardwareIntrinsics=AVX2+BMI1+BMI2+F16C+FMA+LZCNT+MOVBE,AVX,SSE3+SSSE3+SSE4.1+SSE4.2+POPCNT,X86Base+SSE+SSE2,AES+PCLMUL VectorSize=256
// Job: ShortRun(IterationCount=3, LaunchCount=1, WarmupCount=3)

OverheadJitting  1: 1 op, 242423.00 ns, 242.4230 us/op
WorkloadJitting  1: 1 op, 3522188.00 ns, 3.5222 ms/op

OverheadJitting  2: 16 op, 334295.00 ns, 20.8934 us/op
WorkloadJitting  2: 16 op, 372968.00 ns, 23.3105 us/op

WorkloadPilot    1: 16 op, 3807.00 ns, 237.9375 ns/op
WorkloadPilot    2: 32 op, 4128.00 ns, 129.0000 ns/op
WorkloadPilot    3: 64 op, 5831.00 ns, 91.1094 ns/op
WorkloadPilot    4: 128 op, 9838.00 ns, 76.8594 ns/op
WorkloadPilot    5: 256 op, 17432.00 ns, 68.0938 ns/op
WorkloadPilot    6: 512 op, 33112.00 ns, 64.6719 ns/op
WorkloadPilot    7: 1024 op, 64240.00 ns, 62.7344 ns/op
WorkloadPilot    8: 2048 op, 127338.00 ns, 62.1768 ns/op
WorkloadPilot    9: 4096 op, 253503.00 ns, 61.8904 ns/op
WorkloadPilot   10: 8192 op, 501828.00 ns, 61.2583 ns/op
WorkloadPilot   11: 16384 op, 1035307.00 ns, 63.1901 ns/op
WorkloadPilot   12: 32768 op, 2030528.00 ns, 61.9668 ns/op
WorkloadPilot   13: 65536 op, 4080943.00 ns, 62.2702 ns/op
WorkloadPilot   14: 131072 op, 8108485.00 ns, 61.8628 ns/op
WorkloadPilot   15: 262144 op, 16316686.00 ns, 62.2432 ns/op
WorkloadPilot   16: 524288 op, 32434430.00 ns, 61.8638 ns/op
WorkloadPilot   17: 1048576 op, 65425833.00 ns, 62.3949 ns/op
WorkloadPilot   18: 2097152 op, 129770854.00 ns, 61.8796 ns/op
WorkloadPilot   19: 4194304 op, 261888677.00 ns, 62.4391 ns/op
WorkloadPilot   20: 8388608 op, 519248861.00 ns, 61.8993 ns/op

OverheadWarmup   1: 8388608 op, 15804729.00 ns, 1.8841 ns/op
OverheadWarmup   2: 8388608 op, 15853099.00 ns, 1.8898 ns/op
OverheadWarmup   3: 8388608 op, 15542527.00 ns, 1.8528 ns/op
OverheadWarmup   4: 8388608 op, 15730249.00 ns, 1.8752 ns/op
OverheadWarmup   5: 8388608 op, 15629260.00 ns, 1.8632 ns/op

OverheadActual   1: 8388608 op, 15612248.00 ns, 1.8611 ns/op
OverheadActual   2: 8388608 op, 15699181.00 ns, 1.8715 ns/op
OverheadActual   3: 8388608 op, 15437381.00 ns, 1.8403 ns/op
OverheadActual   4: 8388608 op, 15650760.00 ns, 1.8657 ns/op
OverheadActual   5: 8388608 op, 15536286.00 ns, 1.8521 ns/op
OverheadActual   6: 8388608 op, 15553978.00 ns, 1.8542 ns/op
OverheadActual   7: 8388608 op, 15531756.00 ns, 1.8515 ns/op
OverheadActual   8: 8388608 op, 15352371.00 ns, 1.8301 ns/op
OverheadActual   9: 8388608 op, 15531376.00 ns, 1.8515 ns/op
OverheadActual  10: 8388608 op, 15560000.00 ns, 1.8549 ns/op
OverheadActual  11: 8388608 op, 15504436.00 ns, 1.8483 ns/op
OverheadActual  12: 8388608 op, 15312927.00 ns, 1.8254 ns/op
OverheadActual  13: 8388608 op, 16304705.00 ns, 1.9437 ns/op
OverheadActual  14: 8388608 op, 15682409.00 ns, 1.8695 ns/op
OverheadActual  15: 8388608 op, 15420008.00 ns, 1.8382 ns/op

WorkloadWarmup   1: 8388608 op, 519502383.00 ns, 61.9295 ns/op
WorkloadWarmup   2: 8388608 op, 518805266.00 ns, 61.8464 ns/op
WorkloadWarmup   3: 8388608 op, 518981547.00 ns, 61.8674 ns/op

// BeforeActualRun
WorkloadActual   1: 8388608 op, 519558604.00 ns, 61.9362 ns/op
WorkloadActual   2: 8388608 op, 519216613.00 ns, 61.8954 ns/op
WorkloadActual   3: 8388608 op, 519891424.00 ns, 61.9759 ns/op

// AfterActualRun
WorkloadResult   1: 8388608 op, 504022318.00 ns, 60.0841 ns/op
WorkloadResult   2: 8388608 op, 503680327.00 ns, 60.0434 ns/op
WorkloadResult   3: 8388608 op, 504355138.00 ns, 60.1238 ns/op
// GC:  0 0 0 0 8388608
// Threading:  0 0 8388608

// AfterAll
// Benchmark Process 3174 has exited with code 0.

Mean = 60.084 ns, StdErr = 0.023 ns (0.04%), N = 3, StdDev = 0.040 ns
Min = 60.043 ns, Q1 = 60.064 ns, Median = 60.084 ns, Q3 = 60.104 ns, Max = 60.124 ns
IQR = 0.040 ns, LowerFence = 60.003 ns, UpperFence = 60.164 ns
ConfidenceInterval = [59.350 ns; 60.818 ns] (CI 99.9%), Margin = 0.734 ns (1.22% of Mean)
Skewness = -0.01, Kurtosis = 0.67, MValue = 2

// ** Remained 14 (77.8 %) benchmark(s) to run. Estimated finish 2026-09-27 15:17 (0h 3m from now) **
// **************************
// Benchmark: MemoryCacheProviderBenchmarks.GetAsync_CacheHit: Job-NUBXJZ(IterationCount=20, WarmupCount=5)
// *** Execute ***
// Launch: 1 / 1
// Execute: dotnet Encina.Caching.Memory.Benchmarks-Job-NUBXJZ-1.dll --anonymousPipes 152 153 --benchmarkName Encina.Caching.Memory.Benchmarks.Benchmarks.MemoryCacheProviderBenchmarks.GetAsync_CacheHit --job "IterationCount=20, WarmupCount=5" --benchmarkId 4 in /home/runner/work/Encina/Encina/tests/Encina.BenchmarkTests/Encina.Caching.Memory.Benchmarks/bin/Release/net10.0/Encina.Caching.Memory.Benchmarks-Job-NUBXJZ-1/bin/Release/net10.0
// Failed to set up high priority (Permission denied). In order to run benchmarks with high priority, make sure you have the right permissions.
// BeforeAnythingElse

// Benchmark Process Environment Information:
// BenchmarkDotNet v0.15.8
// Runtime=.NET 10.0.12 (10.0.12, 10.0.1226.42308), X64 RyuJIT x86-64-v3
// GC=Concurrent Workstation
// HardwareIntrinsics=AVX2+BMI1+BMI2+F16C+FMA+LZCNT+MOVBE,AVX,SSE3+SSSE3+SSE4.1+SSE4.2+POPCNT,X86Base+SSE+SSE2,AES+PCLMUL VectorSize=256
// Job: Job-NUBXJZ(IterationCount=20, WarmupCount=5)

OverheadJitting  1: 1 op, 227896.00 ns, 227.8960 us/op
WorkloadJitting  1: 1 op, 3922976.00 ns, 3.9230 ms/op

OverheadJitting  2: 16 op, 476191.00 ns, 29.7619 us/op
WorkloadJitting  2: 16 op, 509162.00 ns, 31.8226 us/op

WorkloadPilot    1: 16 op, 4929.00 ns, 308.0625 ns/op
WorkloadPilot    2: 32 op, 26850.00 ns, 839.0625 ns/op
WorkloadPilot    3: 64 op, 27581.00 ns, 430.9531 ns/op
WorkloadPilot    4: 128 op, 32841.00 ns, 256.5703 ns/op
WorkloadPilot    5: 256 op, 74960.00 ns, 292.8125 ns/op
WorkloadPilot    6: 512 op, 99837.00 ns, 194.9941 ns/op
WorkloadPilot    7: 1024 op, 180738.00 ns, 176.5020 ns/op
WorkloadPilot    8: 2048 op, 282849.00 ns, 138.1099 ns/op
WorkloadPilot    9: 4096 op, 609430.00 ns, 148.7866 ns/op
WorkloadPilot   10: 8192 op, 1229018.00 ns, 150.0266 ns/op
WorkloadPilot   11: 16384 op, 2345847.00 ns, 143.1791 ns/op
WorkloadPilot   12: 32768 op, 4723083.00 ns, 144.1371 ns/op
WorkloadPilot   13: 65536 op, 9263134.00 ns, 141.3442 ns/op
WorkloadPilot   14: 131072 op, 17251753.00 ns, 131.6204 ns/op
WorkloadPilot   15: 262144 op, 23773891.00 ns, 90.6902 ns/op
WorkloadPilot   16: 524288 op, 49020266.00 ns, 93.4987 ns/op
WorkloadPilot   17: 1048576 op, 93869180.00 ns, 89.5206 ns/op
WorkloadPilot   18: 2097152 op, 185252159.00 ns, 88.3351 ns/op
WorkloadPilot   19: 4194304 op, 370769234.00 ns, 88.3983 ns/op
WorkloadPilot   20: 8388608 op, 741044725.00 ns, 88.3394 ns/op

OverheadWarmup   1: 8388608 op, 27756629.00 ns, 3.3088 ns/op
OverheadWarmup   2: 8388608 op, 27782678.00 ns, 3.3120 ns/op
OverheadWarmup   3: 8388608 op, 27874660.00 ns, 3.3229 ns/op
OverheadWarmup   4: 8388608 op, 27796504.00 ns, 3.3136 ns/op
OverheadWarmup   5: 8388608 op, 27737003.00 ns, 3.3065 ns/op
OverheadWarmup   6: 8388608 op, 27796193.00 ns, 3.3136 ns/op
OverheadWarmup   7: 8388608 op, 28212511.00 ns, 3.3632 ns/op
OverheadWarmup   8: 8388608 op, 27872116.00 ns, 3.3226 ns/op

OverheadActual   1: 8388608 op, 27858019.00 ns, 3.3209 ns/op
OverheadActual   2: 8388608 op, 27873859.00 ns, 3.3228 ns/op
OverheadActual   3: 8388608 op, 28145046.00 ns, 3.3552 ns/op
OverheadActual   4: 8388608 op, 28120530.00 ns, 3.3522 ns/op
OverheadActual   5: 8388608 op, 27797134.00 ns, 3.3137 ns/op
OverheadActual   6: 8388608 op, 27861275.00 ns, 3.3213 ns/op
OverheadActual   7: 8388608 op, 27741631.00 ns, 3.3071 ns/op
OverheadActual   8: 8388608 op, 27740329.00 ns, 3.3069 ns/op
OverheadActual   9: 8388608 op, 27792185.00 ns, 3.3131 ns/op
OverheadActual  10: 8388608 op, 27780283.00 ns, 3.3117 ns/op
OverheadActual  11: 8388608 op, 27759815.00 ns, 3.3092 ns/op
OverheadActual  12: 8388608 op, 27749957.00 ns, 3.3081 ns/op
OverheadActual  13: 8388608 op, 27766027.00 ns, 3.3100 ns/op
OverheadActual  14: 8388608 op, 27753253.00 ns, 3.3084 ns/op
OverheadActual  15: 8388608 op, 27757210.00 ns, 3.3089 ns/op

WorkloadWarmup   1: 8388608 op, 751040248.00 ns, 89.5310 ns/op
WorkloadWarmup   2: 8388608 op, 745279541.00 ns, 88.8442 ns/op
WorkloadWarmup   3: 8388608 op, 738564664.00 ns, 88.0438 ns/op
WorkloadWarmup   4: 8388608 op, 736319766.00 ns, 87.7762 ns/op
WorkloadWarmup   5: 8388608 op, 740423040.00 ns, 88.2653 ns/op

// BeforeActualRun
WorkloadActual   1: 8388608 op, 745008546.00 ns, 88.8119 ns/op
WorkloadActual   2: 8388608 op, 749044654.00 ns, 89.2931 ns/op
WorkloadActual   3: 8388608 op, 758260928.00 ns, 90.3917 ns/op
WorkloadActual   4: 8388608 op, 743219089.00 ns, 88.5986 ns/op
WorkloadActual   5: 8388608 op, 744636941.00 ns, 88.7676 ns/op
WorkloadActual   6: 8388608 op, 744853927.00 ns, 88.7935 ns/op
WorkloadActual   7: 8388608 op, 745504553.00 ns, 88.8711 ns/op
WorkloadActual   8: 8388608 op, 744246485.00 ns, 88.7211 ns/op
WorkloadActual   9: 8388608 op, 743450902.00 ns, 88.6263 ns/op
WorkloadActual  10: 8388608 op, 742023783.00 ns, 88.4561 ns/op
WorkloadActual  11: 8388608 op, 747473406.00 ns, 89.1058 ns/op
WorkloadActual  12: 8388608 op, 750576627.00 ns, 89.4757 ns/op
WorkloadActual  13: 8388608 op, 755097683.00 ns, 90.0147 ns/op
WorkloadActual  14: 8388608 op, 749069921.00 ns, 89.2961 ns/op
WorkloadActual  15: 8388608 op, 748593770.00 ns, 89.2393 ns/op
WorkloadActual  16: 8388608 op, 758957831.00 ns, 90.4748 ns/op
WorkloadActual  17: 8388608 op, 755049963.00 ns, 90.0090 ns/op
WorkloadActual  18: 8388608 op, 759137482.00 ns, 90.4962 ns/op
WorkloadActual  19: 8388608 op, 758342434.00 ns, 90.4015 ns/op
WorkloadActual  20: 8388608 op, 752760897.00 ns, 89.7361 ns/op

// AfterActualRun
WorkloadResult   1: 8388608 op, 717228263.00 ns, 85.5003 ns/op
WorkloadResult   2: 8388608 op, 721264371.00 ns, 85.9814 ns/op
WorkloadResult   3: 8388608 op, 730480645.00 ns, 87.0801 ns/op
WorkloadResult   4: 8388608 op, 715438806.00 ns, 85.2870 ns/op
WorkloadResult   5: 8388608 op, 716856658.00 ns, 85.4560 ns/op
WorkloadResult   6: 8388608 op, 717073644.00 ns, 85.4818 ns/op
WorkloadResult   7: 8388608 op, 717724270.00 ns, 85.5594 ns/op
WorkloadResult   8: 8388608 op, 716466202.00 ns, 85.4094 ns/op
WorkloadResult   9: 8388608 op, 715670619.00 ns, 85.3146 ns/op
WorkloadResult  10: 8388608 op, 714243500.00 ns, 85.1445 ns/op
WorkloadResult  11: 8388608 op, 719693123.00 ns, 85.7941 ns/op
WorkloadResult  12: 8388608 op, 722796344.00 ns, 86.1640 ns/op
WorkloadResult  13: 8388608 op, 727317400.00 ns, 86.7030 ns/op
WorkloadResult  14: 8388608 op, 721289638.00 ns, 85.9844 ns/op
WorkloadResult  15: 8388608 op, 720813487.00 ns, 85.9277 ns/op
WorkloadResult  16: 8388608 op, 731177548.00 ns, 87.1632 ns/op
WorkloadResult  17: 8388608 op, 727269680.00 ns, 86.6973 ns/op
WorkloadResult  18: 8388608 op, 731357199.00 ns, 87.1846 ns/op
WorkloadResult  19: 8388608 op, 730562151.00 ns, 87.0898 ns/op
WorkloadResult  20: 8388608 op, 724980614.00 ns, 86.4244 ns/op
// GC:  72 0 0 1207959552 8388608
// Threading:  0 0 8388608

// AfterAll
// Benchmark Process 3181 has exited with code 0.

Mean = 86.067 ns, StdErr = 0.157 ns (0.18%), N = 20, StdDev = 0.700 ns
Min = 85.144 ns, Q1 = 85.475 ns, Median = 85.955 ns, Q3 = 86.699 ns, Max = 87.185 ns
IQR = 1.223 ns, LowerFence = 83.640 ns, UpperFence = 88.534 ns
ConfidenceInterval = [85.459 ns; 86.676 ns] (CI 99.9%), Margin = 0.608 ns (0.71% of Mean)
Skewness = 0.38, Kurtosis = 1.56, MValue = 2

// ** Remained 13 (72.2 %) benchmark(s) to run. Estimated finish 2026-09-27 15:18 (0h 3m from now) **
// **************************
// Benchmark: MemoryCacheProviderBenchmarks.GetAsync_CacheHit: ShortRun(IterationCount=3, LaunchCount=1, WarmupCount=3)
// *** Execute ***
// Launch: 1 / 1
// Execute: dotnet Encina.Caching.Memory.Benchmarks-Job-NUBXJZ-1.dll --anonymousPipes 152 153 --benchmarkName Encina.Caching.Memory.Benchmarks.Benchmarks.MemoryCacheProviderBenchmarks.GetAsync_CacheHit --job ShortRun --benchmarkId 5 in /home/runner/work/Encina/Encina/tests/Encina.BenchmarkTests/Encina.Caching.Memory.Benchmarks/bin/Release/net10.0/Encina.Caching.Memory.Benchmarks-Job-NUBXJZ-1/bin/Release/net10.0
// Failed to set up high priority (Permission denied). In order to run benchmarks with high priority, make sure you have the right permissions.
// BeforeAnythingElse

// Benchmark Process Environment Information:
// BenchmarkDotNet v0.15.8
// Runtime=.NET 10.0.12 (10.0.12, 10.0.1226.42308), X64 RyuJIT x86-64-v3
// GC=Concurrent Workstation
// HardwareIntrinsics=AVX2+BMI1+BMI2+F16C+FMA+LZCNT+MOVBE,AVX,SSE3+SSSE3+SSE4.1+SSE4.2+POPCNT,X86Base+SSE+SSE2,AES+PCLMUL VectorSize=256
// Job: ShortRun(IterationCount=3, LaunchCount=1, WarmupCount=3)

OverheadJitting  1: 1 op, 235952.00 ns, 235.9520 us/op
WorkloadJitting  1: 1 op, 4142126.00 ns, 4.1421 ms/op

OverheadJitting  2: 16 op, 476270.00 ns, 29.7669 us/op
WorkloadJitting  2: 16 op, 539319.00 ns, 33.7074 us/op

WorkloadPilot    1: 16 op, 6222.00 ns, 388.8750 ns/op
WorkloadPilot    2: 32 op, 32942.00 ns, 1.0294 us/op
WorkloadPilot    3: 64 op, 29014.00 ns, 453.3438 ns/op
WorkloadPilot    4: 128 op, 43020.00 ns, 336.0938 ns/op
WorkloadPilot    5: 256 op, 74069.00 ns, 289.3320 ns/op
WorkloadPilot    6: 512 op, 95840.00 ns, 187.1875 ns/op
WorkloadPilot    7: 1024 op, 184505.00 ns, 180.1807 ns/op
WorkloadPilot    8: 2048 op, 342140.00 ns, 167.0605 ns/op
WorkloadPilot    9: 4096 op, 546191.00 ns, 133.3474 ns/op
WorkloadPilot   10: 8192 op, 1166762.00 ns, 142.4270 ns/op
WorkloadPilot   11: 16384 op, 2387996.00 ns, 145.7517 ns/op
WorkloadPilot   12: 32768 op, 4633254.00 ns, 141.3957 ns/op
WorkloadPilot   13: 65536 op, 9159769.00 ns, 139.7670 ns/op
WorkloadPilot   14: 131072 op, 17279624.00 ns, 131.8331 ns/op
WorkloadPilot   15: 262144 op, 23194464.00 ns, 88.4799 ns/op
WorkloadPilot   16: 524288 op, 47724477.00 ns, 91.0272 ns/op
WorkloadPilot   17: 1048576 op, 90216578.00 ns, 86.0372 ns/op
WorkloadPilot   18: 2097152 op, 181034570.00 ns, 86.3240 ns/op
WorkloadPilot   19: 4194304 op, 357581779.00 ns, 85.2541 ns/op
WorkloadPilot   20: 8388608 op, 716549831.00 ns, 85.4194 ns/op

OverheadWarmup   1: 8388608 op, 27763158.00 ns, 3.3096 ns/op
OverheadWarmup   2: 8388608 op, 27810797.00 ns, 3.3153 ns/op
OverheadWarmup   3: 8388608 op, 27750365.00 ns, 3.3081 ns/op
OverheadWarmup   4: 8388608 op, 27761735.00 ns, 3.3095 ns/op
OverheadWarmup   5: 8388608 op, 27792273.00 ns, 3.3131 ns/op
OverheadWarmup   6: 8388608 op, 27734955.00 ns, 3.3063 ns/op

OverheadActual   1: 8388608 op, 27824904.00 ns, 3.3170 ns/op
OverheadActual   2: 8388608 op, 27773938.00 ns, 3.3109 ns/op
OverheadActual   3: 8388608 op, 27848127.00 ns, 3.3198 ns/op
OverheadActual   4: 8388608 op, 27792543.00 ns, 3.3131 ns/op
OverheadActual   5: 8388608 op, 27767516.00 ns, 3.3101 ns/op
OverheadActual   6: 8388608 op, 27770782.00 ns, 3.3105 ns/op
OverheadActual   7: 8388608 op, 27730407.00 ns, 3.3057 ns/op
OverheadActual   8: 8388608 op, 27840532.00 ns, 3.3189 ns/op
OverheadActual   9: 8388608 op, 27740516.00 ns, 3.3069 ns/op
OverheadActual  10: 8388608 op, 27789808.00 ns, 3.3128 ns/op
OverheadActual  11: 8388608 op, 27712232.00 ns, 3.3036 ns/op
OverheadActual  12: 8388608 op, 27868765.00 ns, 3.3222 ns/op
OverheadActual  13: 8388608 op, 27723644.00 ns, 3.3049 ns/op
OverheadActual  14: 8388608 op, 27869316.00 ns, 3.3223 ns/op
OverheadActual  15: 8388608 op, 27735536.00 ns, 3.3063 ns/op

WorkloadWarmup   1: 8388608 op, 734367620.00 ns, 87.5434 ns/op
WorkloadWarmup   2: 8388608 op, 733496802.00 ns, 87.4396 ns/op
WorkloadWarmup   3: 8388608 op, 724843801.00 ns, 86.4081 ns/op

// BeforeActualRun
WorkloadActual   1: 8388608 op, 727560672.00 ns, 86.7320 ns/op
WorkloadActual   2: 8388608 op, 730583042.00 ns, 87.0923 ns/op
WorkloadActual   3: 8388608 op, 745254052.00 ns, 88.8412 ns/op

// AfterActualRun
WorkloadResult   1: 8388608 op, 699786734.00 ns, 83.4211 ns/op
WorkloadResult   2: 8388608 op, 702809104.00 ns, 83.7814 ns/op
WorkloadResult   3: 8388608 op, 717480114.00 ns, 85.5303 ns/op
// GC:  72 0 0 1207959552 8388608
// Threading:  0 0 8388608

// AfterAll
// Benchmark Process 3194 has exited with code 0.

Mean = 84.244 ns, StdErr = 0.651 ns (0.77%), N = 3, StdDev = 1.128 ns
Min = 83.421 ns, Q1 = 83.601 ns, Median = 83.781 ns, Q3 = 84.656 ns, Max = 85.530 ns
IQR = 1.055 ns, LowerFence = 82.019 ns, UpperFence = 86.238 ns
ConfidenceInterval = [63.661 ns; 104.827 ns] (CI 99.9%), Margin = 20.583 ns (24.43% of Mean)
Skewness = 0.34, Kurtosis = 0.67, MValue = 2

// ** Remained 12 (66.7 %) benchmark(s) to run. Estimated finish 2026-09-27 15:17 (0h 2m from now) **
// **************************
// Benchmark: MemoryCacheProviderBenchmarks.GetAsync_CacheMiss: Job-NUBXJZ(IterationCount=20, WarmupCount=5)
// *** Execute ***
// Launch: 1 / 1
// Execute: dotnet Encina.Caching.Memory.Benchmarks-Job-NUBXJZ-1.dll --anonymousPipes 152 153 --benchmarkName Encina.Caching.Memory.Benchmarks.Benchmarks.MemoryCacheProviderBenchmarks.GetAsync_CacheMiss --job "IterationCount=20, WarmupCount=5" --benchmarkId 6 in /home/runner/work/Encina/Encina/tests/Encina.BenchmarkTests/Encina.Caching.Memory.Benchmarks/bin/Release/net10.0/Encina.Caching.Memory.Benchmarks-Job-NUBXJZ-1/bin/Release/net10.0
// Failed to set up high priority (Permission denied). In order to run benchmarks with high priority, make sure you have the right permissions.
// BeforeAnythingElse

// Benchmark Process Environment Information:
// BenchmarkDotNet v0.15.8
// Runtime=.NET 10.0.12 (10.0.12, 10.0.1226.42308), X64 RyuJIT x86-64-v3
// GC=Concurrent Workstation
// HardwareIntrinsics=AVX2+BMI1+BMI2+F16C+FMA+LZCNT+MOVBE,AVX,SSE3+SSSE3+SSE4.1+SSE4.2+POPCNT,X86Base+SSE+SSE2,AES+PCLMUL VectorSize=256
// Job: Job-NUBXJZ(IterationCount=20, WarmupCount=5)

OverheadJitting  1: 1 op, 239628.00 ns, 239.6280 us/op
WorkloadJitting  1: 1 op, 4118342.00 ns, 4.1183 ms/op

OverheadJitting  2: 16 op, 453488.00 ns, 28.3430 us/op
WorkloadJitting  2: 16 op, 509203.00 ns, 31.8252 us/op

WorkloadPilot    1: 16 op, 4328.00 ns, 270.5000 ns/op
WorkloadPilot    2: 32 op, 5471.00 ns, 170.9688 ns/op
WorkloadPilot    3: 64 op, 7905.00 ns, 123.5156 ns/op
WorkloadPilot    4: 128 op, 8906.00 ns, 69.5781 ns/op
WorkloadPilot    5: 256 op, 16080.00 ns, 62.8125 ns/op
WorkloadPilot    6: 512 op, 30397.00 ns, 59.3691 ns/op
WorkloadPilot    7: 1024 op, 58840.00 ns, 57.4609 ns/op
WorkloadPilot    8: 2048 op, 155060.00 ns, 75.7129 ns/op
WorkloadPilot    9: 4096 op, 231153.00 ns, 56.4338 ns/op
WorkloadPilot   10: 8192 op, 458468.00 ns, 55.9653 ns/op
WorkloadPilot   11: 16384 op, 943474.00 ns, 57.5851 ns/op
WorkloadPilot   12: 32768 op, 1864316.00 ns, 56.8944 ns/op
WorkloadPilot   13: 65536 op, 3728092.00 ns, 56.8862 ns/op
WorkloadPilot   14: 131072 op, 7471874.00 ns, 57.0059 ns/op
WorkloadPilot   15: 262144 op, 14828602.00 ns, 56.5666 ns/op
WorkloadPilot   16: 524288 op, 29627618.00 ns, 56.5102 ns/op
WorkloadPilot   17: 1048576 op, 59336921.00 ns, 56.5881 ns/op
WorkloadPilot   18: 2097152 op, 118446397.00 ns, 56.4796 ns/op
WorkloadPilot   19: 4194304 op, 236935693.00 ns, 56.4899 ns/op
WorkloadPilot   20: 8388608 op, 474427666.00 ns, 56.5562 ns/op
WorkloadPilot   21: 16777216 op, 948183928.00 ns, 56.5162 ns/op

OverheadWarmup   1: 16777216 op, 55600674.00 ns, 3.3141 ns/op
OverheadWarmup   2: 16777216 op, 55551491.00 ns, 3.3111 ns/op
OverheadWarmup   3: 16777216 op, 55459219.00 ns, 3.3056 ns/op
OverheadWarmup   4: 16777216 op, 55543246.00 ns, 3.3106 ns/op
OverheadWarmup   5: 16777216 op, 55507399.00 ns, 3.3085 ns/op
OverheadWarmup   6: 16777216 op, 55563524.00 ns, 3.3118 ns/op
OverheadWarmup   7: 16777216 op, 55453328.00 ns, 3.3053 ns/op

OverheadActual   1: 16777216 op, 56249106.00 ns, 3.3527 ns/op
OverheadActual   2: 16777216 op, 55697465.00 ns, 3.3198 ns/op
OverheadActual   3: 16777216 op, 55599171.00 ns, 3.3140 ns/op
OverheadActual   4: 16777216 op, 55685342.00 ns, 3.3191 ns/op
OverheadActual   5: 16777216 op, 55894022.00 ns, 3.3315 ns/op
OverheadActual   6: 16777216 op, 55527266.00 ns, 3.3097 ns/op
OverheadActual   7: 16777216 op, 55501257.00 ns, 3.3081 ns/op
OverheadActual   8: 16777216 op, 55520424.00 ns, 3.3093 ns/op
OverheadActual   9: 16777216 op, 55448369.00 ns, 3.3050 ns/op
OverheadActual  10: 16777216 op, 55481401.00 ns, 3.3069 ns/op
OverheadActual  11: 16777216 op, 55575416.00 ns, 3.3126 ns/op
OverheadActual  12: 16777216 op, 55552283.00 ns, 3.3112 ns/op
OverheadActual  13: 16777216 op, 55470020.00 ns, 3.3063 ns/op
OverheadActual  14: 16777216 op, 55541913.00 ns, 3.3106 ns/op
OverheadActual  15: 16777216 op, 55503431.00 ns, 3.3083 ns/op

WorkloadWarmup   1: 16777216 op, 946682100.00 ns, 56.4267 ns/op
WorkloadWarmup   2: 16777216 op, 947936405.00 ns, 56.5014 ns/op
WorkloadWarmup   3: 16777216 op, 947198402.00 ns, 56.4574 ns/op
WorkloadWarmup   4: 16777216 op, 947642335.00 ns, 56.4839 ns/op
WorkloadWarmup   5: 16777216 op, 946928440.00 ns, 56.4413 ns/op

// BeforeActualRun
WorkloadActual   1: 16777216 op, 947948748.00 ns, 56.5021 ns/op
WorkloadActual   2: 16777216 op, 946921597.00 ns, 56.4409 ns/op
WorkloadActual   3: 16777216 op, 947890408.00 ns, 56.4987 ns/op
WorkloadActual   4: 16777216 op, 947284466.00 ns, 56.4626 ns/op
WorkloadActual   5: 16777216 op, 946884048.00 ns, 56.4387 ns/op
WorkloadActual   6: 16777216 op, 946654876.00 ns, 56.4250 ns/op
WorkloadActual   7: 16777216 op, 947414492.00 ns, 56.4703 ns/op
WorkloadActual   8: 16777216 op, 948721056.00 ns, 56.5482 ns/op
WorkloadActual   9: 16777216 op, 947904139.00 ns, 56.4995 ns/op
WorkloadActual  10: 16777216 op, 948692714.00 ns, 56.5465 ns/op
WorkloadActual  11: 16777216 op, 948024854.00 ns, 56.5067 ns/op
WorkloadActual  12: 16777216 op, 946735733.00 ns, 56.4298 ns/op
WorkloadActual  13: 16777216 op, 947344983.00 ns, 56.4662 ns/op
WorkloadActual  14: 16777216 op, 947247300.00 ns, 56.4603 ns/op
WorkloadActual  15: 16777216 op, 947256890.00 ns, 56.4609 ns/op
WorkloadActual  16: 16777216 op, 947058591.00 ns, 56.4491 ns/op
WorkloadActual  17: 16777216 op, 946851875.00 ns, 56.4368 ns/op
WorkloadActual  18: 16777216 op, 947365725.00 ns, 56.4674 ns/op
WorkloadActual  19: 16777216 op, 948786653.00 ns, 56.5521 ns/op
WorkloadActual  20: 16777216 op, 947243166.00 ns, 56.4601 ns/op

// AfterActualRun
WorkloadResult   1: 16777216 op, 892406835.00 ns, 53.1916 ns/op
WorkloadResult   2: 16777216 op, 891379684.00 ns, 53.1304 ns/op
WorkloadResult   3: 16777216 op, 892348495.00 ns, 53.1881 ns/op
WorkloadResult   4: 16777216 op, 891742553.00 ns, 53.1520 ns/op
WorkloadResult   5: 16777216 op, 891342135.00 ns, 53.1281 ns/op
WorkloadResult   6: 16777216 op, 891112963.00 ns, 53.1145 ns/op
WorkloadResult   7: 16777216 op, 891872579.00 ns, 53.1597 ns/op
WorkloadResult   8: 16777216 op, 893179143.00 ns, 53.2376 ns/op
WorkloadResult   9: 16777216 op, 892362226.00 ns, 53.1889 ns/op
WorkloadResult  10: 16777216 op, 893150801.00 ns, 53.2359 ns/op
WorkloadResult  11: 16777216 op, 892482941.00 ns, 53.1961 ns/op
WorkloadResult  12: 16777216 op, 891193820.00 ns, 53.1193 ns/op
WorkloadResult  13: 16777216 op, 891803070.00 ns, 53.1556 ns/op
WorkloadResult  14: 16777216 op, 891705387.00 ns, 53.1498 ns/op
WorkloadResult  15: 16777216 op, 891714977.00 ns, 53.1504 ns/op
WorkloadResult  16: 16777216 op, 891516678.00 ns, 53.1385 ns/op
WorkloadResult  17: 16777216 op, 891309962.00 ns, 53.1262 ns/op
WorkloadResult  18: 16777216 op, 891823812.00 ns, 53.1568 ns/op
WorkloadResult  19: 16777216 op, 893244740.00 ns, 53.2415 ns/op
WorkloadResult  20: 16777216 op, 891701253.00 ns, 53.1495 ns/op
// GC:  0 0 0 0 16777216
// Threading:  0 0 16777216

// AfterAll
// Benchmark Process 3202 has exited with code 0.

Mean = 53.166 ns, StdErr = 0.009 ns (0.02%), N = 20, StdDev = 0.039 ns
Min = 53.114 ns, Q1 = 53.136 ns, Median = 53.154 ns, Q3 = 53.190 ns, Max = 53.242 ns
IQR = 0.053 ns, LowerFence = 53.057 ns, UpperFence = 53.269 ns
ConfidenceInterval = [53.131 ns; 53.200 ns] (CI 99.9%), Margin = 0.034 ns (0.06% of Mean)
Skewness = 0.66, Kurtosis = 2.19, MValue = 2

// ** Remained 11 (61.1 %) benchmark(s) to run. Estimated finish 2026-09-27 15:18 (0h 2m from now) **
// **************************
// Benchmark: MemoryCacheProviderBenchmarks.GetAsync_CacheMiss: ShortRun(IterationCount=3, LaunchCount=1, WarmupCount=3)
// *** Execute ***
// Launch: 1 / 1
// Execute: dotnet Encina.Caching.Memory.Benchmarks-Job-NUBXJZ-1.dll --anonymousPipes 152 153 --benchmarkName Encina.Caching.Memory.Benchmarks.Benchmarks.MemoryCacheProviderBenchmarks.GetAsync_CacheMiss --job ShortRun --benchmarkId 7 in /home/runner/work/Encina/Encina/tests/Encina.BenchmarkTests/Encina.Caching.Memory.Benchmarks/bin/Release/net10.0/Encina.Caching.Memory.Benchmarks-Job-NUBXJZ-1/bin/Release/net10.0
// Failed to set up high priority (Permission denied). In order to run benchmarks with high priority, make sure you have the right permissions.
// BeforeAnythingElse

// Benchmark Process Environment Information:
// BenchmarkDotNet v0.15.8
// Runtime=.NET 10.0.12 (10.0.12, 10.0.1226.42308), X64 RyuJIT x86-64-v3
// GC=Concurrent Workstation
// HardwareIntrinsics=AVX2+BMI1+BMI2+F16C+FMA+LZCNT+MOVBE,AVX,SSE3+SSSE3+SSE4.1+SSE4.2+POPCNT,X86Base+SSE+SSE2,AES+PCLMUL VectorSize=256
// Job: ShortRun(IterationCount=3, LaunchCount=1, WarmupCount=3)

OverheadJitting  1: 1 op, 255077.00 ns, 255.0770 us/op
WorkloadJitting  1: 1 op, 4157946.00 ns, 4.1579 ms/op

OverheadJitting  2: 16 op, 454420.00 ns, 28.4013 us/op
WorkloadJitting  2: 16 op, 505195.00 ns, 31.5747 us/op

WorkloadPilot    1: 16 op, 3467.00 ns, 216.6875 ns/op
WorkloadPilot    2: 32 op, 3797.00 ns, 118.6563 ns/op
WorkloadPilot    3: 64 op, 5700.00 ns, 89.0625 ns/op
WorkloadPilot    4: 128 op, 9908.00 ns, 77.4063 ns/op
WorkloadPilot    5: 256 op, 17492.00 ns, 68.3281 ns/op
WorkloadPilot    6: 512 op, 31930.00 ns, 62.3633 ns/op
WorkloadPilot    7: 1024 op, 62557.00 ns, 61.0908 ns/op
WorkloadPilot    8: 2048 op, 120526.00 ns, 58.8506 ns/op
WorkloadPilot    9: 4096 op, 244949.00 ns, 59.8020 ns/op
WorkloadPilot   10: 8192 op, 481140.00 ns, 58.7329 ns/op
WorkloadPilot   11: 16384 op, 988278.00 ns, 60.3197 ns/op
WorkloadPilot   12: 32768 op, 1955647.00 ns, 59.6816 ns/op
WorkloadPilot   13: 65536 op, 3930650.00 ns, 59.9770 ns/op
WorkloadPilot   14: 131072 op, 7850060.00 ns, 59.8912 ns/op
WorkloadPilot   15: 262144 op, 15705921.00 ns, 59.9133 ns/op
WorkloadPilot   16: 524288 op, 31237515.00 ns, 59.5808 ns/op
WorkloadPilot   17: 1048576 op, 62350708.00 ns, 59.4623 ns/op
WorkloadPilot   18: 2097152 op, 125152180.00 ns, 59.6772 ns/op
WorkloadPilot   19: 4194304 op, 250972410.00 ns, 59.8365 ns/op
WorkloadPilot   20: 8388608 op, 501289484.00 ns, 59.7584 ns/op

OverheadWarmup   1: 8388608 op, 27863075.00 ns, 3.3215 ns/op
OverheadWarmup   2: 8388608 op, 27799256.00 ns, 3.3139 ns/op
OverheadWarmup   3: 8388608 op, 27736698.00 ns, 3.3065 ns/op
OverheadWarmup   4: 8388608 op, 27791201.00 ns, 3.3130 ns/op
OverheadWarmup   5: 8388608 op, 27719136.00 ns, 3.3044 ns/op
OverheadWarmup   6: 8388608 op, 27773417.00 ns, 3.3108 ns/op
OverheadWarmup   7: 8388608 op, 27720748.00 ns, 3.3046 ns/op

OverheadActual   1: 8388608 op, 27910013.00 ns, 3.3271 ns/op
OverheadActual   2: 8388608 op, 27790249.00 ns, 3.3129 ns/op
OverheadActual   3: 8388608 op, 27809596.00 ns, 3.3152 ns/op
OverheadActual   4: 8388608 op, 27884235.00 ns, 3.3241 ns/op
OverheadActual   5: 8388608 op, 27780581.00 ns, 3.3117 ns/op
OverheadActual   6: 8388608 op, 27815006.00 ns, 3.3158 ns/op
OverheadActual   7: 8388608 op, 27744252.00 ns, 3.3074 ns/op
OverheadActual   8: 8388608 op, 27727121.00 ns, 3.3053 ns/op
OverheadActual   9: 8388608 op, 28097734.00 ns, 3.3495 ns/op
OverheadActual  10: 8388608 op, 27744162.00 ns, 3.3074 ns/op
OverheadActual  11: 8388608 op, 27778638.00 ns, 3.3115 ns/op
OverheadActual  12: 8388608 op, 27802301.00 ns, 3.3143 ns/op
OverheadActual  13: 8388608 op, 27730968.00 ns, 3.3058 ns/op
OverheadActual  14: 8388608 op, 27742580.00 ns, 3.3072 ns/op
OverheadActual  15: 8388608 op, 27714608.00 ns, 3.3038 ns/op

WorkloadWarmup   1: 8388608 op, 502087227.00 ns, 59.8535 ns/op
WorkloadWarmup   2: 8388608 op, 500835510.00 ns, 59.7042 ns/op
WorkloadWarmup   3: 8388608 op, 500048037.00 ns, 59.6104 ns/op

// BeforeActualRun
WorkloadActual   1: 8388608 op, 500651114.00 ns, 59.6823 ns/op
WorkloadActual   2: 8388608 op, 500051753.00 ns, 59.6108 ns/op
WorkloadActual   3: 8388608 op, 501099303.00 ns, 59.7357 ns/op

// AfterActualRun
WorkloadResult   1: 8388608 op, 472870533.00 ns, 56.3706 ns/op
WorkloadResult   2: 8388608 op, 472271172.00 ns, 56.2991 ns/op
WorkloadResult   3: 8388608 op, 473318722.00 ns, 56.4240 ns/op
// GC:  0 0 0 0 8388608
// Threading:  0 0 8388608

// AfterAll
// Benchmark Process 3218 has exited with code 0.

Mean = 56.365 ns, StdErr = 0.036 ns (0.06%), N = 3, StdDev = 0.063 ns
Min = 56.299 ns, Q1 = 56.335 ns, Median = 56.371 ns, Q3 = 56.397 ns, Max = 56.424 ns
IQR = 0.062 ns, LowerFence = 56.241 ns, UpperFence = 56.491 ns
ConfidenceInterval = [55.221 ns; 57.508 ns] (CI 99.9%), Margin = 1.143 ns (2.03% of Mean)
Skewness = -0.09, Kurtosis = 0.67, MValue = 2

// ** Remained 10 (55.6 %) benchmark(s) to run. Estimated finish 2026-09-27 15:18 (0h 2m from now) **
// **************************
// Benchmark: MemoryCacheProviderBenchmarks.GetOrSetAsync_CacheHit: Job-NUBXJZ(IterationCount=20, WarmupCount=5)
// *** Execute ***
// Launch: 1 / 1
// Execute: dotnet Encina.Caching.Memory.Benchmarks-Job-NUBXJZ-1.dll --anonymousPipes 152 153 --benchmarkName Encina.Caching.Memory.Benchmarks.Benchmarks.MemoryCacheProviderBenchmarks.GetOrSetAsync_CacheHit --job "IterationCount=20, WarmupCount=5" --benchmarkId 8 in /home/runner/work/Encina/Encina/tests/Encina.BenchmarkTests/Encina.Caching.Memory.Benchmarks/bin/Release/net10.0/Encina.Caching.Memory.Benchmarks-Job-NUBXJZ-1/bin/Release/net10.0
// Failed to set up high priority (Permission denied). In order to run benchmarks with high priority, make sure you have the right permissions.
// BeforeAnythingElse

// Benchmark Process Environment Information:
// BenchmarkDotNet v0.15.8
// Runtime=.NET 10.0.12 (10.0.12, 10.0.1226.42308), X64 RyuJIT x86-64-v3
// GC=Concurrent Workstation
// HardwareIntrinsics=AVX2+BMI1+BMI2+F16C+FMA+LZCNT+MOVBE,AVX,SSE3+SSSE3+SSE4.1+SSE4.2+POPCNT,X86Base+SSE+SSE2,AES+PCLMUL VectorSize=256
// Job: Job-NUBXJZ(IterationCount=20, WarmupCount=5)

OverheadJitting  1: 1 op, 239288.00 ns, 239.2880 us/op
WorkloadJitting  1: 1 op, 6556691.00 ns, 6.5567 ms/op

OverheadJitting  2: 16 op, 456133.00 ns, 28.5083 us/op
WorkloadJitting  2: 16 op, 521254.00 ns, 32.5784 us/op

WorkloadPilot    1: 16 op, 26891.00 ns, 1.6807 us/op
WorkloadPilot    2: 32 op, 27081.00 ns, 846.2813 ns/op
WorkloadPilot    3: 64 op, 34695.00 ns, 542.1094 ns/op
WorkloadPilot    4: 128 op, 45606.00 ns, 356.2969 ns/op
WorkloadPilot    5: 256 op, 85971.00 ns, 335.8242 ns/op
WorkloadPilot    6: 512 op, 143899.00 ns, 281.0527 ns/op
WorkloadPilot    7: 1024 op, 303969.00 ns, 296.8447 ns/op
WorkloadPilot    8: 2048 op, 473285.00 ns, 231.0962 ns/op
WorkloadPilot    9: 4096 op, 967789.00 ns, 236.2766 ns/op
WorkloadPilot   10: 8192 op, 1918728.00 ns, 234.2197 ns/op
WorkloadPilot   11: 16384 op, 3896948.00 ns, 237.8508 ns/op
WorkloadPilot   12: 32768 op, 7723444.00 ns, 235.7008 ns/op
WorkloadPilot   13: 65536 op, 14793594.00 ns, 225.7323 ns/op
WorkloadPilot   14: 131072 op, 17603708.00 ns, 134.3056 ns/op
WorkloadPilot   15: 262144 op, 34151903.00 ns, 130.2792 ns/op
WorkloadPilot   16: 524288 op, 70433339.00 ns, 134.3409 ns/op
WorkloadPilot   17: 1048576 op, 137113128.00 ns, 130.7613 ns/op
WorkloadPilot   18: 2097152 op, 271251764.00 ns, 129.3429 ns/op
WorkloadPilot   19: 4194304 op, 544006268.00 ns, 129.7012 ns/op

OverheadWarmup   1: 4194304 op, 13923606.00 ns, 3.3196 ns/op
OverheadWarmup   2: 4194304 op, 13888130.00 ns, 3.3112 ns/op
OverheadWarmup   3: 4194304 op, 13876709.00 ns, 3.3085 ns/op
OverheadWarmup   4: 4194304 op, 13882630.00 ns, 3.3099 ns/op
OverheadWarmup   5: 4194304 op, 13879735.00 ns, 3.3092 ns/op
OverheadWarmup   6: 4194304 op, 13876508.00 ns, 3.3084 ns/op
OverheadWarmup   7: 4194304 op, 13992285.00 ns, 3.3360 ns/op
OverheadWarmup   8: 4194304 op, 13877931.00 ns, 3.3088 ns/op

OverheadActual   1: 4194304 op, 13881288.00 ns, 3.3096 ns/op
OverheadActual   2: 4194304 op, 14009855.00 ns, 3.3402 ns/op
OverheadActual   3: 4194304 op, 13865017.00 ns, 3.3057 ns/op
OverheadActual   4: 4194304 op, 13859608.00 ns, 3.3044 ns/op
OverheadActual   5: 4194304 op, 13873924.00 ns, 3.3078 ns/op
OverheadActual   6: 4194304 op, 13870888.00 ns, 3.3071 ns/op
OverheadActual   7: 4194304 op, 13859216.00 ns, 3.3043 ns/op
OverheadActual   8: 4194304 op, 13867662.00 ns, 3.3063 ns/op
OverheadActual   9: 4194304 op, 13868093.00 ns, 3.3064 ns/op
OverheadActual  10: 4194304 op, 13887209.00 ns, 3.3110 ns/op
OverheadActual  11: 4194304 op, 13873013.00 ns, 3.3076 ns/op
OverheadActual  12: 4194304 op, 14660425.00 ns, 3.4953 ns/op
OverheadActual  13: 4194304 op, 13869566.00 ns, 3.3068 ns/op
OverheadActual  14: 4194304 op, 13902317.00 ns, 3.3146 ns/op
OverheadActual  15: 4194304 op, 13871680.00 ns, 3.3073 ns/op

WorkloadWarmup   1: 4194304 op, 552377221.00 ns, 131.6970 ns/op
WorkloadWarmup   2: 4194304 op, 544908134.00 ns, 129.9162 ns/op
WorkloadWarmup   3: 4194304 op, 539572647.00 ns, 128.6441 ns/op
WorkloadWarmup   4: 4194304 op, 542733017.00 ns, 129.3976 ns/op
WorkloadWarmup   5: 4194304 op, 544675720.00 ns, 129.8608 ns/op

// BeforeActualRun
WorkloadActual   1: 4194304 op, 543761640.00 ns, 129.6429 ns/op
WorkloadActual   2: 4194304 op, 551181599.00 ns, 131.4119 ns/op
WorkloadActual   3: 4194304 op, 580199695.00 ns, 138.3304 ns/op
WorkloadActual   4: 4194304 op, 551148137.00 ns, 131.4040 ns/op
WorkloadActual   5: 4194304 op, 551330558.00 ns, 131.4474 ns/op
WorkloadActual   6: 4194304 op, 546209421.00 ns, 130.2265 ns/op
WorkloadActual   7: 4194304 op, 550238405.00 ns, 131.1871 ns/op
WorkloadActual   8: 4194304 op, 547569946.00 ns, 130.5508 ns/op
WorkloadActual   9: 4194304 op, 551148207.00 ns, 131.4040 ns/op
WorkloadActual  10: 4194304 op, 550362438.00 ns, 131.2166 ns/op
WorkloadActual  11: 4194304 op, 546096971.00 ns, 130.1997 ns/op
WorkloadActual  12: 4194304 op, 549321761.00 ns, 130.9685 ns/op
WorkloadActual  13: 4194304 op, 548348211.00 ns, 130.7364 ns/op
WorkloadActual  14: 4194304 op, 557289081.00 ns, 132.8681 ns/op
WorkloadActual  15: 4194304 op, 552944198.00 ns, 131.8322 ns/op
WorkloadActual  16: 4194304 op, 544392838.00 ns, 129.7934 ns/op
WorkloadActual  17: 4194304 op, 550653637.00 ns, 131.2861 ns/op
WorkloadActual  18: 4194304 op, 552265722.00 ns, 131.6704 ns/op
WorkloadActual  19: 4194304 op, 552356351.00 ns, 131.6920 ns/op
WorkloadActual  20: 4194304 op, 547625173.00 ns, 130.5640 ns/op

// AfterActualRun
WorkloadResult   1: 4194304 op, 529889960.00 ns, 126.3356 ns/op
WorkloadResult   2: 4194304 op, 537309919.00 ns, 128.1047 ns/op
WorkloadResult   3: 4194304 op, 537276457.00 ns, 128.0967 ns/op
WorkloadResult   4: 4194304 op, 537458878.00 ns, 128.1402 ns/op
WorkloadResult   5: 4194304 op, 532337741.00 ns, 126.9192 ns/op
WorkloadResult   6: 4194304 op, 536366725.00 ns, 127.8798 ns/op
WorkloadResult   7: 4194304 op, 533698266.00 ns, 127.2436 ns/op
WorkloadResult   8: 4194304 op, 537276527.00 ns, 128.0967 ns/op
WorkloadResult   9: 4194304 op, 536490758.00 ns, 127.9094 ns/op
WorkloadResult  10: 4194304 op, 532225291.00 ns, 126.8924 ns/op
WorkloadResult  11: 4194304 op, 535450081.00 ns, 127.6612 ns/op
WorkloadResult  12: 4194304 op, 534476531.00 ns, 127.4291 ns/op
WorkloadResult  13: 4194304 op, 543417401.00 ns, 129.5608 ns/op
WorkloadResult  14: 4194304 op, 539072518.00 ns, 128.5249 ns/op
WorkloadResult  15: 4194304 op, 530521158.00 ns, 126.4861 ns/op
WorkloadResult  16: 4194304 op, 536781957.00 ns, 127.9788 ns/op
WorkloadResult  17: 4194304 op, 538394042.00 ns, 128.3631 ns/op
WorkloadResult  18: 4194304 op, 538484671.00 ns, 128.3848 ns/op
WorkloadResult  19: 4194304 op, 533753493.00 ns, 127.2567 ns/op
// GC:  70 0 0 1174405120 4194304
// Threading:  0 0 4194304

// AfterAll
// Benchmark Process 3227 has exited with code 0.

Mean = 127.751 ns, StdErr = 0.179 ns (0.14%), N = 19, StdDev = 0.778 ns
Min = 126.336 ns, Q1 = 127.250 ns, Median = 127.909 ns, Q3 = 128.122 ns, Max = 129.561 ns
IQR = 0.872 ns, LowerFence = 125.942 ns, UpperFence = 129.431 ns
ConfidenceInterval = [127.050 ns; 128.451 ns] (CI 99.9%), Margin = 0.700 ns (0.55% of Mean)
Skewness = 0.08, Kurtosis = 2.75, MValue = 2

// ** Remained 9 (50.0 %) benchmark(s) to run. Estimated finish 2026-09-27 15:18 (0h 2m from now) **
// **************************
// Benchmark: MemoryCacheProviderBenchmarks.GetOrSetAsync_CacheHit: ShortRun(IterationCount=3, LaunchCount=1, WarmupCount=3)
// *** Execute ***
// Launch: 1 / 1
// Execute: dotnet Encina.Caching.Memory.Benchmarks-Job-NUBXJZ-1.dll --anonymousPipes 152 153 --benchmarkName Encina.Caching.Memory.Benchmarks.Benchmarks.MemoryCacheProviderBenchmarks.GetOrSetAsync_CacheHit --job ShortRun --benchmarkId 9 in /home/runner/work/Encina/Encina/tests/Encina.BenchmarkTests/Encina.Caching.Memory.Benchmarks/bin/Release/net10.0/Encina.Caching.Memory.Benchmarks-Job-NUBXJZ-1/bin/Release/net10.0
// Failed to set up high priority (Permission denied). In order to run benchmarks with high priority, make sure you have the right permissions.
// BeforeAnythingElse

// Benchmark Process Environment Information:
// BenchmarkDotNet v0.15.8
// Runtime=.NET 10.0.12 (10.0.12, 10.0.1226.42308), X64 RyuJIT x86-64-v3
// GC=Concurrent Workstation
// HardwareIntrinsics=AVX2+BMI1+BMI2+F16C+FMA+LZCNT+MOVBE,AVX,SSE3+SSSE3+SSE4.1+SSE4.2+POPCNT,X86Base+SSE+SSE2,AES+PCLMUL VectorSize=256
// Job: ShortRun(IterationCount=3, LaunchCount=1, WarmupCount=3)

OverheadJitting  1: 1 op, 232085.00 ns, 232.0850 us/op
WorkloadJitting  1: 1 op, 6423192.00 ns, 6.4232 ms/op

OverheadJitting  2: 16 op, 465892.00 ns, 29.1183 us/op
WorkloadJitting  2: 16 op, 501508.00 ns, 31.3443 us/op

WorkloadPilot    1: 16 op, 20748.00 ns, 1.2968 us/op
WorkloadPilot    2: 32 op, 22792.00 ns, 712.2500 ns/op
WorkloadPilot    3: 64 op, 44433.00 ns, 694.2656 ns/op
WorkloadPilot    4: 128 op, 48561.00 ns, 379.3828 ns/op
WorkloadPilot    5: 256 op, 83246.00 ns, 325.1797 ns/op
WorkloadPilot    6: 512 op, 145693.00 ns, 284.5566 ns/op
WorkloadPilot    7: 1024 op, 312925.00 ns, 305.5908 ns/op
WorkloadPilot    8: 2048 op, 454520.00 ns, 221.9336 ns/op
WorkloadPilot    9: 4096 op, 1135744.00 ns, 277.2813 ns/op
WorkloadPilot   10: 8192 op, 1966257.00 ns, 240.0216 ns/op
WorkloadPilot   11: 16384 op, 3929408.00 ns, 239.8320 ns/op
WorkloadPilot   12: 32768 op, 7752198.00 ns, 236.5783 ns/op
WorkloadPilot   13: 65536 op, 15152527.00 ns, 231.2092 ns/op
WorkloadPilot   14: 131072 op, 18439554.00 ns, 140.6826 ns/op
WorkloadPilot   15: 262144 op, 35794529.00 ns, 136.5453 ns/op
WorkloadPilot   16: 524288 op, 71876716.00 ns, 137.0940 ns/op
WorkloadPilot   17: 1048576 op, 141188915.00 ns, 134.6482 ns/op
WorkloadPilot   18: 2097152 op, 283717084.00 ns, 135.2868 ns/op
WorkloadPilot   19: 4194304 op, 557177567.00 ns, 132.8415 ns/op

OverheadWarmup   1: 4194304 op, 13883283.00 ns, 3.3100 ns/op
OverheadWarmup   2: 4194304 op, 13917036.00 ns, 3.3181 ns/op
OverheadWarmup   3: 4194304 op, 13874677.00 ns, 3.3080 ns/op
OverheadWarmup   4: 4194304 op, 13889896.00 ns, 3.3116 ns/op
OverheadWarmup   5: 4194304 op, 13893071.00 ns, 3.3124 ns/op
OverheadWarmup   6: 4194304 op, 13935040.00 ns, 3.3224 ns/op
OverheadWarmup   7: 4194304 op, 13908510.00 ns, 3.3160 ns/op

OverheadActual   1: 4194304 op, 13943806.00 ns, 3.3245 ns/op
OverheadActual   2: 4194304 op, 13976607.00 ns, 3.3323 ns/op
OverheadActual   3: 4194304 op, 13951280.00 ns, 3.3262 ns/op
OverheadActual   4: 4194304 op, 13983821.00 ns, 3.3340 ns/op
OverheadActual   5: 4194304 op, 13886559.00 ns, 3.3108 ns/op
OverheadActual   6: 4194304 op, 13888252.00 ns, 3.3112 ns/op
OverheadActual   7: 4194304 op, 13873765.00 ns, 3.3078 ns/op
OverheadActual   8: 4194304 op, 13877562.00 ns, 3.3087 ns/op
OverheadActual   9: 4194304 op, 13969684.00 ns, 3.3306 ns/op
OverheadActual  10: 4194304 op, 13917487.00 ns, 3.3182 ns/op
OverheadActual  11: 4194304 op, 13879335.00 ns, 3.3091 ns/op
OverheadActual  12: 4194304 op, 13886780.00 ns, 3.3109 ns/op
OverheadActual  13: 4194304 op, 14162775.00 ns, 3.3767 ns/op
OverheadActual  14: 4194304 op, 13906577.00 ns, 3.3156 ns/op
OverheadActual  15: 4194304 op, 13883363.00 ns, 3.3101 ns/op

WorkloadWarmup   1: 4194304 op, 564613322.00 ns, 134.6143 ns/op
WorkloadWarmup   2: 4194304 op, 562857659.00 ns, 134.1957 ns/op
WorkloadWarmup   3: 4194304 op, 553434808.00 ns, 131.9491 ns/op

// BeforeActualRun
WorkloadActual   1: 4194304 op, 553176695.00 ns, 131.8876 ns/op
WorkloadActual   2: 4194304 op, 558182026.00 ns, 133.0810 ns/op
WorkloadActual   3: 4194304 op, 561418094.00 ns, 133.8525 ns/op

// AfterActualRun
WorkloadResult   1: 4194304 op, 539270118.00 ns, 128.5720 ns/op
WorkloadResult   2: 4194304 op, 544275449.00 ns, 129.7654 ns/op
WorkloadResult   3: 4194304 op, 547511517.00 ns, 130.5369 ns/op
// GC:  70 0 0 1174405120 4194304
// Threading:  0 0 4194304

// AfterAll
// Benchmark Process 3239 has exited with code 0.

Mean = 129.625 ns, StdErr = 0.572 ns (0.44%), N = 3, StdDev = 0.990 ns
Min = 128.572 ns, Q1 = 129.169 ns, Median = 129.765 ns, Q3 = 130.151 ns, Max = 130.537 ns
IQR = 0.982 ns, LowerFence = 127.695 ns, UpperFence = 131.625 ns
ConfidenceInterval = [111.564 ns; 147.685 ns] (CI 99.9%), Margin = 18.061 ns (13.93% of Mean)
Skewness = -0.14, Kurtosis = 0.67, MValue = 2

// ** Remained 8 (44.4 %) benchmark(s) to run. Estimated finish 2026-09-27 15:17 (0h 1m from now) **
// **************************
// Benchmark: MemoryCacheProviderBenchmarks.GetOrSetAsync_CacheMiss: Job-NUBXJZ(IterationCount=20, WarmupCount=5)
// *** Execute ***
// Launch: 1 / 1
// Execute: dotnet Encina.Caching.Memory.Benchmarks-Job-NUBXJZ-1.dll --anonymousPipes 152 153 --benchmarkName Encina.Caching.Memory.Benchmarks.Benchmarks.MemoryCacheProviderBenchmarks.GetOrSetAsync_CacheMiss --job "IterationCount=20, WarmupCount=5" --benchmarkId 10 in /home/runner/work/Encina/Encina/tests/Encina.BenchmarkTests/Encina.Caching.Memory.Benchmarks/bin/Release/net10.0/Encina.Caching.Memory.Benchmarks-Job-NUBXJZ-1/bin/Release/net10.0
// Failed to set up high priority (Permission denied). In order to run benchmarks with high priority, make sure you have the right permissions.
// BeforeAnythingElse

// Benchmark Process Environment Information:
// BenchmarkDotNet v0.15.8
// Runtime=.NET 10.0.12 (10.0.12, 10.0.1226.42308), X64 RyuJIT x86-64-v3
// GC=Concurrent Workstation
// HardwareIntrinsics=AVX2+BMI1+BMI2+F16C+FMA+LZCNT+MOVBE,AVX,SSE3+SSSE3+SSE4.1+SSE4.2+POPCNT,X86Base+SSE+SSE2,AES+PCLMUL VectorSize=256
// Job: Job-NUBXJZ(IterationCount=20, WarmupCount=5)

OverheadJitting  1: 1 op, 231423.00 ns, 231.4230 us/op
WorkloadJitting  1: 1 op, 11953634.00 ns, 11.9536 ms/op

OverheadJitting  2: 16 op, 461593.00 ns, 28.8496 us/op
WorkloadJitting  2: 16 op, 535802.00 ns, 33.4876 us/op

WorkloadPilot    1: 16 op, 166752.00 ns, 10.4220 us/op
WorkloadPilot    2: 32 op, 80722.00 ns, 2.5226 us/op
WorkloadPilot    3: 64 op, 207668.00 ns, 3.2448 us/op
WorkloadPilot    4: 128 op, 397604.00 ns, 3.1063 us/op
WorkloadPilot    5: 256 op, 691433.00 ns, 2.7009 us/op
WorkloadPilot    6: 512 op, 1438200.00 ns, 2.8090 us/op
WorkloadPilot    7: 1024 op, 2506557.00 ns, 2.4478 us/op
WorkloadPilot    8: 2048 op, 5237023.00 ns, 2.5571 us/op
WorkloadPilot    9: 4096 op, 10379300.00 ns, 2.5340 us/op
WorkloadPilot   10: 8192 op, 16991927.00 ns, 2.0742 us/op
WorkloadPilot   11: 16384 op, 61323699.00 ns, 3.7429 us/op
WorkloadPilot   12: 32768 op, 136490334.00 ns, 4.1654 us/op
WorkloadPilot   13: 65536 op, 273829130.00 ns, 4.1783 us/op
WorkloadPilot   14: 131072 op, 471860132.00 ns, 3.6000 us/op
WorkloadPilot   15: 262144 op, 1287302546.00 ns, 4.9107 us/op

OverheadWarmup   1: 262144 op, 898040.00 ns, 3.4258 ns/op
OverheadWarmup   2: 262144 op, 887640.00 ns, 3.3861 ns/op
OverheadWarmup   3: 262144 op, 896978.00 ns, 3.4217 ns/op
OverheadWarmup   4: 262144 op, 898771.00 ns, 3.4285 ns/op
OverheadWarmup   5: 262144 op, 895083.00 ns, 3.4145 ns/op
OverheadWarmup   6: 262144 op, 898881.00 ns, 3.4290 ns/op
OverheadWarmup   7: 262144 op, 899753.00 ns, 3.4323 ns/op
OverheadWarmup   8: 262144 op, 900093.00 ns, 3.4336 ns/op
OverheadWarmup   9: 262144 op, 895435.00 ns, 3.4158 ns/op

OverheadActual   1: 262144 op, 893080.00 ns, 3.4068 ns/op
OverheadActual   2: 262144 op, 952341.00 ns, 3.6329 ns/op
OverheadActual   3: 262144 op, 894213.00 ns, 3.4112 ns/op
OverheadActual   4: 262144 op, 885476.00 ns, 3.3778 ns/op
OverheadActual   5: 262144 op, 887600.00 ns, 3.3859 ns/op
OverheadActual   6: 262144 op, 896757.00 ns, 3.4209 ns/op
OverheadActual   7: 262144 op, 906014.00 ns, 3.4562 ns/op
OverheadActual   8: 262144 op, 895485.00 ns, 3.4160 ns/op
OverheadActual   9: 262144 op, 896577.00 ns, 3.4202 ns/op
OverheadActual  10: 262144 op, 892750.00 ns, 3.4056 ns/op
OverheadActual  11: 262144 op, 891788.00 ns, 3.4019 ns/op
OverheadActual  12: 262144 op, 892699.00 ns, 3.4054 ns/op
OverheadActual  13: 262144 op, 896797.00 ns, 3.4210 ns/op
OverheadActual  14: 262144 op, 882911.00 ns, 3.3680 ns/op
OverheadActual  15: 262144 op, 895354.00 ns, 3.4155 ns/op

WorkloadWarmup   1: 262144 op, 1373176146.00 ns, 5.2383 us/op
WorkloadWarmup   2: 262144 op, 1145611581.00 ns, 4.3702 us/op
WorkloadWarmup   3: 262144 op, 1825849878.00 ns, 6.9651 us/op
WorkloadWarmup   4: 262144 op, 1245387190.00 ns, 4.7508 us/op
WorkloadWarmup   5: 262144 op, 1260943934.00 ns, 4.8101 us/op

// BeforeActualRun
WorkloadActual   1: 262144 op, 1206155267.00 ns, 4.6011 us/op
WorkloadActual   2: 262144 op, 1193381802.00 ns, 4.5524 us/op
WorkloadActual   3: 262144 op, 1220158668.00 ns, 4.6545 us/op
WorkloadActual   4: 262144 op, 2893336098.00 ns, 11.0372 us/op
WorkloadActual   5: 262144 op, 1427279155.00 ns, 5.4446 us/op
WorkloadActual   6: 262144 op, 1458887893.00 ns, 5.5652 us/op
WorkloadActual   7: 262144 op, 1358582008.00 ns, 5.1826 us/op
WorkloadActual   8: 262144 op, 1352189483.00 ns, 5.1582 us/op
WorkloadActual   9: 262144 op, 1364552574.00 ns, 5.2054 us/op
WorkloadActual  10: 262144 op, 1389890579.00 ns, 5.3020 us/op
WorkloadActual  11: 262144 op, 1391745447.00 ns, 5.3091 us/op
WorkloadActual  12: 262144 op, 1389232425.00 ns, 5.2995 us/op
WorkloadActual  13: 262144 op, 1389154223.00 ns, 5.2992 us/op
WorkloadActual  14: 262144 op, 1375551593.00 ns, 5.2473 us/op
WorkloadActual  15: 262144 op, 4775919094.00 ns, 18.2187 us/op
WorkloadActual  16: 262144 op, 1404492933.00 ns, 5.3577 us/op
WorkloadActual  17: 262144 op, 1521921947.00 ns, 5.8057 us/op
WorkloadActual  18: 262144 op, 1685338362.00 ns, 6.4291 us/op
WorkloadActual  19: 262144 op, 1593379733.00 ns, 6.0783 us/op
WorkloadActual  20: 262144 op, 1582770428.00 ns, 6.0378 us/op

// AfterActualRun
WorkloadResult   1: 262144 op, 1205261054.00 ns, 4.5977 us/op
WorkloadResult   2: 262144 op, 1192487589.00 ns, 4.5490 us/op
WorkloadResult   3: 262144 op, 1219264455.00 ns, 4.6511 us/op
WorkloadResult   4: 262144 op, 1426384942.00 ns, 5.4412 us/op
WorkloadResult   5: 262144 op, 1457993680.00 ns, 5.5618 us/op
WorkloadResult   6: 262144 op, 1357687795.00 ns, 5.1792 us/op
WorkloadResult   7: 262144 op, 1351295270.00 ns, 5.1548 us/op
WorkloadResult   8: 262144 op, 1363658361.00 ns, 5.2019 us/op
WorkloadResult   9: 262144 op, 1388996366.00 ns, 5.2986 us/op
WorkloadResult  10: 262144 op, 1390851234.00 ns, 5.3057 us/op
WorkloadResult  11: 262144 op, 1388338212.00 ns, 5.2961 us/op
WorkloadResult  12: 262144 op, 1388260010.00 ns, 5.2958 us/op
WorkloadResult  13: 262144 op, 1374657380.00 ns, 5.2439 us/op
WorkloadResult  14: 262144 op, 1403598720.00 ns, 5.3543 us/op
WorkloadResult  15: 262144 op, 1521027734.00 ns, 5.8023 us/op
WorkloadResult  16: 262144 op, 1684444149.00 ns, 6.4256 us/op
WorkloadResult  17: 262144 op, 1592485520.00 ns, 6.0749 us/op
WorkloadResult  18: 262144 op, 1581876215.00 ns, 6.0344 us/op
// GC:  16 15 0 283115584 262144
// Threading:  1 0 262144

// AfterAll
// Benchmark Process 3246 has exited with code 0.

Mean = 5.359 μs, StdErr = 0.117 μs (2.19%), N = 18, StdDev = 0.498 μs
Min = 4.549 μs, Q1 = 5.185 μs, Median = 5.297 μs, Q3 = 5.532 μs, Max = 6.426 μs
IQR = 0.347 μs, LowerFence = 4.665 μs, UpperFence = 6.052 μs
ConfidenceInterval = [4.894 μs; 5.825 μs] (CI 99.9%), Margin = 0.465 μs (8.68% of Mean)
Skewness = 0.28, Kurtosis = 2.55, MValue = 2.2

// ** Remained 7 (38.9 %) benchmark(s) to run. Estimated finish 2026-09-27 15:25 (0h 4m from now) **
// **************************
// Benchmark: MemoryCacheProviderBenchmarks.GetOrSetAsync_CacheMiss: ShortRun(IterationCount=3, LaunchCount=1, WarmupCount=3)
// *** Execute ***
// Launch: 1 / 1
// Execute: dotnet Encina.Caching.Memory.Benchmarks-Job-NUBXJZ-1.dll --anonymousPipes 152 153 --benchmarkName Encina.Caching.Memory.Benchmarks.Benchmarks.MemoryCacheProviderBenchmarks.GetOrSetAsync_CacheMiss --job ShortRun --benchmarkId 11 in /home/runner/work/Encina/Encina/tests/Encina.BenchmarkTests/Encina.Caching.Memory.Benchmarks/bin/Release/net10.0/Encina.Caching.Memory.Benchmarks-Job-NUBXJZ-1/bin/Release/net10.0
// Failed to set up high priority (Permission denied). In order to run benchmarks with high priority, make sure you have the right permissions.
// BeforeAnythingElse

// Benchmark Process Environment Information:
// BenchmarkDotNet v0.15.8
// Runtime=.NET 10.0.12 (10.0.12, 10.0.1226.42308), X64 RyuJIT x86-64-v3
// GC=Concurrent Workstation
// HardwareIntrinsics=AVX2+BMI1+BMI2+F16C+FMA+LZCNT+MOVBE,AVX,SSE3+SSSE3+SSE4.1+SSE4.2+POPCNT,X86Base+SSE+SSE2,AES+PCLMUL VectorSize=256
// Job: ShortRun(IterationCount=3, LaunchCount=1, WarmupCount=3)

OverheadJitting  1: 1 op, 234278.00 ns, 234.2780 us/op
WorkloadJitting  1: 1 op, 12041091.00 ns, 12.0411 ms/op

OverheadJitting  2: 16 op, 510996.00 ns, 31.9373 us/op
WorkloadJitting  2: 16 op, 532366.00 ns, 33.2729 us/op

WorkloadPilot    1: 16 op, 137176.00 ns, 8.5735 us/op
WorkloadPilot    2: 32 op, 84979.00 ns, 2.6556 us/op
WorkloadPilot    3: 64 op, 206386.00 ns, 3.2248 us/op
WorkloadPilot    4: 128 op, 297837.00 ns, 2.3269 us/op
WorkloadPilot    5: 256 op, 664072.00 ns, 2.5940 us/op
WorkloadPilot    6: 512 op, 1522788.00 ns, 2.9742 us/op
WorkloadPilot    7: 1024 op, 2511177.00 ns, 2.4523 us/op
WorkloadPilot    8: 2048 op, 5414507.00 ns, 2.6438 us/op
WorkloadPilot    9: 4096 op, 11144233.00 ns, 2.7208 us/op
WorkloadPilot   10: 8192 op, 17301069.00 ns, 2.1119 us/op
WorkloadPilot   11: 16384 op, 61331792.00 ns, 3.7434 us/op
WorkloadPilot   12: 32768 op, 159181196.00 ns, 4.8578 us/op
WorkloadPilot   13: 65536 op, 285928178.00 ns, 4.3629 us/op
WorkloadPilot   14: 131072 op, 482144976.00 ns, 3.6785 us/op
WorkloadPilot   15: 262144 op, 1329698684.00 ns, 5.0724 us/op

OverheadWarmup   1: 262144 op, 896937.00 ns, 3.4215 ns/op
OverheadWarmup   2: 262144 op, 894492.00 ns, 3.4122 ns/op
OverheadWarmup   3: 262144 op, 893440.00 ns, 3.4082 ns/op
OverheadWarmup   4: 262144 op, 901897.00 ns, 3.4405 ns/op
OverheadWarmup   5: 262144 op, 899112.00 ns, 3.4298 ns/op
OverheadWarmup   6: 262144 op, 879202.00 ns, 3.3539 ns/op
OverheadWarmup   7: 262144 op, 873512.00 ns, 3.3322 ns/op
OverheadWarmup   8: 262144 op, 859876.00 ns, 3.2802 ns/op
OverheadWarmup   9: 262144 op, 859858.00 ns, 3.2801 ns/op
OverheadWarmup  10: 262144 op, 860660.00 ns, 3.2832 ns/op

OverheadActual   1: 262144 op, 872332.00 ns, 3.3277 ns/op
OverheadActual   2: 262144 op, 872522.00 ns, 3.3284 ns/op
OverheadActual   3: 262144 op, 874024.00 ns, 3.3341 ns/op
OverheadActual   4: 262144 op, 871879.00 ns, 3.3260 ns/op
OverheadActual   5: 262144 op, 859937.00 ns, 3.2804 ns/op
OverheadActual   6: 262144 op, 860078.00 ns, 3.2809 ns/op
OverheadActual   7: 262144 op, 859868.00 ns, 3.2801 ns/op
OverheadActual   8: 262144 op, 871479.00 ns, 3.3244 ns/op
OverheadActual   9: 262144 op, 871429.00 ns, 3.3242 ns/op
OverheadActual  10: 262144 op, 871179.00 ns, 3.3233 ns/op
OverheadActual  11: 262144 op, 871690.00 ns, 3.3252 ns/op
OverheadActual  12: 262144 op, 872602.00 ns, 3.3287 ns/op
OverheadActual  13: 262144 op, 860178.00 ns, 3.2813 ns/op
OverheadActual  14: 262144 op, 871409.00 ns, 3.3242 ns/op
OverheadActual  15: 262144 op, 875467.00 ns, 3.3396 ns/op

WorkloadWarmup   1: 262144 op, 1401219549.00 ns, 5.3452 us/op
WorkloadWarmup   2: 262144 op, 1137821117.00 ns, 4.3404 us/op
WorkloadWarmup   3: 262144 op, 1851038851.00 ns, 7.0612 us/op

// BeforeActualRun
WorkloadActual   1: 262144 op, 1235398546.00 ns, 4.7127 us/op
WorkloadActual   2: 262144 op, 1279907010.00 ns, 4.8825 us/op
WorkloadActual   3: 262144 op, 1203479915.00 ns, 4.5909 us/op

// AfterActualRun
WorkloadResult   1: 262144 op, 1234527067.00 ns, 4.7093 us/op
WorkloadResult   2: 262144 op, 1279035531.00 ns, 4.8791 us/op
WorkloadResult   3: 262144 op, 1202608436.00 ns, 4.5876 us/op
// GC:  16 15 0 283115520 262144
// Threading:  0 0 262144

// AfterAll
// Benchmark Process 3358 has exited with code 0.

Mean = 4.725 μs, StdErr = 0.085 μs (1.79%), N = 3, StdDev = 0.146 μs
Min = 4.588 μs, Q1 = 4.648 μs, Median = 4.709 μs, Q3 = 4.794 μs, Max = 4.879 μs
IQR = 0.146 μs, LowerFence = 4.430 μs, UpperFence = 5.013 μs
ConfidenceInterval = [2.054 μs; 7.397 μs] (CI 99.9%), Margin = 2.671 μs (56.53% of Mean)
Skewness = 0.11, Kurtosis = 0.67, MValue = 2

// ** Remained 6 (33.3 %) benchmark(s) to run. Estimated finish 2026-09-27 15:25 (0h 4m from now) **
// **************************
// Benchmark: MemoryCacheProviderBenchmarks.RemoveAsync: Job-NUBXJZ(IterationCount=20, WarmupCount=5)
// *** Execute ***
// Launch: 1 / 1
// Execute: dotnet Encina.Caching.Memory.Benchmarks-Job-NUBXJZ-1.dll --anonymousPipes 152 153 --benchmarkName Encina.Caching.Memory.Benchmarks.Benchmarks.MemoryCacheProviderBenchmarks.RemoveAsync --job "IterationCount=20, WarmupCount=5" --benchmarkId 12 in /home/runner/work/Encina/Encina/tests/Encina.BenchmarkTests/Encina.Caching.Memory.Benchmarks/bin/Release/net10.0/Encina.Caching.Memory.Benchmarks-Job-NUBXJZ-1/bin/Release/net10.0
// Failed to set up high priority (Permission denied). In order to run benchmarks with high priority, make sure you have the right permissions.
// BeforeAnythingElse

// Benchmark Process Environment Information:
// BenchmarkDotNet v0.15.8
// Runtime=.NET 10.0.12 (10.0.12, 10.0.1226.42308), X64 RyuJIT x86-64-v3
// GC=Concurrent Workstation
// HardwareIntrinsics=AVX2+BMI1+BMI2+F16C+FMA+LZCNT+MOVBE,AVX,SSE3+SSSE3+SSE4.1+SSE4.2+POPCNT,X86Base+SSE+SSE2,AES+PCLMUL VectorSize=256
// Job: Job-NUBXJZ(IterationCount=20, WarmupCount=5)

OverheadJitting  1: 1 op, 175308.00 ns, 175.3080 us/op
WorkloadJitting  1: 1 op, 8554212.00 ns, 8.5542 ms/op

OverheadJitting  2: 16 op, 189875.00 ns, 11.8672 us/op
WorkloadJitting  2: 16 op, 351177.00 ns, 21.9486 us/op

WorkloadPilot    1: 16 op, 69690.00 ns, 4.3556 us/op
WorkloadPilot    2: 32 op, 124543.00 ns, 3.8920 us/op
WorkloadPilot    3: 64 op, 234047.00 ns, 3.6570 us/op
WorkloadPilot    4: 128 op, 459980.00 ns, 3.5936 us/op
WorkloadPilot    5: 256 op, 913037.00 ns, 3.5666 us/op
WorkloadPilot    6: 512 op, 1609699.00 ns, 3.1439 us/op
WorkloadPilot    7: 1024 op, 3392222.00 ns, 3.3127 us/op
WorkloadPilot    8: 2048 op, 6693433.00 ns, 3.2683 us/op
WorkloadPilot    9: 4096 op, 13489277.00 ns, 3.2933 us/op
WorkloadPilot   10: 8192 op, 26711867.00 ns, 3.2607 us/op
WorkloadPilot   11: 16384 op, 54182470.00 ns, 3.3070 us/op
WorkloadPilot   12: 32768 op, 104922717.00 ns, 3.2020 us/op
WorkloadPilot   13: 65536 op, 189533441.00 ns, 2.8921 us/op
WorkloadPilot   14: 131072 op, 374700777.00 ns, 2.8587 us/op
WorkloadPilot   15: 262144 op, 751194701.00 ns, 2.8656 us/op

OverheadWarmup   1: 262144 op, 425204.00 ns, 1.6220 ns/op
OverheadWarmup   2: 262144 op, 424633.00 ns, 1.6198 ns/op
OverheadWarmup   3: 262144 op, 425415.00 ns, 1.6228 ns/op
OverheadWarmup   4: 262144 op, 425416.00 ns, 1.6228 ns/op
OverheadWarmup   5: 262144 op, 424614.00 ns, 1.6198 ns/op
OverheadWarmup   6: 262144 op, 424604.00 ns, 1.6197 ns/op
OverheadWarmup   7: 262144 op, 424654.00 ns, 1.6199 ns/op
OverheadWarmup   8: 262144 op, 424614.00 ns, 1.6198 ns/op

OverheadActual   1: 262144 op, 424784.00 ns, 1.6204 ns/op
OverheadActual   2: 262144 op, 424684.00 ns, 1.6200 ns/op
OverheadActual   3: 262144 op, 424694.00 ns, 1.6201 ns/op
OverheadActual   4: 262144 op, 442728.00 ns, 1.6889 ns/op
OverheadActual   5: 262144 op, 424654.00 ns, 1.6199 ns/op
OverheadActual   6: 262144 op, 424564.00 ns, 1.6196 ns/op
OverheadActual   7: 262144 op, 443078.00 ns, 1.6902 ns/op
OverheadActual   8: 262144 op, 454860.00 ns, 1.7352 ns/op
OverheadActual   9: 262144 op, 448739.00 ns, 1.7118 ns/op
OverheadActual  10: 262144 op, 442899.00 ns, 1.6895 ns/op
OverheadActual  11: 262144 op, 442518.00 ns, 1.6881 ns/op
OverheadActual  12: 262144 op, 458397.00 ns, 1.7486 ns/op
OverheadActual  13: 262144 op, 464929.00 ns, 1.7736 ns/op
OverheadActual  14: 262144 op, 424624.00 ns, 1.6198 ns/op
OverheadActual  15: 262144 op, 424653.00 ns, 1.6199 ns/op

WorkloadWarmup   1: 262144 op, 792886963.00 ns, 3.0246 us/op
WorkloadWarmup   2: 262144 op, 763710446.00 ns, 2.9133 us/op
WorkloadWarmup   3: 262144 op, 770222924.00 ns, 2.9382 us/op
WorkloadWarmup   4: 262144 op, 752002392.00 ns, 2.8687 us/op
WorkloadWarmup   5: 262144 op, 765846152.00 ns, 2.9215 us/op

// BeforeActualRun
WorkloadActual   1: 262144 op, 771025136.00 ns, 2.9412 us/op
WorkloadActual   2: 262144 op, 762398740.00 ns, 2.9083 us/op
WorkloadActual   3: 262144 op, 746770523.00 ns, 2.8487 us/op
WorkloadActual   4: 262144 op, 749056199.00 ns, 2.8574 us/op
WorkloadActual   5: 262144 op, 765008654.00 ns, 2.9183 us/op
WorkloadActual   6: 262144 op, 751377042.00 ns, 2.8663 us/op
WorkloadActual   7: 262144 op, 760989887.00 ns, 2.9029 us/op
WorkloadActual   8: 262144 op, 740855279.00 ns, 2.8261 us/op
WorkloadActual   9: 262144 op, 756029041.00 ns, 2.8840 us/op
WorkloadActual  10: 262144 op, 753187135.00 ns, 2.8732 us/op
WorkloadActual  11: 262144 op, 757615859.00 ns, 2.8901 us/op
WorkloadActual  12: 262144 op, 755989735.00 ns, 2.8839 us/op
WorkloadActual  13: 262144 op, 766916127.00 ns, 2.9256 us/op
WorkloadActual  14: 262144 op, 760427389.00 ns, 2.9008 us/op
WorkloadActual  15: 262144 op, 758130953.00 ns, 2.8920 us/op
WorkloadActual  16: 262144 op, 770555744.00 ns, 2.9394 us/op
WorkloadActual  17: 262144 op, 761275458.00 ns, 2.9040 us/op
WorkloadActual  18: 262144 op, 753923229.00 ns, 2.8760 us/op
WorkloadActual  19: 262144 op, 767854674.00 ns, 2.9291 us/op
WorkloadActual  20: 262144 op, 750335942.00 ns, 2.8623 us/op

// AfterActualRun
WorkloadResult   1: 262144 op, 770582618.00 ns, 2.9395 us/op
WorkloadResult   2: 262144 op, 761956222.00 ns, 2.9066 us/op
WorkloadResult   3: 262144 op, 746328005.00 ns, 2.8470 us/op
WorkloadResult   4: 262144 op, 748613681.00 ns, 2.8557 us/op
WorkloadResult   5: 262144 op, 764566136.00 ns, 2.9166 us/op
WorkloadResult   6: 262144 op, 750934524.00 ns, 2.8646 us/op
WorkloadResult   7: 262144 op, 760547369.00 ns, 2.9013 us/op
WorkloadResult   8: 262144 op, 740412761.00 ns, 2.8245 us/op
WorkloadResult   9: 262144 op, 755586523.00 ns, 2.8823 us/op
WorkloadResult  10: 262144 op, 752744617.00 ns, 2.8715 us/op
WorkloadResult  11: 262144 op, 757173341.00 ns, 2.8884 us/op
WorkloadResult  12: 262144 op, 755547217.00 ns, 2.8822 us/op
WorkloadResult  13: 262144 op, 766473609.00 ns, 2.9239 us/op
WorkloadResult  14: 262144 op, 759984871.00 ns, 2.8991 us/op
WorkloadResult  15: 262144 op, 757688435.00 ns, 2.8904 us/op
WorkloadResult  16: 262144 op, 770113226.00 ns, 2.9377 us/op
WorkloadResult  17: 262144 op, 760832940.00 ns, 2.9023 us/op
WorkloadResult  18: 262144 op, 753480711.00 ns, 2.8743 us/op
WorkloadResult  19: 262144 op, 767412156.00 ns, 2.9274 us/op
WorkloadResult  20: 262144 op, 749893424.00 ns, 2.8606 us/op
// GC:  12 0 0 205520896 262144
// Threading:  262144 1 262144

// AfterAll
// Benchmark Process 3384 has exited with code 0.

Mean = 2.890 μs, StdErr = 0.007 μs (0.24%), N = 20, StdDev = 0.031 μs
Min = 2.824 μs, Q1 = 2.870 μs, Median = 2.889 μs, Q3 = 2.909 μs, Max = 2.940 μs
IQR = 0.039 μs, LowerFence = 2.811 μs, UpperFence = 2.968 μs
ConfidenceInterval = [2.863 μs; 2.917 μs] (CI 99.9%), Margin = 0.027 μs (0.93% of Mean)
Skewness = -0.16, Kurtosis = 2.17, MValue = 2

// ** Remained 5 (27.8 %) benchmark(s) to run. Estimated finish 2026-09-27 15:25 (0h 3m from now) **
// **************************
// Benchmark: MemoryCacheProviderBenchmarks.RemoveAsync: ShortRun(IterationCount=3, LaunchCount=1, WarmupCount=3)
// *** Execute ***
// Launch: 1 / 1
// Execute: dotnet Encina.Caching.Memory.Benchmarks-Job-NUBXJZ-1.dll --anonymousPipes 152 153 --benchmarkName Encina.Caching.Memory.Benchmarks.Benchmarks.MemoryCacheProviderBenchmarks.RemoveAsync --job ShortRun --benchmarkId 13 in /home/runner/work/Encina/Encina/tests/Encina.BenchmarkTests/Encina.Caching.Memory.Benchmarks/bin/Release/net10.0/Encina.Caching.Memory.Benchmarks-Job-NUBXJZ-1/bin/Release/net10.0
// Failed to set up high priority (Permission denied). In order to run benchmarks with high priority, make sure you have the right permissions.
// BeforeAnythingElse

// Benchmark Process Environment Information:
// BenchmarkDotNet v0.15.8
// Runtime=.NET 10.0.12 (10.0.12, 10.0.1226.42308), X64 RyuJIT x86-64-v3
// GC=Concurrent Workstation
// HardwareIntrinsics=AVX2+BMI1+BMI2+F16C+FMA+LZCNT+MOVBE,AVX,SSE3+SSSE3+SSE4.1+SSE4.2+POPCNT,X86Base+SSE+SSE2,AES+PCLMUL VectorSize=256
// Job: ShortRun(IterationCount=3, LaunchCount=1, WarmupCount=3)

OverheadJitting  1: 1 op, 204002.00 ns, 204.0020 us/op
WorkloadJitting  1: 1 op, 8707418.00 ns, 8.7074 ms/op

OverheadJitting  2: 16 op, 199072.00 ns, 12.4420 us/op
WorkloadJitting  2: 16 op, 349263.00 ns, 21.8289 us/op

WorkloadPilot    1: 16 op, 59722.00 ns, 3.7326 us/op
WorkloadPilot    2: 32 op, 136264.00 ns, 4.2583 us/op
WorkloadPilot    3: 64 op, 225341.00 ns, 3.5210 us/op
WorkloadPilot    4: 128 op, 474176.00 ns, 3.7045 us/op
WorkloadPilot    5: 256 op, 874365.00 ns, 3.4155 us/op
WorkloadPilot    6: 512 op, 1681184.00 ns, 3.2836 us/op
WorkloadPilot    7: 1024 op, 3368561.00 ns, 3.2896 us/op
WorkloadPilot    8: 2048 op, 6685265.00 ns, 3.2643 us/op
WorkloadPilot    9: 4096 op, 13279019.00 ns, 3.2419 us/op
WorkloadPilot   10: 8192 op, 26798157.00 ns, 3.2713 us/op
WorkloadPilot   11: 16384 op, 53931371.00 ns, 3.2917 us/op
WorkloadPilot   12: 32768 op, 101117634.00 ns, 3.0859 us/op
WorkloadPilot   13: 65536 op, 198318833.00 ns, 3.0261 us/op
WorkloadPilot   14: 131072 op, 380819139.00 ns, 2.9054 us/op
WorkloadPilot   15: 262144 op, 759761174.00 ns, 2.8983 us/op

OverheadWarmup   1: 262144 op, 446776.00 ns, 1.7043 ns/op
OverheadWarmup   2: 262144 op, 424715.00 ns, 1.6202 ns/op
OverheadWarmup   3: 262144 op, 424585.00 ns, 1.6197 ns/op
OverheadWarmup   4: 262144 op, 424705.00 ns, 1.6201 ns/op
OverheadWarmup   5: 262144 op, 424695.00 ns, 1.6201 ns/op
OverheadWarmup   6: 262144 op, 424615.00 ns, 1.6198 ns/op
OverheadWarmup   7: 262144 op, 424625.00 ns, 1.6198 ns/op
OverheadWarmup   8: 262144 op, 424665.00 ns, 1.6200 ns/op
OverheadWarmup   9: 262144 op, 424706.00 ns, 1.6201 ns/op
OverheadWarmup  10: 262144 op, 424646.00 ns, 1.6199 ns/op

OverheadActual   1: 262144 op, 428592.00 ns, 1.6349 ns/op
OverheadActual   2: 262144 op, 446336.00 ns, 1.7026 ns/op
OverheadActual   3: 262144 op, 442960.00 ns, 1.6898 ns/op
OverheadActual   4: 262144 op, 424675.00 ns, 1.6200 ns/op
OverheadActual   5: 262144 op, 444873.00 ns, 1.6971 ns/op
OverheadActual   6: 262144 op, 424706.00 ns, 1.6201 ns/op
OverheadActual   7: 262144 op, 424716.00 ns, 1.6202 ns/op
OverheadActual   8: 262144 op, 424756.00 ns, 1.6203 ns/op
OverheadActual   9: 262144 op, 424755.00 ns, 1.6203 ns/op
OverheadActual  10: 262144 op, 428342.00 ns, 1.6340 ns/op
OverheadActual  11: 262144 op, 424705.00 ns, 1.6201 ns/op
OverheadActual  12: 262144 op, 424675.00 ns, 1.6200 ns/op
OverheadActual  13: 262144 op, 424716.00 ns, 1.6202 ns/op
OverheadActual  14: 262144 op, 424635.00 ns, 1.6199 ns/op
OverheadActual  15: 262144 op, 424706.00 ns, 1.6201 ns/op

WorkloadWarmup   1: 262144 op, 781542747.00 ns, 2.9813 us/op
WorkloadWarmup   2: 262144 op, 791932381.00 ns, 3.0210 us/op
WorkloadWarmup   3: 262144 op, 762221458.00 ns, 2.9076 us/op

// BeforeActualRun
WorkloadActual   1: 262144 op, 777222458.00 ns, 2.9649 us/op
WorkloadActual   2: 262144 op, 776266458.00 ns, 2.9612 us/op
WorkloadActual   3: 262144 op, 776427268.00 ns, 2.9618 us/op

// AfterActualRun
WorkloadResult   1: 262144 op, 776797742.00 ns, 2.9632 us/op
WorkloadResult   2: 262144 op, 775841742.00 ns, 2.9596 us/op
WorkloadResult   3: 262144 op, 776002552.00 ns, 2.9602 us/op
// GC:  12 0 0 205520896 262144
// Threading:  262144 1 262144

// AfterAll
// Benchmark Process 3407 has exited with code 0.

Mean = 2.961 μs, StdErr = 0.001 μs (0.04%), N = 3, StdDev = 0.002 μs
Min = 2.960 μs, Q1 = 2.960 μs, Median = 2.960 μs, Q3 = 2.962 μs, Max = 2.963 μs
IQR = 0.002 μs, LowerFence = 2.957 μs, UpperFence = 2.964 μs
ConfidenceInterval = [2.925 μs; 2.997 μs] (CI 99.9%), Margin = 0.036 μs (1.20% of Mean)
Skewness = 0.34, Kurtosis = 0.67, MValue = 2

// ** Remained 4 (22.2 %) benchmark(s) to run. Estimated finish 2026-09-27 15:24 (0h 2m from now) **
// **************************
// Benchmark: MemoryCacheProviderBenchmarks.SetWithSlidingExpirationAsync: Job-NUBXJZ(IterationCount=20, WarmupCount=5)
// *** Execute ***
// Launch: 1 / 1
// Execute: dotnet Encina.Caching.Memory.Benchmarks-Job-NUBXJZ-1.dll --anonymousPipes 152 153 --benchmarkName Encina.Caching.Memory.Benchmarks.Benchmarks.MemoryCacheProviderBenchmarks.SetWithSlidingExpirationAsync --job "IterationCount=20, WarmupCount=5" --benchmarkId 14 in /home/runner/work/Encina/Encina/tests/Encina.BenchmarkTests/Encina.Caching.Memory.Benchmarks/bin/Release/net10.0/Encina.Caching.Memory.Benchmarks-Job-NUBXJZ-1/bin/Release/net10.0
// Failed to set up high priority (Permission denied). In order to run benchmarks with high priority, make sure you have the right permissions.
// BeforeAnythingElse

// Benchmark Process Environment Information:
// BenchmarkDotNet v0.15.8
// Runtime=.NET 10.0.12 (10.0.12, 10.0.1226.42308), X64 RyuJIT x86-64-v3
// GC=Concurrent Workstation
// HardwareIntrinsics=AVX2+BMI1+BMI2+F16C+FMA+LZCNT+MOVBE,AVX,SSE3+SSSE3+SSE4.1+SSE4.2+POPCNT,X86Base+SSE+SSE2,AES+PCLMUL VectorSize=256
// Job: Job-NUBXJZ(IterationCount=20, WarmupCount=5)

OverheadJitting  1: 1 op, 173244.00 ns, 173.2440 us/op
WorkloadJitting  1: 1 op, 4301445.00 ns, 4.3014 ms/op

OverheadJitting  2: 16 op, 177762.00 ns, 11.1101 us/op
WorkloadJitting  2: 16 op, 228137.00 ns, 14.2586 us/op

WorkloadPilot    1: 16 op, 166091.00 ns, 10.3807 us/op
WorkloadPilot    2: 32 op, 97182.00 ns, 3.0369 us/op
WorkloadPilot    3: 64 op, 154550.00 ns, 2.4148 us/op
WorkloadPilot    4: 128 op, 338243.00 ns, 2.6425 us/op
WorkloadPilot    5: 256 op, 576329.00 ns, 2.2513 us/op
WorkloadPilot    6: 512 op, 955158.00 ns, 1.8655 us/op
WorkloadPilot    7: 1024 op, 2565554.00 ns, 2.5054 us/op
WorkloadPilot    8: 2048 op, 4629128.00 ns, 2.2603 us/op
WorkloadPilot    9: 4096 op, 8795389.00 ns, 2.1473 us/op
WorkloadPilot   10: 8192 op, 19762785.00 ns, 2.4124 us/op
WorkloadPilot   11: 16384 op, 28675284.00 ns, 1.7502 us/op
WorkloadPilot   12: 32768 op, 93863637.00 ns, 2.8645 us/op
WorkloadPilot   13: 65536 op, 222505425.00 ns, 3.3952 us/op
WorkloadPilot   14: 131072 op, 387599219.00 ns, 2.9571 us/op
WorkloadPilot   15: 262144 op, 1022464848.00 ns, 3.9004 us/op

OverheadWarmup   1: 262144 op, 449811.00 ns, 1.7159 ns/op
OverheadWarmup   2: 262144 op, 425947.00 ns, 1.6249 ns/op
OverheadWarmup   3: 262144 op, 442778.00 ns, 1.6891 ns/op
OverheadWarmup   4: 262144 op, 426338.00 ns, 1.6264 ns/op
OverheadWarmup   5: 262144 op, 460321.00 ns, 1.7560 ns/op
OverheadWarmup   6: 262144 op, 445774.00 ns, 1.7005 ns/op

OverheadActual   1: 262144 op, 425565.00 ns, 1.6234 ns/op
OverheadActual   2: 262144 op, 425657.00 ns, 1.6238 ns/op
OverheadActual   3: 262144 op, 458979.00 ns, 1.7509 ns/op
OverheadActual   4: 262144 op, 425586.00 ns, 1.6235 ns/op
OverheadActual   5: 262144 op, 425597.00 ns, 1.6235 ns/op
OverheadActual   6: 262144 op, 428722.00 ns, 1.6354 ns/op
OverheadActual   7: 262144 op, 425706.00 ns, 1.6239 ns/op
OverheadActual   8: 262144 op, 444171.00 ns, 1.6944 ns/op
OverheadActual   9: 262144 op, 425686.00 ns, 1.6239 ns/op
OverheadActual  10: 262144 op, 443540.00 ns, 1.6920 ns/op
OverheadActual  11: 262144 op, 425565.00 ns, 1.6234 ns/op
OverheadActual  12: 262144 op, 447697.00 ns, 1.7078 ns/op
OverheadActual  13: 262144 op, 425716.00 ns, 1.6240 ns/op
OverheadActual  14: 262144 op, 425546.00 ns, 1.6233 ns/op
OverheadActual  15: 262144 op, 460591.00 ns, 1.7570 ns/op

WorkloadWarmup   1: 262144 op, 1158766308.00 ns, 4.4203 us/op
WorkloadWarmup   2: 262144 op, 793150095.00 ns, 3.0256 us/op
WorkloadWarmup   3: 262144 op, 1595038641.00 ns, 6.0846 us/op
WorkloadWarmup   4: 262144 op, 1016997106.00 ns, 3.8795 us/op
WorkloadWarmup   5: 262144 op, 987940471.00 ns, 3.7687 us/op

// BeforeActualRun
WorkloadActual   1: 262144 op, 911784723.00 ns, 3.4782 us/op
WorkloadActual   2: 262144 op, 919805961.00 ns, 3.5088 us/op
WorkloadActual   3: 262144 op, 926464040.00 ns, 3.5342 us/op
WorkloadActual   4: 262144 op, 2620671973.00 ns, 9.9971 us/op
WorkloadActual   5: 262144 op, 1049644718.00 ns, 4.0041 us/op
WorkloadActual   6: 262144 op, 1344335976.00 ns, 5.1282 us/op
WorkloadActual   7: 262144 op, 1307800138.00 ns, 4.9889 us/op
WorkloadActual   8: 262144 op, 960227833.00 ns, 3.6630 us/op
WorkloadActual   9: 262144 op, 1024049531.00 ns, 3.9064 us/op
WorkloadActual  10: 262144 op, 1096732933.00 ns, 4.1837 us/op
WorkloadActual  11: 262144 op, 1003558908.00 ns, 3.8283 us/op
WorkloadActual  12: 262144 op, 985093860.00 ns, 3.7578 us/op
WorkloadActual  13: 262144 op, 985313671.00 ns, 3.7587 us/op
WorkloadActual  14: 262144 op, 994515267.00 ns, 3.7938 us/op
WorkloadActual  15: 262144 op, 1354950449.00 ns, 5.1687 us/op
WorkloadActual  16: 262144 op, 1331065677.00 ns, 5.0776 us/op
WorkloadActual  17: 262144 op, 1279472259.00 ns, 4.8808 us/op
WorkloadActual  18: 262144 op, 1293523630.00 ns, 4.9344 us/op
WorkloadActual  19: 262144 op, 919833134.00 ns, 3.5089 us/op
WorkloadActual  20: 262144 op, 981807391.00 ns, 3.7453 us/op

// AfterActualRun
WorkloadResult   1: 262144 op, 911359017.00 ns, 3.4766 us/op
WorkloadResult   2: 262144 op, 919380255.00 ns, 3.5072 us/op
WorkloadResult   3: 262144 op, 926038334.00 ns, 3.5326 us/op
WorkloadResult   4: 262144 op, 1049219012.00 ns, 4.0025 us/op
WorkloadResult   5: 262144 op, 1343910270.00 ns, 5.1266 us/op
WorkloadResult   6: 262144 op, 1307374432.00 ns, 4.9872 us/op
WorkloadResult   7: 262144 op, 959802127.00 ns, 3.6614 us/op
WorkloadResult   8: 262144 op, 1023623825.00 ns, 3.9048 us/op
WorkloadResult   9: 262144 op, 1096307227.00 ns, 4.1821 us/op
WorkloadResult  10: 262144 op, 1003133202.00 ns, 3.8266 us/op
WorkloadResult  11: 262144 op, 984668154.00 ns, 3.7562 us/op
WorkloadResult  12: 262144 op, 984887965.00 ns, 3.7570 us/op
WorkloadResult  13: 262144 op, 994089561.00 ns, 3.7922 us/op
WorkloadResult  14: 262144 op, 1354524743.00 ns, 5.1671 us/op
WorkloadResult  15: 262144 op, 1330639971.00 ns, 5.0760 us/op
WorkloadResult  16: 262144 op, 1279046553.00 ns, 4.8792 us/op
WorkloadResult  17: 262144 op, 1293097924.00 ns, 4.9328 us/op
WorkloadResult  18: 262144 op, 919407428.00 ns, 3.5073 us/op
WorkloadResult  19: 262144 op, 981381685.00 ns, 3.7437 us/op
// GC:  11 10 0 188743680 262144
// Threading:  0 0 262144

// AfterAll
// Benchmark Process 3419 has exited with code 0.

Mean = 4.148 μs, StdErr = 0.147 μs (3.54%), N = 19, StdDev = 0.640 μs
Min = 3.477 μs, Q1 = 3.703 μs, Median = 3.827 μs, Q3 = 4.906 μs, Max = 5.167 μs
IQR = 1.203 μs, LowerFence = 1.897 μs, UpperFence = 6.711 μs
ConfidenceInterval = [3.572 μs; 4.724 μs] (CI 99.9%), Margin = 0.576 μs (13.89% of Mean)
Skewness = 0.56, Kurtosis = 1.48, MValue = 2.83

// ** Remained 3 (16.7 %) benchmark(s) to run. Estimated finish 2026-09-27 15:27 (0h 2m from now) **
// **************************
// Benchmark: MemoryCacheProviderBenchmarks.SetWithSlidingExpirationAsync: ShortRun(IterationCount=3, LaunchCount=1, WarmupCount=3)
// *** Execute ***
// Launch: 1 / 1
// Execute: dotnet Encina.Caching.Memory.Benchmarks-Job-NUBXJZ-1.dll --anonymousPipes 152 153 --benchmarkName Encina.Caching.Memory.Benchmarks.Benchmarks.MemoryCacheProviderBenchmarks.SetWithSlidingExpirationAsync --job ShortRun --benchmarkId 15 in /home/runner/work/Encina/Encina/tests/Encina.BenchmarkTests/Encina.Caching.Memory.Benchmarks/bin/Release/net10.0/Encina.Caching.Memory.Benchmarks-Job-NUBXJZ-1/bin/Release/net10.0
// Failed to set up high priority (Permission denied). In order to run benchmarks with high priority, make sure you have the right permissions.
// BeforeAnythingElse

// Benchmark Process Environment Information:
// BenchmarkDotNet v0.15.8
// Runtime=.NET 10.0.12 (10.0.12, 10.0.1226.42308), X64 RyuJIT x86-64-v3
// GC=Concurrent Workstation
// HardwareIntrinsics=AVX2+BMI1+BMI2+F16C+FMA+LZCNT+MOVBE,AVX,SSE3+SSSE3+SSE4.1+SSE4.2+POPCNT,X86Base+SSE+SSE2,AES+PCLMUL VectorSize=256
// Job: ShortRun(IterationCount=3, LaunchCount=1, WarmupCount=3)

OverheadJitting  1: 1 op, 199343.00 ns, 199.3430 us/op
WorkloadJitting  1: 1 op, 4321783.00 ns, 4.3218 ms/op

OverheadJitting  2: 16 op, 178314.00 ns, 11.1446 us/op
WorkloadJitting  2: 16 op, 228908.00 ns, 14.3068 us/op

WorkloadPilot    1: 16 op, 132829.00 ns, 8.3018 us/op
WorkloadPilot    2: 32 op, 94156.00 ns, 2.9424 us/op
WorkloadPilot    3: 64 op, 156292.00 ns, 2.4421 us/op
WorkloadPilot    4: 128 op, 290924.00 ns, 2.2728 us/op
WorkloadPilot    5: 256 op, 612194.00 ns, 2.3914 us/op
WorkloadPilot    6: 512 op, 1155872.00 ns, 2.2576 us/op
WorkloadPilot    7: 1024 op, 2397955.00 ns, 2.3418 us/op
WorkloadPilot    8: 2048 op, 4737190.00 ns, 2.3131 us/op
WorkloadPilot    9: 4096 op, 7338616.00 ns, 1.7917 us/op
WorkloadPilot   10: 8192 op, 17379365.00 ns, 2.1215 us/op
WorkloadPilot   11: 16384 op, 34112149.00 ns, 2.0820 us/op
WorkloadPilot   12: 32768 op, 90067541.00 ns, 2.7486 us/op
WorkloadPilot   13: 65536 op, 218419825.00 ns, 3.3328 us/op
WorkloadPilot   14: 131072 op, 384278867.00 ns, 2.9318 us/op
WorkloadPilot   15: 262144 op, 1019914773.00 ns, 3.8907 us/op

OverheadWarmup   1: 262144 op, 455612.00 ns, 1.7380 ns/op
OverheadWarmup   2: 262144 op, 449631.00 ns, 1.7152 ns/op
OverheadWarmup   3: 262144 op, 446254.00 ns, 1.7023 ns/op
OverheadWarmup   4: 262144 op, 446565.00 ns, 1.7035 ns/op
OverheadWarmup   5: 262144 op, 465881.00 ns, 1.7772 ns/op
OverheadWarmup   6: 262144 op, 462835.00 ns, 1.7656 ns/op
OverheadWarmup   7: 262144 op, 450142.00 ns, 1.7172 ns/op
OverheadWarmup   8: 262144 op, 445573.00 ns, 1.6997 ns/op
OverheadWarmup   9: 262144 op, 469468.00 ns, 1.7909 ns/op
OverheadWarmup  10: 262144 op, 446565.00 ns, 1.7035 ns/op

OverheadActual   1: 262144 op, 463618.00 ns, 1.7686 ns/op
OverheadActual   2: 262144 op, 461043.00 ns, 1.7587 ns/op
OverheadActual   3: 262144 op, 469158.00 ns, 1.7897 ns/op
OverheadActual   4: 262144 op, 451625.00 ns, 1.7228 ns/op
OverheadActual   5: 262144 op, 448098.00 ns, 1.7094 ns/op
OverheadActual   6: 262144 op, 448990.00 ns, 1.7128 ns/op
OverheadActual   7: 262144 op, 425687.00 ns, 1.6239 ns/op
OverheadActual   8: 262144 op, 459870.00 ns, 1.7543 ns/op
OverheadActual   9: 262144 op, 458848.00 ns, 1.7504 ns/op
OverheadActual  10: 262144 op, 460701.00 ns, 1.7574 ns/op
OverheadActual  11: 262144 op, 445393.00 ns, 1.6990 ns/op
OverheadActual  12: 262144 op, 425606.00 ns, 1.6236 ns/op
OverheadActual  13: 262144 op, 429203.00 ns, 1.6373 ns/op
OverheadActual  14: 262144 op, 442698.00 ns, 1.6888 ns/op
OverheadActual  15: 262144 op, 425556.00 ns, 1.6234 ns/op

WorkloadWarmup   1: 262144 op, 1162624257.00 ns, 4.4351 us/op
WorkloadWarmup   2: 262144 op, 784043894.00 ns, 2.9909 us/op
WorkloadWarmup   3: 262144 op, 1590576008.00 ns, 6.0676 us/op

// BeforeActualRun
WorkloadActual   1: 262144 op, 930953016.00 ns, 3.5513 us/op
WorkloadActual   2: 262144 op, 978975053.00 ns, 3.7345 us/op
WorkloadActual   3: 262144 op, 892694997.00 ns, 3.4054 us/op

// AfterActualRun
WorkloadResult   1: 262144 op, 930504026.00 ns, 3.5496 us/op
WorkloadResult   2: 262144 op, 978526063.00 ns, 3.7328 us/op
WorkloadResult   3: 262144 op, 892246007.00 ns, 3.4036 us/op
// GC:  11 10 0 188743680 262144
// Threading:  0 0 262144

// AfterAll
// Benchmark Process 3463 has exited with code 0.

Mean = 3.562 μs, StdErr = 0.095 μs (2.67%), N = 3, StdDev = 0.165 μs
Min = 3.404 μs, Q1 = 3.477 μs, Median = 3.550 μs, Q3 = 3.641 μs, Max = 3.733 μs
IQR = 0.165 μs, LowerFence = 3.230 μs, UpperFence = 3.888 μs
ConfidenceInterval = [0.553 μs; 6.571 μs] (CI 99.9%), Margin = 3.009 μs (84.47% of Mean)
Skewness = 0.07, Kurtosis = 0.67, MValue = 2

// ** Remained 2 (11.1 %) benchmark(s) to run. Estimated finish 2026-09-27 15:27 (0h 1m from now) **
// **************************
// Benchmark: MemoryCacheProviderBenchmarks.SetAsync: Job-NUBXJZ(IterationCount=20, WarmupCount=5)
// *** Execute ***
// Launch: 1 / 1
// Execute: dotnet Encina.Caching.Memory.Benchmarks-Job-NUBXJZ-1.dll --anonymousPipes 152 153 --benchmarkName Encina.Caching.Memory.Benchmarks.Benchmarks.MemoryCacheProviderBenchmarks.SetAsync --job "IterationCount=20, WarmupCount=5" --benchmarkId 16 in /home/runner/work/Encina/Encina/tests/Encina.BenchmarkTests/Encina.Caching.Memory.Benchmarks/bin/Release/net10.0/Encina.Caching.Memory.Benchmarks-Job-NUBXJZ-1/bin/Release/net10.0
// Failed to set up high priority (Permission denied). In order to run benchmarks with high priority, make sure you have the right permissions.
// BeforeAnythingElse

// Benchmark Process Environment Information:
// BenchmarkDotNet v0.15.8
// Runtime=.NET 10.0.12 (10.0.12, 10.0.1226.42308), X64 RyuJIT x86-64-v3
// GC=Concurrent Workstation
// HardwareIntrinsics=AVX2+BMI1+BMI2+F16C+FMA+LZCNT+MOVBE,AVX,SSE3+SSSE3+SSE4.1+SSE4.2+POPCNT,X86Base+SSE+SSE2,AES+PCLMUL VectorSize=256
// Job: Job-NUBXJZ(IterationCount=20, WarmupCount=5)

OverheadJitting  1: 1 op, 172282.00 ns, 172.2820 us/op
WorkloadJitting  1: 1 op, 3388848.00 ns, 3.3888 ms/op

OverheadJitting  2: 16 op, 202630.00 ns, 12.6644 us/op
WorkloadJitting  2: 16 op, 267119.00 ns, 16.6949 us/op

WorkloadPilot    1: 16 op, 181519.00 ns, 11.3449 us/op
WorkloadPilot    2: 32 op, 86172.00 ns, 2.6929 us/op
WorkloadPilot    3: 64 op, 191959.00 ns, 2.9994 us/op
WorkloadPilot    4: 128 op, 306523.00 ns, 2.3947 us/op
WorkloadPilot    5: 256 op, 507680.00 ns, 1.9831 us/op
WorkloadPilot    6: 512 op, 1266479.00 ns, 2.4736 us/op
WorkloadPilot    7: 1024 op, 2208070.00 ns, 2.1563 us/op
WorkloadPilot    8: 2048 op, 4805619.00 ns, 2.3465 us/op
WorkloadPilot    9: 4096 op, 8778589.00 ns, 2.1432 us/op
WorkloadPilot   10: 8192 op, 12806402.00 ns, 1.5633 us/op
WorkloadPilot   11: 16384 op, 36535283.00 ns, 2.2299 us/op
WorkloadPilot   12: 32768 op, 90060690.00 ns, 2.7484 us/op
WorkloadPilot   13: 65536 op, 222551227.00 ns, 3.3959 us/op
WorkloadPilot   14: 131072 op, 375048662.00 ns, 2.8614 us/op
WorkloadPilot   15: 262144 op, 1003243374.00 ns, 3.8271 us/op

OverheadWarmup   1: 262144 op, 458237.00 ns, 1.7480 ns/op
OverheadWarmup   2: 262144 op, 452105.00 ns, 1.7246 ns/op
OverheadWarmup   3: 262144 op, 471862.00 ns, 1.8000 ns/op
OverheadWarmup   4: 262144 op, 476040.00 ns, 1.8159 ns/op
OverheadWarmup   5: 262144 op, 445533.00 ns, 1.6996 ns/op
OverheadWarmup   6: 262144 op, 451324.00 ns, 1.7217 ns/op
OverheadWarmup   7: 262144 op, 471070.00 ns, 1.7970 ns/op
OverheadWarmup   8: 262144 op, 470470.00 ns, 1.7947 ns/op

OverheadActual   1: 262144 op, 440875.00 ns, 1.6818 ns/op
OverheadActual   2: 262144 op, 462405.00 ns, 1.7639 ns/op
OverheadActual   3: 262144 op, 449381.00 ns, 1.7143 ns/op
OverheadActual   4: 262144 op, 463096.00 ns, 1.7666 ns/op
OverheadActual   5: 262144 op, 451905.00 ns, 1.7239 ns/op
OverheadActual   6: 262144 op, 468856.00 ns, 1.7885 ns/op
OverheadActual   7: 262144 op, 446876.00 ns, 1.7047 ns/op
OverheadActual   8: 262144 op, 470199.00 ns, 1.7937 ns/op
OverheadActual   9: 262144 op, 471983.00 ns, 1.8005 ns/op
OverheadActual  10: 262144 op, 451053.00 ns, 1.7206 ns/op
OverheadActual  11: 262144 op, 463868.00 ns, 1.7695 ns/op
OverheadActual  12: 262144 op, 456684.00 ns, 1.7421 ns/op
OverheadActual  13: 262144 op, 481691.00 ns, 1.8375 ns/op
OverheadActual  14: 262144 op, 472053.00 ns, 1.8007 ns/op
OverheadActual  15: 262144 op, 457085.00 ns, 1.7436 ns/op

WorkloadWarmup   1: 262144 op, 1156163145.00 ns, 4.4104 us/op
WorkloadWarmup   2: 262144 op, 816674537.00 ns, 3.1154 us/op
WorkloadWarmup   3: 262144 op, 1550335848.00 ns, 5.9141 us/op
WorkloadWarmup   4: 262144 op, 921294935.00 ns, 3.5145 us/op
WorkloadWarmup   5: 262144 op, 991204047.00 ns, 3.7811 us/op

// BeforeActualRun
WorkloadActual   1: 262144 op, 905163984.00 ns, 3.4529 us/op
WorkloadActual   2: 262144 op, 905570144.00 ns, 3.4545 us/op
WorkloadActual   3: 262144 op, 923143505.00 ns, 3.5215 us/op
WorkloadActual   4: 262144 op, 2596625469.00 ns, 9.9053 us/op
WorkloadActual   5: 262144 op, 1064333754.00 ns, 4.0601 us/op
WorkloadActual   6: 262144 op, 1114503235.00 ns, 4.2515 us/op
WorkloadActual   7: 262144 op, 981926463.00 ns, 3.7458 us/op
WorkloadActual   8: 262144 op, 985930843.00 ns, 3.7610 us/op
WorkloadActual   9: 262144 op, 976408317.00 ns, 3.7247 us/op
WorkloadActual  10: 262144 op, 1013915098.00 ns, 3.8678 us/op
WorkloadActual  11: 262144 op, 998192819.00 ns, 3.8078 us/op
WorkloadActual  12: 262144 op, 981415024.00 ns, 3.7438 us/op
WorkloadActual  13: 262144 op, 998976751.00 ns, 3.8108 us/op
WorkloadActual  14: 262144 op, 1013007243.00 ns, 3.8643 us/op
WorkloadActual  15: 262144 op, 4373968686.00 ns, 16.6854 us/op
WorkloadActual  16: 262144 op, 956890124.00 ns, 3.6502 us/op
WorkloadActual  17: 262144 op, 1001311591.00 ns, 3.8197 us/op
WorkloadActual  18: 262144 op, 1224828721.00 ns, 4.6724 us/op
WorkloadActual  19: 262144 op, 1141950991.00 ns, 4.3562 us/op
WorkloadActual  20: 262144 op, 1082154755.00 ns, 4.1281 us/op

// AfterActualRun
WorkloadResult   1: 262144 op, 904701579.00 ns, 3.4512 us/op
WorkloadResult   2: 262144 op, 905107739.00 ns, 3.4527 us/op
WorkloadResult   3: 262144 op, 922681100.00 ns, 3.5197 us/op
WorkloadResult   4: 262144 op, 1063871349.00 ns, 4.0583 us/op
WorkloadResult   5: 262144 op, 1114040830.00 ns, 4.2497 us/op
WorkloadResult   6: 262144 op, 981464058.00 ns, 3.7440 us/op
WorkloadResult   7: 262144 op, 985468438.00 ns, 3.7593 us/op
WorkloadResult   8: 262144 op, 975945912.00 ns, 3.7229 us/op
WorkloadResult   9: 262144 op, 1013452693.00 ns, 3.8660 us/op
WorkloadResult  10: 262144 op, 997730414.00 ns, 3.8060 us/op
WorkloadResult  11: 262144 op, 980952619.00 ns, 3.7420 us/op
WorkloadResult  12: 262144 op, 998514346.00 ns, 3.8090 us/op
WorkloadResult  13: 262144 op, 1012544838.00 ns, 3.8626 us/op
WorkloadResult  14: 262144 op, 956427719.00 ns, 3.6485 us/op
WorkloadResult  15: 262144 op, 1000849186.00 ns, 3.8179 us/op
WorkloadResult  16: 262144 op, 1224366316.00 ns, 4.6706 us/op
WorkloadResult  17: 262144 op, 1141488586.00 ns, 4.3544 us/op
WorkloadResult  18: 262144 op, 1081692350.00 ns, 4.1263 us/op
// GC:  11 10 0 186646592 262144
// Threading:  1 0 262144

// AfterAll
// Benchmark Process 3478 has exited with code 0.

Mean = 3.870 μs, StdErr = 0.075 μs (1.94%), N = 18, StdDev = 0.318 μs
Min = 3.451 μs, Q1 = 3.728 μs, Median = 3.808 μs, Q3 = 4.010 μs, Max = 4.671 μs
IQR = 0.283 μs, LowerFence = 3.304 μs, UpperFence = 4.434 μs
ConfidenceInterval = [3.573 μs; 4.167 μs] (CI 99.9%), Margin = 0.297 μs (7.68% of Mean)
Skewness = 0.86, Kurtosis = 3.11, MValue = 2.6

// ** Remained 1 (5.6 %) benchmark(s) to run. Estimated finish 2026-09-27 15:30 (0h 0m from now) **
// **************************
// Benchmark: MemoryCacheProviderBenchmarks.SetAsync: ShortRun(IterationCount=3, LaunchCount=1, WarmupCount=3)
// *** Execute ***
// Launch: 1 / 1
// Execute: dotnet Encina.Caching.Memory.Benchmarks-Job-NUBXJZ-1.dll --anonymousPipes 152 153 --benchmarkName Encina.Caching.Memory.Benchmarks.Benchmarks.MemoryCacheProviderBenchmarks.SetAsync --job ShortRun --benchmarkId 17 in /home/runner/work/Encina/Encina/tests/Encina.BenchmarkTests/Encina.Caching.Memory.Benchmarks/bin/Release/net10.0/Encina.Caching.Memory.Benchmarks-Job-NUBXJZ-1/bin/Release/net10.0
// Failed to set up high priority (Permission denied). In order to run benchmarks with high priority, make sure you have the right permissions.
// BeforeAnythingElse

// Benchmark Process Environment Information:
// BenchmarkDotNet v0.15.8
// Runtime=.NET 10.0.12 (10.0.12, 10.0.1226.42308), X64 RyuJIT x86-64-v3
// GC=Concurrent Workstation
// HardwareIntrinsics=AVX2+BMI1+BMI2+F16C+FMA+LZCNT+MOVBE,AVX,SSE3+SSSE3+SSE4.1+SSE4.2+POPCNT,X86Base+SSE+SSE2,AES+PCLMUL VectorSize=256
// Job: ShortRun(IterationCount=3, LaunchCount=1, WarmupCount=3)

OverheadJitting  1: 1 op, 180828.00 ns, 180.8280 us/op
WorkloadJitting  1: 1 op, 3411690.00 ns, 3.4117 ms/op

OverheadJitting  2: 16 op, 179866.00 ns, 11.2416 us/op
WorkloadJitting  2: 16 op, 265647.00 ns, 16.6029 us/op

WorkloadPilot    1: 16 op, 142947.00 ns, 8.9342 us/op
WorkloadPilot    2: 32 op, 96852.00 ns, 3.0266 us/op
WorkloadPilot    3: 64 op, 154239.00 ns, 2.4100 us/op
WorkloadPilot    4: 128 op, 285855.00 ns, 2.2332 us/op
WorkloadPilot    5: 256 op, 571800.00 ns, 2.2336 us/op
WorkloadPilot    6: 512 op, 941361.00 ns, 1.8386 us/op
WorkloadPilot    7: 1024 op, 2143439.00 ns, 2.0932 us/op
WorkloadPilot    8: 2048 op, 5394068.00 ns, 2.6338 us/op
WorkloadPilot    9: 4096 op, 7265899.00 ns, 1.7739 us/op
WorkloadPilot   10: 8192 op, 17623518.00 ns, 2.1513 us/op
WorkloadPilot   11: 16384 op, 36422906.00 ns, 2.2231 us/op
WorkloadPilot   12: 32768 op, 90189088.00 ns, 2.7524 us/op
WorkloadPilot   13: 65536 op, 216982392.00 ns, 3.3109 us/op
WorkloadPilot   14: 131072 op, 375448452.00 ns, 2.8644 us/op
WorkloadPilot   15: 262144 op, 1006184850.00 ns, 3.8383 us/op

OverheadWarmup   1: 262144 op, 425747.00 ns, 1.6241 ns/op
OverheadWarmup   2: 262144 op, 460561.00 ns, 1.7569 ns/op
OverheadWarmup   3: 262144 op, 425506.00 ns, 1.6232 ns/op
OverheadWarmup   4: 262144 op, 425756.00 ns, 1.6241 ns/op
OverheadWarmup   5: 262144 op, 425646.00 ns, 1.6237 ns/op

OverheadActual   1: 262144 op, 438069.00 ns, 1.6711 ns/op
OverheadActual   2: 262144 op, 425636.00 ns, 1.6237 ns/op
OverheadActual   3: 262144 op, 444031.00 ns, 1.6938 ns/op
OverheadActual   4: 262144 op, 468386.00 ns, 1.7868 ns/op
OverheadActual   5: 262144 op, 441926.00 ns, 1.6858 ns/op
OverheadActual   6: 262144 op, 442307.00 ns, 1.6873 ns/op
OverheadActual   7: 262144 op, 441716.00 ns, 1.6850 ns/op
OverheadActual   8: 262144 op, 429152.00 ns, 1.6371 ns/op
OverheadActual   9: 262144 op, 612455.00 ns, 2.3363 ns/op
OverheadActual  10: 262144 op, 425515.00 ns, 1.6232 ns/op
OverheadActual  11: 262144 op, 425516.00 ns, 1.6232 ns/op
OverheadActual  12: 262144 op, 453378.00 ns, 1.7295 ns/op
OverheadActual  13: 262144 op, 443178.00 ns, 1.6906 ns/op
OverheadActual  14: 262144 op, 425486.00 ns, 1.6231 ns/op
OverheadActual  15: 262144 op, 425526.00 ns, 1.6233 ns/op

WorkloadWarmup   1: 262144 op, 1183078761.00 ns, 4.5131 us/op
WorkloadWarmup   2: 262144 op, 809751184.00 ns, 3.0890 us/op
WorkloadWarmup   3: 262144 op, 1590711888.00 ns, 6.0681 us/op

// BeforeActualRun
WorkloadActual   1: 262144 op, 925804019.00 ns, 3.5317 us/op
WorkloadActual   2: 262144 op, 950081743.00 ns, 3.6243 us/op
WorkloadActual   3: 262144 op, 898120981.00 ns, 3.4261 us/op

// AfterActualRun
WorkloadResult   1: 262144 op, 925362303.00 ns, 3.5300 us/op
WorkloadResult   2: 262144 op, 949640027.00 ns, 3.6226 us/op
WorkloadResult   3: 262144 op, 897679265.00 ns, 3.4244 us/op
// GC:  11 10 0 186646528 262144
// Threading:  0 0 262144

// AfterAll
// Benchmark Process 3521 has exited with code 0.

Mean = 3.526 μs, StdErr = 0.057 μs (1.62%), N = 3, StdDev = 0.099 μs
Min = 3.424 μs, Q1 = 3.477 μs, Median = 3.530 μs, Q3 = 3.576 μs, Max = 3.623 μs
IQR = 0.099 μs, LowerFence = 3.329 μs, UpperFence = 3.725 μs
ConfidenceInterval = [1.716 μs; 5.335 μs] (CI 99.9%), Margin = 1.809 μs (51.32% of Mean)
Skewness = -0.04, Kurtosis = 0.67, MValue = 2

// ** Remained 0 (0.0 %) benchmark(s) to run. Estimated finish 2026-09-27 15:30 (0h 0m from now) **
// ***** BenchmarkRunner: Finish  *****

// * Export *
  artifacts/performance/CachingMemory/results/Encina.Caching.Memory.Benchmarks.Benchmarks.MemoryCacheProviderBenchmarks-report.csv
  artifacts/performance/CachingMemory/results/Encina.Caching.Memory.Benchmarks.Benchmarks.MemoryCacheProviderBenchmarks-report-github.md
  artifacts/performance/CachingMemory/results/Encina.Caching.Memory.Benchmarks.Benchmarks.MemoryCacheProviderBenchmarks-report.html
  artifacts/performance/CachingMemory/results/Encina.Caching.Memory.Benchmarks.Benchmarks.MemoryCacheProviderBenchmarks-report-full-compressed.json

// * Detailed results *
MemoryCacheProviderBenchmarks.ExistsAsync_False: Job-NUBXJZ(IterationCount=20, WarmupCount=5)
Runtime = .NET 10.0.12 (10.0.12, 10.0.1226.42308), X64 RyuJIT x86-64-v3; GC = Concurrent Workstation
Mean = 52.230 ns, StdErr = 0.008 ns (0.02%), N = 18, StdDev = 0.034 ns
Min = 52.168 ns, Q1 = 52.209 ns, Median = 52.227 ns, Q3 = 52.243 ns, Max = 52.320 ns
IQR = 0.034 ns, LowerFence = 52.158 ns, UpperFence = 52.294 ns
ConfidenceInterval = [52.198 ns; 52.262 ns] (CI 99.9%), Margin = 0.032 ns (0.06% of Mean)
Skewness = 0.7, Kurtosis = 3.56, MValue = 2
-------------------- Histogram --------------------
[52.150 ns ; 52.337 ns) | @@@@@@@@@@@@@@@@@@
---------------------------------------------------

MemoryCacheProviderBenchmarks.ExistsAsync_True: Job-NUBXJZ(IterationCount=20, WarmupCount=5)
Runtime = .NET 10.0.12 (10.0.12, 10.0.1226.42308), X64 RyuJIT x86-64-v3; GC = Concurrent Workstation
Mean = 60.925 ns, StdErr = 0.010 ns (0.02%), N = 18, StdDev = 0.044 ns
Min = 60.859 ns, Q1 = 60.886 ns, Median = 60.917 ns, Q3 = 60.965 ns, Max = 61.010 ns
IQR = 0.079 ns, LowerFence = 60.767 ns, UpperFence = 61.083 ns
ConfidenceInterval = [60.883 ns; 60.966 ns] (CI 99.9%), Margin = 0.041 ns (0.07% of Mean)
Skewness = 0.26, Kurtosis = 1.7, MValue = 2
-------------------- Histogram --------------------
[60.837 ns ; 61.033 ns) | @@@@@@@@@@@@@@@@@@
---------------------------------------------------

MemoryCacheProviderBenchmarks.GetAsync_CacheHit: Job-NUBXJZ(IterationCount=20, WarmupCount=5)
Runtime = .NET 10.0.12 (10.0.12, 10.0.1226.42308), X64 RyuJIT x86-64-v3; GC = Concurrent Workstation
Mean = 86.067 ns, StdErr = 0.157 ns (0.18%), N = 20, StdDev = 0.700 ns
Min = 85.144 ns, Q1 = 85.475 ns, Median = 85.955 ns, Q3 = 86.699 ns, Max = 87.185 ns
IQR = 1.223 ns, LowerFence = 83.640 ns, UpperFence = 88.534 ns
ConfidenceInterval = [85.459 ns; 86.676 ns] (CI 99.9%), Margin = 0.608 ns (0.71% of Mean)
Skewness = 0.38, Kurtosis = 1.56, MValue = 2
-------------------- Histogram --------------------
[84.806 ns ; 87.523 ns) | @@@@@@@@@@@@@@@@@@@@
---------------------------------------------------

MemoryCacheProviderBenchmarks.GetAsync_CacheMiss: Job-NUBXJZ(IterationCount=20, WarmupCount=5)
Runtime = .NET 10.0.12 (10.0.12, 10.0.1226.42308), X64 RyuJIT x86-64-v3; GC = Concurrent Workstation
Mean = 53.166 ns, StdErr = 0.009 ns (0.02%), N = 20, StdDev = 0.039 ns
Min = 53.114 ns, Q1 = 53.136 ns, Median = 53.154 ns, Q3 = 53.190 ns, Max = 53.242 ns
IQR = 0.053 ns, LowerFence = 53.057 ns, UpperFence = 53.269 ns
ConfidenceInterval = [53.131 ns; 53.200 ns] (CI 99.9%), Margin = 0.034 ns (0.06% of Mean)
Skewness = 0.66, Kurtosis = 2.19, MValue = 2
-------------------- Histogram --------------------
[53.095 ns ; 53.261 ns) | @@@@@@@@@@@@@@@@@@@@
---------------------------------------------------

MemoryCacheProviderBenchmarks.GetOrSetAsync_CacheHit: Job-NUBXJZ(IterationCount=20, WarmupCount=5)
Runtime = .NET 10.0.12 (10.0.12, 10.0.1226.42308), X64 RyuJIT x86-64-v3; GC = Concurrent Workstation
Mean = 127.751 ns, StdErr = 0.179 ns (0.14%), N = 19, StdDev = 0.778 ns
Min = 126.336 ns, Q1 = 127.250 ns, Median = 127.909 ns, Q3 = 128.122 ns, Max = 129.561 ns
IQR = 0.872 ns, LowerFence = 125.942 ns, UpperFence = 129.431 ns
ConfidenceInterval = [127.050 ns; 128.451 ns] (CI 99.9%), Margin = 0.700 ns (0.55% of Mean)
Skewness = 0.08, Kurtosis = 2.75, MValue = 2
-------------------- Histogram --------------------
[125.953 ns ; 129.944 ns) | @@@@@@@@@@@@@@@@@@@
---------------------------------------------------

MemoryCacheProviderBenchmarks.GetOrSetAsync_CacheMiss: Job-NUBXJZ(IterationCount=20, WarmupCount=5)
Runtime = .NET 10.0.12 (10.0.12, 10.0.1226.42308), X64 RyuJIT x86-64-v3; GC = Concurrent Workstation
Mean = 5.359 μs, StdErr = 0.117 μs (2.19%), N = 18, StdDev = 0.498 μs
Min = 4.549 μs, Q1 = 5.185 μs, Median = 5.297 μs, Q3 = 5.532 μs, Max = 6.426 μs
IQR = 0.347 μs, LowerFence = 4.665 μs, UpperFence = 6.052 μs
ConfidenceInterval = [4.894 μs; 5.825 μs] (CI 99.9%), Margin = 0.465 μs (8.68% of Mean)
Skewness = 0.28, Kurtosis = 2.55, MValue = 2.2
-------------------- Histogram --------------------
[4.351 μs ; 4.849 μs) | @@@
[4.849 μs ; 5.109 μs) | 
[5.109 μs ; 5.689 μs) | @@@@@@@@@@@
[5.689 μs ; 6.188 μs) | @@@
[6.188 μs ; 6.675 μs) | @
---------------------------------------------------

MemoryCacheProviderBenchmarks.RemoveAsync: Job-NUBXJZ(IterationCount=20, WarmupCount=5)
Runtime = .NET 10.0.12 (10.0.12, 10.0.1226.42308), X64 RyuJIT x86-64-v3; GC = Concurrent Workstation
Mean = 2.890 μs, StdErr = 0.007 μs (0.24%), N = 20, StdDev = 0.031 μs
Min = 2.824 μs, Q1 = 2.870 μs, Median = 2.889 μs, Q3 = 2.909 μs, Max = 2.940 μs
IQR = 0.039 μs, LowerFence = 2.811 μs, UpperFence = 2.968 μs
ConfidenceInterval = [2.863 μs; 2.917 μs] (CI 99.9%), Margin = 0.027 μs (0.93% of Mean)
Skewness = -0.16, Kurtosis = 2.17, MValue = 2
-------------------- Histogram --------------------
[2.809 μs ; 2.954 μs) | @@@@@@@@@@@@@@@@@@@@
---------------------------------------------------

MemoryCacheProviderBenchmarks.SetWithSlidingExpirationAsync: Job-NUBXJZ(IterationCount=20, WarmupCount=5)
Runtime = .NET 10.0.12 (10.0.12, 10.0.1226.42308), X64 RyuJIT x86-64-v3; GC = Concurrent Workstation
Mean = 4.148 μs, StdErr = 0.147 μs (3.54%), N = 19, StdDev = 0.640 μs
Min = 3.477 μs, Q1 = 3.703 μs, Median = 3.827 μs, Q3 = 4.906 μs, Max = 5.167 μs
IQR = 1.203 μs, LowerFence = 1.897 μs, UpperFence = 6.711 μs
ConfidenceInterval = [3.572 μs; 4.724 μs] (CI 99.9%), Margin = 0.576 μs (13.89% of Mean)
Skewness = 0.56, Kurtosis = 1.48, MValue = 2.83
-------------------- Histogram --------------------
[3.425 μs ; 4.054 μs) | @@@@@@@@@@@@
[4.054 μs ; 4.708 μs) | @
[4.708 μs ; 5.338 μs) | @@@@@@
---------------------------------------------------

MemoryCacheProviderBenchmarks.SetAsync: Job-NUBXJZ(IterationCount=20, WarmupCount=5)
Runtime = .NET 10.0.12 (10.0.12, 10.0.1226.42308), X64 RyuJIT x86-64-v3; GC = Concurrent Workstation
Mean = 3.870 μs, StdErr = 0.075 μs (1.94%), N = 18, StdDev = 0.318 μs
Min = 3.451 μs, Q1 = 3.728 μs, Median = 3.808 μs, Q3 = 4.010 μs, Max = 4.671 μs
IQR = 0.283 μs, LowerFence = 3.304 μs, UpperFence = 4.434 μs
ConfidenceInterval = [3.573 μs; 4.167 μs] (CI 99.9%), Margin = 0.297 μs (7.68% of Mean)
Skewness = 0.86, Kurtosis = 3.11, MValue = 2.6
-------------------- Histogram --------------------
[3.292 μs ; 3.598 μs) | @@@
[3.598 μs ; 3.917 μs) | @@@@@@@@@@
[3.917 μs ; 4.047 μs) | 
[4.047 μs ; 4.366 μs) | @@@@
[4.366 μs ; 4.511 μs) | 
[4.511 μs ; 4.830 μs) | @
---------------------------------------------------

MemoryCacheProviderBenchmarks.ExistsAsync_False: ShortRun(IterationCount=3, LaunchCount=1, WarmupCount=3)
Runtime = .NET 10.0.12 (10.0.12, 10.0.1226.42308), X64 RyuJIT x86-64-v3; GC = Concurrent Workstation
Mean = 52.246 ns, StdErr = 0.058 ns (0.11%), N = 3, StdDev = 0.101 ns
Min = 52.164 ns, Q1 = 52.190 ns, Median = 52.216 ns, Q3 = 52.287 ns, Max = 52.358 ns
IQR = 0.097 ns, LowerFence = 52.044 ns, UpperFence = 52.433 ns
ConfidenceInterval = [50.409 ns; 54.083 ns] (CI 99.9%), Margin = 1.837 ns (3.52% of Mean)
Skewness = 0.27, Kurtosis = 0.67, MValue = 2
-------------------- Histogram --------------------
[52.072 ns ; 52.450 ns) | @@@
---------------------------------------------------

MemoryCacheProviderBenchmarks.ExistsAsync_True: ShortRun(IterationCount=3, LaunchCount=1, WarmupCount=3)
Runtime = .NET 10.0.12 (10.0.12, 10.0.1226.42308), X64 RyuJIT x86-64-v3; GC = Concurrent Workstation
Mean = 60.084 ns, StdErr = 0.023 ns (0.04%), N = 3, StdDev = 0.040 ns
Min = 60.043 ns, Q1 = 60.064 ns, Median = 60.084 ns, Q3 = 60.104 ns, Max = 60.124 ns
IQR = 0.040 ns, LowerFence = 60.003 ns, UpperFence = 60.164 ns
ConfidenceInterval = [59.350 ns; 60.818 ns] (CI 99.9%), Margin = 0.734 ns (1.22% of Mean)
Skewness = -0.01, Kurtosis = 0.67, MValue = 2
-------------------- Histogram --------------------
[60.007 ns ; 60.161 ns) | @@@
---------------------------------------------------

MemoryCacheProviderBenchmarks.GetAsync_CacheHit: ShortRun(IterationCount=3, LaunchCount=1, WarmupCount=3)
Runtime = .NET 10.0.12 (10.0.12, 10.0.1226.42308), X64 RyuJIT x86-64-v3; GC = Concurrent Workstation
Mean = 84.244 ns, StdErr = 0.651 ns (0.77%), N = 3, StdDev = 1.128 ns
Min = 83.421 ns, Q1 = 83.601 ns, Median = 83.781 ns, Q3 = 84.656 ns, Max = 85.530 ns
IQR = 1.055 ns, LowerFence = 82.019 ns, UpperFence = 86.238 ns
ConfidenceInterval = [63.661 ns; 104.827 ns] (CI 99.9%), Margin = 20.583 ns (24.43% of Mean)
Skewness = 0.34, Kurtosis = 0.67, MValue = 2
-------------------- Histogram --------------------
[82.394 ns ; 84.628 ns) | @@
[84.628 ns ; 86.557 ns) | @
---------------------------------------------------

MemoryCacheProviderBenchmarks.GetAsync_CacheMiss: ShortRun(IterationCount=3, LaunchCount=1, WarmupCount=3)
Runtime = .NET 10.0.12 (10.0.12, 10.0.1226.42308), X64 RyuJIT x86-64-v3; GC = Concurrent Workstation
Mean = 56.365 ns, StdErr = 0.036 ns (0.06%), N = 3, StdDev = 0.063 ns
Min = 56.299 ns, Q1 = 56.335 ns, Median = 56.371 ns, Q3 = 56.397 ns, Max = 56.424 ns
IQR = 0.062 ns, LowerFence = 56.241 ns, UpperFence = 56.491 ns
ConfidenceInterval = [55.221 ns; 57.508 ns] (CI 99.9%), Margin = 1.143 ns (2.03% of Mean)
Skewness = -0.09, Kurtosis = 0.67, MValue = 2
-------------------- Histogram --------------------
[56.242 ns ; 56.481 ns) | @@@
---------------------------------------------------

MemoryCacheProviderBenchmarks.GetOrSetAsync_CacheHit: ShortRun(IterationCount=3, LaunchCount=1, WarmupCount=3)
Runtime = .NET 10.0.12 (10.0.12, 10.0.1226.42308), X64 RyuJIT x86-64-v3; GC = Concurrent Workstation
Mean = 129.625 ns, StdErr = 0.572 ns (0.44%), N = 3, StdDev = 0.990 ns
Min = 128.572 ns, Q1 = 129.169 ns, Median = 129.765 ns, Q3 = 130.151 ns, Max = 130.537 ns
IQR = 0.982 ns, LowerFence = 127.695 ns, UpperFence = 131.625 ns
ConfidenceInterval = [111.564 ns; 147.685 ns] (CI 99.9%), Margin = 18.061 ns (13.93% of Mean)
Skewness = -0.14, Kurtosis = 0.67, MValue = 2
-------------------- Histogram --------------------
[127.671 ns ; 131.438 ns) | @@@
---------------------------------------------------

MemoryCacheProviderBenchmarks.GetOrSetAsync_CacheMiss: ShortRun(IterationCount=3, LaunchCount=1, WarmupCount=3)
Runtime = .NET 10.0.12 (10.0.12, 10.0.1226.42308), X64 RyuJIT x86-64-v3; GC = Concurrent Workstation
Mean = 4.725 μs, StdErr = 0.085 μs (1.79%), N = 3, StdDev = 0.146 μs
Min = 4.588 μs, Q1 = 4.648 μs, Median = 4.709 μs, Q3 = 4.794 μs, Max = 4.879 μs
IQR = 0.146 μs, LowerFence = 4.430 μs, UpperFence = 5.013 μs
ConfidenceInterval = [2.054 μs; 7.397 μs] (CI 99.9%), Margin = 2.671 μs (56.53% of Mean)
Skewness = 0.11, Kurtosis = 0.67, MValue = 2
-------------------- Histogram --------------------
[4.515 μs ; 4.782 μs) | @@
[4.782 μs ; 5.012 μs) | @
---------------------------------------------------

MemoryCacheProviderBenchmarks.RemoveAsync: ShortRun(IterationCount=3, LaunchCount=1, WarmupCount=3)
Runtime = .NET 10.0.12 (10.0.12, 10.0.1226.42308), X64 RyuJIT x86-64-v3; GC = Concurrent Workstation
Mean = 2.961 μs, StdErr = 0.001 μs (0.04%), N = 3, StdDev = 0.002 μs
Min = 2.960 μs, Q1 = 2.960 μs, Median = 2.960 μs, Q3 = 2.962 μs, Max = 2.963 μs
IQR = 0.002 μs, LowerFence = 2.957 μs, UpperFence = 2.964 μs
ConfidenceInterval = [2.925 μs; 2.997 μs] (CI 99.9%), Margin = 0.036 μs (1.20% of Mean)
Skewness = 0.34, Kurtosis = 0.67, MValue = 2
-------------------- Histogram --------------------
[2.958 μs ; 2.965 μs) | @@@
---------------------------------------------------

MemoryCacheProviderBenchmarks.SetWithSlidingExpirationAsync: ShortRun(IterationCount=3, LaunchCount=1, WarmupCount=3)
Runtime = .NET 10.0.12 (10.0.12, 10.0.1226.42308), X64 RyuJIT x86-64-v3; GC = Concurrent Workstation
Mean = 3.562 μs, StdErr = 0.095 μs (2.67%), N = 3, StdDev = 0.165 μs
Min = 3.404 μs, Q1 = 3.477 μs, Median = 3.550 μs, Q3 = 3.641 μs, Max = 3.733 μs
IQR = 0.165 μs, LowerFence = 3.230 μs, UpperFence = 3.888 μs
ConfidenceInterval = [0.553 μs; 6.571 μs] (CI 99.9%), Margin = 3.009 μs (84.47% of Mean)
Skewness = 0.07, Kurtosis = 0.67, MValue = 2
-------------------- Histogram --------------------
[3.327 μs ; 3.627 μs) | @@
[3.627 μs ; 3.883 μs) | @
---------------------------------------------------

MemoryCacheProviderBenchmarks.SetAsync: ShortRun(IterationCount=3, LaunchCount=1, WarmupCount=3)
Runtime = .NET 10.0.12 (10.0.12, 10.0.1226.42308), X64 RyuJIT x86-64-v3; GC = Concurrent Workstation
Mean = 3.526 μs, StdErr = 0.057 μs (1.62%), N = 3, StdDev = 0.099 μs
Min = 3.424 μs, Q1 = 3.477 μs, Median = 3.530 μs, Q3 = 3.576 μs, Max = 3.623 μs
IQR = 0.099 μs, LowerFence = 3.329 μs, UpperFence = 3.725 μs
ConfidenceInterval = [1.716 μs; 5.335 μs] (CI 99.9%), Margin = 1.809 μs (51.32% of Mean)
Skewness = -0.04, Kurtosis = 0.67, MValue = 2
-------------------- Histogram --------------------
[3.334 μs ; 3.486 μs) | @
[3.486 μs ; 3.667 μs) | @@
---------------------------------------------------

// * Summary *

BenchmarkDotNet v0.15.8, Linux Ubuntu 24.04.5 LTS (Noble Numbat)
AMD EPYC 7763 2.45GHz, 1 CPU, 4 logical and 2 physical cores
.NET SDK 10.0.401
  [Host]     : .NET 10.0.12 (10.0.12, 10.0.1226.42308), X64 RyuJIT x86-64-v3
  Job-NUBXJZ : .NET 10.0.12 (10.0.12, 10.0.1226.42308), X64 RyuJIT x86-64-v3
  ShortRun   : .NET 10.0.12 (10.0.12, 10.0.1226.42308), X64 RyuJIT x86-64-v3


| Method                        | Job        | IterationCount | LaunchCount | WarmupCount | Mean        | Error        | StdDev     | Ratio | RatioSD | Gen0   | Gen1   | Allocated | Alloc Ratio |
|------------------------------ |----------- |--------------- |------------ |------------ |------------:|-------------:|-----------:|------:|--------:|-------:|-------:|----------:|------------:|
| ExistsAsync_False             | Job-NUBXJZ | 20             | Default     | 5           |    52.23 ns |     0.032 ns |   0.034 ns |  0.61 |    0.00 |      - |      - |         - |        0.00 |
| ExistsAsync_True              | Job-NUBXJZ | 20             | Default     | 5           |    60.92 ns |     0.041 ns |   0.044 ns |  0.71 |    0.01 |      - |      - |         - |        0.00 |
| GetAsync_CacheHit             | Job-NUBXJZ | 20             | Default     | 5           |    86.07 ns |     0.608 ns |   0.700 ns |  1.00 |    0.01 | 0.0086 |      - |     144 B |        1.00 |
| GetAsync_CacheMiss            | Job-NUBXJZ | 20             | Default     | 5           |    53.17 ns |     0.034 ns |   0.039 ns |  0.62 |    0.00 |      - |      - |         - |        0.00 |
| GetOrSetAsync_CacheHit        | Job-NUBXJZ | 20             | Default     | 5           |   127.75 ns |     0.700 ns |   0.778 ns |  1.48 |    0.01 | 0.0167 |      - |     280 B |        1.94 |
| GetOrSetAsync_CacheMiss       | Job-NUBXJZ | 20             | Default     | 5           | 5,359.35 ns |   465.305 ns | 497.871 ns | 62.27 |    5.65 | 0.0610 | 0.0572 |    1080 B |        7.50 |
| RemoveAsync                   | Job-NUBXJZ | 20             | Default     | 5           | 2,889.80 ns |    26.851 ns |  30.922 ns | 33.58 |    0.44 | 0.0458 |      - |     784 B |        5.44 |
| SetWithSlidingExpirationAsync | Job-NUBXJZ | 20             | Default     | 5           | 4,148.36 ns |   576.123 ns | 640.359 ns | 48.20 |    7.26 | 0.0420 | 0.0381 |     720 B |        5.00 |
| SetAsync                      | Job-NUBXJZ | 20             | Default     | 5           | 3,870.07 ns |   297.192 ns | 317.992 ns | 44.97 |    3.61 | 0.0420 | 0.0381 |     712 B |        4.94 |
|                               |            |                |             |             |             |              |            |       |         |        |        |           |             |
| ExistsAsync_False             | ShortRun   | 3              | 1           | 3           |    52.25 ns |     1.837 ns |   0.101 ns |  0.62 |    0.01 |      - |      - |         - |        0.00 |
| ExistsAsync_True              | ShortRun   | 3              | 1           | 3           |    60.08 ns |     0.734 ns |   0.040 ns |  0.71 |    0.01 |      - |      - |         - |        0.00 |
| GetAsync_CacheHit             | ShortRun   | 3              | 1           | 3           |    84.24 ns |    20.583 ns |   1.128 ns |  1.00 |    0.02 | 0.0086 |      - |     144 B |        1.00 |
| GetAsync_CacheMiss            | ShortRun   | 3              | 1           | 3           |    56.36 ns |     1.143 ns |   0.063 ns |  0.67 |    0.01 |      - |      - |         - |        0.00 |
| GetOrSetAsync_CacheHit        | ShortRun   | 3              | 1           | 3           |   129.62 ns |    18.061 ns |   0.990 ns |  1.54 |    0.02 | 0.0167 |      - |     280 B |        1.94 |
| GetOrSetAsync_CacheMiss       | ShortRun   | 3              | 1           | 3           | 4,725.36 ns | 2,671.445 ns | 146.431 ns | 56.10 |    1.64 | 0.0610 | 0.0572 |    1080 B |        7.50 |
| RemoveAsync                   | ShortRun   | 3              | 1           | 3           | 2,961.02 ns |    35.624 ns |   1.953 ns | 35.15 |    0.41 | 0.0458 |      - |     784 B |        5.44 |
| SetWithSlidingExpirationAsync | ShortRun   | 3              | 1           | 3           | 3,562.01 ns | 3,008.701 ns | 164.917 ns | 42.29 |    1.76 | 0.0420 | 0.0381 |     720 B |        5.00 |
| SetAsync                      | ShortRun   | 3              | 1           | 3           | 3,525.65 ns | 1,809.380 ns |  99.178 ns | 41.86 |    1.13 | 0.0420 | 0.0381 |     712 B |        4.94 |

// * Warnings *
MultimodalDistribution
  MemoryCacheProviderBenchmarks.SetWithSlidingExpirationAsync: IterationCount=20, WarmupCount=5 -> It seems that the distribution can have several modes (mValue = 2.83)

// * Hints *
Outliers
  MemoryCacheProviderBenchmarks.ExistsAsync_False: IterationCount=20, WarmupCount=5             -> 2 outliers were removed (54.38 ns, 54.44 ns)
  MemoryCacheProviderBenchmarks.ExistsAsync_True: IterationCount=20, WarmupCount=5              -> 2 outliers were removed (62.97 ns, 63.60 ns)
  MemoryCacheProviderBenchmarks.GetOrSetAsync_CacheHit: IterationCount=20, WarmupCount=5        -> 1 outlier  was  removed (138.33 ns)
  MemoryCacheProviderBenchmarks.GetOrSetAsync_CacheMiss: IterationCount=20, WarmupCount=5       -> 2 outliers were removed (11.04 μs, 18.22 μs)
  MemoryCacheProviderBenchmarks.SetWithSlidingExpirationAsync: IterationCount=20, WarmupCount=5 -> 1 outlier  was  removed (10.00 μs)
  MemoryCacheProviderBenchmarks.SetAsync: IterationCount=20, WarmupCount=5                      -> 2 outliers were removed (9.91 μs, 16.69 μs)
// * Config Issues *

// * Warnings *
Configuration
  Summary -> The exporter CsvExporter is already present in configuration. There may be unexpected results.
  Summary -> The exporter HtmlExporter is already present in configuration. There may be unexpected results.
  Summary -> The exporter MarkdownExporter-github is already present in configuration. There may be unexpected results.

// * Legends *
  Mean        : Arithmetic mean of all measurements
  Error       : Half of 99.9% confidence interval
  StdDev      : Standard deviation of all measurements
  Ratio       : Mean of the ratio distribution ([Current]/[Baseline])
  RatioSD     : Standard deviation of the ratio distribution ([Current]/[Baseline])
  Gen0        : GC Generation 0 collects per 1000 operations
  Gen1        : GC Generation 1 collects per 1000 operations
  Allocated   : Allocated memory per single operation (managed only, inclusive, 1KB = 1024B)
  Alloc Ratio : Allocated memory ratio distribution ([Current]/[Baseline])
  1 ns        : 1 Nanosecond (0.000000001 sec)

// * Diagnostic Output - MemoryDiagnoser *


// ***** BenchmarkRunner: End *****
Run time: 00:16:29 (989.89 sec), executed benchmarks: 18

Global total time: 00:17:24 (1044.54 sec), executed benchmarks: 18
// * Artifacts cleanup *
Artifacts cleanup is finished
