{"Title":"Encina.Benchmarks.EncinaBenchmarks-20260407-141221","HostEnvironmentInfo":{"BenchmarkDotNetCaption":"BenchmarkDotNet","BenchmarkDotNetVersion":"0.15.8","OsVersion":"Linux Ubuntu 24.04.4 LTS (Noble Numbat)","ProcessorName":"AMD EPYC 7763","PhysicalProcessorCount":1,"PhysicalCoreCount":2,"LogicalCoreCount":4,"RuntimeVersion":".NET 10.0.5 (10.0.5, 10.0.526.15411)","Architecture":"X64","HasAttachedDebugger":false,"HasRyuJit":true,"Configuration":"RELEASE","DotNetCliVersion":"10.0.201","ChronometerFrequency":{"Hertz":1000000000},"HardwareTimerKind":"Unknown"},"Benchmarks":[{"DisplayInfo":"EncinaBenchmarks.Publish_Notification_WithMultipleHandlers: ShortRun(IterationCount=3, LaunchCount=1, WarmupCount=3)","Namespace":"Encina.Benchmarks","Type":"EncinaBenchmarks","Method":"Publish_Notification_WithMultipleHandlers","MethodTitle":"Publish_Notification_WithMultipleHandlers","Parameters":"","FullName":"Encina.Benchmarks.EncinaBenchmarks.Publish_Notification_WithMultipleHandlers","HardwareIntrinsics":"AVX2+BMI1+BMI2+F16C+FMA+LZCNT+MOVBE,AVX,SSE3+SSSE3+SSE4.1+SSE4.2+POPCNT,X86Base+SSE+SSE2,AES+PCLMUL VectorSize=256","Statistics":{"OriginalValues":[4632.924263000488,4746.373962402344,4580.829833984375],"N":3,"Min":4580.829833984375,"LowerFence":4482.718952178955,"Q1":4606.877048492432,"Median":4632.924263000488,"Mean":4653.376019795735,"Q3":4689.649112701416,"UpperFence":4813.807209014893,"Max":4746.373962402344,"InterquartileRange":82.77206420898438,"LowerOutliers":[],"UpperOutliers":[],"AllOutliers":[],"StandardError":48.87030584593332,"Variance":7164.920380425194,"StandardDeviation":84.64585270658684,"Skewness":0.2275105242778697,"Kurtosis":0.66666666666667,"ConfidenceInterval":{"N":3,"Mean":4653.376019795735,"StandardError":48.87030584593332,"Level":12,"Margin":1544.2554553439995,"Lower":3109.120564451736,"Upper":6197.631475139735},"Percentiles":{"P0":4580.829833984375,"P25":4606.877048492432,"P50":4632.924263000488,"P67":4671.497160797119,"P80":4700.994082641601,"P85":4712.339052581787,"P90":4723.684022521973,"P95":4735.028992462158,"P100":4746.373962402344}},"Memory":{"Gen0Collections":26,"Gen1Collections":0,"Gen2Collections":0,"TotalOperations":131072,"BytesAllocatedPerOperation":3432},"Measurements":[{"IterationMode":"Overhead","IterationStage":"Jitting","LaunchIndex":1,"IterationIndex":1,"Operations":1,"Nanoseconds":232998},{"IterationMode":"Workload","IterationStage":"Jitting","LaunchIndex":1,"IterationIndex":1,"Operations":1,"Nanoseconds":73621367},{"IterationMode":"Workload","IterationStage":"Pilot","LaunchIndex":1,"IterationIndex":1,"Operations":2,"Nanoseconds":1952509},{"IterationMode":"Workload","IterationStage":"Pilot","LaunchIndex":1,"IterationIndex":2,"Operations":3,"Nanoseconds":84840},{"IterationMode":"Workload","IterationStage":"Pilot","LaunchIndex":1,"IterationIndex":3,"Operations":4,"Nanoseconds":278733},{"IterationMode":"Workload","IterationStage":"Pilot","LaunchIndex":1,"IterationIndex":4,"Operations":5,"Nanoseconds":86653},{"IterationMode":"Workload","IterationStage":"Pilot","LaunchIndex":1,"IterationIndex":5,"Operations":6,"Nanoseconds":90991},{"IterationMode":"Workload","IterationStage":"Pilot","LaunchIndex":1,"IterationIndex":6,"Operations":7,"Nanoseconds":96872},{"IterationMode":"Workload","IterationStage":"Pilot","LaunchIndex":1,"IterationIndex":7,"Operations":8,"Nanoseconds":4055110},{"IterationMode":"Workload","IterationStage":"Pilot","LaunchIndex":1,"IterationIndex":8,"Operations":9,"Nanoseconds":91331},{"IterationMode":"Workload","IterationStage":"Pilot","LaunchIndex":1,"IterationIndex":9,"Operations":10,"Nanoseconds":87053},{"IterationMode":"Workload","IterationStage":"Pilot","LaunchIndex":1,"IterationIndex":10,"Operations":11,"Nanoseconds":104397},{"IterationMode":"Workload","IterationStage":"Pilot","LaunchIndex":1,"IterationIndex":11,"Operations":12,"Nanoseconds":118743},{"IterationMode":"Workload","IterationStage":"Pilot","LaunchIndex":1,"IterationIndex":12,"Operations":13,"Nanoseconds":96893},{"IterationMode":"Workload","IterationStage":"Pilot","LaunchIndex":1,"IterationIndex":13,"Operations":14,"Nanoseconds":96953},{"IterationMode":"Workload","IterationStage":"Pilot","LaunchIndex":1,"IterationIndex":14,"Operations":15,"Nanoseconds":116389},{"IterationMode":"Workload","IterationStage":"Pilot","LaunchIndex":1,"IterationIndex":15,"Operations":16,"Nanoseconds":107662},{"IterationMode":"Workload","IterationStage":"Pilot","LaunchIndex":1,"IterationIndex":16,"Operations":32,"Nanoseconds":228900},{"IterationMode":"Workload","IterationStage":"Pilot","LaunchIndex":1,"IterationIndex":17,"Operations":64,"Nanoseconds":432232},{"IterationMode":"Workload","IterationStage":"Pilot","LaunchIndex":1,"IterationIndex":18,"Operations":128,"Nanoseconds":816805},{"IterationMode":"Workload","IterationStage":"Pilot","LaunchIndex":1,"IterationIndex":19,"Operations":256,"Nanoseconds":1572886},{"IterationMode":"Workload","IterationStage":"Pilot","LaunchIndex":1,"IterationIndex":20,"Operations":512,"Nanoseconds":4021316},{"IterationMode":"Workload","IterationStage":"Pilot","LaunchIndex":1,"IterationIndex":21,"Operations":1024,"Nanoseconds":8920271},{"IterationMode":"Workload","IterationStage":"Pilot","LaunchIndex":1,"IterationIndex":22,"Operations":2048,"Nanoseconds":19005963},{"IterationMode":"Workload","IterationStage":"Pilot","LaunchIndex":1,"IterationIndex":23,"Operations":4096,"Nanoseconds":26115542},{"IterationMode":"Workload","IterationStage":"Pilot","LaunchIndex":1,"IterationIndex":24,"Operations":8192,"Nanoseconds":39720295},{"IterationMode":"Workload","IterationStage":"Pilot","LaunchIndex":1,"IterationIndex":25,"Operations":16384,"Nanoseconds":82454144},{"IterationMode":"Workload","IterationStage":"Pilot","LaunchIndex":1,"IterationIndex":26,"Operations":32768,"Nanoseconds":153209213},{"IterationMode":"Workload","IterationStage":"Pilot","LaunchIndex":1,"IterationIndex":27,"Operations":65536,"Nanoseconds":299776367},{"IterationMode":"Workload","IterationStage":"Pilot","LaunchIndex":1,"IterationIndex":28,"Operations":131072,"Nanoseconds":597536138},{"IterationMode":"Workload","IterationStage":"Warmup","LaunchIndex":1,"IterationIndex":1,"Operations":131072,"Nanoseconds":597929842},{"IterationMode":"Workload","IterationStage":"Warmup","LaunchIndex":1,"IterationIndex":2,"Operations":131072,"Nanoseconds":599673130},{"IterationMode":"Workload","IterationStage":"Warmup","LaunchIndex":1,"IterationIndex":3,"Operations":131072,"Nanoseconds":599403945},{"IterationMode":"Workload","IterationStage":"Actual","LaunchIndex":1,"IterationIndex":1,"Operations":131072,"Nanoseconds":607246649},{"IterationMode":"Workload","IterationStage":"Actual","LaunchIndex":1,"IterationIndex":2,"Operations":131072,"Nanoseconds":622116728},{"IterationMode":"Workload","IterationStage":"Actual","LaunchIndex":1,"IterationIndex":3,"Operations":131072,"Nanoseconds":600418528},{"IterationMode":"Workload","IterationStage":"Result","LaunchIndex":1,"IterationIndex":1,"Operations":131072,"Nanoseconds":607246649},{"IterationMode":"Workload","IterationStage":"Result","LaunchIndex":1,"IterationIndex":2,"Operations":131072,"Nanoseconds":622116728},{"IterationMode":"Workload","IterationStage":"Result","LaunchIndex":1,"IterationIndex":3,"Operations":131072,"Nanoseconds":600418528}],"Metrics":[{"Value":0.1983642578125,"Descriptor":{"Id":"Gen0Collects","DisplayName":"Gen0","Legend":"GC Generation 0 collects per 1000 operations","NumberFormat":"#0.0000","UnitType":0,"Unit":"Count","TheGreaterTheBetter":false,"PriorityInCategory":0}},{"Value":0,"Descriptor":{"Id":"Gen1Collects","DisplayName":"Gen1","Legend":"GC Generation 1 collects per 1000 operations","NumberFormat":"#0.0000","UnitType":0,"Unit":"Count","TheGreaterTheBetter":false,"PriorityInCategory":1}},{"Value":0,"Descriptor":{"Id":"Gen2Collects","DisplayName":"Gen2","Legend":"GC Generation 2 collects per 1000 operations","NumberFormat":"#0.0000","UnitType":0,"Unit":"Count","TheGreaterTheBetter":false,