{"Title":"Encina.Cdc.SqlServer.Benchmarks.Benchmarks.ConnectorBenchmarks-20260419-020836","HostEnvironmentInfo":{"BenchmarkDotNetCaption":"BenchmarkDotNet","BenchmarkDotNetVersion":"0.15.8","OsVersion":"Linux Ubuntu 24.04.4 LTS (Noble Numbat)","ProcessorName":"AMD EPYC 9V74","PhysicalProcessorCount":1,"PhysicalCoreCount":2,"LogicalCoreCount":4,"RuntimeVersion":".NET 10.0.6 (10.0.6, 10.0.626.17701)","Architecture":"X64","HasAttachedDebugger":false,"HasRyuJit":true,"Configuration":"RELEASE","DotNetCliVersion":"10.0.202","ChronometerFrequency":{"Hertz":1000000000},"HardwareTimerKind":"Unknown"},"Benchmarks":[{"DisplayInfo":"ConnectorBenchmarks.GetCurrentPositionAsync: MediumRun(IterationCount=15, LaunchCount=2, WarmupCount=10)","Namespace":"Encina.Cdc.SqlServer.Benchmarks.Benchmarks","Type":"ConnectorBenchmarks","Method":"GetCurrentPositionAsync","MethodTitle":"GetCurrentPositionAsync","Parameters":"","FullName":"Encina.Cdc.SqlServer.Benchmarks.Benchmarks.ConnectorBenchmarks.GetCurrentPositionAsync","HardwareIntrinsics":"AVX2+BMI1+BMI2+F16C+FMA+LZCNT+MOVBE,AVX,SSE3+SSSE3+SSE4.1+SSE4.2+POPCNT,X86Base+SSE+SSE2,AES+PCLMUL VectorSize=256","Statistics":{"OriginalValues":[541815.4775390625,539421.001953125,534274.2958984375,533687.240234375,538722.8408203125,534821.3994140625,537294.9755859375,536314.27734375,536558.904296875,544390.73828125,535671.4736328125,534742.2314453125,531422.3583984375,538621.431640625,537393.107421875,537757.611328125,536112.4287109375,537448.7958984375,538244.2548828125,534335.025390625,536713.724609375,532412.55078125,541511.80078125,534492.8115234375,531650.15234375,535127.380859375,534805.392578125],"N":27,"Min":531422.3583984375,"LowerFence":529542.4040527344,"Q1":534617.521484375,"Median":536314.27734375,"Mean":536509.7660590278,"Q3":538000.9331054688,"UpperFence":543076.0505371094,"Max":544390.73828125,"InterquartileRange":3383.41162109375,"LowerOutliers":[],"UpperOutliers":[544390.73828125],"AllOutliers":[544390.73828125],"StandardError":584.384599282772,"Variance":9220644.716729922,"StandardDeviation":3036.55145135562,"Skewness":0.5716428842070437,"Kurtosis":3.0808645934098147,"ConfidenceInterval":{"N":27,"Mean":536509.7660590278,"StandardError":584.384599282772,"Level":12,"Margin":2166.0868175631513,"Lower":534343.6792414646,"Upper":538675.8528765909},"Percentiles":{"P0":531422.3583984375,"P25":534617.521484375,"P50":536314.27734375,"P67":537416.4965820312,"P80":538545.9962890624,"P85":538792.6569335937,"P90":540257.321484375,"P95":541724.3745117188,"P100":544390.73828125}},"Memory":{"Gen0Collections":0,"Gen1Collections":0,"Gen2Collections":0,"TotalOperations":1024,"BytesAllocatedPerOperation":16020},"Measurements":[{"IterationMode":"Overhead","IterationStage":"Jitting","LaunchIndex":1,"IterationIndex":1,"Operations":1,"Nanoseconds":223166},{"IterationMode":"Workload","IterationStage":"Jitting","LaunchIndex":1,"IterationIndex":1,"Operations":1,"Nanoseconds":144879923},{"IterationMode":"Workload","IterationStage":"Pilot","LaunchIndex":1,"IterationIndex":1,"Operations":2,"Nanoseconds":11546239},{"IterationMode":"Workload","IterationStage":"Pilot","LaunchIndex":1,"IterationIndex":2,"Operations":3,"Nanoseconds":1871118},{"IterationMode":"Workload","IterationStage":"Pilot","LaunchIndex":1,"IterationIndex":3,"Operations":4,"Nanoseconds":2378903},{"IterationMode":"Workload","IterationStage":"Pilot","LaunchIndex":1,"IterationIndex":4,"Operations":5,"Nanoseconds":3028621},{"IterationMode":"Workload","IterationStage":"Pilot","LaunchIndex":1,"IterationIndex":5,"Operations":6,"Nanoseconds":3524758},{"IterationMode":"Workload","IterationStage":"Pilot","LaunchIndex":1,"IterationIndex":6,"Operations":7,"Nanoseconds":4103701},{"IterationMode":"Workload","IterationStage":"Pilot","LaunchIndex":1,"IterationIndex":7,"Operations":8,"Nanoseconds":4800248},{"IterationMode":"Workload","IterationStage":"Pilot","LaunchIndex":1,"IterationIndex":8,"Operations":9,"Nanoseconds":5190577},{"IterationMode":"Workload","IterationStage":"Pilot","LaunchIndex":1,"IterationIndex":9,"Operations":10,"Nanoseconds":5751663},{"IterationMode":"Workload","IterationStage":"Pilot","LaunchIndex":1,"IterationIndex":10,"Operations":11,"Nanoseconds":6364275},{"IterationMode":"Workload","IterationStage":"Pilot","LaunchIndex":1,"IterationIndex":11,"Operations":12,"Nanoseconds":6883478},{"IterationMode":"Workload","IterationStage":"Pilot","LaunchIndex":1,"IterationIndex":12,"Operations":13,"Nanoseconds":7390900},{"IterationMode":"Workload","IterationStage":"Pilot","LaunchIndex":1,"IterationIndex":13,"Operations":14,"Nanoseconds":7846538},{"IterationMode":"Workload","IterationStage":"Pilot","LaunchIndex":1,"IterationIndex":14,"Operations":15,"Nanoseconds":8480161},{"IterationMode":"Workload","IterationStage":"Pilot","LaunchIndex":1,"IterationIndex":15,"Operations":16,"Nanoseconds":8981466},{"IterationMode":"Workload","IterationStage":"Pilot","LaunchIndex":1,"IterationIndex":16,"Operations":32,"Nanoseconds":17787448},{"IterationMode":"Workload","IterationStage":"Pilot","LaunchIndex":1,"IterationIndex":17,"Operations":64,"Nanoseconds":35432291},{"IterationMode":"Workload","IterationStage":"Pilot","LaunchIndex":1,"IterationIndex":18,"Operations":128,"Nanoseconds":70489389},{"IterationMode":"Workload","IterationStage":"Pilot","LaunchIndex":1,"IterationIndex":19,"Operations":256,"Nanoseconds":139195622},{"IterationMode":"Workload","IterationStage":"Pilot","LaunchIndex":1,"IterationIndex":20,"Operations":512,"Nanoseconds":277028753},{"IterationMode":"Workload","IterationStage":"Pilot","LaunchIndex":1,"IterationIndex":21,"Operations":1024,"Nanoseconds":555093566},{"IterationMode":"Workload","IterationStage":"Warmup","LaunchIndex":1,"IterationIndex":1,"Operations":1024,"Nanoseconds":551092330},{"IterationMode":"Workload","IterationStage":"Warmup","LaunchIndex":1,"IterationIndex":2,"Operations":1024,"Nanoseconds":548603162},{"IterationMode":"Workload","IterationStage":"Warmup","LaunchIndex":1,"IterationIndex":3,"Operations":1024,"Nanoseconds":561635670},{"IterationMode":"Workload","IterationStage":"Warmup","LaunchIndex":1,"IterationIndex":4,"Operations":1024,"Nanoseconds":551811019},{"IterationMode":"Workload","IterationStage":"Warmup","LaunchIndex":1,"IterationIndex":5,"Operations":1024,"Nanoseconds":551301972},{"IterationMode":"Workload","IterationStage":"Warmup","LaunchIndex":1,"IterationIndex":6,"Operations":1024,"Nanoseconds":549562592},{"IterationMode":"Workload","IterationStage":"Warmup","LaunchIndex":1,"IterationIndex":7,"Operations":1024,"Nanoseconds":554177113},{"IterationMode":"Workload","IterationStage":"Warmup","LaunchIndex":1,"IterationIndex":8,"Operations":1024,"Nanoseconds":548785302},{"IterationMode":"Workload","IterationStage":"Warmup","LaunchIndex":1,"IterationIndex":9,"Operations":1024,"Nanoseconds":547957314},{"IterationMode":"Workload","IterationStage":"Warmup","LaunchIndex":1,"IterationIndex":10,"Operations":1024,"Nanoseconds":548982769},{"IterationMode":"Workload","IterationStage":"Actual","LaunchIndex":1,"IterationIndex":1,"Operations":1024,"Nanoseconds":554819049},{"IterationMode":"Workload","IterationStage":"Actual","LaunchIndex":1,"IterationIndex":2,"Operations":1024,"Nanoseconds":552367106},{"IterationMode":"Workload","IterationStage":"Actual","LaunchIndex":1,"IterationIndex":3,"Operations":1024,"Nanoseconds":547096879},{"IterationMode":"Workload","IterationStage":"Actual","LaunchIndex":1,"IterationIndex":4,"Operations":1024,"Nanoseconds":546495734},{"IterationMode":"Workload","IterationStage":"Actual","LaunchIndex":1,"IterationIndex":5,"Operations":1024,"Nanoseconds":576217396},{"IterationMode":"Workload","IterationStage":"Actual","LaunchIndex":1,"IterationIndex":6,"Operations":1024,"Nanoseconds":551652189},{"IterationMode":"Workload","IterationStage":"Actual","LaunchIndex":1,"IterationIndex":7,"Operations":1024,"Nanoseconds":547657113},{"IterationMode":"Workload","IterationStage":"Actual","LaunchIndex":1,"IterationIndex":8,"Operations":1024,