// Validating benchmarks:
// ***** BenchmarkRunner: Start   *****
// ***** Found 26 benchmark(s) in total *****
// ***** Building 1 exe(s) in Parallel: Start   *****
// start dotnet  restore --nodeReuse:false /p:UseSharedCompilation=false /p:Deterministic=true /p:Optimize=true /p:ArtifactsPath="/home/runner/work/Encina/Encina/tests/Encina.BenchmarkTests/Encina.Benchmarks/bin/Release/net10.0/Encina.Benchmarks-ShortRun-1/" /p:OutDir="/home/runner/work/Encina/Encina/tests/Encina.BenchmarkTests/Encina.Benchmarks/bin/Release/net10.0/Encina.Benchmarks-ShortRun-1/bin/Release/net10.0/" /p:OutputPath="/home/runner/work/Encina/Encina/tests/Encina.BenchmarkTests/Encina.Benchmarks/bin/Release/net10.0/Encina.Benchmarks-ShortRun-1/bin/Release/net10.0/" /p:PublishDir="/home/runner/work/Encina/Encina/tests/Encina.BenchmarkTests/Encina.Benchmarks/bin/Release/net10.0/Encina.Benchmarks-ShortRun-1/publish/" in /home/runner/work/Encina/Encina/tests/Encina.BenchmarkTests/Encina.Benchmarks/bin/Release/net10.0/Encina.Benchmarks-ShortRun-1
// command took 3.64 sec and exited with 0
// start dotnet  build -c Release --no-restore --nodeReuse:false /p:UseSharedCompilation=false /p:Deterministic=true /p:Optimize=true /p:ArtifactsPath="/home/runner/work/Encina/Encina/tests/Encina.BenchmarkTests/Encina.Benchmarks/bin/Release/net10.0/Encina.Benchmarks-ShortRun-1/" /p:OutDir="/home/runner/work/Encina/Encina/tests/Encina.BenchmarkTests/Encina.Benchmarks/bin/Release/net10.0/Encina.Benchmarks-ShortRun-1/bin/Release/net10.0/" /p:OutputPath="/home/runner/work/Encina/Encina/tests/Encina.BenchmarkTests/Encina.Benchmarks/bin/Release/net10.0/Encina.Benchmarks-ShortRun-1/bin/Release/net10.0/" /p:PublishDir="/home/runner/work/Encina/Encina/tests/Encina.BenchmarkTests/Encina.Benchmarks/bin/Release/net10.0/Encina.Benchmarks-ShortRun-1/publish/" --output "/home/runner/work/Encina/Encina/tests/Encina.BenchmarkTests/Encina.Benchmarks/bin/Release/net10.0/Encina.Benchmarks-ShortRun-1/bin/Release/net10.0/" in /home/runner/work/Encina/Encina/tests/Encina.BenchmarkTests/Encina.Benchmarks/bin/Release/net10.0/Encina.Benchmarks-ShortRun-1
// command took 193.46 sec and exited with 0
// ***** Done, took 00:03:17 (197.24 sec)   *****
// Found 26 benchmarks:
//   SpecificationEvaluatorBenchmarks.'Simple Where (single criterion)': ShortRun(IterationCount=3, LaunchCount=1, WarmupCount=3) [CriteriaCount=2]
//   SpecificationEvaluatorBenchmarks.'Direct LINQ Where (baseline)': ShortRun(IterationCount=3, LaunchCount=1, WarmupCount=3) [CriteriaCount=2]
//   SpecificationEvaluatorBenchmarks.'Complex predicates (parameterized)': ShortRun(IterationCount=3, LaunchCount=1, WarmupCount=3) [CriteriaCount=2]
//   SpecificationEvaluatorBenchmarks.'Two criteria (AND)': ShortRun(IterationCount=3, LaunchCount=1, WarmupCount=3) [CriteriaCount=2]
//   SpecificationEvaluatorBenchmarks.'Five criteria (AND)': ShortRun(IterationCount=3, LaunchCount=1, WarmupCount=3) [CriteriaCount=2]
//   SpecificationEvaluatorBenchmarks.'Ten criteria (AND)': ShortRun(IterationCount=3, LaunchCount=1, WarmupCount=3) [CriteriaCount=2]
//   SpecificationEvaluatorBenchmarks.'Keyset pagination': ShortRun(IterationCount=3, LaunchCount=1, WarmupCount=3) [CriteriaCount=2]
//   SpecificationEvaluatorBenchmarks.'Keyset pagination (fresh cursor)': ShortRun(IterationCount=3, LaunchCount=1, WarmupCount=3) [CriteriaCount=2]
//   SpecificationEvaluatorBenchmarks.'Lambda Include': ShortRun(IterationCount=3, LaunchCount=1, WarmupCount=3) [CriteriaCount=2]
//   SpecificationEvaluatorBenchmarks.'String Include': ShortRun(IterationCount=3, LaunchCount=1, WarmupCount=3) [CriteriaCount=2]
//   SpecificationEvaluatorBenchmarks.'Multi-column ordering': ShortRun(IterationCount=3, LaunchCount=1, WarmupCount=3) [CriteriaCount=2]
//   SpecificationEvaluatorBenchmarks.'Offset pagination (Skip/Take)': ShortRun(IterationCount=3, LaunchCount=1, WarmupCount=3) [CriteriaCount=2]
//   SpecificationEvaluatorBenchmarks.'Full specification (all features)': ShortRun(IterationCount=3, LaunchCount=1, WarmupCount=3) [CriteriaCount=2]
//   SpecificationEvaluatorBenchmarks.'Simple Where (single criterion)': ShortRun(IterationCount=3, LaunchCount=1, WarmupCount=3) [CriteriaCount=10]
//   SpecificationEvaluatorBenchmarks.'Direct LINQ Where (baseline)': ShortRun(IterationCount=3, LaunchCount=1, WarmupCount=3) [CriteriaCount=10]
//   SpecificationEvaluatorBenchmarks.'Complex predicates (parameterized)': ShortRun(IterationCount=3, LaunchCount=1, WarmupCount=3) [CriteriaCount=10]
//   SpecificationEvaluatorBenchmarks.'Two criteria (AND)': ShortRun(IterationCount=3, LaunchCount=1, WarmupCount=3) [CriteriaCount=10]
//   SpecificationEvaluatorBenchmarks.'Five criteria (AND)': ShortRun(IterationCount=3, LaunchCount=1, WarmupCount=3) [CriteriaCount=10]
//   SpecificationEvaluatorBenchmarks.'Ten criteria (AND)': ShortRun(IterationCount=3, LaunchCount=1, WarmupCount=3) [CriteriaCount=10]
//   SpecificationEvaluatorBenchmarks.'Keyset pagination': ShortRun(IterationCount=3, LaunchCount=1, WarmupCount=3) [CriteriaCount=10]
//   SpecificationEvaluatorBenchmarks.'Keyset pagination (fresh cursor)': ShortRun(IterationCount=3, LaunchCount=1, WarmupCount=3) [CriteriaCount=10]
//   SpecificationEvaluatorBenchmarks.'Lambda Include': ShortRun(IterationCount=3, LaunchCount=1, WarmupCount=3) [CriteriaCount=10]
//   SpecificationEvaluatorBenchmarks.'String Include': ShortRun(IterationCount=3, LaunchCount=1, WarmupCount=3) [CriteriaCount=10]
//   SpecificationEvaluatorBenchmarks.'Multi-column ordering': ShortRun(IterationCount=3, LaunchCount=1, WarmupCount=3) [CriteriaCount=10]
//   SpecificationEvaluatorBenchmarks.'Offset pagination (Skip/Take)': ShortRun(IterationCount=3, LaunchCount=1, WarmupCount=3) [CriteriaCount=10]
//   SpecificationEvaluatorBenchmarks.'Full specification (all features)': ShortRun(IterationCount=3, LaunchCount=1, WarmupCount=3) [CriteriaCount=10]

// **************************
// Benchmark: SpecificationEvaluatorBenchmarks.'Simple Where (single criterion)': ShortRun(IterationCount=3, LaunchCount=1, WarmupCount=3) [CriteriaCount=2]
// *** Execute ***
// Launch: 1 / 1
// Execute: dotnet Encina.Benchmarks-ShortRun-1.dll --anonymousPipes 244 245 --benchmarkName "Encina.Benchmarks.EntityFrameworkCore.SpecificationEvaluatorBenchmarks.SimplePredicate_SingleWhere(CriteriaCount: 2)" --job ShortRun --benchmarkId 0 in /home/runner/work/Encina/Encina/tests/Encina.BenchmarkTests/Encina.Benchmarks/bin/Release/net10.0/Encina.Benchmarks-ShortRun-1/bin/Release/net10.0
// Failed to set up high priority (Permission denied). In order to run benchmarks with high priority, make sure you have the right permissions.
// BeforeAnythingElse

// Benchmark Process Environment Information:
// BenchmarkDotNet v0.15.8
// Runtime=.NET 10.0.12 (10.0.12, 10.0.1226.42308), X64 RyuJIT x86-64-v3
// GC=Concurrent Workstation
// HardwareIntrinsics=AVX2+BMI1+BMI2+F16C+FMA+LZCNT+MOVBE,AVX,SSE3+SSSE3+SSE4.1+SSE4.2+POPCNT,X86Base+SSE+SSE2,AES+PCLMUL VectorSize=256
// Job: ShortRun(IterationCount=3, LaunchCount=1, WarmupCount=3)

OverheadJitting  1: 1 op, 232304.00 ns, 232.3040 us/op
WorkloadJitting  1: 1 op, 386537574.00 ns, 386.5376 ms/op

OverheadJitting  2: 1 op, 421.00 ns, 421.0000 ns/op
WorkloadJitting  2: 1 op, 2723844.00 ns, 2.7238 ms/op

OverheadJitting  3: 16 op, 490556.00 ns, 30.6598 us/op
WorkloadJitting  3: 16 op, 1124058.00 ns, 70.2536 us/op

WorkloadPilot    1: 16 op, 653390.00 ns, 40.8369 us/op
WorkloadPilot    2: 32 op, 1075187.00 ns, 33.5996 us/op
WorkloadPilot    3: 64 op, 2046150.00 ns, 31.9711 us/op
WorkloadPilot    4: 128 op, 3814251.00 ns, 29.7988 us/op
WorkloadPilot    5: 256 op, 7790944.00 ns, 30.4334 us/op
WorkloadPilot    6: 512 op, 14409147.00 ns, 28.1429 us/op
WorkloadPilot    7: 1024 op, 28486436.00 ns, 27.8188 us/op
WorkloadPilot    8: 2048 op, 57921814.00 ns, 28.2821 us/op
WorkloadPilot    9: 4096 op, 100180378.00 ns, 24.4581 us/op
WorkloadPilot   10: 8192 op, 183228655.00 ns, 22.3668 us/op
WorkloadPilot   11: 16384 op, 365186468.00 ns, 22.2892 us/op
WorkloadPilot   12: 32768 op, 726765762.00 ns, 22.1791 us/op

OverheadWarmup   1: 32768 op, 125535.00 ns, 3.8310 ns/op
OverheadWarmup   2: 32768 op, 125133.00 ns, 3.8188 ns/op
OverheadWarmup   3: 32768 op, 124613.00 ns, 3.8029 ns/op
OverheadWarmup   4: 32768 op, 127137.00 ns, 3.8799 ns/op
OverheadWarmup   5: 32768 op, 126987.00 ns, 3.8753 ns/op
OverheadWarmup   6: 32768 op, 126897.00 ns, 3.8726 ns/op
OverheadWarmup   7: 32768 op, 127618.00 ns, 3.8946 ns/op
OverheadWarmup   8: 32768 op, 127428.00 ns, 3.8888 ns/op

OverheadActual   1: 32768 op, 123971.00 ns, 3.7833 ns/op
OverheadActual   2: 32768 op, 124643.00 ns, 3.8038 ns/op
OverheadActual   3: 32768 op, 129943.00 ns, 3.9655 ns/op
OverheadActual   4: 32768 op, 127087.00 ns, 3.8784 ns/op
OverheadActual   5: 32768 op, 125454.00 ns, 3.8286 ns/op
OverheadActual   6: 32768 op, 127008.00 ns, 3.8760 ns/op
OverheadActual   7: 32768 op, 124753.00 ns, 3.8072 ns/op
OverheadActual   8: 32768 op, 126256.00 ns, 3.8530 ns/op
OverheadActual   9: 32768 op, 124763.00 ns, 3.8075 ns/op
OverheadActual  10: 32768 op, 124072.00 ns, 3.7864 ns/op
OverheadActual  11: 32768 op, 127458.00 ns, 3.8897 ns/op
OverheadActual  12: 32768 op, 127469.00 ns, 3.8900 ns/op
OverheadActual  13: 32768 op, 127488.00 ns, 3.8906 ns/op
OverheadActual  14: 32768 op, 132437.00 ns, 4.0417 ns/op
OverheadActual  15: 32768 op, 132217.00 ns, 4.0349 ns/op

WorkloadWarmup   1: 32768 op, 755562817.00 ns, 23.0579 us/op
WorkloadWarmup   2: 32768 op, 754727596.00 ns, 23.0325 us/op
WorkloadWarmup   3: 32768 op, 732217747.00 ns, 22.3455 us/op

// BeforeActualRun
WorkloadActual   1: 32768 op, 737941381.00 ns, 22.5202 us/op
WorkloadActual   2: 32768 op, 728599292.00 ns, 22.2351 us/op
WorkloadActual   3: 32768 op, 734609681.00 ns, 22.4185 us/op

// AfterActualRun
WorkloadResult   1: 32768 op, 737814373.00 ns, 22.5163 us/op
WorkloadResult   2: 32768 op, 728472284.00 ns, 22.2312 us/op
WorkloadResult   3: 32768 op, 734482673.00 ns, 22.4146 us/op
// GC:  12 0 0 216271296 32768
// Threading:  0 0 32768

// AfterAll
// Benchmark Process 4176 has exited with code 0.

Mean = 22.387 μs, StdErr = 0.083 μs (0.37%), N = 3, StdDev = 0.144 μs
Min = 22.231 μs, Q1 = 22.323 μs, Median = 22.415 μs, Q3 = 22.465 μs, Max = 22.516 μs
IQR = 0.143 μs, LowerFence = 22.109 μs, UpperFence = 22.679 μs
ConfidenceInterval = [19.751 μs; 25.023 μs] (CI 99.9%), Margin = 2.636 μs (11.77% of Mean)
Skewness = -0.18, Kurtosis = 0.67, MValue = 2

// ** Remained 25 (96.2 %) benchmark(s) to run. Estimated finish 2026-09-22 20:51 (0h 3m from now) **
// **************************
// Benchmark: SpecificationEvaluatorBenchmarks.'Direct LINQ Where (baseline)': ShortRun(IterationCount=3, LaunchCount=1, WarmupCount=3) [CriteriaCount=2]
// *** Execute ***
// Launch: 1 / 1
// Execute: dotnet Encina.Benchmarks-ShortRun-1.dll --anonymousPipes 244 245 --benchmarkName "Encina.Benchmarks.EntityFrameworkCore.SpecificationEvaluatorBenchmarks.DirectLinq_Where(CriteriaCount: 2)" --job ShortRun --benchmarkId 1 in /home/runner/work/Encina/Encina/tests/Encina.BenchmarkTests/Encina.Benchmarks/bin/Release/net10.0/Encina.Benchmarks-ShortRun-1/bin/Release/net10.0
// Failed to set up high priority (Permission denied). In order to run benchmarks with high priority, make sure you have the right permissions.
// BeforeAnythingElse

// Benchmark Process Environment Information:
// BenchmarkDotNet v0.15.8
// Runtime=.NET 10.0.12 (10.0.12, 10.0.1226.42308), X64 RyuJIT x86-64-v3
// GC=Concurrent Workstation
// HardwareIntrinsics=AVX2+BMI1+BMI2+F16C+FMA+LZCNT+MOVBE,AVX,SSE3+SSSE3+SSE4.1+SSE4.2+POPCNT,X86Base+SSE+SSE2,AES+PCLMUL VectorSize=256
// Job: ShortRun(IterationCount=3, LaunchCount=1, WarmupCount=3)

OverheadJitting  1: 1 op, 237654.00 ns, 237.6540 us/op
WorkloadJitting  1: 1 op, 378042094.00 ns, 378.0421 ms/op

OverheadJitting  2: 1 op, 361.00 ns, 361.0000 ns/op
WorkloadJitting  2: 1 op, 2520054.00 ns, 2.5201 ms/op

OverheadJitting  3: 16 op, 513649.00 ns, 32.1031 us/op
WorkloadJitting  3: 16 op, 998033.00 ns, 62.3771 us/op

WorkloadPilot    1: 16 op, 513048.00 ns, 32.0655 us/op
WorkloadPilot    2: 32 op, 885834.00 ns, 27.6823 us/op
WorkloadPilot    3: 64 op, 1678043.00 ns, 26.2194 us/op
WorkloadPilot    4: 128 op, 3029395.00 ns, 23.6671 us/op
WorkloadPilot    5: 256 op, 6259023.00 ns, 24.4493 us/op
WorkloadPilot    6: 512 op, 11410831.00 ns, 22.2868 us/op
WorkloadPilot    7: 1024 op, 22673435.00 ns, 22.1420 us/op
WorkloadPilot    8: 2048 op, 45314349.00 ns, 22.1261 us/op
WorkloadPilot    9: 4096 op, 82650865.00 ns, 20.1784 us/op
WorkloadPilot   10: 8192 op, 144798898.00 ns, 17.6756 us/op
WorkloadPilot   11: 16384 op, 291804764.00 ns, 17.8103 us/op
WorkloadPilot   12: 32768 op, 582966498.00 ns, 17.7907 us/op

OverheadWarmup   1: 32768 op, 126266.00 ns, 3.8533 ns/op
OverheadWarmup   2: 32768 op, 129021.00 ns, 3.9374 ns/op
OverheadWarmup   3: 32768 op, 130483.00 ns, 3.9820 ns/op
OverheadWarmup   4: 32768 op, 125124.00 ns, 3.8185 ns/op
OverheadWarmup   5: 32768 op, 127248.00 ns, 3.8833 ns/op
OverheadWarmup   6: 32768 op, 131245.00 ns, 4.0053 ns/op
OverheadWarmup   7: 32768 op, 127999.00 ns, 3.9062 ns/op

OverheadActual   1: 32768 op, 126346.00 ns, 3.8558 ns/op
OverheadActual   2: 32768 op, 125835.00 ns, 3.8402 ns/op
OverheadActual   3: 32768 op, 150351.00 ns, 4.5883 ns/op
OverheadActual   4: 32768 op, 128670.00 ns, 3.9267 ns/op
OverheadActual   5: 32768 op, 126006.00 ns, 3.8454 ns/op
OverheadActual   6: 32768 op, 125484.00 ns, 3.8295 ns/op
OverheadActual   7: 32768 op, 128270.00 ns, 3.9145 ns/op
OverheadActual   8: 32768 op, 125494.00 ns, 3.8298 ns/op
OverheadActual   9: 32768 op, 144710.00 ns, 4.4162 ns/op
OverheadActual  10: 32768 op, 126285.00 ns, 3.8539 ns/op
OverheadActual  11: 32768 op, 129141.00 ns, 3.9411 ns/op
OverheadActual  12: 32768 op, 126797.00 ns, 3.8695 ns/op
OverheadActual  13: 32768 op, 126376.00 ns, 3.8567 ns/op
OverheadActual  14: 32768 op, 127698.00 ns, 3.8970 ns/op
OverheadActual  15: 32768 op, 130995.00 ns, 3.9977 ns/op

WorkloadWarmup   1: 32768 op, 601046871.00 ns, 18.3425 us/op
WorkloadWarmup   2: 32768 op, 599872140.00 ns, 18.3066 us/op
WorkloadWarmup   3: 32768 op, 612362721.00 ns, 18.6878 us/op

// BeforeActualRun
WorkloadActual   1: 32768 op, 592963910.00 ns, 18.0958 us/op
WorkloadActual   2: 32768 op, 580864134.00 ns, 17.7266 us/op
WorkloadActual   3: 32768 op, 582285547.00 ns, 17.7699 us/op

// AfterActualRun
WorkloadResult   1: 32768 op, 592837113.00 ns, 18.0920 us/op
WorkloadResult   2: 32768 op, 580737337.00 ns, 17.7227 us/op
WorkloadResult   3: 32768 op, 582158750.00 ns, 17.7661 us/op
// GC:  10 0 0 176425024 32768
// Threading:  0 0 32768

// AfterAll
// Benchmark Process 4192 has exited with code 0.

Mean = 17.860 μs, StdErr = 0.117 μs (0.65%), N = 3, StdDev = 0.202 μs
Min = 17.723 μs, Q1 = 17.744 μs, Median = 17.766 μs, Q3 = 17.929 μs, Max = 18.092 μs
IQR = 0.185 μs, LowerFence = 17.467 μs, UpperFence = 18.206 μs
ConfidenceInterval = [14.178 μs; 21.542 μs] (CI 99.9%), Margin = 3.682 μs (20.62% of Mean)
Skewness = 0.36, Kurtosis = 0.67, MValue = 2

// ** Remained 24 (92.3 %) benchmark(s) to run. Estimated finish 2026-09-22 20:51 (0h 2m from now) **
// **************************
// Benchmark: SpecificationEvaluatorBenchmarks.'Complex predicates (parameterized)': ShortRun(IterationCount=3, LaunchCount=1, WarmupCount=3) [CriteriaCount=2]
// *** Execute ***
// Launch: 1 / 1
// Execute: dotnet Encina.Benchmarks-ShortRun-1.dll --anonymousPipes 244 245 --benchmarkName "Encina.Benchmarks.EntityFrameworkCore.SpecificationEvaluatorBenchmarks.ComplexPredicates_Parameterized(CriteriaCount: 2)" --job ShortRun --benchmarkId 2 in /home/runner/work/Encina/Encina/tests/Encina.BenchmarkTests/Encina.Benchmarks/bin/Release/net10.0/Encina.Benchmarks-ShortRun-1/bin/Release/net10.0
// Failed to set up high priority (Permission denied). In order to run benchmarks with high priority, make sure you have the right permissions.
// BeforeAnythingElse

// Benchmark Process Environment Information:
// BenchmarkDotNet v0.15.8
// Runtime=.NET 10.0.12 (10.0.12, 10.0.1226.42308), X64 RyuJIT x86-64-v3
// GC=Concurrent Workstation
// HardwareIntrinsics=AVX2+BMI1+BMI2+F16C+FMA+LZCNT+MOVBE,AVX,SSE3+SSSE3+SSE4.1+SSE4.2+POPCNT,X86Base+SSE+SSE2,AES+PCLMUL VectorSize=256
// Job: ShortRun(IterationCount=3, LaunchCount=1, WarmupCount=3)

OverheadJitting  1: 1 op, 232133.00 ns, 232.1330 us/op
WorkloadJitting  1: 1 op, 379416190.00 ns, 379.4162 ms/op

OverheadJitting  2: 1 op, 390.00 ns, 390.0000 ns/op
WorkloadJitting  2: 1 op, 3040665.00 ns, 3.0407 ms/op

OverheadJitting  3: 16 op, 547041.00 ns, 34.1901 us/op
WorkloadJitting  3: 16 op, 1191073.00 ns, 74.4421 us/op

WorkloadPilot    1: 16 op, 612143.00 ns, 38.2589 us/op
WorkloadPilot    2: 32 op, 1137163.00 ns, 35.5363 us/op
WorkloadPilot    3: 64 op, 1983703.00 ns, 30.9954 us/op
WorkloadPilot    4: 128 op, 3939153.00 ns, 30.7746 us/op
WorkloadPilot    5: 256 op, 7467599.00 ns, 29.1703 us/op
WorkloadPilot    6: 512 op, 15043150.00 ns, 29.3812 us/op
WorkloadPilot    7: 1024 op, 29851152.00 ns, 29.1515 us/op
WorkloadPilot    8: 2048 op, 59650197.00 ns, 29.1261 us/op
WorkloadPilot    9: 4096 op, 104369422.00 ns, 25.4808 us/op
WorkloadPilot   10: 8192 op, 195313914.00 ns, 23.8420 us/op
WorkloadPilot   11: 16384 op, 389100758.00 ns, 23.7488 us/op
WorkloadPilot   12: 32768 op, 770121282.00 ns, 23.5022 us/op

OverheadWarmup   1: 32768 op, 127358.00 ns, 3.8867 ns/op
OverheadWarmup   2: 32768 op, 126887.00 ns, 3.8723 ns/op
OverheadWarmup   3: 32768 op, 127097.00 ns, 3.8787 ns/op
OverheadWarmup   4: 32768 op, 129161.00 ns, 3.9417 ns/op
OverheadWarmup   5: 32768 op, 128830.00 ns, 3.9316 ns/op
OverheadWarmup   6: 32768 op, 121517.00 ns, 3.7084 ns/op
OverheadWarmup   7: 32768 op, 150921.00 ns, 4.6057 ns/op
OverheadWarmup   8: 32768 op, 125895.00 ns, 3.8420 ns/op

OverheadActual   1: 32768 op, 131505.00 ns, 4.0132 ns/op
OverheadActual   2: 32768 op, 128860.00 ns, 3.9325 ns/op
OverheadActual   3: 32768 op, 126826.00 ns, 3.8704 ns/op
OverheadActual   4: 32768 op, 120745.00 ns, 3.6848 ns/op
OverheadActual   5: 32768 op, 129542.00 ns, 3.9533 ns/op
OverheadActual   6: 32768 op, 126086.00 ns, 3.8478 ns/op
OverheadActual   7: 32768 op, 125694.00 ns, 3.8359 ns/op
OverheadActual   8: 32768 op, 128680.00 ns, 3.9270 ns/op
OverheadActual   9: 32768 op, 141024.00 ns, 4.3037 ns/op
OverheadActual  10: 32768 op, 126156.00 ns, 3.8500 ns/op
OverheadActual  11: 32768 op, 127037.00 ns, 3.8769 ns/op
OverheadActual  12: 32768 op, 126736.00 ns, 3.8677 ns/op
OverheadActual  13: 32768 op, 126186.00 ns, 3.8509 ns/op
OverheadActual  14: 32768 op, 131255.00 ns, 4.0056 ns/op
OverheadActual  15: 32768 op, 141444.00 ns, 4.3165 ns/op

WorkloadWarmup   1: 32768 op, 789370784.00 ns, 24.0897 us/op
WorkloadWarmup   2: 32768 op, 790162532.00 ns, 24.1138 us/op
WorkloadWarmup   3: 32768 op, 771089451.00 ns, 23.5318 us/op

// BeforeActualRun
WorkloadActual   1: 32768 op, 774691776.00 ns, 23.6417 us/op
WorkloadActual   2: 32768 op, 770591271.00 ns, 23.5166 us/op
WorkloadActual   3: 32768 op, 769677907.00 ns, 23.4887 us/op

// AfterActualRun
WorkloadResult   1: 32768 op, 774564739.00 ns, 23.6378 us/op
WorkloadResult   2: 32768 op, 770464234.00 ns, 23.5127 us/op
WorkloadResult   3: 32768 op, 769550870.00 ns, 23.4848 us/op
// GC:  12 0 0 206045184 32768
// Threading:  0 0 32768

// AfterAll
// Benchmark Process 4206 has exited with code 0.

Mean = 23.545 μs, StdErr = 0.047 μs (0.20%), N = 3, StdDev = 0.081 μs
Min = 23.485 μs, Q1 = 23.499 μs, Median = 23.513 μs, Q3 = 23.575 μs, Max = 23.638 μs
IQR = 0.077 μs, LowerFence = 23.384 μs, UpperFence = 23.690 μs
ConfidenceInterval = [22.058 μs; 25.032 μs] (CI 99.9%), Margin = 1.487 μs (6.31% of Mean)
Skewness = 0.33, Kurtosis = 0.67, MValue = 2

// ** Remained 23 (88.5 %) benchmark(s) to run. Estimated finish 2026-09-22 20:51 (0h 2m from now) **
// **************************
// Benchmark: SpecificationEvaluatorBenchmarks.'Two criteria (AND)': ShortRun(IterationCount=3, LaunchCount=1, WarmupCount=3) [CriteriaCount=2]
// *** Execute ***
// Launch: 1 / 1
// Execute: dotnet Encina.Benchmarks-ShortRun-1.dll --anonymousPipes 244 245 --benchmarkName "Encina.Benchmarks.EntityFrameworkCore.SpecificationEvaluatorBenchmarks.TwoCriteria_And(CriteriaCount: 2)" --job ShortRun --benchmarkId 3 in /home/runner/work/Encina/Encina/tests/Encina.BenchmarkTests/Encina.Benchmarks/bin/Release/net10.0/Encina.Benchmarks-ShortRun-1/bin/Release/net10.0
// Failed to set up high priority (Permission denied). In order to run benchmarks with high priority, make sure you have the right permissions.
// BeforeAnythingElse

// Benchmark Process Environment Information:
// BenchmarkDotNet v0.15.8
// Runtime=.NET 10.0.12 (10.0.12, 10.0.1226.42308), X64 RyuJIT x86-64-v3
// GC=Concurrent Workstation
// HardwareIntrinsics=AVX2+BMI1+BMI2+F16C+FMA+LZCNT+MOVBE,AVX,SSE3+SSSE3+SSE4.1+SSE4.2+POPCNT,X86Base+SSE+SSE2,AES+PCLMUL VectorSize=256
// Job: ShortRun(IterationCount=3, LaunchCount=1, WarmupCount=3)

OverheadJitting  1: 1 op, 236892.00 ns, 236.8920 us/op
WorkloadJitting  1: 1 op, 382211173.00 ns, 382.2112 ms/op

OverheadJitting  2: 1 op, 380.00 ns, 380.0000 ns/op
WorkloadJitting  2: 1 op, 3087553.00 ns, 3.0876 ms/op

OverheadJitting  3: 16 op, 522675.00 ns, 32.6672 us/op
WorkloadJitting  3: 16 op, 1193588.00 ns, 74.5993 us/op

WorkloadPilot    1: 16 op, 632881.00 ns, 39.5551 us/op
WorkloadPilot    2: 32 op, 1123978.00 ns, 35.1243 us/op
WorkloadPilot    3: 64 op, 1940062.00 ns, 30.3135 us/op
WorkloadPilot    4: 128 op, 3928163.00 ns, 30.6888 us/op
WorkloadPilot    5: 256 op, 7406856.00 ns, 28.9330 us/op
WorkloadPilot    6: 512 op, 14728032.00 ns, 28.7657 us/op
WorkloadPilot    7: 1024 op, 29077768.00 ns, 28.3963 us/op
WorkloadPilot    8: 2048 op, 59015230.00 ns, 28.8160 us/op
WorkloadPilot    9: 4096 op, 102555896.00 ns, 25.0381 us/op
WorkloadPilot   10: 8192 op, 192854962.00 ns, 23.5419 us/op
WorkloadPilot   11: 16384 op, 385781358.00 ns, 23.5462 us/op
WorkloadPilot   12: 32768 op, 772145943.00 ns, 23.5640 us/op

OverheadWarmup   1: 32768 op, 127838.00 ns, 3.9013 ns/op
OverheadWarmup   2: 32768 op, 125414.00 ns, 3.8273 ns/op
OverheadWarmup   3: 32768 op, 125945.00 ns, 3.8435 ns/op
OverheadWarmup   4: 32768 op, 125595.00 ns, 3.8329 ns/op
OverheadWarmup   5: 32768 op, 125634.00 ns, 3.8340 ns/op
OverheadWarmup   6: 32768 op, 128219.00 ns, 3.9129 ns/op
OverheadWarmup   7: 32768 op, 119323.00 ns, 3.6414 ns/op

OverheadActual   1: 32768 op, 128730.00 ns, 3.9285 ns/op
OverheadActual   2: 32768 op, 126496.00 ns, 3.8604 ns/op
OverheadActual   3: 32768 op, 128761.00 ns, 3.9295 ns/op
OverheadActual   4: 32768 op, 129111.00 ns, 3.9402 ns/op
OverheadActual   5: 32768 op, 125835.00 ns, 3.8402 ns/op
OverheadActual   6: 32768 op, 120495.00 ns, 3.6772 ns/op
OverheadActual   7: 32768 op, 125755.00 ns, 3.8377 ns/op
OverheadActual   8: 32768 op, 126516.00 ns, 3.8610 ns/op
OverheadActual   9: 32768 op, 124773.00 ns, 3.8078 ns/op
OverheadActual  10: 32768 op, 125584.00 ns, 3.8325 ns/op
OverheadActual  11: 32768 op, 140733.00 ns, 4.2948 ns/op
OverheadActual  12: 32768 op, 128449.00 ns, 3.9200 ns/op
OverheadActual  13: 32768 op, 125525.00 ns, 3.8307 ns/op
OverheadActual  14: 32768 op, 130684.00 ns, 3.9882 ns/op
OverheadActual  15: 32768 op, 126085.00 ns, 3.8478 ns/op

WorkloadWarmup   1: 32768 op, 793674620.00 ns, 24.2210 us/op
WorkloadWarmup   2: 32768 op, 788809523.00 ns, 24.0726 us/op
WorkloadWarmup   3: 32768 op, 769297645.00 ns, 23.4771 us/op

// BeforeActualRun
WorkloadActual   1: 32768 op, 776421432.00 ns, 23.6945 us/op
WorkloadActual   2: 32768 op, 771141466.00 ns, 23.5334 us/op
WorkloadActual   3: 32768 op, 771838969.00 ns, 23.5547 us/op

// AfterActualRun
WorkloadResult   1: 32768 op, 776294936.00 ns, 23.6906 us/op
WorkloadResult   2: 32768 op, 771014970.00 ns, 23.5295 us/op
WorkloadResult   3: 32768 op, 771712473.00 ns, 23.5508 us/op
// GC:  12 0 0 206045184 32768
// Threading:  0 0 32768

// AfterAll
// Benchmark Process 4216 has exited with code 0.

Mean = 23.590 μs, StdErr = 0.051 μs (0.21%), N = 3, StdDev = 0.088 μs
Min = 23.530 μs, Q1 = 23.540 μs, Median = 23.551 μs, Q3 = 23.621 μs, Max = 23.691 μs
IQR = 0.081 μs, LowerFence = 23.419 μs, UpperFence = 23.742 μs
ConfidenceInterval = [21.993 μs; 25.187 μs] (CI 99.9%), Margin = 1.597 μs (6.77% of Mean)
Skewness = 0.36, Kurtosis = 0.67, MValue = 2

// ** Remained 22 (84.6 %) benchmark(s) to run. Estimated finish 2026-09-22 20:51 (0h 2m from now) **
// **************************
// Benchmark: SpecificationEvaluatorBenchmarks.'Five criteria (AND)': ShortRun(IterationCount=3, LaunchCount=1, WarmupCount=3) [CriteriaCount=2]
// *** Execute ***
// Launch: 1 / 1
// Execute: dotnet Encina.Benchmarks-ShortRun-1.dll --anonymousPipes 244 245 --benchmarkName "Encina.Benchmarks.EntityFrameworkCore.SpecificationEvaluatorBenchmarks.FiveCriteria_And(CriteriaCount: 2)" --job ShortRun --benchmarkId 4 in /home/runner/work/Encina/Encina/tests/Encina.BenchmarkTests/Encina.Benchmarks/bin/Release/net10.0/Encina.Benchmarks-ShortRun-1/bin/Release/net10.0
// Failed to set up high priority (Permission denied). In order to run benchmarks with high priority, make sure you have the right permissions.
// BeforeAnythingElse

// Benchmark Process Environment Information:
// BenchmarkDotNet v0.15.8
// Runtime=.NET 10.0.12 (10.0.12, 10.0.1226.42308), X64 RyuJIT x86-64-v3
// GC=Concurrent Workstation
// HardwareIntrinsics=AVX2+BMI1+BMI2+F16C+FMA+LZCNT+MOVBE,AVX,SSE3+SSSE3+SSE4.1+SSE4.2+POPCNT,X86Base+SSE+SSE2,AES+PCLMUL VectorSize=256
// Job: ShortRun(IterationCount=3, LaunchCount=1, WarmupCount=3)

OverheadJitting  1: 1 op, 232093.00 ns, 232.0930 us/op
WorkloadJitting  1: 1 op, 390206913.00 ns, 390.2069 ms/op

OverheadJitting  2: 1 op, 811.00 ns, 811.0000 ns/op
WorkloadJitting  2: 1 op, 3128740.00 ns, 3.1287 ms/op

OverheadJitting  3: 16 op, 498711.00 ns, 31.1694 us/op
WorkloadJitting  3: 16 op, 1656873.00 ns, 103.5546 us/op

WorkloadPilot    1: 16 op, 1146440.00 ns, 71.6525 us/op
WorkloadPilot    2: 32 op, 1972512.00 ns, 61.6410 us/op
WorkloadPilot    3: 64 op, 3898588.00 ns, 60.9154 us/op
WorkloadPilot    4: 128 op, 7893684.00 ns, 61.6694 us/op
WorkloadPilot    5: 256 op, 15653920.00 ns, 61.1481 us/op
WorkloadPilot    6: 512 op, 31167668.00 ns, 60.8744 us/op
WorkloadPilot    7: 1024 op, 62012725.00 ns, 60.5593 us/op
WorkloadPilot    8: 2048 op, 112239370.00 ns, 54.8044 us/op
WorkloadPilot    9: 4096 op, 209477206.00 ns, 51.1419 us/op
WorkloadPilot   10: 8192 op, 422528885.00 ns, 51.5782 us/op
WorkloadPilot   11: 16384 op, 844842408.00 ns, 51.5651 us/op

OverheadWarmup   1: 16384 op, 54421.00 ns, 3.3216 ns/op
OverheadWarmup   2: 16384 op, 54381.00 ns, 3.3192 ns/op
OverheadWarmup   3: 16384 op, 54342.00 ns, 3.3168 ns/op
OverheadWarmup   4: 16384 op, 54221.00 ns, 3.3094 ns/op
OverheadWarmup   5: 16384 op, 72014.00 ns, 4.3954 ns/op
OverheadWarmup   6: 16384 op, 83957.00 ns, 5.1243 ns/op
OverheadWarmup   7: 16384 op, 71704.00 ns, 4.3765 ns/op
OverheadWarmup   8: 16384 op, 71474.00 ns, 4.3624 ns/op
OverheadWarmup   9: 16384 op, 71573.00 ns, 4.3685 ns/op
OverheadWarmup  10: 16384 op, 72385.00 ns, 4.4180 ns/op

OverheadActual   1: 16384 op, 73186.00 ns, 4.4669 ns/op
OverheadActual   2: 16384 op, 72054.00 ns, 4.3978 ns/op
OverheadActual   3: 16384 op, 73106.00 ns, 4.4620 ns/op
OverheadActual   4: 16384 op, 73978.00 ns, 4.5153 ns/op
OverheadActual   5: 16384 op, 72245.00 ns, 4.4095 ns/op
OverheadActual   6: 16384 op, 71835.00 ns, 4.3845 ns/op
OverheadActual   7: 16384 op, 70912.00 ns, 4.3281 ns/op
OverheadActual   8: 16384 op, 87142.00 ns, 5.3187 ns/op
OverheadActual   9: 16384 op, 71394.00 ns, 4.3575 ns/op
OverheadActual  10: 16384 op, 71914.00 ns, 4.3893 ns/op
OverheadActual  11: 16384 op, 72185.00 ns, 4.4058 ns/op
OverheadActual  12: 16384 op, 71383.00 ns, 4.3569 ns/op
OverheadActual  13: 16384 op, 73297.00 ns, 4.4737 ns/op
OverheadActual  14: 16384 op, 75521.00 ns, 4.6094 ns/op
OverheadActual  15: 16384 op, 66254.00 ns, 4.0438 ns/op

WorkloadWarmup   1: 16384 op, 858948249.00 ns, 52.4260 us/op
WorkloadWarmup   2: 16384 op, 863309239.00 ns, 52.6922 us/op
WorkloadWarmup   3: 16384 op, 842627389.00 ns, 51.4299 us/op

// BeforeActualRun
WorkloadActual   1: 16384 op, 840511571.00 ns, 51.3008 us/op
WorkloadActual   2: 16384 op, 835898892.00 ns, 51.0192 us/op
WorkloadActual   3: 16384 op, 836077095.00 ns, 51.0301 us/op

// AfterActualRun
WorkloadResult   1: 16384 op, 840439386.00 ns, 51.2963 us/op
WorkloadResult   2: 16384 op, 835826707.00 ns, 51.0148 us/op
WorkloadResult   3: 16384 op, 836004910.00 ns, 51.0257 us/op
// GC:  11 0 0 193855488 16384
// Threading:  0 0 16384

// AfterAll
// Benchmark Process 4228 has exited with code 0.

Mean = 51.112 μs, StdErr = 0.092 μs (0.18%), N = 3, StdDev = 0.159 μs
Min = 51.015 μs, Q1 = 51.020 μs, Median = 51.026 μs, Q3 = 51.161 μs, Max = 51.296 μs
IQR = 0.141 μs, LowerFence = 50.809 μs, UpperFence = 51.372 μs
ConfidenceInterval = [48.202 μs; 54.022 μs] (CI 99.9%), Margin = 2.910 μs (5.69% of Mean)
Skewness = 0.38, Kurtosis = 0.67, MValue = 2

// ** Remained 21 (80.8 %) benchmark(s) to run. Estimated finish 2026-09-22 20:51 (0h 2m from now) **
// **************************
// Benchmark: SpecificationEvaluatorBenchmarks.'Ten criteria (AND)': ShortRun(IterationCount=3, LaunchCount=1, WarmupCount=3) [CriteriaCount=2]
// *** Execute ***
// Launch: 1 / 1
// Execute: dotnet Encina.Benchmarks-ShortRun-1.dll --anonymousPipes 244 245 --benchmarkName "Encina.Benchmarks.EntityFrameworkCore.SpecificationEvaluatorBenchmarks.TenCriteria_And(CriteriaCount: 2)" --job ShortRun --benchmarkId 5 in /home/runner/work/Encina/Encina/tests/Encina.BenchmarkTests/Encina.Benchmarks/bin/Release/net10.0/Encina.Benchmarks-ShortRun-1/bin/Release/net10.0
// Failed to set up high priority (Permission denied). In order to run benchmarks with high priority, make sure you have the right permissions.
// BeforeAnythingElse

// Benchmark Process Environment Information:
// BenchmarkDotNet v0.15.8
// Runtime=.NET 10.0.12 (10.0.12, 10.0.1226.42308), X64 RyuJIT x86-64-v3
// GC=Concurrent Workstation
// HardwareIntrinsics=AVX2+BMI1+BMI2+F16C+FMA+LZCNT+MOVBE,AVX,SSE3+SSSE3+SSE4.1+SSE4.2+POPCNT,X86Base+SSE+SSE2,AES+PCLMUL VectorSize=256
// Job: ShortRun(IterationCount=3, LaunchCount=1, WarmupCount=3)

OverheadJitting  1: 1 op, 232664.00 ns, 232.6640 us/op
WorkloadJitting  1: 1 op, 410347723.00 ns, 410.3477 ms/op

OverheadJitting  2: 1 op, 440.00 ns, 440.0000 ns/op
WorkloadJitting  2: 1 op, 3179404.00 ns, 3.1794 ms/op

OverheadJitting  3: 16 op, 526172.00 ns, 32.8858 us/op
WorkloadJitting  3: 16 op, 2388237.00 ns, 149.2648 us/op

WorkloadPilot    1: 16 op, 1906958.00 ns, 119.1849 us/op
WorkloadPilot    2: 32 op, 3219558.00 ns, 100.6112 us/op
WorkloadPilot    3: 64 op, 6623191.00 ns, 103.4874 us/op
WorkloadPilot    4: 128 op, 13064963.00 ns, 102.0700 us/op
WorkloadPilot    5: 256 op, 25937538.00 ns, 101.3185 us/op
WorkloadPilot    6: 512 op, 58612662.00 ns, 114.4779 us/op
WorkloadPilot    7: 1024 op, 98207235.00 ns, 95.9055 us/op
WorkloadPilot    8: 2048 op, 177196913.00 ns, 86.5219 us/op
WorkloadPilot    9: 4096 op, 355466439.00 ns, 86.7838 us/op
WorkloadPilot   10: 8192 op, 711354157.00 ns, 86.8352 us/op

OverheadWarmup   1: 8192 op, 27742.00 ns, 3.3865 ns/op
OverheadWarmup   2: 8192 op, 27531.00 ns, 3.3607 ns/op
OverheadWarmup   3: 8192 op, 27552.00 ns, 3.3633 ns/op
OverheadWarmup   4: 8192 op, 27532.00 ns, 3.3608 ns/op
OverheadWarmup   5: 8192 op, 27591.00 ns, 3.3680 ns/op
OverheadWarmup   6: 8192 op, 27532.00 ns, 3.3608 ns/op

OverheadActual   1: 8192 op, 27631.00 ns, 3.3729 ns/op
OverheadActual   2: 8192 op, 27732.00 ns, 3.3853 ns/op
OverheadActual   3: 8192 op, 27641.00 ns, 3.3741 ns/op
OverheadActual   4: 8192 op, 27612.00 ns, 3.3706 ns/op
OverheadActual   5: 8192 op, 27541.00 ns, 3.3619 ns/op
OverheadActual   6: 8192 op, 27562.00 ns, 3.3645 ns/op
OverheadActual   7: 8192 op, 27532.00 ns, 3.3608 ns/op
OverheadActual   8: 8192 op, 27632.00 ns, 3.3730 ns/op
OverheadActual   9: 8192 op, 27571.00 ns, 3.3656 ns/op
OverheadActual  10: 8192 op, 27551.00 ns, 3.3632 ns/op
OverheadActual  11: 8192 op, 27502.00 ns, 3.3572 ns/op
OverheadActual  12: 8192 op, 27592.00 ns, 3.3682 ns/op
OverheadActual  13: 8192 op, 27591.00 ns, 3.3680 ns/op
OverheadActual  14: 8192 op, 27621.00 ns, 3.3717 ns/op
OverheadActual  15: 8192 op, 27551.00 ns, 3.3632 ns/op

WorkloadWarmup   1: 8192 op, 728078826.00 ns, 88.8768 us/op
WorkloadWarmup   2: 8192 op, 728590541.00 ns, 88.9393 us/op
WorkloadWarmup   3: 8192 op, 711491381.00 ns, 86.8520 us/op

// BeforeActualRun
WorkloadActual   1: 8192 op, 716889109.00 ns, 87.5109 us/op
WorkloadActual   2: 8192 op, 713357887.00 ns, 87.0798 us/op
WorkloadActual   3: 8192 op, 712285956.00 ns, 86.9490 us/op

// AfterActualRun
WorkloadResult   1: 8192 op, 716861518.00 ns, 87.5075 us/op
WorkloadResult   2: 8192 op, 713330296.00 ns, 87.0765 us/op
WorkloadResult   3: 8192 op, 712258365.00 ns, 86.9456 us/op
// GC:  10 0 0 175439872 8192
// Threading:  0 0 8192

// AfterAll
// Benchmark Process 4239 has exited with code 0.

Mean = 87.177 μs, StdErr = 0.170 μs (0.19%), N = 3, StdDev = 0.294 μs
Min = 86.946 μs, Q1 = 87.011 μs, Median = 87.076 μs, Q3 = 87.292 μs, Max = 87.508 μs
IQR = 0.281 μs, LowerFence = 86.590 μs, UpperFence = 87.713 μs
ConfidenceInterval = [81.813 μs; 92.540 μs] (CI 99.9%), Margin = 5.364 μs (6.15% of Mean)
Skewness = 0.3, Kurtosis = 0.67, MValue = 2

// ** Remained 20 (76.9 %) benchmark(s) to run. Estimated finish 2026-09-22 20:51 (0h 2m from now) **
// **************************
// Benchmark: SpecificationEvaluatorBenchmarks.'Keyset pagination': ShortRun(IterationCount=3, LaunchCount=1, WarmupCount=3) [CriteriaCount=2]
// *** Execute ***
// Launch: 1 / 1
// Execute: dotnet Encina.Benchmarks-ShortRun-1.dll --anonymousPipes 244 245 --benchmarkName "Encina.Benchmarks.EntityFrameworkCore.SpecificationEvaluatorBenchmarks.KeysetPagination_ExpressionBuilding(CriteriaCount: 2)" --job ShortRun --benchmarkId 6 in /home/runner/work/Encina/Encina/tests/Encina.BenchmarkTests/Encina.Benchmarks/bin/Release/net10.0/Encina.Benchmarks-ShortRun-1/bin/Release/net10.0
// Failed to set up high priority (Permission denied). In order to run benchmarks with high priority, make sure you have the right permissions.
// BeforeAnythingElse

// Benchmark Process Environment Information:
// BenchmarkDotNet v0.15.8
// Runtime=.NET 10.0.12 (10.0.12, 10.0.1226.42308), X64 RyuJIT x86-64-v3
// GC=Concurrent Workstation
// HardwareIntrinsics=AVX2+BMI1+BMI2+F16C+FMA+LZCNT+MOVBE,AVX,SSE3+SSSE3+SSE4.1+SSE4.2+POPCNT,X86Base+SSE+SSE2,AES+PCLMUL VectorSize=256
// Job: ShortRun(IterationCount=3, LaunchCount=1, WarmupCount=3)

OverheadJitting  1: 1 op, 239678.00 ns, 239.6780 us/op
WorkloadJitting  1: 1 op, 387854142.00 ns, 387.8541 ms/op

OverheadJitting  2: 1 op, 480.00 ns, 480.0000 ns/op
WorkloadJitting  2: 1 op, 3595151.00 ns, 3.5952 ms/op

OverheadJitting  3: 16 op, 503610.00 ns, 31.4756 us/op
WorkloadJitting  3: 16 op, 1467369.00 ns, 91.7106 us/op

WorkloadPilot    1: 16 op, 976804.00 ns, 61.0503 us/op
WorkloadPilot    2: 32 op, 1826639.00 ns, 57.0825 us/op
WorkloadPilot    3: 64 op, 3419603.00 ns, 53.4313 us/op
WorkloadPilot    4: 128 op, 6750029.00 ns, 52.7346 us/op
WorkloadPilot    5: 256 op, 12809491.00 ns, 50.0371 us/op
WorkloadPilot    6: 512 op, 25238851.00 ns, 49.2946 us/op
WorkloadPilot    7: 1024 op, 47235691.00 ns, 46.1286 us/op
WorkloadPilot    8: 2048 op, 93392540.00 ns, 45.6018 us/op
WorkloadPilot    9: 4096 op, 165436128.00 ns, 40.3897 us/op
WorkloadPilot   10: 8192 op, 328245955.00 ns, 40.0691 us/op
WorkloadPilot   11: 16384 op, 655569567.00 ns, 40.0128 us/op

OverheadWarmup   1: 16384 op, 77856.00 ns, 4.7520 ns/op
OverheadWarmup   2: 16384 op, 90429.00 ns, 5.5193 ns/op
OverheadWarmup   3: 16384 op, 72065.00 ns, 4.3985 ns/op
OverheadWarmup   4: 16384 op, 72836.00 ns, 4.4456 ns/op
OverheadWarmup   5: 16384 op, 71734.00 ns, 4.3783 ns/op

OverheadActual   1: 16384 op, 75711.00 ns, 4.6210 ns/op
OverheadActual   2: 16384 op, 73367.00 ns, 4.4780 ns/op
OverheadActual   3: 16384 op, 72475.00 ns, 4.4235 ns/op
OverheadActual   4: 16384 op, 72605.00 ns, 4.4315 ns/op
OverheadActual   5: 16384 op, 74900.00 ns, 4.5715 ns/op
OverheadActual   6: 16384 op, 73487.00 ns, 4.4853 ns/op
OverheadActual   7: 16384 op, 71203.00 ns, 4.3459 ns/op
OverheadActual   8: 16384 op, 71143.00 ns, 4.3422 ns/op
OverheadActual   9: 16384 op, 71463.00 ns, 4.3618 ns/op
OverheadActual  10: 16384 op, 71203.00 ns, 4.3459 ns/op
OverheadActual  11: 16384 op, 71223.00 ns, 4.3471 ns/op
OverheadActual  12: 16384 op, 74569.00 ns, 4.5513 ns/op
OverheadActual  13: 16384 op, 75782.00 ns, 4.6254 ns/op
OverheadActual  14: 16384 op, 71523.00 ns, 4.3654 ns/op
OverheadActual  15: 16384 op, 71023.00 ns, 4.3349 ns/op

WorkloadWarmup   1: 16384 op, 674180490.00 ns, 41.1487 us/op
WorkloadWarmup   2: 16384 op, 674537054.00 ns, 41.1705 us/op
WorkloadWarmup   3: 16384 op, 660817544.00 ns, 40.3331 us/op

// BeforeActualRun
WorkloadActual   1: 16384 op, 662611983.00 ns, 40.4426 us/op
WorkloadActual   2: 16384 op, 654643277.00 ns, 39.9563 us/op
WorkloadActual   3: 16384 op, 656822576.00 ns, 40.0893 us/op

// AfterActualRun
WorkloadResult   1: 16384 op, 662539508.00 ns, 40.4382 us/op
WorkloadResult   2: 16384 op, 654570802.00 ns, 39.9518 us/op
WorkloadResult   3: 16384 op, 656750101.00 ns, 40.0848 us/op
// GC:  10 0 0 174983232 16384
// Threading:  0 0 16384

// AfterAll
// Benchmark Process 4251 has exited with code 0.

Mean = 40.158 μs, StdErr = 0.145 μs (0.36%), N = 3, StdDev = 0.251 μs
Min = 39.952 μs, Q1 = 40.018 μs, Median = 40.085 μs, Q3 = 40.262 μs, Max = 40.438 μs
IQR = 0.243 μs, LowerFence = 39.654 μs, UpperFence = 40.626 μs
ConfidenceInterval = [35.572 μs; 44.744 μs] (CI 99.9%), Margin = 4.586 μs (11.42% of Mean)
Skewness = 0.27, Kurtosis = 0.67, MValue = 2

// ** Remained 19 (73.1 %) benchmark(s) to run. Estimated finish 2026-09-22 20:51 (0h 2m from now) **
// **************************
// Benchmark: SpecificationEvaluatorBenchmarks.'Keyset pagination (fresh cursor)': ShortRun(IterationCount=3, LaunchCount=1, WarmupCount=3) [CriteriaCount=2]
// *** Execute ***
// Launch: 1 / 1
// Execute: dotnet Encina.Benchmarks-ShortRun-1.dll --anonymousPipes 244 245 --benchmarkName "Encina.Benchmarks.EntityFrameworkCore.SpecificationEvaluatorBenchmarks.KeysetPagination_FreshCursor(CriteriaCount: 2)" --job ShortRun --benchmarkId 7 in /home/runner/work/Encina/Encina/tests/Encina.BenchmarkTests/Encina.Benchmarks/bin/Release/net10.0/Encina.Benchmarks-ShortRun-1/bin/Release/net10.0
// Failed to set up high priority (Permission denied). In order to run benchmarks with high priority, make sure you have the right permissions.
// BeforeAnythingElse

// Benchmark Process Environment Information:
// BenchmarkDotNet v0.15.8
// Runtime=.NET 10.0.12 (10.0.12, 10.0.1226.42308), X64 RyuJIT x86-64-v3
// GC=Concurrent Workstation
// HardwareIntrinsics=AVX2+BMI1+BMI2+F16C+FMA+LZCNT+MOVBE,AVX,SSE3+SSSE3+SSE4.1+SSE4.2+POPCNT,X86Base+SSE+SSE2,AES+PCLMUL VectorSize=256
// Job: ShortRun(IterationCount=3, LaunchCount=1, WarmupCount=3)

OverheadJitting  1: 1 op, 232394.00 ns, 232.3940 us/op
WorkloadJitting  1: 1 op, 388051593.00 ns, 388.0516 ms/op

OverheadJitting  2: 1 op, 340.00 ns, 340.0000 ns/op
WorkloadJitting  2: 1 op, 4782999.00 ns, 4.7830 ms/op

OverheadJitting  3: 16 op, 493912.00 ns, 30.8695 us/op
WorkloadJitting  3: 16 op, 64210376.00 ns, 4.0131 ms/op

WorkloadPilot    1: 16 op, 63479161.00 ns, 3.9674 ms/op
WorkloadPilot    2: 32 op, 124005780.00 ns, 3.8752 ms/op
WorkloadPilot    3: 64 op, 248324133.00 ns, 3.8801 ms/op
WorkloadPilot    4: 128 op, 498324367.00 ns, 3.8932 ms/op
WorkloadPilot    5: 256 op, 998321735.00 ns, 3.8997 ms/op

OverheadWarmup   1: 256 op, 3266.00 ns, 12.7578 ns/op
OverheadWarmup   2: 256 op, 5620.00 ns, 21.9531 ns/op
OverheadWarmup   3: 256 op, 2585.00 ns, 10.0977 ns/op
OverheadWarmup   4: 256 op, 1883.00 ns, 7.3555 ns/op
OverheadWarmup   5: 256 op, 2484.00 ns, 9.7031 ns/op
OverheadWarmup   6: 256 op, 2004.00 ns, 7.8281 ns/op

OverheadActual   1: 256 op, 4859.00 ns, 18.9805 ns/op
OverheadActual   2: 256 op, 2686.00 ns, 10.4922 ns/op
OverheadActual   3: 256 op, 3125.00 ns, 12.2070 ns/op
OverheadActual   4: 256 op, 5671.00 ns, 22.1523 ns/op
OverheadActual   5: 256 op, 2795.00 ns, 10.9180 ns/op
OverheadActual   6: 256 op, 2735.00 ns, 10.6836 ns/op
OverheadActual   7: 256 op, 2545.00 ns, 9.9414 ns/op
OverheadActual   8: 256 op, 2505.00 ns, 9.7852 ns/op
OverheadActual   9: 256 op, 2494.00 ns, 9.7422 ns/op
OverheadActual  10: 256 op, 2445.00 ns, 9.5508 ns/op
OverheadActual  11: 256 op, 2625.00 ns, 10.2539 ns/op
OverheadActual  12: 256 op, 2444.00 ns, 9.5469 ns/op
OverheadActual  13: 256 op, 2475.00 ns, 9.6680 ns/op
OverheadActual  14: 256 op, 2465.00 ns, 9.6289 ns/op
OverheadActual  15: 256 op, 2725.00 ns, 10.6445 ns/op
OverheadActual  16: 256 op, 2304.00 ns, 9.0000 ns/op
OverheadActual  17: 256 op, 2705.00 ns, 10.5664 ns/op
OverheadActual  18: 256 op, 3076.00 ns, 12.0156 ns/op
OverheadActual  19: 256 op, 2594.00 ns, 10.1328 ns/op
OverheadActual  20: 256 op, 5811.00 ns, 22.6992 ns/op

WorkloadWarmup   1: 256 op, 1017521619.00 ns, 3.9747 ms/op
WorkloadWarmup   2: 256 op, 1015133902.00 ns, 3.9654 ms/op
WorkloadWarmup   3: 256 op, 1017251144.00 ns, 3.9736 ms/op

// BeforeActualRun
WorkloadActual   1: 256 op, 1007588629.00 ns, 3.9359 ms/op
WorkloadActual   2: 256 op, 1006324930.00 ns, 3.9310 ms/op
WorkloadActual   3: 256 op, 1011417485.00 ns, 3.9508 ms/op

// AfterActualRun
WorkloadResult   1: 256 op, 1007585973.50 ns, 3.9359 ms/op
WorkloadResult   2: 256 op, 1006322274.50 ns, 3.9309 ms/op
WorkloadResult   3: 256 op, 1011414829.50 ns, 3.9508 ms/op
// GC:  1 0 0 28734400 256
// Threading:  5 0 256

// AfterAll
// Benchmark Process 4262 has exited with code 0.

Mean = 3.939 ms, StdErr = 0.006 ms (0.15%), N = 3, StdDev = 0.010 ms
Min = 3.931 ms, Q1 = 3.933 ms, Median = 3.936 ms, Q3 = 3.943 ms, Max = 3.951 ms
IQR = 0.010 ms, LowerFence = 3.918 ms, UpperFence = 3.958 ms
ConfidenceInterval = [3.750 ms; 4.128 ms] (CI 99.9%), Margin = 0.189 ms (4.80% of Mean)
Skewness = 0.29, Kurtosis = 0.67, MValue = 2

// ** Remained 18 (69.2 %) benchmark(s) to run. Estimated finish 2026-09-22 20:51 (0h 2m from now) **
// **************************
// Benchmark: SpecificationEvaluatorBenchmarks.'Lambda Include': ShortRun(IterationCount=3, LaunchCount=1, WarmupCount=3) [CriteriaCount=2]
// *** Execute ***
// Launch: 1 / 1
// Execute: dotnet Encina.Benchmarks-ShortRun-1.dll --anonymousPipes 244 245 --benchmarkName "Encina.Benchmarks.EntityFrameworkCore.SpecificationEvaluatorBenchmarks.Include_Lambda(CriteriaCount: 2)" --job ShortRun --benchmarkId 8 in /home/runner/work/Encina/Encina/tests/Encina.BenchmarkTests/Encina.Benchmarks/bin/Release/net10.0/Encina.Benchmarks-ShortRun-1/bin/Release/net10.0
// Failed to set up high priority (Permission denied). In order to run benchmarks with high priority, make sure you have the right permissions.
// BeforeAnythingElse

// Benchmark Process Environment Information:
// BenchmarkDotNet v0.15.8
// Runtime=.NET 10.0.12 (10.0.12, 10.0.1226.42308), X64 RyuJIT x86-64-v3
// GC=Concurrent Workstation
// HardwareIntrinsics=AVX2+BMI1+BMI2+F16C+FMA+LZCNT+MOVBE,AVX,SSE3+SSSE3+SSE4.1+SSE4.2+POPCNT,X86Base+SSE+SSE2,AES+PCLMUL VectorSize=256
// Job: ShortRun(IterationCount=3, LaunchCount=1, WarmupCount=3)

OverheadJitting  1: 1 op, 229699.00 ns, 229.6990 us/op
WorkloadJitting  1: 1 op, 363460981.00 ns, 363.4610 ms/op

OverheadJitting  2: 1 op, 431.00 ns, 431.0000 ns/op
WorkloadJitting  2: 1 op, 1418325.00 ns, 1.4183 ms/op

OverheadJitting  3: 16 op, 555937.00 ns, 34.7461 us/op
WorkloadJitting  3: 16 op, 855195.00 ns, 53.4497 us/op

WorkloadPilot    1: 16 op, 391821.00 ns, 24.4888 us/op
WorkloadPilot    2: 32 op, 598416.00 ns, 18.7005 us/op
WorkloadPilot    3: 64 op, 1045720.00 ns, 16.3394 us/op
WorkloadPilot    4: 128 op, 2242591.00 ns, 17.5202 us/op
WorkloadPilot    5: 256 op, 3924667.00 ns, 15.3307 us/op
WorkloadPilot    6: 512 op, 7341339.00 ns, 14.3386 us/op
WorkloadPilot    7: 1024 op, 14516286.00 ns, 14.1761 us/op
WorkloadPilot    8: 2048 op, 28912067.00 ns, 14.1172 us/op
WorkloadPilot    9: 4096 op, 56577480.00 ns, 13.8129 us/op
WorkloadPilot   10: 8192 op, 93994394.00 ns, 11.4739 us/op
WorkloadPilot   11: 16384 op, 187896777.00 ns, 11.4683 us/op
WorkloadPilot   12: 32768 op, 378766198.00 ns, 11.5590 us/op
WorkloadPilot   13: 65536 op, 760972901.00 ns, 11.6115 us/op

OverheadWarmup   1: 65536 op, 238675.00 ns, 3.6419 ns/op
OverheadWarmup   2: 65536 op, 248864.00 ns, 3.7974 ns/op
OverheadWarmup   3: 65536 op, 251700.00 ns, 3.8406 ns/op
OverheadWarmup   4: 65536 op, 252551.00 ns, 3.8536 ns/op
OverheadWarmup   5: 65536 op, 247050.00 ns, 3.7697 ns/op
OverheadWarmup   6: 65536 op, 247672.00 ns, 3.7792 ns/op
OverheadWarmup   7: 65536 op, 233946.00 ns, 3.5697 ns/op

OverheadActual   1: 65536 op, 238074.00 ns, 3.6327 ns/op
OverheadActual   2: 65536 op, 233706.00 ns, 3.5661 ns/op
OverheadActual   3: 65536 op, 228346.00 ns, 3.4843 ns/op
OverheadActual   4: 65536 op, 233305.00 ns, 3.5600 ns/op
OverheadActual   5: 65536 op, 235679.00 ns, 3.5962 ns/op
OverheadActual   6: 65536 op, 227224.00 ns, 3.4672 ns/op
OverheadActual   7: 65536 op, 254204.00 ns, 3.8788 ns/op
OverheadActual   8: 65536 op, 246439.00 ns, 3.7604 ns/op
OverheadActual   9: 65536 op, 250097.00 ns, 3.8162 ns/op
OverheadActual  10: 65536 op, 253543.00 ns, 3.8688 ns/op
OverheadActual  11: 65536 op, 232945.00 ns, 3.5545 ns/op
OverheadActual  12: 65536 op, 232875.00 ns, 3.5534 ns/op
OverheadActual  13: 65536 op, 236020.00 ns, 3.6014 ns/op
OverheadActual  14: 65536 op, 236471.00 ns, 3.6083 ns/op
OverheadActual  15: 65536 op, 238004.00 ns, 3.6317 ns/op

WorkloadWarmup   1: 65536 op, 763916558.00 ns, 11.6564 us/op
WorkloadWarmup   2: 65536 op, 764801880.00 ns, 11.6700 us/op
WorkloadWarmup   3: 65536 op, 755302339.00 ns, 11.5250 us/op

// BeforeActualRun
WorkloadActual   1: 65536 op, 755818029.00 ns, 11.5329 us/op
WorkloadActual   2: 65536 op, 753836300.00 ns, 11.5026 us/op
WorkloadActual   3: 65536 op, 751967582.00 ns, 11.4741 us/op

// AfterActualRun
WorkloadResult   1: 65536 op, 755582009.00 ns, 11.5293 us/op
WorkloadResult   2: 65536 op, 753600280.00 ns, 11.4990 us/op
WorkloadResult   3: 65536 op, 751731562.00 ns, 11.4705 us/op
// GC:  17 0 0 285736960 65536
// Threading:  0 0 65536

// AfterAll
// Benchmark Process 4273 has exited with code 0.

Mean = 11.500 μs, StdErr = 0.017 μs (0.15%), N = 3, StdDev = 0.029 μs
Min = 11.471 μs, Q1 = 11.485 μs, Median = 11.499 μs, Q3 = 11.514 μs, Max = 11.529 μs
IQR = 0.029 μs, LowerFence = 11.441 μs, UpperFence = 11.558 μs
ConfidenceInterval = [10.964 μs; 12.036 μs] (CI 99.9%), Margin = 0.536 μs (4.66% of Mean)
Skewness = 0.02, Kurtosis = 0.67, MValue = 2

// ** Remained 17 (65.4 %) benchmark(s) to run. Estimated finish 2026-09-22 20:51 (0h 2m from now) **
// **************************
// Benchmark: SpecificationEvaluatorBenchmarks.'String Include': ShortRun(IterationCount=3, LaunchCount=1, WarmupCount=3) [CriteriaCount=2]
// *** Execute ***
// Launch: 1 / 1
// Execute: dotnet Encina.Benchmarks-ShortRun-1.dll --anonymousPipes 244 245 --benchmarkName "Encina.Benchmarks.EntityFrameworkCore.SpecificationEvaluatorBenchmarks.Include_String(CriteriaCount: 2)" --job ShortRun --benchmarkId 9 in /home/runner/work/Encina/Encina/tests/Encina.BenchmarkTests/Encina.Benchmarks/bin/Release/net10.0/Encina.Benchmarks-ShortRun-1/bin/Release/net10.0
// Failed to set up high priority (Permission denied). In order to run benchmarks with high priority, make sure you have the right permissions.
// BeforeAnythingElse

// Benchmark Process Environment Information:
// BenchmarkDotNet v0.15.8
// Runtime=.NET 10.0.12 (10.0.12, 10.0.1226.42308), X64 RyuJIT x86-64-v3
// GC=Concurrent Workstation
// HardwareIntrinsics=AVX2+BMI1+BMI2+F16C+FMA+LZCNT+MOVBE,AVX,SSE3+SSSE3+SSE4.1+SSE4.2+POPCNT,X86Base+SSE+SSE2,AES+PCLMUL VectorSize=256
// Job: ShortRun(IterationCount=3, LaunchCount=1, WarmupCount=3)

OverheadJitting  1: 1 op, 228006.00 ns, 228.0060 us/op
WorkloadJitting  1: 1 op, 365505347.00 ns, 365.5053 ms/op

OverheadJitting  2: 1 op, 380.00 ns, 380.0000 ns/op
WorkloadJitting  2: 1 op, 1378353.00 ns, 1.3784 ms/op

OverheadJitting  3: 16 op, 531162.00 ns, 33.1976 us/op
WorkloadJitting  3: 16 op, 834127.00 ns, 52.1329 us/op

WorkloadPilot    1: 16 op, 332010.00 ns, 20.7506 us/op
WorkloadPilot    2: 32 op, 592336.00 ns, 18.5105 us/op
WorkloadPilot    3: 64 op, 1075207.00 ns, 16.8001 us/op
WorkloadPilot    4: 128 op, 1941634.00 ns, 15.1690 us/op
WorkloadPilot    5: 256 op, 3900792.00 ns, 15.2375 us/op
WorkloadPilot    6: 512 op, 7238903.00 ns, 14.1385 us/op
WorkloadPilot    7: 1024 op, 14309410.00 ns, 13.9740 us/op
WorkloadPilot    8: 2048 op, 28626315.00 ns, 13.9777 us/op
WorkloadPilot    9: 4096 op, 57154866.00 ns, 13.9538 us/op
WorkloadPilot   10: 8192 op, 94360424.00 ns, 11.5186 us/op
WorkloadPilot   11: 16384 op, 193236197.00 ns, 11.7942 us/op
WorkloadPilot   12: 32768 op, 381887787.00 ns, 11.6543 us/op
WorkloadPilot   13: 65536 op, 754095404.00 ns, 11.5066 us/op

OverheadWarmup   1: 65536 op, 249115.00 ns, 3.8012 ns/op
OverheadWarmup   2: 65536 op, 237433.00 ns, 3.6229 ns/op
OverheadWarmup   3: 65536 op, 236041.00 ns, 3.6017 ns/op
OverheadWarmup   4: 65536 op, 216534.00 ns, 3.3040 ns/op
OverheadWarmup   5: 65536 op, 216444.00 ns, 3.3027 ns/op
OverheadWarmup   6: 65536 op, 216474.00 ns, 3.3031 ns/op
OverheadWarmup   7: 65536 op, 216464.00 ns, 3.3030 ns/op
OverheadWarmup   8: 65536 op, 216413.00 ns, 3.3022 ns/op
OverheadWarmup   9: 65536 op, 216454.00 ns, 3.3028 ns/op
OverheadWarmup  10: 65536 op, 234699.00 ns, 3.5812 ns/op

OverheadActual   1: 65536 op, 217215.00 ns, 3.3144 ns/op
OverheadActual   2: 65536 op, 216504.00 ns, 3.3036 ns/op
OverheadActual   3: 65536 op, 239868.00 ns, 3.6601 ns/op
OverheadActual   4: 65536 op, 217205.00 ns, 3.3143 ns/op
OverheadActual   5: 65536 op, 216454.00 ns, 3.3028 ns/op
OverheadActual   6: 65536 op, 216414.00 ns, 3.3022 ns/op
OverheadActual   7: 65536 op, 217195.00 ns, 3.3141 ns/op
OverheadActual   8: 65536 op, 216455.00 ns, 3.3028 ns/op
OverheadActual   9: 65536 op, 233185.00 ns, 3.5581 ns/op
OverheadActual  10: 65536 op, 234607.00 ns, 3.5798 ns/op
OverheadActual  11: 65536 op, 216434.00 ns, 3.3025 ns/op
OverheadActual  12: 65536 op, 216434.00 ns, 3.3025 ns/op
OverheadActual  13: 65536 op, 216433.00 ns, 3.3025 ns/op
OverheadActual  14: 65536 op, 216394.00 ns, 3.3019 ns/op
OverheadActual  15: 65536 op, 216454.00 ns, 3.3028 ns/op

WorkloadWarmup   1: 65536 op, 761201529.00 ns, 11.6150 us/op
WorkloadWarmup   2: 65536 op, 760205028.00 ns, 11.5998 us/op
WorkloadWarmup   3: 65536 op, 750754057.00 ns, 11.4556 us/op

// BeforeActualRun
WorkloadActual   1: 65536 op, 754535034.00 ns, 11.5133 us/op
WorkloadActual   2: 65536 op, 753896182.00 ns, 11.5035 us/op
WorkloadActual   3: 65536 op, 750978406.00 ns, 11.4590 us/op

// AfterActualRun
WorkloadResult   1: 65536 op, 754318579.00 ns, 11.5100 us/op
WorkloadResult   2: 65536 op, 753679727.00 ns, 11.5002 us/op
WorkloadResult   3: 65536 op, 750761951.00 ns, 11.4557 us/op
// GC:  17 0 0 285736960 65536
// Threading:  0 0 65536

// AfterAll
// Benchmark Process 4289 has exited with code 0.

Mean = 11.489 μs, StdErr = 0.017 μs (0.15%), N = 3, StdDev = 0.029 μs
Min = 11.456 μs, Q1 = 11.478 μs, Median = 11.500 μs, Q3 = 11.505 μs, Max = 11.510 μs
IQR = 0.027 μs, LowerFence = 11.437 μs, UpperFence = 11.546 μs
ConfidenceInterval = [10.961 μs; 12.016 μs] (CI 99.9%), Margin = 0.528 μs (4.59% of Mean)
Skewness = -0.34, Kurtosis = 0.67, MValue = 2

// ** Remained 16 (61.5 %) benchmark(s) to run. Estimated finish 2026-09-22 20:51 (0h 2m from now) **
// **************************
// Benchmark: SpecificationEvaluatorBenchmarks.'Multi-column ordering': ShortRun(IterationCount=3, LaunchCount=1, WarmupCount=3) [CriteriaCount=2]
// *** Execute ***
// Launch: 1 / 1
// Execute: dotnet Encina.Benchmarks-ShortRun-1.dll --anonymousPipes 244 245 --benchmarkName "Encina.Benchmarks.EntityFrameworkCore.SpecificationEvaluatorBenchmarks.MultiColumnOrdering(CriteriaCount: 2)" --job ShortRun --benchmarkId 10 in /home/runner/work/Encina/Encina/tests/Encina.BenchmarkTests/Encina.Benchmarks/bin/Release/net10.0/Encina.Benchmarks-ShortRun-1/bin/Release/net10.0
// Failed to set up high priority (Permission denied). In order to run benchmarks with high priority, make sure you have the right permissions.
// BeforeAnythingElse

// Benchmark Process Environment Information:
// BenchmarkDotNet v0.15.8
// Runtime=.NET 10.0.12 (10.0.12, 10.0.1226.42308), X64 RyuJIT x86-64-v3
// GC=Concurrent Workstation
// HardwareIntrinsics=AVX2+BMI1+BMI2+F16C+FMA+LZCNT+MOVBE,AVX,SSE3+SSSE3+SSE4.1+SSE4.2+POPCNT,X86Base+SSE+SSE2,AES+PCLMUL VectorSize=256
// Job: ShortRun(IterationCount=3, LaunchCount=1, WarmupCount=3)

OverheadJitting  1: 1 op, 233396.00 ns, 233.3960 us/op
WorkloadJitting  1: 1 op, 380962758.00 ns, 380.9628 ms/op

OverheadJitting  2: 1 op, 301.00 ns, 301.0000 ns/op
WorkloadJitting  2: 1 op, 1527230.00 ns, 1.5272 ms/op

OverheadJitting  3: 16 op, 504311.00 ns, 31.5194 us/op
WorkloadJitting  3: 16 op, 1248841.00 ns, 78.0526 us/op

WorkloadPilot    1: 16 op, 698504.00 ns, 43.6565 us/op
WorkloadPilot    2: 32 op, 1271744.00 ns, 39.7420 us/op
WorkloadPilot    3: 64 op, 2176723.00 ns, 34.0113 us/op
WorkloadPilot    4: 128 op, 4294275.00 ns, 33.5490 us/op
WorkloadPilot    5: 256 op, 8130585.00 ns, 31.7601 us/op
WorkloadPilot    6: 512 op, 15840456.00 ns, 30.9384 us/op
WorkloadPilot    7: 1024 op, 30479691.00 ns, 29.7653 us/op
WorkloadPilot    8: 2048 op, 60861017.00 ns, 29.7173 us/op
WorkloadPilot    9: 4096 op, 107942735.00 ns, 26.3532 us/op
WorkloadPilot   10: 8192 op, 206881655.00 ns, 25.2541 us/op
WorkloadPilot   11: 16384 op, 412931038.00 ns, 25.2033 us/op
WorkloadPilot   12: 32768 op, 827364059.00 ns, 25.2491 us/op

OverheadWarmup   1: 32768 op, 108072.00 ns, 3.2981 ns/op
OverheadWarmup   2: 32768 op, 107911.00 ns, 3.2932 ns/op
OverheadWarmup   3: 32768 op, 107851.00 ns, 3.2914 ns/op
OverheadWarmup   4: 32768 op, 107872.00 ns, 3.2920 ns/op
OverheadWarmup   5: 32768 op, 107921.00 ns, 3.2935 ns/op
OverheadWarmup   6: 32768 op, 107922.00 ns, 3.2935 ns/op
OverheadWarmup   7: 32768 op, 107921.00 ns, 3.2935 ns/op
OverheadWarmup   8: 32768 op, 132567.00 ns, 4.0456 ns/op
OverheadWarmup   9: 32768 op, 107901.00 ns, 3.2929 ns/op

OverheadActual   1: 32768 op, 137046.00 ns, 4.1823 ns/op
OverheadActual   2: 32768 op, 108002.00 ns, 3.2960 ns/op
OverheadActual   3: 32768 op, 108222.00 ns, 3.3027 ns/op
OverheadActual   4: 32768 op, 108101.00 ns, 3.2990 ns/op
OverheadActual   5: 32768 op, 107991.00 ns, 3.2956 ns/op
OverheadActual   6: 32768 op, 108131.00 ns, 3.2999 ns/op
OverheadActual   7: 32768 op, 108002.00 ns, 3.2960 ns/op
OverheadActual   8: 32768 op, 107891.00 ns, 3.2926 ns/op
OverheadActual   9: 32768 op, 107851.00 ns, 3.2914 ns/op
OverheadActual  10: 32768 op, 107912.00 ns, 3.2932 ns/op
OverheadActual  11: 32768 op, 107932.00 ns, 3.2938 ns/op
OverheadActual  12: 32768 op, 107892.00 ns, 3.2926 ns/op
OverheadActual  13: 32768 op, 107901.00 ns, 3.2929 ns/op
OverheadActual  14: 32768 op, 107862.00 ns, 3.2917 ns/op
OverheadActual  15: 32768 op, 107941.00 ns, 3.2941 ns/op

WorkloadWarmup   1: 32768 op, 848565832.00 ns, 25.8962 us/op
WorkloadWarmup   2: 32768 op, 843274104.00 ns, 25.7347 us/op
WorkloadWarmup   3: 32768 op, 826057741.00 ns, 25.2093 us/op

// BeforeActualRun
WorkloadActual   1: 32768 op, 831225086.00 ns, 25.3670 us/op
WorkloadActual   2: 32768 op, 826181812.00 ns, 25.2131 us/op
WorkloadActual   3: 32768 op, 828186021.00 ns, 25.2742 us/op

// AfterActualRun
WorkloadResult   1: 32768 op, 831117145.00 ns, 25.3637 us/op
WorkloadResult   2: 32768 op, 826073871.00 ns, 25.2098 us/op
WorkloadResult   3: 32768 op, 828078080.00 ns, 25.2709 us/op
// GC:  17 0 0 294387712 32768
// Threading:  0 0 32768

// AfterAll
// Benchmark Process 4299 has exited with code 0.

Mean = 25.281 μs, StdErr = 0.045 μs (0.18%), N = 3, StdDev = 0.077 μs
Min = 25.210 μs, Q1 = 25.240 μs, Median = 25.271 μs, Q3 = 25.317 μs, Max = 25.364 μs
IQR = 0.077 μs, LowerFence = 25.125 μs, UpperFence = 25.433 μs
ConfidenceInterval = [23.868 μs; 26.695 μs] (CI 99.9%), Margin = 1.414 μs (5.59% of Mean)
Skewness = 0.13, Kurtosis = 0.67, MValue = 2

// ** Remained 15 (57.7 %) benchmark(s) to run. Estimated finish 2026-09-22 20:51 (0h 2m from now) **
// **************************
// Benchmark: SpecificationEvaluatorBenchmarks.'Offset pagination (Skip/Take)': ShortRun(IterationCount=3, LaunchCount=1, WarmupCount=3) [CriteriaCount=2]
// *** Execute ***
// Launch: 1 / 1
// Execute: dotnet Encina.Benchmarks-ShortRun-1.dll --anonymousPipes 244 245 --benchmarkName "Encina.Benchmarks.EntityFrameworkCore.SpecificationEvaluatorBenchmarks.OffsetPagination(CriteriaCount: 2)" --job ShortRun --benchmarkId 11 in /home/runner/work/Encina/Encina/tests/Encina.BenchmarkTests/Encina.Benchmarks/bin/Release/net10.0/Encina.Benchmarks-ShortRun-1/bin/Release/net10.0
// Failed to set up high priority (Permission denied). In order to run benchmarks with high priority, make sure you have the right permissions.
// BeforeAnythingElse

// Benchmark Process Environment Information:
// BenchmarkDotNet v0.15.8
// Runtime=.NET 10.0.12 (10.0.12, 10.0.1226.42308), X64 RyuJIT x86-64-v3
// GC=Concurrent Workstation
// HardwareIntrinsics=AVX2+BMI1+BMI2+F16C+FMA+LZCNT+MOVBE,AVX,SSE3+SSSE3+SSE4.1+SSE4.2+POPCNT,X86Base+SSE+SSE2,AES+PCLMUL VectorSize=256
// Job: ShortRun(IterationCount=3, LaunchCount=1, WarmupCount=3)

OverheadJitting  1: 1 op, 264243.00 ns, 264.2430 us/op
WorkloadJitting  1: 1 op, 379939906.00 ns, 379.9399 ms/op

OverheadJitting  2: 1 op, 3116.00 ns, 3.1160 us/op
WorkloadJitting  2: 1 op, 2332393.00 ns, 2.3324 ms/op

OverheadJitting  3: 16 op, 497388.00 ns, 31.0868 us/op
WorkloadJitting  3: 16 op, 1339460.00 ns, 83.7163 us/op

WorkloadPilot    1: 16 op, 764527.00 ns, 47.7829 us/op
WorkloadPilot    2: 32 op, 1269349.00 ns, 39.6672 us/op
WorkloadPilot    3: 64 op, 2595795.00 ns, 40.5593 us/op
WorkloadPilot    4: 128 op, 4986959.00 ns, 38.9606 us/op
WorkloadPilot    5: 256 op, 9775606.00 ns, 38.1860 us/op
WorkloadPilot    6: 512 op, 19427351.00 ns, 37.9440 us/op
WorkloadPilot    7: 1024 op, 38718147.00 ns, 37.8107 us/op
WorkloadPilot    8: 2048 op, 73835512.00 ns, 36.0525 us/op
WorkloadPilot    9: 4096 op, 125484633.00 ns, 30.6359 us/op
WorkloadPilot   10: 8192 op, 249978637.00 ns, 30.5150 us/op
WorkloadPilot   11: 16384 op, 500683330.00 ns, 30.5593 us/op

OverheadWarmup   1: 16384 op, 72385.00 ns, 4.4180 ns/op
OverheadWarmup   2: 16384 op, 70180.00 ns, 4.2834 ns/op
OverheadWarmup   3: 16384 op, 71073.00 ns, 4.3380 ns/op
OverheadWarmup   4: 16384 op, 71143.00 ns, 4.3422 ns/op
OverheadWarmup   5: 16384 op, 71122.00 ns, 4.3409 ns/op
OverheadWarmup   6: 16384 op, 73838.00 ns, 4.5067 ns/op
OverheadWarmup   7: 16384 op, 73928.00 ns, 4.5122 ns/op
OverheadWarmup   8: 16384 op, 73377.00 ns, 4.4786 ns/op

OverheadActual   1: 16384 op, 72425.00 ns, 4.4205 ns/op
OverheadActual   2: 16384 op, 54271.00 ns, 3.3124 ns/op
OverheadActual   3: 16384 op, 75110.00 ns, 4.5844 ns/op
OverheadActual   4: 16384 op, 54272.00 ns, 3.3125 ns/op
OverheadActual   5: 16384 op, 54272.00 ns, 3.3125 ns/op
OverheadActual   6: 16384 op, 54291.00 ns, 3.3137 ns/op
OverheadActual   7: 16384 op, 54201.00 ns, 3.3082 ns/op
OverheadActual   8: 16384 op, 54181.00 ns, 3.3069 ns/op
OverheadActual   9: 16384 op, 54301.00 ns, 3.3143 ns/op
OverheadActual  10: 16384 op, 54251.00 ns, 3.3112 ns/op
OverheadActual  11: 16384 op, 72506.00 ns, 4.4254 ns/op
OverheadActual  12: 16384 op, 54261.00 ns, 3.3118 ns/op
OverheadActual  13: 16384 op, 54211.00 ns, 3.3088 ns/op
OverheadActual  14: 16384 op, 54211.00 ns, 3.3088 ns/op
OverheadActual  15: 16384 op, 54301.00 ns, 3.3143 ns/op

WorkloadWarmup   1: 16384 op, 519068164.00 ns, 31.6814 us/op
WorkloadWarmup   2: 16384 op, 519562567.00 ns, 31.7116 us/op
WorkloadWarmup   3: 16384 op, 504575494.00 ns, 30.7968 us/op

// BeforeActualRun
WorkloadActual   1: 16384 op, 505574468.00 ns, 30.8578 us/op
WorkloadActual   2: 16384 op, 504458326.00 ns, 30.7897 us/op
WorkloadActual   3: 16384 op, 502320115.00 ns, 30.6592 us/op

// AfterActualRun
WorkloadResult   1: 16384 op, 505520196.00 ns, 30.8545 us/op
WorkloadResult   2: 16384 op, 504404054.00 ns, 30.7864 us/op
WorkloadResult   3: 16384 op, 502265843.00 ns, 30.6559 us/op
// GC:  9 0 0 157026176 16384
// Threading:  0 0 16384

// AfterAll
// Benchmark Process 4313 has exited with code 0.

Mean = 30.766 μs, StdErr = 0.058 μs (0.19%), N = 3, StdDev = 0.101 μs
Min = 30.656 μs, Q1 = 30.721 μs, Median = 30.786 μs, Q3 = 30.820 μs, Max = 30.855 μs
IQR = 0.099 μs, LowerFence = 30.572 μs, UpperFence = 30.969 μs
ConfidenceInterval = [28.924 μs; 32.607 μs] (CI 99.9%), Margin = 1.841 μs (5.99% of Mean)
Skewness = -0.2, Kurtosis = 0.67, MValue = 2

// ** Remained 14 (53.8 %) benchmark(s) to run. Estimated finish 2026-09-22 20:51 (0h 1m from now) **
// **************************
// Benchmark: SpecificationEvaluatorBenchmarks.'Full specification (all features)': ShortRun(IterationCount=3, LaunchCount=1, WarmupCount=3) [CriteriaCount=2]
// *** Execute ***
// Launch: 1 / 1
// Execute: dotnet Encina.Benchmarks-ShortRun-1.dll --anonymousPipes 244 245 --benchmarkName "Encina.Benchmarks.EntityFrameworkCore.SpecificationEvaluatorBenchmarks.FullSpecification_AllFeatures(CriteriaCount: 2)" --job ShortRun --benchmarkId 12 in /home/runner/work/Encina/Encina/tests/Encina.BenchmarkTests/Encina.Benchmarks/bin/Release/net10.0/Encina.Benchmarks-ShortRun-1/bin/Release/net10.0
// Failed to set up high priority (Permission denied). In order to run benchmarks with high priority, make sure you have the right permissions.
// BeforeAnythingElse

// Benchmark Process Environment Information:
// BenchmarkDotNet v0.15.8
// Runtime=.NET 10.0.12 (10.0.12, 10.0.1226.42308), X64 RyuJIT x86-64-v3
// GC=Concurrent Workstation
// HardwareIntrinsics=AVX2+BMI1+BMI2+F16C+FMA+LZCNT+MOVBE,AVX,SSE3+SSSE3+SSE4.1+SSE4.2+POPCNT,X86Base+SSE+SSE2,AES+PCLMUL VectorSize=256
// Job: ShortRun(IterationCount=3, LaunchCount=1, WarmupCount=3)

OverheadJitting  1: 1 op, 242182.00 ns, 242.1820 us/op
WorkloadJitting  1: 1 op, 427019747.00 ns, 427.0197 ms/op

OverheadJitting  2: 1 op, 301.00 ns, 301.0000 ns/op
WorkloadJitting  2: 1 op, 3716698.00 ns, 3.7167 ms/op

OverheadJitting  3: 16 op, 556689.00 ns, 34.7931 us/op
WorkloadJitting  3: 16 op, 2577391.00 ns, 161.0869 us/op

WorkloadPilot    1: 16 op, 2123143.00 ns, 132.6964 us/op
WorkloadPilot    2: 32 op, 3480266.00 ns, 108.7583 us/op
WorkloadPilot    3: 64 op, 7129619.00 ns, 111.4003 us/op
WorkloadPilot    4: 128 op, 13639159.00 ns, 106.5559 us/op
WorkloadPilot    5: 256 op, 27258762.00 ns, 106.4795 us/op
WorkloadPilot    6: 512 op, 56045426.00 ns, 109.4637 us/op
WorkloadPilot    7: 1024 op, 98784655.00 ns, 96.4694 us/op
WorkloadPilot    8: 2048 op, 184838065.00 ns, 90.2530 us/op
WorkloadPilot    9: 4096 op, 372056935.00 ns, 90.8342 us/op
WorkloadPilot   10: 8192 op, 734600130.00 ns, 89.6729 us/op

OverheadWarmup   1: 8192 op, 46857.00 ns, 5.7198 ns/op
OverheadWarmup   2: 8192 op, 48811.00 ns, 5.9584 ns/op
OverheadWarmup   3: 8192 op, 45065.00 ns, 5.5011 ns/op
OverheadWarmup   4: 8192 op, 45414.00 ns, 5.5437 ns/op
OverheadWarmup   5: 8192 op, 45174.00 ns, 5.5144 ns/op

OverheadActual   1: 8192 op, 46807.00 ns, 5.7137 ns/op
OverheadActual   2: 8192 op, 48550.00 ns, 5.9265 ns/op
OverheadActual   3: 8192 op, 50014.00 ns, 6.1052 ns/op
OverheadActual   4: 8192 op, 45716.00 ns, 5.5806 ns/op
OverheadActual   5: 8192 op, 45776.00 ns, 5.5879 ns/op
OverheadActual   6: 8192 op, 45496.00 ns, 5.5537 ns/op
OverheadActual   7: 8192 op, 59220.00 ns, 7.2290 ns/op
OverheadActual   8: 8192 op, 45305.00 ns, 5.5304 ns/op
OverheadActual   9: 8192 op, 45265.00 ns, 5.5255 ns/op
OverheadActual  10: 8192 op, 47679.00 ns, 5.8202 ns/op
OverheadActual  11: 8192 op, 44904.00 ns, 5.4814 ns/op
OverheadActual  12: 8192 op, 48791.00 ns, 5.9559 ns/op
OverheadActual  13: 8192 op, 48350.00 ns, 5.9021 ns/op
OverheadActual  14: 8192 op, 45385.00 ns, 5.5402 ns/op
OverheadActual  15: 8192 op, 28342.00 ns, 3.4597 ns/op
OverheadActual  16: 8192 op, 27512.00 ns, 3.3584 ns/op
OverheadActual  17: 8192 op, 27531.00 ns, 3.3607 ns/op
OverheadActual  18: 8192 op, 27602.00 ns, 3.3694 ns/op
OverheadActual  19: 8192 op, 27532.00 ns, 3.3608 ns/op
OverheadActual  20: 8192 op, 27491.00 ns, 3.3558 ns/op

WorkloadWarmup   1: 8192 op, 760096923.00 ns, 92.7853 us/op
WorkloadWarmup   2: 8192 op, 748226842.00 ns, 91.3363 us/op
WorkloadWarmup   3: 8192 op, 733253807.00 ns, 89.5085 us/op

// BeforeActualRun
WorkloadActual   1: 8192 op, 735990035.00 ns, 89.8425 us/op
WorkloadActual   2: 8192 op, 726631596.00 ns, 88.7001 us/op
WorkloadActual   3: 8192 op, 723553580.00 ns, 88.3244 us/op

// AfterActualRun
WorkloadResult   1: 8192 op, 735944594.50 ns, 89.8370 us/op
WorkloadResult   2: 8192 op, 726586155.50 ns, 88.6946 us/op
WorkloadResult   3: 8192 op, 723508139.50 ns, 88.3189 us/op
// GC:  10 0 0 169281600 8192
// Threading:  0 0 8192

// AfterAll
// Benchmark Process 4323 has exited with code 0.

Mean = 88.950 μs, StdErr = 0.456 μs (0.51%), N = 3, StdDev = 0.791 μs
Min = 88.319 μs, Q1 = 88.507 μs, Median = 88.695 μs, Q3 = 89.266 μs, Max = 89.837 μs
IQR = 0.759 μs, LowerFence = 87.368 μs, UpperFence = 90.404 μs
ConfidenceInterval = [74.525 μs; 103.375 μs] (CI 99.9%), Margin = 14.425 μs (16.22% of Mean)
Skewness = 0.29, Kurtosis = 0.67, MValue = 2

// ** Remained 13 (50.0 %) benchmark(s) to run. Estimated finish 2026-09-22 20:51 (0h 1m from now) **
// **************************
// Benchmark: SpecificationEvaluatorBenchmarks.'Simple Where (single criterion)': ShortRun(IterationCount=3, LaunchCount=1, WarmupCount=3) [CriteriaCount=10]
// *** Execute ***
// Launch: 1 / 1
// Execute: dotnet Encina.Benchmarks-ShortRun-1.dll --anonymousPipes 165 166 --benchmarkName "Encina.Benchmarks.EntityFrameworkCore.SpecificationEvaluatorBenchmarks.SimplePredicate_SingleWhere(CriteriaCount: 10)" --job ShortRun --benchmarkId 13 in /home/runner/work/Encina/Encina/tests/Encina.BenchmarkTests/Encina.Benchmarks/bin/Release/net10.0/Encina.Benchmarks-ShortRun-1/bin/Release/net10.0
// Failed to set up high priority (Permission denied). In order to run benchmarks with high priority, make sure you have the right permissions.
// BeforeAnythingElse

// Benchmark Process Environment Information:
// BenchmarkDotNet v0.15.8
// Runtime=.NET 10.0.12 (10.0.12, 10.0.1226.42308), X64 RyuJIT x86-64-v3
// GC=Concurrent Workstation
// HardwareIntrinsics=AVX2+BMI1+BMI2+F16C+FMA+LZCNT+MOVBE,AVX,SSE3+SSSE3+SSE4.1+SSE4.2+POPCNT,X86Base+SSE+SSE2,AES+PCLMUL VectorSize=256
// Job: ShortRun(IterationCount=3, LaunchCount=1, WarmupCount=3)

OverheadJitting  1: 1 op, 239908.00 ns, 239.9080 us/op
WorkloadJitting  1: 1 op, 394971246.00 ns, 394.9712 ms/op

OverheadJitting  2: 1 op, 491.00 ns, 491.0000 ns/op
WorkloadJitting  2: 1 op, 2904502.00 ns, 2.9045 ms/op

OverheadJitting  3: 16 op, 486809.00 ns, 30.4256 us/op
WorkloadJitting  3: 16 op, 1123116.00 ns, 70.1948 us/op

WorkloadPilot    1: 16 op, 636578.00 ns, 39.7861 us/op
WorkloadPilot    2: 32 op, 1079115.00 ns, 33.7223 us/op
WorkloadPilot    3: 64 op, 2048464.00 ns, 32.0073 us/op
WorkloadPilot    4: 128 op, 3852241.00 ns, 30.0956 us/op
WorkloadPilot    5: 256 op, 7667533.00 ns, 29.9513 us/op
WorkloadPilot    6: 512 op, 14779500.00 ns, 28.8662 us/op
WorkloadPilot    7: 1024 op, 29151870.00 ns, 28.4686 us/op
WorkloadPilot    8: 2048 op, 58170249.00 ns, 28.4034 us/op
WorkloadPilot    9: 4096 op, 100977078.00 ns, 24.6526 us/op
WorkloadPilot   10: 8192 op, 185659578.00 ns, 22.6635 us/op
WorkloadPilot   11: 16384 op, 368858143.00 ns, 22.5133 us/op
WorkloadPilot   12: 32768 op, 737907844.00 ns, 22.5192 us/op

OverheadWarmup   1: 32768 op, 108793.00 ns, 3.3201 ns/op
OverheadWarmup   2: 32768 op, 108653.00 ns, 3.3158 ns/op
OverheadWarmup   3: 32768 op, 108563.00 ns, 3.3131 ns/op
OverheadWarmup   4: 32768 op, 138108.00 ns, 4.2147 ns/op
OverheadWarmup   5: 32768 op, 108563.00 ns, 3.3131 ns/op
OverheadWarmup   6: 32768 op, 108633.00 ns, 3.3152 ns/op
OverheadWarmup   7: 32768 op, 108563.00 ns, 3.3131 ns/op

OverheadActual   1: 32768 op, 109394.00 ns, 3.3384 ns/op
OverheadActual   2: 32768 op, 108613.00 ns, 3.3146 ns/op
OverheadActual   3: 32768 op, 108733.00 ns, 3.3183 ns/op
OverheadActual   4: 32768 op, 112279.00 ns, 3.4265 ns/op
OverheadActual   5: 32768 op, 108523.00 ns, 3.3119 ns/op
OverheadActual   6: 32768 op, 125324.00 ns, 3.8246 ns/op
OverheadActual   7: 32768 op, 108533.00 ns, 3.3122 ns/op
OverheadActual   8: 32768 op, 108513.00 ns, 3.3116 ns/op
OverheadActual   9: 32768 op, 108523.00 ns, 3.3119 ns/op
OverheadActual  10: 32768 op, 108703.00 ns, 3.3174 ns/op
OverheadActual  11: 32768 op, 108573.00 ns, 3.3134 ns/op
OverheadActual  12: 32768 op, 136334.00 ns, 4.1606 ns/op
OverheadActual  13: 32768 op, 108492.00 ns, 3.3109 ns/op
OverheadActual  14: 32768 op, 108502.00 ns, 3.3112 ns/op
OverheadActual  15: 32768 op, 108612.00 ns, 3.3146 ns/op

WorkloadWarmup   1: 32768 op, 758418043.00 ns, 23.1451 us/op
WorkloadWarmup   2: 32768 op, 759808648.00 ns, 23.1875 us/op
WorkloadWarmup   3: 32768 op, 740628013.00 ns, 22.6022 us/op

// BeforeActualRun
WorkloadActual   1: 32768 op, 744785914.00 ns, 22.7291 us/op
WorkloadActual   2: 32768 op, 741958566.00 ns, 22.6428 us/op
WorkloadActual   3: 32768 op, 743520882.00 ns, 22.6905 us/op

// AfterActualRun
WorkloadResult   1: 32768 op, 744677302.00 ns, 22.7257 us/op
WorkloadResult   2: 32768 op, 741849954.00 ns, 22.6395 us/op
WorkloadResult   3: 32768 op, 743412270.00 ns, 22.6871 us/op
// GC:  12 0 0 216271296 32768
// Threading:  0 0 32768

// AfterAll
// Benchmark Process 4337 has exited with code 0.

Mean = 22.684 μs, StdErr = 0.025 μs (0.11%), N = 3, StdDev = 0.043 μs
Min = 22.639 μs, Q1 = 22.663 μs, Median = 22.687 μs, Q3 = 22.706 μs, Max = 22.726 μs
IQR = 0.043 μs, LowerFence = 22.599 μs, UpperFence = 22.771 μs
ConfidenceInterval = [21.896 μs; 23.473 μs] (CI 99.9%), Margin = 0.789 μs (3.48% of Mean)
Skewness = -0.07, Kurtosis = 0.67, MValue = 2

// ** Remained 12 (46.2 %) benchmark(s) to run. Estimated finish 2026-09-22 20:51 (0h 1m from now) **
// **************************
// Benchmark: SpecificationEvaluatorBenchmarks.'Direct LINQ Where (baseline)': ShortRun(IterationCount=3, LaunchCount=1, WarmupCount=3) [CriteriaCount=10]
// *** Execute ***
// Launch: 1 / 1
// Execute: dotnet Encina.Benchmarks-ShortRun-1.dll --anonymousPipes 165 166 --benchmarkName "Encina.Benchmarks.EntityFrameworkCore.SpecificationEvaluatorBenchmarks.DirectLinq_Where(CriteriaCount: 10)" --job ShortRun --benchmarkId 14 in /home/runner/work/Encina/Encina/tests/Encina.BenchmarkTests/Encina.Benchmarks/bin/Release/net10.0/Encina.Benchmarks-ShortRun-1/bin/Release/net10.0
// Failed to set up high priority (Permission denied). In order to run benchmarks with high priority, make sure you have the right permissions.
// BeforeAnythingElse

// Benchmark Process Environment Information:
// BenchmarkDotNet v0.15.8
// Runtime=.NET 10.0.12 (10.0.12, 10.0.1226.42308), X64 RyuJIT x86-64-v3
// GC=Concurrent Workstation
// HardwareIntrinsics=AVX2+BMI1+BMI2+F16C+FMA+LZCNT+MOVBE,AVX,SSE3+SSSE3+SSE4.1+SSE4.2+POPCNT,X86Base+SSE+SSE2,AES+PCLMUL VectorSize=256
// Job: ShortRun(IterationCount=3, LaunchCount=1, WarmupCount=3)

OverheadJitting  1: 1 op, 236110.00 ns, 236.1100 us/op
WorkloadJitting  1: 1 op, 382307651.00 ns, 382.3077 ms/op

OverheadJitting  2: 1 op, 551.00 ns, 551.0000 ns/op
WorkloadJitting  2: 1 op, 2691625.00 ns, 2.6916 ms/op

OverheadJitting  3: 16 op, 525190.00 ns, 32.8244 us/op
WorkloadJitting  3: 16 op, 1053978.00 ns, 65.8736 us/op

WorkloadPilot    1: 16 op, 526252.00 ns, 32.8908 us/op
WorkloadPilot    2: 32 op, 935767.00 ns, 29.2427 us/op
WorkloadPilot    3: 64 op, 1704382.00 ns, 26.6310 us/op
WorkloadPilot    4: 128 op, 3148918.00 ns, 24.6009 us/op
WorkloadPilot    5: 256 op, 6392874.00 ns, 24.9722 us/op
WorkloadPilot    6: 512 op, 11913140.00 ns, 23.2679 us/op
WorkloadPilot    7: 1024 op, 23933358.00 ns, 23.3724 us/op
WorkloadPilot    8: 2048 op, 47547210.00 ns, 23.2164 us/op
WorkloadPilot    9: 4096 op, 86738070.00 ns, 21.1763 us/op
WorkloadPilot   10: 8192 op, 150835425.00 ns, 18.4125 us/op
WorkloadPilot   11: 16384 op, 301525761.00 ns, 18.4037 us/op
WorkloadPilot   12: 32768 op, 602551488.00 ns, 18.3884 us/op

OverheadWarmup   1: 32768 op, 127357.00 ns, 3.8866 ns/op
OverheadWarmup   2: 32768 op, 125624.00 ns, 3.8337 ns/op
OverheadWarmup   3: 32768 op, 128770.00 ns, 3.9297 ns/op
OverheadWarmup   4: 32768 op, 129051.00 ns, 3.9383 ns/op
OverheadWarmup   5: 32768 op, 125845.00 ns, 3.8405 ns/op
OverheadWarmup   6: 32768 op, 127888.00 ns, 3.9028 ns/op
OverheadWarmup   7: 32768 op, 128169.00 ns, 3.9114 ns/op
OverheadWarmup   8: 32768 op, 144259.00 ns, 4.4024 ns/op
OverheadWarmup   9: 32768 op, 125615.00 ns, 3.8335 ns/op

OverheadActual   1: 32768 op, 126817.00 ns, 3.8701 ns/op
OverheadActual   2: 32768 op, 125614.00 ns, 3.8334 ns/op
OverheadActual   3: 32768 op, 130974.00 ns, 3.9970 ns/op
OverheadActual   4: 32768 op, 124823.00 ns, 3.8093 ns/op
OverheadActual   5: 32768 op, 127388.00 ns, 3.8876 ns/op
OverheadActual   6: 32768 op, 127518.00 ns, 3.8915 ns/op
OverheadActual   7: 32768 op, 139411.00 ns, 4.2545 ns/op
OverheadActual   8: 32768 op, 124943.00 ns, 3.8130 ns/op
OverheadActual   9: 32768 op, 126626.00 ns, 3.8643 ns/op
OverheadActual  10: 32768 op, 128270.00 ns, 3.9145 ns/op
OverheadActual  11: 32768 op, 127949.00 ns, 3.9047 ns/op
OverheadActual  12: 32768 op, 127308.00 ns, 3.8851 ns/op
OverheadActual  13: 32768 op, 141474.00 ns, 4.3174 ns/op
OverheadActual  14: 32768 op, 124633.00 ns, 3.8035 ns/op
OverheadActual  15: 32768 op, 119042.00 ns, 3.6329 ns/op

WorkloadWarmup   1: 32768 op, 620260867.00 ns, 18.9289 us/op
WorkloadWarmup   2: 32768 op, 618694714.00 ns, 18.8811 us/op
WorkloadWarmup   3: 32768 op, 601755552.00 ns, 18.3641 us/op

// BeforeActualRun
WorkloadActual   1: 32768 op, 606951211.00 ns, 18.5227 us/op
WorkloadActual   2: 32768 op, 602735742.00 ns, 18.3940 us/op
WorkloadActual   3: 32768 op, 603840013.00 ns, 18.4277 us/op

// AfterActualRun
WorkloadResult   1: 32768 op, 606823903.00 ns, 18.5188 us/op
WorkloadResult   2: 32768 op, 602608434.00 ns, 18.3901 us/op
WorkloadResult   3: 32768 op, 603712705.00 ns, 18.4238 us/op
// GC:  10 0 0 176425024 32768
// Threading:  0 0 32768

// AfterAll
// Benchmark Process 4347 has exited with code 0.

Mean = 18.444 μs, StdErr = 0.039 μs (0.21%), N = 3, StdDev = 0.067 μs
Min = 18.390 μs, Q1 = 18.407 μs, Median = 18.424 μs, Q3 = 18.471 μs, Max = 18.519 μs
IQR = 0.064 μs, LowerFence = 18.311 μs, UpperFence = 18.568 μs
ConfidenceInterval = [17.227 μs; 19.661 μs] (CI 99.9%), Margin = 1.217 μs (6.60% of Mean)
Skewness = 0.28, Kurtosis = 0.67, MValue = 2

// ** Remained 11 (42.3 %) benchmark(s) to run. Estimated finish 2026-09-22 20:51 (0h 1m from now) **
// **************************
// Benchmark: SpecificationEvaluatorBenchmarks.'Complex predicates (parameterized)': ShortRun(IterationCount=3, LaunchCount=1, WarmupCount=3) [CriteriaCount=10]
// *** Execute ***
// Launch: 1 / 1
// Execute: dotnet Encina.Benchmarks-ShortRun-1.dll --anonymousPipes 165 166 --benchmarkName "Encina.Benchmarks.EntityFrameworkCore.SpecificationEvaluatorBenchmarks.ComplexPredicates_Parameterized(CriteriaCount: 10)" --job ShortRun --benchmarkId 15 in /home/runner/work/Encina/Encina/tests/Encina.BenchmarkTests/Encina.Benchmarks/bin/Release/net10.0/Encina.Benchmarks-ShortRun-1/bin/Release/net10.0
// Failed to set up high priority (Permission denied). In order to run benchmarks with high priority, make sure you have the right permissions.
// BeforeAnythingElse

// Benchmark Process Environment Information:
// BenchmarkDotNet v0.15.8
// Runtime=.NET 10.0.12 (10.0.12, 10.0.1226.42308), X64 RyuJIT x86-64-v3
// GC=Concurrent Workstation
// HardwareIntrinsics=AVX2+BMI1+BMI2+F16C+FMA+LZCNT+MOVBE,AVX,SSE3+SSSE3+SSE4.1+SSE4.2+POPCNT,X86Base+SSE+SSE2,AES+PCLMUL VectorSize=256
// Job: ShortRun(IterationCount=3, LaunchCount=1, WarmupCount=3)

OverheadJitting  1: 1 op, 238195.00 ns, 238.1950 us/op
WorkloadJitting  1: 1 op, 414609071.00 ns, 414.6091 ms/op

OverheadJitting  2: 1 op, 290.00 ns, 290.0000 ns/op
WorkloadJitting  2: 1 op, 3152956.00 ns, 3.1530 ms/op

OverheadJitting  3: 16 op, 544276.00 ns, 34.0173 us/op
WorkloadJitting  3: 16 op, 2337454.00 ns, 146.0909 us/op

WorkloadPilot    1: 16 op, 1654679.00 ns, 103.4174 us/op
WorkloadPilot    2: 32 op, 3502639.00 ns, 109.4575 us/op
WorkloadPilot    3: 64 op, 6654172.00 ns, 103.9714 us/op
WorkloadPilot    4: 128 op, 13268469.00 ns, 103.6599 us/op
WorkloadPilot    5: 256 op, 26363856.00 ns, 102.9838 us/op
WorkloadPilot    6: 512 op, 52236243.00 ns, 102.0239 us/op
WorkloadPilot    7: 1024 op, 98104829.00 ns, 95.8055 us/op
WorkloadPilot    8: 2048 op, 178655540.00 ns, 87.2342 us/op
WorkloadPilot    9: 4096 op, 357024315.00 ns, 87.1641 us/op
WorkloadPilot   10: 8192 op, 724307728.00 ns, 88.4165 us/op

OverheadWarmup   1: 8192 op, 27772.00 ns, 3.3901 ns/op
OverheadWarmup   2: 8192 op, 27661.00 ns, 3.3766 ns/op
OverheadWarmup   3: 8192 op, 27532.00 ns, 3.3608 ns/op
OverheadWarmup   4: 8192 op, 27552.00 ns, 3.3633 ns/op
OverheadWarmup   5: 8192 op, 27612.00 ns, 3.3706 ns/op
OverheadWarmup   6: 8192 op, 27621.00 ns, 3.3717 ns/op
OverheadWarmup   7: 8192 op, 27521.00 ns, 3.3595 ns/op
OverheadWarmup   8: 8192 op, 27501.00 ns, 3.3571 ns/op
OverheadWarmup   9: 8192 op, 27602.00 ns, 3.3694 ns/op
OverheadWarmup  10: 8192 op, 27541.00 ns, 3.3619 ns/op

OverheadActual   1: 8192 op, 27631.00 ns, 3.3729 ns/op
OverheadActual   2: 8192 op, 27571.00 ns, 3.3656 ns/op
OverheadActual   3: 8192 op, 27561.00 ns, 3.3644 ns/op
OverheadActual   4: 8192 op, 27561.00 ns, 3.3644 ns/op
OverheadActual   5: 8192 op, 53008.00 ns, 6.4707 ns/op
OverheadActual   6: 8192 op, 27522.00 ns, 3.3596 ns/op
OverheadActual   7: 8192 op, 27612.00 ns, 3.3706 ns/op
OverheadActual   8: 8192 op, 27852.00 ns, 3.3999 ns/op
OverheadActual   9: 8192 op, 27602.00 ns, 3.3694 ns/op
OverheadActual  10: 8192 op, 27542.00 ns, 3.3621 ns/op
OverheadActual  11: 8192 op, 27621.00 ns, 3.3717 ns/op
OverheadActual  12: 8192 op, 27601.00 ns, 3.3693 ns/op
OverheadActual  13: 8192 op, 27531.00 ns, 3.3607 ns/op
OverheadActual  14: 8192 op, 27531.00 ns, 3.3607 ns/op
OverheadActual  15: 8192 op, 27511.00 ns, 3.3583 ns/op

WorkloadWarmup   1: 8192 op, 732276008.00 ns, 89.3892 us/op
WorkloadWarmup   2: 8192 op, 731037289.00 ns, 89.2380 us/op
WorkloadWarmup   3: 8192 op, 717479614.00 ns, 87.5830 us/op

// BeforeActualRun
WorkloadActual   1: 8192 op, 722400750.00 ns, 88.1837 us/op
WorkloadActual   2: 8192 op, 715706595.00 ns, 87.3665 us/op
WorkloadActual   3: 8192 op, 715249893.00 ns, 87.3108 us/op

// AfterActualRun
WorkloadResult   1: 8192 op, 722373179.00 ns, 88.1803 us/op
WorkloadResult   2: 8192 op, 715679024.00 ns, 87.3632 us/op
WorkloadResult   3: 8192 op, 715222322.00 ns, 87.3074 us/op
// GC:  10 0 0 175439872 8192
// Threading:  0 0 8192

// AfterAll
// Benchmark Process 4361 has exited with code 0.

Mean = 87.617 μs, StdErr = 0.282 μs (0.32%), N = 3, StdDev = 0.489 μs
Min = 87.307 μs, Q1 = 87.335 μs, Median = 87.363 μs, Q3 = 87.772 μs, Max = 88.180 μs
IQR = 0.436 μs, LowerFence = 86.681 μs, UpperFence = 88.426 μs
ConfidenceInterval = [78.702 μs; 96.532 μs] (CI 99.9%), Margin = 8.915 μs (10.18% of Mean)
Skewness = 0.38, Kurtosis = 0.67, MValue = 2

// ** Remained 10 (38.5 %) benchmark(s) to run. Estimated finish 2026-09-22 20:51 (0h 1m from now) **
// **************************
// Benchmark: SpecificationEvaluatorBenchmarks.'Two criteria (AND)': ShortRun(IterationCount=3, LaunchCount=1, WarmupCount=3) [CriteriaCount=10]
// *** Execute ***
// Launch: 1 / 1
// Execute: dotnet Encina.Benchmarks-ShortRun-1.dll --anonymousPipes 165 166 --benchmarkName "Encina.Benchmarks.EntityFrameworkCore.SpecificationEvaluatorBenchmarks.TwoCriteria_And(CriteriaCount: 10)" --job ShortRun --benchmarkId 16 in /home/runner/work/Encina/Encina/tests/Encina.BenchmarkTests/Encina.Benchmarks/bin/Release/net10.0/Encina.Benchmarks-ShortRun-1/bin/Release/net10.0
// Failed to set up high priority (Permission denied). In order to run benchmarks with high priority, make sure you have the right permissions.
// BeforeAnythingElse

// Benchmark Process Environment Information:
// BenchmarkDotNet v0.15.8
// Runtime=.NET 10.0.12 (10.0.12, 10.0.1226.42308), X64 RyuJIT x86-64-v3
// GC=Concurrent Workstation
// HardwareIntrinsics=AVX2+BMI1+BMI2+F16C+FMA+LZCNT+MOVBE,AVX,SSE3+SSSE3+SSE4.1+SSE4.2+POPCNT,X86Base+SSE+SSE2,AES+PCLMUL VectorSize=256
// Job: ShortRun(IterationCount=3, LaunchCount=1, WarmupCount=3)

OverheadJitting  1: 1 op, 232423.00 ns, 232.4230 us/op
WorkloadJitting  1: 1 op, 382621757.00 ns, 382.6218 ms/op

OverheadJitting  2: 1 op, 320.00 ns, 320.0000 ns/op
WorkloadJitting  2: 1 op, 3225350.00 ns, 3.2254 ms/op

OverheadJitting  3: 16 op, 524870.00 ns, 32.8044 us/op
WorkloadJitting  3: 16 op, 1168451.00 ns, 73.0282 us/op

WorkloadPilot    1: 16 op, 652107.00 ns, 40.7567 us/op
WorkloadPilot    2: 32 op, 1118167.00 ns, 34.9427 us/op
WorkloadPilot    3: 64 op, 2088638.00 ns, 32.6350 us/op
WorkloadPilot    4: 128 op, 4015896.00 ns, 31.3742 us/op
WorkloadPilot    5: 256 op, 8128000.00 ns, 31.7500 us/op
WorkloadPilot    6: 512 op, 15617560.00 ns, 30.5030 us/op
WorkloadPilot    7: 1024 op, 30546234.00 ns, 29.8303 us/op
WorkloadPilot    8: 2048 op, 61173940.00 ns, 29.8701 us/op
WorkloadPilot    9: 4096 op, 109617139.00 ns, 26.7620 us/op
WorkloadPilot   10: 8192 op, 199470268.00 ns, 24.3494 us/op
WorkloadPilot   11: 16384 op, 399409946.00 ns, 24.3780 us/op
WorkloadPilot   12: 32768 op, 798935639.00 ns, 24.3816 us/op

OverheadWarmup   1: 32768 op, 109725.00 ns, 3.3485 ns/op
OverheadWarmup   2: 32768 op, 108613.00 ns, 3.3146 ns/op
OverheadWarmup   3: 32768 op, 108523.00 ns, 3.3119 ns/op
OverheadWarmup   4: 32768 op, 108522.00 ns, 3.3118 ns/op
OverheadWarmup   5: 32768 op, 108532.00 ns, 3.3121 ns/op
OverheadWarmup   6: 32768 op, 109314.00 ns, 3.3360 ns/op
OverheadWarmup   7: 32768 op, 108522.00 ns, 3.3118 ns/op
OverheadWarmup   8: 32768 op, 108472.00 ns, 3.3103 ns/op
OverheadWarmup   9: 32768 op, 108493.00 ns, 3.3109 ns/op
OverheadWarmup  10: 32768 op, 108583.00 ns, 3.3137 ns/op

OverheadActual   1: 32768 op, 108542.00 ns, 3.3124 ns/op
OverheadActual   2: 32768 op, 109335.00 ns, 3.3366 ns/op
OverheadActual   3: 32768 op, 126466.00 ns, 3.8594 ns/op
OverheadActual   4: 32768 op, 108533.00 ns, 3.3122 ns/op
OverheadActual   5: 32768 op, 108613.00 ns, 3.3146 ns/op
OverheadActual   6: 32768 op, 108502.00 ns, 3.3112 ns/op
OverheadActual   7: 32768 op, 108563.00 ns, 3.3131 ns/op
OverheadActual   8: 32768 op, 108592.00 ns, 3.3140 ns/op
OverheadActual   9: 32768 op, 108573.00 ns, 3.3134 ns/op
OverheadActual  10: 32768 op, 108492.00 ns, 3.3109 ns/op
OverheadActual  11: 32768 op, 108553.00 ns, 3.3128 ns/op
OverheadActual  12: 32768 op, 108503.00 ns, 3.3112 ns/op
OverheadActual  13: 32768 op, 109274.00 ns, 3.3348 ns/op
OverheadActual  14: 32768 op, 108603.00 ns, 3.3143 ns/op
OverheadActual  15: 32768 op, 109284.00 ns, 3.3351 ns/op

WorkloadWarmup   1: 32768 op, 819572438.00 ns, 25.0114 us/op
WorkloadWarmup   2: 32768 op, 813613636.00 ns, 24.8295 us/op
WorkloadWarmup   3: 32768 op, 795957921.00 ns, 24.2907 us/op

// BeforeActualRun
WorkloadActual   1: 32768 op, 803196262.00 ns, 24.5116 us/op
WorkloadActual   2: 32768 op, 794206913.00 ns, 24.2373 us/op
WorkloadActual   3: 32768 op, 801137448.00 ns, 24.4488 us/op

// AfterActualRun
WorkloadResult   1: 32768 op, 803087689.00 ns, 24.5083 us/op
WorkloadResult   2: 32768 op, 794098340.00 ns, 24.2340 us/op
WorkloadResult   3: 32768 op, 801028875.00 ns, 24.4455 us/op
// GC:  12 0 0 206045184 32768
// Threading:  0 0 32768

// AfterAll
// Benchmark Process 4373 has exited with code 0.

Mean = 24.396 μs, StdErr = 0.083 μs (0.34%), N = 3, StdDev = 0.144 μs
Min = 24.234 μs, Q1 = 24.340 μs, Median = 24.445 μs, Q3 = 24.477 μs, Max = 24.508 μs
IQR = 0.137 μs, LowerFence = 24.134 μs, UpperFence = 24.683 μs
ConfidenceInterval = [21.774 μs; 27.018 μs] (CI 99.9%), Margin = 2.622 μs (10.75% of Mean)
Skewness = -0.3, Kurtosis = 0.67, MValue = 2

// ** Remained 9 (34.6 %) benchmark(s) to run. Estimated finish 2026-09-22 20:51 (0h 1m from now) **
// **************************
// Benchmark: SpecificationEvaluatorBenchmarks.'Five criteria (AND)': ShortRun(IterationCount=3, LaunchCount=1, WarmupCount=3) [CriteriaCount=10]
// *** Execute ***
// Launch: 1 / 1
// Execute: dotnet Encina.Benchmarks-ShortRun-1.dll --anonymousPipes 165 166 --benchmarkName "Encina.Benchmarks.EntityFrameworkCore.SpecificationEvaluatorBenchmarks.FiveCriteria_And(CriteriaCount: 10)" --job ShortRun --benchmarkId 17 in /home/runner/work/Encina/Encina/tests/Encina.BenchmarkTests/Encina.Benchmarks/bin/Release/net10.0/Encina.Benchmarks-ShortRun-1/bin/Release/net10.0
// Failed to set up high priority (Permission denied). In order to run benchmarks with high priority, make sure you have the right permissions.
// BeforeAnythingElse

// Benchmark Process Environment Information:
// BenchmarkDotNet v0.15.8
// Runtime=.NET 10.0.12 (10.0.12, 10.0.1226.42308), X64 RyuJIT x86-64-v3
// GC=Concurrent Workstation
// HardwareIntrinsics=AVX2+BMI1+BMI2+F16C+FMA+LZCNT+MOVBE,AVX,SSE3+SSSE3+SSE4.1+SSE4.2+POPCNT,X86Base+SSE+SSE2,AES+PCLMUL VectorSize=256
// Job: ShortRun(IterationCount=3, LaunchCount=1, WarmupCount=3)

OverheadJitting  1: 1 op, 285784.00 ns, 285.7840 us/op
WorkloadJitting  1: 1 op, 395597526.00 ns, 395.5975 ms/op

OverheadJitting  2: 1 op, 972.00 ns, 972.0000 ns/op
WorkloadJitting  2: 1 op, 3307904.00 ns, 3.3079 ms/op

OverheadJitting  3: 16 op, 500825.00 ns, 31.3016 us/op
WorkloadJitting  3: 16 op, 1728767.00 ns, 108.0479 us/op

WorkloadPilot    1: 16 op, 1172008.00 ns, 73.2505 us/op
WorkloadPilot    2: 32 op, 1977280.00 ns, 61.7900 us/op
WorkloadPilot    3: 64 op, 4047535.00 ns, 63.2427 us/op
WorkloadPilot    4: 128 op, 7701505.00 ns, 60.1680 us/op
WorkloadPilot    5: 256 op, 15473351.00 ns, 60.4428 us/op
WorkloadPilot    6: 512 op, 30558198.00 ns, 59.6840 us/op
WorkloadPilot    7: 1024 op, 61487770.00 ns, 60.0467 us/op
WorkloadPilot    8: 2048 op, 110194382.00 ns, 53.8059 us/op
WorkloadPilot    9: 4096 op, 205616149.00 ns, 50.1993 us/op
WorkloadPilot   10: 8192 op, 417128465.00 ns, 50.9190 us/op
WorkloadPilot   11: 16384 op, 833259669.00 ns, 50.8581 us/op

OverheadWarmup   1: 16384 op, 74049.00 ns, 4.5196 ns/op
OverheadWarmup   2: 16384 op, 75271.00 ns, 4.5942 ns/op
OverheadWarmup   3: 16384 op, 87933.00 ns, 5.3670 ns/op
OverheadWarmup   4: 16384 op, 72816.00 ns, 4.4443 ns/op
OverheadWarmup   5: 16384 op, 73197.00 ns, 4.4676 ns/op
OverheadWarmup   6: 16384 op, 72846.00 ns, 4.4462 ns/op

OverheadActual   1: 16384 op, 75320.00 ns, 4.5972 ns/op
OverheadActual   2: 16384 op, 87774.00 ns, 5.3573 ns/op
OverheadActual   3: 16384 op, 73838.00 ns, 4.5067 ns/op
OverheadActual   4: 16384 op, 72264.00 ns, 4.4106 ns/op
OverheadActual   5: 16384 op, 72505.00 ns, 4.4254 ns/op
OverheadActual   6: 16384 op, 72505.00 ns, 4.4254 ns/op
OverheadActual   7: 16384 op, 72425.00 ns, 4.4205 ns/op
OverheadActual   8: 16384 op, 72515.00 ns, 4.4260 ns/op
OverheadActual   9: 16384 op, 72475.00 ns, 4.4235 ns/op
OverheadActual  10: 16384 op, 71834.00 ns, 4.3844 ns/op
OverheadActual  11: 16384 op, 72265.00 ns, 4.4107 ns/op
OverheadActual  12: 16384 op, 96420.00 ns, 5.8850 ns/op
OverheadActual  13: 16384 op, 77635.00 ns, 4.7385 ns/op
OverheadActual  14: 16384 op, 78496.00 ns, 4.7910 ns/op
OverheadActual  15: 16384 op, 67095.00 ns, 4.0952 ns/op

WorkloadWarmup   1: 16384 op, 849216493.00 ns, 51.8321 us/op
WorkloadWarmup   2: 16384 op, 843566027.00 ns, 51.4872 us/op
WorkloadWarmup   3: 16384 op, 825516797.00 ns, 50.3855 us/op

// BeforeActualRun
WorkloadActual   1: 16384 op, 835461489.00 ns, 50.9925 us/op
WorkloadActual   2: 16384 op, 826358598.00 ns, 50.4369 us/op
WorkloadActual   3: 16384 op, 825931551.00 ns, 50.4109 us/op

// AfterActualRun
WorkloadResult   1: 16384 op, 835388984.00 ns, 50.9881 us/op
WorkloadResult   2: 16384 op, 826286093.00 ns, 50.4325 us/op
WorkloadResult   3: 16384 op, 825859046.00 ns, 50.4064 us/op
// GC:  11 0 0 193855488 16384
// Threading:  0 0 16384

// AfterAll
// Benchmark Process 4386 has exited with code 0.

Mean = 50.609 μs, StdErr = 0.190 μs (0.37%), N = 3, StdDev = 0.329 μs
Min = 50.406 μs, Q1 = 50.419 μs, Median = 50.433 μs, Q3 = 50.710 μs, Max = 50.988 μs
IQR = 0.291 μs, LowerFence = 49.983 μs, UpperFence = 51.147 μs
ConfidenceInterval = [44.615 μs; 56.603 μs] (CI 99.9%), Margin = 5.994 μs (11.84% of Mean)
Skewness = 0.38, Kurtosis = 0.67, MValue = 2

// ** Remained 8 (30.8 %) benchmark(s) to run. Estimated finish 2026-09-22 20:51 (0h 1m from now) **
// **************************
// Benchmark: SpecificationEvaluatorBenchmarks.'Ten criteria (AND)': ShortRun(IterationCount=3, LaunchCount=1, WarmupCount=3) [CriteriaCount=10]
// *** Execute ***
// Launch: 1 / 1
// Execute: dotnet Encina.Benchmarks-ShortRun-1.dll --anonymousPipes 165 166 --benchmarkName "Encina.Benchmarks.EntityFrameworkCore.SpecificationEvaluatorBenchmarks.TenCriteria_And(CriteriaCount: 10)" --job ShortRun --benchmarkId 18 in /home/runner/work/Encina/Encina/tests/Encina.BenchmarkTests/Encina.Benchmarks/bin/Release/net10.0/Encina.Benchmarks-ShortRun-1/bin/Release/net10.0
// Failed to set up high priority (Permission denied). In order to run benchmarks with high priority, make sure you have the right permissions.
// BeforeAnythingElse

// Benchmark Process Environment Information:
// BenchmarkDotNet v0.15.8
// Runtime=.NET 10.0.12 (10.0.12, 10.0.1226.42308), X64 RyuJIT x86-64-v3
// GC=Concurrent Workstation
// HardwareIntrinsics=AVX2+BMI1+BMI2+F16C+FMA+LZCNT+MOVBE,AVX,SSE3+SSSE3+SSE4.1+SSE4.2+POPCNT,X86Base+SSE+SSE2,AES+PCLMUL VectorSize=256
// Job: ShortRun(IterationCount=3, LaunchCount=1, WarmupCount=3)

OverheadJitting  1: 1 op, 234467.00 ns, 234.4670 us/op
WorkloadJitting  1: 1 op, 417542592.00 ns, 417.5426 ms/op

OverheadJitting  2: 1 op, 951.00 ns, 951.0000 ns/op
WorkloadJitting  2: 1 op, 3461872.00 ns, 3.4619 ms/op

OverheadJitting  3: 16 op, 562610.00 ns, 35.1631 us/op
WorkloadJitting  3: 16 op, 2557955.00 ns, 159.8722 us/op

WorkloadPilot    1: 16 op, 1780083.00 ns, 111.2552 us/op
WorkloadPilot    2: 32 op, 3599850.00 ns, 112.4953 us/op
WorkloadPilot    3: 64 op, 6857440.00 ns, 107.1475 us/op
WorkloadPilot    4: 128 op, 13643487.00 ns, 106.5897 us/op
WorkloadPilot    5: 256 op, 26973078.00 ns, 105.3636 us/op
WorkloadPilot    6: 512 op, 53564953.00 ns, 104.6190 us/op
WorkloadPilot    7: 1024 op, 101027206.00 ns, 98.6594 us/op
WorkloadPilot    8: 2048 op, 181398287.00 ns, 88.5734 us/op
WorkloadPilot    9: 4096 op, 363251402.00 ns, 88.6844 us/op
WorkloadPilot   10: 8192 op, 725894039.00 ns, 88.6101 us/op

OverheadWarmup   1: 8192 op, 28192.00 ns, 3.4414 ns/op
OverheadWarmup   2: 8192 op, 27752.00 ns, 3.3877 ns/op
OverheadWarmup   3: 8192 op, 27823.00 ns, 3.3964 ns/op
OverheadWarmup   4: 8192 op, 27812.00 ns, 3.3950 ns/op
OverheadWarmup   5: 8192 op, 27692.00 ns, 3.3804 ns/op
OverheadWarmup   6: 8192 op, 27612.00 ns, 3.3706 ns/op
OverheadWarmup   7: 8192 op, 27622.00 ns, 3.3718 ns/op
OverheadWarmup   8: 8192 op, 27572.00 ns, 3.3657 ns/op

OverheadActual   1: 8192 op, 55765.00 ns, 6.8073 ns/op
OverheadActual   2: 8192 op, 27852.00 ns, 3.3999 ns/op
OverheadActual   3: 8192 op, 27922.00 ns, 3.4084 ns/op
OverheadActual   4: 8192 op, 27722.00 ns, 3.3840 ns/op
OverheadActual   5: 8192 op, 27722.00 ns, 3.3840 ns/op
OverheadActual   6: 8192 op, 27742.00 ns, 3.3865 ns/op
OverheadActual   7: 8192 op, 27741.00 ns, 3.3864 ns/op
OverheadActual   8: 8192 op, 27702.00 ns, 3.3816 ns/op
OverheadActual   9: 8192 op, 27602.00 ns, 3.3694 ns/op
OverheadActual  10: 8192 op, 27652.00 ns, 3.3755 ns/op
OverheadActual  11: 8192 op, 27552.00 ns, 3.3633 ns/op
OverheadActual  12: 8192 op, 27571.00 ns, 3.3656 ns/op
OverheadActual  13: 8192 op, 27571.00 ns, 3.3656 ns/op
OverheadActual  14: 8192 op, 68237.00 ns, 8.3297 ns/op
OverheadActual  15: 8192 op, 27521.00 ns, 3.3595 ns/op

WorkloadWarmup   1: 8192 op, 743252260.00 ns, 90.7290 us/op
WorkloadWarmup   2: 8192 op, 743569913.00 ns, 90.7678 us/op
WorkloadWarmup   3: 8192 op, 726085747.00 ns, 88.6335 us/op

// BeforeActualRun
WorkloadActual   1: 8192 op, 730044385.00 ns, 89.1167 us/op
WorkloadActual   2: 8192 op, 725610068.00 ns, 88.5754 us/op
WorkloadActual   3: 8192 op, 725673537.00 ns, 88.5832 us/op

// AfterActualRun
WorkloadResult   1: 8192 op, 730016663.00 ns, 89.1134 us/op
WorkloadResult   2: 8192 op, 725582346.00 ns, 88.5721 us/op
WorkloadResult   3: 8192 op, 725645815.00 ns, 88.5798 us/op
// GC:  10 0 0 175439872 8192
// Threading:  0 0 8192

// AfterAll
// Benchmark Process 4396 has exited with code 0.

Mean = 88.755 μs, StdErr = 0.179 μs (0.20%), N = 3, StdDev = 0.310 μs
Min = 88.572 μs, Q1 = 88.576 μs, Median = 88.580 μs, Q3 = 88.847 μs, Max = 89.113 μs
IQR = 0.271 μs, LowerFence = 88.170 μs, UpperFence = 89.253 μs
ConfidenceInterval = [83.094 μs; 94.416 μs] (CI 99.9%), Margin = 5.661 μs (6.38% of Mean)
Skewness = 0.38, Kurtosis = 0.67, MValue = 2

// ** Remained 7 (26.9 %) benchmark(s) to run. Estimated finish 2026-09-22 20:51 (0h 0m from now) **
// **************************
// Benchmark: SpecificationEvaluatorBenchmarks.'Keyset pagination': ShortRun(IterationCount=3, LaunchCount=1, WarmupCount=3) [CriteriaCount=10]
// *** Execute ***
// Launch: 1 / 1
// Execute: dotnet Encina.Benchmarks-ShortRun-1.dll --anonymousPipes 165 166 --benchmarkName "Encina.Benchmarks.EntityFrameworkCore.SpecificationEvaluatorBenchmarks.KeysetPagination_ExpressionBuilding(CriteriaCount: 10)" --job ShortRun --benchmarkId 19 in /home/runner/work/Encina/Encina/tests/Encina.BenchmarkTests/Encina.Benchmarks/bin/Release/net10.0/Encina.Benchmarks-ShortRun-1/bin/Release/net10.0
// Failed to set up high priority (Permission denied). In order to run benchmarks with high priority, make sure you have the right permissions.
// BeforeAnythingElse

// Benchmark Process Environment Information:
// BenchmarkDotNet v0.15.8
// Runtime=.NET 10.0.12 (10.0.12, 10.0.1226.42308), X64 RyuJIT x86-64-v3
// GC=Concurrent Workstation
// HardwareIntrinsics=AVX2+BMI1+BMI2+F16C+FMA+LZCNT+MOVBE,AVX,SSE3+SSSE3+SSE4.1+SSE4.2+POPCNT,X86Base+SSE+SSE2,AES+PCLMUL VectorSize=256
// Job: ShortRun(IterationCount=3, LaunchCount=1, WarmupCount=3)

OverheadJitting  1: 1 op, 231392.00 ns, 231.3920 us/op
WorkloadJitting  1: 1 op, 391460322.00 ns, 391.4603 ms/op

OverheadJitting  2: 1 op, 381.00 ns, 381.0000 ns/op
WorkloadJitting  2: 1 op, 3736185.00 ns, 3.7362 ms/op

OverheadJitting  3: 16 op, 520111.00 ns, 32.5069 us/op
WorkloadJitting  3: 16 op, 1500481.00 ns, 93.7801 us/op

WorkloadPilot    1: 16 op, 1006980.00 ns, 62.9363 us/op
WorkloadPilot    2: 32 op, 1840366.00 ns, 57.5114 us/op
WorkloadPilot    3: 64 op, 3428641.00 ns, 53.5725 us/op
WorkloadPilot    4: 128 op, 6640898.00 ns, 51.8820 us/op
WorkloadPilot    5: 256 op, 12600493.00 ns, 49.2207 us/op
WorkloadPilot    6: 512 op, 24599744.00 ns, 48.0464 us/op
WorkloadPilot    7: 1024 op, 48589129.00 ns, 47.4503 us/op
WorkloadPilot    8: 2048 op, 93571705.00 ns, 45.6893 us/op
WorkloadPilot    9: 4096 op, 165697624.00 ns, 40.4535 us/op
WorkloadPilot   10: 8192 op, 330787284.00 ns, 40.3793 us/op
WorkloadPilot   11: 16384 op, 656674520.00 ns, 40.0802 us/op

OverheadWarmup   1: 16384 op, 58149.00 ns, 3.5491 ns/op
OverheadWarmup   2: 16384 op, 54582.00 ns, 3.3314 ns/op
OverheadWarmup   3: 16384 op, 54522.00 ns, 3.3278 ns/op
OverheadWarmup   4: 16384 op, 54582.00 ns, 3.3314 ns/op
OverheadWarmup   5: 16384 op, 54532.00 ns, 3.3284 ns/op
OverheadWarmup   6: 16384 op, 54572.00 ns, 3.3308 ns/op
OverheadWarmup   7: 16384 op, 54502.00 ns, 3.3265 ns/op

OverheadActual   1: 16384 op, 54532.00 ns, 3.3284 ns/op
OverheadActual   2: 16384 op, 55354.00 ns, 3.3785 ns/op
OverheadActual   3: 16384 op, 54552.00 ns, 3.3296 ns/op
OverheadActual   4: 16384 op, 54522.00 ns, 3.3278 ns/op
OverheadActual   5: 16384 op, 54522.00 ns, 3.3278 ns/op
OverheadActual   6: 16384 op, 54491.00 ns, 3.3259 ns/op
OverheadActual   7: 16384 op, 54522.00 ns, 3.3278 ns/op
OverheadActual   8: 16384 op, 54512.00 ns, 3.3271 ns/op
OverheadActual   9: 16384 op, 54491.00 ns, 3.3259 ns/op
OverheadActual  10: 16384 op, 54582.00 ns, 3.3314 ns/op
OverheadActual  11: 16384 op, 54481.00 ns, 3.3253 ns/op
OverheadActual  12: 16384 op, 54531.00 ns, 3.3283 ns/op
OverheadActual  13: 16384 op, 54502.00 ns, 3.3265 ns/op
OverheadActual  14: 16384 op, 54511.00 ns, 3.3271 ns/op
OverheadActual  15: 16384 op, 54502.00 ns, 3.3265 ns/op

WorkloadWarmup   1: 16384 op, 675519061.00 ns, 41.2304 us/op
WorkloadWarmup   2: 16384 op, 676736253.00 ns, 41.3047 us/op
WorkloadWarmup   3: 16384 op, 658398669.00 ns, 40.1855 us/op

// BeforeActualRun
WorkloadActual   1: 16384 op, 659768146.00 ns, 40.2691 us/op
WorkloadActual   2: 16384 op, 656293930.00 ns, 40.0570 us/op
WorkloadActual   3: 16384 op, 656819110.00 ns, 40.0891 us/op

// AfterActualRun
WorkloadResult   1: 16384 op, 659713624.00 ns, 40.2657 us/op
WorkloadResult   2: 16384 op, 656239408.00 ns, 40.0537 us/op
WorkloadResult   3: 16384 op, 656764588.00 ns, 40.0857 us/op
// GC:  10 0 0 174983232 16384
// Threading:  0 0 16384

// AfterAll
// Benchmark Process 4406 has exited with code 0.

Mean = 40.135 μs, StdErr = 0.066 μs (0.16%), N = 3, StdDev = 0.114 μs
Min = 40.054 μs, Q1 = 40.070 μs, Median = 40.086 μs, Q3 = 40.176 μs, Max = 40.266 μs
IQR = 0.106 μs, LowerFence = 39.911 μs, UpperFence = 40.335 μs
ConfidenceInterval = [38.050 μs; 42.220 μs] (CI 99.9%), Margin = 2.085 μs (5.20% of Mean)
Skewness = 0.35, Kurtosis = 0.67, MValue = 2

// ** Remained 6 (23.1 %) benchmark(s) to run. Estimated finish 2026-09-22 20:51 (0h 0m from now) **
// **************************
// Benchmark: SpecificationEvaluatorBenchmarks.'Keyset pagination (fresh cursor)': ShortRun(IterationCount=3, LaunchCount=1, WarmupCount=3) [CriteriaCount=10]
// *** Execute ***
// Launch: 1 / 1
// Execute: dotnet Encina.Benchmarks-ShortRun-1.dll --anonymousPipes 165 166 --benchmarkName "Encina.Benchmarks.EntityFrameworkCore.SpecificationEvaluatorBenchmarks.KeysetPagination_FreshCursor(CriteriaCount: 10)" --job ShortRun --benchmarkId 20 in /home/runner/work/Encina/Encina/tests/Encina.BenchmarkTests/Encina.Benchmarks/bin/Release/net10.0/Encina.Benchmarks-ShortRun-1/bin/Release/net10.0
// Failed to set up high priority (Permission denied). In order to run benchmarks with high priority, make sure you have the right permissions.
// BeforeAnythingElse

// Benchmark Process Environment Information:
// BenchmarkDotNet v0.15.8
// Runtime=.NET 10.0.12 (10.0.12, 10.0.1226.42308), X64 RyuJIT x86-64-v3
// GC=Concurrent Workstation
// HardwareIntrinsics=AVX2+BMI1+BMI2+F16C+FMA+LZCNT+MOVBE,AVX,SSE3+SSSE3+SSE4.1+SSE4.2+POPCNT,X86Base+SSE+SSE2,AES+PCLMUL VectorSize=256
// Job: ShortRun(IterationCount=3, LaunchCount=1, WarmupCount=3)

OverheadJitting  1: 1 op, 246310.00 ns, 246.3100 us/op
WorkloadJitting  1: 1 op, 394383593.00 ns, 394.3836 ms/op

OverheadJitting  2: 1 op, 241.00 ns, 241.0000 ns/op
WorkloadJitting  2: 1 op, 5005102.00 ns, 5.0051 ms/op

OverheadJitting  3: 16 op, 515893.00 ns, 32.2433 us/op
WorkloadJitting  3: 16 op, 65396888.00 ns, 4.0873 ms/op

WorkloadPilot    1: 16 op, 63520845.00 ns, 3.9701 ms/op
WorkloadPilot    2: 32 op, 125353181.00 ns, 3.9173 ms/op
WorkloadPilot    3: 64 op, 251269041.00 ns, 3.9261 ms/op
WorkloadPilot    4: 128 op, 503632304.00 ns, 3.9346 ms/op

OverheadWarmup   1: 128 op, 1273.00 ns, 9.9453 ns/op
OverheadWarmup   2: 128 op, 1042.00 ns, 8.1406 ns/op
OverheadWarmup   3: 128 op, 1052.00 ns, 8.2188 ns/op
OverheadWarmup   4: 128 op, 1021.00 ns, 7.9766 ns/op
OverheadWarmup   5: 128 op, 1032.00 ns, 8.0625 ns/op
OverheadWarmup   6: 128 op, 1022.00 ns, 7.9844 ns/op

OverheadActual   1: 128 op, 1012.00 ns, 7.9063 ns/op
OverheadActual   2: 128 op, 1052.00 ns, 8.2188 ns/op
OverheadActual   3: 128 op, 1052.00 ns, 8.2188 ns/op
OverheadActual   4: 128 op, 1022.00 ns, 7.9844 ns/op
OverheadActual   5: 128 op, 1042.00 ns, 8.1406 ns/op
OverheadActual   6: 128 op, 1032.00 ns, 8.0625 ns/op
OverheadActual   7: 128 op, 1042.00 ns, 8.1406 ns/op
OverheadActual   8: 128 op, 1002.00 ns, 7.8281 ns/op
OverheadActual   9: 128 op, 1022.00 ns, 7.9844 ns/op
OverheadActual  10: 128 op, 1022.00 ns, 7.9844 ns/op
OverheadActual  11: 128 op, 1022.00 ns, 7.9844 ns/op
OverheadActual  12: 128 op, 1032.00 ns, 8.0625 ns/op
OverheadActual  13: 128 op, 1011.00 ns, 7.8984 ns/op
OverheadActual  14: 128 op, 1032.00 ns, 8.0625 ns/op
OverheadActual  15: 128 op, 1032.00 ns, 8.0625 ns/op

WorkloadWarmup   1: 128 op, 511545674.00 ns, 3.9965 ms/op
WorkloadWarmup   2: 128 op, 502004826.00 ns, 3.9219 ms/op
WorkloadWarmup   3: 128 op, 500990252.00 ns, 3.9140 ms/op

// BeforeActualRun
WorkloadActual   1: 128 op, 512621012.00 ns, 4.0049 ms/op
WorkloadActual   2: 128 op, 521555859.00 ns, 4.0747 ms/op
WorkloadActual   3: 128 op, 508289176.00 ns, 3.9710 ms/op

// AfterActualRun
WorkloadResult   1: 128 op, 512619980.00 ns, 4.0048 ms/op
WorkloadResult   2: 128 op, 521554827.00 ns, 4.0746 ms/op
WorkloadResult   3: 128 op, 508288144.00 ns, 3.9710 ms/op
// GC:  0 0 0 14416312 128
// Threading:  2 0 128

// AfterAll
// Benchmark Process 4421 has exited with code 0.

Mean = 4.017 ms, StdErr = 0.031 ms (0.76%), N = 3, StdDev = 0.053 ms
Min = 3.971 ms, Q1 = 3.988 ms, Median = 4.005 ms, Q3 = 4.040 ms, Max = 4.075 ms
IQR = 0.052 ms, LowerFence = 3.910 ms, UpperFence = 4.117 ms
ConfidenceInterval = [3.053 ms; 4.981 ms] (CI 99.9%), Margin = 0.964 ms (24.00% of Mean)
Skewness = 0.22, Kurtosis = 0.67, MValue = 2

// ** Remained 5 (19.2 %) benchmark(s) to run. Estimated finish 2026-09-22 20:51 (0h 0m from now) **
// **************************
// Benchmark: SpecificationEvaluatorBenchmarks.'Lambda Include': ShortRun(IterationCount=3, LaunchCount=1, WarmupCount=3) [CriteriaCount=10]
// *** Execute ***
// Launch: 1 / 1
// Execute: dotnet Encina.Benchmarks-ShortRun-1.dll --anonymousPipes 165 166 --benchmarkName "Encina.Benchmarks.EntityFrameworkCore.SpecificationEvaluatorBenchmarks.Include_Lambda(CriteriaCount: 10)" --job ShortRun --benchmarkId 21 in /home/runner/work/Encina/Encina/tests/Encina.BenchmarkTests/Encina.Benchmarks/bin/Release/net10.0/Encina.Benchmarks-ShortRun-1/bin/Release/net10.0
// Failed to set up high priority (Permission denied). In order to run benchmarks with high priority, make sure you have the right permissions.
// BeforeAnythingElse

// Benchmark Process Environment Information:
// BenchmarkDotNet v0.15.8
// Runtime=.NET 10.0.12 (10.0.12, 10.0.1226.42308), X64 RyuJIT x86-64-v3
// GC=Concurrent Workstation
// HardwareIntrinsics=AVX2+BMI1+BMI2+F16C+FMA+LZCNT+MOVBE,AVX,SSE3+SSSE3+SSE4.1+SSE4.2+POPCNT,X86Base+SSE+SSE2,AES+PCLMUL VectorSize=256
// Job: ShortRun(IterationCount=3, LaunchCount=1, WarmupCount=3)

OverheadJitting  1: 1 op, 285563.00 ns, 285.5630 us/op
WorkloadJitting  1: 1 op, 371168130.00 ns, 371.1681 ms/op

OverheadJitting  2: 1 op, 381.00 ns, 381.0000 ns/op
WorkloadJitting  2: 1 op, 1376470.00 ns, 1.3765 ms/op

OverheadJitting  3: 16 op, 534378.00 ns, 33.3986 us/op
WorkloadJitting  3: 16 op, 838886.00 ns, 52.4304 us/op

WorkloadPilot    1: 16 op, 335386.00 ns, 20.9616 us/op
WorkloadPilot    2: 32 op, 592036.00 ns, 18.5011 us/op
WorkloadPilot    3: 64 op, 1067713.00 ns, 16.6830 us/op
WorkloadPilot    4: 128 op, 1967633.00 ns, 15.3721 us/op
WorkloadPilot    5: 256 op, 4041664.00 ns, 15.7878 us/op
WorkloadPilot    6: 512 op, 7749605.00 ns, 15.1359 us/op
WorkloadPilot    7: 1024 op, 14803763.00 ns, 14.4568 us/op
WorkloadPilot    8: 2048 op, 29517466.00 ns, 14.4128 us/op
WorkloadPilot    9: 4096 op, 58115055.00 ns, 14.1882 us/op
WorkloadPilot   10: 8192 op, 96477792.00 ns, 11.7771 us/op
WorkloadPilot   11: 16384 op, 192326060.00 ns, 11.7387 us/op
WorkloadPilot   12: 32768 op, 383646502.00 ns, 11.7080 us/op
WorkloadPilot   13: 65536 op, 764009826.00 ns, 11.6579 us/op

OverheadWarmup   1: 65536 op, 239196.00 ns, 3.6498 ns/op
OverheadWarmup   2: 65536 op, 235009.00 ns, 3.5860 ns/op
OverheadWarmup   3: 65536 op, 233075.00 ns, 3.5564 ns/op
OverheadWarmup   4: 65536 op, 233696.00 ns, 3.5659 ns/op
OverheadWarmup   5: 65536 op, 233636.00 ns, 3.5650 ns/op
OverheadWarmup   6: 65536 op, 236823.00 ns, 3.6136 ns/op
OverheadWarmup   7: 65536 op, 236522.00 ns, 3.6090 ns/op

OverheadActual   1: 65536 op, 234397.00 ns, 3.5766 ns/op
OverheadActual   2: 65536 op, 238215.00 ns, 3.6349 ns/op
OverheadActual   3: 65536 op, 239016.00 ns, 3.6471 ns/op
OverheadActual   4: 65536 op, 249466.00 ns, 3.8065 ns/op
OverheadActual   5: 65536 op, 237243.00 ns, 3.6200 ns/op
OverheadActual   6: 65536 op, 233756.00 ns, 3.5668 ns/op
OverheadActual   7: 65536 op, 231442.00 ns, 3.5315 ns/op
OverheadActual   8: 65536 op, 233225.00 ns, 3.5587 ns/op
OverheadActual   9: 65536 op, 235980.00 ns, 3.6008 ns/op
OverheadActual  10: 65536 op, 236161.00 ns, 3.6035 ns/op
OverheadActual  11: 65536 op, 251680.00 ns, 3.8403 ns/op
OverheadActual  12: 65536 op, 250287.00 ns, 3.8191 ns/op
OverheadActual  13: 65536 op, 250297.00 ns, 3.8192 ns/op
OverheadActual  14: 65536 op, 233165.00 ns, 3.5578 ns/op
OverheadActual  15: 65536 op, 233536.00 ns, 3.5635 ns/op

WorkloadWarmup   1: 65536 op, 779576848.00 ns, 11.8954 us/op
WorkloadWarmup   2: 65536 op, 774946775.00 ns, 11.8247 us/op
WorkloadWarmup   3: 65536 op, 766990076.00 ns, 11.7033 us/op

// BeforeActualRun
WorkloadActual   1: 65536 op, 775128955.00 ns, 11.8275 us/op
WorkloadActual   2: 65536 op, 768864432.00 ns, 11.7319 us/op
WorkloadActual   3: 65536 op, 768989275.00 ns, 11.7338 us/op

// AfterActualRun
WorkloadResult   1: 65536 op, 774892794.00 ns, 11.8239 us/op
WorkloadResult   2: 65536 op, 768628271.00 ns, 11.7283 us/op
WorkloadResult   3: 65536 op, 768753114.00 ns, 11.7302 us/op
// GC:  17 0 0 285736960 65536
// Threading:  0 0 65536

// AfterAll
// Benchmark Process 4432 has exited with code 0.

Mean = 11.761 μs, StdErr = 0.032 μs (0.27%), N = 3, StdDev = 0.055 μs
Min = 11.728 μs, Q1 = 11.729 μs, Median = 11.730 μs, Q3 = 11.777 μs, Max = 11.824 μs
IQR = 0.048 μs, LowerFence = 11.658 μs, UpperFence = 11.849 μs
ConfidenceInterval = [10.764 μs; 12.758 μs] (CI 99.9%), Margin = 0.997 μs (8.48% of Mean)
Skewness = 0.38, Kurtosis = 0.67, MValue = 2

// ** Remained 4 (15.4 %) benchmark(s) to run. Estimated finish 2026-09-22 20:51 (0h 0m from now) **
// **************************
// Benchmark: SpecificationEvaluatorBenchmarks.'String Include': ShortRun(IterationCount=3, LaunchCount=1, WarmupCount=3) [CriteriaCount=10]
// *** Execute ***
// Launch: 1 / 1
// Execute: dotnet Encina.Benchmarks-ShortRun-1.dll --anonymousPipes 165 166 --benchmarkName "Encina.Benchmarks.EntityFrameworkCore.SpecificationEvaluatorBenchmarks.Include_String(CriteriaCount: 10)" --job ShortRun --benchmarkId 22 in /home/runner/work/Encina/Encina/tests/Encina.BenchmarkTests/Encina.Benchmarks/bin/Release/net10.0/Encina.Benchmarks-ShortRun-1/bin/Release/net10.0
// Failed to set up high priority (Permission denied). In order to run benchmarks with high priority, make sure you have the right permissions.
// BeforeAnythingElse

// Benchmark Process Environment Information:
// BenchmarkDotNet v0.15.8
// Runtime=.NET 10.0.12 (10.0.12, 10.0.1226.42308), X64 RyuJIT x86-64-v3
// GC=Concurrent Workstation
// HardwareIntrinsics=AVX2+BMI1+BMI2+F16C+FMA+LZCNT+MOVBE,AVX,SSE3+SSSE3+SSE4.1+SSE4.2+POPCNT,X86Base+SSE+SSE2,AES+PCLMUL VectorSize=256
// Job: ShortRun(IterationCount=3, LaunchCount=1, WarmupCount=3)

OverheadJitting  1: 1 op, 243956.00 ns, 243.9560 us/op
WorkloadJitting  1: 1 op, 365261027.00 ns, 365.2610 ms/op

OverheadJitting  2: 1 op, 391.00 ns, 391.0000 ns/op
WorkloadJitting  2: 1 op, 1361632.00 ns, 1.3616 ms/op

OverheadJitting  3: 16 op, 513849.00 ns, 32.1156 us/op
WorkloadJitting  3: 16 op, 816353.00 ns, 51.0221 us/op

WorkloadPilot    1: 16 op, 305811.00 ns, 19.1132 us/op
WorkloadPilot    2: 32 op, 581907.00 ns, 18.1846 us/op
WorkloadPilot    3: 64 op, 1016347.00 ns, 15.8804 us/op
WorkloadPilot    4: 128 op, 1875922.00 ns, 14.6556 us/op
WorkloadPilot    5: 256 op, 3901282.00 ns, 15.2394 us/op
WorkloadPilot    6: 512 op, 7377170.00 ns, 14.4085 us/op
WorkloadPilot    7: 1024 op, 14780459.00 ns, 14.4340 us/op
WorkloadPilot    8: 2048 op, 28819473.00 ns, 14.0720 us/op
WorkloadPilot    9: 4096 op, 57794607.00 ns, 14.1100 us/op
WorkloadPilot   10: 8192 op, 93956978.00 ns, 11.4694 us/op
WorkloadPilot   11: 16384 op, 186542255.00 ns, 11.3856 us/op
WorkloadPilot   12: 32768 op, 375370336.00 ns, 11.4554 us/op
WorkloadPilot   13: 65536 op, 747748382.00 ns, 11.4097 us/op

OverheadWarmup   1: 65536 op, 216715.00 ns, 3.3068 ns/op
OverheadWarmup   2: 65536 op, 233375.00 ns, 3.5610 ns/op
OverheadWarmup   3: 65536 op, 235970.00 ns, 3.6006 ns/op
OverheadWarmup   4: 65536 op, 251660.00 ns, 3.8400 ns/op
OverheadWarmup   5: 65536 op, 216444.00 ns, 3.3027 ns/op
OverheadWarmup   6: 65536 op, 216494.00 ns, 3.3034 ns/op
OverheadWarmup   7: 65536 op, 216524.00 ns, 3.3039 ns/op
OverheadWarmup   8: 65536 op, 219941.00 ns, 3.3560 ns/op
OverheadWarmup   9: 65536 op, 216494.00 ns, 3.3034 ns/op

OverheadActual   1: 65536 op, 216655.00 ns, 3.3059 ns/op
OverheadActual   2: 65536 op, 216484.00 ns, 3.3033 ns/op
OverheadActual   3: 65536 op, 216585.00 ns, 3.3048 ns/op
OverheadActual   4: 65536 op, 233566.00 ns, 3.5639 ns/op
OverheadActual   5: 65536 op, 216524.00 ns, 3.3039 ns/op
OverheadActual   6: 65536 op, 216484.00 ns, 3.3033 ns/op
OverheadActual   7: 65536 op, 216524.00 ns, 3.3039 ns/op
OverheadActual   8: 65536 op, 216494.00 ns, 3.3034 ns/op
OverheadActual   9: 65536 op, 236372.00 ns, 3.6068 ns/op
OverheadActual  10: 65536 op, 234678.00 ns, 3.5809 ns/op
OverheadActual  11: 65536 op, 216475.00 ns, 3.3031 ns/op
OverheadActual  12: 65536 op, 216494.00 ns, 3.3034 ns/op
OverheadActual  13: 65536 op, 216494.00 ns, 3.3034 ns/op
OverheadActual  14: 65536 op, 216464.00 ns, 3.3030 ns/op
OverheadActual  15: 65536 op, 216504.00 ns, 3.3036 ns/op

WorkloadWarmup   1: 65536 op, 757379915.00 ns, 11.5567 us/op
WorkloadWarmup   2: 65536 op, 756707170.00 ns, 11.5464 us/op
WorkloadWarmup   3: 65536 op, 741851881.00 ns, 11.3198 us/op

// BeforeActualRun
WorkloadActual   1: 65536 op, 748750177.00 ns, 11.4250 us/op
WorkloadActual   2: 65536 op, 746287661.00 ns, 11.3874 us/op
WorkloadActual   3: 65536 op, 750189995.00 ns, 11.4470 us/op

// AfterActualRun
WorkloadResult   1: 65536 op, 748533673.00 ns, 11.4217 us/op
WorkloadResult   2: 65536 op, 746071157.00 ns, 11.3841 us/op
WorkloadResult   3: 65536 op, 749973491.00 ns, 11.4437 us/op
// GC:  17 0 0 285736960 65536
// Threading:  0 0 65536

// AfterAll
// Benchmark Process 4443 has exited with code 0.

Mean = 11.417 μs, StdErr = 0.017 μs (0.15%), N = 3, StdDev = 0.030 μs
Min = 11.384 μs, Q1 = 11.403 μs, Median = 11.422 μs, Q3 = 11.433 μs, Max = 11.444 μs
IQR = 0.030 μs, LowerFence = 11.358 μs, UpperFence = 11.477 μs
ConfidenceInterval = [10.867 μs; 11.966 μs] (CI 99.9%), Margin = 0.549 μs (4.81% of Mean)
Skewness = -0.17, Kurtosis = 0.67, MValue = 2

// ** Remained 3 (11.5 %) benchmark(s) to run. Estimated finish 2026-09-22 20:51 (0h 0m from now) **
// **************************
// Benchmark: SpecificationEvaluatorBenchmarks.'Multi-column ordering': ShortRun(IterationCount=3, LaunchCount=1, WarmupCount=3) [CriteriaCount=10]
// *** Execute ***
// Launch: 1 / 1
// Execute: dotnet Encina.Benchmarks-ShortRun-1.dll --anonymousPipes 165 166 --benchmarkName "Encina.Benchmarks.EntityFrameworkCore.SpecificationEvaluatorBenchmarks.MultiColumnOrdering(CriteriaCount: 10)" --job ShortRun --benchmarkId 23 in /home/runner/work/Encina/Encina/tests/Encina.BenchmarkTests/Encina.Benchmarks/bin/Release/net10.0/Encina.Benchmarks-ShortRun-1/bin/Release/net10.0
// Failed to set up high priority (Permission denied). In order to run benchmarks with high priority, make sure you have the right permissions.
// BeforeAnythingElse

// Benchmark Process Environment Information:
// BenchmarkDotNet v0.15.8
// Runtime=.NET 10.0.12 (10.0.12, 10.0.1226.42308), X64 RyuJIT x86-64-v3
// GC=Concurrent Workstation
// HardwareIntrinsics=AVX2+BMI1+BMI2+F16C+FMA+LZCNT+MOVBE,AVX,SSE3+SSSE3+SSE4.1+SSE4.2+POPCNT,X86Base+SSE+SSE2,AES+PCLMUL VectorSize=256
// Job: ShortRun(IterationCount=3, LaunchCount=1, WarmupCount=3)

OverheadJitting  1: 1 op, 265215.00 ns, 265.2150 us/op
WorkloadJitting  1: 1 op, 375277769.00 ns, 375.2778 ms/op

OverheadJitting  2: 1 op, 611.00 ns, 611.0000 ns/op
WorkloadJitting  2: 1 op, 1438265.00 ns, 1.4383 ms/op

OverheadJitting  3: 16 op, 512987.00 ns, 32.0617 us/op
WorkloadJitting  3: 16 op, 1194730.00 ns, 74.6706 us/op

WorkloadPilot    1: 16 op, 705787.00 ns, 44.1117 us/op
WorkloadPilot    2: 32 op, 1159133.00 ns, 36.2229 us/op
WorkloadPilot    3: 64 op, 2156656.00 ns, 33.6978 us/op
WorkloadPilot    4: 128 op, 4270802.00 ns, 33.3656 us/op
WorkloadPilot    5: 256 op, 8183645.00 ns, 31.9674 us/op
WorkloadPilot    6: 512 op, 15735180.00 ns, 30.7328 us/op
WorkloadPilot    7: 1024 op, 30004785.00 ns, 29.3015 us/op
WorkloadPilot    8: 2048 op, 59909345.00 ns, 29.2526 us/op
WorkloadPilot    9: 4096 op, 106774401.00 ns, 26.0680 us/op
WorkloadPilot   10: 8192 op, 210056112.00 ns, 25.6416 us/op
WorkloadPilot   11: 16384 op, 409423263.00 ns, 24.9892 us/op
WorkloadPilot   12: 32768 op, 820505568.00 ns, 25.0398 us/op

OverheadWarmup   1: 32768 op, 141654.00 ns, 4.3229 ns/op
OverheadWarmup   2: 32768 op, 127969.00 ns, 3.9053 ns/op
OverheadWarmup   3: 32768 op, 127358.00 ns, 3.8867 ns/op
OverheadWarmup   4: 32768 op, 117410.00 ns, 3.5831 ns/op
OverheadWarmup   5: 32768 op, 140663.00 ns, 4.2927 ns/op
OverheadWarmup   6: 32768 op, 124903.00 ns, 3.8117 ns/op
OverheadWarmup   7: 32768 op, 124673.00 ns, 3.8047 ns/op
OverheadWarmup   8: 32768 op, 125183.00 ns, 3.8203 ns/op
OverheadWarmup   9: 32768 op, 125154.00 ns, 3.8194 ns/op

OverheadActual   1: 32768 op, 130523.00 ns, 3.9832 ns/op
OverheadActual   2: 32768 op, 125935.00 ns, 3.8432 ns/op
OverheadActual   3: 32768 op, 130093.00 ns, 3.9701 ns/op
OverheadActual   4: 32768 op, 124973.00 ns, 3.8139 ns/op
OverheadActual   5: 32768 op, 128139.00 ns, 3.9105 ns/op
OverheadActual   6: 32768 op, 136194.00 ns, 4.1563 ns/op
OverheadActual   7: 32768 op, 123832.00 ns, 3.7791 ns/op
OverheadActual   8: 32768 op, 124953.00 ns, 3.8133 ns/op
OverheadActual   9: 32768 op, 124763.00 ns, 3.8075 ns/op
OverheadActual  10: 32768 op, 124403.00 ns, 3.7965 ns/op
OverheadActual  11: 32768 op, 128089.00 ns, 3.9090 ns/op
OverheadActual  12: 32768 op, 122940.00 ns, 3.7518 ns/op
OverheadActual  13: 32768 op, 127498.00 ns, 3.8909 ns/op
OverheadActual  14: 32768 op, 128791.00 ns, 3.9304 ns/op
OverheadActual  15: 32768 op, 128700.00 ns, 3.9276 ns/op

WorkloadWarmup   1: 32768 op, 838558817.00 ns, 25.5908 us/op
WorkloadWarmup   2: 32768 op, 837862427.00 ns, 25.5695 us/op
WorkloadWarmup   3: 32768 op, 826258517.00 ns, 25.2154 us/op

// BeforeActualRun
WorkloadActual   1: 32768 op, 833093586.00 ns, 25.4240 us/op
WorkloadActual   2: 32768 op, 833268303.00 ns, 25.4293 us/op
WorkloadActual   3: 32768 op, 839271095.00 ns, 25.6125 us/op

// AfterActualRun
WorkloadResult   1: 32768 op, 832966088.00 ns, 25.4201 us/op
WorkloadResult   2: 32768 op, 833140805.00 ns, 25.4254 us/op
WorkloadResult   3: 32768 op, 839143597.00 ns, 25.6086 us/op
// GC:  17 0 0 294387712 32768
// Threading:  0 0 32768

// AfterAll
// Benchmark Process 4453 has exited with code 0.

Mean = 25.485 μs, StdErr = 0.062 μs (0.24%), N = 3, StdDev = 0.107 μs
Min = 25.420 μs, Q1 = 25.423 μs, Median = 25.425 μs, Q3 = 25.517 μs, Max = 25.609 μs
IQR = 0.094 μs, LowerFence = 25.281 μs, UpperFence = 25.658 μs
ConfidenceInterval = [23.526 μs; 27.443 μs] (CI 99.9%), Margin = 1.958 μs (7.68% of Mean)
Skewness = 0.38, Kurtosis = 0.67, MValue = 2

// ** Remained 2 (7.7 %) benchmark(s) to run. Estimated finish 2026-09-22 20:51 (0h 0m from now) **
// **************************
// Benchmark: SpecificationEvaluatorBenchmarks.'Offset pagination (Skip/Take)': ShortRun(IterationCount=3, LaunchCount=1, WarmupCount=3) [CriteriaCount=10]
// *** Execute ***
// Launch: 1 / 1
// Execute: dotnet Encina.Benchmarks-ShortRun-1.dll --anonymousPipes 165 166 --benchmarkName "Encina.Benchmarks.EntityFrameworkCore.SpecificationEvaluatorBenchmarks.OffsetPagination(CriteriaCount: 10)" --job ShortRun --benchmarkId 24 in /home/runner/work/Encina/Encina/tests/Encina.BenchmarkTests/Encina.Benchmarks/bin/Release/net10.0/Encina.Benchmarks-ShortRun-1/bin/Release/net10.0
// Failed to set up high priority (Permission denied). In order to run benchmarks with high priority, make sure you have the right permissions.
// BeforeAnythingElse

// Benchmark Process Environment Information:
// BenchmarkDotNet v0.15.8
// Runtime=.NET 10.0.12 (10.0.12, 10.0.1226.42308), X64 RyuJIT x86-64-v3
// GC=Concurrent Workstation
// HardwareIntrinsics=AVX2+BMI1+BMI2+F16C+FMA+LZCNT+MOVBE,AVX,SSE3+SSSE3+SSE4.1+SSE4.2+POPCNT,X86Base+SSE+SSE2,AES+PCLMUL VectorSize=256
// Job: ShortRun(IterationCount=3, LaunchCount=1, WarmupCount=3)

OverheadJitting  1: 1 op, 259635.00 ns, 259.6350 us/op
WorkloadJitting  1: 1 op, 382288629.00 ns, 382.2886 ms/op

OverheadJitting  2: 1 op, 271.00 ns, 271.0000 ns/op
WorkloadJitting  2: 1 op, 1884016.00 ns, 1.8840 ms/op

OverheadJitting  3: 16 op, 480246.00 ns, 30.0154 us/op
WorkloadJitting  3: 16 op, 1286031.00 ns, 80.3769 us/op

WorkloadPilot    1: 16 op, 726005.00 ns, 45.3753 us/op
WorkloadPilot    2: 32 op, 1369195.00 ns, 42.7873 us/op
WorkloadPilot    3: 64 op, 2768307.00 ns, 43.2548 us/op
WorkloadPilot    4: 128 op, 4905186.00 ns, 38.3218 us/op
WorkloadPilot    5: 256 op, 9470937.00 ns, 36.9958 us/op
WorkloadPilot    6: 512 op, 18654199.00 ns, 36.4340 us/op
WorkloadPilot    7: 1024 op, 37283541.00 ns, 36.4097 us/op
WorkloadPilot    8: 2048 op, 70878116.00 ns, 34.6085 us/op
WorkloadPilot    9: 4096 op, 120511063.00 ns, 29.4216 us/op
WorkloadPilot   10: 8192 op, 242228297.00 ns, 29.5689 us/op
WorkloadPilot   11: 16384 op, 483520687.00 ns, 29.5118 us/op
WorkloadPilot   12: 32768 op, 969175249.00 ns, 29.5769 us/op

OverheadWarmup   1: 32768 op, 108112.00 ns, 3.2993 ns/op
OverheadWarmup   2: 32768 op, 143728.00 ns, 4.3862 ns/op
OverheadWarmup   3: 32768 op, 108002.00 ns, 3.2960 ns/op
OverheadWarmup   4: 32768 op, 107951.00 ns, 3.2944 ns/op
OverheadWarmup   5: 32768 op, 108031.00 ns, 3.2968 ns/op
OverheadWarmup   6: 32768 op, 107921.00 ns, 3.2935 ns/op

OverheadActual   1: 32768 op, 107931.00 ns, 3.2938 ns/op
OverheadActual   2: 32768 op, 107932.00 ns, 3.2938 ns/op
OverheadActual   3: 32768 op, 107952.00 ns, 3.2944 ns/op
OverheadActual   4: 32768 op, 107902.00 ns, 3.2929 ns/op
OverheadActual   5: 32768 op, 127137.00 ns, 3.8799 ns/op
OverheadActual   6: 32768 op, 107871.00 ns, 3.2920 ns/op
OverheadActual   7: 32768 op, 107902.00 ns, 3.2929 ns/op
OverheadActual   8: 32768 op, 107902.00 ns, 3.2929 ns/op
OverheadActual   9: 32768 op, 107881.00 ns, 3.2923 ns/op
OverheadActual  10: 32768 op, 107901.00 ns, 3.2929 ns/op
OverheadActual  11: 32768 op, 107871.00 ns, 3.2920 ns/op
OverheadActual  12: 32768 op, 107891.00 ns, 3.2926 ns/op
OverheadActual  13: 32768 op, 107911.00 ns, 3.2932 ns/op
OverheadActual  14: 32768 op, 140091.00 ns, 4.2752 ns/op
OverheadActual  15: 32768 op, 107911.00 ns, 3.2932 ns/op

WorkloadWarmup   1: 32768 op, 987947599.00 ns, 30.1498 us/op
WorkloadWarmup   2: 32768 op, 983971587.00 ns, 30.0284 us/op
WorkloadWarmup   3: 32768 op, 964892384.00 ns, 29.4462 us/op

// BeforeActualRun
WorkloadActual   1: 32768 op, 957437890.00 ns, 29.2187 us/op
WorkloadActual   2: 32768 op, 960378950.00 ns, 29.3084 us/op
WorkloadActual   3: 32768 op, 957944366.00 ns, 29.2341 us/op

// AfterActualRun
WorkloadResult   1: 32768 op, 957329988.00 ns, 29.2154 us/op
WorkloadResult   2: 32768 op, 960271048.00 ns, 29.3051 us/op
WorkloadResult   3: 32768 op, 957836464.00 ns, 29.2308 us/op
// GC:  18 0 0 314052160 32768
// Threading:  0 0 32768

// AfterAll
// Benchmark Process 4468 has exited with code 0.

Mean = 29.250 μs, StdErr = 0.028 μs (0.09%), N = 3, StdDev = 0.048 μs
Min = 29.215 μs, Q1 = 29.223 μs, Median = 29.231 μs, Q3 = 29.268 μs, Max = 29.305 μs
IQR = 0.045 μs, LowerFence = 29.156 μs, UpperFence = 29.335 μs
ConfidenceInterval = [28.375 μs; 30.126 μs] (CI 99.9%), Margin = 0.875 μs (2.99% of Mean)
Skewness = 0.34, Kurtosis = 0.67, MValue = 2

// ** Remained 1 (3.8 %) benchmark(s) to run. Estimated finish 2026-09-22 20:51 (0h 0m from now) **
// **************************
// Benchmark: SpecificationEvaluatorBenchmarks.'Full specification (all features)': ShortRun(IterationCount=3, LaunchCount=1, WarmupCount=3) [CriteriaCount=10]
// *** Execute ***
// Launch: 1 / 1
// Execute: dotnet Encina.Benchmarks-ShortRun-1.dll --anonymousPipes 165 166 --benchmarkName "Encina.Benchmarks.EntityFrameworkCore.SpecificationEvaluatorBenchmarks.FullSpecification_AllFeatures(CriteriaCount: 10)" --job ShortRun --benchmarkId 25 in /home/runner/work/Encina/Encina/tests/Encina.BenchmarkTests/Encina.Benchmarks/bin/Release/net10.0/Encina.Benchmarks-ShortRun-1/bin/Release/net10.0
// Failed to set up high priority (Permission denied). In order to run benchmarks with high priority, make sure you have the right permissions.
// BeforeAnythingElse

// Benchmark Process Environment Information:
// BenchmarkDotNet v0.15.8
// Runtime=.NET 10.0.12 (10.0.12, 10.0.1226.42308), X64 RyuJIT x86-64-v3
// GC=Concurrent Workstation
// HardwareIntrinsics=AVX2+BMI1+BMI2+F16C+FMA+LZCNT+MOVBE,AVX,SSE3+SSSE3+SSE4.1+SSE4.2+POPCNT,X86Base+SSE+SSE2,AES+PCLMUL VectorSize=256
// Job: ShortRun(IterationCount=3, LaunchCount=1, WarmupCount=3)

OverheadJitting  1: 1 op, 238305.00 ns, 238.3050 us/op
WorkloadJitting  1: 1 op, 429363406.00 ns, 429.3634 ms/op

OverheadJitting  2: 1 op, 401.00 ns, 401.0000 ns/op
WorkloadJitting  2: 1 op, 3628082.00 ns, 3.6281 ms/op

OverheadJitting  3: 16 op, 522035.00 ns, 32.6272 us/op
WorkloadJitting  3: 16 op, 2527598.00 ns, 157.9749 us/op

WorkloadPilot    1: 16 op, 1947635.00 ns, 121.7272 us/op
WorkloadPilot    2: 32 op, 3406839.00 ns, 106.4637 us/op
WorkloadPilot    3: 64 op, 6862088.00 ns, 107.2201 us/op
WorkloadPilot    4: 128 op, 13538952.00 ns, 105.7731 us/op
WorkloadPilot    5: 256 op, 27182388.00 ns, 106.1812 us/op
WorkloadPilot    6: 512 op, 55369652.00 ns, 108.1439 us/op
WorkloadPilot    7: 1024 op, 98143283.00 ns, 95.8430 us/op
WorkloadPilot    8: 2048 op, 180638358.00 ns, 88.2023 us/op
WorkloadPilot    9: 4096 op, 366612415.00 ns, 89.5050 us/op
WorkloadPilot   10: 8192 op, 733051047.00 ns, 89.4838 us/op

OverheadWarmup   1: 8192 op, 49603.00 ns, 6.0551 ns/op
OverheadWarmup   2: 8192 op, 45615.00 ns, 5.5682 ns/op
OverheadWarmup   3: 8192 op, 46076.00 ns, 5.6245 ns/op
OverheadWarmup   4: 8192 op, 48120.00 ns, 5.8740 ns/op
OverheadWarmup   5: 8192 op, 48200.00 ns, 5.8838 ns/op
OverheadWarmup   6: 8192 op, 45364.00 ns, 5.5376 ns/op
OverheadWarmup   7: 8192 op, 45405.00 ns, 5.5426 ns/op
OverheadWarmup   8: 8192 op, 48471.00 ns, 5.9169 ns/op
OverheadWarmup   9: 8192 op, 45896.00 ns, 5.6025 ns/op

OverheadActual   1: 8192 op, 45545.00 ns, 5.5597 ns/op
OverheadActual   2: 8192 op, 45966.00 ns, 5.6111 ns/op
OverheadActual   3: 8192 op, 49212.00 ns, 6.0073 ns/op
OverheadActual   4: 8192 op, 48361.00 ns, 5.9034 ns/op
OverheadActual   5: 8192 op, 45635.00 ns, 5.5707 ns/op
OverheadActual   6: 8192 op, 45825.00 ns, 5.5939 ns/op
OverheadActual   7: 8192 op, 45436.00 ns, 5.5464 ns/op
OverheadActual   8: 8192 op, 47899.00 ns, 5.8470 ns/op
OverheadActual   9: 8192 op, 47689.00 ns, 5.8214 ns/op
OverheadActual  10: 8192 op, 45415.00 ns, 5.5438 ns/op
OverheadActual  11: 8192 op, 47709.00 ns, 5.8239 ns/op
OverheadActual  12: 8192 op, 49021.00 ns, 5.9840 ns/op
OverheadActual  13: 8192 op, 46196.00 ns, 5.6392 ns/op
OverheadActual  14: 8192 op, 39613.00 ns, 4.8356 ns/op
OverheadActual  15: 8192 op, 60783.00 ns, 7.4198 ns/op
OverheadActual  16: 8192 op, 41628.00 ns, 5.0815 ns/op
OverheadActual  17: 8192 op, 38993.00 ns, 4.7599 ns/op
OverheadActual  18: 8192 op, 39213.00 ns, 4.7867 ns/op
OverheadActual  19: 8192 op, 38411.00 ns, 4.6888 ns/op
OverheadActual  20: 8192 op, 38622.00 ns, 4.7146 ns/op

WorkloadWarmup   1: 8192 op, 743989454.00 ns, 90.8190 us/op
WorkloadWarmup   2: 8192 op, 738598732.00 ns, 90.1610 us/op
WorkloadWarmup   3: 8192 op, 728683023.00 ns, 88.9506 us/op

// BeforeActualRun
WorkloadActual   1: 8192 op, 730171673.00 ns, 89.1323 us/op
WorkloadActual   2: 8192 op, 724704647.00 ns, 88.4649 us/op
WorkloadActual   3: 8192 op, 725526248.00 ns, 88.5652 us/op

// AfterActualRun
WorkloadResult   1: 8192 op, 730125943.00 ns, 89.1267 us/op
WorkloadResult   2: 8192 op, 724658917.00 ns, 88.4593 us/op
WorkloadResult   3: 8192 op, 725480518.00 ns, 88.5596 us/op
// GC:  9 0 0 166791040 8192
// Threading:  0 0 8192

// AfterAll
// Benchmark Process 4478 has exited with code 0.

Mean = 88.715 μs, StdErr = 0.208 μs (0.23%), N = 3, StdDev = 0.360 μs
Min = 88.459 μs, Q1 = 88.509 μs, Median = 88.560 μs, Q3 = 88.843 μs, Max = 89.127 μs
IQR = 0.334 μs, LowerFence = 88.009 μs, UpperFence = 89.344 μs
ConfidenceInterval = [82.150 μs; 95.280 μs] (CI 99.9%), Margin = 6.565 μs (7.40% of Mean)
Skewness = 0.35, Kurtosis = 0.67, MValue = 2

// ** Remained 0 (0.0 %) benchmark(s) to run. Estimated finish 2026-09-22 20:51 (0h 0m from now) **
// ***** BenchmarkRunner: Finish  *****

// * Export *
  artifacts/performance/Core/results/Encina.Benchmarks.EntityFrameworkCore.SpecificationEvaluatorBenchmarks-report.csv
  artifacts/performance/Core/results/Encina.Benchmarks.EntityFrameworkCore.SpecificationEvaluatorBenchmarks-report-github.md
  artifacts/performance/Core/results/Encina.Benchmarks.EntityFrameworkCore.SpecificationEvaluatorBenchmarks-report.html
  artifacts/performance/Core/results/Encina.Benchmarks.EntityFrameworkCore.SpecificationEvaluatorBenchmarks-report-full-compressed.json
  artifacts/performance/Core/results/Encina.Benchmarks.EntityFrameworkCore.SpecificationEvaluatorBenchmarks-report-default.md

// * Detailed results *
SpecificationEvaluatorBenchmarks.'Simple Where (single criterion)': ShortRun(IterationCount=3, LaunchCount=1, WarmupCount=3) [CriteriaCount=2]
Runtime = .NET 10.0.12 (10.0.12, 10.0.1226.42308), X64 RyuJIT x86-64-v3; GC = Concurrent Workstation
Mean = 22.387 μs, StdErr = 0.083 μs (0.37%), N = 3, StdDev = 0.144 μs
Min = 22.231 μs, Q1 = 22.323 μs, Median = 22.415 μs, Q3 = 22.465 μs, Max = 22.516 μs
IQR = 0.143 μs, LowerFence = 22.109 μs, UpperFence = 22.679 μs
ConfidenceInterval = [19.751 μs; 25.023 μs] (CI 99.9%), Margin = 2.636 μs (11.77% of Mean)
Skewness = -0.18, Kurtosis = 0.67, MValue = 2
-------------------- Histogram --------------------
[22.100 μs ; 22.648 μs) | @@@
---------------------------------------------------

SpecificationEvaluatorBenchmarks.'Direct LINQ Where (baseline)': ShortRun(IterationCount=3, LaunchCount=1, WarmupCount=3) [CriteriaCount=2]
Runtime = .NET 10.0.12 (10.0.12, 10.0.1226.42308), X64 RyuJIT x86-64-v3; GC = Concurrent Workstation
Mean = 17.860 μs, StdErr = 0.117 μs (0.65%), N = 3, StdDev = 0.202 μs
Min = 17.723 μs, Q1 = 17.744 μs, Median = 17.766 μs, Q3 = 17.929 μs, Max = 18.092 μs
IQR = 0.185 μs, LowerFence = 17.467 μs, UpperFence = 18.206 μs
ConfidenceInterval = [14.178 μs; 21.542 μs] (CI 99.9%), Margin = 3.682 μs (20.62% of Mean)
Skewness = 0.36, Kurtosis = 0.67, MValue = 2
-------------------- Histogram --------------------
[17.539 μs ; 18.276 μs) | @@@
---------------------------------------------------

SpecificationEvaluatorBenchmarks.'Complex predicates (parameterized)': ShortRun(IterationCount=3, LaunchCount=1, WarmupCount=3) [CriteriaCount=2]
Runtime = .NET 10.0.12 (10.0.12, 10.0.1226.42308), X64 RyuJIT x86-64-v3; GC = Concurrent Workstation
Mean = 23.545 μs, StdErr = 0.047 μs (0.20%), N = 3, StdDev = 0.081 μs
Min = 23.485 μs, Q1 = 23.499 μs, Median = 23.513 μs, Q3 = 23.575 μs, Max = 23.638 μs
IQR = 0.077 μs, LowerFence = 23.384 μs, UpperFence = 23.690 μs
ConfidenceInterval = [22.058 μs; 25.032 μs] (CI 99.9%), Margin = 1.487 μs (6.31% of Mean)
Skewness = 0.33, Kurtosis = 0.67, MValue = 2
-------------------- Histogram --------------------
[23.411 μs ; 23.712 μs) | @@@
---------------------------------------------------

SpecificationEvaluatorBenchmarks.'Two criteria (AND)': ShortRun(IterationCount=3, LaunchCount=1, WarmupCount=3) [CriteriaCount=2]
Runtime = .NET 10.0.12 (10.0.12, 10.0.1226.42308), X64 RyuJIT x86-64-v3; GC = Concurrent Workstation
Mean = 23.590 μs, StdErr = 0.051 μs (0.21%), N = 3, StdDev = 0.088 μs
Min = 23.530 μs, Q1 = 23.540 μs, Median = 23.551 μs, Q3 = 23.621 μs, Max = 23.691 μs
IQR = 0.081 μs, LowerFence = 23.419 μs, UpperFence = 23.742 μs
ConfidenceInterval = [21.993 μs; 25.187 μs] (CI 99.9%), Margin = 1.597 μs (6.77% of Mean)
Skewness = 0.36, Kurtosis = 0.67, MValue = 2
-------------------- Histogram --------------------
[23.450 μs ; 23.770 μs) | @@@
---------------------------------------------------

SpecificationEvaluatorBenchmarks.'Five criteria (AND)': ShortRun(IterationCount=3, LaunchCount=1, WarmupCount=3) [CriteriaCount=2]
Runtime = .NET 10.0.12 (10.0.12, 10.0.1226.42308), X64 RyuJIT x86-64-v3; GC = Concurrent Workstation
Mean = 51.112 μs, StdErr = 0.092 μs (0.18%), N = 3, StdDev = 0.159 μs
Min = 51.015 μs, Q1 = 51.020 μs, Median = 51.026 μs, Q3 = 51.161 μs, Max = 51.296 μs
IQR = 0.141 μs, LowerFence = 50.809 μs, UpperFence = 51.372 μs
ConfidenceInterval = [48.202 μs; 54.022 μs] (CI 99.9%), Margin = 2.910 μs (5.69% of Mean)
Skewness = 0.38, Kurtosis = 0.67, MValue = 2
-------------------- Histogram --------------------
[51.010 μs ; 51.301 μs) | @@@
---------------------------------------------------

SpecificationEvaluatorBenchmarks.'Ten criteria (AND)': ShortRun(IterationCount=3, LaunchCount=1, WarmupCount=3) [CriteriaCount=2]
Runtime = .NET 10.0.12 (10.0.12, 10.0.1226.42308), X64 RyuJIT x86-64-v3; GC = Concurrent Workstation
Mean = 87.177 μs, StdErr = 0.170 μs (0.19%), N = 3, StdDev = 0.294 μs
Min = 86.946 μs, Q1 = 87.011 μs, Median = 87.076 μs, Q3 = 87.292 μs, Max = 87.508 μs
IQR = 0.281 μs, LowerFence = 86.590 μs, UpperFence = 87.713 μs
ConfidenceInterval = [81.813 μs; 92.540 μs] (CI 99.9%), Margin = 5.364 μs (6.15% of Mean)
Skewness = 0.3, Kurtosis = 0.67, MValue = 2
-------------------- Histogram --------------------
[86.678 μs ; 87.775 μs) | @@@
---------------------------------------------------

SpecificationEvaluatorBenchmarks.'Keyset pagination': ShortRun(IterationCount=3, LaunchCount=1, WarmupCount=3) [CriteriaCount=2]
Runtime = .NET 10.0.12 (10.0.12, 10.0.1226.42308), X64 RyuJIT x86-64-v3; GC = Concurrent Workstation
Mean = 40.158 μs, StdErr = 0.145 μs (0.36%), N = 3, StdDev = 0.251 μs
Min = 39.952 μs, Q1 = 40.018 μs, Median = 40.085 μs, Q3 = 40.262 μs, Max = 40.438 μs
IQR = 0.243 μs, LowerFence = 39.654 μs, UpperFence = 40.626 μs
ConfidenceInterval = [35.572 μs; 44.744 μs] (CI 99.9%), Margin = 4.586 μs (11.42% of Mean)
Skewness = 0.27, Kurtosis = 0.67, MValue = 2
-------------------- Histogram --------------------
[39.723 μs ; 40.667 μs) | @@@
---------------------------------------------------

SpecificationEvaluatorBenchmarks.'Keyset pagination (fresh cursor)': ShortRun(IterationCount=3, LaunchCount=1, WarmupCount=3) [CriteriaCount=2]
Runtime = .NET 10.0.12 (10.0.12, 10.0.1226.42308), X64 RyuJIT x86-64-v3; GC = Concurrent Workstation
Mean = 3.939 ms, StdErr = 0.006 ms (0.15%), N = 3, StdDev = 0.010 ms
Min = 3.931 ms, Q1 = 3.933 ms, Median = 3.936 ms, Q3 = 3.943 ms, Max = 3.951 ms
IQR = 0.010 ms, LowerFence = 3.918 ms, UpperFence = 3.958 ms
ConfidenceInterval = [3.750 ms; 4.128 ms] (CI 99.9%), Margin = 0.189 ms (4.80% of Mean)
Skewness = 0.29, Kurtosis = 0.67, MValue = 2
-------------------- Histogram --------------------
[3.922 ms ; 3.960 ms) | @@@
---------------------------------------------------

SpecificationEvaluatorBenchmarks.'Lambda Include': ShortRun(IterationCount=3, LaunchCount=1, WarmupCount=3) [CriteriaCount=2]
Runtime = .NET 10.0.12 (10.0.12, 10.0.1226.42308), X64 RyuJIT x86-64-v3; GC = Concurrent Workstation
Mean = 11.500 μs, StdErr = 0.017 μs (0.15%), N = 3, StdDev = 0.029 μs
Min = 11.471 μs, Q1 = 11.485 μs, Median = 11.499 μs, Q3 = 11.514 μs, Max = 11.529 μs
IQR = 0.029 μs, LowerFence = 11.441 μs, UpperFence = 11.558 μs
ConfidenceInterval = [10.964 μs; 12.036 μs] (CI 99.9%), Margin = 0.536 μs (4.66% of Mean)
Skewness = 0.02, Kurtosis = 0.67, MValue = 2
-------------------- Histogram --------------------
[11.444 μs ; 11.556 μs) | @@@
---------------------------------------------------

SpecificationEvaluatorBenchmarks.'String Include': ShortRun(IterationCount=3, LaunchCount=1, WarmupCount=3) [CriteriaCount=2]
Runtime = .NET 10.0.12 (10.0.12, 10.0.1226.42308), X64 RyuJIT x86-64-v3; GC = Concurrent Workstation
Mean = 11.489 μs, StdErr = 0.017 μs (0.15%), N = 3, StdDev = 0.029 μs
Min = 11.456 μs, Q1 = 11.478 μs, Median = 11.500 μs, Q3 = 11.505 μs, Max = 11.510 μs
IQR = 0.027 μs, LowerFence = 11.437 μs, UpperFence = 11.546 μs
ConfidenceInterval = [10.961 μs; 12.016 μs] (CI 99.9%), Margin = 0.528 μs (4.59% of Mean)
Skewness = -0.34, Kurtosis = 0.67, MValue = 2
-------------------- Histogram --------------------
[11.429 μs ; 11.536 μs) | @@@
---------------------------------------------------

SpecificationEvaluatorBenchmarks.'Multi-column ordering': ShortRun(IterationCount=3, LaunchCount=1, WarmupCount=3) [CriteriaCount=2]
Runtime = .NET 10.0.12 (10.0.12, 10.0.1226.42308), X64 RyuJIT x86-64-v3; GC = Concurrent Workstation
Mean = 25.281 μs, StdErr = 0.045 μs (0.18%), N = 3, StdDev = 0.077 μs
Min = 25.210 μs, Q1 = 25.240 μs, Median = 25.271 μs, Q3 = 25.317 μs, Max = 25.364 μs
IQR = 0.077 μs, LowerFence = 25.125 μs, UpperFence = 25.433 μs
ConfidenceInterval = [23.868 μs; 26.695 μs] (CI 99.9%), Margin = 1.414 μs (5.59% of Mean)
Skewness = 0.13, Kurtosis = 0.67, MValue = 2
-------------------- Histogram --------------------
[25.139 μs ; 25.434 μs) | @@@
---------------------------------------------------

SpecificationEvaluatorBenchmarks.'Offset pagination (Skip/Take)': ShortRun(IterationCount=3, LaunchCount=1, WarmupCount=3) [CriteriaCount=2]
Runtime = .NET 10.0.12 (10.0.12, 10.0.1226.42308), X64 RyuJIT x86-64-v3; GC = Concurrent Workstation
Mean = 30.766 μs, StdErr = 0.058 μs (0.19%), N = 3, StdDev = 0.101 μs
Min = 30.656 μs, Q1 = 30.721 μs, Median = 30.786 μs, Q3 = 30.820 μs, Max = 30.855 μs
IQR = 0.099 μs, LowerFence = 30.572 μs, UpperFence = 30.969 μs
ConfidenceInterval = [28.924 μs; 32.607 μs] (CI 99.9%), Margin = 1.841 μs (5.99% of Mean)
Skewness = -0.2, Kurtosis = 0.67, MValue = 2
-------------------- Histogram --------------------
[30.564 μs ; 30.946 μs) | @@@
---------------------------------------------------

SpecificationEvaluatorBenchmarks.'Full specification (all features)': ShortRun(IterationCount=3, LaunchCount=1, WarmupCount=3) [CriteriaCount=2]
Runtime = .NET 10.0.12 (10.0.12, 10.0.1226.42308), X64 RyuJIT x86-64-v3; GC = Concurrent Workstation
Mean = 88.950 μs, StdErr = 0.456 μs (0.51%), N = 3, StdDev = 0.791 μs
Min = 88.319 μs, Q1 = 88.507 μs, Median = 88.695 μs, Q3 = 89.266 μs, Max = 89.837 μs
IQR = 0.759 μs, LowerFence = 87.368 μs, UpperFence = 90.404 μs
ConfidenceInterval = [74.525 μs; 103.375 μs] (CI 99.9%), Margin = 14.425 μs (16.22% of Mean)
Skewness = 0.29, Kurtosis = 0.67, MValue = 2
-------------------- Histogram --------------------
[87.599 μs ; 90.557 μs) | @@@
---------------------------------------------------

SpecificationEvaluatorBenchmarks.'Simple Where (single criterion)': ShortRun(IterationCount=3, LaunchCount=1, WarmupCount=3) [CriteriaCount=10]
Runtime = .NET 10.0.12 (10.0.12, 10.0.1226.42308), X64 RyuJIT x86-64-v3; GC = Concurrent Workstation
Mean = 22.684 μs, StdErr = 0.025 μs (0.11%), N = 3, StdDev = 0.043 μs
Min = 22.639 μs, Q1 = 22.663 μs, Median = 22.687 μs, Q3 = 22.706 μs, Max = 22.726 μs
IQR = 0.043 μs, LowerFence = 22.599 μs, UpperFence = 22.771 μs
ConfidenceInterval = [21.896 μs; 23.473 μs] (CI 99.9%), Margin = 0.789 μs (3.48% of Mean)
Skewness = -0.07, Kurtosis = 0.67, MValue = 2
-------------------- Histogram --------------------
[22.600 μs ; 22.765 μs) | @@@
---------------------------------------------------

SpecificationEvaluatorBenchmarks.'Direct LINQ Where (baseline)': ShortRun(IterationCount=3, LaunchCount=1, WarmupCount=3) [CriteriaCount=10]
Runtime = .NET 10.0.12 (10.0.12, 10.0.1226.42308), X64 RyuJIT x86-64-v3; GC = Concurrent Workstation
Mean = 18.444 μs, StdErr = 0.039 μs (0.21%), N = 3, StdDev = 0.067 μs
Min = 18.390 μs, Q1 = 18.407 μs, Median = 18.424 μs, Q3 = 18.471 μs, Max = 18.519 μs
IQR = 0.064 μs, LowerFence = 18.311 μs, UpperFence = 18.568 μs
ConfidenceInterval = [17.227 μs; 19.661 μs] (CI 99.9%), Margin = 1.217 μs (6.60% of Mean)
Skewness = 0.28, Kurtosis = 0.67, MValue = 2
-------------------- Histogram --------------------
[18.329 μs ; 18.580 μs) | @@@
---------------------------------------------------

SpecificationEvaluatorBenchmarks.'Complex predicates (parameterized)': ShortRun(IterationCount=3, LaunchCount=1, WarmupCount=3) [CriteriaCount=10]
Runtime = .NET 10.0.12 (10.0.12, 10.0.1226.42308), X64 RyuJIT x86-64-v3; GC = Concurrent Workstation
Mean = 87.617 μs, StdErr = 0.282 μs (0.32%), N = 3, StdDev = 0.489 μs
Min = 87.307 μs, Q1 = 87.335 μs, Median = 87.363 μs, Q3 = 87.772 μs, Max = 88.180 μs
IQR = 0.436 μs, LowerFence = 86.681 μs, UpperFence = 88.426 μs
ConfidenceInterval = [78.702 μs; 96.532 μs] (CI 99.9%), Margin = 8.915 μs (10.18% of Mean)
Skewness = 0.38, Kurtosis = 0.67, MValue = 2
-------------------- Histogram --------------------
[87.299 μs ; 88.189 μs) | @@@
---------------------------------------------------

SpecificationEvaluatorBenchmarks.'Two criteria (AND)': ShortRun(IterationCount=3, LaunchCount=1, WarmupCount=3) [CriteriaCount=10]
Runtime = .NET 10.0.12 (10.0.12, 10.0.1226.42308), X64 RyuJIT x86-64-v3; GC = Concurrent Workstation
Mean = 24.396 μs, StdErr = 0.083 μs (0.34%), N = 3, StdDev = 0.144 μs
Min = 24.234 μs, Q1 = 24.340 μs, Median = 24.445 μs, Q3 = 24.477 μs, Max = 24.508 μs
IQR = 0.137 μs, LowerFence = 24.134 μs, UpperFence = 24.683 μs
ConfidenceInterval = [21.774 μs; 27.018 μs] (CI 99.9%), Margin = 2.622 μs (10.75% of Mean)
Skewness = -0.3, Kurtosis = 0.67, MValue = 2
-------------------- Histogram --------------------
[24.232 μs ; 24.639 μs) | @@@
---------------------------------------------------

SpecificationEvaluatorBenchmarks.'Five criteria (AND)': ShortRun(IterationCount=3, LaunchCount=1, WarmupCount=3) [CriteriaCount=10]
Runtime = .NET 10.0.12 (10.0.12, 10.0.1226.42308), X64 RyuJIT x86-64-v3; GC = Concurrent Workstation
Mean = 50.609 μs, StdErr = 0.190 μs (0.37%), N = 3, StdDev = 0.329 μs
Min = 50.406 μs, Q1 = 50.419 μs, Median = 50.433 μs, Q3 = 50.710 μs, Max = 50.988 μs
IQR = 0.291 μs, LowerFence = 49.983 μs, UpperFence = 51.147 μs
ConfidenceInterval = [44.615 μs; 56.603 μs] (CI 99.9%), Margin = 5.994 μs (11.84% of Mean)
Skewness = 0.38, Kurtosis = 0.67, MValue = 2
-------------------- Histogram --------------------
[50.398 μs ; 50.996 μs) | @@@
---------------------------------------------------

SpecificationEvaluatorBenchmarks.'Ten criteria (AND)': ShortRun(IterationCount=3, LaunchCount=1, WarmupCount=3) [CriteriaCount=10]
Runtime = .NET 10.0.12 (10.0.12, 10.0.1226.42308), X64 RyuJIT x86-64-v3; GC = Concurrent Workstation
Mean = 88.755 μs, StdErr = 0.179 μs (0.20%), N = 3, StdDev = 0.310 μs
Min = 88.572 μs, Q1 = 88.576 μs, Median = 88.580 μs, Q3 = 88.847 μs, Max = 89.113 μs
IQR = 0.271 μs, LowerFence = 88.170 μs, UpperFence = 89.253 μs
ConfidenceInterval = [83.094 μs; 94.416 μs] (CI 99.9%), Margin = 5.661 μs (6.38% of Mean)
Skewness = 0.38, Kurtosis = 0.67, MValue = 2
-------------------- Histogram --------------------
[88.560 μs ; 89.125 μs) | @@@
---------------------------------------------------

SpecificationEvaluatorBenchmarks.'Keyset pagination': ShortRun(IterationCount=3, LaunchCount=1, WarmupCount=3) [CriteriaCount=10]
Runtime = .NET 10.0.12 (10.0.12, 10.0.1226.42308), X64 RyuJIT x86-64-v3; GC = Concurrent Workstation
Mean = 40.135 μs, StdErr = 0.066 μs (0.16%), N = 3, StdDev = 0.114 μs
Min = 40.054 μs, Q1 = 40.070 μs, Median = 40.086 μs, Q3 = 40.176 μs, Max = 40.266 μs
IQR = 0.106 μs, LowerFence = 39.911 μs, UpperFence = 40.335 μs
ConfidenceInterval = [38.050 μs; 42.220 μs] (CI 99.9%), Margin = 2.085 μs (5.20% of Mean)
Skewness = 0.35, Kurtosis = 0.67, MValue = 2
-------------------- Histogram --------------------
[39.950 μs ; 40.370 μs) | @@@
---------------------------------------------------

SpecificationEvaluatorBenchmarks.'Keyset pagination (fresh cursor)': ShortRun(IterationCount=3, LaunchCount=1, WarmupCount=3) [CriteriaCount=10]
Runtime = .NET 10.0.12 (10.0.12, 10.0.1226.42308), X64 RyuJIT x86-64-v3; GC = Concurrent Workstation
Mean = 4.017 ms, StdErr = 0.031 ms (0.76%), N = 3, StdDev = 0.053 ms
Min = 3.971 ms, Q1 = 3.988 ms, Median = 4.005 ms, Q3 = 4.040 ms, Max = 4.075 ms
IQR = 0.052 ms, LowerFence = 3.910 ms, UpperFence = 4.117 ms
ConfidenceInterval = [3.053 ms; 4.981 ms] (CI 99.9%), Margin = 0.964 ms (24.00% of Mean)
Skewness = 0.22, Kurtosis = 0.67, MValue = 2
-------------------- Histogram --------------------
[3.940 ms ; 4.036 ms) | @@
[4.036 ms ; 4.123 ms) | @
---------------------------------------------------

SpecificationEvaluatorBenchmarks.'Lambda Include': ShortRun(IterationCount=3, LaunchCount=1, WarmupCount=3) [CriteriaCount=10]
Runtime = .NET 10.0.12 (10.0.12, 10.0.1226.42308), X64 RyuJIT x86-64-v3; GC = Concurrent Workstation
Mean = 11.761 μs, StdErr = 0.032 μs (0.27%), N = 3, StdDev = 0.055 μs
Min = 11.728 μs, Q1 = 11.729 μs, Median = 11.730 μs, Q3 = 11.777 μs, Max = 11.824 μs
IQR = 0.048 μs, LowerFence = 11.658 μs, UpperFence = 11.849 μs
ConfidenceInterval = [10.764 μs; 12.758 μs] (CI 99.9%), Margin = 0.997 μs (8.48% of Mean)
Skewness = 0.38, Kurtosis = 0.67, MValue = 2
-------------------- Histogram --------------------
[11.726 μs ; 11.826 μs) | @@@
---------------------------------------------------

SpecificationEvaluatorBenchmarks.'String Include': ShortRun(IterationCount=3, LaunchCount=1, WarmupCount=3) [CriteriaCount=10]
Runtime = .NET 10.0.12 (10.0.12, 10.0.1226.42308), X64 RyuJIT x86-64-v3; GC = Concurrent Workstation
Mean = 11.417 μs, StdErr = 0.017 μs (0.15%), N = 3, StdDev = 0.030 μs
Min = 11.384 μs, Q1 = 11.403 μs, Median = 11.422 μs, Q3 = 11.433 μs, Max = 11.444 μs
IQR = 0.030 μs, LowerFence = 11.358 μs, UpperFence = 11.477 μs
ConfidenceInterval = [10.867 μs; 11.966 μs] (CI 99.9%), Margin = 0.549 μs (4.81% of Mean)
Skewness = -0.17, Kurtosis = 0.67, MValue = 2
-------------------- Histogram --------------------
[11.357 μs ; 11.471 μs) | @@@
---------------------------------------------------

SpecificationEvaluatorBenchmarks.'Multi-column ordering': ShortRun(IterationCount=3, LaunchCount=1, WarmupCount=3) [CriteriaCount=10]
Runtime = .NET 10.0.12 (10.0.12, 10.0.1226.42308), X64 RyuJIT x86-64-v3; GC = Concurrent Workstation
Mean = 25.485 μs, StdErr = 0.062 μs (0.24%), N = 3, StdDev = 0.107 μs
Min = 25.420 μs, Q1 = 25.423 μs, Median = 25.425 μs, Q3 = 25.517 μs, Max = 25.609 μs
IQR = 0.094 μs, LowerFence = 25.281 μs, UpperFence = 25.658 μs
ConfidenceInterval = [23.526 μs; 27.443 μs] (CI 99.9%), Margin = 1.958 μs (7.68% of Mean)
Skewness = 0.38, Kurtosis = 0.67, MValue = 2
-------------------- Histogram --------------------
[25.417 μs ; 25.612 μs) | @@@
---------------------------------------------------

SpecificationEvaluatorBenchmarks.'Offset pagination (Skip/Take)': ShortRun(IterationCount=3, LaunchCount=1, WarmupCount=3) [CriteriaCount=10]
Runtime = .NET 10.0.12 (10.0.12, 10.0.1226.42308), X64 RyuJIT x86-64-v3; GC = Concurrent Workstation
Mean = 29.250 μs, StdErr = 0.028 μs (0.09%), N = 3, StdDev = 0.048 μs
Min = 29.215 μs, Q1 = 29.223 μs, Median = 29.231 μs, Q3 = 29.268 μs, Max = 29.305 μs
IQR = 0.045 μs, LowerFence = 29.156 μs, UpperFence = 29.335 μs
ConfidenceInterval = [28.375 μs; 30.126 μs] (CI 99.9%), Margin = 0.875 μs (2.99% of Mean)
Skewness = 0.34, Kurtosis = 0.67, MValue = 2
-------------------- Histogram --------------------
[29.172 μs ; 29.349 μs) | @@@
---------------------------------------------------

SpecificationEvaluatorBenchmarks.'Full specification (all features)': ShortRun(IterationCount=3, LaunchCount=1, WarmupCount=3) [CriteriaCount=10]
Runtime = .NET 10.0.12 (10.0.12, 10.0.1226.42308), X64 RyuJIT x86-64-v3; GC = Concurrent Workstation
Mean = 88.715 μs, StdErr = 0.208 μs (0.23%), N = 3, StdDev = 0.360 μs
Min = 88.459 μs, Q1 = 88.509 μs, Median = 88.560 μs, Q3 = 88.843 μs, Max = 89.127 μs
IQR = 0.334 μs, LowerFence = 88.009 μs, UpperFence = 89.344 μs
ConfidenceInterval = [82.150 μs; 95.280 μs] (CI 99.9%), Margin = 6.565 μs (7.40% of Mean)
Skewness = 0.35, Kurtosis = 0.67, MValue = 2
-------------------- Histogram --------------------
[88.132 μs ; 89.454 μs) | @@@
---------------------------------------------------

// * Summary *

BenchmarkDotNet v0.15.8, Linux Ubuntu 24.04.5 LTS (Noble Numbat)
AMD EPYC 7763 2.45GHz, 1 CPU, 4 logical and 2 physical cores
.NET SDK 10.0.401
  [Host]   : .NET 10.0.12 (10.0.12, 10.0.1226.42308), X64 RyuJIT x86-64-v3
  ShortRun : .NET 10.0.12 (10.0.12, 10.0.1226.42308), X64 RyuJIT x86-64-v3

Job=ShortRun  IterationCount=3  LaunchCount=1  
WarmupCount=3  

| Method                               | CriteriaCount | Mean        | Error      | StdDev    | Ratio  | RatioSD | Rank | Gen0   | Allocated | Alloc Ratio |
|------------------------------------- |-------------- |------------:|-----------:|----------:|-------:|--------:|-----:|-------:|----------:|------------:|
| 'Simple Where (single criterion)'    | 2             |    22.39 μs |   2.636 μs |  0.144 μs |   1.00 |    0.01 |    3 | 0.3662 |   6.45 KB |        1.00 |
| 'Direct LINQ Where (baseline)'       | 2             |    17.86 μs |   3.682 μs |  0.202 μs |   0.80 |    0.01 |    2 | 0.3052 |   5.26 KB |        0.82 |
| 'Complex predicates (parameterized)' | 2             |    23.55 μs |   1.487 μs |  0.081 μs |   1.05 |    0.01 |    3 | 0.3662 |   6.14 KB |        0.95 |
| 'Two criteria (AND)'                 | 2             |    23.59 μs |   1.597 μs |  0.088 μs |   1.05 |    0.01 |    3 | 0.3662 |   6.14 KB |        0.95 |
| 'Five criteria (AND)'                | 2             |    51.11 μs |   2.910 μs |  0.159 μs |   2.28 |    0.01 |    6 | 0.6714 |  11.55 KB |        1.79 |
| 'Ten criteria (AND)'                 | 2             |    87.18 μs |   5.364 μs |  0.294 μs |   3.89 |    0.02 |    7 | 1.2207 |  20.91 KB |        3.24 |
| 'Keyset pagination'                  | 2             |    40.16 μs |   4.586 μs |  0.251 μs |   1.79 |    0.01 |    5 | 0.6104 |  10.43 KB |        1.62 |
| 'Keyset pagination (fresh cursor)'   | 2             | 3,939.22 μs | 188.977 μs | 10.358 μs | 175.96 |    1.06 |    8 | 3.9063 | 109.61 KB |       17.01 |
| 'Lambda Include'                     | 2             |    11.50 μs |   0.536 μs |  0.029 μs |   0.51 |    0.00 |    1 | 0.2594 |   4.26 KB |        0.66 |
| 'String Include'                     | 2             |    11.49 μs |   0.528 μs |  0.029 μs |   0.51 |    0.00 |    1 | 0.2594 |   4.26 KB |        0.66 |
| 'Multi-column ordering'              | 2             |    25.28 μs |   1.414 μs |  0.077 μs |   1.13 |    0.01 |    3 | 0.5188 |   8.77 KB |        1.36 |
| 'Offset pagination (Skip/Take)'      | 2             |    30.77 μs |   1.841 μs |  0.101 μs |   1.37 |    0.01 |    4 | 0.5493 |   9.36 KB |        1.45 |
| 'Full specification (all features)'  | 2             |    88.95 μs |  14.425 μs |  0.791 μs |   3.97 |    0.04 |    7 | 1.2207 |  20.18 KB |        3.13 |
|                                      |               |             |            |           |        |         |      |        |           |             |
| 'Simple Where (single criterion)'    | 10            |    22.68 μs |   0.789 μs |  0.043 μs |   1.00 |    0.00 |    3 | 0.3662 |   6.45 KB |        1.00 |
| 'Direct LINQ Where (baseline)'       | 10            |    18.44 μs |   1.217 μs |  0.067 μs |   0.81 |    0.00 |    2 | 0.3052 |   5.26 KB |        0.82 |
| 'Complex predicates (parameterized)' | 10            |    87.62 μs |   8.915 μs |  0.489 μs |   3.86 |    0.02 |    6 | 1.2207 |  20.91 KB |        3.24 |
| 'Two criteria (AND)'                 | 10            |    24.40 μs |   2.622 μs |  0.144 μs |   1.08 |    0.01 |    3 | 0.3662 |   6.14 KB |        0.95 |
| 'Five criteria (AND)'                | 10            |    50.61 μs |   5.994 μs |  0.329 μs |   2.23 |    0.01 |    5 | 0.6714 |  11.55 KB |        1.79 |
| 'Ten criteria (AND)'                 | 10            |    88.76 μs |   5.661 μs |  0.310 μs |   3.91 |    0.01 |    6 | 1.2207 |  20.91 KB |        3.24 |
| 'Keyset pagination'                  | 10            |    40.14 μs |   2.085 μs |  0.114 μs |   1.77 |    0.01 |    4 | 0.6104 |  10.43 KB |        1.62 |
| 'Keyset pagination (fresh cursor)'   | 10            | 4,016.83 μs | 964.226 μs | 52.853 μs | 177.08 |    2.04 |    7 |      - | 109.99 KB |       17.06 |
| 'Lambda Include'                     | 10            |    11.76 μs |   0.997 μs |  0.055 μs |   0.52 |    0.00 |    1 | 0.2594 |   4.26 KB |        0.66 |
| 'String Include'                     | 10            |    11.42 μs |   0.549 μs |  0.030 μs |   0.50 |    0.00 |    1 | 0.2594 |   4.26 KB |        0.66 |
| 'Multi-column ordering'              | 10            |    25.48 μs |   1.958 μs |  0.107 μs |   1.12 |    0.00 |    3 | 0.5188 |   8.77 KB |        1.36 |
| 'Offset pagination (Skip/Take)'      | 10            |    29.25 μs |   0.875 μs |  0.048 μs |   1.29 |    0.00 |    3 | 0.5493 |   9.36 KB |        1.45 |
| 'Full specification (all features)'  | 10            |    88.72 μs |   6.565 μs |  0.360 μs |   3.91 |    0.02 |    6 | 1.0986 |  19.88 KB |        3.08 |
// * Config Issues *

// * Warnings *
Configuration
  Summary -> The exporter CsvExporter is already present in configuration. There may be unexpected results.
  Summary -> The exporter HtmlExporter is already present in configuration. There may be unexpected results.
  Summary -> The exporter MarkdownExporter-github is already present in configuration. There may be unexpected results.

// * Legends *
  CriteriaCount : Value of the 'CriteriaCount' parameter
  Mean          : Arithmetic mean of all measurements
  Error         : Half of 99.9% confidence interval
  StdDev        : Standard deviation of all measurements
  Ratio         : Mean of the ratio distribution ([Current]/[Baseline])
  RatioSD       : Standard deviation of the ratio distribution ([Current]/[Baseline])
  Rank          : Relative position of current benchmark mean among all benchmarks (Arabic style)
  Gen0          : GC Generation 0 collects per 1000 operations
  Allocated     : Allocated memory per single operation (managed only, inclusive, 1KB = 1024B)
  Alloc Ratio   : Allocated memory ratio distribution ([Current]/[Baseline])
  1 μs          : 1 Microsecond (0.000001 sec)

// * Diagnostic Output - MemoryDiagnoser *


// ***** BenchmarkRunner: End *****
Run time: 00:03:32 (212.51 sec), executed benchmarks: 26

Global total time: 00:06:50 (410.12 sec), executed benchmarks: 26
// * Artifacts cleanup *
Artifacts cleanup is finished
