// Validating benchmarks:
// ***** BenchmarkRunner: Start   *****
// ***** Found 20 benchmark(s) in total *****
// ***** Building 1 exe(s) in Parallel: Start   *****
// start dotnet  restore --nodeReuse:false /p:UseSharedCompilation=false /p:Deterministic=true /p:Optimize=true /p:ArtifactsPath="/home/runner/work/Encina/Encina/tests/Encina.BenchmarkTests/Encina.Benchmarks/bin/Release/net10.0/Encina.Benchmarks-ShortRun-1/" /p:OutDir="/home/runner/work/Encina/Encina/tests/Encina.BenchmarkTests/Encina.Benchmarks/bin/Release/net10.0/Encina.Benchmarks-ShortRun-1/bin/Release/net10.0/" /p:OutputPath="/home/runner/work/Encina/Encina/tests/Encina.BenchmarkTests/Encina.Benchmarks/bin/Release/net10.0/Encina.Benchmarks-ShortRun-1/bin/Release/net10.0/" /p:PublishDir="/home/runner/work/Encina/Encina/tests/Encina.BenchmarkTests/Encina.Benchmarks/bin/Release/net10.0/Encina.Benchmarks-ShortRun-1/publish/" in /home/runner/work/Encina/Encina/tests/Encina.BenchmarkTests/Encina.Benchmarks/bin/Release/net10.0/Encina.Benchmarks-ShortRun-1
// command took 3.73 sec and exited with 0
// start dotnet  build -c Release --no-restore --nodeReuse:false /p:UseSharedCompilation=false /p:Deterministic=true /p:Optimize=true /p:ArtifactsPath="/home/runner/work/Encina/Encina/tests/Encina.BenchmarkTests/Encina.Benchmarks/bin/Release/net10.0/Encina.Benchmarks-ShortRun-1/" /p:OutDir="/home/runner/work/Encina/Encina/tests/Encina.BenchmarkTests/Encina.Benchmarks/bin/Release/net10.0/Encina.Benchmarks-ShortRun-1/bin/Release/net10.0/" /p:OutputPath="/home/runner/work/Encina/Encina/tests/Encina.BenchmarkTests/Encina.Benchmarks/bin/Release/net10.0/Encina.Benchmarks-ShortRun-1/bin/Release/net10.0/" /p:PublishDir="/home/runner/work/Encina/Encina/tests/Encina.BenchmarkTests/Encina.Benchmarks/bin/Release/net10.0/Encina.Benchmarks-ShortRun-1/publish/" --output "/home/runner/work/Encina/Encina/tests/Encina.BenchmarkTests/Encina.Benchmarks/bin/Release/net10.0/Encina.Benchmarks-ShortRun-1/bin/Release/net10.0/" in /home/runner/work/Encina/Encina/tests/Encina.BenchmarkTests/Encina.Benchmarks/bin/Release/net10.0/Encina.Benchmarks-ShortRun-1
// command took 190.46 sec and exited with 0
// ***** Done, took 00:03:14 (194.44 sec)   *****
// Found 20 benchmarks:
//   SpecificationScatterGatherBenchmarks.'MergeAndOrder with ascending ordering': ShortRun(IterationCount=3, LaunchCount=1, WarmupCount=3) [ShardCount=3, ItemsPerShard=10]
//   SpecificationScatterGatherBenchmarks.'MergeAndOrder without ordering': ShortRun(IterationCount=3, LaunchCount=1, WarmupCount=3) [ShardCount=3, ItemsPerShard=10]
//   SpecificationScatterGatherBenchmarks.'MergeOrderAndPaginate overfetch (page 1, size 20)': ShortRun(IterationCount=3, LaunchCount=1, WarmupCount=3) [ShardCount=3, ItemsPerShard=10]
//   SpecificationScatterGatherBenchmarks.'MergeOrderAndPaginate large page (page 2, size 100)': ShortRun(IterationCount=3, LaunchCount=1, WarmupCount=3) [ShardCount=3, ItemsPerShard=10]
//   SpecificationScatterGatherBenchmarks.'MergeAndOrder with descending ordering': ShortRun(IterationCount=3, LaunchCount=1, WarmupCount=3) [ShardCount=3, ItemsPerShard=10]
//   SpecificationScatterGatherBenchmarks.'MergeAndOrder with ascending ordering': ShortRun(IterationCount=3, LaunchCount=1, WarmupCount=3) [ShardCount=3, ItemsPerShard=100]
//   SpecificationScatterGatherBenchmarks.'MergeAndOrder without ordering': ShortRun(IterationCount=3, LaunchCount=1, WarmupCount=3) [ShardCount=3, ItemsPerShard=100]
//   SpecificationScatterGatherBenchmarks.'MergeOrderAndPaginate overfetch (page 1, size 20)': ShortRun(IterationCount=3, LaunchCount=1, WarmupCount=3) [ShardCount=3, ItemsPerShard=100]
//   SpecificationScatterGatherBenchmarks.'MergeOrderAndPaginate large page (page 2, size 100)': ShortRun(IterationCount=3, LaunchCount=1, WarmupCount=3) [ShardCount=3, ItemsPerShard=100]
//   SpecificationScatterGatherBenchmarks.'MergeAndOrder with descending ordering': ShortRun(IterationCount=3, LaunchCount=1, WarmupCount=3) [ShardCount=3, ItemsPerShard=100]
//   SpecificationScatterGatherBenchmarks.'MergeAndOrder with ascending ordering': ShortRun(IterationCount=3, LaunchCount=1, WarmupCount=3) [ShardCount=25, ItemsPerShard=10]
//   SpecificationScatterGatherBenchmarks.'MergeAndOrder without ordering': ShortRun(IterationCount=3, LaunchCount=1, WarmupCount=3) [ShardCount=25, ItemsPerShard=10]
//   SpecificationScatterGatherBenchmarks.'MergeOrderAndPaginate overfetch (page 1, size 20)': ShortRun(IterationCount=3, LaunchCount=1, WarmupCount=3) [ShardCount=25, ItemsPerShard=10]
//   SpecificationScatterGatherBenchmarks.'MergeOrderAndPaginate large page (page 2, size 100)': ShortRun(IterationCount=3, LaunchCount=1, WarmupCount=3) [ShardCount=25, ItemsPerShard=10]
//   SpecificationScatterGatherBenchmarks.'MergeAndOrder with descending ordering': ShortRun(IterationCount=3, LaunchCount=1, WarmupCount=3) [ShardCount=25, ItemsPerShard=10]
//   SpecificationScatterGatherBenchmarks.'MergeAndOrder with ascending ordering': ShortRun(IterationCount=3, LaunchCount=1, WarmupCount=3) [ShardCount=25, ItemsPerShard=100]
//   SpecificationScatterGatherBenchmarks.'MergeAndOrder without ordering': ShortRun(IterationCount=3, LaunchCount=1, WarmupCount=3) [ShardCount=25, ItemsPerShard=100]
//   SpecificationScatterGatherBenchmarks.'MergeOrderAndPaginate overfetch (page 1, size 20)': ShortRun(IterationCount=3, LaunchCount=1, WarmupCount=3) [ShardCount=25, ItemsPerShard=100]
//   SpecificationScatterGatherBenchmarks.'MergeOrderAndPaginate large page (page 2, size 100)': ShortRun(IterationCount=3, LaunchCount=1, WarmupCount=3) [ShardCount=25, ItemsPerShard=100]
//   SpecificationScatterGatherBenchmarks.'MergeAndOrder with descending ordering': ShortRun(IterationCount=3, LaunchCount=1, WarmupCount=3) [ShardCount=25, ItemsPerShard=100]

// **************************
// Benchmark: SpecificationScatterGatherBenchmarks.'MergeAndOrder with ascending ordering': ShortRun(IterationCount=3, LaunchCount=1, WarmupCount=3) [ShardCount=3, ItemsPerShard=10]
// *** Execute ***
// Launch: 1 / 1
// Execute: dotnet Encina.Benchmarks-ShortRun-1.dll --anonymousPipes 238 239 --benchmarkName "Encina.Benchmarks.Sharding.SpecificationScatterGatherBenchmarks.MergeAndOrder_WithOrdering(ShardCount: 3, ItemsPerShard: 10)" --job ShortRun --benchmarkId 0 in /home/runner/work/Encina/Encina/tests/Encina.BenchmarkTests/Encina.Benchmarks/bin/Release/net10.0/Encina.Benchmarks-ShortRun-1/bin/Release/net10.0
// Failed to set up high priority (Permission denied). In order to run benchmarks with high priority, make sure you have the right permissions.
// BeforeAnythingElse

// Benchmark Process Environment Information:
// BenchmarkDotNet v0.15.8
// Runtime=.NET 10.0.12 (10.0.12, 10.0.1226.42308), X64 RyuJIT x86-64-v3
// GC=Concurrent Workstation
// HardwareIntrinsics=AVX2+BMI1+BMI2+F16C+FMA+LZCNT+MOVBE,AVX,SSE3+SSSE3+SSE4.1+SSE4.2+POPCNT,X86Base+SSE+SSE2,AES+PCLMUL VectorSize=256
// Job: ShortRun(IterationCount=3, LaunchCount=1, WarmupCount=3)

OverheadJitting  1: 1 op, 246479.00 ns, 246.4790 us/op
WorkloadJitting  1: 1 op, 13230249.00 ns, 13.2302 ms/op

OverheadJitting  2: 16 op, 499830.00 ns, 31.2394 us/op
WorkloadJitting  2: 16 op, 2734009.00 ns, 170.8756 us/op

WorkloadPilot    1: 16 op, 2032454.00 ns, 127.0284 us/op
WorkloadPilot    2: 32 op, 3776330.00 ns, 118.0103 us/op
WorkloadPilot    3: 64 op, 7778150.00 ns, 121.5336 us/op
WorkloadPilot    4: 128 op, 15228058.00 ns, 118.9692 us/op
WorkloadPilot    5: 256 op, 30238832.00 ns, 118.1204 us/op
WorkloadPilot    6: 512 op, 62016468.00 ns, 121.1259 us/op
WorkloadPilot    7: 1024 op, 120470133.00 ns, 117.6466 us/op
WorkloadPilot    8: 2048 op, 245517767.00 ns, 119.8817 us/op
WorkloadPilot    9: 4096 op, 484429048.00 ns, 118.2688 us/op
WorkloadPilot   10: 8192 op, 977128321.00 ns, 119.2784 us/op

OverheadWarmup   1: 8192 op, 27390.00 ns, 3.3435 ns/op
OverheadWarmup   2: 8192 op, 43451.00 ns, 5.3041 ns/op
OverheadWarmup   3: 8192 op, 43221.00 ns, 5.2760 ns/op
OverheadWarmup   4: 8192 op, 40576.00 ns, 4.9531 ns/op
OverheadWarmup   5: 8192 op, 39092.00 ns, 4.7720 ns/op
OverheadWarmup   6: 8192 op, 39944.00 ns, 4.8760 ns/op
OverheadWarmup   7: 8192 op, 40225.00 ns, 4.9103 ns/op
OverheadWarmup   8: 8192 op, 40576.00 ns, 4.9531 ns/op
OverheadWarmup   9: 8192 op, 39103.00 ns, 4.7733 ns/op

OverheadActual   1: 8192 op, 27141.00 ns, 3.3131 ns/op
OverheadActual   2: 8192 op, 27090.00 ns, 3.3069 ns/op
OverheadActual   3: 8192 op, 27070.00 ns, 3.3044 ns/op
OverheadActual   4: 8192 op, 27051.00 ns, 3.3021 ns/op
OverheadActual   5: 8192 op, 27261.00 ns, 3.3278 ns/op
OverheadActual   6: 8192 op, 27100.00 ns, 3.3081 ns/op
OverheadActual   7: 8192 op, 27020.00 ns, 3.2983 ns/op
OverheadActual   8: 8192 op, 27030.00 ns, 3.2996 ns/op
OverheadActual   9: 8192 op, 27031.00 ns, 3.2997 ns/op
OverheadActual  10: 8192 op, 27040.00 ns, 3.3008 ns/op
OverheadActual  11: 8192 op, 27051.00 ns, 3.3021 ns/op
OverheadActual  12: 8192 op, 27081.00 ns, 3.3058 ns/op
OverheadActual  13: 8192 op, 27061.00 ns, 3.3033 ns/op
OverheadActual  14: 8192 op, 27101.00 ns, 3.3082 ns/op
OverheadActual  15: 8192 op, 27020.00 ns, 3.2983 ns/op

WorkloadWarmup   1: 8192 op, 1003236540.00 ns, 122.4654 us/op
WorkloadWarmup   2: 8192 op, 978241182.00 ns, 119.4142 us/op
WorkloadWarmup   3: 8192 op, 963431735.00 ns, 117.6064 us/op

// BeforeActualRun
WorkloadActual   1: 8192 op, 969775424.00 ns, 118.3808 us/op
WorkloadActual   2: 8192 op, 965152659.00 ns, 117.8165 us/op
WorkloadActual   3: 8192 op, 965134996.00 ns, 117.8143 us/op

// AfterActualRun
WorkloadResult   1: 8192 op, 969748363.00 ns, 118.3775 us/op
WorkloadResult   2: 8192 op, 965125598.00 ns, 117.8132 us/op
WorkloadResult   3: 8192 op, 965107935.00 ns, 117.8110 us/op
// GC:  3 2 0 53530744 8192
// Threading:  0 0 8192

// AfterAll
// Benchmark Process 3869 has exited with code 0.

Mean = 118.001 μs, StdErr = 0.188 μs (0.16%), N = 3, StdDev = 0.326 μs
Min = 117.811 μs, Q1 = 117.812 μs, Median = 117.813 μs, Q3 = 118.095 μs, Max = 118.377 μs
IQR = 0.283 μs, LowerFence = 117.387 μs, UpperFence = 118.520 μs
ConfidenceInterval = [112.045 μs; 123.956 μs] (CI 99.9%), Margin = 5.955 μs (5.05% of Mean)
Skewness = 0.38, Kurtosis = 0.67, MValue = 2

// ** Remained 19 (95.0 %) benchmark(s) to run. Estimated finish 2026-10-07 15:05 (0h 2m from now) **
// **************************
// Benchmark: SpecificationScatterGatherBenchmarks.'MergeAndOrder without ordering': ShortRun(IterationCount=3, LaunchCount=1, WarmupCount=3) [ShardCount=3, ItemsPerShard=10]
// *** Execute ***
// Launch: 1 / 1
// Execute: dotnet Encina.Benchmarks-ShortRun-1.dll --anonymousPipes 238 239 --benchmarkName "Encina.Benchmarks.Sharding.SpecificationScatterGatherBenchmarks.MergeAndOrder_NoOrdering(ShardCount: 3, ItemsPerShard: 10)" --job ShortRun --benchmarkId 1 in /home/runner/work/Encina/Encina/tests/Encina.BenchmarkTests/Encina.Benchmarks/bin/Release/net10.0/Encina.Benchmarks-ShortRun-1/bin/Release/net10.0
// Failed to set up high priority (Permission denied). In order to run benchmarks with high priority, make sure you have the right permissions.
// BeforeAnythingElse

// Benchmark Process Environment Information:
// BenchmarkDotNet v0.15.8
// Runtime=.NET 10.0.12 (10.0.12, 10.0.1226.42308), X64 RyuJIT x86-64-v3
// GC=Concurrent Workstation
// HardwareIntrinsics=AVX2+BMI1+BMI2+F16C+FMA+LZCNT+MOVBE,AVX,SSE3+SSSE3+SSE4.1+SSE4.2+POPCNT,X86Base+SSE+SSE2,AES+PCLMUL VectorSize=256
// Job: ShortRun(IterationCount=3, LaunchCount=1, WarmupCount=3)

OverheadJitting  1: 1 op, 244616.00 ns, 244.6160 us/op
WorkloadJitting  1: 1 op, 1517415.00 ns, 1.5174 ms/op

OverheadJitting  2: 16 op, 529987.00 ns, 33.1242 us/op
WorkloadJitting  2: 16 op, 573247.00 ns, 35.8279 us/op

WorkloadPilot    1: 16 op, 30196.00 ns, 1.8873 us/op
WorkloadPilot    2: 32 op, 41427.00 ns, 1.2946 us/op
WorkloadPilot    3: 64 op, 46577.00 ns, 727.7656 ns/op
WorkloadPilot    4: 128 op, 100828.00 ns, 787.7188 ns/op
WorkloadPilot    5: 256 op, 162833.00 ns, 636.0664 ns/op
WorkloadPilot    6: 512 op, 302253.00 ns, 590.3379 ns/op
WorkloadPilot    7: 1024 op, 458454.00 ns, 447.7090 ns/op
WorkloadPilot    8: 2048 op, 956029.00 ns, 466.8110 ns/op
WorkloadPilot    9: 4096 op, 1935834.00 ns, 472.6157 ns/op
WorkloadPilot   10: 8192 op, 3821894.00 ns, 466.5398 ns/op
WorkloadPilot   11: 16384 op, 7955990.00 ns, 485.5951 ns/op
WorkloadPilot   12: 32768 op, 15401299.00 ns, 470.0103 ns/op
WorkloadPilot   13: 65536 op, 25501540.00 ns, 389.1226 ns/op
WorkloadPilot   14: 131072 op, 42918502.00 ns, 327.4422 ns/op
WorkloadPilot   15: 262144 op, 85051722.00 ns, 324.4466 ns/op
WorkloadPilot   16: 524288 op, 174283507.00 ns, 332.4194 ns/op
WorkloadPilot   17: 1048576 op, 345621270.00 ns, 329.6101 ns/op
WorkloadPilot   18: 2097152 op, 697379003.00 ns, 332.5362 ns/op

OverheadWarmup   1: 2097152 op, 6963523.00 ns, 3.3205 ns/op
OverheadWarmup   2: 2097152 op, 6976997.00 ns, 3.3269 ns/op
OverheadWarmup   3: 2097152 op, 6973070.00 ns, 3.3250 ns/op
OverheadWarmup   4: 2097152 op, 6980624.00 ns, 3.3286 ns/op
OverheadWarmup   5: 2097152 op, 6953975.00 ns, 3.3159 ns/op

OverheadActual   1: 2097152 op, 6976577.00 ns, 3.3267 ns/op
OverheadActual   2: 2097152 op, 6981847.00 ns, 3.3292 ns/op
OverheadActual   3: 2097152 op, 6983880.00 ns, 3.3302 ns/op
OverheadActual   4: 2097152 op, 6968081.00 ns, 3.3226 ns/op
OverheadActual   5: 2097152 op, 6973562.00 ns, 3.3253 ns/op
OverheadActual   6: 2097152 op, 6964234.00 ns, 3.3208 ns/op
OverheadActual   7: 2097152 op, 6957562.00 ns, 3.3176 ns/op
OverheadActual   8: 2097152 op, 6968712.00 ns, 3.3229 ns/op
OverheadActual   9: 2097152 op, 6959315.00 ns, 3.3185 ns/op
OverheadActual  10: 2097152 op, 6962911.00 ns, 3.3202 ns/op
OverheadActual  11: 2097152 op, 6961299.00 ns, 3.3194 ns/op
OverheadActual  12: 2097152 op, 7032240.00 ns, 3.3532 ns/op
OverheadActual  13: 2097152 op, 6971137.00 ns, 3.3241 ns/op
OverheadActual  14: 2097152 op, 6960227.00 ns, 3.3189 ns/op
OverheadActual  15: 2097152 op, 6958874.00 ns, 3.3182 ns/op

WorkloadWarmup   1: 2097152 op, 707512897.00 ns, 337.3684 ns/op
WorkloadWarmup   2: 2097152 op, 703721820.00 ns, 335.5607 ns/op
WorkloadWarmup   3: 2097152 op, 698221852.00 ns, 332.9381 ns/op

// BeforeActualRun
WorkloadActual   1: 2097152 op, 702833386.00 ns, 335.1371 ns/op
WorkloadActual   2: 2097152 op, 706210472.00 ns, 336.7474 ns/op
WorkloadActual   3: 2097152 op, 706080179.00 ns, 336.6853 ns/op

// AfterActualRun
WorkloadResult   1: 2097152 op, 695865305.00 ns, 331.8144 ns/op
WorkloadResult   2: 2097152 op, 699242391.00 ns, 333.4248 ns/op
WorkloadResult   3: 2097152 op, 699112098.00 ns, 333.3626 ns/op
// GC:  47 0 0 788529152 2097152
// Threading:  0 0 2097152

// AfterAll
// Benchmark Process 3900 has exited with code 0.

Mean = 332.867 ns, StdErr = 0.527 ns (0.16%), N = 3, StdDev = 0.912 ns
Min = 331.814 ns, Q1 = 332.589 ns, Median = 333.363 ns, Q3 = 333.394 ns, Max = 333.425 ns
IQR = 0.805 ns, LowerFence = 331.381 ns, UpperFence = 334.601 ns
ConfidenceInterval = [316.223 ns; 349.511 ns] (CI 99.9%), Margin = 16.644 ns (5.00% of Mean)
Skewness = -0.38, Kurtosis = 0.67, MValue = 2

// ** Remained 18 (90.0 %) benchmark(s) to run. Estimated finish 2026-10-07 15:05 (0h 2m from now) **
// **************************
// Benchmark: SpecificationScatterGatherBenchmarks.'MergeOrderAndPaginate overfetch (page 1, size 20)': ShortRun(IterationCount=3, LaunchCount=1, WarmupCount=3) [ShardCount=3, ItemsPerShard=10]
// *** Execute ***
// Launch: 1 / 1
// Execute: dotnet Encina.Benchmarks-ShortRun-1.dll --anonymousPipes 238 239 --benchmarkName "Encina.Benchmarks.Sharding.SpecificationScatterGatherBenchmarks.MergeOrderAndPaginate_OverfetchStrategy(ShardCount: 3, ItemsPerShard: 10)" --job ShortRun --benchmarkId 2 in /home/runner/work/Encina/Encina/tests/Encina.BenchmarkTests/Encina.Benchmarks/bin/Release/net10.0/Encina.Benchmarks-ShortRun-1/bin/Release/net10.0
// Failed to set up high priority (Permission denied). In order to run benchmarks with high priority, make sure you have the right permissions.
// BeforeAnythingElse

// Benchmark Process Environment Information:
// BenchmarkDotNet v0.15.8
// Runtime=.NET 10.0.12 (10.0.12, 10.0.1226.42308), X64 RyuJIT x86-64-v3
// GC=Concurrent Workstation
// HardwareIntrinsics=AVX2+BMI1+BMI2+F16C+FMA+LZCNT+MOVBE,AVX,SSE3+SSSE3+SSE4.1+SSE4.2+POPCNT,X86Base+SSE+SSE2,AES+PCLMUL VectorSize=256
// Job: ShortRun(IterationCount=3, LaunchCount=1, WarmupCount=3)

OverheadJitting  1: 1 op, 248483.00 ns, 248.4830 us/op
WorkloadJitting  1: 1 op, 14254835.00 ns, 14.2548 ms/op

OverheadJitting  2: 16 op, 507995.00 ns, 31.7497 us/op
WorkloadJitting  2: 16 op, 2746051.00 ns, 171.6282 us/op

WorkloadPilot    1: 16 op, 2126147.00 ns, 132.8842 us/op
WorkloadPilot    2: 32 op, 4070477.00 ns, 127.2024 us/op
WorkloadPilot    3: 64 op, 7879838.00 ns, 123.1225 us/op
WorkloadPilot    4: 128 op, 15826321.00 ns, 123.6431 us/op
WorkloadPilot    5: 256 op, 31364845.00 ns, 122.5189 us/op
WorkloadPilot    6: 512 op, 65475021.00 ns, 127.8809 us/op
WorkloadPilot    7: 1024 op, 126412255.00 ns, 123.4495 us/op
WorkloadPilot    8: 2048 op, 253037420.00 ns, 123.5534 us/op
WorkloadPilot    9: 4096 op, 499164423.00 ns, 121.8663 us/op
WorkloadPilot   10: 8192 op, 1003020991.00 ns, 122.4391 us/op

OverheadWarmup   1: 8192 op, 27351.00 ns, 3.3387 ns/op
OverheadWarmup   2: 8192 op, 27141.00 ns, 3.3131 ns/op
OverheadWarmup   3: 8192 op, 27021.00 ns, 3.2985 ns/op
OverheadWarmup   4: 8192 op, 27050.00 ns, 3.3020 ns/op
OverheadWarmup   5: 8192 op, 27080.00 ns, 3.3057 ns/op
OverheadWarmup   6: 8192 op, 27030.00 ns, 3.2996 ns/op
OverheadWarmup   7: 8192 op, 27070.00 ns, 3.3044 ns/op
OverheadWarmup   8: 8192 op, 27040.00 ns, 3.3008 ns/op

OverheadActual   1: 8192 op, 27090.00 ns, 3.3069 ns/op
OverheadActual   2: 8192 op, 27150.00 ns, 3.3142 ns/op
OverheadActual   3: 8192 op, 27371.00 ns, 3.3412 ns/op
OverheadActual   4: 8192 op, 27100.00 ns, 3.3081 ns/op
OverheadActual   5: 8192 op, 27081.00 ns, 3.3058 ns/op
OverheadActual   6: 8192 op, 27050.00 ns, 3.3020 ns/op
OverheadActual   7: 8192 op, 27030.00 ns, 3.2996 ns/op
OverheadActual   8: 8192 op, 27061.00 ns, 3.3033 ns/op
OverheadActual   9: 8192 op, 27041.00 ns, 3.3009 ns/op
OverheadActual  10: 8192 op, 27031.00 ns, 3.2997 ns/op
OverheadActual  11: 8192 op, 27020.00 ns, 3.2983 ns/op
OverheadActual  12: 8192 op, 27010.00 ns, 3.2971 ns/op
OverheadActual  13: 8192 op, 27010.00 ns, 3.2971 ns/op
OverheadActual  14: 8192 op, 27120.00 ns, 3.3105 ns/op
OverheadActual  15: 8192 op, 27021.00 ns, 3.2985 ns/op

WorkloadWarmup   1: 8192 op, 1007751657.00 ns, 123.0166 us/op
WorkloadWarmup   2: 8192 op, 988902812.00 ns, 120.7157 us/op
WorkloadWarmup   3: 8192 op, 989450773.00 ns, 120.7826 us/op

// BeforeActualRun
WorkloadActual   1: 8192 op, 988302935.00 ns, 120.6424 us/op
WorkloadActual   2: 8192 op, 986705221.00 ns, 120.4474 us/op
WorkloadActual   3: 8192 op, 983200408.00 ns, 120.0196 us/op

// AfterActualRun
WorkloadResult   1: 8192 op, 988275885.00 ns, 120.6391 us/op
WorkloadResult   2: 8192 op, 986678171.00 ns, 120.4441 us/op
WorkloadResult   3: 8192 op, 983173358.00 ns, 120.0163 us/op
// GC:  3 2 0 56078200 8192
// Threading:  0 0 8192

// AfterAll
// Benchmark Process 3910 has exited with code 0.

Mean = 120.367 μs, StdErr = 0.184 μs (0.15%), N = 3, StdDev = 0.319 μs
Min = 120.016 μs, Q1 = 120.230 μs, Median = 120.444 μs, Q3 = 120.542 μs, Max = 120.639 μs
IQR = 0.311 μs, LowerFence = 119.763 μs, UpperFence = 121.009 μs
ConfidenceInterval = [114.554 μs; 126.179 μs] (CI 99.9%), Margin = 5.812 μs (4.83% of Mean)
Skewness = -0.23, Kurtosis = 0.67, MValue = 2

// ** Remained 17 (85.0 %) benchmark(s) to run. Estimated finish 2026-10-07 15:05 (0h 2m from now) **
// **************************
// Benchmark: SpecificationScatterGatherBenchmarks.'MergeOrderAndPaginate large page (page 2, size 100)': ShortRun(IterationCount=3, LaunchCount=1, WarmupCount=3) [ShardCount=3, ItemsPerShard=10]
// *** Execute ***
// Launch: 1 / 1
// Execute: dotnet Encina.Benchmarks-ShortRun-1.dll --anonymousPipes 238 239 --benchmarkName "Encina.Benchmarks.Sharding.SpecificationScatterGatherBenchmarks.MergeOrderAndPaginate_LargePage(ShardCount: 3, ItemsPerShard: 10)" --job ShortRun --benchmarkId 3 in /home/runner/work/Encina/Encina/tests/Encina.BenchmarkTests/Encina.Benchmarks/bin/Release/net10.0/Encina.Benchmarks-ShortRun-1/bin/Release/net10.0
// Failed to set up high priority (Permission denied). In order to run benchmarks with high priority, make sure you have the right permissions.
// BeforeAnythingElse

// Benchmark Process Environment Information:
// BenchmarkDotNet v0.15.8
// Runtime=.NET 10.0.12 (10.0.12, 10.0.1226.42308), X64 RyuJIT x86-64-v3
// GC=Concurrent Workstation
// HardwareIntrinsics=AVX2+BMI1+BMI2+F16C+FMA+LZCNT+MOVBE,AVX,SSE3+SSSE3+SSE4.1+SSE4.2+POPCNT,X86Base+SSE+SSE2,AES+PCLMUL VectorSize=256
// Job: ShortRun(IterationCount=3, LaunchCount=1, WarmupCount=3)

OverheadJitting  1: 1 op, 258321.00 ns, 258.3210 us/op
WorkloadJitting  1: 1 op, 14116933.00 ns, 14.1169 ms/op

OverheadJitting  2: 16 op, 492847.00 ns, 30.8029 us/op
WorkloadJitting  2: 16 op, 3038588.00 ns, 189.9118 us/op

WorkloadPilot    1: 16 op, 2162827.00 ns, 135.1767 us/op
WorkloadPilot    2: 32 op, 4069957.00 ns, 127.1862 us/op
WorkloadPilot    3: 64 op, 8289012.00 ns, 129.5158 us/op
WorkloadPilot    4: 128 op, 15478718.00 ns, 120.9275 us/op
WorkloadPilot    5: 256 op, 30996508.00 ns, 121.0801 us/op
WorkloadPilot    6: 512 op, 63886182.00 ns, 124.7777 us/op
WorkloadPilot    7: 1024 op, 123192498.00 ns, 120.3052 us/op
WorkloadPilot    8: 2048 op, 248564331.00 ns, 121.3693 us/op
WorkloadPilot    9: 4096 op, 491281959.00 ns, 119.9419 us/op
WorkloadPilot   10: 8192 op, 988624810.00 ns, 120.6817 us/op

OverheadWarmup   1: 8192 op, 27432.00 ns, 3.3486 ns/op
OverheadWarmup   2: 8192 op, 27060.00 ns, 3.3032 ns/op
OverheadWarmup   3: 8192 op, 27051.00 ns, 3.3021 ns/op
OverheadWarmup   4: 8192 op, 27111.00 ns, 3.3094 ns/op
OverheadWarmup   5: 8192 op, 27070.00 ns, 3.3044 ns/op
OverheadWarmup   6: 8192 op, 27090.00 ns, 3.3069 ns/op
OverheadWarmup   7: 8192 op, 27070.00 ns, 3.3044 ns/op

OverheadActual   1: 8192 op, 27080.00 ns, 3.3057 ns/op
OverheadActual   2: 8192 op, 27070.00 ns, 3.3044 ns/op
OverheadActual   3: 8192 op, 27110.00 ns, 3.3093 ns/op
OverheadActual   4: 8192 op, 27101.00 ns, 3.3082 ns/op
OverheadActual   5: 8192 op, 27101.00 ns, 3.3082 ns/op
OverheadActual   6: 8192 op, 27111.00 ns, 3.3094 ns/op
OverheadActual   7: 8192 op, 27100.00 ns, 3.3081 ns/op
OverheadActual   8: 8192 op, 27130.00 ns, 3.3118 ns/op
OverheadActual   9: 8192 op, 27061.00 ns, 3.3033 ns/op
OverheadActual  10: 8192 op, 27040.00 ns, 3.3008 ns/op
OverheadActual  11: 8192 op, 27050.00 ns, 3.3020 ns/op
OverheadActual  12: 8192 op, 27061.00 ns, 3.3033 ns/op
OverheadActual  13: 8192 op, 27110.00 ns, 3.3093 ns/op
OverheadActual  14: 8192 op, 27110.00 ns, 3.3093 ns/op
OverheadActual  15: 8192 op, 27161.00 ns, 3.3156 ns/op

WorkloadWarmup   1: 8192 op, 992219694.00 ns, 121.1206 us/op
WorkloadWarmup   2: 8192 op, 968600741.00 ns, 118.2374 us/op
WorkloadWarmup   3: 8192 op, 972538454.00 ns, 118.7181 us/op

// BeforeActualRun
WorkloadActual   1: 8192 op, 974179176.00 ns, 118.9184 us/op
WorkloadActual   2: 8192 op, 951316647.00 ns, 116.1275 us/op
WorkloadActual   3: 8192 op, 954666314.00 ns, 116.5364 us/op

// AfterActualRun
WorkloadResult   1: 8192 op, 974152075.00 ns, 118.9150 us/op
WorkloadResult   2: 8192 op, 951289546.00 ns, 116.1242 us/op
WorkloadResult   3: 8192 op, 954639213.00 ns, 116.5331 us/op
// GC:  3 2 0 53530744 8192
// Threading:  0 0 8192

// AfterAll
// Benchmark Process 3917 has exited with code 0.

Mean = 117.191 μs, StdErr = 0.870 μs (0.74%), N = 3, StdDev = 1.507 μs
Min = 116.124 μs, Q1 = 116.329 μs, Median = 116.533 μs, Q3 = 117.724 μs, Max = 118.915 μs
IQR = 1.395 μs, LowerFence = 114.236 μs, UpperFence = 119.817 μs
ConfidenceInterval = [89.694 μs; 144.687 μs] (CI 99.9%), Margin = 27.497 μs (23.46% of Mean)
Skewness = 0.35, Kurtosis = 0.67, MValue = 2

// ** Remained 16 (80.0 %) benchmark(s) to run. Estimated finish 2026-10-07 15:05 (0h 2m from now) **
// **************************
// Benchmark: SpecificationScatterGatherBenchmarks.'MergeAndOrder with descending ordering': ShortRun(IterationCount=3, LaunchCount=1, WarmupCount=3) [ShardCount=3, ItemsPerShard=10]
// *** Execute ***
// Launch: 1 / 1
// Execute: dotnet Encina.Benchmarks-ShortRun-1.dll --anonymousPipes 238 239 --benchmarkName "Encina.Benchmarks.Sharding.SpecificationScatterGatherBenchmarks.MergeAndOrder_Descending(ShardCount: 3, ItemsPerShard: 10)" --job ShortRun --benchmarkId 4 in /home/runner/work/Encina/Encina/tests/Encina.BenchmarkTests/Encina.Benchmarks/bin/Release/net10.0/Encina.Benchmarks-ShortRun-1/bin/Release/net10.0
// Failed to set up high priority (Permission denied). In order to run benchmarks with high priority, make sure you have the right permissions.
// BeforeAnythingElse

// Benchmark Process Environment Information:
// BenchmarkDotNet v0.15.8
// Runtime=.NET 10.0.12 (10.0.12, 10.0.1226.42308), X64 RyuJIT x86-64-v3
// GC=Concurrent Workstation
// HardwareIntrinsics=AVX2+BMI1+BMI2+F16C+FMA+LZCNT+MOVBE,AVX,SSE3+SSSE3+SSE4.1+SSE4.2+POPCNT,X86Base+SSE+SSE2,AES+PCLMUL VectorSize=256
// Job: ShortRun(IterationCount=3, LaunchCount=1, WarmupCount=3)

OverheadJitting  1: 1 op, 252069.00 ns, 252.0690 us/op
WorkloadJitting  1: 1 op, 13418748.00 ns, 13.4187 ms/op

OverheadJitting  2: 16 op, 524215.00 ns, 32.7634 us/op
WorkloadJitting  2: 16 op, 2884519.00 ns, 180.2824 us/op

WorkloadPilot    1: 16 op, 2175620.00 ns, 135.9763 us/op
WorkloadPilot    2: 32 op, 3825631.00 ns, 119.5510 us/op
WorkloadPilot    3: 64 op, 7750568.00 ns, 121.1026 us/op
WorkloadPilot    4: 128 op, 15425264.00 ns, 120.5099 us/op
WorkloadPilot    5: 256 op, 30881156.00 ns, 120.6295 us/op
WorkloadPilot    6: 512 op, 64488859.00 ns, 125.9548 us/op
WorkloadPilot    7: 1024 op, 123493232.00 ns, 120.5989 us/op
WorkloadPilot    8: 2048 op, 247151769.00 ns, 120.6796 us/op
WorkloadPilot    9: 4096 op, 486333689.00 ns, 118.7338 us/op
WorkloadPilot   10: 8192 op, 967532808.00 ns, 118.1070 us/op

OverheadWarmup   1: 8192 op, 27661.00 ns, 3.3766 ns/op
OverheadWarmup   2: 8192 op, 27872.00 ns, 3.4023 ns/op
OverheadWarmup   3: 8192 op, 27381.00 ns, 3.3424 ns/op
OverheadWarmup   4: 8192 op, 27371.00 ns, 3.3412 ns/op
OverheadWarmup   5: 8192 op, 27422.00 ns, 3.3474 ns/op
OverheadWarmup   6: 8192 op, 27401.00 ns, 3.3448 ns/op

OverheadActual   1: 8192 op, 27380.00 ns, 3.3423 ns/op
OverheadActual   2: 8192 op, 27411.00 ns, 3.3461 ns/op
OverheadActual   3: 8192 op, 27401.00 ns, 3.3448 ns/op
OverheadActual   4: 8192 op, 27381.00 ns, 3.3424 ns/op
OverheadActual   5: 8192 op, 27441.00 ns, 3.3497 ns/op
OverheadActual   6: 8192 op, 27441.00 ns, 3.3497 ns/op
OverheadActual   7: 8192 op, 27491.00 ns, 3.3558 ns/op
OverheadActual   8: 8192 op, 27411.00 ns, 3.3461 ns/op
OverheadActual   9: 8192 op, 27391.00 ns, 3.3436 ns/op
OverheadActual  10: 8192 op, 27401.00 ns, 3.3448 ns/op
OverheadActual  11: 8192 op, 27421.00 ns, 3.3473 ns/op
OverheadActual  12: 8192 op, 27391.00 ns, 3.3436 ns/op
OverheadActual  13: 8192 op, 27411.00 ns, 3.3461 ns/op
OverheadActual  14: 8192 op, 27431.00 ns, 3.3485 ns/op
OverheadActual  15: 8192 op, 27391.00 ns, 3.3436 ns/op

WorkloadWarmup   1: 8192 op, 979209515.00 ns, 119.5324 us/op
WorkloadWarmup   2: 8192 op, 967234132.00 ns, 118.0706 us/op
WorkloadWarmup   3: 8192 op, 965589852.00 ns, 117.8699 us/op

// BeforeActualRun
WorkloadActual   1: 8192 op, 968363966.00 ns, 118.2085 us/op
WorkloadActual   2: 8192 op, 963687064.00 ns, 117.6376 us/op
WorkloadActual   3: 8192 op, 968243289.00 ns, 118.1938 us/op

// AfterActualRun
WorkloadResult   1: 8192 op, 968336555.00 ns, 118.2051 us/op
WorkloadResult   2: 8192 op, 963659653.00 ns, 117.6342 us/op
WorkloadResult   3: 8192 op, 968215878.00 ns, 118.1904 us/op
// GC:  3 2 0 53530720 8192
// Threading:  0 0 8192

// AfterAll
// Benchmark Process 3924 has exited with code 0.

Mean = 118.010 μs, StdErr = 0.188 μs (0.16%), N = 3, StdDev = 0.325 μs
Min = 117.634 μs, Q1 = 117.912 μs, Median = 118.190 μs, Q3 = 118.198 μs, Max = 118.205 μs
IQR = 0.285 μs, LowerFence = 117.484 μs, UpperFence = 118.626 μs
ConfidenceInterval = [112.073 μs; 123.947 μs] (CI 99.9%), Margin = 5.937 μs (5.03% of Mean)
Skewness = -0.38, Kurtosis = 0.67, MValue = 2

// ** Remained 15 (75.0 %) benchmark(s) to run. Estimated finish 2026-10-07 15:05 (0h 2m from now) **
// **************************
// Benchmark: SpecificationScatterGatherBenchmarks.'MergeAndOrder with ascending ordering': ShortRun(IterationCount=3, LaunchCount=1, WarmupCount=3) [ShardCount=3, ItemsPerShard=100]
// *** Execute ***
// Launch: 1 / 1
// Execute: dotnet Encina.Benchmarks-ShortRun-1.dll --anonymousPipes 238 239 --benchmarkName "Encina.Benchmarks.Sharding.SpecificationScatterGatherBenchmarks.MergeAndOrder_WithOrdering(ShardCount: 3, ItemsPerShard: 100)" --job ShortRun --benchmarkId 5 in /home/runner/work/Encina/Encina/tests/Encina.BenchmarkTests/Encina.Benchmarks/bin/Release/net10.0/Encina.Benchmarks-ShortRun-1/bin/Release/net10.0
// Failed to set up high priority (Permission denied). In order to run benchmarks with high priority, make sure you have the right permissions.
// BeforeAnythingElse

// Benchmark Process Environment Information:
// BenchmarkDotNet v0.15.8
// Runtime=.NET 10.0.12 (10.0.12, 10.0.1226.42308), X64 RyuJIT x86-64-v3
// GC=Concurrent Workstation
// HardwareIntrinsics=AVX2+BMI1+BMI2+F16C+FMA+LZCNT+MOVBE,AVX,SSE3+SSSE3+SSE4.1+SSE4.2+POPCNT,X86Base+SSE+SSE2,AES+PCLMUL VectorSize=256
// Job: ShortRun(IterationCount=3, LaunchCount=1, WarmupCount=3)

OverheadJitting  1: 1 op, 303325.00 ns, 303.3250 us/op
WorkloadJitting  1: 1 op, 12673590.00 ns, 12.6736 ms/op

OverheadJitting  2: 16 op, 503939.00 ns, 31.4962 us/op
WorkloadJitting  2: 16 op, 3541825.00 ns, 221.3641 us/op

WorkloadPilot    1: 16 op, 2518800.00 ns, 157.4250 us/op
WorkloadPilot    2: 32 op, 5239556.00 ns, 163.7361 us/op
WorkloadPilot    3: 64 op, 10519529.00 ns, 164.3676 us/op
WorkloadPilot    4: 128 op, 21416329.00 ns, 167.3151 us/op
WorkloadPilot    5: 256 op, 42438444.00 ns, 165.7752 us/op
WorkloadPilot    6: 512 op, 88553294.00 ns, 172.9557 us/op
WorkloadPilot    7: 1024 op, 166711753.00 ns, 162.8044 us/op
WorkloadPilot    8: 2048 op, 325409135.00 ns, 158.8912 us/op
WorkloadPilot    9: 4096 op, 631874278.00 ns, 154.2662 us/op

OverheadWarmup   1: 4096 op, 14086.00 ns, 3.4390 ns/op
OverheadWarmup   2: 4096 op, 13815.00 ns, 3.3728 ns/op
OverheadWarmup   3: 4096 op, 13875.00 ns, 3.3875 ns/op
OverheadWarmup   4: 4096 op, 13996.00 ns, 3.4170 ns/op
OverheadWarmup   5: 4096 op, 13815.00 ns, 3.3728 ns/op
OverheadWarmup   6: 4096 op, 39814.00 ns, 9.7202 ns/op
OverheadWarmup   7: 4096 op, 13826.00 ns, 3.3755 ns/op

OverheadActual   1: 4096 op, 13865.00 ns, 3.3850 ns/op
OverheadActual   2: 4096 op, 13796.00 ns, 3.3682 ns/op
OverheadActual   3: 4096 op, 14006.00 ns, 3.4194 ns/op
OverheadActual   4: 4096 op, 13865.00 ns, 3.3850 ns/op
OverheadActual   5: 4096 op, 13816.00 ns, 3.3730 ns/op
OverheadActual   6: 4096 op, 13766.00 ns, 3.3608 ns/op
OverheadActual   7: 4096 op, 13926.00 ns, 3.3999 ns/op
OverheadActual   8: 4096 op, 13865.00 ns, 3.3850 ns/op
OverheadActual   9: 4096 op, 13895.00 ns, 3.3923 ns/op
OverheadActual  10: 4096 op, 13996.00 ns, 3.4170 ns/op
OverheadActual  11: 4096 op, 13766.00 ns, 3.3608 ns/op
OverheadActual  12: 4096 op, 13895.00 ns, 3.3923 ns/op
OverheadActual  13: 4096 op, 13806.00 ns, 3.3706 ns/op
OverheadActual  14: 4096 op, 13936.00 ns, 3.4023 ns/op
OverheadActual  15: 4096 op, 13795.00 ns, 3.3679 ns/op

WorkloadWarmup   1: 4096 op, 652074160.00 ns, 159.1978 us/op
WorkloadWarmup   2: 4096 op, 630572194.00 ns, 153.9483 us/op
WorkloadWarmup   3: 4096 op, 624458450.00 ns, 152.4557 us/op

// BeforeActualRun
WorkloadActual   1: 4096 op, 640795492.00 ns, 156.4442 us/op
WorkloadActual   2: 4096 op, 640465196.00 ns, 156.3636 us/op
WorkloadActual   3: 4096 op, 625492725.00 ns, 152.7082 us/op

// AfterActualRun
WorkloadResult   1: 4096 op, 640781627.00 ns, 156.4408 us/op
WorkloadResult   2: 4096 op, 640451331.00 ns, 156.3602 us/op
WorkloadResult   3: 4096 op, 625478860.00 ns, 152.7048 us/op
// GC:  5 4 0 93116600 4096
// Threading:  0 0 4096

// AfterAll
// Benchmark Process 3931 has exited with code 0.

Mean = 155.169 μs, StdErr = 1.232 μs (0.79%), N = 3, StdDev = 2.134 μs
Min = 152.705 μs, Q1 = 154.532 μs, Median = 156.360 μs, Q3 = 156.401 μs, Max = 156.441 μs
IQR = 1.868 μs, LowerFence = 151.730 μs, UpperFence = 159.203 μs
ConfidenceInterval = [116.235 μs; 194.103 μs] (CI 99.9%), Margin = 38.934 μs (25.09% of Mean)
Skewness = -0.38, Kurtosis = 0.67, MValue = 2

// ** Remained 14 (70.0 %) benchmark(s) to run. Estimated finish 2026-10-07 15:05 (0h 1m from now) **
// **************************
// Benchmark: SpecificationScatterGatherBenchmarks.'MergeAndOrder without ordering': ShortRun(IterationCount=3, LaunchCount=1, WarmupCount=3) [ShardCount=3, ItemsPerShard=100]
// *** Execute ***
// Launch: 1 / 1
// Execute: dotnet Encina.Benchmarks-ShortRun-1.dll --anonymousPipes 238 239 --benchmarkName "Encina.Benchmarks.Sharding.SpecificationScatterGatherBenchmarks.MergeAndOrder_NoOrdering(ShardCount: 3, ItemsPerShard: 100)" --job ShortRun --benchmarkId 6 in /home/runner/work/Encina/Encina/tests/Encina.BenchmarkTests/Encina.Benchmarks/bin/Release/net10.0/Encina.Benchmarks-ShortRun-1/bin/Release/net10.0
// Failed to set up high priority (Permission denied). In order to run benchmarks with high priority, make sure you have the right permissions.
// BeforeAnythingElse

// Benchmark Process Environment Information:
// BenchmarkDotNet v0.15.8
// Runtime=.NET 10.0.12 (10.0.12, 10.0.1226.42308), X64 RyuJIT x86-64-v3
// GC=Concurrent Workstation
// HardwareIntrinsics=AVX2+BMI1+BMI2+F16C+FMA+LZCNT+MOVBE,AVX,SSE3+SSSE3+SSE4.1+SSE4.2+POPCNT,X86Base+SSE+SSE2,AES+PCLMUL VectorSize=256
// Job: ShortRun(IterationCount=3, LaunchCount=1, WarmupCount=3)

OverheadJitting  1: 1 op, 244537.00 ns, 244.5370 us/op
WorkloadJitting  1: 1 op, 1525146.00 ns, 1.5251 ms/op

OverheadJitting  2: 16 op, 509139.00 ns, 31.8212 us/op
WorkloadJitting  2: 16 op, 560115.00 ns, 35.0072 us/op

WorkloadPilot    1: 16 op, 43091.00 ns, 2.6932 us/op
WorkloadPilot    2: 32 op, 82554.00 ns, 2.5798 us/op
WorkloadPilot    3: 64 op, 150010.00 ns, 2.3439 us/op
WorkloadPilot    4: 128 op, 186348.00 ns, 1.4558 us/op
WorkloadPilot    5: 256 op, 343571.00 ns, 1.3421 us/op
WorkloadPilot    6: 512 op, 793671.00 ns, 1.5501 us/op
WorkloadPilot    7: 1024 op, 1590557.00 ns, 1.5533 us/op
WorkloadPilot    8: 2048 op, 3194451.00 ns, 1.5598 us/op
WorkloadPilot    9: 4096 op, 5961092.00 ns, 1.4553 us/op
WorkloadPilot   10: 8192 op, 9735644.00 ns, 1.1884 us/op
WorkloadPilot   11: 16384 op, 9012314.00 ns, 550.0680 ns/op
WorkloadPilot   12: 32768 op, 16088306.00 ns, 490.9761 ns/op
WorkloadPilot   13: 65536 op, 31488389.00 ns, 480.4747 ns/op
WorkloadPilot   14: 131072 op, 62349317.00 ns, 475.6875 ns/op
WorkloadPilot   15: 262144 op, 127497605.00 ns, 486.3648 ns/op
WorkloadPilot   16: 524288 op, 252260338.00 ns, 481.1484 ns/op
WorkloadPilot   17: 1048576 op, 522905980.00 ns, 498.6820 ns/op

OverheadWarmup   1: 1048576 op, 3528744.00 ns, 3.3653 ns/op
OverheadWarmup   2: 1048576 op, 3505931.00 ns, 3.3435 ns/op
OverheadWarmup   3: 1048576 op, 3480885.00 ns, 3.3196 ns/op
OverheadWarmup   4: 1048576 op, 3479952.00 ns, 3.3187 ns/op
OverheadWarmup   5: 1048576 op, 3482638.00 ns, 3.3213 ns/op
OverheadWarmup   6: 1048576 op, 3489070.00 ns, 3.3274 ns/op
OverheadWarmup   7: 1048576 op, 3491083.00 ns, 3.3294 ns/op
OverheadWarmup   8: 1048576 op, 3528303.00 ns, 3.3649 ns/op
OverheadWarmup   9: 1048576 op, 3462329.00 ns, 3.3019 ns/op
OverheadWarmup  10: 1048576 op, 3492426.00 ns, 3.3306 ns/op

OverheadActual   1: 1048576 op, 3514066.00 ns, 3.3513 ns/op
OverheadActual   2: 1048576 op, 3499439.00 ns, 3.3373 ns/op
OverheadActual   3: 1048576 op, 3494460.00 ns, 3.3326 ns/op
OverheadActual   4: 1048576 op, 3486525.00 ns, 3.3250 ns/op
OverheadActual   5: 1048576 op, 3473340.00 ns, 3.3124 ns/op
OverheadActual   6: 1048576 op, 3477258.00 ns, 3.3162 ns/op
OverheadActual   7: 1048576 op, 3485553.00 ns, 3.3241 ns/op
OverheadActual   8: 1048576 op, 3483489.00 ns, 3.3221 ns/op
OverheadActual   9: 1048576 op, 3481616.00 ns, 3.3203 ns/op
OverheadActual  10: 1048576 op, 3490542.00 ns, 3.3288 ns/op
OverheadActual  11: 1048576 op, 3606328.00 ns, 3.4393 ns/op
OverheadActual  12: 1048576 op, 3486054.00 ns, 3.3246 ns/op
OverheadActual  13: 1048576 op, 3484651.00 ns, 3.3232 ns/op
OverheadActual  14: 1048576 op, 3496593.00 ns, 3.3346 ns/op
OverheadActual  15: 1048576 op, 3498667.00 ns, 3.3366 ns/op

WorkloadWarmup   1: 1048576 op, 518757738.00 ns, 494.7259 ns/op
WorkloadWarmup   2: 1048576 op, 529846139.00 ns, 505.3007 ns/op
WorkloadWarmup   3: 1048576 op, 575433421.00 ns, 548.7761 ns/op

// BeforeActualRun
WorkloadActual   1: 1048576 op, 518516449.00 ns, 494.4958 ns/op
WorkloadActual   2: 1048576 op, 547056286.00 ns, 521.7135 ns/op
WorkloadActual   3: 1048576 op, 561505704.00 ns, 535.4936 ns/op

// AfterActualRun
WorkloadResult   1: 1048576 op, 515029924.00 ns, 491.1708 ns/op
WorkloadResult   2: 1048576 op, 543569761.00 ns, 518.3885 ns/op
WorkloadResult   3: 1048576 op, 558019179.00 ns, 532.1686 ns/op
// GC:  158 1 0 2659188736 1048576
// Threading:  0 0 1048576

// AfterAll
// Benchmark Process 3961 has exited with code 0.

Mean = 513.909 ns, StdErr = 12.045 ns (2.34%), N = 3, StdDev = 20.863 ns
Min = 491.171 ns, Q1 = 504.780 ns, Median = 518.389 ns, Q3 = 525.279 ns, Max = 532.169 ns
IQR = 20.499 ns, LowerFence = 474.031 ns, UpperFence = 556.027 ns
ConfidenceInterval = [133.296 ns; 894.522 ns] (CI 99.9%), Margin = 380.613 ns (74.06% of Mean)
Skewness = -0.2, Kurtosis = 0.67, MValue = 2

// ** Remained 13 (65.0 %) benchmark(s) to run. Estimated finish 2026-10-07 15:05 (0h 1m from now) **
// **************************
// Benchmark: SpecificationScatterGatherBenchmarks.'MergeOrderAndPaginate overfetch (page 1, size 20)': ShortRun(IterationCount=3, LaunchCount=1, WarmupCount=3) [ShardCount=3, ItemsPerShard=100]
// *** Execute ***
// Launch: 1 / 1
// Execute: dotnet Encina.Benchmarks-ShortRun-1.dll --anonymousPipes 238 239 --benchmarkName "Encina.Benchmarks.Sharding.SpecificationScatterGatherBenchmarks.MergeOrderAndPaginate_OverfetchStrategy(ShardCount: 3, ItemsPerShard: 100)" --job ShortRun --benchmarkId 7 in /home/runner/work/Encina/Encina/tests/Encina.BenchmarkTests/Encina.Benchmarks/bin/Release/net10.0/Encina.Benchmarks-ShortRun-1/bin/Release/net10.0
// Failed to set up high priority (Permission denied). In order to run benchmarks with high priority, make sure you have the right permissions.
// BeforeAnythingElse

// Benchmark Process Environment Information:
// BenchmarkDotNet v0.15.8
// Runtime=.NET 10.0.12 (10.0.12, 10.0.1226.42308), X64 RyuJIT x86-64-v3
// GC=Concurrent Workstation
// HardwareIntrinsics=AVX2+BMI1+BMI2+F16C+FMA+LZCNT+MOVBE,AVX,SSE3+SSSE3+SSE4.1+SSE4.2+POPCNT,X86Base+SSE+SSE2,AES+PCLMUL VectorSize=256
// Job: ShortRun(IterationCount=3, LaunchCount=1, WarmupCount=3)

OverheadJitting  1: 1 op, 254133.00 ns, 254.1330 us/op
WorkloadJitting  1: 1 op, 14095990.00 ns, 14.0960 ms/op

OverheadJitting  2: 16 op, 497887.00 ns, 31.1179 us/op
WorkloadJitting  2: 16 op, 3666325.00 ns, 229.1453 us/op

WorkloadPilot    1: 16 op, 2570405.00 ns, 160.6503 us/op
WorkloadPilot    2: 32 op, 5367342.00 ns, 167.7294 us/op
WorkloadPilot    3: 64 op, 10624658.00 ns, 166.0103 us/op
WorkloadPilot    4: 128 op, 21892583.00 ns, 171.0358 us/op
WorkloadPilot    5: 256 op, 42530111.00 ns, 166.1332 us/op
WorkloadPilot    6: 512 op, 89935206.00 ns, 175.6547 us/op
WorkloadPilot    7: 1024 op, 171057046.00 ns, 167.0479 us/op
WorkloadPilot    8: 2048 op, 329566254.00 ns, 160.9210 us/op
WorkloadPilot    9: 4096 op, 650636202.00 ns, 158.8467 us/op

OverheadWarmup   1: 4096 op, 14096.00 ns, 3.4414 ns/op
OverheadWarmup   2: 4096 op, 13896.00 ns, 3.3926 ns/op
OverheadWarmup   3: 4096 op, 13815.00 ns, 3.3728 ns/op
OverheadWarmup   4: 4096 op, 13835.00 ns, 3.3777 ns/op
OverheadWarmup   5: 4096 op, 13856.00 ns, 3.3828 ns/op
OverheadWarmup   6: 4096 op, 13815.00 ns, 3.3728 ns/op
OverheadWarmup   7: 4096 op, 13796.00 ns, 3.3682 ns/op
OverheadWarmup   8: 4096 op, 13896.00 ns, 3.3926 ns/op
OverheadWarmup   9: 4096 op, 13776.00 ns, 3.3633 ns/op

OverheadActual   1: 4096 op, 13906.00 ns, 3.3950 ns/op
OverheadActual   2: 4096 op, 13916.00 ns, 3.3975 ns/op
OverheadActual   3: 4096 op, 13896.00 ns, 3.3926 ns/op
OverheadActual   4: 4096 op, 13815.00 ns, 3.3728 ns/op
OverheadActual   5: 4096 op, 14006.00 ns, 3.4194 ns/op
OverheadActual   6: 4096 op, 13805.00 ns, 3.3704 ns/op
OverheadActual   7: 4096 op, 13835.00 ns, 3.3777 ns/op
OverheadActual   8: 4096 op, 13796.00 ns, 3.3682 ns/op
OverheadActual   9: 4096 op, 13806.00 ns, 3.3706 ns/op
OverheadActual  10: 4096 op, 13806.00 ns, 3.3706 ns/op
OverheadActual  11: 4096 op, 13796.00 ns, 3.3682 ns/op
OverheadActual  12: 4096 op, 13816.00 ns, 3.3730 ns/op
OverheadActual  13: 4096 op, 13786.00 ns, 3.3657 ns/op
OverheadActual  14: 4096 op, 13805.00 ns, 3.3704 ns/op
OverheadActual  15: 4096 op, 13846.00 ns, 3.3804 ns/op

WorkloadWarmup   1: 4096 op, 664033134.00 ns, 162.1175 us/op
WorkloadWarmup   2: 4096 op, 657275025.00 ns, 160.4675 us/op
WorkloadWarmup   3: 4096 op, 653058916.00 ns, 159.4382 us/op

// BeforeActualRun
WorkloadActual   1: 4096 op, 660909222.00 ns, 161.3548 us/op
WorkloadActual   2: 4096 op, 649848188.00 ns, 158.6543 us/op
WorkloadActual   3: 4096 op, 651047170.00 ns, 158.9471 us/op

// AfterActualRun
WorkloadResult   1: 4096 op, 660895407.00 ns, 161.3514 us/op
WorkloadResult   2: 4096 op, 649834373.00 ns, 158.6510 us/op
WorkloadResult   3: 4096 op, 651033355.00 ns, 158.9437 us/op
// GC:  5 4 0 94393352 4096
// Threading:  0 0 4096

// AfterAll
// Benchmark Process 3969 has exited with code 0.

Mean = 159.649 μs, StdErr = 0.856 μs (0.54%), N = 3, StdDev = 1.482 μs
Min = 158.651 μs, Q1 = 158.797 μs, Median = 158.944 μs, Q3 = 160.148 μs, Max = 161.351 μs
IQR = 1.350 μs, LowerFence = 156.772 μs, UpperFence = 162.173 μs
ConfidenceInterval = [132.614 μs; 186.683 μs] (CI 99.9%), Margin = 27.034 μs (16.93% of Mean)
Skewness = 0.37, Kurtosis = 0.67, MValue = 2

// ** Remained 12 (60.0 %) benchmark(s) to run. Estimated finish 2026-10-07 15:05 (0h 1m from now) **
// **************************
// Benchmark: SpecificationScatterGatherBenchmarks.'MergeOrderAndPaginate large page (page 2, size 100)': ShortRun(IterationCount=3, LaunchCount=1, WarmupCount=3) [ShardCount=3, ItemsPerShard=100]
// *** Execute ***
// Launch: 1 / 1
// Execute: dotnet Encina.Benchmarks-ShortRun-1.dll --anonymousPipes 238 239 --benchmarkName "Encina.Benchmarks.Sharding.SpecificationScatterGatherBenchmarks.MergeOrderAndPaginate_LargePage(ShardCount: 3, ItemsPerShard: 100)" --job ShortRun --benchmarkId 8 in /home/runner/work/Encina/Encina/tests/Encina.BenchmarkTests/Encina.Benchmarks/bin/Release/net10.0/Encina.Benchmarks-ShortRun-1/bin/Release/net10.0
// Failed to set up high priority (Permission denied). In order to run benchmarks with high priority, make sure you have the right permissions.
// BeforeAnythingElse

// Benchmark Process Environment Information:
// BenchmarkDotNet v0.15.8
// Runtime=.NET 10.0.12 (10.0.12, 10.0.1226.42308), X64 RyuJIT x86-64-v3
// GC=Concurrent Workstation
// HardwareIntrinsics=AVX2+BMI1+BMI2+F16C+FMA+LZCNT+MOVBE,AVX,SSE3+SSSE3+SSE4.1+SSE4.2+POPCNT,X86Base+SSE+SSE2,AES+PCLMUL VectorSize=256
// Job: ShortRun(IterationCount=3, LaunchCount=1, WarmupCount=3)

OverheadJitting  1: 1 op, 244805.00 ns, 244.8050 us/op
WorkloadJitting  1: 1 op, 14012439.00 ns, 14.0124 ms/op

OverheadJitting  2: 16 op, 525699.00 ns, 32.8562 us/op
WorkloadJitting  2: 16 op, 3735685.00 ns, 233.4803 us/op

WorkloadPilot    1: 16 op, 2538797.00 ns, 158.6748 us/op
WorkloadPilot    2: 32 op, 5300279.00 ns, 165.6337 us/op
WorkloadPilot    3: 64 op, 10667782.00 ns, 166.6841 us/op
WorkloadPilot    4: 128 op, 21049141.00 ns, 164.4464 us/op
WorkloadPilot    5: 256 op, 42391397.00 ns, 165.5914 us/op
WorkloadPilot    6: 512 op, 88522005.00 ns, 172.8945 us/op
WorkloadPilot    7: 1024 op, 169597417.00 ns, 165.6225 us/op
WorkloadPilot    8: 2048 op, 320839800.00 ns, 156.6601 us/op
WorkloadPilot    9: 4096 op, 644581091.00 ns, 157.3684 us/op

OverheadWarmup   1: 4096 op, 14286.00 ns, 3.4878 ns/op
OverheadWarmup   2: 4096 op, 13846.00 ns, 3.3804 ns/op
OverheadWarmup   3: 4096 op, 13875.00 ns, 3.3875 ns/op
OverheadWarmup   4: 4096 op, 13886.00 ns, 3.3901 ns/op
OverheadWarmup   5: 4096 op, 13836.00 ns, 3.3779 ns/op
OverheadWarmup   6: 4096 op, 13816.00 ns, 3.3730 ns/op
OverheadWarmup   7: 4096 op, 14016.00 ns, 3.4219 ns/op
OverheadWarmup   8: 4096 op, 14056.00 ns, 3.4316 ns/op
OverheadWarmup   9: 4096 op, 13826.00 ns, 3.3755 ns/op

OverheadActual   1: 4096 op, 13836.00 ns, 3.3779 ns/op
OverheadActual   2: 4096 op, 13836.00 ns, 3.3779 ns/op
OverheadActual   3: 4096 op, 13926.00 ns, 3.3999 ns/op
OverheadActual   4: 4096 op, 14036.00 ns, 3.4268 ns/op
OverheadActual   5: 4096 op, 13866.00 ns, 3.3853 ns/op
OverheadActual   6: 4096 op, 13836.00 ns, 3.3779 ns/op
OverheadActual   7: 4096 op, 13805.00 ns, 3.3704 ns/op
OverheadActual   8: 4096 op, 13836.00 ns, 3.3779 ns/op
OverheadActual   9: 4096 op, 13845.00 ns, 3.3801 ns/op
OverheadActual  10: 4096 op, 40856.00 ns, 9.9746 ns/op
OverheadActual  11: 4096 op, 13816.00 ns, 3.3730 ns/op
OverheadActual  12: 4096 op, 13836.00 ns, 3.3779 ns/op
OverheadActual  13: 4096 op, 13846.00 ns, 3.3804 ns/op
OverheadActual  14: 4096 op, 13826.00 ns, 3.3755 ns/op
OverheadActual  15: 4096 op, 13906.00 ns, 3.3950 ns/op

WorkloadWarmup   1: 4096 op, 666953035.00 ns, 162.8303 us/op
WorkloadWarmup   2: 4096 op, 654241076.00 ns, 159.7268 us/op
WorkloadWarmup   3: 4096 op, 647271948.00 ns, 158.0254 us/op

// BeforeActualRun
WorkloadActual   1: 4096 op, 656081923.00 ns, 160.1763 us/op
WorkloadActual   2: 4096 op, 652257233.00 ns, 159.2425 us/op
WorkloadActual   3: 4096 op, 650970768.00 ns, 158.9284 us/op

// AfterActualRun
WorkloadResult   1: 4096 op, 656068087.00 ns, 160.1729 us/op
WorkloadResult   2: 4096 op, 652243397.00 ns, 159.2391 us/op
WorkloadResult   3: 4096 op, 650956932.00 ns, 158.9250 us/op
// GC:  5 4 0 97012440 4096
// Threading:  0 0 4096

// AfterAll
// Benchmark Process 3976 has exited with code 0.

Mean = 159.446 μs, StdErr = 0.375 μs (0.24%), N = 3, StdDev = 0.649 μs
Min = 158.925 μs, Q1 = 159.082 μs, Median = 159.239 μs, Q3 = 159.706 μs, Max = 160.173 μs
IQR = 0.624 μs, LowerFence = 158.146 μs, UpperFence = 160.642 μs
ConfidenceInterval = [147.604 μs; 171.287 μs] (CI 99.9%), Margin = 11.841 μs (7.43% of Mean)
Skewness = 0.29, Kurtosis = 0.67, MValue = 2

// ** Remained 11 (55.0 %) benchmark(s) to run. Estimated finish 2026-10-07 15:05 (0h 1m from now) **
// **************************
// Benchmark: SpecificationScatterGatherBenchmarks.'MergeAndOrder with descending ordering': ShortRun(IterationCount=3, LaunchCount=1, WarmupCount=3) [ShardCount=3, ItemsPerShard=100]
// *** Execute ***
// Launch: 1 / 1
// Execute: dotnet Encina.Benchmarks-ShortRun-1.dll --anonymousPipes 238 239 --benchmarkName "Encina.Benchmarks.Sharding.SpecificationScatterGatherBenchmarks.MergeAndOrder_Descending(ShardCount: 3, ItemsPerShard: 100)" --job ShortRun --benchmarkId 9 in /home/runner/work/Encina/Encina/tests/Encina.BenchmarkTests/Encina.Benchmarks/bin/Release/net10.0/Encina.Benchmarks-ShortRun-1/bin/Release/net10.0
// Failed to set up high priority (Permission denied). In order to run benchmarks with high priority, make sure you have the right permissions.
// BeforeAnythingElse

// Benchmark Process Environment Information:
// BenchmarkDotNet v0.15.8
// Runtime=.NET 10.0.12 (10.0.12, 10.0.1226.42308), X64 RyuJIT x86-64-v3
// GC=Concurrent Workstation
// HardwareIntrinsics=AVX2+BMI1+BMI2+F16C+FMA+LZCNT+MOVBE,AVX,SSE3+SSSE3+SSE4.1+SSE4.2+POPCNT,X86Base+SSE+SSE2,AES+PCLMUL VectorSize=256
// Job: ShortRun(IterationCount=3, LaunchCount=1, WarmupCount=3)

OverheadJitting  1: 1 op, 257138.00 ns, 257.1380 us/op
WorkloadJitting  1: 1 op, 12921855.00 ns, 12.9219 ms/op

OverheadJitting  2: 16 op, 478010.00 ns, 29.8756 us/op
WorkloadJitting  2: 16 op, 3733941.00 ns, 233.3713 us/op

WorkloadPilot    1: 16 op, 2773764.00 ns, 173.3603 us/op
WorkloadPilot    2: 32 op, 5736810.00 ns, 179.2753 us/op
WorkloadPilot    3: 64 op, 11447290.00 ns, 178.8639 us/op
WorkloadPilot    4: 128 op, 22879502.00 ns, 178.7461 us/op
WorkloadPilot    5: 256 op, 45812134.00 ns, 178.9536 us/op
WorkloadPilot    6: 512 op, 97129757.00 ns, 189.7066 us/op
WorkloadPilot    7: 1024 op, 184218531.00 ns, 179.9009 us/op
WorkloadPilot    8: 2048 op, 352912773.00 ns, 172.3207 us/op
WorkloadPilot    9: 4096 op, 708792288.00 ns, 173.0450 us/op

OverheadWarmup   1: 4096 op, 14578.00 ns, 3.5591 ns/op
OverheadWarmup   2: 4096 op, 13976.00 ns, 3.4121 ns/op
OverheadWarmup   3: 4096 op, 13976.00 ns, 3.4121 ns/op
OverheadWarmup   4: 4096 op, 14137.00 ns, 3.4514 ns/op
OverheadWarmup   5: 4096 op, 14076.00 ns, 3.4365 ns/op
OverheadWarmup   6: 4096 op, 13986.00 ns, 3.4146 ns/op
OverheadWarmup   7: 4096 op, 13955.00 ns, 3.4070 ns/op
OverheadWarmup   8: 4096 op, 13966.00 ns, 3.4097 ns/op

OverheadActual   1: 4096 op, 13997.00 ns, 3.4172 ns/op
OverheadActual   2: 4096 op, 14277.00 ns, 3.4856 ns/op
OverheadActual   3: 4096 op, 14477.00 ns, 3.5344 ns/op
OverheadActual   4: 4096 op, 34344.00 ns, 8.3848 ns/op
OverheadActual   5: 4096 op, 14047.00 ns, 3.4294 ns/op
OverheadActual   6: 4096 op, 14126.00 ns, 3.4487 ns/op
OverheadActual   7: 4096 op, 14076.00 ns, 3.4365 ns/op
OverheadActual   8: 4096 op, 14087.00 ns, 3.4392 ns/op
OverheadActual   9: 4096 op, 14016.00 ns, 3.4219 ns/op
OverheadActual  10: 4096 op, 14046.00 ns, 3.4292 ns/op
OverheadActual  11: 4096 op, 14116.00 ns, 3.4463 ns/op
OverheadActual  12: 4096 op, 14076.00 ns, 3.4365 ns/op
OverheadActual  13: 4096 op, 14107.00 ns, 3.4441 ns/op
OverheadActual  14: 4096 op, 14077.00 ns, 3.4368 ns/op
OverheadActual  15: 4096 op, 14096.00 ns, 3.4414 ns/op

WorkloadWarmup   1: 4096 op, 717804386.00 ns, 175.2452 us/op
WorkloadWarmup   2: 4096 op, 705819184.00 ns, 172.3191 us/op
WorkloadWarmup   3: 4096 op, 704719536.00 ns, 172.0507 us/op

// BeforeActualRun
WorkloadActual   1: 4096 op, 706503718.00 ns, 172.4863 us/op
WorkloadActual   2: 4096 op, 702556721.00 ns, 171.5226 us/op
WorkloadActual   3: 4096 op, 704069875.00 ns, 171.8921 us/op

// AfterActualRun
WorkloadResult   1: 4096 op, 706489631.00 ns, 172.4828 us/op
WorkloadResult   2: 4096 op, 702542634.00 ns, 171.5192 us/op
WorkloadResult   3: 4096 op, 704055788.00 ns, 171.8886 us/op
// GC:  5 4 0 93116600 4096
// Threading:  0 0 4096

// AfterAll
// Benchmark Process 3982 has exited with code 0.

Mean = 171.964 μs, StdErr = 0.281 μs (0.16%), N = 3, StdDev = 0.486 μs
Min = 171.519 μs, Q1 = 171.704 μs, Median = 171.889 μs, Q3 = 172.186 μs, Max = 172.483 μs
IQR = 0.482 μs, LowerFence = 170.981 μs, UpperFence = 172.908 μs
ConfidenceInterval = [163.094 μs; 180.833 μs] (CI 99.9%), Margin = 8.869 μs (5.16% of Mean)
Skewness = 0.15, Kurtosis = 0.67, MValue = 2

// ** Remained 10 (50.0 %) benchmark(s) to run. Estimated finish 2026-10-07 15:05 (0h 1m from now) **
// **************************
// Benchmark: SpecificationScatterGatherBenchmarks.'MergeAndOrder with ascending ordering': ShortRun(IterationCount=3, LaunchCount=1, WarmupCount=3) [ShardCount=25, ItemsPerShard=10]
// *** Execute ***
// Launch: 1 / 1
// Execute: dotnet Encina.Benchmarks-ShortRun-1.dll --anonymousPipes 238 239 --benchmarkName "Encina.Benchmarks.Sharding.SpecificationScatterGatherBenchmarks.MergeAndOrder_WithOrdering(ShardCount: 25, ItemsPerShard: 10)" --job ShortRun --benchmarkId 10 in /home/runner/work/Encina/Encina/tests/Encina.BenchmarkTests/Encina.Benchmarks/bin/Release/net10.0/Encina.Benchmarks-ShortRun-1/bin/Release/net10.0
// Failed to set up high priority (Permission denied). In order to run benchmarks with high priority, make sure you have the right permissions.
// BeforeAnythingElse

// Benchmark Process Environment Information:
// BenchmarkDotNet v0.15.8
// Runtime=.NET 10.0.12 (10.0.12, 10.0.1226.42308), X64 RyuJIT x86-64-v3
// GC=Concurrent Workstation
// HardwareIntrinsics=AVX2+BMI1+BMI2+F16C+FMA+LZCNT+MOVBE,AVX,SSE3+SSSE3+SSE4.1+SSE4.2+POPCNT,X86Base+SSE+SSE2,AES+PCLMUL VectorSize=256
// Job: ShortRun(IterationCount=3, LaunchCount=1, WarmupCount=3)

OverheadJitting  1: 1 op, 299777.00 ns, 299.7770 us/op
WorkloadJitting  1: 1 op, 12749163.00 ns, 12.7492 ms/op

OverheadJitting  2: 16 op, 486425.00 ns, 30.4016 us/op
WorkloadJitting  2: 16 op, 3317651.00 ns, 207.3532 us/op

WorkloadPilot    1: 16 op, 2352716.00 ns, 147.0448 us/op
WorkloadPilot    2: 32 op, 4907417.00 ns, 153.3568 us/op
WorkloadPilot    3: 64 op, 9858966.00 ns, 154.0463 us/op
WorkloadPilot    4: 128 op, 19445126.00 ns, 151.9150 us/op
WorkloadPilot    5: 256 op, 39025063.00 ns, 152.4417 us/op
WorkloadPilot    6: 512 op, 87567875.00 ns, 171.0310 us/op
WorkloadPilot    7: 1024 op, 158053063.00 ns, 154.3487 us/op
WorkloadPilot    8: 2048 op, 298199252.00 ns, 145.6051 us/op
WorkloadPilot    9: 4096 op, 592994953.00 ns, 144.7742 us/op

OverheadWarmup   1: 4096 op, 14116.00 ns, 3.4463 ns/op
OverheadWarmup   2: 4096 op, 22571.00 ns, 5.5105 ns/op
OverheadWarmup   3: 4096 op, 25588.00 ns, 6.2471 ns/op
OverheadWarmup   4: 4096 op, 22372.00 ns, 5.4619 ns/op
OverheadWarmup   5: 4096 op, 22452.00 ns, 5.4814 ns/op
OverheadWarmup   6: 4096 op, 22502.00 ns, 5.4937 ns/op
OverheadWarmup   7: 4096 op, 22411.00 ns, 5.4714 ns/op

OverheadActual   1: 4096 op, 24796.00 ns, 6.0537 ns/op
OverheadActual   2: 4096 op, 22652.00 ns, 5.5303 ns/op
OverheadActual   3: 4096 op, 25227.00 ns, 6.1589 ns/op
OverheadActual   4: 4096 op, 22562.00 ns, 5.5083 ns/op
OverheadActual   5: 4096 op, 22642.00 ns, 5.5278 ns/op
OverheadActual   6: 4096 op, 22572.00 ns, 5.5107 ns/op
OverheadActual   7: 4096 op, 22462.00 ns, 5.4839 ns/op
OverheadActual   8: 4096 op, 22482.00 ns, 5.4888 ns/op
OverheadActual   9: 4096 op, 22642.00 ns, 5.5278 ns/op
OverheadActual  10: 4096 op, 22522.00 ns, 5.4985 ns/op
OverheadActual  11: 4096 op, 22532.00 ns, 5.5010 ns/op
OverheadActual  12: 4096 op, 22552.00 ns, 5.5059 ns/op
OverheadActual  13: 4096 op, 22382.00 ns, 5.4644 ns/op
OverheadActual  14: 4096 op, 22472.00 ns, 5.4863 ns/op
OverheadActual  15: 4096 op, 22462.00 ns, 5.4839 ns/op

WorkloadWarmup   1: 4096 op, 606107440.00 ns, 147.9754 us/op
WorkloadWarmup   2: 4096 op, 600983360.00 ns, 146.7245 us/op
WorkloadWarmup   3: 4096 op, 593068128.00 ns, 144.7920 us/op

// BeforeActualRun
WorkloadActual   1: 4096 op, 597962682.00 ns, 145.9870 us/op
WorkloadActual   2: 4096 op, 591251653.00 ns, 144.3485 us/op
WorkloadActual   3: 4096 op, 591828988.00 ns, 144.4895 us/op

// AfterActualRun
WorkloadResult   1: 4096 op, 597940130.00 ns, 145.9815 us/op
WorkloadResult   2: 4096 op, 591229101.00 ns, 144.3430 us/op
WorkloadResult   3: 4096 op, 591806436.00 ns, 144.4840 us/op
// GC:  4 3 0 80821688 4096
// Threading:  0 0 4096

// AfterAll
// Benchmark Process 3988 has exited with code 0.

Mean = 144.936 μs, StdErr = 0.524 μs (0.36%), N = 3, StdDev = 0.908 μs
Min = 144.343 μs, Q1 = 144.414 μs, Median = 144.484 μs, Q3 = 145.233 μs, Max = 145.981 μs
IQR = 0.819 μs, LowerFence = 143.185 μs, UpperFence = 146.462 μs
ConfidenceInterval = [128.371 μs; 161.501 μs] (CI 99.9%), Margin = 16.565 μs (11.43% of Mean)
Skewness = 0.37, Kurtosis = 0.67, MValue = 2

// ** Remained 9 (45.0 %) benchmark(s) to run. Estimated finish 2026-10-07 15:05 (0h 1m from now) **
// **************************
// Benchmark: SpecificationScatterGatherBenchmarks.'MergeAndOrder without ordering': ShortRun(IterationCount=3, LaunchCount=1, WarmupCount=3) [ShardCount=25, ItemsPerShard=10]
// *** Execute ***
// Launch: 1 / 1
// Execute: dotnet Encina.Benchmarks-ShortRun-1.dll --anonymousPipes 238 239 --benchmarkName "Encina.Benchmarks.Sharding.SpecificationScatterGatherBenchmarks.MergeAndOrder_NoOrdering(ShardCount: 25, ItemsPerShard: 10)" --job ShortRun --benchmarkId 11 in /home/runner/work/Encina/Encina/tests/Encina.BenchmarkTests/Encina.Benchmarks/bin/Release/net10.0/Encina.Benchmarks-ShortRun-1/bin/Release/net10.0
// Failed to set up high priority (Permission denied). In order to run benchmarks with high priority, make sure you have the right permissions.
// BeforeAnythingElse

// Benchmark Process Environment Information:
// BenchmarkDotNet v0.15.8
// Runtime=.NET 10.0.12 (10.0.12, 10.0.1226.42308), X64 RyuJIT x86-64-v3
// GC=Concurrent Workstation
// HardwareIntrinsics=AVX2+BMI1+BMI2+F16C+FMA+LZCNT+MOVBE,AVX,SSE3+SSSE3+SSE4.1+SSE4.2+POPCNT,X86Base+SSE+SSE2,AES+PCLMUL VectorSize=256
// Job: ShortRun(IterationCount=3, LaunchCount=1, WarmupCount=3)

OverheadJitting  1: 1 op, 247070.00 ns, 247.0700 us/op
WorkloadJitting  1: 1 op, 1578959.00 ns, 1.5790 ms/op

OverheadJitting  2: 16 op, 509599.00 ns, 31.8499 us/op
WorkloadJitting  2: 16 op, 534616.00 ns, 33.4135 us/op

WorkloadPilot    1: 16 op, 52166.00 ns, 3.2604 us/op
WorkloadPilot    2: 32 op, 98754.00 ns, 3.0861 us/op
WorkloadPilot    3: 64 op, 176599.00 ns, 2.7594 us/op
WorkloadPilot    4: 128 op, 353899.00 ns, 2.7648 us/op
WorkloadPilot    5: 256 op, 520680.00 ns, 2.0339 us/op
WorkloadPilot    6: 512 op, 1174657.00 ns, 2.2943 us/op
WorkloadPilot    7: 1024 op, 2213281.00 ns, 2.1614 us/op
WorkloadPilot    8: 2048 op, 4577221.00 ns, 2.2350 us/op
WorkloadPilot    9: 4096 op, 9026313.00 ns, 2.2037 us/op
WorkloadPilot   10: 8192 op, 17711942.00 ns, 2.1621 us/op
WorkloadPilot   11: 16384 op, 22782270.00 ns, 1.3905 us/op
WorkloadPilot   12: 32768 op, 45415042.00 ns, 1.3860 us/op
WorkloadPilot   13: 65536 op, 93736745.00 ns, 1.4303 us/op
WorkloadPilot   14: 131072 op, 184428593.00 ns, 1.4071 us/op
WorkloadPilot   15: 262144 op, 374455376.00 ns, 1.4284 us/op
WorkloadPilot   16: 524288 op, 748165147.00 ns, 1.4270 us/op

OverheadWarmup   1: 524288 op, 1762351.00 ns, 3.3614 ns/op
OverheadWarmup   2: 524288 op, 1761047.00 ns, 3.3589 ns/op
OverheadWarmup   3: 524288 op, 1745008.00 ns, 3.3283 ns/op
OverheadWarmup   4: 524288 op, 1746350.00 ns, 3.3309 ns/op
OverheadWarmup   5: 524288 op, 1743555.00 ns, 3.3256 ns/op
OverheadWarmup   6: 524288 op, 1743936.00 ns, 3.3263 ns/op
OverheadWarmup   7: 524288 op, 1746150.00 ns, 3.3305 ns/op
OverheadWarmup   8: 524288 op, 1743225.00 ns, 3.3249 ns/op

OverheadActual   1: 524288 op, 1745409.00 ns, 3.3291 ns/op
OverheadActual   2: 524288 op, 1734179.00 ns, 3.3077 ns/op
OverheadActual   3: 524288 op, 1752512.00 ns, 3.3427 ns/op
OverheadActual   4: 524288 op, 1737955.00 ns, 3.3149 ns/op
OverheadActual   5: 524288 op, 1732044.00 ns, 3.3036 ns/op
OverheadActual   6: 524288 op, 1748495.00 ns, 3.3350 ns/op
OverheadActual   7: 524288 op, 1747012.00 ns, 3.3322 ns/op
OverheadActual   8: 524288 op, 1732896.00 ns, 3.3052 ns/op
OverheadActual   9: 524288 op, 1746331.00 ns, 3.3309 ns/op
OverheadActual  10: 524288 op, 1746270.00 ns, 3.3307 ns/op
OverheadActual  11: 524288 op, 1732184.00 ns, 3.3039 ns/op
OverheadActual  12: 524288 op, 1743234.00 ns, 3.3250 ns/op
OverheadActual  13: 524288 op, 1748465.00 ns, 3.3349 ns/op
OverheadActual  14: 524288 op, 1729349.00 ns, 3.2985 ns/op
OverheadActual  15: 524288 op, 1743175.00 ns, 3.3248 ns/op

WorkloadWarmup   1: 524288 op, 750657957.00 ns, 1.4318 us/op
WorkloadWarmup   2: 524288 op, 740655318.00 ns, 1.4127 us/op
WorkloadWarmup   3: 524288 op, 744700367.00 ns, 1.4204 us/op

// BeforeActualRun
WorkloadActual   1: 524288 op, 734250435.00 ns, 1.4005 us/op
WorkloadActual   2: 524288 op, 736972993.00 ns, 1.4057 us/op
WorkloadActual   3: 524288 op, 733849669.00 ns, 1.3997 us/op

// AfterActualRun
WorkloadResult   1: 524288 op, 732507201.00 ns, 1.3971 us/op
WorkloadResult   2: 524288 op, 735229759.00 ns, 1.4023 us/op
WorkloadResult   3: 524288 op, 732106435.00 ns, 1.3964 us/op
// GC:  66 0 0 1119879168 524288
// Threading:  0 0 524288

// AfterAll
// Benchmark Process 3997 has exited with code 0.

Mean = 1.399 μs, StdErr = 0.002 μs (0.13%), N = 3, StdDev = 0.003 μs
Min = 1.396 μs, Q1 = 1.397 μs, Median = 1.397 μs, Q3 = 1.400 μs, Max = 1.402 μs
IQR = 0.003 μs, LowerFence = 1.392 μs, UpperFence = 1.404 μs
ConfidenceInterval = [1.339 μs; 1.458 μs] (CI 99.9%), Margin = 0.059 μs (4.23% of Mean)
Skewness = 0.36, Kurtosis = 0.67, MValue = 2

// ** Remained 8 (40.0 %) benchmark(s) to run. Estimated finish 2026-10-07 15:05 (0h 0m from now) **
// **************************
// Benchmark: SpecificationScatterGatherBenchmarks.'MergeOrderAndPaginate overfetch (page 1, size 20)': ShortRun(IterationCount=3, LaunchCount=1, WarmupCount=3) [ShardCount=25, ItemsPerShard=10]
// *** Execute ***
// Launch: 1 / 1
// Execute: dotnet Encina.Benchmarks-ShortRun-1.dll --anonymousPipes 238 239 --benchmarkName "Encina.Benchmarks.Sharding.SpecificationScatterGatherBenchmarks.MergeOrderAndPaginate_OverfetchStrategy(ShardCount: 25, ItemsPerShard: 10)" --job ShortRun --benchmarkId 12 in /home/runner/work/Encina/Encina/tests/Encina.BenchmarkTests/Encina.Benchmarks/bin/Release/net10.0/Encina.Benchmarks-ShortRun-1/bin/Release/net10.0
// Failed to set up high priority (Permission denied). In order to run benchmarks with high priority, make sure you have the right permissions.
// BeforeAnythingElse

// Benchmark Process Environment Information:
// BenchmarkDotNet v0.15.8
// Runtime=.NET 10.0.12 (10.0.12, 10.0.1226.42308), X64 RyuJIT x86-64-v3
// GC=Concurrent Workstation
// HardwareIntrinsics=AVX2+BMI1+BMI2+F16C+FMA+LZCNT+MOVBE,AVX,SSE3+SSSE3+SSE4.1+SSE4.2+POPCNT,X86Base+SSE+SSE2,AES+PCLMUL VectorSize=256
// Job: ShortRun(IterationCount=3, LaunchCount=1, WarmupCount=3)

OverheadJitting  1: 1 op, 264863.00 ns, 264.8630 us/op
WorkloadJitting  1: 1 op, 14127738.00 ns, 14.1277 ms/op

OverheadJitting  2: 16 op, 479764.00 ns, 29.9853 us/op
WorkloadJitting  2: 16 op, 3394960.00 ns, 212.1850 us/op

WorkloadPilot    1: 16 op, 2405899.00 ns, 150.3687 us/op
WorkloadPilot    2: 32 op, 5011779.00 ns, 156.6181 us/op
WorkloadPilot    3: 64 op, 9879951.00 ns, 154.3742 us/op
WorkloadPilot    4: 128 op, 19575990.00 ns, 152.9374 us/op
WorkloadPilot    5: 256 op, 38849717.00 ns, 151.7567 us/op
WorkloadPilot    6: 512 op, 82288086.00 ns, 160.7189 us/op
WorkloadPilot    7: 1024 op, 158823493.00 ns, 155.1011 us/op
WorkloadPilot    8: 2048 op, 299455753.00 ns, 146.2186 us/op
WorkloadPilot    9: 4096 op, 597407948.00 ns, 145.8515 us/op

OverheadWarmup   1: 4096 op, 21991.00 ns, 5.3689 ns/op
OverheadWarmup   2: 4096 op, 13866.00 ns, 3.3853 ns/op
OverheadWarmup   3: 4096 op, 13765.00 ns, 3.3606 ns/op
OverheadWarmup   4: 4096 op, 13806.00 ns, 3.3706 ns/op
OverheadWarmup   5: 4096 op, 13786.00 ns, 3.3657 ns/op
OverheadWarmup   6: 4096 op, 13736.00 ns, 3.3535 ns/op
OverheadWarmup   7: 4096 op, 13766.00 ns, 3.3608 ns/op
OverheadWarmup   8: 4096 op, 13785.00 ns, 3.3655 ns/op
OverheadWarmup   9: 4096 op, 13825.00 ns, 3.3752 ns/op
OverheadWarmup  10: 4096 op, 13776.00 ns, 3.3633 ns/op

OverheadActual   1: 4096 op, 13826.00 ns, 3.3755 ns/op
OverheadActual   2: 4096 op, 13906.00 ns, 3.3950 ns/op
OverheadActual   3: 4096 op, 14086.00 ns, 3.4390 ns/op
OverheadActual   4: 4096 op, 13986.00 ns, 3.4146 ns/op
OverheadActual   5: 4096 op, 19757.00 ns, 4.8235 ns/op
OverheadActual   6: 4096 op, 13816.00 ns, 3.3730 ns/op
OverheadActual   7: 4096 op, 13786.00 ns, 3.3657 ns/op
OverheadActual   8: 4096 op, 13786.00 ns, 3.3657 ns/op
OverheadActual   9: 4096 op, 13776.00 ns, 3.3633 ns/op
OverheadActual  10: 4096 op, 13806.00 ns, 3.3706 ns/op
OverheadActual  11: 4096 op, 13825.00 ns, 3.3752 ns/op
OverheadActual  12: 4096 op, 13776.00 ns, 3.3633 ns/op
OverheadActual  13: 4096 op, 13806.00 ns, 3.3706 ns/op
OverheadActual  14: 4096 op, 13815.00 ns, 3.3728 ns/op
OverheadActual  15: 4096 op, 13816.00 ns, 3.3730 ns/op

WorkloadWarmup   1: 4096 op, 606949230.00 ns, 148.1810 us/op
WorkloadWarmup   2: 4096 op, 597185120.00 ns, 145.7971 us/op
WorkloadWarmup   3: 4096 op, 597036614.00 ns, 145.7609 us/op

// BeforeActualRun
WorkloadActual   1: 4096 op, 598981392.00 ns, 146.2357 us/op
WorkloadActual   2: 4096 op, 596482659.00 ns, 145.6256 us/op
WorkloadActual   3: 4096 op, 595112605.00 ns, 145.2912 us/op

// AfterActualRun
WorkloadResult   1: 4096 op, 598967576.00 ns, 146.2323 us/op
WorkloadResult   2: 4096 op, 596468843.00 ns, 145.6223 us/op
WorkloadResult   3: 4096 op, 595098789.00 ns, 145.2878 us/op
// GC:  4 3 0 82098392 4096
// Threading:  0 0 4096

// AfterAll
// Benchmark Process 4005 has exited with code 0.

Mean = 145.714 μs, StdErr = 0.277 μs (0.19%), N = 3, StdDev = 0.479 μs
Min = 145.288 μs, Q1 = 145.455 μs, Median = 145.622 μs, Q3 = 145.927 μs, Max = 146.232 μs
IQR = 0.472 μs, LowerFence = 144.747 μs, UpperFence = 146.636 μs
ConfidenceInterval = [136.977 μs; 154.451 μs] (CI 99.9%), Margin = 8.737 μs (6.00% of Mean)
Skewness = 0.18, Kurtosis = 0.67, MValue = 2

// ** Remained 7 (35.0 %) benchmark(s) to run. Estimated finish 2026-10-07 15:04 (0h 0m from now) **
// **************************
// Benchmark: SpecificationScatterGatherBenchmarks.'MergeOrderAndPaginate large page (page 2, size 100)': ShortRun(IterationCount=3, LaunchCount=1, WarmupCount=3) [ShardCount=25, ItemsPerShard=10]
// *** Execute ***
// Launch: 1 / 1
// Execute: dotnet Encina.Benchmarks-ShortRun-1.dll --anonymousPipes 238 239 --benchmarkName "Encina.Benchmarks.Sharding.SpecificationScatterGatherBenchmarks.MergeOrderAndPaginate_LargePage(ShardCount: 25, ItemsPerShard: 10)" --job ShortRun --benchmarkId 13 in /home/runner/work/Encina/Encina/tests/Encina.BenchmarkTests/Encina.Benchmarks/bin/Release/net10.0/Encina.Benchmarks-ShortRun-1/bin/Release/net10.0
// Failed to set up high priority (Permission denied). In order to run benchmarks with high priority, make sure you have the right permissions.
// BeforeAnythingElse

// Benchmark Process Environment Information:
// BenchmarkDotNet v0.15.8
// Runtime=.NET 10.0.12 (10.0.12, 10.0.1226.42308), X64 RyuJIT x86-64-v3
// GC=Concurrent Workstation
// HardwareIntrinsics=AVX2+BMI1+BMI2+F16C+FMA+LZCNT+MOVBE,AVX,SSE3+SSSE3+SSE4.1+SSE4.2+POPCNT,X86Base+SSE+SSE2,AES+PCLMUL VectorSize=256
// Job: ShortRun(IterationCount=3, LaunchCount=1, WarmupCount=3)

OverheadJitting  1: 1 op, 241419.00 ns, 241.4190 us/op
WorkloadJitting  1: 1 op, 13642764.00 ns, 13.6428 ms/op

OverheadJitting  2: 16 op, 499520.00 ns, 31.2200 us/op
WorkloadJitting  2: 16 op, 3346589.00 ns, 209.1618 us/op

WorkloadPilot    1: 16 op, 2354562.00 ns, 147.1601 us/op
WorkloadPilot    2: 32 op, 5023510.00 ns, 156.9847 us/op
WorkloadPilot    3: 64 op, 9795933.00 ns, 153.0615 us/op
WorkloadPilot    4: 128 op, 19619549.00 ns, 153.2777 us/op
WorkloadPilot    5: 256 op, 39235900.00 ns, 153.2652 us/op
WorkloadPilot    6: 512 op, 82789097.00 ns, 161.6975 us/op
WorkloadPilot    7: 1024 op, 158867484.00 ns, 155.1440 us/op
WorkloadPilot    8: 2048 op, 300304683.00 ns, 146.6331 us/op
WorkloadPilot    9: 4096 op, 597982357.00 ns, 145.9918 us/op

OverheadWarmup   1: 4096 op, 14086.00 ns, 3.4390 ns/op
OverheadWarmup   2: 4096 op, 13906.00 ns, 3.3950 ns/op
OverheadWarmup   3: 4096 op, 13816.00 ns, 3.3730 ns/op
OverheadWarmup   4: 4096 op, 13825.00 ns, 3.3752 ns/op
OverheadWarmup   5: 4096 op, 13785.00 ns, 3.3655 ns/op
OverheadWarmup   6: 4096 op, 13806.00 ns, 3.3706 ns/op
OverheadWarmup   7: 4096 op, 13805.00 ns, 3.3704 ns/op

OverheadActual   1: 4096 op, 18584.00 ns, 4.5371 ns/op
OverheadActual   2: 4096 op, 13926.00 ns, 3.3999 ns/op
OverheadActual   3: 4096 op, 13816.00 ns, 3.3730 ns/op
OverheadActual   4: 4096 op, 13836.00 ns, 3.3779 ns/op
OverheadActual   5: 4096 op, 13805.00 ns, 3.3704 ns/op
OverheadActual   6: 4096 op, 13835.00 ns, 3.3777 ns/op
OverheadActual   7: 4096 op, 13835.00 ns, 3.3777 ns/op
OverheadActual   8: 4096 op, 13786.00 ns, 3.3657 ns/op
OverheadActual   9: 4096 op, 13806.00 ns, 3.3706 ns/op
OverheadActual  10: 4096 op, 13805.00 ns, 3.3704 ns/op
OverheadActual  11: 4096 op, 13816.00 ns, 3.3730 ns/op
OverheadActual  12: 4096 op, 13796.00 ns, 3.3682 ns/op
OverheadActual  13: 4096 op, 13785.00 ns, 3.3655 ns/op
OverheadActual  14: 4096 op, 13825.00 ns, 3.3752 ns/op
OverheadActual  15: 4096 op, 13806.00 ns, 3.3706 ns/op

WorkloadWarmup   1: 4096 op, 610845960.00 ns, 149.1323 us/op
WorkloadWarmup   2: 4096 op, 604931522.00 ns, 147.6884 us/op
WorkloadWarmup   3: 4096 op, 598032801.00 ns, 146.0041 us/op

// BeforeActualRun
WorkloadActual   1: 4096 op, 597595968.00 ns, 145.8975 us/op
WorkloadActual   2: 4096 op, 595672109.00 ns, 145.4278 us/op
WorkloadActual   3: 4096 op, 601773229.00 ns, 146.9173 us/op

// AfterActualRun
WorkloadResult   1: 4096 op, 597582152.00 ns, 145.8941 us/op
WorkloadResult   2: 4096 op, 595658293.00 ns, 145.4244 us/op
WorkloadResult   3: 4096 op, 601759413.00 ns, 146.9139 us/op
// GC:  5 4 0 84736728 4096
// Threading:  0 0 4096

// AfterAll
// Benchmark Process 4013 has exited with code 0.

Mean = 146.077 μs, StdErr = 0.440 μs (0.30%), N = 3, StdDev = 0.762 μs
Min = 145.424 μs, Q1 = 145.659 μs, Median = 145.894 μs, Q3 = 146.404 μs, Max = 146.914 μs
IQR = 0.745 μs, LowerFence = 144.542 μs, UpperFence = 147.521 μs
ConfidenceInterval = [132.185 μs; 159.970 μs] (CI 99.9%), Margin = 13.893 μs (9.51% of Mean)
Skewness = 0.23, Kurtosis = 0.67, MValue = 2

// ** Remained 6 (30.0 %) benchmark(s) to run. Estimated finish 2026-10-07 15:04 (0h 0m from now) **
// **************************
// Benchmark: SpecificationScatterGatherBenchmarks.'MergeAndOrder with descending ordering': ShortRun(IterationCount=3, LaunchCount=1, WarmupCount=3) [ShardCount=25, ItemsPerShard=10]
// *** Execute ***
// Launch: 1 / 1
// Execute: dotnet Encina.Benchmarks-ShortRun-1.dll --anonymousPipes 238 239 --benchmarkName "Encina.Benchmarks.Sharding.SpecificationScatterGatherBenchmarks.MergeAndOrder_Descending(ShardCount: 25, ItemsPerShard: 10)" --job ShortRun --benchmarkId 14 in /home/runner/work/Encina/Encina/tests/Encina.BenchmarkTests/Encina.Benchmarks/bin/Release/net10.0/Encina.Benchmarks-ShortRun-1/bin/Release/net10.0
// Failed to set up high priority (Permission denied). In order to run benchmarks with high priority, make sure you have the right permissions.
// BeforeAnythingElse

// Benchmark Process Environment Information:
// BenchmarkDotNet v0.15.8
// Runtime=.NET 10.0.12 (10.0.12, 10.0.1226.42308), X64 RyuJIT x86-64-v3
// GC=Concurrent Workstation
// HardwareIntrinsics=AVX2+BMI1+BMI2+F16C+FMA+LZCNT+MOVBE,AVX,SSE3+SSSE3+SSE4.1+SSE4.2+POPCNT,X86Base+SSE+SSE2,AES+PCLMUL VectorSize=256
// Job: ShortRun(IterationCount=3, LaunchCount=1, WarmupCount=3)

OverheadJitting  1: 1 op, 240137.00 ns, 240.1370 us/op
WorkloadJitting  1: 1 op, 13937628.00 ns, 13.9376 ms/op

OverheadJitting  2: 16 op, 522782.00 ns, 32.6739 us/op
WorkloadJitting  2: 16 op, 3617463.00 ns, 226.0914 us/op

WorkloadPilot    1: 16 op, 2623142.00 ns, 163.9464 us/op
WorkloadPilot    2: 32 op, 5486450.00 ns, 171.4516 us/op
WorkloadPilot    3: 64 op, 11219189.00 ns, 175.2998 us/op
WorkloadPilot    4: 128 op, 21342038.00 ns, 166.7347 us/op
WorkloadPilot    5: 256 op, 42949260.00 ns, 167.7705 us/op
WorkloadPilot    6: 512 op, 88985945.00 ns, 173.8007 us/op
WorkloadPilot    7: 1024 op, 170907892.00 ns, 166.9022 us/op
WorkloadPilot    8: 2048 op, 324153815.00 ns, 158.2782 us/op
WorkloadPilot    9: 4096 op, 649870590.00 ns, 158.6598 us/op

OverheadWarmup   1: 4096 op, 23423.00 ns, 5.7185 ns/op
OverheadWarmup   2: 4096 op, 23123.00 ns, 5.6453 ns/op
OverheadWarmup   3: 4096 op, 23123.00 ns, 5.6453 ns/op
OverheadWarmup   4: 4096 op, 23123.00 ns, 5.6453 ns/op
OverheadWarmup   5: 4096 op, 23053.00 ns, 5.6282 ns/op
OverheadWarmup   6: 4096 op, 23203.00 ns, 5.6648 ns/op

OverheadActual   1: 4096 op, 22952.00 ns, 5.6035 ns/op
OverheadActual   2: 4096 op, 23894.00 ns, 5.8335 ns/op
OverheadActual   3: 4096 op, 22391.00 ns, 5.4666 ns/op
OverheadActual   4: 4096 op, 23504.00 ns, 5.7383 ns/op
OverheadActual   5: 4096 op, 23033.00 ns, 5.6233 ns/op
OverheadActual   6: 4096 op, 23373.00 ns, 5.7063 ns/op
OverheadActual   7: 4096 op, 23173.00 ns, 5.6575 ns/op
OverheadActual   8: 4096 op, 22983.00 ns, 5.6111 ns/op
OverheadActual   9: 4096 op, 23374.00 ns, 5.7065 ns/op
OverheadActual  10: 4096 op, 25728.00 ns, 6.2813 ns/op
OverheadActual  11: 4096 op, 25417.00 ns, 6.2053 ns/op
OverheadActual  12: 4096 op, 23243.00 ns, 5.6746 ns/op
OverheadActual  13: 4096 op, 39734.00 ns, 9.7007 ns/op
OverheadActual  14: 4096 op, 22873.00 ns, 5.5842 ns/op
OverheadActual  15: 4096 op, 23244.00 ns, 5.6748 ns/op

WorkloadWarmup   1: 4096 op, 665442839.00 ns, 162.4616 us/op
WorkloadWarmup   2: 4096 op, 655052172.00 ns, 159.9248 us/op
WorkloadWarmup   3: 4096 op, 644111571.00 ns, 157.2538 us/op

// BeforeActualRun
WorkloadActual   1: 4096 op, 653757963.00 ns, 159.6089 us/op
WorkloadActual   2: 4096 op, 649566382.00 ns, 158.5855 us/op
WorkloadActual   3: 4096 op, 647580898.00 ns, 158.1008 us/op

// AfterActualRun
WorkloadResult   1: 4096 op, 653734719.00 ns, 159.6032 us/op
WorkloadResult   2: 4096 op, 649543138.00 ns, 158.5799 us/op
WorkloadResult   3: 4096 op, 647557654.00 ns, 158.0951 us/op
// GC:  4 3 0 80821688 4096
// Threading:  0 0 4096

// AfterAll
// Benchmark Process 4019 has exited with code 0.

Mean = 158.759 μs, StdErr = 0.445 μs (0.28%), N = 3, StdDev = 0.770 μs
Min = 158.095 μs, Q1 = 158.337 μs, Median = 158.580 μs, Q3 = 159.092 μs, Max = 159.603 μs
IQR = 0.754 μs, LowerFence = 157.206 μs, UpperFence = 160.223 μs
ConfidenceInterval = [144.714 μs; 172.805 μs] (CI 99.9%), Margin = 14.046 μs (8.85% of Mean)
Skewness = 0.22, Kurtosis = 0.67, MValue = 2

// ** Remained 5 (25.0 %) benchmark(s) to run. Estimated finish 2026-10-07 15:04 (0h 0m from now) **
// **************************
// Benchmark: SpecificationScatterGatherBenchmarks.'MergeAndOrder with ascending ordering': ShortRun(IterationCount=3, LaunchCount=1, WarmupCount=3) [ShardCount=25, ItemsPerShard=100]
// *** Execute ***
// Launch: 1 / 1
// Execute: dotnet Encina.Benchmarks-ShortRun-1.dll --anonymousPipes 238 239 --benchmarkName "Encina.Benchmarks.Sharding.SpecificationScatterGatherBenchmarks.MergeAndOrder_WithOrdering(ShardCount: 25, ItemsPerShard: 100)" --job ShortRun --benchmarkId 15 in /home/runner/work/Encina/Encina/tests/Encina.BenchmarkTests/Encina.Benchmarks/bin/Release/net10.0/Encina.Benchmarks-ShortRun-1/bin/Release/net10.0
// Failed to set up high priority (Permission denied). In order to run benchmarks with high priority, make sure you have the right permissions.
// BeforeAnythingElse

// Benchmark Process Environment Information:
// BenchmarkDotNet v0.15.8
// Runtime=.NET 10.0.12 (10.0.12, 10.0.1226.42308), X64 RyuJIT x86-64-v3
// GC=Concurrent Workstation
// HardwareIntrinsics=AVX2+BMI1+BMI2+F16C+FMA+LZCNT+MOVBE,AVX,SSE3+SSSE3+SSE4.1+SSE4.2+POPCNT,X86Base+SSE+SSE2,AES+PCLMUL VectorSize=256
// Job: ShortRun(IterationCount=3, LaunchCount=1, WarmupCount=3)

OverheadJitting  1: 1 op, 246900.00 ns, 246.9000 us/op
WorkloadJitting  1: 1 op, 13557448.00 ns, 13.5574 ms/op

OverheadJitting  2: 16 op, 507344.00 ns, 31.7090 us/op
WorkloadJitting  2: 16 op, 11479570.00 ns, 717.4731 us/op

WorkloadPilot    1: 16 op, 9430806.00 ns, 589.4254 us/op
WorkloadPilot    2: 32 op, 20135765.00 ns, 629.2427 us/op
WorkloadPilot    3: 64 op, 40892595.00 ns, 638.9468 us/op
WorkloadPilot    4: 128 op, 81936042.00 ns, 640.1253 us/op
WorkloadPilot    5: 256 op, 150395896.00 ns, 587.4840 us/op
WorkloadPilot    6: 512 op, 312244193.00 ns, 609.8519 us/op
WorkloadPilot    7: 1024 op, 599720147.00 ns, 585.6642 us/op

OverheadWarmup   1: 1024 op, 6693.00 ns, 6.5361 ns/op
OverheadWarmup   2: 1024 op, 8576.00 ns, 8.3750 ns/op
OverheadWarmup   3: 1024 op, 6462.00 ns, 6.3105 ns/op
OverheadWarmup   4: 1024 op, 6422.00 ns, 6.2715 ns/op
OverheadWarmup   5: 1024 op, 6391.00 ns, 6.2412 ns/op
OverheadWarmup   6: 1024 op, 6312.00 ns, 6.1641 ns/op
OverheadWarmup   7: 1024 op, 6502.00 ns, 6.3496 ns/op
OverheadWarmup   8: 1024 op, 8587.00 ns, 8.3857 ns/op
OverheadWarmup   9: 1024 op, 6492.00 ns, 6.3398 ns/op

OverheadActual   1: 1024 op, 6542.00 ns, 6.3887 ns/op
OverheadActual   2: 1024 op, 6432.00 ns, 6.2813 ns/op
OverheadActual   3: 1024 op, 6482.00 ns, 6.3301 ns/op
OverheadActual   4: 1024 op, 6442.00 ns, 6.2910 ns/op
OverheadActual   5: 1024 op, 6542.00 ns, 6.3887 ns/op
OverheadActual   6: 1024 op, 6412.00 ns, 6.2617 ns/op
OverheadActual   7: 1024 op, 6462.00 ns, 6.3105 ns/op
OverheadActual   8: 1024 op, 8957.00 ns, 8.7471 ns/op
OverheadActual   9: 1024 op, 6512.00 ns, 6.3594 ns/op
OverheadActual  10: 1024 op, 6472.00 ns, 6.3203 ns/op
OverheadActual  11: 1024 op, 8365.00 ns, 8.1689 ns/op
OverheadActual  12: 1024 op, 6461.00 ns, 6.3096 ns/op
OverheadActual  13: 1024 op, 6392.00 ns, 6.2422 ns/op
OverheadActual  14: 1024 op, 6492.00 ns, 6.3398 ns/op
OverheadActual  15: 1024 op, 8646.00 ns, 8.4434 ns/op

WorkloadWarmup   1: 1024 op, 613087582.00 ns, 598.7183 us/op
WorkloadWarmup   2: 1024 op, 604071978.00 ns, 589.9140 us/op
WorkloadWarmup   3: 1024 op, 597936306.00 ns, 583.9222 us/op

// BeforeActualRun
WorkloadActual   1: 1024 op, 599894762.00 ns, 585.8347 us/op
WorkloadActual   2: 1024 op, 601665399.00 ns, 587.5639 us/op
WorkloadActual   3: 1024 op, 598262152.00 ns, 584.2404 us/op

// AfterActualRun
WorkloadResult   1: 1024 op, 599888280.00 ns, 585.8284 us/op
WorkloadResult   2: 1024 op, 601658917.00 ns, 587.5575 us/op
WorkloadResult   3: 1024 op, 598255670.00 ns, 584.2341 us/op
// GC:  9 4 0 158440224 1024
// Threading:  0 0 1024

// AfterAll
// Benchmark Process 4028 has exited with code 0.

Mean = 585.873 μs, StdErr = 0.960 μs (0.16%), N = 3, StdDev = 1.662 μs
Min = 584.234 μs, Q1 = 585.031 μs, Median = 585.828 μs, Q3 = 586.693 μs, Max = 587.558 μs
IQR = 1.662 μs, LowerFence = 582.539 μs, UpperFence = 589.186 μs
ConfidenceInterval = [555.549 μs; 616.198 μs] (CI 99.9%), Margin = 30.325 μs (5.18% of Mean)
Skewness = 0.03, Kurtosis = 0.67, MValue = 2

// ** Remained 4 (20.0 %) benchmark(s) to run. Estimated finish 2026-10-07 15:04 (0h 0m from now) **
// **************************
// Benchmark: SpecificationScatterGatherBenchmarks.'MergeAndOrder without ordering': ShortRun(IterationCount=3, LaunchCount=1, WarmupCount=3) [ShardCount=25, ItemsPerShard=100]
// *** Execute ***
// Launch: 1 / 1
// Execute: dotnet Encina.Benchmarks-ShortRun-1.dll --anonymousPipes 238 239 --benchmarkName "Encina.Benchmarks.Sharding.SpecificationScatterGatherBenchmarks.MergeAndOrder_NoOrdering(ShardCount: 25, ItemsPerShard: 100)" --job ShortRun --benchmarkId 16 in /home/runner/work/Encina/Encina/tests/Encina.BenchmarkTests/Encina.Benchmarks/bin/Release/net10.0/Encina.Benchmarks-ShortRun-1/bin/Release/net10.0
// Failed to set up high priority (Permission denied). In order to run benchmarks with high priority, make sure you have the right permissions.
// BeforeAnythingElse

// Benchmark Process Environment Information:
// BenchmarkDotNet v0.15.8
// Runtime=.NET 10.0.12 (10.0.12, 10.0.1226.42308), X64 RyuJIT x86-64-v3
// GC=Concurrent Workstation
// HardwareIntrinsics=AVX2+BMI1+BMI2+F16C+FMA+LZCNT+MOVBE,AVX,SSE3+SSSE3+SSE4.1+SSE4.2+POPCNT,X86Base+SSE+SSE2,AES+PCLMUL VectorSize=256
// Job: ShortRun(IterationCount=3, LaunchCount=1, WarmupCount=3)

OverheadJitting  1: 1 op, 254333.00 ns, 254.3330 us/op
WorkloadJitting  1: 1 op, 1515832.00 ns, 1.5158 ms/op

OverheadJitting  2: 16 op, 509880.00 ns, 31.8675 us/op
WorkloadJitting  2: 16 op, 712798.00 ns, 44.5499 us/op

WorkloadPilot    1: 16 op, 197056.00 ns, 12.3160 us/op
WorkloadPilot    2: 32 op, 252119.00 ns, 7.8787 us/op
WorkloadPilot    3: 64 op, 633559.00 ns, 9.8994 us/op
WorkloadPilot    4: 128 op, 1346847.00 ns, 10.5222 us/op
WorkloadPilot    5: 256 op, 2639815.00 ns, 10.3118 us/op
WorkloadPilot    6: 512 op, 5224095.00 ns, 10.2033 us/op
WorkloadPilot    7: 1024 op, 7644611.00 ns, 7.4654 us/op
WorkloadPilot    8: 2048 op, 6096669.00 ns, 2.9769 us/op
WorkloadPilot    9: 4096 op, 10304964.00 ns, 2.5159 us/op
WorkloadPilot   10: 8192 op, 19845113.00 ns, 2.4225 us/op
WorkloadPilot   11: 16384 op, 40668588.00 ns, 2.4822 us/op
WorkloadPilot   12: 32768 op, 78977334.00 ns, 2.4102 us/op
WorkloadPilot   13: 65536 op, 161888331.00 ns, 2.4702 us/op
WorkloadPilot   14: 131072 op, 324249522.00 ns, 2.4738 us/op
WorkloadPilot   15: 262144 op, 685504633.00 ns, 2.6150 us/op

OverheadWarmup   1: 262144 op, 877173.00 ns, 3.3461 ns/op
OverheadWarmup   2: 262144 op, 876672.00 ns, 3.3442 ns/op
OverheadWarmup   3: 262144 op, 878015.00 ns, 3.3494 ns/op
OverheadWarmup   4: 262144 op, 883054.00 ns, 3.3686 ns/op
OverheadWarmup   5: 262144 op, 877222.00 ns, 3.3463 ns/op
OverheadWarmup   6: 262144 op, 893775.00 ns, 3.4095 ns/op
OverheadWarmup   7: 262144 op, 885529.00 ns, 3.3780 ns/op

OverheadActual   1: 262144 op, 884767.00 ns, 3.3751 ns/op
OverheadActual   2: 262144 op, 878806.00 ns, 3.3524 ns/op
OverheadActual   3: 262144 op, 878756.00 ns, 3.3522 ns/op
OverheadActual   4: 262144 op, 877954.00 ns, 3.3491 ns/op
OverheadActual   5: 262144 op, 859410.00 ns, 3.2784 ns/op
OverheadActual   6: 262144 op, 876591.00 ns, 3.3439 ns/op
OverheadActual   7: 262144 op, 886030.00 ns, 3.3799 ns/op
OverheadActual   8: 262144 op, 859199.00 ns, 3.2776 ns/op
OverheadActual   9: 262144 op, 879878.00 ns, 3.3565 ns/op
OverheadActual  10: 262144 op, 883435.00 ns, 3.3700 ns/op
OverheadActual  11: 262144 op, 988850.00 ns, 3.7722 ns/op
OverheadActual  12: 262144 op, 859169.00 ns, 3.2775 ns/op
OverheadActual  13: 262144 op, 876201.00 ns, 3.3424 ns/op
OverheadActual  14: 262144 op, 885087.00 ns, 3.3763 ns/op
OverheadActual  15: 262144 op, 880319.00 ns, 3.3582 ns/op

WorkloadWarmup   1: 262144 op, 669228343.00 ns, 2.5529 us/op
WorkloadWarmup   2: 262144 op, 662672091.00 ns, 2.5279 us/op
WorkloadWarmup   3: 262144 op, 677212386.00 ns, 2.5834 us/op

// BeforeActualRun
WorkloadActual   1: 262144 op, 695587384.00 ns, 2.6535 us/op
WorkloadActual   2: 262144 op, 685199270.00 ns, 2.6138 us/op
WorkloadActual   3: 262144 op, 717704299.00 ns, 2.7378 us/op

// AfterActualRun
WorkloadResult   1: 262144 op, 694708578.00 ns, 2.6501 us/op
WorkloadResult   2: 262144 op, 684320464.00 ns, 2.6105 us/op
WorkloadResult   3: 262144 op, 716825493.00 ns, 2.7345 us/op
// GC:  315 20 0 5278531584 262144
// Threading:  0 0 262144

// AfterAll
// Benchmark Process 4036 has exited with code 0.

Mean = 2.665 μs, StdErr = 0.037 μs (1.37%), N = 3, StdDev = 0.063 μs
Min = 2.610 μs, Q1 = 2.630 μs, Median = 2.650 μs, Q3 = 2.692 μs, Max = 2.734 μs
IQR = 0.062 μs, LowerFence = 2.537 μs, UpperFence = 2.785 μs
ConfidenceInterval = [1.510 μs; 3.820 μs] (CI 99.9%), Margin = 1.155 μs (43.35% of Mean)
Skewness = 0.22, Kurtosis = 0.67, MValue = 2

// ** Remained 3 (15.0 %) benchmark(s) to run. Estimated finish 2026-10-07 15:04 (0h 0m from now) **
// **************************
// Benchmark: SpecificationScatterGatherBenchmarks.'MergeOrderAndPaginate overfetch (page 1, size 20)': ShortRun(IterationCount=3, LaunchCount=1, WarmupCount=3) [ShardCount=25, ItemsPerShard=100]
// *** Execute ***
// Launch: 1 / 1
// Execute: dotnet Encina.Benchmarks-ShortRun-1.dll --anonymousPipes 238 239 --benchmarkName "Encina.Benchmarks.Sharding.SpecificationScatterGatherBenchmarks.MergeOrderAndPaginate_OverfetchStrategy(ShardCount: 25, ItemsPerShard: 100)" --job ShortRun --benchmarkId 17 in /home/runner/work/Encina/Encina/tests/Encina.BenchmarkTests/Encina.Benchmarks/bin/Release/net10.0/Encina.Benchmarks-ShortRun-1/bin/Release/net10.0
// Failed to set up high priority (Permission denied). In order to run benchmarks with high priority, make sure you have the right permissions.
// BeforeAnythingElse

// Benchmark Process Environment Information:
// BenchmarkDotNet v0.15.8
// Runtime=.NET 10.0.12 (10.0.12, 10.0.1226.42308), X64 RyuJIT x86-64-v3
// GC=Concurrent Workstation
// HardwareIntrinsics=AVX2+BMI1+BMI2+F16C+FMA+LZCNT+MOVBE,AVX,SSE3+SSSE3+SSE4.1+SSE4.2+POPCNT,X86Base+SSE+SSE2,AES+PCLMUL VectorSize=256
// Job: ShortRun(IterationCount=3, LaunchCount=1, WarmupCount=3)

OverheadJitting  1: 1 op, 263480.00 ns, 263.4800 us/op
WorkloadJitting  1: 1 op, 14274728.00 ns, 14.2747 ms/op

OverheadJitting  2: 16 op, 487217.00 ns, 30.4511 us/op
WorkloadJitting  2: 16 op, 11481329.00 ns, 717.5831 us/op

WorkloadPilot    1: 16 op, 9367204.00 ns, 585.4503 us/op
WorkloadPilot    2: 32 op, 20143371.00 ns, 629.4803 us/op
WorkloadPilot    3: 64 op, 40835292.00 ns, 638.0514 us/op
WorkloadPilot    4: 128 op, 81341331.00 ns, 635.4791 us/op
WorkloadPilot    5: 256 op, 151471836.00 ns, 591.6869 us/op
WorkloadPilot    6: 512 op, 304163092.00 ns, 594.0685 us/op
WorkloadPilot    7: 1024 op, 604657938.00 ns, 590.4863 us/op

OverheadWarmup   1: 1024 op, 4178.00 ns, 4.0801 ns/op
OverheadWarmup   2: 1024 op, 3817.00 ns, 3.7275 ns/op
OverheadWarmup   3: 1024 op, 3817.00 ns, 3.7275 ns/op
OverheadWarmup   4: 1024 op, 3827.00 ns, 3.7373 ns/op
OverheadWarmup   5: 1024 op, 3827.00 ns, 3.7373 ns/op
OverheadWarmup   6: 1024 op, 3837.00 ns, 3.7471 ns/op

OverheadActual   1: 1024 op, 3837.00 ns, 3.7471 ns/op
OverheadActual   2: 1024 op, 3837.00 ns, 3.7471 ns/op
OverheadActual   3: 1024 op, 3947.00 ns, 3.8545 ns/op
OverheadActual   4: 1024 op, 3837.00 ns, 3.7471 ns/op
OverheadActual   5: 1024 op, 3827.00 ns, 3.7373 ns/op
OverheadActual   6: 1024 op, 3838.00 ns, 3.7480 ns/op
OverheadActual   7: 1024 op, 3837.00 ns, 3.7471 ns/op
OverheadActual   8: 1024 op, 3827.00 ns, 3.7373 ns/op
OverheadActual   9: 1024 op, 3847.00 ns, 3.7568 ns/op
OverheadActual  10: 1024 op, 3817.00 ns, 3.7275 ns/op
OverheadActual  11: 1024 op, 3807.00 ns, 3.7178 ns/op
OverheadActual  12: 1024 op, 3817.00 ns, 3.7275 ns/op
OverheadActual  13: 1024 op, 3817.00 ns, 3.7275 ns/op
OverheadActual  14: 1024 op, 3807.00 ns, 3.7178 ns/op
OverheadActual  15: 1024 op, 3827.00 ns, 3.7373 ns/op

WorkloadWarmup   1: 1024 op, 615199078.00 ns, 600.7803 us/op
WorkloadWarmup   2: 1024 op, 607768197.00 ns, 593.5236 us/op
WorkloadWarmup   3: 1024 op, 603039736.00 ns, 588.9060 us/op

// BeforeActualRun
WorkloadActual   1: 1024 op, 606802718.00 ns, 592.5808 us/op
WorkloadActual   2: 1024 op, 606605264.00 ns, 592.3880 us/op
WorkloadActual   3: 1024 op, 604898577.00 ns, 590.7213 us/op

// AfterActualRun
WorkloadResult   1: 1024 op, 606798891.00 ns, 592.5770 us/op
WorkloadResult   2: 1024 op, 606601437.00 ns, 592.3842 us/op
WorkloadResult   3: 1024 op, 604894750.00 ns, 590.7175 us/op
// GC:  9 4 0 158759664 1024
// Threading:  0 0 1024

// AfterAll
// Benchmark Process 4042 has exited with code 0.

Mean = 591.893 μs, StdErr = 0.590 μs (0.10%), N = 3, StdDev = 1.022 μs
Min = 590.718 μs, Q1 = 591.551 μs, Median = 592.384 μs, Q3 = 592.481 μs, Max = 592.577 μs
IQR = 0.930 μs, LowerFence = 590.156 μs, UpperFence = 593.875 μs
ConfidenceInterval = [573.239 μs; 610.547 μs] (CI 99.9%), Margin = 18.654 μs (3.15% of Mean)
Skewness = -0.37, Kurtosis = 0.67, MValue = 2

// ** Remained 2 (10.0 %) benchmark(s) to run. Estimated finish 2026-10-07 15:04 (0h 0m from now) **
// **************************
// Benchmark: SpecificationScatterGatherBenchmarks.'MergeOrderAndPaginate large page (page 2, size 100)': ShortRun(IterationCount=3, LaunchCount=1, WarmupCount=3) [ShardCount=25, ItemsPerShard=100]
// *** Execute ***
// Launch: 1 / 1
// Execute: dotnet Encina.Benchmarks-ShortRun-1.dll --anonymousPipes 238 239 --benchmarkName "Encina.Benchmarks.Sharding.SpecificationScatterGatherBenchmarks.MergeOrderAndPaginate_LargePage(ShardCount: 25, ItemsPerShard: 100)" --job ShortRun --benchmarkId 18 in /home/runner/work/Encina/Encina/tests/Encina.BenchmarkTests/Encina.Benchmarks/bin/Release/net10.0/Encina.Benchmarks-ShortRun-1/bin/Release/net10.0
// Failed to set up high priority (Permission denied). In order to run benchmarks with high priority, make sure you have the right permissions.
// BeforeAnythingElse

// Benchmark Process Environment Information:
// BenchmarkDotNet v0.15.8
// Runtime=.NET 10.0.12 (10.0.12, 10.0.1226.42308), X64 RyuJIT x86-64-v3
// GC=Concurrent Workstation
// HardwareIntrinsics=AVX2+BMI1+BMI2+F16C+FMA+LZCNT+MOVBE,AVX,SSE3+SSSE3+SSE4.1+SSE4.2+POPCNT,X86Base+SSE+SSE2,AES+PCLMUL VectorSize=256
// Job: ShortRun(IterationCount=3, LaunchCount=1, WarmupCount=3)

OverheadJitting  1: 1 op, 247221.00 ns, 247.2210 us/op
WorkloadJitting  1: 1 op, 14703135.00 ns, 14.7031 ms/op

OverheadJitting  2: 16 op, 508767.00 ns, 31.7979 us/op
WorkloadJitting  2: 16 op, 11365823.00 ns, 710.3639 us/op

WorkloadPilot    1: 16 op, 9467269.00 ns, 591.7043 us/op
WorkloadPilot    2: 32 op, 20662776.00 ns, 645.7118 us/op
WorkloadPilot    3: 64 op, 41569215.00 ns, 649.5190 us/op
WorkloadPilot    4: 128 op, 83655324.00 ns, 653.5572 us/op
WorkloadPilot    5: 256 op, 151380039.00 ns, 591.3283 us/op
WorkloadPilot    6: 512 op, 305054437.00 ns, 595.8094 us/op
WorkloadPilot    7: 1024 op, 604898938.00 ns, 590.7216 us/op

OverheadWarmup   1: 1024 op, 6683.00 ns, 6.5264 ns/op
OverheadWarmup   2: 1024 op, 4237.00 ns, 4.1377 ns/op
OverheadWarmup   3: 1024 op, 4217.00 ns, 4.1182 ns/op
OverheadWarmup   4: 1024 op, 3928.00 ns, 3.8359 ns/op
OverheadWarmup   5: 1024 op, 3837.00 ns, 3.7471 ns/op
OverheadWarmup   6: 1024 op, 3817.00 ns, 3.7275 ns/op
OverheadWarmup   7: 1024 op, 3997.00 ns, 3.9033 ns/op
OverheadWarmup   8: 1024 op, 3837.00 ns, 3.7471 ns/op
OverheadWarmup   9: 1024 op, 3827.00 ns, 3.7373 ns/op
OverheadWarmup  10: 1024 op, 3917.00 ns, 3.8252 ns/op

OverheadActual   1: 1024 op, 4378.00 ns, 4.2754 ns/op
OverheadActual   2: 1024 op, 4118.00 ns, 4.0215 ns/op
OverheadActual   3: 1024 op, 4148.00 ns, 4.0508 ns/op
OverheadActual   4: 1024 op, 4137.00 ns, 4.0400 ns/op
OverheadActual   5: 1024 op, 3967.00 ns, 3.8740 ns/op
OverheadActual   6: 1024 op, 3917.00 ns, 3.8252 ns/op
OverheadActual   7: 1024 op, 3817.00 ns, 3.7275 ns/op
OverheadActual   8: 1024 op, 3897.00 ns, 3.8057 ns/op
OverheadActual   9: 1024 op, 3827.00 ns, 3.7373 ns/op
OverheadActual  10: 1024 op, 5360.00 ns, 5.2344 ns/op
OverheadActual  11: 1024 op, 5590.00 ns, 5.4590 ns/op
OverheadActual  12: 1024 op, 8796.00 ns, 8.5898 ns/op
OverheadActual  13: 1024 op, 8796.00 ns, 8.5898 ns/op
OverheadActual  14: 1024 op, 6642.00 ns, 6.4863 ns/op
OverheadActual  15: 1024 op, 6503.00 ns, 6.3506 ns/op
OverheadActual  16: 1024 op, 6462.00 ns, 6.3105 ns/op
OverheadActual  17: 1024 op, 8706.00 ns, 8.5020 ns/op
OverheadActual  18: 1024 op, 6482.00 ns, 6.3301 ns/op
OverheadActual  19: 1024 op, 8687.00 ns, 8.4834 ns/op
OverheadActual  20: 1024 op, 6592.00 ns, 6.4375 ns/op

WorkloadWarmup   1: 1024 op, 612003241.00 ns, 597.6594 us/op
WorkloadWarmup   2: 1024 op, 605930819.00 ns, 591.7293 us/op
WorkloadWarmup   3: 1024 op, 608274160.00 ns, 594.0177 us/op

// BeforeActualRun
WorkloadActual   1: 1024 op, 609243975.00 ns, 594.9648 us/op
WorkloadActual   2: 1024 op, 605919137.00 ns, 591.7179 us/op
WorkloadActual   3: 1024 op, 604460141.00 ns, 590.2931 us/op

// AfterActualRun
WorkloadResult   1: 1024 op, 609238500.00 ns, 594.9595 us/op
WorkloadResult   2: 1024 op, 605913662.00 ns, 591.7126 us/op
WorkloadResult   3: 1024 op, 604454666.00 ns, 590.2878 us/op
// GC:  9 4 0 159414952 1024
// Threading:  0 0 1024

// AfterAll
// Benchmark Process 4049 has exited with code 0.

Mean = 592.320 μs, StdErr = 1.382 μs (0.23%), N = 3, StdDev = 2.394 μs
Min = 590.288 μs, Q1 = 591.000 μs, Median = 591.713 μs, Q3 = 593.336 μs, Max = 594.959 μs
IQR = 2.336 μs, LowerFence = 587.496 μs, UpperFence = 596.840 μs
ConfidenceInterval = [548.638 μs; 636.002 μs] (CI 99.9%), Margin = 43.682 μs (7.37% of Mean)
Skewness = 0.24, Kurtosis = 0.67, MValue = 2

// ** Remained 1 (5.0 %) benchmark(s) to run. Estimated finish 2026-10-07 15:04 (0h 0m from now) **
// **************************
// Benchmark: SpecificationScatterGatherBenchmarks.'MergeAndOrder with descending ordering': ShortRun(IterationCount=3, LaunchCount=1, WarmupCount=3) [ShardCount=25, ItemsPerShard=100]
// *** Execute ***
// Launch: 1 / 1
// Execute: dotnet Encina.Benchmarks-ShortRun-1.dll --anonymousPipes 238 239 --benchmarkName "Encina.Benchmarks.Sharding.SpecificationScatterGatherBenchmarks.MergeAndOrder_Descending(ShardCount: 25, ItemsPerShard: 100)" --job ShortRun --benchmarkId 19 in /home/runner/work/Encina/Encina/tests/Encina.BenchmarkTests/Encina.Benchmarks/bin/Release/net10.0/Encina.Benchmarks-ShortRun-1/bin/Release/net10.0
// Failed to set up high priority (Permission denied). In order to run benchmarks with high priority, make sure you have the right permissions.
// BeforeAnythingElse

// Benchmark Process Environment Information:
// BenchmarkDotNet v0.15.8
// Runtime=.NET 10.0.12 (10.0.12, 10.0.1226.42308), X64 RyuJIT x86-64-v3
// GC=Concurrent Workstation
// HardwareIntrinsics=AVX2+BMI1+BMI2+F16C+FMA+LZCNT+MOVBE,AVX,SSE3+SSSE3+SSE4.1+SSE4.2+POPCNT,X86Base+SSE+SSE2,AES+PCLMUL VectorSize=256
// Job: ShortRun(IterationCount=3, LaunchCount=1, WarmupCount=3)

OverheadJitting  1: 1 op, 269733.00 ns, 269.7330 us/op
WorkloadJitting  1: 1 op, 14204296.00 ns, 14.2043 ms/op

OverheadJitting  2: 16 op, 483290.00 ns, 30.2056 us/op
WorkloadJitting  2: 16 op, 16336233.00 ns, 1.0210 ms/op

WorkloadPilot    1: 16 op, 14180632.00 ns, 886.2895 us/op
WorkloadPilot    2: 32 op, 29875532.00 ns, 933.6104 us/op
WorkloadPilot    3: 64 op, 59708925.00 ns, 932.9520 us/op
WorkloadPilot    4: 128 op, 119186811.00 ns, 931.1470 us/op
WorkloadPilot    5: 256 op, 224144549.00 ns, 875.5646 us/op
WorkloadPilot    6: 512 op, 453781188.00 ns, 886.2914 us/op
WorkloadPilot    7: 1024 op, 896786021.00 ns, 875.7676 us/op

OverheadWarmup   1: 1024 op, 4138.00 ns, 4.0410 ns/op
OverheadWarmup   2: 1024 op, 4018.00 ns, 3.9238 ns/op
OverheadWarmup   3: 1024 op, 3937.00 ns, 3.8447 ns/op
OverheadWarmup   4: 1024 op, 3927.00 ns, 3.8350 ns/op
OverheadWarmup   5: 1024 op, 3947.00 ns, 3.8545 ns/op
OverheadWarmup   6: 1024 op, 3938.00 ns, 3.8457 ns/op
OverheadWarmup   7: 1024 op, 3987.00 ns, 3.8936 ns/op
OverheadWarmup   8: 1024 op, 3997.00 ns, 3.9033 ns/op
OverheadWarmup   9: 1024 op, 4097.00 ns, 4.0010 ns/op
OverheadWarmup  10: 1024 op, 3947.00 ns, 3.8545 ns/op

OverheadActual   1: 1024 op, 3967.00 ns, 3.8740 ns/op
OverheadActual   2: 1024 op, 3887.00 ns, 3.7959 ns/op
OverheadActual   3: 1024 op, 3997.00 ns, 3.9033 ns/op
OverheadActual   4: 1024 op, 3867.00 ns, 3.7764 ns/op
OverheadActual   5: 1024 op, 3897.00 ns, 3.8057 ns/op
OverheadActual   6: 1024 op, 3868.00 ns, 3.7773 ns/op
OverheadActual   7: 1024 op, 3847.00 ns, 3.7568 ns/op
OverheadActual   8: 1024 op, 3848.00 ns, 3.7578 ns/op
OverheadActual   9: 1024 op, 3897.00 ns, 3.8057 ns/op
OverheadActual  10: 1024 op, 3857.00 ns, 3.7666 ns/op
OverheadActual  11: 1024 op, 3867.00 ns, 3.7764 ns/op
OverheadActual  12: 1024 op, 3897.00 ns, 3.8057 ns/op
OverheadActual  13: 1024 op, 3877.00 ns, 3.7861 ns/op
OverheadActual  14: 1024 op, 3857.00 ns, 3.7666 ns/op
OverheadActual  15: 1024 op, 3837.00 ns, 3.7471 ns/op

WorkloadWarmup   1: 1024 op, 905822884.00 ns, 884.5927 us/op
WorkloadWarmup   2: 1024 op, 902096174.00 ns, 880.9533 us/op
WorkloadWarmup   3: 1024 op, 899474193.00 ns, 878.3928 us/op

// BeforeActualRun
WorkloadActual   1: 1024 op, 902719273.00 ns, 881.5618 us/op
WorkloadActual   2: 1024 op, 906760785.00 ns, 885.5086 us/op
WorkloadActual   3: 1024 op, 900078128.00 ns, 878.9825 us/op

// AfterActualRun
WorkloadResult   1: 1024 op, 902715405.00 ns, 881.5580 us/op
WorkloadResult   2: 1024 op, 906756917.00 ns, 885.5048 us/op
WorkloadResult   3: 1024 op, 900074260.00 ns, 878.9788 us/op
// GC:  9 4 0 158440224 1024
// Threading:  0 0 1024

// AfterAll
// Benchmark Process 4056 has exited with code 0.

Mean = 882.014 μs, StdErr = 1.898 μs (0.22%), N = 3, StdDev = 3.287 μs
Min = 878.979 μs, Q1 = 880.268 μs, Median = 881.558 μs, Q3 = 883.531 μs, Max = 885.505 μs
IQR = 3.263 μs, LowerFence = 875.374 μs, UpperFence = 888.426 μs
ConfidenceInterval = [822.050 μs; 941.978 μs] (CI 99.9%), Margin = 59.964 μs (6.80% of Mean)
Skewness = 0.14, Kurtosis = 0.67, MValue = 2

// ** Remained 0 (0.0 %) benchmark(s) to run. Estimated finish 2026-10-07 15:04 (0h 0m from now) **
// ***** BenchmarkRunner: Finish  *****

// * Export *
  artifacts/performance/Core/results/Encina.Benchmarks.Sharding.SpecificationScatterGatherBenchmarks-report.csv
  artifacts/performance/Core/results/Encina.Benchmarks.Sharding.SpecificationScatterGatherBenchmarks-report-github.md
  artifacts/performance/Core/results/Encina.Benchmarks.Sharding.SpecificationScatterGatherBenchmarks-report.html
  artifacts/performance/Core/results/Encina.Benchmarks.Sharding.SpecificationScatterGatherBenchmarks-report-full-compressed.json
  artifacts/performance/Core/results/Encina.Benchmarks.Sharding.SpecificationScatterGatherBenchmarks-report-default.md

// * Detailed results *
SpecificationScatterGatherBenchmarks.'MergeAndOrder with ascending ordering': ShortRun(IterationCount=3, LaunchCount=1, WarmupCount=3) [ShardCount=3, ItemsPerShard=10]
Runtime = .NET 10.0.12 (10.0.12, 10.0.1226.42308), X64 RyuJIT x86-64-v3; GC = Concurrent Workstation
Mean = 118.001 μs, StdErr = 0.188 μs (0.16%), N = 3, StdDev = 0.326 μs
Min = 117.811 μs, Q1 = 117.812 μs, Median = 117.813 μs, Q3 = 118.095 μs, Max = 118.377 μs
IQR = 0.283 μs, LowerFence = 117.387 μs, UpperFence = 118.520 μs
ConfidenceInterval = [112.045 μs; 123.956 μs] (CI 99.9%), Margin = 5.955 μs (5.05% of Mean)
Skewness = 0.38, Kurtosis = 0.67, MValue = 2
-------------------- Histogram --------------------
[117.797 μs ; 118.391 μs) | @@@
---------------------------------------------------

SpecificationScatterGatherBenchmarks.'MergeAndOrder without ordering': ShortRun(IterationCount=3, LaunchCount=1, WarmupCount=3) [ShardCount=3, ItemsPerShard=10]
Runtime = .NET 10.0.12 (10.0.12, 10.0.1226.42308), X64 RyuJIT x86-64-v3; GC = Concurrent Workstation
Mean = 332.867 ns, StdErr = 0.527 ns (0.16%), N = 3, StdDev = 0.912 ns
Min = 331.814 ns, Q1 = 332.589 ns, Median = 333.363 ns, Q3 = 333.394 ns, Max = 333.425 ns
IQR = 0.805 ns, LowerFence = 331.381 ns, UpperFence = 334.601 ns
ConfidenceInterval = [316.223 ns; 349.511 ns] (CI 99.9%), Margin = 16.644 ns (5.00% of Mean)
Skewness = -0.38, Kurtosis = 0.67, MValue = 2
-------------------- Histogram --------------------
[331.789 ns ; 333.450 ns) | @@@
---------------------------------------------------

SpecificationScatterGatherBenchmarks.'MergeOrderAndPaginate overfetch (page 1, size 20)': ShortRun(IterationCount=3, LaunchCount=1, WarmupCount=3) [ShardCount=3, ItemsPerShard=10]
Runtime = .NET 10.0.12 (10.0.12, 10.0.1226.42308), X64 RyuJIT x86-64-v3; GC = Concurrent Workstation
Mean = 120.367 μs, StdErr = 0.184 μs (0.15%), N = 3, StdDev = 0.319 μs
Min = 120.016 μs, Q1 = 120.230 μs, Median = 120.444 μs, Q3 = 120.542 μs, Max = 120.639 μs
IQR = 0.311 μs, LowerFence = 119.763 μs, UpperFence = 121.009 μs
ConfidenceInterval = [114.554 μs; 126.179 μs] (CI 99.9%), Margin = 5.812 μs (4.83% of Mean)
Skewness = -0.23, Kurtosis = 0.67, MValue = 2
-------------------- Histogram --------------------
[119.726 μs ; 120.929 μs) | @@@
---------------------------------------------------

SpecificationScatterGatherBenchmarks.'MergeOrderAndPaginate large page (page 2, size 100)': ShortRun(IterationCount=3, LaunchCount=1, WarmupCount=3) [ShardCount=3, ItemsPerShard=10]
Runtime = .NET 10.0.12 (10.0.12, 10.0.1226.42308), X64 RyuJIT x86-64-v3; GC = Concurrent Workstation
Mean = 117.191 μs, StdErr = 0.870 μs (0.74%), N = 3, StdDev = 1.507 μs
Min = 116.124 μs, Q1 = 116.329 μs, Median = 116.533 μs, Q3 = 117.724 μs, Max = 118.915 μs
IQR = 1.395 μs, LowerFence = 114.236 μs, UpperFence = 119.817 μs
ConfidenceInterval = [89.694 μs; 144.687 μs] (CI 99.9%), Margin = 27.497 μs (23.46% of Mean)
Skewness = 0.35, Kurtosis = 0.67, MValue = 2
-------------------- Histogram --------------------
[114.753 μs ; 117.700 μs) | @@
[117.700 μs ; 120.287 μs) | @
---------------------------------------------------

SpecificationScatterGatherBenchmarks.'MergeAndOrder with descending ordering': ShortRun(IterationCount=3, LaunchCount=1, WarmupCount=3) [ShardCount=3, ItemsPerShard=10]
Runtime = .NET 10.0.12 (10.0.12, 10.0.1226.42308), X64 RyuJIT x86-64-v3; GC = Concurrent Workstation
Mean = 118.010 μs, StdErr = 0.188 μs (0.16%), N = 3, StdDev = 0.325 μs
Min = 117.634 μs, Q1 = 117.912 μs, Median = 118.190 μs, Q3 = 118.198 μs, Max = 118.205 μs
IQR = 0.285 μs, LowerFence = 117.484 μs, UpperFence = 118.626 μs
ConfidenceInterval = [112.073 μs; 123.947 μs] (CI 99.9%), Margin = 5.937 μs (5.03% of Mean)
Skewness = -0.38, Kurtosis = 0.67, MValue = 2
-------------------- Histogram --------------------
[117.624 μs ; 118.216 μs) | @@@
---------------------------------------------------

SpecificationScatterGatherBenchmarks.'MergeAndOrder with ascending ordering': ShortRun(IterationCount=3, LaunchCount=1, WarmupCount=3) [ShardCount=3, ItemsPerShard=100]
Runtime = .NET 10.0.12 (10.0.12, 10.0.1226.42308), X64 RyuJIT x86-64-v3; GC = Concurrent Workstation
Mean = 155.169 μs, StdErr = 1.232 μs (0.79%), N = 3, StdDev = 2.134 μs
Min = 152.705 μs, Q1 = 154.532 μs, Median = 156.360 μs, Q3 = 156.401 μs, Max = 156.441 μs
IQR = 1.868 μs, LowerFence = 151.730 μs, UpperFence = 159.203 μs
ConfidenceInterval = [116.235 μs; 194.103 μs] (CI 99.9%), Margin = 38.934 μs (25.09% of Mean)
Skewness = -0.38, Kurtosis = 0.67, MValue = 2
-------------------- Histogram --------------------
[152.631 μs ; 156.515 μs) | @@@
---------------------------------------------------

SpecificationScatterGatherBenchmarks.'MergeAndOrder without ordering': ShortRun(IterationCount=3, LaunchCount=1, WarmupCount=3) [ShardCount=3, ItemsPerShard=100]
Runtime = .NET 10.0.12 (10.0.12, 10.0.1226.42308), X64 RyuJIT x86-64-v3; GC = Concurrent Workstation
Mean = 513.909 ns, StdErr = 12.045 ns (2.34%), N = 3, StdDev = 20.863 ns
Min = 491.171 ns, Q1 = 504.780 ns, Median = 518.389 ns, Q3 = 525.279 ns, Max = 532.169 ns
IQR = 20.499 ns, LowerFence = 474.031 ns, UpperFence = 556.027 ns
ConfidenceInterval = [133.296 ns; 894.522 ns] (CI 99.9%), Margin = 380.613 ns (74.06% of Mean)
Skewness = -0.2, Kurtosis = 0.67, MValue = 2
-------------------- Histogram --------------------
[472.185 ns ; 506.293 ns) | @
[506.293 ns ; 551.154 ns) | @@
---------------------------------------------------

SpecificationScatterGatherBenchmarks.'MergeOrderAndPaginate overfetch (page 1, size 20)': ShortRun(IterationCount=3, LaunchCount=1, WarmupCount=3) [ShardCount=3, ItemsPerShard=100]
Runtime = .NET 10.0.12 (10.0.12, 10.0.1226.42308), X64 RyuJIT x86-64-v3; GC = Concurrent Workstation
Mean = 159.649 μs, StdErr = 0.856 μs (0.54%), N = 3, StdDev = 1.482 μs
Min = 158.651 μs, Q1 = 158.797 μs, Median = 158.944 μs, Q3 = 160.148 μs, Max = 161.351 μs
IQR = 1.350 μs, LowerFence = 156.772 μs, UpperFence = 162.173 μs
ConfidenceInterval = [132.614 μs; 186.683 μs] (CI 99.9%), Margin = 27.034 μs (16.93% of Mean)
Skewness = 0.37, Kurtosis = 0.67, MValue = 2
-------------------- Histogram --------------------
[157.302 μs ; 162.700 μs) | @@@
---------------------------------------------------

SpecificationScatterGatherBenchmarks.'MergeOrderAndPaginate large page (page 2, size 100)': ShortRun(IterationCount=3, LaunchCount=1, WarmupCount=3) [ShardCount=3, ItemsPerShard=100]
Runtime = .NET 10.0.12 (10.0.12, 10.0.1226.42308), X64 RyuJIT x86-64-v3; GC = Concurrent Workstation
Mean = 159.446 μs, StdErr = 0.375 μs (0.24%), N = 3, StdDev = 0.649 μs
Min = 158.925 μs, Q1 = 159.082 μs, Median = 159.239 μs, Q3 = 159.706 μs, Max = 160.173 μs
IQR = 0.624 μs, LowerFence = 158.146 μs, UpperFence = 160.642 μs
ConfidenceInterval = [147.604 μs; 171.287 μs] (CI 99.9%), Margin = 11.841 μs (7.43% of Mean)
Skewness = 0.29, Kurtosis = 0.67, MValue = 2
-------------------- Histogram --------------------
[158.334 μs ; 160.764 μs) | @@@
---------------------------------------------------

SpecificationScatterGatherBenchmarks.'MergeAndOrder with descending ordering': ShortRun(IterationCount=3, LaunchCount=1, WarmupCount=3) [ShardCount=3, ItemsPerShard=100]
Runtime = .NET 10.0.12 (10.0.12, 10.0.1226.42308), X64 RyuJIT x86-64-v3; GC = Concurrent Workstation
Mean = 171.964 μs, StdErr = 0.281 μs (0.16%), N = 3, StdDev = 0.486 μs
Min = 171.519 μs, Q1 = 171.704 μs, Median = 171.889 μs, Q3 = 172.186 μs, Max = 172.483 μs
IQR = 0.482 μs, LowerFence = 170.981 μs, UpperFence = 172.908 μs
ConfidenceInterval = [163.094 μs; 180.833 μs] (CI 99.9%), Margin = 8.869 μs (5.16% of Mean)
Skewness = 0.15, Kurtosis = 0.67, MValue = 2
-------------------- Histogram --------------------
[171.077 μs ; 172.925 μs) | @@@
---------------------------------------------------

SpecificationScatterGatherBenchmarks.'MergeAndOrder with ascending ordering': ShortRun(IterationCount=3, LaunchCount=1, WarmupCount=3) [ShardCount=25, ItemsPerShard=10]
Runtime = .NET 10.0.12 (10.0.12, 10.0.1226.42308), X64 RyuJIT x86-64-v3; GC = Concurrent Workstation
Mean = 144.936 μs, StdErr = 0.524 μs (0.36%), N = 3, StdDev = 0.908 μs
Min = 144.343 μs, Q1 = 144.414 μs, Median = 144.484 μs, Q3 = 145.233 μs, Max = 145.981 μs
IQR = 0.819 μs, LowerFence = 143.185 μs, UpperFence = 146.462 μs
ConfidenceInterval = [128.371 μs; 161.501 μs] (CI 99.9%), Margin = 16.565 μs (11.43% of Mean)
Skewness = 0.37, Kurtosis = 0.67, MValue = 2
-------------------- Histogram --------------------
[144.336 μs ; 145.989 μs) | @@@
---------------------------------------------------

SpecificationScatterGatherBenchmarks.'MergeAndOrder without ordering': ShortRun(IterationCount=3, LaunchCount=1, WarmupCount=3) [ShardCount=25, ItemsPerShard=10]
Runtime = .NET 10.0.12 (10.0.12, 10.0.1226.42308), X64 RyuJIT x86-64-v3; GC = Concurrent Workstation
Mean = 1.399 μs, StdErr = 0.002 μs (0.13%), N = 3, StdDev = 0.003 μs
Min = 1.396 μs, Q1 = 1.397 μs, Median = 1.397 μs, Q3 = 1.400 μs, Max = 1.402 μs
IQR = 0.003 μs, LowerFence = 1.392 μs, UpperFence = 1.404 μs
ConfidenceInterval = [1.339 μs; 1.458 μs] (CI 99.9%), Margin = 0.059 μs (4.23% of Mean)
Skewness = 0.36, Kurtosis = 0.67, MValue = 2
-------------------- Histogram --------------------
[1.393 μs ; 1.405 μs) | @@@
---------------------------------------------------

SpecificationScatterGatherBenchmarks.'MergeOrderAndPaginate overfetch (page 1, size 20)': ShortRun(IterationCount=3, LaunchCount=1, WarmupCount=3) [ShardCount=25, ItemsPerShard=10]
Runtime = .NET 10.0.12 (10.0.12, 10.0.1226.42308), X64 RyuJIT x86-64-v3; GC = Concurrent Workstation
Mean = 145.714 μs, StdErr = 0.277 μs (0.19%), N = 3, StdDev = 0.479 μs
Min = 145.288 μs, Q1 = 145.455 μs, Median = 145.622 μs, Q3 = 145.927 μs, Max = 146.232 μs
IQR = 0.472 μs, LowerFence = 144.747 μs, UpperFence = 146.636 μs
ConfidenceInterval = [136.977 μs; 154.451 μs] (CI 99.9%), Margin = 8.737 μs (6.00% of Mean)
Skewness = 0.18, Kurtosis = 0.67, MValue = 2
-------------------- Histogram --------------------
[144.852 μs ; 146.668 μs) | @@@
---------------------------------------------------

SpecificationScatterGatherBenchmarks.'MergeOrderAndPaginate large page (page 2, size 100)': ShortRun(IterationCount=3, LaunchCount=1, WarmupCount=3) [ShardCount=25, ItemsPerShard=10]
Runtime = .NET 10.0.12 (10.0.12, 10.0.1226.42308), X64 RyuJIT x86-64-v3; GC = Concurrent Workstation
Mean = 146.077 μs, StdErr = 0.440 μs (0.30%), N = 3, StdDev = 0.762 μs
Min = 145.424 μs, Q1 = 145.659 μs, Median = 145.894 μs, Q3 = 146.404 μs, Max = 146.914 μs
IQR = 0.745 μs, LowerFence = 144.542 μs, UpperFence = 147.521 μs
ConfidenceInterval = [132.185 μs; 159.970 μs] (CI 99.9%), Margin = 13.893 μs (9.51% of Mean)
Skewness = 0.23, Kurtosis = 0.67, MValue = 2
-------------------- Histogram --------------------
[144.731 μs ; 147.607 μs) | @@@
---------------------------------------------------

SpecificationScatterGatherBenchmarks.'MergeAndOrder with descending ordering': ShortRun(IterationCount=3, LaunchCount=1, WarmupCount=3) [ShardCount=25, ItemsPerShard=10]
Runtime = .NET 10.0.12 (10.0.12, 10.0.1226.42308), X64 RyuJIT x86-64-v3; GC = Concurrent Workstation
Mean = 158.759 μs, StdErr = 0.445 μs (0.28%), N = 3, StdDev = 0.770 μs
Min = 158.095 μs, Q1 = 158.337 μs, Median = 158.580 μs, Q3 = 159.092 μs, Max = 159.603 μs
IQR = 0.754 μs, LowerFence = 157.206 μs, UpperFence = 160.223 μs
ConfidenceInterval = [144.714 μs; 172.805 μs] (CI 99.9%), Margin = 14.046 μs (8.85% of Mean)
Skewness = 0.22, Kurtosis = 0.67, MValue = 2
-------------------- Histogram --------------------
[157.394 μs ; 160.304 μs) | @@@
---------------------------------------------------

SpecificationScatterGatherBenchmarks.'MergeAndOrder with ascending ordering': ShortRun(IterationCount=3, LaunchCount=1, WarmupCount=3) [ShardCount=25, ItemsPerShard=100]
Runtime = .NET 10.0.12 (10.0.12, 10.0.1226.42308), X64 RyuJIT x86-64-v3; GC = Concurrent Workstation
Mean = 585.873 μs, StdErr = 0.960 μs (0.16%), N = 3, StdDev = 1.662 μs
Min = 584.234 μs, Q1 = 585.031 μs, Median = 585.828 μs, Q3 = 586.693 μs, Max = 587.558 μs
IQR = 1.662 μs, LowerFence = 582.539 μs, UpperFence = 589.186 μs
ConfidenceInterval = [555.549 μs; 616.198 μs] (CI 99.9%), Margin = 30.325 μs (5.18% of Mean)
Skewness = 0.03, Kurtosis = 0.67, MValue = 2
-------------------- Histogram --------------------
[582.721 μs ; 589.070 μs) | @@@
---------------------------------------------------

SpecificationScatterGatherBenchmarks.'MergeAndOrder without ordering': ShortRun(IterationCount=3, LaunchCount=1, WarmupCount=3) [ShardCount=25, ItemsPerShard=100]
Runtime = .NET 10.0.12 (10.0.12, 10.0.1226.42308), X64 RyuJIT x86-64-v3; GC = Concurrent Workstation
Mean = 2.665 μs, StdErr = 0.037 μs (1.37%), N = 3, StdDev = 0.063 μs
Min = 2.610 μs, Q1 = 2.630 μs, Median = 2.650 μs, Q3 = 2.692 μs, Max = 2.734 μs
IQR = 0.062 μs, LowerFence = 2.537 μs, UpperFence = 2.785 μs
ConfidenceInterval = [1.510 μs; 3.820 μs] (CI 99.9%), Margin = 1.155 μs (43.35% of Mean)
Skewness = 0.22, Kurtosis = 0.67, MValue = 2
-------------------- Histogram --------------------
[2.573 μs ; 2.688 μs) | @@
[2.688 μs ; 2.792 μs) | @
---------------------------------------------------

SpecificationScatterGatherBenchmarks.'MergeOrderAndPaginate overfetch (page 1, size 20)': ShortRun(IterationCount=3, LaunchCount=1, WarmupCount=3) [ShardCount=25, ItemsPerShard=100]
Runtime = .NET 10.0.12 (10.0.12, 10.0.1226.42308), X64 RyuJIT x86-64-v3; GC = Concurrent Workstation
Mean = 591.893 μs, StdErr = 0.590 μs (0.10%), N = 3, StdDev = 1.022 μs
Min = 590.718 μs, Q1 = 591.551 μs, Median = 592.384 μs, Q3 = 592.481 μs, Max = 592.577 μs
IQR = 0.930 μs, LowerFence = 590.156 μs, UpperFence = 593.875 μs
ConfidenceInterval = [573.239 μs; 610.547 μs] (CI 99.9%), Margin = 18.654 μs (3.15% of Mean)
Skewness = -0.37, Kurtosis = 0.67, MValue = 2
-------------------- Histogram --------------------
[590.717 μs ; 592.578 μs) | @@@
---------------------------------------------------

SpecificationScatterGatherBenchmarks.'MergeOrderAndPaginate large page (page 2, size 100)': ShortRun(IterationCount=3, LaunchCount=1, WarmupCount=3) [ShardCount=25, ItemsPerShard=100]
Runtime = .NET 10.0.12 (10.0.12, 10.0.1226.42308), X64 RyuJIT x86-64-v3; GC = Concurrent Workstation
Mean = 592.320 μs, StdErr = 1.382 μs (0.23%), N = 3, StdDev = 2.394 μs
Min = 590.288 μs, Q1 = 591.000 μs, Median = 591.713 μs, Q3 = 593.336 μs, Max = 594.959 μs
IQR = 2.336 μs, LowerFence = 587.496 μs, UpperFence = 596.840 μs
ConfidenceInterval = [548.638 μs; 636.002 μs] (CI 99.9%), Margin = 43.682 μs (7.37% of Mean)
Skewness = 0.24, Kurtosis = 0.67, MValue = 2
-------------------- Histogram --------------------
[588.109 μs ; 597.138 μs) | @@@
---------------------------------------------------

SpecificationScatterGatherBenchmarks.'MergeAndOrder with descending ordering': ShortRun(IterationCount=3, LaunchCount=1, WarmupCount=3) [ShardCount=25, ItemsPerShard=100]
Runtime = .NET 10.0.12 (10.0.12, 10.0.1226.42308), X64 RyuJIT x86-64-v3; GC = Concurrent Workstation
Mean = 882.014 μs, StdErr = 1.898 μs (0.22%), N = 3, StdDev = 3.287 μs
Min = 878.979 μs, Q1 = 880.268 μs, Median = 881.558 μs, Q3 = 883.531 μs, Max = 885.505 μs
IQR = 3.263 μs, LowerFence = 875.374 μs, UpperFence = 888.426 μs
ConfidenceInterval = [822.050 μs; 941.978 μs] (CI 99.9%), Margin = 59.964 μs (6.80% of Mean)
Skewness = 0.14, Kurtosis = 0.67, MValue = 2
-------------------- Histogram --------------------
[875.988 μs ; 888.496 μs) | @@@
---------------------------------------------------

// * Summary *

BenchmarkDotNet v0.15.8, Linux Ubuntu 24.04.5 LTS (Noble Numbat)
AMD EPYC 7763 2.45GHz, 1 CPU, 4 logical and 2 physical cores
.NET SDK 10.0.401
  [Host]   : .NET 10.0.12 (10.0.12, 10.0.1226.42308), X64 RyuJIT x86-64-v3
  ShortRun : .NET 10.0.12 (10.0.12, 10.0.1226.42308), X64 RyuJIT x86-64-v3

Job=ShortRun  IterationCount=3  LaunchCount=1  
WarmupCount=3  

| Method                                                | ShardCount | ItemsPerShard | Mean         | Error        | StdDev      | Ratio | RatioSD | Rank | Gen0   | Gen1   | Allocated | Alloc Ratio |
|------------------------------------------------------ |----------- |-------------- |-------------:|-------------:|------------:|------:|--------:|-----:|-------:|-------:|----------:|------------:|
| 'MergeAndOrder with ascending ordering'               | 3          | 10            | 118,000.6 ns |  5,955.19 ns |   326.42 ns | 1.000 |    0.00 |    2 | 0.3662 | 0.2441 |    6535 B |        1.00 |
| 'MergeAndOrder without ordering'                      | 3          | 10            |     332.9 ns |     16.64 ns |     0.91 ns | 0.003 |    0.00 |    1 | 0.0224 |      - |     376 B |        0.06 |
| 'MergeOrderAndPaginate overfetch (page 1, size 20)'   | 3          | 10            | 120,366.5 ns |  5,812.48 ns |   318.60 ns | 1.020 |    0.00 |    2 | 0.3662 | 0.2441 |    6845 B |        1.05 |
| 'MergeOrderAndPaginate large page (page 2, size 100)' | 3          | 10            | 117,190.8 ns | 27,496.63 ns | 1,507.18 ns | 0.993 |    0.01 |    2 | 0.3662 | 0.2441 |    6535 B |        1.00 |
| 'MergeAndOrder with descending ordering'              | 3          | 10            | 118,009.9 ns |  5,937.35 ns |   325.45 ns | 1.000 |    0.00 |    2 | 0.3662 | 0.2441 |    6535 B |        1.00 |
|                                                       |            |               |              |              |             |       |         |      |        |        |           |             |
| 'MergeAndOrder with ascending ordering'               | 3          | 100           | 155,168.6 ns | 38,933.91 ns | 2,134.10 ns | 1.000 |    0.02 |    2 | 1.2207 | 0.9766 |   22734 B |        1.00 |
| 'MergeAndOrder without ordering'                      | 3          | 100           |     513.9 ns |    380.61 ns |    20.86 ns | 0.003 |    0.00 |    1 | 0.1507 | 0.0010 |    2536 B |        0.11 |
| 'MergeOrderAndPaginate overfetch (page 1, size 20)'   | 3          | 100           | 159,648.7 ns | 27,034.44 ns | 1,481.85 ns | 1.029 |    0.01 |    2 | 1.2207 | 0.9766 |   23045 B |        1.01 |
| 'MergeOrderAndPaginate large page (page 2, size 100)' | 3          | 100           | 159,445.7 ns | 11,841.25 ns |   649.06 ns | 1.028 |    0.01 |    2 | 1.2207 | 0.9766 |   23685 B |        1.04 |
| 'MergeAndOrder with descending ordering'              | 3          | 100           | 171,963.5 ns |  8,869.38 ns |   486.16 ns | 1.108 |    0.01 |    2 | 1.2207 | 0.9766 |   22734 B |        1.00 |
|                                                       |            |               |              |              |             |       |         |      |        |        |           |             |
| 'MergeAndOrder with ascending ordering'               | 25         | 10            | 144,936.2 ns | 16,565.32 ns |   908.00 ns | 1.000 |    0.01 |    2 | 0.9766 | 0.7324 |   19732 B |        1.00 |
| 'MergeAndOrder without ordering'                      | 25         | 10            |   1,398.6 ns |     59.13 ns |     3.24 ns | 0.010 |    0.00 |    1 | 0.1259 |      - |    2136 B |        0.11 |
| 'MergeOrderAndPaginate overfetch (page 1, size 20)'   | 25         | 10            | 145,714.1 ns |  8,737.22 ns |   478.92 ns | 1.005 |    0.01 |    2 | 0.9766 | 0.7324 |   20044 B |        1.02 |
| 'MergeOrderAndPaginate large page (page 2, size 100)' | 25         | 10            | 146,077.5 ns | 13,892.78 ns |   761.51 ns | 1.008 |    0.01 |    2 | 1.2207 | 0.9766 |   20688 B |        1.05 |
| 'MergeAndOrder with descending ordering'              | 25         | 10            | 158,759.4 ns | 14,045.83 ns |   769.90 ns | 1.095 |    0.01 |    2 | 0.9766 | 0.7324 |   19732 B |        1.00 |
|                                                       |            |               |              |              |             |       |         |      |        |        |           |             |
| 'MergeAndOrder with ascending ordering'               | 25         | 100           | 585,873.3 ns | 30,324.66 ns | 1,662.20 ns | 1.000 |    0.00 |    2 | 8.7891 | 3.9063 |  154727 B |        1.00 |
| 'MergeAndOrder without ordering'                      | 25         | 100           |   2,665.0 ns |  1,155.37 ns |    63.33 ns | 0.005 |    0.00 |    1 | 1.2016 | 0.0763 |   20136 B |        0.13 |
| 'MergeOrderAndPaginate overfetch (page 1, size 20)'   | 25         | 100           | 591,892.9 ns | 18,653.87 ns | 1,022.48 ns | 1.010 |    0.00 |    2 | 8.7891 | 3.9063 |  155039 B |        1.00 |
| 'MergeOrderAndPaginate large page (page 2, size 100)' | 25         | 100           | 592,319.9 ns | 43,681.81 ns | 2,394.35 ns | 1.011 |    0.00 |    2 | 8.7891 | 3.9063 |  155679 B |        1.01 |
| 'MergeAndOrder with descending ordering'              | 25         | 100           | 882,013.9 ns | 59,963.66 ns | 3,286.81 ns | 1.505 |    0.01 |    3 | 8.7891 | 3.9063 |  154727 B |        1.00 |
// * Config Issues *

// * Warnings *
Configuration
  Summary -> The exporter CsvExporter is already present in configuration. There may be unexpected results.
  Summary -> The exporter HtmlExporter is already present in configuration. There may be unexpected results.
  Summary -> The exporter MarkdownExporter-github is already present in configuration. There may be unexpected results.

// * Legends *
  ShardCount    : Value of the 'ShardCount' parameter
  ItemsPerShard : Value of the 'ItemsPerShard' parameter
  Mean          : Arithmetic mean of all measurements
  Error         : Half of 99.9% confidence interval
  StdDev        : Standard deviation of all measurements
  Ratio         : Mean of the ratio distribution ([Current]/[Baseline])
  RatioSD       : Standard deviation of the ratio distribution ([Current]/[Baseline])
  Rank          : Relative position of current benchmark mean among all benchmarks (Arabic style)
  Gen0          : GC Generation 0 collects per 1000 operations
  Gen1          : GC Generation 1 collects per 1000 operations
  Allocated     : Allocated memory per single operation (managed only, inclusive, 1KB = 1024B)
  Alloc Ratio   : Allocated memory ratio distribution ([Current]/[Baseline])
  1 ns          : 1 Nanosecond (0.000000001 sec)

// * Diagnostic Output - MemoryDiagnoser *


// ***** BenchmarkRunner: End *****
Run time: 00:02:17 (137.04 sec), executed benchmarks: 20

Global total time: 00:05:31 (331.97 sec), executed benchmarks: 20
// * Artifacts cleanup *
Artifacts cleanup is finished
