// Validating benchmarks:
// ***** BenchmarkRunner: Start   *****
// ***** Found 18 benchmark(s) in total *****
// ***** Building 1 exe(s) in Parallel: Start   *****
// start dotnet  restore --nodeReuse:false /p:UseSharedCompilation=false /p:Deterministic=true /p:Optimize=true /p:ArtifactsPath="/home/runner/work/Encina/Encina/tests/Encina.BenchmarkTests/Encina.Security.Sanitization.Benchmarks/bin/Release/net10.0/Encina.Security.Sanitization.Benchmarks-Job-YFEFPZ-1/" /p:OutDir="/home/runner/work/Encina/Encina/tests/Encina.BenchmarkTests/Encina.Security.Sanitization.Benchmarks/bin/Release/net10.0/Encina.Security.Sanitization.Benchmarks-Job-YFEFPZ-1/bin/Release/net10.0/" /p:OutputPath="/home/runner/work/Encina/Encina/tests/Encina.BenchmarkTests/Encina.Security.Sanitization.Benchmarks/bin/Release/net10.0/Encina.Security.Sanitization.Benchmarks-Job-YFEFPZ-1/bin/Release/net10.0/" /p:PublishDir="/home/runner/work/Encina/Encina/tests/Encina.BenchmarkTests/Encina.Security.Sanitization.Benchmarks/bin/Release/net10.0/Encina.Security.Sanitization.Benchmarks-Job-YFEFPZ-1/publish/" in /home/runner/work/Encina/Encina/tests/Encina.BenchmarkTests/Encina.Security.Sanitization.Benchmarks/bin/Release/net10.0/Encina.Security.Sanitization.Benchmarks-Job-YFEFPZ-1
// command took 2.29 sec and exited with 0
// start dotnet  build -c Release --no-restore --nodeReuse:false /p:UseSharedCompilation=false /p:Deterministic=true /p:Optimize=true /p:ArtifactsPath="/home/runner/work/Encina/Encina/tests/Encina.BenchmarkTests/Encina.Security.Sanitization.Benchmarks/bin/Release/net10.0/Encina.Security.Sanitization.Benchmarks-Job-YFEFPZ-1/" /p:OutDir="/home/runner/work/Encina/Encina/tests/Encina.BenchmarkTests/Encina.Security.Sanitization.Benchmarks/bin/Release/net10.0/Encina.Security.Sanitization.Benchmarks-Job-YFEFPZ-1/bin/Release/net10.0/" /p:OutputPath="/home/runner/work/Encina/Encina/tests/Encina.BenchmarkTests/Encina.Security.Sanitization.Benchmarks/bin/Release/net10.0/Encina.Security.Sanitization.Benchmarks-Job-YFEFPZ-1/bin/Release/net10.0/" /p:PublishDir="/home/runner/work/Encina/Encina/tests/Encina.BenchmarkTests/Encina.Security.Sanitization.Benchmarks/bin/Release/net10.0/Encina.Security.Sanitization.Benchmarks-Job-YFEFPZ-1/publish/" --output "/home/runner/work/Encina/Encina/tests/Encina.BenchmarkTests/Encina.Security.Sanitization.Benchmarks/bin/Release/net10.0/Encina.Security.Sanitization.Benchmarks-Job-YFEFPZ-1/bin/Release/net10.0/" in /home/runner/work/Encina/Encina/tests/Encina.BenchmarkTests/Encina.Security.Sanitization.Benchmarks/bin/Release/net10.0/Encina.Security.Sanitization.Benchmarks-Job-YFEFPZ-1
// command took 29.6 sec and exited with 0
// ***** Done, took 00:00:32 (32.02 sec)   *****
// Found 18 benchmarks:
//   SanitizerBenchmarks.SanitizeHtml_CleanInput: Job-YFEFPZ(IterationCount=10, WarmupCount=3)
//   SanitizerBenchmarks.SanitizeHtml_MaliciousInput: Job-YFEFPZ(IterationCount=10, WarmupCount=3)
//   SanitizerBenchmarks.SanitizeHtml_ComplexDocument: Job-YFEFPZ(IterationCount=10, WarmupCount=3)
//   SanitizerBenchmarks.SanitizeForSql_SimpleInput: Job-YFEFPZ(IterationCount=10, WarmupCount=3)
//   SanitizerBenchmarks.SanitizeForSql_InjectionAttempt: Job-YFEFPZ(IterationCount=10, WarmupCount=3)
//   SanitizerBenchmarks.SanitizeForShell_SimpleInput: Job-YFEFPZ(IterationCount=10, WarmupCount=3)
//   SanitizerBenchmarks.SanitizeForShell_InjectionAttempt: Job-YFEFPZ(IterationCount=10, WarmupCount=3)
//   SanitizerBenchmarks.SanitizeForJson_SimpleInput: Job-YFEFPZ(IterationCount=10, WarmupCount=3)
//   SanitizerBenchmarks.SanitizeForXml_SimpleInput: Job-YFEFPZ(IterationCount=10, WarmupCount=3)
//   SanitizerBenchmarks.SanitizeHtml_CleanInput: ShortRun(IterationCount=3, LaunchCount=1, WarmupCount=3)
//   SanitizerBenchmarks.SanitizeHtml_MaliciousInput: ShortRun(IterationCount=3, LaunchCount=1, WarmupCount=3)
//   SanitizerBenchmarks.SanitizeHtml_ComplexDocument: ShortRun(IterationCount=3, LaunchCount=1, WarmupCount=3)
//   SanitizerBenchmarks.SanitizeForSql_SimpleInput: ShortRun(IterationCount=3, LaunchCount=1, WarmupCount=3)
//   SanitizerBenchmarks.SanitizeForSql_InjectionAttempt: ShortRun(IterationCount=3, LaunchCount=1, WarmupCount=3)
//   SanitizerBenchmarks.SanitizeForShell_SimpleInput: ShortRun(IterationCount=3, LaunchCount=1, WarmupCount=3)
//   SanitizerBenchmarks.SanitizeForShell_InjectionAttempt: ShortRun(IterationCount=3, LaunchCount=1, WarmupCount=3)
//   SanitizerBenchmarks.SanitizeForJson_SimpleInput: ShortRun(IterationCount=3, LaunchCount=1, WarmupCount=3)
//   SanitizerBenchmarks.SanitizeForXml_SimpleInput: ShortRun(IterationCount=3, LaunchCount=1, WarmupCount=3)

// **************************
// Benchmark: SanitizerBenchmarks.SanitizeHtml_CleanInput: Job-YFEFPZ(IterationCount=10, WarmupCount=3)
// *** Execute ***
// Launch: 1 / 1
// Execute: dotnet Encina.Security.Sanitization.Benchmarks-Job-YFEFPZ-1.dll --anonymousPipes 143 144 --benchmarkName Encina.Security.Sanitization.Benchmarks.SanitizerBenchmarks.SanitizeHtml_CleanInput --job "IterationCount=10, WarmupCount=3" --benchmarkId 0 in /home/runner/work/Encina/Encina/tests/Encina.BenchmarkTests/Encina.Security.Sanitization.Benchmarks/bin/Release/net10.0/Encina.Security.Sanitization.Benchmarks-Job-YFEFPZ-1/bin/Release/net10.0
// Failed to set up high priority (Permission denied). In order to run benchmarks with high priority, make sure you have the right permissions.
// BeforeAnythingElse

// Benchmark Process Environment Information:
// BenchmarkDotNet v0.15.8
// Runtime=.NET 10.0.12 (10.0.12, 10.0.1226.42308), X64 RyuJIT x86-64-v3
// GC=Concurrent Workstation
// HardwareIntrinsics=AVX2+BMI1+BMI2+F16C+FMA+LZCNT+MOVBE,AVX,SSE3+SSSE3+SSE4.1+SSE4.2+POPCNT,X86Base+SSE+SSE2,AES+PCLMUL VectorSize=256
// Job: Job-YFEFPZ(IterationCount=10, WarmupCount=3)

OverheadJitting  1: 1 op, 225152.00 ns, 225.1520 us/op
WorkloadJitting  1: 1 op, 659519599.00 ns, 659.5196 ms/op

OverheadJitting  2: 1 op, 270.00 ns, 270.0000 ns/op
WorkloadJitting  2: 1 op, 1041511.00 ns, 1.0415 ms/op

OverheadJitting  3: 16 op, 429384.00 ns, 26.8365 us/op
WorkloadJitting  3: 16 op, 921306.00 ns, 57.5816 us/op

WorkloadPilot    1: 16 op, 458579.00 ns, 28.6612 us/op
WorkloadPilot    2: 32 op, 876772.00 ns, 27.3991 us/op
WorkloadPilot    3: 64 op, 1567625.00 ns, 24.4941 us/op
WorkloadPilot    4: 128 op, 2988998.00 ns, 23.3515 us/op
WorkloadPilot    5: 256 op, 5820931.00 ns, 22.7380 us/op
WorkloadPilot    6: 512 op, 11317735.00 ns, 22.1050 us/op
WorkloadPilot    7: 1024 op, 22915956.00 ns, 22.3789 us/op
WorkloadPilot    8: 2048 op, 33672319.00 ns, 16.4416 us/op
WorkloadPilot    9: 4096 op, 62484086.00 ns, 15.2549 us/op
WorkloadPilot   10: 8192 op, 125778560.00 ns, 15.3538 us/op
WorkloadPilot   11: 16384 op, 251472512.00 ns, 15.3487 us/op
WorkloadPilot   12: 32768 op, 506018722.00 ns, 15.4425 us/op

OverheadWarmup   1: 32768 op, 127640.00 ns, 3.8953 ns/op
OverheadWarmup   2: 32768 op, 108563.00 ns, 3.3131 ns/op
OverheadWarmup   3: 32768 op, 108533.00 ns, 3.3122 ns/op
OverheadWarmup   4: 32768 op, 142727.00 ns, 4.3557 ns/op
OverheadWarmup   5: 32768 op, 108533.00 ns, 3.3122 ns/op
OverheadWarmup   6: 32768 op, 108543.00 ns, 3.3125 ns/op
OverheadWarmup   7: 32768 op, 108553.00 ns, 3.3128 ns/op
OverheadWarmup   8: 32768 op, 108554.00 ns, 3.3128 ns/op
OverheadWarmup   9: 32768 op, 108553.00 ns, 3.3128 ns/op

OverheadActual   1: 32768 op, 108534.00 ns, 3.3122 ns/op
OverheadActual   2: 32768 op, 108644.00 ns, 3.3156 ns/op
OverheadActual   3: 32768 op, 108563.00 ns, 3.3131 ns/op
OverheadActual   4: 32768 op, 108583.00 ns, 3.3137 ns/op
OverheadActual   5: 32768 op, 108553.00 ns, 3.3128 ns/op
OverheadActual   6: 32768 op, 108513.00 ns, 3.3116 ns/op
OverheadActual   7: 32768 op, 108734.00 ns, 3.3183 ns/op
OverheadActual   8: 32768 op, 108563.00 ns, 3.3131 ns/op
OverheadActual   9: 32768 op, 108573.00 ns, 3.3134 ns/op
OverheadActual  10: 32768 op, 111418.00 ns, 3.4002 ns/op
OverheadActual  11: 32768 op, 108573.00 ns, 3.3134 ns/op
OverheadActual  12: 32768 op, 108583.00 ns, 3.3137 ns/op
OverheadActual  13: 32768 op, 125485.00 ns, 3.8295 ns/op
OverheadActual  14: 32768 op, 126647.00 ns, 3.8650 ns/op
OverheadActual  15: 32768 op, 128922.00 ns, 3.9344 ns/op

WorkloadWarmup   1: 32768 op, 512814056.00 ns, 15.6498 us/op
WorkloadWarmup   2: 32768 op, 507850439.00 ns, 15.4984 us/op
WorkloadWarmup   3: 32768 op, 498611872.00 ns, 15.2164 us/op

// BeforeActualRun
WorkloadActual   1: 32768 op, 506938221.00 ns, 15.4705 us/op
WorkloadActual   2: 32768 op, 504383408.00 ns, 15.3926 us/op
WorkloadActual   3: 32768 op, 503829511.00 ns, 15.3757 us/op
WorkloadActual   4: 32768 op, 508583360.00 ns, 15.5207 us/op
WorkloadActual   5: 32768 op, 522691374.00 ns, 15.9513 us/op
WorkloadActual   6: 32768 op, 503918658.00 ns, 15.3784 us/op
WorkloadActual   7: 32768 op, 506768823.00 ns, 15.4654 us/op
WorkloadActual   8: 32768 op, 511311798.00 ns, 15.6040 us/op
WorkloadActual   9: 32768 op, 501915127.00 ns, 15.3172 us/op
WorkloadActual  10: 32768 op, 508470770.00 ns, 15.5173 us/op

// AfterActualRun
WorkloadResult   1: 32768 op, 506829638.00 ns, 15.4672 us/op
WorkloadResult   2: 32768 op, 504274825.00 ns, 15.3892 us/op
WorkloadResult   3: 32768 op, 503720928.00 ns, 15.3723 us/op
WorkloadResult   4: 32768 op, 508474777.00 ns, 15.5174 us/op
WorkloadResult   5: 32768 op, 503810075.00 ns, 15.3751 us/op
WorkloadResult   6: 32768 op, 506660240.00 ns, 15.4620 us/op
WorkloadResult   7: 32768 op, 511203215.00 ns, 15.6007 us/op
WorkloadResult   8: 32768 op, 501806544.00 ns, 15.3139 us/op
WorkloadResult   9: 32768 op, 508362187.00 ns, 15.5140 us/op
// GC:  28 1 0 472907776 32768
// Threading:  0 0 32768

// AfterAll
// Benchmark Process 3160 has exited with code 0.

Mean = 15.446 μs, StdErr = 0.030 μs (0.20%), N = 9, StdDev = 0.090 μs
Min = 15.314 μs, Q1 = 15.375 μs, Median = 15.462 μs, Q3 = 15.514 μs, Max = 15.601 μs
IQR = 0.139 μs, LowerFence = 15.167 μs, UpperFence = 15.722 μs
ConfidenceInterval = [15.294 μs; 15.598 μs] (CI 99.9%), Margin = 0.152 μs (0.98% of Mean)
Skewness = 0.18, Kurtosis = 1.64, MValue = 2

// ** Remained 17 (94.4 %) benchmark(s) to run. Estimated finish 2026-09-22 22:25 (0h 2m from now) **
// **************************
// Benchmark: SanitizerBenchmarks.SanitizeHtml_MaliciousInput: Job-YFEFPZ(IterationCount=10, WarmupCount=3)
// *** Execute ***
// Launch: 1 / 1
// Execute: dotnet Encina.Security.Sanitization.Benchmarks-Job-YFEFPZ-1.dll --anonymousPipes 143 144 --benchmarkName Encina.Security.Sanitization.Benchmarks.SanitizerBenchmarks.SanitizeHtml_MaliciousInput --job "IterationCount=10, WarmupCount=3" --benchmarkId 1 in /home/runner/work/Encina/Encina/tests/Encina.BenchmarkTests/Encina.Security.Sanitization.Benchmarks/bin/Release/net10.0/Encina.Security.Sanitization.Benchmarks-Job-YFEFPZ-1/bin/Release/net10.0
// Failed to set up high priority (Permission denied). In order to run benchmarks with high priority, make sure you have the right permissions.
// BeforeAnythingElse

// Benchmark Process Environment Information:
// BenchmarkDotNet v0.15.8
// Runtime=.NET 10.0.12 (10.0.12, 10.0.1226.42308), X64 RyuJIT x86-64-v3
// GC=Concurrent Workstation
// HardwareIntrinsics=AVX2+BMI1+BMI2+F16C+FMA+LZCNT+MOVBE,AVX,SSE3+SSSE3+SSE4.1+SSE4.2+POPCNT,X86Base+SSE+SSE2,AES+PCLMUL VectorSize=256
// Job: Job-YFEFPZ(IterationCount=10, WarmupCount=3)

OverheadJitting  1: 1 op, 221495.00 ns, 221.4950 us/op
WorkloadJitting  1: 1 op, 711297729.00 ns, 711.2977 ms/op

OverheadJitting  2: 1 op, 340.00 ns, 340.0000 ns/op
WorkloadJitting  2: 1 op, 1119718.00 ns, 1.1197 ms/op

OverheadJitting  3: 16 op, 452237.00 ns, 28.2648 us/op
WorkloadJitting  3: 16 op, 1244982.00 ns, 77.8114 us/op

WorkloadPilot    1: 16 op, 558867.00 ns, 34.9292 us/op
WorkloadPilot    2: 32 op, 1210378.00 ns, 37.8243 us/op
WorkloadPilot    3: 64 op, 2103060.00 ns, 32.8603 us/op
WorkloadPilot    4: 128 op, 4016486.00 ns, 31.3788 us/op
WorkloadPilot    5: 256 op, 7814832.00 ns, 30.5267 us/op
WorkloadPilot    6: 512 op, 17578356.00 ns, 34.3327 us/op
WorkloadPilot    7: 1024 op, 31033015.00 ns, 30.3057 us/op
WorkloadPilot    8: 2048 op, 50098988.00 ns, 24.4624 us/op
WorkloadPilot    9: 4096 op, 90541504.00 ns, 22.1049 us/op
WorkloadPilot   10: 8192 op, 181500560.00 ns, 22.1558 us/op
WorkloadPilot   11: 16384 op, 363779229.00 ns, 22.2033 us/op
WorkloadPilot   12: 32768 op, 722851719.00 ns, 22.0597 us/op

OverheadWarmup   1: 32768 op, 108112.00 ns, 3.2993 ns/op
OverheadWarmup   2: 32768 op, 107922.00 ns, 3.2935 ns/op
OverheadWarmup   3: 32768 op, 107862.00 ns, 3.2917 ns/op
OverheadWarmup   4: 32768 op, 108644.00 ns, 3.3156 ns/op
OverheadWarmup   5: 32768 op, 108654.00 ns, 3.3159 ns/op
OverheadWarmup   6: 32768 op, 107922.00 ns, 3.2935 ns/op
OverheadWarmup   7: 32768 op, 107902.00 ns, 3.2929 ns/op
OverheadWarmup   8: 32768 op, 107902.00 ns, 3.2929 ns/op
OverheadWarmup   9: 32768 op, 107822.00 ns, 3.2905 ns/op

OverheadActual   1: 32768 op, 146876.00 ns, 4.4823 ns/op
OverheadActual   2: 32768 op, 128952.00 ns, 3.9353 ns/op
OverheadActual   3: 32768 op, 107982.00 ns, 3.2953 ns/op
OverheadActual   4: 32768 op, 107882.00 ns, 3.2923 ns/op
OverheadActual   5: 32768 op, 107952.00 ns, 3.2944 ns/op
OverheadActual   6: 32768 op, 107912.00 ns, 3.2932 ns/op
OverheadActual   7: 32768 op, 108664.00 ns, 3.3162 ns/op
OverheadActual   8: 32768 op, 107892.00 ns, 3.2926 ns/op
OverheadActual   9: 32768 op, 107862.00 ns, 3.2917 ns/op
OverheadActual  10: 32768 op, 107852.00 ns, 3.2914 ns/op
OverheadActual  11: 32768 op, 141385.00 ns, 4.3147 ns/op
OverheadActual  12: 32768 op, 107852.00 ns, 3.2914 ns/op
OverheadActual  13: 32768 op, 107851.00 ns, 3.2914 ns/op
OverheadActual  14: 32768 op, 107872.00 ns, 3.2920 ns/op
OverheadActual  15: 32768 op, 107852.00 ns, 3.2914 ns/op

WorkloadWarmup   1: 32768 op, 732548417.00 ns, 22.3556 us/op
WorkloadWarmup   2: 32768 op, 728290310.00 ns, 22.2257 us/op
WorkloadWarmup   3: 32768 op, 714371380.00 ns, 21.8009 us/op

// BeforeActualRun
WorkloadActual   1: 32768 op, 728845369.00 ns, 22.2426 us/op
WorkloadActual   2: 32768 op, 726742730.00 ns, 22.1784 us/op
WorkloadActual   3: 32768 op, 718418934.00 ns, 21.9244 us/op
WorkloadActual   4: 32768 op, 723411628.00 ns, 22.0768 us/op
WorkloadActual   5: 32768 op, 724109556.00 ns, 22.0981 us/op
WorkloadActual   6: 32768 op, 724593097.00 ns, 22.1128 us/op
WorkloadActual   7: 32768 op, 724723513.00 ns, 22.1168 us/op
WorkloadActual   8: 32768 op, 745248778.00 ns, 22.7432 us/op
WorkloadActual   9: 32768 op, 725615414.00 ns, 22.1440 us/op
WorkloadActual  10: 32768 op, 717077101.00 ns, 21.8835 us/op

// AfterActualRun
WorkloadResult   1: 32768 op, 728737477.00 ns, 22.2393 us/op
WorkloadResult   2: 32768 op, 726634838.00 ns, 22.1751 us/op
WorkloadResult   3: 32768 op, 718311042.00 ns, 21.9211 us/op
WorkloadResult   4: 32768 op, 723303736.00 ns, 22.0735 us/op
WorkloadResult   5: 32768 op, 724001664.00 ns, 22.0948 us/op
WorkloadResult   6: 32768 op, 724485205.00 ns, 22.1095 us/op
WorkloadResult   7: 32768 op, 724615621.00 ns, 22.1135 us/op
WorkloadResult   8: 32768 op, 725507522.00 ns, 22.1407 us/op
WorkloadResult   9: 32768 op, 716969209.00 ns, 21.8802 us/op
// GC:  27 0 0 454819840 32768
// Threading:  0 0 32768

// AfterAll
// Benchmark Process 3169 has exited with code 0.

Mean = 22.083 μs, StdErr = 0.038 μs (0.17%), N = 9, StdDev = 0.115 μs
Min = 21.880 μs, Q1 = 22.073 μs, Median = 22.110 μs, Q3 = 22.141 μs, Max = 22.239 μs
IQR = 0.067 μs, LowerFence = 21.973 μs, UpperFence = 22.242 μs
ConfidenceInterval = [21.890 μs; 22.276 μs] (CI 99.9%), Margin = 0.193 μs (0.87% of Mean)
Skewness = -0.57, Kurtosis = 1.96, MValue = 2

// ** Remained 16 (88.9 %) benchmark(s) to run. Estimated finish 2026-09-22 22:26 (0h 2m from now) **
// **************************
// Benchmark: SanitizerBenchmarks.SanitizeHtml_ComplexDocument: Job-YFEFPZ(IterationCount=10, WarmupCount=3)
// *** Execute ***
// Launch: 1 / 1
// Execute: dotnet Encina.Security.Sanitization.Benchmarks-Job-YFEFPZ-1.dll --anonymousPipes 143 144 --benchmarkName Encina.Security.Sanitization.Benchmarks.SanitizerBenchmarks.SanitizeHtml_ComplexDocument --job "IterationCount=10, WarmupCount=3" --benchmarkId 2 in /home/runner/work/Encina/Encina/tests/Encina.BenchmarkTests/Encina.Security.Sanitization.Benchmarks/bin/Release/net10.0/Encina.Security.Sanitization.Benchmarks-Job-YFEFPZ-1/bin/Release/net10.0
// Failed to set up high priority (Permission denied). In order to run benchmarks with high priority, make sure you have the right permissions.
// BeforeAnythingElse

// Benchmark Process Environment Information:
// BenchmarkDotNet v0.15.8
// Runtime=.NET 10.0.12 (10.0.12, 10.0.1226.42308), X64 RyuJIT x86-64-v3
// GC=Concurrent Workstation
// HardwareIntrinsics=AVX2+BMI1+BMI2+F16C+FMA+LZCNT+MOVBE,AVX,SSE3+SSSE3+SSE4.1+SSE4.2+POPCNT,X86Base+SSE+SSE2,AES+PCLMUL VectorSize=256
// Job: Job-YFEFPZ(IterationCount=10, WarmupCount=3)

OverheadJitting  1: 1 op, 219872.00 ns, 219.8720 us/op
WorkloadJitting  1: 1 op, 826938154.00 ns, 826.9382 ms/op

OverheadJitting  2: 1 op, 271.00 ns, 271.0000 ns/op
WorkloadJitting  2: 1 op, 1414589.00 ns, 1.4146 ms/op

OverheadJitting  3: 16 op, 432871.00 ns, 27.0544 us/op
WorkloadJitting  3: 16 op, 4773331.00 ns, 298.3332 us/op

WorkloadPilot    1: 16 op, 4056007.00 ns, 253.5004 us/op
WorkloadPilot    2: 32 op, 6988019.00 ns, 218.3756 us/op
WorkloadPilot    3: 64 op, 15064326.00 ns, 235.3801 us/op
WorkloadPilot    4: 128 op, 28937441.00 ns, 226.0738 us/op
WorkloadPilot    5: 256 op, 55528788.00 ns, 216.9093 us/op
WorkloadPilot    6: 512 op, 95074718.00 ns, 185.6928 us/op
WorkloadPilot    7: 1024 op, 194951902.00 ns, 190.3827 us/op
WorkloadPilot    8: 2048 op, 381409073.00 ns, 186.2349 us/op
WorkloadPilot    9: 4096 op, 762012066.00 ns, 186.0381 us/op

OverheadWarmup   1: 4096 op, 26279.00 ns, 6.4158 ns/op
OverheadWarmup   2: 4096 op, 23594.00 ns, 5.7603 ns/op
OverheadWarmup   3: 4096 op, 23484.00 ns, 5.7334 ns/op
OverheadWarmup   4: 4096 op, 23334.00 ns, 5.6968 ns/op
OverheadWarmup   5: 4096 op, 23304.00 ns, 5.6895 ns/op
OverheadWarmup   6: 4096 op, 23183.00 ns, 5.6599 ns/op
OverheadWarmup   7: 4096 op, 25428.00 ns, 6.2080 ns/op
OverheadWarmup   8: 4096 op, 23675.00 ns, 5.7800 ns/op
OverheadWarmup   9: 4096 op, 23213.00 ns, 5.6672 ns/op
OverheadWarmup  10: 4096 op, 27612.00 ns, 6.7412 ns/op

OverheadActual   1: 4096 op, 25858.00 ns, 6.3130 ns/op
OverheadActual   2: 4096 op, 23363.00 ns, 5.7039 ns/op
OverheadActual   3: 4096 op, 23404.00 ns, 5.7139 ns/op
OverheadActual   4: 4096 op, 23264.00 ns, 5.6797 ns/op
OverheadActual   5: 4096 op, 23484.00 ns, 5.7334 ns/op
OverheadActual   6: 4096 op, 23193.00 ns, 5.6624 ns/op
OverheadActual   7: 4096 op, 23344.00 ns, 5.6992 ns/op
OverheadActual   8: 4096 op, 23424.00 ns, 5.7188 ns/op
OverheadActual   9: 4096 op, 23444.00 ns, 5.7236 ns/op
OverheadActual  10: 4096 op, 25438.00 ns, 6.2104 ns/op
OverheadActual  11: 4096 op, 25427.00 ns, 6.2078 ns/op
OverheadActual  12: 4096 op, 25688.00 ns, 6.2715 ns/op
OverheadActual  13: 4096 op, 23203.00 ns, 5.6648 ns/op
OverheadActual  14: 4096 op, 23294.00 ns, 5.6870 ns/op
OverheadActual  15: 4096 op, 23303.00 ns, 5.6892 ns/op

WorkloadWarmup   1: 4096 op, 772415492.00 ns, 188.5780 us/op
WorkloadWarmup   2: 4096 op, 772830945.00 ns, 188.6794 us/op
WorkloadWarmup   3: 4096 op, 765678932.00 ns, 186.9333 us/op

// BeforeActualRun
WorkloadActual   1: 4096 op, 773698453.00 ns, 188.8912 us/op
WorkloadActual   2: 4096 op, 755578973.00 ns, 184.4675 us/op
WorkloadActual   3: 4096 op, 752035695.00 ns, 183.6025 us/op
WorkloadActual   4: 4096 op, 755891518.00 ns, 184.5438 us/op
WorkloadActual   5: 4096 op, 756908062.00 ns, 184.7920 us/op
WorkloadActual   6: 4096 op, 758246269.00 ns, 185.1187 us/op
WorkloadActual   7: 4096 op, 757613583.00 ns, 184.9643 us/op
WorkloadActual   8: 4096 op, 752729635.00 ns, 183.7719 us/op
WorkloadActual   9: 4096 op, 757104781.00 ns, 184.8400 us/op
WorkloadActual  10: 4096 op, 757328661.00 ns, 184.8947 us/op

// AfterActualRun
WorkloadResult   1: 4096 op, 755555569.00 ns, 184.4618 us/op
WorkloadResult   2: 4096 op, 752012291.00 ns, 183.5968 us/op
WorkloadResult   3: 4096 op, 755868114.00 ns, 184.5381 us/op
WorkloadResult   4: 4096 op, 756884658.00 ns, 184.7863 us/op
WorkloadResult   5: 4096 op, 758222865.00 ns, 185.1130 us/op
WorkloadResult   6: 4096 op, 757590179.00 ns, 184.9585 us/op
WorkloadResult   7: 4096 op, 752706231.00 ns, 183.7662 us/op
WorkloadResult   8: 4096 op, 757081377.00 ns, 184.8343 us/op
WorkloadResult   9: 4096 op, 757305257.00 ns, 184.8890 us/op
// GC:  18 1 0 314082232 4096
// Threading:  0 0 4096

// AfterAll
// Benchmark Process 3177 has exited with code 0.

Mean = 184.549 μs, StdErr = 0.177 μs (0.10%), N = 9, StdDev = 0.532 μs
Min = 183.597 μs, Q1 = 184.462 μs, Median = 184.786 μs, Q3 = 184.889 μs, Max = 185.113 μs
IQR = 0.427 μs, LowerFence = 183.821 μs, UpperFence = 185.530 μs
ConfidenceInterval = [183.655 μs; 185.444 μs] (CI 99.9%), Margin = 0.894 μs (0.48% of Mean)
Skewness = -0.75, Kurtosis = 1.87, MValue = 2

// ** Remained 15 (83.3 %) benchmark(s) to run. Estimated finish 2026-09-22 22:26 (0h 2m from now) **
// **************************
// Benchmark: SanitizerBenchmarks.SanitizeForSql_SimpleInput: Job-YFEFPZ(IterationCount=10, WarmupCount=3)
// *** Execute ***
// Launch: 1 / 1
// Execute: dotnet Encina.Security.Sanitization.Benchmarks-Job-YFEFPZ-1.dll --anonymousPipes 143 144 --benchmarkName Encina.Security.Sanitization.Benchmarks.SanitizerBenchmarks.SanitizeForSql_SimpleInput --job "IterationCount=10, WarmupCount=3" --benchmarkId 3 in /home/runner/work/Encina/Encina/tests/Encina.BenchmarkTests/Encina.Security.Sanitization.Benchmarks/bin/Release/net10.0/Encina.Security.Sanitization.Benchmarks-Job-YFEFPZ-1/bin/Release/net10.0
// Failed to set up high priority (Permission denied). In order to run benchmarks with high priority, make sure you have the right permissions.
// BeforeAnythingElse

// Benchmark Process Environment Information:
// BenchmarkDotNet v0.15.8
// Runtime=.NET 10.0.12 (10.0.12, 10.0.1226.42308), X64 RyuJIT x86-64-v3
// GC=Concurrent Workstation
// HardwareIntrinsics=AVX2+BMI1+BMI2+F16C+FMA+LZCNT+MOVBE,AVX,SSE3+SSSE3+SSE4.1+SSE4.2+POPCNT,X86Base+SSE+SSE2,AES+PCLMUL VectorSize=256
// Job: Job-YFEFPZ(IterationCount=10, WarmupCount=3)

OverheadJitting  1: 1 op, 220252.00 ns, 220.2520 us/op
WorkloadJitting  1: 1 op, 11149625.00 ns, 11.1496 ms/op

OverheadJitting  2: 16 op, 447619.00 ns, 27.9762 us/op
WorkloadJitting  2: 16 op, 517840.00 ns, 32.3650 us/op

WorkloadPilot    1: 16 op, 12163.00 ns, 760.1875 ns/op
WorkloadPilot    2: 32 op, 15580.00 ns, 486.8750 ns/op
WorkloadPilot    3: 64 op, 23674.00 ns, 369.9063 ns/op
WorkloadPilot    4: 128 op, 46848.00 ns, 366.0000 ns/op
WorkloadPilot    5: 256 op, 80661.00 ns, 315.0820 ns/op
WorkloadPilot    6: 512 op, 145172.00 ns, 283.5391 ns/op
WorkloadPilot    7: 1024 op, 281658.00 ns, 275.0566 ns/op
WorkloadPilot    8: 2048 op, 556853.00 ns, 271.9009 ns/op
WorkloadPilot    9: 4096 op, 1210057.00 ns, 295.4241 ns/op
WorkloadPilot   10: 8192 op, 2223485.00 ns, 271.4215 ns/op
WorkloadPilot   11: 16384 op, 4236025.00 ns, 258.5464 ns/op
WorkloadPilot   12: 32768 op, 8786088.00 ns, 268.1301 ns/op
WorkloadPilot   13: 65536 op, 17351202.00 ns, 264.7583 ns/op
WorkloadPilot   14: 131072 op, 34841874.00 ns, 265.8224 ns/op
WorkloadPilot   15: 262144 op, 69243806.00 ns, 264.1442 ns/op
WorkloadPilot   16: 524288 op, 131529727.00 ns, 250.8730 ns/op
WorkloadPilot   17: 1048576 op, 257181294.00 ns, 245.2672 ns/op
WorkloadPilot   18: 2097152 op, 515524584.00 ns, 245.8213 ns/op

OverheadWarmup   1: 2097152 op, 6994642.00 ns, 3.3353 ns/op
OverheadWarmup   2: 2097152 op, 6990704.00 ns, 3.3334 ns/op
OverheadWarmup   3: 2097152 op, 6999912.00 ns, 3.3378 ns/op
OverheadWarmup   4: 2097152 op, 7075173.00 ns, 3.3737 ns/op
OverheadWarmup   5: 2097152 op, 7017706.00 ns, 3.3463 ns/op
OverheadWarmup   6: 2097152 op, 6989222.00 ns, 3.3327 ns/op
OverheadWarmup   7: 2097152 op, 7019128.00 ns, 3.3470 ns/op
OverheadWarmup   8: 2097152 op, 7304032.00 ns, 3.4828 ns/op
OverheadWarmup   9: 2097152 op, 6984884.00 ns, 3.3307 ns/op

OverheadActual   1: 2097152 op, 7042672.00 ns, 3.3582 ns/op
OverheadActual   2: 2097152 op, 6989283.00 ns, 3.3327 ns/op
OverheadActual   3: 2097152 op, 6995534.00 ns, 3.3357 ns/op
OverheadActual   4: 2097152 op, 6988130.00 ns, 3.3322 ns/op
OverheadActual   5: 2097152 op, 6999170.00 ns, 3.3375 ns/op
OverheadActual   6: 2097152 op, 6991296.00 ns, 3.3337 ns/op
OverheadActual   7: 2097152 op, 7046209.00 ns, 3.3599 ns/op
OverheadActual   8: 2097152 op, 7035519.00 ns, 3.3548 ns/op
OverheadActual   9: 2097152 op, 7662463.00 ns, 3.6537 ns/op
OverheadActual  10: 2097152 op, 7071656.00 ns, 3.3720 ns/op
OverheadActual  11: 2097152 op, 6987610.00 ns, 3.3320 ns/op
OverheadActual  12: 2097152 op, 6990414.00 ns, 3.3333 ns/op
OverheadActual  13: 2097152 op, 6988892.00 ns, 3.3326 ns/op
OverheadActual  14: 2097152 op, 6983642.00 ns, 3.3301 ns/op
OverheadActual  15: 2097152 op, 6986497.00 ns, 3.3314 ns/op

WorkloadWarmup   1: 2097152 op, 520362427.00 ns, 248.1281 ns/op
WorkloadWarmup   2: 2097152 op, 517191753.00 ns, 246.6162 ns/op
WorkloadWarmup   3: 2097152 op, 512551705.00 ns, 244.4037 ns/op

// BeforeActualRun
WorkloadActual   1: 2097152 op, 514415215.00 ns, 245.2923 ns/op
WorkloadActual   2: 2097152 op, 513669108.00 ns, 244.9365 ns/op
WorkloadActual   3: 2097152 op, 512678021.00 ns, 244.4639 ns/op
WorkloadActual   4: 2097152 op, 511503632.00 ns, 243.9039 ns/op
WorkloadActual   5: 2097152 op, 511880106.00 ns, 244.0835 ns/op
WorkloadActual   6: 2097152 op, 529487969.00 ns, 252.4795 ns/op
WorkloadActual   7: 2097152 op, 512653715.00 ns, 244.4523 ns/op
WorkloadActual   8: 2097152 op, 511456768.00 ns, 243.8816 ns/op
WorkloadActual   9: 2097152 op, 510637901.00 ns, 243.4911 ns/op
WorkloadActual  10: 2097152 op, 511589533.00 ns, 243.9449 ns/op

// AfterActualRun
WorkloadResult   1: 2097152 op, 507423919.00 ns, 241.9586 ns/op
WorkloadResult   2: 2097152 op, 506677812.00 ns, 241.6028 ns/op
WorkloadResult   3: 2097152 op, 505686725.00 ns, 241.1302 ns/op
WorkloadResult   4: 2097152 op, 504512336.00 ns, 240.5702 ns/op
WorkloadResult   5: 2097152 op, 504888810.00 ns, 240.7497 ns/op
WorkloadResult   6: 2097152 op, 505662419.00 ns, 241.1186 ns/op
WorkloadResult   7: 2097152 op, 504465472.00 ns, 240.5479 ns/op
WorkloadResult   8: 2097152 op, 503646605.00 ns, 240.1574 ns/op
WorkloadResult   9: 2097152 op, 504598237.00 ns, 240.6112 ns/op
// GC:  6 0 0 100664752 2097152
// Threading:  0 0 2097152

// AfterAll
// Benchmark Process 3185 has exited with code 0.

Mean = 240.939 ns, StdErr = 0.190 ns (0.08%), N = 9, StdDev = 0.569 ns
Min = 240.157 ns, Q1 = 240.570 ns, Median = 240.750 ns, Q3 = 241.130 ns, Max = 241.959 ns
IQR = 0.560 ns, LowerFence = 239.730 ns, UpperFence = 241.970 ns
ConfidenceInterval = [239.982 ns; 241.895 ns] (CI 99.9%), Margin = 0.957 ns (0.40% of Mean)
Skewness = 0.45, Kurtosis = 1.81, MValue = 2

// ** Remained 14 (77.8 %) benchmark(s) to run. Estimated finish 2026-09-22 22:26 (0h 2m from now) **
// **************************
// Benchmark: SanitizerBenchmarks.SanitizeForSql_InjectionAttempt: Job-YFEFPZ(IterationCount=10, WarmupCount=3)
// *** Execute ***
// Launch: 1 / 1
// Execute: dotnet Encina.Security.Sanitization.Benchmarks-Job-YFEFPZ-1.dll --anonymousPipes 143 144 --benchmarkName Encina.Security.Sanitization.Benchmarks.SanitizerBenchmarks.SanitizeForSql_InjectionAttempt --job "IterationCount=10, WarmupCount=3" --benchmarkId 4 in /home/runner/work/Encina/Encina/tests/Encina.BenchmarkTests/Encina.Security.Sanitization.Benchmarks/bin/Release/net10.0/Encina.Security.Sanitization.Benchmarks-Job-YFEFPZ-1/bin/Release/net10.0
// Failed to set up high priority (Permission denied). In order to run benchmarks with high priority, make sure you have the right permissions.
// BeforeAnythingElse

// Benchmark Process Environment Information:
// BenchmarkDotNet v0.15.8
// Runtime=.NET 10.0.12 (10.0.12, 10.0.1226.42308), X64 RyuJIT x86-64-v3
// GC=Concurrent Workstation
// HardwareIntrinsics=AVX2+BMI1+BMI2+F16C+FMA+LZCNT+MOVBE,AVX,SSE3+SSSE3+SSE4.1+SSE4.2+POPCNT,X86Base+SSE+SSE2,AES+PCLMUL VectorSize=256
// Job: Job-YFEFPZ(IterationCount=10, WarmupCount=3)

OverheadJitting  1: 1 op, 220864.00 ns, 220.8640 us/op
WorkloadJitting  1: 1 op, 11172270.00 ns, 11.1723 ms/op

OverheadJitting  2: 16 op, 442940.00 ns, 27.6838 us/op
WorkloadJitting  2: 16 op, 498744.00 ns, 31.1715 us/op

WorkloadPilot    1: 16 op, 13115.00 ns, 819.6875 ns/op
WorkloadPilot    2: 32 op, 26930.00 ns, 841.5625 ns/op
WorkloadPilot    3: 64 op, 45335.00 ns, 708.3594 ns/op
WorkloadPilot    4: 128 op, 65913.00 ns, 514.9453 ns/op
WorkloadPilot    5: 256 op, 119343.00 ns, 466.1836 ns/op
WorkloadPilot    6: 512 op, 233948.00 ns, 456.9297 ns/op
WorkloadPilot    7: 1024 op, 473968.00 ns, 462.8594 ns/op
WorkloadPilot    8: 2048 op, 815929.00 ns, 398.4028 ns/op
WorkloadPilot    9: 4096 op, 1673185.00 ns, 408.4924 ns/op
WorkloadPilot   10: 8192 op, 3411631.00 ns, 416.4589 ns/op
WorkloadPilot   11: 16384 op, 6373140.00 ns, 388.9856 ns/op
WorkloadPilot   12: 32768 op, 13720965.00 ns, 418.7306 ns/op
WorkloadPilot   13: 65536 op, 26746888.00 ns, 408.1251 ns/op
WorkloadPilot   14: 131072 op, 46445892.00 ns, 354.3540 ns/op
WorkloadPilot   15: 262144 op, 86908849.00 ns, 331.5309 ns/op
WorkloadPilot   16: 524288 op, 175260994.00 ns, 334.2838 ns/op
WorkloadPilot   17: 1048576 op, 348083251.00 ns, 331.9581 ns/op
WorkloadPilot   18: 2097152 op, 697054634.00 ns, 332.3816 ns/op

OverheadWarmup   1: 2097152 op, 7003701.00 ns, 3.3396 ns/op
OverheadWarmup   2: 2097152 op, 7000034.00 ns, 3.3379 ns/op
OverheadWarmup   3: 2097152 op, 6988162.00 ns, 3.3322 ns/op
OverheadWarmup   4: 2097152 op, 6982381.00 ns, 3.3295 ns/op
OverheadWarmup   5: 2097152 op, 6971290.00 ns, 3.3242 ns/op
OverheadWarmup   6: 2097152 op, 6996217.00 ns, 3.3361 ns/op
OverheadWarmup   7: 2097152 op, 6979906.00 ns, 3.3283 ns/op
OverheadWarmup   8: 2097152 op, 6990106.00 ns, 3.3331 ns/op
OverheadWarmup   9: 2097152 op, 6980498.00 ns, 3.3286 ns/op

OverheadActual   1: 2097152 op, 7092939.00 ns, 3.3822 ns/op
OverheadActual   2: 2097152 op, 6992790.00 ns, 3.3344 ns/op
OverheadActual   3: 2097152 op, 6988332.00 ns, 3.3323 ns/op
OverheadActual   4: 2097152 op, 6987550.00 ns, 3.3319 ns/op
OverheadActual   5: 2097152 op, 6990386.00 ns, 3.3333 ns/op
OverheadActual   6: 2097152 op, 7039067.00 ns, 3.3565 ns/op
OverheadActual   7: 2097152 op, 7001847.00 ns, 3.3387 ns/op
OverheadActual   8: 2097152 op, 6983433.00 ns, 3.3300 ns/op
OverheadActual   9: 2097152 op, 6995375.00 ns, 3.3357 ns/op
OverheadActual  10: 2097152 op, 6998621.00 ns, 3.3372 ns/op
OverheadActual  11: 2097152 op, 7055147.00 ns, 3.3642 ns/op
OverheadActual  12: 2097152 op, 7064084.00 ns, 3.3684 ns/op
OverheadActual  13: 2097152 op, 7003541.00 ns, 3.3395 ns/op
OverheadActual  14: 2097152 op, 6990216.00 ns, 3.3332 ns/op
OverheadActual  15: 2097152 op, 6987991.00 ns, 3.3321 ns/op

WorkloadWarmup   1: 2097152 op, 708784969.00 ns, 337.9750 ns/op
WorkloadWarmup   2: 2097152 op, 708834983.00 ns, 337.9989 ns/op
WorkloadWarmup   3: 2097152 op, 706015892.00 ns, 336.6546 ns/op

// BeforeActualRun
WorkloadActual   1: 2097152 op, 706364625.00 ns, 336.8209 ns/op
WorkloadActual   2: 2097152 op, 705844972.00 ns, 336.5731 ns/op
WorkloadActual   3: 2097152 op, 705624369.00 ns, 336.4679 ns/op
WorkloadActual   4: 2097152 op, 703092917.00 ns, 335.2608 ns/op
WorkloadActual   5: 2097152 op, 711675652.00 ns, 339.3534 ns/op
WorkloadActual   6: 2097152 op, 702798905.00 ns, 335.1206 ns/op
WorkloadActual   7: 2097152 op, 701324073.00 ns, 334.4174 ns/op
WorkloadActual   8: 2097152 op, 701730203.00 ns, 334.6110 ns/op
WorkloadActual   9: 2097152 op, 702150000.00 ns, 334.8112 ns/op
WorkloadActual  10: 2097152 op, 701308493.00 ns, 334.4099 ns/op

// AfterActualRun
WorkloadResult   1: 2097152 op, 699369250.00 ns, 333.4852 ns/op
WorkloadResult   2: 2097152 op, 698849597.00 ns, 333.2375 ns/op
WorkloadResult   3: 2097152 op, 698628994.00 ns, 333.1323 ns/op
WorkloadResult   4: 2097152 op, 696097542.00 ns, 331.9252 ns/op
WorkloadResult   5: 2097152 op, 704680277.00 ns, 336.0177 ns/op
WorkloadResult   6: 2097152 op, 695803530.00 ns, 331.7850 ns/op
WorkloadResult   7: 2097152 op, 694328698.00 ns, 331.0817 ns/op
WorkloadResult   8: 2097152 op, 694734828.00 ns, 331.2754 ns/op
WorkloadResult   9: 2097152 op, 695154625.00 ns, 331.4756 ns/op
WorkloadResult  10: 2097152 op, 694313118.00 ns, 331.0743 ns/op
// GC:  25 0 0 419435808 2097152
// Threading:  0 0 2097152

// AfterAll
// Benchmark Process 3193 has exited with code 0.

Mean = 332.449 ns, StdErr = 0.491 ns (0.15%), N = 10, StdDev = 1.553 ns
Min = 331.074 ns, Q1 = 331.325 ns, Median = 331.855 ns, Q3 = 333.211 ns, Max = 336.018 ns
IQR = 1.886 ns, LowerFence = 328.497 ns, UpperFence = 336.040 ns
ConfidenceInterval = [330.102 ns; 334.796 ns] (CI 99.9%), Margin = 2.347 ns (0.71% of Mean)
Skewness = 1.05, Kurtosis = 3, MValue = 2

// ** Remained 13 (72.2 %) benchmark(s) to run. Estimated finish 2026-09-22 22:26 (0h 2m from now) **
// **************************
// Benchmark: SanitizerBenchmarks.SanitizeForShell_SimpleInput: Job-YFEFPZ(IterationCount=10, WarmupCount=3)
// *** Execute ***
// Launch: 1 / 1
// Execute: dotnet Encina.Security.Sanitization.Benchmarks-Job-YFEFPZ-1.dll --anonymousPipes 143 144 --benchmarkName Encina.Security.Sanitization.Benchmarks.SanitizerBenchmarks.SanitizeForShell_SimpleInput --job "IterationCount=10, WarmupCount=3" --benchmarkId 5 in /home/runner/work/Encina/Encina/tests/Encina.BenchmarkTests/Encina.Security.Sanitization.Benchmarks/bin/Release/net10.0/Encina.Security.Sanitization.Benchmarks-Job-YFEFPZ-1/bin/Release/net10.0
// Failed to set up high priority (Permission denied). In order to run benchmarks with high priority, make sure you have the right permissions.
// BeforeAnythingElse

// Benchmark Process Environment Information:
// BenchmarkDotNet v0.15.8
// Runtime=.NET 10.0.12 (10.0.12, 10.0.1226.42308), X64 RyuJIT x86-64-v3
// GC=Concurrent Workstation
// HardwareIntrinsics=AVX2+BMI1+BMI2+F16C+FMA+LZCNT+MOVBE,AVX,SSE3+SSSE3+SSE4.1+SSE4.2+POPCNT,X86Base+SSE+SSE2,AES+PCLMUL VectorSize=256
// Job: Job-YFEFPZ(IterationCount=10, WarmupCount=3)

OverheadJitting  1: 1 op, 224730.00 ns, 224.7300 us/op
WorkloadJitting  1: 1 op, 649808.00 ns, 649.8080 us/op

OverheadJitting  2: 16 op, 416851.00 ns, 26.0532 us/op
WorkloadJitting  2: 16 op, 467135.00 ns, 29.1959 us/op

WorkloadPilot    1: 16 op, 4568.00 ns, 285.5000 ns/op
WorkloadPilot    2: 32 op, 7204.00 ns, 225.1250 ns/op
WorkloadPilot    3: 64 op, 4318.00 ns, 67.4688 ns/op
WorkloadPilot    4: 128 op, 22001.00 ns, 171.8828 ns/op
WorkloadPilot    5: 256 op, 28223.00 ns, 110.2461 ns/op
WorkloadPilot    6: 512 op, 29626.00 ns, 57.8633 ns/op
WorkloadPilot    7: 1024 op, 69269.00 ns, 67.6455 ns/op
WorkloadPilot    8: 2048 op, 123441.00 ns, 60.2739 ns/op
WorkloadPilot    9: 4096 op, 264315.00 ns, 64.5300 ns/op
WorkloadPilot   10: 8192 op, 395610.00 ns, 48.2922 ns/op
WorkloadPilot   11: 16384 op, 760876.00 ns, 46.4402 ns/op
WorkloadPilot   12: 32768 op, 1790684.00 ns, 54.6473 ns/op
WorkloadPilot   13: 65536 op, 3252373.00 ns, 49.6273 ns/op
WorkloadPilot   14: 131072 op, 6470120.00 ns, 49.3631 ns/op
WorkloadPilot   15: 262144 op, 12630390.00 ns, 48.1811 ns/op
WorkloadPilot   16: 524288 op, 19361438.00 ns, 36.9290 ns/op
WorkloadPilot   17: 1048576 op, 32560723.00 ns, 31.0523 ns/op
WorkloadPilot   18: 2097152 op, 66234322.00 ns, 31.5830 ns/op
WorkloadPilot   19: 4194304 op, 130573192.00 ns, 31.1311 ns/op
WorkloadPilot   20: 8388608 op, 254545860.00 ns, 30.3442 ns/op
WorkloadPilot   21: 16777216 op, 518266686.00 ns, 30.8911 ns/op

OverheadWarmup   1: 16777216 op, 55487840.00 ns, 3.3073 ns/op
OverheadWarmup   2: 16777216 op, 55525875.00 ns, 3.3096 ns/op
OverheadWarmup   3: 16777216 op, 55536131.00 ns, 3.3102 ns/op
OverheadWarmup   4: 16777216 op, 55473043.00 ns, 3.3065 ns/op
OverheadWarmup   5: 16777216 op, 55397191.00 ns, 3.3019 ns/op
OverheadWarmup   6: 16777216 op, 55433318.00 ns, 3.3041 ns/op
OverheadWarmup   7: 16777216 op, 55404736.00 ns, 3.3024 ns/op

OverheadActual   1: 16777216 op, 55472302.00 ns, 3.3064 ns/op
OverheadActual   2: 16777216 op, 55490777.00 ns, 3.3075 ns/op
OverheadActual   3: 16777216 op, 55422679.00 ns, 3.3034 ns/op
OverheadActual   4: 16777216 op, 55549276.00 ns, 3.3110 ns/op
OverheadActual   5: 16777216 op, 55504301.00 ns, 3.3083 ns/op
OverheadActual   6: 16777216 op, 55719896.00 ns, 3.3212 ns/op
OverheadActual   7: 16777216 op, 55479165.00 ns, 3.3068 ns/op
OverheadActual   8: 16777216 op, 55448998.00 ns, 3.3050 ns/op
OverheadActual   9: 16777216 op, 55442295.00 ns, 3.3046 ns/op
OverheadActual  10: 16777216 op, 55465358.00 ns, 3.3060 ns/op
OverheadActual  11: 16777216 op, 55418811.00 ns, 3.3032 ns/op
OverheadActual  12: 16777216 op, 55437957.00 ns, 3.3044 ns/op
OverheadActual  13: 16777216 op, 55472747.00 ns, 3.3064 ns/op
OverheadActual  14: 16777216 op, 55462981.00 ns, 3.3059 ns/op
OverheadActual  15: 16777216 op, 55471156.00 ns, 3.3063 ns/op

WorkloadWarmup   1: 16777216 op, 521988389.00 ns, 31.1129 ns/op
WorkloadWarmup   2: 16777216 op, 519939891.00 ns, 30.9908 ns/op
WorkloadWarmup   3: 16777216 op, 512147162.00 ns, 30.5263 ns/op

// BeforeActualRun
WorkloadActual   1: 16777216 op, 511210738.00 ns, 30.4705 ns/op
WorkloadActual   2: 16777216 op, 511678685.00 ns, 30.4984 ns/op
WorkloadActual   3: 16777216 op, 513738714.00 ns, 30.6212 ns/op
WorkloadActual   4: 16777216 op, 528388778.00 ns, 31.4944 ns/op
WorkloadActual   5: 16777216 op, 509600531.00 ns, 30.3746 ns/op
WorkloadActual   6: 16777216 op, 507557435.00 ns, 30.2528 ns/op
WorkloadActual   7: 16777216 op, 509309316.00 ns, 30.3572 ns/op
WorkloadActual   8: 16777216 op, 512701170.00 ns, 30.5594 ns/op
WorkloadActual   9: 16777216 op, 519396613.00 ns, 30.9585 ns/op
WorkloadActual  10: 16777216 op, 512248933.00 ns, 30.5324 ns/op

// AfterActualRun
WorkloadResult   1: 16777216 op, 455739582.00 ns, 27.1642 ns/op
WorkloadResult   2: 16777216 op, 456207529.00 ns, 27.1921 ns/op
WorkloadResult   3: 16777216 op, 458267558.00 ns, 27.3149 ns/op
WorkloadResult   4: 16777216 op, 454129375.00 ns, 27.0682 ns/op
WorkloadResult   5: 16777216 op, 452086279.00 ns, 26.9464 ns/op
WorkloadResult   6: 16777216 op, 453838160.00 ns, 27.0509 ns/op
WorkloadResult   7: 16777216 op, 457230014.00 ns, 27.2530 ns/op
WorkloadResult   8: 16777216 op, 456777777.00 ns, 27.2261 ns/op
// GC:  48 0 0 805306368 16777216
// Threading:  0 0 16777216

// AfterAll
// Benchmark Process 3200 has exited with code 0.

Mean = 27.152 ns, StdErr = 0.043 ns (0.16%), N = 8, StdDev = 0.122 ns
Min = 26.946 ns, Q1 = 27.064 ns, Median = 27.178 ns, Q3 = 27.233 ns, Max = 27.315 ns
IQR = 0.169 ns, LowerFence = 26.810 ns, UpperFence = 27.486 ns
ConfidenceInterval = [26.920 ns; 27.384 ns] (CI 99.9%), Margin = 0.232 ns (0.86% of Mean)
Skewness = -0.31, Kurtosis = 1.59, MValue = 2

// ** Remained 12 (66.7 %) benchmark(s) to run. Estimated finish 2026-09-22 22:26 (0h 2m from now) **
// **************************
// Benchmark: SanitizerBenchmarks.SanitizeForShell_InjectionAttempt: Job-YFEFPZ(IterationCount=10, WarmupCount=3)
// *** Execute ***
// Launch: 1 / 1
// Execute: dotnet Encina.Security.Sanitization.Benchmarks-Job-YFEFPZ-1.dll --anonymousPipes 143 144 --benchmarkName Encina.Security.Sanitization.Benchmarks.SanitizerBenchmarks.SanitizeForShell_InjectionAttempt --job "IterationCount=10, WarmupCount=3" --benchmarkId 6 in /home/runner/work/Encina/Encina/tests/Encina.BenchmarkTests/Encina.Security.Sanitization.Benchmarks/bin/Release/net10.0/Encina.Security.Sanitization.Benchmarks-Job-YFEFPZ-1/bin/Release/net10.0
// Failed to set up high priority (Permission denied). In order to run benchmarks with high priority, make sure you have the right permissions.
// BeforeAnythingElse

// Benchmark Process Environment Information:
// BenchmarkDotNet v0.15.8
// Runtime=.NET 10.0.12 (10.0.12, 10.0.1226.42308), X64 RyuJIT x86-64-v3
// GC=Concurrent Workstation
// HardwareIntrinsics=AVX2+BMI1+BMI2+F16C+FMA+LZCNT+MOVBE,AVX,SSE3+SSSE3+SSE4.1+SSE4.2+POPCNT,X86Base+SSE+SSE2,AES+PCLMUL VectorSize=256
// Job: Job-YFEFPZ(IterationCount=10, WarmupCount=3)

OverheadJitting  1: 1 op, 223608.00 ns, 223.6080 us/op
WorkloadJitting  1: 1 op, 692186.00 ns, 692.1860 us/op

OverheadJitting  2: 16 op, 426729.00 ns, 26.6706 us/op
WorkloadJitting  2: 16 op, 457767.00 ns, 28.6104 us/op

WorkloadPilot    1: 16 op, 4328.00 ns, 270.5000 ns/op
WorkloadPilot    2: 32 op, 4819.00 ns, 150.5938 ns/op
WorkloadPilot    3: 64 op, 4629.00 ns, 72.3281 ns/op
WorkloadPilot    4: 128 op, 21210.00 ns, 165.7031 ns/op
WorkloadPilot    5: 256 op, 28624.00 ns, 111.8125 ns/op
WorkloadPilot    6: 512 op, 33002.00 ns, 64.4570 ns/op
WorkloadPilot    7: 1024 op, 68449.00 ns, 66.8447 ns/op
WorkloadPilot    8: 2048 op, 156513.00 ns, 76.4224 ns/op
WorkloadPilot    9: 4096 op, 225874.00 ns, 55.1450 ns/op
WorkloadPilot   10: 8192 op, 353933.00 ns, 43.2047 ns/op
WorkloadPilot   11: 16384 op, 736199.00 ns, 44.9340 ns/op
WorkloadPilot   12: 32768 op, 1703291.00 ns, 51.9803 ns/op
WorkloadPilot   13: 65536 op, 3292238.00 ns, 50.2356 ns/op
WorkloadPilot   14: 131072 op, 6513993.00 ns, 49.6978 ns/op
WorkloadPilot   15: 262144 op, 13381698.00 ns, 51.0471 ns/op
WorkloadPilot   16: 524288 op, 19813828.00 ns, 37.7919 ns/op
WorkloadPilot   17: 1048576 op, 32675382.00 ns, 31.1617 ns/op
WorkloadPilot   18: 2097152 op, 69565139.00 ns, 33.1712 ns/op
WorkloadPilot   19: 4194304 op, 129087754.00 ns, 30.7769 ns/op
WorkloadPilot   20: 8388608 op, 254888873.00 ns, 30.3851 ns/op
WorkloadPilot   21: 16777216 op, 509343269.00 ns, 30.3592 ns/op

OverheadWarmup   1: 16777216 op, 55601944.00 ns, 3.3141 ns/op
OverheadWarmup   2: 16777216 op, 55522796.00 ns, 3.3094 ns/op
OverheadWarmup   3: 16777216 op, 55448035.00 ns, 3.3050 ns/op
OverheadWarmup   4: 16777216 op, 55483462.00 ns, 3.3071 ns/op
OverheadWarmup   5: 16777216 op, 55515632.00 ns, 3.3090 ns/op
OverheadWarmup   6: 16777216 op, 55463755.00 ns, 3.3059 ns/op
OverheadWarmup   7: 16777216 op, 55832435.00 ns, 3.3279 ns/op
OverheadWarmup   8: 16777216 op, 55530450.00 ns, 3.3099 ns/op

OverheadActual   1: 16777216 op, 55516945.00 ns, 3.3091 ns/op
OverheadActual   2: 16777216 op, 55428358.00 ns, 3.3038 ns/op
OverheadActual   3: 16777216 op, 55480306.00 ns, 3.3069 ns/op
OverheadActual   4: 16777216 op, 55536061.00 ns, 3.3102 ns/op
OverheadActual   5: 16777216 op, 55521273.00 ns, 3.3093 ns/op
OverheadActual   6: 16777216 op, 55426275.00 ns, 3.3037 ns/op
OverheadActual   7: 16777216 op, 55494683.00 ns, 3.3077 ns/op
OverheadActual   8: 16777216 op, 55680461.00 ns, 3.3188 ns/op
OverheadActual   9: 16777216 op, 55535980.00 ns, 3.3102 ns/op
OverheadActual  10: 16777216 op, 55579441.00 ns, 3.3128 ns/op
OverheadActual  11: 16777216 op, 55640385.00 ns, 3.3164 ns/op
OverheadActual  12: 16777216 op, 55473533.00 ns, 3.3065 ns/op
OverheadActual  13: 16777216 op, 55480286.00 ns, 3.3069 ns/op
OverheadActual  14: 16777216 op, 55474164.00 ns, 3.3065 ns/op
OverheadActual  15: 16777216 op, 55437215.00 ns, 3.3043 ns/op

WorkloadWarmup   1: 16777216 op, 530344630.00 ns, 31.6110 ns/op
WorkloadWarmup   2: 16777216 op, 528745250.00 ns, 31.5157 ns/op
WorkloadWarmup   3: 16777216 op, 511765999.00 ns, 30.5036 ns/op

// BeforeActualRun
WorkloadActual   1: 16777216 op, 528909071.00 ns, 31.5254 ns/op
WorkloadActual   2: 16777216 op, 521288723.00 ns, 31.0712 ns/op
WorkloadActual   3: 16777216 op, 529399519.00 ns, 31.5547 ns/op
WorkloadActual   4: 16777216 op, 519108016.00 ns, 30.9412 ns/op
WorkloadActual   5: 16777216 op, 521622788.00 ns, 31.0911 ns/op
WorkloadActual   6: 16777216 op, 524091123.00 ns, 31.2383 ns/op
WorkloadActual   7: 16777216 op, 524267233.00 ns, 31.2488 ns/op
WorkloadActual   8: 16777216 op, 525110333.00 ns, 31.2990 ns/op
WorkloadActual   9: 16777216 op, 528845225.00 ns, 31.5216 ns/op
WorkloadActual  10: 16777216 op, 523542595.00 ns, 31.2056 ns/op

// AfterActualRun
WorkloadResult   1: 16777216 op, 473414388.00 ns, 28.2177 ns/op
WorkloadResult   2: 16777216 op, 465794040.00 ns, 27.7635 ns/op
WorkloadResult   3: 16777216 op, 473904836.00 ns, 28.2469 ns/op
WorkloadResult   4: 16777216 op, 463613333.00 ns, 27.6335 ns/op
WorkloadResult   5: 16777216 op, 466128105.00 ns, 27.7834 ns/op
WorkloadResult   6: 16777216 op, 468596440.00 ns, 27.9305 ns/op
WorkloadResult   7: 16777216 op, 468772550.00 ns, 27.9410 ns/op
WorkloadResult   8: 16777216 op, 469615650.00 ns, 27.9913 ns/op
WorkloadResult   9: 16777216 op, 473350542.00 ns, 28.2139 ns/op
WorkloadResult  10: 16777216 op, 468047912.00 ns, 27.8978 ns/op
// GC:  48 0 0 805306368 16777216
// Threading:  0 0 16777216

// AfterAll
// Benchmark Process 3211 has exited with code 0.

Mean = 27.962 ns, StdErr = 0.066 ns (0.24%), N = 10, StdDev = 0.210 ns
Min = 27.634 ns, Q1 = 27.812 ns, Median = 27.936 ns, Q3 = 28.158 ns, Max = 28.247 ns
IQR = 0.346 ns, LowerFence = 27.293 ns, UpperFence = 28.678 ns
ConfidenceInterval = [27.645 ns; 28.279 ns] (CI 99.9%), Margin = 0.317 ns (1.13% of Mean)
Skewness = 0.07, Kurtosis = 1.51, MValue = 2

// ** Remained 11 (61.1 %) benchmark(s) to run. Estimated finish 2026-09-22 22:25 (0h 1m from now) **
// **************************
// Benchmark: SanitizerBenchmarks.SanitizeForJson_SimpleInput: Job-YFEFPZ(IterationCount=10, WarmupCount=3)
// *** Execute ***
// Launch: 1 / 1
// Execute: dotnet Encina.Security.Sanitization.Benchmarks-Job-YFEFPZ-1.dll --anonymousPipes 143 144 --benchmarkName Encina.Security.Sanitization.Benchmarks.SanitizerBenchmarks.SanitizeForJson_SimpleInput --job "IterationCount=10, WarmupCount=3" --benchmarkId 7 in /home/runner/work/Encina/Encina/tests/Encina.BenchmarkTests/Encina.Security.Sanitization.Benchmarks/bin/Release/net10.0/Encina.Security.Sanitization.Benchmarks-Job-YFEFPZ-1/bin/Release/net10.0
// Failed to set up high priority (Permission denied). In order to run benchmarks with high priority, make sure you have the right permissions.
// BeforeAnythingElse

// Benchmark Process Environment Information:
// BenchmarkDotNet v0.15.8
// Runtime=.NET 10.0.12 (10.0.12, 10.0.1226.42308), X64 RyuJIT x86-64-v3
// GC=Concurrent Workstation
// HardwareIntrinsics=AVX2+BMI1+BMI2+F16C+FMA+LZCNT+MOVBE,AVX,SSE3+SSSE3+SSE4.1+SSE4.2+POPCNT,X86Base+SSE+SSE2,AES+PCLMUL VectorSize=256
// Job: Job-YFEFPZ(IterationCount=10, WarmupCount=3)

OverheadJitting  1: 1 op, 252663.00 ns, 252.6630 us/op
WorkloadJitting  1: 1 op, 22502846.00 ns, 22.5028 ms/op

OverheadJitting  2: 16 op, 435195.00 ns, 27.1997 us/op
WorkloadJitting  2: 16 op, 540733.00 ns, 33.7958 us/op

WorkloadPilot    1: 16 op, 17113.00 ns, 1.0696 us/op
WorkloadPilot    2: 32 op, 33573.00 ns, 1.0492 us/op
WorkloadPilot    3: 64 op, 51977.00 ns, 812.1406 ns/op
WorkloadPilot    4: 128 op, 80791.00 ns, 631.1797 ns/op
WorkloadPilot    5: 256 op, 189274.00 ns, 739.3516 ns/op
WorkloadPilot    6: 512 op, 324237.00 ns, 633.2754 ns/op
WorkloadPilot    7: 1024 op, 615463.00 ns, 601.0381 ns/op
WorkloadPilot    8: 2048 op, 1056119.00 ns, 515.6831 ns/op
WorkloadPilot    9: 4096 op, 2177930.00 ns, 531.7212 ns/op
WorkloadPilot   10: 8192 op, 4354217.00 ns, 531.5206 ns/op
WorkloadPilot   11: 16384 op, 8217594.00 ns, 501.5621 ns/op
WorkloadPilot   12: 32768 op, 18042531.00 ns, 550.6143 ns/op
WorkloadPilot   13: 65536 op, 35243966.00 ns, 537.7802 ns/op
WorkloadPilot   14: 131072 op, 61975413.00 ns, 472.8349 ns/op
WorkloadPilot   15: 262144 op, 118457206.00 ns, 451.8784 ns/op
WorkloadPilot   16: 524288 op, 239725177.00 ns, 457.2395 ns/op
WorkloadPilot   17: 1048576 op, 474730361.00 ns, 452.7382 ns/op
WorkloadPilot   18: 2097152 op, 948028349.00 ns, 452.0551 ns/op

OverheadWarmup   1: 2097152 op, 6951352.00 ns, 3.3147 ns/op
OverheadWarmup   2: 2097152 op, 6944820.00 ns, 3.3115 ns/op
OverheadWarmup   3: 2097152 op, 6951362.00 ns, 3.3147 ns/op
OverheadWarmup   4: 2097152 op, 6939170.00 ns, 3.3089 ns/op
OverheadWarmup   5: 2097152 op, 7085624.00 ns, 3.3787 ns/op
OverheadWarmup   6: 2097152 op, 6939851.00 ns, 3.3092 ns/op

OverheadActual   1: 2097152 op, 6946043.00 ns, 3.3121 ns/op
OverheadActual   2: 2097152 op, 6947645.00 ns, 3.3129 ns/op
OverheadActual   3: 2097152 op, 6951212.00 ns, 3.3146 ns/op
OverheadActual   4: 2097152 op, 6950291.00 ns, 3.3142 ns/op
OverheadActual   5: 2097152 op, 6960740.00 ns, 3.3191 ns/op
OverheadActual   6: 2097152 op, 6951272.00 ns, 3.3146 ns/op
OverheadActual   7: 2097152 op, 6984946.00 ns, 3.3307 ns/op
OverheadActual   8: 2097152 op, 6943057.00 ns, 3.3107 ns/op
OverheadActual   9: 2097152 op, 6949960.00 ns, 3.3140 ns/op
OverheadActual  10: 2097152 op, 7084832.00 ns, 3.3783 ns/op
OverheadActual  11: 2097152 op, 6939671.00 ns, 3.3091 ns/op
OverheadActual  12: 2097152 op, 6940061.00 ns, 3.3093 ns/op
OverheadActual  13: 2097152 op, 6937647.00 ns, 3.3081 ns/op
OverheadActual  14: 2097152 op, 6937807.00 ns, 3.3082 ns/op
OverheadActual  15: 2097152 op, 6939460.00 ns, 3.3090 ns/op

WorkloadWarmup   1: 2097152 op, 952997348.00 ns, 454.4245 ns/op
WorkloadWarmup   2: 2097152 op, 952990825.00 ns, 454.4214 ns/op
WorkloadWarmup   3: 2097152 op, 949301294.00 ns, 452.6621 ns/op

// BeforeActualRun
WorkloadActual   1: 2097152 op, 952026308.00 ns, 453.9615 ns/op
WorkloadActual   2: 2097152 op, 951043679.00 ns, 453.4930 ns/op
WorkloadActual   3: 2097152 op, 950772802.00 ns, 453.3638 ns/op
WorkloadActual   4: 2097152 op, 950419971.00 ns, 453.1956 ns/op
WorkloadActual   5: 2097152 op, 950729792.00 ns, 453.3433 ns/op
WorkloadActual   6: 2097152 op, 952183085.00 ns, 454.0363 ns/op
WorkloadActual   7: 2097152 op, 957313008.00 ns, 456.4824 ns/op
WorkloadActual   8: 2097152 op, 953687023.00 ns, 454.7534 ns/op
WorkloadActual   9: 2097152 op, 965466070.00 ns, 460.3701 ns/op
WorkloadActual  10: 2097152 op, 950200752.00 ns, 453.0910 ns/op

// AfterActualRun
WorkloadResult   1: 2097152 op, 945078663.00 ns, 450.6486 ns/op
WorkloadResult   2: 2097152 op, 944096034.00 ns, 450.1801 ns/op
WorkloadResult   3: 2097152 op, 943825157.00 ns, 450.0509 ns/op
WorkloadResult   4: 2097152 op, 943472326.00 ns, 449.8827 ns/op
WorkloadResult   5: 2097152 op, 943782147.00 ns, 450.0304 ns/op
WorkloadResult   6: 2097152 op, 945235440.00 ns, 450.7234 ns/op
WorkloadResult   7: 2097152 op, 946739378.00 ns, 451.4405 ns/op
WorkloadResult   8: 2097152 op, 943253107.00 ns, 449.7781 ns/op
// GC:  26 0 0 436207616 2097152
// Threading:  0 0 2097152

// AfterAll
// Benchmark Process 3219 has exited with code 0.

Mean = 450.342 ns, StdErr = 0.197 ns (0.04%), N = 8, StdDev = 0.558 ns
Min = 449.778 ns, Q1 = 449.993 ns, Median = 450.115 ns, Q3 = 450.667 ns, Max = 451.441 ns
IQR = 0.674 ns, LowerFence = 448.983 ns, UpperFence = 451.678 ns
ConfidenceInterval = [449.274 ns; 451.410 ns] (CI 99.9%), Margin = 1.068 ns (0.24% of Mean)
Skewness = 0.77, Kurtosis = 2.12, MValue = 2

// ** Remained 10 (55.6 %) benchmark(s) to run. Estimated finish 2026-09-22 22:26 (0h 1m from now) **
// **************************
// Benchmark: SanitizerBenchmarks.SanitizeForXml_SimpleInput: Job-YFEFPZ(IterationCount=10, WarmupCount=3)
// *** Execute ***
// Launch: 1 / 1
// Execute: dotnet Encina.Security.Sanitization.Benchmarks-Job-YFEFPZ-1.dll --anonymousPipes 143 144 --benchmarkName Encina.Security.Sanitization.Benchmarks.SanitizerBenchmarks.SanitizeForXml_SimpleInput --job "IterationCount=10, WarmupCount=3" --benchmarkId 8 in /home/runner/work/Encina/Encina/tests/Encina.BenchmarkTests/Encina.Security.Sanitization.Benchmarks/bin/Release/net10.0/Encina.Security.Sanitization.Benchmarks-Job-YFEFPZ-1/bin/Release/net10.0
// Failed to set up high priority (Permission denied). In order to run benchmarks with high priority, make sure you have the right permissions.
// BeforeAnythingElse

// Benchmark Process Environment Information:
// BenchmarkDotNet v0.15.8
// Runtime=.NET 10.0.12 (10.0.12, 10.0.1226.42308), X64 RyuJIT x86-64-v3
// GC=Concurrent Workstation
// HardwareIntrinsics=AVX2+BMI1+BMI2+F16C+FMA+LZCNT+MOVBE,AVX,SSE3+SSSE3+SSE4.1+SSE4.2+POPCNT,X86Base+SSE+SSE2,AES+PCLMUL VectorSize=256
// Job: Job-YFEFPZ(IterationCount=10, WarmupCount=3)

OverheadJitting  1: 1 op, 223459.00 ns, 223.4590 us/op
WorkloadJitting  1: 1 op, 1013489.00 ns, 1.0135 ms/op

OverheadJitting  2: 16 op, 442810.00 ns, 27.6756 us/op
WorkloadJitting  2: 16 op, 475722.00 ns, 29.7326 us/op

WorkloadPilot    1: 16 op, 37630.00 ns, 2.3519 us/op
WorkloadPilot    2: 32 op, 36649.00 ns, 1.1453 us/op
WorkloadPilot    3: 64 op, 57748.00 ns, 902.3125 ns/op
WorkloadPilot    4: 128 op, 99798.00 ns, 779.6719 ns/op
WorkloadPilot    5: 256 op, 166481.00 ns, 650.3164 ns/op
WorkloadPilot    6: 512 op, 241713.00 ns, 472.0957 ns/op
WorkloadPilot    7: 1024 op, 557094.00 ns, 544.0371 ns/op
WorkloadPilot    8: 2048 op, 1096234.00 ns, 535.2705 ns/op
WorkloadPilot    9: 4096 op, 2198239.00 ns, 536.6794 ns/op
WorkloadPilot   10: 8192 op, 4378003.00 ns, 534.4242 ns/op
WorkloadPilot   11: 16384 op, 7441635.00 ns, 454.2014 ns/op
WorkloadPilot   12: 32768 op, 14608344.00 ns, 445.8113 ns/op
WorkloadPilot   13: 65536 op, 19615767.00 ns, 299.3129 ns/op
WorkloadPilot   14: 131072 op, 37095923.00 ns, 283.0194 ns/op
WorkloadPilot   15: 262144 op, 77614449.00 ns, 296.0756 ns/op
WorkloadPilot   16: 524288 op, 148575912.00 ns, 283.3861 ns/op
WorkloadPilot   17: 1048576 op, 299935009.00 ns, 286.0403 ns/op
WorkloadPilot   18: 2097152 op, 590167707.00 ns, 281.4139 ns/op

OverheadWarmup   1: 2097152 op, 6950925.00 ns, 3.3145 ns/op
OverheadWarmup   2: 2097152 op, 6948080.00 ns, 3.3131 ns/op
OverheadWarmup   3: 2097152 op, 6942910.00 ns, 3.3106 ns/op
OverheadWarmup   4: 2097152 op, 6950965.00 ns, 3.3145 ns/op
OverheadWarmup   5: 2097152 op, 6951646.00 ns, 3.3148 ns/op
OverheadWarmup   6: 2097152 op, 6952368.00 ns, 3.3151 ns/op
OverheadWarmup   7: 2097152 op, 6946948.00 ns, 3.3126 ns/op
OverheadWarmup   8: 2097152 op, 6973758.00 ns, 3.3253 ns/op
OverheadWarmup   9: 2097152 op, 7083553.00 ns, 3.3777 ns/op
OverheadWarmup  10: 2097152 op, 6950965.00 ns, 3.3145 ns/op

OverheadActual   1: 2097152 op, 6968899.00 ns, 3.3230 ns/op
OverheadActual   2: 2097152 op, 6959260.00 ns, 3.3184 ns/op
OverheadActual   3: 2097152 op, 7014374.00 ns, 3.3447 ns/op
OverheadActual   4: 2097152 op, 6983185.00 ns, 3.3298 ns/op
OverheadActual   5: 2097152 op, 6979208.00 ns, 3.3279 ns/op
OverheadActual   6: 2097152 op, 6989057.00 ns, 3.3326 ns/op
OverheadActual   7: 2097152 op, 6965592.00 ns, 3.3215 ns/op
OverheadActual   8: 2097152 op, 6937540.00 ns, 3.3081 ns/op
OverheadActual   9: 2097152 op, 6949883.00 ns, 3.3140 ns/op
OverheadActual  10: 2097152 op, 6947108.00 ns, 3.3126 ns/op
OverheadActual  11: 2097152 op, 7065820.00 ns, 3.3692 ns/op
OverheadActual  12: 2097152 op, 6949933.00 ns, 3.3140 ns/op
OverheadActual  13: 2097152 op, 6989286.00 ns, 3.3328 ns/op
OverheadActual  14: 2097152 op, 6950304.00 ns, 3.3142 ns/op
OverheadActual  15: 2097152 op, 6984338.00 ns, 3.3304 ns/op

WorkloadWarmup   1: 2097152 op, 595728346.00 ns, 284.0654 ns/op
WorkloadWarmup   2: 2097152 op, 592206277.00 ns, 282.3860 ns/op
WorkloadWarmup   3: 2097152 op, 612603258.00 ns, 292.1120 ns/op

// BeforeActualRun
WorkloadActual   1: 2097152 op, 588819921.00 ns, 280.7712 ns/op
WorkloadActual   2: 2097152 op, 597220703.00 ns, 284.7770 ns/op
WorkloadActual   3: 2097152 op, 596156398.00 ns, 284.2695 ns/op
WorkloadActual   4: 2097152 op, 601208756.00 ns, 286.6787 ns/op
WorkloadActual   5: 2097152 op, 596930960.00 ns, 284.6389 ns/op
WorkloadActual   6: 2097152 op, 595971481.00 ns, 284.1813 ns/op
WorkloadActual   7: 2097152 op, 595066006.00 ns, 283.7496 ns/op
WorkloadActual   8: 2097152 op, 592257145.00 ns, 282.4102 ns/op
WorkloadActual   9: 2097152 op, 595089651.00 ns, 283.7609 ns/op
WorkloadActual  10: 2097152 op, 603480790.00 ns, 287.7621 ns/op

// AfterActualRun
WorkloadResult   1: 2097152 op, 581851022.00 ns, 277.4482 ns/op
WorkloadResult   2: 2097152 op, 590251804.00 ns, 281.4540 ns/op
WorkloadResult   3: 2097152 op, 589187499.00 ns, 280.9465 ns/op
WorkloadResult   4: 2097152 op, 589962061.00 ns, 281.3158 ns/op
WorkloadResult   5: 2097152 op, 589002582.00 ns, 280.8583 ns/op
WorkloadResult   6: 2097152 op, 588097107.00 ns, 280.4266 ns/op
WorkloadResult   7: 2097152 op, 585288246.00 ns, 279.0872 ns/op
WorkloadResult   8: 2097152 op, 588120752.00 ns, 280.4378 ns/op
// GC:  81 0 0 1358954496 2097152
// Threading:  0 0 2097152

// AfterAll
// Benchmark Process 3230 has exited with code 0.

Mean = 280.247 ns, StdErr = 0.476 ns (0.17%), N = 8, StdDev = 1.347 ns
Min = 277.448 ns, Q1 = 280.092 ns, Median = 280.648 ns, Q3 = 281.039 ns, Max = 281.454 ns
IQR = 0.947 ns, LowerFence = 278.671 ns, UpperFence = 282.460 ns
ConfidenceInterval = [277.671 ns; 282.823 ns] (CI 99.9%), Margin = 2.576 ns (0.92% of Mean)
Skewness = -1.02, Kurtosis = 2.54, MValue = 2

// ** Remained 9 (50.0 %) benchmark(s) to run. Estimated finish 2026-09-22 22:26 (0h 1m from now) **
// **************************
// Benchmark: SanitizerBenchmarks.SanitizeHtml_CleanInput: ShortRun(IterationCount=3, LaunchCount=1, WarmupCount=3)
// *** Execute ***
// Launch: 1 / 1
// Execute: dotnet Encina.Security.Sanitization.Benchmarks-Job-YFEFPZ-1.dll --anonymousPipes 143 144 --benchmarkName Encina.Security.Sanitization.Benchmarks.SanitizerBenchmarks.SanitizeHtml_CleanInput --job ShortRun --benchmarkId 9 in /home/runner/work/Encina/Encina/tests/Encina.BenchmarkTests/Encina.Security.Sanitization.Benchmarks/bin/Release/net10.0/Encina.Security.Sanitization.Benchmarks-Job-YFEFPZ-1/bin/Release/net10.0
// Failed to set up high priority (Permission denied). In order to run benchmarks with high priority, make sure you have the right permissions.
// BeforeAnythingElse

// Benchmark Process Environment Information:
// BenchmarkDotNet v0.15.8
// Runtime=.NET 10.0.12 (10.0.12, 10.0.1226.42308), X64 RyuJIT x86-64-v3
// GC=Concurrent Workstation
// HardwareIntrinsics=AVX2+BMI1+BMI2+F16C+FMA+LZCNT+MOVBE,AVX,SSE3+SSSE3+SSE4.1+SSE4.2+POPCNT,X86Base+SSE+SSE2,AES+PCLMUL VectorSize=256
// Job: ShortRun(IterationCount=3, LaunchCount=1, WarmupCount=3)

OverheadJitting  1: 1 op, 223408.00 ns, 223.4080 us/op
WorkloadJitting  1: 1 op, 658698874.00 ns, 658.6989 ms/op

OverheadJitting  2: 1 op, 220.00 ns, 220.0000 ns/op
WorkloadJitting  2: 1 op, 1069414.00 ns, 1.0694 ms/op

OverheadJitting  3: 16 op, 426649.00 ns, 26.6656 us/op
WorkloadJitting  3: 16 op, 913631.00 ns, 57.1019 us/op

WorkloadPilot    1: 16 op, 463157.00 ns, 28.9473 us/op
WorkloadPilot    2: 32 op, 867576.00 ns, 27.1118 us/op
WorkloadPilot    3: 64 op, 1529065.00 ns, 23.8916 us/op
WorkloadPilot    4: 128 op, 2929908.00 ns, 22.8899 us/op
WorkloadPilot    5: 256 op, 5769178.00 ns, 22.5359 us/op
WorkloadPilot    6: 512 op, 11328021.00 ns, 22.1250 us/op
WorkloadPilot    7: 1024 op, 22818057.00 ns, 22.2833 us/op
WorkloadPilot    8: 2048 op, 33875892.00 ns, 16.5410 us/op
WorkloadPilot    9: 4096 op, 63082607.00 ns, 15.4010 us/op
WorkloadPilot   10: 8192 op, 126107655.00 ns, 15.3940 us/op
WorkloadPilot   11: 16384 op, 252092691.00 ns, 15.3865 us/op
WorkloadPilot   12: 32768 op, 506281490.00 ns, 15.4505 us/op

OverheadWarmup   1: 32768 op, 108724.00 ns, 3.3180 ns/op
OverheadWarmup   2: 32768 op, 108513.00 ns, 3.3116 ns/op
OverheadWarmup   3: 32768 op, 108663.00 ns, 3.3161 ns/op
OverheadWarmup   4: 32768 op, 108483.00 ns, 3.3106 ns/op
OverheadWarmup   5: 32768 op, 108693.00 ns, 3.3170 ns/op
OverheadWarmup   6: 32768 op, 126978.00 ns, 3.8751 ns/op
OverheadWarmup   7: 32768 op, 108513.00 ns, 3.3116 ns/op

OverheadActual   1: 32768 op, 108603.00 ns, 3.3143 ns/op
OverheadActual   2: 32768 op, 108623.00 ns, 3.3149 ns/op
OverheadActual   3: 32768 op, 108634.00 ns, 3.3152 ns/op
OverheadActual   4: 32768 op, 108624.00 ns, 3.3149 ns/op
OverheadActual   5: 32768 op, 108523.00 ns, 3.3119 ns/op
OverheadActual   6: 32768 op, 108514.00 ns, 3.3116 ns/op
OverheadActual   7: 32768 op, 108524.00 ns, 3.3119 ns/op
OverheadActual   8: 32768 op, 108514.00 ns, 3.3116 ns/op
OverheadActual   9: 32768 op, 108633.00 ns, 3.3152 ns/op
OverheadActual  10: 32768 op, 124734.00 ns, 3.8066 ns/op
OverheadActual  11: 32768 op, 108513.00 ns, 3.3116 ns/op
OverheadActual  12: 32768 op, 108583.00 ns, 3.3137 ns/op
OverheadActual  13: 32768 op, 108573.00 ns, 3.3134 ns/op
OverheadActual  14: 32768 op, 108544.00 ns, 3.3125 ns/op
OverheadActual  15: 32768 op, 108624.00 ns, 3.3149 ns/op

WorkloadWarmup   1: 32768 op, 519459728.00 ns, 15.8527 us/op
WorkloadWarmup   2: 32768 op, 522293176.00 ns, 15.9391 us/op
WorkloadWarmup   3: 32768 op, 509234812.00 ns, 15.5406 us/op

// BeforeActualRun
WorkloadActual   1: 32768 op, 539106634.00 ns, 16.4522 us/op
WorkloadActual   2: 32768 op, 511420848.00 ns, 15.6073 us/op
WorkloadActual   3: 32768 op, 512461256.00 ns, 15.6391 us/op

// AfterActualRun
WorkloadResult   1: 32768 op, 538998051.00 ns, 16.4489 us/op
WorkloadResult   2: 32768 op, 511312265.00 ns, 15.6040 us/op
WorkloadResult   3: 32768 op, 512352673.00 ns, 15.6358 us/op
// GC:  28 1 0 472907776 32768
// Threading:  0 0 32768

// AfterAll
// Benchmark Process 3256 has exited with code 0.

Mean = 15.896 μs, StdErr = 0.276 μs (1.74%), N = 3, StdDev = 0.479 μs
Min = 15.604 μs, Q1 = 15.620 μs, Median = 15.636 μs, Q3 = 16.042 μs, Max = 16.449 μs
IQR = 0.422 μs, LowerFence = 14.986 μs, UpperFence = 16.676 μs
ConfidenceInterval = [7.159 μs; 24.633 μs] (CI 99.9%), Margin = 8.737 μs (54.96% of Mean)
Skewness = 0.38, Kurtosis = 0.67, MValue = 2

// ** Remained 8 (44.4 %) benchmark(s) to run. Estimated finish 2026-09-22 22:25 (0h 1m from now) **
// **************************
// Benchmark: SanitizerBenchmarks.SanitizeHtml_MaliciousInput: ShortRun(IterationCount=3, LaunchCount=1, WarmupCount=3)
// *** Execute ***
// Launch: 1 / 1
// Execute: dotnet Encina.Security.Sanitization.Benchmarks-Job-YFEFPZ-1.dll --anonymousPipes 143 144 --benchmarkName Encina.Security.Sanitization.Benchmarks.SanitizerBenchmarks.SanitizeHtml_MaliciousInput --job ShortRun --benchmarkId 10 in /home/runner/work/Encina/Encina/tests/Encina.BenchmarkTests/Encina.Security.Sanitization.Benchmarks/bin/Release/net10.0/Encina.Security.Sanitization.Benchmarks-Job-YFEFPZ-1/bin/Release/net10.0
// Failed to set up high priority (Permission denied). In order to run benchmarks with high priority, make sure you have the right permissions.
// BeforeAnythingElse

// Benchmark Process Environment Information:
// BenchmarkDotNet v0.15.8
// Runtime=.NET 10.0.12 (10.0.12, 10.0.1226.42308), X64 RyuJIT x86-64-v3
// GC=Concurrent Workstation
// HardwareIntrinsics=AVX2+BMI1+BMI2+F16C+FMA+LZCNT+MOVBE,AVX,SSE3+SSSE3+SSE4.1+SSE4.2+POPCNT,X86Base+SSE+SSE2,AES+PCLMUL VectorSize=256
// Job: ShortRun(IterationCount=3, LaunchCount=1, WarmupCount=3)

OverheadJitting  1: 1 op, 223109.00 ns, 223.1090 us/op
WorkloadJitting  1: 1 op, 714145152.00 ns, 714.1452 ms/op

OverheadJitting  2: 1 op, 270.00 ns, 270.0000 ns/op
WorkloadJitting  2: 1 op, 1059908.00 ns, 1.0599 ms/op

OverheadJitting  3: 16 op, 459301.00 ns, 28.7063 us/op
WorkloadJitting  3: 16 op, 1099542.00 ns, 68.7214 us/op

WorkloadPilot    1: 16 op, 655659.00 ns, 40.9787 us/op
WorkloadPilot    2: 32 op, 1126343.00 ns, 35.1982 us/op
WorkloadPilot    3: 64 op, 2057128.00 ns, 32.1426 us/op
WorkloadPilot    4: 128 op, 3956651.00 ns, 30.9113 us/op
WorkloadPilot    5: 256 op, 7719687.00 ns, 30.1550 us/op
WorkloadPilot    6: 512 op, 15359434.00 ns, 29.9989 us/op
WorkloadPilot    7: 1024 op, 30662091.00 ns, 29.9434 us/op
WorkloadPilot    8: 2048 op, 50630227.00 ns, 24.7218 us/op
WorkloadPilot    9: 4096 op, 91274689.00 ns, 22.2839 us/op
WorkloadPilot   10: 8192 op, 182961499.00 ns, 22.3342 us/op
WorkloadPilot   11: 16384 op, 369601225.00 ns, 22.5587 us/op
WorkloadPilot   12: 32768 op, 730625878.00 ns, 22.2969 us/op

OverheadWarmup   1: 32768 op, 108734.00 ns, 3.3183 ns/op
OverheadWarmup   2: 32768 op, 108504.00 ns, 3.3113 ns/op
OverheadWarmup   3: 32768 op, 108553.00 ns, 3.3128 ns/op
OverheadWarmup   4: 32768 op, 125104.00 ns, 3.8179 ns/op
OverheadWarmup   5: 32768 op, 108534.00 ns, 3.3122 ns/op
OverheadWarmup   6: 32768 op, 108554.00 ns, 3.3128 ns/op
OverheadWarmup   7: 32768 op, 108504.00 ns, 3.3113 ns/op

OverheadActual   1: 32768 op, 112210.00 ns, 3.4244 ns/op
OverheadActual   2: 32768 op, 108533.00 ns, 3.3122 ns/op
OverheadActual   3: 32768 op, 108604.00 ns, 3.3143 ns/op
OverheadActual   4: 32768 op, 108524.00 ns, 3.3119 ns/op
OverheadActual   5: 32768 op, 126226.00 ns, 3.8521 ns/op
OverheadActual   6: 32768 op, 108474.00 ns, 3.3104 ns/op
OverheadActual   7: 32768 op, 108604.00 ns, 3.3143 ns/op
OverheadActual   8: 32768 op, 108554.00 ns, 3.3128 ns/op
OverheadActual   9: 32768 op, 108493.00 ns, 3.3109 ns/op
OverheadActual  10: 32768 op, 108524.00 ns, 3.3119 ns/op
OverheadActual  11: 32768 op, 125726.00 ns, 3.8369 ns/op
OverheadActual  12: 32768 op, 108504.00 ns, 3.3113 ns/op
OverheadActual  13: 32768 op, 108494.00 ns, 3.3110 ns/op
OverheadActual  14: 32768 op, 108573.00 ns, 3.3134 ns/op
OverheadActual  15: 32768 op, 108674.00 ns, 3.3165 ns/op

WorkloadWarmup   1: 32768 op, 751091888.00 ns, 22.9215 us/op
WorkloadWarmup   2: 32768 op, 740642464.00 ns, 22.6026 us/op
WorkloadWarmup   3: 32768 op, 732455201.00 ns, 22.3528 us/op

// BeforeActualRun
WorkloadActual   1: 32768 op, 729276896.00 ns, 22.2558 us/op
WorkloadActual   2: 32768 op, 730514766.00 ns, 22.2935 us/op
WorkloadActual   3: 32768 op, 731259370.00 ns, 22.3163 us/op

// AfterActualRun
WorkloadResult   1: 32768 op, 729168342.00 ns, 22.2525 us/op
WorkloadResult   2: 32768 op, 730406212.00 ns, 22.2902 us/op
WorkloadResult   3: 32768 op, 731150816.00 ns, 22.3130 us/op
// GC:  27 0 0 454819840 32768
// Threading:  0 0 32768

// AfterAll
// Benchmark Process 3263 has exited with code 0.

Mean = 22.285 μs, StdErr = 0.018 μs (0.08%), N = 3, StdDev = 0.031 μs
Min = 22.252 μs, Q1 = 22.271 μs, Median = 22.290 μs, Q3 = 22.302 μs, Max = 22.313 μs
IQR = 0.030 μs, LowerFence = 22.226 μs, UpperFence = 22.347 μs
ConfidenceInterval = [21.728 μs; 22.843 μs] (CI 99.9%), Margin = 0.558 μs (2.50% of Mean)
Skewness = -0.16, Kurtosis = 0.67, MValue = 2

// ** Remained 7 (38.9 %) benchmark(s) to run. Estimated finish 2026-09-22 22:25 (0h 1m from now) **
// **************************
// Benchmark: SanitizerBenchmarks.SanitizeHtml_ComplexDocument: ShortRun(IterationCount=3, LaunchCount=1, WarmupCount=3)
// *** Execute ***
// Launch: 1 / 1
// Execute: dotnet Encina.Security.Sanitization.Benchmarks-Job-YFEFPZ-1.dll --anonymousPipes 143 144 --benchmarkName Encina.Security.Sanitization.Benchmarks.SanitizerBenchmarks.SanitizeHtml_ComplexDocument --job ShortRun --benchmarkId 11 in /home/runner/work/Encina/Encina/tests/Encina.BenchmarkTests/Encina.Security.Sanitization.Benchmarks/bin/Release/net10.0/Encina.Security.Sanitization.Benchmarks-Job-YFEFPZ-1/bin/Release/net10.0
// Failed to set up high priority (Permission denied). In order to run benchmarks with high priority, make sure you have the right permissions.
// BeforeAnythingElse

// Benchmark Process Environment Information:
// BenchmarkDotNet v0.15.8
// Runtime=.NET 10.0.12 (10.0.12, 10.0.1226.42308), X64 RyuJIT x86-64-v3
// GC=Concurrent Workstation
// HardwareIntrinsics=AVX2+BMI1+BMI2+F16C+FMA+LZCNT+MOVBE,AVX,SSE3+SSSE3+SSE4.1+SSE4.2+POPCNT,X86Base+SSE+SSE2,AES+PCLMUL VectorSize=256
// Job: ShortRun(IterationCount=3, LaunchCount=1, WarmupCount=3)

OverheadJitting  1: 1 op, 223759.00 ns, 223.7590 us/op
WorkloadJitting  1: 1 op, 836186622.00 ns, 836.1866 ms/op

OverheadJitting  2: 1 op, 430.00 ns, 430.0000 ns/op
WorkloadJitting  2: 1 op, 1635604.00 ns, 1.6356 ms/op

OverheadJitting  3: 16 op, 427281.00 ns, 26.7051 us/op
WorkloadJitting  3: 16 op, 4904638.00 ns, 306.5399 us/op

WorkloadPilot    1: 16 op, 4104570.00 ns, 256.5356 us/op
WorkloadPilot    2: 32 op, 7102094.00 ns, 221.9404 us/op
WorkloadPilot    3: 64 op, 14638944.00 ns, 228.7335 us/op
WorkloadPilot    4: 128 op, 29501537.00 ns, 230.4808 us/op
WorkloadPilot    5: 256 op, 56289522.00 ns, 219.8809 us/op
WorkloadPilot    6: 512 op, 95575960.00 ns, 186.6718 us/op
WorkloadPilot    7: 1024 op, 194304355.00 ns, 189.7503 us/op
WorkloadPilot    8: 2048 op, 382277880.00 ns, 186.6591 us/op
WorkloadPilot    9: 4096 op, 766557449.00 ns, 187.1478 us/op

OverheadWarmup   1: 4096 op, 43973.00 ns, 10.7356 ns/op
OverheadWarmup   2: 4096 op, 14096.00 ns, 3.4414 ns/op
OverheadWarmup   3: 4096 op, 14056.00 ns, 3.4316 ns/op
OverheadWarmup   4: 4096 op, 14036.00 ns, 3.4268 ns/op
OverheadWarmup   5: 4096 op, 14046.00 ns, 3.4292 ns/op
OverheadWarmup   6: 4096 op, 14036.00 ns, 3.4268 ns/op
OverheadWarmup   7: 4096 op, 14057.00 ns, 3.4319 ns/op
OverheadWarmup   8: 4096 op, 14056.00 ns, 3.4316 ns/op

OverheadActual   1: 4096 op, 14056.00 ns, 3.4316 ns/op
OverheadActual   2: 4096 op, 14086.00 ns, 3.4390 ns/op
OverheadActual   3: 4096 op, 14016.00 ns, 3.4219 ns/op
OverheadActual   4: 4096 op, 14077.00 ns, 3.4368 ns/op
OverheadActual   5: 4096 op, 14036.00 ns, 3.4268 ns/op
OverheadActual   6: 4096 op, 14027.00 ns, 3.4246 ns/op
OverheadActual   7: 4096 op, 14046.00 ns, 3.4292 ns/op
OverheadActual   8: 4096 op, 14056.00 ns, 3.4316 ns/op
OverheadActual   9: 4096 op, 14076.00 ns, 3.4365 ns/op
OverheadActual  10: 4096 op, 14026.00 ns, 3.4243 ns/op
OverheadActual  11: 4096 op, 14036.00 ns, 3.4268 ns/op
OverheadActual  12: 4096 op, 14056.00 ns, 3.4316 ns/op
OverheadActual  13: 4096 op, 14056.00 ns, 3.4316 ns/op
OverheadActual  14: 4096 op, 14047.00 ns, 3.4294 ns/op
OverheadActual  15: 4096 op, 14026.00 ns, 3.4243 ns/op

WorkloadWarmup   1: 4096 op, 777485122.00 ns, 189.8157 us/op
WorkloadWarmup   2: 4096 op, 775879394.00 ns, 189.4237 us/op
WorkloadWarmup   3: 4096 op, 761254565.00 ns, 185.8532 us/op

// BeforeActualRun
WorkloadActual   1: 4096 op, 766013211.00 ns, 187.0149 us/op
WorkloadActual   2: 4096 op, 763768114.00 ns, 186.4668 us/op
WorkloadActual   3: 4096 op, 762721784.00 ns, 186.2114 us/op

// AfterActualRun
WorkloadResult   1: 4096 op, 765999164.00 ns, 187.0115 us/op
WorkloadResult   2: 4096 op, 763754067.00 ns, 186.4634 us/op
WorkloadResult   3: 4096 op, 762707737.00 ns, 186.2079 us/op
// GC:  18 1 0 314082232 4096
// Threading:  0 0 4096

// AfterAll
// Benchmark Process 3271 has exited with code 0.

Mean = 186.561 μs, StdErr = 0.237 μs (0.13%), N = 3, StdDev = 0.411 μs
Min = 186.208 μs, Q1 = 186.336 μs, Median = 186.463 μs, Q3 = 186.737 μs, Max = 187.012 μs
IQR = 0.402 μs, LowerFence = 185.733 μs, UpperFence = 187.340 μs
ConfidenceInterval = [179.071 μs; 194.051 μs] (CI 99.9%), Margin = 7.490 μs (4.01% of Mean)
Skewness = 0.22, Kurtosis = 0.67, MValue = 2

// ** Remained 6 (33.3 %) benchmark(s) to run. Estimated finish 2026-09-22 22:25 (0h 1m from now) **
// **************************
// Benchmark: SanitizerBenchmarks.SanitizeForSql_SimpleInput: ShortRun(IterationCount=3, LaunchCount=1, WarmupCount=3)
// *** Execute ***
// Launch: 1 / 1
// Execute: dotnet Encina.Security.Sanitization.Benchmarks-Job-YFEFPZ-1.dll --anonymousPipes 143 144 --benchmarkName Encina.Security.Sanitization.Benchmarks.SanitizerBenchmarks.SanitizeForSql_SimpleInput --job ShortRun --benchmarkId 12 in /home/runner/work/Encina/Encina/tests/Encina.BenchmarkTests/Encina.Security.Sanitization.Benchmarks/bin/Release/net10.0/Encina.Security.Sanitization.Benchmarks-Job-YFEFPZ-1/bin/Release/net10.0
// Failed to set up high priority (Permission denied). In order to run benchmarks with high priority, make sure you have the right permissions.
// BeforeAnythingElse

// Benchmark Process Environment Information:
// BenchmarkDotNet v0.15.8
// Runtime=.NET 10.0.12 (10.0.12, 10.0.1226.42308), X64 RyuJIT x86-64-v3
// GC=Concurrent Workstation
// HardwareIntrinsics=AVX2+BMI1+BMI2+F16C+FMA+LZCNT+MOVBE,AVX,SSE3+SSSE3+SSE4.1+SSE4.2+POPCNT,X86Base+SSE+SSE2,AES+PCLMUL VectorSize=256
// Job: ShortRun(IterationCount=3, LaunchCount=1, WarmupCount=3)

OverheadJitting  1: 1 op, 228719.00 ns, 228.7190 us/op
WorkloadJitting  1: 1 op, 11074388.00 ns, 11.0744 ms/op

OverheadJitting  2: 16 op, 420257.00 ns, 26.2661 us/op
WorkloadJitting  2: 16 op, 485870.00 ns, 30.3669 us/op

WorkloadPilot    1: 16 op, 18074.00 ns, 1.1296 us/op
WorkloadPilot    2: 32 op, 25307.00 ns, 790.8438 ns/op
WorkloadPilot    3: 64 op, 41207.00 ns, 643.8594 ns/op
WorkloadPilot    4: 128 op, 67306.00 ns, 525.8281 ns/op
WorkloadPilot    5: 256 op, 110437.00 ns, 431.3945 ns/op
WorkloadPilot    6: 512 op, 197280.00 ns, 385.3125 ns/op
WorkloadPilot    7: 1024 op, 314209.00 ns, 306.8447 ns/op
WorkloadPilot    8: 2048 op, 642744.00 ns, 313.8398 ns/op
WorkloadPilot    9: 4096 op, 1218302.00 ns, 297.4370 ns/op
WorkloadPilot   10: 8192 op, 2351246.00 ns, 287.0173 ns/op
WorkloadPilot   11: 16384 op, 4715445.00 ns, 287.8079 ns/op
WorkloadPilot   12: 32768 op, 9503275.00 ns, 290.0169 ns/op
WorkloadPilot   13: 65536 op, 18575142.00 ns, 283.4342 ns/op
WorkloadPilot   14: 131072 op, 37396745.00 ns, 285.3145 ns/op
WorkloadPilot   15: 262144 op, 73835126.00 ns, 281.6587 ns/op
WorkloadPilot   16: 524288 op, 140667031.00 ns, 268.3011 ns/op
WorkloadPilot   17: 1048576 op, 273702513.00 ns, 261.0231 ns/op
WorkloadPilot   18: 2097152 op, 549917945.00 ns, 262.2213 ns/op

OverheadWarmup   1: 2097152 op, 7011727.00 ns, 3.3435 ns/op
OverheadWarmup   2: 2097152 op, 7050580.00 ns, 3.3620 ns/op
OverheadWarmup   3: 2097152 op, 7121563.00 ns, 3.3958 ns/op
OverheadWarmup   4: 2097152 op, 7000525.00 ns, 3.3381 ns/op
OverheadWarmup   5: 2097152 op, 6985267.00 ns, 3.3308 ns/op
OverheadWarmup   6: 2097152 op, 7014051.00 ns, 3.3446 ns/op
OverheadWarmup   7: 2097152 op, 7024100.00 ns, 3.3494 ns/op
OverheadWarmup   8: 2097152 op, 7011907.00 ns, 3.3435 ns/op

OverheadActual   1: 2097152 op, 6991439.00 ns, 3.3338 ns/op
OverheadActual   2: 2097152 op, 6991690.00 ns, 3.3339 ns/op
OverheadActual   3: 2097152 op, 7018369.00 ns, 3.3466 ns/op
OverheadActual   4: 2097152 op, 6990708.00 ns, 3.3334 ns/op
OverheadActual   5: 2097152 op, 7006137.00 ns, 3.3408 ns/op
OverheadActual   6: 2097152 op, 6984887.00 ns, 3.3307 ns/op
OverheadActual   7: 2097152 op, 7001377.00 ns, 3.3385 ns/op
OverheadActual   8: 2097152 op, 7003551.00 ns, 3.3396 ns/op
OverheadActual   9: 2097152 op, 7146810.00 ns, 3.4079 ns/op
OverheadActual  10: 2097152 op, 7000365.00 ns, 3.3380 ns/op
OverheadActual  11: 2097152 op, 7000186.00 ns, 3.3379 ns/op
OverheadActual  12: 2097152 op, 6977333.00 ns, 3.3271 ns/op
OverheadActual  13: 2097152 op, 6974147.00 ns, 3.3255 ns/op
OverheadActual  14: 2097152 op, 6983103.00 ns, 3.3298 ns/op
OverheadActual  15: 2097152 op, 6963757.00 ns, 3.3206 ns/op

WorkloadWarmup   1: 2097152 op, 553309249.00 ns, 263.8384 ns/op
WorkloadWarmup   2: 2097152 op, 553755384.00 ns, 264.0511 ns/op
WorkloadWarmup   3: 2097152 op, 553083216.00 ns, 263.7306 ns/op

// BeforeActualRun
WorkloadActual   1: 2097152 op, 552080166.00 ns, 263.2523 ns/op
WorkloadActual   2: 2097152 op, 553981909.00 ns, 264.1592 ns/op
WorkloadActual   3: 2097152 op, 547750564.00 ns, 261.1878 ns/op

// AfterActualRun
WorkloadResult   1: 2097152 op, 545088476.00 ns, 259.9184 ns/op
WorkloadResult   2: 2097152 op, 546990219.00 ns, 260.8253 ns/op
WorkloadResult   3: 2097152 op, 540758874.00 ns, 257.8539 ns/op
// GC:  6 0 0 100664752 2097152
// Threading:  0 0 2097152

// AfterAll
// Benchmark Process 3279 has exited with code 0.

Mean = 259.533 ns, StdErr = 0.879 ns (0.34%), N = 3, StdDev = 1.523 ns
Min = 257.854 ns, Q1 = 258.886 ns, Median = 259.918 ns, Q3 = 260.372 ns, Max = 260.825 ns
IQR = 1.486 ns, LowerFence = 256.658 ns, UpperFence = 262.600 ns
ConfidenceInterval = [231.751 ns; 287.314 ns] (CI 99.9%), Margin = 27.781 ns (10.70% of Mean)
Skewness = -0.24, Kurtosis = 0.67, MValue = 2

// ** Remained 5 (27.8 %) benchmark(s) to run. Estimated finish 2026-09-22 22:25 (0h 0m from now) **
// **************************
// Benchmark: SanitizerBenchmarks.SanitizeForSql_InjectionAttempt: ShortRun(IterationCount=3, LaunchCount=1, WarmupCount=3)
// *** Execute ***
// Launch: 1 / 1
// Execute: dotnet Encina.Security.Sanitization.Benchmarks-Job-YFEFPZ-1.dll --anonymousPipes 143 144 --benchmarkName Encina.Security.Sanitization.Benchmarks.SanitizerBenchmarks.SanitizeForSql_InjectionAttempt --job ShortRun --benchmarkId 13 in /home/runner/work/Encina/Encina/tests/Encina.BenchmarkTests/Encina.Security.Sanitization.Benchmarks/bin/Release/net10.0/Encina.Security.Sanitization.Benchmarks-Job-YFEFPZ-1/bin/Release/net10.0
// Failed to set up high priority (Permission denied). In order to run benchmarks with high priority, make sure you have the right permissions.
// BeforeAnythingElse

// Benchmark Process Environment Information:
// BenchmarkDotNet v0.15.8
// Runtime=.NET 10.0.12 (10.0.12, 10.0.1226.42308), X64 RyuJIT x86-64-v3
// GC=Concurrent Workstation
// HardwareIntrinsics=AVX2+BMI1+BMI2+F16C+FMA+LZCNT+MOVBE,AVX,SSE3+SSSE3+SSE4.1+SSE4.2+POPCNT,X86Base+SSE+SSE2,AES+PCLMUL VectorSize=256
// Job: ShortRun(IterationCount=3, LaunchCount=1, WarmupCount=3)

OverheadJitting  1: 1 op, 223919.00 ns, 223.9190 us/op
WorkloadJitting  1: 1 op, 11084769.00 ns, 11.0848 ms/op

OverheadJitting  2: 16 op, 460062.00 ns, 28.7539 us/op
WorkloadJitting  2: 16 op, 510517.00 ns, 31.9073 us/op

WorkloadPilot    1: 16 op, 19487.00 ns, 1.2179 us/op
WorkloadPilot    2: 32 op, 40606.00 ns, 1.2689 us/op
WorkloadPilot    3: 64 op, 56706.00 ns, 886.0313 ns/op
WorkloadPilot    4: 128 op, 81452.00 ns, 636.3438 ns/op
WorkloadPilot    5: 256 op, 140853.00 ns, 550.2070 ns/op
WorkloadPilot    6: 512 op, 271759.00 ns, 530.7793 ns/op
WorkloadPilot    7: 1024 op, 515777.00 ns, 503.6885 ns/op
WorkloadPilot    8: 2048 op, 842187.00 ns, 411.2241 ns/op
WorkloadPilot    9: 4096 op, 1737325.00 ns, 424.1516 ns/op
WorkloadPilot   10: 8192 op, 3544611.00 ns, 432.6918 ns/op
WorkloadPilot   11: 16384 op, 6948037.00 ns, 424.0745 ns/op
WorkloadPilot   12: 32768 op, 13859978.00 ns, 422.9730 ns/op
WorkloadPilot   13: 65536 op, 27927625.00 ns, 426.1417 ns/op
WorkloadPilot   14: 131072 op, 48203373.00 ns, 367.7626 ns/op
WorkloadPilot   15: 262144 op, 94605481.00 ns, 360.8913 ns/op
WorkloadPilot   16: 524288 op, 178622855.00 ns, 340.6961 ns/op
WorkloadPilot   17: 1048576 op, 358780915.00 ns, 342.1601 ns/op
WorkloadPilot   18: 2097152 op, 718638326.00 ns, 342.6735 ns/op

OverheadWarmup   1: 2097152 op, 7038327.00 ns, 3.3561 ns/op
OverheadWarmup   2: 2097152 op, 7077230.00 ns, 3.3747 ns/op
OverheadWarmup   3: 2097152 op, 6996608.00 ns, 3.3362 ns/op
OverheadWarmup   4: 2097152 op, 7015104.00 ns, 3.3451 ns/op
OverheadWarmup   5: 2097152 op, 7002649.00 ns, 3.3391 ns/op

OverheadActual   1: 2097152 op, 7038818.00 ns, 3.3564 ns/op
OverheadActual   2: 2097152 op, 7032476.00 ns, 3.3533 ns/op
OverheadActual   3: 2097152 op, 7022527.00 ns, 3.3486 ns/op
OverheadActual   4: 2097152 op, 7046903.00 ns, 3.3602 ns/op
OverheadActual   5: 2097152 op, 7029841.00 ns, 3.3521 ns/op
OverheadActual   6: 2097152 op, 7000757.00 ns, 3.3382 ns/op
OverheadActual   7: 2097152 op, 7081227.00 ns, 3.3766 ns/op
OverheadActual   8: 2097152 op, 7004393.00 ns, 3.3400 ns/op
OverheadActual   9: 2097152 op, 7024882.00 ns, 3.3497 ns/op
OverheadActual  10: 2097152 op, 7005125.00 ns, 3.3403 ns/op
OverheadActual  11: 2097152 op, 6999935.00 ns, 3.3378 ns/op
OverheadActual  12: 2097152 op, 6999263.00 ns, 3.3375 ns/op
OverheadActual  13: 2097152 op, 7021134.00 ns, 3.3479 ns/op
OverheadActual  14: 2097152 op, 7000707.00 ns, 3.3382 ns/op
OverheadActual  15: 2097152 op, 7000365.00 ns, 3.3380 ns/op

WorkloadWarmup   1: 2097152 op, 722328304.00 ns, 344.4330 ns/op
WorkloadWarmup   2: 2097152 op, 744688860.00 ns, 355.0953 ns/op
WorkloadWarmup   3: 2097152 op, 717538115.00 ns, 342.1488 ns/op

// BeforeActualRun
WorkloadActual   1: 2097152 op, 724558192.00 ns, 345.4963 ns/op
WorkloadActual   2: 2097152 op, 719365290.00 ns, 343.0201 ns/op
WorkloadActual   3: 2097152 op, 722750323.00 ns, 344.6342 ns/op

// AfterActualRun
WorkloadResult   1: 2097152 op, 717537058.00 ns, 342.1483 ns/op
WorkloadResult   2: 2097152 op, 712344156.00 ns, 339.6722 ns/op
WorkloadResult   3: 2097152 op, 715729189.00 ns, 341.2863 ns/op
// GC:  25 0 0 419435808 2097152
// Threading:  0 0 2097152

// AfterAll
// Benchmark Process 3288 has exited with code 0.

Mean = 341.036 ns, StdErr = 0.726 ns (0.21%), N = 3, StdDev = 1.257 ns
Min = 339.672 ns, Q1 = 340.479 ns, Median = 341.286 ns, Q3 = 341.717 ns, Max = 342.148 ns
IQR = 1.238 ns, LowerFence = 338.622 ns, UpperFence = 343.574 ns
ConfidenceInterval = [318.104 ns; 363.967 ns] (CI 99.9%), Margin = 22.932 ns (6.72% of Mean)
Skewness = -0.19, Kurtosis = 0.67, MValue = 2

// ** Remained 4 (22.2 %) benchmark(s) to run. Estimated finish 2026-09-22 22:25 (0h 0m from now) **
// **************************
// Benchmark: SanitizerBenchmarks.SanitizeForShell_SimpleInput: ShortRun(IterationCount=3, LaunchCount=1, WarmupCount=3)
// *** Execute ***
// Launch: 1 / 1
// Execute: dotnet Encina.Security.Sanitization.Benchmarks-Job-YFEFPZ-1.dll --anonymousPipes 143 144 --benchmarkName Encina.Security.Sanitization.Benchmarks.SanitizerBenchmarks.SanitizeForShell_SimpleInput --job ShortRun --benchmarkId 14 in /home/runner/work/Encina/Encina/tests/Encina.BenchmarkTests/Encina.Security.Sanitization.Benchmarks/bin/Release/net10.0/Encina.Security.Sanitization.Benchmarks-Job-YFEFPZ-1/bin/Release/net10.0
// Failed to set up high priority (Permission denied). In order to run benchmarks with high priority, make sure you have the right permissions.
// BeforeAnythingElse

// Benchmark Process Environment Information:
// BenchmarkDotNet v0.15.8
// Runtime=.NET 10.0.12 (10.0.12, 10.0.1226.42308), X64 RyuJIT x86-64-v3
// GC=Concurrent Workstation
// HardwareIntrinsics=AVX2+BMI1+BMI2+F16C+FMA+LZCNT+MOVBE,AVX,SSE3+SSSE3+SSE4.1+SSE4.2+POPCNT,X86Base+SSE+SSE2,AES+PCLMUL VectorSize=256
// Job: ShortRun(IterationCount=3, LaunchCount=1, WarmupCount=3)

OverheadJitting  1: 1 op, 227236.00 ns, 227.2360 us/op
WorkloadJitting  1: 1 op, 675035.00 ns, 675.0350 us/op

OverheadJitting  2: 16 op, 458449.00 ns, 28.6531 us/op
WorkloadJitting  2: 16 op, 433983.00 ns, 27.1239 us/op

WorkloadPilot    1: 16 op, 3326.00 ns, 207.8750 ns/op
WorkloadPilot    2: 32 op, 3476.00 ns, 108.6250 ns/op
WorkloadPilot    3: 64 op, 4248.00 ns, 66.3750 ns/op
WorkloadPilot    4: 128 op, 21590.00 ns, 168.6719 ns/op
WorkloadPilot    5: 256 op, 32320.00 ns, 126.2500 ns/op
WorkloadPilot    6: 512 op, 33453.00 ns, 65.3379 ns/op
WorkloadPilot    7: 1024 op, 71544.00 ns, 69.8672 ns/op
WorkloadPilot    8: 2048 op, 138369.00 ns, 67.5630 ns/op
WorkloadPilot    9: 4096 op, 236653.00 ns, 57.7766 ns/op
WorkloadPilot   10: 8192 op, 357630.00 ns, 43.6560 ns/op
WorkloadPilot   11: 16384 op, 852167.00 ns, 52.0121 ns/op
WorkloadPilot   12: 32768 op, 1649051.00 ns, 50.3250 ns/op
WorkloadPilot   13: 65536 op, 3318058.00 ns, 50.6295 ns/op
WorkloadPilot   14: 131072 op, 6574041.00 ns, 50.1560 ns/op
WorkloadPilot   15: 262144 op, 13028548.00 ns, 49.7000 ns/op
WorkloadPilot   16: 524288 op, 19625792.00 ns, 37.4332 ns/op
WorkloadPilot   17: 1048576 op, 32827605.00 ns, 31.3068 ns/op
WorkloadPilot   18: 2097152 op, 68584300.00 ns, 32.7035 ns/op
WorkloadPilot   19: 4194304 op, 131304728.00 ns, 31.3055 ns/op
WorkloadPilot   20: 8388608 op, 266124435.00 ns, 31.7245 ns/op
WorkloadPilot   21: 16777216 op, 526251008.00 ns, 31.3670 ns/op

OverheadWarmup   1: 16777216 op, 55596117.00 ns, 3.3138 ns/op
OverheadWarmup   2: 16777216 op, 55622306.00 ns, 3.3153 ns/op
OverheadWarmup   3: 16777216 op, 55606206.00 ns, 3.3144 ns/op
OverheadWarmup   4: 16777216 op, 55487864.00 ns, 3.3073 ns/op
OverheadWarmup   5: 16777216 op, 55513282.00 ns, 3.3088 ns/op
OverheadWarmup   6: 16777216 op, 55675035.00 ns, 3.3185 ns/op
OverheadWarmup   7: 16777216 op, 55544119.00 ns, 3.3107 ns/op

OverheadActual   1: 16777216 op, 56695298.00 ns, 3.3793 ns/op
OverheadActual   2: 16777216 op, 55810819.00 ns, 3.3266 ns/op
OverheadActual   3: 16777216 op, 55506579.00 ns, 3.3084 ns/op
OverheadActual   4: 16777216 op, 55478657.00 ns, 3.3068 ns/op
OverheadActual   5: 16777216 op, 55488988.00 ns, 3.3074 ns/op
OverheadActual   6: 16777216 op, 55492094.00 ns, 3.3076 ns/op
OverheadActual   7: 16777216 op, 55536888.00 ns, 3.3103 ns/op
OverheadActual   8: 16777216 op, 55772499.00 ns, 3.3243 ns/op
OverheadActual   9: 16777216 op, 55459212.00 ns, 3.3056 ns/op
OverheadActual  10: 16777216 op, 55474671.00 ns, 3.3065 ns/op
OverheadActual  11: 16777216 op, 55480010.00 ns, 3.3069 ns/op
OverheadActual  12: 16777216 op, 55509817.00 ns, 3.3086 ns/op
OverheadActual  13: 16777216 op, 55640422.00 ns, 3.3164 ns/op
OverheadActual  14: 16777216 op, 55483467.00 ns, 3.3071 ns/op
OverheadActual  15: 16777216 op, 55709602.00 ns, 3.3206 ns/op

WorkloadWarmup   1: 16777216 op, 536681945.00 ns, 31.9887 ns/op
WorkloadWarmup   2: 16777216 op, 532529796.00 ns, 31.7412 ns/op
WorkloadWarmup   3: 16777216 op, 532496122.00 ns, 31.7392 ns/op

// BeforeActualRun
WorkloadActual   1: 16777216 op, 530772193.00 ns, 31.6365 ns/op
WorkloadActual   2: 16777216 op, 528293600.00 ns, 31.4888 ns/op
WorkloadActual   3: 16777216 op, 529892805.00 ns, 31.5841 ns/op

// AfterActualRun
WorkloadResult   1: 16777216 op, 475265614.00 ns, 28.3280 ns/op
WorkloadResult   2: 16777216 op, 472787021.00 ns, 28.1803 ns/op
WorkloadResult   3: 16777216 op, 474386226.00 ns, 28.2756 ns/op
// GC:  48 0 0 805306368 16777216
// Threading:  0 0 16777216

// AfterAll
// Benchmark Process 3295 has exited with code 0.

Mean = 28.261 ns, StdErr = 0.043 ns (0.15%), N = 3, StdDev = 0.075 ns
Min = 28.180 ns, Q1 = 28.228 ns, Median = 28.276 ns, Q3 = 28.302 ns, Max = 28.328 ns
IQR = 0.074 ns, LowerFence = 28.117 ns, UpperFence = 28.413 ns
ConfidenceInterval = [26.895 ns; 29.628 ns] (CI 99.9%), Margin = 1.366 ns (4.84% of Mean)
Skewness = -0.18, Kurtosis = 0.67, MValue = 2

// ** Remained 3 (16.7 %) benchmark(s) to run. Estimated finish 2026-09-22 22:25 (0h 0m from now) **
// **************************
// Benchmark: SanitizerBenchmarks.SanitizeForShell_InjectionAttempt: ShortRun(IterationCount=3, LaunchCount=1, WarmupCount=3)
// *** Execute ***
// Launch: 1 / 1
// Execute: dotnet Encina.Security.Sanitization.Benchmarks-Job-YFEFPZ-1.dll --anonymousPipes 143 144 --benchmarkName Encina.Security.Sanitization.Benchmarks.SanitizerBenchmarks.SanitizeForShell_InjectionAttempt --job ShortRun --benchmarkId 15 in /home/runner/work/Encina/Encina/tests/Encina.BenchmarkTests/Encina.Security.Sanitization.Benchmarks/bin/Release/net10.0/Encina.Security.Sanitization.Benchmarks-Job-YFEFPZ-1/bin/Release/net10.0
// Failed to set up high priority (Permission denied). In order to run benchmarks with high priority, make sure you have the right permissions.
// BeforeAnythingElse

// Benchmark Process Environment Information:
// BenchmarkDotNet v0.15.8
// Runtime=.NET 10.0.12 (10.0.12, 10.0.1226.42308), X64 RyuJIT x86-64-v3
// GC=Concurrent Workstation
// HardwareIntrinsics=AVX2+BMI1+BMI2+F16C+FMA+LZCNT+MOVBE,AVX,SSE3+SSSE3+SSE4.1+SSE4.2+POPCNT,X86Base+SSE+SSE2,AES+PCLMUL VectorSize=256
// Job: ShortRun(IterationCount=3, LaunchCount=1, WarmupCount=3)

OverheadJitting  1: 1 op, 256861.00 ns, 256.8610 us/op
WorkloadJitting  1: 1 op, 668002.00 ns, 668.0020 us/op

OverheadJitting  2: 16 op, 447469.00 ns, 27.9668 us/op
WorkloadJitting  2: 16 op, 448049.00 ns, 28.0031 us/op

WorkloadPilot    1: 16 op, 16030.00 ns, 1.0019 us/op
WorkloadPilot    2: 32 op, 3507.00 ns, 109.5938 ns/op
WorkloadPilot    3: 64 op, 4399.00 ns, 68.7344 ns/op
WorkloadPilot    4: 128 op, 22483.00 ns, 175.6484 ns/op
WorkloadPilot    5: 256 op, 29065.00 ns, 113.5352 ns/op
WorkloadPilot    6: 512 op, 31550.00 ns, 61.6211 ns/op
WorkloadPilot    7: 1024 op, 65393.00 ns, 63.8604 ns/op
WorkloadPilot    8: 2048 op, 126887.00 ns, 61.9565 ns/op
WorkloadPilot    9: 4096 op, 242034.00 ns, 59.0903 ns/op
WorkloadPilot   10: 8192 op, 363761.00 ns, 44.4044 ns/op
WorkloadPilot   11: 16384 op, 839312.00 ns, 51.2275 ns/op
WorkloadPilot   12: 32768 op, 1731504.00 ns, 52.8413 ns/op
WorkloadPilot   13: 65536 op, 3318187.00 ns, 50.6315 ns/op
WorkloadPilot   14: 131072 op, 6663393.00 ns, 50.8377 ns/op
WorkloadPilot   15: 262144 op, 13109280.00 ns, 50.0079 ns/op
WorkloadPilot   16: 524288 op, 19677976.00 ns, 37.5328 ns/op
WorkloadPilot   17: 1048576 op, 33298815.00 ns, 31.7562 ns/op
WorkloadPilot   18: 2097152 op, 68479746.00 ns, 32.6537 ns/op
WorkloadPilot   19: 4194304 op, 132257813.00 ns, 31.5327 ns/op
WorkloadPilot   20: 8388608 op, 262518634.00 ns, 31.2947 ns/op
WorkloadPilot   21: 16777216 op, 524319895.00 ns, 31.2519 ns/op

OverheadWarmup   1: 16777216 op, 55560963.00 ns, 3.3117 ns/op
OverheadWarmup   2: 16777216 op, 55929212.00 ns, 3.3336 ns/op
OverheadWarmup   3: 16777216 op, 55530395.00 ns, 3.3099 ns/op
OverheadWarmup   4: 16777216 op, 55465774.00 ns, 3.3060 ns/op
OverheadWarmup   5: 16777216 op, 55462579.00 ns, 3.3058 ns/op
OverheadWarmup   6: 16777216 op, 55530926.00 ns, 3.3099 ns/op
OverheadWarmup   7: 16777216 op, 55532980.00 ns, 3.3100 ns/op
OverheadWarmup   8: 16777216 op, 55439606.00 ns, 3.3045 ns/op

OverheadActual   1: 16777216 op, 55630643.00 ns, 3.3158 ns/op
OverheadActual   2: 16777216 op, 55556384.00 ns, 3.3114 ns/op
OverheadActual   3: 16777216 op, 55571142.00 ns, 3.3123 ns/op
OverheadActual   4: 16777216 op, 55565982.00 ns, 3.3120 ns/op
OverheadActual   5: 16777216 op, 55497674.00 ns, 3.3079 ns/op
OverheadActual   6: 16777216 op, 55502744.00 ns, 3.3082 ns/op
OverheadActual   7: 16777216 op, 55489599.00 ns, 3.3074 ns/op
OverheadActual   8: 16777216 op, 55461016.00 ns, 3.3057 ns/op
OverheadActual   9: 16777216 op, 55445817.00 ns, 3.3048 ns/op
OverheadActual  10: 16777216 op, 55534974.00 ns, 3.3101 ns/op
OverheadActual  11: 16777216 op, 55605005.00 ns, 3.3143 ns/op
OverheadActual  12: 16777216 op, 55832612.00 ns, 3.3279 ns/op
OverheadActual  13: 16777216 op, 55484699.00 ns, 3.3071 ns/op
OverheadActual  14: 16777216 op, 55515588.00 ns, 3.3090 ns/op
OverheadActual  15: 16777216 op, 55467968.00 ns, 3.3061 ns/op

WorkloadWarmup   1: 16777216 op, 527724440.00 ns, 31.4548 ns/op
WorkloadWarmup   2: 16777216 op, 530189882.00 ns, 31.6018 ns/op
WorkloadWarmup   3: 16777216 op, 521867045.00 ns, 31.1057 ns/op

// BeforeActualRun
WorkloadActual   1: 16777216 op, 540846968.00 ns, 32.2370 ns/op
WorkloadActual   2: 16777216 op, 522826381.00 ns, 31.1629 ns/op
WorkloadActual   3: 16777216 op, 532792169.00 ns, 31.7569 ns/op

// AfterActualRun
WorkloadResult   1: 16777216 op, 485331380.00 ns, 28.9280 ns/op
WorkloadResult   2: 16777216 op, 467310793.00 ns, 27.8539 ns/op
WorkloadResult   3: 16777216 op, 477276581.00 ns, 28.4479 ns/op
// GC:  48 0 0 805306368 16777216
// Threading:  0 0 16777216

// AfterAll
// Benchmark Process 3305 has exited with code 0.

Mean = 28.410 ns, StdErr = 0.311 ns (1.09%), N = 3, StdDev = 0.538 ns
Min = 27.854 ns, Q1 = 28.151 ns, Median = 28.448 ns, Q3 = 28.688 ns, Max = 28.928 ns
IQR = 0.537 ns, LowerFence = 27.345 ns, UpperFence = 29.494 ns
ConfidenceInterval = [18.594 ns; 38.226 ns] (CI 99.9%), Margin = 9.816 ns (34.55% of Mean)
Skewness = -0.07, Kurtosis = 0.67, MValue = 2

// ** Remained 2 (11.1 %) benchmark(s) to run. Estimated finish 2026-09-22 22:25 (0h 0m from now) **
// **************************
// Benchmark: SanitizerBenchmarks.SanitizeForJson_SimpleInput: ShortRun(IterationCount=3, LaunchCount=1, WarmupCount=3)
// *** Execute ***
// Launch: 1 / 1
// Execute: dotnet Encina.Security.Sanitization.Benchmarks-Job-YFEFPZ-1.dll --anonymousPipes 143 144 --benchmarkName Encina.Security.Sanitization.Benchmarks.SanitizerBenchmarks.SanitizeForJson_SimpleInput --job ShortRun --benchmarkId 16 in /home/runner/work/Encina/Encina/tests/Encina.BenchmarkTests/Encina.Security.Sanitization.Benchmarks/bin/Release/net10.0/Encina.Security.Sanitization.Benchmarks-Job-YFEFPZ-1/bin/Release/net10.0
// Failed to set up high priority (Permission denied). In order to run benchmarks with high priority, make sure you have the right permissions.
// BeforeAnythingElse

// Benchmark Process Environment Information:
// BenchmarkDotNet v0.15.8
// Runtime=.NET 10.0.12 (10.0.12, 10.0.1226.42308), X64 RyuJIT x86-64-v3
// GC=Concurrent Workstation
// HardwareIntrinsics=AVX2+BMI1+BMI2+F16C+FMA+LZCNT+MOVBE,AVX,SSE3+SSSE3+SSE4.1+SSE4.2+POPCNT,X86Base+SSE+SSE2,AES+PCLMUL VectorSize=256
// Job: ShortRun(IterationCount=3, LaunchCount=1, WarmupCount=3)

OverheadJitting  1: 1 op, 227887.00 ns, 227.8870 us/op
WorkloadJitting  1: 1 op, 22987067.00 ns, 22.9871 ms/op

OverheadJitting  2: 16 op, 430116.00 ns, 26.8823 us/op
WorkloadJitting  2: 16 op, 581069.00 ns, 36.3168 us/op

WorkloadPilot    1: 16 op, 32681.00 ns, 2.0426 us/op
WorkloadPilot    2: 32 op, 38953.00 ns, 1.2173 us/op
WorkloadPilot    3: 64 op, 51487.00 ns, 804.4844 ns/op
WorkloadPilot    4: 128 op, 103814.00 ns, 811.0469 ns/op
WorkloadPilot    5: 256 op, 157595.00 ns, 615.6055 ns/op
WorkloadPilot    6: 512 op, 308248.00 ns, 602.0469 ns/op
WorkloadPilot    7: 1024 op, 603581.00 ns, 589.4346 ns/op
WorkloadPilot    8: 2048 op, 1063473.00 ns, 519.2739 ns/op
WorkloadPilot    9: 4096 op, 2262499.00 ns, 552.3679 ns/op
WorkloadPilot   10: 8192 op, 4408250.00 ns, 538.1165 ns/op
WorkloadPilot   11: 16384 op, 8985705.00 ns, 548.4439 ns/op
WorkloadPilot   12: 32768 op, 17701384.00 ns, 540.2034 ns/op
WorkloadPilot   13: 65536 op, 35215728.00 ns, 537.3494 ns/op
WorkloadPilot   14: 131072 op, 62199553.00 ns, 474.5449 ns/op
WorkloadPilot   15: 262144 op, 121936863.00 ns, 465.1522 ns/op
WorkloadPilot   16: 524288 op, 237140231.00 ns, 452.3091 ns/op
WorkloadPilot   17: 1048576 op, 474959063.00 ns, 452.9563 ns/op
WorkloadPilot   18: 2097152 op, 951810851.00 ns, 453.8588 ns/op

OverheadWarmup   1: 2097152 op, 6993211.00 ns, 3.3346 ns/op
OverheadWarmup   2: 2097152 op, 6989926.00 ns, 3.3331 ns/op
OverheadWarmup   3: 2097152 op, 6986640.00 ns, 3.3315 ns/op
OverheadWarmup   4: 2097152 op, 6967885.00 ns, 3.3225 ns/op
OverheadWarmup   5: 2097152 op, 6981019.00 ns, 3.3288 ns/op
OverheadWarmup   6: 2097152 op, 6978203.00 ns, 3.3275 ns/op
OverheadWarmup   7: 2097152 op, 6977873.00 ns, 3.3273 ns/op
OverheadWarmup   8: 2097152 op, 7019070.00 ns, 3.3470 ns/op
OverheadWarmup   9: 2097152 op, 6977673.00 ns, 3.3272 ns/op

OverheadActual   1: 2097152 op, 6977121.00 ns, 3.3270 ns/op
OverheadActual   2: 2097152 op, 6984135.00 ns, 3.3303 ns/op
OverheadActual   3: 2097152 op, 6993553.00 ns, 3.3348 ns/op
OverheadActual   4: 2097152 op, 6986740.00 ns, 3.3315 ns/op
OverheadActual   5: 2097152 op, 6986289.00 ns, 3.3313 ns/op
OverheadActual   6: 2097152 op, 7000466.00 ns, 3.3381 ns/op
OverheadActual   7: 2097152 op, 6992891.00 ns, 3.3345 ns/op
OverheadActual   8: 2097152 op, 6978084.00 ns, 3.3274 ns/op
OverheadActual   9: 2097152 op, 6977082.00 ns, 3.3269 ns/op
OverheadActual  10: 2097152 op, 6978314.00 ns, 3.3275 ns/op
OverheadActual  11: 2097152 op, 7017678.00 ns, 3.3463 ns/op
OverheadActual  12: 2097152 op, 6981349.00 ns, 3.3290 ns/op
OverheadActual  13: 2097152 op, 6974658.00 ns, 3.3258 ns/op
OverheadActual  14: 2097152 op, 7004714.00 ns, 3.3401 ns/op
OverheadActual  15: 2097152 op, 7074815.00 ns, 3.3735 ns/op

WorkloadWarmup   1: 2097152 op, 962152226.00 ns, 458.7899 ns/op
WorkloadWarmup   2: 2097152 op, 955479656.00 ns, 455.6082 ns/op
WorkloadWarmup   3: 2097152 op, 951022465.00 ns, 453.4828 ns/op

// BeforeActualRun
WorkloadActual   1: 2097152 op, 953333745.00 ns, 454.5850 ns/op
WorkloadActual   2: 2097152 op, 954978443.00 ns, 455.3692 ns/op
WorkloadActual   3: 2097152 op, 956048839.00 ns, 455.8796 ns/op

// AfterActualRun
WorkloadResult   1: 2097152 op, 946347456.00 ns, 451.2536 ns/op
WorkloadResult   2: 2097152 op, 947992154.00 ns, 452.0379 ns/op
WorkloadResult   3: 2097152 op, 949062550.00 ns, 452.5483 ns/op
// GC:  26 0 0 436207616 2097152
// Threading:  0 0 2097152

// AfterAll
// Benchmark Process 3315 has exited with code 0.

Mean = 451.947 ns, StdErr = 0.377 ns (0.08%), N = 3, StdDev = 0.652 ns
Min = 451.254 ns, Q1 = 451.646 ns, Median = 452.038 ns, Q3 = 452.293 ns, Max = 452.548 ns
IQR = 0.647 ns, LowerFence = 450.675 ns, UpperFence = 453.264 ns
ConfidenceInterval = [440.049 ns; 463.844 ns] (CI 99.9%), Margin = 11.897 ns (2.63% of Mean)
Skewness = -0.14, Kurtosis = 0.67, MValue = 2

// ** Remained 1 (5.6 %) benchmark(s) to run. Estimated finish 2026-09-22 22:25 (0h 0m from now) **
// **************************
// Benchmark: SanitizerBenchmarks.SanitizeForXml_SimpleInput: ShortRun(IterationCount=3, LaunchCount=1, WarmupCount=3)
// *** Execute ***
// Launch: 1 / 1
// Execute: dotnet Encina.Security.Sanitization.Benchmarks-Job-YFEFPZ-1.dll --anonymousPipes 143 144 --benchmarkName Encina.Security.Sanitization.Benchmarks.SanitizerBenchmarks.SanitizeForXml_SimpleInput --job ShortRun --benchmarkId 17 in /home/runner/work/Encina/Encina/tests/Encina.BenchmarkTests/Encina.Security.Sanitization.Benchmarks/bin/Release/net10.0/Encina.Security.Sanitization.Benchmarks-Job-YFEFPZ-1/bin/Release/net10.0
// Failed to set up high priority (Permission denied). In order to run benchmarks with high priority, make sure you have the right permissions.
// BeforeAnythingElse

// Benchmark Process Environment Information:
// BenchmarkDotNet v0.15.8
// Runtime=.NET 10.0.12 (10.0.12, 10.0.1226.42308), X64 RyuJIT x86-64-v3
// GC=Concurrent Workstation
// HardwareIntrinsics=AVX2+BMI1+BMI2+F16C+FMA+LZCNT+MOVBE,AVX,SSE3+SSSE3+SSE4.1+SSE4.2+POPCNT,X86Base+SSE+SSE2,AES+PCLMUL VectorSize=256
// Job: ShortRun(IterationCount=3, LaunchCount=1, WarmupCount=3)

OverheadJitting  1: 1 op, 226495.00 ns, 226.4950 us/op
WorkloadJitting  1: 1 op, 985907.00 ns, 985.9070 us/op

OverheadJitting  2: 16 op, 440846.00 ns, 27.5529 us/op
WorkloadJitting  2: 16 op, 467176.00 ns, 29.1985 us/op

WorkloadPilot    1: 16 op, 29355.00 ns, 1.8347 us/op
WorkloadPilot    2: 32 op, 40927.00 ns, 1.2790 us/op
WorkloadPilot    3: 64 op, 51587.00 ns, 806.0469 ns/op
WorkloadPilot    4: 128 op, 95529.00 ns, 746.3203 ns/op
WorkloadPilot    5: 256 op, 188613.00 ns, 736.7695 ns/op
WorkloadPilot    6: 512 op, 244267.00 ns, 477.0840 ns/op
WorkloadPilot    7: 1024 op, 571451.00 ns, 558.0576 ns/op
WorkloadPilot    8: 2048 op, 1102225.00 ns, 538.1958 ns/op
WorkloadPilot    9: 4096 op, 2186327.00 ns, 533.7712 ns/op
WorkloadPilot   10: 8192 op, 4442023.00 ns, 542.2391 ns/op
WorkloadPilot   11: 16384 op, 9030378.00 ns, 551.1705 ns/op
WorkloadPilot   12: 32768 op, 14321461.00 ns, 437.0563 ns/op
WorkloadPilot   13: 65536 op, 19157301.00 ns, 292.3172 ns/op
WorkloadPilot   14: 131072 op, 38100601.00 ns, 290.6845 ns/op
WorkloadPilot   15: 262144 op, 79451042.00 ns, 303.0817 ns/op
WorkloadPilot   16: 524288 op, 166599875.00 ns, 317.7640 ns/op
WorkloadPilot   17: 1048576 op, 308836215.00 ns, 294.5292 ns/op
WorkloadPilot   18: 2097152 op, 609313410.00 ns, 290.5433 ns/op

OverheadWarmup   1: 2097152 op, 6963366.00 ns, 3.3204 ns/op
OverheadWarmup   2: 2097152 op, 7027005.00 ns, 3.3507 ns/op
OverheadWarmup   3: 2097152 op, 6946084.00 ns, 3.3122 ns/op
OverheadWarmup   4: 2097152 op, 7124799.00 ns, 3.3974 ns/op
OverheadWarmup   5: 2097152 op, 7072160.00 ns, 3.3723 ns/op

OverheadActual   1: 2097152 op, 6975178.00 ns, 3.3260 ns/op
OverheadActual   2: 2097152 op, 6983463.00 ns, 3.3300 ns/op
OverheadActual   3: 2097152 op, 6953417.00 ns, 3.3156 ns/op
OverheadActual   4: 2097152 op, 6943379.00 ns, 3.3109 ns/op
OverheadActual   5: 2097152 op, 6960070.00 ns, 3.3188 ns/op
OverheadActual   6: 2097152 op, 6943779.00 ns, 3.3111 ns/op
OverheadActual   7: 2097152 op, 6953367.00 ns, 3.3156 ns/op
OverheadActual   8: 2097152 op, 6950472.00 ns, 3.3142 ns/op
OverheadActual   9: 2097152 op, 6973715.00 ns, 3.3253 ns/op
OverheadActual  10: 2097152 op, 7027546.00 ns, 3.3510 ns/op
OverheadActual  11: 2097152 op, 6977592.00 ns, 3.3272 ns/op
OverheadActual  12: 2097152 op, 6965930.00 ns, 3.3216 ns/op
OverheadActual  13: 2097152 op, 6945542.00 ns, 3.3119 ns/op
OverheadActual  14: 2097152 op, 6982612.00 ns, 3.3296 ns/op
OverheadActual  15: 2097152 op, 6944731.00 ns, 3.3115 ns/op

WorkloadWarmup   1: 2097152 op, 612763283.00 ns, 292.1883 ns/op
WorkloadWarmup   2: 2097152 op, 636458115.00 ns, 303.4869 ns/op
WorkloadWarmup   3: 2097152 op, 606360808.00 ns, 289.1354 ns/op

// BeforeActualRun
WorkloadActual   1: 2097152 op, 614583172.00 ns, 293.0561 ns/op
WorkloadActual   2: 2097152 op, 627591894.00 ns, 299.2591 ns/op
WorkloadActual   3: 2097152 op, 624562179.00 ns, 297.8145 ns/op

// AfterActualRun
WorkloadResult   1: 2097152 op, 607623102.00 ns, 289.7373 ns/op
WorkloadResult   2: 2097152 op, 620631824.00 ns, 295.9403 ns/op
WorkloadResult   3: 2097152 op, 617602109.00 ns, 294.4956 ns/op
// GC:  81 0 0 1358954496 2097152
// Threading:  0 0 2097152

// AfterAll
// Benchmark Process 3322 has exited with code 0.

Mean = 293.391 ns, StdErr = 1.874 ns (0.64%), N = 3, StdDev = 3.246 ns
Min = 289.737 ns, Q1 = 292.116 ns, Median = 294.496 ns, Q3 = 295.218 ns, Max = 295.940 ns
IQR = 3.102 ns, LowerFence = 287.464 ns, UpperFence = 299.870 ns
ConfidenceInterval = [234.178 ns; 352.604 ns] (CI 99.9%), Margin = 59.213 ns (20.18% of Mean)
Skewness = -0.3, Kurtosis = 0.67, MValue = 2

// ** Remained 0 (0.0 %) benchmark(s) to run. Estimated finish 2026-09-22 22:25 (0h 0m from now) **
// ***** BenchmarkRunner: Finish  *****

// * Export *
  artifacts/performance/SecuritySanitization/results/Encina.Security.Sanitization.Benchmarks.SanitizerBenchmarks-report.csv
  artifacts/performance/SecuritySanitization/results/Encina.Security.Sanitization.Benchmarks.SanitizerBenchmarks-report-github.md
  artifacts/performance/SecuritySanitization/results/Encina.Security.Sanitization.Benchmarks.SanitizerBenchmarks-report.html
  artifacts/performance/SecuritySanitization/results/Encina.Security.Sanitization.Benchmarks.SanitizerBenchmarks-report-full-compressed.json

// * Detailed results *
SanitizerBenchmarks.SanitizeHtml_CleanInput: Job-YFEFPZ(IterationCount=10, WarmupCount=3)
Runtime = .NET 10.0.12 (10.0.12, 10.0.1226.42308), X64 RyuJIT x86-64-v3; GC = Concurrent Workstation
Mean = 15.446 μs, StdErr = 0.030 μs (0.20%), N = 9, StdDev = 0.090 μs
Min = 15.314 μs, Q1 = 15.375 μs, Median = 15.462 μs, Q3 = 15.514 μs, Max = 15.601 μs
IQR = 0.139 μs, LowerFence = 15.167 μs, UpperFence = 15.722 μs
ConfidenceInterval = [15.294 μs; 15.598 μs] (CI 99.9%), Margin = 0.152 μs (0.98% of Mean)
Skewness = 0.18, Kurtosis = 1.64, MValue = 2
-------------------- Histogram --------------------
[15.257 μs ; 15.658 μs) | @@@@@@@@@
---------------------------------------------------

SanitizerBenchmarks.SanitizeHtml_MaliciousInput: Job-YFEFPZ(IterationCount=10, WarmupCount=3)
Runtime = .NET 10.0.12 (10.0.12, 10.0.1226.42308), X64 RyuJIT x86-64-v3; GC = Concurrent Workstation
Mean = 22.083 μs, StdErr = 0.038 μs (0.17%), N = 9, StdDev = 0.115 μs
Min = 21.880 μs, Q1 = 22.073 μs, Median = 22.110 μs, Q3 = 22.141 μs, Max = 22.239 μs
IQR = 0.067 μs, LowerFence = 21.973 μs, UpperFence = 22.242 μs
ConfidenceInterval = [21.890 μs; 22.276 μs] (CI 99.9%), Margin = 0.193 μs (0.87% of Mean)
Skewness = -0.57, Kurtosis = 1.96, MValue = 2
-------------------- Histogram --------------------
[21.808 μs ; 22.312 μs) | @@@@@@@@@
---------------------------------------------------

SanitizerBenchmarks.SanitizeHtml_ComplexDocument: Job-YFEFPZ(IterationCount=10, WarmupCount=3)
Runtime = .NET 10.0.12 (10.0.12, 10.0.1226.42308), X64 RyuJIT x86-64-v3; GC = Concurrent Workstation
Mean = 184.549 μs, StdErr = 0.177 μs (0.10%), N = 9, StdDev = 0.532 μs
Min = 183.597 μs, Q1 = 184.462 μs, Median = 184.786 μs, Q3 = 184.889 μs, Max = 185.113 μs
IQR = 0.427 μs, LowerFence = 183.821 μs, UpperFence = 185.530 μs
ConfidenceInterval = [183.655 μs; 185.444 μs] (CI 99.9%), Margin = 0.894 μs (0.48% of Mean)
Skewness = -0.75, Kurtosis = 1.87, MValue = 2
-------------------- Histogram --------------------
[183.261 μs ; 185.449 μs) | @@@@@@@@@
---------------------------------------------------

SanitizerBenchmarks.SanitizeForSql_SimpleInput: Job-YFEFPZ(IterationCount=10, WarmupCount=3)
Runtime = .NET 10.0.12 (10.0.12, 10.0.1226.42308), X64 RyuJIT x86-64-v3; GC = Concurrent Workstation
Mean = 240.939 ns, StdErr = 0.190 ns (0.08%), N = 9, StdDev = 0.569 ns
Min = 240.157 ns, Q1 = 240.570 ns, Median = 240.750 ns, Q3 = 241.130 ns, Max = 241.959 ns
IQR = 0.560 ns, LowerFence = 239.730 ns, UpperFence = 241.970 ns
ConfidenceInterval = [239.982 ns; 241.895 ns] (CI 99.9%), Margin = 0.957 ns (0.40% of Mean)
Skewness = 0.45, Kurtosis = 1.81, MValue = 2
-------------------- Histogram --------------------
[239.798 ns ; 242.318 ns) | @@@@@@@@@
---------------------------------------------------

SanitizerBenchmarks.SanitizeForSql_InjectionAttempt: Job-YFEFPZ(IterationCount=10, WarmupCount=3)
Runtime = .NET 10.0.12 (10.0.12, 10.0.1226.42308), X64 RyuJIT x86-64-v3; GC = Concurrent Workstation
Mean = 332.449 ns, StdErr = 0.491 ns (0.15%), N = 10, StdDev = 1.553 ns
Min = 331.074 ns, Q1 = 331.325 ns, Median = 331.855 ns, Q3 = 333.211 ns, Max = 336.018 ns
IQR = 1.886 ns, LowerFence = 328.497 ns, UpperFence = 336.040 ns
ConfidenceInterval = [330.102 ns; 334.796 ns] (CI 99.9%), Margin = 2.347 ns (0.71% of Mean)
Skewness = 1.05, Kurtosis = 3, MValue = 2
-------------------- Histogram --------------------
[330.128 ns ; 336.964 ns) | @@@@@@@@@@
---------------------------------------------------

SanitizerBenchmarks.SanitizeForShell_SimpleInput: Job-YFEFPZ(IterationCount=10, WarmupCount=3)
Runtime = .NET 10.0.12 (10.0.12, 10.0.1226.42308), X64 RyuJIT x86-64-v3; GC = Concurrent Workstation
Mean = 27.152 ns, StdErr = 0.043 ns (0.16%), N = 8, StdDev = 0.122 ns
Min = 26.946 ns, Q1 = 27.064 ns, Median = 27.178 ns, Q3 = 27.233 ns, Max = 27.315 ns
IQR = 0.169 ns, LowerFence = 26.810 ns, UpperFence = 27.486 ns
ConfidenceInterval = [26.920 ns; 27.384 ns] (CI 99.9%), Margin = 0.232 ns (0.86% of Mean)
Skewness = -0.31, Kurtosis = 1.59, MValue = 2
-------------------- Histogram --------------------
[26.867 ns ; 27.395 ns) | @@@@@@@@
---------------------------------------------------

SanitizerBenchmarks.SanitizeForShell_InjectionAttempt: Job-YFEFPZ(IterationCount=10, WarmupCount=3)
Runtime = .NET 10.0.12 (10.0.12, 10.0.1226.42308), X64 RyuJIT x86-64-v3; GC = Concurrent Workstation
Mean = 27.962 ns, StdErr = 0.066 ns (0.24%), N = 10, StdDev = 0.210 ns
Min = 27.634 ns, Q1 = 27.812 ns, Median = 27.936 ns, Q3 = 28.158 ns, Max = 28.247 ns
IQR = 0.346 ns, LowerFence = 27.293 ns, UpperFence = 28.678 ns
ConfidenceInterval = [27.645 ns; 28.279 ns] (CI 99.9%), Margin = 0.317 ns (1.13% of Mean)
Skewness = 0.07, Kurtosis = 1.51, MValue = 2
-------------------- Histogram --------------------
[27.599 ns ; 28.375 ns) | @@@@@@@@@@
---------------------------------------------------

SanitizerBenchmarks.SanitizeForJson_SimpleInput: Job-YFEFPZ(IterationCount=10, WarmupCount=3)
Runtime = .NET 10.0.12 (10.0.12, 10.0.1226.42308), X64 RyuJIT x86-64-v3; GC = Concurrent Workstation
Mean = 450.342 ns, StdErr = 0.197 ns (0.04%), N = 8, StdDev = 0.558 ns
Min = 449.778 ns, Q1 = 449.993 ns, Median = 450.115 ns, Q3 = 450.667 ns, Max = 451.441 ns
IQR = 0.674 ns, LowerFence = 448.983 ns, UpperFence = 451.678 ns
ConfidenceInterval = [449.274 ns; 451.410 ns] (CI 99.9%), Margin = 1.068 ns (0.24% of Mean)
Skewness = 0.77, Kurtosis = 2.12, MValue = 2
-------------------- Histogram --------------------
[449.412 ns ; 451.807 ns) | @@@@@@@@
---------------------------------------------------

SanitizerBenchmarks.SanitizeForXml_SimpleInput: Job-YFEFPZ(IterationCount=10, WarmupCount=3)
Runtime = .NET 10.0.12 (10.0.12, 10.0.1226.42308), X64 RyuJIT x86-64-v3; GC = Concurrent Workstation
Mean = 280.247 ns, StdErr = 0.476 ns (0.17%), N = 8, StdDev = 1.347 ns
Min = 277.448 ns, Q1 = 280.092 ns, Median = 280.648 ns, Q3 = 281.039 ns, Max = 281.454 ns
IQR = 0.947 ns, LowerFence = 278.671 ns, UpperFence = 282.460 ns
ConfidenceInterval = [277.671 ns; 282.823 ns] (CI 99.9%), Margin = 2.576 ns (0.92% of Mean)
Skewness = -1.02, Kurtosis = 2.54, MValue = 2
-------------------- Histogram --------------------
[276.564 ns ; 282.338 ns) | @@@@@@@@
---------------------------------------------------

SanitizerBenchmarks.SanitizeHtml_CleanInput: ShortRun(IterationCount=3, LaunchCount=1, WarmupCount=3)
Runtime = .NET 10.0.12 (10.0.12, 10.0.1226.42308), X64 RyuJIT x86-64-v3; GC = Concurrent Workstation
Mean = 15.896 μs, StdErr = 0.276 μs (1.74%), N = 3, StdDev = 0.479 μs
Min = 15.604 μs, Q1 = 15.620 μs, Median = 15.636 μs, Q3 = 16.042 μs, Max = 16.449 μs
IQR = 0.422 μs, LowerFence = 14.986 μs, UpperFence = 16.676 μs
ConfidenceInterval = [7.159 μs; 24.633 μs] (CI 99.9%), Margin = 8.737 μs (54.96% of Mean)
Skewness = 0.38, Kurtosis = 0.67, MValue = 2
-------------------- Histogram --------------------
[15.591 μs ; 16.462 μs) | @@@
---------------------------------------------------

SanitizerBenchmarks.SanitizeHtml_MaliciousInput: ShortRun(IterationCount=3, LaunchCount=1, WarmupCount=3)
Runtime = .NET 10.0.12 (10.0.12, 10.0.1226.42308), X64 RyuJIT x86-64-v3; GC = Concurrent Workstation
Mean = 22.285 μs, StdErr = 0.018 μs (0.08%), N = 3, StdDev = 0.031 μs
Min = 22.252 μs, Q1 = 22.271 μs, Median = 22.290 μs, Q3 = 22.302 μs, Max = 22.313 μs
IQR = 0.030 μs, LowerFence = 22.226 μs, UpperFence = 22.347 μs
ConfidenceInterval = [21.728 μs; 22.843 μs] (CI 99.9%), Margin = 0.558 μs (2.50% of Mean)
Skewness = -0.16, Kurtosis = 0.67, MValue = 2
-------------------- Histogram --------------------
[22.225 μs ; 22.341 μs) | @@@
---------------------------------------------------

SanitizerBenchmarks.SanitizeHtml_ComplexDocument: ShortRun(IterationCount=3, LaunchCount=1, WarmupCount=3)
Runtime = .NET 10.0.12 (10.0.12, 10.0.1226.42308), X64 RyuJIT x86-64-v3; GC = Concurrent Workstation
Mean = 186.561 μs, StdErr = 0.237 μs (0.13%), N = 3, StdDev = 0.411 μs
Min = 186.208 μs, Q1 = 186.336 μs, Median = 186.463 μs, Q3 = 186.737 μs, Max = 187.012 μs
IQR = 0.402 μs, LowerFence = 185.733 μs, UpperFence = 187.340 μs
ConfidenceInterval = [179.071 μs; 194.051 μs] (CI 99.9%), Margin = 7.490 μs (4.01% of Mean)
Skewness = 0.22, Kurtosis = 0.67, MValue = 2
-------------------- Histogram --------------------
[185.834 μs ; 187.385 μs) | @@@
---------------------------------------------------

SanitizerBenchmarks.SanitizeForSql_SimpleInput: ShortRun(IterationCount=3, LaunchCount=1, WarmupCount=3)
Runtime = .NET 10.0.12 (10.0.12, 10.0.1226.42308), X64 RyuJIT x86-64-v3; GC = Concurrent Workstation
Mean = 259.533 ns, StdErr = 0.879 ns (0.34%), N = 3, StdDev = 1.523 ns
Min = 257.854 ns, Q1 = 258.886 ns, Median = 259.918 ns, Q3 = 260.372 ns, Max = 260.825 ns
IQR = 1.486 ns, LowerFence = 256.658 ns, UpperFence = 262.600 ns
ConfidenceInterval = [231.751 ns; 287.314 ns] (CI 99.9%), Margin = 27.781 ns (10.70% of Mean)
Skewness = -0.24, Kurtosis = 0.67, MValue = 2
-------------------- Histogram --------------------
[257.768 ns ; 262.211 ns) | @@@
---------------------------------------------------

SanitizerBenchmarks.SanitizeForSql_InjectionAttempt: ShortRun(IterationCount=3, LaunchCount=1, WarmupCount=3)
Runtime = .NET 10.0.12 (10.0.12, 10.0.1226.42308), X64 RyuJIT x86-64-v3; GC = Concurrent Workstation
Mean = 341.036 ns, StdErr = 0.726 ns (0.21%), N = 3, StdDev = 1.257 ns
Min = 339.672 ns, Q1 = 340.479 ns, Median = 341.286 ns, Q3 = 341.717 ns, Max = 342.148 ns
IQR = 1.238 ns, LowerFence = 338.622 ns, UpperFence = 343.574 ns
ConfidenceInterval = [318.104 ns; 363.967 ns] (CI 99.9%), Margin = 22.932 ns (6.72% of Mean)
Skewness = -0.19, Kurtosis = 0.67, MValue = 2
-------------------- Histogram --------------------
[338.528 ns ; 343.292 ns) | @@@
---------------------------------------------------

SanitizerBenchmarks.SanitizeForShell_SimpleInput: ShortRun(IterationCount=3, LaunchCount=1, WarmupCount=3)
Runtime = .NET 10.0.12 (10.0.12, 10.0.1226.42308), X64 RyuJIT x86-64-v3; GC = Concurrent Workstation
Mean = 28.261 ns, StdErr = 0.043 ns (0.15%), N = 3, StdDev = 0.075 ns
Min = 28.180 ns, Q1 = 28.228 ns, Median = 28.276 ns, Q3 = 28.302 ns, Max = 28.328 ns
IQR = 0.074 ns, LowerFence = 28.117 ns, UpperFence = 28.413 ns
ConfidenceInterval = [26.895 ns; 29.628 ns] (CI 99.9%), Margin = 1.366 ns (4.84% of Mean)
Skewness = -0.18, Kurtosis = 0.67, MValue = 2
-------------------- Histogram --------------------
[28.112 ns ; 28.396 ns) | @@@
---------------------------------------------------

SanitizerBenchmarks.SanitizeForShell_InjectionAttempt: ShortRun(IterationCount=3, LaunchCount=1, WarmupCount=3)
Runtime = .NET 10.0.12 (10.0.12, 10.0.1226.42308), X64 RyuJIT x86-64-v3; GC = Concurrent Workstation
Mean = 28.410 ns, StdErr = 0.311 ns (1.09%), N = 3, StdDev = 0.538 ns
Min = 27.854 ns, Q1 = 28.151 ns, Median = 28.448 ns, Q3 = 28.688 ns, Max = 28.928 ns
IQR = 0.537 ns, LowerFence = 27.345 ns, UpperFence = 29.494 ns
ConfidenceInterval = [18.594 ns; 38.226 ns] (CI 99.9%), Margin = 9.816 ns (34.55% of Mean)
Skewness = -0.07, Kurtosis = 0.67, MValue = 2
-------------------- Histogram --------------------
[27.364 ns ; 28.198 ns) | @
[28.198 ns ; 29.178 ns) | @@
---------------------------------------------------

SanitizerBenchmarks.SanitizeForJson_SimpleInput: ShortRun(IterationCount=3, LaunchCount=1, WarmupCount=3)
Runtime = .NET 10.0.12 (10.0.12, 10.0.1226.42308), X64 RyuJIT x86-64-v3; GC = Concurrent Workstation
Mean = 451.947 ns, StdErr = 0.377 ns (0.08%), N = 3, StdDev = 0.652 ns
Min = 451.254 ns, Q1 = 451.646 ns, Median = 452.038 ns, Q3 = 452.293 ns, Max = 452.548 ns
IQR = 0.647 ns, LowerFence = 450.675 ns, UpperFence = 453.264 ns
ConfidenceInterval = [440.049 ns; 463.844 ns] (CI 99.9%), Margin = 11.897 ns (2.63% of Mean)
Skewness = -0.14, Kurtosis = 0.67, MValue = 2
-------------------- Histogram --------------------
[450.660 ns ; 453.142 ns) | @@@
---------------------------------------------------

SanitizerBenchmarks.SanitizeForXml_SimpleInput: ShortRun(IterationCount=3, LaunchCount=1, WarmupCount=3)
Runtime = .NET 10.0.12 (10.0.12, 10.0.1226.42308), X64 RyuJIT x86-64-v3; GC = Concurrent Workstation
Mean = 293.391 ns, StdErr = 1.874 ns (0.64%), N = 3, StdDev = 3.246 ns
Min = 289.737 ns, Q1 = 292.116 ns, Median = 294.496 ns, Q3 = 295.218 ns, Max = 295.940 ns
IQR = 3.102 ns, LowerFence = 287.464 ns, UpperFence = 299.870 ns
ConfidenceInterval = [234.178 ns; 352.604 ns] (CI 99.9%), Margin = 59.213 ns (20.18% of Mean)
Skewness = -0.3, Kurtosis = 0.67, MValue = 2
-------------------- Histogram --------------------
[286.784 ns ; 298.894 ns) | @@@
---------------------------------------------------

// * Summary *

BenchmarkDotNet v0.15.8, Linux Ubuntu 24.04.5 LTS (Noble Numbat)
AMD EPYC 7763 2.91GHz, 1 CPU, 4 logical and 2 physical cores
.NET SDK 10.0.401
  [Host]     : .NET 10.0.12 (10.0.12, 10.0.1226.42308), X64 RyuJIT x86-64-v3
  Job-YFEFPZ : .NET 10.0.12 (10.0.12, 10.0.1226.42308), X64 RyuJIT x86-64-v3
  ShortRun   : .NET 10.0.12 (10.0.12, 10.0.1226.42308), X64 RyuJIT x86-64-v3

WarmupCount=3  

| Method                            | Job        | IterationCount | LaunchCount | Mean          | Error        | StdDev     | Ratio  | RatioSD | Gen0   | Gen1   | Allocated | Alloc Ratio |
|---------------------------------- |----------- |--------------- |------------ |--------------:|-------------:|-----------:|-------:|--------:|-------:|-------:|----------:|------------:|
| SanitizeHtml_CleanInput           | Job-YFEFPZ | 10             | Default     |  15,445.77 ns |   152.030 ns |  90.471 ns |  1.000 |    0.01 | 0.8545 | 0.0305 |   14432 B |       1.000 |
| SanitizeHtml_MaliciousInput       | Job-YFEFPZ | 10             | Default     |  22,083.08 ns |   192.946 ns | 114.819 ns |  1.430 |    0.01 | 0.8240 |      - |   13880 B |       0.962 |
| SanitizeHtml_ComplexDocument      | Job-YFEFPZ | 10             | Default     | 184,549.33 ns |   894.437 ns | 532.265 ns | 11.949 |    0.07 | 4.3945 | 0.2441 |   76680 B |       5.313 |
| SanitizeForSql_SimpleInput        | Job-YFEFPZ | 10             | Default     |     240.94 ns |     0.957 ns |   0.569 ns |  0.016 |    0.00 | 0.0029 |      - |      48 B |       0.003 |
| SanitizeForSql_InjectionAttempt   | Job-YFEFPZ | 10             | Default     |     332.45 ns |     2.347 ns |   1.553 ns |  0.022 |    0.00 | 0.0119 |      - |     200 B |       0.014 |
| SanitizeForShell_SimpleInput      | Job-YFEFPZ | 10             | Default     |      27.15 ns |     0.232 ns |   0.122 ns |  0.002 |    0.00 | 0.0029 |      - |      48 B |       0.003 |
| SanitizeForShell_InjectionAttempt | Job-YFEFPZ | 10             | Default     |      27.96 ns |     0.317 ns |   0.210 ns |  0.002 |    0.00 | 0.0029 |      - |      48 B |       0.003 |
| SanitizeForJson_SimpleInput       | Job-YFEFPZ | 10             | Default     |     450.34 ns |     1.068 ns |   0.558 ns |  0.029 |    0.00 | 0.0124 |      - |     208 B |       0.014 |
| SanitizeForXml_SimpleInput        | Job-YFEFPZ | 10             | Default     |     280.25 ns |     2.576 ns |   1.347 ns |  0.018 |    0.00 | 0.0386 |      - |     648 B |       0.045 |
|                                   |            |                |             |               |              |            |        |         |        |        |           |             |
| SanitizeHtml_CleanInput           | ShortRun   | 3              | 1           |  15,896.23 ns | 8,736.966 ns | 478.903 ns |  1.001 |    0.04 | 0.8545 | 0.0305 |   14432 B |       1.000 |
| SanitizeHtml_MaliciousInput       | ShortRun   | 3              | 1           |  22,285.21 ns |   557.541 ns |  30.561 ns |  1.403 |    0.04 | 0.8240 |      - |   13880 B |       0.962 |
| SanitizeHtml_ComplexDocument      | ShortRun   | 3              | 1           | 186,560.95 ns | 7,490.364 ns | 410.572 ns | 11.743 |    0.30 | 4.3945 | 0.2441 |   76680 B |       5.313 |
| SanitizeForSql_SimpleInput        | ShortRun   | 3              | 1           |     259.53 ns |    27.781 ns |   1.523 ns |  0.016 |    0.00 | 0.0029 |      - |      48 B |       0.003 |
| SanitizeForSql_InjectionAttempt   | ShortRun   | 3              | 1           |     341.04 ns |    22.932 ns |   1.257 ns |  0.021 |    0.00 | 0.0119 |      - |     200 B |       0.014 |
| SanitizeForShell_SimpleInput      | ShortRun   | 3              | 1           |      28.26 ns |     1.366 ns |   0.075 ns |  0.002 |    0.00 | 0.0029 |      - |      48 B |       0.003 |
| SanitizeForShell_InjectionAttempt | ShortRun   | 3              | 1           |      28.41 ns |     9.816 ns |   0.538 ns |  0.002 |    0.00 | 0.0029 |      - |      48 B |       0.003 |
| SanitizeForJson_SimpleInput       | ShortRun   | 3              | 1           |     451.95 ns |    11.897 ns |   0.652 ns |  0.028 |    0.00 | 0.0124 |      - |     208 B |       0.014 |
| SanitizeForXml_SimpleInput        | ShortRun   | 3              | 1           |     293.39 ns |    59.213 ns |   3.246 ns |  0.018 |    0.00 | 0.0386 |      - |     648 B |       0.045 |

// * Hints *
Outliers
  SanitizerBenchmarks.SanitizeHtml_CleanInput: IterationCount=10, WarmupCount=3      -> 1 outlier  was  removed (15.95 μs)
  SanitizerBenchmarks.SanitizeHtml_MaliciousInput: IterationCount=10, WarmupCount=3  -> 1 outlier  was  removed, 3 outliers were detected (21.88 μs, 21.92 μs, 22.74 μs)
  SanitizerBenchmarks.SanitizeHtml_ComplexDocument: IterationCount=10, WarmupCount=3 -> 1 outlier  was  removed, 3 outliers were detected (183.60 μs, 183.77 μs, 188.89 μs)
  SanitizerBenchmarks.SanitizeForSql_SimpleInput: IterationCount=10, WarmupCount=3   -> 1 outlier  was  removed (252.48 ns)
  SanitizerBenchmarks.SanitizeForShell_SimpleInput: IterationCount=10, WarmupCount=3 -> 2 outliers were removed (30.96 ns, 31.49 ns)
  SanitizerBenchmarks.SanitizeForJson_SimpleInput: IterationCount=10, WarmupCount=3  -> 2 outliers were removed (456.48 ns, 460.37 ns)
  SanitizerBenchmarks.SanitizeForXml_SimpleInput: IterationCount=10, WarmupCount=3   -> 2 outliers were removed, 3 outliers were detected (280.77 ns, 286.68 ns, 287.76 ns)
// * Config Issues *

// * Warnings *
Configuration
  Summary -> The exporter CsvExporter is already present in configuration. There may be unexpected results.
  Summary -> The exporter HtmlExporter is already present in configuration. There may be unexpected results.
  Summary -> The exporter MarkdownExporter-github is already present in configuration. There may be unexpected results.

// * Legends *
  Mean        : Arithmetic mean of all measurements
  Error       : Half of 99.9% confidence interval
  StdDev      : Standard deviation of all measurements
  Ratio       : Mean of the ratio distribution ([Current]/[Baseline])
  RatioSD     : Standard deviation of the ratio distribution ([Current]/[Baseline])
  Gen0        : GC Generation 0 collects per 1000 operations
  Gen1        : GC Generation 1 collects per 1000 operations
  Allocated   : Allocated memory per single operation (managed only, inclusive, 1KB = 1024B)
  Alloc Ratio : Allocated memory ratio distribution ([Current]/[Baseline])
  1 ns        : 1 Nanosecond (0.000000001 sec)

// * Diagnostic Output - MemoryDiagnoser *


// ***** BenchmarkRunner: End *****
Run time: 00:02:43 (163.07 sec), executed benchmarks: 18

Global total time: 00:03:15 (195.42 sec), executed benchmarks: 18
// * Artifacts cleanup *
Artifacts cleanup is finished
