// Validating benchmarks:
// ***** BenchmarkRunner: Start   *****
// ***** Found 22 benchmark(s) in total *****
// ***** Building 1 exe(s) in Parallel: Start   *****
// start dotnet  restore --nodeReuse:false /p:UseSharedCompilation=false /p:Deterministic=true /p:Optimize=true /p:ArtifactsPath="/home/runner/work/Encina/Encina/tests/Encina.BenchmarkTests/Encina.Caching.Hybrid.Benchmarks/bin/Release/net10.0/Encina.Caching.Hybrid.Benchmarks-Job-NUBXJZ-1/" /p:OutDir="/home/runner/work/Encina/Encina/tests/Encina.BenchmarkTests/Encina.Caching.Hybrid.Benchmarks/bin/Release/net10.0/Encina.Caching.Hybrid.Benchmarks-Job-NUBXJZ-1/bin/Release/net10.0/" /p:OutputPath="/home/runner/work/Encina/Encina/tests/Encina.BenchmarkTests/Encina.Caching.Hybrid.Benchmarks/bin/Release/net10.0/Encina.Caching.Hybrid.Benchmarks-Job-NUBXJZ-1/bin/Release/net10.0/" /p:PublishDir="/home/runner/work/Encina/Encina/tests/Encina.BenchmarkTests/Encina.Caching.Hybrid.Benchmarks/bin/Release/net10.0/Encina.Caching.Hybrid.Benchmarks-Job-NUBXJZ-1/publish/" in /home/runner/work/Encina/Encina/tests/Encina.BenchmarkTests/Encina.Caching.Hybrid.Benchmarks/bin/Release/net10.0/Encina.Caching.Hybrid.Benchmarks-Job-NUBXJZ-1
// command took 3.13 sec and exited with 0
// start dotnet  build -c Release --no-restore --nodeReuse:false /p:UseSharedCompilation=false /p:Deterministic=true /p:Optimize=true /p:ArtifactsPath="/home/runner/work/Encina/Encina/tests/Encina.BenchmarkTests/Encina.Caching.Hybrid.Benchmarks/bin/Release/net10.0/Encina.Caching.Hybrid.Benchmarks-Job-NUBXJZ-1/" /p:OutDir="/home/runner/work/Encina/Encina/tests/Encina.BenchmarkTests/Encina.Caching.Hybrid.Benchmarks/bin/Release/net10.0/Encina.Caching.Hybrid.Benchmarks-Job-NUBXJZ-1/bin/Release/net10.0/" /p:OutputPath="/home/runner/work/Encina/Encina/tests/Encina.BenchmarkTests/Encina.Caching.Hybrid.Benchmarks/bin/Release/net10.0/Encina.Caching.Hybrid.Benchmarks-Job-NUBXJZ-1/bin/Release/net10.0/" /p:PublishDir="/home/runner/work/Encina/Encina/tests/Encina.BenchmarkTests/Encina.Caching.Hybrid.Benchmarks/bin/Release/net10.0/Encina.Caching.Hybrid.Benchmarks-Job-NUBXJZ-1/publish/" --output "/home/runner/work/Encina/Encina/tests/Encina.BenchmarkTests/Encina.Caching.Hybrid.Benchmarks/bin/Release/net10.0/Encina.Caching.Hybrid.Benchmarks-Job-NUBXJZ-1/bin/Release/net10.0/" in /home/runner/work/Encina/Encina/tests/Encina.BenchmarkTests/Encina.Caching.Hybrid.Benchmarks/bin/Release/net10.0/Encina.Caching.Hybrid.Benchmarks-Job-NUBXJZ-1
// command took 50.98 sec and exited with 0
// ***** Done, took 00:00:54 (54.31 sec)   *****
// Found 22 benchmarks:
//   HybridCacheProviderBenchmarks.ExistsAsync_False: Job-NUBXJZ(IterationCount=20, WarmupCount=5)
//   HybridCacheProviderBenchmarks.ExistsAsync_False: ShortRun(IterationCount=3, LaunchCount=1, WarmupCount=3)
//   HybridCacheProviderBenchmarks.ExistsAsync_True: Job-NUBXJZ(IterationCount=20, WarmupCount=5)
//   HybridCacheProviderBenchmarks.ExistsAsync_True: ShortRun(IterationCount=3, LaunchCount=1, WarmupCount=3)
//   HybridCacheProviderBenchmarks.GetAsync_CacheHit: Job-NUBXJZ(IterationCount=20, WarmupCount=5)
//   HybridCacheProviderBenchmarks.GetAsync_CacheHit: ShortRun(IterationCount=3, LaunchCount=1, WarmupCount=3)
//   HybridCacheProviderBenchmarks.GetAsync_CacheMiss: Job-NUBXJZ(IterationCount=20, WarmupCount=5)
//   HybridCacheProviderBenchmarks.GetAsync_CacheMiss: ShortRun(IterationCount=3, LaunchCount=1, WarmupCount=3)
//   HybridCacheProviderBenchmarks.GetOrSetAsync_CacheHit: Job-NUBXJZ(IterationCount=20, WarmupCount=5)
//   HybridCacheProviderBenchmarks.GetOrSetAsync_CacheHit: ShortRun(IterationCount=3, LaunchCount=1, WarmupCount=3)
//   HybridCacheProviderBenchmarks.GetOrSetAsync_CacheMiss: Job-NUBXJZ(IterationCount=20, WarmupCount=5)
//   HybridCacheProviderBenchmarks.GetOrSetAsync_CacheMiss: ShortRun(IterationCount=3, LaunchCount=1, WarmupCount=3)
//   HybridCacheProviderBenchmarks.GetOrSetAsync_WithTags: Job-NUBXJZ(IterationCount=20, WarmupCount=5)
//   HybridCacheProviderBenchmarks.GetOrSetAsync_WithTags: ShortRun(IterationCount=3, LaunchCount=1, WarmupCount=3)
//   HybridCacheProviderBenchmarks.RemoveAsync: Job-NUBXJZ(IterationCount=20, WarmupCount=5)
//   HybridCacheProviderBenchmarks.RemoveAsync: ShortRun(IterationCount=3, LaunchCount=1, WarmupCount=3)
//   HybridCacheProviderBenchmarks.RemoveByTagAsync: Job-NUBXJZ(IterationCount=20, WarmupCount=5)
//   HybridCacheProviderBenchmarks.RemoveByTagAsync: ShortRun(IterationCount=3, LaunchCount=1, WarmupCount=3)
//   HybridCacheProviderBenchmarks.SetAsync: Job-NUBXJZ(IterationCount=20, WarmupCount=5)
//   HybridCacheProviderBenchmarks.SetAsync: ShortRun(IterationCount=3, LaunchCount=1, WarmupCount=3)
//   HybridCacheProviderBenchmarks.SetWithSlidingExpirationAsync: Job-NUBXJZ(IterationCount=20, WarmupCount=5)
//   HybridCacheProviderBenchmarks.SetWithSlidingExpirationAsync: ShortRun(IterationCount=3, LaunchCount=1, WarmupCount=3)

// **************************
// Benchmark: HybridCacheProviderBenchmarks.ExistsAsync_False: Job-NUBXJZ(IterationCount=20, WarmupCount=5)
// *** Execute ***
// Launch: 1 / 1
// Execute: dotnet Encina.Caching.Hybrid.Benchmarks-Job-NUBXJZ-1.dll --anonymousPipes 166 167 --benchmarkName Encina.Caching.Hybrid.Benchmarks.Benchmarks.HybridCacheProviderBenchmarks.ExistsAsync_False --job "IterationCount=20, WarmupCount=5" --benchmarkId 0 in /home/runner/work/Encina/Encina/tests/Encina.BenchmarkTests/Encina.Caching.Hybrid.Benchmarks/bin/Release/net10.0/Encina.Caching.Hybrid.Benchmarks-Job-NUBXJZ-1/bin/Release/net10.0
// Failed to set up high priority (Permission denied). In order to run benchmarks with high priority, make sure you have the right permissions.
// BeforeAnythingElse

// Benchmark Process Environment Information:
// BenchmarkDotNet v0.15.8
// Runtime=.NET 10.0.12 (10.0.12, 10.0.1226.42308), X64 RyuJIT x86-64-v3
// GC=Concurrent Workstation
// HardwareIntrinsics=AVX2+BMI1+BMI2+F16C+FMA+LZCNT+MOVBE,AVX,SSE3+SSSE3+SSE4.1+SSE4.2+POPCNT,X86Base+SSE+SSE2,AES+PCLMUL VectorSize=256
// Job: Job-NUBXJZ(IterationCount=20, WarmupCount=5)

OverheadJitting  1: 1 op, 204021.00 ns, 204.0210 us/op
WorkloadJitting  1: 1 op, 20601800.00 ns, 20.6018 ms/op

OverheadJitting  2: 16 op, 326329.00 ns, 20.3956 us/op
WorkloadJitting  2: 16 op, 510884.00 ns, 31.9303 us/op

WorkloadPilot    1: 16 op, 44573.00 ns, 2.7858 us/op
WorkloadPilot    2: 32 op, 61595.00 ns, 1.9248 us/op
WorkloadPilot    3: 64 op, 154428.00 ns, 2.4129 us/op
WorkloadPilot    4: 128 op, 210002.00 ns, 1.6406 us/op
WorkloadPilot    5: 256 op, 434732.00 ns, 1.6982 us/op
WorkloadPilot    6: 512 op, 748538.00 ns, 1.4620 us/op
WorkloadPilot    7: 1024 op, 1345744.00 ns, 1.3142 us/op
WorkloadPilot    8: 2048 op, 2781623.00 ns, 1.3582 us/op
WorkloadPilot    9: 4096 op, 5639370.00 ns, 1.3768 us/op
WorkloadPilot   10: 8192 op, 11233727.00 ns, 1.3713 us/op
WorkloadPilot   11: 16384 op, 23086319.00 ns, 1.4091 us/op
WorkloadPilot   12: 32768 op, 42905126.00 ns, 1.3094 us/op
WorkloadPilot   13: 65536 op, 74981892.00 ns, 1.1441 us/op
WorkloadPilot   14: 131072 op, 147615690.00 ns, 1.1262 us/op
WorkloadPilot   15: 262144 op, 297056228.00 ns, 1.1332 us/op
WorkloadPilot   16: 524288 op, 587408597.00 ns, 1.1204 us/op

OverheadWarmup   1: 524288 op, 1011618.00 ns, 1.9295 ns/op
OverheadWarmup   2: 524288 op, 970332.00 ns, 1.8508 ns/op
OverheadWarmup   3: 524288 op, 975993.00 ns, 1.8616 ns/op
OverheadWarmup   4: 524288 op, 978196.00 ns, 1.8658 ns/op
OverheadWarmup   5: 524288 op, 960573.00 ns, 1.8321 ns/op
OverheadWarmup   6: 524288 op, 965583.00 ns, 1.8417 ns/op
OverheadWarmup   7: 524288 op, 1002953.00 ns, 1.9130 ns/op
OverheadWarmup   8: 524288 op, 1024533.00 ns, 1.9541 ns/op
OverheadWarmup   9: 524288 op, 945726.00 ns, 1.8038 ns/op

OverheadActual   1: 524288 op, 978347.00 ns, 1.8660 ns/op
OverheadActual   2: 524288 op, 964230.00 ns, 1.8391 ns/op
OverheadActual   3: 524288 op, 963509.00 ns, 1.8377 ns/op
OverheadActual   4: 524288 op, 971414.00 ns, 1.8528 ns/op
OverheadActual   5: 524288 op, 989418.00 ns, 1.8872 ns/op
OverheadActual   6: 524288 op, 963028.00 ns, 1.8368 ns/op
OverheadActual   7: 524288 op, 961205.00 ns, 1.8334 ns/op
OverheadActual   8: 524288 op, 961406.00 ns, 1.8337 ns/op
OverheadActual   9: 524288 op, 965503.00 ns, 1.8416 ns/op
OverheadActual  10: 524288 op, 992063.00 ns, 1.8922 ns/op
OverheadActual  11: 524288 op, 967506.00 ns, 1.8454 ns/op
OverheadActual  12: 524288 op, 963820.00 ns, 1.8383 ns/op
OverheadActual  13: 524288 op, 965182.00 ns, 1.8409 ns/op
OverheadActual  14: 524288 op, 996281.00 ns, 1.9003 ns/op
OverheadActual  15: 524288 op, 997192.00 ns, 1.9020 ns/op

WorkloadWarmup   1: 524288 op, 593711428.00 ns, 1.1324 us/op
WorkloadWarmup   2: 524288 op, 589254813.00 ns, 1.1239 us/op
WorkloadWarmup   3: 524288 op, 589491044.00 ns, 1.1244 us/op
WorkloadWarmup   4: 524288 op, 590339539.00 ns, 1.1260 us/op
WorkloadWarmup   5: 524288 op, 587092495.00 ns, 1.1198 us/op

// BeforeActualRun
WorkloadActual   1: 524288 op, 593462337.00 ns, 1.1319 us/op
WorkloadActual   2: 524288 op, 588840820.00 ns, 1.1231 us/op
WorkloadActual   3: 524288 op, 587946450.00 ns, 1.1214 us/op
WorkloadActual   4: 524288 op, 590248129.00 ns, 1.1258 us/op
WorkloadActual   5: 524288 op, 591404738.00 ns, 1.1280 us/op
WorkloadActual   6: 524288 op, 589382231.00 ns, 1.1242 us/op
WorkloadActual   7: 524288 op, 590777286.00 ns, 1.1268 us/op
WorkloadActual   8: 524288 op, 591066917.00 ns, 1.1274 us/op
WorkloadActual   9: 524288 op, 587556672.00 ns, 1.1207 us/op
WorkloadActual  10: 524288 op, 591687667.00 ns, 1.1286 us/op
WorkloadActual  11: 524288 op, 601251863.00 ns, 1.1468 us/op
WorkloadActual  12: 524288 op, 588926947.00 ns, 1.1233 us/op
WorkloadActual  13: 524288 op, 587398492.00 ns, 1.1204 us/op
WorkloadActual  14: 524288 op, 592200670.00 ns, 1.1295 us/op
WorkloadActual  15: 524288 op, 589973551.00 ns, 1.1253 us/op
WorkloadActual  16: 524288 op, 587808648.00 ns, 1.1212 us/op
WorkloadActual  17: 524288 op, 588910957.00 ns, 1.1233 us/op
WorkloadActual  18: 524288 op, 585798696.00 ns, 1.1173 us/op
WorkloadActual  19: 524288 op, 586557623.00 ns, 1.1188 us/op
WorkloadActual  20: 524288 op, 587903535.00 ns, 1.1213 us/op

// AfterActualRun
WorkloadResult   1: 524288 op, 592496834.00 ns, 1.1301 us/op
WorkloadResult   2: 524288 op, 587875317.00 ns, 1.1213 us/op
WorkloadResult   3: 524288 op, 586980947.00 ns, 1.1196 us/op
WorkloadResult   4: 524288 op, 589282626.00 ns, 1.1240 us/op
WorkloadResult   5: 524288 op, 590439235.00 ns, 1.1262 us/op
WorkloadResult   6: 524288 op, 588416728.00 ns, 1.1223 us/op
WorkloadResult   7: 524288 op, 589811783.00 ns, 1.1250 us/op
WorkloadResult   8: 524288 op, 590101414.00 ns, 1.1255 us/op
WorkloadResult   9: 524288 op, 586591169.00 ns, 1.1188 us/op
WorkloadResult  10: 524288 op, 590722164.00 ns, 1.1267 us/op
WorkloadResult  11: 524288 op, 587961444.00 ns, 1.1214 us/op
WorkloadResult  12: 524288 op, 586432989.00 ns, 1.1185 us/op
WorkloadResult  13: 524288 op, 591235167.00 ns, 1.1277 us/op
WorkloadResult  14: 524288 op, 589008048.00 ns, 1.1234 us/op
WorkloadResult  15: 524288 op, 586843145.00 ns, 1.1193 us/op
WorkloadResult  16: 524288 op, 587945454.00 ns, 1.1214 us/op
WorkloadResult  17: 524288 op, 584833193.00 ns, 1.1155 us/op
WorkloadResult  18: 524288 op, 585592120.00 ns, 1.1169 us/op
WorkloadResult  19: 524288 op, 586938032.00 ns, 1.1195 us/op
// GC:  19 0 0 322961408 524288
// Threading:  0 0 524288

// AfterAll
// Benchmark Process 3194 has exited with code 0.

Mean = 1.122 μs, StdErr = 0.001 μs (0.08%), N = 19, StdDev = 0.004 μs
Min = 1.115 μs, Q1 = 1.119 μs, Median = 1.121 μs, Q3 = 1.125 μs, Max = 1.130 μs
IQR = 0.006 μs, LowerFence = 1.111 μs, UpperFence = 1.134 μs
ConfidenceInterval = [1.119 μs; 1.126 μs] (CI 99.9%), Margin = 0.004 μs (0.31% of Mean)
Skewness = 0.19, Kurtosis = 2.01, MValue = 2

// ** Remained 21 (95.5 %) benchmark(s) to run. Estimated finish 2026-10-06 11:53 (0h 6m from now) **
// **************************
// Benchmark: HybridCacheProviderBenchmarks.ExistsAsync_False: ShortRun(IterationCount=3, LaunchCount=1, WarmupCount=3)
// *** Execute ***
// Launch: 1 / 1
// Execute: dotnet Encina.Caching.Hybrid.Benchmarks-Job-NUBXJZ-1.dll --anonymousPipes 166 167 --benchmarkName Encina.Caching.Hybrid.Benchmarks.Benchmarks.HybridCacheProviderBenchmarks.ExistsAsync_False --job ShortRun --benchmarkId 1 in /home/runner/work/Encina/Encina/tests/Encina.BenchmarkTests/Encina.Caching.Hybrid.Benchmarks/bin/Release/net10.0/Encina.Caching.Hybrid.Benchmarks-Job-NUBXJZ-1/bin/Release/net10.0
// Failed to set up high priority (Permission denied). In order to run benchmarks with high priority, make sure you have the right permissions.
// BeforeAnythingElse

// Benchmark Process Environment Information:
// BenchmarkDotNet v0.15.8
// Runtime=.NET 10.0.12 (10.0.12, 10.0.1226.42308), X64 RyuJIT x86-64-v3
// GC=Concurrent Workstation
// HardwareIntrinsics=AVX2+BMI1+BMI2+F16C+FMA+LZCNT+MOVBE,AVX,SSE3+SSSE3+SSE4.1+SSE4.2+POPCNT,X86Base+SSE+SSE2,AES+PCLMUL VectorSize=256
// Job: ShortRun(IterationCount=3, LaunchCount=1, WarmupCount=3)

OverheadJitting  1: 1 op, 208510.00 ns, 208.5100 us/op
WorkloadJitting  1: 1 op, 20941594.00 ns, 20.9416 ms/op

OverheadJitting  2: 16 op, 325077.00 ns, 20.3173 us/op
WorkloadJitting  2: 16 op, 466711.00 ns, 29.1694 us/op

WorkloadPilot    1: 16 op, 41077.00 ns, 2.5673 us/op
WorkloadPilot    2: 32 op, 61776.00 ns, 1.9305 us/op
WorkloadPilot    3: 64 op, 105787.00 ns, 1.6529 us/op
WorkloadPilot    4: 128 op, 205173.00 ns, 1.6029 us/op
WorkloadPilot    5: 256 op, 383706.00 ns, 1.4989 us/op
WorkloadPilot    6: 512 op, 712030.00 ns, 1.3907 us/op
WorkloadPilot    7: 1024 op, 1512354.00 ns, 1.4769 us/op
WorkloadPilot    8: 2048 op, 2822500.00 ns, 1.3782 us/op
WorkloadPilot    9: 4096 op, 5620385.00 ns, 1.3722 us/op
WorkloadPilot   10: 8192 op, 11196306.00 ns, 1.3667 us/op
WorkloadPilot   11: 16384 op, 22224929.00 ns, 1.3565 us/op
WorkloadPilot   12: 32768 op, 41761299.00 ns, 1.2745 us/op
WorkloadPilot   13: 65536 op, 75465724.00 ns, 1.1515 us/op
WorkloadPilot   14: 131072 op, 144219976.00 ns, 1.1003 us/op
WorkloadPilot   15: 262144 op, 288428079.00 ns, 1.1003 us/op
WorkloadPilot   16: 524288 op, 579705104.00 ns, 1.1057 us/op

OverheadWarmup   1: 524288 op, 967907.00 ns, 1.8461 ns/op
OverheadWarmup   2: 524288 op, 987574.00 ns, 1.8836 ns/op
OverheadWarmup   3: 524288 op, 1023642.00 ns, 1.9524 ns/op
OverheadWarmup   4: 524288 op, 964681.00 ns, 1.8400 ns/op
OverheadWarmup   5: 524288 op, 1019764.00 ns, 1.9450 ns/op
OverheadWarmup   6: 524288 op, 978888.00 ns, 1.8671 ns/op

OverheadActual   1: 524288 op, 950906.00 ns, 1.8137 ns/op
OverheadActual   2: 524288 op, 951406.00 ns, 1.8147 ns/op
OverheadActual   3: 524288 op, 997873.00 ns, 1.9033 ns/op
OverheadActual   4: 524288 op, 969560.00 ns, 1.8493 ns/op
OverheadActual   5: 524288 op, 962056.00 ns, 1.8350 ns/op
OverheadActual   6: 524288 op, 1021507.00 ns, 1.9484 ns/op
OverheadActual   7: 524288 op, 992974.00 ns, 1.8939 ns/op
OverheadActual   8: 524288 op, 1019243.00 ns, 1.9441 ns/op
OverheadActual   9: 524288 op, 1003164.00 ns, 1.9134 ns/op
OverheadActual  10: 524288 op, 987483.00 ns, 1.8835 ns/op
OverheadActual  11: 524288 op, 989828.00 ns, 1.8879 ns/op
OverheadActual  12: 524288 op, 994417.00 ns, 1.8967 ns/op
OverheadActual  13: 524288 op, 1003303.00 ns, 1.9136 ns/op
OverheadActual  14: 524288 op, 993925.00 ns, 1.8958 ns/op
OverheadActual  15: 524288 op, 977616.00 ns, 1.8647 ns/op

WorkloadWarmup   1: 524288 op, 581999444.00 ns, 1.1101 us/op
WorkloadWarmup   2: 524288 op, 586102315.00 ns, 1.1179 us/op
WorkloadWarmup   3: 524288 op, 586029900.00 ns, 1.1178 us/op

// BeforeActualRun
WorkloadActual   1: 524288 op, 588942808.00 ns, 1.1233 us/op
WorkloadActual   2: 524288 op, 584057878.00 ns, 1.1140 us/op
WorkloadActual   3: 524288 op, 581946606.00 ns, 1.1100 us/op

// AfterActualRun
WorkloadResult   1: 524288 op, 587949834.00 ns, 1.1214 us/op
WorkloadResult   2: 524288 op, 583064904.00 ns, 1.1121 us/op
WorkloadResult   3: 524288 op, 580953632.00 ns, 1.1081 us/op
// GC:  19 0 0 322961408 524288
// Threading:  0 0 524288

// AfterAll
// Benchmark Process 3204 has exited with code 0.

Mean = 1.114 μs, StdErr = 0.004 μs (0.35%), N = 3, StdDev = 0.007 μs
Min = 1.108 μs, Q1 = 1.110 μs, Median = 1.112 μs, Q3 = 1.117 μs, Max = 1.121 μs
IQR = 0.007 μs, LowerFence = 1.100 μs, UpperFence = 1.127 μs
ConfidenceInterval = [0.989 μs; 1.239 μs] (CI 99.9%), Margin = 0.125 μs (11.21% of Mean)
Skewness = 0.24, Kurtosis = 0.67, MValue = 2

// ** Remained 20 (90.9 %) benchmark(s) to run. Estimated finish 2026-10-06 11:51 (0h 3m from now) **
// **************************
// Benchmark: HybridCacheProviderBenchmarks.ExistsAsync_True: Job-NUBXJZ(IterationCount=20, WarmupCount=5)
// *** Execute ***
// Launch: 1 / 1
// Execute: dotnet Encina.Caching.Hybrid.Benchmarks-Job-NUBXJZ-1.dll --anonymousPipes 166 167 --benchmarkName Encina.Caching.Hybrid.Benchmarks.Benchmarks.HybridCacheProviderBenchmarks.ExistsAsync_True --job "IterationCount=20, WarmupCount=5" --benchmarkId 2 in /home/runner/work/Encina/Encina/tests/Encina.BenchmarkTests/Encina.Caching.Hybrid.Benchmarks/bin/Release/net10.0/Encina.Caching.Hybrid.Benchmarks-Job-NUBXJZ-1/bin/Release/net10.0
// Failed to set up high priority (Permission denied). In order to run benchmarks with high priority, make sure you have the right permissions.
// BeforeAnythingElse

// Benchmark Process Environment Information:
// BenchmarkDotNet v0.15.8
// Runtime=.NET 10.0.12 (10.0.12, 10.0.1226.42308), X64 RyuJIT x86-64-v3
// GC=Concurrent Workstation
// HardwareIntrinsics=AVX2+BMI1+BMI2+F16C+FMA+LZCNT+MOVBE,AVX,SSE3+SSSE3+SSE4.1+SSE4.2+POPCNT,X86Base+SSE+SSE2,AES+PCLMUL VectorSize=256
// Job: Job-NUBXJZ(IterationCount=20, WarmupCount=5)

OverheadJitting  1: 1 op, 202639.00 ns, 202.6390 us/op
WorkloadJitting  1: 1 op, 20432096.00 ns, 20.4321 ms/op

OverheadJitting  2: 16 op, 323985.00 ns, 20.2491 us/op
WorkloadJitting  2: 16 op, 475698.00 ns, 29.7311 us/op

WorkloadPilot    1: 16 op, 40596.00 ns, 2.5373 us/op
WorkloadPilot    2: 32 op, 61695.00 ns, 1.9280 us/op
WorkloadPilot    3: 64 op, 173083.00 ns, 2.7044 us/op
WorkloadPilot    4: 128 op, 262490.00 ns, 2.0507 us/op
WorkloadPilot    5: 256 op, 435152.00 ns, 1.6998 us/op
WorkloadPilot    6: 512 op, 690730.00 ns, 1.3491 us/op
WorkloadPilot    7: 1024 op, 1475595.00 ns, 1.4410 us/op
WorkloadPilot    8: 2048 op, 2897699.00 ns, 1.4149 us/op
WorkloadPilot    9: 4096 op, 5748693.00 ns, 1.4035 us/op
WorkloadPilot   10: 8192 op, 11464614.00 ns, 1.3995 us/op
WorkloadPilot   11: 16384 op, 22684541.00 ns, 1.3846 us/op
WorkloadPilot   12: 32768 op, 42644196.00 ns, 1.3014 us/op
WorkloadPilot   13: 65536 op, 77146184.00 ns, 1.1772 us/op
WorkloadPilot   14: 131072 op, 149107571.00 ns, 1.1376 us/op
WorkloadPilot   15: 262144 op, 296104984.00 ns, 1.1296 us/op
WorkloadPilot   16: 524288 op, 594825571.00 ns, 1.1345 us/op

OverheadWarmup   1: 524288 op, 974830.00 ns, 1.8593 ns/op
OverheadWarmup   2: 524288 op, 1023081.00 ns, 1.9514 ns/op
OverheadWarmup   3: 524288 op, 1009094.00 ns, 1.9247 ns/op
OverheadWarmup   4: 524288 op, 961716.00 ns, 1.8343 ns/op
OverheadWarmup   5: 524288 op, 971093.00 ns, 1.8522 ns/op
OverheadWarmup   6: 524288 op, 965493.00 ns, 1.8415 ns/op

OverheadActual   1: 524288 op, 983056.00 ns, 1.8750 ns/op
OverheadActual   2: 524288 op, 1006149.00 ns, 1.9191 ns/op
OverheadActual   3: 524288 op, 979238.00 ns, 1.8677 ns/op
OverheadActual   4: 524288 op, 987223.00 ns, 1.8830 ns/op
OverheadActual   5: 524288 op, 977114.00 ns, 1.8637 ns/op
OverheadActual   6: 524288 op, 971935.00 ns, 1.8538 ns/op
OverheadActual   7: 524288 op, 1046083.00 ns, 1.9952 ns/op
OverheadActual   8: 524288 op, 968528.00 ns, 1.8473 ns/op
OverheadActual   9: 524288 op, 962006.00 ns, 1.8349 ns/op
OverheadActual  10: 524288 op, 966585.00 ns, 1.8436 ns/op
OverheadActual  11: 524288 op, 974580.00 ns, 1.8589 ns/op
OverheadActual  12: 524288 op, 978767.00 ns, 1.8668 ns/op
OverheadActual  13: 524288 op, 967767.00 ns, 1.8459 ns/op
OverheadActual  14: 524288 op, 965041.00 ns, 1.8407 ns/op
OverheadActual  15: 524288 op, 958389.00 ns, 1.8280 ns/op

WorkloadWarmup   1: 524288 op, 598652696.00 ns, 1.1418 us/op
WorkloadWarmup   2: 524288 op, 597525001.00 ns, 1.1397 us/op
WorkloadWarmup   3: 524288 op, 597294435.00 ns, 1.1392 us/op
WorkloadWarmup   4: 524288 op, 595054196.00 ns, 1.1350 us/op
WorkloadWarmup   5: 524288 op, 595037104.00 ns, 1.1349 us/op

// BeforeActualRun
WorkloadActual   1: 524288 op, 596147457.00 ns, 1.1371 us/op
WorkloadActual   2: 524288 op, 597863673.00 ns, 1.1403 us/op
WorkloadActual   3: 524288 op, 595254099.00 ns, 1.1354 us/op
WorkloadActual   4: 524288 op, 596109817.00 ns, 1.1370 us/op
WorkloadActual   5: 524288 op, 595514195.00 ns, 1.1359 us/op
WorkloadActual   6: 524288 op, 598048788.00 ns, 1.1407 us/op
WorkloadActual   7: 524288 op, 596234561.00 ns, 1.1372 us/op
WorkloadActual   8: 524288 op, 594812965.00 ns, 1.1345 us/op
WorkloadActual   9: 524288 op, 598046304.00 ns, 1.1407 us/op
WorkloadActual  10: 524288 op, 600016362.00 ns, 1.1444 us/op
WorkloadActual  11: 524288 op, 597165829.00 ns, 1.1390 us/op
WorkloadActual  12: 524288 op, 599746358.00 ns, 1.1439 us/op
WorkloadActual  13: 524288 op, 594777292.00 ns, 1.1344 us/op
WorkloadActual  14: 524288 op, 596618650.00 ns, 1.1380 us/op
WorkloadActual  15: 524288 op, 597670464.00 ns, 1.1400 us/op
WorkloadActual  16: 524288 op, 597859587.00 ns, 1.1403 us/op
WorkloadActual  17: 524288 op, 595642387.00 ns, 1.1361 us/op
WorkloadActual  18: 524288 op, 593769239.00 ns, 1.1325 us/op
WorkloadActual  19: 524288 op, 593799045.00 ns, 1.1326 us/op
WorkloadActual  20: 524288 op, 593673600.00 ns, 1.1323 us/op

// AfterActualRun
WorkloadResult   1: 524288 op, 595172877.00 ns, 1.1352 us/op
WorkloadResult   2: 524288 op, 596889093.00 ns, 1.1385 us/op
WorkloadResult   3: 524288 op, 594279519.00 ns, 1.1335 us/op
WorkloadResult   4: 524288 op, 595135237.00 ns, 1.1351 us/op
WorkloadResult   5: 524288 op, 594539615.00 ns, 1.1340 us/op
WorkloadResult   6: 524288 op, 597074208.00 ns, 1.1388 us/op
WorkloadResult   7: 524288 op, 595259981.00 ns, 1.1354 us/op
WorkloadResult   8: 524288 op, 593838385.00 ns, 1.1327 us/op
WorkloadResult   9: 524288 op, 597071724.00 ns, 1.1388 us/op
WorkloadResult  10: 524288 op, 599041782.00 ns, 1.1426 us/op
WorkloadResult  11: 524288 op, 596191249.00 ns, 1.1371 us/op
WorkloadResult  12: 524288 op, 598771778.00 ns, 1.1421 us/op
WorkloadResult  13: 524288 op, 593802712.00 ns, 1.1326 us/op
WorkloadResult  14: 524288 op, 595644070.00 ns, 1.1361 us/op
WorkloadResult  15: 524288 op, 596695884.00 ns, 1.1381 us/op
WorkloadResult  16: 524288 op, 596885007.00 ns, 1.1385 us/op
WorkloadResult  17: 524288 op, 594667807.00 ns, 1.1342 us/op
WorkloadResult  18: 524288 op, 592794659.00 ns, 1.1307 us/op
WorkloadResult  19: 524288 op, 592824465.00 ns, 1.1307 us/op
WorkloadResult  20: 524288 op, 592699020.00 ns, 1.1305 us/op
// GC:  19 0 0 322961408 524288
// Threading:  0 0 524288

// AfterAll
// Benchmark Process 3211 has exited with code 0.

Mean = 1.136 μs, StdErr = 0.001 μs (0.07%), N = 20, StdDev = 0.004 μs
Min = 1.130 μs, Q1 = 1.133 μs, Median = 1.135 μs, Q3 = 1.138 μs, Max = 1.143 μs
IQR = 0.005 μs, LowerFence = 1.126 μs, UpperFence = 1.146 μs
ConfidenceInterval = [1.133 μs; 1.139 μs] (CI 99.9%), Margin = 0.003 μs (0.27% of Mean)
Skewness = 0.22, Kurtosis = 2.04, MValue = 2

// ** Remained 19 (86.4 %) benchmark(s) to run. Estimated finish 2026-10-06 11:52 (0h 4m from now) **
// **************************
// Benchmark: HybridCacheProviderBenchmarks.ExistsAsync_True: ShortRun(IterationCount=3, LaunchCount=1, WarmupCount=3)
// *** Execute ***
// Launch: 1 / 1
// Execute: dotnet Encina.Caching.Hybrid.Benchmarks-Job-NUBXJZ-1.dll --anonymousPipes 166 167 --benchmarkName Encina.Caching.Hybrid.Benchmarks.Benchmarks.HybridCacheProviderBenchmarks.ExistsAsync_True --job ShortRun --benchmarkId 3 in /home/runner/work/Encina/Encina/tests/Encina.BenchmarkTests/Encina.Caching.Hybrid.Benchmarks/bin/Release/net10.0/Encina.Caching.Hybrid.Benchmarks-Job-NUBXJZ-1/bin/Release/net10.0
// Failed to set up high priority (Permission denied). In order to run benchmarks with high priority, make sure you have the right permissions.
// BeforeAnythingElse

// Benchmark Process Environment Information:
// BenchmarkDotNet v0.15.8
// Runtime=.NET 10.0.12 (10.0.12, 10.0.1226.42308), X64 RyuJIT x86-64-v3
// GC=Concurrent Workstation
// HardwareIntrinsics=AVX2+BMI1+BMI2+F16C+FMA+LZCNT+MOVBE,AVX,SSE3+SSSE3+SSE4.1+SSE4.2+POPCNT,X86Base+SSE+SSE2,AES+PCLMUL VectorSize=256
// Job: ShortRun(IterationCount=3, LaunchCount=1, WarmupCount=3)

OverheadJitting  1: 1 op, 218117.00 ns, 218.1170 us/op
WorkloadJitting  1: 1 op, 20691079.00 ns, 20.6911 ms/op

OverheadJitting  2: 16 op, 324706.00 ns, 20.2941 us/op
WorkloadJitting  2: 16 op, 463476.00 ns, 28.9673 us/op

WorkloadPilot    1: 16 op, 41167.00 ns, 2.5729 us/op
WorkloadPilot    2: 32 op, 61836.00 ns, 1.9324 us/op
WorkloadPilot    3: 64 op, 111568.00 ns, 1.7433 us/op
WorkloadPilot    4: 128 op, 205113.00 ns, 1.6024 us/op
WorkloadPilot    5: 256 op, 391812.00 ns, 1.5305 us/op
WorkloadPilot    6: 512 op, 728521.00 ns, 1.4229 us/op
WorkloadPilot    7: 1024 op, 1443496.00 ns, 1.4097 us/op
WorkloadPilot    8: 2048 op, 2934320.00 ns, 1.4328 us/op
WorkloadPilot    9: 4096 op, 5797296.00 ns, 1.4154 us/op
WorkloadPilot   10: 8192 op, 11485258.00 ns, 1.4020 us/op
WorkloadPilot   11: 16384 op, 23622293.00 ns, 1.4418 us/op
WorkloadPilot   12: 32768 op, 43619526.00 ns, 1.3312 us/op
WorkloadPilot   13: 65536 op, 78124179.00 ns, 1.1921 us/op
WorkloadPilot   14: 131072 op, 149648525.00 ns, 1.1417 us/op
WorkloadPilot   15: 262144 op, 304600082.00 ns, 1.1620 us/op
WorkloadPilot   16: 524288 op, 604675816.00 ns, 1.1533 us/op

OverheadWarmup   1: 524288 op, 970973.00 ns, 1.8520 ns/op
OverheadWarmup   2: 524288 op, 980401.00 ns, 1.8700 ns/op
OverheadWarmup   3: 524288 op, 1018522.00 ns, 1.9427 ns/op
OverheadWarmup   4: 524288 op, 975291.00 ns, 1.8602 ns/op
OverheadWarmup   5: 524288 op, 1021387.00 ns, 1.9481 ns/op
OverheadWarmup   6: 524288 op, 975091.00 ns, 1.8598 ns/op

OverheadActual   1: 524288 op, 987504.00 ns, 1.8835 ns/op
OverheadActual   2: 524288 op, 997082.00 ns, 1.9018 ns/op
OverheadActual   3: 524288 op, 1011730.00 ns, 1.9297 ns/op
OverheadActual   4: 524288 op, 970904.00 ns, 1.8519 ns/op
OverheadActual   5: 524288 op, 990389.00 ns, 1.8890 ns/op
OverheadActual   6: 524288 op, 978797.00 ns, 1.8669 ns/op
OverheadActual   7: 524288 op, 971374.00 ns, 1.8527 ns/op
OverheadActual   8: 524288 op, 965252.00 ns, 1.8411 ns/op
OverheadActual   9: 524288 op, 985861.00 ns, 1.8804 ns/op
OverheadActual  10: 524288 op, 970212.00 ns, 1.8505 ns/op
OverheadActual  11: 524288 op, 990961.00 ns, 1.8901 ns/op
OverheadActual  12: 524288 op, 1041555.00 ns, 1.9866 ns/op
OverheadActual  13: 524288 op, 1030755.00 ns, 1.9660 ns/op
OverheadActual  14: 524288 op, 979869.00 ns, 1.8690 ns/op
OverheadActual  15: 524288 op, 986532.00 ns, 1.8817 ns/op

WorkloadWarmup   1: 524288 op, 602316178.00 ns, 1.1488 us/op
WorkloadWarmup   2: 524288 op, 602427056.00 ns, 1.1490 us/op
WorkloadWarmup   3: 524288 op, 600704230.00 ns, 1.1458 us/op

// BeforeActualRun
WorkloadActual   1: 524288 op, 600296678.00 ns, 1.1450 us/op
WorkloadActual   2: 524288 op, 600931424.00 ns, 1.1462 us/op
WorkloadActual   3: 524288 op, 600053865.00 ns, 1.1445 us/op

// AfterActualRun
WorkloadResult   1: 524288 op, 599310146.00 ns, 1.1431 us/op
WorkloadResult   2: 524288 op, 599944892.00 ns, 1.1443 us/op
WorkloadResult   3: 524288 op, 599067333.00 ns, 1.1426 us/op
// GC:  19 0 0 322961408 524288
// Threading:  0 0 524288

// AfterAll
// Benchmark Process 3221 has exited with code 0.

Mean = 1.143 μs, StdErr = 0.000 μs (0.04%), N = 3, StdDev = 0.001 μs
Min = 1.143 μs, Q1 = 1.143 μs, Median = 1.143 μs, Q3 = 1.144 μs, Max = 1.144 μs
IQR = 0.001 μs, LowerFence = 1.142 μs, UpperFence = 1.145 μs
ConfidenceInterval = [1.128 μs; 1.159 μs] (CI 99.9%), Margin = 0.016 μs (1.38% of Mean)
Skewness = 0.26, Kurtosis = 0.67, MValue = 2

// ** Remained 18 (81.8 %) benchmark(s) to run. Estimated finish 2026-10-06 11:51 (0h 3m from now) **
// **************************
// Benchmark: HybridCacheProviderBenchmarks.GetAsync_CacheHit: Job-NUBXJZ(IterationCount=20, WarmupCount=5)
// *** Execute ***
// Launch: 1 / 1
// Execute: dotnet Encina.Caching.Hybrid.Benchmarks-Job-NUBXJZ-1.dll --anonymousPipes 166 167 --benchmarkName Encina.Caching.Hybrid.Benchmarks.Benchmarks.HybridCacheProviderBenchmarks.GetAsync_CacheHit --job "IterationCount=20, WarmupCount=5" --benchmarkId 4 in /home/runner/work/Encina/Encina/tests/Encina.BenchmarkTests/Encina.Caching.Hybrid.Benchmarks/bin/Release/net10.0/Encina.Caching.Hybrid.Benchmarks-Job-NUBXJZ-1/bin/Release/net10.0
// Failed to set up high priority (Permission denied). In order to run benchmarks with high priority, make sure you have the right permissions.
// BeforeAnythingElse

// Benchmark Process Environment Information:
// BenchmarkDotNet v0.15.8
// Runtime=.NET 10.0.12 (10.0.12, 10.0.1226.42308), X64 RyuJIT x86-64-v3
// GC=Concurrent Workstation
// HardwareIntrinsics=AVX2+BMI1+BMI2+F16C+FMA+LZCNT+MOVBE,AVX,SSE3+SSSE3+SSE4.1+SSE4.2+POPCNT,X86Base+SSE+SSE2,AES+PCLMUL VectorSize=256
// Job: Job-NUBXJZ(IterationCount=20, WarmupCount=5)

OverheadJitting  1: 1 op, 240419.00 ns, 240.4190 us/op
WorkloadJitting  1: 1 op, 19933103.00 ns, 19.9331 ms/op

OverheadJitting  2: 16 op, 478845.00 ns, 29.9278 us/op
WorkloadJitting  2: 16 op, 561508.00 ns, 35.0943 us/op

WorkloadPilot    1: 16 op, 44634.00 ns, 2.7896 us/op
WorkloadPilot    2: 32 op, 69950.00 ns, 2.1859 us/op
WorkloadPilot    3: 64 op, 161000.00 ns, 2.5156 us/op
WorkloadPilot    4: 128 op, 251269.00 ns, 1.9630 us/op
WorkloadPilot    5: 256 op, 457163.00 ns, 1.7858 us/op
WorkloadPilot    6: 512 op, 858664.00 ns, 1.6771 us/op
WorkloadPilot    7: 1024 op, 1642357.00 ns, 1.6039 us/op
WorkloadPilot    8: 2048 op, 3240361.00 ns, 1.5822 us/op
WorkloadPilot    9: 4096 op, 6452720.00 ns, 1.5754 us/op
WorkloadPilot   10: 8192 op, 12972595.00 ns, 1.5836 us/op
WorkloadPilot   11: 16384 op, 25899023.00 ns, 1.5808 us/op
WorkloadPilot   12: 32768 op, 52071708.00 ns, 1.5891 us/op
WorkloadPilot   13: 65536 op, 93475054.00 ns, 1.4263 us/op
WorkloadPilot   14: 131072 op, 180808040.00 ns, 1.3795 us/op
WorkloadPilot   15: 262144 op, 359200107.00 ns, 1.3702 us/op
WorkloadPilot   16: 524288 op, 718183309.00 ns, 1.3698 us/op

OverheadWarmup   1: 524288 op, 1761659.00 ns, 3.3601 ns/op
OverheadWarmup   2: 524288 op, 1761228.00 ns, 3.3593 ns/op
OverheadWarmup   3: 524288 op, 1749807.00 ns, 3.3375 ns/op
OverheadWarmup   4: 524288 op, 1758484.00 ns, 3.3540 ns/op
OverheadWarmup   5: 524288 op, 1751050.00 ns, 3.3399 ns/op
OverheadWarmup   6: 524288 op, 1760939.00 ns, 3.3587 ns/op
OverheadWarmup   7: 524288 op, 1747664.00 ns, 3.3334 ns/op

OverheadActual   1: 524288 op, 1767751.00 ns, 3.3717 ns/op
OverheadActual   2: 524288 op, 1760988.00 ns, 3.3588 ns/op
OverheadActual   3: 524288 op, 1762351.00 ns, 3.3614 ns/op
OverheadActual   4: 524288 op, 1765838.00 ns, 3.3681 ns/op
OverheadActual   5: 524288 op, 1772480.00 ns, 3.3807 ns/op
OverheadActual   6: 524288 op, 1756269.00 ns, 3.3498 ns/op
OverheadActual   7: 524288 op, 1793188.00 ns, 3.4202 ns/op
OverheadActual   8: 524288 op, 1761530.00 ns, 3.3599 ns/op
OverheadActual   9: 524288 op, 1747744.00 ns, 3.3336 ns/op
OverheadActual  10: 524288 op, 1744999.00 ns, 3.3283 ns/op
OverheadActual  11: 524288 op, 1744929.00 ns, 3.3282 ns/op
OverheadActual  12: 524288 op, 1745590.00 ns, 3.3294 ns/op
OverheadActual  13: 524288 op, 1744528.00 ns, 3.3274 ns/op
OverheadActual  14: 524288 op, 1745619.00 ns, 3.3295 ns/op
OverheadActual  15: 524288 op, 1734780.00 ns, 3.3088 ns/op

WorkloadWarmup   1: 524288 op, 728256410.00 ns, 1.3890 us/op
WorkloadWarmup   2: 524288 op, 719478348.00 ns, 1.3723 us/op
WorkloadWarmup   3: 524288 op, 719862725.00 ns, 1.3730 us/op
WorkloadWarmup   4: 524288 op, 716988064.00 ns, 1.3675 us/op
WorkloadWarmup   5: 524288 op, 718377500.00 ns, 1.3702 us/op

// BeforeActualRun
WorkloadActual   1: 524288 op, 721864263.00 ns, 1.3768 us/op
WorkloadActual   2: 524288 op, 718407697.00 ns, 1.3703 us/op
WorkloadActual   3: 524288 op, 718455697.00 ns, 1.3703 us/op
WorkloadActual   4: 524288 op, 717986330.00 ns, 1.3695 us/op
WorkloadActual   5: 524288 op, 718787657.00 ns, 1.3710 us/op
WorkloadActual   6: 524288 op, 719795940.00 ns, 1.3729 us/op
WorkloadActual   7: 524288 op, 719813463.00 ns, 1.3729 us/op
WorkloadActual   8: 524288 op, 718746640.00 ns, 1.3709 us/op
WorkloadActual   9: 524288 op, 717889169.00 ns, 1.3693 us/op
WorkloadActual  10: 524288 op, 718914455.00 ns, 1.3712 us/op
WorkloadActual  11: 524288 op, 716563559.00 ns, 1.3667 us/op
WorkloadActual  12: 524288 op, 718439641.00 ns, 1.3703 us/op
WorkloadActual  13: 524288 op, 717859769.00 ns, 1.3692 us/op
WorkloadActual  14: 524288 op, 735392993.00 ns, 1.4027 us/op
WorkloadActual  15: 524288 op, 725702143.00 ns, 1.3842 us/op
WorkloadActual  16: 524288 op, 718584221.00 ns, 1.3706 us/op
WorkloadActual  17: 524288 op, 718086562.00 ns, 1.3696 us/op
WorkloadActual  18: 524288 op, 717121259.00 ns, 1.3678 us/op
WorkloadActual  19: 524288 op, 724322364.00 ns, 1.3815 us/op
WorkloadActual  20: 524288 op, 718444971.00 ns, 1.3703 us/op

// AfterActualRun
WorkloadResult   1: 524288 op, 720107994.00 ns, 1.3735 us/op
WorkloadResult   2: 524288 op, 716651428.00 ns, 1.3669 us/op
WorkloadResult   3: 524288 op, 716699428.00 ns, 1.3670 us/op
WorkloadResult   4: 524288 op, 716230061.00 ns, 1.3661 us/op
WorkloadResult   5: 524288 op, 717031388.00 ns, 1.3676 us/op
WorkloadResult   6: 524288 op, 718039671.00 ns, 1.3696 us/op
WorkloadResult   7: 524288 op, 718057194.00 ns, 1.3696 us/op
WorkloadResult   8: 524288 op, 716990371.00 ns, 1.3676 us/op
WorkloadResult   9: 524288 op, 716132900.00 ns, 1.3659 us/op
WorkloadResult  10: 524288 op, 717158186.00 ns, 1.3679 us/op
WorkloadResult  11: 524288 op, 714807290.00 ns, 1.3634 us/op
WorkloadResult  12: 524288 op, 716683372.00 ns, 1.3670 us/op
WorkloadResult  13: 524288 op, 716103500.00 ns, 1.3659 us/op
WorkloadResult  14: 524288 op, 716827952.00 ns, 1.3672 us/op
WorkloadResult  15: 524288 op, 716330293.00 ns, 1.3663 us/op
WorkloadResult  16: 524288 op, 715364990.00 ns, 1.3645 us/op
WorkloadResult  17: 524288 op, 716688702.00 ns, 1.3670 us/op
// GC:  15 0 0 260046848 524288
// Threading:  0 0 524288

// AfterAll
// Benchmark Process 3227 has exited with code 0.

Mean = 1.367 μs, StdErr = 0.001 μs (0.04%), N = 17, StdDev = 0.002 μs
Min = 1.363 μs, Q1 = 1.366 μs, Median = 1.367 μs, Q3 = 1.368 μs, Max = 1.373 μs
IQR = 0.002 μs, LowerFence = 1.364 μs, UpperFence = 1.370 μs
ConfidenceInterval = [1.365 μs; 1.369 μs] (CI 99.9%), Margin = 0.002 μs (0.16% of Mean)
Skewness = 1, Kurtosis = 4.52, MValue = 2

// ** Remained 17 (77.3 %) benchmark(s) to run. Estimated finish 2026-10-06 11:52 (0h 3m from now) **
// **************************
// Benchmark: HybridCacheProviderBenchmarks.GetAsync_CacheHit: ShortRun(IterationCount=3, LaunchCount=1, WarmupCount=3)
// *** Execute ***
// Launch: 1 / 1
// Execute: dotnet Encina.Caching.Hybrid.Benchmarks-Job-NUBXJZ-1.dll --anonymousPipes 166 167 --benchmarkName Encina.Caching.Hybrid.Benchmarks.Benchmarks.HybridCacheProviderBenchmarks.GetAsync_CacheHit --job ShortRun --benchmarkId 5 in /home/runner/work/Encina/Encina/tests/Encina.BenchmarkTests/Encina.Caching.Hybrid.Benchmarks/bin/Release/net10.0/Encina.Caching.Hybrid.Benchmarks-Job-NUBXJZ-1/bin/Release/net10.0
// Failed to set up high priority (Permission denied). In order to run benchmarks with high priority, make sure you have the right permissions.
// BeforeAnythingElse

// Benchmark Process Environment Information:
// BenchmarkDotNet v0.15.8
// Runtime=.NET 10.0.12 (10.0.12, 10.0.1226.42308), X64 RyuJIT x86-64-v3
// GC=Concurrent Workstation
// HardwareIntrinsics=AVX2+BMI1+BMI2+F16C+FMA+LZCNT+MOVBE,AVX,SSE3+SSSE3+SSE4.1+SSE4.2+POPCNT,X86Base+SSE+SSE2,AES+PCLMUL VectorSize=256
// Job: ShortRun(IterationCount=3, LaunchCount=1, WarmupCount=3)

OverheadJitting  1: 1 op, 228777.00 ns, 228.7770 us/op
WorkloadJitting  1: 1 op, 19720426.00 ns, 19.7204 ms/op

OverheadJitting  2: 16 op, 448217.00 ns, 28.0136 us/op
WorkloadJitting  2: 16 op, 582679.00 ns, 36.4174 us/op

WorkloadPilot    1: 16 op, 50564.00 ns, 3.1603 us/op
WorkloadPilot    2: 32 op, 72035.00 ns, 2.2511 us/op
WorkloadPilot    3: 64 op, 122158.00 ns, 1.9087 us/op
WorkloadPilot    4: 128 op, 234678.00 ns, 1.8334 us/op
WorkloadPilot    5: 256 op, 447275.00 ns, 1.7472 us/op
WorkloadPilot    6: 512 op, 896083.00 ns, 1.7502 us/op
WorkloadPilot    7: 1024 op, 1633350.00 ns, 1.5951 us/op
WorkloadPilot    8: 2048 op, 3280716.00 ns, 1.6019 us/op
WorkloadPilot    9: 4096 op, 6640831.00 ns, 1.6213 us/op
WorkloadPilot   10: 8192 op, 13158541.00 ns, 1.6063 us/op
WorkloadPilot   11: 16384 op, 26467425.00 ns, 1.6154 us/op
WorkloadPilot   12: 32768 op, 53006684.00 ns, 1.6176 us/op
WorkloadPilot   13: 65536 op, 95361197.00 ns, 1.4551 us/op
WorkloadPilot   14: 131072 op, 185901601.00 ns, 1.4183 us/op
WorkloadPilot   15: 262144 op, 373936575.00 ns, 1.4265 us/op
WorkloadPilot   16: 524288 op, 744396428.00 ns, 1.4198 us/op

OverheadWarmup   1: 524288 op, 1736303.00 ns, 3.3117 ns/op
OverheadWarmup   2: 524288 op, 1728047.00 ns, 3.2960 ns/op
OverheadWarmup   3: 524288 op, 1738566.00 ns, 3.3161 ns/op
OverheadWarmup   4: 524288 op, 1725362.00 ns, 3.2909 ns/op
OverheadWarmup   5: 524288 op, 1732014.00 ns, 3.3036 ns/op
OverheadWarmup   6: 524288 op, 1733848.00 ns, 3.3071 ns/op
OverheadWarmup   7: 524288 op, 1727707.00 ns, 3.2953 ns/op

OverheadActual   1: 524288 op, 1730682.00 ns, 3.3010 ns/op
OverheadActual   2: 524288 op, 1728047.00 ns, 3.2960 ns/op
OverheadActual   3: 524288 op, 1772521.00 ns, 3.3808 ns/op
OverheadActual   4: 524288 op, 1731303.00 ns, 3.3022 ns/op
OverheadActual   5: 524288 op, 1724360.00 ns, 3.2890 ns/op
OverheadActual   6: 524288 op, 1728829.00 ns, 3.2975 ns/op
OverheadActual   7: 524288 op, 1727105.00 ns, 3.2942 ns/op
OverheadActual   8: 524288 op, 1725622.00 ns, 3.2914 ns/op
OverheadActual   9: 524288 op, 1713480.00 ns, 3.2682 ns/op
OverheadActual  10: 524288 op, 1724260.00 ns, 3.2888 ns/op
OverheadActual  11: 524288 op, 1712698.00 ns, 3.2667 ns/op
OverheadActual  12: 524288 op, 1732115.00 ns, 3.3037 ns/op
OverheadActual  13: 524288 op, 1732375.00 ns, 3.3042 ns/op
OverheadActual  14: 524288 op, 1731904.00 ns, 3.3033 ns/op
OverheadActual  15: 524288 op, 1735991.00 ns, 3.3111 ns/op

WorkloadWarmup   1: 524288 op, 750856361.00 ns, 1.4321 us/op
WorkloadWarmup   2: 524288 op, 756688993.00 ns, 1.4433 us/op
WorkloadWarmup   3: 524288 op, 743170178.00 ns, 1.4175 us/op

// BeforeActualRun
WorkloadActual   1: 524288 op, 747352127.00 ns, 1.4255 us/op
WorkloadActual   2: 524288 op, 745874949.00 ns, 1.4226 us/op
WorkloadActual   3: 524288 op, 745378693.00 ns, 1.4217 us/op

// AfterActualRun
WorkloadResult   1: 524288 op, 745623298.00 ns, 1.4222 us/op
WorkloadResult   2: 524288 op, 744146120.00 ns, 1.4193 us/op
WorkloadResult   3: 524288 op, 743649864.00 ns, 1.4184 us/op
// GC:  15 0 0 260046848 524288
// Threading:  0 0 524288

// AfterAll
// Benchmark Process 3245 has exited with code 0.

Mean = 1.420 μs, StdErr = 0.001 μs (0.08%), N = 3, StdDev = 0.002 μs
Min = 1.418 μs, Q1 = 1.419 μs, Median = 1.419 μs, Q3 = 1.421 μs, Max = 1.422 μs
IQR = 0.002 μs, LowerFence = 1.416 μs, UpperFence = 1.424 μs
ConfidenceInterval = [1.384 μs; 1.456 μs] (CI 99.9%), Margin = 0.036 μs (2.52% of Mean)
Skewness = 0.29, Kurtosis = 0.67, MValue = 2

// ** Remained 16 (72.7 %) benchmark(s) to run. Estimated finish 2026-10-06 11:51 (0h 3m from now) **
// **************************
// Benchmark: HybridCacheProviderBenchmarks.GetAsync_CacheMiss: Job-NUBXJZ(IterationCount=20, WarmupCount=5)
// *** Execute ***
// Launch: 1 / 1
// Execute: dotnet Encina.Caching.Hybrid.Benchmarks-Job-NUBXJZ-1.dll --anonymousPipes 166 167 --benchmarkName Encina.Caching.Hybrid.Benchmarks.Benchmarks.HybridCacheProviderBenchmarks.GetAsync_CacheMiss --job "IterationCount=20, WarmupCount=5" --benchmarkId 6 in /home/runner/work/Encina/Encina/tests/Encina.BenchmarkTests/Encina.Caching.Hybrid.Benchmarks/bin/Release/net10.0/Encina.Caching.Hybrid.Benchmarks-Job-NUBXJZ-1/bin/Release/net10.0
// Failed to set up high priority (Permission denied). In order to run benchmarks with high priority, make sure you have the right permissions.
// BeforeAnythingElse

// Benchmark Process Environment Information:
// BenchmarkDotNet v0.15.8
// Runtime=.NET 10.0.12 (10.0.12, 10.0.1226.42308), X64 RyuJIT x86-64-v3
// GC=Concurrent Workstation
// HardwareIntrinsics=AVX2+BMI1+BMI2+F16C+FMA+LZCNT+MOVBE,AVX,SSE3+SSSE3+SSE4.1+SSE4.2+POPCNT,X86Base+SSE+SSE2,AES+PCLMUL VectorSize=256
// Job: Job-NUBXJZ(IterationCount=20, WarmupCount=5)

OverheadJitting  1: 1 op, 251680.00 ns, 251.6800 us/op
WorkloadJitting  1: 1 op, 18584554.00 ns, 18.5846 ms/op

OverheadJitting  2: 16 op, 473865.00 ns, 29.6166 us/op
WorkloadJitting  2: 16 op, 555307.00 ns, 34.7067 us/op

WorkloadPilot    1: 16 op, 43582.00 ns, 2.7239 us/op
WorkloadPilot    2: 32 op, 82173.00 ns, 2.5679 us/op
WorkloadPilot    3: 64 op, 103523.00 ns, 1.6175 us/op
WorkloadPilot    4: 128 op, 202679.00 ns, 1.5834 us/op
WorkloadPilot    5: 256 op, 380069.00 ns, 1.4846 us/op
WorkloadPilot    6: 512 op, 685580.00 ns, 1.3390 us/op
WorkloadPilot    7: 1024 op, 1401508.00 ns, 1.3687 us/op
WorkloadPilot    8: 2048 op, 2830877.00 ns, 1.3823 us/op
WorkloadPilot    9: 4096 op, 5630003.00 ns, 1.3745 us/op
WorkloadPilot   10: 8192 op, 11264567.00 ns, 1.3751 us/op
WorkloadPilot   11: 16384 op, 22505763.00 ns, 1.3736 us/op
WorkloadPilot   12: 32768 op, 41972470.00 ns, 1.2809 us/op
WorkloadPilot   13: 65536 op, 75391003.00 ns, 1.1504 us/op
WorkloadPilot   14: 131072 op, 145961733.00 ns, 1.1136 us/op
WorkloadPilot   15: 262144 op, 288778573.00 ns, 1.1016 us/op
WorkloadPilot   16: 524288 op, 578022234.00 ns, 1.1025 us/op

OverheadWarmup   1: 524288 op, 1751892.00 ns, 3.3415 ns/op
OverheadWarmup   2: 524288 op, 1774895.00 ns, 3.3853 ns/op
OverheadWarmup   3: 524288 op, 1772450.00 ns, 3.3807 ns/op
OverheadWarmup   4: 524288 op, 1754467.00 ns, 3.3464 ns/op
OverheadWarmup   5: 524288 op, 1907192.00 ns, 3.6377 ns/op
OverheadWarmup   6: 524288 op, 1753405.00 ns, 3.3444 ns/op

OverheadActual   1: 524288 op, 1791656.00 ns, 3.4173 ns/op
OverheadActual   2: 524288 op, 1757072.00 ns, 3.3513 ns/op
OverheadActual   3: 524288 op, 1763914.00 ns, 3.3644 ns/op
OverheadActual   4: 524288 op, 1773593.00 ns, 3.3829 ns/op
OverheadActual   5: 524288 op, 1777329.00 ns, 3.3900 ns/op
OverheadActual   6: 524288 op, 1757593.00 ns, 3.3523 ns/op
OverheadActual   7: 524288 op, 1773953.00 ns, 3.3835 ns/op
OverheadActual   8: 524288 op, 1771709.00 ns, 3.3793 ns/op
OverheadActual   9: 524288 op, 1755689.00 ns, 3.3487 ns/op
OverheadActual  10: 524288 op, 1772901.00 ns, 3.3815 ns/op
OverheadActual  11: 524288 op, 1759917.00 ns, 3.3568 ns/op
OverheadActual  12: 524288 op, 1758454.00 ns, 3.3540 ns/op
OverheadActual  13: 524288 op, 1758374.00 ns, 3.3538 ns/op
OverheadActual  14: 524288 op, 1758364.00 ns, 3.3538 ns/op
OverheadActual  15: 524288 op, 1757873.00 ns, 3.3529 ns/op

WorkloadWarmup   1: 524288 op, 583227997.00 ns, 1.1124 us/op
WorkloadWarmup   2: 524288 op, 584322842.00 ns, 1.1145 us/op
WorkloadWarmup   3: 524288 op, 581023921.00 ns, 1.1082 us/op
WorkloadWarmup   4: 524288 op, 581401656.00 ns, 1.1089 us/op
WorkloadWarmup   5: 524288 op, 579264565.00 ns, 1.1049 us/op

// BeforeActualRun
WorkloadActual   1: 524288 op, 583051918.00 ns, 1.1121 us/op
WorkloadActual   2: 524288 op, 581725711.00 ns, 1.1096 us/op
WorkloadActual   3: 524288 op, 580174654.00 ns, 1.1066 us/op
WorkloadActual   4: 524288 op, 582138382.00 ns, 1.1103 us/op
WorkloadActual   5: 524288 op, 581948388.00 ns, 1.1100 us/op
WorkloadActual   6: 524288 op, 581888074.00 ns, 1.1099 us/op
WorkloadActual   7: 524288 op, 580157028.00 ns, 1.1066 us/op
WorkloadActual   8: 524288 op, 580611617.00 ns, 1.1074 us/op
WorkloadActual   9: 524288 op, 582419343.00 ns, 1.1109 us/op
WorkloadActual  10: 524288 op, 581998106.00 ns, 1.1101 us/op
WorkloadActual  11: 524288 op, 582585753.00 ns, 1.1112 us/op
WorkloadActual  12: 524288 op, 579062013.00 ns, 1.1045 us/op
WorkloadActual  13: 524288 op, 580433475.00 ns, 1.1071 us/op
WorkloadActual  14: 524288 op, 581341650.00 ns, 1.1088 us/op
WorkloadActual  15: 524288 op, 579423569.00 ns, 1.1052 us/op
WorkloadActual  16: 524288 op, 582515903.00 ns, 1.1111 us/op
WorkloadActual  17: 524288 op, 578796568.00 ns, 1.1040 us/op
WorkloadActual  18: 524288 op, 579616229.00 ns, 1.1055 us/op
WorkloadActual  19: 524288 op, 577477836.00 ns, 1.1015 us/op
WorkloadActual  20: 524288 op, 578383907.00 ns, 1.1032 us/op

// AfterActualRun
WorkloadResult   1: 524288 op, 581292001.00 ns, 1.1087 us/op
WorkloadResult   2: 524288 op, 579965794.00 ns, 1.1062 us/op
WorkloadResult   3: 524288 op, 578414737.00 ns, 1.1032 us/op
WorkloadResult   4: 524288 op, 580378465.00 ns, 1.1070 us/op
WorkloadResult   5: 524288 op, 580188471.00 ns, 1.1066 us/op
WorkloadResult   6: 524288 op, 580128157.00 ns, 1.1065 us/op
WorkloadResult   7: 524288 op, 578397111.00 ns, 1.1032 us/op
WorkloadResult   8: 524288 op, 578851700.00 ns, 1.1041 us/op
WorkloadResult   9: 524288 op, 580659426.00 ns, 1.1075 us/op
WorkloadResult  10: 524288 op, 580238189.00 ns, 1.1067 us/op
WorkloadResult  11: 524288 op, 580825836.00 ns, 1.1078 us/op
WorkloadResult  12: 524288 op, 577302096.00 ns, 1.1011 us/op
WorkloadResult  13: 524288 op, 578673558.00 ns, 1.1037 us/op
WorkloadResult  14: 524288 op, 579581733.00 ns, 1.1055 us/op
WorkloadResult  15: 524288 op, 577663652.00 ns, 1.1018 us/op
WorkloadResult  16: 524288 op, 580755986.00 ns, 1.1077 us/op
WorkloadResult  17: 524288 op, 577036651.00 ns, 1.1006 us/op
WorkloadResult  18: 524288 op, 577856312.00 ns, 1.1022 us/op
WorkloadResult  19: 524288 op, 575717919.00 ns, 1.0981 us/op
WorkloadResult  20: 524288 op, 576623990.00 ns, 1.0998 us/op
// GC:  19 0 0 322961408 524288
// Threading:  0 0 524288

// AfterAll
// Benchmark Process 3252 has exited with code 0.

Mean = 1.104 μs, StdErr = 0.001 μs (0.06%), N = 20, StdDev = 0.003 μs
Min = 1.098 μs, Q1 = 1.102 μs, Median = 1.105 μs, Q3 = 1.107 μs, Max = 1.109 μs
IQR = 0.005 μs, LowerFence = 1.095 μs, UpperFence = 1.114 μs
ConfidenceInterval = [1.102 μs; 1.107 μs] (CI 99.9%), Margin = 0.003 μs (0.24% of Mean)
Skewness = -0.4, Kurtosis = 1.86, MValue = 2

// ** Remained 15 (68.2 %) benchmark(s) to run. Estimated finish 2026-10-06 11:52 (0h 3m from now) **
// **************************
// Benchmark: HybridCacheProviderBenchmarks.GetAsync_CacheMiss: ShortRun(IterationCount=3, LaunchCount=1, WarmupCount=3)
// *** Execute ***
// Launch: 1 / 1
// Execute: dotnet Encina.Caching.Hybrid.Benchmarks-Job-NUBXJZ-1.dll --anonymousPipes 166 167 --benchmarkName Encina.Caching.Hybrid.Benchmarks.Benchmarks.HybridCacheProviderBenchmarks.GetAsync_CacheMiss --job ShortRun --benchmarkId 7 in /home/runner/work/Encina/Encina/tests/Encina.BenchmarkTests/Encina.Caching.Hybrid.Benchmarks/bin/Release/net10.0/Encina.Caching.Hybrid.Benchmarks-Job-NUBXJZ-1/bin/Release/net10.0
// Failed to set up high priority (Permission denied). In order to run benchmarks with high priority, make sure you have the right permissions.
// BeforeAnythingElse

// Benchmark Process Environment Information:
// BenchmarkDotNet v0.15.8
// Runtime=.NET 10.0.12 (10.0.12, 10.0.1226.42308), X64 RyuJIT x86-64-v3
// GC=Concurrent Workstation
// HardwareIntrinsics=AVX2+BMI1+BMI2+F16C+FMA+LZCNT+MOVBE,AVX,SSE3+SSSE3+SSE4.1+SSE4.2+POPCNT,X86Base+SSE+SSE2,AES+PCLMUL VectorSize=256
// Job: ShortRun(IterationCount=3, LaunchCount=1, WarmupCount=3)

OverheadJitting  1: 1 op, 228807.00 ns, 228.8070 us/op
WorkloadJitting  1: 1 op, 19870175.00 ns, 19.8702 ms/op

OverheadJitting  2: 16 op, 473294.00 ns, 29.5809 us/op
WorkloadJitting  2: 16 op, 575265.00 ns, 35.9541 us/op

WorkloadPilot    1: 16 op, 40155.00 ns, 2.5097 us/op
WorkloadPilot    2: 32 op, 60263.00 ns, 1.8832 us/op
WorkloadPilot    3: 64 op, 106479.00 ns, 1.6637 us/op
WorkloadPilot    4: 128 op, 197659.00 ns, 1.5442 us/op
WorkloadPilot    5: 256 op, 411288.00 ns, 1.6066 us/op
WorkloadPilot    6: 512 op, 666625.00 ns, 1.3020 us/op
WorkloadPilot    7: 1024 op, 1389644.00 ns, 1.3571 us/op
WorkloadPilot    8: 2048 op, 2776445.00 ns, 1.3557 us/op
WorkloadPilot    9: 4096 op, 5493207.00 ns, 1.3411 us/op
WorkloadPilot   10: 8192 op, 11146385.00 ns, 1.3606 us/op
WorkloadPilot   11: 16384 op, 21950370.00 ns, 1.3397 us/op
WorkloadPilot   12: 32768 op, 41352340.00 ns, 1.2620 us/op
WorkloadPilot   13: 65536 op, 73576265.00 ns, 1.1227 us/op
WorkloadPilot   14: 131072 op, 141852922.00 ns, 1.0823 us/op
WorkloadPilot   15: 262144 op, 284737531.00 ns, 1.0862 us/op
WorkloadPilot   16: 524288 op, 564474544.00 ns, 1.0766 us/op

OverheadWarmup   1: 524288 op, 1737374.00 ns, 3.3138 ns/op
OverheadWarmup   2: 524288 op, 1724811.00 ns, 3.2898 ns/op
OverheadWarmup   3: 524288 op, 1717206.00 ns, 3.2753 ns/op
OverheadWarmup   4: 524288 op, 1724140.00 ns, 3.2885 ns/op
OverheadWarmup   5: 524288 op, 1709783.00 ns, 3.2612 ns/op
OverheadWarmup   6: 524288 op, 1733307.00 ns, 3.3060 ns/op
OverheadWarmup   7: 524288 op, 1731763.00 ns, 3.3031 ns/op

OverheadActual   1: 524288 op, 1729439.00 ns, 3.2986 ns/op
OverheadActual   2: 524288 op, 1711366.00 ns, 3.2642 ns/op
OverheadActual   3: 524288 op, 1731514.00 ns, 3.3026 ns/op
OverheadActual   4: 524288 op, 1725572.00 ns, 3.2913 ns/op
OverheadActual   5: 524288 op, 1770025.00 ns, 3.3761 ns/op
OverheadActual   6: 524288 op, 1710524.00 ns, 3.2626 ns/op
OverheadActual   7: 524288 op, 1743015.00 ns, 3.3245 ns/op
OverheadActual   8: 524288 op, 1710614.00 ns, 3.2627 ns/op
OverheadActual   9: 524288 op, 1746291.00 ns, 3.3308 ns/op
OverheadActual  10: 524288 op, 1725051.00 ns, 3.2903 ns/op
OverheadActual  11: 524288 op, 1746001.00 ns, 3.3302 ns/op
OverheadActual  12: 524288 op, 1726174.00 ns, 3.2924 ns/op
OverheadActual  13: 524288 op, 1746692.00 ns, 3.3316 ns/op
OverheadActual  14: 524288 op, 1725282.00 ns, 3.2907 ns/op
OverheadActual  15: 524288 op, 1747523.00 ns, 3.3331 ns/op

WorkloadWarmup   1: 524288 op, 574187994.00 ns, 1.0952 us/op
WorkloadWarmup   2: 524288 op, 568977675.00 ns, 1.0852 us/op
WorkloadWarmup   3: 524288 op, 568687453.00 ns, 1.0847 us/op

// BeforeActualRun
WorkloadActual   1: 524288 op, 568668006.00 ns, 1.0846 us/op
WorkloadActual   2: 524288 op, 575048523.00 ns, 1.0968 us/op
WorkloadActual   3: 524288 op, 566087378.00 ns, 1.0797 us/op

// AfterActualRun
WorkloadResult   1: 524288 op, 566938567.00 ns, 1.0813 us/op
WorkloadResult   2: 524288 op, 573319084.00 ns, 1.0935 us/op
WorkloadResult   3: 524288 op, 564357939.00 ns, 1.0764 us/op
// GC:  19 0 0 322961408 524288
// Threading:  0 0 524288

// AfterAll
// Benchmark Process 3260 has exited with code 0.

Mean = 1.084 μs, StdErr = 0.005 μs (0.47%), N = 3, StdDev = 0.009 μs
Min = 1.076 μs, Q1 = 1.079 μs, Median = 1.081 μs, Q3 = 1.087 μs, Max = 1.094 μs
IQR = 0.009 μs, LowerFence = 1.066 μs, UpperFence = 1.100 μs
ConfidenceInterval = [0.923 μs; 1.244 μs] (CI 99.9%), Margin = 0.161 μs (14.81% of Mean)
Skewness = 0.25, Kurtosis = 0.67, MValue = 2

// ** Remained 14 (63.6 %) benchmark(s) to run. Estimated finish 2026-10-06 11:51 (0h 2m from now) **
// **************************
// Benchmark: HybridCacheProviderBenchmarks.GetOrSetAsync_CacheHit: Job-NUBXJZ(IterationCount=20, WarmupCount=5)
// *** Execute ***
// Launch: 1 / 1
// Execute: dotnet Encina.Caching.Hybrid.Benchmarks-Job-NUBXJZ-1.dll --anonymousPipes 166 167 --benchmarkName Encina.Caching.Hybrid.Benchmarks.Benchmarks.HybridCacheProviderBenchmarks.GetOrSetAsync_CacheHit --job "IterationCount=20, WarmupCount=5" --benchmarkId 8 in /home/runner/work/Encina/Encina/tests/Encina.BenchmarkTests/Encina.Caching.Hybrid.Benchmarks/bin/Release/net10.0/Encina.Caching.Hybrid.Benchmarks-Job-NUBXJZ-1/bin/Release/net10.0
// Failed to set up high priority (Permission denied). In order to run benchmarks with high priority, make sure you have the right permissions.
// BeforeAnythingElse

// Benchmark Process Environment Information:
// BenchmarkDotNet v0.15.8
// Runtime=.NET 10.0.12 (10.0.12, 10.0.1226.42308), X64 RyuJIT x86-64-v3
// GC=Concurrent Workstation
// HardwareIntrinsics=AVX2+BMI1+BMI2+F16C+FMA+LZCNT+MOVBE,AVX,SSE3+SSSE3+SSE4.1+SSE4.2+POPCNT,X86Base+SSE+SSE2,AES+PCLMUL VectorSize=256
// Job: Job-NUBXJZ(IterationCount=20, WarmupCount=5)

OverheadJitting  1: 1 op, 240960.00 ns, 240.9600 us/op
WorkloadJitting  1: 1 op, 19960624.00 ns, 19.9606 ms/op

OverheadJitting  2: 16 op, 491759.00 ns, 30.7349 us/op
WorkloadJitting  2: 16 op, 566528.00 ns, 35.4080 us/op

WorkloadPilot    1: 16 op, 46036.00 ns, 2.8773 us/op
WorkloadPilot    2: 32 op, 70712.00 ns, 2.2098 us/op
WorkloadPilot    3: 64 op, 119884.00 ns, 1.8732 us/op
WorkloadPilot    4: 128 op, 258643.00 ns, 2.0206 us/op
WorkloadPilot    5: 256 op, 472142.00 ns, 1.8443 us/op
WorkloadPilot    6: 512 op, 1007721.00 ns, 1.9682 us/op
WorkloadPilot    7: 1024 op, 1572186.00 ns, 1.5353 us/op
WorkloadPilot    8: 2048 op, 3279444.00 ns, 1.6013 us/op
WorkloadPilot    9: 4096 op, 6663774.00 ns, 1.6269 us/op
WorkloadPilot   10: 8192 op, 13373323.00 ns, 1.6325 us/op
WorkloadPilot   11: 16384 op, 26512970.00 ns, 1.6182 us/op
WorkloadPilot   12: 32768 op, 51930003.00 ns, 1.5848 us/op
WorkloadPilot   13: 65536 op, 90559038.00 ns, 1.3818 us/op
WorkloadPilot   14: 131072 op, 180864191.00 ns, 1.3799 us/op
WorkloadPilot   15: 262144 op, 360265300.00 ns, 1.3743 us/op
WorkloadPilot   16: 524288 op, 723203372.00 ns, 1.3794 us/op

OverheadWarmup   1: 524288 op, 1748606.00 ns, 3.3352 ns/op
OverheadWarmup   2: 524288 op, 1744408.00 ns, 3.3272 ns/op
OverheadWarmup   3: 524288 op, 1740931.00 ns, 3.3206 ns/op
OverheadWarmup   4: 524288 op, 1735671.00 ns, 3.3105 ns/op
OverheadWarmup   5: 524288 op, 1827172.00 ns, 3.4851 ns/op
OverheadWarmup   6: 524288 op, 1724681.00 ns, 3.2896 ns/op
OverheadWarmup   7: 524288 op, 1744107.00 ns, 3.3266 ns/op
OverheadWarmup   8: 524288 op, 2160695.00 ns, 4.1212 ns/op
OverheadWarmup   9: 524288 op, 1744538.00 ns, 3.3274 ns/op

OverheadActual   1: 524288 op, 1726404.00 ns, 3.2929 ns/op
OverheadActual   2: 524288 op, 1726624.00 ns, 3.2933 ns/op
OverheadActual   3: 524288 op, 1711927.00 ns, 3.2652 ns/op
OverheadActual   4: 524288 op, 1711306.00 ns, 3.2641 ns/op
OverheadActual   5: 524288 op, 1714562.00 ns, 3.2703 ns/op
OverheadActual   6: 524288 op, 1725782.00 ns, 3.2917 ns/op
OverheadActual   7: 524288 op, 1714662.00 ns, 3.2705 ns/op
OverheadActual   8: 524288 op, 1725081.00 ns, 3.2903 ns/op
OverheadActual   9: 524288 op, 1709212.00 ns, 3.2601 ns/op
OverheadActual  10: 524288 op, 1725272.00 ns, 3.2907 ns/op
OverheadActual  11: 524288 op, 1726053.00 ns, 3.2922 ns/op
OverheadActual  12: 524288 op, 1725031.00 ns, 3.2902 ns/op
OverheadActual  13: 524288 op, 1725222.00 ns, 3.2906 ns/op
OverheadActual  14: 524288 op, 1724610.00 ns, 3.2894 ns/op
OverheadActual  15: 524288 op, 1724620.00 ns, 3.2895 ns/op

WorkloadWarmup   1: 524288 op, 728667477.00 ns, 1.3898 us/op
WorkloadWarmup   2: 524288 op, 726280270.00 ns, 1.3853 us/op
WorkloadWarmup   3: 524288 op, 721479074.00 ns, 1.3761 us/op
WorkloadWarmup   4: 524288 op, 725761271.00 ns, 1.3843 us/op
WorkloadWarmup   5: 524288 op, 722761188.00 ns, 1.3786 us/op

// BeforeActualRun
WorkloadActual   1: 524288 op, 726192147.00 ns, 1.3851 us/op
WorkloadActual   2: 524288 op, 725710597.00 ns, 1.3842 us/op
WorkloadActual   3: 524288 op, 723060647.00 ns, 1.3791 us/op
WorkloadActual   4: 524288 op, 723020262.00 ns, 1.3791 us/op
WorkloadActual   5: 524288 op, 724990772.00 ns, 1.3828 us/op
WorkloadActual   6: 524288 op, 724311003.00 ns, 1.3815 us/op
WorkloadActual   7: 524288 op, 729074485.00 ns, 1.3906 us/op
WorkloadActual   8: 524288 op, 725936491.00 ns, 1.3846 us/op
WorkloadActual   9: 524288 op, 727334883.00 ns, 1.3873 us/op
WorkloadActual  10: 524288 op, 725381004.00 ns, 1.3836 us/op
WorkloadActual  11: 524288 op, 723392190.00 ns, 1.3798 us/op
WorkloadActual  12: 524288 op, 723698382.00 ns, 1.3803 us/op
WorkloadActual  13: 524288 op, 726279301.00 ns, 1.3853 us/op
WorkloadActual  14: 524288 op, 723689055.00 ns, 1.3803 us/op
WorkloadActual  15: 524288 op, 723741212.00 ns, 1.3804 us/op
WorkloadActual  16: 524288 op, 725538077.00 ns, 1.3839 us/op
WorkloadActual  17: 524288 op, 723985198.00 ns, 1.3809 us/op
WorkloadActual  18: 524288 op, 723550626.00 ns, 1.3801 us/op
WorkloadActual  19: 524288 op, 721454234.00 ns, 1.3761 us/op
WorkloadActual  20: 524288 op, 723025739.00 ns, 1.3791 us/op

// AfterActualRun
WorkloadResult   1: 524288 op, 724467116.00 ns, 1.3818 us/op
WorkloadResult   2: 524288 op, 723985566.00 ns, 1.3809 us/op
WorkloadResult   3: 524288 op, 721335616.00 ns, 1.3758 us/op
WorkloadResult   4: 524288 op, 721295231.00 ns, 1.3758 us/op
WorkloadResult   5: 524288 op, 723265741.00 ns, 1.3795 us/op
WorkloadResult   6: 524288 op, 722585972.00 ns, 1.3782 us/op
WorkloadResult   7: 524288 op, 727349454.00 ns, 1.3873 us/op
WorkloadResult   8: 524288 op, 724211460.00 ns, 1.3813 us/op
WorkloadResult   9: 524288 op, 725609852.00 ns, 1.3840 us/op
WorkloadResult  10: 524288 op, 723655973.00 ns, 1.3803 us/op
WorkloadResult  11: 524288 op, 721667159.00 ns, 1.3765 us/op
WorkloadResult  12: 524288 op, 721973351.00 ns, 1.3771 us/op
WorkloadResult  13: 524288 op, 724554270.00 ns, 1.3820 us/op
WorkloadResult  14: 524288 op, 721964024.00 ns, 1.3770 us/op
WorkloadResult  15: 524288 op, 722016181.00 ns, 1.3771 us/op
WorkloadResult  16: 524288 op, 723813046.00 ns, 1.3806 us/op
WorkloadResult  17: 524288 op, 722260167.00 ns, 1.3776 us/op
WorkloadResult  18: 524288 op, 721825595.00 ns, 1.3768 us/op
WorkloadResult  19: 524288 op, 719729203.00 ns, 1.3728 us/op
WorkloadResult  20: 524288 op, 721300708.00 ns, 1.3758 us/op
// GC:  17 0 0 293601280 524288
// Threading:  0 0 524288

// AfterAll
// Benchmark Process 3270 has exited with code 0.

Mean = 1.379 μs, StdErr = 0.001 μs (0.05%), N = 20, StdDev = 0.003 μs
Min = 1.373 μs, Q1 = 1.377 μs, Median = 1.378 μs, Q3 = 1.381 μs, Max = 1.387 μs
IQR = 0.004 μs, LowerFence = 1.370 μs, UpperFence = 1.387 μs
ConfidenceInterval = [1.376 μs; 1.382 μs] (CI 99.9%), Margin = 0.003 μs (0.21% of Mean)
Skewness = 0.57, Kurtosis = 2.9, MValue = 2

// ** Remained 13 (59.1 %) benchmark(s) to run. Estimated finish 2026-10-06 11:52 (0h 2m from now) **
// **************************
// Benchmark: HybridCacheProviderBenchmarks.GetOrSetAsync_CacheHit: ShortRun(IterationCount=3, LaunchCount=1, WarmupCount=3)
// *** Execute ***
// Launch: 1 / 1
// Execute: dotnet Encina.Caching.Hybrid.Benchmarks-Job-NUBXJZ-1.dll --anonymousPipes 166 167 --benchmarkName Encina.Caching.Hybrid.Benchmarks.Benchmarks.HybridCacheProviderBenchmarks.GetOrSetAsync_CacheHit --job ShortRun --benchmarkId 9 in /home/runner/work/Encina/Encina/tests/Encina.BenchmarkTests/Encina.Caching.Hybrid.Benchmarks/bin/Release/net10.0/Encina.Caching.Hybrid.Benchmarks-Job-NUBXJZ-1/bin/Release/net10.0
// Failed to set up high priority (Permission denied). In order to run benchmarks with high priority, make sure you have the right permissions.
// BeforeAnythingElse

// Benchmark Process Environment Information:
// BenchmarkDotNet v0.15.8
// Runtime=.NET 10.0.12 (10.0.12, 10.0.1226.42308), X64 RyuJIT x86-64-v3
// GC=Concurrent Workstation
// HardwareIntrinsics=AVX2+BMI1+BMI2+F16C+FMA+LZCNT+MOVBE,AVX,SSE3+SSSE3+SSE4.1+SSE4.2+POPCNT,X86Base+SSE+SSE2,AES+PCLMUL VectorSize=256
// Job: ShortRun(IterationCount=3, LaunchCount=1, WarmupCount=3)

OverheadJitting  1: 1 op, 230130.00 ns, 230.1300 us/op
WorkloadJitting  1: 1 op, 19993256.00 ns, 19.9933 ms/op

OverheadJitting  2: 16 op, 449479.00 ns, 28.0924 us/op
WorkloadJitting  2: 16 op, 594179.00 ns, 37.1362 us/op

WorkloadPilot    1: 16 op, 46296.00 ns, 2.8935 us/op
WorkloadPilot    2: 32 op, 74870.00 ns, 2.3397 us/op
WorkloadPilot    3: 64 op, 121507.00 ns, 1.8985 us/op
WorkloadPilot    4: 128 op, 234468.00 ns, 1.8318 us/op
WorkloadPilot    5: 256 op, 450862.00 ns, 1.7612 us/op
WorkloadPilot    6: 512 op, 830671.00 ns, 1.6224 us/op
WorkloadPilot    7: 1024 op, 1694064.00 ns, 1.6544 us/op
WorkloadPilot    8: 2048 op, 3413604.00 ns, 1.6668 us/op
WorkloadPilot    9: 4096 op, 6691134.00 ns, 1.6336 us/op
WorkloadPilot   10: 8192 op, 13308973.00 ns, 1.6246 us/op
WorkloadPilot   11: 16384 op, 26546561.00 ns, 1.6203 us/op
WorkloadPilot   12: 32768 op, 52992023.00 ns, 1.6172 us/op
WorkloadPilot   13: 65536 op, 94483963.00 ns, 1.4417 us/op
WorkloadPilot   14: 131072 op, 182683489.00 ns, 1.3938 us/op
WorkloadPilot   15: 262144 op, 364538515.00 ns, 1.3906 us/op
WorkloadPilot   16: 524288 op, 730368480.00 ns, 1.3931 us/op

OverheadWarmup   1: 524288 op, 1747634.00 ns, 3.3333 ns/op
OverheadWarmup   2: 524288 op, 1776217.00 ns, 3.3879 ns/op
OverheadWarmup   3: 524288 op, 1748525.00 ns, 3.3350 ns/op
OverheadWarmup   4: 524288 op, 1745950.00 ns, 3.3301 ns/op
OverheadWarmup   5: 524288 op, 1745489.00 ns, 3.3293 ns/op
OverheadWarmup   6: 524288 op, 1850145.00 ns, 3.5289 ns/op
OverheadWarmup   7: 524288 op, 1745930.00 ns, 3.3301 ns/op

OverheadActual   1: 524288 op, 1731874.00 ns, 3.3033 ns/op
OverheadActual   2: 524288 op, 1746972.00 ns, 3.3321 ns/op
OverheadActual   3: 524288 op, 1746752.00 ns, 3.3317 ns/op
OverheadActual   4: 524288 op, 1752172.00 ns, 3.3420 ns/op
OverheadActual   5: 524288 op, 1745849.00 ns, 3.3299 ns/op
OverheadActual   6: 524288 op, 1750800.00 ns, 3.3394 ns/op
OverheadActual   7: 524288 op, 1751761.00 ns, 3.3412 ns/op
OverheadActual   8: 524288 op, 1795023.00 ns, 3.4237 ns/op
OverheadActual   9: 524288 op, 1754677.00 ns, 3.3468 ns/op
OverheadActual  10: 524288 op, 1757612.00 ns, 3.3524 ns/op
OverheadActual  11: 524288 op, 1751781.00 ns, 3.3413 ns/op
OverheadActual  12: 524288 op, 1754626.00 ns, 3.3467 ns/op
OverheadActual  13: 524288 op, 1761830.00 ns, 3.3604 ns/op
OverheadActual  14: 524288 op, 1758544.00 ns, 3.3542 ns/op
OverheadActual  15: 524288 op, 1754777.00 ns, 3.3470 ns/op

WorkloadWarmup   1: 524288 op, 739658518.00 ns, 1.4108 us/op
WorkloadWarmup   2: 524288 op, 732334101.00 ns, 1.3968 us/op
WorkloadWarmup   3: 524288 op, 733190450.00 ns, 1.3984 us/op

// BeforeActualRun
WorkloadActual   1: 524288 op, 735270003.00 ns, 1.4024 us/op
WorkloadActual   2: 524288 op, 733377447.00 ns, 1.3988 us/op
WorkloadActual   3: 524288 op, 734861404.00 ns, 1.4016 us/op

// AfterActualRun
WorkloadResult   1: 524288 op, 733517831.00 ns, 1.3991 us/op
WorkloadResult   2: 524288 op, 731625275.00 ns, 1.3955 us/op
WorkloadResult   3: 524288 op, 733109232.00 ns, 1.3983 us/op
// GC:  17 0 0 293601280 524288
// Threading:  0 0 524288

// AfterAll
// Benchmark Process 3280 has exited with code 0.

Mean = 1.398 μs, StdErr = 0.001 μs (0.08%), N = 3, StdDev = 0.002 μs
Min = 1.395 μs, Q1 = 1.397 μs, Median = 1.398 μs, Q3 = 1.399 μs, Max = 1.399 μs
IQR = 0.002 μs, LowerFence = 1.394 μs, UpperFence = 1.401 μs
ConfidenceInterval = [1.363 μs; 1.432 μs] (CI 99.9%), Margin = 0.035 μs (2.48% of Mean)
Skewness = -0.31, Kurtosis = 0.67, MValue = 2

// ** Remained 12 (54.5 %) benchmark(s) to run. Estimated finish 2026-10-06 11:51 (0h 2m from now) **
// **************************
// Benchmark: HybridCacheProviderBenchmarks.GetOrSetAsync_CacheMiss: Job-NUBXJZ(IterationCount=20, WarmupCount=5)
// *** Execute ***
// Launch: 1 / 1
// Execute: dotnet Encina.Caching.Hybrid.Benchmarks-Job-NUBXJZ-1.dll --anonymousPipes 166 167 --benchmarkName Encina.Caching.Hybrid.Benchmarks.Benchmarks.HybridCacheProviderBenchmarks.GetOrSetAsync_CacheMiss --job "IterationCount=20, WarmupCount=5" --benchmarkId 10 in /home/runner/work/Encina/Encina/tests/Encina.BenchmarkTests/Encina.Caching.Hybrid.Benchmarks/bin/Release/net10.0/Encina.Caching.Hybrid.Benchmarks-Job-NUBXJZ-1/bin/Release/net10.0
// Failed to set up high priority (Permission denied). In order to run benchmarks with high priority, make sure you have the right permissions.
// BeforeAnythingElse

// Benchmark Process Environment Information:
// BenchmarkDotNet v0.15.8
// Runtime=.NET 10.0.12 (10.0.12, 10.0.1226.42308), X64 RyuJIT x86-64-v3
// GC=Concurrent Workstation
// HardwareIntrinsics=AVX2+BMI1+BMI2+F16C+FMA+LZCNT+MOVBE,AVX,SSE3+SSSE3+SSE4.1+SSE4.2+POPCNT,X86Base+SSE+SSE2,AES+PCLMUL VectorSize=256
// Job: Job-NUBXJZ(IterationCount=20, WarmupCount=5)

OverheadJitting  1: 1 op, 256940.00 ns, 256.9400 us/op
WorkloadJitting  1: 1 op, 29527205.00 ns, 29.5272 ms/op

OverheadJitting  2: 16 op, 449379.00 ns, 28.0862 us/op
WorkloadJitting  2: 16 op, 715947.00 ns, 44.7467 us/op

WorkloadPilot    1: 16 op, 181569.00 ns, 11.3481 us/op
WorkloadPilot    2: 32 op, 193291.00 ns, 6.0403 us/op
WorkloadPilot    3: 64 op, 405638.00 ns, 6.3381 us/op
WorkloadPilot    4: 128 op, 770368.00 ns, 6.0185 us/op
WorkloadPilot    5: 256 op, 1491575.00 ns, 5.8265 us/op
WorkloadPilot    6: 512 op, 2646171.00 ns, 5.1683 us/op
WorkloadPilot    7: 1024 op, 5532892.00 ns, 5.4032 us/op
WorkloadPilot    8: 2048 op, 11044223.00 ns, 5.3927 us/op
WorkloadPilot    9: 4096 op, 21811388.00 ns, 5.3250 us/op
WorkloadPilot   10: 8192 op, 42002520.00 ns, 5.1273 us/op
WorkloadPilot   11: 16384 op, 87219081.00 ns, 5.3234 us/op
WorkloadPilot   12: 32768 op, 194239414.00 ns, 5.9277 us/op
WorkloadPilot   13: 65536 op, 426849317.00 ns, 6.5132 us/op
WorkloadPilot   14: 131072 op, 805962868.00 ns, 6.1490 us/op

OverheadWarmup   1: 131072 op, 470508.00 ns, 3.5897 ns/op
OverheadWarmup   2: 131072 op, 457885.00 ns, 3.4934 ns/op
OverheadWarmup   3: 131072 op, 453827.00 ns, 3.4624 ns/op
OverheadWarmup   4: 131072 op, 475578.00 ns, 3.6284 ns/op
OverheadWarmup   5: 131072 op, 467924.00 ns, 3.5700 ns/op
OverheadWarmup   6: 131072 op, 478965.00 ns, 3.6542 ns/op
OverheadWarmup   7: 131072 op, 454418.00 ns, 3.4669 ns/op

OverheadActual   1: 131072 op, 456272.00 ns, 3.4811 ns/op
OverheadActual   2: 131072 op, 469917.00 ns, 3.5852 ns/op
OverheadActual   3: 131072 op, 459068.00 ns, 3.5024 ns/op
OverheadActual   4: 131072 op, 456562.00 ns, 3.4833 ns/op
OverheadActual   5: 131072 op, 469376.00 ns, 3.5811 ns/op
OverheadActual   6: 131072 op, 453006.00 ns, 3.4562 ns/op
OverheadActual   7: 131072 op, 461392.00 ns, 3.5201 ns/op
OverheadActual   8: 131072 op, 456503.00 ns, 3.4828 ns/op
OverheadActual   9: 131072 op, 455440.00 ns, 3.4747 ns/op
OverheadActual  10: 131072 op, 458486.00 ns, 3.4980 ns/op
OverheadActual  11: 131072 op, 455952.00 ns, 3.4786 ns/op
OverheadActual  12: 131072 op, 475357.00 ns, 3.6267 ns/op
OverheadActual  13: 131072 op, 474126.00 ns, 3.6173 ns/op
OverheadActual  14: 131072 op, 455029.00 ns, 3.4716 ns/op
OverheadActual  15: 131072 op, 460500.00 ns, 3.5133 ns/op

WorkloadWarmup   1: 131072 op, 881245832.00 ns, 6.7234 us/op
WorkloadWarmup   2: 131072 op, 823676959.00 ns, 6.2842 us/op
WorkloadWarmup   3: 131072 op, 986133086.00 ns, 7.5236 us/op
WorkloadWarmup   4: 131072 op, 818461409.00 ns, 6.2444 us/op
WorkloadWarmup   5: 131072 op, 829806565.00 ns, 6.3309 us/op

// BeforeActualRun
WorkloadActual   1: 131072 op, 824481641.00 ns, 6.2903 us/op
WorkloadActual   2: 131072 op, 840484781.00 ns, 6.4124 us/op
WorkloadActual   3: 131072 op, 1221393122.00 ns, 9.3185 us/op
WorkloadActual   4: 131072 op, 859609310.00 ns, 6.5583 us/op
WorkloadActual   5: 131072 op, 849750530.00 ns, 6.4831 us/op
WorkloadActual   6: 131072 op, 847036654.00 ns, 6.4624 us/op
WorkloadActual   7: 131072 op, 845385471.00 ns, 6.4498 us/op
WorkloadActual   8: 131072 op, 864756271.00 ns, 6.5976 us/op
WorkloadActual   9: 131072 op, 850351193.00 ns, 6.4877 us/op
WorkloadActual  10: 131072 op, 856422576.00 ns, 6.5340 us/op
WorkloadActual  11: 131072 op, 856064016.00 ns, 6.5313 us/op
WorkloadActual  12: 131072 op, 863701903.00 ns, 6.5895 us/op
WorkloadActual  13: 131072 op, 874912967.00 ns, 6.6751 us/op
WorkloadActual  14: 131072 op, 1726736340.00 ns, 13.1740 us/op
WorkloadActual  15: 131072 op, 878387790.00 ns, 6.7016 us/op
WorkloadActual  16: 131072 op, 909269113.00 ns, 6.9372 us/op
WorkloadActual  17: 131072 op, 859412747.00 ns, 6.5568 us/op
WorkloadActual  18: 131072 op, 857879509.00 ns, 6.5451 us/op
WorkloadActual  19: 131072 op, 850200003.00 ns, 6.4865 us/op
WorkloadActual  20: 131072 op, 863145549.00 ns, 6.5853 us/op

// AfterActualRun
WorkloadResult   1: 131072 op, 824023155.00 ns, 6.2868 us/op
WorkloadResult   2: 131072 op, 840026295.00 ns, 6.4089 us/op
WorkloadResult   3: 131072 op, 859150824.00 ns, 6.5548 us/op
WorkloadResult   4: 131072 op, 849292044.00 ns, 6.4796 us/op
WorkloadResult   5: 131072 op, 846578168.00 ns, 6.4589 us/op
WorkloadResult   6: 131072 op, 844926985.00 ns, 6.4463 us/op
WorkloadResult   7: 131072 op, 864297785.00 ns, 6.5941 us/op
WorkloadResult   8: 131072 op, 849892707.00 ns, 6.4842 us/op
WorkloadResult   9: 131072 op, 855964090.00 ns, 6.5305 us/op
WorkloadResult  10: 131072 op, 855605530.00 ns, 6.5278 us/op
WorkloadResult  11: 131072 op, 863243417.00 ns, 6.5860 us/op
WorkloadResult  12: 131072 op, 874454481.00 ns, 6.6716 us/op
WorkloadResult  13: 131072 op, 877929304.00 ns, 6.6981 us/op
WorkloadResult  14: 131072 op, 858954261.00 ns, 6.5533 us/op
WorkloadResult  15: 131072 op, 857421023.00 ns, 6.5416 us/op
WorkloadResult  16: 131072 op, 849741517.00 ns, 6.4830 us/op
WorkloadResult  17: 131072 op, 862687063.00 ns, 6.5818 us/op
// GC:  14 13 0 234881024 131072
// Threading:  0 0 131072

// AfterAll
// Benchmark Process 3286 has exited with code 0.

Mean = 6.523 μs, StdErr = 0.024 μs (0.36%), N = 17, StdDev = 0.097 μs
Min = 6.287 μs, Q1 = 6.480 μs, Median = 6.530 μs, Q3 = 6.582 μs, Max = 6.698 μs
IQR = 0.102 μs, LowerFence = 6.326 μs, UpperFence = 6.735 μs
ConfidenceInterval = [6.428 μs; 6.617 μs] (CI 99.9%), Margin = 0.095 μs (1.45% of Mean)
Skewness = -0.38, Kurtosis = 3.17, MValue = 2

// ** Remained 11 (50.0 %) benchmark(s) to run. Estimated finish 2026-10-06 11:55 (0h 3m from now) **
// **************************
// Benchmark: HybridCacheProviderBenchmarks.GetOrSetAsync_CacheMiss: ShortRun(IterationCount=3, LaunchCount=1, WarmupCount=3)
// *** Execute ***
// Launch: 1 / 1
// Execute: dotnet Encina.Caching.Hybrid.Benchmarks-Job-NUBXJZ-1.dll --anonymousPipes 166 167 --benchmarkName Encina.Caching.Hybrid.Benchmarks.Benchmarks.HybridCacheProviderBenchmarks.GetOrSetAsync_CacheMiss --job ShortRun --benchmarkId 11 in /home/runner/work/Encina/Encina/tests/Encina.BenchmarkTests/Encina.Caching.Hybrid.Benchmarks/bin/Release/net10.0/Encina.Caching.Hybrid.Benchmarks-Job-NUBXJZ-1/bin/Release/net10.0
// Failed to set up high priority (Permission denied). In order to run benchmarks with high priority, make sure you have the right permissions.
// BeforeAnythingElse

// Benchmark Process Environment Information:
// BenchmarkDotNet v0.15.8
// Runtime=.NET 10.0.12 (10.0.12, 10.0.1226.42308), X64 RyuJIT x86-64-v3
// GC=Concurrent Workstation
// HardwareIntrinsics=AVX2+BMI1+BMI2+F16C+FMA+LZCNT+MOVBE,AVX,SSE3+SSSE3+SSE4.1+SSE4.2+POPCNT,X86Base+SSE+SSE2,AES+PCLMUL VectorSize=256
// Job: ShortRun(IterationCount=3, LaunchCount=1, WarmupCount=3)

OverheadJitting  1: 1 op, 251539.00 ns, 251.5390 us/op
WorkloadJitting  1: 1 op, 29717505.00 ns, 29.7175 ms/op

OverheadJitting  2: 16 op, 451523.00 ns, 28.2202 us/op
WorkloadJitting  2: 16 op, 633233.00 ns, 39.5771 us/op

WorkloadPilot    1: 16 op, 182150.00 ns, 11.3844 us/op
WorkloadPilot    2: 32 op, 221874.00 ns, 6.9336 us/op
WorkloadPilot    3: 64 op, 420615.00 ns, 6.5721 us/op
WorkloadPilot    4: 128 op, 772943.00 ns, 6.0386 us/op
WorkloadPilot    5: 256 op, 1501603.00 ns, 5.8656 us/op
WorkloadPilot    6: 512 op, 2805799.00 ns, 5.4801 us/op
WorkloadPilot    7: 1024 op, 5507433.00 ns, 5.3784 us/op
WorkloadPilot    8: 2048 op, 11029544.00 ns, 5.3855 us/op
WorkloadPilot    9: 4096 op, 22008994.00 ns, 5.3733 us/op
WorkloadPilot   10: 8192 op, 42917525.00 ns, 5.2390 us/op
WorkloadPilot   11: 16384 op, 89994633.00 ns, 5.4928 us/op
WorkloadPilot   12: 32768 op, 203449680.00 ns, 6.2088 us/op
WorkloadPilot   13: 65536 op, 432377041.00 ns, 6.5976 us/op
WorkloadPilot   14: 131072 op, 891786116.00 ns, 6.8038 us/op

OverheadWarmup   1: 131072 op, 425775.00 ns, 3.2484 ns/op
OverheadWarmup   2: 131072 op, 457284.00 ns, 3.4888 ns/op
OverheadWarmup   3: 131072 op, 457564.00 ns, 3.4909 ns/op
OverheadWarmup   4: 131072 op, 467112.00 ns, 3.5638 ns/op
OverheadWarmup   5: 131072 op, 442386.00 ns, 3.3751 ns/op
OverheadWarmup   6: 131072 op, 425645.00 ns, 3.2474 ns/op
OverheadWarmup   7: 131072 op, 442366.00 ns, 3.3750 ns/op
OverheadWarmup   8: 131072 op, 425915.00 ns, 3.2495 ns/op

OverheadActual   1: 131072 op, 425655.00 ns, 3.2475 ns/op
OverheadActual   2: 131072 op, 441995.00 ns, 3.3722 ns/op
OverheadActual   3: 131072 op, 425555.00 ns, 3.2467 ns/op
OverheadActual   4: 131072 op, 440413.00 ns, 3.3601 ns/op
OverheadActual   5: 131072 op, 425835.00 ns, 3.2489 ns/op
OverheadActual   6: 131072 op, 425554.00 ns, 3.2467 ns/op
OverheadActual   7: 131072 op, 467493.00 ns, 3.5667 ns/op
OverheadActual   8: 131072 op, 450882.00 ns, 3.4400 ns/op
OverheadActual   9: 131072 op, 449119.00 ns, 3.4265 ns/op
OverheadActual  10: 131072 op, 467423.00 ns, 3.5662 ns/op
OverheadActual  11: 131072 op, 468415.00 ns, 3.5737 ns/op
OverheadActual  12: 131072 op, 450330.00 ns, 3.4357 ns/op
OverheadActual  13: 131072 op, 451293.00 ns, 3.4431 ns/op
OverheadActual  14: 131072 op, 441975.00 ns, 3.3720 ns/op
OverheadActual  15: 131072 op, 464828.00 ns, 3.5464 ns/op

WorkloadWarmup   1: 131072 op, 812937310.00 ns, 6.2022 us/op
WorkloadWarmup   2: 131072 op, 835209776.00 ns, 6.3721 us/op
WorkloadWarmup   3: 131072 op, 997650332.00 ns, 7.6115 us/op

// BeforeActualRun
WorkloadActual   1: 131072 op, 847614539.00 ns, 6.4668 us/op
WorkloadActual   2: 131072 op, 847671635.00 ns, 6.4672 us/op
WorkloadActual   3: 131072 op, 850749546.00 ns, 6.4907 us/op

// AfterActualRun
WorkloadResult   1: 131072 op, 847165420.00 ns, 6.4634 us/op
WorkloadResult   2: 131072 op, 847222516.00 ns, 6.4638 us/op
WorkloadResult   3: 131072 op, 850300427.00 ns, 6.4873 us/op
// GC:  14 13 0 234881024 131072
// Threading:  0 0 131072

// AfterAll
// Benchmark Process 3380 has exited with code 0.

Mean = 6.471 μs, StdErr = 0.008 μs (0.12%), N = 3, StdDev = 0.014 μs
Min = 6.463 μs, Q1 = 6.464 μs, Median = 6.464 μs, Q3 = 6.476 μs, Max = 6.487 μs
IQR = 0.012 μs, LowerFence = 6.446 μs, UpperFence = 6.493 μs
ConfidenceInterval = [6.222 μs; 6.721 μs] (CI 99.9%), Margin = 0.250 μs (3.86% of Mean)
Skewness = 0.38, Kurtosis = 0.67, MValue = 2

// ** Remained 10 (45.5 %) benchmark(s) to run. Estimated finish 2026-10-06 11:55 (0h 3m from now) **
// **************************
// Benchmark: HybridCacheProviderBenchmarks.GetOrSetAsync_WithTags: Job-NUBXJZ(IterationCount=20, WarmupCount=5)
// *** Execute ***
// Launch: 1 / 1
// Execute: dotnet Encina.Caching.Hybrid.Benchmarks-Job-NUBXJZ-1.dll --anonymousPipes 166 167 --benchmarkName Encina.Caching.Hybrid.Benchmarks.Benchmarks.HybridCacheProviderBenchmarks.GetOrSetAsync_WithTags --job "IterationCount=20, WarmupCount=5" --benchmarkId 12 in /home/runner/work/Encina/Encina/tests/Encina.BenchmarkTests/Encina.Caching.Hybrid.Benchmarks/bin/Release/net10.0/Encina.Caching.Hybrid.Benchmarks-Job-NUBXJZ-1/bin/Release/net10.0
// Failed to set up high priority (Permission denied). In order to run benchmarks with high priority, make sure you have the right permissions.
// BeforeAnythingElse

// Benchmark Process Environment Information:
// BenchmarkDotNet v0.15.8
// Runtime=.NET 10.0.12 (10.0.12, 10.0.1226.42308), X64 RyuJIT x86-64-v3
// GC=Concurrent Workstation
// HardwareIntrinsics=AVX2+BMI1+BMI2+F16C+FMA+LZCNT+MOVBE,AVX,SSE3+SSSE3+SSE4.1+SSE4.2+POPCNT,X86Base+SSE+SSE2,AES+PCLMUL VectorSize=256
// Job: Job-NUBXJZ(IterationCount=20, WarmupCount=5)

OverheadJitting  1: 1 op, 254435.00 ns, 254.4350 us/op
WorkloadJitting  1: 1 op, 32771623.00 ns, 32.7716 ms/op

OverheadJitting  2: 16 op, 451392.00 ns, 28.2120 us/op
WorkloadJitting  2: 16 op, 735563.00 ns, 45.9727 us/op

WorkloadPilot    1: 16 op, 247262.00 ns, 15.4539 us/op
WorkloadPilot    2: 32 op, 315118.00 ns, 9.8474 us/op
WorkloadPilot    3: 64 op, 549566.00 ns, 8.5870 us/op
WorkloadPilot    4: 128 op, 990410.00 ns, 7.7376 us/op
WorkloadPilot    5: 256 op, 1872877.00 ns, 7.3159 us/op
WorkloadPilot    6: 512 op, 3900153.00 ns, 7.6175 us/op
WorkloadPilot    7: 1024 op, 8127216.00 ns, 7.9367 us/op
WorkloadPilot    8: 2048 op, 16666822.00 ns, 8.1381 us/op
WorkloadPilot    9: 4096 op, 30948960.00 ns, 7.5559 us/op
WorkloadPilot   10: 8192 op, 67851748.00 ns, 8.2827 us/op
WorkloadPilot   11: 16384 op, 155704554.00 ns, 9.5035 us/op
WorkloadPilot   12: 32768 op, 314217652.00 ns, 9.5892 us/op
WorkloadPilot   13: 65536 op, 675251141.00 ns, 10.3035 us/op

OverheadWarmup   1: 65536 op, 215944.00 ns, 3.2950 ns/op
OverheadWarmup   2: 65536 op, 232925.00 ns, 3.5542 ns/op
OverheadWarmup   3: 65536 op, 215963.00 ns, 3.2953 ns/op
OverheadWarmup   4: 65536 op, 216094.00 ns, 3.2973 ns/op
OverheadWarmup   5: 65536 op, 216034.00 ns, 3.2964 ns/op

OverheadActual   1: 65536 op, 215964.00 ns, 3.2953 ns/op
OverheadActual   2: 65536 op, 215923.00 ns, 3.2947 ns/op
OverheadActual   3: 65536 op, 215955.00 ns, 3.2952 ns/op
OverheadActual   4: 65536 op, 215965.00 ns, 3.2954 ns/op
OverheadActual   5: 65536 op, 215935.00 ns, 3.2949 ns/op
OverheadActual   6: 65536 op, 215995.00 ns, 3.2958 ns/op
OverheadActual   7: 65536 op, 216085.00 ns, 3.2972 ns/op
OverheadActual   8: 65536 op, 216005.00 ns, 3.2960 ns/op
OverheadActual   9: 65536 op, 215853.00 ns, 3.2937 ns/op
OverheadActual  10: 65536 op, 216084.00 ns, 3.2972 ns/op
OverheadActual  11: 65536 op, 215853.00 ns, 3.2937 ns/op
OverheadActual  12: 65536 op, 232405.00 ns, 3.5462 ns/op
OverheadActual  13: 65536 op, 240920.00 ns, 3.6761 ns/op
OverheadActual  14: 65536 op, 239096.00 ns, 3.6483 ns/op
OverheadActual  15: 65536 op, 241631.00 ns, 3.6870 ns/op

WorkloadWarmup   1: 65536 op, 606499421.00 ns, 9.2544 us/op
WorkloadWarmup   2: 65536 op, 617892014.00 ns, 9.4283 us/op
WorkloadWarmup   3: 65536 op, 802407497.00 ns, 12.2438 us/op
WorkloadWarmup   4: 65536 op, 613229302.00 ns, 9.3571 us/op
WorkloadWarmup   5: 65536 op, 644508264.00 ns, 9.8344 us/op

// BeforeActualRun
WorkloadActual   1: 65536 op, 647481496.00 ns, 9.8798 us/op
WorkloadActual   2: 65536 op, 644271071.00 ns, 9.8308 us/op
WorkloadActual   3: 65536 op, 1041952405.00 ns, 15.8989 us/op
WorkloadActual   4: 65536 op, 700628000.00 ns, 10.6907 us/op
WorkloadActual   5: 65536 op, 681806881.00 ns, 10.4035 us/op
WorkloadActual   6: 65536 op, 717655103.00 ns, 10.9505 us/op
WorkloadActual   7: 65536 op, 694439027.00 ns, 10.5963 us/op
WorkloadActual   8: 65536 op, 692111385.00 ns, 10.5608 us/op
WorkloadActual   9: 65536 op, 721006592.00 ns, 11.0017 us/op
WorkloadActual  10: 65536 op, 708803373.00 ns, 10.8155 us/op
WorkloadActual  11: 65536 op, 726524408.00 ns, 11.0859 us/op
WorkloadActual  12: 65536 op, 708913573.00 ns, 10.8172 us/op
WorkloadActual  13: 65536 op, 1503987387.00 ns, 22.9490 us/op
WorkloadActual  14: 65536 op, 750172340.00 ns, 11.4467 us/op
WorkloadActual  15: 65536 op, 811251740.00 ns, 12.3787 us/op
WorkloadActual  16: 65536 op, 754894290.00 ns, 11.5188 us/op
WorkloadActual  17: 65536 op, 814608475.00 ns, 12.4299 us/op
WorkloadActual  18: 65536 op, 782171406.00 ns, 11.9350 us/op
WorkloadActual  19: 65536 op, 777215093.00 ns, 11.8594 us/op
WorkloadActual  20: 65536 op, 778435710.00 ns, 11.8780 us/op

// AfterActualRun
WorkloadResult   1: 65536 op, 647265501.00 ns, 9.8765 us/op
WorkloadResult   2: 65536 op, 644055076.00 ns, 9.8275 us/op
WorkloadResult   3: 65536 op, 700412005.00 ns, 10.6874 us/op
WorkloadResult   4: 65536 op, 681590886.00 ns, 10.4003 us/op
WorkloadResult   5: 65536 op, 717439108.00 ns, 10.9473 us/op
WorkloadResult   6: 65536 op, 694223032.00 ns, 10.5930 us/op
WorkloadResult   7: 65536 op, 691895390.00 ns, 10.5575 us/op
WorkloadResult   8: 65536 op, 720790597.00 ns, 10.9984 us/op
WorkloadResult   9: 65536 op, 708587378.00 ns, 10.8122 us/op
WorkloadResult  10: 65536 op, 726308413.00 ns, 11.0826 us/op
WorkloadResult  11: 65536 op, 708697578.00 ns, 10.8139 us/op
WorkloadResult  12: 65536 op, 749956345.00 ns, 11.4434 us/op
WorkloadResult  13: 65536 op, 811035745.00 ns, 12.3754 us/op
WorkloadResult  14: 65536 op, 754678295.00 ns, 11.5155 us/op
WorkloadResult  15: 65536 op, 814392480.00 ns, 12.4266 us/op
WorkloadResult  16: 65536 op, 781955411.00 ns, 11.9317 us/op
WorkloadResult  17: 65536 op, 776999098.00 ns, 11.8561 us/op
WorkloadResult  18: 65536 op, 778219715.00 ns, 11.8747 us/op
// GC:  8 7 0 145227776 65536
// Threading:  0 0 65536

// AfterAll
// Benchmark Process 3394 has exited with code 0.

Mean = 11.112 μs, StdErr = 0.181 μs (1.63%), N = 18, StdDev = 0.769 μs
Min = 9.828 μs, Q1 = 10.617 μs, Median = 10.973 μs, Q3 = 11.771 μs, Max = 12.427 μs
IQR = 1.154 μs, LowerFence = 8.885 μs, UpperFence = 13.502 μs
ConfidenceInterval = [10.393 μs; 11.831 μs] (CI 99.9%), Margin = 0.719 μs (6.47% of Mean)
Skewness = 0.12, Kurtosis = 1.93, MValue = 2

// ** Remained 9 (40.9 %) benchmark(s) to run. Estimated finish 2026-10-06 11:57 (0h 4m from now) **
// **************************
// Benchmark: HybridCacheProviderBenchmarks.GetOrSetAsync_WithTags: ShortRun(IterationCount=3, LaunchCount=1, WarmupCount=3)
// *** Execute ***
// Launch: 1 / 1
// Execute: dotnet Encina.Caching.Hybrid.Benchmarks-Job-NUBXJZ-1.dll --anonymousPipes 166 167 --benchmarkName Encina.Caching.Hybrid.Benchmarks.Benchmarks.HybridCacheProviderBenchmarks.GetOrSetAsync_WithTags --job ShortRun --benchmarkId 13 in /home/runner/work/Encina/Encina/tests/Encina.BenchmarkTests/Encina.Caching.Hybrid.Benchmarks/bin/Release/net10.0/Encina.Caching.Hybrid.Benchmarks-Job-NUBXJZ-1/bin/Release/net10.0
// Failed to set up high priority (Permission denied). In order to run benchmarks with high priority, make sure you have the right permissions.
// BeforeAnythingElse

// Benchmark Process Environment Information:
// BenchmarkDotNet v0.15.8
// Runtime=.NET 10.0.12 (10.0.12, 10.0.1226.42308), X64 RyuJIT x86-64-v3
// GC=Concurrent Workstation
// HardwareIntrinsics=AVX2+BMI1+BMI2+F16C+FMA+LZCNT+MOVBE,AVX,SSE3+SSSE3+SSE4.1+SSE4.2+POPCNT,X86Base+SSE+SSE2,AES+PCLMUL VectorSize=256
// Job: ShortRun(IterationCount=3, LaunchCount=1, WarmupCount=3)

OverheadJitting  1: 1 op, 229208.00 ns, 229.2080 us/op
WorkloadJitting  1: 1 op, 32646897.00 ns, 32.6469 ms/op

OverheadJitting  2: 16 op, 450631.00 ns, 28.1644 us/op
WorkloadJitting  2: 16 op, 736625.00 ns, 46.0391 us/op

WorkloadPilot    1: 16 op, 275665.00 ns, 17.2291 us/op
WorkloadPilot    2: 32 op, 281406.00 ns, 8.7939 us/op
WorkloadPilot    3: 64 op, 555837.00 ns, 8.6850 us/op
WorkloadPilot    4: 128 op, 979028.00 ns, 7.6487 us/op
WorkloadPilot    5: 256 op, 2089823.00 ns, 8.1634 us/op
WorkloadPilot    6: 512 op, 3788183.00 ns, 7.3988 us/op
WorkloadPilot    7: 1024 op, 7499212.00 ns, 7.3234 us/op
WorkloadPilot    8: 2048 op, 15428788.00 ns, 7.5336 us/op
WorkloadPilot    9: 4096 op, 30126642.00 ns, 7.3551 us/op
WorkloadPilot   10: 8192 op, 67117268.00 ns, 8.1930 us/op
WorkloadPilot   11: 16384 op, 154662498.00 ns, 9.4398 us/op
WorkloadPilot   12: 32768 op, 309771829.00 ns, 9.4535 us/op
WorkloadPilot   13: 65536 op, 681370038.00 ns, 10.3969 us/op

OverheadWarmup   1: 65536 op, 231081.00 ns, 3.5260 ns/op
OverheadWarmup   2: 65536 op, 214530.00 ns, 3.2735 ns/op
OverheadWarmup   3: 65536 op, 232925.00 ns, 3.5542 ns/op
OverheadWarmup   4: 65536 op, 213769.00 ns, 3.2619 ns/op
OverheadWarmup   5: 65536 op, 213468.00 ns, 3.2573 ns/op
OverheadWarmup   6: 65536 op, 213699.00 ns, 3.2608 ns/op
OverheadWarmup   7: 65536 op, 213409.00 ns, 3.2564 ns/op

OverheadActual   1: 65536 op, 213458.00 ns, 3.2571 ns/op
OverheadActual   2: 65536 op, 214360.00 ns, 3.2709 ns/op
OverheadActual   3: 65536 op, 213629.00 ns, 3.2597 ns/op
OverheadActual   4: 65536 op, 213619.00 ns, 3.2596 ns/op
OverheadActual   5: 65536 op, 213499.00 ns, 3.2577 ns/op
OverheadActual   6: 65536 op, 213428.00 ns, 3.2567 ns/op
OverheadActual   7: 65536 op, 230330.00 ns, 3.5146 ns/op
OverheadActual   8: 65536 op, 213569.00 ns, 3.2588 ns/op
OverheadActual   9: 65536 op, 213739.00 ns, 3.2614 ns/op
OverheadActual  10: 65536 op, 213820.00 ns, 3.2626 ns/op
OverheadActual  11: 65536 op, 213689.00 ns, 3.2606 ns/op
OverheadActual  12: 65536 op, 213448.00 ns, 3.2570 ns/op
OverheadActual  13: 65536 op, 213529.00 ns, 3.2582 ns/op
OverheadActual  14: 65536 op, 213688.00 ns, 3.2606 ns/op
OverheadActual  15: 65536 op, 213348.00 ns, 3.2554 ns/op

WorkloadWarmup   1: 65536 op, 609223606.00 ns, 9.2960 us/op
WorkloadWarmup   2: 65536 op, 625731456.00 ns, 9.5479 us/op
WorkloadWarmup   3: 65536 op, 798612780.00 ns, 12.1859 us/op

// BeforeActualRun
WorkloadActual   1: 65536 op, 628504894.00 ns, 9.5902 us/op
WorkloadActual   2: 65536 op, 643363068.00 ns, 9.8169 us/op
WorkloadActual   3: 65536 op, 658777852.00 ns, 10.0522 us/op

// AfterActualRun
WorkloadResult   1: 65536 op, 628291275.00 ns, 9.5870 us/op
WorkloadResult   2: 65536 op, 643149449.00 ns, 9.8137 us/op
WorkloadResult   3: 65536 op, 658564233.00 ns, 10.0489 us/op
// GC:  8 7 0 145227776 65536
// Threading:  0 0 65536

// AfterAll
// Benchmark Process 3426 has exited with code 0.

Mean = 9.817 μs, StdErr = 0.133 μs (1.36%), N = 3, StdDev = 0.231 μs
Min = 9.587 μs, Q1 = 9.700 μs, Median = 9.814 μs, Q3 = 9.931 μs, Max = 10.049 μs
IQR = 0.231 μs, LowerFence = 9.354 μs, UpperFence = 10.278 μs
ConfidenceInterval = [5.603 μs; 14.030 μs] (CI 99.9%), Margin = 4.214 μs (42.93% of Mean)
Skewness = 0.01, Kurtosis = 0.67, MValue = 2

// ** Remained 8 (36.4 %) benchmark(s) to run. Estimated finish 2026-10-06 11:57 (0h 3m from now) **
// **************************
// Benchmark: HybridCacheProviderBenchmarks.RemoveAsync: Job-NUBXJZ(IterationCount=20, WarmupCount=5)
// *** Execute ***
// Launch: 1 / 1
// Execute: dotnet Encina.Caching.Hybrid.Benchmarks-Job-NUBXJZ-1.dll --anonymousPipes 166 167 --benchmarkName Encina.Caching.Hybrid.Benchmarks.Benchmarks.HybridCacheProviderBenchmarks.RemoveAsync --job "IterationCount=20, WarmupCount=5" --benchmarkId 14 in /home/runner/work/Encina/Encina/tests/Encina.BenchmarkTests/Encina.Caching.Hybrid.Benchmarks/bin/Release/net10.0/Encina.Caching.Hybrid.Benchmarks-Job-NUBXJZ-1/bin/Release/net10.0
// Failed to set up high priority (Permission denied). In order to run benchmarks with high priority, make sure you have the right permissions.
// BeforeAnythingElse

// Benchmark Process Environment Information:
// BenchmarkDotNet v0.15.8
// Runtime=.NET 10.0.12 (10.0.12, 10.0.1226.42308), X64 RyuJIT x86-64-v3
// GC=Concurrent Workstation
// HardwareIntrinsics=AVX2+BMI1+BMI2+F16C+FMA+LZCNT+MOVBE,AVX,SSE3+SSSE3+SSE4.1+SSE4.2+POPCNT,X86Base+SSE+SSE2,AES+PCLMUL VectorSize=256
// Job: Job-NUBXJZ(IterationCount=20, WarmupCount=5)

OverheadJitting  1: 1 op, 169606.00 ns, 169.6060 us/op
WorkloadJitting  1: 1 op, 8161219.00 ns, 8.1612 ms/op

OverheadJitting  2: 16 op, 213308.00 ns, 13.3318 us/op
WorkloadJitting  2: 16 op, 366314.00 ns, 22.8946 us/op

WorkloadPilot    1: 16 op, 134912.00 ns, 8.4320 us/op
WorkloadPilot    2: 32 op, 159959.00 ns, 4.9987 us/op
WorkloadPilot    3: 64 op, 292928.00 ns, 4.5770 us/op
WorkloadPilot    4: 128 op, 710708.00 ns, 5.5524 us/op
WorkloadPilot    5: 256 op, 1346706.00 ns, 5.2606 us/op
WorkloadPilot    6: 512 op, 2572827.00 ns, 5.0251 us/op
WorkloadPilot    7: 1024 op, 5104187.00 ns, 4.9846 us/op
WorkloadPilot    8: 2048 op, 10207813.00 ns, 4.9843 us/op
WorkloadPilot    9: 4096 op, 20544114.00 ns, 5.0157 us/op
WorkloadPilot   10: 8192 op, 43806009.00 ns, 5.3474 us/op
WorkloadPilot   11: 16384 op, 80359467.00 ns, 4.9048 us/op
WorkloadPilot   12: 32768 op, 142257665.00 ns, 4.3414 us/op
WorkloadPilot   13: 65536 op, 288544052.00 ns, 4.4028 us/op
WorkloadPilot   14: 131072 op, 567115203.00 ns, 4.3267 us/op

OverheadWarmup   1: 131072 op, 233025.00 ns, 1.7778 ns/op
OverheadWarmup   2: 131072 op, 243975.00 ns, 1.8614 ns/op
OverheadWarmup   3: 131072 op, 230230.00 ns, 1.7565 ns/op
OverheadWarmup   4: 131072 op, 229277.00 ns, 1.7492 ns/op
OverheadWarmup   5: 131072 op, 253402.00 ns, 1.9333 ns/op
OverheadWarmup   6: 131072 op, 229338.00 ns, 1.7497 ns/op

OverheadActual   1: 131072 op, 212547.00 ns, 1.6216 ns/op
OverheadActual   2: 131072 op, 212617.00 ns, 1.6221 ns/op
OverheadActual   3: 131072 op, 246741.00 ns, 1.8825 ns/op
OverheadActual   4: 131072 op, 212547.00 ns, 1.6216 ns/op
OverheadActual   5: 131072 op, 234869.00 ns, 1.7919 ns/op
OverheadActual   6: 131072 op, 230410.00 ns, 1.7579 ns/op
OverheadActual   7: 131072 op, 229339.00 ns, 1.7497 ns/op
OverheadActual   8: 131072 op, 229058.00 ns, 1.7476 ns/op
OverheadActual   9: 131072 op, 212517.00 ns, 1.6214 ns/op
OverheadActual  10: 131072 op, 212577.00 ns, 1.6218 ns/op
OverheadActual  11: 131072 op, 215863.00 ns, 1.6469 ns/op
OverheadActual  12: 131072 op, 212527.00 ns, 1.6215 ns/op
OverheadActual  13: 131072 op, 212577.00 ns, 1.6218 ns/op
OverheadActual  14: 131072 op, 212596.00 ns, 1.6220 ns/op
OverheadActual  15: 131072 op, 212506.00 ns, 1.6213 ns/op
OverheadActual  16: 131072 op, 212527.00 ns, 1.6215 ns/op
OverheadActual  17: 131072 op, 212537.00 ns, 1.6215 ns/op

WorkloadWarmup   1: 131072 op, 575779420.00 ns, 4.3928 us/op
WorkloadWarmup   2: 131072 op, 594819399.00 ns, 4.5381 us/op
WorkloadWarmup   3: 131072 op, 570632249.00 ns, 4.3536 us/op
WorkloadWarmup   4: 131072 op, 566712191.00 ns, 4.3237 us/op
WorkloadWarmup   5: 131072 op, 569805733.00 ns, 4.3473 us/op

// BeforeActualRun
WorkloadActual   1: 131072 op, 570626080.00 ns, 4.3535 us/op
WorkloadActual   2: 131072 op, 565818942.00 ns, 4.3169 us/op
WorkloadActual   3: 131072 op, 548614219.00 ns, 4.1856 us/op
WorkloadActual   4: 131072 op, 569932930.00 ns, 4.3482 us/op
WorkloadActual   5: 131072 op, 545372783.00 ns, 4.1609 us/op
WorkloadActual   6: 131072 op, 573690729.00 ns, 4.3769 us/op
WorkloadActual   7: 131072 op, 572702363.00 ns, 4.3694 us/op
WorkloadActual   8: 131072 op, 565453969.00 ns, 4.3141 us/op
WorkloadActual   9: 131072 op, 565356477.00 ns, 4.3133 us/op
WorkloadActual  10: 131072 op, 569229650.00 ns, 4.3429 us/op
WorkloadActual  11: 131072 op, 566063617.00 ns, 4.3187 us/op
WorkloadActual  12: 131072 op, 571907551.00 ns, 4.3633 us/op
WorkloadActual  13: 131072 op, 582355338.00 ns, 4.4430 us/op
WorkloadActual  14: 131072 op, 585804348.00 ns, 4.4693 us/op
WorkloadActual  15: 131072 op, 569429958.00 ns, 4.3444 us/op
WorkloadActual  16: 131072 op, 567217406.00 ns, 4.3275 us/op
WorkloadActual  17: 131072 op, 571309541.00 ns, 4.3587 us/op
WorkloadActual  18: 131072 op, 568590310.00 ns, 4.3380 us/op
WorkloadActual  19: 131072 op, 574940779.00 ns, 4.3865 us/op
WorkloadActual  20: 131072 op, 569518333.00 ns, 4.3451 us/op

// AfterActualRun
WorkloadResult   1: 131072 op, 570413503.00 ns, 4.3519 us/op
WorkloadResult   2: 131072 op, 565606365.00 ns, 4.3152 us/op
WorkloadResult   3: 131072 op, 548401642.00 ns, 4.1840 us/op
WorkloadResult   4: 131072 op, 569720353.00 ns, 4.3466 us/op
WorkloadResult   5: 131072 op, 545160206.00 ns, 4.1592 us/op
WorkloadResult   6: 131072 op, 573478152.00 ns, 4.3753 us/op
WorkloadResult   7: 131072 op, 572489786.00 ns, 4.3678 us/op
WorkloadResult   8: 131072 op, 565241392.00 ns, 4.3124 us/op
WorkloadResult   9: 131072 op, 565143900.00 ns, 4.3117 us/op
WorkloadResult  10: 131072 op, 569017073.00 ns, 4.3413 us/op
WorkloadResult  11: 131072 op, 565851040.00 ns, 4.3171 us/op
WorkloadResult  12: 131072 op, 571694974.00 ns, 4.3617 us/op
WorkloadResult  13: 131072 op, 569217381.00 ns, 4.3428 us/op
WorkloadResult  14: 131072 op, 567004829.00 ns, 4.3259 us/op
WorkloadResult  15: 131072 op, 571096964.00 ns, 4.3571 us/op
WorkloadResult  16: 131072 op, 568377733.00 ns, 4.3364 us/op
WorkloadResult  17: 131072 op, 574728202.00 ns, 4.3848 us/op
WorkloadResult  18: 131072 op, 569305756.00 ns, 4.3435 us/op
// GC:  8 0 0 148897792 131072
// Threading:  131072 0 131072

// AfterAll
// Benchmark Process 3438 has exited with code 0.

Mean = 4.324 μs, StdErr = 0.014 μs (0.32%), N = 18, StdDev = 0.060 μs
Min = 4.159 μs, Q1 = 4.316 μs, Median = 4.342 μs, Q3 = 4.356 μs, Max = 4.385 μs
IQR = 0.040 μs, LowerFence = 4.256 μs, UpperFence = 4.416 μs
ConfidenceInterval = [4.268 μs; 4.380 μs] (CI 99.9%), Margin = 0.056 μs (1.29% of Mean)
Skewness = -1.75, Kurtosis = 5.08, MValue = 2

// ** Remained 7 (31.8 %) benchmark(s) to run. Estimated finish 2026-10-06 11:56 (0h 2m from now) **
// **************************
// Benchmark: HybridCacheProviderBenchmarks.RemoveAsync: ShortRun(IterationCount=3, LaunchCount=1, WarmupCount=3)
// *** Execute ***
// Launch: 1 / 1
// Execute: dotnet Encina.Caching.Hybrid.Benchmarks-Job-NUBXJZ-1.dll --anonymousPipes 166 167 --benchmarkName Encina.Caching.Hybrid.Benchmarks.Benchmarks.HybridCacheProviderBenchmarks.RemoveAsync --job ShortRun --benchmarkId 15 in /home/runner/work/Encina/Encina/tests/Encina.BenchmarkTests/Encina.Caching.Hybrid.Benchmarks/bin/Release/net10.0/Encina.Caching.Hybrid.Benchmarks-Job-NUBXJZ-1/bin/Release/net10.0
// Failed to set up high priority (Permission denied). In order to run benchmarks with high priority, make sure you have the right permissions.
// BeforeAnythingElse

// Benchmark Process Environment Information:
// BenchmarkDotNet v0.15.8
// Runtime=.NET 10.0.12 (10.0.12, 10.0.1226.42308), X64 RyuJIT x86-64-v3
// GC=Concurrent Workstation
// HardwareIntrinsics=AVX2+BMI1+BMI2+F16C+FMA+LZCNT+MOVBE,AVX,SSE3+SSSE3+SSE4.1+SSE4.2+POPCNT,X86Base+SSE+SSE2,AES+PCLMUL VectorSize=256
// Job: ShortRun(IterationCount=3, LaunchCount=1, WarmupCount=3)

OverheadJitting  1: 1 op, 175448.00 ns, 175.4480 us/op
WorkloadJitting  1: 1 op, 8257892.00 ns, 8.2579 ms/op

OverheadJitting  2: 16 op, 179065.00 ns, 11.1916 us/op
WorkloadJitting  2: 16 op, 385881.00 ns, 24.1176 us/op

WorkloadPilot    1: 16 op, 125354.00 ns, 7.8346 us/op
WorkloadPilot    2: 32 op, 177121.00 ns, 5.5350 us/op
WorkloadPilot    3: 64 op, 363069.00 ns, 5.6730 us/op
WorkloadPilot    4: 128 op, 607875.00 ns, 4.7490 us/op
WorkloadPilot    5: 256 op, 1356894.00 ns, 5.3004 us/op
WorkloadPilot    6: 512 op, 2607761.00 ns, 5.0933 us/op
WorkloadPilot    7: 1024 op, 5178671.00 ns, 5.0573 us/op
WorkloadPilot    8: 2048 op, 10282704.00 ns, 5.0209 us/op
WorkloadPilot    9: 4096 op, 20544318.00 ns, 5.0157 us/op
WorkloadPilot   10: 8192 op, 40942774.00 ns, 4.9979 us/op
WorkloadPilot   11: 16384 op, 79943651.00 ns, 4.8794 us/op
WorkloadPilot   12: 32768 op, 143555262.00 ns, 4.3810 us/op
WorkloadPilot   13: 65536 op, 286926850.00 ns, 4.3782 us/op
WorkloadPilot   14: 131072 op, 575465319.00 ns, 4.3905 us/op

OverheadWarmup   1: 131072 op, 239838.00 ns, 1.8298 ns/op
OverheadWarmup   2: 131072 op, 212607.00 ns, 1.6221 ns/op
OverheadWarmup   3: 131072 op, 212557.00 ns, 1.6217 ns/op
OverheadWarmup   4: 131072 op, 212597.00 ns, 1.6220 ns/op
OverheadWarmup   5: 131072 op, 212537.00 ns, 1.6215 ns/op
OverheadWarmup   6: 131072 op, 212557.00 ns, 1.6217 ns/op
OverheadWarmup   7: 131072 op, 212536.00 ns, 1.6215 ns/op

OverheadActual   1: 131072 op, 212607.00 ns, 1.6221 ns/op
OverheadActual   2: 131072 op, 212607.00 ns, 1.6221 ns/op
OverheadActual   3: 131072 op, 212577.00 ns, 1.6218 ns/op
OverheadActual   4: 131072 op, 212608.00 ns, 1.6221 ns/op
OverheadActual   5: 131072 op, 212617.00 ns, 1.6221 ns/op
OverheadActual   6: 131072 op, 212566.00 ns, 1.6217 ns/op
OverheadActual   7: 131072 op, 212517.00 ns, 1.6214 ns/op
OverheadActual   8: 131072 op, 212537.00 ns, 1.6215 ns/op
OverheadActual   9: 131072 op, 212517.00 ns, 1.6214 ns/op
OverheadActual  10: 131072 op, 212557.00 ns, 1.6217 ns/op
OverheadActual  11: 131072 op, 212557.00 ns, 1.6217 ns/op
OverheadActual  12: 131072 op, 212597.00 ns, 1.6220 ns/op
OverheadActual  13: 131072 op, 212507.00 ns, 1.6213 ns/op
OverheadActual  14: 131072 op, 212547.00 ns, 1.6216 ns/op
OverheadActual  15: 131072 op, 212527.00 ns, 1.6215 ns/op

WorkloadWarmup   1: 131072 op, 585527321.00 ns, 4.4672 us/op
WorkloadWarmup   2: 131072 op, 585952324.00 ns, 4.4705 us/op
WorkloadWarmup   3: 131072 op, 577163973.00 ns, 4.4034 us/op

// BeforeActualRun
WorkloadActual   1: 131072 op, 576224329.00 ns, 4.3962 us/op
WorkloadActual   2: 131072 op, 575445507.00 ns, 4.3903 us/op
WorkloadActual   3: 131072 op, 573594981.00 ns, 4.3762 us/op

// AfterActualRun
WorkloadResult   1: 131072 op, 576011772.00 ns, 4.3946 us/op
WorkloadResult   2: 131072 op, 575232950.00 ns, 4.3887 us/op
WorkloadResult   3: 131072 op, 573382424.00 ns, 4.3746 us/op
// GC:  8 0 0 148897792 131072
// Threading:  131072 0 131072

// AfterAll
// Benchmark Process 3455 has exited with code 0.

Mean = 4.386 μs, StdErr = 0.006 μs (0.14%), N = 3, StdDev = 0.010 μs
Min = 4.375 μs, Q1 = 4.382 μs, Median = 4.389 μs, Q3 = 4.392 μs, Max = 4.395 μs
IQR = 0.010 μs, LowerFence = 4.367 μs, UpperFence = 4.407 μs
ConfidenceInterval = [4.198 μs; 4.574 μs] (CI 99.9%), Margin = 0.188 μs (4.29% of Mean)
Skewness = -0.25, Kurtosis = 0.67, MValue = 2

// ** Remained 6 (27.3 %) benchmark(s) to run. Estimated finish 2026-10-06 11:56 (0h 2m from now) **
// **************************
// Benchmark: HybridCacheProviderBenchmarks.RemoveByTagAsync: Job-NUBXJZ(IterationCount=20, WarmupCount=5)
// *** Execute ***
// Launch: 1 / 1
// Execute: dotnet Encina.Caching.Hybrid.Benchmarks-Job-NUBXJZ-1.dll --anonymousPipes 166 167 --benchmarkName Encina.Caching.Hybrid.Benchmarks.Benchmarks.HybridCacheProviderBenchmarks.RemoveByTagAsync --job "IterationCount=20, WarmupCount=5" --benchmarkId 16 in /home/runner/work/Encina/Encina/tests/Encina.BenchmarkTests/Encina.Caching.Hybrid.Benchmarks/bin/Release/net10.0/Encina.Caching.Hybrid.Benchmarks-Job-NUBXJZ-1/bin/Release/net10.0
// Failed to set up high priority (Permission denied). In order to run benchmarks with high priority, make sure you have the right permissions.
// BeforeAnythingElse

// Benchmark Process Environment Information:
// BenchmarkDotNet v0.15.8
// Runtime=.NET 10.0.12 (10.0.12, 10.0.1226.42308), X64 RyuJIT x86-64-v3
// GC=Concurrent Workstation
// HardwareIntrinsics=AVX2+BMI1+BMI2+F16C+FMA+LZCNT+MOVBE,AVX,SSE3+SSSE3+SSE4.1+SSE4.2+POPCNT,X86Base+SSE+SSE2,AES+PCLMUL VectorSize=256
// Job: Job-NUBXJZ(IterationCount=20, WarmupCount=5)

OverheadJitting  1: 1 op, 168455.00 ns, 168.4550 us/op
WorkloadJitting  1: 1 op, 37183655.00 ns, 37.1837 ms/op

WorkloadPilot    1: 2 op, 143488.00 ns, 71.7440 us/op
WorkloadPilot    2: 3 op, 57777.00 ns, 19.2590 us/op
WorkloadPilot    3: 4 op, 67436.00 ns, 16.8590 us/op
WorkloadPilot    4: 5 op, 73367.00 ns, 14.6734 us/op
WorkloadPilot    5: 6 op, 73046.00 ns, 12.1743 us/op
WorkloadPilot    6: 7 op, 167052.00 ns, 23.8646 us/op
WorkloadPilot    7: 8 op, 92393.00 ns, 11.5491 us/op
WorkloadPilot    8: 9 op, 105837.00 ns, 11.7597 us/op
WorkloadPilot    9: 10 op, 93063.00 ns, 9.3063 us/op
WorkloadPilot   10: 11 op, 123090.00 ns, 11.1900 us/op
WorkloadPilot   11: 12 op, 119934.00 ns, 9.9945 us/op
WorkloadPilot   12: 13 op, 129802.00 ns, 9.9848 us/op
WorkloadPilot   13: 14 op, 149238.00 ns, 10.6599 us/op
WorkloadPilot   14: 15 op, 138098.00 ns, 9.2065 us/op
WorkloadPilot   15: 16 op, 157384.00 ns, 9.8365 us/op
WorkloadPilot   16: 32 op, 311181.00 ns, 9.7244 us/op
WorkloadPilot   17: 64 op, 545027.00 ns, 8.5160 us/op
WorkloadPilot   18: 128 op, 1071600.00 ns, 8.3719 us/op
WorkloadPilot   19: 256 op, 2105249.00 ns, 8.2236 us/op
WorkloadPilot   20: 512 op, 4184460.00 ns, 8.1728 us/op
WorkloadPilot   21: 1024 op, 7831335.00 ns, 7.6478 us/op
WorkloadPilot   22: 2048 op, 16820131.00 ns, 8.2130 us/op
WorkloadPilot   23: 4096 op, 32988436.00 ns, 8.0538 us/op
WorkloadPilot   24: 8192 op, 66614491.00 ns, 8.1317 us/op
WorkloadPilot   25: 16384 op, 150292676.00 ns, 9.1731 us/op
WorkloadPilot   26: 32768 op, 321384780.00 ns, 9.8079 us/op
WorkloadPilot   27: 65536 op, 674800739.00 ns, 10.2966 us/op

WorkloadWarmup   1: 65536 op, 594883411.00 ns, 9.0772 us/op
WorkloadWarmup   2: 65536 op, 619176779.00 ns, 9.4479 us/op
WorkloadWarmup   3: 65536 op, 801560543.00 ns, 12.2308 us/op
WorkloadWarmup   4: 65536 op, 626885011.00 ns, 9.5655 us/op
WorkloadWarmup   5: 65536 op, 628467856.00 ns, 9.5897 us/op

// BeforeActualRun
WorkloadActual   1: 65536 op, 609135372.00 ns, 9.2947 us/op
WorkloadActual   2: 65536 op, 635355290.00 ns, 9.6948 us/op
WorkloadActual   3: 65536 op, 1005933733.00 ns, 15.3493 us/op
WorkloadActual   4: 65536 op, 644196682.00 ns, 9.8297 us/op
WorkloadActual   5: 65536 op, 629671096.00 ns, 9.6080 us/op
WorkloadActual   6: 65536 op, 653388317.00 ns, 9.9699 us/op
WorkloadActual   7: 65536 op, 666834896.00 ns, 10.1751 us/op
WorkloadActual   8: 65536 op, 655678166.00 ns, 10.0049 us/op
WorkloadActual   9: 65536 op, 676811868.00 ns, 10.3273 us/op
WorkloadActual  10: 65536 op, 662823903.00 ns, 10.1139 us/op
WorkloadActual  11: 65536 op, 666538917.00 ns, 10.1706 us/op
WorkloadActual  12: 65536 op, 660990157.00 ns, 10.0859 us/op
WorkloadActual  13: 65536 op, 1459491529.00 ns, 22.2701 us/op
WorkloadActual  14: 65536 op, 661685558.00 ns, 10.0965 us/op
WorkloadActual  15: 65536 op, 691074032.00 ns, 10.5450 us/op
WorkloadActual  16: 65536 op, 648055080.00 ns, 9.8885 us/op
WorkloadActual  17: 65536 op, 661642907.00 ns, 10.0959 us/op
WorkloadActual  18: 65536 op, 693890361.00 ns, 10.5879 us/op
WorkloadActual  19: 65536 op, 661358012.00 ns, 10.0915 us/op
WorkloadActual  20: 65536 op, 662647282.00 ns, 10.1112 us/op

// AfterActualRun
WorkloadResult   1: 65536 op, 609135372.00 ns, 9.2947 us/op
WorkloadResult   2: 65536 op, 635355290.00 ns, 9.6948 us/op
WorkloadResult   3: 65536 op, 644196682.00 ns, 9.8297 us/op
WorkloadResult   4: 65536 op, 629671096.00 ns, 9.6080 us/op
WorkloadResult   5: 65536 op, 653388317.00 ns, 9.9699 us/op
WorkloadResult   6: 65536 op, 666834896.00 ns, 10.1751 us/op
WorkloadResult   7: 65536 op, 655678166.00 ns, 10.0049 us/op
WorkloadResult   8: 65536 op, 676811868.00 ns, 10.3273 us/op
WorkloadResult   9: 65536 op, 662823903.00 ns, 10.1139 us/op
WorkloadResult  10: 65536 op, 666538917.00 ns, 10.1706 us/op
WorkloadResult  11: 65536 op, 660990157.00 ns, 10.0859 us/op
WorkloadResult  12: 65536 op, 661685558.00 ns, 10.0965 us/op
WorkloadResult  13: 65536 op, 691074032.00 ns, 10.5450 us/op
WorkloadResult  14: 65536 op, 648055080.00 ns, 9.8885 us/op
WorkloadResult  15: 65536 op, 661642907.00 ns, 10.0959 us/op
WorkloadResult  16: 65536 op, 693890361.00 ns, 10.5879 us/op
WorkloadResult  17: 65536 op, 661358012.00 ns, 10.0915 us/op
WorkloadResult  18: 65536 op, 662647282.00 ns, 10.1112 us/op
// GC:  9 8 0 160432128 65536
// Threading:  0 0 65536

// AfterAll
// Benchmark Process 3467 has exited with code 0.

Mean = 10.038 μs, StdErr = 0.073 μs (0.73%), N = 18, StdDev = 0.310 μs
Min = 9.295 μs, Q1 = 9.909 μs, Median = 10.094 μs, Q3 = 10.156 μs, Max = 10.588 μs
IQR = 0.248 μs, LowerFence = 9.538 μs, UpperFence = 10.528 μs
ConfidenceInterval = [9.749 μs; 10.328 μs] (CI 99.9%), Margin = 0.289 μs (2.88% of Mean)
Skewness = -0.41, Kurtosis = 3.15, MValue = 2

// ** Remained 5 (22.7 %) benchmark(s) to run. Estimated finish 2026-10-06 11:57 (0h 2m from now) **
// **************************
// Benchmark: HybridCacheProviderBenchmarks.RemoveByTagAsync: ShortRun(IterationCount=3, LaunchCount=1, WarmupCount=3)
// *** Execute ***
// Launch: 1 / 1
// Execute: dotnet Encina.Caching.Hybrid.Benchmarks-Job-NUBXJZ-1.dll --anonymousPipes 166 167 --benchmarkName Encina.Caching.Hybrid.Benchmarks.Benchmarks.HybridCacheProviderBenchmarks.RemoveByTagAsync --job ShortRun --benchmarkId 17 in /home/runner/work/Encina/Encina/tests/Encina.BenchmarkTests/Encina.Caching.Hybrid.Benchmarks/bin/Release/net10.0/Encina.Caching.Hybrid.Benchmarks-Job-NUBXJZ-1/bin/Release/net10.0
// Failed to set up high priority (Permission denied). In order to run benchmarks with high priority, make sure you have the right permissions.
// BeforeAnythingElse

// Benchmark Process Environment Information:
// BenchmarkDotNet v0.15.8
// Runtime=.NET 10.0.12 (10.0.12, 10.0.1226.42308), X64 RyuJIT x86-64-v3
// GC=Concurrent Workstation
// HardwareIntrinsics=AVX2+BMI1+BMI2+F16C+FMA+LZCNT+MOVBE,AVX,SSE3+SSSE3+SSE4.1+SSE4.2+POPCNT,X86Base+SSE+SSE2,AES+PCLMUL VectorSize=256
// Job: ShortRun(IterationCount=3, LaunchCount=1, WarmupCount=3)

OverheadJitting  1: 1 op, 169747.00 ns, 169.7470 us/op
WorkloadJitting  1: 1 op, 37097229.00 ns, 37.0972 ms/op

WorkloadPilot    1: 2 op, 142466.00 ns, 71.2330 us/op
WorkloadPilot    2: 3 op, 56937.00 ns, 18.9790 us/op
WorkloadPilot    3: 4 op, 59851.00 ns, 14.9628 us/op
WorkloadPilot    4: 5 op, 70993.00 ns, 14.1986 us/op
WorkloadPilot    5: 6 op, 77705.00 ns, 12.9508 us/op
WorkloadPilot    6: 7 op, 152204.00 ns, 21.7434 us/op
WorkloadPilot    7: 8 op, 114724.00 ns, 14.3405 us/op
WorkloadPilot    8: 9 op, 99696.00 ns, 11.0773 us/op
WorkloadPilot    9: 10 op, 96150.00 ns, 9.6150 us/op
WorkloadPilot   10: 11 op, 111769.00 ns, 10.1608 us/op
WorkloadPilot   11: 12 op, 121066.00 ns, 10.0888 us/op
WorkloadPilot   12: 13 op, 119543.00 ns, 9.1956 us/op
WorkloadPilot   13: 14 op, 129011.00 ns, 9.2151 us/op
WorkloadPilot   14: 15 op, 146594.00 ns, 9.7729 us/op
WorkloadPilot   15: 16 op, 160569.00 ns, 10.0356 us/op
WorkloadPilot   16: 32 op, 282096.00 ns, 8.8155 us/op
WorkloadPilot   17: 64 op, 590843.00 ns, 9.2319 us/op
WorkloadPilot   18: 128 op, 1068184.00 ns, 8.3452 us/op
WorkloadPilot   19: 256 op, 2178397.00 ns, 8.5094 us/op
WorkloadPilot   20: 512 op, 4262969.00 ns, 8.3261 us/op
WorkloadPilot   21: 1024 op, 7953459.00 ns, 7.7670 us/op
WorkloadPilot   22: 2048 op, 16380822.00 ns, 7.9984 us/op
WorkloadPilot   23: 4096 op, 32653824.00 ns, 7.9721 us/op
WorkloadPilot   24: 8192 op, 66488942.00 ns, 8.1163 us/op
WorkloadPilot   25: 16384 op, 148790166.00 ns, 9.0814 us/op
WorkloadPilot   26: 32768 op, 326834639.00 ns, 9.9742 us/op
WorkloadPilot   27: 65536 op, 675880837.00 ns, 10.3131 us/op

WorkloadWarmup   1: 65536 op, 608032737.00 ns, 9.2778 us/op
WorkloadWarmup   2: 65536 op, 683924133.00 ns, 10.4359 us/op
WorkloadWarmup   3: 65536 op, 716649241.00 ns, 10.9352 us/op

// BeforeActualRun
WorkloadActual   1: 65536 op, 617236208.00 ns, 9.4183 us/op
WorkloadActual   2: 65536 op, 635465392.00 ns, 9.6964 us/op
WorkloadActual   3: 65536 op, 637709422.00 ns, 9.7307 us/op

// AfterActualRun
WorkloadResult   1: 65536 op, 617236208.00 ns, 9.4183 us/op
WorkloadResult   2: 65536 op, 635465392.00 ns, 9.6964 us/op
WorkloadResult   3: 65536 op, 637709422.00 ns, 9.7307 us/op
// GC:  11 10 0 199913104 65536
// Threading:  0 0 65536

// AfterAll
// Benchmark Process 3506 has exited with code 0.

Mean = 9.615 μs, StdErr = 0.099 μs (1.03%), N = 3, StdDev = 0.171 μs
Min = 9.418 μs, Q1 = 9.557 μs, Median = 9.696 μs, Q3 = 9.714 μs, Max = 9.731 μs
IQR = 0.156 μs, LowerFence = 9.323 μs, UpperFence = 9.948 μs
ConfidenceInterval = [6.489 μs; 12.741 μs] (CI 99.9%), Margin = 3.126 μs (32.51% of Mean)
Skewness = -0.37, Kurtosis = 0.67, MValue = 2

// ** Remained 4 (18.2 %) benchmark(s) to run. Estimated finish 2026-10-06 11:57 (0h 1m from now) **
// **************************
// Benchmark: HybridCacheProviderBenchmarks.SetAsync: Job-NUBXJZ(IterationCount=20, WarmupCount=5)
// *** Execute ***
// Launch: 1 / 1
// Execute: dotnet Encina.Caching.Hybrid.Benchmarks-Job-NUBXJZ-1.dll --anonymousPipes 166 167 --benchmarkName Encina.Caching.Hybrid.Benchmarks.Benchmarks.HybridCacheProviderBenchmarks.SetAsync --job "IterationCount=20, WarmupCount=5" --benchmarkId 18 in /home/runner/work/Encina/Encina/tests/Encina.BenchmarkTests/Encina.Caching.Hybrid.Benchmarks/bin/Release/net10.0/Encina.Caching.Hybrid.Benchmarks-Job-NUBXJZ-1/bin/Release/net10.0
// Failed to set up high priority (Permission denied). In order to run benchmarks with high priority, make sure you have the right permissions.
// BeforeAnythingElse

// Benchmark Process Environment Information:
// BenchmarkDotNet v0.15.8
// Runtime=.NET 10.0.12 (10.0.12, 10.0.1226.42308), X64 RyuJIT x86-64-v3
// GC=Concurrent Workstation
// HardwareIntrinsics=AVX2+BMI1+BMI2+F16C+FMA+LZCNT+MOVBE,AVX,SSE3+SSSE3+SSE4.1+SSE4.2+POPCNT,X86Base+SSE+SSE2,AES+PCLMUL VectorSize=256
// Job: Job-NUBXJZ(IterationCount=20, WarmupCount=5)

OverheadJitting  1: 1 op, 194443.00 ns, 194.4430 us/op
WorkloadJitting  1: 1 op, 2332995.00 ns, 2.3330 ms/op

OverheadJitting  2: 16 op, 177001.00 ns, 11.0626 us/op
WorkloadJitting  2: 16 op, 251970.00 ns, 15.7481 us/op

WorkloadPilot    1: 16 op, 124041.00 ns, 7.7526 us/op
WorkloadPilot    2: 32 op, 122770.00 ns, 3.8366 us/op
WorkloadPilot    3: 64 op, 209771.00 ns, 3.2777 us/op
WorkloadPilot    4: 128 op, 403975.00 ns, 3.1561 us/op
WorkloadPilot    5: 256 op, 746604.00 ns, 2.9164 us/op
WorkloadPilot    6: 512 op, 1474393.00 ns, 2.8797 us/op
WorkloadPilot    7: 1024 op, 3965223.00 ns, 3.8723 us/op
WorkloadPilot    8: 2048 op, 5993800.00 ns, 2.9267 us/op
WorkloadPilot    9: 4096 op, 12784408.00 ns, 3.1212 us/op
WorkloadPilot   10: 8192 op, 21767260.00 ns, 2.6571 us/op
WorkloadPilot   11: 16384 op, 62137330.00 ns, 3.7926 us/op
WorkloadPilot   12: 32768 op, 133037721.00 ns, 4.0600 us/op
WorkloadPilot   13: 65536 op, 261273317.00 ns, 3.9867 us/op
WorkloadPilot   14: 131072 op, 495362851.00 ns, 3.7793 us/op
WorkloadPilot   15: 262144 op, 1177245156.00 ns, 4.4908 us/op

OverheadWarmup   1: 262144 op, 472613.00 ns, 1.8029 ns/op
OverheadWarmup   2: 262144 op, 448127.00 ns, 1.7095 ns/op
OverheadWarmup   3: 262144 op, 446443.00 ns, 1.7030 ns/op
OverheadWarmup   4: 262144 op, 448366.00 ns, 1.7104 ns/op
OverheadWarmup   5: 262144 op, 463125.00 ns, 1.7667 ns/op
OverheadWarmup   6: 262144 op, 463365.00 ns, 1.7676 ns/op
OverheadWarmup   7: 262144 op, 462444.00 ns, 1.7641 ns/op
OverheadWarmup   8: 262144 op, 471009.00 ns, 1.7968 ns/op
OverheadWarmup   9: 262144 op, 448537.00 ns, 1.7110 ns/op

OverheadActual   1: 262144 op, 466551.00 ns, 1.7798 ns/op
OverheadActual   2: 262144 op, 464046.00 ns, 1.7702 ns/op
OverheadActual   3: 262144 op, 447134.00 ns, 1.7057 ns/op
OverheadActual   4: 262144 op, 462814.00 ns, 1.7655 ns/op
OverheadActual   5: 262144 op, 465419.00 ns, 1.7754 ns/op
OverheadActual   6: 262144 op, 475167.00 ns, 1.8126 ns/op
OverheadActual   7: 262144 op, 464768.00 ns, 1.7729 ns/op
OverheadActual   8: 262144 op, 447425.00 ns, 1.7068 ns/op
OverheadActual   9: 262144 op, 474986.00 ns, 1.8119 ns/op
OverheadActual  10: 262144 op, 476710.00 ns, 1.8185 ns/op
OverheadActual  11: 262144 op, 446474.00 ns, 1.7032 ns/op
OverheadActual  12: 262144 op, 463786.00 ns, 1.7692 ns/op
OverheadActual  13: 262144 op, 464588.00 ns, 1.7723 ns/op
OverheadActual  14: 262144 op, 477662.00 ns, 1.8221 ns/op
OverheadActual  15: 262144 op, 464127.00 ns, 1.7705 ns/op

WorkloadWarmup   1: 262144 op, 1198927339.00 ns, 4.5735 us/op
WorkloadWarmup   2: 262144 op, 1040456809.00 ns, 3.9690 us/op
WorkloadWarmup   3: 262144 op, 1452214748.00 ns, 5.5398 us/op
WorkloadWarmup   4: 262144 op, 1070898928.00 ns, 4.0852 us/op
WorkloadWarmup   5: 262144 op, 1073103404.00 ns, 4.0936 us/op

// BeforeActualRun
WorkloadActual   1: 262144 op, 1090567075.00 ns, 4.1602 us/op
WorkloadActual   2: 262144 op, 1088678605.00 ns, 4.1530 us/op
WorkloadActual   3: 262144 op, 1102663216.00 ns, 4.2063 us/op
WorkloadActual   4: 262144 op, 2004767733.00 ns, 7.6476 us/op
WorkloadActual   5: 262144 op, 1122899277.00 ns, 4.2835 us/op
WorkloadActual   6: 262144 op, 1146095760.00 ns, 4.3720 us/op
WorkloadActual   7: 262144 op, 1128708961.00 ns, 4.3057 us/op
WorkloadActual   8: 262144 op, 1139858656.00 ns, 4.3482 us/op
WorkloadActual   9: 262144 op, 1134647373.00 ns, 4.3283 us/op
WorkloadActual  10: 262144 op, 1142609859.00 ns, 4.3587 us/op
WorkloadActual  11: 262144 op, 1165573987.00 ns, 4.4463 us/op
WorkloadActual  12: 262144 op, 1174716488.00 ns, 4.4812 us/op
WorkloadActual  13: 262144 op, 1156680191.00 ns, 4.4124 us/op
WorkloadActual  14: 262144 op, 1168460231.00 ns, 4.4573 us/op
WorkloadActual  15: 262144 op, 1170318573.00 ns, 4.4644 us/op
WorkloadActual  16: 262144 op, 2937150034.00 ns, 11.2043 us/op
WorkloadActual  17: 262144 op, 1230636156.00 ns, 4.6945 us/op
WorkloadActual  18: 262144 op, 1193793927.00 ns, 4.5540 us/op
WorkloadActual  19: 262144 op, 1182874653.00 ns, 4.5123 us/op
WorkloadActual  20: 262144 op, 1183674988.00 ns, 4.5154 us/op

// AfterActualRun
WorkloadResult   1: 262144 op, 1090102487.00 ns, 4.1584 us/op
WorkloadResult   2: 262144 op, 1088214017.00 ns, 4.1512 us/op
WorkloadResult   3: 262144 op, 1102198628.00 ns, 4.2046 us/op
WorkloadResult   4: 262144 op, 1122434689.00 ns, 4.2817 us/op
WorkloadResult   5: 262144 op, 1145631172.00 ns, 4.3702 us/op
WorkloadResult   6: 262144 op, 1128244373.00 ns, 4.3039 us/op
WorkloadResult   7: 262144 op, 1139394068.00 ns, 4.3464 us/op
WorkloadResult   8: 262144 op, 1134182785.00 ns, 4.3266 us/op
WorkloadResult   9: 262144 op, 1142145271.00 ns, 4.3569 us/op
WorkloadResult  10: 262144 op, 1165109399.00 ns, 4.4445 us/op
WorkloadResult  11: 262144 op, 1174251900.00 ns, 4.4794 us/op
WorkloadResult  12: 262144 op, 1156215603.00 ns, 4.4106 us/op
WorkloadResult  13: 262144 op, 1167995643.00 ns, 4.4555 us/op
WorkloadResult  14: 262144 op, 1169853985.00 ns, 4.4626 us/op
WorkloadResult  15: 262144 op, 1230171568.00 ns, 4.6927 us/op
WorkloadResult  16: 262144 op, 1193329339.00 ns, 4.5522 us/op
WorkloadResult  17: 262144 op, 1182410065.00 ns, 4.5105 us/op
WorkloadResult  18: 262144 op, 1183210400.00 ns, 4.5136 us/op
// GC:  16 15 0 278923488 262144
// Threading:  0 0 262144

// AfterAll
// Benchmark Process 3515 has exited with code 0.

Mean = 4.390 μs, StdErr = 0.033 μs (0.76%), N = 18, StdDev = 0.141 μs
Min = 4.151 μs, Q1 = 4.310 μs, Median = 4.390 μs, Q3 = 4.475 μs, Max = 4.693 μs
IQR = 0.166 μs, LowerFence = 4.061 μs, UpperFence = 4.724 μs
ConfidenceInterval = [4.258 μs; 4.522 μs] (CI 99.9%), Margin = 0.132 μs (3.01% of Mean)
Skewness = 0.05, Kurtosis = 2.38, MValue = 2

// ** Remained 3 (13.6 %) benchmark(s) to run. Estimated finish 2026-10-06 12:01 (0h 1m from now) **
// **************************
// Benchmark: HybridCacheProviderBenchmarks.SetAsync: ShortRun(IterationCount=3, LaunchCount=1, WarmupCount=3)
// *** Execute ***
// Launch: 1 / 1
// Execute: dotnet Encina.Caching.Hybrid.Benchmarks-Job-NUBXJZ-1.dll --anonymousPipes 166 167 --benchmarkName Encina.Caching.Hybrid.Benchmarks.Benchmarks.HybridCacheProviderBenchmarks.SetAsync --job ShortRun --benchmarkId 19 in /home/runner/work/Encina/Encina/tests/Encina.BenchmarkTests/Encina.Caching.Hybrid.Benchmarks/bin/Release/net10.0/Encina.Caching.Hybrid.Benchmarks-Job-NUBXJZ-1/bin/Release/net10.0
// Failed to set up high priority (Permission denied). In order to run benchmarks with high priority, make sure you have the right permissions.
// BeforeAnythingElse

// Benchmark Process Environment Information:
// BenchmarkDotNet v0.15.8
// Runtime=.NET 10.0.12 (10.0.12, 10.0.1226.42308), X64 RyuJIT x86-64-v3
// GC=Concurrent Workstation
// HardwareIntrinsics=AVX2+BMI1+BMI2+F16C+FMA+LZCNT+MOVBE,AVX,SSE3+SSSE3+SSE4.1+SSE4.2+POPCNT,X86Base+SSE+SSE2,AES+PCLMUL VectorSize=256
// Job: ShortRun(IterationCount=3, LaunchCount=1, WarmupCount=3)

OverheadJitting  1: 1 op, 228056.00 ns, 228.0560 us/op
WorkloadJitting  1: 1 op, 2339258.00 ns, 2.3393 ms/op

OverheadJitting  2: 16 op, 177682.00 ns, 11.1051 us/op
WorkloadJitting  2: 16 op, 276957.00 ns, 17.3098 us/op

WorkloadPilot    1: 16 op, 133861.00 ns, 8.3663 us/op
WorkloadPilot    2: 32 op, 106850.00 ns, 3.3391 us/op
WorkloadPilot    3: 64 op, 219730.00 ns, 3.4333 us/op
WorkloadPilot    4: 128 op, 426867.00 ns, 3.3349 us/op
WorkloadPilot    5: 256 op, 752284.00 ns, 2.9386 us/op
WorkloadPilot    6: 512 op, 1628510.00 ns, 3.1807 us/op
WorkloadPilot    7: 1024 op, 3056055.00 ns, 2.9844 us/op
WorkloadPilot    8: 2048 op, 6246573.00 ns, 3.0501 us/op
WorkloadPilot    9: 4096 op, 12070487.00 ns, 2.9469 us/op
WorkloadPilot   10: 8192 op, 23196148.00 ns, 2.8316 us/op
WorkloadPilot   11: 16384 op, 63128164.00 ns, 3.8530 us/op
WorkloadPilot   12: 32768 op, 133997713.00 ns, 4.0893 us/op
WorkloadPilot   13: 65536 op, 269465769.00 ns, 4.1117 us/op
WorkloadPilot   14: 131072 op, 507711308.00 ns, 3.8735 us/op

OverheadWarmup   1: 131072 op, 213289.00 ns, 1.6273 ns/op
OverheadWarmup   2: 131072 op, 213358.00 ns, 1.6278 ns/op
OverheadWarmup   3: 131072 op, 213589.00 ns, 1.6296 ns/op
OverheadWarmup   4: 131072 op, 247121.00 ns, 1.8854 ns/op
OverheadWarmup   5: 131072 op, 213619.00 ns, 1.6298 ns/op
OverheadWarmup   6: 131072 op, 213629.00 ns, 1.6299 ns/op
OverheadWarmup   7: 131072 op, 213339.00 ns, 1.6276 ns/op

OverheadActual   1: 131072 op, 213378.00 ns, 1.6279 ns/op
OverheadActual   2: 131072 op, 213529.00 ns, 1.6291 ns/op
OverheadActual   3: 131072 op, 216373.00 ns, 1.6508 ns/op
OverheadActual   4: 131072 op, 213529.00 ns, 1.6291 ns/op
OverheadActual   5: 131072 op, 225070.00 ns, 1.7171 ns/op
OverheadActual   6: 131072 op, 213438.00 ns, 1.6284 ns/op
OverheadActual   7: 131072 op, 213478.00 ns, 1.6287 ns/op
OverheadActual   8: 131072 op, 213359.00 ns, 1.6278 ns/op
OverheadActual   9: 131072 op, 213378.00 ns, 1.6279 ns/op
OverheadActual  10: 131072 op, 213568.00 ns, 1.6294 ns/op
OverheadActual  11: 131072 op, 213348.00 ns, 1.6277 ns/op
OverheadActual  12: 131072 op, 225571.00 ns, 1.7210 ns/op
OverheadActual  13: 131072 op, 213268.00 ns, 1.6271 ns/op
OverheadActual  14: 131072 op, 213499.00 ns, 1.6289 ns/op
OverheadActual  15: 131072 op, 225271.00 ns, 1.7187 ns/op

WorkloadWarmup   1: 131072 op, 594995970.00 ns, 4.5395 us/op
WorkloadWarmup   2: 131072 op, 507604332.00 ns, 3.8727 us/op
WorkloadWarmup   3: 131072 op, 710592074.00 ns, 5.4214 us/op

// BeforeActualRun
WorkloadActual   1: 131072 op, 501340397.00 ns, 3.8249 us/op
WorkloadActual   2: 131072 op, 514680894.00 ns, 3.9267 us/op
WorkloadActual   3: 131072 op, 533500802.00 ns, 4.0703 us/op

// AfterActualRun
WorkloadResult   1: 131072 op, 501126898.00 ns, 3.8233 us/op
WorkloadResult   2: 131072 op, 514467395.00 ns, 3.9251 us/op
WorkloadResult   3: 131072 op, 533287303.00 ns, 4.0687 us/op
// GC:  8 7 0 139460608 131072
// Threading:  0 0 131072

// AfterAll
// Benchmark Process 3563 has exited with code 0.

Mean = 3.939 μs, StdErr = 0.071 μs (1.81%), N = 3, StdDev = 0.123 μs
Min = 3.823 μs, Q1 = 3.874 μs, Median = 3.925 μs, Q3 = 3.997 μs, Max = 4.069 μs
IQR = 0.123 μs, LowerFence = 3.690 μs, UpperFence = 4.181 μs
ConfidenceInterval = [1.690 μs; 6.188 μs] (CI 99.9%), Margin = 2.249 μs (57.10% of Mean)
Skewness = 0.11, Kurtosis = 0.67, MValue = 2

// ** Remained 2 (9.1 %) benchmark(s) to run. Estimated finish 2026-10-06 12:01 (0h 1m from now) **
// **************************
// Benchmark: HybridCacheProviderBenchmarks.SetWithSlidingExpirationAsync: Job-NUBXJZ(IterationCount=20, WarmupCount=5)
// *** Execute ***
// Launch: 1 / 1
// Execute: dotnet Encina.Caching.Hybrid.Benchmarks-Job-NUBXJZ-1.dll --anonymousPipes 166 167 --benchmarkName Encina.Caching.Hybrid.Benchmarks.Benchmarks.HybridCacheProviderBenchmarks.SetWithSlidingExpirationAsync --job "IterationCount=20, WarmupCount=5" --benchmarkId 20 in /home/runner/work/Encina/Encina/tests/Encina.BenchmarkTests/Encina.Caching.Hybrid.Benchmarks/bin/Release/net10.0/Encina.Caching.Hybrid.Benchmarks-Job-NUBXJZ-1/bin/Release/net10.0
// Failed to set up high priority (Permission denied). In order to run benchmarks with high priority, make sure you have the right permissions.
// BeforeAnythingElse

// Benchmark Process Environment Information:
// BenchmarkDotNet v0.15.8
// Runtime=.NET 10.0.12 (10.0.12, 10.0.1226.42308), X64 RyuJIT x86-64-v3
// GC=Concurrent Workstation
// HardwareIntrinsics=AVX2+BMI1+BMI2+F16C+FMA+LZCNT+MOVBE,AVX,SSE3+SSSE3+SSE4.1+SSE4.2+POPCNT,X86Base+SSE+SSE2,AES+PCLMUL VectorSize=256
// Job: Job-NUBXJZ(IterationCount=20, WarmupCount=5)

OverheadJitting  1: 1 op, 193963.00 ns, 193.9630 us/op
WorkloadJitting  1: 1 op, 4451351.00 ns, 4.4514 ms/op

OverheadJitting  2: 16 op, 177211.00 ns, 11.0757 us/op
WorkloadJitting  2: 16 op, 254385.00 ns, 15.8991 us/op

WorkloadPilot    1: 16 op, 145211.00 ns, 9.0757 us/op
WorkloadPilot    2: 32 op, 125273.00 ns, 3.9148 us/op
WorkloadPilot    3: 64 op, 196156.00 ns, 3.0649 us/op
WorkloadPilot    4: 128 op, 424963.00 ns, 3.3200 us/op
WorkloadPilot    5: 256 op, 730183.00 ns, 2.8523 us/op
WorkloadPilot    6: 512 op, 1455297.00 ns, 2.8424 us/op
WorkloadPilot    7: 1024 op, 3296215.00 ns, 3.2190 us/op
WorkloadPilot    8: 2048 op, 6179918.00 ns, 3.0175 us/op
WorkloadPilot    9: 4096 op, 12804616.00 ns, 3.1261 us/op
WorkloadPilot   10: 8192 op, 22420871.00 ns, 2.7369 us/op
WorkloadPilot   11: 16384 op, 61756473.00 ns, 3.7693 us/op
WorkloadPilot   12: 32768 op, 134418659.00 ns, 4.1021 us/op
WorkloadPilot   13: 65536 op, 260093662.00 ns, 3.9687 us/op
WorkloadPilot   14: 131072 op, 569602638.00 ns, 4.3457 us/op

OverheadWarmup   1: 131072 op, 223618.00 ns, 1.7061 ns/op
OverheadWarmup   2: 131072 op, 213358.00 ns, 1.6278 ns/op
OverheadWarmup   3: 131072 op, 251018.00 ns, 1.9151 ns/op
OverheadWarmup   4: 131072 op, 246510.00 ns, 1.8807 ns/op
OverheadWarmup   5: 131072 op, 247291.00 ns, 1.8867 ns/op
OverheadWarmup   6: 131072 op, 213509.00 ns, 1.6289 ns/op

OverheadActual   1: 131072 op, 213759.00 ns, 1.6309 ns/op
OverheadActual   2: 131072 op, 213568.00 ns, 1.6294 ns/op
OverheadActual   3: 131072 op, 213789.00 ns, 1.6311 ns/op
OverheadActual   4: 131072 op, 213359.00 ns, 1.6278 ns/op
OverheadActual   5: 131072 op, 231241.00 ns, 1.7642 ns/op
OverheadActual   6: 131072 op, 233236.00 ns, 1.7794 ns/op
OverheadActual   7: 131072 op, 213669.00 ns, 1.6302 ns/op
OverheadActual   8: 131072 op, 213760.00 ns, 1.6309 ns/op
OverheadActual   9: 131072 op, 213458.00 ns, 1.6286 ns/op
OverheadActual  10: 131072 op, 213599.00 ns, 1.6296 ns/op
OverheadActual  11: 131072 op, 214390.00 ns, 1.6357 ns/op
OverheadActual  12: 131072 op, 291354.00 ns, 2.2229 ns/op
OverheadActual  13: 131072 op, 213339.00 ns, 1.6276 ns/op
OverheadActual  14: 131072 op, 213459.00 ns, 1.6286 ns/op
OverheadActual  15: 131072 op, 229048.00 ns, 1.7475 ns/op

WorkloadWarmup   1: 131072 op, 498372545.00 ns, 3.8023 us/op
WorkloadWarmup   2: 131072 op, 508449590.00 ns, 3.8792 us/op
WorkloadWarmup   3: 131072 op, 699434070.00 ns, 5.3363 us/op
WorkloadWarmup   4: 131072 op, 507849790.00 ns, 3.8746 us/op
WorkloadWarmup   5: 131072 op, 511088216.00 ns, 3.8993 us/op

// BeforeActualRun
WorkloadActual   1: 131072 op, 515653139.00 ns, 3.9341 us/op
WorkloadActual   2: 131072 op, 519624023.00 ns, 3.9644 us/op
WorkloadActual   3: 131072 op, 898500630.00 ns, 6.8550 us/op
WorkloadActual   4: 131072 op, 540233279.00 ns, 4.1217 us/op
WorkloadActual   5: 131072 op, 529430768.00 ns, 4.0392 us/op
WorkloadActual   6: 131072 op, 531553581.00 ns, 4.0554 us/op
WorkloadActual   7: 131072 op, 533579178.00 ns, 4.0709 us/op
WorkloadActual   8: 131072 op, 536378117.00 ns, 4.0922 us/op
WorkloadActual   9: 131072 op, 545242694.00 ns, 4.1599 us/op
WorkloadActual  10: 131072 op, 544293432.00 ns, 4.1526 us/op
WorkloadActual  11: 131072 op, 550359075.00 ns, 4.1989 us/op
WorkloadActual  12: 131072 op, 789974318.00 ns, 6.0270 us/op
WorkloadActual  13: 131072 op, 670561713.00 ns, 5.1160 us/op
WorkloadActual  14: 131072 op, 517782085.00 ns, 3.9504 us/op
WorkloadActual  15: 131072 op, 535169667.00 ns, 4.0830 us/op
WorkloadActual  16: 131072 op, 1410237858.00 ns, 10.7593 us/op
WorkloadActual  17: 131072 op, 550753598.00 ns, 4.2019 us/op
WorkloadActual  18: 131072 op, 576039104.00 ns, 4.3948 us/op
WorkloadActual  19: 131072 op, 551071489.00 ns, 4.2043 us/op
WorkloadActual  20: 131072 op, 569632973.00 ns, 4.3460 us/op

// AfterActualRun
WorkloadResult   1: 131072 op, 515439380.00 ns, 3.9325 us/op
WorkloadResult   2: 131072 op, 519410264.00 ns, 3.9628 us/op
WorkloadResult   3: 131072 op, 540019520.00 ns, 4.1200 us/op
WorkloadResult   4: 131072 op, 529217009.00 ns, 4.0376 us/op
WorkloadResult   5: 131072 op, 531339822.00 ns, 4.0538 us/op
WorkloadResult   6: 131072 op, 533365419.00 ns, 4.0693 us/op
WorkloadResult   7: 131072 op, 536164358.00 ns, 4.0906 us/op
WorkloadResult   8: 131072 op, 545028935.00 ns, 4.1582 us/op
WorkloadResult   9: 131072 op, 544079673.00 ns, 4.1510 us/op
WorkloadResult  10: 131072 op, 550145316.00 ns, 4.1973 us/op
WorkloadResult  11: 131072 op, 517568326.00 ns, 3.9487 us/op
WorkloadResult  12: 131072 op, 534955908.00 ns, 4.0814 us/op
WorkloadResult  13: 131072 op, 550539839.00 ns, 4.2003 us/op
WorkloadResult  14: 131072 op, 575825345.00 ns, 4.3932 us/op
WorkloadResult  15: 131072 op, 550857730.00 ns, 4.2027 us/op
WorkloadResult  16: 131072 op, 569419214.00 ns, 4.3443 us/op
// GC:  8 7 0 140509184 131072
// Threading:  0 0 131072

// AfterAll
// Benchmark Process 3580 has exited with code 0.

Mean = 4.121 μs, StdErr = 0.032 μs (0.79%), N = 16, StdDev = 0.130 μs
Min = 3.932 μs, Q1 = 4.050 μs, Median = 4.105 μs, Q3 = 4.198 μs, Max = 4.393 μs
IQR = 0.148 μs, LowerFence = 3.827 μs, UpperFence = 4.420 μs
ConfidenceInterval = [3.990 μs; 4.253 μs] (CI 99.9%), Margin = 0.132 μs (3.20% of Mean)
Skewness = 0.45, Kurtosis = 2.42, MValue = 2.44

// ** Remained 1 (4.5 %) benchmark(s) to run. Estimated finish 2026-10-06 12:02 (0h 0m from now) **
// **************************
// Benchmark: HybridCacheProviderBenchmarks.SetWithSlidingExpirationAsync: ShortRun(IterationCount=3, LaunchCount=1, WarmupCount=3)
// *** Execute ***
// Launch: 1 / 1
// Execute: dotnet Encina.Caching.Hybrid.Benchmarks-Job-NUBXJZ-1.dll --anonymousPipes 166 167 --benchmarkName Encina.Caching.Hybrid.Benchmarks.Benchmarks.HybridCacheProviderBenchmarks.SetWithSlidingExpirationAsync --job ShortRun --benchmarkId 21 in /home/runner/work/Encina/Encina/tests/Encina.BenchmarkTests/Encina.Caching.Hybrid.Benchmarks/bin/Release/net10.0/Encina.Caching.Hybrid.Benchmarks-Job-NUBXJZ-1/bin/Release/net10.0
// Failed to set up high priority (Permission denied). In order to run benchmarks with high priority, make sure you have the right permissions.
// BeforeAnythingElse

// Benchmark Process Environment Information:
// BenchmarkDotNet v0.15.8
// Runtime=.NET 10.0.12 (10.0.12, 10.0.1226.42308), X64 RyuJIT x86-64-v3
// GC=Concurrent Workstation
// HardwareIntrinsics=AVX2+BMI1+BMI2+F16C+FMA+LZCNT+MOVBE,AVX,SSE3+SSSE3+SSE4.1+SSE4.2+POPCNT,X86Base+SSE+SSE2,AES+PCLMUL VectorSize=256
// Job: ShortRun(IterationCount=3, LaunchCount=1, WarmupCount=3)

OverheadJitting  1: 1 op, 168414.00 ns, 168.4140 us/op
WorkloadJitting  1: 1 op, 4690708.00 ns, 4.6907 ms/op

OverheadJitting  2: 16 op, 178834.00 ns, 11.1771 us/op
WorkloadJitting  2: 16 op, 252742.00 ns, 15.7964 us/op

WorkloadPilot    1: 16 op, 142786.00 ns, 8.9241 us/op
WorkloadPilot    2: 32 op, 122328.00 ns, 3.8228 us/op
WorkloadPilot    3: 64 op, 212557.00 ns, 3.3212 us/op
WorkloadPilot    4: 128 op, 426656.00 ns, 3.3333 us/op
WorkloadPilot    5: 256 op, 700939.00 ns, 2.7380 us/op
WorkloadPilot    6: 512 op, 1609525.00 ns, 3.1436 us/op
WorkloadPilot    7: 1024 op, 2715381.00 ns, 2.6517 us/op
WorkloadPilot    8: 2048 op, 6261782.00 ns, 3.0575 us/op
WorkloadPilot    9: 4096 op, 12199608.00 ns, 2.9784 us/op
WorkloadPilot   10: 8192 op, 23259959.00 ns, 2.8394 us/op
WorkloadPilot   11: 16384 op, 62919799.00 ns, 3.8403 us/op
WorkloadPilot   12: 32768 op, 133442234.00 ns, 4.0723 us/op
WorkloadPilot   13: 65536 op, 258937870.00 ns, 3.9511 us/op
WorkloadPilot   14: 131072 op, 504075633.00 ns, 3.8458 us/op

OverheadWarmup   1: 131072 op, 213228.00 ns, 1.6268 ns/op
OverheadWarmup   2: 131072 op, 213449.00 ns, 1.6285 ns/op
OverheadWarmup   3: 131072 op, 213348.00 ns, 1.6277 ns/op
OverheadWarmup   4: 131072 op, 234558.00 ns, 1.7895 ns/op
OverheadWarmup   5: 131072 op, 213268.00 ns, 1.6271 ns/op

OverheadActual   1: 131072 op, 213389.00 ns, 1.6280 ns/op
OverheadActual   2: 131072 op, 213258.00 ns, 1.6270 ns/op
OverheadActual   3: 131072 op, 213188.00 ns, 1.6265 ns/op
OverheadActual   4: 131072 op, 213208.00 ns, 1.6266 ns/op
OverheadActual   5: 131072 op, 213239.00 ns, 1.6269 ns/op
OverheadActual   6: 131072 op, 225471.00 ns, 1.7202 ns/op
OverheadActual   7: 131072 op, 213478.00 ns, 1.6287 ns/op
OverheadActual   8: 131072 op, 229829.00 ns, 1.7535 ns/op
OverheadActual   9: 131072 op, 213118.00 ns, 1.6260 ns/op
OverheadActual  10: 131072 op, 213128.00 ns, 1.6260 ns/op
OverheadActual  11: 131072 op, 243495.00 ns, 1.8577 ns/op
OverheadActual  12: 131072 op, 213168.00 ns, 1.6263 ns/op
OverheadActual  13: 131072 op, 213158.00 ns, 1.6263 ns/op
OverheadActual  14: 131072 op, 225581.00 ns, 1.7210 ns/op
OverheadActual  15: 131072 op, 224419.00 ns, 1.7122 ns/op

WorkloadWarmup   1: 131072 op, 591705478.00 ns, 4.5144 us/op
WorkloadWarmup   2: 131072 op, 520796184.00 ns, 3.9734 us/op
WorkloadWarmup   3: 131072 op, 699489056.00 ns, 5.3367 us/op

// BeforeActualRun
WorkloadActual   1: 131072 op, 514755436.00 ns, 3.9273 us/op
WorkloadActual   2: 131072 op, 528595546.00 ns, 4.0329 us/op
WorkloadActual   3: 131072 op, 528806359.00 ns, 4.0345 us/op

// AfterActualRun
WorkloadResult   1: 131072 op, 514542178.00 ns, 3.9256 us/op
WorkloadResult   2: 131072 op, 528382288.00 ns, 4.0312 us/op
WorkloadResult   3: 131072 op, 528593101.00 ns, 4.0328 us/op
// GC:  8 7 0 140509184 131072
// Threading:  0 0 131072

// AfterAll
// Benchmark Process 3611 has exited with code 0.

Mean = 3.997 μs, StdErr = 0.035 μs (0.89%), N = 3, StdDev = 0.061 μs
Min = 3.926 μs, Q1 = 3.978 μs, Median = 4.031 μs, Q3 = 4.032 μs, Max = 4.033 μs
IQR = 0.054 μs, LowerFence = 3.898 μs, UpperFence = 4.112 μs
ConfidenceInterval = [2.876 μs; 5.117 μs] (CI 99.9%), Margin = 1.121 μs (28.04% of Mean)
Skewness = -0.38, Kurtosis = 0.67, MValue = 2

// ** Remained 0 (0.0 %) benchmark(s) to run. Estimated finish 2026-10-06 12:02 (0h 0m from now) **
// ***** BenchmarkRunner: Finish  *****

// * Export *
  artifacts/performance/CachingHybrid/results/Encina.Caching.Hybrid.Benchmarks.Benchmarks.HybridCacheProviderBenchmarks-report.csv
  artifacts/performance/CachingHybrid/results/Encina.Caching.Hybrid.Benchmarks.Benchmarks.HybridCacheProviderBenchmarks-report-github.md
  artifacts/performance/CachingHybrid/results/Encina.Caching.Hybrid.Benchmarks.Benchmarks.HybridCacheProviderBenchmarks-report.html
  artifacts/performance/CachingHybrid/results/Encina.Caching.Hybrid.Benchmarks.Benchmarks.HybridCacheProviderBenchmarks-report-full-compressed.json

// * Detailed results *
HybridCacheProviderBenchmarks.ExistsAsync_False: Job-NUBXJZ(IterationCount=20, WarmupCount=5)
Runtime = .NET 10.0.12 (10.0.12, 10.0.1226.42308), X64 RyuJIT x86-64-v3; GC = Concurrent Workstation
Mean = 1.122 μs, StdErr = 0.001 μs (0.08%), N = 19, StdDev = 0.004 μs
Min = 1.115 μs, Q1 = 1.119 μs, Median = 1.121 μs, Q3 = 1.125 μs, Max = 1.130 μs
IQR = 0.006 μs, LowerFence = 1.111 μs, UpperFence = 1.134 μs
ConfidenceInterval = [1.119 μs; 1.126 μs] (CI 99.9%), Margin = 0.004 μs (0.31% of Mean)
Skewness = 0.19, Kurtosis = 2.01, MValue = 2
-------------------- Histogram --------------------
[1.114 μs ; 1.132 μs) | @@@@@@@@@@@@@@@@@@@
---------------------------------------------------

HybridCacheProviderBenchmarks.ExistsAsync_True: Job-NUBXJZ(IterationCount=20, WarmupCount=5)
Runtime = .NET 10.0.12 (10.0.12, 10.0.1226.42308), X64 RyuJIT x86-64-v3; GC = Concurrent Workstation
Mean = 1.136 μs, StdErr = 0.001 μs (0.07%), N = 20, StdDev = 0.004 μs
Min = 1.130 μs, Q1 = 1.133 μs, Median = 1.135 μs, Q3 = 1.138 μs, Max = 1.143 μs
IQR = 0.005 μs, LowerFence = 1.126 μs, UpperFence = 1.146 μs
ConfidenceInterval = [1.133 μs; 1.139 μs] (CI 99.9%), Margin = 0.003 μs (0.27% of Mean)
Skewness = 0.22, Kurtosis = 2.04, MValue = 2
-------------------- Histogram --------------------
[1.129 μs ; 1.144 μs) | @@@@@@@@@@@@@@@@@@@@
---------------------------------------------------

HybridCacheProviderBenchmarks.GetAsync_CacheHit: Job-NUBXJZ(IterationCount=20, WarmupCount=5)
Runtime = .NET 10.0.12 (10.0.12, 10.0.1226.42308), X64 RyuJIT x86-64-v3; GC = Concurrent Workstation
Mean = 1.367 μs, StdErr = 0.001 μs (0.04%), N = 17, StdDev = 0.002 μs
Min = 1.363 μs, Q1 = 1.366 μs, Median = 1.367 μs, Q3 = 1.368 μs, Max = 1.373 μs
IQR = 0.002 μs, LowerFence = 1.364 μs, UpperFence = 1.370 μs
ConfidenceInterval = [1.365 μs; 1.369 μs] (CI 99.9%), Margin = 0.002 μs (0.16% of Mean)
Skewness = 1, Kurtosis = 4.52, MValue = 2
-------------------- Histogram --------------------
[1.362 μs ; 1.375 μs) | @@@@@@@@@@@@@@@@@
---------------------------------------------------

HybridCacheProviderBenchmarks.GetAsync_CacheMiss: Job-NUBXJZ(IterationCount=20, WarmupCount=5)
Runtime = .NET 10.0.12 (10.0.12, 10.0.1226.42308), X64 RyuJIT x86-64-v3; GC = Concurrent Workstation
Mean = 1.104 μs, StdErr = 0.001 μs (0.06%), N = 20, StdDev = 0.003 μs
Min = 1.098 μs, Q1 = 1.102 μs, Median = 1.105 μs, Q3 = 1.107 μs, Max = 1.109 μs
IQR = 0.005 μs, LowerFence = 1.095 μs, UpperFence = 1.114 μs
ConfidenceInterval = [1.102 μs; 1.107 μs] (CI 99.9%), Margin = 0.003 μs (0.24% of Mean)
Skewness = -0.4, Kurtosis = 1.86, MValue = 2
-------------------- Histogram --------------------
[1.097 μs ; 1.110 μs) | @@@@@@@@@@@@@@@@@@@@
---------------------------------------------------

HybridCacheProviderBenchmarks.GetOrSetAsync_CacheHit: Job-NUBXJZ(IterationCount=20, WarmupCount=5)
Runtime = .NET 10.0.12 (10.0.12, 10.0.1226.42308), X64 RyuJIT x86-64-v3; GC = Concurrent Workstation
Mean = 1.379 μs, StdErr = 0.001 μs (0.05%), N = 20, StdDev = 0.003 μs
Min = 1.373 μs, Q1 = 1.377 μs, Median = 1.378 μs, Q3 = 1.381 μs, Max = 1.387 μs
IQR = 0.004 μs, LowerFence = 1.370 μs, UpperFence = 1.387 μs
ConfidenceInterval = [1.376 μs; 1.382 μs] (CI 99.9%), Margin = 0.003 μs (0.21% of Mean)
Skewness = 0.57, Kurtosis = 2.9, MValue = 2
-------------------- Histogram --------------------
[1.371 μs ; 1.389 μs) | @@@@@@@@@@@@@@@@@@@@
---------------------------------------------------

HybridCacheProviderBenchmarks.GetOrSetAsync_CacheMiss: Job-NUBXJZ(IterationCount=20, WarmupCount=5)
Runtime = .NET 10.0.12 (10.0.12, 10.0.1226.42308), X64 RyuJIT x86-64-v3; GC = Concurrent Workstation
Mean = 6.523 μs, StdErr = 0.024 μs (0.36%), N = 17, StdDev = 0.097 μs
Min = 6.287 μs, Q1 = 6.480 μs, Median = 6.530 μs, Q3 = 6.582 μs, Max = 6.698 μs
IQR = 0.102 μs, LowerFence = 6.326 μs, UpperFence = 6.735 μs
ConfidenceInterval = [6.428 μs; 6.617 μs] (CI 99.9%), Margin = 0.095 μs (1.45% of Mean)
Skewness = -0.38, Kurtosis = 3.17, MValue = 2
-------------------- Histogram --------------------
[6.237 μs ; 6.442 μs) | @@
[6.442 μs ; 6.748 μs) | @@@@@@@@@@@@@@@
---------------------------------------------------

HybridCacheProviderBenchmarks.GetOrSetAsync_WithTags: Job-NUBXJZ(IterationCount=20, WarmupCount=5)
Runtime = .NET 10.0.12 (10.0.12, 10.0.1226.42308), X64 RyuJIT x86-64-v3; GC = Concurrent Workstation
Mean = 11.112 μs, StdErr = 0.181 μs (1.63%), N = 18, StdDev = 0.769 μs
Min = 9.828 μs, Q1 = 10.617 μs, Median = 10.973 μs, Q3 = 11.771 μs, Max = 12.427 μs
IQR = 1.154 μs, LowerFence = 8.885 μs, UpperFence = 13.502 μs
ConfidenceInterval = [10.393 μs; 11.831 μs] (CI 99.9%), Margin = 0.719 μs (6.47% of Mean)
Skewness = 0.12, Kurtosis = 1.93, MValue = 2
-------------------- Histogram --------------------
[ 9.442 μs ; 10.356 μs) | @@
[10.356 μs ; 11.127 μs) | @@@@@@@@@
[11.127 μs ; 12.073 μs) | @@@@@
[12.073 μs ; 12.812 μs) | @@
---------------------------------------------------

HybridCacheProviderBenchmarks.RemoveAsync: Job-NUBXJZ(IterationCount=20, WarmupCount=5)
Runtime = .NET 10.0.12 (10.0.12, 10.0.1226.42308), X64 RyuJIT x86-64-v3; GC = Concurrent Workstation
Mean = 4.324 μs, StdErr = 0.014 μs (0.32%), N = 18, StdDev = 0.060 μs
Min = 4.159 μs, Q1 = 4.316 μs, Median = 4.342 μs, Q3 = 4.356 μs, Max = 4.385 μs
IQR = 0.040 μs, LowerFence = 4.256 μs, UpperFence = 4.416 μs
ConfidenceInterval = [4.268 μs; 4.380 μs] (CI 99.9%), Margin = 0.056 μs (1.29% of Mean)
Skewness = -1.75, Kurtosis = 5.08, MValue = 2
-------------------- Histogram --------------------
[4.129 μs ; 4.296 μs) | @@
[4.296 μs ; 4.415 μs) | @@@@@@@@@@@@@@@@
---------------------------------------------------

HybridCacheProviderBenchmarks.RemoveByTagAsync: Job-NUBXJZ(IterationCount=20, WarmupCount=5)
Runtime = .NET 10.0.12 (10.0.12, 10.0.1226.42308), X64 RyuJIT x86-64-v3; GC = Concurrent Workstation
Mean = 10.038 μs, StdErr = 0.073 μs (0.73%), N = 18, StdDev = 0.310 μs
Min = 9.295 μs, Q1 = 9.909 μs, Median = 10.094 μs, Q3 = 10.156 μs, Max = 10.588 μs
IQR = 0.248 μs, LowerFence = 9.538 μs, UpperFence = 10.528 μs
ConfidenceInterval = [9.749 μs; 10.328 μs] (CI 99.9%), Margin = 0.289 μs (2.88% of Mean)
Skewness = -0.41, Kurtosis = 3.15, MValue = 2
-------------------- Histogram --------------------
[ 9.140 μs ;  9.564 μs) | @
[ 9.564 μs ;  9.877 μs) | @@@
[ 9.877 μs ; 10.187 μs) | @@@@@@@@@@@
[10.187 μs ; 10.613 μs) | @@@
---------------------------------------------------

HybridCacheProviderBenchmarks.SetAsync: Job-NUBXJZ(IterationCount=20, WarmupCount=5)
Runtime = .NET 10.0.12 (10.0.12, 10.0.1226.42308), X64 RyuJIT x86-64-v3; GC = Concurrent Workstation
Mean = 4.390 μs, StdErr = 0.033 μs (0.76%), N = 18, StdDev = 0.141 μs
Min = 4.151 μs, Q1 = 4.310 μs, Median = 4.390 μs, Q3 = 4.475 μs, Max = 4.693 μs
IQR = 0.166 μs, LowerFence = 4.061 μs, UpperFence = 4.724 μs
ConfidenceInterval = [4.258 μs; 4.522 μs] (CI 99.9%), Margin = 0.132 μs (3.01% of Mean)
Skewness = 0.05, Kurtosis = 2.38, MValue = 2
-------------------- Histogram --------------------
[4.080 μs ; 4.195 μs) | @@
[4.195 μs ; 4.342 μs) | @@@@
[4.342 μs ; 4.484 μs) | @@@@@@@@
[4.484 μs ; 4.602 μs) | @@@
[4.602 μs ; 4.764 μs) | @
---------------------------------------------------

HybridCacheProviderBenchmarks.SetWithSlidingExpirationAsync: Job-NUBXJZ(IterationCount=20, WarmupCount=5)
Runtime = .NET 10.0.12 (10.0.12, 10.0.1226.42308), X64 RyuJIT x86-64-v3; GC = Concurrent Workstation
Mean = 4.121 μs, StdErr = 0.032 μs (0.79%), N = 16, StdDev = 0.130 μs
Min = 3.932 μs, Q1 = 4.050 μs, Median = 4.105 μs, Q3 = 4.198 μs, Max = 4.393 μs
IQR = 0.148 μs, LowerFence = 3.827 μs, UpperFence = 4.420 μs
ConfidenceInterval = [3.990 μs; 4.253 μs] (CI 99.9%), Margin = 0.132 μs (3.20% of Mean)
Skewness = 0.45, Kurtosis = 2.42, MValue = 2.44
-------------------- Histogram --------------------
[3.926 μs ; 4.068 μs) | @@@@@
[4.068 μs ; 4.203 μs) | @@@@@@@@@
[4.203 μs ; 4.301 μs) | 
[4.301 μs ; 4.461 μs) | @@
---------------------------------------------------

HybridCacheProviderBenchmarks.ExistsAsync_False: ShortRun(IterationCount=3, LaunchCount=1, WarmupCount=3)
Runtime = .NET 10.0.12 (10.0.12, 10.0.1226.42308), X64 RyuJIT x86-64-v3; GC = Concurrent Workstation
Mean = 1.114 μs, StdErr = 0.004 μs (0.35%), N = 3, StdDev = 0.007 μs
Min = 1.108 μs, Q1 = 1.110 μs, Median = 1.112 μs, Q3 = 1.117 μs, Max = 1.121 μs
IQR = 0.007 μs, LowerFence = 1.100 μs, UpperFence = 1.127 μs
ConfidenceInterval = [0.989 μs; 1.239 μs] (CI 99.9%), Margin = 0.125 μs (11.21% of Mean)
Skewness = 0.24, Kurtosis = 0.67, MValue = 2
-------------------- Histogram --------------------
[1.102 μs ; 1.128 μs) | @@@
---------------------------------------------------

HybridCacheProviderBenchmarks.ExistsAsync_True: ShortRun(IterationCount=3, LaunchCount=1, WarmupCount=3)
Runtime = .NET 10.0.12 (10.0.12, 10.0.1226.42308), X64 RyuJIT x86-64-v3; GC = Concurrent Workstation
Mean = 1.143 μs, StdErr = 0.000 μs (0.04%), N = 3, StdDev = 0.001 μs
Min = 1.143 μs, Q1 = 1.143 μs, Median = 1.143 μs, Q3 = 1.144 μs, Max = 1.144 μs
IQR = 0.001 μs, LowerFence = 1.142 μs, UpperFence = 1.145 μs
ConfidenceInterval = [1.128 μs; 1.159 μs] (CI 99.9%), Margin = 0.016 μs (1.38% of Mean)
Skewness = 0.26, Kurtosis = 0.67, MValue = 2
-------------------- Histogram --------------------
[1.142 μs ; 1.145 μs) | @@@
---------------------------------------------------

HybridCacheProviderBenchmarks.GetAsync_CacheHit: ShortRun(IterationCount=3, LaunchCount=1, WarmupCount=3)
Runtime = .NET 10.0.12 (10.0.12, 10.0.1226.42308), X64 RyuJIT x86-64-v3; GC = Concurrent Workstation
Mean = 1.420 μs, StdErr = 0.001 μs (0.08%), N = 3, StdDev = 0.002 μs
Min = 1.418 μs, Q1 = 1.419 μs, Median = 1.419 μs, Q3 = 1.421 μs, Max = 1.422 μs
IQR = 0.002 μs, LowerFence = 1.416 μs, UpperFence = 1.424 μs
ConfidenceInterval = [1.384 μs; 1.456 μs] (CI 99.9%), Margin = 0.036 μs (2.52% of Mean)
Skewness = 0.29, Kurtosis = 0.67, MValue = 2
-------------------- Histogram --------------------
[1.417 μs ; 1.424 μs) | @@@
---------------------------------------------------

HybridCacheProviderBenchmarks.GetAsync_CacheMiss: ShortRun(IterationCount=3, LaunchCount=1, WarmupCount=3)
Runtime = .NET 10.0.12 (10.0.12, 10.0.1226.42308), X64 RyuJIT x86-64-v3; GC = Concurrent Workstation
Mean = 1.084 μs, StdErr = 0.005 μs (0.47%), N = 3, StdDev = 0.009 μs
Min = 1.076 μs, Q1 = 1.079 μs, Median = 1.081 μs, Q3 = 1.087 μs, Max = 1.094 μs
IQR = 0.009 μs, LowerFence = 1.066 μs, UpperFence = 1.100 μs
ConfidenceInterval = [0.923 μs; 1.244 μs] (CI 99.9%), Margin = 0.161 μs (14.81% of Mean)
Skewness = 0.25, Kurtosis = 0.67, MValue = 2
-------------------- Histogram --------------------
[1.068 μs ; 1.102 μs) | @@@
---------------------------------------------------

HybridCacheProviderBenchmarks.GetOrSetAsync_CacheHit: ShortRun(IterationCount=3, LaunchCount=1, WarmupCount=3)
Runtime = .NET 10.0.12 (10.0.12, 10.0.1226.42308), X64 RyuJIT x86-64-v3; GC = Concurrent Workstation
Mean = 1.398 μs, StdErr = 0.001 μs (0.08%), N = 3, StdDev = 0.002 μs
Min = 1.395 μs, Q1 = 1.397 μs, Median = 1.398 μs, Q3 = 1.399 μs, Max = 1.399 μs
IQR = 0.002 μs, LowerFence = 1.394 μs, UpperFence = 1.401 μs
ConfidenceInterval = [1.363 μs; 1.432 μs] (CI 99.9%), Margin = 0.035 μs (2.48% of Mean)
Skewness = -0.31, Kurtosis = 0.67, MValue = 2
-------------------- Histogram --------------------
[1.394 μs ; 1.401 μs) | @@@
---------------------------------------------------

HybridCacheProviderBenchmarks.GetOrSetAsync_CacheMiss: ShortRun(IterationCount=3, LaunchCount=1, WarmupCount=3)
Runtime = .NET 10.0.12 (10.0.12, 10.0.1226.42308), X64 RyuJIT x86-64-v3; GC = Concurrent Workstation
Mean = 6.471 μs, StdErr = 0.008 μs (0.12%), N = 3, StdDev = 0.014 μs
Min = 6.463 μs, Q1 = 6.464 μs, Median = 6.464 μs, Q3 = 6.476 μs, Max = 6.487 μs
IQR = 0.012 μs, LowerFence = 6.446 μs, UpperFence = 6.493 μs
ConfidenceInterval = [6.222 μs; 6.721 μs] (CI 99.9%), Margin = 0.250 μs (3.86% of Mean)
Skewness = 0.38, Kurtosis = 0.67, MValue = 2
-------------------- Histogram --------------------
[6.463 μs ; 6.488 μs) | @@@
---------------------------------------------------

HybridCacheProviderBenchmarks.GetOrSetAsync_WithTags: ShortRun(IterationCount=3, LaunchCount=1, WarmupCount=3)
Runtime = .NET 10.0.12 (10.0.12, 10.0.1226.42308), X64 RyuJIT x86-64-v3; GC = Concurrent Workstation
Mean = 9.817 μs, StdErr = 0.133 μs (1.36%), N = 3, StdDev = 0.231 μs
Min = 9.587 μs, Q1 = 9.700 μs, Median = 9.814 μs, Q3 = 9.931 μs, Max = 10.049 μs
IQR = 0.231 μs, LowerFence = 9.354 μs, UpperFence = 10.278 μs
ConfidenceInterval = [5.603 μs; 14.030 μs] (CI 99.9%), Margin = 4.214 μs (42.93% of Mean)
Skewness = 0.01, Kurtosis = 0.67, MValue = 2
-------------------- Histogram --------------------
[9.490 μs ;  9.911 μs) | @@
[9.911 μs ; 10.259 μs) | @
---------------------------------------------------

HybridCacheProviderBenchmarks.RemoveAsync: ShortRun(IterationCount=3, LaunchCount=1, WarmupCount=3)
Runtime = .NET 10.0.12 (10.0.12, 10.0.1226.42308), X64 RyuJIT x86-64-v3; GC = Concurrent Workstation
Mean = 4.386 μs, StdErr = 0.006 μs (0.14%), N = 3, StdDev = 0.010 μs
Min = 4.375 μs, Q1 = 4.382 μs, Median = 4.389 μs, Q3 = 4.392 μs, Max = 4.395 μs
IQR = 0.010 μs, LowerFence = 4.367 μs, UpperFence = 4.407 μs
ConfidenceInterval = [4.198 μs; 4.574 μs] (CI 99.9%), Margin = 0.188 μs (4.29% of Mean)
Skewness = -0.25, Kurtosis = 0.67, MValue = 2
-------------------- Histogram --------------------
[4.365 μs ; 4.404 μs) | @@@
---------------------------------------------------

HybridCacheProviderBenchmarks.RemoveByTagAsync: ShortRun(IterationCount=3, LaunchCount=1, WarmupCount=3)
Runtime = .NET 10.0.12 (10.0.12, 10.0.1226.42308), X64 RyuJIT x86-64-v3; GC = Concurrent Workstation
Mean = 9.615 μs, StdErr = 0.099 μs (1.03%), N = 3, StdDev = 0.171 μs
Min = 9.418 μs, Q1 = 9.557 μs, Median = 9.696 μs, Q3 = 9.714 μs, Max = 9.731 μs
IQR = 0.156 μs, LowerFence = 9.323 μs, UpperFence = 9.948 μs
ConfidenceInterval = [6.489 μs; 12.741 μs] (CI 99.9%), Margin = 3.126 μs (32.51% of Mean)
Skewness = -0.37, Kurtosis = 0.67, MValue = 2
-------------------- Histogram --------------------
[9.262 μs ; 9.558 μs) | @
[9.558 μs ; 9.887 μs) | @@
---------------------------------------------------

HybridCacheProviderBenchmarks.SetAsync: ShortRun(IterationCount=3, LaunchCount=1, WarmupCount=3)
Runtime = .NET 10.0.12 (10.0.12, 10.0.1226.42308), X64 RyuJIT x86-64-v3; GC = Concurrent Workstation
Mean = 3.939 μs, StdErr = 0.071 μs (1.81%), N = 3, StdDev = 0.123 μs
Min = 3.823 μs, Q1 = 3.874 μs, Median = 3.925 μs, Q3 = 3.997 μs, Max = 4.069 μs
IQR = 0.123 μs, LowerFence = 3.690 μs, UpperFence = 4.181 μs
ConfidenceInterval = [1.690 μs; 6.188 μs] (CI 99.9%), Margin = 2.249 μs (57.10% of Mean)
Skewness = 0.11, Kurtosis = 0.67, MValue = 2
-------------------- Histogram --------------------
[3.762 μs ; 3.986 μs) | @@
[3.986 μs ; 4.181 μs) | @
---------------------------------------------------

HybridCacheProviderBenchmarks.SetWithSlidingExpirationAsync: ShortRun(IterationCount=3, LaunchCount=1, WarmupCount=3)
Runtime = .NET 10.0.12 (10.0.12, 10.0.1226.42308), X64 RyuJIT x86-64-v3; GC = Concurrent Workstation
Mean = 3.997 μs, StdErr = 0.035 μs (0.89%), N = 3, StdDev = 0.061 μs
Min = 3.926 μs, Q1 = 3.978 μs, Median = 4.031 μs, Q3 = 4.032 μs, Max = 4.033 μs
IQR = 0.054 μs, LowerFence = 3.898 μs, UpperFence = 4.112 μs
ConfidenceInterval = [2.876 μs; 5.117 μs] (CI 99.9%), Margin = 1.121 μs (28.04% of Mean)
Skewness = -0.38, Kurtosis = 0.67, MValue = 2
-------------------- Histogram --------------------
[3.923 μs ; 4.035 μs) | @@@
---------------------------------------------------

// * Summary *

BenchmarkDotNet v0.15.8, Linux Ubuntu 24.04.5 LTS (Noble Numbat)
AMD EPYC 7763 2.45GHz, 1 CPU, 4 logical and 2 physical cores
.NET SDK 10.0.401
  [Host]     : .NET 10.0.12 (10.0.12, 10.0.1226.42308), X64 RyuJIT x86-64-v3
  Job-NUBXJZ : .NET 10.0.12 (10.0.12, 10.0.1226.42308), X64 RyuJIT x86-64-v3
  ShortRun   : .NET 10.0.12 (10.0.12, 10.0.1226.42308), X64 RyuJIT x86-64-v3


| Method                        | Job        | IterationCount | LaunchCount | WarmupCount | Mean      | Error     | StdDev    | Ratio | RatioSD | Gen0   | Gen1   | Allocated | Alloc Ratio |
|------------------------------ |----------- |--------------- |------------ |------------ |----------:|----------:|----------:|------:|--------:|-------:|-------:|----------:|------------:|
| ExistsAsync_False             | Job-NUBXJZ | 20             | Default     | 5           |  1.122 μs | 0.0035 μs | 0.0039 μs |  0.82 |    0.00 | 0.0362 |      - |     616 B |        1.24 |
| ExistsAsync_True              | Job-NUBXJZ | 20             | Default     | 5           |  1.136 μs | 0.0031 μs | 0.0035 μs |  0.83 |    0.00 | 0.0362 |      - |     616 B |        1.24 |
| GetAsync_CacheHit             | Job-NUBXJZ | 20             | Default     | 5           |  1.367 μs | 0.0022 μs | 0.0022 μs |  1.00 |    0.00 | 0.0286 |      - |     496 B |        1.00 |
| GetAsync_CacheMiss            | Job-NUBXJZ | 20             | Default     | 5           |  1.104 μs | 0.0027 μs | 0.0031 μs |  0.81 |    0.00 | 0.0362 |      - |     616 B |        1.24 |
| GetOrSetAsync_CacheHit        | Job-NUBXJZ | 20             | Default     | 5           |  1.379 μs | 0.0029 μs | 0.0034 μs |  1.01 |    0.00 | 0.0324 |      - |     560 B |        1.13 |
| GetOrSetAsync_CacheMiss       | Job-NUBXJZ | 20             | Default     | 5           |  6.523 μs | 0.0947 μs | 0.0973 μs |  4.77 |    0.07 | 0.1068 | 0.0992 |    1792 B |        3.61 |
| GetOrSetAsync_WithTags        | Job-NUBXJZ | 20             | Default     | 5           | 11.112 μs | 0.7191 μs | 0.7694 μs |  8.13 |    0.55 | 0.1221 | 0.1068 |    2216 B |        4.47 |
| RemoveAsync                   | Job-NUBXJZ | 20             | Default     | 5           |  4.324 μs | 0.0557 μs | 0.0596 μs |  3.16 |    0.04 | 0.0610 |      - |    1136 B |        2.29 |
| RemoveByTagAsync              | Job-NUBXJZ | 20             | Default     | 5           | 10.038 μs | 0.2893 μs | 0.3096 μs |  7.34 |    0.22 | 0.1373 | 0.1221 |    2448 B |        4.94 |
| SetAsync                      | Job-NUBXJZ | 20             | Default     | 5           |  4.390 μs | 0.1322 μs | 0.1415 μs |  3.21 |    0.10 | 0.0610 | 0.0572 |    1064 B |        2.15 |
| SetWithSlidingExpirationAsync | Job-NUBXJZ | 20             | Default     | 5           |  4.121 μs | 0.1320 μs | 0.1296 μs |  3.01 |    0.09 | 0.0610 | 0.0534 |    1072 B |        2.16 |
|                               |            |                |             |             |           |           |           |       |         |        |        |           |             |
| ExistsAsync_False             | ShortRun   | 3              | 1           | 3           |  1.114 μs | 0.1249 μs | 0.0068 μs |  0.78 |    0.00 | 0.0362 |      - |     616 B |        1.24 |
| ExistsAsync_True              | ShortRun   | 3              | 1           | 3           |  1.143 μs | 0.0158 μs | 0.0009 μs |  0.81 |    0.00 | 0.0362 |      - |     616 B |        1.24 |
| GetAsync_CacheHit             | ShortRun   | 3              | 1           | 3           |  1.420 μs | 0.0357 μs | 0.0020 μs |  1.00 |    0.00 | 0.0286 |      - |     496 B |        1.00 |
| GetAsync_CacheMiss            | ShortRun   | 3              | 1           | 3           |  1.084 μs | 0.1605 μs | 0.0088 μs |  0.76 |    0.01 | 0.0362 |      - |     616 B |        1.24 |
| GetOrSetAsync_CacheHit        | ShortRun   | 3              | 1           | 3           |  1.398 μs | 0.0347 μs | 0.0019 μs |  0.98 |    0.00 | 0.0324 |      - |     560 B |        1.13 |
| GetOrSetAsync_CacheMiss       | ShortRun   | 3              | 1           | 3           |  6.471 μs | 0.2497 μs | 0.0137 μs |  4.56 |    0.01 | 0.1068 | 0.0992 |    1792 B |        3.61 |
| GetOrSetAsync_WithTags        | ShortRun   | 3              | 1           | 3           |  9.817 μs | 4.2139 μs | 0.2310 μs |  6.91 |    0.14 | 0.1221 | 0.1068 |    2216 B |        4.47 |
| RemoveAsync                   | ShortRun   | 3              | 1           | 3           |  4.386 μs | 0.1880 μs | 0.0103 μs |  3.09 |    0.01 | 0.0610 |      - |    1136 B |        2.29 |
| RemoveByTagAsync              | ShortRun   | 3              | 1           | 3           |  9.615 μs | 3.1258 μs | 0.1713 μs |  6.77 |    0.10 | 0.1678 | 0.1526 |    3050 B |        6.15 |
| SetAsync                      | ShortRun   | 3              | 1           | 3           |  3.939 μs | 2.2490 μs | 0.1233 μs |  2.77 |    0.08 | 0.0610 | 0.0534 |    1064 B |        2.15 |
| SetWithSlidingExpirationAsync | ShortRun   | 3              | 1           | 3           |  3.997 μs | 1.1208 μs | 0.0614 μs |  2.81 |    0.04 | 0.0610 | 0.0534 |    1072 B |        2.16 |

// * Hints *
Outliers
  HybridCacheProviderBenchmarks.ExistsAsync_False: IterationCount=20, WarmupCount=5             -> 1 outlier  was  removed (1.15 μs)
  HybridCacheProviderBenchmarks.GetAsync_CacheHit: IterationCount=20, WarmupCount=5             -> 3 outliers were removed (1.38 μs..1.40 μs)
  HybridCacheProviderBenchmarks.GetOrSetAsync_CacheMiss: IterationCount=20, WarmupCount=5       -> 3 outliers were removed (6.94 μs..13.17 μs)
  HybridCacheProviderBenchmarks.GetOrSetAsync_WithTags: IterationCount=20, WarmupCount=5        -> 2 outliers were removed (15.90 μs, 22.95 μs)
  HybridCacheProviderBenchmarks.RemoveAsync: IterationCount=20, WarmupCount=5                   -> 2 outliers were removed, 4 outliers were detected (4.16 μs, 4.19 μs, 4.44 μs, 4.47 μs)
  HybridCacheProviderBenchmarks.RemoveByTagAsync: IterationCount=20, WarmupCount=5              -> 2 outliers were removed, 3 outliers were detected (9.29 μs, 15.35 μs, 22.27 μs)
  HybridCacheProviderBenchmarks.SetAsync: IterationCount=20, WarmupCount=5                      -> 2 outliers were removed (7.65 μs, 11.20 μs)
  HybridCacheProviderBenchmarks.SetWithSlidingExpirationAsync: IterationCount=20, WarmupCount=5 -> 4 outliers were removed (5.12 μs..10.76 μs)
// * Config Issues *

// * Warnings *
Configuration
  Summary -> The exporter CsvExporter is already present in configuration. There may be unexpected results.
  Summary -> The exporter HtmlExporter is already present in configuration. There may be unexpected results.
  Summary -> The exporter MarkdownExporter-github is already present in configuration. There may be unexpected results.

// * Legends *
  Mean        : Arithmetic mean of all measurements
  Error       : Half of 99.9% confidence interval
  StdDev      : Standard deviation of all measurements
  Ratio       : Mean of the ratio distribution ([Current]/[Baseline])
  RatioSD     : Standard deviation of the ratio distribution ([Current]/[Baseline])
  Gen0        : GC Generation 0 collects per 1000 operations
  Gen1        : GC Generation 1 collects per 1000 operations
  Allocated   : Allocated memory per single operation (managed only, inclusive, 1KB = 1024B)
  Alloc Ratio : Allocated memory ratio distribution ([Current]/[Baseline])
  1 μs        : 1 Microsecond (0.000001 sec)

// * Diagnostic Output - MemoryDiagnoser *


// ***** BenchmarkRunner: End *****
Run time: 00:15:06 (906.76 sec), executed benchmarks: 22

Global total time: 00:16:01 (961.46 sec), executed benchmarks: 22
// * Artifacts cleanup *
Artifacts cleanup is finished
