// Validating benchmarks:
// ***** BenchmarkRunner: Start   *****
// ***** Found 24 benchmark(s) in total *****
// ***** Building 1 exe(s) in Parallel: Start   *****
// start dotnet  restore --nodeReuse:false /p:UseSharedCompilation=false /p:Deterministic=true /p:Optimize=true /p:ArtifactsPath="/home/runner/work/Encina/Encina/tests/Encina.BenchmarkTests/Encina.Security.PII.Benchmarks/bin/Release/net10.0/Encina.Security.PII.Benchmarks-Job-YFEFPZ-1/" /p:OutDir="/home/runner/work/Encina/Encina/tests/Encina.BenchmarkTests/Encina.Security.PII.Benchmarks/bin/Release/net10.0/Encina.Security.PII.Benchmarks-Job-YFEFPZ-1/bin/Release/net10.0/" /p:OutputPath="/home/runner/work/Encina/Encina/tests/Encina.BenchmarkTests/Encina.Security.PII.Benchmarks/bin/Release/net10.0/Encina.Security.PII.Benchmarks-Job-YFEFPZ-1/bin/Release/net10.0/" /p:PublishDir="/home/runner/work/Encina/Encina/tests/Encina.BenchmarkTests/Encina.Security.PII.Benchmarks/bin/Release/net10.0/Encina.Security.PII.Benchmarks-Job-YFEFPZ-1/publish/" in /home/runner/work/Encina/Encina/tests/Encina.BenchmarkTests/Encina.Security.PII.Benchmarks/bin/Release/net10.0/Encina.Security.PII.Benchmarks-Job-YFEFPZ-1
// command took 2.85 sec and exited with 0
// start dotnet  build -c Release --no-restore --nodeReuse:false /p:UseSharedCompilation=false /p:Deterministic=true /p:Optimize=true /p:ArtifactsPath="/home/runner/work/Encina/Encina/tests/Encina.BenchmarkTests/Encina.Security.PII.Benchmarks/bin/Release/net10.0/Encina.Security.PII.Benchmarks-Job-YFEFPZ-1/" /p:OutDir="/home/runner/work/Encina/Encina/tests/Encina.BenchmarkTests/Encina.Security.PII.Benchmarks/bin/Release/net10.0/Encina.Security.PII.Benchmarks-Job-YFEFPZ-1/bin/Release/net10.0/" /p:OutputPath="/home/runner/work/Encina/Encina/tests/Encina.BenchmarkTests/Encina.Security.PII.Benchmarks/bin/Release/net10.0/Encina.Security.PII.Benchmarks-Job-YFEFPZ-1/bin/Release/net10.0/" /p:PublishDir="/home/runner/work/Encina/Encina/tests/Encina.BenchmarkTests/Encina.Security.PII.Benchmarks/bin/Release/net10.0/Encina.Security.PII.Benchmarks-Job-YFEFPZ-1/publish/" --output "/home/runner/work/Encina/Encina/tests/Encina.BenchmarkTests/Encina.Security.PII.Benchmarks/bin/Release/net10.0/Encina.Security.PII.Benchmarks-Job-YFEFPZ-1/bin/Release/net10.0/" in /home/runner/work/Encina/Encina/tests/Encina.BenchmarkTests/Encina.Security.PII.Benchmarks/bin/Release/net10.0/Encina.Security.PII.Benchmarks-Job-YFEFPZ-1
// command took 54.43 sec and exited with 0
// ***** Done, took 00:00:57 (57.47 sec)   *****
// Found 24 benchmarks:
//   MaskingStrategyBenchmarks.Email_Partial: Job-YFEFPZ(IterationCount=10, WarmupCount=3)
//   MaskingStrategyBenchmarks.Phone_Partial: Job-YFEFPZ(IterationCount=10, WarmupCount=3)
//   MaskingStrategyBenchmarks.CreditCard_Partial: Job-YFEFPZ(IterationCount=10, WarmupCount=3)
//   MaskingStrategyBenchmarks.SSN_Partial: Job-YFEFPZ(IterationCount=10, WarmupCount=3)
//   MaskingStrategyBenchmarks.Name_Partial: Job-YFEFPZ(IterationCount=10, WarmupCount=3)
//   MaskingStrategyBenchmarks.Address_Partial: Job-YFEFPZ(IterationCount=10, WarmupCount=3)
//   MaskingStrategyBenchmarks.DateOfBirth_Partial: Job-YFEFPZ(IterationCount=10, WarmupCount=3)
//   MaskingStrategyBenchmarks.IPAddress_Partial: Job-YFEFPZ(IterationCount=10, WarmupCount=3)
//   MaskingStrategyBenchmarks.Custom_FullMasking: Job-YFEFPZ(IterationCount=10, WarmupCount=3)
//   MaskingStrategyBenchmarks.Email_Short: Job-YFEFPZ(IterationCount=10, WarmupCount=3)
//   MaskingStrategyBenchmarks.Email_Long: Job-YFEFPZ(IterationCount=10, WarmupCount=3)
//   MaskingStrategyBenchmarks.RegexPattern: Job-YFEFPZ(IterationCount=10, WarmupCount=3)
//   MaskingStrategyBenchmarks.Email_Partial: ShortRun(IterationCount=3, LaunchCount=1, WarmupCount=3)
//   MaskingStrategyBenchmarks.Phone_Partial: ShortRun(IterationCount=3, LaunchCount=1, WarmupCount=3)
//   MaskingStrategyBenchmarks.CreditCard_Partial: ShortRun(IterationCount=3, LaunchCount=1, WarmupCount=3)
//   MaskingStrategyBenchmarks.SSN_Partial: ShortRun(IterationCount=3, LaunchCount=1, WarmupCount=3)
//   MaskingStrategyBenchmarks.Name_Partial: ShortRun(IterationCount=3, LaunchCount=1, WarmupCount=3)
//   MaskingStrategyBenchmarks.Address_Partial: ShortRun(IterationCount=3, LaunchCount=1, WarmupCount=3)
//   MaskingStrategyBenchmarks.DateOfBirth_Partial: ShortRun(IterationCount=3, LaunchCount=1, WarmupCount=3)
//   MaskingStrategyBenchmarks.IPAddress_Partial: ShortRun(IterationCount=3, LaunchCount=1, WarmupCount=3)
//   MaskingStrategyBenchmarks.Custom_FullMasking: ShortRun(IterationCount=3, LaunchCount=1, WarmupCount=3)
//   MaskingStrategyBenchmarks.Email_Short: ShortRun(IterationCount=3, LaunchCount=1, WarmupCount=3)
//   MaskingStrategyBenchmarks.Email_Long: ShortRun(IterationCount=3, LaunchCount=1, WarmupCount=3)
//   MaskingStrategyBenchmarks.RegexPattern: ShortRun(IterationCount=3, LaunchCount=1, WarmupCount=3)

// **************************
// Benchmark: MaskingStrategyBenchmarks.Email_Partial: Job-YFEFPZ(IterationCount=10, WarmupCount=3)
// *** Execute ***
// Launch: 1 / 1
// Execute: dotnet Encina.Security.PII.Benchmarks-Job-YFEFPZ-1.dll --anonymousPipes 164 165 --benchmarkName Encina.Security.PII.Benchmarks.MaskingStrategyBenchmarks.Email_Partial --job "IterationCount=10, WarmupCount=3" --benchmarkId 0 in /home/runner/work/Encina/Encina/tests/Encina.BenchmarkTests/Encina.Security.PII.Benchmarks/bin/Release/net10.0/Encina.Security.PII.Benchmarks-Job-YFEFPZ-1/bin/Release/net10.0
// Failed to set up high priority (Permission denied). In order to run benchmarks with high priority, make sure you have the right permissions.
// BeforeAnythingElse

// Benchmark Process Environment Information:
// BenchmarkDotNet v0.15.8
// Runtime=.NET 10.0.12 (10.0.12, 10.0.1226.42308), X64 RyuJIT x86-64-v3
// GC=Concurrent Workstation
// HardwareIntrinsics=AVX2+BMI1+BMI2+F16C+FMA+LZCNT+MOVBE,AVX,SSE3+SSSE3+SSE4.1+SSE4.2+POPCNT,X86Base+SSE+SSE2,AES+PCLMUL VectorSize=256
// Job: Job-YFEFPZ(IterationCount=10, WarmupCount=3)

OverheadJitting  1: 1 op, 246583.00 ns, 246.5830 us/op
WorkloadJitting  1: 1 op, 3246678.00 ns, 3.2467 ms/op

OverheadJitting  2: 16 op, 443311.00 ns, 27.7069 us/op
WorkloadJitting  2: 16 op, 458830.00 ns, 28.6769 us/op

WorkloadPilot    1: 16 op, 4469.00 ns, 279.3125 ns/op
WorkloadPilot    2: 32 op, 21049.00 ns, 657.7813 ns/op
WorkloadPilot    3: 64 op, 28083.00 ns, 438.7969 ns/op
WorkloadPilot    4: 128 op, 40996.00 ns, 320.2813 ns/op
WorkloadPilot    5: 256 op, 62768.00 ns, 245.1875 ns/op
WorkloadPilot    6: 512 op, 116369.00 ns, 227.2832 ns/op
WorkloadPilot    7: 1024 op, 233066.00 ns, 227.6035 ns/op
WorkloadPilot    8: 2048 op, 336150.00 ns, 164.1357 ns/op
WorkloadPilot    9: 4096 op, 766417.00 ns, 187.1135 ns/op
WorkloadPilot   10: 8192 op, 1606092.00 ns, 196.0562 ns/op
WorkloadPilot   11: 16384 op, 2703259.00 ns, 164.9938 ns/op
WorkloadPilot   12: 32768 op, 6778750.00 ns, 206.8710 ns/op
WorkloadPilot   13: 65536 op, 12627957.00 ns, 192.6873 ns/op
WorkloadPilot   14: 131072 op, 16000411.00 ns, 122.0734 ns/op
WorkloadPilot   15: 262144 op, 28686148.00 ns, 109.4290 ns/op
WorkloadPilot   16: 524288 op, 58602011.00 ns, 111.7745 ns/op
WorkloadPilot   17: 1048576 op, 115800951.00 ns, 110.4364 ns/op
WorkloadPilot   18: 2097152 op, 228092822.00 ns, 108.7631 ns/op
WorkloadPilot   19: 4194304 op, 456575846.00 ns, 108.8562 ns/op
WorkloadPilot   20: 8388608 op, 926526958.00 ns, 110.4506 ns/op

OverheadWarmup   1: 8388608 op, 27471830.00 ns, 3.2749 ns/op
OverheadWarmup   2: 8388608 op, 27510773.00 ns, 3.2795 ns/op
OverheadWarmup   3: 8388608 op, 27402721.00 ns, 3.2667 ns/op
OverheadWarmup   4: 8388608 op, 27407501.00 ns, 3.2672 ns/op
OverheadWarmup   5: 8388608 op, 27392311.00 ns, 3.2654 ns/op

OverheadActual   1: 8388608 op, 27401018.00 ns, 3.2665 ns/op
OverheadActual   2: 8388608 op, 27425183.00 ns, 3.2693 ns/op
OverheadActual   3: 8388608 op, 27424011.00 ns, 3.2692 ns/op
OverheadActual   4: 8388608 op, 27418340.00 ns, 3.2685 ns/op
OverheadActual   5: 8388608 op, 27684069.00 ns, 3.3002 ns/op
OverheadActual   6: 8388608 op, 27403172.00 ns, 3.2667 ns/op
OverheadActual   7: 8388608 op, 27472962.00 ns, 3.2750 ns/op
OverheadActual   8: 8388608 op, 27408652.00 ns, 3.2674 ns/op
OverheadActual   9: 8388608 op, 27466040.00 ns, 3.2742 ns/op
OverheadActual  10: 8388608 op, 27405736.00 ns, 3.2670 ns/op
OverheadActual  11: 8388608 op, 27413020.00 ns, 3.2679 ns/op
OverheadActual  12: 8388608 op, 27430023.00 ns, 3.2699 ns/op
OverheadActual  13: 8388608 op, 27410416.00 ns, 3.2676 ns/op
OverheadActual  14: 8388608 op, 27433158.00 ns, 3.2703 ns/op
OverheadActual  15: 8388608 op, 27413100.00 ns, 3.2679 ns/op

WorkloadWarmup   1: 8388608 op, 926960583.00 ns, 110.5023 ns/op
WorkloadWarmup   2: 8388608 op, 918118214.00 ns, 109.4482 ns/op
WorkloadWarmup   3: 8388608 op, 925018923.00 ns, 110.2708 ns/op

// BeforeActualRun
WorkloadActual   1: 8388608 op, 913019915.00 ns, 108.8405 ns/op
WorkloadActual   2: 8388608 op, 926387626.00 ns, 110.4340 ns/op
WorkloadActual   3: 8388608 op, 915071183.00 ns, 109.0850 ns/op
WorkloadActual   4: 8388608 op, 925440756.00 ns, 110.3211 ns/op
WorkloadActual   5: 8388608 op, 909694792.00 ns, 108.4441 ns/op
WorkloadActual   6: 8388608 op, 916175995.00 ns, 109.2167 ns/op
WorkloadActual   7: 8388608 op, 925152686.00 ns, 110.2868 ns/op
WorkloadActual   8: 8388608 op, 907585788.00 ns, 108.1927 ns/op
WorkloadActual   9: 8388608 op, 920828538.00 ns, 109.7713 ns/op
WorkloadActual  10: 8388608 op, 923411616.00 ns, 110.0792 ns/op

// AfterActualRun
WorkloadResult   1: 8388608 op, 885601575.00 ns, 105.5719 ns/op
WorkloadResult   2: 8388608 op, 898969286.00 ns, 107.1655 ns/op
WorkloadResult   3: 8388608 op, 887652843.00 ns, 105.8165 ns/op
WorkloadResult   4: 8388608 op, 898022416.00 ns, 107.0526 ns/op
WorkloadResult   5: 8388608 op, 882276452.00 ns, 105.1755 ns/op
WorkloadResult   6: 8388608 op, 888757655.00 ns, 105.9482 ns/op
WorkloadResult   7: 8388608 op, 897734346.00 ns, 107.0183 ns/op
WorkloadResult   8: 8388608 op, 880167448.00 ns, 104.9241 ns/op
WorkloadResult   9: 8388608 op, 893410198.00 ns, 106.5028 ns/op
WorkloadResult  10: 8388608 op, 895993276.00 ns, 106.8107 ns/op
// GC:  112 0 0 1879048192 8388608
// Threading:  0 0 8388608

// AfterAll
// Benchmark Process 3166 has exited with code 0.

Mean = 106.199 ns, StdErr = 0.260 ns (0.24%), N = 10, StdDev = 0.822 ns
Min = 104.924 ns, Q1 = 105.633 ns, Median = 106.225 ns, Q3 = 106.966 ns, Max = 107.165 ns
IQR = 1.333 ns, LowerFence = 103.633 ns, UpperFence = 108.966 ns
ConfidenceInterval = [104.956 ns; 107.441 ns] (CI 99.9%), Margin = 1.242 ns (1.17% of Mean)
Skewness = -0.2, Kurtosis = 1.3, MValue = 2

// ** Remained 23 (95.8 %) benchmark(s) to run. Estimated finish 2026-10-10 11:03 (0h 6m from now) **
// **************************
// Benchmark: MaskingStrategyBenchmarks.Phone_Partial: Job-YFEFPZ(IterationCount=10, WarmupCount=3)
// *** Execute ***
// Launch: 1 / 1
// Execute: dotnet Encina.Security.PII.Benchmarks-Job-YFEFPZ-1.dll --anonymousPipes 164 165 --benchmarkName Encina.Security.PII.Benchmarks.MaskingStrategyBenchmarks.Phone_Partial --job "IterationCount=10, WarmupCount=3" --benchmarkId 1 in /home/runner/work/Encina/Encina/tests/Encina.BenchmarkTests/Encina.Security.PII.Benchmarks/bin/Release/net10.0/Encina.Security.PII.Benchmarks-Job-YFEFPZ-1/bin/Release/net10.0
// Failed to set up high priority (Permission denied). In order to run benchmarks with high priority, make sure you have the right permissions.
// BeforeAnythingElse

// Benchmark Process Environment Information:
// BenchmarkDotNet v0.15.8
// Runtime=.NET 10.0.12 (10.0.12, 10.0.1226.42308), X64 RyuJIT x86-64-v3
// GC=Concurrent Workstation
// HardwareIntrinsics=AVX2+BMI1+BMI2+F16C+FMA+LZCNT+MOVBE,AVX,SSE3+SSSE3+SSE4.1+SSE4.2+POPCNT,X86Base+SSE+SSE2,AES+PCLMUL VectorSize=256
// Job: Job-YFEFPZ(IterationCount=10, WarmupCount=3)

OverheadJitting  1: 1 op, 221575.00 ns, 221.5750 us/op
WorkloadJitting  1: 1 op, 5097217.00 ns, 5.0972 ms/op

OverheadJitting  2: 16 op, 418235.00 ns, 26.1397 us/op
WorkloadJitting  2: 16 op, 517390.00 ns, 32.3369 us/op

WorkloadPilot    1: 16 op, 29977.00 ns, 1.8736 us/op
WorkloadPilot    2: 32 op, 44654.00 ns, 1.3954 us/op
WorkloadPilot    3: 64 op, 57428.00 ns, 897.3125 ns/op
WorkloadPilot    4: 128 op, 106159.00 ns, 829.3672 ns/op
WorkloadPilot    5: 256 op, 226294.00 ns, 883.9609 ns/op
WorkloadPilot    6: 512 op, 407354.00 ns, 795.6133 ns/op
WorkloadPilot    7: 1024 op, 598162.00 ns, 584.1426 ns/op
WorkloadPilot    8: 2048 op, 1418129.00 ns, 692.4458 ns/op
WorkloadPilot    9: 4096 op, 2670627.00 ns, 652.0085 ns/op
WorkloadPilot   10: 8192 op, 5496837.00 ns, 671.0006 ns/op
WorkloadPilot   11: 16384 op, 9465267.00 ns, 577.7141 ns/op
WorkloadPilot   12: 32768 op, 21201302.00 ns, 647.0124 ns/op
WorkloadPilot   13: 65536 op, 30204683.00 ns, 460.8869 ns/op
WorkloadPilot   14: 131072 op, 58888413.00 ns, 449.2829 ns/op
WorkloadPilot   15: 262144 op, 112000236.00 ns, 427.2470 ns/op
WorkloadPilot   16: 524288 op, 225347909.00 ns, 429.8170 ns/op
WorkloadPilot   17: 1048576 op, 456960795.00 ns, 435.7918 ns/op
WorkloadPilot   18: 2097152 op, 914361884.00 ns, 436.0017 ns/op

OverheadWarmup   1: 2097152 op, 6862787.00 ns, 3.2724 ns/op
OverheadWarmup   2: 2097152 op, 6868107.00 ns, 3.2750 ns/op
OverheadWarmup   3: 2097152 op, 6865863.00 ns, 3.2739 ns/op
OverheadWarmup   4: 2097152 op, 6927599.00 ns, 3.3033 ns/op
OverheadWarmup   5: 2097152 op, 6866674.00 ns, 3.2743 ns/op

OverheadActual   1: 2097152 op, 6874559.00 ns, 3.2780 ns/op
OverheadActual   2: 2097152 op, 6868679.00 ns, 3.2752 ns/op
OverheadActual   3: 2097152 op, 6870511.00 ns, 3.2761 ns/op
OverheadActual   4: 2097152 op, 6883657.00 ns, 3.2824 ns/op
OverheadActual   5: 2097152 op, 6867747.00 ns, 3.2748 ns/op
OverheadActual   6: 2097152 op, 6860183.00 ns, 3.2712 ns/op
OverheadActual   7: 2097152 op, 6874549.00 ns, 3.2780 ns/op
OverheadActual   8: 2097152 op, 6884458.00 ns, 3.2828 ns/op
OverheadActual   9: 2097152 op, 6869901.00 ns, 3.2758 ns/op
OverheadActual  10: 2097152 op, 6866364.00 ns, 3.2741 ns/op
OverheadActual  11: 2097152 op, 6882144.00 ns, 3.2817 ns/op
OverheadActual  12: 2097152 op, 6963015.00 ns, 3.3202 ns/op
OverheadActual  13: 2097152 op, 7006377.00 ns, 3.3409 ns/op
OverheadActual  14: 2097152 op, 6932679.00 ns, 3.3058 ns/op
OverheadActual  15: 2097152 op, 6889478.00 ns, 3.2852 ns/op

WorkloadWarmup   1: 2097152 op, 906540259.00 ns, 432.2721 ns/op
WorkloadWarmup   2: 2097152 op, 903605887.00 ns, 430.8729 ns/op
WorkloadWarmup   3: 2097152 op, 900505253.00 ns, 429.3944 ns/op

// BeforeActualRun
WorkloadActual   1: 2097152 op, 903837642.00 ns, 430.9834 ns/op
WorkloadActual   2: 2097152 op, 901263074.00 ns, 429.7557 ns/op
WorkloadActual   3: 2097152 op, 902136544.00 ns, 430.1722 ns/op
WorkloadActual   4: 2097152 op, 904080749.00 ns, 431.0993 ns/op
WorkloadActual   5: 2097152 op, 900448910.00 ns, 429.3675 ns/op
WorkloadActual   6: 2097152 op, 908406559.00 ns, 433.1620 ns/op
WorkloadActual   7: 2097152 op, 898347630.00 ns, 428.3655 ns/op
WorkloadActual   8: 2097152 op, 892130843.00 ns, 425.4011 ns/op
WorkloadActual   9: 2097152 op, 896280895.00 ns, 427.3800 ns/op
WorkloadActual  10: 2097152 op, 905957949.00 ns, 431.9944 ns/op

// AfterActualRun
WorkloadResult   1: 2097152 op, 896963083.00 ns, 427.7053 ns/op
WorkloadResult   2: 2097152 op, 894388515.00 ns, 426.4777 ns/op
WorkloadResult   3: 2097152 op, 895261985.00 ns, 426.8942 ns/op
WorkloadResult   4: 2097152 op, 897206190.00 ns, 427.8212 ns/op
WorkloadResult   5: 2097152 op, 893574351.00 ns, 426.0895 ns/op
WorkloadResult   6: 2097152 op, 901532000.00 ns, 429.8840 ns/op
WorkloadResult   7: 2097152 op, 891473071.00 ns, 425.0875 ns/op
WorkloadResult   8: 2097152 op, 885256284.00 ns, 422.1231 ns/op
WorkloadResult   9: 2097152 op, 889406336.00 ns, 424.1020 ns/op
WorkloadResult  10: 2097152 op, 899083390.00 ns, 428.7164 ns/op
// GC:  65 0 0 1090519040 2097152
// Threading:  0 0 2097152

// AfterAll
// Benchmark Process 3180 has exited with code 0.

Mean = 426.490 ns, StdErr = 0.721 ns (0.17%), N = 10, StdDev = 2.280 ns
Min = 422.123 ns, Q1 = 425.338 ns, Median = 426.686 ns, Q3 = 427.792 ns, Max = 429.884 ns
IQR = 2.454 ns, LowerFence = 421.657 ns, UpperFence = 431.474 ns
ConfidenceInterval = [423.043 ns; 429.937 ns] (CI 99.9%), Margin = 3.447 ns (0.81% of Mean)
Skewness = -0.38, Kurtosis = 2.08, MValue = 2

// ** Remained 22 (91.7 %) benchmark(s) to run. Estimated finish 2026-10-10 11:03 (0h 5m from now) **
// **************************
// Benchmark: MaskingStrategyBenchmarks.CreditCard_Partial: Job-YFEFPZ(IterationCount=10, WarmupCount=3)
// *** Execute ***
// Launch: 1 / 1
// Execute: dotnet Encina.Security.PII.Benchmarks-Job-YFEFPZ-1.dll --anonymousPipes 164 165 --benchmarkName Encina.Security.PII.Benchmarks.MaskingStrategyBenchmarks.CreditCard_Partial --job "IterationCount=10, WarmupCount=3" --benchmarkId 2 in /home/runner/work/Encina/Encina/tests/Encina.BenchmarkTests/Encina.Security.PII.Benchmarks/bin/Release/net10.0/Encina.Security.PII.Benchmarks-Job-YFEFPZ-1/bin/Release/net10.0
// Failed to set up high priority (Permission denied). In order to run benchmarks with high priority, make sure you have the right permissions.
// BeforeAnythingElse

// Benchmark Process Environment Information:
// BenchmarkDotNet v0.15.8
// Runtime=.NET 10.0.12 (10.0.12, 10.0.1226.42308), X64 RyuJIT x86-64-v3
// GC=Concurrent Workstation
// HardwareIntrinsics=AVX2+BMI1+BMI2+F16C+FMA+LZCNT+MOVBE,AVX,SSE3+SSSE3+SSE4.1+SSE4.2+POPCNT,X86Base+SSE+SSE2,AES+PCLMUL VectorSize=256
// Job: Job-YFEFPZ(IterationCount=10, WarmupCount=3)

OverheadJitting  1: 1 op, 218430.00 ns, 218.4300 us/op
WorkloadJitting  1: 1 op, 5005305.00 ns, 5.0053 ms/op

OverheadJitting  2: 16 op, 446868.00 ns, 27.9293 us/op
WorkloadJitting  2: 16 op, 497624.00 ns, 31.1015 us/op

WorkloadPilot    1: 16 op, 31128.00 ns, 1.9455 us/op
WorkloadPilot    2: 32 op, 39524.00 ns, 1.2351 us/op
WorkloadPilot    3: 64 op, 62417.00 ns, 975.2656 ns/op
WorkloadPilot    4: 128 op, 130564.00 ns, 1.0200 us/op
WorkloadPilot    5: 256 op, 220273.00 ns, 860.4414 ns/op
WorkloadPilot    6: 512 op, 367318.00 ns, 717.4180 ns/op
WorkloadPilot    7: 1024 op, 679945.00 ns, 664.0088 ns/op
WorkloadPilot    8: 2048 op, 1749971.00 ns, 854.4780 ns/op
WorkloadPilot    9: 4096 op, 3226660.00 ns, 787.7588 ns/op
WorkloadPilot   10: 8192 op, 6314269.00 ns, 770.7848 ns/op
WorkloadPilot   11: 16384 op, 11413089.00 ns, 696.5997 ns/op
WorkloadPilot   12: 32768 op, 24404227.00 ns, 744.7579 ns/op
WorkloadPilot   13: 65536 op, 36497721.00 ns, 556.9110 ns/op
WorkloadPilot   14: 131072 op, 69115136.00 ns, 527.3066 ns/op
WorkloadPilot   15: 262144 op, 133463816.00 ns, 509.1241 ns/op
WorkloadPilot   16: 524288 op, 272384234.00 ns, 519.5317 ns/op
WorkloadPilot   17: 1048576 op, 538752417.00 ns, 513.7943 ns/op

OverheadWarmup   1: 1048576 op, 3489803.00 ns, 3.3281 ns/op
OverheadWarmup   2: 1048576 op, 3451541.00 ns, 3.2916 ns/op
OverheadWarmup   3: 1048576 op, 3460789.00 ns, 3.3005 ns/op
OverheadWarmup   4: 1048576 op, 3457162.00 ns, 3.2970 ns/op
OverheadWarmup   5: 1048576 op, 3457192.00 ns, 3.2970 ns/op
OverheadWarmup   6: 1048576 op, 3454607.00 ns, 3.2946 ns/op

OverheadActual   1: 1048576 op, 3461931.00 ns, 3.3016 ns/op
OverheadActual   2: 1048576 op, 3493119.00 ns, 3.3313 ns/op
OverheadActual   3: 1048576 op, 3475336.00 ns, 3.3143 ns/op
OverheadActual   4: 1048576 op, 3473322.00 ns, 3.3124 ns/op
OverheadActual   5: 1048576 op, 3448596.00 ns, 3.2888 ns/op
OverheadActual   6: 1048576 op, 3456390.00 ns, 3.2963 ns/op
OverheadActual   7: 1048576 op, 3448997.00 ns, 3.2892 ns/op
OverheadActual   8: 1048576 op, 3452153.00 ns, 3.2922 ns/op
OverheadActual   9: 1048576 op, 3449668.00 ns, 3.2899 ns/op
OverheadActual  10: 1048576 op, 3451221.00 ns, 3.2913 ns/op
OverheadActual  11: 1048576 op, 3454627.00 ns, 3.2946 ns/op
OverheadActual  12: 1048576 op, 3448446.00 ns, 3.2887 ns/op
OverheadActual  13: 1048576 op, 3452563.00 ns, 3.2926 ns/op
OverheadActual  14: 1048576 op, 3448877.00 ns, 3.2891 ns/op
OverheadActual  15: 1048576 op, 3449428.00 ns, 3.2896 ns/op

WorkloadWarmup   1: 1048576 op, 542120892.00 ns, 517.0068 ns/op
WorkloadWarmup   2: 1048576 op, 540070278.00 ns, 515.0512 ns/op
WorkloadWarmup   3: 1048576 op, 532142894.00 ns, 507.4910 ns/op

// BeforeActualRun
WorkloadActual   1: 1048576 op, 538968842.00 ns, 514.0007 ns/op
WorkloadActual   2: 1048576 op, 535511760.00 ns, 510.7038 ns/op
WorkloadActual   3: 1048576 op, 535401885.00 ns, 510.5990 ns/op
WorkloadActual   4: 1048576 op, 538410495.00 ns, 513.4683 ns/op
WorkloadActual   5: 1048576 op, 542423159.00 ns, 517.2950 ns/op
WorkloadActual   6: 1048576 op, 545273032.00 ns, 520.0129 ns/op
WorkloadActual   7: 1048576 op, 546281413.00 ns, 520.9746 ns/op
WorkloadActual   8: 1048576 op, 540884945.00 ns, 515.8281 ns/op
WorkloadActual   9: 1048576 op, 547517421.00 ns, 522.1533 ns/op
WorkloadActual  10: 1048576 op, 546581567.00 ns, 521.2608 ns/op

// AfterActualRun
WorkloadResult   1: 1048576 op, 535516689.00 ns, 510.7085 ns/op
WorkloadResult   2: 1048576 op, 532059607.00 ns, 507.4116 ns/op
WorkloadResult   3: 1048576 op, 531949732.00 ns, 507.3068 ns/op
WorkloadResult   4: 1048576 op, 534958342.00 ns, 510.1760 ns/op
WorkloadResult   5: 1048576 op, 538971006.00 ns, 514.0028 ns/op
WorkloadResult   6: 1048576 op, 541820879.00 ns, 516.7207 ns/op
WorkloadResult   7: 1048576 op, 542829260.00 ns, 517.6823 ns/op
WorkloadResult   8: 1048576 op, 537432792.00 ns, 512.5359 ns/op
WorkloadResult   9: 1048576 op, 544065268.00 ns, 518.8611 ns/op
WorkloadResult  10: 1048576 op, 543129414.00 ns, 517.9686 ns/op
// GC:  34 0 0 570425344 1048576
// Threading:  0 0 1048576

// AfterAll
// Benchmark Process 3189 has exited with code 0.

Mean = 513.337 ns, StdErr = 1.381 ns (0.27%), N = 10, StdDev = 4.369 ns
Min = 507.307 ns, Q1 = 510.309 ns, Median = 513.269 ns, Q3 = 517.442 ns, Max = 518.861 ns
IQR = 7.133 ns, LowerFence = 499.610 ns, UpperFence = 528.141 ns
ConfidenceInterval = [506.733 ns; 519.942 ns] (CI 99.9%), Margin = 6.605 ns (1.29% of Mean)
Skewness = -0.11, Kurtosis = 1.26, MValue = 2

// ** Remained 21 (87.5 %) benchmark(s) to run. Estimated finish 2026-10-10 11:02 (0h 4m from now) **
// **************************
// Benchmark: MaskingStrategyBenchmarks.SSN_Partial: Job-YFEFPZ(IterationCount=10, WarmupCount=3)
// *** Execute ***
// Launch: 1 / 1
// Execute: dotnet Encina.Security.PII.Benchmarks-Job-YFEFPZ-1.dll --anonymousPipes 164 165 --benchmarkName Encina.Security.PII.Benchmarks.MaskingStrategyBenchmarks.SSN_Partial --job "IterationCount=10, WarmupCount=3" --benchmarkId 3 in /home/runner/work/Encina/Encina/tests/Encina.BenchmarkTests/Encina.Security.PII.Benchmarks/bin/Release/net10.0/Encina.Security.PII.Benchmarks-Job-YFEFPZ-1/bin/Release/net10.0
// Failed to set up high priority (Permission denied). In order to run benchmarks with high priority, make sure you have the right permissions.
// BeforeAnythingElse

// Benchmark Process Environment Information:
// BenchmarkDotNet v0.15.8
// Runtime=.NET 10.0.12 (10.0.12, 10.0.1226.42308), X64 RyuJIT x86-64-v3
// GC=Concurrent Workstation
// HardwareIntrinsics=AVX2+BMI1+BMI2+F16C+FMA+LZCNT+MOVBE,AVX,SSE3+SSSE3+SSE4.1+SSE4.2+POPCNT,X86Base+SSE+SSE2,AES+PCLMUL VectorSize=256
// Job: Job-YFEFPZ(IterationCount=10, WarmupCount=3)

OverheadJitting  1: 1 op, 221766.00 ns, 221.7660 us/op
WorkloadJitting  1: 1 op, 5140206.00 ns, 5.1402 ms/op

OverheadJitting  2: 16 op, 441477.00 ns, 27.5923 us/op
WorkloadJitting  2: 16 op, 503815.00 ns, 31.4884 us/op

WorkloadPilot    1: 16 op, 27541.00 ns, 1.7213 us/op
WorkloadPilot    2: 32 op, 37350.00 ns, 1.1672 us/op
WorkloadPilot    3: 64 op, 89538.00 ns, 1.3990 us/op
WorkloadPilot    4: 128 op, 143599.00 ns, 1.1219 us/op
WorkloadPilot    5: 256 op, 213179.00 ns, 832.7305 ns/op
WorkloadPilot    6: 512 op, 400591.00 ns, 782.4043 ns/op
WorkloadPilot    7: 1024 op, 605535.00 ns, 591.3428 ns/op
WorkloadPilot    8: 2048 op, 1366331.00 ns, 667.1538 ns/op
WorkloadPilot    9: 4096 op, 2596156.00 ns, 633.8271 ns/op
WorkloadPilot   10: 8192 op, 5269448.00 ns, 643.2432 ns/op
WorkloadPilot   11: 16384 op, 9360005.00 ns, 571.2894 ns/op
WorkloadPilot   12: 32768 op, 20673082.00 ns, 630.8924 ns/op
WorkloadPilot   13: 65536 op, 29747161.00 ns, 453.9057 ns/op
WorkloadPilot   14: 131072 op, 57985543.00 ns, 442.3946 ns/op
WorkloadPilot   15: 262144 op, 111216543.00 ns, 424.2574 ns/op
WorkloadPilot   16: 524288 op, 219848922.00 ns, 419.3285 ns/op
WorkloadPilot   17: 1048576 op, 448726730.00 ns, 427.9392 ns/op
WorkloadPilot   18: 2097152 op, 878957940.00 ns, 419.1198 ns/op

OverheadWarmup   1: 2097152 op, 6900134.00 ns, 3.2902 ns/op
OverheadWarmup   2: 2097152 op, 6890456.00 ns, 3.2856 ns/op
OverheadWarmup   3: 2097152 op, 6890677.00 ns, 3.2857 ns/op
OverheadWarmup   4: 2097152 op, 6886058.00 ns, 3.2835 ns/op
OverheadWarmup   5: 2097152 op, 6891487.00 ns, 3.2861 ns/op
OverheadWarmup   6: 2097152 op, 6869056.00 ns, 3.2754 ns/op

OverheadActual   1: 2097152 op, 6870468.00 ns, 3.2761 ns/op
OverheadActual   2: 2097152 op, 6884264.00 ns, 3.2827 ns/op
OverheadActual   3: 2097152 op, 6904191.00 ns, 3.2922 ns/op
OverheadActual   4: 2097152 op, 6889754.00 ns, 3.2853 ns/op
OverheadActual   5: 2097152 op, 6908601.00 ns, 3.2943 ns/op
OverheadActual   6: 2097152 op, 6928587.00 ns, 3.3038 ns/op
OverheadActual   7: 2097152 op, 6878293.00 ns, 3.2798 ns/op
OverheadActual   8: 2097152 op, 6920532.00 ns, 3.3000 ns/op
OverheadActual   9: 2097152 op, 6853667.00 ns, 3.2681 ns/op
OverheadActual  10: 2097152 op, 6861912.00 ns, 3.2720 ns/op
OverheadActual  11: 2097152 op, 6858035.00 ns, 3.2702 ns/op
OverheadActual  12: 2097152 op, 6856152.00 ns, 3.2693 ns/op
OverheadActual  13: 2097152 op, 6869336.00 ns, 3.2756 ns/op
OverheadActual  14: 2097152 op, 6857996.00 ns, 3.2701 ns/op
OverheadActual  15: 2097152 op, 6860760.00 ns, 3.2715 ns/op

WorkloadWarmup   1: 2097152 op, 890590605.00 ns, 424.6667 ns/op
WorkloadWarmup   2: 2097152 op, 899536373.00 ns, 428.9324 ns/op
WorkloadWarmup   3: 2097152 op, 882618051.00 ns, 420.8651 ns/op

// BeforeActualRun
WorkloadActual   1: 2097152 op, 884715926.00 ns, 421.8654 ns/op
WorkloadActual   2: 2097152 op, 893280059.00 ns, 425.9491 ns/op
WorkloadActual   3: 2097152 op, 892858929.00 ns, 425.7483 ns/op
WorkloadActual   4: 2097152 op, 887604718.00 ns, 423.2429 ns/op
WorkloadActual   5: 2097152 op, 888614331.00 ns, 423.7243 ns/op
WorkloadActual   6: 2097152 op, 908698628.00 ns, 433.3013 ns/op
WorkloadActual   7: 2097152 op, 892998710.00 ns, 425.8150 ns/op
WorkloadActual   8: 2097152 op, 889174491.00 ns, 423.9914 ns/op
WorkloadActual   9: 2097152 op, 892890319.00 ns, 425.7633 ns/op
WorkloadActual  10: 2097152 op, 895684066.00 ns, 427.0954 ns/op

// AfterActualRun
WorkloadResult   1: 2097152 op, 877845458.00 ns, 418.5893 ns/op
WorkloadResult   2: 2097152 op, 886409591.00 ns, 422.6730 ns/op
WorkloadResult   3: 2097152 op, 885988461.00 ns, 422.4722 ns/op
WorkloadResult   4: 2097152 op, 880734250.00 ns, 419.9668 ns/op
WorkloadResult   5: 2097152 op, 881743863.00 ns, 420.4482 ns/op
WorkloadResult   6: 2097152 op, 886128242.00 ns, 422.5389 ns/op
WorkloadResult   7: 2097152 op, 882304023.00 ns, 420.7153 ns/op
WorkloadResult   8: 2097152 op, 886019851.00 ns, 422.4872 ns/op
WorkloadResult   9: 2097152 op, 888813598.00 ns, 423.8194 ns/op
// GC:  65 0 0 1090519040 2097152
// Threading:  0 0 2097152

// AfterAll
// Benchmark Process 3199 has exited with code 0.

Mean = 421.523 ns, StdErr = 0.556 ns (0.13%), N = 9, StdDev = 1.669 ns
Min = 418.589 ns, Q1 = 420.448 ns, Median = 422.472 ns, Q3 = 422.539 ns, Max = 423.819 ns
IQR = 2.091 ns, LowerFence = 417.312 ns, UpperFence = 425.675 ns
ConfidenceInterval = [418.718 ns; 424.329 ns] (CI 99.9%), Margin = 2.805 ns (0.67% of Mean)
Skewness = -0.34, Kurtosis = 1.63, MValue = 2

// ** Remained 20 (83.3 %) benchmark(s) to run. Estimated finish 2026-10-10 11:02 (0h 4m from now) **
// **************************
// Benchmark: MaskingStrategyBenchmarks.Name_Partial: Job-YFEFPZ(IterationCount=10, WarmupCount=3)
// *** Execute ***
// Launch: 1 / 1
// Execute: dotnet Encina.Security.PII.Benchmarks-Job-YFEFPZ-1.dll --anonymousPipes 164 165 --benchmarkName Encina.Security.PII.Benchmarks.MaskingStrategyBenchmarks.Name_Partial --job "IterationCount=10, WarmupCount=3" --benchmarkId 4 in /home/runner/work/Encina/Encina/tests/Encina.BenchmarkTests/Encina.Security.PII.Benchmarks/bin/Release/net10.0/Encina.Security.PII.Benchmarks-Job-YFEFPZ-1/bin/Release/net10.0
// Failed to set up high priority (Permission denied). In order to run benchmarks with high priority, make sure you have the right permissions.
// BeforeAnythingElse

// Benchmark Process Environment Information:
// BenchmarkDotNet v0.15.8
// Runtime=.NET 10.0.12 (10.0.12, 10.0.1226.42308), X64 RyuJIT x86-64-v3
// GC=Concurrent Workstation
// HardwareIntrinsics=AVX2+BMI1+BMI2+F16C+FMA+LZCNT+MOVBE,AVX,SSE3+SSSE3+SSE4.1+SSE4.2+POPCNT,X86Base+SSE+SSE2,AES+PCLMUL VectorSize=256
// Job: Job-YFEFPZ(IterationCount=10, WarmupCount=3)

OverheadJitting  1: 1 op, 221215.00 ns, 221.2150 us/op
WorkloadJitting  1: 1 op, 3675441.00 ns, 3.6754 ms/op

OverheadJitting  2: 16 op, 417463.00 ns, 26.0914 us/op
WorkloadJitting  2: 16 op, 457789.00 ns, 28.6118 us/op

WorkloadPilot    1: 16 op, 23474.00 ns, 1.4671 us/op
WorkloadPilot    2: 32 op, 26399.00 ns, 824.9688 ns/op
WorkloadPilot    3: 64 op, 39925.00 ns, 623.8281 ns/op
WorkloadPilot    4: 128 op, 53801.00 ns, 420.3203 ns/op
WorkloadPilot    5: 256 op, 104827.00 ns, 409.4805 ns/op
WorkloadPilot    6: 512 op, 186609.00 ns, 364.4707 ns/op
WorkloadPilot    7: 1024 op, 279925.00 ns, 273.3643 ns/op
WorkloadPilot    8: 2048 op, 572062.00 ns, 279.3271 ns/op
WorkloadPilot    9: 4096 op, 1277445.00 ns, 311.8762 ns/op
WorkloadPilot   10: 8192 op, 2572443.00 ns, 314.0189 ns/op
WorkloadPilot   11: 16384 op, 4417423.00 ns, 269.6181 ns/op
WorkloadPilot   12: 32768 op, 10683010.00 ns, 326.0196 ns/op
WorkloadPilot   13: 65536 op, 19053575.00 ns, 290.7345 ns/op
WorkloadPilot   14: 131072 op, 26369642.00 ns, 201.1844 ns/op
WorkloadPilot   15: 262144 op, 54221904.00 ns, 206.8401 ns/op
WorkloadPilot   16: 524288 op, 102725366.00 ns, 195.9331 ns/op
WorkloadPilot   17: 1048576 op, 204138601.00 ns, 194.6817 ns/op
WorkloadPilot   18: 2097152 op, 410806666.00 ns, 195.8879 ns/op
WorkloadPilot   19: 4194304 op, 824025293.00 ns, 196.4629 ns/op

OverheadWarmup   1: 4194304 op, 13780117.00 ns, 3.2854 ns/op
OverheadWarmup   2: 4194304 op, 13781660.00 ns, 3.2858 ns/op
OverheadWarmup   3: 4194304 op, 13712381.00 ns, 3.2693 ns/op
OverheadWarmup   4: 4194304 op, 13703213.00 ns, 3.2671 ns/op
OverheadWarmup   5: 4194304 op, 13731175.00 ns, 3.2738 ns/op
OverheadWarmup   6: 4194304 op, 13747046.00 ns, 3.2776 ns/op
OverheadWarmup   7: 4194304 op, 13753176.00 ns, 3.2790 ns/op
OverheadWarmup   8: 4194304 op, 13725685.00 ns, 3.2725 ns/op

OverheadActual   1: 4194304 op, 13738950.00 ns, 3.2756 ns/op
OverheadActual   2: 4194304 op, 13739591.00 ns, 3.2758 ns/op
OverheadActual   3: 4194304 op, 13786569.00 ns, 3.2870 ns/op
OverheadActual   4: 4194304 op, 13762735.00 ns, 3.2813 ns/op
OverheadActual   5: 4194304 op, 13804954.00 ns, 3.2914 ns/op
OverheadActual   6: 4194304 op, 13737567.00 ns, 3.2753 ns/op
OverheadActual   7: 4194304 op, 13705387.00 ns, 3.2676 ns/op
OverheadActual   8: 4194304 op, 13714724.00 ns, 3.2698 ns/op
OverheadActual   9: 4194304 op, 13727117.00 ns, 3.2728 ns/op
OverheadActual  10: 4194304 op, 13704756.00 ns, 3.2675 ns/op
OverheadActual  11: 4194304 op, 15460808.00 ns, 3.6861 ns/op
OverheadActual  12: 4194304 op, 13754249.00 ns, 3.2793 ns/op
OverheadActual  13: 4194304 op, 13703724.00 ns, 3.2672 ns/op
OverheadActual  14: 4194304 op, 13711399.00 ns, 3.2691 ns/op
OverheadActual  15: 4194304 op, 13711208.00 ns, 3.2690 ns/op

WorkloadWarmup   1: 4194304 op, 824389175.00 ns, 196.5497 ns/op
WorkloadWarmup   2: 4194304 op, 826541972.00 ns, 197.0630 ns/op
WorkloadWarmup   3: 4194304 op, 824034471.00 ns, 196.4651 ns/op

// BeforeActualRun
WorkloadActual   1: 4194304 op, 815036891.00 ns, 194.3199 ns/op
WorkloadActual   2: 4194304 op, 822533667.00 ns, 196.1073 ns/op
WorkloadActual   3: 4194304 op, 840882019.00 ns, 200.4819 ns/op
WorkloadActual   4: 4194304 op, 829494840.00 ns, 197.7670 ns/op
WorkloadActual   5: 4194304 op, 841419736.00 ns, 200.6101 ns/op
WorkloadActual   6: 4194304 op, 832723701.00 ns, 198.5368 ns/op
WorkloadActual   7: 4194304 op, 839200686.00 ns, 200.0810 ns/op
WorkloadActual   8: 4194304 op, 828895243.00 ns, 197.6240 ns/op
WorkloadActual   9: 4194304 op, 816071148.00 ns, 194.5665 ns/op
WorkloadActual  10: 4194304 op, 829821038.00 ns, 197.8448 ns/op

// AfterActualRun
WorkloadResult   1: 4194304 op, 801299324.00 ns, 191.0446 ns/op
WorkloadResult   2: 4194304 op, 808796100.00 ns, 192.8320 ns/op
WorkloadResult   3: 4194304 op, 827144452.00 ns, 197.2066 ns/op
WorkloadResult   4: 4194304 op, 815757273.00 ns, 194.4917 ns/op
WorkloadResult   5: 4194304 op, 827682169.00 ns, 197.3348 ns/op
WorkloadResult   6: 4194304 op, 818986134.00 ns, 195.2615 ns/op
WorkloadResult   7: 4194304 op, 825463119.00 ns, 196.8057 ns/op
WorkloadResult   8: 4194304 op, 815157676.00 ns, 194.3487 ns/op
WorkloadResult   9: 4194304 op, 802333581.00 ns, 191.2912 ns/op
WorkloadResult  10: 4194304 op, 816083471.00 ns, 194.5695 ns/op
// GC:  70 0 0 1174405120 4194304
// Threading:  0 0 4194304

// AfterAll
// Benchmark Process 3206 has exited with code 0.

Mean = 194.519 ns, StdErr = 0.717 ns (0.37%), N = 10, StdDev = 2.268 ns
Min = 191.045 ns, Q1 = 193.211 ns, Median = 194.531 ns, Q3 = 196.420 ns, Max = 197.335 ns
IQR = 3.208 ns, LowerFence = 188.398 ns, UpperFence = 201.232 ns
ConfidenceInterval = [191.090 ns; 197.948 ns] (CI 99.9%), Margin = 3.429 ns (1.76% of Mean)
Skewness = -0.22, Kurtosis = 1.53, MValue = 2

// ** Remained 19 (79.2 %) benchmark(s) to run. Estimated finish 2026-10-10 11:02 (0h 4m from now) **
// **************************
// Benchmark: MaskingStrategyBenchmarks.Address_Partial: Job-YFEFPZ(IterationCount=10, WarmupCount=3)
// *** Execute ***
// Launch: 1 / 1
// Execute: dotnet Encina.Security.PII.Benchmarks-Job-YFEFPZ-1.dll --anonymousPipes 164 165 --benchmarkName Encina.Security.PII.Benchmarks.MaskingStrategyBenchmarks.Address_Partial --job "IterationCount=10, WarmupCount=3" --benchmarkId 5 in /home/runner/work/Encina/Encina/tests/Encina.BenchmarkTests/Encina.Security.PII.Benchmarks/bin/Release/net10.0/Encina.Security.PII.Benchmarks-Job-YFEFPZ-1/bin/Release/net10.0
// Failed to set up high priority (Permission denied). In order to run benchmarks with high priority, make sure you have the right permissions.
// BeforeAnythingElse

// Benchmark Process Environment Information:
// BenchmarkDotNet v0.15.8
// Runtime=.NET 10.0.12 (10.0.12, 10.0.1226.42308), X64 RyuJIT x86-64-v3
// GC=Concurrent Workstation
// HardwareIntrinsics=AVX2+BMI1+BMI2+F16C+FMA+LZCNT+MOVBE,AVX,SSE3+SSSE3+SSE4.1+SSE4.2+POPCNT,X86Base+SSE+SSE2,AES+PCLMUL VectorSize=256
// Job: Job-YFEFPZ(IterationCount=10, WarmupCount=3)

OverheadJitting  1: 1 op, 227857.00 ns, 227.8570 us/op
WorkloadJitting  1: 1 op, 3701059.00 ns, 3.7011 ms/op

OverheadJitting  2: 16 op, 422682.00 ns, 26.4176 us/op
WorkloadJitting  2: 16 op, 481934.00 ns, 30.1209 us/op

WorkloadPilot    1: 16 op, 27401.00 ns, 1.7126 us/op
WorkloadPilot    2: 32 op, 28744.00 ns, 898.2500 ns/op
WorkloadPilot    3: 64 op, 50835.00 ns, 794.2969 ns/op
WorkloadPilot    4: 128 op, 61275.00 ns, 478.7109 ns/op
WorkloadPilot    5: 256 op, 119674.00 ns, 467.4766 ns/op
WorkloadPilot    6: 512 op, 166933.00 ns, 326.0410 ns/op
WorkloadPilot    7: 1024 op, 236052.00 ns, 230.5195 ns/op
WorkloadPilot    8: 2048 op, 483527.00 ns, 236.0972 ns/op
WorkloadPilot    9: 4096 op, 1082530.00 ns, 264.2896 ns/op
WorkloadPilot   10: 8192 op, 2188534.00 ns, 267.1550 ns/op
WorkloadPilot   11: 16384 op, 3574703.00 ns, 218.1826 ns/op
WorkloadPilot   12: 32768 op, 9272485.00 ns, 282.9738 ns/op
WorkloadPilot   13: 65536 op, 13612553.00 ns, 207.7111 ns/op
WorkloadPilot   14: 131072 op, 18061524.00 ns, 137.7985 ns/op
WorkloadPilot   15: 262144 op, 34506518.00 ns, 131.6319 ns/op
WorkloadPilot   16: 524288 op, 67922613.00 ns, 129.5521 ns/op
WorkloadPilot   17: 1048576 op, 135158909.00 ns, 128.8976 ns/op
WorkloadPilot   18: 2097152 op, 268503897.00 ns, 128.0326 ns/op
WorkloadPilot   19: 4194304 op, 532826664.00 ns, 127.0358 ns/op

OverheadWarmup   1: 4194304 op, 13922013.00 ns, 3.3193 ns/op
OverheadWarmup   2: 4194304 op, 13897327.00 ns, 3.3134 ns/op
OverheadWarmup   3: 4194304 op, 13880235.00 ns, 3.3093 ns/op
OverheadWarmup   4: 4194304 op, 13887188.00 ns, 3.3110 ns/op
OverheadWarmup   5: 4194304 op, 13914038.00 ns, 3.3174 ns/op
OverheadWarmup   6: 4194304 op, 14035346.00 ns, 3.3463 ns/op
OverheadWarmup   7: 4194304 op, 13898069.00 ns, 3.3136 ns/op
OverheadWarmup   8: 4194304 op, 13896075.00 ns, 3.3131 ns/op
OverheadWarmup   9: 4194304 op, 13897758.00 ns, 3.3135 ns/op
OverheadWarmup  10: 4194304 op, 13884834.00 ns, 3.3104 ns/op

OverheadActual   1: 4194304 op, 13986604.00 ns, 3.3347 ns/op
OverheadActual   2: 4194304 op, 13894542.00 ns, 3.3127 ns/op
OverheadActual   3: 4194304 op, 13900382.00 ns, 3.3141 ns/op
OverheadActual   4: 4194304 op, 14033953.00 ns, 3.3460 ns/op
OverheadActual   5: 4194304 op, 13916904.00 ns, 3.3180 ns/op
OverheadActual   6: 4194304 op, 13969332.00 ns, 3.3305 ns/op
OverheadActual   7: 4194304 op, 13920070.00 ns, 3.3188 ns/op
OverheadActual   8: 4194304 op, 13882028.00 ns, 3.3097 ns/op
OverheadActual   9: 4194304 op, 13902186.00 ns, 3.3145 ns/op
OverheadActual  10: 4194304 op, 13905913.00 ns, 3.3154 ns/op
OverheadActual  11: 4194304 op, 13893580.00 ns, 3.3125 ns/op
OverheadActual  12: 4194304 op, 13886487.00 ns, 3.3108 ns/op
OverheadActual  13: 4194304 op, 13890695.00 ns, 3.3118 ns/op
OverheadActual  14: 4194304 op, 13887408.00 ns, 3.3110 ns/op
OverheadActual  15: 4194304 op, 13896586.00 ns, 3.3132 ns/op

WorkloadWarmup   1: 4194304 op, 550577388.00 ns, 131.2679 ns/op
WorkloadWarmup   2: 4194304 op, 548626100.00 ns, 130.8027 ns/op
WorkloadWarmup   3: 4194304 op, 543948410.00 ns, 129.6874 ns/op

// BeforeActualRun
WorkloadActual   1: 4194304 op, 541713849.00 ns, 129.1546 ns/op
WorkloadActual   2: 4194304 op, 543591009.00 ns, 129.6022 ns/op
WorkloadActual   3: 4194304 op, 544999861.00 ns, 129.9381 ns/op
WorkloadActual   4: 4194304 op, 547967485.00 ns, 130.6456 ns/op
WorkloadActual   5: 4194304 op, 562717601.00 ns, 134.1623 ns/op
WorkloadActual   6: 4194304 op, 547500720.00 ns, 130.5343 ns/op
WorkloadActual   7: 4194304 op, 548105103.00 ns, 130.6784 ns/op
WorkloadActual   8: 4194304 op, 543100109.00 ns, 129.4852 ns/op
WorkloadActual   9: 4194304 op, 548637982.00 ns, 130.8055 ns/op
WorkloadActual  10: 4194304 op, 547423325.00 ns, 130.5159 ns/op

// AfterActualRun
WorkloadResult   1: 4194304 op, 527813467.00 ns, 125.8405 ns/op
WorkloadResult   2: 4194304 op, 529690627.00 ns, 126.2881 ns/op
WorkloadResult   3: 4194304 op, 531099479.00 ns, 126.6240 ns/op
WorkloadResult   4: 4194304 op, 534067103.00 ns, 127.3315 ns/op
WorkloadResult   5: 4194304 op, 533600338.00 ns, 127.2202 ns/op
WorkloadResult   6: 4194304 op, 534204721.00 ns, 127.3643 ns/op
WorkloadResult   7: 4194304 op, 529199727.00 ns, 126.1710 ns/op
WorkloadResult   8: 4194304 op, 534737600.00 ns, 127.4914 ns/op
WorkloadResult   9: 4194304 op, 533522943.00 ns, 127.2018 ns/op
// GC:  82 0 0 1375731712 4194304
// Threading:  0 0 4194304

// AfterAll
// Benchmark Process 3217 has exited with code 0.

Mean = 126.837 ns, StdErr = 0.205 ns (0.16%), N = 9, StdDev = 0.614 ns
Min = 125.841 ns, Q1 = 126.288 ns, Median = 127.202 ns, Q3 = 127.332 ns, Max = 127.491 ns
IQR = 1.043 ns, LowerFence = 124.723 ns, UpperFence = 128.897 ns
ConfidenceInterval = [125.806 ns; 127.868 ns] (CI 99.9%), Margin = 1.031 ns (0.81% of Mean)
Skewness = -0.39, Kurtosis = 1.28, MValue = 2

// ** Remained 18 (75.0 %) benchmark(s) to run. Estimated finish 2026-10-10 11:02 (0h 3m from now) **
// **************************
// Benchmark: MaskingStrategyBenchmarks.DateOfBirth_Partial: Job-YFEFPZ(IterationCount=10, WarmupCount=3)
// *** Execute ***
// Launch: 1 / 1
// Execute: dotnet Encina.Security.PII.Benchmarks-Job-YFEFPZ-1.dll --anonymousPipes 164 165 --benchmarkName Encina.Security.PII.Benchmarks.MaskingStrategyBenchmarks.DateOfBirth_Partial --job "IterationCount=10, WarmupCount=3" --benchmarkId 6 in /home/runner/work/Encina/Encina/tests/Encina.BenchmarkTests/Encina.Security.PII.Benchmarks/bin/Release/net10.0/Encina.Security.PII.Benchmarks-Job-YFEFPZ-1/bin/Release/net10.0
// Failed to set up high priority (Permission denied). In order to run benchmarks with high priority, make sure you have the right permissions.
// BeforeAnythingElse

// Benchmark Process Environment Information:
// BenchmarkDotNet v0.15.8
// Runtime=.NET 10.0.12 (10.0.12, 10.0.1226.42308), X64 RyuJIT x86-64-v3
// GC=Concurrent Workstation
// HardwareIntrinsics=AVX2+BMI1+BMI2+F16C+FMA+LZCNT+MOVBE,AVX,SSE3+SSSE3+SSE4.1+SSE4.2+POPCNT,X86Base+SSE+SSE2,AES+PCLMUL VectorSize=256
// Job: Job-YFEFPZ(IterationCount=10, WarmupCount=3)

OverheadJitting  1: 1 op, 222638.00 ns, 222.6380 us/op
WorkloadJitting  1: 1 op, 4925575.00 ns, 4.9256 ms/op

OverheadJitting  2: 16 op, 421360.00 ns, 26.3350 us/op
WorkloadJitting  2: 16 op, 463239.00 ns, 28.9524 us/op

WorkloadPilot    1: 16 op, 24356.00 ns, 1.5223 us/op
WorkloadPilot    2: 32 op, 32351.00 ns, 1.0110 us/op
WorkloadPilot    3: 64 op, 42299.00 ns, 660.9219 ns/op
WorkloadPilot    4: 128 op, 77676.00 ns, 606.8438 ns/op
WorkloadPilot    5: 256 op, 131446.00 ns, 513.4609 ns/op
WorkloadPilot    6: 512 op, 224671.00 ns, 438.8105 ns/op
WorkloadPilot    7: 1024 op, 345668.00 ns, 337.5664 ns/op
WorkloadPilot    8: 2048 op, 773891.00 ns, 377.8765 ns/op
WorkloadPilot    9: 4096 op, 1618525.00 ns, 395.1477 ns/op
WorkloadPilot   10: 8192 op, 3218004.00 ns, 392.8228 ns/op
WorkloadPilot   11: 16384 op, 5382041.00 ns, 328.4937 ns/op
WorkloadPilot   12: 32768 op, 13332888.00 ns, 406.8875 ns/op
WorkloadPilot   13: 65536 op, 19106914.00 ns, 291.5484 ns/op
WorkloadPilot   14: 131072 op, 30792253.00 ns, 234.9262 ns/op
WorkloadPilot   15: 262144 op, 62774198.00 ns, 239.4646 ns/op
WorkloadPilot   16: 524288 op, 124314362.00 ns, 237.1108 ns/op
WorkloadPilot   17: 1048576 op, 243331624.00 ns, 232.0591 ns/op
WorkloadPilot   18: 2097152 op, 493322415.00 ns, 235.2345 ns/op
WorkloadPilot   19: 4194304 op, 987264411.00 ns, 235.3822 ns/op

OverheadWarmup   1: 4194304 op, 13872524.00 ns, 3.3075 ns/op
OverheadWarmup   2: 4194304 op, 13875911.00 ns, 3.3083 ns/op
OverheadWarmup   3: 4194304 op, 13862966.00 ns, 3.3052 ns/op
OverheadWarmup   4: 4194304 op, 13866513.00 ns, 3.3060 ns/op
OverheadWarmup   5: 4194304 op, 13864759.00 ns, 3.3056 ns/op

OverheadActual   1: 4194304 op, 13871503.00 ns, 3.3072 ns/op
OverheadActual   2: 4194304 op, 13860833.00 ns, 3.3047 ns/op
OverheadActual   3: 4194304 op, 13901528.00 ns, 3.3144 ns/op
OverheadActual   4: 4194304 op, 13882713.00 ns, 3.3099 ns/op
OverheadActual   5: 4194304 op, 13887963.00 ns, 3.3111 ns/op
OverheadActual   6: 4194304 op, 13863207.00 ns, 3.3052 ns/op
OverheadActual   7: 4194304 op, 13868457.00 ns, 3.3065 ns/op
OverheadActual   8: 4194304 op, 13866404.00 ns, 3.3060 ns/op
OverheadActual   9: 4194304 op, 14227258.00 ns, 3.3920 ns/op
OverheadActual  10: 4194304 op, 13867976.00 ns, 3.3064 ns/op
OverheadActual  11: 4194304 op, 13865802.00 ns, 3.3059 ns/op
OverheadActual  12: 4194304 op, 13876472.00 ns, 3.3084 ns/op
OverheadActual  13: 4194304 op, 13868036.00 ns, 3.3064 ns/op
OverheadActual  14: 4194304 op, 13892482.00 ns, 3.3122 ns/op
OverheadActual  15: 4194304 op, 13862846.00 ns, 3.3052 ns/op

WorkloadWarmup   1: 4194304 op, 993523826.00 ns, 236.8745 ns/op
WorkloadWarmup   2: 4194304 op, 986843883.00 ns, 235.2819 ns/op
WorkloadWarmup   3: 4194304 op, 993023392.00 ns, 236.7552 ns/op

// BeforeActualRun
WorkloadActual   1: 4194304 op, 989383365.00 ns, 235.8874 ns/op
WorkloadActual   2: 4194304 op, 991970036.00 ns, 236.5041 ns/op
WorkloadActual   3: 4194304 op, 1006719641.00 ns, 240.0207 ns/op
WorkloadActual   4: 4194304 op, 1008476269.00 ns, 240.4395 ns/op
WorkloadActual   5: 4194304 op, 1001821240.00 ns, 238.8528 ns/op
WorkloadActual   6: 4194304 op, 991645882.00 ns, 236.4268 ns/op
WorkloadActual   7: 4194304 op, 985059914.00 ns, 234.8566 ns/op
WorkloadActual   8: 4194304 op, 999330002.00 ns, 238.2588 ns/op
WorkloadActual   9: 4194304 op, 993208031.00 ns, 236.7992 ns/op
WorkloadActual  10: 4194304 op, 989522601.00 ns, 235.9206 ns/op

// AfterActualRun
WorkloadResult   1: 4194304 op, 975514908.00 ns, 232.5809 ns/op
WorkloadResult   2: 4194304 op, 978101579.00 ns, 233.1976 ns/op
WorkloadResult   3: 4194304 op, 992851184.00 ns, 236.7142 ns/op
WorkloadResult   4: 4194304 op, 994607812.00 ns, 237.1330 ns/op
WorkloadResult   5: 4194304 op, 987952783.00 ns, 235.5463 ns/op
WorkloadResult   6: 4194304 op, 977777425.00 ns, 233.1203 ns/op
WorkloadResult   7: 4194304 op, 971191457.00 ns, 231.5501 ns/op
WorkloadResult   8: 4194304 op, 985461545.00 ns, 234.9523 ns/op
WorkloadResult   9: 4194304 op, 979339574.00 ns, 233.4927 ns/op
WorkloadResult  10: 4194304 op, 975654144.00 ns, 232.6141 ns/op
// GC:  96 0 0 1610612736 4194304
// Threading:  0 0 4194304

// AfterAll
// Benchmark Process 3225 has exited with code 0.

Mean = 234.090 ns, StdErr = 0.596 ns (0.25%), N = 10, StdDev = 1.886 ns
Min = 231.550 ns, Q1 = 232.741 ns, Median = 233.345 ns, Q3 = 235.398 ns, Max = 237.133 ns
IQR = 2.657 ns, LowerFence = 228.755 ns, UpperFence = 239.384 ns
ConfidenceInterval = [231.239 ns; 236.941 ns] (CI 99.9%), Margin = 2.851 ns (1.22% of Mean)
Skewness = 0.37, Kurtosis = 1.51, MValue = 2

// ** Remained 17 (70.8 %) benchmark(s) to run. Estimated finish 2026-10-10 11:02 (0h 3m from now) **
// **************************
// Benchmark: MaskingStrategyBenchmarks.IPAddress_Partial: Job-YFEFPZ(IterationCount=10, WarmupCount=3)
// *** Execute ***
// Launch: 1 / 1
// Execute: dotnet Encina.Security.PII.Benchmarks-Job-YFEFPZ-1.dll --anonymousPipes 164 165 --benchmarkName Encina.Security.PII.Benchmarks.MaskingStrategyBenchmarks.IPAddress_Partial --job "IterationCount=10, WarmupCount=3" --benchmarkId 7 in /home/runner/work/Encina/Encina/tests/Encina.BenchmarkTests/Encina.Security.PII.Benchmarks/bin/Release/net10.0/Encina.Security.PII.Benchmarks-Job-YFEFPZ-1/bin/Release/net10.0
// Failed to set up high priority (Permission denied). In order to run benchmarks with high priority, make sure you have the right permissions.
// BeforeAnythingElse

// Benchmark Process Environment Information:
// BenchmarkDotNet v0.15.8
// Runtime=.NET 10.0.12 (10.0.12, 10.0.1226.42308), X64 RyuJIT x86-64-v3
// GC=Concurrent Workstation
// HardwareIntrinsics=AVX2+BMI1+BMI2+F16C+FMA+LZCNT+MOVBE,AVX,SSE3+SSSE3+SSE4.1+SSE4.2+POPCNT,X86Base+SSE+SSE2,AES+PCLMUL VectorSize=256
// Job: Job-YFEFPZ(IterationCount=10, WarmupCount=3)

OverheadJitting  1: 1 op, 229720.00 ns, 229.7200 us/op
WorkloadJitting  1: 1 op, 4314790.00 ns, 4.3148 ms/op

OverheadJitting  2: 16 op, 428934.00 ns, 26.8084 us/op
WorkloadJitting  2: 16 op, 508874.00 ns, 31.8046 us/op

WorkloadPilot    1: 16 op, 25047.00 ns, 1.5654 us/op
WorkloadPilot    2: 32 op, 28673.00 ns, 896.0313 ns/op
WorkloadPilot    3: 64 op, 35526.00 ns, 555.0938 ns/op
WorkloadPilot    4: 128 op, 53791.00 ns, 420.2422 ns/op
WorkloadPilot    5: 256 op, 97243.00 ns, 379.8555 ns/op
WorkloadPilot    6: 512 op, 170790.00 ns, 333.5742 ns/op
WorkloadPilot    7: 1024 op, 337753.00 ns, 329.8369 ns/op
WorkloadPilot    8: 2048 op, 542657.00 ns, 264.9692 ns/op
WorkloadPilot    9: 4096 op, 1188138.00 ns, 290.0728 ns/op
WorkloadPilot   10: 8192 op, 2353192.00 ns, 287.2549 ns/op
WorkloadPilot   11: 16384 op, 4162875.00 ns, 254.0817 ns/op
WorkloadPilot   12: 32768 op, 10357929.00 ns, 316.0989 ns/op
WorkloadPilot   13: 65536 op, 18912167.00 ns, 288.5768 ns/op
WorkloadPilot   14: 131072 op, 25371207.00 ns, 193.5669 ns/op
WorkloadPilot   15: 262144 op, 52400623.00 ns, 199.8925 ns/op
WorkloadPilot   16: 524288 op, 99467164.00 ns, 189.7186 ns/op
WorkloadPilot   17: 1048576 op, 199035269.00 ns, 189.8148 ns/op
WorkloadPilot   18: 2097152 op, 396046754.00 ns, 188.8498 ns/op
WorkloadPilot   19: 4194304 op, 785235438.00 ns, 187.2147 ns/op

OverheadWarmup   1: 4194304 op, 13894570.00 ns, 3.3127 ns/op
OverheadWarmup   2: 4194304 op, 13893248.00 ns, 3.3124 ns/op
OverheadWarmup   3: 4194304 op, 13919166.00 ns, 3.3186 ns/op
OverheadWarmup   4: 4194304 op, 14321010.00 ns, 3.4144 ns/op
OverheadWarmup   5: 4194304 op, 13874853.00 ns, 3.3080 ns/op
OverheadWarmup   6: 4194304 op, 13939976.00 ns, 3.3235 ns/op
OverheadWarmup   7: 4194304 op, 13873270.00 ns, 3.3076 ns/op

OverheadActual   1: 4194304 op, 13889039.00 ns, 3.3114 ns/op
OverheadActual   2: 4194304 op, 14054740.00 ns, 3.3509 ns/op
OverheadActual   3: 4194304 op, 13883790.00 ns, 3.3102 ns/op
OverheadActual   4: 4194304 op, 13911662.00 ns, 3.3168 ns/op
OverheadActual   5: 4194304 op, 13927071.00 ns, 3.3205 ns/op
OverheadActual   6: 4194304 op, 13889360.00 ns, 3.3115 ns/op
OverheadActual   7: 4194304 op, 13961576.00 ns, 3.3287 ns/op
OverheadActual   8: 4194304 op, 13905551.00 ns, 3.3153 ns/op
OverheadActual   9: 4194304 op, 13883389.00 ns, 3.3101 ns/op
OverheadActual  10: 4194304 op, 13888719.00 ns, 3.3113 ns/op
OverheadActual  11: 4194304 op, 13921481.00 ns, 3.3191 ns/op
OverheadActual  12: 4194304 op, 13973088.00 ns, 3.3314 ns/op
OverheadActual  13: 4194304 op, 13849887.00 ns, 3.3021 ns/op
OverheadActual  14: 4194304 op, 13878470.00 ns, 3.3089 ns/op
OverheadActual  15: 4194304 op, 13862200.00 ns, 3.3050 ns/op

WorkloadWarmup   1: 4194304 op, 776964622.00 ns, 185.2428 ns/op
WorkloadWarmup   2: 4194304 op, 773833071.00 ns, 184.4962 ns/op
WorkloadWarmup   3: 4194304 op, 770116232.00 ns, 183.6100 ns/op

// BeforeActualRun
WorkloadActual   1: 4194304 op, 770971926.00 ns, 183.8140 ns/op
WorkloadActual   2: 4194304 op, 771016280.00 ns, 183.8246 ns/op
WorkloadActual   3: 4194304 op, 769451937.00 ns, 183.4516 ns/op
WorkloadActual   4: 4194304 op, 772252518.00 ns, 184.1193 ns/op
WorkloadActual   5: 4194304 op, 771874563.00 ns, 184.0292 ns/op
WorkloadActual   6: 4194304 op, 776074626.00 ns, 185.0306 ns/op
WorkloadActual   7: 4194304 op, 770742853.00 ns, 183.7594 ns/op
WorkloadActual   8: 4194304 op, 770552393.00 ns, 183.7140 ns/op
WorkloadActual   9: 4194304 op, 771066015.00 ns, 183.8365 ns/op
WorkloadActual  10: 4194304 op, 778394956.00 ns, 185.5838 ns/op

// AfterActualRun
WorkloadResult   1: 4194304 op, 757082566.00 ns, 180.5025 ns/op
WorkloadResult   2: 4194304 op, 757126920.00 ns, 180.5131 ns/op
WorkloadResult   3: 4194304 op, 755562577.00 ns, 180.1402 ns/op
WorkloadResult   4: 4194304 op, 758363158.00 ns, 180.8079 ns/op
WorkloadResult   5: 4194304 op, 757985203.00 ns, 180.7178 ns/op
WorkloadResult   6: 4194304 op, 756853493.00 ns, 180.4479 ns/op
WorkloadResult   7: 4194304 op, 756663033.00 ns, 180.4025 ns/op
WorkloadResult   8: 4194304 op, 757176655.00 ns, 180.5250 ns/op
// GC:  66 0 0 1107296256 4194304
// Threading:  0 0 4194304

// AfterAll
// Benchmark Process 3238 has exited with code 0.

Mean = 180.507 ns, StdErr = 0.071 ns (0.04%), N = 8, StdDev = 0.202 ns
Min = 180.140 ns, Q1 = 180.437 ns, Median = 180.508 ns, Q3 = 180.573 ns, Max = 180.808 ns
IQR = 0.137 ns, LowerFence = 180.232 ns, UpperFence = 180.778 ns
ConfidenceInterval = [180.122 ns; 180.892 ns] (CI 99.9%), Margin = 0.385 ns (0.21% of Mean)
Skewness = -0.22, Kurtosis = 2.15, MValue = 2

// ** Remained 16 (66.7 %) benchmark(s) to run. Estimated finish 2026-10-10 11:02 (0h 3m from now) **
// **************************
// Benchmark: MaskingStrategyBenchmarks.Custom_FullMasking: Job-YFEFPZ(IterationCount=10, WarmupCount=3)
// *** Execute ***
// Launch: 1 / 1
// Execute: dotnet Encina.Security.PII.Benchmarks-Job-YFEFPZ-1.dll --anonymousPipes 164 165 --benchmarkName Encina.Security.PII.Benchmarks.MaskingStrategyBenchmarks.Custom_FullMasking --job "IterationCount=10, WarmupCount=3" --benchmarkId 8 in /home/runner/work/Encina/Encina/tests/Encina.BenchmarkTests/Encina.Security.PII.Benchmarks/bin/Release/net10.0/Encina.Security.PII.Benchmarks-Job-YFEFPZ-1/bin/Release/net10.0
// Failed to set up high priority (Permission denied). In order to run benchmarks with high priority, make sure you have the right permissions.
// BeforeAnythingElse

// Benchmark Process Environment Information:
// BenchmarkDotNet v0.15.8
// Runtime=.NET 10.0.12 (10.0.12, 10.0.1226.42308), X64 RyuJIT x86-64-v3
// GC=Concurrent Workstation
// HardwareIntrinsics=AVX2+BMI1+BMI2+F16C+FMA+LZCNT+MOVBE,AVX,SSE3+SSSE3+SSE4.1+SSE4.2+POPCNT,X86Base+SSE+SSE2,AES+PCLMUL VectorSize=256
// Job: Job-YFEFPZ(IterationCount=10, WarmupCount=3)

OverheadJitting  1: 1 op, 222437.00 ns, 222.4370 us/op
WorkloadJitting  1: 1 op, 3202864.00 ns, 3.2029 ms/op

OverheadJitting  2: 16 op, 448541.00 ns, 28.0338 us/op
WorkloadJitting  2: 16 op, 474409.00 ns, 29.6506 us/op

WorkloadPilot    1: 16 op, 4879.00 ns, 304.9375 ns/op
WorkloadPilot    2: 32 op, 24216.00 ns, 756.7500 ns/op
WorkloadPilot    3: 64 op, 20919.00 ns, 326.8594 ns/op
WorkloadPilot    4: 128 op, 32541.00 ns, 254.2266 ns/op
WorkloadPilot    5: 256 op, 43121.00 ns, 168.4414 ns/op
WorkloadPilot    6: 512 op, 75030.00 ns, 146.5430 ns/op
WorkloadPilot    7: 1024 op, 144050.00 ns, 140.6738 ns/op
WorkloadPilot    8: 2048 op, 272932.00 ns, 133.2676 ns/op
WorkloadPilot    9: 4096 op, 412564.00 ns, 100.7236 ns/op
WorkloadPilot   10: 8192 op, 942036.00 ns, 114.9946 ns/op
WorkloadPilot   11: 16384 op, 1679278.00 ns, 102.4950 ns/op
WorkloadPilot   12: 32768 op, 4056294.00 ns, 123.7883 ns/op
WorkloadPilot   13: 65536 op, 7596051.00 ns, 115.9065 ns/op
WorkloadPilot   14: 131072 op, 16798321.00 ns, 128.1610 ns/op
WorkloadPilot   15: 262144 op, 19774582.00 ns, 75.4340 ns/op
WorkloadPilot   16: 524288 op, 40996325.00 ns, 78.1943 ns/op
WorkloadPilot   17: 1048576 op, 74575234.00 ns, 71.1205 ns/op
WorkloadPilot   18: 2097152 op, 154441650.00 ns, 73.6435 ns/op
WorkloadPilot   19: 4194304 op, 269849373.00 ns, 64.3371 ns/op
WorkloadPilot   20: 8388608 op, 542132739.00 ns, 64.6273 ns/op

OverheadWarmup   1: 8388608 op, 27426526.00 ns, 3.2695 ns/op
OverheadWarmup   2: 8388608 op, 27418752.00 ns, 3.2686 ns/op
OverheadWarmup   3: 8388608 op, 27488732.00 ns, 3.2769 ns/op
OverheadWarmup   4: 8388608 op, 27401959.00 ns, 3.2666 ns/op
OverheadWarmup   5: 8388608 op, 27401048.00 ns, 3.2665 ns/op
OverheadWarmup   6: 8388608 op, 27418461.00 ns, 3.2685 ns/op
OverheadWarmup   7: 8388608 op, 27470047.00 ns, 3.2747 ns/op
OverheadWarmup   8: 8388608 op, 27446955.00 ns, 3.2719 ns/op

OverheadActual   1: 8388608 op, 27389186.00 ns, 3.2650 ns/op
OverheadActual   2: 8388608 op, 27482371.00 ns, 3.2762 ns/op
OverheadActual   3: 8388608 op, 27398794.00 ns, 3.2662 ns/op
OverheadActual   4: 8388608 op, 27418612.00 ns, 3.2686 ns/op
OverheadActual   5: 8388608 op, 27411789.00 ns, 3.2677 ns/op
OverheadActual   6: 8388608 op, 27427318.00 ns, 3.2696 ns/op
OverheadActual   7: 8388608 op, 27704167.00 ns, 3.3026 ns/op
OverheadActual   8: 8388608 op, 27981637.00 ns, 3.3357 ns/op
OverheadActual   9: 8388608 op, 28610386.00 ns, 3.4106 ns/op
OverheadActual  10: 8388608 op, 27466761.00 ns, 3.2743 ns/op
OverheadActual  11: 8388608 op, 27409143.00 ns, 3.2674 ns/op
OverheadActual  12: 8388608 op, 27434250.00 ns, 3.2704 ns/op
OverheadActual  13: 8388608 op, 27405517.00 ns, 3.2670 ns/op
OverheadActual  14: 8388608 op, 27408813.00 ns, 3.2674 ns/op
OverheadActual  15: 8388608 op, 27445813.00 ns, 3.2718 ns/op

WorkloadWarmup   1: 8388608 op, 555331051.00 ns, 66.2006 ns/op
WorkloadWarmup   2: 8388608 op, 543625158.00 ns, 64.8052 ns/op
WorkloadWarmup   3: 8388608 op, 538852493.00 ns, 64.2362 ns/op

// BeforeActualRun
WorkloadActual   1: 8388608 op, 535442691.00 ns, 63.8297 ns/op
WorkloadActual   2: 8388608 op, 539806942.00 ns, 64.3500 ns/op
WorkloadActual   3: 8388608 op, 540093729.00 ns, 64.3842 ns/op
WorkloadActual   4: 8388608 op, 546423985.00 ns, 65.1388 ns/op
WorkloadActual   5: 8388608 op, 552418192.00 ns, 65.8534 ns/op
WorkloadActual   6: 8388608 op, 556241091.00 ns, 66.3091 ns/op
WorkloadActual   7: 8388608 op, 569505713.00 ns, 67.8904 ns/op
WorkloadActual   8: 8388608 op, 571942531.00 ns, 68.1809 ns/op
WorkloadActual   9: 8388608 op, 549456400.00 ns, 65.5003 ns/op
WorkloadActual  10: 8388608 op, 556313324.00 ns, 66.3177 ns/op

// AfterActualRun
WorkloadResult   1: 8388608 op, 508015373.00 ns, 60.5602 ns/op
WorkloadResult   2: 8388608 op, 512379624.00 ns, 61.0804 ns/op
WorkloadResult   3: 8388608 op, 512666411.00 ns, 61.1146 ns/op
WorkloadResult   4: 8388608 op, 518996667.00 ns, 61.8692 ns/op
WorkloadResult   5: 8388608 op, 524990874.00 ns, 62.5838 ns/op
WorkloadResult   6: 8388608 op, 528813773.00 ns, 63.0395 ns/op
WorkloadResult   7: 8388608 op, 542078395.00 ns, 64.6208 ns/op
WorkloadResult   8: 8388608 op, 544515213.00 ns, 64.9113 ns/op
WorkloadResult   9: 8388608 op, 522029082.00 ns, 62.2307 ns/op
WorkloadResult  10: 8388608 op, 528886006.00 ns, 63.0481 ns/op
// GC:  64 0 0 1073741824 8388608
// Threading:  0 0 8388608

// AfterAll
// Benchmark Process 3245 has exited with code 0.

Mean = 62.506 ns, StdErr = 0.460 ns (0.74%), N = 10, StdDev = 1.456 ns
Min = 60.560 ns, Q1 = 61.303 ns, Median = 62.407 ns, Q3 = 63.046 ns, Max = 64.911 ns
IQR = 1.743 ns, LowerFence = 58.689 ns, UpperFence = 65.660 ns
ConfidenceInterval = [60.305 ns; 64.707 ns] (CI 99.9%), Margin = 2.201 ns (3.52% of Mean)
Skewness = 0.34, Kurtosis = 1.69, MValue = 2

// ** Remained 15 (62.5 %) benchmark(s) to run. Estimated finish 2026-10-10 11:02 (0h 3m from now) **
// **************************
// Benchmark: MaskingStrategyBenchmarks.Email_Short: Job-YFEFPZ(IterationCount=10, WarmupCount=3)
// *** Execute ***
// Launch: 1 / 1
// Execute: dotnet Encina.Security.PII.Benchmarks-Job-YFEFPZ-1.dll --anonymousPipes 164 165 --benchmarkName Encina.Security.PII.Benchmarks.MaskingStrategyBenchmarks.Email_Short --job "IterationCount=10, WarmupCount=3" --benchmarkId 9 in /home/runner/work/Encina/Encina/tests/Encina.BenchmarkTests/Encina.Security.PII.Benchmarks/bin/Release/net10.0/Encina.Security.PII.Benchmarks-Job-YFEFPZ-1/bin/Release/net10.0
// Failed to set up high priority (Permission denied). In order to run benchmarks with high priority, make sure you have the right permissions.
// BeforeAnythingElse

// Benchmark Process Environment Information:
// BenchmarkDotNet v0.15.8
// Runtime=.NET 10.0.12 (10.0.12, 10.0.1226.42308), X64 RyuJIT x86-64-v3
// GC=Concurrent Workstation
// HardwareIntrinsics=AVX2+BMI1+BMI2+F16C+FMA+LZCNT+MOVBE,AVX,SSE3+SSSE3+SSE4.1+SSE4.2+POPCNT,X86Base+SSE+SSE2,AES+PCLMUL VectorSize=256
// Job: Job-YFEFPZ(IterationCount=10, WarmupCount=3)

OverheadJitting  1: 1 op, 263013.00 ns, 263.0130 us/op
WorkloadJitting  1: 1 op, 3345150.00 ns, 3.3452 ms/op

OverheadJitting  2: 16 op, 441788.00 ns, 27.6118 us/op
WorkloadJitting  2: 16 op, 475722.00 ns, 29.7326 us/op

WorkloadPilot    1: 16 op, 6362.00 ns, 397.6250 ns/op
WorkloadPilot    2: 32 op, 21961.00 ns, 686.2813 ns/op
WorkloadPilot    3: 64 op, 23715.00 ns, 370.5469 ns/op
WorkloadPilot    4: 128 op, 31018.00 ns, 242.3281 ns/op
WorkloadPilot    5: 256 op, 49242.00 ns, 192.3516 ns/op
WorkloadPilot    6: 512 op, 83596.00 ns, 163.2734 ns/op
WorkloadPilot    7: 1024 op, 160601.00 ns, 156.8369 ns/op
WorkloadPilot    8: 2048 op, 305713.00 ns, 149.2739 ns/op
WorkloadPilot    9: 4096 op, 456966.00 ns, 111.5640 ns/op
WorkloadPilot   10: 8192 op, 1125129.00 ns, 137.3448 ns/op
WorkloadPilot   11: 16384 op, 1919057.00 ns, 117.1299 ns/op
WorkloadPilot   12: 32768 op, 4584163.00 ns, 139.8976 ns/op
WorkloadPilot   13: 65536 op, 8605471.00 ns, 131.3091 ns/op
WorkloadPilot   14: 131072 op, 17019554.00 ns, 129.8489 ns/op
WorkloadPilot   15: 262144 op, 23934676.00 ns, 91.3035 ns/op
WorkloadPilot   16: 524288 op, 47433595.00 ns, 90.4724 ns/op
WorkloadPilot   17: 1048576 op, 88456023.00 ns, 84.3582 ns/op
WorkloadPilot   18: 2097152 op, 171198366.00 ns, 81.6337 ns/op
WorkloadPilot   19: 4194304 op, 338290952.00 ns, 80.6548 ns/op
WorkloadPilot   20: 8388608 op, 681409930.00 ns, 81.2304 ns/op

OverheadWarmup   1: 8388608 op, 27468367.00 ns, 3.2745 ns/op
OverheadWarmup   2: 8388608 op, 27472866.00 ns, 3.2750 ns/op
OverheadWarmup   3: 8388608 op, 27577933.00 ns, 3.2875 ns/op
OverheadWarmup   4: 8388608 op, 27471072.00 ns, 3.2748 ns/op
OverheadWarmup   5: 8388608 op, 27421971.00 ns, 3.2690 ns/op
OverheadWarmup   6: 8388608 op, 27448219.00 ns, 3.2721 ns/op
OverheadWarmup   7: 8388608 op, 27455604.00 ns, 3.2730 ns/op
OverheadWarmup   8: 8388608 op, 27422781.00 ns, 3.2691 ns/op

OverheadActual   1: 8388608 op, 27421068.00 ns, 3.2688 ns/op
OverheadActual   2: 8388608 op, 27529532.00 ns, 3.2818 ns/op
OverheadActual   3: 8388608 op, 27551123.00 ns, 3.2843 ns/op
OverheadActual   4: 8388608 op, 27403235.00 ns, 3.2667 ns/op
OverheadActual   5: 8388608 op, 27537036.00 ns, 3.2827 ns/op
OverheadActual   6: 8388608 op, 27390862.00 ns, 3.2652 ns/op
OverheadActual   7: 8388608 op, 27476219.00 ns, 3.2754 ns/op
OverheadActual   8: 8388608 op, 27462035.00 ns, 3.2737 ns/op
OverheadActual   9: 8388608 op, 27413955.00 ns, 3.2680 ns/op
OverheadActual  10: 8388608 op, 27472996.00 ns, 3.2750 ns/op
OverheadActual  11: 8388608 op, 27438291.00 ns, 3.2709 ns/op
OverheadActual  12: 8388608 op, 27415518.00 ns, 3.2682 ns/op
OverheadActual  13: 8388608 op, 27559438.00 ns, 3.2853 ns/op
OverheadActual  14: 8388608 op, 27515105.00 ns, 3.2801 ns/op
OverheadActual  15: 8388608 op, 27457897.00 ns, 3.2732 ns/op

WorkloadWarmup   1: 8388608 op, 702422331.00 ns, 83.7353 ns/op
WorkloadWarmup   2: 8388608 op, 700910938.00 ns, 83.5551 ns/op
WorkloadWarmup   3: 8388608 op, 693775711.00 ns, 82.7045 ns/op

// BeforeActualRun
WorkloadActual   1: 8388608 op, 681981259.00 ns, 81.2985 ns/op
WorkloadActual   2: 8388608 op, 687158726.00 ns, 81.9157 ns/op
WorkloadActual   3: 8388608 op, 691102549.00 ns, 82.3858 ns/op
WorkloadActual   4: 8388608 op, 688043093.00 ns, 82.0211 ns/op
WorkloadActual   5: 8388608 op, 690964601.00 ns, 82.3694 ns/op
WorkloadActual   6: 8388608 op, 688631386.00 ns, 82.0913 ns/op
WorkloadActual   7: 8388608 op, 695051371.00 ns, 82.8566 ns/op
WorkloadActual   8: 8388608 op, 684794474.00 ns, 81.6339 ns/op
WorkloadActual   9: 8388608 op, 684216801.00 ns, 81.5650 ns/op
WorkloadActual  10: 8388608 op, 689736199.00 ns, 82.2230 ns/op

// AfterActualRun
WorkloadResult   1: 8388608 op, 654519224.00 ns, 78.0248 ns/op
WorkloadResult   2: 8388608 op, 659696691.00 ns, 78.6420 ns/op
WorkloadResult   3: 8388608 op, 663640514.00 ns, 79.1121 ns/op
WorkloadResult   4: 8388608 op, 660581058.00 ns, 78.7474 ns/op
WorkloadResult   5: 8388608 op, 663502566.00 ns, 79.0957 ns/op
WorkloadResult   6: 8388608 op, 661169351.00 ns, 78.8175 ns/op
WorkloadResult   7: 8388608 op, 667589336.00 ns, 79.5829 ns/op
WorkloadResult   8: 8388608 op, 657332439.00 ns, 78.3601 ns/op
WorkloadResult   9: 8388608 op, 656754766.00 ns, 78.2913 ns/op
WorkloadResult  10: 8388608 op, 662274164.00 ns, 78.9492 ns/op
// GC:  64 0 0 1073741824 8388608
// Threading:  0 0 8388608

// AfterAll
// Benchmark Process 3253 has exited with code 0.

Mean = 78.762 ns, StdErr = 0.145 ns (0.18%), N = 10, StdDev = 0.458 ns
Min = 78.025 ns, Q1 = 78.431 ns, Median = 78.782 ns, Q3 = 79.059 ns, Max = 79.583 ns
IQR = 0.628 ns, LowerFence = 77.488 ns, UpperFence = 80.002 ns
ConfidenceInterval = [78.070 ns; 79.455 ns] (CI 99.9%), Margin = 0.692 ns (0.88% of Mean)
Skewness = 0.07, Kurtosis = 1.94, MValue = 2

// ** Remained 14 (58.3 %) benchmark(s) to run. Estimated finish 2026-10-10 11:02 (0h 3m from now) **
// **************************
// Benchmark: MaskingStrategyBenchmarks.Email_Long: Job-YFEFPZ(IterationCount=10, WarmupCount=3)
// *** Execute ***
// Launch: 1 / 1
// Execute: dotnet Encina.Security.PII.Benchmarks-Job-YFEFPZ-1.dll --anonymousPipes 164 165 --benchmarkName Encina.Security.PII.Benchmarks.MaskingStrategyBenchmarks.Email_Long --job "IterationCount=10, WarmupCount=3" --benchmarkId 10 in /home/runner/work/Encina/Encina/tests/Encina.BenchmarkTests/Encina.Security.PII.Benchmarks/bin/Release/net10.0/Encina.Security.PII.Benchmarks-Job-YFEFPZ-1/bin/Release/net10.0
// Failed to set up high priority (Permission denied). In order to run benchmarks with high priority, make sure you have the right permissions.
// BeforeAnythingElse

// Benchmark Process Environment Information:
// BenchmarkDotNet v0.15.8
// Runtime=.NET 10.0.12 (10.0.12, 10.0.1226.42308), X64 RyuJIT x86-64-v3
// GC=Concurrent Workstation
// HardwareIntrinsics=AVX2+BMI1+BMI2+F16C+FMA+LZCNT+MOVBE,AVX,SSE3+SSSE3+SSE4.1+SSE4.2+POPCNT,X86Base+SSE+SSE2,AES+PCLMUL VectorSize=256
// Job: Job-YFEFPZ(IterationCount=10, WarmupCount=3)

OverheadJitting  1: 1 op, 246903.00 ns, 246.9030 us/op
WorkloadJitting  1: 1 op, 3327578.00 ns, 3.3276 ms/op

OverheadJitting  2: 16 op, 421800.00 ns, 26.3625 us/op
WorkloadJitting  2: 16 op, 463489.00 ns, 28.9681 us/op

WorkloadPilot    1: 16 op, 25848.00 ns, 1.6155 us/op
WorkloadPilot    2: 32 op, 28113.00 ns, 878.5313 ns/op
WorkloadPilot    3: 64 op, 44534.00 ns, 695.8438 ns/op
WorkloadPilot    4: 128 op, 67687.00 ns, 528.8047 ns/op
WorkloadPilot    5: 256 op, 102582.00 ns, 400.7109 ns/op
WorkloadPilot    6: 512 op, 165069.00 ns, 322.4004 ns/op
WorkloadPilot    7: 1024 op, 243437.00 ns, 237.7314 ns/op
WorkloadPilot    8: 2048 op, 461355.00 ns, 225.2710 ns/op
WorkloadPilot    9: 4096 op, 1048586.00 ns, 256.0024 ns/op
WorkloadPilot   10: 8192 op, 2077445.00 ns, 253.5944 ns/op
WorkloadPilot   11: 16384 op, 3208927.00 ns, 195.8574 ns/op
WorkloadPilot   12: 32768 op, 8743121.00 ns, 266.8189 ns/op
WorkloadPilot   13: 65536 op, 12579074.00 ns, 191.9414 ns/op
WorkloadPilot   14: 131072 op, 15689866.00 ns, 119.7042 ns/op
WorkloadPilot   15: 262144 op, 31463960.00 ns, 120.0255 ns/op
WorkloadPilot   16: 524288 op, 61939055.00 ns, 118.1394 ns/op
WorkloadPilot   17: 1048576 op, 120633247.00 ns, 115.0448 ns/op
WorkloadPilot   18: 2097152 op, 247399453.00 ns, 117.9693 ns/op
WorkloadPilot   19: 4194304 op, 489029838.00 ns, 116.5938 ns/op
WorkloadPilot   20: 8388608 op, 1001391009.00 ns, 119.3751 ns/op

OverheadWarmup   1: 8388608 op, 27448742.00 ns, 3.2721 ns/op
OverheadWarmup   2: 8388608 op, 27479559.00 ns, 3.2758 ns/op
OverheadWarmup   3: 8388608 op, 27396023.00 ns, 3.2659 ns/op
OverheadWarmup   4: 8388608 op, 27549250.00 ns, 3.2841 ns/op
OverheadWarmup   5: 8388608 op, 27410120.00 ns, 3.2675 ns/op

OverheadActual   1: 8388608 op, 27439234.00 ns, 3.2710 ns/op
OverheadActual   2: 8388608 op, 27452569.00 ns, 3.2726 ns/op
OverheadActual   3: 8388608 op, 27444434.00 ns, 3.2716 ns/op
OverheadActual   4: 8388608 op, 27480382.00 ns, 3.2759 ns/op
OverheadActual   5: 8388608 op, 27587031.00 ns, 3.2886 ns/op
OverheadActual   6: 8388608 op, 27413175.00 ns, 3.2679 ns/op
OverheadActual   7: 8388608 op, 27424716.00 ns, 3.2693 ns/op
OverheadActual   8: 8388608 op, 27426109.00 ns, 3.2694 ns/op
OverheadActual   9: 8388608 op, 27423064.00 ns, 3.2691 ns/op
OverheadActual  10: 8388608 op, 27410921.00 ns, 3.2676 ns/op
OverheadActual  11: 8388608 op, 27405581.00 ns, 3.2670 ns/op
OverheadActual  12: 8388608 op, 27458420.00 ns, 3.2733 ns/op
OverheadActual  13: 8388608 op, 27409869.00 ns, 3.2675 ns/op
OverheadActual  14: 8388608 op, 27403758.00 ns, 3.2668 ns/op
OverheadActual  15: 8388608 op, 27415149.00 ns, 3.2681 ns/op

WorkloadWarmup   1: 8388608 op, 974493902.00 ns, 116.1687 ns/op
WorkloadWarmup   2: 8388608 op, 956237875.00 ns, 113.9924 ns/op
WorkloadWarmup   3: 8388608 op, 945583421.00 ns, 112.7223 ns/op

// BeforeActualRun
WorkloadActual   1: 8388608 op, 955484927.00 ns, 113.9027 ns/op
WorkloadActual   2: 8388608 op, 982618516.00 ns, 117.1373 ns/op
WorkloadActual   3: 8388608 op, 969308392.00 ns, 115.5506 ns/op
WorkloadActual   4: 8388608 op, 968844372.00 ns, 115.4952 ns/op
WorkloadActual   5: 8388608 op, 959999140.00 ns, 114.4408 ns/op
WorkloadActual   6: 8388608 op, 959734814.00 ns, 114.4093 ns/op
WorkloadActual   7: 8388608 op, 954093658.00 ns, 113.7368 ns/op
WorkloadActual   8: 8388608 op, 956715776.00 ns, 114.0494 ns/op
WorkloadActual   9: 8388608 op, 968007631.00 ns, 115.3955 ns/op
WorkloadActual  10: 8388608 op, 956955160.00 ns, 114.0779 ns/op

// AfterActualRun
WorkloadResult   1: 8388608 op, 928060211.00 ns, 110.6334 ns/op
WorkloadResult   2: 8388608 op, 955193800.00 ns, 113.8680 ns/op
WorkloadResult   3: 8388608 op, 941883676.00 ns, 112.2813 ns/op
WorkloadResult   4: 8388608 op, 941419656.00 ns, 112.2260 ns/op
WorkloadResult   5: 8388608 op, 932574424.00 ns, 111.1715 ns/op
WorkloadResult   6: 8388608 op, 932310098.00 ns, 111.1400 ns/op
WorkloadResult   7: 8388608 op, 926668942.00 ns, 110.4675 ns/op
WorkloadResult   8: 8388608 op, 929291060.00 ns, 110.7801 ns/op
WorkloadResult   9: 8388608 op, 940582915.00 ns, 112.1262 ns/op
WorkloadResult  10: 8388608 op, 929530444.00 ns, 110.8087 ns/op
// GC:  164 0 0 2751463424 8388608
// Threading:  0 0 8388608

// AfterAll
// Benchmark Process 3263 has exited with code 0.

Mean = 111.550 ns, StdErr = 0.336 ns (0.30%), N = 10, StdDev = 1.063 ns
Min = 110.468 ns, Q1 = 110.787 ns, Median = 111.156 ns, Q3 = 112.201 ns, Max = 113.868 ns
IQR = 1.414 ns, LowerFence = 108.667 ns, UpperFence = 114.322 ns
ConfidenceInterval = [109.944 ns; 113.157 ns] (CI 99.9%), Margin = 1.607 ns (1.44% of Mean)
Skewness = 0.86, Kurtosis = 2.53, MValue = 2

// ** Remained 13 (54.2 %) benchmark(s) to run. Estimated finish 2026-10-10 11:02 (0h 2m from now) **
// **************************
// Benchmark: MaskingStrategyBenchmarks.RegexPattern: Job-YFEFPZ(IterationCount=10, WarmupCount=3)
// *** Execute ***
// Launch: 1 / 1
// Execute: dotnet Encina.Security.PII.Benchmarks-Job-YFEFPZ-1.dll --anonymousPipes 164 165 --benchmarkName Encina.Security.PII.Benchmarks.MaskingStrategyBenchmarks.RegexPattern --job "IterationCount=10, WarmupCount=3" --benchmarkId 11 in /home/runner/work/Encina/Encina/tests/Encina.BenchmarkTests/Encina.Security.PII.Benchmarks/bin/Release/net10.0/Encina.Security.PII.Benchmarks-Job-YFEFPZ-1/bin/Release/net10.0
// Failed to set up high priority (Permission denied). In order to run benchmarks with high priority, make sure you have the right permissions.
// BeforeAnythingElse

// Benchmark Process Environment Information:
// BenchmarkDotNet v0.15.8
// Runtime=.NET 10.0.12 (10.0.12, 10.0.1226.42308), X64 RyuJIT x86-64-v3
// GC=Concurrent Workstation
// HardwareIntrinsics=AVX2+BMI1+BMI2+F16C+FMA+LZCNT+MOVBE,AVX,SSE3+SSSE3+SSE4.1+SSE4.2+POPCNT,X86Base+SSE+SSE2,AES+PCLMUL VectorSize=256
// Job: Job-YFEFPZ(IterationCount=10, WarmupCount=3)

OverheadJitting  1: 1 op, 223218.00 ns, 223.2180 us/op
WorkloadJitting  1: 1 op, 14640027.00 ns, 14.6400 ms/op

OverheadJitting  2: 16 op, 481192.00 ns, 30.0745 us/op
WorkloadJitting  2: 16 op, 535835.00 ns, 33.4897 us/op

WorkloadPilot    1: 16 op, 48211.00 ns, 3.0132 us/op
WorkloadPilot    2: 32 op, 66685.00 ns, 2.0839 us/op
WorkloadPilot    3: 64 op, 89277.00 ns, 1.3950 us/op
WorkloadPilot    4: 128 op, 133490.00 ns, 1.0429 us/op
WorkloadPilot    5: 256 op, 260488.00 ns, 1.0175 us/op
WorkloadPilot    6: 512 op, 465974.00 ns, 910.1055 ns/op
WorkloadPilot    7: 1024 op, 800020.00 ns, 781.2695 ns/op
WorkloadPilot    8: 2048 op, 1628032.00 ns, 794.9375 ns/op
WorkloadPilot    9: 4096 op, 3328019.00 ns, 812.5046 ns/op
WorkloadPilot   10: 8192 op, 6706172.00 ns, 818.6245 ns/op
WorkloadPilot   11: 16384 op, 12360102.00 ns, 754.4008 ns/op
WorkloadPilot   12: 32768 op, 26859987.00 ns, 819.7018 ns/op
WorkloadPilot   13: 65536 op, 45667497.00 ns, 696.8307 ns/op
WorkloadPilot   14: 131072 op, 83114983.00 ns, 634.1170 ns/op
WorkloadPilot   15: 262144 op, 166595542.00 ns, 635.5116 ns/op
WorkloadPilot   16: 524288 op, 332287328.00 ns, 633.7878 ns/op
WorkloadPilot   17: 1048576 op, 673139134.00 ns, 641.9555 ns/op

OverheadWarmup   1: 1048576 op, 3435822.00 ns, 3.2767 ns/op
OverheadWarmup   2: 1048576 op, 3449558.00 ns, 3.2898 ns/op
OverheadWarmup   3: 1048576 op, 3458714.00 ns, 3.2985 ns/op
OverheadWarmup   4: 1048576 op, 3457782.00 ns, 3.2976 ns/op
OverheadWarmup   5: 1048576 op, 3447965.00 ns, 3.2882 ns/op
OverheadWarmup   6: 1048576 op, 3447353.00 ns, 3.2877 ns/op
OverheadWarmup   7: 1048576 op, 3448636.00 ns, 3.2889 ns/op
OverheadWarmup   8: 1048576 op, 3445650.00 ns, 3.2860 ns/op

OverheadActual   1: 1048576 op, 3455929.00 ns, 3.2958 ns/op
OverheadActual   2: 1048576 op, 3475446.00 ns, 3.3144 ns/op
OverheadActual   3: 1048576 op, 3460147.00 ns, 3.2999 ns/op
OverheadActual   4: 1048576 op, 3457442.00 ns, 3.2973 ns/op
OverheadActual   5: 1048576 op, 3470366.00 ns, 3.3096 ns/op
OverheadActual   6: 1048576 op, 3465557.00 ns, 3.3050 ns/op
OverheadActual   7: 1048576 op, 3468382.00 ns, 3.3077 ns/op
OverheadActual   8: 1048576 op, 3444147.00 ns, 3.2846 ns/op
OverheadActual   9: 1048576 op, 3444758.00 ns, 3.2852 ns/op
OverheadActual  10: 1048576 op, 3443075.00 ns, 3.2836 ns/op
OverheadActual  11: 1048576 op, 3444308.00 ns, 3.2847 ns/op
OverheadActual  12: 1048576 op, 3457542.00 ns, 3.2974 ns/op
OverheadActual  13: 1048576 op, 3442704.00 ns, 3.2832 ns/op
OverheadActual  14: 1048576 op, 3485024.00 ns, 3.3236 ns/op
OverheadActual  15: 1048576 op, 3464695.00 ns, 3.3042 ns/op

WorkloadWarmup   1: 1048576 op, 671691470.00 ns, 640.5749 ns/op
WorkloadWarmup   2: 1048576 op, 672750576.00 ns, 641.5849 ns/op
WorkloadWarmup   3: 1048576 op, 661726708.00 ns, 631.0718 ns/op

// BeforeActualRun
WorkloadActual   1: 1048576 op, 667253460.00 ns, 636.3425 ns/op
WorkloadActual   2: 1048576 op, 666799970.00 ns, 635.9100 ns/op
WorkloadActual   3: 1048576 op, 678090871.00 ns, 646.6778 ns/op
WorkloadActual   4: 1048576 op, 667710440.00 ns, 636.7783 ns/op
WorkloadActual   5: 1048576 op, 666277363.00 ns, 635.4116 ns/op
WorkloadActual   6: 1048576 op, 668873030.00 ns, 637.8870 ns/op
WorkloadActual   7: 1048576 op, 668151828.00 ns, 637.1992 ns/op
WorkloadActual   8: 1048576 op, 669492601.00 ns, 638.4779 ns/op
WorkloadActual   9: 1048576 op, 667951121.00 ns, 637.0078 ns/op
WorkloadActual  10: 1048576 op, 667875380.00 ns, 636.9356 ns/op

// AfterActualRun
WorkloadResult   1: 1048576 op, 663795918.00 ns, 633.0451 ns/op
WorkloadResult   2: 1048576 op, 663342428.00 ns, 632.6126 ns/op
WorkloadResult   3: 1048576 op, 664252898.00 ns, 633.4809 ns/op
WorkloadResult   4: 1048576 op, 662819821.00 ns, 632.1142 ns/op
WorkloadResult   5: 1048576 op, 665415488.00 ns, 634.5897 ns/op
WorkloadResult   6: 1048576 op, 664694286.00 ns, 633.9019 ns/op
WorkloadResult   7: 1048576 op, 666035059.00 ns, 635.1805 ns/op
WorkloadResult   8: 1048576 op, 664493579.00 ns, 633.7105 ns/op
WorkloadResult   9: 1048576 op, 664417838.00 ns, 633.6382 ns/op
// GC:  24 0 0 411041792 1048576
// Threading:  0 0 1048576

// AfterAll
// Benchmark Process 3270 has exited with code 0.

Mean = 633.586 ns, StdErr = 0.314 ns (0.05%), N = 9, StdDev = 0.941 ns
Min = 632.114 ns, Q1 = 633.045 ns, Median = 633.638 ns, Q3 = 633.902 ns, Max = 635.181 ns
IQR = 0.857 ns, LowerFence = 631.760 ns, UpperFence = 635.187 ns
ConfidenceInterval = [632.005 ns; 635.167 ns] (CI 99.9%), Margin = 1.581 ns (0.25% of Mean)
Skewness = 0.11, Kurtosis = 1.86, MValue = 2

// ** Remained 12 (50.0 %) benchmark(s) to run. Estimated finish 2026-10-10 11:02 (0h 2m from now) **
// **************************
// Benchmark: MaskingStrategyBenchmarks.Email_Partial: ShortRun(IterationCount=3, LaunchCount=1, WarmupCount=3)
// *** Execute ***
// Launch: 1 / 1
// Execute: dotnet Encina.Security.PII.Benchmarks-Job-YFEFPZ-1.dll --anonymousPipes 164 165 --benchmarkName Encina.Security.PII.Benchmarks.MaskingStrategyBenchmarks.Email_Partial --job ShortRun --benchmarkId 12 in /home/runner/work/Encina/Encina/tests/Encina.BenchmarkTests/Encina.Security.PII.Benchmarks/bin/Release/net10.0/Encina.Security.PII.Benchmarks-Job-YFEFPZ-1/bin/Release/net10.0
// Failed to set up high priority (Permission denied). In order to run benchmarks with high priority, make sure you have the right permissions.
// BeforeAnythingElse

// Benchmark Process Environment Information:
// BenchmarkDotNet v0.15.8
// Runtime=.NET 10.0.12 (10.0.12, 10.0.1226.42308), X64 RyuJIT x86-64-v3
// GC=Concurrent Workstation
// HardwareIntrinsics=AVX2+BMI1+BMI2+F16C+FMA+LZCNT+MOVBE,AVX,SSE3+SSSE3+SSE4.1+SSE4.2+POPCNT,X86Base+SSE+SSE2,AES+PCLMUL VectorSize=256
// Job: ShortRun(IterationCount=3, LaunchCount=1, WarmupCount=3)

OverheadJitting  1: 1 op, 262412.00 ns, 262.4120 us/op
WorkloadJitting  1: 1 op, 3293014.00 ns, 3.2930 ms/op

OverheadJitting  2: 16 op, 449864.00 ns, 28.1165 us/op
WorkloadJitting  2: 16 op, 482454.00 ns, 30.1534 us/op

WorkloadPilot    1: 16 op, 4829.00 ns, 301.8125 ns/op
WorkloadPilot    2: 32 op, 21019.00 ns, 656.8438 ns/op
WorkloadPilot    3: 64 op, 27551.00 ns, 430.4844 ns/op
WorkloadPilot    4: 128 op, 40436.00 ns, 315.9063 ns/op
WorkloadPilot    5: 256 op, 64771.00 ns, 253.0117 ns/op
WorkloadPilot    6: 512 op, 113964.00 ns, 222.5859 ns/op
WorkloadPilot    7: 1024 op, 226405.00 ns, 221.0986 ns/op
WorkloadPilot    8: 2048 op, 357390.00 ns, 174.5068 ns/op
WorkloadPilot    9: 4096 op, 766196.00 ns, 187.0596 ns/op
WorkloadPilot   10: 8192 op, 1637470.00 ns, 199.8865 ns/op
WorkloadPilot   11: 16384 op, 3196663.00 ns, 195.1088 ns/op
WorkloadPilot   12: 32768 op, 6450163.00 ns, 196.8434 ns/op
WorkloadPilot   13: 65536 op, 12585907.00 ns, 192.0457 ns/op
WorkloadPilot   14: 131072 op, 15939564.00 ns, 121.6092 ns/op
WorkloadPilot   15: 262144 op, 28313783.00 ns, 108.0085 ns/op
WorkloadPilot   16: 524288 op, 58465353.00 ns, 111.5138 ns/op
WorkloadPilot   17: 1048576 op, 113107498.00 ns, 107.8677 ns/op
WorkloadPilot   18: 2097152 op, 222324543.00 ns, 106.0126 ns/op
WorkloadPilot   19: 4194304 op, 445027025.00 ns, 106.1027 ns/op
WorkloadPilot   20: 8388608 op, 895800824.00 ns, 106.7878 ns/op

OverheadWarmup   1: 8388608 op, 27751820.00 ns, 3.3083 ns/op
OverheadWarmup   2: 8388608 op, 27804640.00 ns, 3.3146 ns/op
OverheadWarmup   3: 8388608 op, 27740750.00 ns, 3.3070 ns/op
OverheadWarmup   4: 8388608 op, 27721854.00 ns, 3.3047 ns/op
OverheadWarmup   5: 8388608 op, 27776568.00 ns, 3.3112 ns/op
OverheadWarmup   6: 8388608 op, 27807075.00 ns, 3.3149 ns/op
OverheadWarmup   7: 8388608 op, 27726203.00 ns, 3.3052 ns/op

OverheadActual   1: 8388608 op, 27761159.00 ns, 3.3094 ns/op
OverheadActual   2: 8388608 op, 27872878.00 ns, 3.3227 ns/op
OverheadActual   3: 8388608 op, 27732164.00 ns, 3.3059 ns/op
OverheadActual   4: 8388608 op, 27927620.00 ns, 3.3292 ns/op
OverheadActual   5: 8388608 op, 27746241.00 ns, 3.3076 ns/op
OverheadActual   6: 8388608 op, 27822864.00 ns, 3.3167 ns/op
OverheadActual   7: 8388608 op, 27758945.00 ns, 3.3091 ns/op
OverheadActual   8: 8388608 op, 27751711.00 ns, 3.3083 ns/op
OverheadActual   9: 8388608 op, 27807615.00 ns, 3.3149 ns/op
OverheadActual  10: 8388608 op, 27878929.00 ns, 3.3234 ns/op
OverheadActual  11: 8388608 op, 27725872.00 ns, 3.3052 ns/op
OverheadActual  12: 8388608 op, 27717406.00 ns, 3.3042 ns/op
OverheadActual  13: 8388608 op, 27800051.00 ns, 3.3140 ns/op
OverheadActual  14: 8388608 op, 27756570.00 ns, 3.3088 ns/op
OverheadActual  15: 8388608 op, 27717396.00 ns, 3.3042 ns/op

WorkloadWarmup   1: 8388608 op, 894902320.00 ns, 106.6807 ns/op
WorkloadWarmup   2: 8388608 op, 916967738.00 ns, 109.3111 ns/op
WorkloadWarmup   3: 8388608 op, 895812928.00 ns, 106.7892 ns/op

// BeforeActualRun
WorkloadActual   1: 8388608 op, 897701630.00 ns, 107.0144 ns/op
WorkloadActual   2: 8388608 op, 914423708.00 ns, 109.0078 ns/op
WorkloadActual   3: 8388608 op, 918724021.00 ns, 109.5204 ns/op

// AfterActualRun
WorkloadResult   1: 8388608 op, 869942685.00 ns, 103.7052 ns/op
WorkloadResult   2: 8388608 op, 886664763.00 ns, 105.6987 ns/op
WorkloadResult   3: 8388608 op, 890965076.00 ns, 106.2113 ns/op
// GC:  112 0 0 1879048192 8388608
// Threading:  0 0 8388608

// AfterAll
// Benchmark Process 3283 has exited with code 0.

Mean = 105.205 ns, StdErr = 0.764 ns (0.73%), N = 3, StdDev = 1.324 ns
Min = 103.705 ns, Q1 = 104.702 ns, Median = 105.699 ns, Q3 = 105.955 ns, Max = 106.211 ns
IQR = 1.253 ns, LowerFence = 102.822 ns, UpperFence = 107.835 ns
ConfidenceInterval = [81.051 ns; 129.359 ns] (CI 99.9%), Margin = 24.154 ns (22.96% of Mean)
Skewness = -0.32, Kurtosis = 0.67, MValue = 2

// ** Remained 11 (45.8 %) benchmark(s) to run. Estimated finish 2026-10-10 11:02 (0h 2m from now) **
// **************************
// Benchmark: MaskingStrategyBenchmarks.Phone_Partial: ShortRun(IterationCount=3, LaunchCount=1, WarmupCount=3)
// *** Execute ***
// Launch: 1 / 1
// Execute: dotnet Encina.Security.PII.Benchmarks-Job-YFEFPZ-1.dll --anonymousPipes 164 165 --benchmarkName Encina.Security.PII.Benchmarks.MaskingStrategyBenchmarks.Phone_Partial --job ShortRun --benchmarkId 13 in /home/runner/work/Encina/Encina/tests/Encina.BenchmarkTests/Encina.Security.PII.Benchmarks/bin/Release/net10.0/Encina.Security.PII.Benchmarks-Job-YFEFPZ-1/bin/Release/net10.0
// Failed to set up high priority (Permission denied). In order to run benchmarks with high priority, make sure you have the right permissions.
// BeforeAnythingElse

// Benchmark Process Environment Information:
// BenchmarkDotNet v0.15.8
// Runtime=.NET 10.0.12 (10.0.12, 10.0.1226.42308), X64 RyuJIT x86-64-v3
// GC=Concurrent Workstation
// HardwareIntrinsics=AVX2+BMI1+BMI2+F16C+FMA+LZCNT+MOVBE,AVX,SSE3+SSSE3+SSE4.1+SSE4.2+POPCNT,X86Base+SSE+SSE2,AES+PCLMUL VectorSize=256
// Job: ShortRun(IterationCount=3, LaunchCount=1, WarmupCount=3)

OverheadJitting  1: 1 op, 248526.00 ns, 248.5260 us/op
WorkloadJitting  1: 1 op, 5403724.00 ns, 5.4037 ms/op

OverheadJitting  2: 16 op, 424647.00 ns, 26.5404 us/op
WorkloadJitting  2: 16 op, 570410.00 ns, 35.6506 us/op

WorkloadPilot    1: 16 op, 43071.00 ns, 2.6919 us/op
WorkloadPilot    2: 32 op, 38222.00 ns, 1.1944 us/op
WorkloadPilot    3: 64 op, 82354.00 ns, 1.2868 us/op
WorkloadPilot    4: 128 op, 145814.00 ns, 1.1392 us/op
WorkloadPilot    5: 256 op, 219952.00 ns, 859.1875 ns/op
WorkloadPilot    6: 512 op, 379512.00 ns, 741.2344 ns/op
WorkloadPilot    7: 1024 op, 623018.00 ns, 608.4160 ns/op
WorkloadPilot    8: 2048 op, 1355301.00 ns, 661.7681 ns/op
WorkloadPilot    9: 4096 op, 2649037.00 ns, 646.7375 ns/op
WorkloadPilot   10: 8192 op, 5245826.00 ns, 640.3596 ns/op
WorkloadPilot   11: 16384 op, 10245333.00 ns, 625.3255 ns/op
WorkloadPilot   12: 32768 op, 20808954.00 ns, 635.0389 ns/op
WorkloadPilot   13: 65536 op, 28604931.00 ns, 436.4766 ns/op
WorkloadPilot   14: 131072 op, 56424666.00 ns, 430.4860 ns/op
WorkloadPilot   15: 262144 op, 115160477.00 ns, 439.3024 ns/op
WorkloadPilot   16: 524288 op, 221310786.00 ns, 422.1168 ns/op
WorkloadPilot   17: 1048576 op, 447284267.00 ns, 426.5635 ns/op
WorkloadPilot   18: 2097152 op, 874407550.00 ns, 416.9500 ns/op

OverheadWarmup   1: 2097152 op, 6953979.00 ns, 3.3159 ns/op
OverheadWarmup   2: 2097152 op, 6961834.00 ns, 3.3197 ns/op
OverheadWarmup   3: 2097152 op, 6957486.00 ns, 3.3176 ns/op
OverheadWarmup   4: 2097152 op, 6951424.00 ns, 3.3147 ns/op
OverheadWarmup   5: 2097152 op, 6956183.00 ns, 3.3170 ns/op
OverheadWarmup   6: 2097152 op, 6956674.00 ns, 3.3172 ns/op
OverheadWarmup   7: 2097152 op, 6951384.00 ns, 3.3147 ns/op

OverheadActual   1: 2097152 op, 6995397.00 ns, 3.3357 ns/op
OverheadActual   2: 2097152 op, 7496021.00 ns, 3.5744 ns/op
OverheadActual   3: 2097152 op, 6966312.00 ns, 3.3218 ns/op
OverheadActual   4: 2097152 op, 6964980.00 ns, 3.3212 ns/op
OverheadActual   5: 2097152 op, 6985629.00 ns, 3.3310 ns/op
OverheadActual   6: 2097152 op, 6954821.00 ns, 3.3163 ns/op
OverheadActual   7: 2097152 op, 6951925.00 ns, 3.3149 ns/op
OverheadActual   8: 2097152 op, 7018070.00 ns, 3.3465 ns/op
OverheadActual   9: 2097152 op, 7027368.00 ns, 3.3509 ns/op
OverheadActual  10: 2097152 op, 7346202.00 ns, 3.5029 ns/op
OverheadActual  11: 2097152 op, 6999014.00 ns, 3.3374 ns/op
OverheadActual  12: 2097152 op, 6978986.00 ns, 3.3278 ns/op
OverheadActual  13: 2097152 op, 6963156.00 ns, 3.3203 ns/op
OverheadActual  14: 2097152 op, 7113320.00 ns, 3.3919 ns/op
OverheadActual  15: 2097152 op, 7323847.00 ns, 3.4923 ns/op

WorkloadWarmup   1: 2097152 op, 890883358.00 ns, 424.8063 ns/op
WorkloadWarmup   2: 2097152 op, 878579725.00 ns, 418.9395 ns/op
WorkloadWarmup   3: 2097152 op, 866857547.00 ns, 413.3499 ns/op

// BeforeActualRun
WorkloadActual   1: 2097152 op, 865527514.00 ns, 412.7157 ns/op
WorkloadActual   2: 2097152 op, 870001392.00 ns, 414.8490 ns/op
WorkloadActual   3: 2097152 op, 873969070.00 ns, 416.7409 ns/op

// AfterActualRun
WorkloadResult   1: 2097152 op, 858532117.00 ns, 409.3800 ns/op
WorkloadResult   2: 2097152 op, 863005995.00 ns, 411.5133 ns/op
WorkloadResult   3: 2097152 op, 866973673.00 ns, 413.4053 ns/op
// GC:  65 0 0 1090519040 2097152
// Threading:  0 0 2097152

// AfterAll
// Benchmark Process 3290 has exited with code 0.

Mean = 411.433 ns, StdErr = 1.163 ns (0.28%), N = 3, StdDev = 2.014 ns
Min = 409.380 ns, Q1 = 410.447 ns, Median = 411.513 ns, Q3 = 412.459 ns, Max = 413.405 ns
IQR = 2.013 ns, LowerFence = 407.428 ns, UpperFence = 415.478 ns
ConfidenceInterval = [374.693 ns; 448.173 ns] (CI 99.9%), Margin = 36.740 ns (8.93% of Mean)
Skewness = -0.04, Kurtosis = 0.67, MValue = 2

// ** Remained 10 (41.7 %) benchmark(s) to run. Estimated finish 2026-10-10 11:02 (0h 2m from now) **
// **************************
// Benchmark: MaskingStrategyBenchmarks.CreditCard_Partial: ShortRun(IterationCount=3, LaunchCount=1, WarmupCount=3)
// *** Execute ***
// Launch: 1 / 1
// Execute: dotnet Encina.Security.PII.Benchmarks-Job-YFEFPZ-1.dll --anonymousPipes 164 165 --benchmarkName Encina.Security.PII.Benchmarks.MaskingStrategyBenchmarks.CreditCard_Partial --job ShortRun --benchmarkId 14 in /home/runner/work/Encina/Encina/tests/Encina.BenchmarkTests/Encina.Security.PII.Benchmarks/bin/Release/net10.0/Encina.Security.PII.Benchmarks-Job-YFEFPZ-1/bin/Release/net10.0
// Failed to set up high priority (Permission denied). In order to run benchmarks with high priority, make sure you have the right permissions.
// BeforeAnythingElse

// Benchmark Process Environment Information:
// BenchmarkDotNet v0.15.8
// Runtime=.NET 10.0.12 (10.0.12, 10.0.1226.42308), X64 RyuJIT x86-64-v3
// GC=Concurrent Workstation
// HardwareIntrinsics=AVX2+BMI1+BMI2+F16C+FMA+LZCNT+MOVBE,AVX,SSE3+SSSE3+SSE4.1+SSE4.2+POPCNT,X86Base+SSE+SSE2,AES+PCLMUL VectorSize=256
// Job: ShortRun(IterationCount=3, LaunchCount=1, WarmupCount=3)

OverheadJitting  1: 1 op, 239631.00 ns, 239.6310 us/op
WorkloadJitting  1: 1 op, 5064757.00 ns, 5.0648 ms/op

OverheadJitting  2: 16 op, 431392.00 ns, 26.9620 us/op
WorkloadJitting  2: 16 op, 525138.00 ns, 32.8211 us/op

WorkloadPilot    1: 16 op, 65373.00 ns, 4.0858 us/op
WorkloadPilot    2: 32 op, 81763.00 ns, 2.5551 us/op
WorkloadPilot    3: 64 op, 89919.00 ns, 1.4050 us/op
WorkloadPilot    4: 128 op, 136086.00 ns, 1.0632 us/op
WorkloadPilot    5: 256 op, 228190.00 ns, 891.3672 ns/op
WorkloadPilot    6: 512 op, 378513.00 ns, 739.2832 ns/op
WorkloadPilot    7: 1024 op, 696912.00 ns, 680.5781 ns/op
WorkloadPilot    8: 2048 op, 1509282.00 ns, 736.9541 ns/op
WorkloadPilot    9: 4096 op, 3042769.00 ns, 742.8635 ns/op
WorkloadPilot   10: 8192 op, 5905790.00 ns, 720.9216 ns/op
WorkloadPilot   11: 16384 op, 11558934.00 ns, 705.5013 ns/op
WorkloadPilot   12: 32768 op, 22491310.00 ns, 686.3803 ns/op
WorkloadPilot   13: 65536 op, 33124903.00 ns, 505.4459 ns/op
WorkloadPilot   14: 131072 op, 64905264.00 ns, 495.1879 ns/op
WorkloadPilot   15: 262144 op, 130623148.00 ns, 498.2878 ns/op
WorkloadPilot   16: 524288 op, 258418490.00 ns, 492.8942 ns/op
WorkloadPilot   17: 1048576 op, 517454293.00 ns, 493.4829 ns/op

OverheadWarmup   1: 1048576 op, 3487717.00 ns, 3.3261 ns/op
OverheadWarmup   2: 1048576 op, 3503146.00 ns, 3.3409 ns/op
OverheadWarmup   3: 1048576 op, 3483469.00 ns, 3.3221 ns/op
OverheadWarmup   4: 1048576 op, 3482457.00 ns, 3.3211 ns/op
OverheadWarmup   5: 1048576 op, 3484071.00 ns, 3.3227 ns/op
OverheadWarmup   6: 1048576 op, 3478240.00 ns, 3.3171 ns/op

OverheadActual   1: 1048576 op, 3480414.00 ns, 3.3192 ns/op
OverheadActual   2: 1048576 op, 3469893.00 ns, 3.3091 ns/op
OverheadActual   3: 1048576 op, 3477318.00 ns, 3.3162 ns/op
OverheadActual   4: 1048576 op, 3481825.00 ns, 3.3205 ns/op
OverheadActual   5: 1048576 op, 3479091.00 ns, 3.3179 ns/op
OverheadActual   6: 1048576 op, 3477898.00 ns, 3.3168 ns/op
OverheadActual   7: 1048576 op, 3477999.00 ns, 3.3169 ns/op
OverheadActual   8: 1048576 op, 3474673.00 ns, 3.3137 ns/op
OverheadActual   9: 1048576 op, 3483720.00 ns, 3.3223 ns/op
OverheadActual  10: 1048576 op, 3530618.00 ns, 3.3671 ns/op
OverheadActual  11: 1048576 op, 3479402.00 ns, 3.3182 ns/op
OverheadActual  12: 1048576 op, 3481745.00 ns, 3.3205 ns/op
OverheadActual  13: 1048576 op, 3479221.00 ns, 3.3180 ns/op
OverheadActual  14: 1048576 op, 3479242.00 ns, 3.3181 ns/op
OverheadActual  15: 1048576 op, 3497795.00 ns, 3.3358 ns/op

WorkloadWarmup   1: 1048576 op, 522605986.00 ns, 498.3959 ns/op
WorkloadWarmup   2: 1048576 op, 515314145.00 ns, 491.4419 ns/op
WorkloadWarmup   3: 1048576 op, 521856026.00 ns, 497.6807 ns/op

// BeforeActualRun
WorkloadActual   1: 1048576 op, 522846013.00 ns, 498.6248 ns/op
WorkloadActual   2: 1048576 op, 526787055.00 ns, 502.3833 ns/op
WorkloadActual   3: 1048576 op, 522427037.00 ns, 498.2252 ns/op

// AfterActualRun
WorkloadResult   1: 1048576 op, 519366771.00 ns, 495.3068 ns/op
WorkloadResult   2: 1048576 op, 523307813.00 ns, 499.0652 ns/op
WorkloadResult   3: 1048576 op, 518947795.00 ns, 494.9072 ns/op
// GC:  34 0 0 570425344 1048576
// Threading:  0 0 1048576

// AfterAll
// Benchmark Process 3302 has exited with code 0.

Mean = 496.426 ns, StdErr = 1.324 ns (0.27%), N = 3, StdDev = 2.294 ns
Min = 494.907 ns, Q1 = 495.107 ns, Median = 495.307 ns, Q3 = 497.186 ns, Max = 499.065 ns
IQR = 2.079 ns, LowerFence = 491.988 ns, UpperFence = 500.305 ns
ConfidenceInterval = [454.575 ns; 538.278 ns] (CI 99.9%), Margin = 41.851 ns (8.43% of Mean)
Skewness = 0.37, Kurtosis = 0.67, MValue = 2

// ** Remained 9 (37.5 %) benchmark(s) to run. Estimated finish 2026-10-10 11:01 (0h 1m from now) **
// **************************
// Benchmark: MaskingStrategyBenchmarks.SSN_Partial: ShortRun(IterationCount=3, LaunchCount=1, WarmupCount=3)
// *** Execute ***
// Launch: 1 / 1
// Execute: dotnet Encina.Security.PII.Benchmarks-Job-YFEFPZ-1.dll --anonymousPipes 164 165 --benchmarkName Encina.Security.PII.Benchmarks.MaskingStrategyBenchmarks.SSN_Partial --job ShortRun --benchmarkId 15 in /home/runner/work/Encina/Encina/tests/Encina.BenchmarkTests/Encina.Security.PII.Benchmarks/bin/Release/net10.0/Encina.Security.PII.Benchmarks-Job-YFEFPZ-1/bin/Release/net10.0
// Failed to set up high priority (Permission denied). In order to run benchmarks with high priority, make sure you have the right permissions.
// BeforeAnythingElse

// Benchmark Process Environment Information:
// BenchmarkDotNet v0.15.8
// Runtime=.NET 10.0.12 (10.0.12, 10.0.1226.42308), X64 RyuJIT x86-64-v3
// GC=Concurrent Workstation
// HardwareIntrinsics=AVX2+BMI1+BMI2+F16C+FMA+LZCNT+MOVBE,AVX,SSE3+SSSE3+SSE4.1+SSE4.2+POPCNT,X86Base+SSE+SSE2,AES+PCLMUL VectorSize=256
// Job: ShortRun(IterationCount=3, LaunchCount=1, WarmupCount=3)

OverheadJitting  1: 1 op, 226485.00 ns, 226.4850 us/op
WorkloadJitting  1: 1 op, 5235940.00 ns, 5.2359 ms/op

OverheadJitting  2: 16 op, 423083.00 ns, 26.4427 us/op
WorkloadJitting  2: 16 op, 514555.00 ns, 32.1597 us/op

WorkloadPilot    1: 16 op, 31990.00 ns, 1.9994 us/op
WorkloadPilot    2: 32 op, 37360.00 ns, 1.1675 us/op
WorkloadPilot    3: 64 op, 55414.00 ns, 865.8438 ns/op
WorkloadPilot    4: 128 op, 109025.00 ns, 851.7578 ns/op
WorkloadPilot    5: 256 op, 195336.00 ns, 763.0313 ns/op
WorkloadPilot    6: 512 op, 375966.00 ns, 734.3086 ns/op
WorkloadPilot    7: 1024 op, 590247.00 ns, 576.4131 ns/op
WorkloadPilot    8: 2048 op, 1287585.00 ns, 628.7036 ns/op
WorkloadPilot    9: 4096 op, 2627438.00 ns, 641.4644 ns/op
WorkloadPilot   10: 8192 op, 5108171.00 ns, 623.5560 ns/op
WorkloadPilot   11: 16384 op, 10217836.00 ns, 623.6472 ns/op
WorkloadPilot   12: 32768 op, 20115510.00 ns, 613.8766 ns/op
WorkloadPilot   13: 65536 op, 27333147.00 ns, 417.0707 ns/op
WorkloadPilot   14: 131072 op, 54280100.00 ns, 414.1243 ns/op
WorkloadPilot   15: 262144 op, 110517161.00 ns, 421.5895 ns/op
WorkloadPilot   16: 524288 op, 213977004.00 ns, 408.1287 ns/op
WorkloadPilot   17: 1048576 op, 432431036.00 ns, 412.3984 ns/op
WorkloadPilot   18: 2097152 op, 865463627.00 ns, 412.6852 ns/op

OverheadWarmup   1: 2097152 op, 6949104.00 ns, 3.3136 ns/op
OverheadWarmup   2: 2097152 op, 7000711.00 ns, 3.3382 ns/op
OverheadWarmup   3: 2097152 op, 6958392.00 ns, 3.3180 ns/op
OverheadWarmup   4: 2097152 op, 6954594.00 ns, 3.3162 ns/op
OverheadWarmup   5: 2097152 op, 6951369.00 ns, 3.3147 ns/op
OverheadWarmup   6: 2097152 op, 6959594.00 ns, 3.3186 ns/op
OverheadWarmup   7: 2097152 op, 6969913.00 ns, 3.3235 ns/op
OverheadWarmup   8: 2097152 op, 6970815.00 ns, 3.3239 ns/op
OverheadWarmup   9: 2097152 op, 6943093.00 ns, 3.3107 ns/op

OverheadActual   1: 2097152 op, 6968640.00 ns, 3.3229 ns/op
OverheadActual   2: 2097152 op, 6946639.00 ns, 3.3124 ns/op
OverheadActual   3: 2097152 op, 6942161.00 ns, 3.3103 ns/op
OverheadActual   4: 2097152 op, 6987446.00 ns, 3.3319 ns/op
OverheadActual   5: 2097152 op, 6937683.00 ns, 3.3081 ns/op
OverheadActual   6: 2097152 op, 6975744.00 ns, 3.3263 ns/op
OverheadActual   7: 2097152 op, 6948373.00 ns, 3.3132 ns/op
OverheadActual   8: 2097152 op, 6957630.00 ns, 3.3177 ns/op
OverheadActual   9: 2097152 op, 6943814.00 ns, 3.3111 ns/op
OverheadActual  10: 2097152 op, 6973810.00 ns, 3.3254 ns/op
OverheadActual  11: 2097152 op, 6947461.00 ns, 3.3128 ns/op
OverheadActual  12: 2097152 op, 6956699.00 ns, 3.3172 ns/op
OverheadActual  13: 2097152 op, 6932262.00 ns, 3.3056 ns/op
OverheadActual  14: 2097152 op, 6948202.00 ns, 3.3132 ns/op
OverheadActual  15: 2097152 op, 6948803.00 ns, 3.3134 ns/op

WorkloadWarmup   1: 2097152 op, 860087004.00 ns, 410.1214 ns/op
WorkloadWarmup   2: 2097152 op, 870679576.00 ns, 415.1724 ns/op
WorkloadWarmup   3: 2097152 op, 859634470.00 ns, 409.9057 ns/op

// BeforeActualRun
WorkloadActual   1: 2097152 op, 856820517.00 ns, 408.5639 ns/op
WorkloadActual   2: 2097152 op, 864026372.00 ns, 411.9999 ns/op
WorkloadActual   3: 2097152 op, 863627159.00 ns, 411.8095 ns/op

// AfterActualRun
WorkloadResult   1: 2097152 op, 849872144.00 ns, 405.2506 ns/op
WorkloadResult   2: 2097152 op, 857077999.00 ns, 408.6866 ns/op
WorkloadResult   3: 2097152 op, 856678786.00 ns, 408.4963 ns/op
// GC:  65 0 0 1090519040 2097152
// Threading:  0 0 2097152

// AfterAll
// Benchmark Process 3311 has exited with code 0.

Mean = 407.478 ns, StdErr = 1.115 ns (0.27%), N = 3, StdDev = 1.931 ns
Min = 405.251 ns, Q1 = 406.873 ns, Median = 408.496 ns, Q3 = 408.591 ns, Max = 408.687 ns
IQR = 1.718 ns, LowerFence = 404.296 ns, UpperFence = 411.168 ns
ConfidenceInterval = [372.246 ns; 442.710 ns] (CI 99.9%), Margin = 35.232 ns (8.65% of Mean)
Skewness = -0.38, Kurtosis = 0.67, MValue = 2

// ** Remained 8 (33.3 %) benchmark(s) to run. Estimated finish 2026-10-10 11:01 (0h 1m from now) **
// **************************
// Benchmark: MaskingStrategyBenchmarks.Name_Partial: ShortRun(IterationCount=3, LaunchCount=1, WarmupCount=3)
// *** Execute ***
// Launch: 1 / 1
// Execute: dotnet Encina.Security.PII.Benchmarks-Job-YFEFPZ-1.dll --anonymousPipes 164 165 --benchmarkName Encina.Security.PII.Benchmarks.MaskingStrategyBenchmarks.Name_Partial --job ShortRun --benchmarkId 16 in /home/runner/work/Encina/Encina/tests/Encina.BenchmarkTests/Encina.Security.PII.Benchmarks/bin/Release/net10.0/Encina.Security.PII.Benchmarks-Job-YFEFPZ-1/bin/Release/net10.0
// Failed to set up high priority (Permission denied). In order to run benchmarks with high priority, make sure you have the right permissions.
// BeforeAnythingElse

// Benchmark Process Environment Information:
// BenchmarkDotNet v0.15.8
// Runtime=.NET 10.0.12 (10.0.12, 10.0.1226.42308), X64 RyuJIT x86-64-v3
// GC=Concurrent Workstation
// HardwareIntrinsics=AVX2+BMI1+BMI2+F16C+FMA+LZCNT+MOVBE,AVX,SSE3+SSSE3+SSE4.1+SSE4.2+POPCNT,X86Base+SSE+SSE2,AES+PCLMUL VectorSize=256
// Job: ShortRun(IterationCount=3, LaunchCount=1, WarmupCount=3)

OverheadJitting  1: 1 op, 230442.00 ns, 230.4420 us/op
WorkloadJitting  1: 1 op, 3817852.00 ns, 3.8179 ms/op

OverheadJitting  2: 16 op, 448952.00 ns, 28.0595 us/op
WorkloadJitting  2: 16 op, 513664.00 ns, 32.1040 us/op

WorkloadPilot    1: 16 op, 43161.00 ns, 2.6976 us/op
WorkloadPilot    2: 32 op, 37360.00 ns, 1.1675 us/op
WorkloadPilot    3: 64 op, 54322.00 ns, 848.7813 ns/op
WorkloadPilot    4: 128 op, 71254.00 ns, 556.6719 ns/op
WorkloadPilot    5: 256 op, 119524.00 ns, 466.8906 ns/op
WorkloadPilot    6: 512 op, 249007.00 ns, 486.3418 ns/op
WorkloadPilot    7: 1024 op, 323798.00 ns, 316.2090 ns/op
WorkloadPilot    8: 2048 op, 590167.00 ns, 288.1675 ns/op
WorkloadPilot    9: 4096 op, 1262818.00 ns, 308.3052 ns/op
WorkloadPilot   10: 8192 op, 2506272.00 ns, 305.9414 ns/op
WorkloadPilot   11: 16384 op, 5120646.00 ns, 312.5394 ns/op
WorkloadPilot   12: 32768 op, 10108563.00 ns, 308.4889 ns/op
WorkloadPilot   13: 65536 op, 19093577.00 ns, 291.3449 ns/op
WorkloadPilot   14: 131072 op, 26630097.00 ns, 203.1715 ns/op
WorkloadPilot   15: 262144 op, 52897603.00 ns, 201.7883 ns/op
WorkloadPilot   16: 524288 op, 108609798.00 ns, 207.1567 ns/op
WorkloadPilot   17: 1048576 op, 210493517.00 ns, 200.7423 ns/op
WorkloadPilot   18: 2097152 op, 415481074.00 ns, 198.1168 ns/op
WorkloadPilot   19: 4194304 op, 836181220.00 ns, 199.3611 ns/op

OverheadWarmup   1: 4194304 op, 13964056.00 ns, 3.3293 ns/op
OverheadWarmup   2: 4194304 op, 13882042.00 ns, 3.3097 ns/op
OverheadWarmup   3: 4194304 op, 13885068.00 ns, 3.3105 ns/op
OverheadWarmup   4: 4194304 op, 13871512.00 ns, 3.3072 ns/op
OverheadWarmup   5: 4194304 op, 13875821.00 ns, 3.3083 ns/op
OverheadWarmup   6: 4194304 op, 13875640.00 ns, 3.3082 ns/op

OverheadActual   1: 4194304 op, 13994933.00 ns, 3.3367 ns/op
OverheadActual   2: 4194304 op, 13990897.00 ns, 3.3357 ns/op
OverheadActual   3: 4194304 op, 13892863.00 ns, 3.3123 ns/op
OverheadActual   4: 4194304 op, 13871563.00 ns, 3.3072 ns/op
OverheadActual   5: 4194304 op, 13882193.00 ns, 3.3098 ns/op
OverheadActual   6: 4194304 op, 13877042.00 ns, 3.3085 ns/op
OverheadActual   7: 4194304 op, 13876301.00 ns, 3.3084 ns/op
OverheadActual   8: 4194304 op, 13856133.00 ns, 3.3036 ns/op
OverheadActual   9: 4194304 op, 13885168.00 ns, 3.3105 ns/op
OverheadActual  10: 4194304 op, 13944570.00 ns, 3.3246 ns/op
OverheadActual  11: 4194304 op, 13961862.00 ns, 3.3288 ns/op
OverheadActual  12: 4194304 op, 13867725.00 ns, 3.3063 ns/op
OverheadActual  13: 4194304 op, 13889997.00 ns, 3.3116 ns/op
OverheadActual  14: 4194304 op, 13882593.00 ns, 3.3099 ns/op
OverheadActual  15: 4194304 op, 13933588.00 ns, 3.3220 ns/op

WorkloadWarmup   1: 4194304 op, 837535381.00 ns, 199.6840 ns/op
WorkloadWarmup   2: 4194304 op, 833648607.00 ns, 198.7573 ns/op
WorkloadWarmup   3: 4194304 op, 819772395.00 ns, 195.4490 ns/op

// BeforeActualRun
WorkloadActual   1: 4194304 op, 829946740.00 ns, 197.8747 ns/op
WorkloadActual   2: 4194304 op, 819026766.00 ns, 195.2712 ns/op
WorkloadActual   3: 4194304 op, 816006487.00 ns, 194.5511 ns/op

// AfterActualRun
WorkloadResult   1: 4194304 op, 816061572.00 ns, 194.5642 ns/op
WorkloadResult   2: 4194304 op, 805141598.00 ns, 191.9607 ns/op
WorkloadResult   3: 4194304 op, 802121319.00 ns, 191.2406 ns/op
// GC:  70 0 0 1174405120 4194304
// Threading:  0 0 4194304

// AfterAll
// Benchmark Process 3322 has exited with code 0.

Mean = 192.589 ns, StdErr = 1.009 ns (0.52%), N = 3, StdDev = 1.748 ns
Min = 191.241 ns, Q1 = 191.601 ns, Median = 191.961 ns, Q3 = 193.262 ns, Max = 194.564 ns
IQR = 1.662 ns, LowerFence = 189.108 ns, UpperFence = 195.755 ns
ConfidenceInterval = [160.690 ns; 224.487 ns] (CI 99.9%), Margin = 31.899 ns (16.56% of Mean)
Skewness = 0.31, Kurtosis = 0.67, MValue = 2

// ** Remained 7 (29.2 %) benchmark(s) to run. Estimated finish 2026-10-10 11:01 (0h 1m from now) **
// **************************
// Benchmark: MaskingStrategyBenchmarks.Address_Partial: ShortRun(IterationCount=3, LaunchCount=1, WarmupCount=3)
// *** Execute ***
// Launch: 1 / 1
// Execute: dotnet Encina.Security.PII.Benchmarks-Job-YFEFPZ-1.dll --anonymousPipes 164 165 --benchmarkName Encina.Security.PII.Benchmarks.MaskingStrategyBenchmarks.Address_Partial --job ShortRun --benchmarkId 17 in /home/runner/work/Encina/Encina/tests/Encina.BenchmarkTests/Encina.Security.PII.Benchmarks/bin/Release/net10.0/Encina.Security.PII.Benchmarks-Job-YFEFPZ-1/bin/Release/net10.0
// Failed to set up high priority (Permission denied). In order to run benchmarks with high priority, make sure you have the right permissions.
// BeforeAnythingElse

// Benchmark Process Environment Information:
// BenchmarkDotNet v0.15.8
// Runtime=.NET 10.0.12 (10.0.12, 10.0.1226.42308), X64 RyuJIT x86-64-v3
// GC=Concurrent Workstation
// HardwareIntrinsics=AVX2+BMI1+BMI2+F16C+FMA+LZCNT+MOVBE,AVX,SSE3+SSSE3+SSE4.1+SSE4.2+POPCNT,X86Base+SSE+SSE2,AES+PCLMUL VectorSize=256
// Job: ShortRun(IterationCount=3, LaunchCount=1, WarmupCount=3)

OverheadJitting  1: 1 op, 228729.00 ns, 228.7290 us/op
WorkloadJitting  1: 1 op, 3695817.00 ns, 3.6958 ms/op

OverheadJitting  2: 16 op, 478748.00 ns, 29.9218 us/op
WorkloadJitting  2: 16 op, 503255.00 ns, 31.4534 us/op

WorkloadPilot    1: 16 op, 28192.00 ns, 1.7620 us/op
WorkloadPilot    2: 32 op, 28323.00 ns, 885.0938 ns/op
WorkloadPilot    3: 64 op, 46537.00 ns, 727.1406 ns/op
WorkloadPilot    4: 128 op, 74600.00 ns, 582.8125 ns/op
WorkloadPilot    5: 256 op, 108794.00 ns, 424.9766 ns/op
WorkloadPilot    6: 512 op, 172964.00 ns, 337.8203 ns/op
WorkloadPilot    7: 1024 op, 241493.00 ns, 235.8330 ns/op
WorkloadPilot    8: 2048 op, 487965.00 ns, 238.2642 ns/op
WorkloadPilot    9: 4096 op, 1095897.00 ns, 267.5530 ns/op
WorkloadPilot   10: 8192 op, 2187836.00 ns, 267.0698 ns/op
WorkloadPilot   11: 16384 op, 4622645.00 ns, 282.1439 ns/op
WorkloadPilot   12: 32768 op, 8594119.00 ns, 262.2717 ns/op
WorkloadPilot   13: 65536 op, 13834313.00 ns, 211.0949 ns/op
WorkloadPilot   14: 131072 op, 18525136.00 ns, 141.3356 ns/op
WorkloadPilot   15: 262144 op, 37119553.00 ns, 141.5999 ns/op
WorkloadPilot   16: 524288 op, 71508462.00 ns, 136.3916 ns/op
WorkloadPilot   17: 1048576 op, 143118754.00 ns, 136.4887 ns/op
WorkloadPilot   18: 2097152 op, 283901815.00 ns, 135.3749 ns/op
WorkloadPilot   19: 4194304 op, 564435118.00 ns, 134.5718 ns/op

OverheadWarmup   1: 4194304 op, 13711633.00 ns, 3.2691 ns/op
OverheadWarmup   2: 4194304 op, 13751338.00 ns, 3.2786 ns/op
OverheadWarmup   3: 4194304 op, 13748372.00 ns, 3.2779 ns/op
OverheadWarmup   4: 4194304 op, 13716312.00 ns, 3.2702 ns/op
OverheadWarmup   5: 4194304 op, 13759733.00 ns, 3.2806 ns/op
OverheadWarmup   6: 4194304 op, 13759383.00 ns, 3.2805 ns/op

OverheadActual   1: 4194304 op, 13719848.00 ns, 3.2711 ns/op
OverheadActual   2: 4194304 op, 13731059.00 ns, 3.2737 ns/op
OverheadActual   3: 4194304 op, 13723204.00 ns, 3.2719 ns/op
OverheadActual   4: 4194304 op, 13787996.00 ns, 3.2873 ns/op
OverheadActual   5: 4194304 op, 13709198.00 ns, 3.2685 ns/op
OverheadActual   6: 4194304 op, 13713576.00 ns, 3.2696 ns/op
OverheadActual   7: 4194304 op, 13722163.00 ns, 3.2716 ns/op
OverheadActual   8: 4194304 op, 13791754.00 ns, 3.2882 ns/op
OverheadActual   9: 4194304 op, 13769060.00 ns, 3.2828 ns/op
OverheadActual  10: 4194304 op, 13743383.00 ns, 3.2767 ns/op
OverheadActual  11: 4194304 op, 13758360.00 ns, 3.2802 ns/op
OverheadActual  12: 4194304 op, 13740617.00 ns, 3.2760 ns/op
OverheadActual  13: 4194304 op, 13745988.00 ns, 3.2773 ns/op
OverheadActual  14: 4194304 op, 13752739.00 ns, 3.2789 ns/op
OverheadActual  15: 4194304 op, 13715981.00 ns, 3.2701 ns/op

WorkloadWarmup   1: 4194304 op, 568168815.00 ns, 135.4620 ns/op
WorkloadWarmup   2: 4194304 op, 566517403.00 ns, 135.0683 ns/op
WorkloadWarmup   3: 4194304 op, 562679658.00 ns, 134.1533 ns/op

// BeforeActualRun
WorkloadActual   1: 4194304 op, 562263016.00 ns, 134.0539 ns/op
WorkloadActual   2: 4194304 op, 562085043.00 ns, 134.0115 ns/op
WorkloadActual   3: 4194304 op, 570470577.00 ns, 136.0108 ns/op

// AfterActualRun
WorkloadResult   1: 4194304 op, 548522399.00 ns, 130.7779 ns/op
WorkloadResult   2: 4194304 op, 548344426.00 ns, 130.7355 ns/op
WorkloadResult   3: 4194304 op, 556729960.00 ns, 132.7348 ns/op
// GC:  82 0 0 1375731712 4194304
// Threading:  0 0 4194304

// AfterAll
// Benchmark Process 3329 has exited with code 0.

Mean = 131.416 ns, StdErr = 0.659 ns (0.50%), N = 3, StdDev = 1.142 ns
Min = 130.735 ns, Q1 = 130.757 ns, Median = 130.778 ns, Q3 = 131.756 ns, Max = 132.735 ns
IQR = 1.000 ns, LowerFence = 129.257 ns, UpperFence = 133.256 ns
ConfidenceInterval = [110.578 ns; 152.255 ns] (CI 99.9%), Margin = 20.838 ns (15.86% of Mean)
Skewness = 0.38, Kurtosis = 0.67, MValue = 2

// ** Remained 6 (25.0 %) benchmark(s) to run. Estimated finish 2026-10-10 11:01 (0h 1m from now) **
// **************************
// Benchmark: MaskingStrategyBenchmarks.DateOfBirth_Partial: ShortRun(IterationCount=3, LaunchCount=1, WarmupCount=3)
// *** Execute ***
// Launch: 1 / 1
// Execute: dotnet Encina.Security.PII.Benchmarks-Job-YFEFPZ-1.dll --anonymousPipes 164 165 --benchmarkName Encina.Security.PII.Benchmarks.MaskingStrategyBenchmarks.DateOfBirth_Partial --job ShortRun --benchmarkId 18 in /home/runner/work/Encina/Encina/tests/Encina.BenchmarkTests/Encina.Security.PII.Benchmarks/bin/Release/net10.0/Encina.Security.PII.Benchmarks-Job-YFEFPZ-1/bin/Release/net10.0
// Failed to set up high priority (Permission denied). In order to run benchmarks with high priority, make sure you have the right permissions.
// BeforeAnythingElse

// Benchmark Process Environment Information:
// BenchmarkDotNet v0.15.8
// Runtime=.NET 10.0.12 (10.0.12, 10.0.1226.42308), X64 RyuJIT x86-64-v3
// GC=Concurrent Workstation
// HardwareIntrinsics=AVX2+BMI1+BMI2+F16C+FMA+LZCNT+MOVBE,AVX,SSE3+SSSE3+SSE4.1+SSE4.2+POPCNT,X86Base+SSE+SSE2,AES+PCLMUL VectorSize=256
// Job: ShortRun(IterationCount=3, LaunchCount=1, WarmupCount=3)

OverheadJitting  1: 1 op, 228028.00 ns, 228.0280 us/op
WorkloadJitting  1: 1 op, 4962602.00 ns, 4.9626 ms/op

OverheadJitting  2: 16 op, 434386.00 ns, 27.1491 us/op
WorkloadJitting  2: 16 op, 529714.00 ns, 33.1071 us/op

WorkloadPilot    1: 16 op, 37902.00 ns, 2.3689 us/op
WorkloadPilot    2: 32 op, 46687.00 ns, 1.4590 us/op
WorkloadPilot    3: 64 op, 64180.00 ns, 1.0028 us/op
WorkloadPilot    4: 128 op, 99697.00 ns, 778.8828 ns/op
WorkloadPilot    5: 256 op, 177614.00 ns, 693.8047 ns/op
WorkloadPilot    6: 512 op, 242495.00 ns, 473.6230 ns/op
WorkloadPilot    7: 1024 op, 396455.00 ns, 387.1631 ns/op
WorkloadPilot    8: 2048 op, 793069.00 ns, 387.2407 ns/op
WorkloadPilot    9: 4096 op, 1585124.00 ns, 386.9932 ns/op
WorkloadPilot   10: 8192 op, 3146654.00 ns, 384.1130 ns/op
WorkloadPilot   11: 16384 op, 6390832.00 ns, 390.0654 ns/op
WorkloadPilot   12: 32768 op, 12844522.00 ns, 391.9837 ns/op
WorkloadPilot   13: 65536 op, 19229192.00 ns, 293.4142 ns/op
WorkloadPilot   14: 131072 op, 32225900.00 ns, 245.8641 ns/op
WorkloadPilot   15: 262144 op, 65377858.00 ns, 249.3967 ns/op
WorkloadPilot   16: 524288 op, 125206734.00 ns, 238.8129 ns/op
WorkloadPilot   17: 1048576 op, 250945245.00 ns, 239.3200 ns/op
WorkloadPilot   18: 2097152 op, 495620845.00 ns, 236.3304 ns/op
WorkloadPilot   19: 4194304 op, 1000380319.00 ns, 238.5093 ns/op

OverheadWarmup   1: 4194304 op, 13720826.00 ns, 3.2713 ns/op
OverheadWarmup   2: 4194304 op, 13754971.00 ns, 3.2794 ns/op
OverheadWarmup   3: 4194304 op, 13716809.00 ns, 3.2703 ns/op
OverheadWarmup   4: 4194304 op, 13699216.00 ns, 3.2661 ns/op
OverheadWarmup   5: 4194304 op, 13706620.00 ns, 3.2679 ns/op
OverheadWarmup   6: 4194304 op, 13760802.00 ns, 3.2808 ns/op
OverheadWarmup   7: 4194304 op, 13752637.00 ns, 3.2789 ns/op

OverheadActual   1: 4194304 op, 13762855.00 ns, 3.2813 ns/op
OverheadActual   2: 4194304 op, 13735925.00 ns, 3.2749 ns/op
OverheadActual   3: 4194304 op, 13735344.00 ns, 3.2748 ns/op
OverheadActual   4: 4194304 op, 13718402.00 ns, 3.2707 ns/op
OverheadActual   5: 4194304 op, 13759689.00 ns, 3.2806 ns/op
OverheadActual   6: 4194304 op, 13697222.00 ns, 3.2657 ns/op
OverheadActual   7: 4194304 op, 13719294.00 ns, 3.2709 ns/op
OverheadActual   8: 4194304 op, 13933085.00 ns, 3.3219 ns/op
OverheadActual   9: 4194304 op, 13705768.00 ns, 3.2677 ns/op
OverheadActual  10: 4194304 op, 13720706.00 ns, 3.2713 ns/op
OverheadActual  11: 4194304 op, 13750783.00 ns, 3.2784 ns/op
OverheadActual  12: 4194304 op, 13707231.00 ns, 3.2681 ns/op
OverheadActual  13: 4194304 op, 13720746.00 ns, 3.2713 ns/op
OverheadActual  14: 4194304 op, 13743580.00 ns, 3.2767 ns/op
OverheadActual  15: 4194304 op, 13714073.00 ns, 3.2697 ns/op

WorkloadWarmup   1: 4194304 op, 1027195877.00 ns, 244.9026 ns/op
WorkloadWarmup   2: 4194304 op, 994369592.00 ns, 237.0762 ns/op
WorkloadWarmup   3: 4194304 op, 995240143.00 ns, 237.2837 ns/op

// BeforeActualRun
WorkloadActual   1: 4194304 op, 1003496608.00 ns, 239.2522 ns/op
WorkloadActual   2: 4194304 op, 1002391574.00 ns, 238.9888 ns/op
WorkloadActual   3: 4194304 op, 989600487.00 ns, 235.9391 ns/op

// AfterActualRun
WorkloadResult   1: 4194304 op, 989775862.00 ns, 235.9810 ns/op
WorkloadResult   2: 4194304 op, 988670828.00 ns, 235.7175 ns/op
WorkloadResult   3: 4194304 op, 975879741.00 ns, 232.6679 ns/op
// GC:  96 0 0 1610612736 4194304
// Threading:  0 0 4194304

// AfterAll
// Benchmark Process 3337 has exited with code 0.

Mean = 234.789 ns, StdErr = 1.063 ns (0.45%), N = 3, StdDev = 1.841 ns
Min = 232.668 ns, Q1 = 234.193 ns, Median = 235.717 ns, Q3 = 235.849 ns, Max = 235.981 ns
IQR = 1.657 ns, LowerFence = 231.708 ns, UpperFence = 238.334 ns
ConfidenceInterval = [201.193 ns; 268.384 ns] (CI 99.9%), Margin = 33.595 ns (14.31% of Mean)
Skewness = -0.38, Kurtosis = 0.67, MValue = 2

// ** Remained 5 (20.8 %) benchmark(s) to run. Estimated finish 2026-10-10 11:01 (0h 0m from now) **
// **************************
// Benchmark: MaskingStrategyBenchmarks.IPAddress_Partial: ShortRun(IterationCount=3, LaunchCount=1, WarmupCount=3)
// *** Execute ***
// Launch: 1 / 1
// Execute: dotnet Encina.Security.PII.Benchmarks-Job-YFEFPZ-1.dll --anonymousPipes 164 165 --benchmarkName Encina.Security.PII.Benchmarks.MaskingStrategyBenchmarks.IPAddress_Partial --job ShortRun --benchmarkId 19 in /home/runner/work/Encina/Encina/tests/Encina.BenchmarkTests/Encina.Security.PII.Benchmarks/bin/Release/net10.0/Encina.Security.PII.Benchmarks-Job-YFEFPZ-1/bin/Release/net10.0
// Failed to set up high priority (Permission denied). In order to run benchmarks with high priority, make sure you have the right permissions.
// BeforeAnythingElse

// Benchmark Process Environment Information:
// BenchmarkDotNet v0.15.8
// Runtime=.NET 10.0.12 (10.0.12, 10.0.1226.42308), X64 RyuJIT x86-64-v3
// GC=Concurrent Workstation
// HardwareIntrinsics=AVX2+BMI1+BMI2+F16C+FMA+LZCNT+MOVBE,AVX,SSE3+SSSE3+SSE4.1+SSE4.2+POPCNT,X86Base+SSE+SSE2,AES+PCLMUL VectorSize=256
// Job: ShortRun(IterationCount=3, LaunchCount=1, WarmupCount=3)

OverheadJitting  1: 1 op, 248757.00 ns, 248.7570 us/op
WorkloadJitting  1: 1 op, 4079737.00 ns, 4.0797 ms/op

OverheadJitting  2: 16 op, 423063.00 ns, 26.4414 us/op
WorkloadJitting  2: 16 op, 479149.00 ns, 29.9468 us/op

WorkloadPilot    1: 16 op, 24285.00 ns, 1.5178 us/op
WorkloadPilot    2: 32 op, 27331.00 ns, 854.0938 ns/op
WorkloadPilot    3: 64 op, 45015.00 ns, 703.3594 ns/op
WorkloadPilot    4: 128 op, 56646.00 ns, 442.5469 ns/op
WorkloadPilot    5: 256 op, 96220.00 ns, 375.8594 ns/op
WorkloadPilot    6: 512 op, 176721.00 ns, 345.1582 ns/op
WorkloadPilot    7: 1024 op, 352782.00 ns, 344.5137 ns/op
WorkloadPilot    8: 2048 op, 530256.00 ns, 258.9141 ns/op
WorkloadPilot    9: 4096 op, 1224208.00 ns, 298.8789 ns/op
WorkloadPilot   10: 8192 op, 2438857.00 ns, 297.7120 ns/op
WorkloadPilot   11: 16384 op, 4826167.00 ns, 294.5659 ns/op
WorkloadPilot   12: 32768 op, 9455064.00 ns, 288.5457 ns/op
WorkloadPilot   13: 65536 op, 18744016.00 ns, 286.0110 ns/op
WorkloadPilot   14: 131072 op, 25546301.00 ns, 194.9028 ns/op
WorkloadPilot   15: 262144 op, 50121992.00 ns, 191.2002 ns/op
WorkloadPilot   16: 524288 op, 101513476.00 ns, 193.6216 ns/op
WorkloadPilot   17: 1048576 op, 198574265.00 ns, 189.3752 ns/op
WorkloadPilot   18: 2097152 op, 400164411.00 ns, 190.8133 ns/op
WorkloadPilot   19: 4194304 op, 795505791.00 ns, 189.6634 ns/op

OverheadWarmup   1: 4194304 op, 13766686.00 ns, 3.2822 ns/op
OverheadWarmup   2: 4194304 op, 13718325.00 ns, 3.2707 ns/op
OverheadWarmup   3: 4194304 op, 13735507.00 ns, 3.2748 ns/op
OverheadWarmup   4: 4194304 op, 13690693.00 ns, 3.2641 ns/op
OverheadWarmup   5: 4194304 op, 13772777.00 ns, 3.2837 ns/op
OverheadWarmup   6: 4194304 op, 13709328.00 ns, 3.2686 ns/op

OverheadActual   1: 4194304 op, 13709228.00 ns, 3.2685 ns/op
OverheadActual   2: 4194304 op, 13717293.00 ns, 3.2705 ns/op
OverheadActual   3: 4194304 op, 13702114.00 ns, 3.2668 ns/op
OverheadActual   4: 4194304 op, 13797924.00 ns, 3.2897 ns/op
OverheadActual   5: 4194304 op, 13775412.00 ns, 3.2843 ns/op
OverheadActual   6: 4194304 op, 13753951.00 ns, 3.2792 ns/op
OverheadActual   7: 4194304 op, 13731549.00 ns, 3.2739 ns/op
OverheadActual   8: 4194304 op, 13695753.00 ns, 3.2653 ns/op
OverheadActual   9: 4194304 op, 13707805.00 ns, 3.2682 ns/op
OverheadActual  10: 4194304 op, 13717964.00 ns, 3.2706 ns/op
OverheadActual  11: 4194304 op, 13709297.00 ns, 3.2686 ns/op
OverheadActual  12: 4194304 op, 13697926.00 ns, 3.2658 ns/op
OverheadActual  13: 4194304 op, 13749903.00 ns, 3.2782 ns/op
OverheadActual  14: 4194304 op, 13729014.00 ns, 3.2733 ns/op
OverheadActual  15: 4194304 op, 13711802.00 ns, 3.2691 ns/op

WorkloadWarmup   1: 4194304 op, 817230323.00 ns, 194.8429 ns/op
WorkloadWarmup   2: 4194304 op, 804459204.00 ns, 191.7980 ns/op
WorkloadWarmup   3: 4194304 op, 799147176.00 ns, 190.5315 ns/op

// BeforeActualRun
WorkloadActual   1: 4194304 op, 801235115.00 ns, 191.0293 ns/op
WorkloadActual   2: 4194304 op, 811299318.00 ns, 193.4288 ns/op
WorkloadActual   3: 4194304 op, 803178090.00 ns, 191.4926 ns/op

// AfterActualRun
WorkloadResult   1: 4194304 op, 787517822.00 ns, 187.7589 ns/op
WorkloadResult   2: 4194304 op, 797582025.00 ns, 190.1584 ns/op
WorkloadResult   3: 4194304 op, 789460797.00 ns, 188.2221 ns/op
// GC:  66 0 0 1107296256 4194304
// Threading:  0 0 4194304

// AfterAll
// Benchmark Process 3345 has exited with code 0.

Mean = 188.713 ns, StdErr = 0.735 ns (0.39%), N = 3, StdDev = 1.273 ns
Min = 187.759 ns, Q1 = 187.991 ns, Median = 188.222 ns, Q3 = 189.190 ns, Max = 190.158 ns
IQR = 1.200 ns, LowerFence = 186.191 ns, UpperFence = 190.990 ns
ConfidenceInterval = [165.491 ns; 211.935 ns] (CI 99.9%), Margin = 23.222 ns (12.31% of Mean)
Skewness = 0.33, Kurtosis = 0.67, MValue = 2

// ** Remained 4 (16.7 %) benchmark(s) to run. Estimated finish 2026-10-10 11:01 (0h 0m from now) **
// **************************
// Benchmark: MaskingStrategyBenchmarks.Custom_FullMasking: ShortRun(IterationCount=3, LaunchCount=1, WarmupCount=3)
// *** Execute ***
// Launch: 1 / 1
// Execute: dotnet Encina.Security.PII.Benchmarks-Job-YFEFPZ-1.dll --anonymousPipes 164 165 --benchmarkName Encina.Security.PII.Benchmarks.MaskingStrategyBenchmarks.Custom_FullMasking --job ShortRun --benchmarkId 20 in /home/runner/work/Encina/Encina/tests/Encina.BenchmarkTests/Encina.Security.PII.Benchmarks/bin/Release/net10.0/Encina.Security.PII.Benchmarks-Job-YFEFPZ-1/bin/Release/net10.0
// Failed to set up high priority (Permission denied). In order to run benchmarks with high priority, make sure you have the right permissions.
// BeforeAnythingElse

// Benchmark Process Environment Information:
// BenchmarkDotNet v0.15.8
// Runtime=.NET 10.0.12 (10.0.12, 10.0.1226.42308), X64 RyuJIT x86-64-v3
// GC=Concurrent Workstation
// HardwareIntrinsics=AVX2+BMI1+BMI2+F16C+FMA+LZCNT+MOVBE,AVX,SSE3+SSSE3+SSE4.1+SSE4.2+POPCNT,X86Base+SSE+SSE2,AES+PCLMUL VectorSize=256
// Job: ShortRun(IterationCount=3, LaunchCount=1, WarmupCount=3)

OverheadJitting  1: 1 op, 222809.00 ns, 222.8090 us/op
WorkloadJitting  1: 1 op, 3189344.00 ns, 3.1893 ms/op

OverheadJitting  2: 16 op, 468118.00 ns, 29.2574 us/op
WorkloadJitting  2: 16 op, 460925.00 ns, 28.8078 us/op

WorkloadPilot    1: 16 op, 3537.00 ns, 221.0625 ns/op
WorkloadPilot    2: 32 op, 20829.00 ns, 650.9063 ns/op
WorkloadPilot    3: 64 op, 25758.00 ns, 402.4688 ns/op
WorkloadPilot    4: 128 op, 32972.00 ns, 257.5938 ns/op
WorkloadPilot    5: 256 op, 43001.00 ns, 167.9727 ns/op
WorkloadPilot    6: 512 op, 68799.00 ns, 134.3730 ns/op
WorkloadPilot    7: 1024 op, 144421.00 ns, 141.0361 ns/op
WorkloadPilot    8: 2048 op, 274865.00 ns, 134.2114 ns/op
WorkloadPilot    9: 4096 op, 392637.00 ns, 95.8586 ns/op
WorkloadPilot   10: 8192 op, 956685.00 ns, 116.7828 ns/op
WorkloadPilot   11: 16384 op, 1901889.00 ns, 116.0821 ns/op
WorkloadPilot   12: 32768 op, 3791935.00 ns, 115.7207 ns/op
WorkloadPilot   13: 65536 op, 7566348.00 ns, 115.4533 ns/op
WorkloadPilot   14: 131072 op, 15408291.00 ns, 117.5559 ns/op
WorkloadPilot   15: 262144 op, 20132810.00 ns, 76.8006 ns/op
WorkloadPilot   16: 524288 op, 36696767.00 ns, 69.9935 ns/op
WorkloadPilot   17: 1048576 op, 69923984.00 ns, 66.6847 ns/op
WorkloadPilot   18: 2097152 op, 139229809.00 ns, 66.3899 ns/op
WorkloadPilot   19: 4194304 op, 277510726.00 ns, 66.1637 ns/op
WorkloadPilot   20: 8388608 op, 550301907.00 ns, 65.6011 ns/op

OverheadWarmup   1: 8388608 op, 27753706.00 ns, 3.3085 ns/op
OverheadWarmup   2: 8388608 op, 27785196.00 ns, 3.3123 ns/op
OverheadWarmup   3: 8388608 op, 27807918.00 ns, 3.3150 ns/op
OverheadWarmup   4: 8388608 op, 27947210.00 ns, 3.3316 ns/op
OverheadWarmup   5: 8388608 op, 27760660.00 ns, 3.3093 ns/op
OverheadWarmup   6: 8388608 op, 27719271.00 ns, 3.3044 ns/op
OverheadWarmup   7: 8388608 op, 27810202.00 ns, 3.3152 ns/op
OverheadWarmup   8: 8388608 op, 27746434.00 ns, 3.3076 ns/op

OverheadActual   1: 8388608 op, 27720314.00 ns, 3.3045 ns/op
OverheadActual   2: 8388608 op, 27723500.00 ns, 3.3049 ns/op
OverheadActual   3: 8388608 op, 27736404.00 ns, 3.3064 ns/op
OverheadActual   4: 8388608 op, 27734831.00 ns, 3.3062 ns/op
OverheadActual   5: 8388608 op, 27725313.00 ns, 3.3051 ns/op
OverheadActual   6: 8388608 op, 27773844.00 ns, 3.3109 ns/op
OverheadActual   7: 8388608 op, 27889211.00 ns, 3.3247 ns/op
OverheadActual   8: 8388608 op, 27712881.00 ns, 3.3036 ns/op
OverheadActual   9: 8388608 op, 27723430.00 ns, 3.3049 ns/op
OverheadActual  10: 8388608 op, 27776520.00 ns, 3.3112 ns/op
OverheadActual  11: 8388608 op, 28058048.00 ns, 3.3448 ns/op
OverheadActual  12: 8388608 op, 27879472.00 ns, 3.3235 ns/op
OverheadActual  13: 8388608 op, 27708832.00 ns, 3.3032 ns/op
OverheadActual  14: 8388608 op, 27750831.00 ns, 3.3082 ns/op
OverheadActual  15: 8388608 op, 27798941.00 ns, 3.3139 ns/op

WorkloadWarmup   1: 8388608 op, 566247447.00 ns, 67.5020 ns/op
WorkloadWarmup   2: 8388608 op, 566401467.00 ns, 67.5203 ns/op
WorkloadWarmup   3: 8388608 op, 547849479.00 ns, 65.3087 ns/op

// BeforeActualRun
WorkloadActual   1: 8388608 op, 560631161.00 ns, 66.8324 ns/op
WorkloadActual   2: 8388608 op, 558647398.00 ns, 66.5960 ns/op
WorkloadActual   3: 8388608 op, 560109613.00 ns, 66.7703 ns/op

// AfterActualRun
WorkloadResult   1: 8388608 op, 532894757.00 ns, 63.5260 ns/op
WorkloadResult   2: 8388608 op, 530910994.00 ns, 63.2895 ns/op
WorkloadResult   3: 8388608 op, 532373209.00 ns, 63.4638 ns/op
// GC:  64 0 0 1073741824 8388608
// Threading:  0 0 8388608

// AfterAll
// Benchmark Process 3352 has exited with code 0.

Mean = 63.426 ns, StdErr = 0.071 ns (0.11%), N = 3, StdDev = 0.123 ns
Min = 63.290 ns, Q1 = 63.377 ns, Median = 63.464 ns, Q3 = 63.495 ns, Max = 63.526 ns
IQR = 0.118 ns, LowerFence = 63.199 ns, UpperFence = 63.672 ns
ConfidenceInterval = [61.190 ns; 65.663 ns] (CI 99.9%), Margin = 2.237 ns (3.53% of Mean)
Skewness = -0.28, Kurtosis = 0.67, MValue = 2

// ** Remained 3 (12.5 %) benchmark(s) to run. Estimated finish 2026-10-10 11:01 (0h 0m from now) **
// **************************
// Benchmark: MaskingStrategyBenchmarks.Email_Short: ShortRun(IterationCount=3, LaunchCount=1, WarmupCount=3)
// *** Execute ***
// Launch: 1 / 1
// Execute: dotnet Encina.Security.PII.Benchmarks-Job-YFEFPZ-1.dll --anonymousPipes 164 165 --benchmarkName Encina.Security.PII.Benchmarks.MaskingStrategyBenchmarks.Email_Short --job ShortRun --benchmarkId 21 in /home/runner/work/Encina/Encina/tests/Encina.BenchmarkTests/Encina.Security.PII.Benchmarks/bin/Release/net10.0/Encina.Security.PII.Benchmarks-Job-YFEFPZ-1/bin/Release/net10.0
// Failed to set up high priority (Permission denied). In order to run benchmarks with high priority, make sure you have the right permissions.
// BeforeAnythingElse

// Benchmark Process Environment Information:
// BenchmarkDotNet v0.15.8
// Runtime=.NET 10.0.12 (10.0.12, 10.0.1226.42308), X64 RyuJIT x86-64-v3
// GC=Concurrent Workstation
// HardwareIntrinsics=AVX2+BMI1+BMI2+F16C+FMA+LZCNT+MOVBE,AVX,SSE3+SSSE3+SSE4.1+SSE4.2+POPCNT,X86Base+SSE+SSE2,AES+PCLMUL VectorSize=256
// Job: ShortRun(IterationCount=3, LaunchCount=1, WarmupCount=3)

OverheadJitting  1: 1 op, 235482.00 ns, 235.4820 us/op
WorkloadJitting  1: 1 op, 3238025.00 ns, 3.2380 ms/op

OverheadJitting  2: 16 op, 448852.00 ns, 28.0533 us/op
WorkloadJitting  2: 16 op, 510808.00 ns, 31.9255 us/op

WorkloadPilot    1: 16 op, 5731.00 ns, 358.1875 ns/op
WorkloadPilot    2: 32 op, 26410.00 ns, 825.3125 ns/op
WorkloadPilot    3: 64 op, 33233.00 ns, 519.2656 ns/op
WorkloadPilot    4: 128 op, 42340.00 ns, 330.7813 ns/op
WorkloadPilot    5: 256 op, 59141.00 ns, 231.0195 ns/op
WorkloadPilot    6: 512 op, 90209.00 ns, 176.1895 ns/op
WorkloadPilot    7: 1024 op, 174328.00 ns, 170.2422 ns/op
WorkloadPilot    8: 2048 op, 326212.00 ns, 159.2832 ns/op
WorkloadPilot    9: 4096 op, 476935.00 ns, 116.4392 ns/op
WorkloadPilot   10: 8192 op, 1090797.00 ns, 133.1539 ns/op
WorkloadPilot   11: 16384 op, 2185270.00 ns, 133.3783 ns/op
WorkloadPilot   12: 32768 op, 4340904.00 ns, 132.4739 ns/op
WorkloadPilot   13: 65536 op, 8396564.00 ns, 128.1214 ns/op
WorkloadPilot   14: 131072 op, 16555030.00 ns, 126.3049 ns/op
WorkloadPilot   15: 262144 op, 23342917.00 ns, 89.0462 ns/op
WorkloadPilot   16: 524288 op, 43724447.00 ns, 83.3978 ns/op
WorkloadPilot   17: 1048576 op, 84840390.00 ns, 80.9101 ns/op
WorkloadPilot   18: 2097152 op, 166140047.00 ns, 79.2217 ns/op
WorkloadPilot   19: 4194304 op, 326861907.00 ns, 77.9300 ns/op
WorkloadPilot   20: 8388608 op, 654132130.00 ns, 77.9786 ns/op

OverheadWarmup   1: 8388608 op, 27735969.00 ns, 3.3064 ns/op
OverheadWarmup   2: 8388608 op, 27739466.00 ns, 3.3068 ns/op
OverheadWarmup   3: 8388608 op, 27746719.00 ns, 3.3077 ns/op
OverheadWarmup   4: 8388608 op, 27729738.00 ns, 3.3056 ns/op
OverheadWarmup   5: 8388608 op, 27769061.00 ns, 3.3103 ns/op
OverheadWarmup   6: 8388608 op, 27750647.00 ns, 3.3081 ns/op

OverheadActual   1: 8388608 op, 27742481.00 ns, 3.3072 ns/op
OverheadActual   2: 8388608 op, 27731781.00 ns, 3.3059 ns/op
OverheadActual   3: 8388608 op, 27724958.00 ns, 3.3051 ns/op
OverheadActual   4: 8388608 op, 27919784.00 ns, 3.3283 ns/op
OverheadActual   5: 8388608 op, 27771626.00 ns, 3.3106 ns/op
OverheadActual   6: 8388608 op, 27726411.00 ns, 3.3052 ns/op
OverheadActual   7: 8388608 op, 27757530.00 ns, 3.3090 ns/op
OverheadActual   8: 8388608 op, 27828172.00 ns, 3.3174 ns/op
OverheadActual   9: 8388608 op, 27721492.00 ns, 3.3047 ns/op
OverheadActual  10: 8388608 op, 27739025.00 ns, 3.3067 ns/op
OverheadActual  11: 8388608 op, 27769242.00 ns, 3.3104 ns/op
OverheadActual  12: 8388608 op, 27717934.00 ns, 3.3042 ns/op
OverheadActual  13: 8388608 op, 27729808.00 ns, 3.3057 ns/op
OverheadActual  14: 8388608 op, 27742170.00 ns, 3.3071 ns/op
OverheadActual  15: 8388608 op, 27726061.00 ns, 3.3052 ns/op

WorkloadWarmup   1: 8388608 op, 668934262.00 ns, 79.7432 ns/op
WorkloadWarmup   2: 8388608 op, 658177469.00 ns, 78.4609 ns/op
WorkloadWarmup   3: 8388608 op, 660365294.00 ns, 78.7217 ns/op

// BeforeActualRun
WorkloadActual   1: 8388608 op, 663396632.00 ns, 79.0830 ns/op
WorkloadActual   2: 8388608 op, 660927998.00 ns, 78.7888 ns/op
WorkloadActual   3: 8388608 op, 650020516.00 ns, 77.4885 ns/op

// AfterActualRun
WorkloadResult   1: 8388608 op, 635657607.00 ns, 75.7763 ns/op
WorkloadResult   2: 8388608 op, 633188973.00 ns, 75.4820 ns/op
WorkloadResult   3: 8388608 op, 622281491.00 ns, 74.1817 ns/op
// GC:  64 0 0 1073741824 8388608
// Threading:  0 0 8388608

// AfterAll
// Benchmark Process 3359 has exited with code 0.

Mean = 75.147 ns, StdErr = 0.490 ns (0.65%), N = 3, StdDev = 0.849 ns
Min = 74.182 ns, Q1 = 74.832 ns, Median = 75.482 ns, Q3 = 75.629 ns, Max = 75.776 ns
IQR = 0.797 ns, LowerFence = 73.636 ns, UpperFence = 76.825 ns
ConfidenceInterval = [59.666 ns; 90.627 ns] (CI 99.9%), Margin = 15.480 ns (20.60% of Mean)
Skewness = -0.33, Kurtosis = 0.67, MValue = 2

// ** Remained 2 (8.3 %) benchmark(s) to run. Estimated finish 2026-10-10 11:01 (0h 0m from now) **
// **************************
// Benchmark: MaskingStrategyBenchmarks.Email_Long: ShortRun(IterationCount=3, LaunchCount=1, WarmupCount=3)
// *** Execute ***
// Launch: 1 / 1
// Execute: dotnet Encina.Security.PII.Benchmarks-Job-YFEFPZ-1.dll --anonymousPipes 164 165 --benchmarkName Encina.Security.PII.Benchmarks.MaskingStrategyBenchmarks.Email_Long --job ShortRun --benchmarkId 22 in /home/runner/work/Encina/Encina/tests/Encina.BenchmarkTests/Encina.Security.PII.Benchmarks/bin/Release/net10.0/Encina.Security.PII.Benchmarks-Job-YFEFPZ-1/bin/Release/net10.0
// Failed to set up high priority (Permission denied). In order to run benchmarks with high priority, make sure you have the right permissions.
// BeforeAnythingElse

// Benchmark Process Environment Information:
// BenchmarkDotNet v0.15.8
// Runtime=.NET 10.0.12 (10.0.12, 10.0.1226.42308), X64 RyuJIT x86-64-v3
// GC=Concurrent Workstation
// HardwareIntrinsics=AVX2+BMI1+BMI2+F16C+FMA+LZCNT+MOVBE,AVX,SSE3+SSSE3+SSE4.1+SSE4.2+POPCNT,X86Base+SSE+SSE2,AES+PCLMUL VectorSize=256
// Job: ShortRun(IterationCount=3, LaunchCount=1, WarmupCount=3)

OverheadJitting  1: 1 op, 247464.00 ns, 247.4640 us/op
WorkloadJitting  1: 1 op, 3327420.00 ns, 3.3274 ms/op

OverheadJitting  2: 16 op, 451186.00 ns, 28.1991 us/op
WorkloadJitting  2: 16 op, 462778.00 ns, 28.9236 us/op

WorkloadPilot    1: 16 op, 19587.00 ns, 1.2242 us/op
WorkloadPilot    2: 32 op, 21249.00 ns, 664.0313 ns/op
WorkloadPilot    3: 64 op, 31900.00 ns, 498.4375 ns/op
WorkloadPilot    4: 128 op, 49332.00 ns, 385.4063 ns/op
WorkloadPilot    5: 256 op, 85901.00 ns, 335.5508 ns/op
WorkloadPilot    6: 512 op, 149501.00 ns, 291.9941 ns/op
WorkloadPilot    7: 1024 op, 260018.00 ns, 253.9238 ns/op
WorkloadPilot    8: 2048 op, 460674.00 ns, 224.9385 ns/op
WorkloadPilot    9: 4096 op, 1032908.00 ns, 252.1748 ns/op
WorkloadPilot   10: 8192 op, 2066536.00 ns, 252.2627 ns/op
WorkloadPilot   11: 16384 op, 4106772.00 ns, 250.6575 ns/op
WorkloadPilot   12: 32768 op, 7843932.00 ns, 239.3778 ns/op
WorkloadPilot   13: 65536 op, 12199510.00 ns, 186.1497 ns/op
WorkloadPilot   14: 131072 op, 15450197.00 ns, 117.8756 ns/op
WorkloadPilot   15: 262144 op, 31112220.00 ns, 118.6837 ns/op
WorkloadPilot   16: 524288 op, 61524017.00 ns, 117.3477 ns/op
WorkloadPilot   17: 1048576 op, 120053419.00 ns, 114.4919 ns/op
WorkloadPilot   18: 2097152 op, 237538981.00 ns, 113.2674 ns/op
WorkloadPilot   19: 4194304 op, 476555895.00 ns, 113.6198 ns/op
WorkloadPilot   20: 8388608 op, 970391447.00 ns, 115.6797 ns/op

OverheadWarmup   1: 8388608 op, 27785451.00 ns, 3.3123 ns/op
OverheadWarmup   2: 8388608 op, 27737622.00 ns, 3.3066 ns/op
OverheadWarmup   3: 8388608 op, 27786623.00 ns, 3.3124 ns/op
OverheadWarmup   4: 8388608 op, 27804246.00 ns, 3.3145 ns/op
OverheadWarmup   5: 8388608 op, 27747971.00 ns, 3.3078 ns/op
OverheadWarmup   6: 8388608 op, 27791052.00 ns, 3.3130 ns/op
OverheadWarmup   7: 8388608 op, 27838190.00 ns, 3.3186 ns/op
OverheadWarmup   8: 8388608 op, 27745777.00 ns, 3.3076 ns/op

OverheadActual   1: 8388608 op, 27763631.00 ns, 3.3097 ns/op
OverheadActual   2: 8388608 op, 27766506.00 ns, 3.3100 ns/op
OverheadActual   3: 8388608 op, 27922949.00 ns, 3.3287 ns/op
OverheadActual   4: 8388608 op, 27897902.00 ns, 3.3257 ns/op
OverheadActual   5: 8388608 op, 27737952.00 ns, 3.3066 ns/op
OverheadActual   6: 8388608 op, 27894476.00 ns, 3.3253 ns/op
OverheadActual   7: 8388608 op, 27793927.00 ns, 3.3133 ns/op
OverheadActual   8: 8388608 op, 27758841.00 ns, 3.3091 ns/op
OverheadActual   9: 8388608 op, 27726130.00 ns, 3.3052 ns/op
OverheadActual  10: 8388608 op, 27737160.00 ns, 3.3065 ns/op
OverheadActual  11: 8388608 op, 27740247.00 ns, 3.3069 ns/op
OverheadActual  12: 8388608 op, 27740327.00 ns, 3.3069 ns/op
OverheadActual  13: 8388608 op, 27739695.00 ns, 3.3068 ns/op
OverheadActual  14: 8388608 op, 27731600.00 ns, 3.3059 ns/op
OverheadActual  15: 8388608 op, 27773609.00 ns, 3.3109 ns/op

WorkloadWarmup   1: 8388608 op, 965887680.00 ns, 115.1428 ns/op
WorkloadWarmup   2: 8388608 op, 979664859.00 ns, 116.7852 ns/op
WorkloadWarmup   3: 8388608 op, 979378011.00 ns, 116.7510 ns/op

// BeforeActualRun
WorkloadActual   1: 8388608 op, 974788354.00 ns, 116.2038 ns/op
WorkloadActual   2: 8388608 op, 962975776.00 ns, 114.7957 ns/op
WorkloadActual   3: 8388608 op, 975405064.00 ns, 116.2773 ns/op

// AfterActualRun
WorkloadResult   1: 8388608 op, 947029513.00 ns, 112.8947 ns/op
WorkloadResult   2: 8388608 op, 935216935.00 ns, 111.4865 ns/op
WorkloadResult   3: 8388608 op, 947646223.00 ns, 112.9682 ns/op
// GC:  164 0 0 2751463424 8388608
// Threading:  0 0 8388608

// AfterAll
// Benchmark Process 3365 has exited with code 0.

Mean = 112.450 ns, StdErr = 0.482 ns (0.43%), N = 3, StdDev = 0.835 ns
Min = 111.487 ns, Q1 = 112.191 ns, Median = 112.895 ns, Q3 = 112.931 ns, Max = 112.968 ns
IQR = 0.741 ns, LowerFence = 111.079 ns, UpperFence = 114.043 ns
ConfidenceInterval = [97.216 ns; 127.684 ns] (CI 99.9%), Margin = 15.234 ns (13.55% of Mean)
Skewness = -0.38, Kurtosis = 0.67, MValue = 2

// ** Remained 1 (4.2 %) benchmark(s) to run. Estimated finish 2026-10-10 11:01 (0h 0m from now) **
// **************************
// Benchmark: MaskingStrategyBenchmarks.RegexPattern: ShortRun(IterationCount=3, LaunchCount=1, WarmupCount=3)
// *** Execute ***
// Launch: 1 / 1
// Execute: dotnet Encina.Security.PII.Benchmarks-Job-YFEFPZ-1.dll --anonymousPipes 164 165 --benchmarkName Encina.Security.PII.Benchmarks.MaskingStrategyBenchmarks.RegexPattern --job ShortRun --benchmarkId 23 in /home/runner/work/Encina/Encina/tests/Encina.BenchmarkTests/Encina.Security.PII.Benchmarks/bin/Release/net10.0/Encina.Security.PII.Benchmarks-Job-YFEFPZ-1/bin/Release/net10.0
// Failed to set up high priority (Permission denied). In order to run benchmarks with high priority, make sure you have the right permissions.
// BeforeAnythingElse

// Benchmark Process Environment Information:
// BenchmarkDotNet v0.15.8
// Runtime=.NET 10.0.12 (10.0.12, 10.0.1226.42308), X64 RyuJIT x86-64-v3
// GC=Concurrent Workstation
// HardwareIntrinsics=AVX2+BMI1+BMI2+F16C+FMA+LZCNT+MOVBE,AVX,SSE3+SSSE3+SSE4.1+SSE4.2+POPCNT,X86Base+SSE+SSE2,AES+PCLMUL VectorSize=256
// Job: ShortRun(IterationCount=3, LaunchCount=1, WarmupCount=3)

OverheadJitting  1: 1 op, 232045.00 ns, 232.0450 us/op
WorkloadJitting  1: 1 op, 14851458.00 ns, 14.8515 ms/op

OverheadJitting  2: 16 op, 422672.00 ns, 26.4170 us/op
WorkloadJitting  2: 16 op, 544671.00 ns, 34.0419 us/op

WorkloadPilot    1: 16 op, 40335.00 ns, 2.5209 us/op
WorkloadPilot    2: 32 op, 64160.00 ns, 2.0050 us/op
WorkloadPilot    3: 64 op, 68919.00 ns, 1.0769 us/op
WorkloadPilot    4: 128 op, 118202.00 ns, 923.4531 ns/op
WorkloadPilot    5: 256 op, 232166.00 ns, 906.8984 ns/op
WorkloadPilot    6: 512 op, 435616.00 ns, 850.8125 ns/op
WorkloadPilot    7: 1024 op, 751139.00 ns, 733.5342 ns/op
WorkloadPilot    8: 2048 op, 1602775.00 ns, 782.6050 ns/op
WorkloadPilot    9: 4096 op, 3324612.00 ns, 811.6729 ns/op
WorkloadPilot   10: 8192 op, 6599700.00 ns, 805.6274 ns/op
WorkloadPilot   11: 16384 op, 13181367.00 ns, 804.5268 ns/op
WorkloadPilot   12: 32768 op, 25881313.00 ns, 789.8350 ns/op
WorkloadPilot   13: 65536 op, 45154679.00 ns, 689.0057 ns/op
WorkloadPilot   14: 131072 op, 82523074.00 ns, 629.6011 ns/op
WorkloadPilot   15: 262144 op, 167397935.00 ns, 638.5724 ns/op
WorkloadPilot   16: 524288 op, 335326825.00 ns, 639.5852 ns/op
WorkloadPilot   17: 1048576 op, 671101279.00 ns, 640.0121 ns/op

OverheadWarmup   1: 1048576 op, 3495742.00 ns, 3.3338 ns/op
OverheadWarmup   2: 1048576 op, 3499288.00 ns, 3.3372 ns/op
OverheadWarmup   3: 1048576 op, 3512644.00 ns, 3.3499 ns/op
OverheadWarmup   4: 1048576 op, 3497505.00 ns, 3.3355 ns/op
OverheadWarmup   5: 1048576 op, 3487187.00 ns, 3.3256 ns/op
OverheadWarmup   6: 1048576 op, 3476557.00 ns, 3.3155 ns/op
OverheadWarmup   7: 1048576 op, 3469523.00 ns, 3.3088 ns/op
OverheadWarmup   8: 1048576 op, 3474102.00 ns, 3.3132 ns/op
OverheadWarmup   9: 1048576 op, 3468962.00 ns, 3.3083 ns/op

OverheadActual   1: 1048576 op, 3495312.00 ns, 3.3334 ns/op
OverheadActual   2: 1048576 op, 3504038.00 ns, 3.3417 ns/op
OverheadActual   3: 1048576 op, 3481947.00 ns, 3.3206 ns/op
OverheadActual   4: 1048576 op, 3472669.00 ns, 3.3118 ns/op
OverheadActual   5: 1048576 op, 3483810.00 ns, 3.3224 ns/op
OverheadActual   6: 1048576 op, 3501353.00 ns, 3.3392 ns/op
OverheadActual   7: 1048576 op, 3461078.00 ns, 3.3007 ns/op
OverheadActual   8: 1048576 op, 3469724.00 ns, 3.3090 ns/op
OverheadActual   9: 1048576 op, 3465856.00 ns, 3.3053 ns/op
OverheadActual  10: 1048576 op, 3470075.00 ns, 3.3093 ns/op
OverheadActual  11: 1048576 op, 3472730.00 ns, 3.3119 ns/op
OverheadActual  12: 1048576 op, 3491084.00 ns, 3.3294 ns/op
OverheadActual  13: 1048576 op, 3472219.00 ns, 3.3114 ns/op
OverheadActual  14: 1048576 op, 3470605.00 ns, 3.3098 ns/op
OverheadActual  15: 1048576 op, 3481426.00 ns, 3.3201 ns/op

WorkloadWarmup   1: 1048576 op, 675732620.00 ns, 644.4288 ns/op
WorkloadWarmup   2: 1048576 op, 672233068.00 ns, 641.0914 ns/op
WorkloadWarmup   3: 1048576 op, 671314709.00 ns, 640.2156 ns/op

// BeforeActualRun
WorkloadActual   1: 1048576 op, 671880558.00 ns, 640.7552 ns/op
WorkloadActual   2: 1048576 op, 673373685.00 ns, 642.1792 ns/op
WorkloadActual   3: 1048576 op, 672897825.00 ns, 641.7254 ns/op

// AfterActualRun
WorkloadResult   1: 1048576 op, 668407828.00 ns, 637.4434 ns/op
WorkloadResult   2: 1048576 op, 669900955.00 ns, 638.8673 ns/op
WorkloadResult   3: 1048576 op, 669425095.00 ns, 638.4135 ns/op
// GC:  24 0 0 411041792 1048576
// Threading:  0 0 1048576

// AfterAll
// Benchmark Process 3374 has exited with code 0.

Mean = 638.241 ns, StdErr = 0.420 ns (0.07%), N = 3, StdDev = 0.727 ns
Min = 637.443 ns, Q1 = 637.928 ns, Median = 638.414 ns, Q3 = 638.640 ns, Max = 638.867 ns
IQR = 0.712 ns, LowerFence = 636.860 ns, UpperFence = 639.708 ns
ConfidenceInterval = [624.971 ns; 651.512 ns] (CI 99.9%), Margin = 13.271 ns (2.08% of Mean)
Skewness = -0.22, Kurtosis = 0.67, MValue = 2

// ** Remained 0 (0.0 %) benchmark(s) to run. Estimated finish 2026-10-10 11:01 (0h 0m from now) **
// ***** BenchmarkRunner: Finish  *****

// * Export *
  artifacts/performance/SecurityPII/results/Encina.Security.PII.Benchmarks.MaskingStrategyBenchmarks-report.csv
  artifacts/performance/SecurityPII/results/Encina.Security.PII.Benchmarks.MaskingStrategyBenchmarks-report-github.md
  artifacts/performance/SecurityPII/results/Encina.Security.PII.Benchmarks.MaskingStrategyBenchmarks-report.html
  artifacts/performance/SecurityPII/results/Encina.Security.PII.Benchmarks.MaskingStrategyBenchmarks-report-full-compressed.json

// * Detailed results *
MaskingStrategyBenchmarks.Email_Partial: Job-YFEFPZ(IterationCount=10, WarmupCount=3)
Runtime = .NET 10.0.12 (10.0.12, 10.0.1226.42308), X64 RyuJIT x86-64-v3; GC = Concurrent Workstation
Mean = 106.199 ns, StdErr = 0.260 ns (0.24%), N = 10, StdDev = 0.822 ns
Min = 104.924 ns, Q1 = 105.633 ns, Median = 106.225 ns, Q3 = 106.966 ns, Max = 107.165 ns
IQR = 1.333 ns, LowerFence = 103.633 ns, UpperFence = 108.966 ns
ConfidenceInterval = [104.956 ns; 107.441 ns] (CI 99.9%), Margin = 1.242 ns (1.17% of Mean)
Skewness = -0.2, Kurtosis = 1.3, MValue = 2
-------------------- Histogram --------------------
[104.424 ns ; 107.666 ns) | @@@@@@@@@@
---------------------------------------------------

MaskingStrategyBenchmarks.Phone_Partial: Job-YFEFPZ(IterationCount=10, WarmupCount=3)
Runtime = .NET 10.0.12 (10.0.12, 10.0.1226.42308), X64 RyuJIT x86-64-v3; GC = Concurrent Workstation
Mean = 426.490 ns, StdErr = 0.721 ns (0.17%), N = 10, StdDev = 2.280 ns
Min = 422.123 ns, Q1 = 425.338 ns, Median = 426.686 ns, Q3 = 427.792 ns, Max = 429.884 ns
IQR = 2.454 ns, LowerFence = 421.657 ns, UpperFence = 431.474 ns
ConfidenceInterval = [423.043 ns; 429.937 ns] (CI 99.9%), Margin = 3.447 ns (0.81% of Mean)
Skewness = -0.38, Kurtosis = 2.08, MValue = 2
-------------------- Histogram --------------------
[420.734 ns ; 431.273 ns) | @@@@@@@@@@
---------------------------------------------------

MaskingStrategyBenchmarks.CreditCard_Partial: Job-YFEFPZ(IterationCount=10, WarmupCount=3)
Runtime = .NET 10.0.12 (10.0.12, 10.0.1226.42308), X64 RyuJIT x86-64-v3; GC = Concurrent Workstation
Mean = 513.337 ns, StdErr = 1.381 ns (0.27%), N = 10, StdDev = 4.369 ns
Min = 507.307 ns, Q1 = 510.309 ns, Median = 513.269 ns, Q3 = 517.442 ns, Max = 518.861 ns
IQR = 7.133 ns, LowerFence = 499.610 ns, UpperFence = 528.141 ns
ConfidenceInterval = [506.733 ns; 519.942 ns] (CI 99.9%), Margin = 6.605 ns (1.29% of Mean)
Skewness = -0.11, Kurtosis = 1.26, MValue = 2
-------------------- Histogram --------------------
[504.645 ns ; 521.523 ns) | @@@@@@@@@@
---------------------------------------------------

MaskingStrategyBenchmarks.SSN_Partial: Job-YFEFPZ(IterationCount=10, WarmupCount=3)
Runtime = .NET 10.0.12 (10.0.12, 10.0.1226.42308), X64 RyuJIT x86-64-v3; GC = Concurrent Workstation
Mean = 421.523 ns, StdErr = 0.556 ns (0.13%), N = 9, StdDev = 1.669 ns
Min = 418.589 ns, Q1 = 420.448 ns, Median = 422.472 ns, Q3 = 422.539 ns, Max = 423.819 ns
IQR = 2.091 ns, LowerFence = 417.312 ns, UpperFence = 425.675 ns
ConfidenceInterval = [418.718 ns; 424.329 ns] (CI 99.9%), Margin = 2.805 ns (0.67% of Mean)
Skewness = -0.34, Kurtosis = 1.63, MValue = 2
-------------------- Histogram --------------------
[417.536 ns ; 424.873 ns) | @@@@@@@@@
---------------------------------------------------

MaskingStrategyBenchmarks.Name_Partial: Job-YFEFPZ(IterationCount=10, WarmupCount=3)
Runtime = .NET 10.0.12 (10.0.12, 10.0.1226.42308), X64 RyuJIT x86-64-v3; GC = Concurrent Workstation
Mean = 194.519 ns, StdErr = 0.717 ns (0.37%), N = 10, StdDev = 2.268 ns
Min = 191.045 ns, Q1 = 193.211 ns, Median = 194.531 ns, Q3 = 196.420 ns, Max = 197.335 ns
IQR = 3.208 ns, LowerFence = 188.398 ns, UpperFence = 201.232 ns
ConfidenceInterval = [191.090 ns; 197.948 ns] (CI 99.9%), Margin = 3.429 ns (1.76% of Mean)
Skewness = -0.22, Kurtosis = 1.53, MValue = 2
-------------------- Histogram --------------------
[189.663 ns ; 198.717 ns) | @@@@@@@@@@
---------------------------------------------------

MaskingStrategyBenchmarks.Address_Partial: Job-YFEFPZ(IterationCount=10, WarmupCount=3)
Runtime = .NET 10.0.12 (10.0.12, 10.0.1226.42308), X64 RyuJIT x86-64-v3; GC = Concurrent Workstation
Mean = 126.837 ns, StdErr = 0.205 ns (0.16%), N = 9, StdDev = 0.614 ns
Min = 125.841 ns, Q1 = 126.288 ns, Median = 127.202 ns, Q3 = 127.332 ns, Max = 127.491 ns
IQR = 1.043 ns, LowerFence = 124.723 ns, UpperFence = 128.897 ns
ConfidenceInterval = [125.806 ns; 127.868 ns] (CI 99.9%), Margin = 1.031 ns (0.81% of Mean)
Skewness = -0.39, Kurtosis = 1.28, MValue = 2
-------------------- Histogram --------------------
[125.453 ns ; 127.879 ns) | @@@@@@@@@
---------------------------------------------------

MaskingStrategyBenchmarks.DateOfBirth_Partial: Job-YFEFPZ(IterationCount=10, WarmupCount=3)
Runtime = .NET 10.0.12 (10.0.12, 10.0.1226.42308), X64 RyuJIT x86-64-v3; GC = Concurrent Workstation
Mean = 234.090 ns, StdErr = 0.596 ns (0.25%), N = 10, StdDev = 1.886 ns
Min = 231.550 ns, Q1 = 232.741 ns, Median = 233.345 ns, Q3 = 235.398 ns, Max = 237.133 ns
IQR = 2.657 ns, LowerFence = 228.755 ns, UpperFence = 239.384 ns
ConfidenceInterval = [231.239 ns; 236.941 ns] (CI 99.9%), Margin = 2.851 ns (1.22% of Mean)
Skewness = 0.37, Kurtosis = 1.51, MValue = 2
-------------------- Histogram --------------------
[230.401 ns ; 238.282 ns) | @@@@@@@@@@
---------------------------------------------------

MaskingStrategyBenchmarks.IPAddress_Partial: Job-YFEFPZ(IterationCount=10, WarmupCount=3)
Runtime = .NET 10.0.12 (10.0.12, 10.0.1226.42308), X64 RyuJIT x86-64-v3; GC = Concurrent Workstation
Mean = 180.507 ns, StdErr = 0.071 ns (0.04%), N = 8, StdDev = 0.202 ns
Min = 180.140 ns, Q1 = 180.437 ns, Median = 180.508 ns, Q3 = 180.573 ns, Max = 180.808 ns
IQR = 0.137 ns, LowerFence = 180.232 ns, UpperFence = 180.778 ns
ConfidenceInterval = [180.122 ns; 180.892 ns] (CI 99.9%), Margin = 0.385 ns (0.21% of Mean)
Skewness = -0.22, Kurtosis = 2.15, MValue = 2
-------------------- Histogram --------------------
[180.008 ns ; 180.940 ns) | @@@@@@@@
---------------------------------------------------

MaskingStrategyBenchmarks.Custom_FullMasking: Job-YFEFPZ(IterationCount=10, WarmupCount=3)
Runtime = .NET 10.0.12 (10.0.12, 10.0.1226.42308), X64 RyuJIT x86-64-v3; GC = Concurrent Workstation
Mean = 62.506 ns, StdErr = 0.460 ns (0.74%), N = 10, StdDev = 1.456 ns
Min = 60.560 ns, Q1 = 61.303 ns, Median = 62.407 ns, Q3 = 63.046 ns, Max = 64.911 ns
IQR = 1.743 ns, LowerFence = 58.689 ns, UpperFence = 65.660 ns
ConfidenceInterval = [60.305 ns; 64.707 ns] (CI 99.9%), Margin = 2.201 ns (3.52% of Mean)
Skewness = 0.34, Kurtosis = 1.69, MValue = 2
-------------------- Histogram --------------------
[59.673 ns ; 61.572 ns) | @@@
[61.572 ns ; 63.879 ns) | @@@@@
[63.879 ns ; 65.798 ns) | @@
---------------------------------------------------

MaskingStrategyBenchmarks.Email_Short: Job-YFEFPZ(IterationCount=10, WarmupCount=3)
Runtime = .NET 10.0.12 (10.0.12, 10.0.1226.42308), X64 RyuJIT x86-64-v3; GC = Concurrent Workstation
Mean = 78.762 ns, StdErr = 0.145 ns (0.18%), N = 10, StdDev = 0.458 ns
Min = 78.025 ns, Q1 = 78.431 ns, Median = 78.782 ns, Q3 = 79.059 ns, Max = 79.583 ns
IQR = 0.628 ns, LowerFence = 77.488 ns, UpperFence = 80.002 ns
ConfidenceInterval = [78.070 ns; 79.455 ns] (CI 99.9%), Margin = 0.692 ns (0.88% of Mean)
Skewness = 0.07, Kurtosis = 1.94, MValue = 2
-------------------- Histogram --------------------
[77.746 ns ; 79.666 ns) | @@@@@@@@@@
---------------------------------------------------

MaskingStrategyBenchmarks.Email_Long: Job-YFEFPZ(IterationCount=10, WarmupCount=3)
Runtime = .NET 10.0.12 (10.0.12, 10.0.1226.42308), X64 RyuJIT x86-64-v3; GC = Concurrent Workstation
Mean = 111.550 ns, StdErr = 0.336 ns (0.30%), N = 10, StdDev = 1.063 ns
Min = 110.468 ns, Q1 = 110.787 ns, Median = 111.156 ns, Q3 = 112.201 ns, Max = 113.868 ns
IQR = 1.414 ns, LowerFence = 108.667 ns, UpperFence = 114.322 ns
ConfidenceInterval = [109.944 ns; 113.157 ns] (CI 99.9%), Margin = 1.607 ns (1.44% of Mean)
Skewness = 0.86, Kurtosis = 2.53, MValue = 2
-------------------- Histogram --------------------
[109.820 ns ; 114.515 ns) | @@@@@@@@@@
---------------------------------------------------

MaskingStrategyBenchmarks.RegexPattern: Job-YFEFPZ(IterationCount=10, WarmupCount=3)
Runtime = .NET 10.0.12 (10.0.12, 10.0.1226.42308), X64 RyuJIT x86-64-v3; GC = Concurrent Workstation
Mean = 633.586 ns, StdErr = 0.314 ns (0.05%), N = 9, StdDev = 0.941 ns
Min = 632.114 ns, Q1 = 633.045 ns, Median = 633.638 ns, Q3 = 633.902 ns, Max = 635.181 ns
IQR = 0.857 ns, LowerFence = 631.760 ns, UpperFence = 635.187 ns
ConfidenceInterval = [632.005 ns; 635.167 ns] (CI 99.9%), Margin = 1.581 ns (0.25% of Mean)
Skewness = 0.11, Kurtosis = 1.86, MValue = 2
-------------------- Histogram --------------------
[631.520 ns ; 635.774 ns) | @@@@@@@@@
---------------------------------------------------

MaskingStrategyBenchmarks.Email_Partial: ShortRun(IterationCount=3, LaunchCount=1, WarmupCount=3)
Runtime = .NET 10.0.12 (10.0.12, 10.0.1226.42308), X64 RyuJIT x86-64-v3; GC = Concurrent Workstation
Mean = 105.205 ns, StdErr = 0.764 ns (0.73%), N = 3, StdDev = 1.324 ns
Min = 103.705 ns, Q1 = 104.702 ns, Median = 105.699 ns, Q3 = 105.955 ns, Max = 106.211 ns
IQR = 1.253 ns, LowerFence = 102.822 ns, UpperFence = 107.835 ns
ConfidenceInterval = [81.051 ns; 129.359 ns] (CI 99.9%), Margin = 24.154 ns (22.96% of Mean)
Skewness = -0.32, Kurtosis = 0.67, MValue = 2
-------------------- Histogram --------------------
[102.500 ns ; 104.750 ns) | @
[104.750 ns ; 107.416 ns) | @@
---------------------------------------------------

MaskingStrategyBenchmarks.Phone_Partial: ShortRun(IterationCount=3, LaunchCount=1, WarmupCount=3)
Runtime = .NET 10.0.12 (10.0.12, 10.0.1226.42308), X64 RyuJIT x86-64-v3; GC = Concurrent Workstation
Mean = 411.433 ns, StdErr = 1.163 ns (0.28%), N = 3, StdDev = 2.014 ns
Min = 409.380 ns, Q1 = 410.447 ns, Median = 411.513 ns, Q3 = 412.459 ns, Max = 413.405 ns
IQR = 2.013 ns, LowerFence = 407.428 ns, UpperFence = 415.478 ns
ConfidenceInterval = [374.693 ns; 448.173 ns] (CI 99.9%), Margin = 36.740 ns (8.93% of Mean)
Skewness = -0.04, Kurtosis = 0.67, MValue = 2
-------------------- Histogram --------------------
[407.547 ns ; 415.238 ns) | @@@
---------------------------------------------------

MaskingStrategyBenchmarks.CreditCard_Partial: ShortRun(IterationCount=3, LaunchCount=1, WarmupCount=3)
Runtime = .NET 10.0.12 (10.0.12, 10.0.1226.42308), X64 RyuJIT x86-64-v3; GC = Concurrent Workstation
Mean = 496.426 ns, StdErr = 1.324 ns (0.27%), N = 3, StdDev = 2.294 ns
Min = 494.907 ns, Q1 = 495.107 ns, Median = 495.307 ns, Q3 = 497.186 ns, Max = 499.065 ns
IQR = 2.079 ns, LowerFence = 491.988 ns, UpperFence = 500.305 ns
ConfidenceInterval = [454.575 ns; 538.278 ns] (CI 99.9%), Margin = 41.851 ns (8.43% of Mean)
Skewness = 0.37, Kurtosis = 0.67, MValue = 2
-------------------- Histogram --------------------
[494.899 ns ; 499.074 ns) | @@@
---------------------------------------------------

MaskingStrategyBenchmarks.SSN_Partial: ShortRun(IterationCount=3, LaunchCount=1, WarmupCount=3)
Runtime = .NET 10.0.12 (10.0.12, 10.0.1226.42308), X64 RyuJIT x86-64-v3; GC = Concurrent Workstation
Mean = 407.478 ns, StdErr = 1.115 ns (0.27%), N = 3, StdDev = 1.931 ns
Min = 405.251 ns, Q1 = 406.873 ns, Median = 408.496 ns, Q3 = 408.591 ns, Max = 408.687 ns
IQR = 1.718 ns, LowerFence = 404.296 ns, UpperFence = 411.168 ns
ConfidenceInterval = [372.246 ns; 442.710 ns] (CI 99.9%), Margin = 35.232 ns (8.65% of Mean)
Skewness = -0.38, Kurtosis = 0.67, MValue = 2
-------------------- Histogram --------------------
[405.211 ns ; 408.726 ns) | @@@
---------------------------------------------------

MaskingStrategyBenchmarks.Name_Partial: ShortRun(IterationCount=3, LaunchCount=1, WarmupCount=3)
Runtime = .NET 10.0.12 (10.0.12, 10.0.1226.42308), X64 RyuJIT x86-64-v3; GC = Concurrent Workstation
Mean = 192.589 ns, StdErr = 1.009 ns (0.52%), N = 3, StdDev = 1.748 ns
Min = 191.241 ns, Q1 = 191.601 ns, Median = 191.961 ns, Q3 = 193.262 ns, Max = 194.564 ns
IQR = 1.662 ns, LowerFence = 189.108 ns, UpperFence = 195.755 ns
ConfidenceInterval = [160.690 ns; 224.487 ns] (CI 99.9%), Margin = 31.899 ns (16.56% of Mean)
Skewness = 0.31, Kurtosis = 0.67, MValue = 2
-------------------- Histogram --------------------
[189.649 ns ; 196.156 ns) | @@@
---------------------------------------------------

MaskingStrategyBenchmarks.Address_Partial: ShortRun(IterationCount=3, LaunchCount=1, WarmupCount=3)
Runtime = .NET 10.0.12 (10.0.12, 10.0.1226.42308), X64 RyuJIT x86-64-v3; GC = Concurrent Workstation
Mean = 131.416 ns, StdErr = 0.659 ns (0.50%), N = 3, StdDev = 1.142 ns
Min = 130.735 ns, Q1 = 130.757 ns, Median = 130.778 ns, Q3 = 131.756 ns, Max = 132.735 ns
IQR = 1.000 ns, LowerFence = 129.257 ns, UpperFence = 133.256 ns
ConfidenceInterval = [110.578 ns; 152.255 ns] (CI 99.9%), Margin = 20.838 ns (15.86% of Mean)
Skewness = 0.38, Kurtosis = 0.67, MValue = 2
-------------------- Histogram --------------------
[130.696 ns ; 132.775 ns) | @@@
---------------------------------------------------

MaskingStrategyBenchmarks.DateOfBirth_Partial: ShortRun(IterationCount=3, LaunchCount=1, WarmupCount=3)
Runtime = .NET 10.0.12 (10.0.12, 10.0.1226.42308), X64 RyuJIT x86-64-v3; GC = Concurrent Workstation
Mean = 234.789 ns, StdErr = 1.063 ns (0.45%), N = 3, StdDev = 1.841 ns
Min = 232.668 ns, Q1 = 234.193 ns, Median = 235.717 ns, Q3 = 235.849 ns, Max = 235.981 ns
IQR = 1.657 ns, LowerFence = 231.708 ns, UpperFence = 238.334 ns
ConfidenceInterval = [201.193 ns; 268.384 ns] (CI 99.9%), Margin = 33.595 ns (14.31% of Mean)
Skewness = -0.38, Kurtosis = 0.67, MValue = 2
-------------------- Histogram --------------------
[232.649 ns ; 236.000 ns) | @@@
---------------------------------------------------

MaskingStrategyBenchmarks.IPAddress_Partial: ShortRun(IterationCount=3, LaunchCount=1, WarmupCount=3)
Runtime = .NET 10.0.12 (10.0.12, 10.0.1226.42308), X64 RyuJIT x86-64-v3; GC = Concurrent Workstation
Mean = 188.713 ns, StdErr = 0.735 ns (0.39%), N = 3, StdDev = 1.273 ns
Min = 187.759 ns, Q1 = 187.991 ns, Median = 188.222 ns, Q3 = 189.190 ns, Max = 190.158 ns
IQR = 1.200 ns, LowerFence = 186.191 ns, UpperFence = 190.990 ns
ConfidenceInterval = [165.491 ns; 211.935 ns] (CI 99.9%), Margin = 23.222 ns (12.31% of Mean)
Skewness = 0.33, Kurtosis = 0.67, MValue = 2
-------------------- Histogram --------------------
[186.600 ns ; 191.317 ns) | @@@
---------------------------------------------------

MaskingStrategyBenchmarks.Custom_FullMasking: ShortRun(IterationCount=3, LaunchCount=1, WarmupCount=3)
Runtime = .NET 10.0.12 (10.0.12, 10.0.1226.42308), X64 RyuJIT x86-64-v3; GC = Concurrent Workstation
Mean = 63.426 ns, StdErr = 0.071 ns (0.11%), N = 3, StdDev = 0.123 ns
Min = 63.290 ns, Q1 = 63.377 ns, Median = 63.464 ns, Q3 = 63.495 ns, Max = 63.526 ns
IQR = 0.118 ns, LowerFence = 63.199 ns, UpperFence = 63.672 ns
ConfidenceInterval = [61.190 ns; 65.663 ns] (CI 99.9%), Margin = 2.237 ns (3.53% of Mean)
Skewness = -0.28, Kurtosis = 0.67, MValue = 2
-------------------- Histogram --------------------
[63.178 ns ; 63.638 ns) | @@@
---------------------------------------------------

MaskingStrategyBenchmarks.Email_Short: ShortRun(IterationCount=3, LaunchCount=1, WarmupCount=3)
Runtime = .NET 10.0.12 (10.0.12, 10.0.1226.42308), X64 RyuJIT x86-64-v3; GC = Concurrent Workstation
Mean = 75.147 ns, StdErr = 0.490 ns (0.65%), N = 3, StdDev = 0.849 ns
Min = 74.182 ns, Q1 = 74.832 ns, Median = 75.482 ns, Q3 = 75.629 ns, Max = 75.776 ns
IQR = 0.797 ns, LowerFence = 73.636 ns, UpperFence = 76.825 ns
ConfidenceInterval = [59.666 ns; 90.627 ns] (CI 99.9%), Margin = 15.480 ns (20.60% of Mean)
Skewness = -0.33, Kurtosis = 0.67, MValue = 2
-------------------- Histogram --------------------
[73.410 ns ; 76.549 ns) | @@@
---------------------------------------------------

MaskingStrategyBenchmarks.Email_Long: ShortRun(IterationCount=3, LaunchCount=1, WarmupCount=3)
Runtime = .NET 10.0.12 (10.0.12, 10.0.1226.42308), X64 RyuJIT x86-64-v3; GC = Concurrent Workstation
Mean = 112.450 ns, StdErr = 0.482 ns (0.43%), N = 3, StdDev = 0.835 ns
Min = 111.487 ns, Q1 = 112.191 ns, Median = 112.895 ns, Q3 = 112.931 ns, Max = 112.968 ns
IQR = 0.741 ns, LowerFence = 111.079 ns, UpperFence = 114.043 ns
ConfidenceInterval = [97.216 ns; 127.684 ns] (CI 99.9%), Margin = 15.234 ns (13.55% of Mean)
Skewness = -0.38, Kurtosis = 0.67, MValue = 2
-------------------- Histogram --------------------
[111.467 ns ; 112.987 ns) | @@@
---------------------------------------------------

MaskingStrategyBenchmarks.RegexPattern: ShortRun(IterationCount=3, LaunchCount=1, WarmupCount=3)
Runtime = .NET 10.0.12 (10.0.12, 10.0.1226.42308), X64 RyuJIT x86-64-v3; GC = Concurrent Workstation
Mean = 638.241 ns, StdErr = 0.420 ns (0.07%), N = 3, StdDev = 0.727 ns
Min = 637.443 ns, Q1 = 637.928 ns, Median = 638.414 ns, Q3 = 638.640 ns, Max = 638.867 ns
IQR = 0.712 ns, LowerFence = 636.860 ns, UpperFence = 639.708 ns
ConfidenceInterval = [624.971 ns; 651.512 ns] (CI 99.9%), Margin = 13.271 ns (2.08% of Mean)
Skewness = -0.22, Kurtosis = 0.67, MValue = 2
-------------------- Histogram --------------------
[636.781 ns ; 639.529 ns) | @@@
---------------------------------------------------

// * Summary *

BenchmarkDotNet v0.15.8, Linux Ubuntu 24.04.5 LTS (Noble Numbat)
AMD EPYC 7763 2.45GHz, 1 CPU, 4 logical and 2 physical cores
.NET SDK 10.0.401
  [Host]     : .NET 10.0.12 (10.0.12, 10.0.1226.42308), X64 RyuJIT x86-64-v3
  Job-YFEFPZ : .NET 10.0.12 (10.0.12, 10.0.1226.42308), X64 RyuJIT x86-64-v3
  ShortRun   : .NET 10.0.12 (10.0.12, 10.0.1226.42308), X64 RyuJIT x86-64-v3

WarmupCount=3  

| Method              | Job        | IterationCount | LaunchCount | Mean      | Error     | StdDev   | Ratio | RatioSD | Gen0   | Allocated | Alloc Ratio |
|-------------------- |----------- |--------------- |------------ |----------:|----------:|---------:|------:|--------:|-------:|----------:|------------:|
| Email_Partial       | Job-YFEFPZ | 10             | Default     | 106.20 ns |  1.242 ns | 0.822 ns |  1.00 |    0.01 | 0.0134 |     224 B |        1.00 |
| Phone_Partial       | Job-YFEFPZ | 10             | Default     | 426.49 ns |  3.447 ns | 2.280 ns |  4.02 |    0.04 | 0.0310 |     520 B |        2.32 |
| CreditCard_Partial  | Job-YFEFPZ | 10             | Default     | 513.34 ns |  6.605 ns | 4.369 ns |  4.83 |    0.05 | 0.0324 |     544 B |        2.43 |
| SSN_Partial         | Job-YFEFPZ | 10             | Default     | 421.52 ns |  2.805 ns | 1.669 ns |  3.97 |    0.03 | 0.0310 |     520 B |        2.32 |
| Name_Partial        | Job-YFEFPZ | 10             | Default     | 194.52 ns |  3.429 ns | 2.268 ns |  1.83 |    0.02 | 0.0167 |     280 B |        1.25 |
| Address_Partial     | Job-YFEFPZ | 10             | Default     | 126.84 ns |  1.031 ns | 0.614 ns |  1.19 |    0.01 | 0.0196 |     328 B |        1.46 |
| DateOfBirth_Partial | Job-YFEFPZ | 10             | Default     | 234.09 ns |  2.851 ns | 1.886 ns |  2.20 |    0.02 | 0.0229 |     384 B |        1.71 |
| IPAddress_Partial   | Job-YFEFPZ | 10             | Default     | 180.51 ns |  0.385 ns | 0.202 ns |  1.70 |    0.01 | 0.0157 |     264 B |        1.18 |
| Custom_FullMasking  | Job-YFEFPZ | 10             | Default     |  62.51 ns |  2.201 ns | 1.456 ns |  0.59 |    0.01 | 0.0076 |     128 B |        0.57 |
| Email_Short         | Job-YFEFPZ | 10             | Default     |  78.76 ns |  0.692 ns | 0.458 ns |  0.74 |    0.01 | 0.0076 |     128 B |        0.57 |
| Email_Long          | Job-YFEFPZ | 10             | Default     | 111.55 ns |  1.607 ns | 1.063 ns |  1.05 |    0.01 | 0.0196 |     328 B |        1.46 |
| RegexPattern        | Job-YFEFPZ | 10             | Default     | 633.59 ns |  1.581 ns | 0.941 ns |  5.97 |    0.04 | 0.0229 |     392 B |        1.75 |
|                     |            |                |             |           |           |          |       |         |        |           |             |
| Email_Partial       | ShortRun   | 3              | 1           | 105.21 ns | 24.154 ns | 1.324 ns |  1.00 |    0.02 | 0.0134 |     224 B |        1.00 |
| Phone_Partial       | ShortRun   | 3              | 1           | 411.43 ns | 36.740 ns | 2.014 ns |  3.91 |    0.05 | 0.0310 |     520 B |        2.32 |
| CreditCard_Partial  | ShortRun   | 3              | 1           | 496.43 ns | 41.851 ns | 2.294 ns |  4.72 |    0.06 | 0.0324 |     544 B |        2.43 |
| SSN_Partial         | ShortRun   | 3              | 1           | 407.48 ns | 35.232 ns | 1.931 ns |  3.87 |    0.05 | 0.0310 |     520 B |        2.32 |
| Name_Partial        | ShortRun   | 3              | 1           | 192.59 ns | 31.899 ns | 1.748 ns |  1.83 |    0.02 | 0.0167 |     280 B |        1.25 |
| Address_Partial     | ShortRun   | 3              | 1           | 131.42 ns | 20.838 ns | 1.142 ns |  1.25 |    0.02 | 0.0196 |     328 B |        1.46 |
| DateOfBirth_Partial | ShortRun   | 3              | 1           | 234.79 ns | 33.595 ns | 1.841 ns |  2.23 |    0.03 | 0.0229 |     384 B |        1.71 |
| IPAddress_Partial   | ShortRun   | 3              | 1           | 188.71 ns | 23.222 ns | 1.273 ns |  1.79 |    0.02 | 0.0157 |     264 B |        1.18 |
| Custom_FullMasking  | ShortRun   | 3              | 1           |  63.43 ns |  2.237 ns | 0.123 ns |  0.60 |    0.01 | 0.0076 |     128 B |        0.57 |
| Email_Short         | ShortRun   | 3              | 1           |  75.15 ns | 15.480 ns | 0.849 ns |  0.71 |    0.01 | 0.0076 |     128 B |        0.57 |
| Email_Long          | ShortRun   | 3              | 1           | 112.45 ns | 15.234 ns | 0.835 ns |  1.07 |    0.01 | 0.0196 |     328 B |        1.46 |
| RegexPattern        | ShortRun   | 3              | 1           | 638.24 ns | 13.271 ns | 0.727 ns |  6.07 |    0.07 | 0.0229 |     392 B |        1.75 |

// * Hints *
Outliers
  MaskingStrategyBenchmarks.SSN_Partial: IterationCount=10, WarmupCount=3       -> 1 outlier  was  removed (433.30 ns)
  MaskingStrategyBenchmarks.Address_Partial: IterationCount=10, WarmupCount=3   -> 1 outlier  was  removed (134.16 ns)
  MaskingStrategyBenchmarks.IPAddress_Partial: IterationCount=10, WarmupCount=3 -> 2 outliers were removed (185.03 ns, 185.58 ns)
  MaskingStrategyBenchmarks.RegexPattern: IterationCount=10, WarmupCount=3      -> 1 outlier  was  removed (646.68 ns)
// * Config Issues *

// * Warnings *
Configuration
  Summary -> The exporter CsvExporter is already present in configuration. There may be unexpected results.
  Summary -> The exporter HtmlExporter is already present in configuration. There may be unexpected results.
  Summary -> The exporter MarkdownExporter-github is already present in configuration. There may be unexpected results.

// * Legends *
  Mean        : Arithmetic mean of all measurements
  Error       : Half of 99.9% confidence interval
  StdDev      : Standard deviation of all measurements
  Ratio       : Mean of the ratio distribution ([Current]/[Baseline])
  RatioSD     : Standard deviation of the ratio distribution ([Current]/[Baseline])
  Gen0        : GC Generation 0 collects per 1000 operations
  Allocated   : Allocated memory per single operation (managed only, inclusive, 1KB = 1024B)
  Alloc Ratio : Allocated memory ratio distribution ([Current]/[Baseline])
  1 ns        : 1 Nanosecond (0.000000001 sec)

// * Diagnostic Output - MemoryDiagnoser *


// ***** BenchmarkRunner: End *****
Run time: 00:04:09 (249.04 sec), executed benchmarks: 24

Global total time: 00:05:06 (306.89 sec), executed benchmarks: 24
// * Artifacts cleanup *
Artifacts cleanup is finished
