// Validating benchmarks:
// ***** BenchmarkRunner: Start   *****
// ***** Found 24 benchmark(s) in total *****
// ***** Building 1 exe(s) in Parallel: Start   *****
// start dotnet  restore --nodeReuse:false /p:UseSharedCompilation=false /p:Deterministic=true /p:Optimize=true /p:ArtifactsPath="/home/runner/work/Encina/Encina/tests/Encina.BenchmarkTests/Encina.Security.PII.Benchmarks/bin/Release/net10.0/Encina.Security.PII.Benchmarks-Job-YFEFPZ-1/" /p:OutDir="/home/runner/work/Encina/Encina/tests/Encina.BenchmarkTests/Encina.Security.PII.Benchmarks/bin/Release/net10.0/Encina.Security.PII.Benchmarks-Job-YFEFPZ-1/bin/Release/net10.0/" /p:OutputPath="/home/runner/work/Encina/Encina/tests/Encina.BenchmarkTests/Encina.Security.PII.Benchmarks/bin/Release/net10.0/Encina.Security.PII.Benchmarks-Job-YFEFPZ-1/bin/Release/net10.0/" /p:PublishDir="/home/runner/work/Encina/Encina/tests/Encina.BenchmarkTests/Encina.Security.PII.Benchmarks/bin/Release/net10.0/Encina.Security.PII.Benchmarks-Job-YFEFPZ-1/publish/" in /home/runner/work/Encina/Encina/tests/Encina.BenchmarkTests/Encina.Security.PII.Benchmarks/bin/Release/net10.0/Encina.Security.PII.Benchmarks-Job-YFEFPZ-1
// command took 2.84 sec and exited with 0
// start dotnet  build -c Release --no-restore --nodeReuse:false /p:UseSharedCompilation=false /p:Deterministic=true /p:Optimize=true /p:ArtifactsPath="/home/runner/work/Encina/Encina/tests/Encina.BenchmarkTests/Encina.Security.PII.Benchmarks/bin/Release/net10.0/Encina.Security.PII.Benchmarks-Job-YFEFPZ-1/" /p:OutDir="/home/runner/work/Encina/Encina/tests/Encina.BenchmarkTests/Encina.Security.PII.Benchmarks/bin/Release/net10.0/Encina.Security.PII.Benchmarks-Job-YFEFPZ-1/bin/Release/net10.0/" /p:OutputPath="/home/runner/work/Encina/Encina/tests/Encina.BenchmarkTests/Encina.Security.PII.Benchmarks/bin/Release/net10.0/Encina.Security.PII.Benchmarks-Job-YFEFPZ-1/bin/Release/net10.0/" /p:PublishDir="/home/runner/work/Encina/Encina/tests/Encina.BenchmarkTests/Encina.Security.PII.Benchmarks/bin/Release/net10.0/Encina.Security.PII.Benchmarks-Job-YFEFPZ-1/publish/" --output "/home/runner/work/Encina/Encina/tests/Encina.BenchmarkTests/Encina.Security.PII.Benchmarks/bin/Release/net10.0/Encina.Security.PII.Benchmarks-Job-YFEFPZ-1/bin/Release/net10.0/" in /home/runner/work/Encina/Encina/tests/Encina.BenchmarkTests/Encina.Security.PII.Benchmarks/bin/Release/net10.0/Encina.Security.PII.Benchmarks-Job-YFEFPZ-1
// command took 53.85 sec and exited with 0
// ***** Done, took 00:00:56 (56.83 sec)   *****
// Found 24 benchmarks:
//   MaskingStrategyBenchmarks.Email_Partial: Job-YFEFPZ(IterationCount=10, WarmupCount=3)
//   MaskingStrategyBenchmarks.Phone_Partial: Job-YFEFPZ(IterationCount=10, WarmupCount=3)
//   MaskingStrategyBenchmarks.CreditCard_Partial: Job-YFEFPZ(IterationCount=10, WarmupCount=3)
//   MaskingStrategyBenchmarks.SSN_Partial: Job-YFEFPZ(IterationCount=10, WarmupCount=3)
//   MaskingStrategyBenchmarks.Name_Partial: Job-YFEFPZ(IterationCount=10, WarmupCount=3)
//   MaskingStrategyBenchmarks.Address_Partial: Job-YFEFPZ(IterationCount=10, WarmupCount=3)
//   MaskingStrategyBenchmarks.DateOfBirth_Partial: Job-YFEFPZ(IterationCount=10, WarmupCount=3)
//   MaskingStrategyBenchmarks.IPAddress_Partial: Job-YFEFPZ(IterationCount=10, WarmupCount=3)
//   MaskingStrategyBenchmarks.Custom_FullMasking: Job-YFEFPZ(IterationCount=10, WarmupCount=3)
//   MaskingStrategyBenchmarks.Email_Short: Job-YFEFPZ(IterationCount=10, WarmupCount=3)
//   MaskingStrategyBenchmarks.Email_Long: Job-YFEFPZ(IterationCount=10, WarmupCount=3)
//   MaskingStrategyBenchmarks.RegexPattern: Job-YFEFPZ(IterationCount=10, WarmupCount=3)
//   MaskingStrategyBenchmarks.Email_Partial: ShortRun(IterationCount=3, LaunchCount=1, WarmupCount=3)
//   MaskingStrategyBenchmarks.Phone_Partial: ShortRun(IterationCount=3, LaunchCount=1, WarmupCount=3)
//   MaskingStrategyBenchmarks.CreditCard_Partial: ShortRun(IterationCount=3, LaunchCount=1, WarmupCount=3)
//   MaskingStrategyBenchmarks.SSN_Partial: ShortRun(IterationCount=3, LaunchCount=1, WarmupCount=3)
//   MaskingStrategyBenchmarks.Name_Partial: ShortRun(IterationCount=3, LaunchCount=1, WarmupCount=3)
//   MaskingStrategyBenchmarks.Address_Partial: ShortRun(IterationCount=3, LaunchCount=1, WarmupCount=3)
//   MaskingStrategyBenchmarks.DateOfBirth_Partial: ShortRun(IterationCount=3, LaunchCount=1, WarmupCount=3)
//   MaskingStrategyBenchmarks.IPAddress_Partial: ShortRun(IterationCount=3, LaunchCount=1, WarmupCount=3)
//   MaskingStrategyBenchmarks.Custom_FullMasking: ShortRun(IterationCount=3, LaunchCount=1, WarmupCount=3)
//   MaskingStrategyBenchmarks.Email_Short: ShortRun(IterationCount=3, LaunchCount=1, WarmupCount=3)
//   MaskingStrategyBenchmarks.Email_Long: ShortRun(IterationCount=3, LaunchCount=1, WarmupCount=3)
//   MaskingStrategyBenchmarks.RegexPattern: ShortRun(IterationCount=3, LaunchCount=1, WarmupCount=3)

// **************************
// Benchmark: MaskingStrategyBenchmarks.Email_Partial: Job-YFEFPZ(IterationCount=10, WarmupCount=3)
// *** Execute ***
// Launch: 1 / 1
// Execute: dotnet Encina.Security.PII.Benchmarks-Job-YFEFPZ-1.dll --anonymousPipes 164 165 --benchmarkName Encina.Security.PII.Benchmarks.MaskingStrategyBenchmarks.Email_Partial --job "IterationCount=10, WarmupCount=3" --benchmarkId 0 in /home/runner/work/Encina/Encina/tests/Encina.BenchmarkTests/Encina.Security.PII.Benchmarks/bin/Release/net10.0/Encina.Security.PII.Benchmarks-Job-YFEFPZ-1/bin/Release/net10.0
// Failed to set up high priority (Permission denied). In order to run benchmarks with high priority, make sure you have the right permissions.
// BeforeAnythingElse

// Benchmark Process Environment Information:
// BenchmarkDotNet v0.15.8
// Runtime=.NET 10.0.12 (10.0.12, 10.0.1226.42308), X64 RyuJIT x86-64-v3
// GC=Concurrent Workstation
// HardwareIntrinsics=AVX2+BMI1+BMI2+F16C+FMA+LZCNT+MOVBE,AVX,SSE3+SSSE3+SSE4.1+SSE4.2+POPCNT,X86Base+SSE+SSE2,AES+PCLMUL VectorSize=256
// Job: Job-YFEFPZ(IterationCount=10, WarmupCount=3)

OverheadJitting  1: 1 op, 231753.00 ns, 231.7530 us/op
WorkloadJitting  1: 1 op, 3107897.00 ns, 3.1079 ms/op

OverheadJitting  2: 16 op, 448118.00 ns, 28.0074 us/op
WorkloadJitting  2: 16 op, 464898.00 ns, 29.0561 us/op

WorkloadPilot    1: 16 op, 5390.00 ns, 336.8750 ns/op
WorkloadPilot    2: 32 op, 22031.00 ns, 688.4688 ns/op
WorkloadPilot    3: 64 op, 32801.00 ns, 512.5156 ns/op
WorkloadPilot    4: 128 op, 68297.00 ns, 533.5703 ns/op
WorkloadPilot    5: 256 op, 62717.00 ns, 244.9883 ns/op
WorkloadPilot    6: 512 op, 112320.00 ns, 219.3750 ns/op
WorkloadPilot    7: 1024 op, 250298.00 ns, 244.4316 ns/op
WorkloadPilot    8: 2048 op, 373908.00 ns, 182.5723 ns/op
WorkloadPilot    9: 4096 op, 767074.00 ns, 187.2739 ns/op
WorkloadPilot   10: 8192 op, 1501405.00 ns, 183.2770 ns/op
WorkloadPilot   11: 16384 op, 2532342.00 ns, 154.5619 ns/op
WorkloadPilot   12: 32768 op, 6651890.00 ns, 202.9996 ns/op
WorkloadPilot   13: 65536 op, 12527679.00 ns, 191.1572 ns/op
WorkloadPilot   14: 131072 op, 15158204.00 ns, 115.6479 ns/op
WorkloadPilot   15: 262144 op, 27727522.00 ns, 105.7721 ns/op
WorkloadPilot   16: 524288 op, 57122108.00 ns, 108.9518 ns/op
WorkloadPilot   17: 1048576 op, 110774072.00 ns, 105.6424 ns/op
WorkloadPilot   18: 2097152 op, 216789341.00 ns, 103.3732 ns/op
WorkloadPilot   19: 4194304 op, 452970873.00 ns, 107.9967 ns/op
WorkloadPilot   20: 8388608 op, 883287384.00 ns, 105.2961 ns/op

OverheadWarmup   1: 8388608 op, 27782835.00 ns, 3.3120 ns/op
OverheadWarmup   2: 8388608 op, 27812862.00 ns, 3.3156 ns/op
OverheadWarmup   3: 8388608 op, 30180436.00 ns, 3.5978 ns/op
OverheadWarmup   4: 8388608 op, 29556974.00 ns, 3.5235 ns/op
OverheadWarmup   5: 8388608 op, 30164161.00 ns, 3.5958 ns/op
OverheadWarmup   6: 8388608 op, 33657658.00 ns, 4.0123 ns/op
OverheadWarmup   7: 8388608 op, 27883995.00 ns, 3.3240 ns/op

OverheadActual   1: 8388608 op, 27797814.00 ns, 3.3138 ns/op
OverheadActual   2: 8388608 op, 27817290.00 ns, 3.3161 ns/op
OverheadActual   3: 8388608 op, 27894214.00 ns, 3.3252 ns/op
OverheadActual   4: 8388608 op, 27944618.00 ns, 3.3313 ns/op
OverheadActual   5: 8388608 op, 27723765.00 ns, 3.3049 ns/op
OverheadActual   6: 8388608 op, 27767638.00 ns, 3.3102 ns/op
OverheadActual   7: 8388608 op, 27897119.00 ns, 3.3256 ns/op
OverheadActual   8: 8388608 op, 27872974.00 ns, 3.3227 ns/op
OverheadActual   9: 8388608 op, 27726691.00 ns, 3.3053 ns/op
OverheadActual  10: 8388608 op, 27821078.00 ns, 3.3165 ns/op
OverheadActual  11: 8388608 op, 27745206.00 ns, 3.3075 ns/op
OverheadActual  12: 8388608 op, 27748912.00 ns, 3.3079 ns/op
OverheadActual  13: 8388608 op, 27777415.00 ns, 3.3113 ns/op
OverheadActual  14: 8388608 op, 27750224.00 ns, 3.3081 ns/op
OverheadActual  15: 8388608 op, 28011683.00 ns, 3.3393 ns/op

WorkloadWarmup   1: 8388608 op, 884166196.00 ns, 105.4008 ns/op
WorkloadWarmup   2: 8388608 op, 882558773.00 ns, 105.2092 ns/op
WorkloadWarmup   3: 8388608 op, 869092759.00 ns, 103.6039 ns/op

// BeforeActualRun
WorkloadActual   1: 8388608 op, 880056216.00 ns, 104.9109 ns/op
WorkloadActual   2: 8388608 op, 870672061.00 ns, 103.7922 ns/op
WorkloadActual   3: 8388608 op, 878167928.00 ns, 104.6858 ns/op
WorkloadActual   4: 8388608 op, 883064879.00 ns, 105.2695 ns/op
WorkloadActual   5: 8388608 op, 867767078.00 ns, 103.4459 ns/op
WorkloadActual   6: 8388608 op, 870914571.00 ns, 103.8211 ns/op
WorkloadActual   7: 8388608 op, 883312129.00 ns, 105.2990 ns/op
WorkloadActual   8: 8388608 op, 887484743.00 ns, 105.7964 ns/op
WorkloadActual   9: 8388608 op, 871874422.00 ns, 103.9355 ns/op
WorkloadActual  10: 8388608 op, 870679942.00 ns, 103.7931 ns/op

// AfterActualRun
WorkloadResult   1: 8388608 op, 852258402.00 ns, 101.5971 ns/op
WorkloadResult   2: 8388608 op, 842874247.00 ns, 100.4784 ns/op
WorkloadResult   3: 8388608 op, 850370114.00 ns, 101.3720 ns/op
WorkloadResult   4: 8388608 op, 855267065.00 ns, 101.9558 ns/op
WorkloadResult   5: 8388608 op, 839969264.00 ns, 100.1321 ns/op
WorkloadResult   6: 8388608 op, 843116757.00 ns, 100.5073 ns/op
WorkloadResult   7: 8388608 op, 855514315.00 ns, 101.9853 ns/op
WorkloadResult   8: 8388608 op, 859686929.00 ns, 102.4827 ns/op
WorkloadResult   9: 8388608 op, 844076608.00 ns, 100.6218 ns/op
WorkloadResult  10: 8388608 op, 842882128.00 ns, 100.4794 ns/op
// GC:  112 0 0 1879048192 8388608
// Threading:  0 0 8388608

// AfterAll
// Benchmark Process 3404 has exited with code 0.

Mean = 101.161 ns, StdErr = 0.258 ns (0.26%), N = 10, StdDev = 0.816 ns
Min = 100.132 ns, Q1 = 100.486 ns, Median = 100.997 ns, Q3 = 101.866 ns, Max = 102.483 ns
IQR = 1.380 ns, LowerFence = 98.417 ns, UpperFence = 103.936 ns
ConfidenceInterval = [99.927 ns; 102.396 ns] (CI 99.9%), Margin = 1.234 ns (1.22% of Mean)
Skewness = 0.24, Kurtosis = 1.3, MValue = 2

// ** Remained 23 (95.8 %) benchmark(s) to run. Estimated finish 2026-09-24 9:43 (0h 5m from now) **
// **************************
// Benchmark: MaskingStrategyBenchmarks.Phone_Partial: Job-YFEFPZ(IterationCount=10, WarmupCount=3)
// *** Execute ***
// Launch: 1 / 1
// Execute: dotnet Encina.Security.PII.Benchmarks-Job-YFEFPZ-1.dll --anonymousPipes 164 165 --benchmarkName Encina.Security.PII.Benchmarks.MaskingStrategyBenchmarks.Phone_Partial --job "IterationCount=10, WarmupCount=3" --benchmarkId 1 in /home/runner/work/Encina/Encina/tests/Encina.BenchmarkTests/Encina.Security.PII.Benchmarks/bin/Release/net10.0/Encina.Security.PII.Benchmarks-Job-YFEFPZ-1/bin/Release/net10.0
// Failed to set up high priority (Permission denied). In order to run benchmarks with high priority, make sure you have the right permissions.
// BeforeAnythingElse

// Benchmark Process Environment Information:
// BenchmarkDotNet v0.15.8
// Runtime=.NET 10.0.12 (10.0.12, 10.0.1226.42308), X64 RyuJIT x86-64-v3
// GC=Concurrent Workstation
// HardwareIntrinsics=AVX2+BMI1+BMI2+F16C+FMA+LZCNT+MOVBE,AVX,SSE3+SSSE3+SSE4.1+SSE4.2+POPCNT,X86Base+SSE+SSE2,AES+PCLMUL VectorSize=256
// Job: Job-YFEFPZ(IterationCount=10, WarmupCount=3)

OverheadJitting  1: 1 op, 246621.00 ns, 246.6210 us/op
WorkloadJitting  1: 1 op, 4877862.00 ns, 4.8779 ms/op

OverheadJitting  2: 16 op, 419924.00 ns, 26.2453 us/op
WorkloadJitting  2: 16 op, 500294.00 ns, 31.2684 us/op

WorkloadPilot    1: 16 op, 35166.00 ns, 2.1979 us/op
WorkloadPilot    2: 32 op, 41558.00 ns, 1.2987 us/op
WorkloadPilot    3: 64 op, 56184.00 ns, 877.8750 ns/op
WorkloadPilot    4: 128 op, 126296.00 ns, 986.6875 ns/op
WorkloadPilot    5: 256 op, 189745.00 ns, 741.1914 ns/op
WorkloadPilot    6: 512 op, 430074.00 ns, 839.9883 ns/op
WorkloadPilot    7: 1024 op, 592126.00 ns, 578.2480 ns/op
WorkloadPilot    8: 2048 op, 1233594.00 ns, 602.3408 ns/op
WorkloadPilot    9: 4096 op, 2545054.00 ns, 621.3511 ns/op
WorkloadPilot   10: 8192 op, 4951189.00 ns, 604.3932 ns/op
WorkloadPilot   11: 16384 op, 8831828.00 ns, 539.0520 ns/op
WorkloadPilot   12: 32768 op, 20096039.00 ns, 613.2824 ns/op
WorkloadPilot   13: 65536 op, 28468730.00 ns, 434.3983 ns/op
WorkloadPilot   14: 131072 op, 56678134.00 ns, 432.4198 ns/op
WorkloadPilot   15: 262144 op, 108488555.00 ns, 413.8510 ns/op
WorkloadPilot   16: 524288 op, 215605199.00 ns, 411.2343 ns/op
WorkloadPilot   17: 1048576 op, 438793903.00 ns, 418.4665 ns/op
WorkloadPilot   18: 2097152 op, 859422274.00 ns, 409.8045 ns/op

OverheadWarmup   1: 2097152 op, 6944148.00 ns, 3.3112 ns/op
OverheadWarmup   2: 2097152 op, 6994101.00 ns, 3.3350 ns/op
OverheadWarmup   3: 2097152 op, 6948736.00 ns, 3.3134 ns/op
OverheadWarmup   4: 2097152 op, 7008097.00 ns, 3.3417 ns/op
OverheadWarmup   5: 2097152 op, 6951781.00 ns, 3.3149 ns/op

OverheadActual   1: 2097152 op, 7257321.00 ns, 3.4606 ns/op
OverheadActual   2: 2097152 op, 6979984.00 ns, 3.3283 ns/op
OverheadActual   3: 2097152 op, 6965527.00 ns, 3.3214 ns/op
OverheadActual   4: 2097152 op, 6981958.00 ns, 3.3293 ns/op
OverheadActual   5: 2097152 op, 6961349.00 ns, 3.3194 ns/op
OverheadActual   6: 2097152 op, 6949076.00 ns, 3.3136 ns/op
OverheadActual   7: 2097152 op, 6951331.00 ns, 3.3147 ns/op
OverheadActual   8: 2097152 op, 6958083.00 ns, 3.3179 ns/op
OverheadActual   9: 2097152 op, 6949316.00 ns, 3.3137 ns/op
OverheadActual  10: 2097152 op, 6967161.00 ns, 3.3222 ns/op
OverheadActual  11: 2097152 op, 6960367.00 ns, 3.3190 ns/op
OverheadActual  12: 2097152 op, 6965998.00 ns, 3.3216 ns/op
OverheadActual  13: 2097152 op, 6956680.00 ns, 3.3172 ns/op
OverheadActual  14: 2097152 op, 6951792.00 ns, 3.3149 ns/op
OverheadActual  15: 2097152 op, 6978642.00 ns, 3.3277 ns/op

WorkloadWarmup   1: 2097152 op, 869026680.00 ns, 414.3842 ns/op
WorkloadWarmup   2: 2097152 op, 864347011.00 ns, 412.1528 ns/op
WorkloadWarmup   3: 2097152 op, 865645501.00 ns, 412.7719 ns/op

// BeforeActualRun
WorkloadActual   1: 2097152 op, 865590915.00 ns, 412.7459 ns/op
WorkloadActual   2: 2097152 op, 867510098.00 ns, 413.6610 ns/op
WorkloadActual   3: 2097152 op, 872187570.00 ns, 415.8914 ns/op
WorkloadActual   4: 2097152 op, 868276182.00 ns, 414.0263 ns/op
WorkloadActual   5: 2097152 op, 864922806.00 ns, 412.4273 ns/op
WorkloadActual   6: 2097152 op, 868418264.00 ns, 414.0941 ns/op
WorkloadActual   7: 2097152 op, 869285511.00 ns, 414.5076 ns/op
WorkloadActual   8: 2097152 op, 874545825.00 ns, 417.0159 ns/op
WorkloadActual   9: 2097152 op, 868834589.00 ns, 414.2926 ns/op
WorkloadActual  10: 2097152 op, 864539408.00 ns, 412.2445 ns/op

// AfterActualRun
WorkloadResult   1: 2097152 op, 858629566.00 ns, 409.4265 ns/op
WorkloadResult   2: 2097152 op, 860548749.00 ns, 410.3416 ns/op
WorkloadResult   3: 2097152 op, 865226221.00 ns, 412.5720 ns/op
WorkloadResult   4: 2097152 op, 861314833.00 ns, 410.7069 ns/op
WorkloadResult   5: 2097152 op, 857961457.00 ns, 409.1079 ns/op
WorkloadResult   6: 2097152 op, 861456915.00 ns, 410.7747 ns/op
WorkloadResult   7: 2097152 op, 862324162.00 ns, 411.1882 ns/op
WorkloadResult   8: 2097152 op, 861873240.00 ns, 410.9732 ns/op
WorkloadResult   9: 2097152 op, 857578059.00 ns, 408.9251 ns/op
// GC:  65 0 0 1090519040 2097152
// Threading:  0 0 2097152

// AfterAll
// Benchmark Process 3415 has exited with code 0.

Mean = 410.446 ns, StdErr = 0.385 ns (0.09%), N = 9, StdDev = 1.155 ns
Min = 408.925 ns, Q1 = 409.426 ns, Median = 410.707 ns, Q3 = 410.973 ns, Max = 412.572 ns
IQR = 1.547 ns, LowerFence = 407.106 ns, UpperFence = 413.293 ns
ConfidenceInterval = [408.505 ns; 412.388 ns] (CI 99.9%), Margin = 1.942 ns (0.47% of Mean)
Skewness = 0.23, Kurtosis = 1.9, MValue = 2

// ** Remained 22 (91.7 %) benchmark(s) to run. Estimated finish 2026-09-24 9:42 (0h 5m from now) **
// **************************
// Benchmark: MaskingStrategyBenchmarks.CreditCard_Partial: Job-YFEFPZ(IterationCount=10, WarmupCount=3)
// *** Execute ***
// Launch: 1 / 1
// Execute: dotnet Encina.Security.PII.Benchmarks-Job-YFEFPZ-1.dll --anonymousPipes 164 165 --benchmarkName Encina.Security.PII.Benchmarks.MaskingStrategyBenchmarks.CreditCard_Partial --job "IterationCount=10, WarmupCount=3" --benchmarkId 2 in /home/runner/work/Encina/Encina/tests/Encina.BenchmarkTests/Encina.Security.PII.Benchmarks/bin/Release/net10.0/Encina.Security.PII.Benchmarks-Job-YFEFPZ-1/bin/Release/net10.0
// Failed to set up high priority (Permission denied). In order to run benchmarks with high priority, make sure you have the right permissions.
// BeforeAnythingElse

// Benchmark Process Environment Information:
// BenchmarkDotNet v0.15.8
// Runtime=.NET 10.0.12 (10.0.12, 10.0.1226.42308), X64 RyuJIT x86-64-v3
// GC=Concurrent Workstation
// HardwareIntrinsics=AVX2+BMI1+BMI2+F16C+FMA+LZCNT+MOVBE,AVX,SSE3+SSSE3+SSE4.1+SSE4.2+POPCNT,X86Base+SSE+SSE2,AES+PCLMUL VectorSize=256
// Job: Job-YFEFPZ(IterationCount=10, WarmupCount=3)

OverheadJitting  1: 1 op, 238476.00 ns, 238.4760 us/op
WorkloadJitting  1: 1 op, 4879402.00 ns, 4.8794 ms/op

OverheadJitting  2: 16 op, 422750.00 ns, 26.4219 us/op
WorkloadJitting  2: 16 op, 533116.00 ns, 33.3198 us/op

WorkloadPilot    1: 16 op, 31689.00 ns, 1.9806 us/op
WorkloadPilot    2: 32 op, 43792.00 ns, 1.3685 us/op
WorkloadPilot    3: 64 op, 65813.00 ns, 1.0283 us/op
WorkloadPilot    4: 128 op, 120014.00 ns, 937.6094 ns/op
WorkloadPilot    5: 256 op, 215422.00 ns, 841.4922 ns/op
WorkloadPilot    6: 512 op, 331950.00 ns, 648.3398 ns/op
WorkloadPilot    7: 1024 op, 675241.00 ns, 659.4150 ns/op
WorkloadPilot    8: 2048 op, 1427415.00 ns, 696.9800 ns/op
WorkloadPilot    9: 4096 op, 2992158.00 ns, 730.5073 ns/op
WorkloadPilot   10: 8192 op, 5929915.00 ns, 723.8666 ns/op
WorkloadPilot   11: 16384 op, 10641053.00 ns, 649.4783 ns/op
WorkloadPilot   12: 32768 op, 22628961.00 ns, 690.5811 ns/op
WorkloadPilot   13: 65536 op, 34343850.00 ns, 524.0456 ns/op
WorkloadPilot   14: 131072 op, 67892162.00 ns, 517.9761 ns/op
WorkloadPilot   15: 262144 op, 131525732.00 ns, 501.7309 ns/op
WorkloadPilot   16: 524288 op, 263114502.00 ns, 501.8511 ns/op
WorkloadPilot   17: 1048576 op, 527252054.00 ns, 502.8267 ns/op

OverheadWarmup   1: 1048576 op, 3505657.00 ns, 3.3433 ns/op
OverheadWarmup   2: 1048576 op, 3490098.00 ns, 3.3284 ns/op
OverheadWarmup   3: 1048576 op, 3478377.00 ns, 3.3172 ns/op
OverheadWarmup   4: 1048576 op, 3480711.00 ns, 3.3195 ns/op
OverheadWarmup   5: 1048576 op, 3484708.00 ns, 3.3233 ns/op
OverheadWarmup   6: 1048576 op, 3543728.00 ns, 3.3796 ns/op
OverheadWarmup   7: 1048576 op, 3480349.00 ns, 3.3191 ns/op
OverheadWarmup   8: 1048576 op, 3816027.00 ns, 3.6392 ns/op
OverheadWarmup   9: 1048576 op, 3504234.00 ns, 3.3419 ns/op

OverheadActual   1: 1048576 op, 3477765.00 ns, 3.3167 ns/op
OverheadActual   2: 1048576 op, 3489948.00 ns, 3.3283 ns/op
OverheadActual   3: 1048576 op, 3484628.00 ns, 3.3232 ns/op
OverheadActual   4: 1048576 op, 3489016.00 ns, 3.3274 ns/op
OverheadActual   5: 1048576 op, 3489466.00 ns, 3.3278 ns/op
OverheadActual   6: 1048576 op, 3483656.00 ns, 3.3223 ns/op
OverheadActual   7: 1048576 op, 3483696.00 ns, 3.3223 ns/op
OverheadActual   8: 1048576 op, 3476232.00 ns, 3.3152 ns/op
OverheadActual   9: 1048576 op, 3479769.00 ns, 3.3186 ns/op
OverheadActual  10: 1048576 op, 3480140.00 ns, 3.3189 ns/op
OverheadActual  11: 1048576 op, 3497812.00 ns, 3.3358 ns/op
OverheadActual  12: 1048576 op, 3477625.00 ns, 3.3165 ns/op
OverheadActual  13: 1048576 op, 3487152.00 ns, 3.3256 ns/op
OverheadActual  14: 1048576 op, 3487493.00 ns, 3.3259 ns/op
OverheadActual  15: 1048576 op, 3488996.00 ns, 3.3274 ns/op

WorkloadWarmup   1: 1048576 op, 535661308.00 ns, 510.8464 ns/op
WorkloadWarmup   2: 1048576 op, 529732467.00 ns, 505.1922 ns/op
WorkloadWarmup   3: 1048576 op, 532018054.00 ns, 507.3720 ns/op

// BeforeActualRun
WorkloadActual   1: 1048576 op, 530287728.00 ns, 505.7218 ns/op
WorkloadActual   2: 1048576 op, 525469448.00 ns, 501.1267 ns/op
WorkloadActual   3: 1048576 op, 525425957.00 ns, 501.0852 ns/op
WorkloadActual   4: 1048576 op, 523778355.00 ns, 499.5140 ns/op
WorkloadActual   5: 1048576 op, 526316713.00 ns, 501.9347 ns/op
WorkloadActual   6: 1048576 op, 528476924.00 ns, 503.9949 ns/op
WorkloadActual   7: 1048576 op, 527649416.00 ns, 503.2057 ns/op
WorkloadActual   8: 1048576 op, 525731328.00 ns, 501.3765 ns/op
WorkloadActual   9: 1048576 op, 526786501.00 ns, 502.3828 ns/op
WorkloadActual  10: 1048576 op, 535800332.00 ns, 510.9790 ns/op

// AfterActualRun
WorkloadResult   1: 1048576 op, 526803100.00 ns, 502.3986 ns/op
WorkloadResult   2: 1048576 op, 521984820.00 ns, 497.8035 ns/op
WorkloadResult   3: 1048576 op, 521941329.00 ns, 497.7620 ns/op
WorkloadResult   4: 1048576 op, 520293727.00 ns, 496.1908 ns/op
WorkloadResult   5: 1048576 op, 522832085.00 ns, 498.6115 ns/op
WorkloadResult   6: 1048576 op, 524992296.00 ns, 500.6717 ns/op
WorkloadResult   7: 1048576 op, 524164788.00 ns, 499.8825 ns/op
WorkloadResult   8: 1048576 op, 522246700.00 ns, 498.0533 ns/op
WorkloadResult   9: 1048576 op, 523301873.00 ns, 499.0596 ns/op
// GC:  34 0 0 570425344 1048576
// Threading:  0 0 1048576

// AfterAll
// Benchmark Process 3422 has exited with code 0.

Mean = 498.937 ns, StdErr = 0.612 ns (0.12%), N = 9, StdDev = 1.837 ns
Min = 496.191 ns, Q1 = 497.804 ns, Median = 498.612 ns, Q3 = 499.882 ns, Max = 502.399 ns
IQR = 2.079 ns, LowerFence = 494.685 ns, UpperFence = 503.001 ns
ConfidenceInterval = [495.850 ns; 502.024 ns] (CI 99.9%), Margin = 3.087 ns (0.62% of Mean)
Skewness = 0.41, Kurtosis = 2.09, MValue = 2

// ** Remained 21 (87.5 %) benchmark(s) to run. Estimated finish 2026-09-24 9:42 (0h 4m from now) **
// **************************
// Benchmark: MaskingStrategyBenchmarks.SSN_Partial: Job-YFEFPZ(IterationCount=10, WarmupCount=3)
// *** Execute ***
// Launch: 1 / 1
// Execute: dotnet Encina.Security.PII.Benchmarks-Job-YFEFPZ-1.dll --anonymousPipes 164 165 --benchmarkName Encina.Security.PII.Benchmarks.MaskingStrategyBenchmarks.SSN_Partial --job "IterationCount=10, WarmupCount=3" --benchmarkId 3 in /home/runner/work/Encina/Encina/tests/Encina.BenchmarkTests/Encina.Security.PII.Benchmarks/bin/Release/net10.0/Encina.Security.PII.Benchmarks-Job-YFEFPZ-1/bin/Release/net10.0
// Failed to set up high priority (Permission denied). In order to run benchmarks with high priority, make sure you have the right permissions.
// BeforeAnythingElse

// Benchmark Process Environment Information:
// BenchmarkDotNet v0.15.8
// Runtime=.NET 10.0.12 (10.0.12, 10.0.1226.42308), X64 RyuJIT x86-64-v3
// GC=Concurrent Workstation
// HardwareIntrinsics=AVX2+BMI1+BMI2+F16C+FMA+LZCNT+MOVBE,AVX,SSE3+SSSE3+SSE4.1+SSE4.2+POPCNT,X86Base+SSE+SSE2,AES+PCLMUL VectorSize=256
// Job: Job-YFEFPZ(IterationCount=10, WarmupCount=3)

OverheadJitting  1: 1 op, 231943.00 ns, 231.9430 us/op
WorkloadJitting  1: 1 op, 4946513.00 ns, 4.9465 ms/op

OverheadJitting  2: 16 op, 427830.00 ns, 26.7394 us/op
WorkloadJitting  2: 16 op, 548607.00 ns, 34.2879 us/op

WorkloadPilot    1: 16 op, 36719.00 ns, 2.2949 us/op
WorkloadPilot    2: 32 op, 36508.00 ns, 1.1409 us/op
WorkloadPilot    3: 64 op, 64911.00 ns, 1.0142 us/op
WorkloadPilot    4: 128 op, 106530.00 ns, 832.2656 ns/op
WorkloadPilot    5: 256 op, 188162.00 ns, 735.0078 ns/op
WorkloadPilot    6: 512 op, 343542.00 ns, 670.9805 ns/op
WorkloadPilot    7: 1024 op, 546623.00 ns, 533.8115 ns/op
WorkloadPilot    8: 2048 op, 1226985.00 ns, 599.1138 ns/op
WorkloadPilot    9: 4096 op, 2525874.00 ns, 616.6685 ns/op
WorkloadPilot   10: 8192 op, 4949849.00 ns, 604.2296 ns/op
WorkloadPilot   11: 16384 op, 8745629.00 ns, 533.7908 ns/op
WorkloadPilot   12: 32768 op, 19765392.00 ns, 603.1919 ns/op
WorkloadPilot   13: 65536 op, 27958016.00 ns, 426.6055 ns/op
WorkloadPilot   14: 131072 op, 55210262.00 ns, 421.2209 ns/op
WorkloadPilot   15: 262144 op, 106167769.00 ns, 404.9979 ns/op
WorkloadPilot   16: 524288 op, 213237575.00 ns, 406.7184 ns/op
WorkloadPilot   17: 1048576 op, 424349688.00 ns, 404.6914 ns/op
WorkloadPilot   18: 2097152 op, 847876168.00 ns, 404.2989 ns/op

OverheadWarmup   1: 2097152 op, 6964602.00 ns, 3.3210 ns/op
OverheadWarmup   2: 2097152 op, 7062816.00 ns, 3.3678 ns/op
OverheadWarmup   3: 2097152 op, 6955415.00 ns, 3.3166 ns/op
OverheadWarmup   4: 2097152 op, 6991011.00 ns, 3.3336 ns/op
OverheadWarmup   5: 2097152 op, 6944865.00 ns, 3.3116 ns/op

OverheadActual   1: 2097152 op, 6957208.00 ns, 3.3175 ns/op
OverheadActual   2: 2097152 op, 6972507.00 ns, 3.3248 ns/op
OverheadActual   3: 2097152 op, 6938954.00 ns, 3.3088 ns/op
OverheadActual   4: 2097152 op, 6947992.00 ns, 3.3131 ns/op
OverheadActual   5: 2097152 op, 6944214.00 ns, 3.3113 ns/op
OverheadActual   6: 2097152 op, 7181558.00 ns, 3.4244 ns/op
OverheadActual   7: 2097152 op, 6938674.00 ns, 3.3086 ns/op
OverheadActual   8: 2097152 op, 6941589.00 ns, 3.3100 ns/op
OverheadActual   9: 2097152 op, 6957749.00 ns, 3.3177 ns/op
OverheadActual  10: 2097152 op, 6971996.00 ns, 3.3245 ns/op
OverheadActual  11: 2097152 op, 6940416.00 ns, 3.3094 ns/op
OverheadActual  12: 2097152 op, 6939946.00 ns, 3.3092 ns/op
OverheadActual  13: 2097152 op, 6940837.00 ns, 3.3096 ns/op
OverheadActual  14: 2097152 op, 6943943.00 ns, 3.3111 ns/op
OverheadActual  15: 2097152 op, 6938784.00 ns, 3.3087 ns/op

WorkloadWarmup   1: 2097152 op, 857855808.00 ns, 409.0575 ns/op
WorkloadWarmup   2: 2097152 op, 858185388.00 ns, 409.2147 ns/op
WorkloadWarmup   3: 2097152 op, 842860951.00 ns, 401.9074 ns/op

// BeforeActualRun
WorkloadActual   1: 2097152 op, 857269105.00 ns, 408.7778 ns/op
WorkloadActual   2: 2097152 op, 856112724.00 ns, 408.2264 ns/op
WorkloadActual   3: 2097152 op, 851741926.00 ns, 406.1422 ns/op
WorkloadActual   4: 2097152 op, 859281065.00 ns, 409.7371 ns/op
WorkloadActual   5: 2097152 op, 848926295.00 ns, 404.7996 ns/op
WorkloadActual   6: 2097152 op, 851624697.00 ns, 406.0863 ns/op
WorkloadActual   7: 2097152 op, 848522436.00 ns, 404.6070 ns/op
WorkloadActual   8: 2097152 op, 852496468.00 ns, 406.5020 ns/op
WorkloadActual   9: 2097152 op, 846811225.00 ns, 403.7911 ns/op
WorkloadActual  10: 2097152 op, 855278525.00 ns, 407.8286 ns/op

// AfterActualRun
WorkloadResult   1: 2097152 op, 850325162.00 ns, 405.4666 ns/op
WorkloadResult   2: 2097152 op, 849168781.00 ns, 404.9152 ns/op
WorkloadResult   3: 2097152 op, 844797983.00 ns, 402.8311 ns/op
WorkloadResult   4: 2097152 op, 852337122.00 ns, 406.4260 ns/op
WorkloadResult   5: 2097152 op, 841982352.00 ns, 401.4885 ns/op
WorkloadResult   6: 2097152 op, 844680754.00 ns, 402.7752 ns/op
WorkloadResult   7: 2097152 op, 841578493.00 ns, 401.2959 ns/op
WorkloadResult   8: 2097152 op, 845552525.00 ns, 403.1909 ns/op
WorkloadResult   9: 2097152 op, 839867282.00 ns, 400.4799 ns/op
WorkloadResult  10: 2097152 op, 848334582.00 ns, 404.5175 ns/op
// GC:  65 0 0 1090519040 2097152
// Threading:  0 0 2097152

// AfterAll
// Benchmark Process 3433 has exited with code 0.

Mean = 403.339 ns, StdErr = 0.617 ns (0.15%), N = 10, StdDev = 1.952 ns
Min = 400.480 ns, Q1 = 401.810 ns, Median = 403.011 ns, Q3 = 404.816 ns, Max = 406.426 ns
IQR = 3.006 ns, LowerFence = 397.302 ns, UpperFence = 409.324 ns
ConfidenceInterval = [400.387 ns; 406.290 ns] (CI 99.9%), Margin = 2.951 ns (0.73% of Mean)
Skewness = 0.08, Kurtosis = 1.48, MValue = 2

// ** Remained 20 (83.3 %) benchmark(s) to run. Estimated finish 2026-09-24 9:42 (0h 4m from now) **
// **************************
// Benchmark: MaskingStrategyBenchmarks.Name_Partial: Job-YFEFPZ(IterationCount=10, WarmupCount=3)
// *** Execute ***
// Launch: 1 / 1
// Execute: dotnet Encina.Security.PII.Benchmarks-Job-YFEFPZ-1.dll --anonymousPipes 164 165 --benchmarkName Encina.Security.PII.Benchmarks.MaskingStrategyBenchmarks.Name_Partial --job "IterationCount=10, WarmupCount=3" --benchmarkId 4 in /home/runner/work/Encina/Encina/tests/Encina.BenchmarkTests/Encina.Security.PII.Benchmarks/bin/Release/net10.0/Encina.Security.PII.Benchmarks-Job-YFEFPZ-1/bin/Release/net10.0
// Failed to set up high priority (Permission denied). In order to run benchmarks with high priority, make sure you have the right permissions.
// BeforeAnythingElse

// Benchmark Process Environment Information:
// BenchmarkDotNet v0.15.8
// Runtime=.NET 10.0.12 (10.0.12, 10.0.1226.42308), X64 RyuJIT x86-64-v3
// GC=Concurrent Workstation
// HardwareIntrinsics=AVX2+BMI1+BMI2+F16C+FMA+LZCNT+MOVBE,AVX,SSE3+SSSE3+SSE4.1+SSE4.2+POPCNT,X86Base+SSE+SSE2,AES+PCLMUL VectorSize=256
// Job: Job-YFEFPZ(IterationCount=10, WarmupCount=3)

OverheadJitting  1: 1 op, 230141.00 ns, 230.1410 us/op
WorkloadJitting  1: 1 op, 3548239.00 ns, 3.5482 ms/op

OverheadJitting  2: 16 op, 428291.00 ns, 26.7682 us/op
WorkloadJitting  2: 16 op, 485046.00 ns, 30.3154 us/op

WorkloadPilot    1: 16 op, 26059.00 ns, 1.6287 us/op
WorkloadPilot    2: 32 op, 33363.00 ns, 1.0426 us/op
WorkloadPilot    3: 64 op, 41568.00 ns, 649.5000 ns/op
WorkloadPilot    4: 128 op, 57577.00 ns, 449.8203 ns/op
WorkloadPilot    5: 256 op, 98053.00 ns, 383.0195 ns/op
WorkloadPilot    6: 512 op, 195385.00 ns, 381.6113 ns/op
WorkloadPilot    7: 1024 op, 280795.00 ns, 274.2139 ns/op
WorkloadPilot    8: 2048 op, 562391.00 ns, 274.6050 ns/op
WorkloadPilot    9: 4096 op, 1209019.00 ns, 295.1707 ns/op
WorkloadPilot   10: 8192 op, 2468851.00 ns, 301.3734 ns/op
WorkloadPilot   11: 16384 op, 4133011.00 ns, 252.2590 ns/op
WorkloadPilot   12: 32768 op, 10222950.00 ns, 311.9797 ns/op
WorkloadPilot   13: 65536 op, 18258053.00 ns, 278.5958 ns/op
WorkloadPilot   14: 131072 op, 24844218.00 ns, 189.5463 ns/op
WorkloadPilot   15: 262144 op, 51415472.00 ns, 196.1345 ns/op
WorkloadPilot   16: 524288 op, 98777783.00 ns, 188.4037 ns/op
WorkloadPilot   17: 1048576 op, 197467021.00 ns, 188.3192 ns/op
WorkloadPilot   18: 2097152 op, 392192911.00 ns, 187.0122 ns/op
WorkloadPilot   19: 4194304 op, 787821231.00 ns, 187.8312 ns/op

OverheadWarmup   1: 4194304 op, 13907244.00 ns, 3.3157 ns/op
OverheadWarmup   2: 4194304 op, 13871337.00 ns, 3.3072 ns/op
OverheadWarmup   3: 4194304 op, 14282294.00 ns, 3.4052 ns/op
OverheadWarmup   4: 4194304 op, 13867178.00 ns, 3.3062 ns/op
OverheadWarmup   5: 4194304 op, 13888749.00 ns, 3.3113 ns/op
OverheadWarmup   6: 4194304 op, 13949142.00 ns, 3.3257 ns/op
OverheadWarmup   7: 4194304 op, 13914778.00 ns, 3.3175 ns/op

OverheadActual   1: 4194304 op, 13870816.00 ns, 3.3071 ns/op
OverheadActual   2: 4194304 op, 13910630.00 ns, 3.3166 ns/op
OverheadActual   3: 4194304 op, 13897134.00 ns, 3.3133 ns/op
OverheadActual   4: 4194304 op, 13884902.00 ns, 3.3104 ns/op
OverheadActual   5: 4194304 op, 13976674.00 ns, 3.3323 ns/op
OverheadActual   6: 4194304 op, 13964751.00 ns, 3.3295 ns/op
OverheadActual   7: 4194304 op, 13937290.00 ns, 3.3229 ns/op
OverheadActual   8: 4194304 op, 13927822.00 ns, 3.3207 ns/op
OverheadActual   9: 4194304 op, 13876606.00 ns, 3.3084 ns/op
OverheadActual  10: 4194304 op, 13897005.00 ns, 3.3133 ns/op
OverheadActual  11: 4194304 op, 13877698.00 ns, 3.3087 ns/op
OverheadActual  12: 4194304 op, 13990059.00 ns, 3.3355 ns/op
OverheadActual  13: 4194304 op, 13921380.00 ns, 3.3191 ns/op
OverheadActual  14: 4194304 op, 13887447.00 ns, 3.3110 ns/op
OverheadActual  15: 4194304 op, 13913055.00 ns, 3.3171 ns/op

WorkloadWarmup   1: 4194304 op, 802200466.00 ns, 191.2595 ns/op
WorkloadWarmup   2: 4194304 op, 795898432.00 ns, 189.7570 ns/op
WorkloadWarmup   3: 4194304 op, 788194646.00 ns, 187.9202 ns/op

// BeforeActualRun
WorkloadActual   1: 4194304 op, 788919786.00 ns, 188.0931 ns/op
WorkloadActual   2: 4194304 op, 788050792.00 ns, 187.8860 ns/op
WorkloadActual   3: 4194304 op, 793977676.00 ns, 189.2990 ns/op
WorkloadActual   4: 4194304 op, 790468560.00 ns, 188.4624 ns/op
WorkloadActual   5: 4194304 op, 793223698.00 ns, 189.1193 ns/op
WorkloadActual   6: 4194304 op, 794728048.00 ns, 189.4779 ns/op
WorkloadActual   7: 4194304 op, 798249579.00 ns, 190.3175 ns/op
WorkloadActual   8: 4194304 op, 792609520.00 ns, 188.9728 ns/op
WorkloadActual   9: 4194304 op, 792168936.00 ns, 188.8678 ns/op
WorkloadActual  10: 4194304 op, 794113316.00 ns, 189.3314 ns/op

// AfterActualRun
WorkloadResult   1: 4194304 op, 775009156.00 ns, 184.7766 ns/op
WorkloadResult   2: 4194304 op, 774140162.00 ns, 184.5694 ns/op
WorkloadResult   3: 4194304 op, 780067046.00 ns, 185.9825 ns/op
WorkloadResult   4: 4194304 op, 776557930.00 ns, 185.1458 ns/op
WorkloadResult   5: 4194304 op, 779313068.00 ns, 185.8027 ns/op
WorkloadResult   6: 4194304 op, 780817418.00 ns, 186.1614 ns/op
WorkloadResult   7: 4194304 op, 784338949.00 ns, 187.0010 ns/op
WorkloadResult   8: 4194304 op, 778698890.00 ns, 185.6563 ns/op
WorkloadResult   9: 4194304 op, 778258306.00 ns, 185.5512 ns/op
WorkloadResult  10: 4194304 op, 780202686.00 ns, 186.0148 ns/op
// GC:  70 0 0 1174405120 4194304
// Threading:  0 0 4194304

// AfterAll
// Benchmark Process 3443 has exited with code 0.

Mean = 185.666 ns, StdErr = 0.225 ns (0.12%), N = 10, StdDev = 0.711 ns
Min = 184.569 ns, Q1 = 185.247 ns, Median = 185.729 ns, Q3 = 186.007 ns, Max = 187.001 ns
IQR = 0.760 ns, LowerFence = 184.108 ns, UpperFence = 187.146 ns
ConfidenceInterval = [184.592 ns; 186.741 ns] (CI 99.9%), Margin = 1.074 ns (0.58% of Mean)
Skewness = 0.11, Kurtosis = 2.12, MValue = 2

// ** Remained 19 (79.2 %) benchmark(s) to run. Estimated finish 2026-09-24 9:42 (0h 4m from now) **
// **************************
// Benchmark: MaskingStrategyBenchmarks.Address_Partial: Job-YFEFPZ(IterationCount=10, WarmupCount=3)
// *** Execute ***
// Launch: 1 / 1
// Execute: dotnet Encina.Security.PII.Benchmarks-Job-YFEFPZ-1.dll --anonymousPipes 164 165 --benchmarkName Encina.Security.PII.Benchmarks.MaskingStrategyBenchmarks.Address_Partial --job "IterationCount=10, WarmupCount=3" --benchmarkId 5 in /home/runner/work/Encina/Encina/tests/Encina.BenchmarkTests/Encina.Security.PII.Benchmarks/bin/Release/net10.0/Encina.Security.PII.Benchmarks-Job-YFEFPZ-1/bin/Release/net10.0
// Failed to set up high priority (Permission denied). In order to run benchmarks with high priority, make sure you have the right permissions.
// BeforeAnythingElse

// Benchmark Process Environment Information:
// BenchmarkDotNet v0.15.8
// Runtime=.NET 10.0.12 (10.0.12, 10.0.1226.42308), X64 RyuJIT x86-64-v3
// GC=Concurrent Workstation
// HardwareIntrinsics=AVX2+BMI1+BMI2+F16C+FMA+LZCNT+MOVBE,AVX,SSE3+SSSE3+SSE4.1+SSE4.2+POPCNT,X86Base+SSE+SSE2,AES+PCLMUL VectorSize=256
// Job: Job-YFEFPZ(IterationCount=10, WarmupCount=3)

OverheadJitting  1: 1 op, 234679.00 ns, 234.6790 us/op
WorkloadJitting  1: 1 op, 3448052.00 ns, 3.4481 ms/op

OverheadJitting  2: 16 op, 448688.00 ns, 28.0430 us/op
WorkloadJitting  2: 16 op, 481420.00 ns, 30.0888 us/op

WorkloadPilot    1: 16 op, 24686.00 ns, 1.5429 us/op
WorkloadPilot    2: 32 op, 21791.00 ns, 680.9688 ns/op
WorkloadPilot    3: 64 op, 32551.00 ns, 508.6094 ns/op
WorkloadPilot    4: 128 op, 50534.00 ns, 394.7969 ns/op
WorkloadPilot    5: 256 op, 86050.00 ns, 336.1328 ns/op
WorkloadPilot    6: 512 op, 150832.00 ns, 294.5938 ns/op
WorkloadPilot    7: 1024 op, 217887.00 ns, 212.7803 ns/op
WorkloadPilot    8: 2048 op, 450753.00 ns, 220.0942 ns/op
WorkloadPilot    9: 4096 op, 1007893.00 ns, 246.0676 ns/op
WorkloadPilot   10: 8192 op, 2008193.00 ns, 245.1407 ns/op
WorkloadPilot   11: 16384 op, 3315074.00 ns, 202.3361 ns/op
WorkloadPilot   12: 32768 op, 8902353.00 ns, 271.6783 ns/op
WorkloadPilot   13: 65536 op, 13130472.00 ns, 200.3551 ns/op
WorkloadPilot   14: 131072 op, 16937225.00 ns, 129.2208 ns/op
WorkloadPilot   15: 262144 op, 33664738.00 ns, 128.4208 ns/op
WorkloadPilot   16: 524288 op, 64895148.00 ns, 123.7777 ns/op
WorkloadPilot   17: 1048576 op, 133275919.00 ns, 127.1018 ns/op
WorkloadPilot   18: 2097152 op, 268935300.00 ns, 128.2383 ns/op
WorkloadPilot   19: 4194304 op, 533972547.00 ns, 127.3090 ns/op

OverheadWarmup   1: 4194304 op, 13774285.00 ns, 3.2840 ns/op
OverheadWarmup   2: 4194304 op, 13825611.00 ns, 3.2963 ns/op
OverheadWarmup   3: 4194304 op, 13718511.00 ns, 3.2707 ns/op
OverheadWarmup   4: 4194304 op, 13790225.00 ns, 3.2878 ns/op
OverheadWarmup   5: 4194304 op, 13766221.00 ns, 3.2821 ns/op

OverheadActual   1: 4194304 op, 13784856.00 ns, 3.2866 ns/op
OverheadActual   2: 4194304 op, 13733570.00 ns, 3.2743 ns/op
OverheadActual   3: 4194304 op, 13765229.00 ns, 3.2819 ns/op
OverheadActual   4: 4194304 op, 13725384.00 ns, 3.2724 ns/op
OverheadActual   5: 4194304 op, 13722509.00 ns, 3.2717 ns/op
OverheadActual   6: 4194304 op, 13739581.00 ns, 3.2758 ns/op
OverheadActual   7: 4194304 op, 14029343.00 ns, 3.3449 ns/op
OverheadActual   8: 4194304 op, 13706689.00 ns, 3.2679 ns/op
OverheadActual   9: 4194304 op, 13724803.00 ns, 3.2722 ns/op
OverheadActual  10: 4194304 op, 13721206.00 ns, 3.2714 ns/op
OverheadActual  11: 4194304 op, 13719062.00 ns, 3.2709 ns/op
OverheadActual  12: 4194304 op, 13726586.00 ns, 3.2727 ns/op
OverheadActual  13: 4194304 op, 13736364.00 ns, 3.2750 ns/op
OverheadActual  14: 4194304 op, 13714464.00 ns, 3.2698 ns/op
OverheadActual  15: 4194304 op, 13726136.00 ns, 3.2726 ns/op

WorkloadWarmup   1: 4194304 op, 542393342.00 ns, 129.3166 ns/op
WorkloadWarmup   2: 4194304 op, 540999346.00 ns, 128.9843 ns/op
WorkloadWarmup   3: 4194304 op, 531294966.00 ns, 126.6706 ns/op

// BeforeActualRun
WorkloadActual   1: 4194304 op, 534415506.00 ns, 127.4146 ns/op
WorkloadActual   2: 4194304 op, 552265316.00 ns, 131.6703 ns/op
WorkloadActual   3: 4194304 op, 537323950.00 ns, 128.1080 ns/op
WorkloadActual   4: 4194304 op, 536261435.00 ns, 127.8547 ns/op
WorkloadActual   5: 4194304 op, 535561376.00 ns, 127.6878 ns/op
WorkloadActual   6: 4194304 op, 541763645.00 ns, 129.1665 ns/op
WorkloadActual   7: 4194304 op, 538264356.00 ns, 128.3322 ns/op
WorkloadActual   8: 4194304 op, 538841973.00 ns, 128.4699 ns/op
WorkloadActual   9: 4194304 op, 542214335.00 ns, 129.2740 ns/op
WorkloadActual  10: 4194304 op, 539549573.00 ns, 128.6386 ns/op

// AfterActualRun
WorkloadResult   1: 4194304 op, 520689370.00 ns, 124.1420 ns/op
WorkloadResult   2: 4194304 op, 523597814.00 ns, 124.8354 ns/op
WorkloadResult   3: 4194304 op, 522535299.00 ns, 124.5821 ns/op
WorkloadResult   4: 4194304 op, 521835240.00 ns, 124.4152 ns/op
WorkloadResult   5: 4194304 op, 528037509.00 ns, 125.8940 ns/op
WorkloadResult   6: 4194304 op, 524538220.00 ns, 125.0597 ns/op
WorkloadResult   7: 4194304 op, 525115837.00 ns, 125.1974 ns/op
WorkloadResult   8: 4194304 op, 528488199.00 ns, 126.0014 ns/op
WorkloadResult   9: 4194304 op, 525823437.00 ns, 125.3661 ns/op
// GC:  82 0 0 1375731712 4194304
// Threading:  0 0 4194304

// AfterAll
// Benchmark Process 3454 has exited with code 0.

Mean = 125.055 ns, StdErr = 0.212 ns (0.17%), N = 9, StdDev = 0.636 ns
Min = 124.142 ns, Q1 = 124.582 ns, Median = 125.060 ns, Q3 = 125.366 ns, Max = 126.001 ns
IQR = 0.784 ns, LowerFence = 123.406 ns, UpperFence = 126.542 ns
ConfidenceInterval = [123.987 ns; 126.123 ns] (CI 99.9%), Margin = 1.068 ns (0.85% of Mean)
Skewness = 0.14, Kurtosis = 1.51, MValue = 2

// ** Remained 18 (75.0 %) benchmark(s) to run. Estimated finish 2026-09-24 9:41 (0h 3m from now) **
// **************************
// Benchmark: MaskingStrategyBenchmarks.DateOfBirth_Partial: Job-YFEFPZ(IterationCount=10, WarmupCount=3)
// *** Execute ***
// Launch: 1 / 1
// Execute: dotnet Encina.Security.PII.Benchmarks-Job-YFEFPZ-1.dll --anonymousPipes 164 165 --benchmarkName Encina.Security.PII.Benchmarks.MaskingStrategyBenchmarks.DateOfBirth_Partial --job "IterationCount=10, WarmupCount=3" --benchmarkId 6 in /home/runner/work/Encina/Encina/tests/Encina.BenchmarkTests/Encina.Security.PII.Benchmarks/bin/Release/net10.0/Encina.Security.PII.Benchmarks-Job-YFEFPZ-1/bin/Release/net10.0
// Failed to set up high priority (Permission denied). In order to run benchmarks with high priority, make sure you have the right permissions.
// BeforeAnythingElse

// Benchmark Process Environment Information:
// BenchmarkDotNet v0.15.8
// Runtime=.NET 10.0.12 (10.0.12, 10.0.1226.42308), X64 RyuJIT x86-64-v3
// GC=Concurrent Workstation
// HardwareIntrinsics=AVX2+BMI1+BMI2+F16C+FMA+LZCNT+MOVBE,AVX,SSE3+SSSE3+SSE4.1+SSE4.2+POPCNT,X86Base+SSE+SSE2,AES+PCLMUL VectorSize=256
// Job: Job-YFEFPZ(IterationCount=10, WarmupCount=3)

OverheadJitting  1: 1 op, 226483.00 ns, 226.4830 us/op
WorkloadJitting  1: 1 op, 4702767.00 ns, 4.7028 ms/op

OverheadJitting  2: 16 op, 450652.00 ns, 28.1658 us/op
WorkloadJitting  2: 16 op, 485036.00 ns, 30.3148 us/op

WorkloadPilot    1: 16 op, 25568.00 ns, 1.5980 us/op
WorkloadPilot    2: 32 op, 37851.00 ns, 1.1828 us/op
WorkloadPilot    3: 64 op, 42008.00 ns, 656.3750 ns/op
WorkloadPilot    4: 128 op, 69349.00 ns, 541.7891 ns/op
WorkloadPilot    5: 256 op, 125575.00 ns, 490.5273 ns/op
WorkloadPilot    6: 512 op, 262660.00 ns, 513.0078 ns/op
WorkloadPilot    7: 1024 op, 352579.00 ns, 344.3154 ns/op
WorkloadPilot    8: 2048 op, 776531.00 ns, 379.1655 ns/op
WorkloadPilot    9: 4096 op, 1588217.00 ns, 387.7483 ns/op
WorkloadPilot   10: 8192 op, 3476736.00 ns, 424.4063 ns/op
WorkloadPilot   11: 16384 op, 5255330.00 ns, 320.7599 ns/op
WorkloadPilot   12: 32768 op, 13033372.00 ns, 397.7469 ns/op
WorkloadPilot   13: 65536 op, 18680103.00 ns, 285.0358 ns/op
WorkloadPilot   14: 131072 op, 30786392.00 ns, 234.8815 ns/op
WorkloadPilot   15: 262144 op, 63314680.00 ns, 241.5263 ns/op
WorkloadPilot   16: 524288 op, 125019140.00 ns, 238.4551 ns/op
WorkloadPilot   17: 1048576 op, 244388546.00 ns, 233.0671 ns/op
WorkloadPilot   18: 2097152 op, 493919439.00 ns, 235.5191 ns/op
WorkloadPilot   19: 4194304 op, 984666461.00 ns, 234.7628 ns/op

OverheadWarmup   1: 4194304 op, 14055872.00 ns, 3.3512 ns/op
OverheadWarmup   2: 4194304 op, 13725375.00 ns, 3.2724 ns/op
OverheadWarmup   3: 4194304 op, 13737418.00 ns, 3.2753 ns/op
OverheadWarmup   4: 4194304 op, 13710377.00 ns, 3.2688 ns/op
OverheadWarmup   5: 4194304 op, 13719945.00 ns, 3.2711 ns/op
OverheadWarmup   6: 4194304 op, 13728030.00 ns, 3.2730 ns/op
OverheadWarmup   7: 4194304 op, 13717881.00 ns, 3.2706 ns/op

OverheadActual   1: 4194304 op, 13726497.00 ns, 3.2727 ns/op
OverheadActual   2: 4194304 op, 13753237.00 ns, 3.2790 ns/op
OverheadActual   3: 4194304 op, 13720276.00 ns, 3.2712 ns/op
OverheadActual   4: 4194304 op, 13792310.00 ns, 3.2883 ns/op
OverheadActual   5: 4194304 op, 13714564.00 ns, 3.2698 ns/op
OverheadActual   6: 4194304 op, 13743870.00 ns, 3.2768 ns/op
OverheadActual   7: 4194304 op, 13730905.00 ns, 3.2737 ns/op
OverheadActual   8: 4194304 op, 14156059.00 ns, 3.3751 ns/op
OverheadActual   9: 4194304 op, 13743950.00 ns, 3.2768 ns/op
OverheadActual  10: 4194304 op, 13731697.00 ns, 3.2739 ns/op
OverheadActual  11: 4194304 op, 13742718.00 ns, 3.2765 ns/op
OverheadActual  12: 4194304 op, 13718562.00 ns, 3.2708 ns/op
OverheadActual  13: 4194304 op, 13733019.00 ns, 3.2742 ns/op
OverheadActual  14: 4194304 op, 13744170.00 ns, 3.2769 ns/op
OverheadActual  15: 4194304 op, 13783003.00 ns, 3.2861 ns/op

WorkloadWarmup   1: 4194304 op, 997104881.00 ns, 237.7283 ns/op
WorkloadWarmup   2: 4194304 op, 994907196.00 ns, 237.2044 ns/op
WorkloadWarmup   3: 4194304 op, 982051436.00 ns, 234.1393 ns/op

// BeforeActualRun
WorkloadActual   1: 4194304 op, 990395066.00 ns, 236.1286 ns/op
WorkloadActual   2: 4194304 op, 984771483.00 ns, 234.7878 ns/op
WorkloadActual   3: 4194304 op, 978619480.00 ns, 233.3211 ns/op
WorkloadActual   4: 4194304 op, 982290712.00 ns, 234.1964 ns/op
WorkloadActual   5: 4194304 op, 980532677.00 ns, 233.7772 ns/op
WorkloadActual   6: 4194304 op, 985144741.00 ns, 234.8768 ns/op
WorkloadActual   7: 4194304 op, 983423247.00 ns, 234.4664 ns/op
WorkloadActual   8: 4194304 op, 983630109.00 ns, 234.5157 ns/op
WorkloadActual   9: 4194304 op, 976520468.00 ns, 232.8206 ns/op
WorkloadActual  10: 4194304 op, 977656968.00 ns, 233.0916 ns/op

// AfterActualRun
WorkloadResult   1: 4194304 op, 976652348.00 ns, 232.8521 ns/op
WorkloadResult   2: 4194304 op, 971028765.00 ns, 231.5113 ns/op
WorkloadResult   3: 4194304 op, 964876762.00 ns, 230.0445 ns/op
WorkloadResult   4: 4194304 op, 968547994.00 ns, 230.9198 ns/op
WorkloadResult   5: 4194304 op, 966789959.00 ns, 230.5007 ns/op
WorkloadResult   6: 4194304 op, 971402023.00 ns, 231.6003 ns/op
WorkloadResult   7: 4194304 op, 969680529.00 ns, 231.1899 ns/op
WorkloadResult   8: 4194304 op, 969887391.00 ns, 231.2392 ns/op
WorkloadResult   9: 4194304 op, 962777750.00 ns, 229.5441 ns/op
WorkloadResult  10: 4194304 op, 963914250.00 ns, 229.8151 ns/op
// GC:  96 0 0 1610612736 4194304
// Threading:  0 0 4194304

// AfterAll
// Benchmark Process 3462 has exited with code 0.

Mean = 230.922 ns, StdErr = 0.312 ns (0.14%), N = 10, StdDev = 0.987 ns
Min = 229.544 ns, Q1 = 230.159 ns, Median = 231.055 ns, Q3 = 231.443 ns, Max = 232.852 ns
IQR = 1.285 ns, LowerFence = 228.232 ns, UpperFence = 233.370 ns
ConfidenceInterval = [229.429 ns; 232.415 ns] (CI 99.9%), Margin = 1.493 ns (0.65% of Mean)
Skewness = 0.32, Kurtosis = 2.1, MValue = 2

// ** Remained 17 (70.8 %) benchmark(s) to run. Estimated finish 2026-09-24 9:42 (0h 3m from now) **
// **************************
// Benchmark: MaskingStrategyBenchmarks.IPAddress_Partial: Job-YFEFPZ(IterationCount=10, WarmupCount=3)
// *** Execute ***
// Launch: 1 / 1
// Execute: dotnet Encina.Security.PII.Benchmarks-Job-YFEFPZ-1.dll --anonymousPipes 164 165 --benchmarkName Encina.Security.PII.Benchmarks.MaskingStrategyBenchmarks.IPAddress_Partial --job "IterationCount=10, WarmupCount=3" --benchmarkId 7 in /home/runner/work/Encina/Encina/tests/Encina.BenchmarkTests/Encina.Security.PII.Benchmarks/bin/Release/net10.0/Encina.Security.PII.Benchmarks-Job-YFEFPZ-1/bin/Release/net10.0
// Failed to set up high priority (Permission denied). In order to run benchmarks with high priority, make sure you have the right permissions.
// BeforeAnythingElse

// Benchmark Process Environment Information:
// BenchmarkDotNet v0.15.8
// Runtime=.NET 10.0.12 (10.0.12, 10.0.1226.42308), X64 RyuJIT x86-64-v3
// GC=Concurrent Workstation
// HardwareIntrinsics=AVX2+BMI1+BMI2+F16C+FMA+LZCNT+MOVBE,AVX,SSE3+SSSE3+SSE4.1+SSE4.2+POPCNT,X86Base+SSE+SSE2,AES+PCLMUL VectorSize=256
// Job: Job-YFEFPZ(IterationCount=10, WarmupCount=3)

OverheadJitting  1: 1 op, 224469.00 ns, 224.4690 us/op
WorkloadJitting  1: 1 op, 3741041.00 ns, 3.7410 ms/op

OverheadJitting  2: 16 op, 426187.00 ns, 26.6367 us/op
WorkloadJitting  2: 16 op, 457615.00 ns, 28.6009 us/op

WorkloadPilot    1: 16 op, 24847.00 ns, 1.5529 us/op
WorkloadPilot    2: 32 op, 26630.00 ns, 832.1875 ns/op
WorkloadPilot    3: 64 op, 38462.00 ns, 600.9688 ns/op
WorkloadPilot    4: 128 op, 52378.00 ns, 409.2031 ns/op
WorkloadPilot    5: 256 op, 91110.00 ns, 355.8984 ns/op
WorkloadPilot    6: 512 op, 168825.00 ns, 329.7363 ns/op
WorkloadPilot    7: 1024 op, 378968.00 ns, 370.0859 ns/op
WorkloadPilot    8: 2048 op, 532705.00 ns, 260.1099 ns/op
WorkloadPilot    9: 4096 op, 1167541.00 ns, 285.0442 ns/op
WorkloadPilot   10: 8192 op, 2369537.00 ns, 289.2501 ns/op
WorkloadPilot   11: 16384 op, 4092557.00 ns, 249.7899 ns/op
WorkloadPilot   12: 32768 op, 10102356.00 ns, 308.2994 ns/op
WorkloadPilot   13: 65536 op, 18754635.00 ns, 286.1730 ns/op
WorkloadPilot   14: 131072 op, 24880130.00 ns, 189.8203 ns/op
WorkloadPilot   15: 262144 op, 51636395.00 ns, 196.9772 ns/op
WorkloadPilot   16: 524288 op, 107102044.00 ns, 204.2809 ns/op
WorkloadPilot   17: 1048576 op, 194616983.00 ns, 185.6012 ns/op
WorkloadPilot   18: 2097152 op, 393216801.00 ns, 187.5004 ns/op
WorkloadPilot   19: 4194304 op, 783071124.00 ns, 186.6987 ns/op

OverheadWarmup   1: 4194304 op, 13734364.00 ns, 3.2745 ns/op
OverheadWarmup   2: 4194304 op, 13761715.00 ns, 3.2810 ns/op
OverheadWarmup   3: 4194304 op, 13742569.00 ns, 3.2765 ns/op
OverheadWarmup   4: 4194304 op, 13752397.00 ns, 3.2788 ns/op
OverheadWarmup   5: 4194304 op, 13712813.00 ns, 3.2694 ns/op

OverheadActual   1: 4194304 op, 13744312.00 ns, 3.2769 ns/op
OverheadActual   2: 4194304 op, 13709066.00 ns, 3.2685 ns/op
OverheadActual   3: 4194304 op, 13795358.00 ns, 3.2891 ns/op
OverheadActual   4: 4194304 op, 13727741.00 ns, 3.2729 ns/op
OverheadActual   5: 4194304 op, 13731418.00 ns, 3.2738 ns/op
OverheadActual   6: 4194304 op, 13699889.00 ns, 3.2663 ns/op
OverheadActual   7: 4194304 op, 13732159.00 ns, 3.2740 ns/op
OverheadActual   8: 4194304 op, 13774158.00 ns, 3.2840 ns/op
OverheadActual   9: 4194304 op, 13722601.00 ns, 3.2717 ns/op
OverheadActual  10: 4194304 op, 13759190.00 ns, 3.2804 ns/op
OverheadActual  11: 4194304 op, 13714477.00 ns, 3.2698 ns/op
OverheadActual  12: 4194304 op, 13740274.00 ns, 3.2759 ns/op
OverheadActual  13: 4194304 op, 13733743.00 ns, 3.2744 ns/op
OverheadActual  14: 4194304 op, 13764820.00 ns, 3.2818 ns/op
OverheadActual  15: 4194304 op, 13717152.00 ns, 3.2704 ns/op

WorkloadWarmup   1: 4194304 op, 790392454.00 ns, 188.4442 ns/op
WorkloadWarmup   2: 4194304 op, 790964713.00 ns, 188.5807 ns/op
WorkloadWarmup   3: 4194304 op, 776293008.00 ns, 185.0827 ns/op

// BeforeActualRun
WorkloadActual   1: 4194304 op, 781873916.00 ns, 186.4133 ns/op
WorkloadActual   2: 4194304 op, 778170356.00 ns, 185.5303 ns/op
WorkloadActual   3: 4194304 op, 779986559.00 ns, 185.9633 ns/op
WorkloadActual   4: 4194304 op, 779248650.00 ns, 185.7874 ns/op
WorkloadActual   5: 4194304 op, 780144534.00 ns, 186.0010 ns/op
WorkloadActual   6: 4194304 op, 777819711.00 ns, 185.4467 ns/op
WorkloadActual   7: 4194304 op, 785878048.00 ns, 187.3679 ns/op
WorkloadActual   8: 4194304 op, 778167029.00 ns, 185.5295 ns/op
WorkloadActual   9: 4194304 op, 787755215.00 ns, 187.8155 ns/op
WorkloadActual  10: 4194304 op, 787405020.00 ns, 187.7320 ns/op

// AfterActualRun
WorkloadResult   1: 4194304 op, 768141757.00 ns, 183.1393 ns/op
WorkloadResult   2: 4194304 op, 764438197.00 ns, 182.2563 ns/op
WorkloadResult   3: 4194304 op, 766254400.00 ns, 182.6893 ns/op
WorkloadResult   4: 4194304 op, 765516491.00 ns, 182.5134 ns/op
WorkloadResult   5: 4194304 op, 766412375.00 ns, 182.7269 ns/op
WorkloadResult   6: 4194304 op, 764087552.00 ns, 182.1727 ns/op
WorkloadResult   7: 4194304 op, 772145889.00 ns, 184.0939 ns/op
WorkloadResult   8: 4194304 op, 764434870.00 ns, 182.2555 ns/op
WorkloadResult   9: 4194304 op, 774023056.00 ns, 184.5415 ns/op
WorkloadResult  10: 4194304 op, 773672861.00 ns, 184.4580 ns/op
// GC:  66 0 0 1107296256 4194304
// Threading:  0 0 4194304

// AfterAll
// Benchmark Process 3471 has exited with code 0.

Mean = 183.085 ns, StdErr = 0.295 ns (0.16%), N = 10, StdDev = 0.934 ns
Min = 182.173 ns, Q1 = 182.321 ns, Median = 182.708 ns, Q3 = 183.855 ns, Max = 184.541 ns
IQR = 1.535 ns, LowerFence = 180.018 ns, UpperFence = 186.157 ns
ConfidenceInterval = [181.673 ns; 184.496 ns] (CI 99.9%), Margin = 1.412 ns (0.77% of Mean)
Skewness = 0.56, Kurtosis = 1.43, MValue = 2

// ** Remained 16 (66.7 %) benchmark(s) to run. Estimated finish 2026-09-24 9:42 (0h 3m from now) **
// **************************
// Benchmark: MaskingStrategyBenchmarks.Custom_FullMasking: Job-YFEFPZ(IterationCount=10, WarmupCount=3)
// *** Execute ***
// Launch: 1 / 1
// Execute: dotnet Encina.Security.PII.Benchmarks-Job-YFEFPZ-1.dll --anonymousPipes 164 165 --benchmarkName Encina.Security.PII.Benchmarks.MaskingStrategyBenchmarks.Custom_FullMasking --job "IterationCount=10, WarmupCount=3" --benchmarkId 8 in /home/runner/work/Encina/Encina/tests/Encina.BenchmarkTests/Encina.Security.PII.Benchmarks/bin/Release/net10.0/Encina.Security.PII.Benchmarks-Job-YFEFPZ-1/bin/Release/net10.0
// Failed to set up high priority (Permission denied). In order to run benchmarks with high priority, make sure you have the right permissions.
// BeforeAnythingElse

// Benchmark Process Environment Information:
// BenchmarkDotNet v0.15.8
// Runtime=.NET 10.0.12 (10.0.12, 10.0.1226.42308), X64 RyuJIT x86-64-v3
// GC=Concurrent Workstation
// HardwareIntrinsics=AVX2+BMI1+BMI2+F16C+FMA+LZCNT+MOVBE,AVX,SSE3+SSSE3+SSE4.1+SSE4.2+POPCNT,X86Base+SSE+SSE2,AES+PCLMUL VectorSize=256
// Job: Job-YFEFPZ(IterationCount=10, WarmupCount=3)

OverheadJitting  1: 1 op, 231502.00 ns, 231.5020 us/op
WorkloadJitting  1: 1 op, 3244362.00 ns, 3.2444 ms/op

OverheadJitting  2: 16 op, 452545.00 ns, 28.2841 us/op
WorkloadJitting  2: 16 op, 482652.00 ns, 30.1658 us/op

WorkloadPilot    1: 16 op, 6071.00 ns, 379.4375 ns/op
WorkloadPilot    2: 32 op, 24385.00 ns, 762.0313 ns/op
WorkloadPilot    3: 64 op, 26870.00 ns, 419.8438 ns/op
WorkloadPilot    4: 128 op, 37390.00 ns, 292.1094 ns/op
WorkloadPilot    5: 256 op, 62557.00 ns, 244.3633 ns/op
WorkloadPilot    6: 512 op, 82885.00 ns, 161.8848 ns/op
WorkloadPilot    7: 1024 op, 148929.00 ns, 145.4385 ns/op
WorkloadPilot    8: 2048 op, 307734.00 ns, 150.2607 ns/op
WorkloadPilot    9: 4096 op, 408804.00 ns, 99.8057 ns/op
WorkloadPilot   10: 8192 op, 888269.00 ns, 108.4313 ns/op
WorkloadPilot   11: 16384 op, 1509270.00 ns, 92.1185 ns/op
WorkloadPilot   12: 32768 op, 3847287.00 ns, 117.4099 ns/op
WorkloadPilot   13: 65536 op, 7102079.00 ns, 108.3691 ns/op
WorkloadPilot   14: 131072 op, 14427986.00 ns, 110.0768 ns/op
WorkloadPilot   15: 262144 op, 18381273.00 ns, 70.1190 ns/op
WorkloadPilot   16: 524288 op, 36641889.00 ns, 69.8889 ns/op
WorkloadPilot   17: 1048576 op, 65736617.00 ns, 62.6913 ns/op
WorkloadPilot   18: 2097152 op, 128685055.00 ns, 61.3618 ns/op
WorkloadPilot   19: 4194304 op, 255724877.00 ns, 60.9696 ns/op
WorkloadPilot   20: 8388608 op, 504333207.00 ns, 60.1212 ns/op

OverheadWarmup   1: 8388608 op, 27822441.00 ns, 3.3167 ns/op
OverheadWarmup   2: 8388608 op, 27827921.00 ns, 3.3173 ns/op
OverheadWarmup   3: 8388608 op, 27778339.00 ns, 3.3114 ns/op
OverheadWarmup   4: 8388608 op, 27843420.00 ns, 3.3192 ns/op
OverheadWarmup   5: 8388608 op, 27789019.00 ns, 3.3127 ns/op

OverheadActual   1: 8388608 op, 27721262.00 ns, 3.3046 ns/op
OverheadActual   2: 8388608 op, 27828432.00 ns, 3.3174 ns/op
OverheadActual   3: 8388608 op, 27752721.00 ns, 3.3084 ns/op
OverheadActual   4: 8388608 op, 27806842.00 ns, 3.3148 ns/op
OverheadActual   5: 8388608 op, 27733415.00 ns, 3.3061 ns/op
OverheadActual   6: 8388608 op, 27794058.00 ns, 3.3133 ns/op
OverheadActual   7: 8388608 op, 28015553.00 ns, 3.3397 ns/op
OverheadActual   8: 8388608 op, 27775133.00 ns, 3.3111 ns/op
OverheadActual   9: 8388608 op, 27843560.00 ns, 3.3192 ns/op
OverheadActual  10: 8388608 op, 27785863.00 ns, 3.3123 ns/op
OverheadActual  11: 8388608 op, 27783679.00 ns, 3.3121 ns/op
OverheadActual  12: 8388608 op, 27915405.00 ns, 3.3278 ns/op
OverheadActual  13: 8388608 op, 27770364.00 ns, 3.3105 ns/op
OverheadActual  14: 8388608 op, 27764152.00 ns, 3.3097 ns/op
OverheadActual  15: 8388608 op, 27747371.00 ns, 3.3077 ns/op

WorkloadWarmup   1: 8388608 op, 516503102.00 ns, 61.5720 ns/op
WorkloadWarmup   2: 8388608 op, 515031542.00 ns, 61.3965 ns/op
WorkloadWarmup   3: 8388608 op, 510395844.00 ns, 60.8439 ns/op

// BeforeActualRun
WorkloadActual   1: 8388608 op, 507338111.00 ns, 60.4794 ns/op
WorkloadActual   2: 8388608 op, 512751305.00 ns, 61.1247 ns/op
WorkloadActual   3: 8388608 op, 508192518.00 ns, 60.5813 ns/op
WorkloadActual   4: 8388608 op, 504917339.00 ns, 60.1908 ns/op
WorkloadActual   5: 8388608 op, 504839273.00 ns, 60.1815 ns/op
WorkloadActual   6: 8388608 op, 501535771.00 ns, 59.7877 ns/op
WorkloadActual   7: 8388608 op, 500593410.00 ns, 59.6754 ns/op
WorkloadActual   8: 8388608 op, 497751963.00 ns, 59.3367 ns/op
WorkloadActual   9: 8388608 op, 500660706.00 ns, 59.6834 ns/op
WorkloadActual  10: 8388608 op, 500836242.00 ns, 59.7043 ns/op

// AfterActualRun
WorkloadResult   1: 8388608 op, 479554432.00 ns, 57.1673 ns/op
WorkloadResult   2: 8388608 op, 484967626.00 ns, 57.8126 ns/op
WorkloadResult   3: 8388608 op, 480408839.00 ns, 57.2692 ns/op
WorkloadResult   4: 8388608 op, 477133660.00 ns, 56.8788 ns/op
WorkloadResult   5: 8388608 op, 477055594.00 ns, 56.8695 ns/op
WorkloadResult   6: 8388608 op, 473752092.00 ns, 56.4757 ns/op
WorkloadResult   7: 8388608 op, 472809731.00 ns, 56.3633 ns/op
WorkloadResult   8: 8388608 op, 469968284.00 ns, 56.0246 ns/op
WorkloadResult   9: 8388608 op, 472877027.00 ns, 56.3713 ns/op
WorkloadResult  10: 8388608 op, 473052563.00 ns, 56.3923 ns/op
// GC:  64 0 0 1073741824 8388608
// Threading:  0 0 8388608

// AfterAll
// Benchmark Process 3480 has exited with code 0.

Mean = 56.762 ns, StdErr = 0.171 ns (0.30%), N = 10, StdDev = 0.540 ns
Min = 56.025 ns, Q1 = 56.377 ns, Median = 56.673 ns, Q3 = 57.095 ns, Max = 57.813 ns
IQR = 0.719 ns, LowerFence = 55.299 ns, UpperFence = 58.173 ns
ConfidenceInterval = [55.946 ns; 57.579 ns] (CI 99.9%), Margin = 0.816 ns (1.44% of Mean)
Skewness = 0.48, Kurtosis = 1.98, MValue = 2

// ** Remained 15 (62.5 %) benchmark(s) to run. Estimated finish 2026-09-24 9:41 (0h 3m from now) **
// **************************
// Benchmark: MaskingStrategyBenchmarks.Email_Short: Job-YFEFPZ(IterationCount=10, WarmupCount=3)
// *** Execute ***
// Launch: 1 / 1
// Execute: dotnet Encina.Security.PII.Benchmarks-Job-YFEFPZ-1.dll --anonymousPipes 164 165 --benchmarkName Encina.Security.PII.Benchmarks.MaskingStrategyBenchmarks.Email_Short --job "IterationCount=10, WarmupCount=3" --benchmarkId 9 in /home/runner/work/Encina/Encina/tests/Encina.BenchmarkTests/Encina.Security.PII.Benchmarks/bin/Release/net10.0/Encina.Security.PII.Benchmarks-Job-YFEFPZ-1/bin/Release/net10.0
// Failed to set up high priority (Permission denied). In order to run benchmarks with high priority, make sure you have the right permissions.
// BeforeAnythingElse

// Benchmark Process Environment Information:
// BenchmarkDotNet v0.15.8
// Runtime=.NET 10.0.12 (10.0.12, 10.0.1226.42308), X64 RyuJIT x86-64-v3
// GC=Concurrent Workstation
// HardwareIntrinsics=AVX2+BMI1+BMI2+F16C+FMA+LZCNT+MOVBE,AVX,SSE3+SSSE3+SSE4.1+SSE4.2+POPCNT,X86Base+SSE+SSE2,AES+PCLMUL VectorSize=256
// Job: Job-YFEFPZ(IterationCount=10, WarmupCount=3)

OverheadJitting  1: 1 op, 232995.00 ns, 232.9950 us/op
WorkloadJitting  1: 1 op, 3109480.00 ns, 3.1095 ms/op

OverheadJitting  2: 16 op, 433310.00 ns, 27.0819 us/op
WorkloadJitting  2: 16 op, 481640.00 ns, 30.1025 us/op

WorkloadPilot    1: 16 op, 4358.00 ns, 272.3750 ns/op
WorkloadPilot    2: 32 op, 21080.00 ns, 658.7500 ns/op
WorkloadPilot    3: 64 op, 42499.00 ns, 664.0469 ns/op
WorkloadPilot    4: 128 op, 42019.00 ns, 328.2734 ns/op
WorkloadPilot    5: 256 op, 46637.00 ns, 182.1758 ns/op
WorkloadPilot    6: 512 op, 80450.00 ns, 157.1289 ns/op
WorkloadPilot    7: 1024 op, 153958.00 ns, 150.3496 ns/op
WorkloadPilot    8: 2048 op, 294931.00 ns, 144.0093 ns/op
WorkloadPilot    9: 4096 op, 423702.00 ns, 103.4429 ns/op
WorkloadPilot   10: 8192 op, 1000921.00 ns, 122.1827 ns/op
WorkloadPilot   11: 16384 op, 1711268.00 ns, 104.4475 ns/op
WorkloadPilot   12: 32768 op, 4178878.00 ns, 127.5292 ns/op
WorkloadPilot   13: 65536 op, 7917303.00 ns, 120.8085 ns/op
WorkloadPilot   14: 131072 op, 16172859.00 ns, 123.3891 ns/op
WorkloadPilot   15: 262144 op, 21946096.00 ns, 83.7177 ns/op
WorkloadPilot   16: 524288 op, 43524504.00 ns, 83.0164 ns/op
WorkloadPilot   17: 1048576 op, 81512314.00 ns, 77.7362 ns/op
WorkloadPilot   18: 2097152 op, 158595624.00 ns, 75.6243 ns/op
WorkloadPilot   19: 4194304 op, 315015091.00 ns, 75.1055 ns/op
WorkloadPilot   20: 8388608 op, 627150170.00 ns, 74.7621 ns/op

OverheadWarmup   1: 8388608 op, 27824831.00 ns, 3.3170 ns/op
OverheadWarmup   2: 8388608 op, 27925779.00 ns, 3.3290 ns/op
OverheadWarmup   3: 8388608 op, 27836702.00 ns, 3.3184 ns/op
OverheadWarmup   4: 8388608 op, 27889501.00 ns, 3.3247 ns/op
OverheadWarmup   5: 8388608 op, 27749440.00 ns, 3.3080 ns/op

OverheadActual   1: 8388608 op, 27760190.00 ns, 3.3093 ns/op
OverheadActual   2: 8388608 op, 27864935.00 ns, 3.3218 ns/op
OverheadActual   3: 8388608 op, 27813919.00 ns, 3.3157 ns/op
OverheadActual   4: 8388608 op, 27896604.00 ns, 3.3255 ns/op
OverheadActual   5: 8388608 op, 29600848.00 ns, 3.5287 ns/op
OverheadActual   6: 8388608 op, 27792079.00 ns, 3.3131 ns/op
OverheadActual   7: 8388608 op, 28113650.00 ns, 3.3514 ns/op
OverheadActual   8: 8388608 op, 27768144.00 ns, 3.3102 ns/op
OverheadActual   9: 8388608 op, 27853695.00 ns, 3.3204 ns/op
OverheadActual  10: 8388608 op, 27789715.00 ns, 3.3128 ns/op
OverheadActual  11: 8388608 op, 27747715.00 ns, 3.3078 ns/op
OverheadActual  12: 8388608 op, 27777672.00 ns, 3.3114 ns/op
OverheadActual  13: 8388608 op, 27810974.00 ns, 3.3153 ns/op
OverheadActual  14: 8388608 op, 27753868.00 ns, 3.3085 ns/op
OverheadActual  15: 8388608 op, 27782832.00 ns, 3.3120 ns/op

WorkloadWarmup   1: 8388608 op, 637229574.00 ns, 75.9637 ns/op
WorkloadWarmup   2: 8388608 op, 637190100.00 ns, 75.9590 ns/op
WorkloadWarmup   3: 8388608 op, 628250516.00 ns, 74.8933 ns/op

// BeforeActualRun
WorkloadActual   1: 8388608 op, 632660987.00 ns, 75.4191 ns/op
WorkloadActual   2: 8388608 op, 654368838.00 ns, 78.0068 ns/op
WorkloadActual   3: 8388608 op, 672729975.00 ns, 80.1957 ns/op
WorkloadActual   4: 8388608 op, 631383982.00 ns, 75.2668 ns/op
WorkloadActual   5: 8388608 op, 635334536.00 ns, 75.7378 ns/op
WorkloadActual   6: 8388608 op, 634017487.00 ns, 75.5808 ns/op
WorkloadActual   7: 8388608 op, 637141944.00 ns, 75.9532 ns/op
WorkloadActual   8: 8388608 op, 637095536.00 ns, 75.9477 ns/op
WorkloadActual   9: 8388608 op, 633747943.00 ns, 75.5486 ns/op
WorkloadActual  10: 8388608 op, 640341482.00 ns, 76.3347 ns/op

// AfterActualRun
WorkloadResult   1: 8388608 op, 604868908.00 ns, 72.1060 ns/op
WorkloadResult   2: 8388608 op, 603591903.00 ns, 71.9538 ns/op
WorkloadResult   3: 8388608 op, 607542457.00 ns, 72.4247 ns/op
WorkloadResult   4: 8388608 op, 606225408.00 ns, 72.2677 ns/op
WorkloadResult   5: 8388608 op, 609349865.00 ns, 72.6402 ns/op
WorkloadResult   6: 8388608 op, 609303457.00 ns, 72.6346 ns/op
WorkloadResult   7: 8388608 op, 605955864.00 ns, 72.2356 ns/op
WorkloadResult   8: 8388608 op, 612549403.00 ns, 73.0216 ns/op
// GC:  64 0 0 1073741824 8388608
// Threading:  0 0 8388608

// AfterAll
// Benchmark Process 3488 has exited with code 0.

Mean = 72.411 ns, StdErr = 0.122 ns (0.17%), N = 8, StdDev = 0.344 ns
Min = 71.954 ns, Q1 = 72.203 ns, Median = 72.346 ns, Q3 = 72.636 ns, Max = 73.022 ns
IQR = 0.433 ns, LowerFence = 71.554 ns, UpperFence = 73.285 ns
ConfidenceInterval = [71.753 ns; 73.068 ns] (CI 99.9%), Margin = 0.658 ns (0.91% of Mean)
Skewness = 0.37, Kurtosis = 1.77, MValue = 2

// ** Remained 14 (58.3 %) benchmark(s) to run. Estimated finish 2026-09-24 9:41 (0h 2m from now) **
// **************************
// Benchmark: MaskingStrategyBenchmarks.Email_Long: Job-YFEFPZ(IterationCount=10, WarmupCount=3)
// *** Execute ***
// Launch: 1 / 1
// Execute: dotnet Encina.Security.PII.Benchmarks-Job-YFEFPZ-1.dll --anonymousPipes 164 165 --benchmarkName Encina.Security.PII.Benchmarks.MaskingStrategyBenchmarks.Email_Long --job "IterationCount=10, WarmupCount=3" --benchmarkId 10 in /home/runner/work/Encina/Encina/tests/Encina.BenchmarkTests/Encina.Security.PII.Benchmarks/bin/Release/net10.0/Encina.Security.PII.Benchmarks-Job-YFEFPZ-1/bin/Release/net10.0
// Failed to set up high priority (Permission denied). In order to run benchmarks with high priority, make sure you have the right permissions.
// BeforeAnythingElse

// Benchmark Process Environment Information:
// BenchmarkDotNet v0.15.8
// Runtime=.NET 10.0.12 (10.0.12, 10.0.1226.42308), X64 RyuJIT x86-64-v3
// GC=Concurrent Workstation
// HardwareIntrinsics=AVX2+BMI1+BMI2+F16C+FMA+LZCNT+MOVBE,AVX,SSE3+SSSE3+SSE4.1+SSE4.2+POPCNT,X86Base+SSE+SSE2,AES+PCLMUL VectorSize=256
// Job: Job-YFEFPZ(IterationCount=10, WarmupCount=3)

OverheadJitting  1: 1 op, 232705.00 ns, 232.7050 us/op
WorkloadJitting  1: 1 op, 3090374.00 ns, 3.0904 ms/op

OverheadJitting  2: 16 op, 423241.00 ns, 26.4526 us/op
WorkloadJitting  2: 16 op, 454019.00 ns, 28.3762 us/op

WorkloadPilot    1: 16 op, 22010.00 ns, 1.3756 us/op
WorkloadPilot    2: 32 op, 27311.00 ns, 853.4688 ns/op
WorkloadPilot    3: 64 op, 40275.00 ns, 629.2969 ns/op
WorkloadPilot    4: 128 op, 52709.00 ns, 411.7891 ns/op
WorkloadPilot    5: 256 op, 81182.00 ns, 317.1172 ns/op
WorkloadPilot    6: 512 op, 140633.00 ns, 274.6738 ns/op
WorkloadPilot    7: 1024 op, 198832.00 ns, 194.1719 ns/op
WorkloadPilot    8: 2048 op, 457845.00 ns, 223.5571 ns/op
WorkloadPilot    9: 4096 op, 975031.00 ns, 238.0447 ns/op
WorkloadPilot   10: 8192 op, 1916391.00 ns, 233.9344 ns/op
WorkloadPilot   11: 16384 op, 3158571.00 ns, 192.7839 ns/op
WorkloadPilot   12: 32768 op, 8631166.00 ns, 263.4023 ns/op
WorkloadPilot   13: 65536 op, 12662518.00 ns, 193.2147 ns/op
WorkloadPilot   14: 131072 op, 14991379.00 ns, 114.3751 ns/op
WorkloadPilot   15: 262144 op, 30323115.00 ns, 115.6735 ns/op
WorkloadPilot   16: 524288 op, 59417914.00 ns, 113.3307 ns/op
WorkloadPilot   17: 1048576 op, 118629803.00 ns, 113.1342 ns/op
WorkloadPilot   18: 2097152 op, 238932814.00 ns, 113.9320 ns/op
WorkloadPilot   19: 4194304 op, 470518972.00 ns, 112.1805 ns/op
WorkloadPilot   20: 8388608 op, 934310253.00 ns, 111.3785 ns/op

OverheadWarmup   1: 8388608 op, 27816441.00 ns, 3.3160 ns/op
OverheadWarmup   2: 8388608 op, 27991636.00 ns, 3.3369 ns/op
OverheadWarmup   3: 8388608 op, 27813426.00 ns, 3.3156 ns/op
OverheadWarmup   4: 8388608 op, 27812594.00 ns, 3.3155 ns/op
OverheadWarmup   5: 8388608 op, 27796955.00 ns, 3.3137 ns/op
OverheadWarmup   6: 8388608 op, 27739899.00 ns, 3.3069 ns/op
OverheadWarmup   7: 8388608 op, 28945672.00 ns, 3.4506 ns/op
OverheadWarmup   8: 8388608 op, 29774089.00 ns, 3.5493 ns/op
OverheadWarmup   9: 8388608 op, 28428054.00 ns, 3.3889 ns/op

OverheadActual   1: 8388608 op, 28334149.00 ns, 3.3777 ns/op
OverheadActual   2: 8388608 op, 28061279.00 ns, 3.3452 ns/op
OverheadActual   3: 8388608 op, 28245093.00 ns, 3.3671 ns/op
OverheadActual   4: 8388608 op, 30022273.00 ns, 3.5789 ns/op
OverheadActual   5: 8388608 op, 27955631.00 ns, 3.3326 ns/op
OverheadActual   6: 8388608 op, 28687719.00 ns, 3.4198 ns/op
OverheadActual   7: 8388608 op, 27747152.00 ns, 3.3077 ns/op
OverheadActual   8: 8388608 op, 27756569.00 ns, 3.3088 ns/op
OverheadActual   9: 8388608 op, 27845125.00 ns, 3.3194 ns/op
OverheadActual  10: 8388608 op, 27774313.00 ns, 3.3110 ns/op
OverheadActual  11: 8388608 op, 28016224.00 ns, 3.3398 ns/op
OverheadActual  12: 8388608 op, 28034499.00 ns, 3.3420 ns/op
OverheadActual  13: 8388608 op, 27774223.00 ns, 3.3109 ns/op
OverheadActual  14: 8388608 op, 27787658.00 ns, 3.3125 ns/op
OverheadActual  15: 8388608 op, 27764865.00 ns, 3.3098 ns/op

WorkloadWarmup   1: 8388608 op, 955269954.00 ns, 113.8771 ns/op
WorkloadWarmup   2: 8388608 op, 947291053.00 ns, 112.9259 ns/op
WorkloadWarmup   3: 8388608 op, 952311285.00 ns, 113.5244 ns/op

// BeforeActualRun
WorkloadActual   1: 8388608 op, 955617453.00 ns, 113.9185 ns/op
WorkloadActual   2: 8388608 op, 982860887.00 ns, 117.1661 ns/op
WorkloadActual   3: 8388608 op, 944918582.00 ns, 112.6431 ns/op
WorkloadActual   4: 8388608 op, 942657518.00 ns, 112.3735 ns/op
WorkloadActual   5: 8388608 op, 945113156.00 ns, 112.6663 ns/op
WorkloadActual   6: 8388608 op, 945720731.00 ns, 112.7387 ns/op
WorkloadActual   7: 8388608 op, 928195286.00 ns, 110.6495 ns/op
WorkloadActual   8: 8388608 op, 935378735.00 ns, 111.5058 ns/op
WorkloadActual   9: 8388608 op, 957769268.00 ns, 114.1750 ns/op
WorkloadActual  10: 8388608 op, 966170437.00 ns, 115.1765 ns/op

// AfterActualRun
WorkloadResult   1: 8388608 op, 927661822.00 ns, 110.5859 ns/op
WorkloadResult   2: 8388608 op, 916962951.00 ns, 109.3105 ns/op
WorkloadResult   3: 8388608 op, 914701887.00 ns, 109.0410 ns/op
WorkloadResult   4: 8388608 op, 917157525.00 ns, 109.3337 ns/op
WorkloadResult   5: 8388608 op, 917765100.00 ns, 109.4061 ns/op
WorkloadResult   6: 8388608 op, 900239655.00 ns, 107.3169 ns/op
WorkloadResult   7: 8388608 op, 907423104.00 ns, 108.1733 ns/op
WorkloadResult   8: 8388608 op, 929813637.00 ns, 110.8424 ns/op
WorkloadResult   9: 8388608 op, 938214806.00 ns, 111.8439 ns/op
// GC:  164 0 0 2751463424 8388608
// Threading:  0 0 8388608

// AfterAll
// Benchmark Process 3499 has exited with code 0.

Mean = 109.539 ns, StdErr = 0.461 ns (0.42%), N = 9, StdDev = 1.382 ns
Min = 107.317 ns, Q1 = 109.041 ns, Median = 109.334 ns, Q3 = 110.586 ns, Max = 111.844 ns
IQR = 1.545 ns, LowerFence = 106.724 ns, UpperFence = 112.903 ns
ConfidenceInterval = [107.218 ns; 111.861 ns] (CI 99.9%), Margin = 2.322 ns (2.12% of Mean)
Skewness = 0.08, Kurtosis = 1.84, MValue = 2

// ** Remained 13 (54.2 %) benchmark(s) to run. Estimated finish 2026-09-24 9:42 (0h 2m from now) **
// **************************
// Benchmark: MaskingStrategyBenchmarks.RegexPattern: Job-YFEFPZ(IterationCount=10, WarmupCount=3)
// *** Execute ***
// Launch: 1 / 1
// Execute: dotnet Encina.Security.PII.Benchmarks-Job-YFEFPZ-1.dll --anonymousPipes 164 165 --benchmarkName Encina.Security.PII.Benchmarks.MaskingStrategyBenchmarks.RegexPattern --job "IterationCount=10, WarmupCount=3" --benchmarkId 11 in /home/runner/work/Encina/Encina/tests/Encina.BenchmarkTests/Encina.Security.PII.Benchmarks/bin/Release/net10.0/Encina.Security.PII.Benchmarks-Job-YFEFPZ-1/bin/Release/net10.0
// Failed to set up high priority (Permission denied). In order to run benchmarks with high priority, make sure you have the right permissions.
// BeforeAnythingElse

// Benchmark Process Environment Information:
// BenchmarkDotNet v0.15.8
// Runtime=.NET 10.0.12 (10.0.12, 10.0.1226.42308), X64 RyuJIT x86-64-v3
// GC=Concurrent Workstation
// HardwareIntrinsics=AVX2+BMI1+BMI2+F16C+FMA+LZCNT+MOVBE,AVX,SSE3+SSSE3+SSE4.1+SSE4.2+POPCNT,X86Base+SSE+SSE2,AES+PCLMUL VectorSize=256
// Job: Job-YFEFPZ(IterationCount=10, WarmupCount=3)

OverheadJitting  1: 1 op, 232795.00 ns, 232.7950 us/op
WorkloadJitting  1: 1 op, 15723053.00 ns, 15.7231 ms/op

OverheadJitting  2: 16 op, 477332.00 ns, 29.8333 us/op
WorkloadJitting  2: 16 op, 577720.00 ns, 36.1075 us/op

WorkloadPilot    1: 16 op, 40766.00 ns, 2.5479 us/op
WorkloadPilot    2: 32 op, 84808.00 ns, 2.6503 us/op
WorkloadPilot    3: 64 op, 67537.00 ns, 1.0553 us/op
WorkloadPilot    4: 128 op, 122920.00 ns, 960.3125 ns/op
WorkloadPilot    5: 256 op, 226423.00 ns, 884.4648 ns/op
WorkloadPilot    6: 512 op, 422249.00 ns, 824.7051 ns/op
WorkloadPilot    7: 1024 op, 713283.00 ns, 696.5654 ns/op
WorkloadPilot    8: 2048 op, 1577047.00 ns, 770.0425 ns/op
WorkloadPilot    9: 4096 op, 3238402.00 ns, 790.6255 ns/op
WorkloadPilot   10: 8192 op, 6302768.00 ns, 769.3809 ns/op
WorkloadPilot   11: 16384 op, 11752964.00 ns, 717.3440 ns/op
WorkloadPilot   12: 32768 op, 25420285.00 ns, 775.7655 ns/op
WorkloadPilot   13: 65536 op, 42669871.00 ns, 651.0906 ns/op
WorkloadPilot   14: 131072 op, 77928912.00 ns, 594.5504 ns/op
WorkloadPilot   15: 262144 op, 156066445.00 ns, 595.3462 ns/op
WorkloadPilot   16: 524288 op, 310967512.00 ns, 593.1235 ns/op
WorkloadPilot   17: 1048576 op, 624432352.00 ns, 595.5051 ns/op

OverheadWarmup   1: 1048576 op, 3433136.00 ns, 3.2741 ns/op
OverheadWarmup   2: 1048576 op, 3450338.00 ns, 3.2905 ns/op
OverheadWarmup   3: 1048576 op, 3445329.00 ns, 3.2857 ns/op
OverheadWarmup   4: 1048576 op, 3457031.00 ns, 3.2969 ns/op
OverheadWarmup   5: 1048576 op, 3590389.00 ns, 3.4241 ns/op
OverheadWarmup   6: 1048576 op, 3483360.00 ns, 3.3220 ns/op

OverheadActual   1: 1048576 op, 3452462.00 ns, 3.2925 ns/op
OverheadActual   2: 1048576 op, 3463121.00 ns, 3.3027 ns/op
OverheadActual   3: 1048576 op, 3447612.00 ns, 3.2879 ns/op
OverheadActual   4: 1048576 op, 3485594.00 ns, 3.3241 ns/op
OverheadActual   5: 1048576 op, 3522062.00 ns, 3.3589 ns/op
OverheadActual   6: 1048576 op, 3452622.00 ns, 3.2927 ns/op
OverheadActual   7: 1048576 op, 3439888.00 ns, 3.2805 ns/op
OverheadActual   8: 1048576 op, 3440820.00 ns, 3.2814 ns/op
OverheadActual   9: 1048576 op, 3442123.00 ns, 3.2827 ns/op
OverheadActual  10: 1048576 op, 3444998.00 ns, 3.2854 ns/op
OverheadActual  11: 1048576 op, 3442774.00 ns, 3.2833 ns/op
OverheadActual  12: 1048576 op, 3445078.00 ns, 3.2855 ns/op
OverheadActual  13: 1048576 op, 3451450.00 ns, 3.2916 ns/op
OverheadActual  14: 1048576 op, 3456199.00 ns, 3.2961 ns/op
OverheadActual  15: 1048576 op, 3459745.00 ns, 3.2995 ns/op

WorkloadWarmup   1: 1048576 op, 631441310.00 ns, 602.1894 ns/op
WorkloadWarmup   2: 1048576 op, 628342418.00 ns, 599.2340 ns/op
WorkloadWarmup   3: 1048576 op, 624292250.00 ns, 595.3715 ns/op

// BeforeActualRun
WorkloadActual   1: 1048576 op, 623624510.00 ns, 594.7347 ns/op
WorkloadActual   2: 1048576 op, 623099108.00 ns, 594.2336 ns/op
WorkloadActual   3: 1048576 op, 621639560.00 ns, 592.8417 ns/op
WorkloadActual   4: 1048576 op, 621528873.00 ns, 592.7361 ns/op
WorkloadActual   5: 1048576 op, 624082817.00 ns, 595.1718 ns/op
WorkloadActual   6: 1048576 op, 624673291.00 ns, 595.7349 ns/op
WorkloadActual   7: 1048576 op, 622628889.00 ns, 593.7852 ns/op
WorkloadActual   8: 1048576 op, 627094446.00 ns, 598.0439 ns/op
WorkloadActual   9: 1048576 op, 624199464.00 ns, 595.2830 ns/op
WorkloadActual  10: 1048576 op, 622644609.00 ns, 593.8002 ns/op

// AfterActualRun
WorkloadResult   1: 1048576 op, 620173060.00 ns, 591.4431 ns/op
WorkloadResult   2: 1048576 op, 619647658.00 ns, 590.9421 ns/op
WorkloadResult   3: 1048576 op, 618188110.00 ns, 589.5501 ns/op
WorkloadResult   4: 1048576 op, 618077423.00 ns, 589.4446 ns/op
WorkloadResult   5: 1048576 op, 620631367.00 ns, 591.8802 ns/op
WorkloadResult   6: 1048576 op, 621221841.00 ns, 592.4433 ns/op
WorkloadResult   7: 1048576 op, 619177439.00 ns, 590.4936 ns/op
WorkloadResult   8: 1048576 op, 620748014.00 ns, 591.9914 ns/op
WorkloadResult   9: 1048576 op, 619193159.00 ns, 590.5086 ns/op
// GC:  26 0 0 436207616 1048576
// Threading:  0 0 1048576

// AfterAll
// Benchmark Process 3570 has exited with code 0.

Mean = 590.966 ns, StdErr = 0.355 ns (0.06%), N = 9, StdDev = 1.064 ns
Min = 589.445 ns, Q1 = 590.494 ns, Median = 590.942 ns, Q3 = 591.880 ns, Max = 592.443 ns
IQR = 1.387 ns, LowerFence = 588.414 ns, UpperFence = 593.960 ns
ConfidenceInterval = [589.179 ns; 592.754 ns] (CI 99.9%), Margin = 1.787 ns (0.30% of Mean)
Skewness = -0.13, Kurtosis = 1.4, MValue = 2

// ** Remained 12 (50.0 %) benchmark(s) to run. Estimated finish 2026-09-24 9:41 (0h 2m from now) **
// **************************
// Benchmark: MaskingStrategyBenchmarks.Email_Partial: ShortRun(IterationCount=3, LaunchCount=1, WarmupCount=3)
// *** Execute ***
// Launch: 1 / 1
// Execute: dotnet Encina.Security.PII.Benchmarks-Job-YFEFPZ-1.dll --anonymousPipes 164 165 --benchmarkName Encina.Security.PII.Benchmarks.MaskingStrategyBenchmarks.Email_Partial --job ShortRun --benchmarkId 12 in /home/runner/work/Encina/Encina/tests/Encina.BenchmarkTests/Encina.Security.PII.Benchmarks/bin/Release/net10.0/Encina.Security.PII.Benchmarks-Job-YFEFPZ-1/bin/Release/net10.0
// Failed to set up high priority (Permission denied). In order to run benchmarks with high priority, make sure you have the right permissions.
// BeforeAnythingElse

// Benchmark Process Environment Information:
// BenchmarkDotNet v0.15.8
// Runtime=.NET 10.0.12 (10.0.12, 10.0.1226.42308), X64 RyuJIT x86-64-v3
// GC=Concurrent Workstation
// HardwareIntrinsics=AVX2+BMI1+BMI2+F16C+FMA+LZCNT+MOVBE,AVX,SSE3+SSSE3+SSE4.1+SSE4.2+POPCNT,X86Base+SSE+SSE2,AES+PCLMUL VectorSize=256
// Job: ShortRun(IterationCount=3, LaunchCount=1, WarmupCount=3)

OverheadJitting  1: 1 op, 235029.00 ns, 235.0290 us/op
WorkloadJitting  1: 1 op, 3116445.00 ns, 3.1164 ms/op

OverheadJitting  2: 16 op, 454340.00 ns, 28.3963 us/op
WorkloadJitting  2: 16 op, 495437.00 ns, 30.9648 us/op

WorkloadPilot    1: 16 op, 6963.00 ns, 435.1875 ns/op
WorkloadPilot    2: 32 op, 27612.00 ns, 862.8750 ns/op
WorkloadPilot    3: 64 op, 37289.00 ns, 582.6406 ns/op
WorkloadPilot    4: 128 op, 55724.00 ns, 435.3438 ns/op
WorkloadPilot    5: 256 op, 73297.00 ns, 286.3164 ns/op
WorkloadPilot    6: 512 op, 121908.00 ns, 238.1016 ns/op
WorkloadPilot    7: 1024 op, 237113.00 ns, 231.5557 ns/op
WorkloadPilot    8: 2048 op, 332892.00 ns, 162.5449 ns/op
WorkloadPilot    9: 4096 op, 731176.00 ns, 178.5098 ns/op
WorkloadPilot   10: 8192 op, 1531262.00 ns, 186.9216 ns/op
WorkloadPilot   11: 16384 op, 3103111.00 ns, 189.3989 ns/op
WorkloadPilot   12: 32768 op, 6422746.00 ns, 196.0067 ns/op
WorkloadPilot   13: 65536 op, 12462796.00 ns, 190.1672 ns/op
WorkloadPilot   14: 131072 op, 15156842.00 ns, 115.6375 ns/op
WorkloadPilot   15: 262144 op, 27366234.00 ns, 104.3939 ns/op
WorkloadPilot   16: 524288 op, 56326457.00 ns, 107.4342 ns/op
WorkloadPilot   17: 1048576 op, 109145690.00 ns, 104.0894 ns/op
WorkloadPilot   18: 2097152 op, 215938343.00 ns, 102.9674 ns/op
WorkloadPilot   19: 4194304 op, 431274170.00 ns, 102.8238 ns/op
WorkloadPilot   20: 8388608 op, 858705794.00 ns, 102.3657 ns/op

OverheadWarmup   1: 8388608 op, 27727200.00 ns, 3.3053 ns/op
OverheadWarmup   2: 8388608 op, 27738812.00 ns, 3.3067 ns/op
OverheadWarmup   3: 8388608 op, 27712022.00 ns, 3.3035 ns/op
OverheadWarmup   4: 8388608 op, 27759160.00 ns, 3.3091 ns/op
OverheadWarmup   5: 8388608 op, 27845501.00 ns, 3.3194 ns/op
OverheadWarmup   6: 8388608 op, 27743661.00 ns, 3.3073 ns/op

OverheadActual   1: 8388608 op, 27740595.00 ns, 3.3069 ns/op
OverheadActual   2: 8388608 op, 27771013.00 ns, 3.3106 ns/op
OverheadActual   3: 8388608 op, 27729815.00 ns, 3.3057 ns/op
OverheadActual   4: 8388608 op, 27829140.00 ns, 3.3175 ns/op
OverheadActual   5: 8388608 op, 27754261.00 ns, 3.3086 ns/op
OverheadActual   6: 8388608 op, 27786230.00 ns, 3.3124 ns/op
OverheadActual   7: 8388608 op, 27769429.00 ns, 3.3104 ns/op
OverheadActual   8: 8388608 op, 27822618.00 ns, 3.3167 ns/op
OverheadActual   9: 8388608 op, 27788124.00 ns, 3.3126 ns/op
OverheadActual  10: 8388608 op, 27742559.00 ns, 3.3072 ns/op
OverheadActual  11: 8388608 op, 27784738.00 ns, 3.3122 ns/op
OverheadActual  12: 8388608 op, 27736638.00 ns, 3.3065 ns/op
OverheadActual  13: 8388608 op, 27798313.00 ns, 3.3138 ns/op
OverheadActual  14: 8388608 op, 27794826.00 ns, 3.3134 ns/op
OverheadActual  15: 8388608 op, 27846303.00 ns, 3.3195 ns/op

WorkloadWarmup   1: 8388608 op, 866941823.00 ns, 103.3475 ns/op
WorkloadWarmup   2: 8388608 op, 865550914.00 ns, 103.1817 ns/op
WorkloadWarmup   3: 8388608 op, 886277793.00 ns, 105.6525 ns/op

// BeforeActualRun
WorkloadActual   1: 8388608 op, 869417829.00 ns, 103.6427 ns/op
WorkloadActual   2: 8388608 op, 872290997.00 ns, 103.9852 ns/op
WorkloadActual   3: 8388608 op, 869601552.00 ns, 103.6646 ns/op

// AfterActualRun
WorkloadResult   1: 8388608 op, 841633091.00 ns, 100.3305 ns/op
WorkloadResult   2: 8388608 op, 844506259.00 ns, 100.6730 ns/op
WorkloadResult   3: 8388608 op, 841816814.00 ns, 100.3524 ns/op
// GC:  112 0 0 1879048192 8388608
// Threading:  0 0 8388608

// AfterAll
// Benchmark Process 3577 has exited with code 0.

Mean = 100.452 ns, StdErr = 0.111 ns (0.11%), N = 3, StdDev = 0.192 ns
Min = 100.330 ns, Q1 = 100.341 ns, Median = 100.352 ns, Q3 = 100.513 ns, Max = 100.673 ns
IQR = 0.171 ns, LowerFence = 100.085 ns, UpperFence = 100.770 ns
ConfidenceInterval = [96.954 ns; 103.950 ns] (CI 99.9%), Margin = 3.498 ns (3.48% of Mean)
Skewness = 0.38, Kurtosis = 0.67, MValue = 2

// ** Remained 11 (45.8 %) benchmark(s) to run. Estimated finish 2026-09-24 9:41 (0h 2m from now) **
// **************************
// Benchmark: MaskingStrategyBenchmarks.Phone_Partial: ShortRun(IterationCount=3, LaunchCount=1, WarmupCount=3)
// *** Execute ***
// Launch: 1 / 1
// Execute: dotnet Encina.Security.PII.Benchmarks-Job-YFEFPZ-1.dll --anonymousPipes 164 165 --benchmarkName Encina.Security.PII.Benchmarks.MaskingStrategyBenchmarks.Phone_Partial --job ShortRun --benchmarkId 13 in /home/runner/work/Encina/Encina/tests/Encina.BenchmarkTests/Encina.Security.PII.Benchmarks/bin/Release/net10.0/Encina.Security.PII.Benchmarks-Job-YFEFPZ-1/bin/Release/net10.0
// Failed to set up high priority (Permission denied). In order to run benchmarks with high priority, make sure you have the right permissions.
// BeforeAnythingElse

// Benchmark Process Environment Information:
// BenchmarkDotNet v0.15.8
// Runtime=.NET 10.0.12 (10.0.12, 10.0.1226.42308), X64 RyuJIT x86-64-v3
// GC=Concurrent Workstation
// HardwareIntrinsics=AVX2+BMI1+BMI2+F16C+FMA+LZCNT+MOVBE,AVX,SSE3+SSSE3+SSE4.1+SSE4.2+POPCNT,X86Base+SSE+SSE2,AES+PCLMUL VectorSize=256
// Job: ShortRun(IterationCount=3, LaunchCount=1, WarmupCount=3)

OverheadJitting  1: 1 op, 232715.00 ns, 232.7150 us/op
WorkloadJitting  1: 1 op, 4951222.00 ns, 4.9512 ms/op

OverheadJitting  2: 16 op, 426377.00 ns, 26.6486 us/op
WorkloadJitting  2: 16 op, 555357.00 ns, 34.7098 us/op

WorkloadPilot    1: 16 op, 34925.00 ns, 2.1828 us/op
WorkloadPilot    2: 32 op, 38963.00 ns, 1.2176 us/op
WorkloadPilot    3: 64 op, 63850.00 ns, 997.6563 ns/op
WorkloadPilot    4: 128 op, 117599.00 ns, 918.7422 ns/op
WorkloadPilot    5: 256 op, 196176.00 ns, 766.3125 ns/op
WorkloadPilot    6: 512 op, 363509.00 ns, 709.9785 ns/op
WorkloadPilot    7: 1024 op, 617714.00 ns, 603.2363 ns/op
WorkloadPilot    8: 2048 op, 1315548.00 ns, 642.3574 ns/op
WorkloadPilot    9: 4096 op, 2588376.00 ns, 631.9277 ns/op
WorkloadPilot   10: 8192 op, 5175720.00 ns, 631.8018 ns/op
WorkloadPilot   11: 16384 op, 10219205.00 ns, 623.7308 ns/op
WorkloadPilot   12: 32768 op, 20675844.00 ns, 630.9767 ns/op
WorkloadPilot   13: 65536 op, 28287537.00 ns, 431.6336 ns/op
WorkloadPilot   14: 131072 op, 56094947.00 ns, 427.9705 ns/op
WorkloadPilot   15: 262144 op, 114244379.00 ns, 435.8077 ns/op
WorkloadPilot   16: 524288 op, 228117664.00 ns, 435.0999 ns/op
WorkloadPilot   17: 1048576 op, 449862069.00 ns, 429.0219 ns/op
WorkloadPilot   18: 2097152 op, 893189768.00 ns, 425.9061 ns/op

OverheadWarmup   1: 2097152 op, 6998998.00 ns, 3.3374 ns/op
OverheadWarmup   2: 2097152 op, 7015398.00 ns, 3.3452 ns/op
OverheadWarmup   3: 2097152 op, 6972469.00 ns, 3.3247 ns/op
OverheadWarmup   4: 2097152 op, 7049472.00 ns, 3.3615 ns/op
OverheadWarmup   5: 2097152 op, 6945778.00 ns, 3.3120 ns/op

OverheadActual   1: 2097152 op, 6968741.00 ns, 3.3230 ns/op
OverheadActual   2: 2097152 op, 6961999.00 ns, 3.3197 ns/op
OverheadActual   3: 2097152 op, 6972729.00 ns, 3.3249 ns/op
OverheadActual   4: 2097152 op, 6968100.00 ns, 3.3226 ns/op
OverheadActual   5: 2097152 op, 6959664.00 ns, 3.3186 ns/op
OverheadActual   6: 2097152 op, 6934036.00 ns, 3.3064 ns/op
OverheadActual   7: 2097152 op, 6948634.00 ns, 3.3134 ns/op
OverheadActual   8: 2097152 op, 6960195.00 ns, 3.3189 ns/op
OverheadActual   9: 2097152 op, 6944997.00 ns, 3.3116 ns/op
OverheadActual  10: 2097152 op, 6949115.00 ns, 3.3136 ns/op
OverheadActual  11: 2097152 op, 6947352.00 ns, 3.3128 ns/op
OverheadActual  12: 2097152 op, 6956709.00 ns, 3.3172 ns/op
OverheadActual  13: 2097152 op, 6969323.00 ns, 3.3232 ns/op
OverheadActual  14: 2097152 op, 7000230.00 ns, 3.3380 ns/op
OverheadActual  15: 2097152 op, 6945298.00 ns, 3.3118 ns/op

WorkloadWarmup   1: 2097152 op, 906810980.00 ns, 432.4012 ns/op
WorkloadWarmup   2: 2097152 op, 915482001.00 ns, 436.5358 ns/op
WorkloadWarmup   3: 2097152 op, 903940035.00 ns, 431.0322 ns/op

// BeforeActualRun
WorkloadActual   1: 2097152 op, 904587636.00 ns, 431.3410 ns/op
WorkloadActual   2: 2097152 op, 903781439.00 ns, 430.9566 ns/op
WorkloadActual   3: 2097152 op, 897611911.00 ns, 428.0147 ns/op

// AfterActualRun
WorkloadResult   1: 2097152 op, 897627972.00 ns, 428.0224 ns/op
WorkloadResult   2: 2097152 op, 896821775.00 ns, 427.6379 ns/op
WorkloadResult   3: 2097152 op, 890652247.00 ns, 424.6961 ns/op
// GC:  65 0 0 1090519040 2097152
// Threading:  0 0 2097152

// AfterAll
// Benchmark Process 3587 has exited with code 0.

Mean = 426.785 ns, StdErr = 1.051 ns (0.25%), N = 3, StdDev = 1.820 ns
Min = 424.696 ns, Q1 = 426.167 ns, Median = 427.638 ns, Q3 = 427.830 ns, Max = 428.022 ns
IQR = 1.663 ns, LowerFence = 423.672 ns, UpperFence = 430.325 ns
ConfidenceInterval = [393.588 ns; 459.982 ns] (CI 99.9%), Margin = 33.197 ns (7.78% of Mean)
Skewness = -0.37, Kurtosis = 0.67, MValue = 2

// ** Remained 10 (41.7 %) benchmark(s) to run. Estimated finish 2026-09-24 9:41 (0h 2m from now) **
// **************************
// Benchmark: MaskingStrategyBenchmarks.CreditCard_Partial: ShortRun(IterationCount=3, LaunchCount=1, WarmupCount=3)
// *** Execute ***
// Launch: 1 / 1
// Execute: dotnet Encina.Security.PII.Benchmarks-Job-YFEFPZ-1.dll --anonymousPipes 164 165 --benchmarkName Encina.Security.PII.Benchmarks.MaskingStrategyBenchmarks.CreditCard_Partial --job ShortRun --benchmarkId 14 in /home/runner/work/Encina/Encina/tests/Encina.BenchmarkTests/Encina.Security.PII.Benchmarks/bin/Release/net10.0/Encina.Security.PII.Benchmarks-Job-YFEFPZ-1/bin/Release/net10.0
// Failed to set up high priority (Permission denied). In order to run benchmarks with high priority, make sure you have the right permissions.
// BeforeAnythingElse

// Benchmark Process Environment Information:
// BenchmarkDotNet v0.15.8
// Runtime=.NET 10.0.12 (10.0.12, 10.0.1226.42308), X64 RyuJIT x86-64-v3
// GC=Concurrent Workstation
// HardwareIntrinsics=AVX2+BMI1+BMI2+F16C+FMA+LZCNT+MOVBE,AVX,SSE3+SSSE3+SSE4.1+SSE4.2+POPCNT,X86Base+SSE+SSE2,AES+PCLMUL VectorSize=256
// Job: ShortRun(IterationCount=3, LaunchCount=1, WarmupCount=3)

OverheadJitting  1: 1 op, 244407.00 ns, 244.4070 us/op
WorkloadJitting  1: 1 op, 4988451.00 ns, 4.9885 ms/op

OverheadJitting  2: 16 op, 450883.00 ns, 28.1802 us/op
WorkloadJitting  2: 16 op, 522547.00 ns, 32.6592 us/op

WorkloadPilot    1: 16 op, 34845.00 ns, 2.1778 us/op
WorkloadPilot    2: 32 op, 49342.00 ns, 1.5419 us/op
WorkloadPilot    3: 64 op, 64841.00 ns, 1.0131 us/op
WorkloadPilot    4: 128 op, 125985.00 ns, 984.2578 ns/op
WorkloadPilot    5: 256 op, 227526.00 ns, 888.7734 ns/op
WorkloadPilot    6: 512 op, 368528.00 ns, 719.7813 ns/op
WorkloadPilot    7: 1024 op, 695289.00 ns, 678.9932 ns/op
WorkloadPilot    8: 2048 op, 1485286.00 ns, 725.2373 ns/op
WorkloadPilot    9: 4096 op, 3024421.00 ns, 738.3840 ns/op
WorkloadPilot   10: 8192 op, 5861653.00 ns, 715.5338 ns/op
WorkloadPilot   11: 16384 op, 11909183.00 ns, 726.8788 ns/op
WorkloadPilot   12: 32768 op, 23413810.00 ns, 714.5328 ns/op
WorkloadPilot   13: 65536 op, 34346620.00 ns, 524.0878 ns/op
WorkloadPilot   14: 131072 op, 67685799.00 ns, 516.4017 ns/op
WorkloadPilot   15: 262144 op, 137493457.00 ns, 524.4959 ns/op
WorkloadPilot   16: 524288 op, 270115092.00 ns, 515.2037 ns/op
WorkloadPilot   17: 1048576 op, 543556128.00 ns, 518.3755 ns/op

OverheadWarmup   1: 1048576 op, 3472037.00 ns, 3.3112 ns/op
OverheadWarmup   2: 1048576 op, 3503246.00 ns, 3.3410 ns/op
OverheadWarmup   3: 1048576 op, 3500511.00 ns, 3.3383 ns/op
OverheadWarmup   4: 1048576 op, 3498758.00 ns, 3.3367 ns/op
OverheadWarmup   5: 1048576 op, 3486866.00 ns, 3.3253 ns/op
OverheadWarmup   6: 1048576 op, 3487226.00 ns, 3.3257 ns/op
OverheadWarmup   7: 1048576 op, 3461458.00 ns, 3.3011 ns/op

OverheadActual   1: 1048576 op, 3475886.00 ns, 3.3149 ns/op
OverheadActual   2: 1048576 op, 3502625.00 ns, 3.3404 ns/op
OverheadActual   3: 1048576 op, 3471026.00 ns, 3.3102 ns/op
OverheadActual   4: 1048576 op, 3467700.00 ns, 3.3071 ns/op
OverheadActual   5: 1048576 op, 3491264.00 ns, 3.3295 ns/op
OverheadActual   6: 1048576 op, 3486866.00 ns, 3.3253 ns/op
OverheadActual   7: 1048576 op, 3486214.00 ns, 3.3247 ns/op
OverheadActual   8: 1048576 op, 3488719.00 ns, 3.3271 ns/op
OverheadActual   9: 1048576 op, 3461148.00 ns, 3.3008 ns/op
OverheadActual  10: 1048576 op, 3473511.00 ns, 3.3126 ns/op
OverheadActual  11: 1048576 op, 3474793.00 ns, 3.3138 ns/op
OverheadActual  12: 1048576 op, 3477828.00 ns, 3.3167 ns/op
OverheadActual  13: 1048576 op, 3478950.00 ns, 3.3178 ns/op
OverheadActual  14: 1048576 op, 3477959.00 ns, 3.3168 ns/op
OverheadActual  15: 1048576 op, 3529916.00 ns, 3.3664 ns/op

WorkloadWarmup   1: 1048576 op, 549266118.00 ns, 523.8210 ns/op
WorkloadWarmup   2: 1048576 op, 545926158.00 ns, 520.6358 ns/op
WorkloadWarmup   3: 1048576 op, 566044950.00 ns, 539.8225 ns/op

// BeforeActualRun
WorkloadActual   1: 1048576 op, 544071682.00 ns, 518.8672 ns/op
WorkloadActual   2: 1048576 op, 540689792.00 ns, 515.6420 ns/op
WorkloadActual   3: 1048576 op, 540134225.00 ns, 515.1121 ns/op

// AfterActualRun
WorkloadResult   1: 1048576 op, 540593723.00 ns, 515.5503 ns/op
WorkloadResult   2: 1048576 op, 537211833.00 ns, 512.3251 ns/op
WorkloadResult   3: 1048576 op, 536656266.00 ns, 511.7953 ns/op
// GC:  34 0 0 570425344 1048576
// Threading:  0 0 1048576

// AfterAll
// Benchmark Process 3595 has exited with code 0.

Mean = 513.224 ns, StdErr = 1.173 ns (0.23%), N = 3, StdDev = 2.032 ns
Min = 511.795 ns, Q1 = 512.060 ns, Median = 512.325 ns, Q3 = 513.938 ns, Max = 515.550 ns
IQR = 1.878 ns, LowerFence = 509.244 ns, UpperFence = 516.754 ns
ConfidenceInterval = [476.146 ns; 550.302 ns] (CI 99.9%), Margin = 37.078 ns (7.22% of Mean)
Skewness = 0.36, Kurtosis = 0.67, MValue = 2

// ** Remained 9 (37.5 %) benchmark(s) to run. Estimated finish 2026-09-24 9:41 (0h 1m from now) **
// **************************
// Benchmark: MaskingStrategyBenchmarks.SSN_Partial: ShortRun(IterationCount=3, LaunchCount=1, WarmupCount=3)
// *** Execute ***
// Launch: 1 / 1
// Execute: dotnet Encina.Security.PII.Benchmarks-Job-YFEFPZ-1.dll --anonymousPipes 164 165 --benchmarkName Encina.Security.PII.Benchmarks.MaskingStrategyBenchmarks.SSN_Partial --job ShortRun --benchmarkId 15 in /home/runner/work/Encina/Encina/tests/Encina.BenchmarkTests/Encina.Security.PII.Benchmarks/bin/Release/net10.0/Encina.Security.PII.Benchmarks-Job-YFEFPZ-1/bin/Release/net10.0
// Failed to set up high priority (Permission denied). In order to run benchmarks with high priority, make sure you have the right permissions.
// BeforeAnythingElse

// Benchmark Process Environment Information:
// BenchmarkDotNet v0.15.8
// Runtime=.NET 10.0.12 (10.0.12, 10.0.1226.42308), X64 RyuJIT x86-64-v3
// GC=Concurrent Workstation
// HardwareIntrinsics=AVX2+BMI1+BMI2+F16C+FMA+LZCNT+MOVBE,AVX,SSE3+SSSE3+SSE4.1+SSE4.2+POPCNT,X86Base+SSE+SSE2,AES+PCLMUL VectorSize=256
// Job: ShortRun(IterationCount=3, LaunchCount=1, WarmupCount=3)

OverheadJitting  1: 1 op, 269373.00 ns, 269.3730 us/op
WorkloadJitting  1: 1 op, 4918080.00 ns, 4.9181 ms/op

OverheadJitting  2: 16 op, 446184.00 ns, 27.8865 us/op
WorkloadJitting  2: 16 op, 566749.00 ns, 35.4218 us/op

WorkloadPilot    1: 16 op, 50153.00 ns, 3.1346 us/op
WorkloadPilot    2: 32 op, 70893.00 ns, 2.2154 us/op
WorkloadPilot    3: 64 op, 83736.00 ns, 1.3084 us/op
WorkloadPilot    4: 128 op, 127579.00 ns, 996.7109 ns/op
WorkloadPilot    5: 256 op, 252471.00 ns, 986.2148 ns/op
WorkloadPilot    6: 512 op, 401100.00 ns, 783.3984 ns/op
WorkloadPilot    7: 1024 op, 600642.00 ns, 586.5645 ns/op
WorkloadPilot    8: 2048 op, 1283819.00 ns, 626.8647 ns/op
WorkloadPilot    9: 4096 op, 2558451.00 ns, 624.6218 ns/op
WorkloadPilot   10: 8192 op, 5094219.00 ns, 621.8529 ns/op
WorkloadPilot   11: 16384 op, 10300207.00 ns, 628.6747 ns/op
WorkloadPilot   12: 32768 op, 20960756.00 ns, 639.6715 ns/op
WorkloadPilot   13: 65536 op, 28441525.00 ns, 433.9832 ns/op
WorkloadPilot   14: 131072 op, 56155411.00 ns, 428.4318 ns/op
WorkloadPilot   15: 262144 op, 115372132.00 ns, 440.1098 ns/op
WorkloadPilot   16: 524288 op, 225039284.00 ns, 429.2284 ns/op
WorkloadPilot   17: 1048576 op, 450222217.00 ns, 429.3654 ns/op
WorkloadPilot   18: 2097152 op, 901112953.00 ns, 429.6841 ns/op

OverheadWarmup   1: 2097152 op, 7001573.00 ns, 3.3386 ns/op
OverheadWarmup   2: 2097152 op, 6965095.00 ns, 3.3212 ns/op
OverheadWarmup   3: 2097152 op, 6957220.00 ns, 3.3175 ns/op
OverheadWarmup   4: 2097152 op, 6957861.00 ns, 3.3178 ns/op
OverheadWarmup   5: 2097152 op, 6956538.00 ns, 3.3171 ns/op
OverheadWarmup   6: 2097152 op, 6963452.00 ns, 3.3204 ns/op
OverheadWarmup   7: 2097152 op, 6959274.00 ns, 3.3184 ns/op

OverheadActual   1: 2097152 op, 7042660.00 ns, 3.3582 ns/op
OverheadActual   2: 2097152 op, 6982047.00 ns, 3.3293 ns/op
OverheadActual   3: 2097152 op, 6987537.00 ns, 3.3319 ns/op
OverheadActual   4: 2097152 op, 6964344.00 ns, 3.3209 ns/op
OverheadActual   5: 2097152 op, 6997275.00 ns, 3.3366 ns/op
OverheadActual   6: 2097152 op, 6938716.00 ns, 3.3086 ns/op
OverheadActual   7: 2097152 op, 6939617.00 ns, 3.3091 ns/op
OverheadActual   8: 2097152 op, 6944095.00 ns, 3.3112 ns/op
OverheadActual   9: 2097152 op, 6944667.00 ns, 3.3115 ns/op
OverheadActual  10: 2097152 op, 6936612.00 ns, 3.3076 ns/op
OverheadActual  11: 2097152 op, 6938465.00 ns, 3.3085 ns/op
OverheadActual  12: 2097152 op, 6937774.00 ns, 3.3082 ns/op
OverheadActual  13: 2097152 op, 6943444.00 ns, 3.3109 ns/op
OverheadActual  14: 2097152 op, 6933957.00 ns, 3.3064 ns/op
OverheadActual  15: 2097152 op, 6938505.00 ns, 3.3085 ns/op

WorkloadWarmup   1: 2097152 op, 907282179.00 ns, 432.6259 ns/op
WorkloadWarmup   2: 2097152 op, 918324317.00 ns, 437.8912 ns/op
WorkloadWarmup   3: 2097152 op, 895123620.00 ns, 426.8282 ns/op

// BeforeActualRun
WorkloadActual   1: 2097152 op, 898801752.00 ns, 428.5821 ns/op
WorkloadActual   2: 2097152 op, 902883432.00 ns, 430.5284 ns/op
WorkloadActual   3: 2097152 op, 906082358.00 ns, 432.0537 ns/op

// AfterActualRun
WorkloadResult   1: 2097152 op, 891858308.00 ns, 425.2712 ns/op
WorkloadResult   2: 2097152 op, 895939988.00 ns, 427.2175 ns/op
WorkloadResult   3: 2097152 op, 899138914.00 ns, 428.7428 ns/op
// GC:  65 0 0 1090519040 2097152
// Threading:  0 0 2097152

// AfterAll
// Benchmark Process 3602 has exited with code 0.

Mean = 427.077 ns, StdErr = 1.005 ns (0.24%), N = 3, StdDev = 1.740 ns
Min = 425.271 ns, Q1 = 426.244 ns, Median = 427.217 ns, Q3 = 427.980 ns, Max = 428.743 ns
IQR = 1.736 ns, LowerFence = 423.641 ns, UpperFence = 430.584 ns
ConfidenceInterval = [395.332 ns; 458.823 ns] (CI 99.9%), Margin = 31.746 ns (7.43% of Mean)
Skewness = -0.08, Kurtosis = 0.67, MValue = 2

// ** Remained 8 (33.3 %) benchmark(s) to run. Estimated finish 2026-09-24 9:41 (0h 1m from now) **
// **************************
// Benchmark: MaskingStrategyBenchmarks.Name_Partial: ShortRun(IterationCount=3, LaunchCount=1, WarmupCount=3)
// *** Execute ***
// Launch: 1 / 1
// Execute: dotnet Encina.Security.PII.Benchmarks-Job-YFEFPZ-1.dll --anonymousPipes 164 165 --benchmarkName Encina.Security.PII.Benchmarks.MaskingStrategyBenchmarks.Name_Partial --job ShortRun --benchmarkId 16 in /home/runner/work/Encina/Encina/tests/Encina.BenchmarkTests/Encina.Security.PII.Benchmarks/bin/Release/net10.0/Encina.Security.PII.Benchmarks-Job-YFEFPZ-1/bin/Release/net10.0
// Failed to set up high priority (Permission denied). In order to run benchmarks with high priority, make sure you have the right permissions.
// BeforeAnythingElse

// Benchmark Process Environment Information:
// BenchmarkDotNet v0.15.8
// Runtime=.NET 10.0.12 (10.0.12, 10.0.1226.42308), X64 RyuJIT x86-64-v3
// GC=Concurrent Workstation
// HardwareIntrinsics=AVX2+BMI1+BMI2+F16C+FMA+LZCNT+MOVBE,AVX,SSE3+SSSE3+SSE4.1+SSE4.2+POPCNT,X86Base+SSE+SSE2,AES+PCLMUL VectorSize=256
// Job: ShortRun(IterationCount=3, LaunchCount=1, WarmupCount=3)

OverheadJitting  1: 1 op, 240820.00 ns, 240.8200 us/op
WorkloadJitting  1: 1 op, 3556446.00 ns, 3.5564 ms/op

OverheadJitting  2: 16 op, 478284.00 ns, 29.8928 us/op
WorkloadJitting  2: 16 op, 532796.00 ns, 33.2998 us/op

WorkloadPilot    1: 16 op, 43040.00 ns, 2.6900 us/op
WorkloadPilot    2: 32 op, 43802.00 ns, 1.3688 us/op
WorkloadPilot    3: 64 op, 51917.00 ns, 811.2031 ns/op
WorkloadPilot    4: 128 op, 69239.00 ns, 540.9297 ns/op
WorkloadPilot    5: 256 op, 146113.00 ns, 570.7539 ns/op
WorkloadPilot    6: 512 op, 188462.00 ns, 368.0898 ns/op
WorkloadPilot    7: 1024 op, 288679.00 ns, 281.9131 ns/op
WorkloadPilot    8: 2048 op, 562561.00 ns, 274.6880 ns/op
WorkloadPilot    9: 4096 op, 1230740.00 ns, 300.4736 ns/op
WorkloadPilot   10: 8192 op, 2443577.00 ns, 298.2882 ns/op
WorkloadPilot   11: 16384 op, 4829584.00 ns, 294.7744 ns/op
WorkloadPilot   12: 32768 op, 9728640.00 ns, 296.8945 ns/op
WorkloadPilot   13: 65536 op, 18604045.00 ns, 283.8752 ns/op
WorkloadPilot   14: 131072 op, 25478471.00 ns, 194.3853 ns/op
WorkloadPilot   15: 262144 op, 50484190.00 ns, 192.5819 ns/op
WorkloadPilot   16: 524288 op, 102966723.00 ns, 196.3934 ns/op
WorkloadPilot   17: 1048576 op, 200963970.00 ns, 191.6542 ns/op
WorkloadPilot   18: 2097152 op, 399081881.00 ns, 190.2971 ns/op
WorkloadPilot   19: 4194304 op, 796228016.00 ns, 189.8356 ns/op

OverheadWarmup   1: 4194304 op, 13899375.00 ns, 3.3139 ns/op
OverheadWarmup   2: 4194304 op, 13909674.00 ns, 3.3163 ns/op
OverheadWarmup   3: 4194304 op, 13909965.00 ns, 3.3164 ns/op
OverheadWarmup   4: 4194304 op, 14184688.00 ns, 3.3819 ns/op
OverheadWarmup   5: 4194304 op, 14005994.00 ns, 3.3393 ns/op
OverheadWarmup   6: 4194304 op, 13924331.00 ns, 3.3198 ns/op
OverheadWarmup   7: 4194304 op, 13926435.00 ns, 3.3203 ns/op
OverheadWarmup   8: 4194304 op, 13912389.00 ns, 3.3170 ns/op

OverheadActual   1: 4194304 op, 13888785.00 ns, 3.3113 ns/op
OverheadActual   2: 4194304 op, 13898192.00 ns, 3.3136 ns/op
OverheadActual   3: 4194304 op, 13925865.00 ns, 3.3202 ns/op
OverheadActual   4: 4194304 op, 14017375.00 ns, 3.3420 ns/op
OverheadActual   5: 4194304 op, 13903213.00 ns, 3.3148 ns/op
OverheadActual   6: 4194304 op, 13877023.00 ns, 3.3085 ns/op
OverheadActual   7: 4194304 op, 13884246.00 ns, 3.3103 ns/op
OverheadActual   8: 4194304 op, 13889756.00 ns, 3.3116 ns/op
OverheadActual   9: 4194304 op, 13941133.00 ns, 3.3238 ns/op
OverheadActual  10: 4194304 op, 13888454.00 ns, 3.3113 ns/op
OverheadActual  11: 4194304 op, 13866213.00 ns, 3.3060 ns/op
OverheadActual  12: 4194304 op, 13876022.00 ns, 3.3083 ns/op
OverheadActual  13: 4194304 op, 14053113.00 ns, 3.3505 ns/op
OverheadActual  14: 4194304 op, 13876972.00 ns, 3.3085 ns/op
OverheadActual  15: 4194304 op, 13904164.00 ns, 3.3150 ns/op

WorkloadWarmup   1: 4194304 op, 810636406.00 ns, 193.2708 ns/op
WorkloadWarmup   2: 4194304 op, 809702332.00 ns, 193.0481 ns/op
WorkloadWarmup   3: 4194304 op, 805268846.00 ns, 191.9911 ns/op

// BeforeActualRun
WorkloadActual   1: 4194304 op, 799087835.00 ns, 190.5174 ns/op
WorkloadActual   2: 4194304 op, 798039086.00 ns, 190.2673 ns/op
WorkloadActual   3: 4194304 op, 795781616.00 ns, 189.7291 ns/op

// AfterActualRun
WorkloadResult   1: 4194304 op, 785198079.00 ns, 187.2058 ns/op
WorkloadResult   2: 4194304 op, 784149330.00 ns, 186.9558 ns/op
WorkloadResult   3: 4194304 op, 781891860.00 ns, 186.4175 ns/op
// GC:  70 0 0 1174405120 4194304
// Threading:  0 0 4194304

// AfterAll
// Benchmark Process 3612 has exited with code 0.

Mean = 186.860 ns, StdErr = 0.233 ns (0.12%), N = 3, StdDev = 0.403 ns
Min = 186.418 ns, Q1 = 186.687 ns, Median = 186.956 ns, Q3 = 187.081 ns, Max = 187.206 ns
IQR = 0.394 ns, LowerFence = 186.095 ns, UpperFence = 187.672 ns
ConfidenceInterval = [179.511 ns; 194.209 ns] (CI 99.9%), Margin = 7.349 ns (3.93% of Mean)
Skewness = -0.22, Kurtosis = 0.67, MValue = 2

// ** Remained 7 (29.2 %) benchmark(s) to run. Estimated finish 2026-09-24 9:41 (0h 1m from now) **
// **************************
// Benchmark: MaskingStrategyBenchmarks.Address_Partial: ShortRun(IterationCount=3, LaunchCount=1, WarmupCount=3)
// *** Execute ***
// Launch: 1 / 1
// Execute: dotnet Encina.Security.PII.Benchmarks-Job-YFEFPZ-1.dll --anonymousPipes 164 165 --benchmarkName Encina.Security.PII.Benchmarks.MaskingStrategyBenchmarks.Address_Partial --job ShortRun --benchmarkId 17 in /home/runner/work/Encina/Encina/tests/Encina.BenchmarkTests/Encina.Security.PII.Benchmarks/bin/Release/net10.0/Encina.Security.PII.Benchmarks-Job-YFEFPZ-1/bin/Release/net10.0
// Failed to set up high priority (Permission denied). In order to run benchmarks with high priority, make sure you have the right permissions.
// BeforeAnythingElse

// Benchmark Process Environment Information:
// BenchmarkDotNet v0.15.8
// Runtime=.NET 10.0.12 (10.0.12, 10.0.1226.42308), X64 RyuJIT x86-64-v3
// GC=Concurrent Workstation
// HardwareIntrinsics=AVX2+BMI1+BMI2+F16C+FMA+LZCNT+MOVBE,AVX,SSE3+SSSE3+SSE4.1+SSE4.2+POPCNT,X86Base+SSE+SSE2,AES+PCLMUL VectorSize=256
// Job: ShortRun(IterationCount=3, LaunchCount=1, WarmupCount=3)

OverheadJitting  1: 1 op, 228367.00 ns, 228.3670 us/op
WorkloadJitting  1: 1 op, 3416775.00 ns, 3.4168 ms/op

OverheadJitting  2: 16 op, 450101.00 ns, 28.1313 us/op
WorkloadJitting  2: 16 op, 509261.00 ns, 31.8288 us/op

WorkloadPilot    1: 16 op, 33443.00 ns, 2.0902 us/op
WorkloadPilot    2: 32 op, 28082.00 ns, 877.5625 ns/op
WorkloadPilot    3: 64 op, 45014.00 ns, 703.3438 ns/op
WorkloadPilot    4: 128 op, 61064.00 ns, 477.0625 ns/op
WorkloadPilot    5: 256 op, 106098.00 ns, 414.4453 ns/op
WorkloadPilot    6: 512 op, 166992.00 ns, 326.1563 ns/op
WorkloadPilot    7: 1024 op, 247582.00 ns, 241.7793 ns/op
WorkloadPilot    8: 2048 op, 477913.00 ns, 233.3560 ns/op
WorkloadPilot    9: 4096 op, 1064439.00 ns, 259.8728 ns/op
WorkloadPilot   10: 8192 op, 2104994.00 ns, 256.9573 ns/op
WorkloadPilot   11: 16384 op, 4193016.00 ns, 255.9214 ns/op
WorkloadPilot   12: 32768 op, 8036358.00 ns, 245.2502 ns/op
WorkloadPilot   13: 65536 op, 13162538.00 ns, 200.8444 ns/op
WorkloadPilot   14: 131072 op, 17064339.00 ns, 130.1906 ns/op
WorkloadPilot   15: 262144 op, 34518698.00 ns, 131.6784 ns/op
WorkloadPilot   16: 524288 op, 68241448.00 ns, 130.1602 ns/op
WorkloadPilot   17: 1048576 op, 137519373.00 ns, 131.1487 ns/op
WorkloadPilot   18: 2097152 op, 277140743.00 ns, 132.1510 ns/op
WorkloadPilot   19: 4194304 op, 546164227.00 ns, 130.2157 ns/op

OverheadWarmup   1: 4194304 op, 13785642.00 ns, 3.2868 ns/op
OverheadWarmup   2: 4194304 op, 13841447.00 ns, 3.3001 ns/op
OverheadWarmup   3: 4194304 op, 13695634.00 ns, 3.2653 ns/op
OverheadWarmup   4: 4194304 op, 13780232.00 ns, 3.2855 ns/op
OverheadWarmup   5: 4194304 op, 13727203.00 ns, 3.2728 ns/op

OverheadActual   1: 4194304 op, 13816369.00 ns, 3.2941 ns/op
OverheadActual   2: 4194304 op, 13818143.00 ns, 3.2945 ns/op
OverheadActual   3: 4194304 op, 13826779.00 ns, 3.2966 ns/op
OverheadActual   4: 4194304 op, 13760585.00 ns, 3.2808 ns/op
OverheadActual   5: 4194304 op, 13727593.00 ns, 3.2729 ns/op
OverheadActual   6: 4194304 op, 13725179.00 ns, 3.2723 ns/op
OverheadActual   7: 4194304 op, 13704942.00 ns, 3.2675 ns/op
OverheadActual   8: 4194304 op, 13710632.00 ns, 3.2689 ns/op
OverheadActual   9: 4194304 op, 13699270.00 ns, 3.2662 ns/op
OverheadActual  10: 4194304 op, 13745868.00 ns, 3.2773 ns/op
OverheadActual  11: 4194304 op, 13709580.00 ns, 3.2686 ns/op
OverheadActual  12: 4194304 op, 13699361.00 ns, 3.2662 ns/op
OverheadActual  13: 4194304 op, 13707868.00 ns, 3.2682 ns/op
OverheadActual  14: 4194304 op, 13862686.00 ns, 3.3051 ns/op
OverheadActual  15: 4194304 op, 13705202.00 ns, 3.2676 ns/op

WorkloadWarmup   1: 4194304 op, 552941040.00 ns, 131.8314 ns/op
WorkloadWarmup   2: 4194304 op, 561012588.00 ns, 133.7558 ns/op
WorkloadWarmup   3: 4194304 op, 547400055.00 ns, 130.5103 ns/op

// BeforeActualRun
WorkloadActual   1: 4194304 op, 549158112.00 ns, 130.9295 ns/op
WorkloadActual   2: 4194304 op, 560067272.00 ns, 133.5304 ns/op
WorkloadActual   3: 4194304 op, 565013867.00 ns, 134.7098 ns/op

// AfterActualRun
WorkloadResult   1: 4194304 op, 535432933.00 ns, 127.6572 ns/op
WorkloadResult   2: 4194304 op, 546342093.00 ns, 130.2581 ns/op
WorkloadResult   3: 4194304 op, 551288688.00 ns, 131.4375 ns/op
// GC:  82 0 0 1375731712 4194304
// Threading:  0 0 4194304

// AfterAll
// Benchmark Process 3619 has exited with code 0.

Mean = 129.784 ns, StdErr = 1.117 ns (0.86%), N = 3, StdDev = 1.934 ns
Min = 127.657 ns, Q1 = 128.958 ns, Median = 130.258 ns, Q3 = 130.848 ns, Max = 131.437 ns
IQR = 1.890 ns, LowerFence = 126.122 ns, UpperFence = 133.683 ns
ConfidenceInterval = [94.497 ns; 165.071 ns] (CI 99.9%), Margin = 35.287 ns (27.19% of Mean)
Skewness = -0.23, Kurtosis = 0.67, MValue = 2

// ** Remained 6 (25.0 %) benchmark(s) to run. Estimated finish 2026-09-24 9:41 (0h 1m from now) **
// **************************
// Benchmark: MaskingStrategyBenchmarks.DateOfBirth_Partial: ShortRun(IterationCount=3, LaunchCount=1, WarmupCount=3)
// *** Execute ***
// Launch: 1 / 1
// Execute: dotnet Encina.Security.PII.Benchmarks-Job-YFEFPZ-1.dll --anonymousPipes 164 165 --benchmarkName Encina.Security.PII.Benchmarks.MaskingStrategyBenchmarks.DateOfBirth_Partial --job ShortRun --benchmarkId 18 in /home/runner/work/Encina/Encina/tests/Encina.BenchmarkTests/Encina.Security.PII.Benchmarks/bin/Release/net10.0/Encina.Security.PII.Benchmarks-Job-YFEFPZ-1/bin/Release/net10.0
// Failed to set up high priority (Permission denied). In order to run benchmarks with high priority, make sure you have the right permissions.
// BeforeAnythingElse

// Benchmark Process Environment Information:
// BenchmarkDotNet v0.15.8
// Runtime=.NET 10.0.12 (10.0.12, 10.0.1226.42308), X64 RyuJIT x86-64-v3
// GC=Concurrent Workstation
// HardwareIntrinsics=AVX2+BMI1+BMI2+F16C+FMA+LZCNT+MOVBE,AVX,SSE3+SSSE3+SSE4.1+SSE4.2+POPCNT,X86Base+SSE+SSE2,AES+PCLMUL VectorSize=256
// Job: ShortRun(IterationCount=3, LaunchCount=1, WarmupCount=3)

OverheadJitting  1: 1 op, 233687.00 ns, 233.6870 us/op
WorkloadJitting  1: 1 op, 4853081.00 ns, 4.8531 ms/op

OverheadJitting  2: 16 op, 428241.00 ns, 26.7651 us/op
WorkloadJitting  2: 16 op, 480799.00 ns, 30.0499 us/op

WorkloadPilot    1: 16 op, 25658.00 ns, 1.6036 us/op
WorkloadPilot    2: 32 op, 33031.00 ns, 1.0322 us/op
WorkloadPilot    3: 64 op, 47458.00 ns, 741.5313 ns/op
WorkloadPilot    4: 128 op, 77595.00 ns, 606.2109 ns/op
WorkloadPilot    5: 256 op, 122780.00 ns, 479.6094 ns/op
WorkloadPilot    6: 512 op, 240429.00 ns, 469.5879 ns/op
WorkloadPilot    7: 1024 op, 354252.00 ns, 345.9492 ns/op
WorkloadPilot    8: 2048 op, 742828.00 ns, 362.7090 ns/op
WorkloadPilot    9: 4096 op, 1590493.00 ns, 388.3040 ns/op
WorkloadPilot   10: 8192 op, 3128839.00 ns, 381.9384 ns/op
WorkloadPilot   11: 16384 op, 6396165.00 ns, 390.3909 ns/op
WorkloadPilot   12: 32768 op, 12686773.00 ns, 387.1696 ns/op
WorkloadPilot   13: 65536 op, 18739836.00 ns, 285.9472 ns/op
WorkloadPilot   14: 131072 op, 30873846.00 ns, 235.5488 ns/op
WorkloadPilot   15: 262144 op, 63758249.00 ns, 243.2184 ns/op
WorkloadPilot   16: 524288 op, 122331507.00 ns, 233.3288 ns/op
WorkloadPilot   17: 1048576 op, 246367778.00 ns, 234.9546 ns/op
WorkloadPilot   18: 2097152 op, 484733497.00 ns, 231.1389 ns/op
WorkloadPilot   19: 4194304 op, 968315561.00 ns, 230.8644 ns/op

OverheadWarmup   1: 4194304 op, 13746554.00 ns, 3.2774 ns/op
OverheadWarmup   2: 4194304 op, 13780027.00 ns, 3.2854 ns/op
OverheadWarmup   3: 4194304 op, 13748327.00 ns, 3.2779 ns/op
OverheadWarmup   4: 4194304 op, 13753627.00 ns, 3.2791 ns/op
OverheadWarmup   5: 4194304 op, 13735393.00 ns, 3.2748 ns/op

OverheadActual   1: 4194304 op, 13712970.00 ns, 3.2694 ns/op
OverheadActual   2: 4194304 op, 13726556.00 ns, 3.2727 ns/op
OverheadActual   3: 4194304 op, 13735112.00 ns, 3.2747 ns/op
OverheadActual   4: 4194304 op, 13831503.00 ns, 3.2977 ns/op
OverheadActual   5: 4194304 op, 13747154.00 ns, 3.2776 ns/op
OverheadActual   6: 4194304 op, 13756883.00 ns, 3.2799 ns/op
OverheadActual   7: 4194304 op, 13749709.00 ns, 3.2782 ns/op
OverheadActual   8: 4194304 op, 13741204.00 ns, 3.2762 ns/op
OverheadActual   9: 4194304 op, 13851199.00 ns, 3.3024 ns/op
OverheadActual  10: 4194304 op, 13702742.00 ns, 3.2670 ns/op
OverheadActual  11: 4194304 op, 13813989.00 ns, 3.2935 ns/op
OverheadActual  12: 4194304 op, 13737667.00 ns, 3.2753 ns/op
OverheadActual  13: 4194304 op, 13729552.00 ns, 3.2734 ns/op
OverheadActual  14: 4194304 op, 13729151.00 ns, 3.2733 ns/op
OverheadActual  15: 4194304 op, 13720765.00 ns, 3.2713 ns/op

WorkloadWarmup   1: 4194304 op, 982978145.00 ns, 234.3603 ns/op
WorkloadWarmup   2: 4194304 op, 985343366.00 ns, 234.9242 ns/op
WorkloadWarmup   3: 4194304 op, 974967336.00 ns, 232.4503 ns/op

// BeforeActualRun
WorkloadActual   1: 4194304 op, 983878468.00 ns, 234.5749 ns/op
WorkloadActual   2: 4194304 op, 983696528.00 ns, 234.5315 ns/op
WorkloadActual   3: 4194304 op, 983183589.00 ns, 234.4092 ns/op

// AfterActualRun
WorkloadResult   1: 4194304 op, 970140801.00 ns, 231.2996 ns/op
WorkloadResult   2: 4194304 op, 969958861.00 ns, 231.2562 ns/op
WorkloadResult   3: 4194304 op, 969445922.00 ns, 231.1339 ns/op
// GC:  96 0 0 1610612736 4194304
// Threading:  0 0 4194304

// AfterAll
// Benchmark Process 3630 has exited with code 0.

Mean = 231.230 ns, StdErr = 0.050 ns (0.02%), N = 3, StdDev = 0.086 ns
Min = 231.134 ns, Q1 = 231.195 ns, Median = 231.256 ns, Q3 = 231.278 ns, Max = 231.300 ns
IQR = 0.083 ns, LowerFence = 231.071 ns, UpperFence = 231.402 ns
ConfidenceInterval = [229.663 ns; 232.797 ns] (CI 99.9%), Margin = 1.567 ns (0.68% of Mean)
Skewness = -0.28, Kurtosis = 0.67, MValue = 2

// ** Remained 5 (20.8 %) benchmark(s) to run. Estimated finish 2026-09-24 9:41 (0h 0m from now) **
// **************************
// Benchmark: MaskingStrategyBenchmarks.IPAddress_Partial: ShortRun(IterationCount=3, LaunchCount=1, WarmupCount=3)
// *** Execute ***
// Launch: 1 / 1
// Execute: dotnet Encina.Security.PII.Benchmarks-Job-YFEFPZ-1.dll --anonymousPipes 164 165 --benchmarkName Encina.Security.PII.Benchmarks.MaskingStrategyBenchmarks.IPAddress_Partial --job ShortRun --benchmarkId 19 in /home/runner/work/Encina/Encina/tests/Encina.BenchmarkTests/Encina.Security.PII.Benchmarks/bin/Release/net10.0/Encina.Security.PII.Benchmarks-Job-YFEFPZ-1/bin/Release/net10.0
// Failed to set up high priority (Permission denied). In order to run benchmarks with high priority, make sure you have the right permissions.
// BeforeAnythingElse

// Benchmark Process Environment Information:
// BenchmarkDotNet v0.15.8
// Runtime=.NET 10.0.12 (10.0.12, 10.0.1226.42308), X64 RyuJIT x86-64-v3
// GC=Concurrent Workstation
// HardwareIntrinsics=AVX2+BMI1+BMI2+F16C+FMA+LZCNT+MOVBE,AVX,SSE3+SSSE3+SSE4.1+SSE4.2+POPCNT,X86Base+SSE+SSE2,AES+PCLMUL VectorSize=256
// Job: ShortRun(IterationCount=3, LaunchCount=1, WarmupCount=3)

OverheadJitting  1: 1 op, 232465.00 ns, 232.4650 us/op
WorkloadJitting  1: 1 op, 3943499.00 ns, 3.9435 ms/op

OverheadJitting  2: 16 op, 461492.00 ns, 28.8433 us/op
WorkloadJitting  2: 16 op, 499523.00 ns, 31.2202 us/op

WorkloadPilot    1: 16 op, 37260.00 ns, 2.3288 us/op
WorkloadPilot    2: 32 op, 58709.00 ns, 1.8347 us/op
WorkloadPilot    3: 64 op, 47388.00 ns, 740.4375 ns/op
WorkloadPilot    4: 128 op, 80941.00 ns, 632.3516 ns/op
WorkloadPilot    5: 256 op, 121226.00 ns, 473.5391 ns/op
WorkloadPilot    6: 512 op, 188142.00 ns, 367.4648 ns/op
WorkloadPilot    7: 1024 op, 348501.00 ns, 340.3330 ns/op
WorkloadPilot    8: 2048 op, 558053.00 ns, 272.4868 ns/op
WorkloadPilot    9: 4096 op, 1207586.00 ns, 294.8208 ns/op
WorkloadPilot   10: 8192 op, 2365440.00 ns, 288.7500 ns/op
WorkloadPilot   11: 16384 op, 4791524.00 ns, 292.4514 ns/op
WorkloadPilot   12: 32768 op, 9370260.00 ns, 285.9576 ns/op
WorkloadPilot   13: 65536 op, 18627628.00 ns, 284.2350 ns/op
WorkloadPilot   14: 131072 op, 24685028.00 ns, 188.3318 ns/op
WorkloadPilot   15: 262144 op, 48976520.00 ns, 186.8306 ns/op
WorkloadPilot   16: 524288 op, 100374663.00 ns, 191.4495 ns/op
WorkloadPilot   17: 1048576 op, 195948736.00 ns, 186.8713 ns/op
WorkloadPilot   18: 2097152 op, 391688993.00 ns, 186.7719 ns/op
WorkloadPilot   19: 4194304 op, 778076559.00 ns, 185.5079 ns/op

OverheadWarmup   1: 4194304 op, 13726169.00 ns, 3.2726 ns/op
OverheadWarmup   2: 4194304 op, 13805398.00 ns, 3.2915 ns/op
OverheadWarmup   3: 4194304 op, 13765683.00 ns, 3.2820 ns/op
OverheadWarmup   4: 4194304 op, 13789237.00 ns, 3.2876 ns/op
OverheadWarmup   5: 4194304 op, 13716962.00 ns, 3.2704 ns/op

OverheadActual   1: 4194304 op, 13801019.00 ns, 3.2904 ns/op
OverheadActual   2: 4194304 op, 13731219.00 ns, 3.2738 ns/op
OverheadActual   3: 4194304 op, 13781302.00 ns, 3.2857 ns/op
OverheadActual   4: 4194304 op, 13959836.00 ns, 3.3283 ns/op
OverheadActual   5: 4194304 op, 13722271.00 ns, 3.2716 ns/op
OverheadActual   6: 4194304 op, 13721501.00 ns, 3.2715 ns/op
OverheadActual   7: 4194304 op, 13798945.00 ns, 3.2899 ns/op
OverheadActual   8: 4194304 op, 13725267.00 ns, 3.2724 ns/op
OverheadActual   9: 4194304 op, 13749874.00 ns, 3.2782 ns/op
OverheadActual  10: 4194304 op, 13737200.00 ns, 3.2752 ns/op
OverheadActual  11: 4194304 op, 13728654.00 ns, 3.2732 ns/op
OverheadActual  12: 4194304 op, 13792683.00 ns, 3.2884 ns/op
OverheadActual  13: 4194304 op, 13715810.00 ns, 3.2701 ns/op
OverheadActual  14: 4194304 op, 13719537.00 ns, 3.2710 ns/op
OverheadActual  15: 4194304 op, 13734464.00 ns, 3.2746 ns/op

WorkloadWarmup   1: 4194304 op, 786788268.00 ns, 187.5849 ns/op
WorkloadWarmup   2: 4194304 op, 786031315.00 ns, 187.4045 ns/op
WorkloadWarmup   3: 4194304 op, 776856261.00 ns, 185.2170 ns/op

// BeforeActualRun
WorkloadActual   1: 4194304 op, 777526423.00 ns, 185.3767 ns/op
WorkloadActual   2: 4194304 op, 780896192.00 ns, 186.1802 ns/op
WorkloadActual   3: 4194304 op, 779013110.00 ns, 185.7312 ns/op

// AfterActualRun
WorkloadResult   1: 4194304 op, 763791959.00 ns, 182.1022 ns/op
WorkloadResult   2: 4194304 op, 767161728.00 ns, 182.9056 ns/op
WorkloadResult   3: 4194304 op, 765278646.00 ns, 182.4566 ns/op
// GC:  66 0 0 1107296256 4194304
// Threading:  0 0 4194304

// AfterAll
// Benchmark Process 3637 has exited with code 0.

Mean = 182.488 ns, StdErr = 0.232 ns (0.13%), N = 3, StdDev = 0.403 ns
Min = 182.102 ns, Q1 = 182.279 ns, Median = 182.457 ns, Q3 = 182.681 ns, Max = 182.906 ns
IQR = 0.402 ns, LowerFence = 181.677 ns, UpperFence = 183.284 ns
ConfidenceInterval = [175.143 ns; 189.834 ns] (CI 99.9%), Margin = 7.346 ns (4.03% of Mean)
Skewness = 0.08, Kurtosis = 0.67, MValue = 2

// ** Remained 4 (16.7 %) benchmark(s) to run. Estimated finish 2026-09-24 9:41 (0h 0m from now) **
// **************************
// Benchmark: MaskingStrategyBenchmarks.Custom_FullMasking: ShortRun(IterationCount=3, LaunchCount=1, WarmupCount=3)
// *** Execute ***
// Launch: 1 / 1
// Execute: dotnet Encina.Security.PII.Benchmarks-Job-YFEFPZ-1.dll --anonymousPipes 164 165 --benchmarkName Encina.Security.PII.Benchmarks.MaskingStrategyBenchmarks.Custom_FullMasking --job ShortRun --benchmarkId 20 in /home/runner/work/Encina/Encina/tests/Encina.BenchmarkTests/Encina.Security.PII.Benchmarks/bin/Release/net10.0/Encina.Security.PII.Benchmarks-Job-YFEFPZ-1/bin/Release/net10.0
// Failed to set up high priority (Permission denied). In order to run benchmarks with high priority, make sure you have the right permissions.
// BeforeAnythingElse

// Benchmark Process Environment Information:
// BenchmarkDotNet v0.15.8
// Runtime=.NET 10.0.12 (10.0.12, 10.0.1226.42308), X64 RyuJIT x86-64-v3
// GC=Concurrent Workstation
// HardwareIntrinsics=AVX2+BMI1+BMI2+F16C+FMA+LZCNT+MOVBE,AVX,SSE3+SSSE3+SSE4.1+SSE4.2+POPCNT,X86Base+SSE+SSE2,AES+PCLMUL VectorSize=256
// Job: ShortRun(IterationCount=3, LaunchCount=1, WarmupCount=3)

OverheadJitting  1: 1 op, 267951.00 ns, 267.9510 us/op
WorkloadJitting  1: 1 op, 3059226.00 ns, 3.0592 ms/op

OverheadJitting  2: 16 op, 487030.00 ns, 30.4394 us/op
WorkloadJitting  2: 16 op, 479977.00 ns, 29.9986 us/op

WorkloadPilot    1: 16 op, 4258.00 ns, 266.1250 ns/op
WorkloadPilot    2: 32 op, 26399.00 ns, 824.9688 ns/op
WorkloadPilot    3: 64 op, 20849.00 ns, 325.7656 ns/op
WorkloadPilot    4: 128 op, 28494.00 ns, 222.6094 ns/op
WorkloadPilot    5: 256 op, 42109.00 ns, 164.4883 ns/op
WorkloadPilot    6: 512 op, 72456.00 ns, 141.5156 ns/op
WorkloadPilot    7: 1024 op, 137386.00 ns, 134.1660 ns/op
WorkloadPilot    8: 2048 op, 285193.00 ns, 139.2544 ns/op
WorkloadPilot    9: 4096 op, 421959.00 ns, 103.0173 ns/op
WorkloadPilot   10: 8192 op, 896675.00 ns, 109.4574 ns/op
WorkloadPilot   11: 16384 op, 1817687.00 ns, 110.9428 ns/op
WorkloadPilot   12: 32768 op, 3637357.00 ns, 111.0033 ns/op
WorkloadPilot   13: 65536 op, 7222936.00 ns, 110.2133 ns/op
WorkloadPilot   14: 131072 op, 14254435.00 ns, 108.7527 ns/op
WorkloadPilot   15: 262144 op, 18507943.00 ns, 70.6022 ns/op
WorkloadPilot   16: 524288 op, 34537445.00 ns, 65.8749 ns/op
WorkloadPilot   17: 1048576 op, 66435519.00 ns, 63.3578 ns/op
WorkloadPilot   18: 2097152 op, 129999401.00 ns, 61.9885 ns/op
WorkloadPilot   19: 4194304 op, 258533976.00 ns, 61.6393 ns/op
WorkloadPilot   20: 8388608 op, 520233066.00 ns, 62.0166 ns/op

OverheadWarmup   1: 8388608 op, 30380107.00 ns, 3.6216 ns/op
OverheadWarmup   2: 8388608 op, 27765422.00 ns, 3.3099 ns/op
OverheadWarmup   3: 8388608 op, 27799415.00 ns, 3.3139 ns/op
OverheadWarmup   4: 8388608 op, 27738631.00 ns, 3.3067 ns/op
OverheadWarmup   5: 8388608 op, 27755683.00 ns, 3.3087 ns/op
OverheadWarmup   6: 8388608 op, 28109975.00 ns, 3.3510 ns/op
OverheadWarmup   7: 8388608 op, 27756795.00 ns, 3.3089 ns/op

OverheadActual   1: 8388608 op, 27745535.00 ns, 3.3075 ns/op
OverheadActual   2: 8388608 op, 27839630.00 ns, 3.3187 ns/op
OverheadActual   3: 8388608 op, 27743400.00 ns, 3.3073 ns/op
OverheadActual   4: 8388608 op, 27759299.00 ns, 3.3092 ns/op
OverheadActual   5: 8388608 op, 27790829.00 ns, 3.3129 ns/op
OverheadActual   6: 8388608 op, 27745715.00 ns, 3.3075 ns/op
OverheadActual   7: 8388608 op, 27763698.00 ns, 3.3097 ns/op
OverheadActual   8: 8388608 op, 27727440.00 ns, 3.3054 ns/op
OverheadActual   9: 8388608 op, 27750042.00 ns, 3.3081 ns/op
OverheadActual  10: 8388608 op, 27775530.00 ns, 3.3111 ns/op
OverheadActual  11: 8388608 op, 27759491.00 ns, 3.3092 ns/op
OverheadActual  12: 8388608 op, 27760091.00 ns, 3.3093 ns/op
OverheadActual  13: 8388608 op, 27774809.00 ns, 3.3110 ns/op
OverheadActual  14: 8388608 op, 27822017.00 ns, 3.3166 ns/op
OverheadActual  15: 8388608 op, 27842405.00 ns, 3.3191 ns/op

WorkloadWarmup   1: 8388608 op, 523764424.00 ns, 62.4376 ns/op
WorkloadWarmup   2: 8388608 op, 522981428.00 ns, 62.3442 ns/op
WorkloadWarmup   3: 8388608 op, 527037965.00 ns, 62.8278 ns/op

// BeforeActualRun
WorkloadActual   1: 8388608 op, 525071190.00 ns, 62.5934 ns/op
WorkloadActual   2: 8388608 op, 518501655.00 ns, 61.8102 ns/op
WorkloadActual   3: 8388608 op, 514757408.00 ns, 61.3639 ns/op

// AfterActualRun
WorkloadResult   1: 8388608 op, 497311099.00 ns, 59.2841 ns/op
WorkloadResult   2: 8388608 op, 490741564.00 ns, 58.5010 ns/op
WorkloadResult   3: 8388608 op, 486997317.00 ns, 58.0546 ns/op
// GC:  64 0 0 1073741824 8388608
// Threading:  0 0 8388608

// AfterAll
// Benchmark Process 3646 has exited with code 0.

Mean = 58.613 ns, StdErr = 0.359 ns (0.61%), N = 3, StdDev = 0.622 ns
Min = 58.055 ns, Q1 = 58.278 ns, Median = 58.501 ns, Q3 = 58.893 ns, Max = 59.284 ns
IQR = 0.615 ns, LowerFence = 57.356 ns, UpperFence = 59.815 ns
ConfidenceInterval = [47.259 ns; 69.968 ns] (CI 99.9%), Margin = 11.355 ns (19.37% of Mean)
Skewness = 0.17, Kurtosis = 0.67, MValue = 2

// ** Remained 3 (12.5 %) benchmark(s) to run. Estimated finish 2026-09-24 9:41 (0h 0m from now) **
// **************************
// Benchmark: MaskingStrategyBenchmarks.Email_Short: ShortRun(IterationCount=3, LaunchCount=1, WarmupCount=3)
// *** Execute ***
// Launch: 1 / 1
// Execute: dotnet Encina.Security.PII.Benchmarks-Job-YFEFPZ-1.dll --anonymousPipes 164 165 --benchmarkName Encina.Security.PII.Benchmarks.MaskingStrategyBenchmarks.Email_Short --job ShortRun --benchmarkId 21 in /home/runner/work/Encina/Encina/tests/Encina.BenchmarkTests/Encina.Security.PII.Benchmarks/bin/Release/net10.0/Encina.Security.PII.Benchmarks-Job-YFEFPZ-1/bin/Release/net10.0
// Failed to set up high priority (Permission denied). In order to run benchmarks with high priority, make sure you have the right permissions.
// BeforeAnythingElse

// Benchmark Process Environment Information:
// BenchmarkDotNet v0.15.8
// Runtime=.NET 10.0.12 (10.0.12, 10.0.1226.42308), X64 RyuJIT x86-64-v3
// GC=Concurrent Workstation
// HardwareIntrinsics=AVX2+BMI1+BMI2+F16C+FMA+LZCNT+MOVBE,AVX,SSE3+SSSE3+SSE4.1+SSE4.2+POPCNT,X86Base+SSE+SSE2,AES+PCLMUL VectorSize=256
// Job: ShortRun(IterationCount=3, LaunchCount=1, WarmupCount=3)

OverheadJitting  1: 1 op, 231552.00 ns, 231.5520 us/op
WorkloadJitting  1: 1 op, 3114660.00 ns, 3.1147 ms/op

OverheadJitting  2: 16 op, 473615.00 ns, 29.6009 us/op
WorkloadJitting  2: 16 op, 485036.00 ns, 30.3148 us/op

WorkloadPilot    1: 16 op, 5370.00 ns, 335.6250 ns/op
WorkloadPilot    2: 32 op, 22322.00 ns, 697.5625 ns/op
WorkloadPilot    3: 64 op, 24245.00 ns, 378.8281 ns/op
WorkloadPilot    4: 128 op, 58029.00 ns, 453.3516 ns/op
WorkloadPilot    5: 256 op, 57037.00 ns, 222.8008 ns/op
WorkloadPilot    6: 512 op, 73558.00 ns, 143.6680 ns/op
WorkloadPilot    7: 1024 op, 153226.00 ns, 149.6348 ns/op
WorkloadPilot    8: 2048 op, 319647.00 ns, 156.0776 ns/op
WorkloadPilot    9: 4096 op, 450983.00 ns, 110.1033 ns/op
WorkloadPilot   10: 8192 op, 1085388.00 ns, 132.4937 ns/op
WorkloadPilot   11: 16384 op, 2116796.00 ns, 129.1990 ns/op
WorkloadPilot   12: 32768 op, 4165655.00 ns, 127.1257 ns/op
WorkloadPilot   13: 65536 op, 8351587.00 ns, 127.4351 ns/op
WorkloadPilot   14: 131072 op, 16315157.00 ns, 124.4748 ns/op
WorkloadPilot   15: 262144 op, 22813701.00 ns, 87.0274 ns/op
WorkloadPilot   16: 524288 op, 43046279.00 ns, 82.1043 ns/op
WorkloadPilot   17: 1048576 op, 84728138.00 ns, 80.8030 ns/op
WorkloadPilot   18: 2097152 op, 166123048.00 ns, 79.2136 ns/op
WorkloadPilot   19: 4194304 op, 326744946.00 ns, 77.9021 ns/op
WorkloadPilot   20: 8388608 op, 653702409.00 ns, 77.9274 ns/op

OverheadWarmup   1: 8388608 op, 27751548.00 ns, 3.3082 ns/op
OverheadWarmup   2: 8388608 op, 27768430.00 ns, 3.3103 ns/op
OverheadWarmup   3: 8388608 op, 27773379.00 ns, 3.3108 ns/op
OverheadWarmup   4: 8388608 op, 27772337.00 ns, 3.3107 ns/op
OverheadWarmup   5: 8388608 op, 27739445.00 ns, 3.3068 ns/op
OverheadWarmup   6: 8388608 op, 27750255.00 ns, 3.3081 ns/op
OverheadWarmup   7: 8388608 op, 27839001.00 ns, 3.3187 ns/op
OverheadWarmup   8: 8388608 op, 27942465.00 ns, 3.3310 ns/op
OverheadWarmup   9: 8388608 op, 27742751.00 ns, 3.3072 ns/op

OverheadActual   1: 8388608 op, 27745807.00 ns, 3.3076 ns/op
OverheadActual   2: 8388608 op, 27852106.00 ns, 3.3202 ns/op
OverheadActual   3: 8388608 op, 27780272.00 ns, 3.3117 ns/op
OverheadActual   4: 8388608 op, 27884356.00 ns, 3.3241 ns/op
OverheadActual   5: 8388608 op, 27780062.00 ns, 3.3116 ns/op
OverheadActual   6: 8388608 op, 27739556.00 ns, 3.3068 ns/op
OverheadActual   7: 8388608 op, 27740958.00 ns, 3.3070 ns/op
OverheadActual   8: 8388608 op, 27785302.00 ns, 3.3123 ns/op
OverheadActual   9: 8388608 op, 27737362.00 ns, 3.3066 ns/op
OverheadActual  10: 8388608 op, 27835184.00 ns, 3.3182 ns/op
OverheadActual  11: 8388608 op, 27752730.00 ns, 3.3084 ns/op
OverheadActual  12: 8388608 op, 27772056.00 ns, 3.3107 ns/op
OverheadActual  13: 8388608 op, 27799027.00 ns, 3.3139 ns/op
OverheadActual  14: 8388608 op, 27739325.00 ns, 3.3068 ns/op
OverheadActual  15: 8388608 op, 27742832.00 ns, 3.3072 ns/op

WorkloadWarmup   1: 8388608 op, 658456272.00 ns, 78.4941 ns/op
WorkloadWarmup   2: 8388608 op, 657092103.00 ns, 78.3315 ns/op
WorkloadWarmup   3: 8388608 op, 654757871.00 ns, 78.0532 ns/op

// BeforeActualRun
WorkloadActual   1: 8388608 op, 663206038.00 ns, 79.0603 ns/op
WorkloadActual   2: 8388608 op, 656057999.00 ns, 78.2082 ns/op
WorkloadActual   3: 8388608 op, 658515797.00 ns, 78.5012 ns/op

// AfterActualRun
WorkloadResult   1: 8388608 op, 635433982.00 ns, 75.7496 ns/op
WorkloadResult   2: 8388608 op, 628285943.00 ns, 74.8975 ns/op
WorkloadResult   3: 8388608 op, 630743741.00 ns, 75.1905 ns/op
// GC:  64 0 0 1073741824 8388608
// Threading:  0 0 8388608

// AfterAll
// Benchmark Process 3653 has exited with code 0.

Mean = 75.279 ns, StdErr = 0.250 ns (0.33%), N = 3, StdDev = 0.433 ns
Min = 74.898 ns, Q1 = 75.044 ns, Median = 75.191 ns, Q3 = 75.470 ns, Max = 75.750 ns
IQR = 0.426 ns, LowerFence = 74.405 ns, UpperFence = 76.109 ns
ConfidenceInterval = [67.381 ns; 83.177 ns] (CI 99.9%), Margin = 7.898 ns (10.49% of Mean)
Skewness = 0.2, Kurtosis = 0.67, MValue = 2

// ** Remained 2 (8.3 %) benchmark(s) to run. Estimated finish 2026-09-24 9:41 (0h 0m from now) **
// **************************
// Benchmark: MaskingStrategyBenchmarks.Email_Long: ShortRun(IterationCount=3, LaunchCount=1, WarmupCount=3)
// *** Execute ***
// Launch: 1 / 1
// Execute: dotnet Encina.Security.PII.Benchmarks-Job-YFEFPZ-1.dll --anonymousPipes 164 165 --benchmarkName Encina.Security.PII.Benchmarks.MaskingStrategyBenchmarks.Email_Long --job ShortRun --benchmarkId 22 in /home/runner/work/Encina/Encina/tests/Encina.BenchmarkTests/Encina.Security.PII.Benchmarks/bin/Release/net10.0/Encina.Security.PII.Benchmarks-Job-YFEFPZ-1/bin/Release/net10.0
// Failed to set up high priority (Permission denied). In order to run benchmarks with high priority, make sure you have the right permissions.
// BeforeAnythingElse

// Benchmark Process Environment Information:
// BenchmarkDotNet v0.15.8
// Runtime=.NET 10.0.12 (10.0.12, 10.0.1226.42308), X64 RyuJIT x86-64-v3
// GC=Concurrent Workstation
// HardwareIntrinsics=AVX2+BMI1+BMI2+F16C+FMA+LZCNT+MOVBE,AVX,SSE3+SSSE3+SSE4.1+SSE4.2+POPCNT,X86Base+SSE+SSE2,AES+PCLMUL VectorSize=256
// Job: ShortRun(IterationCount=3, LaunchCount=1, WarmupCount=3)

OverheadJitting  1: 1 op, 287538.00 ns, 287.5380 us/op
WorkloadJitting  1: 1 op, 3081959.00 ns, 3.0820 ms/op

OverheadJitting  2: 16 op, 448098.00 ns, 28.0061 us/op
WorkloadJitting  2: 16 op, 494083.00 ns, 30.8802 us/op

WorkloadPilot    1: 16 op, 28033.00 ns, 1.7521 us/op
WorkloadPilot    2: 32 op, 37270.00 ns, 1.1647 us/op
WorkloadPilot    3: 64 op, 44473.00 ns, 694.8906 ns/op
WorkloadPilot    4: 128 op, 149259.00 ns, 1.1661 us/op
WorkloadPilot    5: 256 op, 95919.00 ns, 374.6836 ns/op
WorkloadPilot    6: 512 op, 165961.00 ns, 324.1426 ns/op
WorkloadPilot    7: 1024 op, 228557.00 ns, 223.2002 ns/op
WorkloadPilot    8: 2048 op, 444661.00 ns, 217.1196 ns/op
WorkloadPilot    9: 4096 op, 996762.00 ns, 243.3501 ns/op
WorkloadPilot   10: 8192 op, 1949724.00 ns, 238.0034 ns/op
WorkloadPilot   11: 16384 op, 3928250.00 ns, 239.7614 ns/op
WorkloadPilot   12: 32768 op, 7650356.00 ns, 233.4703 ns/op
WorkloadPilot   13: 65536 op, 12122453.00 ns, 184.9740 ns/op
WorkloadPilot   14: 131072 op, 15232785.00 ns, 116.2169 ns/op
WorkloadPilot   15: 262144 op, 30282959.00 ns, 115.5203 ns/op
WorkloadPilot   16: 524288 op, 69648690.00 ns, 132.8443 ns/op
WorkloadPilot   17: 1048576 op, 133417702.00 ns, 127.2370 ns/op
WorkloadPilot   18: 2097152 op, 244852227.00 ns, 116.7546 ns/op
WorkloadPilot   19: 4194304 op, 484653796.00 ns, 115.5505 ns/op
WorkloadPilot   20: 8388608 op, 955230588.00 ns, 113.8724 ns/op

OverheadWarmup   1: 8388608 op, 27744376.00 ns, 3.3074 ns/op
OverheadWarmup   2: 8388608 op, 27859240.00 ns, 3.3211 ns/op
OverheadWarmup   3: 8388608 op, 27782847.00 ns, 3.3120 ns/op
OverheadWarmup   4: 8388608 op, 27798827.00 ns, 3.3139 ns/op
OverheadWarmup   5: 8388608 op, 27759202.00 ns, 3.3092 ns/op

OverheadActual   1: 8388608 op, 27820758.00 ns, 3.3165 ns/op
OverheadActual   2: 8388608 op, 27783548.00 ns, 3.3121 ns/op
OverheadActual   3: 8388608 op, 27904544.00 ns, 3.3265 ns/op
OverheadActual   4: 8388608 op, 27771366.00 ns, 3.3106 ns/op
OverheadActual   5: 8388608 op, 27728916.00 ns, 3.3055 ns/op
OverheadActual   6: 8388608 op, 27846706.00 ns, 3.3196 ns/op
OverheadActual   7: 8388608 op, 27829854.00 ns, 3.3176 ns/op
OverheadActual   8: 8388608 op, 27844782.00 ns, 3.3194 ns/op
OverheadActual   9: 8388608 op, 27805529.00 ns, 3.3147 ns/op
OverheadActual  10: 8388608 op, 27810849.00 ns, 3.3153 ns/op
OverheadActual  11: 8388608 op, 27809156.00 ns, 3.3151 ns/op
OverheadActual  12: 8388608 op, 27775844.00 ns, 3.3111 ns/op
OverheadActual  13: 8388608 op, 27833932.00 ns, 3.3181 ns/op
OverheadActual  14: 8388608 op, 27764523.00 ns, 3.3098 ns/op
OverheadActual  15: 8388608 op, 27828663.00 ns, 3.3174 ns/op

WorkloadWarmup   1: 8388608 op, 994351181.00 ns, 118.5359 ns/op
WorkloadWarmup   2: 8388608 op, 962072222.00 ns, 114.6879 ns/op
WorkloadWarmup   3: 8388608 op, 963611449.00 ns, 114.8714 ns/op

// BeforeActualRun
WorkloadActual   1: 8388608 op, 957375043.00 ns, 114.1280 ns/op
WorkloadActual   2: 8388608 op, 1036992266.00 ns, 123.6191 ns/op
WorkloadActual   3: 8388608 op, 988934800.00 ns, 117.8902 ns/op

// AfterActualRun
WorkloadResult   1: 8388608 op, 929564194.00 ns, 110.8127 ns/op
WorkloadResult   2: 8388608 op, 1009181417.00 ns, 120.3038 ns/op
WorkloadResult   3: 8388608 op, 961123951.00 ns, 114.5749 ns/op
// GC:  164 0 0 2751463424 8388608
// Threading:  0 0 8388608

// AfterAll
// Benchmark Process 3660 has exited with code 0.

Mean = 115.230 ns, StdErr = 2.759 ns (2.39%), N = 3, StdDev = 4.779 ns
Min = 110.813 ns, Q1 = 112.694 ns, Median = 114.575 ns, Q3 = 117.439 ns, Max = 120.304 ns
IQR = 4.746 ns, LowerFence = 105.575 ns, UpperFence = 124.558 ns
ConfidenceInterval = [28.036 ns; 202.424 ns] (CI 99.9%), Margin = 87.194 ns (75.67% of Mean)
Skewness = 0.13, Kurtosis = 0.67, MValue = 2

// ** Remained 1 (4.2 %) benchmark(s) to run. Estimated finish 2026-09-24 9:41 (0h 0m from now) **
// **************************
// Benchmark: MaskingStrategyBenchmarks.RegexPattern: ShortRun(IterationCount=3, LaunchCount=1, WarmupCount=3)
// *** Execute ***
// Launch: 1 / 1
// Execute: dotnet Encina.Security.PII.Benchmarks-Job-YFEFPZ-1.dll --anonymousPipes 164 165 --benchmarkName Encina.Security.PII.Benchmarks.MaskingStrategyBenchmarks.RegexPattern --job ShortRun --benchmarkId 23 in /home/runner/work/Encina/Encina/tests/Encina.BenchmarkTests/Encina.Security.PII.Benchmarks/bin/Release/net10.0/Encina.Security.PII.Benchmarks-Job-YFEFPZ-1/bin/Release/net10.0
// Failed to set up high priority (Permission denied). In order to run benchmarks with high priority, make sure you have the right permissions.
// BeforeAnythingElse

// Benchmark Process Environment Information:
// BenchmarkDotNet v0.15.8
// Runtime=.NET 10.0.12 (10.0.12, 10.0.1226.42308), X64 RyuJIT x86-64-v3
// GC=Concurrent Workstation
// HardwareIntrinsics=AVX2+BMI1+BMI2+F16C+FMA+LZCNT+MOVBE,AVX,SSE3+SSSE3+SSE4.1+SSE4.2+POPCNT,X86Base+SSE+SSE2,AES+PCLMUL VectorSize=256
// Job: ShortRun(IterationCount=3, LaunchCount=1, WarmupCount=3)

OverheadJitting  1: 1 op, 232555.00 ns, 232.5550 us/op
WorkloadJitting  1: 1 op, 14966037.00 ns, 14.9660 ms/op

OverheadJitting  2: 16 op, 463396.00 ns, 28.9623 us/op
WorkloadJitting  2: 16 op, 580074.00 ns, 36.2546 us/op

WorkloadPilot    1: 16 op, 49403.00 ns, 3.0877 us/op
WorkloadPilot    2: 32 op, 60834.00 ns, 1.9011 us/op
WorkloadPilot    3: 64 op, 83446.00 ns, 1.3038 us/op
WorkloadPilot    4: 128 op, 146083.00 ns, 1.1413 us/op
WorkloadPilot    5: 256 op, 257862.00 ns, 1.0073 us/op
WorkloadPilot    6: 512 op, 455461.00 ns, 889.5723 ns/op
WorkloadPilot    7: 1024 op, 735936.00 ns, 718.6875 ns/op
WorkloadPilot    8: 2048 op, 1552401.00 ns, 758.0083 ns/op
WorkloadPilot    9: 4096 op, 3126864.00 ns, 763.3945 ns/op
WorkloadPilot   10: 8192 op, 6245862.00 ns, 762.4343 ns/op
WorkloadPilot   11: 16384 op, 12280769.00 ns, 749.5587 ns/op
WorkloadPilot   12: 32768 op, 24266838.00 ns, 740.5651 ns/op
WorkloadPilot   13: 65536 op, 40947009.00 ns, 624.8018 ns/op
WorkloadPilot   14: 131072 op, 75370637.00 ns, 575.0323 ns/op
WorkloadPilot   15: 262144 op, 150723120.00 ns, 574.9631 ns/op
WorkloadPilot   16: 524288 op, 302305286.00 ns, 576.6016 ns/op
WorkloadPilot   17: 1048576 op, 605319066.00 ns, 577.2772 ns/op

OverheadWarmup   1: 1048576 op, 3448193.00 ns, 3.2885 ns/op
OverheadWarmup   2: 1048576 op, 3472118.00 ns, 3.3113 ns/op
OverheadWarmup   3: 1048576 op, 3468873.00 ns, 3.3082 ns/op
OverheadWarmup   4: 1048576 op, 3449086.00 ns, 3.2893 ns/op
OverheadWarmup   5: 1048576 op, 3444507.00 ns, 3.2849 ns/op
OverheadWarmup   6: 1048576 op, 3453704.00 ns, 3.2937 ns/op
OverheadWarmup   7: 1048576 op, 3455497.00 ns, 3.2954 ns/op
OverheadWarmup   8: 1048576 op, 3450848.00 ns, 3.2910 ns/op

OverheadActual   1: 1048576 op, 3453564.00 ns, 3.2936 ns/op
OverheadActual   2: 1048576 op, 3475054.00 ns, 3.3141 ns/op
OverheadActual   3: 1048576 op, 3456029.00 ns, 3.2959 ns/op
OverheadActual   4: 1048576 op, 3465045.00 ns, 3.3045 ns/op
OverheadActual   5: 1048576 op, 3452632.00 ns, 3.2927 ns/op
OverheadActual   6: 1048576 op, 3460777.00 ns, 3.3005 ns/op
OverheadActual   7: 1048576 op, 3451811.00 ns, 3.2919 ns/op
OverheadActual   8: 1048576 op, 3443956.00 ns, 3.2844 ns/op
OverheadActual   9: 1048576 op, 3446832.00 ns, 3.2872 ns/op
OverheadActual  10: 1048576 op, 3448645.00 ns, 3.2889 ns/op
OverheadActual  11: 1048576 op, 3454566.00 ns, 3.2945 ns/op
OverheadActual  12: 1048576 op, 3454736.00 ns, 3.2947 ns/op
OverheadActual  13: 1048576 op, 3452873.00 ns, 3.2929 ns/op
OverheadActual  14: 1048576 op, 3455468.00 ns, 3.2954 ns/op
OverheadActual  15: 1048576 op, 3476086.00 ns, 3.3151 ns/op

WorkloadWarmup   1: 1048576 op, 609589627.00 ns, 581.3500 ns/op
WorkloadWarmup   2: 1048576 op, 606129822.00 ns, 578.0504 ns/op
WorkloadWarmup   3: 1048576 op, 608724761.00 ns, 580.5252 ns/op

// BeforeActualRun
WorkloadActual   1: 1048576 op, 604003147.00 ns, 576.0223 ns/op
WorkloadActual   2: 1048576 op, 601574719.00 ns, 573.7064 ns/op
WorkloadActual   3: 1048576 op, 601883831.00 ns, 574.0012 ns/op

// AfterActualRun
WorkloadResult   1: 1048576 op, 600548581.00 ns, 572.7278 ns/op
WorkloadResult   2: 1048576 op, 598120153.00 ns, 570.4118 ns/op
WorkloadResult   3: 1048576 op, 598429265.00 ns, 570.7066 ns/op
// GC:  26 0 0 436207616 1048576
// Threading:  0 0 1048576

// AfterAll
// Benchmark Process 3674 has exited with code 0.

Mean = 571.282 ns, StdErr = 0.728 ns (0.13%), N = 3, StdDev = 1.261 ns
Min = 570.412 ns, Q1 = 570.559 ns, Median = 570.707 ns, Q3 = 571.717 ns, Max = 572.728 ns
IQR = 1.158 ns, LowerFence = 568.822 ns, UpperFence = 573.454 ns
ConfidenceInterval = [548.283 ns; 594.281 ns] (CI 99.9%), Margin = 22.999 ns (4.03% of Mean)
Skewness = 0.36, Kurtosis = 0.67, MValue = 2

// ** Remained 0 (0.0 %) benchmark(s) to run. Estimated finish 2026-09-24 9:40 (0h 0m from now) **
// ***** BenchmarkRunner: Finish  *****

// * Export *
  artifacts/performance/SecurityPII/results/Encina.Security.PII.Benchmarks.MaskingStrategyBenchmarks-report.csv
  artifacts/performance/SecurityPII/results/Encina.Security.PII.Benchmarks.MaskingStrategyBenchmarks-report-github.md
  artifacts/performance/SecurityPII/results/Encina.Security.PII.Benchmarks.MaskingStrategyBenchmarks-report.html
  artifacts/performance/SecurityPII/results/Encina.Security.PII.Benchmarks.MaskingStrategyBenchmarks-report-full-compressed.json

// * Detailed results *
MaskingStrategyBenchmarks.Email_Partial: Job-YFEFPZ(IterationCount=10, WarmupCount=3)
Runtime = .NET 10.0.12 (10.0.12, 10.0.1226.42308), X64 RyuJIT x86-64-v3; GC = Concurrent Workstation
Mean = 101.161 ns, StdErr = 0.258 ns (0.26%), N = 10, StdDev = 0.816 ns
Min = 100.132 ns, Q1 = 100.486 ns, Median = 100.997 ns, Q3 = 101.866 ns, Max = 102.483 ns
IQR = 1.380 ns, LowerFence = 98.417 ns, UpperFence = 103.936 ns
ConfidenceInterval = [99.927 ns; 102.396 ns] (CI 99.9%), Margin = 1.234 ns (1.22% of Mean)
Skewness = 0.24, Kurtosis = 1.3, MValue = 2
-------------------- Histogram --------------------
[99.635 ns ; 102.980 ns) | @@@@@@@@@@
---------------------------------------------------

MaskingStrategyBenchmarks.Phone_Partial: Job-YFEFPZ(IterationCount=10, WarmupCount=3)
Runtime = .NET 10.0.12 (10.0.12, 10.0.1226.42308), X64 RyuJIT x86-64-v3; GC = Concurrent Workstation
Mean = 410.446 ns, StdErr = 0.385 ns (0.09%), N = 9, StdDev = 1.155 ns
Min = 408.925 ns, Q1 = 409.426 ns, Median = 410.707 ns, Q3 = 410.973 ns, Max = 412.572 ns
IQR = 1.547 ns, LowerFence = 407.106 ns, UpperFence = 413.293 ns
ConfidenceInterval = [408.505 ns; 412.388 ns] (CI 99.9%), Margin = 1.942 ns (0.47% of Mean)
Skewness = 0.23, Kurtosis = 1.9, MValue = 2
-------------------- Histogram --------------------
[408.196 ns ; 413.301 ns) | @@@@@@@@@
---------------------------------------------------

MaskingStrategyBenchmarks.CreditCard_Partial: Job-YFEFPZ(IterationCount=10, WarmupCount=3)
Runtime = .NET 10.0.12 (10.0.12, 10.0.1226.42308), X64 RyuJIT x86-64-v3; GC = Concurrent Workstation
Mean = 498.937 ns, StdErr = 0.612 ns (0.12%), N = 9, StdDev = 1.837 ns
Min = 496.191 ns, Q1 = 497.804 ns, Median = 498.612 ns, Q3 = 499.882 ns, Max = 502.399 ns
IQR = 2.079 ns, LowerFence = 494.685 ns, UpperFence = 503.001 ns
ConfidenceInterval = [495.850 ns; 502.024 ns] (CI 99.9%), Margin = 3.087 ns (0.62% of Mean)
Skewness = 0.41, Kurtosis = 2.09, MValue = 2
-------------------- Histogram --------------------
[495.032 ns ; 503.558 ns) | @@@@@@@@@
---------------------------------------------------

MaskingStrategyBenchmarks.SSN_Partial: Job-YFEFPZ(IterationCount=10, WarmupCount=3)
Runtime = .NET 10.0.12 (10.0.12, 10.0.1226.42308), X64 RyuJIT x86-64-v3; GC = Concurrent Workstation
Mean = 403.339 ns, StdErr = 0.617 ns (0.15%), N = 10, StdDev = 1.952 ns
Min = 400.480 ns, Q1 = 401.810 ns, Median = 403.011 ns, Q3 = 404.816 ns, Max = 406.426 ns
IQR = 3.006 ns, LowerFence = 397.302 ns, UpperFence = 409.324 ns
ConfidenceInterval = [400.387 ns; 406.290 ns] (CI 99.9%), Margin = 2.951 ns (0.73% of Mean)
Skewness = 0.08, Kurtosis = 1.48, MValue = 2
-------------------- Histogram --------------------
[399.291 ns ; 407.615 ns) | @@@@@@@@@@
---------------------------------------------------

MaskingStrategyBenchmarks.Name_Partial: Job-YFEFPZ(IterationCount=10, WarmupCount=3)
Runtime = .NET 10.0.12 (10.0.12, 10.0.1226.42308), X64 RyuJIT x86-64-v3; GC = Concurrent Workstation
Mean = 185.666 ns, StdErr = 0.225 ns (0.12%), N = 10, StdDev = 0.711 ns
Min = 184.569 ns, Q1 = 185.247 ns, Median = 185.729 ns, Q3 = 186.007 ns, Max = 187.001 ns
IQR = 0.760 ns, LowerFence = 184.108 ns, UpperFence = 187.146 ns
ConfidenceInterval = [184.592 ns; 186.741 ns] (CI 99.9%), Margin = 1.074 ns (0.58% of Mean)
Skewness = 0.11, Kurtosis = 2.12, MValue = 2
-------------------- Histogram --------------------
[184.136 ns ; 187.434 ns) | @@@@@@@@@@
---------------------------------------------------

MaskingStrategyBenchmarks.Address_Partial: Job-YFEFPZ(IterationCount=10, WarmupCount=3)
Runtime = .NET 10.0.12 (10.0.12, 10.0.1226.42308), X64 RyuJIT x86-64-v3; GC = Concurrent Workstation
Mean = 125.055 ns, StdErr = 0.212 ns (0.17%), N = 9, StdDev = 0.636 ns
Min = 124.142 ns, Q1 = 124.582 ns, Median = 125.060 ns, Q3 = 125.366 ns, Max = 126.001 ns
IQR = 0.784 ns, LowerFence = 123.406 ns, UpperFence = 126.542 ns
ConfidenceInterval = [123.987 ns; 126.123 ns] (CI 99.9%), Margin = 1.068 ns (0.85% of Mean)
Skewness = 0.14, Kurtosis = 1.51, MValue = 2
-------------------- Histogram --------------------
[123.741 ns ; 126.054 ns) | @@@@@@@@@
---------------------------------------------------

MaskingStrategyBenchmarks.DateOfBirth_Partial: Job-YFEFPZ(IterationCount=10, WarmupCount=3)
Runtime = .NET 10.0.12 (10.0.12, 10.0.1226.42308), X64 RyuJIT x86-64-v3; GC = Concurrent Workstation
Mean = 230.922 ns, StdErr = 0.312 ns (0.14%), N = 10, StdDev = 0.987 ns
Min = 229.544 ns, Q1 = 230.159 ns, Median = 231.055 ns, Q3 = 231.443 ns, Max = 232.852 ns
IQR = 1.285 ns, LowerFence = 228.232 ns, UpperFence = 233.370 ns
ConfidenceInterval = [229.429 ns; 232.415 ns] (CI 99.9%), Margin = 1.493 ns (0.65% of Mean)
Skewness = 0.32, Kurtosis = 2.1, MValue = 2
-------------------- Histogram --------------------
[228.943 ns ; 233.454 ns) | @@@@@@@@@@
---------------------------------------------------

MaskingStrategyBenchmarks.IPAddress_Partial: Job-YFEFPZ(IterationCount=10, WarmupCount=3)
Runtime = .NET 10.0.12 (10.0.12, 10.0.1226.42308), X64 RyuJIT x86-64-v3; GC = Concurrent Workstation
Mean = 183.085 ns, StdErr = 0.295 ns (0.16%), N = 10, StdDev = 0.934 ns
Min = 182.173 ns, Q1 = 182.321 ns, Median = 182.708 ns, Q3 = 183.855 ns, Max = 184.541 ns
IQR = 1.535 ns, LowerFence = 180.018 ns, UpperFence = 186.157 ns
ConfidenceInterval = [181.673 ns; 184.496 ns] (CI 99.9%), Margin = 1.412 ns (0.77% of Mean)
Skewness = 0.56, Kurtosis = 1.43, MValue = 2
-------------------- Histogram --------------------
[181.604 ns ; 185.110 ns) | @@@@@@@@@@
---------------------------------------------------

MaskingStrategyBenchmarks.Custom_FullMasking: Job-YFEFPZ(IterationCount=10, WarmupCount=3)
Runtime = .NET 10.0.12 (10.0.12, 10.0.1226.42308), X64 RyuJIT x86-64-v3; GC = Concurrent Workstation
Mean = 56.762 ns, StdErr = 0.171 ns (0.30%), N = 10, StdDev = 0.540 ns
Min = 56.025 ns, Q1 = 56.377 ns, Median = 56.673 ns, Q3 = 57.095 ns, Max = 57.813 ns
IQR = 0.719 ns, LowerFence = 55.299 ns, UpperFence = 58.173 ns
ConfidenceInterval = [55.946 ns; 57.579 ns] (CI 99.9%), Margin = 0.816 ns (1.44% of Mean)
Skewness = 0.48, Kurtosis = 1.98, MValue = 2
-------------------- Histogram --------------------
[55.696 ns ; 58.142 ns) | @@@@@@@@@@
---------------------------------------------------

MaskingStrategyBenchmarks.Email_Short: Job-YFEFPZ(IterationCount=10, WarmupCount=3)
Runtime = .NET 10.0.12 (10.0.12, 10.0.1226.42308), X64 RyuJIT x86-64-v3; GC = Concurrent Workstation
Mean = 72.411 ns, StdErr = 0.122 ns (0.17%), N = 8, StdDev = 0.344 ns
Min = 71.954 ns, Q1 = 72.203 ns, Median = 72.346 ns, Q3 = 72.636 ns, Max = 73.022 ns
IQR = 0.433 ns, LowerFence = 71.554 ns, UpperFence = 73.285 ns
ConfidenceInterval = [71.753 ns; 73.068 ns] (CI 99.9%), Margin = 0.658 ns (0.91% of Mean)
Skewness = 0.37, Kurtosis = 1.77, MValue = 2
-------------------- Histogram --------------------
[71.728 ns ; 73.162 ns) | @@@@@@@@
---------------------------------------------------

MaskingStrategyBenchmarks.Email_Long: Job-YFEFPZ(IterationCount=10, WarmupCount=3)
Runtime = .NET 10.0.12 (10.0.12, 10.0.1226.42308), X64 RyuJIT x86-64-v3; GC = Concurrent Workstation
Mean = 109.539 ns, StdErr = 0.461 ns (0.42%), N = 9, StdDev = 1.382 ns
Min = 107.317 ns, Q1 = 109.041 ns, Median = 109.334 ns, Q3 = 110.586 ns, Max = 111.844 ns
IQR = 1.545 ns, LowerFence = 106.724 ns, UpperFence = 112.903 ns
ConfidenceInterval = [107.218 ns; 111.861 ns] (CI 99.9%), Margin = 2.322 ns (2.12% of Mean)
Skewness = 0.08, Kurtosis = 1.84, MValue = 2
-------------------- Histogram --------------------
[106.445 ns ; 109.878 ns) | @@@@@@
[109.878 ns ; 112.327 ns) | @@@
---------------------------------------------------

MaskingStrategyBenchmarks.RegexPattern: Job-YFEFPZ(IterationCount=10, WarmupCount=3)
Runtime = .NET 10.0.12 (10.0.12, 10.0.1226.42308), X64 RyuJIT x86-64-v3; GC = Concurrent Workstation
Mean = 590.966 ns, StdErr = 0.355 ns (0.06%), N = 9, StdDev = 1.064 ns
Min = 589.445 ns, Q1 = 590.494 ns, Median = 590.942 ns, Q3 = 591.880 ns, Max = 592.443 ns
IQR = 1.387 ns, LowerFence = 588.414 ns, UpperFence = 593.960 ns
ConfidenceInterval = [589.179 ns; 592.754 ns] (CI 99.9%), Margin = 1.787 ns (0.30% of Mean)
Skewness = -0.13, Kurtosis = 1.4, MValue = 2
-------------------- Histogram --------------------
[588.773 ns ; 593.115 ns) | @@@@@@@@@
---------------------------------------------------

MaskingStrategyBenchmarks.Email_Partial: ShortRun(IterationCount=3, LaunchCount=1, WarmupCount=3)
Runtime = .NET 10.0.12 (10.0.12, 10.0.1226.42308), X64 RyuJIT x86-64-v3; GC = Concurrent Workstation
Mean = 100.452 ns, StdErr = 0.111 ns (0.11%), N = 3, StdDev = 0.192 ns
Min = 100.330 ns, Q1 = 100.341 ns, Median = 100.352 ns, Q3 = 100.513 ns, Max = 100.673 ns
IQR = 0.171 ns, LowerFence = 100.085 ns, UpperFence = 100.770 ns
ConfidenceInterval = [96.954 ns; 103.950 ns] (CI 99.9%), Margin = 3.498 ns (3.48% of Mean)
Skewness = 0.38, Kurtosis = 0.67, MValue = 2
-------------------- Histogram --------------------
[100.327 ns ; 100.676 ns) | @@@
---------------------------------------------------

MaskingStrategyBenchmarks.Phone_Partial: ShortRun(IterationCount=3, LaunchCount=1, WarmupCount=3)
Runtime = .NET 10.0.12 (10.0.12, 10.0.1226.42308), X64 RyuJIT x86-64-v3; GC = Concurrent Workstation
Mean = 426.785 ns, StdErr = 1.051 ns (0.25%), N = 3, StdDev = 1.820 ns
Min = 424.696 ns, Q1 = 426.167 ns, Median = 427.638 ns, Q3 = 427.830 ns, Max = 428.022 ns
IQR = 1.663 ns, LowerFence = 423.672 ns, UpperFence = 430.325 ns
ConfidenceInterval = [393.588 ns; 459.982 ns] (CI 99.9%), Margin = 33.197 ns (7.78% of Mean)
Skewness = -0.37, Kurtosis = 0.67, MValue = 2
-------------------- Histogram --------------------
[423.040 ns ; 429.678 ns) | @@@
---------------------------------------------------

MaskingStrategyBenchmarks.CreditCard_Partial: ShortRun(IterationCount=3, LaunchCount=1, WarmupCount=3)
Runtime = .NET 10.0.12 (10.0.12, 10.0.1226.42308), X64 RyuJIT x86-64-v3; GC = Concurrent Workstation
Mean = 513.224 ns, StdErr = 1.173 ns (0.23%), N = 3, StdDev = 2.032 ns
Min = 511.795 ns, Q1 = 512.060 ns, Median = 512.325 ns, Q3 = 513.938 ns, Max = 515.550 ns
IQR = 1.878 ns, LowerFence = 509.244 ns, UpperFence = 516.754 ns
ConfidenceInterval = [476.146 ns; 550.302 ns] (CI 99.9%), Margin = 37.078 ns (7.22% of Mean)
Skewness = 0.36, Kurtosis = 0.67, MValue = 2
-------------------- Histogram --------------------
[509.946 ns ; 517.400 ns) | @@@
---------------------------------------------------

MaskingStrategyBenchmarks.SSN_Partial: ShortRun(IterationCount=3, LaunchCount=1, WarmupCount=3)
Runtime = .NET 10.0.12 (10.0.12, 10.0.1226.42308), X64 RyuJIT x86-64-v3; GC = Concurrent Workstation
Mean = 427.077 ns, StdErr = 1.005 ns (0.24%), N = 3, StdDev = 1.740 ns
Min = 425.271 ns, Q1 = 426.244 ns, Median = 427.217 ns, Q3 = 427.980 ns, Max = 428.743 ns
IQR = 1.736 ns, LowerFence = 423.641 ns, UpperFence = 430.584 ns
ConfidenceInterval = [395.332 ns; 458.823 ns] (CI 99.9%), Margin = 31.746 ns (7.43% of Mean)
Skewness = -0.08, Kurtosis = 0.67, MValue = 2
-------------------- Histogram --------------------
[423.688 ns ; 430.326 ns) | @@@
---------------------------------------------------

MaskingStrategyBenchmarks.Name_Partial: ShortRun(IterationCount=3, LaunchCount=1, WarmupCount=3)
Runtime = .NET 10.0.12 (10.0.12, 10.0.1226.42308), X64 RyuJIT x86-64-v3; GC = Concurrent Workstation
Mean = 186.860 ns, StdErr = 0.233 ns (0.12%), N = 3, StdDev = 0.403 ns
Min = 186.418 ns, Q1 = 186.687 ns, Median = 186.956 ns, Q3 = 187.081 ns, Max = 187.206 ns
IQR = 0.394 ns, LowerFence = 186.095 ns, UpperFence = 187.672 ns
ConfidenceInterval = [179.511 ns; 194.209 ns] (CI 99.9%), Margin = 7.349 ns (3.93% of Mean)
Skewness = -0.22, Kurtosis = 0.67, MValue = 2
-------------------- Histogram --------------------
[186.051 ns ; 187.573 ns) | @@@
---------------------------------------------------

MaskingStrategyBenchmarks.Address_Partial: ShortRun(IterationCount=3, LaunchCount=1, WarmupCount=3)
Runtime = .NET 10.0.12 (10.0.12, 10.0.1226.42308), X64 RyuJIT x86-64-v3; GC = Concurrent Workstation
Mean = 129.784 ns, StdErr = 1.117 ns (0.86%), N = 3, StdDev = 1.934 ns
Min = 127.657 ns, Q1 = 128.958 ns, Median = 130.258 ns, Q3 = 130.848 ns, Max = 131.437 ns
IQR = 1.890 ns, LowerFence = 126.122 ns, UpperFence = 133.683 ns
ConfidenceInterval = [94.497 ns; 165.071 ns] (CI 99.9%), Margin = 35.287 ns (27.19% of Mean)
Skewness = -0.23, Kurtosis = 0.67, MValue = 2
-------------------- Histogram --------------------
[125.897 ns ; 129.088 ns) | @
[129.088 ns ; 133.198 ns) | @@
---------------------------------------------------

MaskingStrategyBenchmarks.DateOfBirth_Partial: ShortRun(IterationCount=3, LaunchCount=1, WarmupCount=3)
Runtime = .NET 10.0.12 (10.0.12, 10.0.1226.42308), X64 RyuJIT x86-64-v3; GC = Concurrent Workstation
Mean = 231.230 ns, StdErr = 0.050 ns (0.02%), N = 3, StdDev = 0.086 ns
Min = 231.134 ns, Q1 = 231.195 ns, Median = 231.256 ns, Q3 = 231.278 ns, Max = 231.300 ns
IQR = 0.083 ns, LowerFence = 231.071 ns, UpperFence = 231.402 ns
ConfidenceInterval = [229.663 ns; 232.797 ns] (CI 99.9%), Margin = 1.567 ns (0.68% of Mean)
Skewness = -0.28, Kurtosis = 0.67, MValue = 2
-------------------- Histogram --------------------
[231.056 ns ; 231.378 ns) | @@@
---------------------------------------------------

MaskingStrategyBenchmarks.IPAddress_Partial: ShortRun(IterationCount=3, LaunchCount=1, WarmupCount=3)
Runtime = .NET 10.0.12 (10.0.12, 10.0.1226.42308), X64 RyuJIT x86-64-v3; GC = Concurrent Workstation
Mean = 182.488 ns, StdErr = 0.232 ns (0.13%), N = 3, StdDev = 0.403 ns
Min = 182.102 ns, Q1 = 182.279 ns, Median = 182.457 ns, Q3 = 182.681 ns, Max = 182.906 ns
IQR = 0.402 ns, LowerFence = 181.677 ns, UpperFence = 183.284 ns
ConfidenceInterval = [175.143 ns; 189.834 ns] (CI 99.9%), Margin = 7.346 ns (4.03% of Mean)
Skewness = 0.08, Kurtosis = 0.67, MValue = 2
-------------------- Histogram --------------------
[181.736 ns ; 183.272 ns) | @@@
---------------------------------------------------

MaskingStrategyBenchmarks.Custom_FullMasking: ShortRun(IterationCount=3, LaunchCount=1, WarmupCount=3)
Runtime = .NET 10.0.12 (10.0.12, 10.0.1226.42308), X64 RyuJIT x86-64-v3; GC = Concurrent Workstation
Mean = 58.613 ns, StdErr = 0.359 ns (0.61%), N = 3, StdDev = 0.622 ns
Min = 58.055 ns, Q1 = 58.278 ns, Median = 58.501 ns, Q3 = 58.893 ns, Max = 59.284 ns
IQR = 0.615 ns, LowerFence = 57.356 ns, UpperFence = 59.815 ns
ConfidenceInterval = [47.259 ns; 69.968 ns] (CI 99.9%), Margin = 11.355 ns (19.37% of Mean)
Skewness = 0.17, Kurtosis = 0.67, MValue = 2
-------------------- Histogram --------------------
[57.695 ns ; 59.851 ns) | @@@
---------------------------------------------------

MaskingStrategyBenchmarks.Email_Short: ShortRun(IterationCount=3, LaunchCount=1, WarmupCount=3)
Runtime = .NET 10.0.12 (10.0.12, 10.0.1226.42308), X64 RyuJIT x86-64-v3; GC = Concurrent Workstation
Mean = 75.279 ns, StdErr = 0.250 ns (0.33%), N = 3, StdDev = 0.433 ns
Min = 74.898 ns, Q1 = 75.044 ns, Median = 75.191 ns, Q3 = 75.470 ns, Max = 75.750 ns
IQR = 0.426 ns, LowerFence = 74.405 ns, UpperFence = 76.109 ns
ConfidenceInterval = [67.381 ns; 83.177 ns] (CI 99.9%), Margin = 7.898 ns (10.49% of Mean)
Skewness = 0.2, Kurtosis = 0.67, MValue = 2
-------------------- Histogram --------------------
[74.504 ns ; 75.794 ns) | @@@
---------------------------------------------------

MaskingStrategyBenchmarks.Email_Long: ShortRun(IterationCount=3, LaunchCount=1, WarmupCount=3)
Runtime = .NET 10.0.12 (10.0.12, 10.0.1226.42308), X64 RyuJIT x86-64-v3; GC = Concurrent Workstation
Mean = 115.230 ns, StdErr = 2.759 ns (2.39%), N = 3, StdDev = 4.779 ns
Min = 110.813 ns, Q1 = 112.694 ns, Median = 114.575 ns, Q3 = 117.439 ns, Max = 120.304 ns
IQR = 4.746 ns, LowerFence = 105.575 ns, UpperFence = 124.558 ns
ConfidenceInterval = [28.036 ns; 202.424 ns] (CI 99.9%), Margin = 87.194 ns (75.67% of Mean)
Skewness = 0.13, Kurtosis = 0.67, MValue = 2
-------------------- Histogram --------------------
[108.344 ns ; 117.043 ns) | @@
[117.043 ns ; 124.653 ns) | @
---------------------------------------------------

MaskingStrategyBenchmarks.RegexPattern: ShortRun(IterationCount=3, LaunchCount=1, WarmupCount=3)
Runtime = .NET 10.0.12 (10.0.12, 10.0.1226.42308), X64 RyuJIT x86-64-v3; GC = Concurrent Workstation
Mean = 571.282 ns, StdErr = 0.728 ns (0.13%), N = 3, StdDev = 1.261 ns
Min = 570.412 ns, Q1 = 570.559 ns, Median = 570.707 ns, Q3 = 571.717 ns, Max = 572.728 ns
IQR = 1.158 ns, LowerFence = 568.822 ns, UpperFence = 573.454 ns
ConfidenceInterval = [548.283 ns; 594.281 ns] (CI 99.9%), Margin = 22.999 ns (4.03% of Mean)
Skewness = 0.36, Kurtosis = 0.67, MValue = 2
-------------------- Histogram --------------------
[569.264 ns ; 573.875 ns) | @@@
---------------------------------------------------

// * Summary *

BenchmarkDotNet v0.15.8, Linux Ubuntu 24.04.5 LTS (Noble Numbat)
AMD EPYC 7763 2.45GHz, 1 CPU, 4 logical and 2 physical cores
.NET SDK 10.0.401
  [Host]     : .NET 10.0.12 (10.0.12, 10.0.1226.42308), X64 RyuJIT x86-64-v3
  Job-YFEFPZ : .NET 10.0.12 (10.0.12, 10.0.1226.42308), X64 RyuJIT x86-64-v3
  ShortRun   : .NET 10.0.12 (10.0.12, 10.0.1226.42308), X64 RyuJIT x86-64-v3

WarmupCount=3  

| Method              | Job        | IterationCount | LaunchCount | Mean      | Error     | StdDev   | Ratio | RatioSD | Gen0   | Allocated | Alloc Ratio |
|-------------------- |----------- |--------------- |------------ |----------:|----------:|---------:|------:|--------:|-------:|----------:|------------:|
| Email_Partial       | Job-YFEFPZ | 10             | Default     | 101.16 ns |  1.234 ns | 0.816 ns |  1.00 |    0.01 | 0.0134 |     224 B |        1.00 |
| Phone_Partial       | Job-YFEFPZ | 10             | Default     | 410.45 ns |  1.942 ns | 1.155 ns |  4.06 |    0.03 | 0.0310 |     520 B |        2.32 |
| CreditCard_Partial  | Job-YFEFPZ | 10             | Default     | 498.94 ns |  3.087 ns | 1.837 ns |  4.93 |    0.04 | 0.0324 |     544 B |        2.43 |
| SSN_Partial         | Job-YFEFPZ | 10             | Default     | 403.34 ns |  2.951 ns | 1.952 ns |  3.99 |    0.04 | 0.0310 |     520 B |        2.32 |
| Name_Partial        | Job-YFEFPZ | 10             | Default     | 185.67 ns |  1.074 ns | 0.711 ns |  1.84 |    0.02 | 0.0167 |     280 B |        1.25 |
| Address_Partial     | Job-YFEFPZ | 10             | Default     | 125.05 ns |  1.068 ns | 0.636 ns |  1.24 |    0.01 | 0.0196 |     328 B |        1.46 |
| DateOfBirth_Partial | Job-YFEFPZ | 10             | Default     | 230.92 ns |  1.493 ns | 0.987 ns |  2.28 |    0.02 | 0.0229 |     384 B |        1.71 |
| IPAddress_Partial   | Job-YFEFPZ | 10             | Default     | 183.08 ns |  1.412 ns | 0.934 ns |  1.81 |    0.02 | 0.0157 |     264 B |        1.18 |
| Custom_FullMasking  | Job-YFEFPZ | 10             | Default     |  56.76 ns |  0.816 ns | 0.540 ns |  0.56 |    0.01 | 0.0076 |     128 B |        0.57 |
| Email_Short         | Job-YFEFPZ | 10             | Default     |  72.41 ns |  0.658 ns | 0.344 ns |  0.72 |    0.01 | 0.0076 |     128 B |        0.57 |
| Email_Long          | Job-YFEFPZ | 10             | Default     | 109.54 ns |  2.322 ns | 1.382 ns |  1.08 |    0.02 | 0.0196 |     328 B |        1.46 |
| RegexPattern        | Job-YFEFPZ | 10             | Default     | 590.97 ns |  1.787 ns | 1.064 ns |  5.84 |    0.05 | 0.0248 |     416 B |        1.86 |
|                     |            |                |             |           |           |          |       |         |        |           |             |
| Email_Partial       | ShortRun   | 3              | 1           | 100.45 ns |  3.498 ns | 0.192 ns |  1.00 |    0.00 | 0.0134 |     224 B |        1.00 |
| Phone_Partial       | ShortRun   | 3              | 1           | 426.79 ns | 33.197 ns | 1.820 ns |  4.25 |    0.02 | 0.0310 |     520 B |        2.32 |
| CreditCard_Partial  | ShortRun   | 3              | 1           | 513.22 ns | 37.078 ns | 2.032 ns |  5.11 |    0.02 | 0.0324 |     544 B |        2.43 |
| SSN_Partial         | ShortRun   | 3              | 1           | 427.08 ns | 31.746 ns | 1.740 ns |  4.25 |    0.02 | 0.0310 |     520 B |        2.32 |
| Name_Partial        | ShortRun   | 3              | 1           | 186.86 ns |  7.349 ns | 0.403 ns |  1.86 |    0.00 | 0.0167 |     280 B |        1.25 |
| Address_Partial     | ShortRun   | 3              | 1           | 129.78 ns | 35.287 ns | 1.934 ns |  1.29 |    0.02 | 0.0196 |     328 B |        1.46 |
| DateOfBirth_Partial | ShortRun   | 3              | 1           | 231.23 ns |  1.567 ns | 0.086 ns |  2.30 |    0.00 | 0.0229 |     384 B |        1.71 |
| IPAddress_Partial   | ShortRun   | 3              | 1           | 182.49 ns |  7.346 ns | 0.403 ns |  1.82 |    0.00 | 0.0157 |     264 B |        1.18 |
| Custom_FullMasking  | ShortRun   | 3              | 1           |  58.61 ns | 11.355 ns | 0.622 ns |  0.58 |    0.01 | 0.0076 |     128 B |        0.57 |
| Email_Short         | ShortRun   | 3              | 1           |  75.28 ns |  7.898 ns | 0.433 ns |  0.75 |    0.00 | 0.0076 |     128 B |        0.57 |
| Email_Long          | ShortRun   | 3              | 1           | 115.23 ns | 87.194 ns | 4.779 ns |  1.15 |    0.04 | 0.0196 |     328 B |        1.46 |
| RegexPattern        | ShortRun   | 3              | 1           | 571.28 ns | 22.999 ns | 1.261 ns |  5.69 |    0.01 | 0.0248 |     416 B |        1.86 |

// * Hints *
Outliers
  MaskingStrategyBenchmarks.Phone_Partial: IterationCount=10, WarmupCount=3      -> 1 outlier  was  removed (417.02 ns)
  MaskingStrategyBenchmarks.CreditCard_Partial: IterationCount=10, WarmupCount=3 -> 1 outlier  was  removed (510.98 ns)
  MaskingStrategyBenchmarks.Address_Partial: IterationCount=10, WarmupCount=3    -> 1 outlier  was  removed (131.67 ns)
  MaskingStrategyBenchmarks.Email_Short: IterationCount=10, WarmupCount=3        -> 2 outliers were removed (78.01 ns, 80.20 ns)
  MaskingStrategyBenchmarks.Email_Long: IterationCount=10, WarmupCount=3         -> 1 outlier  was  removed (117.17 ns)
  MaskingStrategyBenchmarks.RegexPattern: IterationCount=10, WarmupCount=3       -> 1 outlier  was  removed (598.04 ns)
// * Config Issues *

// * Warnings *
Configuration
  Summary -> The exporter CsvExporter is already present in configuration. There may be unexpected results.
  Summary -> The exporter HtmlExporter is already present in configuration. There may be unexpected results.
  Summary -> The exporter MarkdownExporter-github is already present in configuration. There may be unexpected results.

// * Legends *
  Mean        : Arithmetic mean of all measurements
  Error       : Half of 99.9% confidence interval
  StdDev      : Standard deviation of all measurements
  Ratio       : Mean of the ratio distribution ([Current]/[Baseline])
  RatioSD     : Standard deviation of the ratio distribution ([Current]/[Baseline])
  Gen0        : GC Generation 0 collects per 1000 operations
  Allocated   : Allocated memory per single operation (managed only, inclusive, 1KB = 1024B)
  Alloc Ratio : Allocated memory ratio distribution ([Current]/[Baseline])
  1 ns        : 1 Nanosecond (0.000000001 sec)

// * Diagnostic Output - MemoryDiagnoser *


// ***** BenchmarkRunner: End *****
Run time: 00:04:02 (242.71 sec), executed benchmarks: 24

Global total time: 00:04:59 (299.93 sec), executed benchmarks: 24
// * Artifacts cleanup *
Artifacts cleanup is finished
