// Validating benchmarks:
// ***** BenchmarkRunner: Start   *****
// ***** Found 18 benchmark(s) in total *****
// ***** Building 1 exe(s) in Parallel: Start   *****
// start dotnet  restore --nodeReuse:false /p:UseSharedCompilation=false /p:Deterministic=true /p:Optimize=true /p:ArtifactsPath="/home/runner/work/Encina/Encina/tests/Encina.BenchmarkTests/Encina.Security.PII.Benchmarks/bin/Release/net10.0/Encina.Security.PII.Benchmarks-Job-YFEFPZ-1/" /p:OutDir="/home/runner/work/Encina/Encina/tests/Encina.BenchmarkTests/Encina.Security.PII.Benchmarks/bin/Release/net10.0/Encina.Security.PII.Benchmarks-Job-YFEFPZ-1/bin/Release/net10.0/" /p:OutputPath="/home/runner/work/Encina/Encina/tests/Encina.BenchmarkTests/Encina.Security.PII.Benchmarks/bin/Release/net10.0/Encina.Security.PII.Benchmarks-Job-YFEFPZ-1/bin/Release/net10.0/" /p:PublishDir="/home/runner/work/Encina/Encina/tests/Encina.BenchmarkTests/Encina.Security.PII.Benchmarks/bin/Release/net10.0/Encina.Security.PII.Benchmarks-Job-YFEFPZ-1/publish/" in /home/runner/work/Encina/Encina/tests/Encina.BenchmarkTests/Encina.Security.PII.Benchmarks/bin/Release/net10.0/Encina.Security.PII.Benchmarks-Job-YFEFPZ-1
// command took 2.89 sec and exited with 0
// start dotnet  build -c Release --no-restore --nodeReuse:false /p:UseSharedCompilation=false /p:Deterministic=true /p:Optimize=true /p:ArtifactsPath="/home/runner/work/Encina/Encina/tests/Encina.BenchmarkTests/Encina.Security.PII.Benchmarks/bin/Release/net10.0/Encina.Security.PII.Benchmarks-Job-YFEFPZ-1/" /p:OutDir="/home/runner/work/Encina/Encina/tests/Encina.BenchmarkTests/Encina.Security.PII.Benchmarks/bin/Release/net10.0/Encina.Security.PII.Benchmarks-Job-YFEFPZ-1/bin/Release/net10.0/" /p:OutputPath="/home/runner/work/Encina/Encina/tests/Encina.BenchmarkTests/Encina.Security.PII.Benchmarks/bin/Release/net10.0/Encina.Security.PII.Benchmarks-Job-YFEFPZ-1/bin/Release/net10.0/" /p:PublishDir="/home/runner/work/Encina/Encina/tests/Encina.BenchmarkTests/Encina.Security.PII.Benchmarks/bin/Release/net10.0/Encina.Security.PII.Benchmarks-Job-YFEFPZ-1/publish/" --output "/home/runner/work/Encina/Encina/tests/Encina.BenchmarkTests/Encina.Security.PII.Benchmarks/bin/Release/net10.0/Encina.Security.PII.Benchmarks-Job-YFEFPZ-1/bin/Release/net10.0/" in /home/runner/work/Encina/Encina/tests/Encina.BenchmarkTests/Encina.Security.PII.Benchmarks/bin/Release/net10.0/Encina.Security.PII.Benchmarks-Job-YFEFPZ-1
// command took 54.42 sec and exited with 0
// ***** Done, took 00:00:57 (57.51 sec)   *****
// Found 18 benchmarks:
//   SerializationBenchmarks.Serialize_Small: Job-YFEFPZ(IterationCount=10, WarmupCount=3)
//   SerializationBenchmarks.Serialize_Medium: Job-YFEFPZ(IterationCount=10, WarmupCount=3)
//   SerializationBenchmarks.Serialize_Large: Job-YFEFPZ(IterationCount=10, WarmupCount=3)
//   SerializationBenchmarks.SerializeRoundtrip_Small: Job-YFEFPZ(IterationCount=10, WarmupCount=3)
//   SerializationBenchmarks.SerializeRoundtrip_Large: Job-YFEFPZ(IterationCount=10, WarmupCount=3)
//   SerializationBenchmarks.ParseAndModify_Small: Job-YFEFPZ(IterationCount=10, WarmupCount=3)
//   SerializationBenchmarks.MaskObject_Small: Job-YFEFPZ(IterationCount=10, WarmupCount=3)
//   SerializationBenchmarks.MaskObject_Medium: Job-YFEFPZ(IterationCount=10, WarmupCount=3)
//   SerializationBenchmarks.MaskObject_Large: Job-YFEFPZ(IterationCount=10, WarmupCount=3)
//   SerializationBenchmarks.Serialize_Small: ShortRun(IterationCount=3, LaunchCount=1, WarmupCount=3)
//   SerializationBenchmarks.Serialize_Medium: ShortRun(IterationCount=3, LaunchCount=1, WarmupCount=3)
//   SerializationBenchmarks.Serialize_Large: ShortRun(IterationCount=3, LaunchCount=1, WarmupCount=3)
//   SerializationBenchmarks.SerializeRoundtrip_Small: ShortRun(IterationCount=3, LaunchCount=1, WarmupCount=3)
//   SerializationBenchmarks.SerializeRoundtrip_Large: ShortRun(IterationCount=3, LaunchCount=1, WarmupCount=3)
//   SerializationBenchmarks.ParseAndModify_Small: ShortRun(IterationCount=3, LaunchCount=1, WarmupCount=3)
//   SerializationBenchmarks.MaskObject_Small: ShortRun(IterationCount=3, LaunchCount=1, WarmupCount=3)
//   SerializationBenchmarks.MaskObject_Medium: ShortRun(IterationCount=3, LaunchCount=1, WarmupCount=3)
//   SerializationBenchmarks.MaskObject_Large: ShortRun(IterationCount=3, LaunchCount=1, WarmupCount=3)

// **************************
// Benchmark: SerializationBenchmarks.Serialize_Small: Job-YFEFPZ(IterationCount=10, WarmupCount=3)
// *** Execute ***
// Launch: 1 / 1
// Execute: dotnet Encina.Security.PII.Benchmarks-Job-YFEFPZ-1.dll --anonymousPipes 158 159 --benchmarkName Encina.Security.PII.Benchmarks.SerializationBenchmarks.Serialize_Small --job "IterationCount=10, WarmupCount=3" --benchmarkId 0 in /home/runner/work/Encina/Encina/tests/Encina.BenchmarkTests/Encina.Security.PII.Benchmarks/bin/Release/net10.0/Encina.Security.PII.Benchmarks-Job-YFEFPZ-1/bin/Release/net10.0
// Failed to set up high priority (Permission denied). In order to run benchmarks with high priority, make sure you have the right permissions.
// BeforeAnythingElse

// Benchmark Process Environment Information:
// BenchmarkDotNet v0.15.8
// Runtime=.NET 10.0.12 (10.0.12, 10.0.1226.42308), X64 RyuJIT x86-64-v3
// GC=Concurrent Workstation
// HardwareIntrinsics=AVX2+BMI1+BMI2+F16C+FMA+LZCNT+MOVBE,AVX,SSE3+SSSE3+SSE4.1+SSE4.2+POPCNT,X86Base+SSE+SSE2,AES+PCLMUL VectorSize=256
// Job: Job-YFEFPZ(IterationCount=10, WarmupCount=3)

OverheadJitting  1: 1 op, 219539.00 ns, 219.5390 us/op
WorkloadJitting  1: 1 op, 26345344.00 ns, 26.3453 ms/op

OverheadJitting  2: 16 op, 421235.00 ns, 26.3272 us/op
WorkloadJitting  2: 16 op, 510181.00 ns, 31.8863 us/op

WorkloadPilot    1: 16 op, 20448.00 ns, 1.2780 us/op
WorkloadPilot    2: 32 op, 40035.00 ns, 1.2511 us/op
WorkloadPilot    3: 64 op, 53320.00 ns, 833.1250 ns/op
WorkloadPilot    4: 128 op, 94927.00 ns, 741.6172 ns/op
WorkloadPilot    5: 256 op, 144349.00 ns, 563.8633 ns/op
WorkloadPilot    6: 512 op, 263923.00 ns, 515.4746 ns/op
WorkloadPilot    7: 1024 op, 531100.00 ns, 518.6523 ns/op
WorkloadPilot    8: 2048 op, 1084301.00 ns, 529.4438 ns/op
WorkloadPilot    9: 4096 op, 2025826.00 ns, 494.5864 ns/op
WorkloadPilot   10: 8192 op, 4115833.00 ns, 502.4210 ns/op
WorkloadPilot   11: 16384 op, 7963375.00 ns, 486.0458 ns/op
WorkloadPilot   12: 32768 op, 16476045.00 ns, 502.8090 ns/op
WorkloadPilot   13: 65536 op, 32560491.00 ns, 496.8337 ns/op
WorkloadPilot   14: 131072 op, 65184149.00 ns, 497.3156 ns/op
WorkloadPilot   15: 262144 op, 121900372.00 ns, 465.0130 ns/op
WorkloadPilot   16: 524288 op, 238048066.00 ns, 454.0407 ns/op
WorkloadPilot   17: 1048576 op, 476145309.00 ns, 454.0876 ns/op
WorkloadPilot   18: 2097152 op, 956796327.00 ns, 456.2360 ns/op

OverheadWarmup   1: 2097152 op, 7014827.00 ns, 3.3449 ns/op
OverheadWarmup   2: 2097152 op, 6913017.00 ns, 3.2964 ns/op
OverheadWarmup   3: 2097152 op, 6886899.00 ns, 3.2839 ns/op
OverheadWarmup   4: 2097152 op, 6845392.00 ns, 3.2641 ns/op
OverheadWarmup   5: 2097152 op, 6859658.00 ns, 3.2709 ns/op
OverheadWarmup   6: 2097152 op, 6862534.00 ns, 3.2723 ns/op
OverheadWarmup   7: 2097152 op, 6860760.00 ns, 3.2715 ns/op
OverheadWarmup   8: 2097152 op, 6867443.00 ns, 3.2747 ns/op
OverheadWarmup   9: 2097152 op, 6861291.00 ns, 3.2717 ns/op

OverheadActual   1: 2097152 op, 6899963.00 ns, 3.2902 ns/op
OverheadActual   2: 2097152 op, 6931832.00 ns, 3.3054 ns/op
OverheadActual   3: 2097152 op, 6886328.00 ns, 3.2837 ns/op
OverheadActual   4: 2097152 op, 6888933.00 ns, 3.2849 ns/op
OverheadActual   5: 2097152 op, 6878964.00 ns, 3.2801 ns/op
OverheadActual   6: 2097152 op, 6873543.00 ns, 3.2776 ns/op
OverheadActual   7: 2097152 op, 6861402.00 ns, 3.2718 ns/op
OverheadActual   8: 2097152 op, 6862233.00 ns, 3.2722 ns/op
OverheadActual   9: 2097152 op, 7163956.00 ns, 3.4160 ns/op
OverheadActual  10: 2097152 op, 6862443.00 ns, 3.2723 ns/op
OverheadActual  11: 2097152 op, 6906846.00 ns, 3.2934 ns/op
OverheadActual  12: 2097152 op, 6918568.00 ns, 3.2990 ns/op
OverheadActual  13: 2097152 op, 6870138.00 ns, 3.2759 ns/op
OverheadActual  14: 2097152 op, 6842426.00 ns, 3.2627 ns/op
OverheadActual  15: 2097152 op, 6867973.00 ns, 3.2749 ns/op

WorkloadWarmup   1: 2097152 op, 965514941.00 ns, 460.3934 ns/op
WorkloadWarmup   2: 2097152 op, 957360238.00 ns, 456.5049 ns/op
WorkloadWarmup   3: 2097152 op, 952719664.00 ns, 454.2921 ns/op

// BeforeActualRun
WorkloadActual   1: 2097152 op, 955939551.00 ns, 455.8275 ns/op
WorkloadActual   2: 2097152 op, 954041624.00 ns, 454.9225 ns/op
WorkloadActual   3: 2097152 op, 953920758.00 ns, 454.8649 ns/op
WorkloadActual   4: 2097152 op, 953358942.00 ns, 454.5970 ns/op
WorkloadActual   5: 2097152 op, 953112650.00 ns, 454.4795 ns/op
WorkloadActual   6: 2097152 op, 953284302.00 ns, 454.5614 ns/op
WorkloadActual   7: 2097152 op, 953035258.00 ns, 454.4426 ns/op
WorkloadActual   8: 2097152 op, 955113031.00 ns, 455.4334 ns/op
WorkloadActual   9: 2097152 op, 955813635.00 ns, 455.7675 ns/op
WorkloadActual  10: 2097152 op, 956340125.00 ns, 456.0185 ns/op

// AfterActualRun
WorkloadResult   1: 2097152 op, 949060587.00 ns, 452.5474 ns/op
WorkloadResult   2: 2097152 op, 947162660.00 ns, 451.6424 ns/op
WorkloadResult   3: 2097152 op, 947041794.00 ns, 451.5847 ns/op
WorkloadResult   4: 2097152 op, 946479978.00 ns, 451.3168 ns/op
WorkloadResult   5: 2097152 op, 946233686.00 ns, 451.1994 ns/op
WorkloadResult   6: 2097152 op, 946405338.00 ns, 451.2812 ns/op
WorkloadResult   7: 2097152 op, 946156294.00 ns, 451.1625 ns/op
WorkloadResult   8: 2097152 op, 948234067.00 ns, 452.1532 ns/op
WorkloadResult   9: 2097152 op, 948934671.00 ns, 452.4873 ns/op
WorkloadResult  10: 2097152 op, 949461161.00 ns, 452.7384 ns/op
// GC:  14 0 0 234881024 2097152
// Threading:  0 0 2097152

// AfterAll
// Benchmark Process 3138 has exited with code 0.

Mean = 451.811 ns, StdErr = 0.194 ns (0.04%), N = 10, StdDev = 0.612 ns
Min = 451.162 ns, Q1 = 451.290 ns, Median = 451.614 ns, Q3 = 452.404 ns, Max = 452.738 ns
IQR = 1.114 ns, LowerFence = 449.620 ns, UpperFence = 454.074 ns
ConfidenceInterval = [450.885 ns; 452.737 ns] (CI 99.9%), Margin = 0.926 ns (0.20% of Mean)
Skewness = 0.33, Kurtosis = 1.22, MValue = 2

// ** Remained 17 (94.4 %) benchmark(s) to run. Estimated finish 2026-10-06 17:28 (0h 4m from now) **
// **************************
// Benchmark: SerializationBenchmarks.Serialize_Medium: Job-YFEFPZ(IterationCount=10, WarmupCount=3)
// *** Execute ***
// Launch: 1 / 1
// Execute: dotnet Encina.Security.PII.Benchmarks-Job-YFEFPZ-1.dll --anonymousPipes 158 159 --benchmarkName Encina.Security.PII.Benchmarks.SerializationBenchmarks.Serialize_Medium --job "IterationCount=10, WarmupCount=3" --benchmarkId 1 in /home/runner/work/Encina/Encina/tests/Encina.BenchmarkTests/Encina.Security.PII.Benchmarks/bin/Release/net10.0/Encina.Security.PII.Benchmarks-Job-YFEFPZ-1/bin/Release/net10.0
// Failed to set up high priority (Permission denied). In order to run benchmarks with high priority, make sure you have the right permissions.
// BeforeAnythingElse

// Benchmark Process Environment Information:
// BenchmarkDotNet v0.15.8
// Runtime=.NET 10.0.12 (10.0.12, 10.0.1226.42308), X64 RyuJIT x86-64-v3
// GC=Concurrent Workstation
// HardwareIntrinsics=AVX2+BMI1+BMI2+F16C+FMA+LZCNT+MOVBE,AVX,SSE3+SSSE3+SSE4.1+SSE4.2+POPCNT,X86Base+SSE+SSE2,AES+PCLMUL VectorSize=256
// Job: Job-YFEFPZ(IterationCount=10, WarmupCount=3)

OverheadJitting  1: 1 op, 219739.00 ns, 219.7390 us/op
WorkloadJitting  1: 1 op, 26711520.00 ns, 26.7115 ms/op

OverheadJitting  2: 16 op, 464415.00 ns, 29.0259 us/op
WorkloadJitting  2: 16 op, 512445.00 ns, 32.0278 us/op

WorkloadPilot    1: 16 op, 43401.00 ns, 2.7126 us/op
WorkloadPilot    2: 32 op, 64631.00 ns, 2.0197 us/op
WorkloadPilot    3: 64 op, 101780.00 ns, 1.5903 us/op
WorkloadPilot    4: 128 op, 177721.00 ns, 1.3884 us/op
WorkloadPilot    5: 256 op, 341907.00 ns, 1.3356 us/op
WorkloadPilot    6: 512 op, 670378.00 ns, 1.3093 us/op
WorkloadPilot    7: 1024 op, 1241994.00 ns, 1.2129 us/op
WorkloadPilot    8: 2048 op, 2391544.00 ns, 1.1677 us/op
WorkloadPilot    9: 4096 op, 4777740.00 ns, 1.1664 us/op
WorkloadPilot   10: 8192 op, 9537977.00 ns, 1.1643 us/op
WorkloadPilot   11: 16384 op, 18105467.00 ns, 1.1051 us/op
WorkloadPilot   12: 32768 op, 38298494.00 ns, 1.1688 us/op
WorkloadPilot   13: 65536 op, 69086326.00 ns, 1.0542 us/op
WorkloadPilot   14: 131072 op, 130756498.00 ns, 997.5929 ns/op
WorkloadPilot   15: 262144 op, 261617701.00 ns, 997.9923 ns/op
WorkloadPilot   16: 524288 op, 523839748.00 ns, 999.1450 ns/op

OverheadWarmup   1: 524288 op, 1714594.00 ns, 3.2703 ns/op
OverheadWarmup   2: 524288 op, 1754188.00 ns, 3.3458 ns/op
OverheadWarmup   3: 524288 op, 1767322.00 ns, 3.3709 ns/op
OverheadWarmup   4: 524288 op, 1736875.00 ns, 3.3128 ns/op
OverheadWarmup   5: 524288 op, 1785296.00 ns, 3.4052 ns/op
OverheadWarmup   6: 524288 op, 1740071.00 ns, 3.3189 ns/op

OverheadActual   1: 524288 op, 1758505.00 ns, 3.3541 ns/op
OverheadActual   2: 524288 op, 1731626.00 ns, 3.3028 ns/op
OverheadActual   3: 524288 op, 1753046.00 ns, 3.3437 ns/op
OverheadActual   4: 524288 op, 1727047.00 ns, 3.2941 ns/op
OverheadActual   5: 524288 op, 1746183.00 ns, 3.3306 ns/op
OverheadActual   6: 524288 op, 1738999.00 ns, 3.3169 ns/op
OverheadActual   7: 524288 op, 1744489.00 ns, 3.3273 ns/op
OverheadActual   8: 524288 op, 1751843.00 ns, 3.3414 ns/op
OverheadActual   9: 524288 op, 1730704.00 ns, 3.3011 ns/op
OverheadActual  10: 524288 op, 1751393.00 ns, 3.3405 ns/op
OverheadActual  11: 524288 op, 1729692.00 ns, 3.2991 ns/op
OverheadActual  12: 524288 op, 1736855.00 ns, 3.3128 ns/op
OverheadActual  13: 524288 op, 1740212.00 ns, 3.3192 ns/op
OverheadActual  14: 524288 op, 1740823.00 ns, 3.3204 ns/op
OverheadActual  15: 524288 op, 1739230.00 ns, 3.3173 ns/op

WorkloadWarmup   1: 524288 op, 529916087.00 ns, 1.0107 us/op
WorkloadWarmup   2: 524288 op, 525325015.00 ns, 1.0020 us/op
WorkloadWarmup   3: 524288 op, 526798009.00 ns, 1.0048 us/op

// BeforeActualRun
WorkloadActual   1: 524288 op, 526783042.00 ns, 1.0048 us/op
WorkloadActual   2: 524288 op, 527273439.00 ns, 1.0057 us/op
WorkloadActual   3: 524288 op, 525781307.00 ns, 1.0028 us/op
WorkloadActual   4: 524288 op, 525292600.00 ns, 1.0019 us/op
WorkloadActual   5: 524288 op, 527666857.00 ns, 1.0064 us/op
WorkloadActual   6: 524288 op, 526648790.00 ns, 1.0045 us/op
WorkloadActual   7: 524288 op, 524453219.00 ns, 1.0003 us/op
WorkloadActual   8: 524288 op, 530313369.00 ns, 1.0115 us/op
WorkloadActual   9: 524288 op, 527214874.00 ns, 1.0056 us/op
WorkloadActual  10: 524288 op, 524989188.00 ns, 1.0013 us/op

// AfterActualRun
WorkloadResult   1: 524288 op, 525042830.00 ns, 1.0014 us/op
WorkloadResult   2: 524288 op, 525533227.00 ns, 1.0024 us/op
WorkloadResult   3: 524288 op, 524041095.00 ns, 999.5291 ns/op
WorkloadResult   4: 524288 op, 523552388.00 ns, 998.5969 ns/op
WorkloadResult   5: 524288 op, 525926645.00 ns, 1.0031 us/op
WorkloadResult   6: 524288 op, 524908578.00 ns, 1.0012 us/op
WorkloadResult   7: 524288 op, 522713007.00 ns, 996.9959 ns/op
WorkloadResult   8: 524288 op, 525474662.00 ns, 1.0023 us/op
WorkloadResult   9: 524288 op, 523248976.00 ns, 998.0182 ns/op
// GC:  12 0 0 205520896 524288
// Threading:  0 0 524288

// AfterAll
// Benchmark Process 3150 has exited with code 0.

Mean = 1.000 μs, StdErr = 0.001 μs (0.07%), N = 9, StdDev = 0.002 μs
Min = 0.997 μs, Q1 = 0.999 μs, Median = 1.001 μs, Q3 = 1.002 μs, Max = 1.003 μs
IQR = 0.004 μs, LowerFence = 0.993 μs, UpperFence = 1.008 μs
ConfidenceInterval = [0.997 μs; 1.004 μs] (CI 99.9%), Margin = 0.004 μs (0.36% of Mean)
Skewness = -0.24, Kurtosis = 1.3, MValue = 2

// ** Remained 16 (88.9 %) benchmark(s) to run. Estimated finish 2026-10-06 17:27 (0h 3m from now) **
// **************************
// Benchmark: SerializationBenchmarks.Serialize_Large: Job-YFEFPZ(IterationCount=10, WarmupCount=3)
// *** Execute ***
// Launch: 1 / 1
// Execute: dotnet Encina.Security.PII.Benchmarks-Job-YFEFPZ-1.dll --anonymousPipes 158 159 --benchmarkName Encina.Security.PII.Benchmarks.SerializationBenchmarks.Serialize_Large --job "IterationCount=10, WarmupCount=3" --benchmarkId 2 in /home/runner/work/Encina/Encina/tests/Encina.BenchmarkTests/Encina.Security.PII.Benchmarks/bin/Release/net10.0/Encina.Security.PII.Benchmarks-Job-YFEFPZ-1/bin/Release/net10.0
// Failed to set up high priority (Permission denied). In order to run benchmarks with high priority, make sure you have the right permissions.
// BeforeAnythingElse

// Benchmark Process Environment Information:
// BenchmarkDotNet v0.15.8
// Runtime=.NET 10.0.12 (10.0.12, 10.0.1226.42308), X64 RyuJIT x86-64-v3
// GC=Concurrent Workstation
// HardwareIntrinsics=AVX2+BMI1+BMI2+F16C+FMA+LZCNT+MOVBE,AVX,SSE3+SSSE3+SSE4.1+SSE4.2+POPCNT,X86Base+SSE+SSE2,AES+PCLMUL VectorSize=256
// Job: Job-YFEFPZ(IterationCount=10, WarmupCount=3)

OverheadJitting  1: 1 op, 306762.00 ns, 306.7620 us/op
WorkloadJitting  1: 1 op, 30054937.00 ns, 30.0549 ms/op

OverheadJitting  2: 16 op, 459265.00 ns, 28.7041 us/op
WorkloadJitting  2: 16 op, 593285.00 ns, 37.0803 us/op

WorkloadPilot    1: 16 op, 54331.00 ns, 3.3957 us/op
WorkloadPilot    2: 32 op, 166360.00 ns, 5.1988 us/op
WorkloadPilot    3: 64 op, 290371.00 ns, 4.5370 us/op
WorkloadPilot    4: 128 op, 472179.00 ns, 3.6889 us/op
WorkloadPilot    5: 256 op, 975288.00 ns, 3.8097 us/op
WorkloadPilot    6: 512 op, 2051293.00 ns, 4.0064 us/op
WorkloadPilot    7: 1024 op, 4021995.00 ns, 3.9277 us/op
WorkloadPilot    8: 2048 op, 7854446.00 ns, 3.8352 us/op
WorkloadPilot    9: 4096 op, 15311713.00 ns, 3.7382 us/op
WorkloadPilot   10: 8192 op, 19937724.00 ns, 2.4338 us/op
WorkloadPilot   11: 16384 op, 37813806.00 ns, 2.3080 us/op
WorkloadPilot   12: 32768 op, 75678437.00 ns, 2.3095 us/op
WorkloadPilot   13: 65536 op, 151899785.00 ns, 2.3178 us/op
WorkloadPilot   14: 131072 op, 297577525.00 ns, 2.2703 us/op
WorkloadPilot   15: 262144 op, 582112236.00 ns, 2.2206 us/op

OverheadWarmup   1: 262144 op, 872036.00 ns, 3.3266 ns/op
OverheadWarmup   2: 262144 op, 866234.00 ns, 3.3044 ns/op
OverheadWarmup   3: 262144 op, 867877.00 ns, 3.3107 ns/op
OverheadWarmup   4: 262144 op, 868358.00 ns, 3.3125 ns/op
OverheadWarmup   5: 262144 op, 869149.00 ns, 3.3155 ns/op
OverheadWarmup   6: 262144 op, 867206.00 ns, 3.3081 ns/op
OverheadWarmup   7: 262144 op, 871014.00 ns, 3.3227 ns/op
OverheadWarmup   8: 262144 op, 868489.00 ns, 3.3130 ns/op

OverheadActual   1: 262144 op, 849123.00 ns, 3.2391 ns/op
OverheadActual   2: 262144 op, 869741.00 ns, 3.3178 ns/op
OverheadActual   3: 262144 op, 868018.00 ns, 3.3112 ns/op
OverheadActual   4: 262144 op, 872035.00 ns, 3.3265 ns/op
OverheadActual   5: 262144 op, 868358.00 ns, 3.3125 ns/op
OverheadActual   6: 262144 op, 867096.00 ns, 3.3077 ns/op
OverheadActual   7: 262144 op, 866225.00 ns, 3.3044 ns/op
OverheadActual   8: 262144 op, 866785.00 ns, 3.3065 ns/op
OverheadActual   9: 262144 op, 853360.00 ns, 3.2553 ns/op
OverheadActual  10: 262144 op, 866715.00 ns, 3.3063 ns/op
OverheadActual  11: 262144 op, 867346.00 ns, 3.3087 ns/op
OverheadActual  12: 262144 op, 867256.00 ns, 3.3083 ns/op
OverheadActual  13: 262144 op, 867065.00 ns, 3.3076 ns/op
OverheadActual  14: 262144 op, 864571.00 ns, 3.2981 ns/op
OverheadActual  15: 262144 op, 867958.00 ns, 3.3110 ns/op

WorkloadWarmup   1: 262144 op, 586889018.00 ns, 2.2388 us/op
WorkloadWarmup   2: 262144 op, 578557973.00 ns, 2.2070 us/op
WorkloadWarmup   3: 262144 op, 574089505.00 ns, 2.1900 us/op

// BeforeActualRun
WorkloadActual   1: 262144 op, 572641547.00 ns, 2.1845 us/op
WorkloadActual   2: 262144 op, 577693601.00 ns, 2.2037 us/op
WorkloadActual   3: 262144 op, 584475535.00 ns, 2.2296 us/op
WorkloadActual   4: 262144 op, 583531366.00 ns, 2.2260 us/op
WorkloadActual   5: 262144 op, 584162262.00 ns, 2.2284 us/op
WorkloadActual   6: 262144 op, 581943234.00 ns, 2.2199 us/op
WorkloadActual   7: 262144 op, 576330120.00 ns, 2.1985 us/op
WorkloadActual   8: 262144 op, 575527334.00 ns, 2.1955 us/op
WorkloadActual   9: 262144 op, 580894630.00 ns, 2.2159 us/op
WorkloadActual  10: 262144 op, 579031435.00 ns, 2.2088 us/op

// AfterActualRun
WorkloadResult   1: 262144 op, 571774451.00 ns, 2.1811 us/op
WorkloadResult   2: 262144 op, 576826505.00 ns, 2.2004 us/op
WorkloadResult   3: 262144 op, 583608439.00 ns, 2.2263 us/op
WorkloadResult   4: 262144 op, 582664270.00 ns, 2.2227 us/op
WorkloadResult   5: 262144 op, 583295166.00 ns, 2.2251 us/op
WorkloadResult   6: 262144 op, 581076138.00 ns, 2.2166 us/op
WorkloadResult   7: 262144 op, 575463024.00 ns, 2.1952 us/op
WorkloadResult   8: 262144 op, 574660238.00 ns, 2.1922 us/op
WorkloadResult   9: 262144 op, 580027534.00 ns, 2.2126 us/op
WorkloadResult  10: 262144 op, 578164339.00 ns, 2.2055 us/op
// GC:  59 0 0 991952896 262144
// Threading:  0 0 262144

// AfterAll
// Benchmark Process 3157 has exited with code 0.

Mean = 2.208 μs, StdErr = 0.005 μs (0.22%), N = 10, StdDev = 0.015 μs
Min = 2.181 μs, Q1 = 2.197 μs, Median = 2.209 μs, Q3 = 2.221 μs, Max = 2.226 μs
IQR = 0.025 μs, LowerFence = 2.160 μs, UpperFence = 2.258 μs
ConfidenceInterval = [2.184 μs; 2.231 μs] (CI 99.9%), Margin = 0.023 μs (1.06% of Mean)
Skewness = -0.26, Kurtosis = 1.51, MValue = 2

// ** Remained 15 (83.3 %) benchmark(s) to run. Estimated finish 2026-10-06 17:27 (0h 2m from now) **
// **************************
// Benchmark: SerializationBenchmarks.SerializeRoundtrip_Small: Job-YFEFPZ(IterationCount=10, WarmupCount=3)
// *** Execute ***
// Launch: 1 / 1
// Execute: dotnet Encina.Security.PII.Benchmarks-Job-YFEFPZ-1.dll --anonymousPipes 158 159 --benchmarkName Encina.Security.PII.Benchmarks.SerializationBenchmarks.SerializeRoundtrip_Small --job "IterationCount=10, WarmupCount=3" --benchmarkId 3 in /home/runner/work/Encina/Encina/tests/Encina.BenchmarkTests/Encina.Security.PII.Benchmarks/bin/Release/net10.0/Encina.Security.PII.Benchmarks-Job-YFEFPZ-1/bin/Release/net10.0
// Failed to set up high priority (Permission denied). In order to run benchmarks with high priority, make sure you have the right permissions.
// BeforeAnythingElse

// Benchmark Process Environment Information:
// BenchmarkDotNet v0.15.8
// Runtime=.NET 10.0.12 (10.0.12, 10.0.1226.42308), X64 RyuJIT x86-64-v3
// GC=Concurrent Workstation
// HardwareIntrinsics=AVX2+BMI1+BMI2+F16C+FMA+LZCNT+MOVBE,AVX,SSE3+SSSE3+SSE4.1+SSE4.2+POPCNT,X86Base+SSE+SSE2,AES+PCLMUL VectorSize=256
// Job: Job-YFEFPZ(IterationCount=10, WarmupCount=3)

OverheadJitting  1: 1 op, 244536.00 ns, 244.5360 us/op
WorkloadJitting  1: 1 op, 32794169.00 ns, 32.7942 ms/op

OverheadJitting  2: 16 op, 510501.00 ns, 31.9063 us/op
WorkloadJitting  2: 16 op, 587786.00 ns, 36.7366 us/op

WorkloadPilot    1: 16 op, 46316.00 ns, 2.8948 us/op
WorkloadPilot    2: 32 op, 73276.00 ns, 2.2899 us/op
WorkloadPilot    3: 64 op, 107591.00 ns, 1.6811 us/op
WorkloadPilot    4: 128 op, 227213.00 ns, 1.7751 us/op
WorkloadPilot    5: 256 op, 340064.00 ns, 1.3284 us/op
WorkloadPilot    6: 512 op, 619875.00 ns, 1.2107 us/op
WorkloadPilot    7: 1024 op, 1176664.00 ns, 1.1491 us/op
WorkloadPilot    8: 2048 op, 2244264.00 ns, 1.0958 us/op
WorkloadPilot    9: 4096 op, 4496633.00 ns, 1.0978 us/op
WorkloadPilot   10: 8192 op, 8993135.00 ns, 1.0978 us/op
WorkloadPilot   11: 16384 op, 17350186.00 ns, 1.0590 us/op
WorkloadPilot   12: 32768 op, 36511789.00 ns, 1.1143 us/op
WorkloadPilot   13: 65536 op, 71869407.00 ns, 1.0966 us/op
WorkloadPilot   14: 131072 op, 132346916.00 ns, 1.0097 us/op
WorkloadPilot   15: 262144 op, 260557831.00 ns, 993.9492 ns/op
WorkloadPilot   16: 524288 op, 521818724.00 ns, 995.2902 ns/op

OverheadWarmup   1: 524288 op, 1896195.00 ns, 3.6167 ns/op
OverheadWarmup   2: 524288 op, 1755803.00 ns, 3.3489 ns/op
OverheadWarmup   3: 524288 op, 1783245.00 ns, 3.4013 ns/op
OverheadWarmup   4: 524288 op, 1776112.00 ns, 3.3877 ns/op
OverheadWarmup   5: 524288 op, 1789897.00 ns, 3.4140 ns/op
OverheadWarmup   6: 524288 op, 1768416.00 ns, 3.3730 ns/op

OverheadActual   1: 524288 op, 1763728.00 ns, 3.3640 ns/op
OverheadActual   2: 524288 op, 1846723.00 ns, 3.5223 ns/op
OverheadActual   3: 524288 op, 1842776.00 ns, 3.5148 ns/op
OverheadActual   4: 524288 op, 1774288.00 ns, 3.3842 ns/op
OverheadActual   5: 524288 op, 1778736.00 ns, 3.3927 ns/op
OverheadActual   6: 524288 op, 1747878.00 ns, 3.3338 ns/op
OverheadActual   7: 524288 op, 1757947.00 ns, 3.3530 ns/op
OverheadActual   8: 524288 op, 1767075.00 ns, 3.3704 ns/op
OverheadActual   9: 524288 op, 1757687.00 ns, 3.3525 ns/op
OverheadActual  10: 524288 op, 1746015.00 ns, 3.3303 ns/op
OverheadActual  11: 524288 op, 1754812.00 ns, 3.3470 ns/op
OverheadActual  12: 524288 op, 1754151.00 ns, 3.3458 ns/op
OverheadActual  13: 524288 op, 1814953.00 ns, 3.4617 ns/op
OverheadActual  14: 524288 op, 1755473.00 ns, 3.3483 ns/op
OverheadActual  15: 524288 op, 1730495.00 ns, 3.3007 ns/op

WorkloadWarmup   1: 524288 op, 526581312.00 ns, 1.0044 us/op
WorkloadWarmup   2: 524288 op, 525948228.00 ns, 1.0032 us/op
WorkloadWarmup   3: 524288 op, 524637992.00 ns, 1.0007 us/op

// BeforeActualRun
WorkloadActual   1: 524288 op, 526136414.00 ns, 1.0035 us/op
WorkloadActual   2: 524288 op, 522946733.00 ns, 997.4417 ns/op
WorkloadActual   3: 524288 op, 523485557.00 ns, 998.4695 ns/op
WorkloadActual   4: 524288 op, 522794049.00 ns, 997.1505 ns/op
WorkloadActual   5: 524288 op, 524604410.00 ns, 1.0006 us/op
WorkloadActual   6: 524288 op, 522674296.00 ns, 996.9221 ns/op
WorkloadActual   7: 524288 op, 523483614.00 ns, 998.4658 ns/op
WorkloadActual   8: 524288 op, 524894431.00 ns, 1.0012 us/op
WorkloadActual   9: 524288 op, 522702278.00 ns, 996.9755 ns/op
WorkloadActual  10: 524288 op, 525793833.00 ns, 1.0029 us/op

// AfterActualRun
WorkloadResult   1: 524288 op, 524378467.00 ns, 1.0002 us/op
WorkloadResult   2: 524288 op, 521188786.00 ns, 994.0887 ns/op
WorkloadResult   3: 524288 op, 521727610.00 ns, 995.1164 ns/op
WorkloadResult   4: 524288 op, 521036102.00 ns, 993.7975 ns/op
WorkloadResult   5: 524288 op, 522846463.00 ns, 997.2505 ns/op
WorkloadResult   6: 524288 op, 520916349.00 ns, 993.5691 ns/op
WorkloadResult   7: 524288 op, 521725667.00 ns, 995.1127 ns/op
WorkloadResult   8: 524288 op, 523136484.00 ns, 997.8037 ns/op
WorkloadResult   9: 524288 op, 520944331.00 ns, 993.6225 ns/op
WorkloadResult  10: 524288 op, 524035886.00 ns, 999.5191 ns/op
// GC:  7 0 0 121634816 524288
// Threading:  0 0 524288

// AfterAll
// Benchmark Process 3166 has exited with code 0.

Mean = 996.005 ns, StdErr = 0.791 ns (0.08%), N = 10, StdDev = 2.500 ns
Min = 993.569 ns, Q1 = 993.870 ns, Median = 995.115 ns, Q3 = 997.665 ns, Max = 1,000.173 ns
IQR = 3.795 ns, LowerFence = 988.178 ns, UpperFence = 1,003.358 ns
ConfidenceInterval = [992.226 ns; 999.785 ns] (CI 99.9%), Margin = 3.779 ns (0.38% of Mean)
Skewness = 0.49, Kurtosis = 1.47, MValue = 2

// ** Remained 14 (77.8 %) benchmark(s) to run. Estimated finish 2026-10-06 17:27 (0h 2m from now) **
// **************************
// Benchmark: SerializationBenchmarks.SerializeRoundtrip_Large: Job-YFEFPZ(IterationCount=10, WarmupCount=3)
// *** Execute ***
// Launch: 1 / 1
// Execute: dotnet Encina.Security.PII.Benchmarks-Job-YFEFPZ-1.dll --anonymousPipes 158 159 --benchmarkName Encina.Security.PII.Benchmarks.SerializationBenchmarks.SerializeRoundtrip_Large --job "IterationCount=10, WarmupCount=3" --benchmarkId 4 in /home/runner/work/Encina/Encina/tests/Encina.BenchmarkTests/Encina.Security.PII.Benchmarks/bin/Release/net10.0/Encina.Security.PII.Benchmarks-Job-YFEFPZ-1/bin/Release/net10.0
// Failed to set up high priority (Permission denied). In order to run benchmarks with high priority, make sure you have the right permissions.
// BeforeAnythingElse

// Benchmark Process Environment Information:
// BenchmarkDotNet v0.15.8
// Runtime=.NET 10.0.12 (10.0.12, 10.0.1226.42308), X64 RyuJIT x86-64-v3
// GC=Concurrent Workstation
// HardwareIntrinsics=AVX2+BMI1+BMI2+F16C+FMA+LZCNT+MOVBE,AVX,SSE3+SSSE3+SSE4.1+SSE4.2+POPCNT,X86Base+SSE+SSE2,AES+PCLMUL VectorSize=256
// Job: Job-YFEFPZ(IterationCount=10, WarmupCount=3)

OverheadJitting  1: 1 op, 232102.00 ns, 232.1020 us/op
WorkloadJitting  1: 1 op, 35406889.00 ns, 35.4069 ms/op

WorkloadPilot    1: 2 op, 149329.00 ns, 74.6645 us/op
WorkloadPilot    2: 3 op, 54531.00 ns, 18.1770 us/op
WorkloadPilot    3: 4 op, 51686.00 ns, 12.9215 us/op
WorkloadPilot    4: 5 op, 55153.00 ns, 11.0306 us/op
WorkloadPilot    5: 6 op, 81772.00 ns, 13.6287 us/op
WorkloadPilot    6: 7 op, 72766.00 ns, 10.3951 us/op
WorkloadPilot    7: 8 op, 86581.00 ns, 10.8226 us/op
WorkloadPilot    8: 9 op, 102691.00 ns, 11.4101 us/op
WorkloadPilot    9: 10 op, 105005.00 ns, 10.5005 us/op
WorkloadPilot   10: 11 op, 127106.00 ns, 11.5551 us/op
WorkloadPilot   11: 12 op, 167802.00 ns, 13.9835 us/op
WorkloadPilot   12: 13 op, 150039.00 ns, 11.5415 us/op
WorkloadPilot   13: 14 op, 158805.00 ns, 11.3432 us/op
WorkloadPilot   14: 15 op, 169125.00 ns, 11.2750 us/op
WorkloadPilot   15: 16 op, 180746.00 ns, 11.2966 us/op
WorkloadPilot   16: 32 op, 322360.00 ns, 10.0738 us/op
WorkloadPilot   17: 64 op, 489481.00 ns, 7.6481 us/op
WorkloadPilot   18: 128 op, 1102223.00 ns, 8.6111 us/op
WorkloadPilot   19: 256 op, 2151657.00 ns, 8.4049 us/op
WorkloadPilot   20: 512 op, 4340524.00 ns, 8.4776 us/op
WorkloadPilot   21: 1024 op, 8571212.00 ns, 8.3703 us/op
WorkloadPilot   22: 2048 op, 16927724.00 ns, 8.2655 us/op
WorkloadPilot   23: 4096 op, 22907240.00 ns, 5.5926 us/op
WorkloadPilot   24: 8192 op, 42303943.00 ns, 5.1641 us/op
WorkloadPilot   25: 16384 op, 82666862.00 ns, 5.0456 us/op
WorkloadPilot   26: 32768 op, 163519790.00 ns, 4.9902 us/op
WorkloadPilot   27: 65536 op, 326868961.00 ns, 4.9876 us/op
WorkloadPilot   28: 131072 op, 659525511.00 ns, 5.0318 us/op

WorkloadWarmup   1: 131072 op, 665887737.00 ns, 5.0803 us/op
WorkloadWarmup   2: 131072 op, 650982260.00 ns, 4.9666 us/op
WorkloadWarmup   3: 131072 op, 651418113.00 ns, 4.9699 us/op

// BeforeActualRun
WorkloadActual   1: 131072 op, 657621206.00 ns, 5.0173 us/op
WorkloadActual   2: 131072 op, 657835116.00 ns, 5.0189 us/op
WorkloadActual   3: 131072 op, 657048920.00 ns, 5.0129 us/op
WorkloadActual   4: 131072 op, 660669329.00 ns, 5.0405 us/op
WorkloadActual   5: 131072 op, 661526456.00 ns, 5.0470 us/op
WorkloadActual   6: 131072 op, 670382306.00 ns, 5.1146 us/op
WorkloadActual   7: 131072 op, 679014678.00 ns, 5.1805 us/op
WorkloadActual   8: 131072 op, 682503792.00 ns, 5.2071 us/op
WorkloadActual   9: 131072 op, 665793756.00 ns, 5.0796 us/op
WorkloadActual  10: 131072 op, 665638834.00 ns, 5.0784 us/op

// AfterActualRun
WorkloadResult   1: 131072 op, 657621206.00 ns, 5.0173 us/op
WorkloadResult   2: 131072 op, 657835116.00 ns, 5.0189 us/op
WorkloadResult   3: 131072 op, 657048920.00 ns, 5.0129 us/op
WorkloadResult   4: 131072 op, 660669329.00 ns, 5.0405 us/op
WorkloadResult   5: 131072 op, 661526456.00 ns, 5.0470 us/op
WorkloadResult   6: 131072 op, 670382306.00 ns, 5.1146 us/op
WorkloadResult   7: 131072 op, 679014678.00 ns, 5.1805 us/op
WorkloadResult   8: 131072 op, 682503792.00 ns, 5.2071 us/op
WorkloadResult   9: 131072 op, 665793756.00 ns, 5.0796 us/op
WorkloadResult  10: 131072 op, 665638834.00 ns, 5.0784 us/op
// GC:  60 0 0 1007681536 131072
// Threading:  0 0 131072

// AfterAll
// Benchmark Process 3175 has exited with code 0.

Mean = 5.080 μs, StdErr = 0.022 μs (0.43%), N = 10, StdDev = 0.069 μs
Min = 5.013 μs, Q1 = 5.024 μs, Median = 5.063 μs, Q3 = 5.106 μs, Max = 5.207 μs
IQR = 0.082 μs, LowerFence = 4.902 μs, UpperFence = 5.228 μs
ConfidenceInterval = [4.976 μs; 5.183 μs] (CI 99.9%), Margin = 0.104 μs (2.04% of Mean)
Skewness = 0.71, Kurtosis = 1.91, MValue = 2

// ** Remained 13 (72.2 %) benchmark(s) to run. Estimated finish 2026-10-06 17:27 (0h 2m from now) **
// **************************
// Benchmark: SerializationBenchmarks.ParseAndModify_Small: Job-YFEFPZ(IterationCount=10, WarmupCount=3)
// *** Execute ***
// Launch: 1 / 1
// Execute: dotnet Encina.Security.PII.Benchmarks-Job-YFEFPZ-1.dll --anonymousPipes 158 159 --benchmarkName Encina.Security.PII.Benchmarks.SerializationBenchmarks.ParseAndModify_Small --job "IterationCount=10, WarmupCount=3" --benchmarkId 5 in /home/runner/work/Encina/Encina/tests/Encina.BenchmarkTests/Encina.Security.PII.Benchmarks/bin/Release/net10.0/Encina.Security.PII.Benchmarks-Job-YFEFPZ-1/bin/Release/net10.0
// Failed to set up high priority (Permission denied). In order to run benchmarks with high priority, make sure you have the right permissions.
// BeforeAnythingElse

// Benchmark Process Environment Information:
// BenchmarkDotNet v0.15.8
// Runtime=.NET 10.0.12 (10.0.12, 10.0.1226.42308), X64 RyuJIT x86-64-v3
// GC=Concurrent Workstation
// HardwareIntrinsics=AVX2+BMI1+BMI2+F16C+FMA+LZCNT+MOVBE,AVX,SSE3+SSSE3+SSE4.1+SSE4.2+POPCNT,X86Base+SSE+SSE2,AES+PCLMUL VectorSize=256
// Job: Job-YFEFPZ(IterationCount=10, WarmupCount=3)

OverheadJitting  1: 1 op, 236401.00 ns, 236.4010 us/op
WorkloadJitting  1: 1 op, 30312634.00 ns, 30.3126 ms/op

OverheadJitting  2: 16 op, 480486.00 ns, 30.0304 us/op
WorkloadJitting  2: 16 op, 641626.00 ns, 40.1016 us/op

WorkloadPilot    1: 16 op, 67365.00 ns, 4.2103 us/op
WorkloadPilot    2: 32 op, 102841.00 ns, 3.2138 us/op
WorkloadPilot    3: 64 op, 185165.00 ns, 2.8932 us/op
WorkloadPilot    4: 128 op, 392281.00 ns, 3.0647 us/op
WorkloadPilot    5: 256 op, 605169.00 ns, 2.3639 us/op
WorkloadPilot    6: 512 op, 1066568.00 ns, 2.0831 us/op
WorkloadPilot    7: 1024 op, 2209149.00 ns, 2.1574 us/op
WorkloadPilot    8: 2048 op, 4350321.00 ns, 2.1242 us/op
WorkloadPilot    9: 4096 op, 8905192.00 ns, 2.1741 us/op
WorkloadPilot   10: 8192 op, 19646539.00 ns, 2.3983 us/op
WorkloadPilot   11: 16384 op, 33542645.00 ns, 2.0473 us/op
WorkloadPilot   12: 32768 op, 63043236.00 ns, 1.9239 us/op
WorkloadPilot   13: 65536 op, 117427839.00 ns, 1.7918 us/op
WorkloadPilot   14: 131072 op, 234587177.00 ns, 1.7898 us/op
WorkloadPilot   15: 262144 op, 468237207.00 ns, 1.7862 us/op
WorkloadPilot   16: 524288 op, 937096473.00 ns, 1.7874 us/op

OverheadWarmup   1: 524288 op, 1725677.00 ns, 3.2915 ns/op
OverheadWarmup   2: 524288 op, 1716309.00 ns, 3.2736 ns/op
OverheadWarmup   3: 524288 op, 1745804.00 ns, 3.3299 ns/op
OverheadWarmup   4: 524288 op, 1744533.00 ns, 3.3274 ns/op
OverheadWarmup   5: 524288 op, 1742699.00 ns, 3.3239 ns/op
OverheadWarmup   6: 524288 op, 1746276.00 ns, 3.3308 ns/op
OverheadWarmup   7: 524288 op, 1745123.00 ns, 3.3286 ns/op

OverheadActual   1: 524288 op, 1726509.00 ns, 3.2931 ns/op
OverheadActual   2: 524288 op, 1731399.00 ns, 3.3024 ns/op
OverheadActual   3: 524288 op, 1715578.00 ns, 3.2722 ns/op
OverheadActual   4: 524288 op, 1727040.00 ns, 3.2941 ns/op
OverheadActual   5: 524288 op, 1730376.00 ns, 3.3004 ns/op
OverheadActual   6: 524288 op, 1717212.00 ns, 3.2753 ns/op
OverheadActual   7: 524288 op, 1729745.00 ns, 3.2992 ns/op
OverheadActual   8: 524288 op, 1724305.00 ns, 3.2889 ns/op
OverheadActual   9: 524288 op, 1716490.00 ns, 3.2739 ns/op
OverheadActual  10: 524288 op, 1725787.00 ns, 3.2917 ns/op
OverheadActual  11: 524288 op, 1726679.00 ns, 3.2934 ns/op
OverheadActual  12: 524288 op, 1708675.00 ns, 3.2590 ns/op
OverheadActual  13: 524288 op, 1725537.00 ns, 3.2912 ns/op
OverheadActual  14: 524288 op, 1725818.00 ns, 3.2917 ns/op
OverheadActual  15: 524288 op, 1708956.00 ns, 3.2596 ns/op

WorkloadWarmup   1: 524288 op, 945452352.00 ns, 1.8033 us/op
WorkloadWarmup   2: 524288 op, 940991666.00 ns, 1.7948 us/op
WorkloadWarmup   3: 524288 op, 937887188.00 ns, 1.7889 us/op

// BeforeActualRun
WorkloadActual   1: 524288 op, 945314555.00 ns, 1.8030 us/op
WorkloadActual   2: 524288 op, 946301832.00 ns, 1.8049 us/op
WorkloadActual   3: 524288 op, 938858913.00 ns, 1.7907 us/op
WorkloadActual   4: 524288 op, 939520566.00 ns, 1.7920 us/op
WorkloadActual   5: 524288 op, 944647702.00 ns, 1.8018 us/op
WorkloadActual   6: 524288 op, 937531338.00 ns, 1.7882 us/op
WorkloadActual   7: 524288 op, 941545610.00 ns, 1.7959 us/op
WorkloadActual   8: 524288 op, 939379704.00 ns, 1.7917 us/op
WorkloadActual   9: 524288 op, 939999468.00 ns, 1.7929 us/op
WorkloadActual  10: 524288 op, 943657486.00 ns, 1.7999 us/op

// AfterActualRun
WorkloadResult   1: 524288 op, 943588768.00 ns, 1.7998 us/op
WorkloadResult   2: 524288 op, 944576045.00 ns, 1.8016 us/op
WorkloadResult   3: 524288 op, 937133126.00 ns, 1.7874 us/op
WorkloadResult   4: 524288 op, 937794779.00 ns, 1.7887 us/op
WorkloadResult   5: 524288 op, 942921915.00 ns, 1.7985 us/op
WorkloadResult   6: 524288 op, 935805551.00 ns, 1.7849 us/op
WorkloadResult   7: 524288 op, 939819823.00 ns, 1.7926 us/op
WorkloadResult   8: 524288 op, 937653917.00 ns, 1.7884 us/op
WorkloadResult   9: 524288 op, 938273681.00 ns, 1.7896 us/op
WorkloadResult  10: 524288 op, 941931699.00 ns, 1.7966 us/op
// GC:  26 0 0 440401920 524288
// Threading:  0 0 524288

// AfterAll
// Benchmark Process 3185 has exited with code 0.

Mean = 1.793 μs, StdErr = 0.002 μs (0.10%), N = 10, StdDev = 0.006 μs
Min = 1.785 μs, Q1 = 1.789 μs, Median = 1.791 μs, Q3 = 1.798 μs, Max = 1.802 μs
IQR = 0.010 μs, LowerFence = 1.774 μs, UpperFence = 1.812 μs
ConfidenceInterval = [1.784 μs; 1.802 μs] (CI 99.9%), Margin = 0.009 μs (0.50% of Mean)
Skewness = 0.21, Kurtosis = 1.27, MValue = 2

// ** Remained 12 (66.7 %) benchmark(s) to run. Estimated finish 2026-10-06 17:27 (0h 2m from now) **
// **************************
// Benchmark: SerializationBenchmarks.MaskObject_Small: Job-YFEFPZ(IterationCount=10, WarmupCount=3)
// *** Execute ***
// Launch: 1 / 1
// Execute: dotnet Encina.Security.PII.Benchmarks-Job-YFEFPZ-1.dll --anonymousPipes 158 159 --benchmarkName Encina.Security.PII.Benchmarks.SerializationBenchmarks.MaskObject_Small --job "IterationCount=10, WarmupCount=3" --benchmarkId 6 in /home/runner/work/Encina/Encina/tests/Encina.BenchmarkTests/Encina.Security.PII.Benchmarks/bin/Release/net10.0/Encina.Security.PII.Benchmarks-Job-YFEFPZ-1/bin/Release/net10.0
// Failed to set up high priority (Permission denied). In order to run benchmarks with high priority, make sure you have the right permissions.
// BeforeAnythingElse

// Benchmark Process Environment Information:
// BenchmarkDotNet v0.15.8
// Runtime=.NET 10.0.12 (10.0.12, 10.0.1226.42308), X64 RyuJIT x86-64-v3
// GC=Concurrent Workstation
// HardwareIntrinsics=AVX2+BMI1+BMI2+F16C+FMA+LZCNT+MOVBE,AVX,SSE3+SSSE3+SSE4.1+SSE4.2+POPCNT,X86Base+SSE+SSE2,AES+PCLMUL VectorSize=256
// Job: Job-YFEFPZ(IterationCount=10, WarmupCount=3)

OverheadJitting  1: 1 op, 276927.00 ns, 276.9270 us/op
WorkloadJitting  1: 1 op, 63596886.00 ns, 63.5969 ms/op

WorkloadPilot    1: 2 op, 358829.00 ns, 179.4145 us/op
WorkloadPilot    2: 3 op, 61104.00 ns, 20.3680 us/op
WorkloadPilot    3: 4 op, 62176.00 ns, 15.5440 us/op
WorkloadPilot    4: 5 op, 82464.00 ns, 16.4928 us/op
WorkloadPilot    5: 6 op, 81983.00 ns, 13.6638 us/op
WorkloadPilot    6: 7 op, 75000.00 ns, 10.7143 us/op
WorkloadPilot    7: 8 op, 91811.00 ns, 11.4764 us/op
WorkloadPilot    8: 9 op, 101209.00 ns, 11.2454 us/op
WorkloadPilot    9: 10 op, 103794.00 ns, 10.3794 us/op
WorkloadPilot   10: 11 op, 115926.00 ns, 10.5387 us/op
WorkloadPilot   11: 12 op, 121216.00 ns, 10.1013 us/op
WorkloadPilot   12: 13 op, 117479.00 ns, 9.0368 us/op
WorkloadPilot   13: 14 op, 124712.00 ns, 8.9080 us/op
WorkloadPilot   14: 15 op, 137176.00 ns, 9.1451 us/op
WorkloadPilot   15: 16 op, 137316.00 ns, 8.5823 us/op
WorkloadPilot   16: 32 op, 237663.00 ns, 7.4270 us/op
WorkloadPilot   17: 64 op, 636095.00 ns, 9.9390 us/op
WorkloadPilot   18: 128 op, 831159.00 ns, 6.4934 us/op
WorkloadPilot   19: 256 op, 1402945.00 ns, 5.4803 us/op
WorkloadPilot   20: 512 op, 3080992.00 ns, 6.0176 us/op
WorkloadPilot   21: 1024 op, 5894666.00 ns, 5.7565 us/op
WorkloadPilot   22: 2048 op, 11865544.00 ns, 5.7937 us/op
WorkloadPilot   23: 4096 op, 23425778.00 ns, 5.7192 us/op
WorkloadPilot   24: 8192 op, 46572948.00 ns, 5.6852 us/op
WorkloadPilot   25: 16384 op, 78044993.00 ns, 4.7635 us/op
WorkloadPilot   26: 32768 op, 155094681.00 ns, 4.7331 us/op
WorkloadPilot   27: 65536 op, 312047635.00 ns, 4.7615 us/op
WorkloadPilot   28: 131072 op, 622745003.00 ns, 4.7512 us/op

WorkloadWarmup   1: 131072 op, 620032257.00 ns, 4.7305 us/op
WorkloadWarmup   2: 131072 op, 622543788.00 ns, 4.7496 us/op
WorkloadWarmup   3: 131072 op, 626430081.00 ns, 4.7793 us/op

// BeforeActualRun
WorkloadActual   1: 131072 op, 621145051.00 ns, 4.7390 us/op
WorkloadActual   2: 131072 op, 621484832.00 ns, 4.7416 us/op
WorkloadActual   3: 131072 op, 622168808.00 ns, 4.7468 us/op
WorkloadActual   4: 131072 op, 621813507.00 ns, 4.7441 us/op
WorkloadActual   5: 131072 op, 620936673.00 ns, 4.7374 us/op
WorkloadActual   6: 131072 op, 622194913.00 ns, 4.7470 us/op
WorkloadActual   7: 131072 op, 621364945.00 ns, 4.7406 us/op
WorkloadActual   8: 131072 op, 621407514.00 ns, 4.7410 us/op
WorkloadActual   9: 131072 op, 622694202.00 ns, 4.7508 us/op
WorkloadActual  10: 131072 op, 621051671.00 ns, 4.7382 us/op

// AfterActualRun
WorkloadResult   1: 131072 op, 621145051.00 ns, 4.7390 us/op
WorkloadResult   2: 131072 op, 621484832.00 ns, 4.7416 us/op
WorkloadResult   3: 131072 op, 622168808.00 ns, 4.7468 us/op
WorkloadResult   4: 131072 op, 621813507.00 ns, 4.7441 us/op
WorkloadResult   5: 131072 op, 620936673.00 ns, 4.7374 us/op
WorkloadResult   6: 131072 op, 622194913.00 ns, 4.7470 us/op
WorkloadResult   7: 131072 op, 621364945.00 ns, 4.7406 us/op
WorkloadResult   8: 131072 op, 621407514.00 ns, 4.7410 us/op
WorkloadResult   9: 131072 op, 622694202.00 ns, 4.7508 us/op
WorkloadResult  10: 131072 op, 621051671.00 ns, 4.7382 us/op
// GC:  15 0 0 266338304 131072
// Threading:  0 0 131072

// AfterAll
// Benchmark Process 3196 has exited with code 0.

Mean = 4.743 μs, StdErr = 0.001 μs (0.03%), N = 10, StdDev = 0.004 μs
Min = 4.737 μs, Q1 = 4.739 μs, Median = 4.741 μs, Q3 = 4.746 μs, Max = 4.751 μs
IQR = 0.007 μs, LowerFence = 4.729 μs, UpperFence = 4.756 μs
ConfidenceInterval = [4.736 μs; 4.749 μs] (CI 99.9%), Margin = 0.007 μs (0.14% of Mean)
Skewness = 0.48, Kurtosis = 1.74, MValue = 2

// ** Remained 11 (61.1 %) benchmark(s) to run. Estimated finish 2026-10-06 17:27 (0h 2m from now) **
// **************************
// Benchmark: SerializationBenchmarks.MaskObject_Medium: Job-YFEFPZ(IterationCount=10, WarmupCount=3)
// *** Execute ***
// Launch: 1 / 1
// Execute: dotnet Encina.Security.PII.Benchmarks-Job-YFEFPZ-1.dll --anonymousPipes 158 159 --benchmarkName Encina.Security.PII.Benchmarks.SerializationBenchmarks.MaskObject_Medium --job "IterationCount=10, WarmupCount=3" --benchmarkId 7 in /home/runner/work/Encina/Encina/tests/Encina.BenchmarkTests/Encina.Security.PII.Benchmarks/bin/Release/net10.0/Encina.Security.PII.Benchmarks-Job-YFEFPZ-1/bin/Release/net10.0
// Failed to set up high priority (Permission denied). In order to run benchmarks with high priority, make sure you have the right permissions.
// BeforeAnythingElse

// Benchmark Process Environment Information:
// BenchmarkDotNet v0.15.8
// Runtime=.NET 10.0.12 (10.0.12, 10.0.1226.42308), X64 RyuJIT x86-64-v3
// GC=Concurrent Workstation
// HardwareIntrinsics=AVX2+BMI1+BMI2+F16C+FMA+LZCNT+MOVBE,AVX,SSE3+SSSE3+SSE4.1+SSE4.2+POPCNT,X86Base+SSE+SSE2,AES+PCLMUL VectorSize=256
// Job: Job-YFEFPZ(IterationCount=10, WarmupCount=3)

OverheadJitting  1: 1 op, 279741.00 ns, 279.7410 us/op

System.Reflection.TargetInvocationException: Exception has been thrown by the target of an invocation.
 ---> System.InvalidOperationException: PII property 'CreditCard' of type 'MediumEntity' could not be masked on the copy.
   at Encina.Security.PII.PIIMasker.EnsureMasked(Object result, Type type, List`1 applied) in /home/runner/work/Encina/Encina/src/Encina.Security.PII/PIIMasker.cs:line 365
   at Encina.Security.PII.PIIMasker.MaskViaPropertyMetadata[T](T obj, Type type, PropertyMaskingMetadata[] properties, Boolean logContextOnly, Int32& maskedCount) in /home/runner/work/Encina/Encina/src/Encina.Security.PII/PIIMasker.cs:line 333
   at Encina.Security.PII.PIIMasker.MaskObject[T](T obj) in /home/runner/work/Encina/Encina/src/Encina.Security.PII/PIIMasker.cs:line 140
   at BenchmarkDotNet.Autogenerated.Runnable_7.WorkloadActionNoUnroll(Int64 invokeCount) in /home/runner/work/Encina/Encina/tests/Encina.BenchmarkTests/Encina.Security.PII.Benchmarks/bin/Release/net10.0/Encina.Security.PII.Benchmarks-Job-YFEFPZ-1/Encina.Security.PII.Benchmarks-Job-YFEFPZ-1.notcs:line 1700
   at BenchmarkDotNet.Engines.Engine.Measure(Action`1 action, Int64 invokeCount)
   at BenchmarkDotNet.Engines.Engine.RunIteration(IterationData data)
   at BenchmarkDotNet.Engines.EngineFactory.Jit(Engine engine, Int32 jitIndex, Int32 invokeCount, Int32 unrollFactor)
   at BenchmarkDotNet.Engines.EngineFactory.CreateReadyToRun(EngineParameters engineParameters)
   at BenchmarkDotNet.Autogenerated.Runnable_7.Run(IHost host, String benchmarkName) in /home/runner/work/Encina/Encina/tests/Encina.BenchmarkTests/Encina.Security.PII.Benchmarks/bin/Release/net10.0/Encina.Security.PII.Benchmarks-Job-YFEFPZ-1/Encina.Security.PII.Benchmarks-Job-YFEFPZ-1.notcs:line 1563
   at System.Reflection.MethodBaseInvoker.InterpretedInvoke_Method(Object obj, IntPtr* args)
   at System.Reflection.MethodBaseInvoker.InvokeDirectByRefWithFewArgs(Object obj, Span`1 copyOfArgs, BindingFlags invokeAttr)
   --- End of inner exception stack trace ---
   at System.Reflection.MethodBaseInvoker.InvokeDirectByRefWithFewArgs(Object obj, Span`1 copyOfArgs, BindingFlags invokeAttr)
   at System.Reflection.MethodBaseInvoker.InvokeWithFewArgs(Object obj, BindingFlags invokeAttr, Binder binder, Object[] parameters, CultureInfo culture)
   at System.Reflection.RuntimeMethodInfo.Invoke(Object obj, BindingFlags invokeAttr, Binder binder, Object[] parameters, CultureInfo culture)
   at BenchmarkDotNet.Autogenerated.UniqueProgramName.AfterAssemblyLoadingAttached(String[] args) in /home/runner/work/Encina/Encina/tests/Encina.BenchmarkTests/Encina.Security.PII.Benchmarks/bin/Release/net10.0/Encina.Security.PII.Benchmarks-Job-YFEFPZ-1/Encina.Security.PII.Benchmarks-Job-YFEFPZ-1.notcs:line 57
// AfterAll
No Workload Results were obtained from the run.
// Benchmark Process 3204 has exited with code 255.

// ** Remained 10 (55.6 %) benchmark(s) to run. Estimated finish 2026-10-06 17:27 (0h 1m from now) **
// **************************
// Benchmark: SerializationBenchmarks.MaskObject_Large: Job-YFEFPZ(IterationCount=10, WarmupCount=3)
// *** Execute ***
// Launch: 1 / 1
// Execute: dotnet Encina.Security.PII.Benchmarks-Job-YFEFPZ-1.dll --anonymousPipes 158 159 --benchmarkName Encina.Security.PII.Benchmarks.SerializationBenchmarks.MaskObject_Large --job "IterationCount=10, WarmupCount=3" --benchmarkId 8 in /home/runner/work/Encina/Encina/tests/Encina.BenchmarkTests/Encina.Security.PII.Benchmarks/bin/Release/net10.0/Encina.Security.PII.Benchmarks-Job-YFEFPZ-1/bin/Release/net10.0
// Failed to set up high priority (Permission denied). In order to run benchmarks with high priority, make sure you have the right permissions.
// BeforeAnythingElse

// Benchmark Process Environment Information:
// BenchmarkDotNet v0.15.8
// Runtime=.NET 10.0.12 (10.0.12, 10.0.1226.42308), X64 RyuJIT x86-64-v3
// GC=Concurrent Workstation
// HardwareIntrinsics=AVX2+BMI1+BMI2+F16C+FMA+LZCNT+MOVBE,AVX,SSE3+SSSE3+SSE4.1+SSE4.2+POPCNT,X86Base+SSE+SSE2,AES+PCLMUL VectorSize=256
// Job: Job-YFEFPZ(IterationCount=10, WarmupCount=3)

OverheadJitting  1: 1 op, 230830.00 ns, 230.8300 us/op

System.Reflection.TargetInvocationException: Exception has been thrown by the target of an invocation.
 ---> System.InvalidOperationException: PII property 'CreditCard' of type 'LargeEntity' could not be masked on the copy.
   at Encina.Security.PII.PIIMasker.EnsureMasked(Object result, Type type, List`1 applied) in /home/runner/work/Encina/Encina/src/Encina.Security.PII/PIIMasker.cs:line 365
   at Encina.Security.PII.PIIMasker.MaskViaPropertyMetadata[T](T obj, Type type, PropertyMaskingMetadata[] properties, Boolean logContextOnly, Int32& maskedCount) in /home/runner/work/Encina/Encina/src/Encina.Security.PII/PIIMasker.cs:line 333
   at Encina.Security.PII.PIIMasker.MaskObject[T](T obj) in /home/runner/work/Encina/Encina/src/Encina.Security.PII/PIIMasker.cs:line 140
   at BenchmarkDotNet.Autogenerated.Runnable_8.WorkloadActionNoUnroll(Int64 invokeCount) in /home/runner/work/Encina/Encina/tests/Encina.BenchmarkTests/Encina.Security.PII.Benchmarks/bin/Release/net10.0/Encina.Security.PII.Benchmarks-Job-YFEFPZ-1/Encina.Security.PII.Benchmarks-Job-YFEFPZ-1.notcs:line 1898
   at BenchmarkDotNet.Engines.Engine.Measure(Action`1 action, Int64 invokeCount)
   at BenchmarkDotNet.Engines.Engine.RunIteration(IterationData data)
   at BenchmarkDotNet.Engines.EngineFactory.Jit(Engine engine, Int32 jitIndex, Int32 invokeCount, Int32 unrollFactor)
   at BenchmarkDotNet.Engines.EngineFactory.CreateReadyToRun(EngineParameters engineParameters)
   at BenchmarkDotNet.Autogenerated.Runnable_8.Run(IHost host, String benchmarkName) in /home/runner/work/Encina/Encina/tests/Encina.BenchmarkTests/Encina.Security.PII.Benchmarks/bin/Release/net10.0/Encina.Security.PII.Benchmarks-Job-YFEFPZ-1/Encina.Security.PII.Benchmarks-Job-YFEFPZ-1.notcs:line 1761
   at System.Reflection.MethodBaseInvoker.InterpretedInvoke_Method(Object obj, IntPtr* args)
   at System.Reflection.MethodBaseInvoker.InvokeDirectByRefWithFewArgs(Object obj, Span`1 copyOfArgs, BindingFlags invokeAttr)
   --- End of inner exception stack trace ---
   at System.Reflection.MethodBaseInvoker.InvokeDirectByRefWithFewArgs(Object obj, Span`1 copyOfArgs, BindingFlags invokeAttr)
   at System.Reflection.MethodBaseInvoker.InvokeWithFewArgs(Object obj, BindingFlags invokeAttr, Binder binder, Object[] parameters, CultureInfo culture)
   at System.Reflection.RuntimeMethodInfo.Invoke(Object obj, BindingFlags invokeAttr, Binder binder, Object[] parameters, CultureInfo culture)
   at BenchmarkDotNet.Autogenerated.UniqueProgramName.AfterAssemblyLoadingAttached(String[] args) in /home/runner/work/Encina/Encina/tests/Encina.BenchmarkTests/Encina.Security.PII.Benchmarks/bin/Release/net10.0/Encina.Security.PII.Benchmarks-Job-YFEFPZ-1/Encina.Security.PII.Benchmarks-Job-YFEFPZ-1.notcs:line 57
// AfterAll
No Workload Results were obtained from the run.
// Benchmark Process 3213 has exited with code 255.

// ** Remained 9 (50.0 %) benchmark(s) to run. Estimated finish 2026-10-06 17:26 (0h 1m from now) **
// **************************
// Benchmark: SerializationBenchmarks.Serialize_Small: ShortRun(IterationCount=3, LaunchCount=1, WarmupCount=3)
// *** Execute ***
// Launch: 1 / 1
// Execute: dotnet Encina.Security.PII.Benchmarks-Job-YFEFPZ-1.dll --anonymousPipes 158 159 --benchmarkName Encina.Security.PII.Benchmarks.SerializationBenchmarks.Serialize_Small --job ShortRun --benchmarkId 9 in /home/runner/work/Encina/Encina/tests/Encina.BenchmarkTests/Encina.Security.PII.Benchmarks/bin/Release/net10.0/Encina.Security.PII.Benchmarks-Job-YFEFPZ-1/bin/Release/net10.0
// Failed to set up high priority (Permission denied). In order to run benchmarks with high priority, make sure you have the right permissions.
// BeforeAnythingElse

// Benchmark Process Environment Information:
// BenchmarkDotNet v0.15.8
// Runtime=.NET 10.0.12 (10.0.12, 10.0.1226.42308), X64 RyuJIT x86-64-v3
// GC=Concurrent Workstation
// HardwareIntrinsics=AVX2+BMI1+BMI2+F16C+FMA+LZCNT+MOVBE,AVX,SSE3+SSSE3+SSE4.1+SSE4.2+POPCNT,X86Base+SSE+SSE2,AES+PCLMUL VectorSize=256
// Job: ShortRun(IterationCount=3, LaunchCount=1, WarmupCount=3)

OverheadJitting  1: 1 op, 257250.00 ns, 257.2500 us/op
WorkloadJitting  1: 1 op, 26074020.00 ns, 26.0740 ms/op

OverheadJitting  2: 16 op, 420204.00 ns, 26.2628 us/op
WorkloadJitting  2: 16 op, 512956.00 ns, 32.0598 us/op

WorkloadPilot    1: 16 op, 33001.00 ns, 2.0626 us/op
WorkloadPilot    2: 32 op, 40074.00 ns, 1.2523 us/op
WorkloadPilot    3: 64 op, 46717.00 ns, 729.9531 ns/op
WorkloadPilot    4: 128 op, 85549.00 ns, 668.3516 ns/op
WorkloadPilot    5: 256 op, 142335.00 ns, 555.9961 ns/op
WorkloadPilot    6: 512 op, 262760.00 ns, 513.2031 ns/op
WorkloadPilot    7: 1024 op, 543343.00 ns, 530.6084 ns/op
WorkloadPilot    8: 2048 op, 1026693.00 ns, 501.3149 ns/op
WorkloadPilot    9: 4096 op, 2027579.00 ns, 495.0144 ns/op
WorkloadPilot   10: 8192 op, 3982751.00 ns, 486.1757 ns/op
WorkloadPilot   11: 16384 op, 8017170.00 ns, 489.3292 ns/op
WorkloadPilot   12: 32768 op, 16026566.00 ns, 489.0920 ns/op
WorkloadPilot   13: 65536 op, 31862789.00 ns, 486.1876 ns/op
WorkloadPilot   14: 131072 op, 64363955.00 ns, 491.0580 ns/op
WorkloadPilot   15: 262144 op, 117636634.00 ns, 448.7481 ns/op
WorkloadPilot   16: 524288 op, 231375132.00 ns, 441.3130 ns/op
WorkloadPilot   17: 1048576 op, 464155424.00 ns, 442.6531 ns/op
WorkloadPilot   18: 2097152 op, 927399240.00 ns, 442.2184 ns/op

OverheadWarmup   1: 2097152 op, 9765268.00 ns, 4.6564 ns/op
OverheadWarmup   2: 2097152 op, 9735122.00 ns, 4.6421 ns/op
OverheadWarmup   3: 2097152 op, 9731695.00 ns, 4.6404 ns/op
OverheadWarmup   4: 2097152 op, 9736655.00 ns, 4.6428 ns/op
OverheadWarmup   5: 2097152 op, 9728941.00 ns, 4.6391 ns/op
OverheadWarmup   6: 2097152 op, 9711458.00 ns, 4.6308 ns/op
OverheadWarmup   7: 2097152 op, 9738488.00 ns, 4.6437 ns/op
OverheadWarmup   8: 2097152 op, 9728880.00 ns, 4.6391 ns/op

OverheadActual   1: 2097152 op, 9770327.00 ns, 4.6589 ns/op
OverheadActual   2: 2097152 op, 9736485.00 ns, 4.6427 ns/op
OverheadActual   3: 2097152 op, 9784825.00 ns, 4.6658 ns/op
OverheadActual   4: 2097152 op, 9768785.00 ns, 4.6581 ns/op
OverheadActual   5: 2097152 op, 9764106.00 ns, 4.6559 ns/op
OverheadActual   6: 2097152 op, 9734742.00 ns, 4.6419 ns/op
OverheadActual   7: 2097152 op, 10127584.00 ns, 4.8292 ns/op
OverheadActual   8: 2097152 op, 10180381.00 ns, 4.8544 ns/op
OverheadActual   9: 2097152 op, 9736344.00 ns, 4.6427 ns/op
OverheadActual  10: 2097152 op, 9763905.00 ns, 4.6558 ns/op
OverheadActual  11: 2097152 op, 9717169.00 ns, 4.6335 ns/op
OverheadActual  12: 2097152 op, 9724302.00 ns, 4.6369 ns/op
OverheadActual  13: 2097152 op, 9781188.00 ns, 4.6640 ns/op
OverheadActual  14: 2097152 op, 9729792.00 ns, 4.6395 ns/op
OverheadActual  15: 2097152 op, 9697853.00 ns, 4.6243 ns/op

WorkloadWarmup   1: 2097152 op, 936168910.00 ns, 446.4001 ns/op
WorkloadWarmup   2: 2097152 op, 931862021.00 ns, 444.3464 ns/op
WorkloadWarmup   3: 2097152 op, 928293242.00 ns, 442.6447 ns/op

// BeforeActualRun
WorkloadActual   1: 2097152 op, 932570208.00 ns, 444.6841 ns/op
WorkloadActual   2: 2097152 op, 946079750.00 ns, 451.1260 ns/op
WorkloadActual   3: 2097152 op, 926889340.00 ns, 441.9753 ns/op

// AfterActualRun
WorkloadResult   1: 2097152 op, 922806303.00 ns, 440.0283 ns/op
WorkloadResult   2: 2097152 op, 936315845.00 ns, 446.4702 ns/op
WorkloadResult   3: 2097152 op, 917125435.00 ns, 437.3195 ns/op
// GC:  14 0 0 234881024 2097152
// Threading:  0 0 2097152

// AfterAll
// Benchmark Process 3220 has exited with code 0.

Mean = 441.273 ns, StdErr = 2.714 ns (0.62%), N = 3, StdDev = 4.701 ns
Min = 437.319 ns, Q1 = 438.674 ns, Median = 440.028 ns, Q3 = 443.249 ns, Max = 446.470 ns
IQR = 4.575 ns, LowerFence = 431.811 ns, UpperFence = 450.112 ns
ConfidenceInterval = [355.517 ns; 527.028 ns] (CI 99.9%), Margin = 85.755 ns (19.43% of Mean)
Skewness = 0.25, Kurtosis = 0.67, MValue = 2

// ** Remained 8 (44.4 %) benchmark(s) to run. Estimated finish 2026-10-06 17:26 (0h 1m from now) **
// **************************
// Benchmark: SerializationBenchmarks.Serialize_Medium: ShortRun(IterationCount=3, LaunchCount=1, WarmupCount=3)
// *** Execute ***
// Launch: 1 / 1
// Execute: dotnet Encina.Security.PII.Benchmarks-Job-YFEFPZ-1.dll --anonymousPipes 158 159 --benchmarkName Encina.Security.PII.Benchmarks.SerializationBenchmarks.Serialize_Medium --job ShortRun --benchmarkId 10 in /home/runner/work/Encina/Encina/tests/Encina.BenchmarkTests/Encina.Security.PII.Benchmarks/bin/Release/net10.0/Encina.Security.PII.Benchmarks-Job-YFEFPZ-1/bin/Release/net10.0
// Failed to set up high priority (Permission denied). In order to run benchmarks with high priority, make sure you have the right permissions.
// BeforeAnythingElse

// Benchmark Process Environment Information:
// BenchmarkDotNet v0.15.8
// Runtime=.NET 10.0.12 (10.0.12, 10.0.1226.42308), X64 RyuJIT x86-64-v3
// GC=Concurrent Workstation
// HardwareIntrinsics=AVX2+BMI1+BMI2+F16C+FMA+LZCNT+MOVBE,AVX,SSE3+SSSE3+SSE4.1+SSE4.2+POPCNT,X86Base+SSE+SSE2,AES+PCLMUL VectorSize=256
// Job: ShortRun(IterationCount=3, LaunchCount=1, WarmupCount=3)

OverheadJitting  1: 1 op, 249485.00 ns, 249.4850 us/op
WorkloadJitting  1: 1 op, 27584911.00 ns, 27.5849 ms/op

OverheadJitting  2: 16 op, 448355.00 ns, 28.0222 us/op
WorkloadJitting  2: 16 op, 543232.00 ns, 33.9520 us/op

WorkloadPilot    1: 16 op, 37559.00 ns, 2.3474 us/op
WorkloadPilot    2: 32 op, 64169.00 ns, 2.0053 us/op
WorkloadPilot    3: 64 op, 106238.00 ns, 1.6600 us/op
WorkloadPilot    4: 128 op, 179705.00 ns, 1.4039 us/op
WorkloadPilot    5: 256 op, 346325.00 ns, 1.3528 us/op
WorkloadPilot    6: 512 op, 684295.00 ns, 1.3365 us/op
WorkloadPilot    7: 1024 op, 1210746.00 ns, 1.1824 us/op
WorkloadPilot    8: 2048 op, 2489880.00 ns, 1.2158 us/op
WorkloadPilot    9: 4096 op, 4865657.00 ns, 1.1879 us/op
WorkloadPilot   10: 8192 op, 9740601.00 ns, 1.1890 us/op
WorkloadPilot   11: 16384 op, 19383620.00 ns, 1.1831 us/op
WorkloadPilot   12: 32768 op, 38543893.00 ns, 1.1763 us/op
WorkloadPilot   13: 65536 op, 70252489.00 ns, 1.0720 us/op
WorkloadPilot   14: 131072 op, 134098209.00 ns, 1.0231 us/op
WorkloadPilot   15: 262144 op, 268673768.00 ns, 1.0249 us/op
WorkloadPilot   16: 524288 op, 546198251.00 ns, 1.0418 us/op

OverheadWarmup   1: 524288 op, 1728541.00 ns, 3.2969 ns/op
OverheadWarmup   2: 524288 op, 1747276.00 ns, 3.3327 ns/op
OverheadWarmup   3: 524288 op, 1731537.00 ns, 3.3026 ns/op
OverheadWarmup   4: 524288 op, 1742207.00 ns, 3.3230 ns/op
OverheadWarmup   5: 524288 op, 1729483.00 ns, 3.2987 ns/op

OverheadActual   1: 524288 op, 1746204.00 ns, 3.3306 ns/op
OverheadActual   2: 524288 op, 1739312.00 ns, 3.3175 ns/op
OverheadActual   3: 524288 op, 1744831.00 ns, 3.3280 ns/op
OverheadActual   4: 524288 op, 1742216.00 ns, 3.3230 ns/op
OverheadActual   5: 524288 op, 1743198.00 ns, 3.3249 ns/op
OverheadActual   6: 524288 op, 1742296.00 ns, 3.3232 ns/op
OverheadActual   7: 524288 op, 1752946.00 ns, 3.3435 ns/op
OverheadActual   8: 524288 op, 1731106.00 ns, 3.3018 ns/op
OverheadActual   9: 524288 op, 1753949.00 ns, 3.3454 ns/op
OverheadActual  10: 524288 op, 1731587.00 ns, 3.3027 ns/op
OverheadActual  11: 524288 op, 1740934.00 ns, 3.3206 ns/op
OverheadActual  12: 524288 op, 1739361.00 ns, 3.3176 ns/op
OverheadActual  13: 524288 op, 1740433.00 ns, 3.3196 ns/op
OverheadActual  14: 524288 op, 1741325.00 ns, 3.3213 ns/op
OverheadActual  15: 524288 op, 1733791.00 ns, 3.3069 ns/op

WorkloadWarmup   1: 524288 op, 540594697.00 ns, 1.0311 us/op
WorkloadWarmup   2: 524288 op, 536007959.00 ns, 1.0224 us/op
WorkloadWarmup   3: 524288 op, 536905209.00 ns, 1.0241 us/op

// BeforeActualRun
WorkloadActual   1: 524288 op, 538925028.00 ns, 1.0279 us/op
WorkloadActual   2: 524288 op, 535700389.00 ns, 1.0218 us/op
WorkloadActual   3: 524288 op, 535000341.00 ns, 1.0204 us/op

// AfterActualRun
WorkloadResult   1: 524288 op, 537183703.00 ns, 1.0246 us/op
WorkloadResult   2: 524288 op, 533959064.00 ns, 1.0184 us/op
WorkloadResult   3: 524288 op, 533259016.00 ns, 1.0171 us/op
// GC:  12 0 0 205520896 524288
// Threading:  0 0 524288

// AfterAll
// Benchmark Process 3227 has exited with code 0.

Mean = 1.020 μs, StdErr = 0.002 μs (0.23%), N = 3, StdDev = 0.004 μs
Min = 1.017 μs, Q1 = 1.018 μs, Median = 1.018 μs, Q3 = 1.022 μs, Max = 1.025 μs
IQR = 0.004 μs, LowerFence = 1.012 μs, UpperFence = 1.027 μs
ConfidenceInterval = [0.947 μs; 1.093 μs] (CI 99.9%), Margin = 0.073 μs (7.14% of Mean)
Skewness = 0.34, Kurtosis = 0.67, MValue = 2

// ** Remained 7 (38.9 %) benchmark(s) to run. Estimated finish 2026-10-06 17:26 (0h 1m from now) **
// **************************
// Benchmark: SerializationBenchmarks.Serialize_Large: ShortRun(IterationCount=3, LaunchCount=1, WarmupCount=3)
// *** Execute ***
// Launch: 1 / 1
// Execute: dotnet Encina.Security.PII.Benchmarks-Job-YFEFPZ-1.dll --anonymousPipes 158 159 --benchmarkName Encina.Security.PII.Benchmarks.SerializationBenchmarks.Serialize_Large --job ShortRun --benchmarkId 11 in /home/runner/work/Encina/Encina/tests/Encina.BenchmarkTests/Encina.Security.PII.Benchmarks/bin/Release/net10.0/Encina.Security.PII.Benchmarks-Job-YFEFPZ-1/bin/Release/net10.0
// Failed to set up high priority (Permission denied). In order to run benchmarks with high priority, make sure you have the right permissions.
// BeforeAnythingElse

// Benchmark Process Environment Information:
// BenchmarkDotNet v0.15.8
// Runtime=.NET 10.0.12 (10.0.12, 10.0.1226.42308), X64 RyuJIT x86-64-v3
// GC=Concurrent Workstation
// HardwareIntrinsics=AVX2+BMI1+BMI2+F16C+FMA+LZCNT+MOVBE,AVX,SSE3+SSSE3+SSE4.1+SSE4.2+POPCNT,X86Base+SSE+SSE2,AES+PCLMUL VectorSize=256
// Job: ShortRun(IterationCount=3, LaunchCount=1, WarmupCount=3)

OverheadJitting  1: 1 op, 235288.00 ns, 235.2880 us/op
WorkloadJitting  1: 1 op, 30625232.00 ns, 30.6252 ms/op

OverheadJitting  2: 16 op, 423389.00 ns, 26.4618 us/op
WorkloadJitting  2: 16 op, 603375.00 ns, 37.7109 us/op

WorkloadPilot    1: 16 op, 61444.00 ns, 3.8403 us/op
WorkloadPilot    2: 32 op, 158836.00 ns, 4.9636 us/op
WorkloadPilot    3: 64 op, 281304.00 ns, 4.3954 us/op
WorkloadPilot    4: 128 op, 484693.00 ns, 3.7867 us/op
WorkloadPilot    5: 256 op, 998020.00 ns, 3.8985 us/op
WorkloadPilot    6: 512 op, 2038609.00 ns, 3.9817 us/op
WorkloadPilot    7: 1024 op, 3863560.00 ns, 3.7730 us/op
WorkloadPilot    8: 2048 op, 7906795.00 ns, 3.8607 us/op
WorkloadPilot    9: 4096 op, 15620009.00 ns, 3.8135 us/op
WorkloadPilot   10: 8192 op, 19717024.00 ns, 2.4069 us/op
WorkloadPilot   11: 16384 op, 36497244.00 ns, 2.2276 us/op
WorkloadPilot   12: 32768 op, 72798034.00 ns, 2.2216 us/op
WorkloadPilot   13: 65536 op, 143694363.00 ns, 2.1926 us/op
WorkloadPilot   14: 131072 op, 287303868.00 ns, 2.1920 us/op
WorkloadPilot   15: 262144 op, 574230893.00 ns, 2.1905 us/op

OverheadWarmup   1: 262144 op, 882835.00 ns, 3.3677 ns/op
OverheadWarmup   2: 262144 op, 890830.00 ns, 3.3982 ns/op
OverheadWarmup   3: 262144 op, 903103.00 ns, 3.4451 ns/op
OverheadWarmup   4: 262144 op, 900999.00 ns, 3.4370 ns/op
OverheadWarmup   5: 262144 op, 890379.00 ns, 3.3965 ns/op
OverheadWarmup   6: 262144 op, 890800.00 ns, 3.3981 ns/op
OverheadWarmup   7: 262144 op, 892935.00 ns, 3.4063 ns/op
OverheadWarmup   8: 262144 op, 1090863.00 ns, 4.1613 ns/op
OverheadWarmup   9: 262144 op, 1205787.00 ns, 4.5997 ns/op
OverheadWarmup  10: 262144 op, 896761.00 ns, 3.4209 ns/op

OverheadActual   1: 262144 op, 872457.00 ns, 3.3282 ns/op
OverheadActual   2: 262144 op, 893525.00 ns, 3.4085 ns/op
OverheadActual   3: 262144 op, 904275.00 ns, 3.4495 ns/op
OverheadActual   4: 262144 op, 897052.00 ns, 3.4220 ns/op
OverheadActual   5: 262144 op, 870723.00 ns, 3.3215 ns/op
OverheadActual   6: 262144 op, 888065.00 ns, 3.3877 ns/op
OverheadActual   7: 262144 op, 886723.00 ns, 3.3826 ns/op
OverheadActual   8: 262144 op, 893024.00 ns, 3.4066 ns/op
OverheadActual   9: 262144 op, 885370.00 ns, 3.3774 ns/op
OverheadActual  10: 262144 op, 887635.00 ns, 3.3861 ns/op
OverheadActual  11: 262144 op, 888025.00 ns, 3.3875 ns/op
OverheadActual  12: 262144 op, 887975.00 ns, 3.3874 ns/op
OverheadActual  13: 262144 op, 859191.00 ns, 3.2776 ns/op
OverheadActual  14: 262144 op, 876123.00 ns, 3.3421 ns/op
OverheadActual  15: 262144 op, 886663.00 ns, 3.3824 ns/op

WorkloadWarmup   1: 262144 op, 586128574.00 ns, 2.2359 us/op
WorkloadWarmup   2: 262144 op, 580723723.00 ns, 2.2153 us/op
WorkloadWarmup   3: 262144 op, 571955021.00 ns, 2.1818 us/op

// BeforeActualRun
WorkloadActual   1: 262144 op, 574667105.00 ns, 2.1922 us/op
WorkloadActual   2: 262144 op, 587940160.00 ns, 2.2428 us/op
WorkloadActual   3: 262144 op, 591093408.00 ns, 2.2548 us/op

// AfterActualRun
WorkloadResult   1: 262144 op, 573779470.00 ns, 2.1888 us/op
WorkloadResult   2: 262144 op, 587052525.00 ns, 2.2394 us/op
WorkloadResult   3: 262144 op, 590205773.00 ns, 2.2515 us/op
// GC:  59 0 0 991952896 262144
// Threading:  0 0 262144

// AfterAll
// Benchmark Process 3235 has exited with code 0.

Mean = 2.227 μs, StdErr = 0.019 μs (0.86%), N = 3, StdDev = 0.033 μs
Min = 2.189 μs, Q1 = 2.214 μs, Median = 2.239 μs, Q3 = 2.245 μs, Max = 2.251 μs
IQR = 0.031 μs, LowerFence = 2.167 μs, UpperFence = 2.292 μs
ConfidenceInterval = [1.620 μs; 2.833 μs] (CI 99.9%), Margin = 0.607 μs (27.25% of Mean)
Skewness = -0.33, Kurtosis = 0.67, MValue = 2

// ** Remained 6 (33.3 %) benchmark(s) to run. Estimated finish 2026-10-06 17:26 (0h 0m from now) **
// **************************
// Benchmark: SerializationBenchmarks.SerializeRoundtrip_Small: ShortRun(IterationCount=3, LaunchCount=1, WarmupCount=3)
// *** Execute ***
// Launch: 1 / 1
// Execute: dotnet Encina.Security.PII.Benchmarks-Job-YFEFPZ-1.dll --anonymousPipes 158 159 --benchmarkName Encina.Security.PII.Benchmarks.SerializationBenchmarks.SerializeRoundtrip_Small --job ShortRun --benchmarkId 12 in /home/runner/work/Encina/Encina/tests/Encina.BenchmarkTests/Encina.Security.PII.Benchmarks/bin/Release/net10.0/Encina.Security.PII.Benchmarks-Job-YFEFPZ-1/bin/Release/net10.0
// Failed to set up high priority (Permission denied). In order to run benchmarks with high priority, make sure you have the right permissions.
// BeforeAnythingElse

// Benchmark Process Environment Information:
// BenchmarkDotNet v0.15.8
// Runtime=.NET 10.0.12 (10.0.12, 10.0.1226.42308), X64 RyuJIT x86-64-v3
// GC=Concurrent Workstation
// HardwareIntrinsics=AVX2+BMI1+BMI2+F16C+FMA+LZCNT+MOVBE,AVX,SSE3+SSSE3+SSE4.1+SSE4.2+POPCNT,X86Base+SSE+SSE2,AES+PCLMUL VectorSize=256
// Job: ShortRun(IterationCount=3, LaunchCount=1, WarmupCount=3)

OverheadJitting  1: 1 op, 234156.00 ns, 234.1560 us/op
WorkloadJitting  1: 1 op, 33136102.00 ns, 33.1361 ms/op

OverheadJitting  2: 16 op, 473643.00 ns, 29.6027 us/op
WorkloadJitting  2: 16 op, 641265.00 ns, 40.0791 us/op

WorkloadPilot    1: 16 op, 45185.00 ns, 2.8241 us/op
WorkloadPilot    2: 32 op, 60382.00 ns, 1.8869 us/op
WorkloadPilot    3: 64 op, 86301.00 ns, 1.3485 us/op
WorkloadPilot    4: 128 op, 186227.00 ns, 1.4549 us/op
WorkloadPilot    5: 256 op, 321339.00 ns, 1.2552 us/op
WorkloadPilot    6: 512 op, 595499.00 ns, 1.1631 us/op
WorkloadPilot    7: 1024 op, 1198664.00 ns, 1.1706 us/op
WorkloadPilot    8: 2048 op, 2229073.00 ns, 1.0884 us/op
WorkloadPilot    9: 4096 op, 4427298.00 ns, 1.0809 us/op
WorkloadPilot   10: 8192 op, 8900692.00 ns, 1.0865 us/op
WorkloadPilot   11: 16384 op, 17671211.00 ns, 1.0786 us/op
WorkloadPilot   12: 32768 op, 35538551.00 ns, 1.0846 us/op
WorkloadPilot   13: 65536 op, 70611098.00 ns, 1.0774 us/op
WorkloadPilot   14: 131072 op, 129726500.00 ns, 989.7346 ns/op
WorkloadPilot   15: 262144 op, 257424179.00 ns, 981.9953 ns/op
WorkloadPilot   16: 524288 op, 515139069.00 ns, 982.5498 ns/op

OverheadWarmup   1: 524288 op, 1769727.00 ns, 3.3755 ns/op
OverheadWarmup   2: 524288 op, 1747826.00 ns, 3.3337 ns/op
OverheadWarmup   3: 524288 op, 1743658.00 ns, 3.3258 ns/op
OverheadWarmup   4: 524288 op, 1734822.00 ns, 3.3089 ns/op
OverheadWarmup   5: 524288 op, 1743048.00 ns, 3.3246 ns/op
OverheadWarmup   6: 524288 op, 1828587.00 ns, 3.4878 ns/op
OverheadWarmup   7: 524288 op, 1743569.00 ns, 3.3256 ns/op
OverheadWarmup   8: 524288 op, 1747245.00 ns, 3.3326 ns/op
OverheadWarmup   9: 524288 op, 1742836.00 ns, 3.3242 ns/op

OverheadActual   1: 524288 op, 1751923.00 ns, 3.3415 ns/op
OverheadActual   2: 524288 op, 1737156.00 ns, 3.3134 ns/op
OverheadActual   3: 524288 op, 1751744.00 ns, 3.3412 ns/op
OverheadActual   4: 524288 op, 1757654.00 ns, 3.3525 ns/op
OverheadActual   5: 524288 op, 1736295.00 ns, 3.3117 ns/op
OverheadActual   6: 524288 op, 1748878.00 ns, 3.3357 ns/op
OverheadActual   7: 524288 op, 1729091.00 ns, 3.2980 ns/op
OverheadActual   8: 524288 op, 1750121.00 ns, 3.3381 ns/op
OverheadActual   9: 524288 op, 1755601.00 ns, 3.3485 ns/op
OverheadActual  10: 524288 op, 1746674.00 ns, 3.3315 ns/op
OverheadActual  11: 524288 op, 1755110.00 ns, 3.3476 ns/op
OverheadActual  12: 524288 op, 1753807.00 ns, 3.3451 ns/op
OverheadActual  13: 524288 op, 1742336.00 ns, 3.3232 ns/op
OverheadActual  14: 524288 op, 1753287.00 ns, 3.3441 ns/op
OverheadActual  15: 524288 op, 1803910.00 ns, 3.4407 ns/op

WorkloadWarmup   1: 524288 op, 521051334.00 ns, 993.8265 ns/op
WorkloadWarmup   2: 524288 op, 520812830.00 ns, 993.3716 ns/op
WorkloadWarmup   3: 524288 op, 517175824.00 ns, 986.4346 ns/op

// BeforeActualRun
WorkloadActual   1: 524288 op, 517465133.00 ns, 986.9864 ns/op
WorkloadActual   2: 524288 op, 515975809.00 ns, 984.1458 ns/op
WorkloadActual   3: 524288 op, 515430273.00 ns, 983.1052 ns/op

// AfterActualRun
WorkloadResult   1: 524288 op, 515713389.00 ns, 983.6452 ns/op
WorkloadResult   2: 524288 op, 514224065.00 ns, 980.8046 ns/op
WorkloadResult   3: 524288 op, 513678529.00 ns, 979.7640 ns/op
// GC:  7 0 0 121634816 524288
// Threading:  0 0 524288

// AfterAll
// Benchmark Process 3243 has exited with code 0.

Mean = 981.405 ns, StdErr = 1.160 ns (0.12%), N = 3, StdDev = 2.009 ns
Min = 979.764 ns, Q1 = 980.284 ns, Median = 980.805 ns, Q3 = 982.225 ns, Max = 983.645 ns
IQR = 1.941 ns, LowerFence = 977.373 ns, UpperFence = 985.136 ns
ConfidenceInterval = [944.754 ns; 1,018.056 ns] (CI 99.9%), Margin = 36.651 ns (3.73% of Mean)
Skewness = 0.27, Kurtosis = 0.67, MValue = 2

// ** Remained 5 (27.8 %) benchmark(s) to run. Estimated finish 2026-10-06 17:26 (0h 0m from now) **
// **************************
// Benchmark: SerializationBenchmarks.SerializeRoundtrip_Large: ShortRun(IterationCount=3, LaunchCount=1, WarmupCount=3)
// *** Execute ***
// Launch: 1 / 1
// Execute: dotnet Encina.Security.PII.Benchmarks-Job-YFEFPZ-1.dll --anonymousPipes 158 159 --benchmarkName Encina.Security.PII.Benchmarks.SerializationBenchmarks.SerializeRoundtrip_Large --job ShortRun --benchmarkId 13 in /home/runner/work/Encina/Encina/tests/Encina.BenchmarkTests/Encina.Security.PII.Benchmarks/bin/Release/net10.0/Encina.Security.PII.Benchmarks-Job-YFEFPZ-1/bin/Release/net10.0
// Failed to set up high priority (Permission denied). In order to run benchmarks with high priority, make sure you have the right permissions.
// BeforeAnythingElse

// Benchmark Process Environment Information:
// BenchmarkDotNet v0.15.8
// Runtime=.NET 10.0.12 (10.0.12, 10.0.1226.42308), X64 RyuJIT x86-64-v3
// GC=Concurrent Workstation
// HardwareIntrinsics=AVX2+BMI1+BMI2+F16C+FMA+LZCNT+MOVBE,AVX,SSE3+SSSE3+SSE4.1+SSE4.2+POPCNT,X86Base+SSE+SSE2,AES+PCLMUL VectorSize=256
// Job: ShortRun(IterationCount=3, LaunchCount=1, WarmupCount=3)

OverheadJitting  1: 1 op, 227734.00 ns, 227.7340 us/op
WorkloadJitting  1: 1 op, 37866364.00 ns, 37.8664 ms/op

WorkloadPilot    1: 2 op, 147845.00 ns, 73.9225 us/op
WorkloadPilot    2: 3 op, 57146.00 ns, 19.0487 us/op
WorkloadPilot    3: 4 op, 45284.00 ns, 11.3210 us/op
WorkloadPilot    4: 5 op, 42048.00 ns, 8.4096 us/op
WorkloadPilot    5: 6 op, 66795.00 ns, 11.1325 us/op
WorkloadPilot    6: 7 op, 57888.00 ns, 8.2697 us/op
WorkloadPilot    7: 8 op, 87363.00 ns, 10.9204 us/op
WorkloadPilot    8: 9 op, 117710.00 ns, 13.0789 us/op
WorkloadPilot    9: 10 op, 131957.00 ns, 13.1957 us/op
WorkloadPilot   10: 11 op, 149378.00 ns, 13.5798 us/op
WorkloadPilot   11: 12 op, 158706.00 ns, 13.2255 us/op
WorkloadPilot   12: 13 op, 163023.00 ns, 12.5402 us/op
WorkloadPilot   13: 14 op, 173263.00 ns, 12.3759 us/op
WorkloadPilot   14: 15 op, 195153.00 ns, 13.0102 us/op
WorkloadPilot   15: 16 op, 240007.00 ns, 15.0004 us/op
WorkloadPilot   16: 32 op, 334293.00 ns, 10.4467 us/op
WorkloadPilot   17: 64 op, 481497.00 ns, 7.5234 us/op
WorkloadPilot   18: 128 op, 1085642.00 ns, 8.4816 us/op
WorkloadPilot   19: 256 op, 2220506.00 ns, 8.6739 us/op
WorkloadPilot   20: 512 op, 4288529.00 ns, 8.3760 us/op
WorkloadPilot   21: 1024 op, 8588119.00 ns, 8.3868 us/op
WorkloadPilot   22: 2048 op, 16918148.00 ns, 8.2608 us/op
WorkloadPilot   23: 4096 op, 22891506.00 ns, 5.5887 us/op
WorkloadPilot   24: 8192 op, 42555931.00 ns, 5.1948 us/op
WorkloadPilot   25: 16384 op, 81582097.00 ns, 4.9794 us/op
WorkloadPilot   26: 32768 op, 161306994.00 ns, 4.9227 us/op
WorkloadPilot   27: 65536 op, 323935569.00 ns, 4.9429 us/op
WorkloadPilot   28: 131072 op, 646576150.00 ns, 4.9330 us/op

WorkloadWarmup   1: 131072 op, 647034747.00 ns, 4.9365 us/op
WorkloadWarmup   2: 131072 op, 651615975.00 ns, 4.9714 us/op
WorkloadWarmup   3: 131072 op, 648056325.00 ns, 4.9443 us/op

// BeforeActualRun
WorkloadActual   1: 131072 op, 650864388.00 ns, 4.9657 us/op
WorkloadActual   2: 131072 op, 656714279.00 ns, 5.0103 us/op
WorkloadActual   3: 131072 op, 652068983.00 ns, 4.9749 us/op

// AfterActualRun
WorkloadResult   1: 131072 op, 650864388.00 ns, 4.9657 us/op
WorkloadResult   2: 131072 op, 656714279.00 ns, 5.0103 us/op
WorkloadResult   3: 131072 op, 652068983.00 ns, 4.9749 us/op
// GC:  60 0 0 1007681536 131072
// Threading:  0 0 131072

// AfterAll
// Benchmark Process 3249 has exited with code 0.

Mean = 4.984 μs, StdErr = 0.014 μs (0.27%), N = 3, StdDev = 0.024 μs
Min = 4.966 μs, Q1 = 4.970 μs, Median = 4.975 μs, Q3 = 4.993 μs, Max = 5.010 μs
IQR = 0.022 μs, LowerFence = 4.937 μs, UpperFence = 5.026 μs
ConfidenceInterval = [4.554 μs; 5.414 μs] (CI 99.9%), Margin = 0.430 μs (8.63% of Mean)
Skewness = 0.32, Kurtosis = 0.67, MValue = 2

// ** Remained 4 (22.2 %) benchmark(s) to run. Estimated finish 2026-10-06 17:26 (0h 0m from now) **
// **************************
// Benchmark: SerializationBenchmarks.ParseAndModify_Small: ShortRun(IterationCount=3, LaunchCount=1, WarmupCount=3)
// *** Execute ***
// Launch: 1 / 1
// Execute: dotnet Encina.Security.PII.Benchmarks-Job-YFEFPZ-1.dll --anonymousPipes 158 159 --benchmarkName Encina.Security.PII.Benchmarks.SerializationBenchmarks.ParseAndModify_Small --job ShortRun --benchmarkId 14 in /home/runner/work/Encina/Encina/tests/Encina.BenchmarkTests/Encina.Security.PII.Benchmarks/bin/Release/net10.0/Encina.Security.PII.Benchmarks-Job-YFEFPZ-1/bin/Release/net10.0
// Failed to set up high priority (Permission denied). In order to run benchmarks with high priority, make sure you have the right permissions.
// BeforeAnythingElse

// Benchmark Process Environment Information:
// BenchmarkDotNet v0.15.8
// Runtime=.NET 10.0.12 (10.0.12, 10.0.1226.42308), X64 RyuJIT x86-64-v3
// GC=Concurrent Workstation
// HardwareIntrinsics=AVX2+BMI1+BMI2+F16C+FMA+LZCNT+MOVBE,AVX,SSE3+SSSE3+SSE4.1+SSE4.2+POPCNT,X86Base+SSE+SSE2,AES+PCLMUL VectorSize=256
// Job: ShortRun(IterationCount=3, LaunchCount=1, WarmupCount=3)

OverheadJitting  1: 1 op, 236772.00 ns, 236.7720 us/op
WorkloadJitting  1: 1 op, 30336596.00 ns, 30.3366 ms/op

OverheadJitting  2: 16 op, 477530.00 ns, 29.8456 us/op
WorkloadJitting  2: 16 op, 638750.00 ns, 39.9219 us/op

WorkloadPilot    1: 16 op, 82474.00 ns, 5.1546 us/op
WorkloadPilot    2: 32 op, 106399.00 ns, 3.3250 us/op
WorkloadPilot    3: 64 op, 199111.00 ns, 3.1111 us/op
WorkloadPilot    4: 128 op, 353939.00 ns, 2.7651 us/op
WorkloadPilot    5: 256 op, 620015.00 ns, 2.4219 us/op
WorkloadPilot    6: 512 op, 1147649.00 ns, 2.2415 us/op
WorkloadPilot    7: 1024 op, 2187817.00 ns, 2.1365 us/op
WorkloadPilot    8: 2048 op, 4399839.00 ns, 2.1484 us/op
WorkloadPilot    9: 4096 op, 8832341.00 ns, 2.1563 us/op
WorkloadPilot   10: 8192 op, 17596934.00 ns, 2.1481 us/op
WorkloadPilot   11: 16384 op, 34914728.00 ns, 2.1310 us/op
WorkloadPilot   12: 32768 op, 61152987.00 ns, 1.8662 us/op
WorkloadPilot   13: 65536 op, 116655592.00 ns, 1.7800 us/op
WorkloadPilot   14: 131072 op, 234829475.00 ns, 1.7916 us/op
WorkloadPilot   15: 262144 op, 470850359.00 ns, 1.7962 us/op
WorkloadPilot   16: 524288 op, 943359158.00 ns, 1.7993 us/op

OverheadWarmup   1: 524288 op, 1737688.00 ns, 3.3144 ns/op
OverheadWarmup   2: 524288 op, 1731637.00 ns, 3.3028 ns/op
OverheadWarmup   3: 524288 op, 1727700.00 ns, 3.2953 ns/op
OverheadWarmup   4: 524288 op, 1724564.00 ns, 3.2893 ns/op
OverheadWarmup   5: 524288 op, 1730525.00 ns, 3.3007 ns/op
OverheadWarmup   6: 524288 op, 1722941.00 ns, 3.2862 ns/op
OverheadWarmup   7: 524288 op, 1710307.00 ns, 3.2622 ns/op
OverheadWarmup   8: 524288 op, 1724073.00 ns, 3.2884 ns/op
OverheadWarmup   9: 524288 op, 1725736.00 ns, 3.2916 ns/op
OverheadWarmup  10: 524288 op, 1715217.00 ns, 3.2715 ns/op

OverheadActual   1: 524288 op, 1727099.00 ns, 3.2942 ns/op
OverheadActual   2: 524288 op, 1722841.00 ns, 3.2861 ns/op
OverheadActual   3: 524288 op, 1726888.00 ns, 3.2938 ns/op
OverheadActual   4: 524288 op, 1759430.00 ns, 3.3558 ns/op
OverheadActual   5: 524288 op, 1725175.00 ns, 3.2905 ns/op
OverheadActual   6: 524288 op, 1726387.00 ns, 3.2928 ns/op
OverheadActual   7: 524288 op, 1727249.00 ns, 3.2945 ns/op
OverheadActual   8: 524288 op, 1742918.00 ns, 3.3244 ns/op
OverheadActual   9: 524288 op, 1726347.00 ns, 3.2927 ns/op
OverheadActual  10: 524288 op, 1724845.00 ns, 3.2899 ns/op
OverheadActual  11: 524288 op, 1715867.00 ns, 3.2728 ns/op
OverheadActual  12: 524288 op, 1730245.00 ns, 3.3002 ns/op
OverheadActual  13: 524288 op, 1733180.00 ns, 3.3058 ns/op
OverheadActual  14: 524288 op, 1736576.00 ns, 3.3123 ns/op
OverheadActual  15: 524288 op, 1728161.00 ns, 3.2962 ns/op

WorkloadWarmup   1: 524288 op, 950990041.00 ns, 1.8139 us/op
WorkloadWarmup   2: 524288 op, 944152557.00 ns, 1.8008 us/op
WorkloadWarmup   3: 524288 op, 934490260.00 ns, 1.7824 us/op

// BeforeActualRun
WorkloadActual   1: 524288 op, 936168585.00 ns, 1.7856 us/op
WorkloadActual   2: 524288 op, 935779461.00 ns, 1.7849 us/op
WorkloadActual   3: 524288 op, 941582896.00 ns, 1.7959 us/op

// AfterActualRun
WorkloadResult   1: 524288 op, 934441486.00 ns, 1.7823 us/op
WorkloadResult   2: 524288 op, 934052362.00 ns, 1.7816 us/op
WorkloadResult   3: 524288 op, 939855797.00 ns, 1.7926 us/op
// GC:  26 0 0 440401920 524288
// Threading:  0 0 524288

// AfterAll
// Benchmark Process 3258 has exited with code 0.

Mean = 1.786 μs, StdErr = 0.004 μs (0.20%), N = 3, StdDev = 0.006 μs
Min = 1.782 μs, Q1 = 1.782 μs, Median = 1.782 μs, Q3 = 1.787 μs, Max = 1.793 μs
IQR = 0.006 μs, LowerFence = 1.774 μs, UpperFence = 1.796 μs
ConfidenceInterval = [1.673 μs; 1.898 μs] (CI 99.9%), Margin = 0.113 μs (6.32% of Mean)
Skewness = 0.38, Kurtosis = 0.67, MValue = 2

// ** Remained 3 (16.7 %) benchmark(s) to run. Estimated finish 2026-10-06 17:26 (0h 0m from now) **
// **************************
// Benchmark: SerializationBenchmarks.MaskObject_Small: ShortRun(IterationCount=3, LaunchCount=1, WarmupCount=3)
// *** Execute ***
// Launch: 1 / 1
// Execute: dotnet Encina.Security.PII.Benchmarks-Job-YFEFPZ-1.dll --anonymousPipes 158 159 --benchmarkName Encina.Security.PII.Benchmarks.SerializationBenchmarks.MaskObject_Small --job ShortRun --benchmarkId 15 in /home/runner/work/Encina/Encina/tests/Encina.BenchmarkTests/Encina.Security.PII.Benchmarks/bin/Release/net10.0/Encina.Security.PII.Benchmarks-Job-YFEFPZ-1/bin/Release/net10.0
// Failed to set up high priority (Permission denied). In order to run benchmarks with high priority, make sure you have the right permissions.
// BeforeAnythingElse

// Benchmark Process Environment Information:
// BenchmarkDotNet v0.15.8
// Runtime=.NET 10.0.12 (10.0.12, 10.0.1226.42308), X64 RyuJIT x86-64-v3
// GC=Concurrent Workstation
// HardwareIntrinsics=AVX2+BMI1+BMI2+F16C+FMA+LZCNT+MOVBE,AVX,SSE3+SSSE3+SSE4.1+SSE4.2+POPCNT,X86Base+SSE+SSE2,AES+PCLMUL VectorSize=256
// Job: ShortRun(IterationCount=3, LaunchCount=1, WarmupCount=3)

OverheadJitting  1: 1 op, 231642.00 ns, 231.6420 us/op
WorkloadJitting  1: 1 op, 62949123.00 ns, 62.9491 ms/op

WorkloadPilot    1: 2 op, 305138.00 ns, 152.5690 us/op
WorkloadPilot    2: 3 op, 63459.00 ns, 21.1530 us/op
WorkloadPilot    3: 4 op, 46878.00 ns, 11.7195 us/op
WorkloadPilot    4: 5 op, 79668.00 ns, 15.9336 us/op
WorkloadPilot    5: 6 op, 87192.00 ns, 14.5320 us/op
WorkloadPilot    6: 7 op, 77013.00 ns, 11.0019 us/op
WorkloadPilot    7: 8 op, 92673.00 ns, 11.5841 us/op
WorkloadPilot    8: 9 op, 96860.00 ns, 10.7622 us/op
WorkloadPilot    9: 10 op, 102241.00 ns, 10.2241 us/op
WorkloadPilot   10: 11 op, 110807.00 ns, 10.0734 us/op
WorkloadPilot   11: 12 op, 118421.00 ns, 9.8684 us/op
WorkloadPilot   12: 13 op, 154007.00 ns, 11.8467 us/op
WorkloadPilot   13: 14 op, 123420.00 ns, 8.8157 us/op
WorkloadPilot   14: 15 op, 137246.00 ns, 9.1497 us/op
WorkloadPilot   15: 16 op, 135372.00 ns, 8.4608 us/op
WorkloadPilot   16: 32 op, 236581.00 ns, 7.3932 us/op
WorkloadPilot   17: 64 op, 413951.00 ns, 6.4680 us/op
WorkloadPilot   18: 128 op, 819577.00 ns, 6.4029 us/op
WorkloadPilot   19: 256 op, 1414957.00 ns, 5.5272 us/op
WorkloadPilot   20: 512 op, 2905605.00 ns, 5.6750 us/op
WorkloadPilot   21: 1024 op, 5740468.00 ns, 5.6059 us/op
WorkloadPilot   22: 2048 op, 11369388.00 ns, 5.5515 us/op
WorkloadPilot   23: 4096 op, 22916647.00 ns, 5.5949 us/op
WorkloadPilot   24: 8192 op, 45844305.00 ns, 5.5962 us/op
WorkloadPilot   25: 16384 op, 76857632.00 ns, 4.6910 us/op
WorkloadPilot   26: 32768 op, 153941646.00 ns, 4.6979 us/op
WorkloadPilot   27: 65536 op, 306136237.00 ns, 4.6713 us/op
WorkloadPilot   28: 131072 op, 611500133.00 ns, 4.6654 us/op

WorkloadWarmup   1: 131072 op, 613866853.00 ns, 4.6834 us/op
WorkloadWarmup   2: 131072 op, 614315349.00 ns, 4.6869 us/op
WorkloadWarmup   3: 131072 op, 612839859.00 ns, 4.6756 us/op

// BeforeActualRun
WorkloadActual   1: 131072 op, 615042389.00 ns, 4.6924 us/op
WorkloadActual   2: 131072 op, 615649345.00 ns, 4.6970 us/op
WorkloadActual   3: 131072 op, 613680217.00 ns, 4.6820 us/op

// AfterActualRun
WorkloadResult   1: 131072 op, 615042389.00 ns, 4.6924 us/op
WorkloadResult   2: 131072 op, 615649345.00 ns, 4.6970 us/op
WorkloadResult   3: 131072 op, 613680217.00 ns, 4.6820 us/op
// GC:  15 0 0 266338304 131072
// Threading:  0 0 131072

// AfterAll
// Benchmark Process 3268 has exited with code 0.

Mean = 4.690 μs, StdErr = 0.004 μs (0.09%), N = 3, StdDev = 0.008 μs
Min = 4.682 μs, Q1 = 4.687 μs, Median = 4.692 μs, Q3 = 4.695 μs, Max = 4.697 μs
IQR = 0.008 μs, LowerFence = 4.676 μs, UpperFence = 4.706 μs
ConfidenceInterval = [4.550 μs; 4.831 μs] (CI 99.9%), Margin = 0.140 μs (2.99% of Mean)
Skewness = -0.23, Kurtosis = 0.67, MValue = 2

// ** Remained 2 (11.1 %) benchmark(s) to run. Estimated finish 2026-10-06 17:26 (0h 0m from now) **
// **************************
// Benchmark: SerializationBenchmarks.MaskObject_Medium: ShortRun(IterationCount=3, LaunchCount=1, WarmupCount=3)
// *** Execute ***
// Launch: 1 / 1
// Execute: dotnet Encina.Security.PII.Benchmarks-Job-YFEFPZ-1.dll --anonymousPipes 158 159 --benchmarkName Encina.Security.PII.Benchmarks.SerializationBenchmarks.MaskObject_Medium --job ShortRun --benchmarkId 16 in /home/runner/work/Encina/Encina/tests/Encina.BenchmarkTests/Encina.Security.PII.Benchmarks/bin/Release/net10.0/Encina.Security.PII.Benchmarks-Job-YFEFPZ-1/bin/Release/net10.0
// Failed to set up high priority (Permission denied). In order to run benchmarks with high priority, make sure you have the right permissions.
// BeforeAnythingElse

// Benchmark Process Environment Information:
// BenchmarkDotNet v0.15.8
// Runtime=.NET 10.0.12 (10.0.12, 10.0.1226.42308), X64 RyuJIT x86-64-v3
// GC=Concurrent Workstation
// HardwareIntrinsics=AVX2+BMI1+BMI2+F16C+FMA+LZCNT+MOVBE,AVX,SSE3+SSSE3+SSE4.1+SSE4.2+POPCNT,X86Base+SSE+SSE2,AES+PCLMUL VectorSize=256
// Job: ShortRun(IterationCount=3, LaunchCount=1, WarmupCount=3)

OverheadJitting  1: 1 op, 233905.00 ns, 233.9050 us/op

System.Reflection.TargetInvocationException: Exception has been thrown by the target of an invocation.
 ---> System.InvalidOperationException: PII property 'CreditCard' of type 'MediumEntity' could not be masked on the copy.
   at Encina.Security.PII.PIIMasker.EnsureMasked(Object result, Type type, List`1 applied) in /home/runner/work/Encina/Encina/src/Encina.Security.PII/PIIMasker.cs:line 365
   at Encina.Security.PII.PIIMasker.MaskViaPropertyMetadata[T](T obj, Type type, PropertyMaskingMetadata[] properties, Boolean logContextOnly, Int32& maskedCount) in /home/runner/work/Encina/Encina/src/Encina.Security.PII/PIIMasker.cs:line 333
   at Encina.Security.PII.PIIMasker.MaskObject[T](T obj) in /home/runner/work/Encina/Encina/src/Encina.Security.PII/PIIMasker.cs:line 140
   at BenchmarkDotNet.Autogenerated.Runnable_16.WorkloadActionNoUnroll(Int64 invokeCount) in /home/runner/work/Encina/Encina/tests/Encina.BenchmarkTests/Encina.Security.PII.Benchmarks/bin/Release/net10.0/Encina.Security.PII.Benchmarks-Job-YFEFPZ-1/Encina.Security.PII.Benchmarks-Job-YFEFPZ-1.notcs:line 3498
   at BenchmarkDotNet.Engines.Engine.Measure(Action`1 action, Int64 invokeCount)
   at BenchmarkDotNet.Engines.Engine.RunIteration(IterationData data)
   at BenchmarkDotNet.Engines.EngineFactory.Jit(Engine engine, Int32 jitIndex, Int32 invokeCount, Int32 unrollFactor)
   at BenchmarkDotNet.Engines.EngineFactory.CreateReadyToRun(EngineParameters engineParameters)
   at BenchmarkDotNet.Autogenerated.Runnable_16.Run(IHost host, String benchmarkName) in /home/runner/work/Encina/Encina/tests/Encina.BenchmarkTests/Encina.Security.PII.Benchmarks/bin/Release/net10.0/Encina.Security.PII.Benchmarks-Job-YFEFPZ-1/Encina.Security.PII.Benchmarks-Job-YFEFPZ-1.notcs:line 3361
   at System.Reflection.MethodBaseInvoker.InterpretedInvoke_Method(Object obj, IntPtr* args)
   at System.Reflection.MethodBaseInvoker.InvokeDirectByRefWithFewArgs(Object obj, Span`1 copyOfArgs, BindingFlags invokeAttr)
   --- End of inner exception stack trace ---
   at System.Reflection.MethodBaseInvoker.InvokeDirectByRefWithFewArgs(Object obj, Span`1 copyOfArgs, BindingFlags invokeAttr)
   at System.Reflection.MethodBaseInvoker.InvokeWithFewArgs(Object obj, BindingFlags invokeAttr, Binder binder, Object[] parameters, CultureInfo culture)
   at System.Reflection.RuntimeMethodInfo.Invoke(Object obj, BindingFlags invokeAttr, Binder binder, Object[] parameters, CultureInfo culture)
   at BenchmarkDotNet.Autogenerated.UniqueProgramName.AfterAssemblyLoadingAttached(String[] args) in /home/runner/work/Encina/Encina/tests/Encina.BenchmarkTests/Encina.Security.PII.Benchmarks/bin/Release/net10.0/Encina.Security.PII.Benchmarks-Job-YFEFPZ-1/Encina.Security.PII.Benchmarks-Job-YFEFPZ-1.notcs:line 57
// AfterAll
No Workload Results were obtained from the run.
// Benchmark Process 3277 has exited with code 255.

// ** Remained 1 (5.6 %) benchmark(s) to run. Estimated finish 2026-10-06 17:26 (0h 0m from now) **
// **************************
// Benchmark: SerializationBenchmarks.MaskObject_Large: ShortRun(IterationCount=3, LaunchCount=1, WarmupCount=3)
// *** Execute ***
// Launch: 1 / 1
// Execute: dotnet Encina.Security.PII.Benchmarks-Job-YFEFPZ-1.dll --anonymousPipes 158 159 --benchmarkName Encina.Security.PII.Benchmarks.SerializationBenchmarks.MaskObject_Large --job ShortRun --benchmarkId 17 in /home/runner/work/Encina/Encina/tests/Encina.BenchmarkTests/Encina.Security.PII.Benchmarks/bin/Release/net10.0/Encina.Security.PII.Benchmarks-Job-YFEFPZ-1/bin/Release/net10.0
// Failed to set up high priority (Permission denied). In order to run benchmarks with high priority, make sure you have the right permissions.
// BeforeAnythingElse

// Benchmark Process Environment Information:
// BenchmarkDotNet v0.15.8
// Runtime=.NET 10.0.12 (10.0.12, 10.0.1226.42308), X64 RyuJIT x86-64-v3
// GC=Concurrent Workstation
// HardwareIntrinsics=AVX2+BMI1+BMI2+F16C+FMA+LZCNT+MOVBE,AVX,SSE3+SSSE3+SSE4.1+SSE4.2+POPCNT,X86Base+SSE+SSE2,AES+PCLMUL VectorSize=256
// Job: ShortRun(IterationCount=3, LaunchCount=1, WarmupCount=3)

OverheadJitting  1: 1 op, 230530.00 ns, 230.5300 us/op

System.Reflection.TargetInvocationException: Exception has been thrown by the target of an invocation.
 ---> System.InvalidOperationException: PII property 'CreditCard' of type 'LargeEntity' could not be masked on the copy.
   at Encina.Security.PII.PIIMasker.EnsureMasked(Object result, Type type, List`1 applied) in /home/runner/work/Encina/Encina/src/Encina.Security.PII/PIIMasker.cs:line 365
   at Encina.Security.PII.PIIMasker.MaskViaPropertyMetadata[T](T obj, Type type, PropertyMaskingMetadata[] properties, Boolean logContextOnly, Int32& maskedCount) in /home/runner/work/Encina/Encina/src/Encina.Security.PII/PIIMasker.cs:line 333
   at Encina.Security.PII.PIIMasker.MaskObject[T](T obj) in /home/runner/work/Encina/Encina/src/Encina.Security.PII/PIIMasker.cs:line 140
   at BenchmarkDotNet.Autogenerated.Runnable_17.WorkloadActionNoUnroll(Int64 invokeCount) in /home/runner/work/Encina/Encina/tests/Encina.BenchmarkTests/Encina.Security.PII.Benchmarks/bin/Release/net10.0/Encina.Security.PII.Benchmarks-Job-YFEFPZ-1/Encina.Security.PII.Benchmarks-Job-YFEFPZ-1.notcs:line 3698
   at BenchmarkDotNet.Engines.Engine.Measure(Action`1 action, Int64 invokeCount)
   at BenchmarkDotNet.Engines.Engine.RunIteration(IterationData data)
   at BenchmarkDotNet.Engines.EngineFactory.Jit(Engine engine, Int32 jitIndex, Int32 invokeCount, Int32 unrollFactor)
   at BenchmarkDotNet.Engines.EngineFactory.CreateReadyToRun(EngineParameters engineParameters)
   at BenchmarkDotNet.Autogenerated.Runnable_17.Run(IHost host, String benchmarkName) in /home/runner/work/Encina/Encina/tests/Encina.BenchmarkTests/Encina.Security.PII.Benchmarks/bin/Release/net10.0/Encina.Security.PII.Benchmarks-Job-YFEFPZ-1/Encina.Security.PII.Benchmarks-Job-YFEFPZ-1.notcs:line 3561
   at System.Reflection.MethodBaseInvoker.InterpretedInvoke_Method(Object obj, IntPtr* args)
   at System.Reflection.MethodBaseInvoker.InvokeDirectByRefWithFewArgs(Object obj, Span`1 copyOfArgs, BindingFlags invokeAttr)
   --- End of inner exception stack trace ---
   at System.Reflection.MethodBaseInvoker.InvokeDirectByRefWithFewArgs(Object obj, Span`1 copyOfArgs, BindingFlags invokeAttr)
   at System.Reflection.MethodBaseInvoker.InvokeWithFewArgs(Object obj, BindingFlags invokeAttr, Binder binder, Object[] parameters, CultureInfo culture)
   at System.Reflection.RuntimeMethodInfo.Invoke(Object obj, BindingFlags invokeAttr, Binder binder, Object[] parameters, CultureInfo culture)
   at BenchmarkDotNet.Autogenerated.UniqueProgramName.AfterAssemblyLoadingAttached(String[] args) in /home/runner/work/Encina/Encina/tests/Encina.BenchmarkTests/Encina.Security.PII.Benchmarks/bin/Release/net10.0/Encina.Security.PII.Benchmarks-Job-YFEFPZ-1/Encina.Security.PII.Benchmarks-Job-YFEFPZ-1.notcs:line 57
// AfterAll
No Workload Results were obtained from the run.
// Benchmark Process 3283 has exited with code 255.

// ** Remained 0 (0.0 %) benchmark(s) to run. Estimated finish 2026-10-06 17:26 (0h 0m from now) **
// ***** BenchmarkRunner: Finish  *****

// * Export *
  artifacts/performance/SecurityPII/results/Encina.Security.PII.Benchmarks.SerializationBenchmarks-report.csv
  artifacts/performance/SecurityPII/results/Encina.Security.PII.Benchmarks.SerializationBenchmarks-report-github.md
  artifacts/performance/SecurityPII/results/Encina.Security.PII.Benchmarks.SerializationBenchmarks-report.html
  artifacts/performance/SecurityPII/results/Encina.Security.PII.Benchmarks.SerializationBenchmarks-report-full-compressed.json

// * Detailed results *
SerializationBenchmarks.Serialize_Small: Job-YFEFPZ(IterationCount=10, WarmupCount=3)
Runtime = .NET 10.0.12 (10.0.12, 10.0.1226.42308), X64 RyuJIT x86-64-v3; GC = Concurrent Workstation
Mean = 451.811 ns, StdErr = 0.194 ns (0.04%), N = 10, StdDev = 0.612 ns
Min = 451.162 ns, Q1 = 451.290 ns, Median = 451.614 ns, Q3 = 452.404 ns, Max = 452.738 ns
IQR = 1.114 ns, LowerFence = 449.620 ns, UpperFence = 454.074 ns
ConfidenceInterval = [450.885 ns; 452.737 ns] (CI 99.9%), Margin = 0.926 ns (0.20% of Mean)
Skewness = 0.33, Kurtosis = 1.22, MValue = 2
-------------------- Histogram --------------------
[450.789 ns ; 453.112 ns) | @@@@@@@@@@
---------------------------------------------------

SerializationBenchmarks.Serialize_Medium: Job-YFEFPZ(IterationCount=10, WarmupCount=3)
Runtime = .NET 10.0.12 (10.0.12, 10.0.1226.42308), X64 RyuJIT x86-64-v3; GC = Concurrent Workstation
Mean = 1.000 μs, StdErr = 0.001 μs (0.07%), N = 9, StdDev = 0.002 μs
Min = 0.997 μs, Q1 = 0.999 μs, Median = 1.001 μs, Q3 = 1.002 μs, Max = 1.003 μs
IQR = 0.004 μs, LowerFence = 0.993 μs, UpperFence = 1.008 μs
ConfidenceInterval = [0.997 μs; 1.004 μs] (CI 99.9%), Margin = 0.004 μs (0.36% of Mean)
Skewness = -0.24, Kurtosis = 1.3, MValue = 2
-------------------- Histogram --------------------
[0.996 μs ; 1.004 μs) | @@@@@@@@@
---------------------------------------------------

SerializationBenchmarks.Serialize_Large: Job-YFEFPZ(IterationCount=10, WarmupCount=3)
Runtime = .NET 10.0.12 (10.0.12, 10.0.1226.42308), X64 RyuJIT x86-64-v3; GC = Concurrent Workstation
Mean = 2.208 μs, StdErr = 0.005 μs (0.22%), N = 10, StdDev = 0.015 μs
Min = 2.181 μs, Q1 = 2.197 μs, Median = 2.209 μs, Q3 = 2.221 μs, Max = 2.226 μs
IQR = 0.025 μs, LowerFence = 2.160 μs, UpperFence = 2.258 μs
ConfidenceInterval = [2.184 μs; 2.231 μs] (CI 99.9%), Margin = 0.023 μs (1.06% of Mean)
Skewness = -0.26, Kurtosis = 1.51, MValue = 2
-------------------- Histogram --------------------
[2.172 μs ; 2.236 μs) | @@@@@@@@@@
---------------------------------------------------

SerializationBenchmarks.SerializeRoundtrip_Small: Job-YFEFPZ(IterationCount=10, WarmupCount=3)
Runtime = .NET 10.0.12 (10.0.12, 10.0.1226.42308), X64 RyuJIT x86-64-v3; GC = Concurrent Workstation
Mean = 996.005 ns, StdErr = 0.791 ns (0.08%), N = 10, StdDev = 2.500 ns
Min = 993.569 ns, Q1 = 993.870 ns, Median = 995.115 ns, Q3 = 997.665 ns, Max = 1,000.173 ns
IQR = 3.795 ns, LowerFence = 988.178 ns, UpperFence = 1,003.358 ns
ConfidenceInterval = [992.226 ns; 999.785 ns] (CI 99.9%), Margin = 3.779 ns (0.38% of Mean)
Skewness = 0.49, Kurtosis = 1.47, MValue = 2
-------------------- Histogram --------------------
[992.046 ns ; 1,001.696 ns) | @@@@@@@@@@
---------------------------------------------------

SerializationBenchmarks.SerializeRoundtrip_Large: Job-YFEFPZ(IterationCount=10, WarmupCount=3)
Runtime = .NET 10.0.12 (10.0.12, 10.0.1226.42308), X64 RyuJIT x86-64-v3; GC = Concurrent Workstation
Mean = 5.080 μs, StdErr = 0.022 μs (0.43%), N = 10, StdDev = 0.069 μs
Min = 5.013 μs, Q1 = 5.024 μs, Median = 5.063 μs, Q3 = 5.106 μs, Max = 5.207 μs
IQR = 0.082 μs, LowerFence = 4.902 μs, UpperFence = 5.228 μs
ConfidenceInterval = [4.976 μs; 5.183 μs] (CI 99.9%), Margin = 0.104 μs (2.04% of Mean)
Skewness = 0.71, Kurtosis = 1.91, MValue = 2
-------------------- Histogram --------------------
[4.996 μs ; 5.142 μs) | @@@@@@@@
[5.142 μs ; 5.249 μs) | @@
---------------------------------------------------

SerializationBenchmarks.ParseAndModify_Small: Job-YFEFPZ(IterationCount=10, WarmupCount=3)
Runtime = .NET 10.0.12 (10.0.12, 10.0.1226.42308), X64 RyuJIT x86-64-v3; GC = Concurrent Workstation
Mean = 1.793 μs, StdErr = 0.002 μs (0.10%), N = 10, StdDev = 0.006 μs
Min = 1.785 μs, Q1 = 1.789 μs, Median = 1.791 μs, Q3 = 1.798 μs, Max = 1.802 μs
IQR = 0.010 μs, LowerFence = 1.774 μs, UpperFence = 1.812 μs
ConfidenceInterval = [1.784 μs; 1.802 μs] (CI 99.9%), Margin = 0.009 μs (0.50% of Mean)
Skewness = 0.21, Kurtosis = 1.27, MValue = 2
-------------------- Histogram --------------------
[1.781 μs ; 1.805 μs) | @@@@@@@@@@
---------------------------------------------------

SerializationBenchmarks.MaskObject_Small: Job-YFEFPZ(IterationCount=10, WarmupCount=3)
Runtime = .NET 10.0.12 (10.0.12, 10.0.1226.42308), X64 RyuJIT x86-64-v3; GC = Concurrent Workstation
Mean = 4.743 μs, StdErr = 0.001 μs (0.03%), N = 10, StdDev = 0.004 μs
Min = 4.737 μs, Q1 = 4.739 μs, Median = 4.741 μs, Q3 = 4.746 μs, Max = 4.751 μs
IQR = 0.007 μs, LowerFence = 4.729 μs, UpperFence = 4.756 μs
ConfidenceInterval = [4.736 μs; 4.749 μs] (CI 99.9%), Margin = 0.007 μs (0.14% of Mean)
Skewness = 0.48, Kurtosis = 1.74, MValue = 2
-------------------- Histogram --------------------
[4.735 μs ; 4.753 μs) | @@@@@@@@@@
---------------------------------------------------

SerializationBenchmarks.MaskObject_Medium: Job-YFEFPZ(IterationCount=10, WarmupCount=3)
Runtime = .NET 10.0.12 (10.0.12, 10.0.1226.42308), X64 RyuJIT x86-64-v3; GC = Concurrent Workstation
There are not any results runs

SerializationBenchmarks.MaskObject_Large: Job-YFEFPZ(IterationCount=10, WarmupCount=3)
Runtime = .NET 10.0.12 (10.0.12, 10.0.1226.42308), X64 RyuJIT x86-64-v3; GC = Concurrent Workstation
There are not any results runs

SerializationBenchmarks.Serialize_Small: ShortRun(IterationCount=3, LaunchCount=1, WarmupCount=3)
Runtime = .NET 10.0.12 (10.0.12, 10.0.1226.42308), X64 RyuJIT x86-64-v3; GC = Concurrent Workstation
Mean = 441.273 ns, StdErr = 2.714 ns (0.62%), N = 3, StdDev = 4.701 ns
Min = 437.319 ns, Q1 = 438.674 ns, Median = 440.028 ns, Q3 = 443.249 ns, Max = 446.470 ns
IQR = 4.575 ns, LowerFence = 431.811 ns, UpperFence = 450.112 ns
ConfidenceInterval = [355.517 ns; 527.028 ns] (CI 99.9%), Margin = 85.755 ns (19.43% of Mean)
Skewness = 0.25, Kurtosis = 0.67, MValue = 2
-------------------- Histogram --------------------
[434.287 ns ; 450.748 ns) | @@@
---------------------------------------------------

SerializationBenchmarks.Serialize_Medium: ShortRun(IterationCount=3, LaunchCount=1, WarmupCount=3)
Runtime = .NET 10.0.12 (10.0.12, 10.0.1226.42308), X64 RyuJIT x86-64-v3; GC = Concurrent Workstation
Mean = 1.020 μs, StdErr = 0.002 μs (0.23%), N = 3, StdDev = 0.004 μs
Min = 1.017 μs, Q1 = 1.018 μs, Median = 1.018 μs, Q3 = 1.022 μs, Max = 1.025 μs
IQR = 0.004 μs, LowerFence = 1.012 μs, UpperFence = 1.027 μs
ConfidenceInterval = [0.947 μs; 1.093 μs] (CI 99.9%), Margin = 0.073 μs (7.14% of Mean)
Skewness = 0.34, Kurtosis = 0.67, MValue = 2
-------------------- Histogram --------------------
[1.013 μs ; 1.028 μs) | @@@
---------------------------------------------------

SerializationBenchmarks.Serialize_Large: ShortRun(IterationCount=3, LaunchCount=1, WarmupCount=3)
Runtime = .NET 10.0.12 (10.0.12, 10.0.1226.42308), X64 RyuJIT x86-64-v3; GC = Concurrent Workstation
Mean = 2.227 μs, StdErr = 0.019 μs (0.86%), N = 3, StdDev = 0.033 μs
Min = 2.189 μs, Q1 = 2.214 μs, Median = 2.239 μs, Q3 = 2.245 μs, Max = 2.251 μs
IQR = 0.031 μs, LowerFence = 2.167 μs, UpperFence = 2.292 μs
ConfidenceInterval = [1.620 μs; 2.833 μs] (CI 99.9%), Margin = 0.607 μs (27.25% of Mean)
Skewness = -0.33, Kurtosis = 0.67, MValue = 2
-------------------- Histogram --------------------
[2.159 μs ; 2.215 μs) | @
[2.215 μs ; 2.282 μs) | @@
---------------------------------------------------

SerializationBenchmarks.SerializeRoundtrip_Small: ShortRun(IterationCount=3, LaunchCount=1, WarmupCount=3)
Runtime = .NET 10.0.12 (10.0.12, 10.0.1226.42308), X64 RyuJIT x86-64-v3; GC = Concurrent Workstation
Mean = 981.405 ns, StdErr = 1.160 ns (0.12%), N = 3, StdDev = 2.009 ns
Min = 979.764 ns, Q1 = 980.284 ns, Median = 980.805 ns, Q3 = 982.225 ns, Max = 983.645 ns
IQR = 1.941 ns, LowerFence = 977.373 ns, UpperFence = 985.136 ns
ConfidenceInterval = [944.754 ns; 1,018.056 ns] (CI 99.9%), Margin = 36.651 ns (3.73% of Mean)
Skewness = 0.27, Kurtosis = 0.67, MValue = 2
-------------------- Histogram --------------------
[977.936 ns ; 985.474 ns) | @@@
---------------------------------------------------

SerializationBenchmarks.SerializeRoundtrip_Large: ShortRun(IterationCount=3, LaunchCount=1, WarmupCount=3)
Runtime = .NET 10.0.12 (10.0.12, 10.0.1226.42308), X64 RyuJIT x86-64-v3; GC = Concurrent Workstation
Mean = 4.984 μs, StdErr = 0.014 μs (0.27%), N = 3, StdDev = 0.024 μs
Min = 4.966 μs, Q1 = 4.970 μs, Median = 4.975 μs, Q3 = 4.993 μs, Max = 5.010 μs
IQR = 0.022 μs, LowerFence = 4.937 μs, UpperFence = 5.026 μs
ConfidenceInterval = [4.554 μs; 5.414 μs] (CI 99.9%), Margin = 0.430 μs (8.63% of Mean)
Skewness = 0.32, Kurtosis = 0.67, MValue = 2
-------------------- Histogram --------------------
[4.944 μs ; 5.032 μs) | @@@
---------------------------------------------------

SerializationBenchmarks.ParseAndModify_Small: ShortRun(IterationCount=3, LaunchCount=1, WarmupCount=3)
Runtime = .NET 10.0.12 (10.0.12, 10.0.1226.42308), X64 RyuJIT x86-64-v3; GC = Concurrent Workstation
Mean = 1.786 μs, StdErr = 0.004 μs (0.20%), N = 3, StdDev = 0.006 μs
Min = 1.782 μs, Q1 = 1.782 μs, Median = 1.782 μs, Q3 = 1.787 μs, Max = 1.793 μs
IQR = 0.006 μs, LowerFence = 1.774 μs, UpperFence = 1.796 μs
ConfidenceInterval = [1.673 μs; 1.898 μs] (CI 99.9%), Margin = 0.113 μs (6.32% of Mean)
Skewness = 0.38, Kurtosis = 0.67, MValue = 2
-------------------- Histogram --------------------
[1.781 μs ; 1.793 μs) | @@@
---------------------------------------------------

SerializationBenchmarks.MaskObject_Small: ShortRun(IterationCount=3, LaunchCount=1, WarmupCount=3)
Runtime = .NET 10.0.12 (10.0.12, 10.0.1226.42308), X64 RyuJIT x86-64-v3; GC = Concurrent Workstation
Mean = 4.690 μs, StdErr = 0.004 μs (0.09%), N = 3, StdDev = 0.008 μs
Min = 4.682 μs, Q1 = 4.687 μs, Median = 4.692 μs, Q3 = 4.695 μs, Max = 4.697 μs
IQR = 0.008 μs, LowerFence = 4.676 μs, UpperFence = 4.706 μs
ConfidenceInterval = [4.550 μs; 4.831 μs] (CI 99.9%), Margin = 0.140 μs (2.99% of Mean)
Skewness = -0.23, Kurtosis = 0.67, MValue = 2
-------------------- Histogram --------------------
[4.675 μs ; 4.704 μs) | @@@
---------------------------------------------------

SerializationBenchmarks.MaskObject_Medium: ShortRun(IterationCount=3, LaunchCount=1, WarmupCount=3)
Runtime = .NET 10.0.12 (10.0.12, 10.0.1226.42308), X64 RyuJIT x86-64-v3; GC = Concurrent Workstation
There are not any results runs

SerializationBenchmarks.MaskObject_Large: ShortRun(IterationCount=3, LaunchCount=1, WarmupCount=3)
Runtime = .NET 10.0.12 (10.0.12, 10.0.1226.42308), X64 RyuJIT x86-64-v3; GC = Concurrent Workstation
There are not any results runs

// * Summary *

BenchmarkDotNet v0.15.8, Linux Ubuntu 24.04.5 LTS (Noble Numbat)
AMD EPYC 7763 2.79GHz, 1 CPU, 4 logical and 2 physical cores
.NET SDK 10.0.401
  [Host]     : .NET 10.0.12 (10.0.12, 10.0.1226.42308), X64 RyuJIT x86-64-v3
  Job-YFEFPZ : .NET 10.0.12 (10.0.12, 10.0.1226.42308), X64 RyuJIT x86-64-v3
  ShortRun   : .NET 10.0.12 (10.0.12, 10.0.1226.42308), X64 RyuJIT x86-64-v3

WarmupCount=3  

| Method                   | Job        | IterationCount | LaunchCount | Mean       | Error     | StdDev   | Ratio | RatioSD | Gen0   | Allocated | Alloc Ratio |
|------------------------- |----------- |--------------- |------------ |-----------:|----------:|---------:|------:|--------:|-------:|----------:|------------:|
| Serialize_Small          | Job-YFEFPZ | 10             | Default     |   451.8 ns |   0.93 ns |  0.61 ns |  1.00 |    0.00 | 0.0067 |     112 B |        1.00 |
| Serialize_Medium         | Job-YFEFPZ | 10             | Default     | 1,000.4 ns |   3.65 ns |  2.17 ns |  2.21 |    0.01 | 0.0229 |     392 B |        3.50 |
| Serialize_Large          | Job-YFEFPZ | 10             | Default     | 2,207.8 ns |  23.30 ns | 15.41 ns |  4.89 |    0.03 | 0.2251 |    3784 B |       33.79 |
| SerializeRoundtrip_Small | Job-YFEFPZ | 10             | Default     |   996.0 ns |   3.78 ns |  2.50 ns |  2.20 |    0.01 | 0.0134 |     232 B |        2.07 |
| SerializeRoundtrip_Large | Job-YFEFPZ | 10             | Default     | 5,079.7 ns | 103.61 ns | 68.53 ns | 11.24 |    0.15 | 0.4578 |    7688 B |       68.64 |
| ParseAndModify_Small     | Job-YFEFPZ | 10             | Default     | 1,792.8 ns |   8.88 ns |  5.87 ns |  3.97 |    0.01 | 0.0496 |     840 B |        7.50 |
| MaskObject_Small         | Job-YFEFPZ | 10             | Default     | 4,742.6 ns |   6.62 ns |  4.38 ns | 10.50 |    0.02 | 0.1144 |    2032 B |       18.14 |
| MaskObject_Medium        | Job-YFEFPZ | 10             | Default     |         NA |        NA |       NA |     ? |       ? |     NA |        NA |           ? |
| MaskObject_Large         | Job-YFEFPZ | 10             | Default     |         NA |        NA |       NA |     ? |       ? |     NA |        NA |           ? |
|                          |            |                |             |            |           |          |       |         |        |           |             |
| Serialize_Small          | ShortRun   | 3              | 1           |   441.3 ns |  85.76 ns |  4.70 ns |  1.00 |    0.01 | 0.0067 |     112 B |        1.00 |
| Serialize_Medium         | ShortRun   | 3              | 1           | 1,020.1 ns |  72.84 ns |  3.99 ns |  2.31 |    0.02 | 0.0229 |     392 B |        3.50 |
| Serialize_Large          | ShortRun   | 3              | 1           | 2,226.6 ns | 606.67 ns | 33.25 ns |  5.05 |    0.08 | 0.2251 |    3784 B |       33.79 |
| SerializeRoundtrip_Small | ShortRun   | 3              | 1           |   981.4 ns |  36.65 ns |  2.01 ns |  2.22 |    0.02 | 0.0134 |     232 B |        2.07 |
| SerializeRoundtrip_Large | ShortRun   | 3              | 1           | 4,983.6 ns | 429.95 ns | 23.57 ns | 11.29 |    0.11 | 0.4578 |    7688 B |       68.64 |
| ParseAndModify_Small     | ShortRun   | 3              | 1           | 1,785.5 ns | 112.89 ns |  6.19 ns |  4.05 |    0.04 | 0.0496 |     840 B |        7.50 |
| MaskObject_Small         | ShortRun   | 3              | 1           | 4,690.5 ns | 140.36 ns |  7.69 ns | 10.63 |    0.10 | 0.1144 |    2032 B |       18.14 |
| MaskObject_Medium        | ShortRun   | 3              | 1           |         NA |        NA |       NA |     ? |       ? |     NA |        NA |           ? |
| MaskObject_Large         | ShortRun   | 3              | 1           |         NA |        NA |       NA |     ? |       ? |     NA |        NA |           ? |

Benchmarks with issues:
  SerializationBenchmarks.MaskObject_Medium: Job-YFEFPZ(IterationCount=10, WarmupCount=3)
  SerializationBenchmarks.MaskObject_Large: Job-YFEFPZ(IterationCount=10, WarmupCount=3)
  SerializationBenchmarks.MaskObject_Medium: ShortRun(IterationCount=3, LaunchCount=1, WarmupCount=3)
  SerializationBenchmarks.MaskObject_Large: ShortRun(IterationCount=3, LaunchCount=1, WarmupCount=3)

// * Warnings *
BaselineCustomAnalyzer
  Summary -> A question mark '?' symbol indicates that it was not possible to compute the (Ratio, RatioSD, Alloc Ratio) column(s) because the baseline or benchmark could not be found, or the baseline value is too close to zero.

// * Hints *
Outliers
  SerializationBenchmarks.Serialize_Medium: IterationCount=10, WarmupCount=3 -> 1 outlier  was  removed (1.01 μs)
// * Config Issues *

// * Warnings *
Configuration
  Summary -> The exporter CsvExporter is already present in configuration. There may be unexpected results.
  Summary -> The exporter HtmlExporter is already present in configuration. There may be unexpected results.
  Summary -> The exporter MarkdownExporter-github is already present in configuration. There may be unexpected results.

// * Legends *
  Mean        : Arithmetic mean of all measurements
  Error       : Half of 99.9% confidence interval
  StdDev      : Standard deviation of all measurements
  Ratio       : Mean of the ratio distribution ([Current]/[Baseline])
  RatioSD     : Standard deviation of the ratio distribution ([Current]/[Baseline])
  Gen0        : GC Generation 0 collects per 1000 operations
  Allocated   : Allocated memory per single operation (managed only, inclusive, 1KB = 1024B)
  Alloc Ratio : Allocated memory ratio distribution ([Current]/[Baseline])
  1 ns        : 1 Nanosecond (0.000000001 sec)

// * Diagnostic Output - MemoryDiagnoser *


// ***** BenchmarkRunner: End *****
Run time: 00:02:08 (128.05 sec), executed benchmarks: 18

Global total time: 00:03:05 (185.9 sec), executed benchmarks: 18
// * Artifacts cleanup *
Artifacts cleanup is finished
