// Validating benchmarks:
// ***** BenchmarkRunner: Start   *****
// ***** Found 18 benchmark(s) in total *****
// ***** Building 1 exe(s) in Parallel: Start   *****
// start dotnet  restore --nodeReuse:false /p:UseSharedCompilation=false /p:Deterministic=true /p:Optimize=true /p:ArtifactsPath="/home/runner/work/Encina/Encina/tests/Encina.BenchmarkTests/Encina.Security.Sanitization.Benchmarks/bin/Release/net10.0/Encina.Security.Sanitization.Benchmarks-Job-YFEFPZ-1/" /p:OutDir="/home/runner/work/Encina/Encina/tests/Encina.BenchmarkTests/Encina.Security.Sanitization.Benchmarks/bin/Release/net10.0/Encina.Security.Sanitization.Benchmarks-Job-YFEFPZ-1/bin/Release/net10.0/" /p:OutputPath="/home/runner/work/Encina/Encina/tests/Encina.BenchmarkTests/Encina.Security.Sanitization.Benchmarks/bin/Release/net10.0/Encina.Security.Sanitization.Benchmarks-Job-YFEFPZ-1/bin/Release/net10.0/" /p:PublishDir="/home/runner/work/Encina/Encina/tests/Encina.BenchmarkTests/Encina.Security.Sanitization.Benchmarks/bin/Release/net10.0/Encina.Security.Sanitization.Benchmarks-Job-YFEFPZ-1/publish/" in /home/runner/work/Encina/Encina/tests/Encina.BenchmarkTests/Encina.Security.Sanitization.Benchmarks/bin/Release/net10.0/Encina.Security.Sanitization.Benchmarks-Job-YFEFPZ-1
// command took 1.88 sec and exited with 0
// start dotnet  build -c Release --no-restore --nodeReuse:false /p:UseSharedCompilation=false /p:Deterministic=true /p:Optimize=true /p:ArtifactsPath="/home/runner/work/Encina/Encina/tests/Encina.BenchmarkTests/Encina.Security.Sanitization.Benchmarks/bin/Release/net10.0/Encina.Security.Sanitization.Benchmarks-Job-YFEFPZ-1/" /p:OutDir="/home/runner/work/Encina/Encina/tests/Encina.BenchmarkTests/Encina.Security.Sanitization.Benchmarks/bin/Release/net10.0/Encina.Security.Sanitization.Benchmarks-Job-YFEFPZ-1/bin/Release/net10.0/" /p:OutputPath="/home/runner/work/Encina/Encina/tests/Encina.BenchmarkTests/Encina.Security.Sanitization.Benchmarks/bin/Release/net10.0/Encina.Security.Sanitization.Benchmarks-Job-YFEFPZ-1/bin/Release/net10.0/" /p:PublishDir="/home/runner/work/Encina/Encina/tests/Encina.BenchmarkTests/Encina.Security.Sanitization.Benchmarks/bin/Release/net10.0/Encina.Security.Sanitization.Benchmarks-Job-YFEFPZ-1/publish/" --output "/home/runner/work/Encina/Encina/tests/Encina.BenchmarkTests/Encina.Security.Sanitization.Benchmarks/bin/Release/net10.0/Encina.Security.Sanitization.Benchmarks-Job-YFEFPZ-1/bin/Release/net10.0/" in /home/runner/work/Encina/Encina/tests/Encina.BenchmarkTests/Encina.Security.Sanitization.Benchmarks/bin/Release/net10.0/Encina.Security.Sanitization.Benchmarks-Job-YFEFPZ-1
// command took 24.48 sec and exited with 0
// ***** Done, took 00:00:26 (26.52 sec)   *****
// Found 18 benchmarks:
//   SanitizerBenchmarks.SanitizeHtml_CleanInput: Job-YFEFPZ(IterationCount=10, WarmupCount=3)
//   SanitizerBenchmarks.SanitizeHtml_MaliciousInput: Job-YFEFPZ(IterationCount=10, WarmupCount=3)
//   SanitizerBenchmarks.SanitizeHtml_ComplexDocument: Job-YFEFPZ(IterationCount=10, WarmupCount=3)
//   SanitizerBenchmarks.SanitizeForSql_SimpleInput: Job-YFEFPZ(IterationCount=10, WarmupCount=3)
//   SanitizerBenchmarks.SanitizeForSql_InjectionAttempt: Job-YFEFPZ(IterationCount=10, WarmupCount=3)
//   SanitizerBenchmarks.SanitizeForShell_SimpleInput: Job-YFEFPZ(IterationCount=10, WarmupCount=3)
//   SanitizerBenchmarks.SanitizeForShell_InjectionAttempt: Job-YFEFPZ(IterationCount=10, WarmupCount=3)
//   SanitizerBenchmarks.SanitizeForJson_SimpleInput: Job-YFEFPZ(IterationCount=10, WarmupCount=3)
//   SanitizerBenchmarks.SanitizeForXml_SimpleInput: Job-YFEFPZ(IterationCount=10, WarmupCount=3)
//   SanitizerBenchmarks.SanitizeHtml_CleanInput: ShortRun(IterationCount=3, LaunchCount=1, WarmupCount=3)
//   SanitizerBenchmarks.SanitizeHtml_MaliciousInput: ShortRun(IterationCount=3, LaunchCount=1, WarmupCount=3)
//   SanitizerBenchmarks.SanitizeHtml_ComplexDocument: ShortRun(IterationCount=3, LaunchCount=1, WarmupCount=3)
//   SanitizerBenchmarks.SanitizeForSql_SimpleInput: ShortRun(IterationCount=3, LaunchCount=1, WarmupCount=3)
//   SanitizerBenchmarks.SanitizeForSql_InjectionAttempt: ShortRun(IterationCount=3, LaunchCount=1, WarmupCount=3)
//   SanitizerBenchmarks.SanitizeForShell_SimpleInput: ShortRun(IterationCount=3, LaunchCount=1, WarmupCount=3)
//   SanitizerBenchmarks.SanitizeForShell_InjectionAttempt: ShortRun(IterationCount=3, LaunchCount=1, WarmupCount=3)
//   SanitizerBenchmarks.SanitizeForJson_SimpleInput: ShortRun(IterationCount=3, LaunchCount=1, WarmupCount=3)
//   SanitizerBenchmarks.SanitizeForXml_SimpleInput: ShortRun(IterationCount=3, LaunchCount=1, WarmupCount=3)

// **************************
// Benchmark: SanitizerBenchmarks.SanitizeHtml_CleanInput: Job-YFEFPZ(IterationCount=10, WarmupCount=3)
// *** Execute ***
// Launch: 1 / 1
// Execute: dotnet Encina.Security.Sanitization.Benchmarks-Job-YFEFPZ-1.dll --anonymousPipes 143 144 --benchmarkName Encina.Security.Sanitization.Benchmarks.SanitizerBenchmarks.SanitizeHtml_CleanInput --job "IterationCount=10, WarmupCount=3" --benchmarkId 0 in /home/runner/work/Encina/Encina/tests/Encina.BenchmarkTests/Encina.Security.Sanitization.Benchmarks/bin/Release/net10.0/Encina.Security.Sanitization.Benchmarks-Job-YFEFPZ-1/bin/Release/net10.0
// Failed to set up high priority (Permission denied). In order to run benchmarks with high priority, make sure you have the right permissions.
// BeforeAnythingElse

// Benchmark Process Environment Information:
// BenchmarkDotNet v0.15.8
// Runtime=.NET 10.0.12 (10.0.12, 10.0.1226.42308), X64 RyuJIT x86-64-v4
// GC=Concurrent Workstation
// HardwareIntrinsics=AVX512 BITALG+VBMI2+VNNI+VPOPCNTDQ,AVX512 IFMA+VBMI,AVX512 F+BW+CD+DQ+VL,AVX2+BMI1+BMI2+F16C+FMA+LZCNT+MOVBE,AVX,SSE3+SSSE3+SSE4.1+SSE4.2+POPCNT,X86Base+SSE+SSE2,AES+PCLMUL VectorSize=256
// Job: Job-YFEFPZ(IterationCount=10, WarmupCount=3)

OverheadJitting  1: 1 op, 196428.00 ns, 196.4280 us/op
WorkloadJitting  1: 1 op, 564565954.00 ns, 564.5660 ms/op

OverheadJitting  2: 1 op, 461.00 ns, 461.0000 ns/op
WorkloadJitting  2: 1 op, 849968.00 ns, 849.9680 us/op

OverheadJitting  3: 16 op, 368281.00 ns, 23.0176 us/op
WorkloadJitting  3: 16 op, 712967.00 ns, 44.5604 us/op

WorkloadPilot    1: 16 op, 353039.00 ns, 22.0649 us/op
WorkloadPilot    2: 32 op, 619079.00 ns, 19.3462 us/op
WorkloadPilot    3: 64 op, 1094436.00 ns, 17.1006 us/op
WorkloadPilot    4: 128 op, 2094034.00 ns, 16.3596 us/op
WorkloadPilot    5: 256 op, 4103584.00 ns, 16.0296 us/op
WorkloadPilot    6: 512 op, 8022467.00 ns, 15.6689 us/op
WorkloadPilot    7: 1024 op, 16244217.00 ns, 15.8635 us/op
WorkloadPilot    8: 2048 op, 22703049.00 ns, 11.0855 us/op
WorkloadPilot    9: 4096 op, 41650845.00 ns, 10.1687 us/op
WorkloadPilot   10: 8192 op, 83538226.00 ns, 10.1975 us/op
WorkloadPilot   11: 16384 op, 167140415.00 ns, 10.2014 us/op
WorkloadPilot   12: 32768 op, 343389403.00 ns, 10.4794 us/op
WorkloadPilot   13: 65536 op, 684229693.00 ns, 10.4405 us/op

OverheadWarmup   1: 65536 op, 189167.00 ns, 2.8865 ns/op
OverheadWarmup   2: 65536 op, 171192.00 ns, 2.6122 ns/op
OverheadWarmup   3: 65536 op, 181707.00 ns, 2.7726 ns/op
OverheadWarmup   4: 65536 op, 188898.00 ns, 2.8824 ns/op
OverheadWarmup   5: 65536 op, 171171.00 ns, 2.6119 ns/op
OverheadWarmup   6: 65536 op, 171151.00 ns, 2.6116 ns/op
OverheadWarmup   7: 65536 op, 171152.00 ns, 2.6116 ns/op
OverheadWarmup   8: 65536 op, 171172.00 ns, 2.6119 ns/op
OverheadWarmup   9: 65536 op, 188867.00 ns, 2.8819 ns/op
OverheadWarmup  10: 65536 op, 171171.00 ns, 2.6119 ns/op

OverheadActual   1: 65536 op, 188977.00 ns, 2.8836 ns/op
OverheadActual   2: 65536 op, 188958.00 ns, 2.8833 ns/op
OverheadActual   3: 65536 op, 200124.00 ns, 3.0536 ns/op
OverheadActual   4: 65536 op, 189068.00 ns, 2.8849 ns/op
OverheadActual   5: 65536 op, 188897.00 ns, 2.8823 ns/op
OverheadActual   6: 65536 op, 171131.00 ns, 2.6113 ns/op
OverheadActual   7: 65536 op, 171131.00 ns, 2.6113 ns/op
OverheadActual   8: 65536 op, 188857.00 ns, 2.8817 ns/op
OverheadActual   9: 65536 op, 171121.00 ns, 2.6111 ns/op
OverheadActual  10: 65536 op, 188837.00 ns, 2.8814 ns/op
OverheadActual  11: 65536 op, 188877.00 ns, 2.8820 ns/op
OverheadActual  12: 65536 op, 171091.00 ns, 2.6106 ns/op
OverheadActual  13: 65536 op, 188847.00 ns, 2.8816 ns/op
OverheadActual  14: 65536 op, 188877.00 ns, 2.8820 ns/op
OverheadActual  15: 65536 op, 183550.00 ns, 2.8008 ns/op
OverheadActual  16: 65536 op, 171141.00 ns, 2.6114 ns/op
OverheadActual  17: 65536 op, 188887.00 ns, 2.8822 ns/op

WorkloadWarmup   1: 65536 op, 722130982.00 ns, 11.0188 us/op
WorkloadWarmup   2: 65536 op, 725549741.00 ns, 11.0710 us/op
WorkloadWarmup   3: 65536 op, 706689765.00 ns, 10.7832 us/op

// BeforeActualRun
WorkloadActual   1: 65536 op, 710093872.00 ns, 10.8352 us/op
WorkloadActual   2: 65536 op, 719489755.00 ns, 10.9785 us/op
WorkloadActual   3: 65536 op, 720560007.00 ns, 10.9949 us/op
WorkloadActual   4: 65536 op, 719810631.00 ns, 10.9834 us/op
WorkloadActual   5: 65536 op, 713641236.00 ns, 10.8893 us/op
WorkloadActual   6: 65536 op, 715860655.00 ns, 10.9232 us/op
WorkloadActual   7: 65536 op, 720908786.00 ns, 11.0002 us/op
WorkloadActual   8: 65536 op, 711033147.00 ns, 10.8495 us/op
WorkloadActual   9: 65536 op, 704701961.00 ns, 10.7529 us/op
WorkloadActual  10: 65536 op, 695479730.00 ns, 10.6122 us/op

// AfterActualRun
WorkloadResult   1: 65536 op, 709905015.00 ns, 10.8323 us/op
WorkloadResult   2: 65536 op, 719300898.00 ns, 10.9757 us/op
WorkloadResult   3: 65536 op, 720371150.00 ns, 10.9920 us/op
WorkloadResult   4: 65536 op, 719621774.00 ns, 10.9806 us/op
WorkloadResult   5: 65536 op, 713452379.00 ns, 10.8864 us/op
WorkloadResult   6: 65536 op, 715671798.00 ns, 10.9203 us/op
WorkloadResult   7: 65536 op, 720719929.00 ns, 10.9973 us/op
WorkloadResult   8: 65536 op, 710844290.00 ns, 10.8466 us/op
WorkloadResult   9: 65536 op, 704513104.00 ns, 10.7500 us/op
WorkloadResult  10: 65536 op, 695290873.00 ns, 10.6093 us/op
// GC:  56 2 0 945815552 65536
// Threading:  0 0 65536

// AfterAll
// Benchmark Process 2721 has exited with code 0.

Mean = 10.879 μs, StdErr = 0.040 μs (0.36%), N = 10, StdDev = 0.125 μs
Min = 10.609 μs, Q1 = 10.836 μs, Median = 10.903 μs, Q3 = 10.979 μs, Max = 10.997 μs
IQR = 0.143 μs, LowerFence = 10.621 μs, UpperFence = 11.195 μs
ConfidenceInterval = [10.690 μs; 11.068 μs] (CI 99.9%), Margin = 0.189 μs (1.74% of Mean)
Skewness = -0.86, Kurtosis = 2.51, MValue = 2

// ** Remained 17 (94.4 %) benchmark(s) to run. Estimated finish 2026-10-05 18:35 (0h 3m from now) **
// **************************
// Benchmark: SanitizerBenchmarks.SanitizeHtml_MaliciousInput: Job-YFEFPZ(IterationCount=10, WarmupCount=3)
// *** Execute ***
// Launch: 1 / 1
// Execute: dotnet Encina.Security.Sanitization.Benchmarks-Job-YFEFPZ-1.dll --anonymousPipes 143 144 --benchmarkName Encina.Security.Sanitization.Benchmarks.SanitizerBenchmarks.SanitizeHtml_MaliciousInput --job "IterationCount=10, WarmupCount=3" --benchmarkId 1 in /home/runner/work/Encina/Encina/tests/Encina.BenchmarkTests/Encina.Security.Sanitization.Benchmarks/bin/Release/net10.0/Encina.Security.Sanitization.Benchmarks-Job-YFEFPZ-1/bin/Release/net10.0
// Failed to set up high priority (Permission denied). In order to run benchmarks with high priority, make sure you have the right permissions.
// BeforeAnythingElse

// Benchmark Process Environment Information:
// BenchmarkDotNet v0.15.8
// Runtime=.NET 10.0.12 (10.0.12, 10.0.1226.42308), X64 RyuJIT x86-64-v4
// GC=Concurrent Workstation
// HardwareIntrinsics=AVX512 BITALG+VBMI2+VNNI+VPOPCNTDQ,AVX512 IFMA+VBMI,AVX512 F+BW+CD+DQ+VL,AVX2+BMI1+BMI2+F16C+FMA+LZCNT+MOVBE,AVX,SSE3+SSSE3+SSE4.1+SSE4.2+POPCNT,X86Base+SSE+SSE2,AES+PCLMUL VectorSize=256
// Job: Job-YFEFPZ(IterationCount=10, WarmupCount=3)

OverheadJitting  1: 1 op, 181766.00 ns, 181.7660 us/op
WorkloadJitting  1: 1 op, 557173326.00 ns, 557.1733 ms/op

OverheadJitting  2: 1 op, 191.00 ns, 191.0000 ns/op
WorkloadJitting  2: 1 op, 983844.00 ns, 983.8440 us/op

OverheadJitting  3: 16 op, 364275.00 ns, 22.7672 us/op
WorkloadJitting  3: 16 op, 818782.00 ns, 51.1739 us/op

WorkloadPilot    1: 16 op, 436070.00 ns, 27.2544 us/op
WorkloadPilot    2: 32 op, 725365.00 ns, 22.6677 us/op
WorkloadPilot    3: 64 op, 1364243.00 ns, 21.3163 us/op
WorkloadPilot    4: 128 op, 2507422.00 ns, 19.5892 us/op
WorkloadPilot    5: 256 op, 4931992.00 ns, 19.2656 us/op
WorkloadPilot    6: 512 op, 9639753.00 ns, 18.8276 us/op
WorkloadPilot    7: 1024 op, 19655879.00 ns, 19.1952 us/op
WorkloadPilot    8: 2048 op, 31110277.00 ns, 15.1906 us/op
WorkloadPilot    9: 4096 op, 60854849.00 ns, 14.8571 us/op
WorkloadPilot   10: 8192 op, 116225095.00 ns, 14.1876 us/op
WorkloadPilot   11: 16384 op, 236197651.00 ns, 14.4164 us/op
WorkloadPilot   12: 32768 op, 471124607.00 ns, 14.3776 us/op
WorkloadPilot   13: 65536 op, 947404087.00 ns, 14.4562 us/op

OverheadWarmup   1: 65536 op, 201186.00 ns, 3.0699 ns/op
OverheadWarmup   2: 65536 op, 192222.00 ns, 2.9331 ns/op
OverheadWarmup   3: 65536 op, 188858.00 ns, 2.8817 ns/op
OverheadWarmup   4: 65536 op, 188868.00 ns, 2.8819 ns/op
OverheadWarmup   5: 65536 op, 203579.00 ns, 3.1064 ns/op
OverheadWarmup   6: 65536 op, 188898.00 ns, 2.8824 ns/op
OverheadWarmup   7: 65536 op, 188868.00 ns, 2.8819 ns/op
OverheadWarmup   8: 65536 op, 188837.00 ns, 2.8814 ns/op
OverheadWarmup   9: 65536 op, 188868.00 ns, 2.8819 ns/op
OverheadWarmup  10: 65536 op, 188878.00 ns, 2.8820 ns/op

OverheadActual   1: 65536 op, 188958.00 ns, 2.8833 ns/op
OverheadActual   2: 65536 op, 188977.00 ns, 2.8836 ns/op
OverheadActual   3: 65536 op, 189038.00 ns, 2.8845 ns/op
OverheadActual   4: 65536 op, 188958.00 ns, 2.8833 ns/op
OverheadActual   5: 65536 op, 172533.00 ns, 2.6326 ns/op
OverheadActual   6: 65536 op, 205963.00 ns, 3.1427 ns/op
OverheadActual   7: 65536 op, 188897.00 ns, 2.8823 ns/op
OverheadActual   8: 65536 op, 188917.00 ns, 2.8826 ns/op
OverheadActual   9: 65536 op, 188887.00 ns, 2.8822 ns/op
OverheadActual  10: 65536 op, 188867.00 ns, 2.8819 ns/op
OverheadActual  11: 65536 op, 188858.00 ns, 2.8817 ns/op
OverheadActual  12: 65536 op, 188858.00 ns, 2.8817 ns/op
OverheadActual  13: 65536 op, 189098.00 ns, 2.8854 ns/op
OverheadActual  14: 65536 op, 189088.00 ns, 2.8853 ns/op
OverheadActual  15: 65536 op, 204340.00 ns, 3.1180 ns/op

WorkloadWarmup   1: 65536 op, 960267942.00 ns, 14.6525 us/op
WorkloadWarmup   2: 65536 op, 961292696.00 ns, 14.6682 us/op
WorkloadWarmup   3: 65536 op, 952181107.00 ns, 14.5291 us/op

// BeforeActualRun
WorkloadActual   1: 65536 op, 949536734.00 ns, 14.4888 us/op
WorkloadActual   2: 65536 op, 946620262.00 ns, 14.4443 us/op
WorkloadActual   3: 65536 op, 957810393.00 ns, 14.6150 us/op
WorkloadActual   4: 65536 op, 953812642.00 ns, 14.5540 us/op
WorkloadActual   5: 65536 op, 952764881.00 ns, 14.5380 us/op
WorkloadActual   6: 65536 op, 951728691.00 ns, 14.5222 us/op
WorkloadActual   7: 65536 op, 969692649.00 ns, 14.7963 us/op
WorkloadActual   8: 65536 op, 950361729.00 ns, 14.5014 us/op
WorkloadActual   9: 65536 op, 940956312.00 ns, 14.3579 us/op
WorkloadActual  10: 65536 op, 934099914.00 ns, 14.2532 us/op

// AfterActualRun
WorkloadResult   1: 65536 op, 949347776.00 ns, 14.4859 us/op
WorkloadResult   2: 65536 op, 946431304.00 ns, 14.4414 us/op
WorkloadResult   3: 65536 op, 957621435.00 ns, 14.6121 us/op
WorkloadResult   4: 65536 op, 953623684.00 ns, 14.5511 us/op
WorkloadResult   5: 65536 op, 952575923.00 ns, 14.5352 us/op
WorkloadResult   6: 65536 op, 951539733.00 ns, 14.5193 us/op
WorkloadResult   7: 65536 op, 950172771.00 ns, 14.4985 us/op
WorkloadResult   8: 65536 op, 940767354.00 ns, 14.3550 us/op
WorkloadResult   9: 65536 op, 933910956.00 ns, 14.2504 us/op
// GC:  54 1 0 909639680 65536
// Threading:  0 0 65536

// AfterAll
// Benchmark Process 2729 has exited with code 0.

Mean = 14.472 μs, StdErr = 0.037 μs (0.25%), N = 9, StdDev = 0.110 μs
Min = 14.250 μs, Q1 = 14.441 μs, Median = 14.498 μs, Q3 = 14.535 μs, Max = 14.612 μs
IQR = 0.094 μs, LowerFence = 14.301 μs, UpperFence = 14.676 μs
ConfidenceInterval = [14.287 μs; 14.657 μs] (CI 99.9%), Margin = 0.185 μs (1.28% of Mean)
Skewness = -0.74, Kurtosis = 2.32, MValue = 2

// ** Remained 16 (88.9 %) benchmark(s) to run. Estimated finish 2026-10-05 18:35 (0h 3m from now) **
// **************************
// Benchmark: SanitizerBenchmarks.SanitizeHtml_ComplexDocument: Job-YFEFPZ(IterationCount=10, WarmupCount=3)
// *** Execute ***
// Launch: 1 / 1
// Execute: dotnet Encina.Security.Sanitization.Benchmarks-Job-YFEFPZ-1.dll --anonymousPipes 143 144 --benchmarkName Encina.Security.Sanitization.Benchmarks.SanitizerBenchmarks.SanitizeHtml_ComplexDocument --job "IterationCount=10, WarmupCount=3" --benchmarkId 2 in /home/runner/work/Encina/Encina/tests/Encina.BenchmarkTests/Encina.Security.Sanitization.Benchmarks/bin/Release/net10.0/Encina.Security.Sanitization.Benchmarks-Job-YFEFPZ-1/bin/Release/net10.0
// Failed to set up high priority (Permission denied). In order to run benchmarks with high priority, make sure you have the right permissions.
// BeforeAnythingElse

// Benchmark Process Environment Information:
// BenchmarkDotNet v0.15.8
// Runtime=.NET 10.0.12 (10.0.12, 10.0.1226.42308), X64 RyuJIT x86-64-v4
// GC=Concurrent Workstation
// HardwareIntrinsics=AVX512 BITALG+VBMI2+VNNI+VPOPCNTDQ,AVX512 IFMA+VBMI,AVX512 F+BW+CD+DQ+VL,AVX2+BMI1+BMI2+F16C+FMA+LZCNT+MOVBE,AVX,SSE3+SSSE3+SSE4.1+SSE4.2+POPCNT,X86Base+SSE+SSE2,AES+PCLMUL VectorSize=256
// Job: Job-YFEFPZ(IterationCount=10, WarmupCount=3)

OverheadJitting  1: 1 op, 211971.00 ns, 211.9710 us/op
WorkloadJitting  1: 1 op, 651279894.00 ns, 651.2799 ms/op

OverheadJitting  2: 1 op, 190.00 ns, 190.0000 ns/op
WorkloadJitting  2: 1 op, 1323633.00 ns, 1.3236 ms/op

OverheadJitting  3: 16 op, 369913.00 ns, 23.1196 us/op
WorkloadJitting  3: 16 op, 3492529.00 ns, 218.2831 us/op

WorkloadPilot    1: 16 op, 2765521.00 ns, 172.8451 us/op
WorkloadPilot    2: 32 op, 4697819.00 ns, 146.8068 us/op
WorkloadPilot    3: 64 op, 9902621.00 ns, 154.7285 us/op
WorkloadPilot    4: 128 op, 19733656.00 ns, 154.1692 us/op
WorkloadPilot    5: 256 op, 37752886.00 ns, 147.4722 us/op
WorkloadPilot    6: 512 op, 60715565.00 ns, 118.5851 us/op
WorkloadPilot    7: 1024 op, 120029701.00 ns, 117.2165 us/op
WorkloadPilot    8: 2048 op, 236501697.00 ns, 115.4793 us/op
WorkloadPilot    9: 4096 op, 498798312.00 ns, 121.7769 us/op
WorkloadPilot   10: 8192 op, 959174205.00 ns, 117.0867 us/op

OverheadWarmup   1: 8192 op, 24336.00 ns, 2.9707 ns/op
OverheadWarmup   2: 8192 op, 24206.00 ns, 2.9548 ns/op
OverheadWarmup   3: 8192 op, 23975.00 ns, 2.9266 ns/op
OverheadWarmup   4: 8192 op, 24125.00 ns, 2.9449 ns/op
OverheadWarmup   5: 8192 op, 23996.00 ns, 2.9292 ns/op
OverheadWarmup   6: 8192 op, 21792.00 ns, 2.6602 ns/op
OverheadWarmup   7: 8192 op, 21782.00 ns, 2.6589 ns/op
OverheadWarmup   8: 8192 op, 26198.00 ns, 3.1980 ns/op
OverheadWarmup   9: 8192 op, 26198.00 ns, 3.1980 ns/op

OverheadActual   1: 8192 op, 23995.00 ns, 2.9291 ns/op
OverheadActual   2: 8192 op, 23995.00 ns, 2.9291 ns/op
OverheadActual   3: 8192 op, 24015.00 ns, 2.9315 ns/op
OverheadActual   4: 8192 op, 24025.00 ns, 2.9327 ns/op
OverheadActual   5: 8192 op, 34882.00 ns, 4.2581 ns/op
OverheadActual   6: 8192 op, 21772.00 ns, 2.6577 ns/op
OverheadActual   7: 8192 op, 21762.00 ns, 2.6565 ns/op
OverheadActual   8: 8192 op, 23996.00 ns, 2.9292 ns/op
OverheadActual   9: 8192 op, 21772.00 ns, 2.6577 ns/op
OverheadActual  10: 8192 op, 21822.00 ns, 2.6638 ns/op
OverheadActual  11: 8192 op, 24035.00 ns, 2.9340 ns/op
OverheadActual  12: 8192 op, 21832.00 ns, 2.6650 ns/op
OverheadActual  13: 8192 op, 23995.00 ns, 2.9291 ns/op
OverheadActual  14: 8192 op, 23995.00 ns, 2.9291 ns/op
OverheadActual  15: 8192 op, 23985.00 ns, 2.9279 ns/op
OverheadActual  16: 8192 op, 23965.00 ns, 2.9254 ns/op

WorkloadWarmup   1: 8192 op, 979218757.00 ns, 119.5335 us/op
WorkloadWarmup   2: 8192 op, 984814995.00 ns, 120.2167 us/op
WorkloadWarmup   3: 8192 op, 977762970.00 ns, 119.3558 us/op

// BeforeActualRun
WorkloadActual   1: 8192 op, 975867406.00 ns, 119.1244 us/op
WorkloadActual   2: 8192 op, 972007408.00 ns, 118.6532 us/op
WorkloadActual   3: 8192 op, 975632862.00 ns, 119.0958 us/op
WorkloadActual   4: 8192 op, 972315881.00 ns, 118.6909 us/op
WorkloadActual   5: 8192 op, 972866757.00 ns, 118.7581 us/op
WorkloadActual   6: 8192 op, 985123367.00 ns, 120.2543 us/op
WorkloadActual   7: 8192 op, 965316253.00 ns, 117.8365 us/op
WorkloadActual   8: 8192 op, 963510252.00 ns, 117.6160 us/op
WorkloadActual   9: 8192 op, 968842852.00 ns, 118.2669 us/op
WorkloadActual  10: 8192 op, 974640715.00 ns, 118.9747 us/op

// AfterActualRun
WorkloadResult   1: 8192 op, 975843411.00 ns, 119.1215 us/op
WorkloadResult   2: 8192 op, 971983413.00 ns, 118.6503 us/op
WorkloadResult   3: 8192 op, 975608867.00 ns, 119.0929 us/op
WorkloadResult   4: 8192 op, 972291886.00 ns, 118.6880 us/op
WorkloadResult   5: 8192 op, 972842762.00 ns, 118.7552 us/op
WorkloadResult   6: 8192 op, 965292258.00 ns, 117.8335 us/op
WorkloadResult   7: 8192 op, 963486257.00 ns, 117.6131 us/op
WorkloadResult   8: 8192 op, 968818857.00 ns, 118.2640 us/op
WorkloadResult   9: 8192 op, 974616720.00 ns, 118.9718 us/op
// GC:  37 3 0 628164464 8192
// Threading:  0 0 8192

// AfterAll
// Benchmark Process 2736 has exited with code 0.

Mean = 118.554 μs, StdErr = 0.180 μs (0.15%), N = 9, StdDev = 0.541 μs
Min = 117.613 μs, Q1 = 118.264 μs, Median = 118.688 μs, Q3 = 118.972 μs, Max = 119.122 μs
IQR = 0.708 μs, LowerFence = 117.202 μs, UpperFence = 120.033 μs
ConfidenceInterval = [117.645 μs; 119.464 μs] (CI 99.9%), Margin = 0.909 μs (0.77% of Mean)
Skewness = -0.57, Kurtosis = 1.66, MValue = 2

// ** Remained 15 (83.3 %) benchmark(s) to run. Estimated finish 2026-10-05 18:35 (0h 3m from now) **
// **************************
// Benchmark: SanitizerBenchmarks.SanitizeForSql_SimpleInput: Job-YFEFPZ(IterationCount=10, WarmupCount=3)
// *** Execute ***
// Launch: 1 / 1
// Execute: dotnet Encina.Security.Sanitization.Benchmarks-Job-YFEFPZ-1.dll --anonymousPipes 143 144 --benchmarkName Encina.Security.Sanitization.Benchmarks.SanitizerBenchmarks.SanitizeForSql_SimpleInput --job "IterationCount=10, WarmupCount=3" --benchmarkId 3 in /home/runner/work/Encina/Encina/tests/Encina.BenchmarkTests/Encina.Security.Sanitization.Benchmarks/bin/Release/net10.0/Encina.Security.Sanitization.Benchmarks-Job-YFEFPZ-1/bin/Release/net10.0
// Failed to set up high priority (Permission denied). In order to run benchmarks with high priority, make sure you have the right permissions.
// BeforeAnythingElse

// Benchmark Process Environment Information:
// BenchmarkDotNet v0.15.8
// Runtime=.NET 10.0.12 (10.0.12, 10.0.1226.42308), X64 RyuJIT x86-64-v4
// GC=Concurrent Workstation
// HardwareIntrinsics=AVX512 BITALG+VBMI2+VNNI+VPOPCNTDQ,AVX512 IFMA+VBMI,AVX512 F+BW+CD+DQ+VL,AVX2+BMI1+BMI2+F16C+FMA+LZCNT+MOVBE,AVX,SSE3+SSSE3+SSE4.1+SSE4.2+POPCNT,X86Base+SSE+SSE2,AES+PCLMUL VectorSize=256
// Job: Job-YFEFPZ(IterationCount=10, WarmupCount=3)

OverheadJitting  1: 1 op, 185523.00 ns, 185.5230 us/op
WorkloadJitting  1: 1 op, 1998865.00 ns, 1.9989 ms/op

OverheadJitting  2: 16 op, 349854.00 ns, 21.8659 us/op
WorkloadJitting  2: 16 op, 359928.00 ns, 22.4955 us/op

WorkloadPilot    1: 16 op, 5107.00 ns, 319.1875 ns/op
WorkloadPilot    2: 32 op, 28532.00 ns, 891.6250 ns/op
WorkloadPilot    3: 64 op, 29153.00 ns, 455.5156 ns/op
WorkloadPilot    4: 128 op, 41431.00 ns, 323.6797 ns/op
WorkloadPilot    5: 256 op, 75801.00 ns, 296.0977 ns/op
WorkloadPilot    6: 512 op, 129910.00 ns, 253.7305 ns/op
WorkloadPilot    7: 1024 op, 280832.00 ns, 274.2500 ns/op
WorkloadPilot    8: 2048 op, 400659.00 ns, 195.6343 ns/op
WorkloadPilot    9: 4096 op, 967080.00 ns, 236.1035 ns/op
WorkloadPilot   10: 8192 op, 1860602.00 ns, 227.1243 ns/op
WorkloadPilot   11: 16384 op, 3301448.00 ns, 201.5044 ns/op
WorkloadPilot   12: 32768 op, 7653598.00 ns, 233.5693 ns/op
WorkloadPilot   13: 65536 op, 14580510.00 ns, 222.4809 ns/op
WorkloadPilot   14: 131072 op, 23006361.00 ns, 175.5246 ns/op
WorkloadPilot   15: 262144 op, 41758577.00 ns, 159.2963 ns/op
WorkloadPilot   16: 524288 op, 82246287.00 ns, 156.8723 ns/op
WorkloadPilot   17: 1048576 op, 160564697.00 ns, 153.1264 ns/op
WorkloadPilot   18: 2097152 op, 321745619.00 ns, 153.4203 ns/op
WorkloadPilot   19: 4194304 op, 638572365.00 ns, 152.2475 ns/op

OverheadWarmup   1: 4194304 op, 12293712.00 ns, 2.9310 ns/op
OverheadWarmup   2: 4194304 op, 12186535.00 ns, 2.9055 ns/op
OverheadWarmup   3: 4194304 op, 12141859.00 ns, 2.8948 ns/op
OverheadWarmup   4: 4194304 op, 11044407.00 ns, 2.6332 ns/op
OverheadWarmup   5: 4194304 op, 11011700.00 ns, 2.6254 ns/op
OverheadWarmup   6: 4194304 op, 11009566.00 ns, 2.6249 ns/op
OverheadWarmup   7: 4194304 op, 11028484.00 ns, 2.6294 ns/op
OverheadWarmup   8: 4194304 op, 11015234.00 ns, 2.6262 ns/op
OverheadWarmup   9: 4194304 op, 11053151.00 ns, 2.6353 ns/op
OverheadWarmup  10: 4194304 op, 11037307.00 ns, 2.6315 ns/op

OverheadActual   1: 4194304 op, 12165293.00 ns, 2.9004 ns/op
OverheadActual   2: 4194304 op, 11024779.00 ns, 2.6285 ns/op
OverheadActual   3: 4194304 op, 12182308.00 ns, 2.9045 ns/op
OverheadActual   4: 4194304 op, 11017778.00 ns, 2.6268 ns/op
OverheadActual   5: 4194304 op, 11017137.00 ns, 2.6267 ns/op
OverheadActual   6: 4194304 op, 11127014.00 ns, 2.6529 ns/op
OverheadActual   7: 4194304 op, 13357348.00 ns, 3.1846 ns/op
OverheadActual   8: 4194304 op, 13300263.00 ns, 3.1710 ns/op
OverheadActual   9: 4194304 op, 11020917.00 ns, 2.6276 ns/op
OverheadActual  10: 4194304 op, 11001850.00 ns, 2.6230 ns/op
OverheadActual  11: 4194304 op, 11000688.00 ns, 2.6228 ns/op
OverheadActual  12: 4194304 op, 10998805.00 ns, 2.6223 ns/op
OverheadActual  13: 4194304 op, 11153913.00 ns, 2.6593 ns/op
OverheadActual  14: 4194304 op, 11050682.00 ns, 2.6347 ns/op
OverheadActual  15: 4194304 op, 11019045.00 ns, 2.6271 ns/op

WorkloadWarmup   1: 4194304 op, 646317712.00 ns, 154.0942 ns/op
WorkloadWarmup   2: 4194304 op, 645701226.00 ns, 153.9472 ns/op
WorkloadWarmup   3: 4194304 op, 637610630.00 ns, 152.0182 ns/op

// BeforeActualRun
WorkloadActual   1: 4194304 op, 638349174.00 ns, 152.1943 ns/op
WorkloadActual   2: 4194304 op, 639546522.00 ns, 152.4798 ns/op
WorkloadActual   3: 4194304 op, 640062720.00 ns, 152.6028 ns/op
WorkloadActual   4: 4194304 op, 639958477.00 ns, 152.5780 ns/op
WorkloadActual   5: 4194304 op, 647867016.00 ns, 154.4635 ns/op
WorkloadActual   6: 4194304 op, 639902875.00 ns, 152.5647 ns/op
WorkloadActual   7: 4194304 op, 641031311.00 ns, 152.8338 ns/op
WorkloadActual   8: 4194304 op, 667836980.00 ns, 159.2247 ns/op
WorkloadActual   9: 4194304 op, 639780761.00 ns, 152.5356 ns/op
WorkloadActual  10: 4194304 op, 638904102.00 ns, 152.3266 ns/op

// AfterActualRun
WorkloadResult   1: 4194304 op, 627324395.00 ns, 149.5658 ns/op
WorkloadResult   2: 4194304 op, 628521743.00 ns, 149.8513 ns/op
WorkloadResult   3: 4194304 op, 629037941.00 ns, 149.9743 ns/op
WorkloadResult   4: 4194304 op, 628933698.00 ns, 149.9495 ns/op
WorkloadResult   5: 4194304 op, 628878096.00 ns, 149.9362 ns/op
WorkloadResult   6: 4194304 op, 630006532.00 ns, 150.2053 ns/op
WorkloadResult   7: 4194304 op, 628755982.00 ns, 149.9071 ns/op
WorkloadResult   8: 4194304 op, 627879323.00 ns, 149.6981 ns/op
// GC:  48 0 0 805306368 4194304
// Threading:  0 0 4194304

// AfterAll
// Benchmark Process 2747 has exited with code 0.

Mean = 149.886 ns, StdErr = 0.068 ns (0.05%), N = 8, StdDev = 0.191 ns
Min = 149.566 ns, Q1 = 149.813 ns, Median = 149.922 ns, Q3 = 149.956 ns, Max = 150.205 ns
IQR = 0.143 ns, LowerFence = 149.599 ns, UpperFence = 150.170 ns
ConfidenceInterval = [149.520 ns; 150.251 ns] (CI 99.9%), Margin = 0.365 ns (0.24% of Mean)
Skewness = -0.1, Kurtosis = 2.08, MValue = 2

// ** Remained 14 (77.8 %) benchmark(s) to run. Estimated finish 2026-10-05 18:35 (0h 3m from now) **
// **************************
// Benchmark: SanitizerBenchmarks.SanitizeForSql_InjectionAttempt: Job-YFEFPZ(IterationCount=10, WarmupCount=3)
// *** Execute ***
// Launch: 1 / 1
// Execute: dotnet Encina.Security.Sanitization.Benchmarks-Job-YFEFPZ-1.dll --anonymousPipes 143 144 --benchmarkName Encina.Security.Sanitization.Benchmarks.SanitizerBenchmarks.SanitizeForSql_InjectionAttempt --job "IterationCount=10, WarmupCount=3" --benchmarkId 4 in /home/runner/work/Encina/Encina/tests/Encina.BenchmarkTests/Encina.Security.Sanitization.Benchmarks/bin/Release/net10.0/Encina.Security.Sanitization.Benchmarks-Job-YFEFPZ-1/bin/Release/net10.0
// Failed to set up high priority (Permission denied). In order to run benchmarks with high priority, make sure you have the right permissions.
// BeforeAnythingElse

// Benchmark Process Environment Information:
// BenchmarkDotNet v0.15.8
// Runtime=.NET 10.0.12 (10.0.12, 10.0.1226.42308), X64 RyuJIT x86-64-v4
// GC=Concurrent Workstation
// HardwareIntrinsics=AVX512 BITALG+VBMI2+VNNI+VPOPCNTDQ,AVX512 IFMA+VBMI,AVX512 F+BW+CD+DQ+VL,AVX2+BMI1+BMI2+F16C+FMA+LZCNT+MOVBE,AVX,SSE3+SSSE3+SSE4.1+SSE4.2+POPCNT,X86Base+SSE+SSE2,AES+PCLMUL VectorSize=256
// Job: Job-YFEFPZ(IterationCount=10, WarmupCount=3)

OverheadJitting  1: 1 op, 186654.00 ns, 186.6540 us/op
WorkloadJitting  1: 1 op, 1984304.00 ns, 1.9843 ms/op

OverheadJitting  2: 16 op, 345708.00 ns, 21.6068 us/op
WorkloadJitting  2: 16 op, 364105.00 ns, 22.7566 us/op

WorkloadPilot    1: 16 op, 7120.00 ns, 445.0000 ns/op
WorkloadPilot    2: 32 op, 22853.00 ns, 714.1563 ns/op
WorkloadPilot    3: 64 op, 33910.00 ns, 529.8438 ns/op
WorkloadPilot    4: 128 op, 61270.00 ns, 478.6719 ns/op
WorkloadPilot    5: 256 op, 104824.00 ns, 409.4688 ns/op
WorkloadPilot    6: 512 op, 206133.00 ns, 402.6035 ns/op
WorkloadPilot    7: 1024 op, 395911.00 ns, 386.6318 ns/op
WorkloadPilot    8: 2048 op, 678327.00 ns, 331.2144 ns/op
WorkloadPilot    9: 4096 op, 1340708.00 ns, 327.3213 ns/op
WorkloadPilot   10: 8192 op, 2765881.00 ns, 337.6320 ns/op
WorkloadPilot   11: 16384 op, 4884132.00 ns, 298.1038 ns/op
WorkloadPilot   12: 32768 op, 11245072.00 ns, 343.1724 ns/op
WorkloadPilot   13: 65536 op, 22334305.00 ns, 340.7944 ns/op
WorkloadPilot   14: 131072 op, 33056158.00 ns, 252.1985 ns/op
WorkloadPilot   15: 262144 op, 62326597.00 ns, 237.7571 ns/op
WorkloadPilot   16: 524288 op, 122941832.00 ns, 234.4929 ns/op
WorkloadPilot   17: 1048576 op, 246130443.00 ns, 234.7283 ns/op
WorkloadPilot   18: 2097152 op, 498034743.00 ns, 237.4815 ns/op
WorkloadPilot   19: 4194304 op, 978910231.00 ns, 233.3904 ns/op

OverheadWarmup   1: 4194304 op, 11013302.00 ns, 2.6258 ns/op
OverheadWarmup   2: 4194304 op, 12192323.00 ns, 2.9069 ns/op
OverheadWarmup   3: 4194304 op, 11093279.00 ns, 2.6448 ns/op
OverheadWarmup   4: 4194304 op, 11085588.00 ns, 2.6430 ns/op
OverheadWarmup   5: 4194304 op, 11020142.00 ns, 2.6274 ns/op
OverheadWarmup   6: 4194304 op, 11040451.00 ns, 2.6322 ns/op
OverheadWarmup   7: 4194304 op, 12149820.00 ns, 2.8967 ns/op
OverheadWarmup   8: 4194304 op, 11004709.00 ns, 2.6237 ns/op

OverheadActual   1: 4194304 op, 11025369.00 ns, 2.6287 ns/op
OverheadActual   2: 4194304 op, 11007784.00 ns, 2.6245 ns/op
OverheadActual   3: 4194304 op, 11027792.00 ns, 2.6292 ns/op
OverheadActual   4: 4194304 op, 11015075.00 ns, 2.6262 ns/op
OverheadActual   5: 4194304 op, 11032480.00 ns, 2.6303 ns/op
OverheadActual   6: 4194304 op, 11082454.00 ns, 2.6423 ns/op
OverheadActual   7: 4194304 op, 11072749.00 ns, 2.6399 ns/op
OverheadActual   8: 4194304 op, 11075513.00 ns, 2.6406 ns/op
OverheadActual   9: 4194304 op, 11081591.00 ns, 2.6421 ns/op
OverheadActual  10: 4194304 op, 11104415.00 ns, 2.6475 ns/op
OverheadActual  11: 4194304 op, 11089984.00 ns, 2.6441 ns/op
OverheadActual  12: 4194304 op, 11007373.00 ns, 2.6244 ns/op
OverheadActual  13: 4194304 op, 11026110.00 ns, 2.6288 ns/op
OverheadActual  14: 4194304 op, 11004558.00 ns, 2.6237 ns/op
OverheadActual  15: 4194304 op, 11075052.00 ns, 2.6405 ns/op

WorkloadWarmup   1: 4194304 op, 990618863.00 ns, 236.1819 ns/op
WorkloadWarmup   2: 4194304 op, 1000096149.00 ns, 238.4415 ns/op
WorkloadWarmup   3: 4194304 op, 986271409.00 ns, 235.1454 ns/op

// BeforeActualRun
WorkloadActual   1: 4194304 op, 1005289740.00 ns, 239.6798 ns/op
WorkloadActual   2: 4194304 op, 998749264.00 ns, 238.1204 ns/op
WorkloadActual   3: 4194304 op, 990633277.00 ns, 236.1854 ns/op
WorkloadActual   4: 4194304 op, 999320468.00 ns, 238.2566 ns/op
WorkloadActual   5: 4194304 op, 987529110.00 ns, 235.4453 ns/op
WorkloadActual   6: 4194304 op, 993810650.00 ns, 236.9429 ns/op
WorkloadActual   7: 4194304 op, 983689504.00 ns, 234.5299 ns/op
WorkloadActual   8: 4194304 op, 984780886.00 ns, 234.7901 ns/op
WorkloadActual   9: 4194304 op, 987080150.00 ns, 235.3382 ns/op
WorkloadActual  10: 4194304 op, 994107481.00 ns, 237.0137 ns/op

// AfterActualRun
WorkloadResult   1: 4194304 op, 994257260.00 ns, 237.0494 ns/op
WorkloadResult   2: 4194304 op, 987716784.00 ns, 235.4900 ns/op
WorkloadResult   3: 4194304 op, 979600797.00 ns, 233.5550 ns/op
WorkloadResult   4: 4194304 op, 988287988.00 ns, 235.6262 ns/op
WorkloadResult   5: 4194304 op, 976496630.00 ns, 232.8149 ns/op
WorkloadResult   6: 4194304 op, 982778170.00 ns, 234.3126 ns/op
WorkloadResult   7: 4194304 op, 972657024.00 ns, 231.8995 ns/op
WorkloadResult   8: 4194304 op, 973748406.00 ns, 232.1597 ns/op
WorkloadResult   9: 4194304 op, 976047670.00 ns, 232.7079 ns/op
WorkloadResult  10: 4194304 op, 983075001.00 ns, 234.3833 ns/op
// GC:  62 0 0 1040187392 4194304
// Threading:  0 0 4194304

// AfterAll
// Benchmark Process 2756 has exited with code 0.

Mean = 234.000 ns, StdErr = 0.532 ns (0.23%), N = 10, StdDev = 1.683 ns
Min = 231.900 ns, Q1 = 232.735 ns, Median = 233.934 ns, Q3 = 235.213 ns, Max = 237.049 ns
IQR = 2.479 ns, LowerFence = 229.017 ns, UpperFence = 238.931 ns
ConfidenceInterval = [231.456 ns; 236.544 ns] (CI 99.9%), Margin = 2.544 ns (1.09% of Mean)
Skewness = 0.35, Kurtosis = 1.67, MValue = 2

// ** Remained 13 (72.2 %) benchmark(s) to run. Estimated finish 2026-10-05 18:35 (0h 3m from now) **
// **************************
// Benchmark: SanitizerBenchmarks.SanitizeForShell_SimpleInput: Job-YFEFPZ(IterationCount=10, WarmupCount=3)
// *** Execute ***
// Launch: 1 / 1
// Execute: dotnet Encina.Security.Sanitization.Benchmarks-Job-YFEFPZ-1.dll --anonymousPipes 143 144 --benchmarkName Encina.Security.Sanitization.Benchmarks.SanitizerBenchmarks.SanitizeForShell_SimpleInput --job "IterationCount=10, WarmupCount=3" --benchmarkId 5 in /home/runner/work/Encina/Encina/tests/Encina.BenchmarkTests/Encina.Security.Sanitization.Benchmarks/bin/Release/net10.0/Encina.Security.Sanitization.Benchmarks-Job-YFEFPZ-1/bin/Release/net10.0
// Failed to set up high priority (Permission denied). In order to run benchmarks with high priority, make sure you have the right permissions.
// BeforeAnythingElse

// Benchmark Process Environment Information:
// BenchmarkDotNet v0.15.8
// Runtime=.NET 10.0.12 (10.0.12, 10.0.1226.42308), X64 RyuJIT x86-64-v4
// GC=Concurrent Workstation
// HardwareIntrinsics=AVX512 BITALG+VBMI2+VNNI+VPOPCNTDQ,AVX512 IFMA+VBMI,AVX512 F+BW+CD+DQ+VL,AVX2+BMI1+BMI2+F16C+FMA+LZCNT+MOVBE,AVX,SSE3+SSSE3+SSE4.1+SSE4.2+POPCNT,X86Base+SSE+SSE2,AES+PCLMUL VectorSize=256
// Job: Job-YFEFPZ(IterationCount=10, WarmupCount=3)

OverheadJitting  1: 1 op, 189599.00 ns, 189.5990 us/op
WorkloadJitting  1: 1 op, 551129.00 ns, 551.1290 us/op

OverheadJitting  2: 16 op, 347811.00 ns, 21.7382 us/op
WorkloadJitting  2: 16 op, 361541.00 ns, 22.5963 us/op

WorkloadPilot    1: 16 op, 3255.00 ns, 203.4375 ns/op
WorkloadPilot    2: 32 op, 2925.00 ns, 91.4063 ns/op
WorkloadPilot    3: 64 op, 3405.00 ns, 53.2031 ns/op
WorkloadPilot    4: 128 op, 18618.00 ns, 145.4531 ns/op
WorkloadPilot    5: 256 op, 28822.00 ns, 112.5859 ns/op
WorkloadPilot    6: 512 op, 28692.00 ns, 56.0391 ns/op
WorkloadPilot    7: 1024 op, 59407.00 ns, 58.0146 ns/op
WorkloadPilot    8: 2048 op, 107778.00 ns, 52.6260 ns/op
WorkloadPilot    9: 4096 op, 213423.00 ns, 52.1052 ns/op
WorkloadPilot   10: 8192 op, 288023.00 ns, 35.1591 ns/op
WorkloadPilot   11: 16384 op, 575535.00 ns, 35.1279 ns/op
WorkloadPilot   12: 32768 op, 1454036.00 ns, 44.3737 ns/op
WorkloadPilot   13: 65536 op, 2727164.00 ns, 41.6132 ns/op
WorkloadPilot   14: 131072 op, 5588155.00 ns, 42.6342 ns/op
WorkloadPilot   15: 262144 op, 10972121.00 ns, 41.8553 ns/op
WorkloadPilot   16: 524288 op, 15177285.00 ns, 28.9484 ns/op
WorkloadPilot   17: 1048576 op, 25161585.00 ns, 23.9960 ns/op
WorkloadPilot   18: 2097152 op, 54083903.00 ns, 25.7892 ns/op
WorkloadPilot   19: 4194304 op, 102217798.00 ns, 24.3706 ns/op
WorkloadPilot   20: 8388608 op, 210704692.00 ns, 25.1180 ns/op
WorkloadPilot   21: 16777216 op, 413731360.00 ns, 24.6603 ns/op
WorkloadPilot   22: 33554432 op, 852185491.00 ns, 25.3971 ns/op

OverheadWarmup   1: 33554432 op, 97264045.00 ns, 2.8987 ns/op
OverheadWarmup   2: 33554432 op, 97204978.00 ns, 2.8969 ns/op
OverheadWarmup   3: 33554432 op, 97216375.00 ns, 2.8973 ns/op
OverheadWarmup   4: 33554432 op, 97519530.00 ns, 2.9063 ns/op
OverheadWarmup   5: 33554432 op, 97237485.00 ns, 2.8979 ns/op
OverheadWarmup   6: 33554432 op, 97240430.00 ns, 2.8980 ns/op
OverheadWarmup   7: 33554432 op, 97289883.00 ns, 2.8995 ns/op
OverheadWarmup   8: 33554432 op, 97282172.00 ns, 2.8992 ns/op

OverheadActual   1: 33554432 op, 97221943.00 ns, 2.8974 ns/op
OverheadActual   2: 33554432 op, 106331910.00 ns, 3.1689 ns/op
OverheadActual   3: 33554432 op, 107675712.00 ns, 3.2090 ns/op
OverheadActual   4: 33554432 op, 106479837.00 ns, 3.1733 ns/op
OverheadActual   5: 33554432 op, 88480668.00 ns, 2.6369 ns/op
OverheadActual   6: 33554432 op, 88013101.00 ns, 2.6230 ns/op
OverheadActual   7: 33554432 op, 106323117.00 ns, 3.1687 ns/op
OverheadActual   8: 33554432 op, 97211728.00 ns, 2.8971 ns/op
OverheadActual   9: 33554432 op, 97275351.00 ns, 2.8990 ns/op
OverheadActual  10: 33554432 op, 97213611.00 ns, 2.8972 ns/op
OverheadActual  11: 33554432 op, 97193782.00 ns, 2.8966 ns/op
OverheadActual  12: 33554432 op, 97181103.00 ns, 2.8962 ns/op
OverheadActual  13: 33554432 op, 97171889.00 ns, 2.8959 ns/op
OverheadActual  14: 33554432 op, 97234302.00 ns, 2.8978 ns/op
OverheadActual  15: 33554432 op, 97223745.00 ns, 2.8975 ns/op
OverheadActual  16: 33554432 op, 97209164.00 ns, 2.8971 ns/op
OverheadActual  17: 33554432 op, 88057036.00 ns, 2.6243 ns/op

WorkloadWarmup   1: 33554432 op, 851129461.00 ns, 25.3656 ns/op
WorkloadWarmup   2: 33554432 op, 864043943.00 ns, 25.7505 ns/op
WorkloadWarmup   3: 33554432 op, 851976127.00 ns, 25.3909 ns/op

// BeforeActualRun
WorkloadActual   1: 33554432 op, 861880652.00 ns, 25.6860 ns/op
WorkloadActual   2: 33554432 op, 867046697.00 ns, 25.8400 ns/op
WorkloadActual   3: 33554432 op, 872639309.00 ns, 26.0067 ns/op
WorkloadActual   4: 33554432 op, 853533917.00 ns, 25.4373 ns/op
WorkloadActual   5: 33554432 op, 863291133.00 ns, 25.7281 ns/op
WorkloadActual   6: 33554432 op, 844793435.00 ns, 25.1768 ns/op
WorkloadActual   7: 33554432 op, 830373212.00 ns, 24.7471 ns/op
WorkloadActual   8: 33554432 op, 849522879.00 ns, 25.3178 ns/op
WorkloadActual   9: 33554432 op, 847758307.00 ns, 25.2652 ns/op
WorkloadActual  10: 33554432 op, 848100839.00 ns, 25.2754 ns/op

// AfterActualRun
WorkloadResult   1: 33554432 op, 764667041.00 ns, 22.7889 ns/op
WorkloadResult   2: 33554432 op, 769833086.00 ns, 22.9428 ns/op
WorkloadResult   3: 33554432 op, 775425698.00 ns, 23.1095 ns/op
WorkloadResult   4: 33554432 op, 756320306.00 ns, 22.5401 ns/op
WorkloadResult   5: 33554432 op, 766077522.00 ns, 22.8309 ns/op
WorkloadResult   6: 33554432 op, 747579824.00 ns, 22.2796 ns/op
WorkloadResult   7: 33554432 op, 733159601.00 ns, 21.8499 ns/op
WorkloadResult   8: 33554432 op, 752309268.00 ns, 22.4206 ns/op
WorkloadResult   9: 33554432 op, 750544696.00 ns, 22.3680 ns/op
WorkloadResult  10: 33554432 op, 750887228.00 ns, 22.3782 ns/op
// GC:  96 0 0 1610612736 33554432
// Threading:  0 0 33554432

// AfterAll
// Benchmark Process 2766 has exited with code 0.

Mean = 22.551 ns, StdErr = 0.118 ns (0.52%), N = 10, StdDev = 0.372 ns
Min = 21.850 ns, Q1 = 22.371 ns, Median = 22.480 ns, Q3 = 22.820 ns, Max = 23.109 ns
IQR = 0.450 ns, LowerFence = 21.696 ns, UpperFence = 23.495 ns
ConfidenceInterval = [21.988 ns; 23.113 ns] (CI 99.9%), Margin = 0.563 ns (2.49% of Mean)
Skewness = -0.21, Kurtosis = 1.98, MValue = 2

// ** Remained 12 (66.7 %) benchmark(s) to run. Estimated finish 2026-10-05 18:35 (0h 2m from now) **
// **************************
// Benchmark: SanitizerBenchmarks.SanitizeForShell_InjectionAttempt: Job-YFEFPZ(IterationCount=10, WarmupCount=3)
// *** Execute ***
// Launch: 1 / 1
// Execute: dotnet Encina.Security.Sanitization.Benchmarks-Job-YFEFPZ-1.dll --anonymousPipes 143 144 --benchmarkName Encina.Security.Sanitization.Benchmarks.SanitizerBenchmarks.SanitizeForShell_InjectionAttempt --job "IterationCount=10, WarmupCount=3" --benchmarkId 6 in /home/runner/work/Encina/Encina/tests/Encina.BenchmarkTests/Encina.Security.Sanitization.Benchmarks/bin/Release/net10.0/Encina.Security.Sanitization.Benchmarks-Job-YFEFPZ-1/bin/Release/net10.0
// Failed to set up high priority (Permission denied). In order to run benchmarks with high priority, make sure you have the right permissions.
// BeforeAnythingElse

// Benchmark Process Environment Information:
// BenchmarkDotNet v0.15.8
// Runtime=.NET 10.0.12 (10.0.12, 10.0.1226.42308), X64 RyuJIT x86-64-v4
// GC=Concurrent Workstation
// HardwareIntrinsics=AVX512 BITALG+VBMI2+VNNI+VPOPCNTDQ,AVX512 IFMA+VBMI,AVX512 F+BW+CD+DQ+VL,AVX2+BMI1+BMI2+F16C+FMA+LZCNT+MOVBE,AVX,SSE3+SSSE3+SSE4.1+SSE4.2+POPCNT,X86Base+SSE+SSE2,AES+PCLMUL VectorSize=256
// Job: Job-YFEFPZ(IterationCount=10, WarmupCount=3)

OverheadJitting  1: 1 op, 217619.00 ns, 217.6190 us/op
WorkloadJitting  1: 1 op, 572501.00 ns, 572.5010 us/op

OverheadJitting  2: 16 op, 351035.00 ns, 21.9397 us/op
WorkloadJitting  2: 16 op, 370824.00 ns, 23.1765 us/op

WorkloadPilot    1: 16 op, 3074.00 ns, 192.1250 ns/op
WorkloadPilot    2: 32 op, 3185.00 ns, 99.5313 ns/op
WorkloadPilot    3: 64 op, 3355.00 ns, 52.4219 ns/op
WorkloadPilot    4: 128 op, 18296.00 ns, 142.9375 ns/op
WorkloadPilot    5: 256 op, 24405.00 ns, 95.3320 ns/op
WorkloadPilot    6: 512 op, 27841.00 ns, 54.3770 ns/op
WorkloadPilot    7: 1024 op, 62451.00 ns, 60.9873 ns/op
WorkloadPilot    8: 2048 op, 106457.00 ns, 51.9810 ns/op
WorkloadPilot    9: 4096 op, 199743.00 ns, 48.7654 ns/op
WorkloadPilot   10: 8192 op, 304126.00 ns, 37.1248 ns/op
WorkloadPilot   11: 16384 op, 583005.00 ns, 35.5838 ns/op
WorkloadPilot   12: 32768 op, 1426354.00 ns, 43.5289 ns/op
WorkloadPilot   13: 65536 op, 2807101.00 ns, 42.8330 ns/op
WorkloadPilot   14: 131072 op, 5549416.00 ns, 42.3387 ns/op
WorkloadPilot   15: 262144 op, 11228993.00 ns, 42.8352 ns/op
WorkloadPilot   16: 524288 op, 15458864.00 ns, 29.4854 ns/op
WorkloadPilot   17: 1048576 op, 24636787.00 ns, 23.4955 ns/op
WorkloadPilot   18: 2097152 op, 52985071.00 ns, 25.2653 ns/op
WorkloadPilot   19: 4194304 op, 108728461.00 ns, 25.9229 ns/op
WorkloadPilot   20: 8388608 op, 205852216.00 ns, 24.5395 ns/op
WorkloadPilot   21: 16777216 op, 394324257.00 ns, 23.5036 ns/op
WorkloadPilot   22: 33554432 op, 785006960.00 ns, 23.3950 ns/op

OverheadWarmup   1: 33554432 op, 97232595.00 ns, 2.8978 ns/op
OverheadWarmup   2: 33554432 op, 88078186.00 ns, 2.6249 ns/op
OverheadWarmup   3: 33554432 op, 88178564.00 ns, 2.6279 ns/op
OverheadWarmup   4: 33554432 op, 88151314.00 ns, 2.6271 ns/op
OverheadWarmup   5: 33554432 op, 88183871.00 ns, 2.6281 ns/op
OverheadWarmup   6: 33554432 op, 97395845.00 ns, 2.9026 ns/op
OverheadWarmup   7: 33554432 op, 97239415.00 ns, 2.8980 ns/op

OverheadActual   1: 33554432 op, 88138395.00 ns, 2.6267 ns/op
OverheadActual   2: 33554432 op, 88043455.00 ns, 2.6239 ns/op
OverheadActual   3: 33554432 op, 88074451.00 ns, 2.6248 ns/op
OverheadActual   4: 33554432 op, 88212934.00 ns, 2.6290 ns/op
OverheadActual   5: 33554432 op, 88073179.00 ns, 2.6248 ns/op
OverheadActual   6: 33554432 op, 88054482.00 ns, 2.6242 ns/op
OverheadActual   7: 33554432 op, 97309458.00 ns, 2.9000 ns/op
OverheadActual   8: 33554432 op, 97240727.00 ns, 2.8980 ns/op
OverheadActual   9: 33554432 op, 88209640.00 ns, 2.6289 ns/op
OverheadActual  10: 33554432 op, 88123233.00 ns, 2.6263 ns/op
OverheadActual  11: 33554432 op, 88101010.00 ns, 2.6256 ns/op
OverheadActual  12: 33554432 op, 106333334.00 ns, 3.1690 ns/op
OverheadActual  13: 33554432 op, 97177433.00 ns, 2.8961 ns/op
OverheadActual  14: 33554432 op, 101224450.00 ns, 3.0167 ns/op
OverheadActual  15: 33554432 op, 97326588.00 ns, 2.9006 ns/op
OverheadActual  16: 33554432 op, 88084426.00 ns, 2.6251 ns/op
OverheadActual  17: 33554432 op, 88132677.00 ns, 2.6266 ns/op
OverheadActual  18: 33554432 op, 88065358.00 ns, 2.6246 ns/op
OverheadActual  19: 33554432 op, 88108542.00 ns, 2.6258 ns/op
OverheadActual  20: 33554432 op, 90191448.00 ns, 2.6879 ns/op

WorkloadWarmup   1: 33554432 op, 799095030.00 ns, 23.8149 ns/op
WorkloadWarmup   2: 33554432 op, 798734411.00 ns, 23.8041 ns/op
WorkloadWarmup   3: 33554432 op, 792660143.00 ns, 23.6231 ns/op

// BeforeActualRun
WorkloadActual   1: 33554432 op, 797162679.00 ns, 23.7573 ns/op
WorkloadActual   2: 33554432 op, 776108446.00 ns, 23.1298 ns/op
WorkloadActual   3: 33554432 op, 807163194.00 ns, 24.0553 ns/op
WorkloadActual   4: 33554432 op, 799908802.00 ns, 23.8391 ns/op
WorkloadActual   5: 33554432 op, 792146415.00 ns, 23.6078 ns/op
WorkloadActual   6: 33554432 op, 814389714.00 ns, 24.2707 ns/op
WorkloadActual   7: 33554432 op, 803175928.00 ns, 23.9365 ns/op
WorkloadActual   8: 33554432 op, 781252429.00 ns, 23.2831 ns/op
WorkloadActual   9: 33554432 op, 804907391.00 ns, 23.9881 ns/op
WorkloadActual  10: 33554432 op, 798911476.00 ns, 23.8094 ns/op

// AfterActualRun
WorkloadResult   1: 33554432 op, 709027143.00 ns, 21.1307 ns/op
WorkloadResult   2: 33554432 op, 687972910.00 ns, 20.5032 ns/op
WorkloadResult   3: 33554432 op, 719027658.00 ns, 21.4287 ns/op
WorkloadResult   4: 33554432 op, 711773266.00 ns, 21.2125 ns/op
WorkloadResult   5: 33554432 op, 704010879.00 ns, 20.9812 ns/op
WorkloadResult   6: 33554432 op, 726254178.00 ns, 21.6441 ns/op
WorkloadResult   7: 33554432 op, 715040392.00 ns, 21.3099 ns/op
WorkloadResult   8: 33554432 op, 693116893.00 ns, 20.6565 ns/op
WorkloadResult   9: 33554432 op, 716771855.00 ns, 21.3615 ns/op
WorkloadResult  10: 33554432 op, 710775940.00 ns, 21.1828 ns/op
// GC:  96 0 0 1610612736 33554432
// Threading:  0 0 33554432

// AfterAll
// Benchmark Process 2777 has exited with code 0.

Mean = 21.141 ns, StdErr = 0.110 ns (0.52%), N = 10, StdDev = 0.348 ns
Min = 20.503 ns, Q1 = 21.019 ns, Median = 21.198 ns, Q3 = 21.349 ns, Max = 21.644 ns
IQR = 0.330 ns, LowerFence = 20.523 ns, UpperFence = 21.844 ns
ConfidenceInterval = [20.616 ns; 21.667 ns] (CI 99.9%), Margin = 0.525 ns (2.49% of Mean)
Skewness = -0.5, Kurtosis = 2.03, MValue = 2

// ** Remained 11 (61.1 %) benchmark(s) to run. Estimated finish 2026-10-05 18:35 (0h 2m from now) **
// **************************
// Benchmark: SanitizerBenchmarks.SanitizeForJson_SimpleInput: Job-YFEFPZ(IterationCount=10, WarmupCount=3)
// *** Execute ***
// Launch: 1 / 1
// Execute: dotnet Encina.Security.Sanitization.Benchmarks-Job-YFEFPZ-1.dll --anonymousPipes 143 144 --benchmarkName Encina.Security.Sanitization.Benchmarks.SanitizerBenchmarks.SanitizeForJson_SimpleInput --job "IterationCount=10, WarmupCount=3" --benchmarkId 7 in /home/runner/work/Encina/Encina/tests/Encina.BenchmarkTests/Encina.Security.Sanitization.Benchmarks/bin/Release/net10.0/Encina.Security.Sanitization.Benchmarks-Job-YFEFPZ-1/bin/Release/net10.0
// Failed to set up high priority (Permission denied). In order to run benchmarks with high priority, make sure you have the right permissions.
// BeforeAnythingElse

// Benchmark Process Environment Information:
// BenchmarkDotNet v0.15.8
// Runtime=.NET 10.0.12 (10.0.12, 10.0.1226.42308), X64 RyuJIT x86-64-v4
// GC=Concurrent Workstation
// HardwareIntrinsics=AVX512 BITALG+VBMI2+VNNI+VPOPCNTDQ,AVX512 IFMA+VBMI,AVX512 F+BW+CD+DQ+VL,AVX2+BMI1+BMI2+F16C+FMA+LZCNT+MOVBE,AVX,SSE3+SSSE3+SSE4.1+SSE4.2+POPCNT,X86Base+SSE+SSE2,AES+PCLMUL VectorSize=256
// Job: Job-YFEFPZ(IterationCount=10, WarmupCount=3)

OverheadJitting  1: 1 op, 184070.00 ns, 184.0700 us/op
WorkloadJitting  1: 1 op, 18373833.00 ns, 18.3738 ms/op

OverheadJitting  2: 16 op, 360920.00 ns, 22.5575 us/op
WorkloadJitting  2: 16 op, 500204.00 ns, 31.2628 us/op

WorkloadPilot    1: 16 op, 30815.00 ns, 1.9259 us/op
WorkloadPilot    2: 32 op, 37586.00 ns, 1.1746 us/op
WorkloadPilot    3: 64 op, 41280.00 ns, 645.0000 ns/op
WorkloadPilot    4: 128 op, 77584.00 ns, 606.1250 ns/op
WorkloadPilot    5: 256 op, 132034.00 ns, 515.7578 ns/op
WorkloadPilot    6: 512 op, 239461.00 ns, 467.6973 ns/op
WorkloadPilot    7: 1024 op, 487526.00 ns, 476.0996 ns/op
WorkloadPilot    8: 2048 op, 812853.00 ns, 396.9009 ns/op
WorkloadPilot    9: 4096 op, 1784850.00 ns, 435.7544 ns/op
WorkloadPilot   10: 8192 op, 3397055.00 ns, 414.6796 ns/op
WorkloadPilot   11: 16384 op, 6368596.00 ns, 388.7083 ns/op
WorkloadPilot   12: 32768 op, 14122494.00 ns, 430.9843 ns/op
WorkloadPilot   13: 65536 op, 27124654.00 ns, 413.8894 ns/op
WorkloadPilot   14: 131072 op, 46793486.00 ns, 357.0060 ns/op
WorkloadPilot   15: 262144 op, 92400182.00 ns, 352.4787 ns/op
WorkloadPilot   16: 524288 op, 177979775.00 ns, 339.4695 ns/op
WorkloadPilot   17: 1048576 op, 352123651.00 ns, 335.8113 ns/op
WorkloadPilot   18: 2097152 op, 703797521.00 ns, 335.5968 ns/op

OverheadWarmup   1: 2097152 op, 5518569.00 ns, 2.6315 ns/op
OverheadWarmup   2: 2097152 op, 5542473.00 ns, 2.6429 ns/op
OverheadWarmup   3: 2097152 op, 5508293.00 ns, 2.6266 ns/op
OverheadWarmup   4: 2097152 op, 5500031.00 ns, 2.6226 ns/op
OverheadWarmup   5: 2097152 op, 5494803.00 ns, 2.6201 ns/op
OverheadWarmup   6: 2097152 op, 5508884.00 ns, 2.6268 ns/op
OverheadWarmup   7: 2097152 op, 5507372.00 ns, 2.6261 ns/op

OverheadActual   1: 2097152 op, 5510566.00 ns, 2.6276 ns/op
OverheadActual   2: 2097152 op, 5505099.00 ns, 2.6250 ns/op
OverheadActual   3: 2097152 op, 5520661.00 ns, 2.6325 ns/op
OverheadActual   4: 2097152 op, 5517707.00 ns, 2.6310 ns/op
OverheadActual   5: 2097152 op, 5511117.00 ns, 2.6279 ns/op
OverheadActual   6: 2097152 op, 6676757.00 ns, 3.1837 ns/op
OverheadActual   7: 2097152 op, 6655867.00 ns, 3.1738 ns/op
OverheadActual   8: 2097152 op, 6080903.00 ns, 2.8996 ns/op
OverheadActual   9: 2097152 op, 6080172.00 ns, 2.8993 ns/op
OverheadActual  10: 2097152 op, 6073833.00 ns, 2.8962 ns/op
OverheadActual  11: 2097152 op, 5507462.00 ns, 2.6262 ns/op
OverheadActual  12: 2097152 op, 5505660.00 ns, 2.6253 ns/op
OverheadActual  13: 2097152 op, 6138939.00 ns, 2.9273 ns/op
OverheadActual  14: 2097152 op, 6076767.00 ns, 2.8976 ns/op
OverheadActual  15: 2097152 op, 6075365.00 ns, 2.8970 ns/op
OverheadActual  16: 2097152 op, 6141052.00 ns, 2.9283 ns/op
OverheadActual  17: 2097152 op, 5516875.00 ns, 2.6307 ns/op
OverheadActual  18: 2097152 op, 5501022.00 ns, 2.6231 ns/op
OverheadActual  19: 2097152 op, 6646613.00 ns, 3.1694 ns/op
OverheadActual  20: 2097152 op, 5507082.00 ns, 2.6260 ns/op

WorkloadWarmup   1: 2097152 op, 711772634.00 ns, 339.3996 ns/op
WorkloadWarmup   2: 2097152 op, 713429896.00 ns, 340.1899 ns/op
WorkloadWarmup   3: 2097152 op, 704863285.00 ns, 336.1050 ns/op

// BeforeActualRun
WorkloadActual   1: 2097152 op, 707844153.00 ns, 337.5264 ns/op
WorkloadActual   2: 2097152 op, 706229007.00 ns, 336.7562 ns/op
WorkloadActual   3: 2097152 op, 704253727.00 ns, 335.8143 ns/op
WorkloadActual   4: 2097152 op, 705496591.00 ns, 336.4070 ns/op
WorkloadActual   5: 2097152 op, 701797445.00 ns, 334.6431 ns/op
WorkloadActual   6: 2097152 op, 700030150.00 ns, 333.8004 ns/op
WorkloadActual   7: 2097152 op, 700867250.00 ns, 334.1995 ns/op
WorkloadActual   8: 2097152 op, 703806204.00 ns, 335.6010 ns/op
WorkloadActual   9: 2097152 op, 705157779.00 ns, 336.2454 ns/op
WorkloadActual  10: 2097152 op, 705421807.00 ns, 336.3713 ns/op

// AfterActualRun
WorkloadResult   1: 2097152 op, 702046906.00 ns, 334.7621 ns/op
WorkloadResult   2: 2097152 op, 700431760.00 ns, 333.9919 ns/op
WorkloadResult   3: 2097152 op, 698456480.00 ns, 333.0500 ns/op
WorkloadResult   4: 2097152 op, 699699344.00 ns, 333.6426 ns/op
WorkloadResult   5: 2097152 op, 696000198.00 ns, 331.8788 ns/op
WorkloadResult   6: 2097152 op, 694232903.00 ns, 331.0360 ns/op
WorkloadResult   7: 2097152 op, 695070003.00 ns, 331.4352 ns/op
WorkloadResult   8: 2097152 op, 698008957.00 ns, 332.8366 ns/op
WorkloadResult   9: 2097152 op, 699360532.00 ns, 333.4811 ns/op
WorkloadResult  10: 2097152 op, 699624560.00 ns, 333.6070 ns/op
// GC:  26 0 0 436207616 2097152
// Threading:  0 0 2097152

// AfterAll
// Benchmark Process 2788 has exited with code 0.

Mean = 332.972 ns, StdErr = 0.375 ns (0.11%), N = 10, StdDev = 1.187 ns
Min = 331.036 ns, Q1 = 332.118 ns, Median = 333.266 ns, Q3 = 333.634 ns, Max = 334.762 ns
IQR = 1.516 ns, LowerFence = 329.845 ns, UpperFence = 335.907 ns
ConfidenceInterval = [331.177 ns; 334.767 ns] (CI 99.9%), Margin = 1.795 ns (0.54% of Mean)
Skewness = -0.28, Kurtosis = 1.65, MValue = 2

// ** Remained 10 (55.6 %) benchmark(s) to run. Estimated finish 2026-10-05 18:35 (0h 2m from now) **
// **************************
// Benchmark: SanitizerBenchmarks.SanitizeForXml_SimpleInput: Job-YFEFPZ(IterationCount=10, WarmupCount=3)
// *** Execute ***
// Launch: 1 / 1
// Execute: dotnet Encina.Security.Sanitization.Benchmarks-Job-YFEFPZ-1.dll --anonymousPipes 143 144 --benchmarkName Encina.Security.Sanitization.Benchmarks.SanitizerBenchmarks.SanitizeForXml_SimpleInput --job "IterationCount=10, WarmupCount=3" --benchmarkId 8 in /home/runner/work/Encina/Encina/tests/Encina.BenchmarkTests/Encina.Security.Sanitization.Benchmarks/bin/Release/net10.0/Encina.Security.Sanitization.Benchmarks-Job-YFEFPZ-1/bin/Release/net10.0
// Failed to set up high priority (Permission denied). In order to run benchmarks with high priority, make sure you have the right permissions.
// BeforeAnythingElse

// Benchmark Process Environment Information:
// BenchmarkDotNet v0.15.8
// Runtime=.NET 10.0.12 (10.0.12, 10.0.1226.42308), X64 RyuJIT x86-64-v4
// GC=Concurrent Workstation
// HardwareIntrinsics=AVX512 BITALG+VBMI2+VNNI+VPOPCNTDQ,AVX512 IFMA+VBMI,AVX512 F+BW+CD+DQ+VL,AVX2+BMI1+BMI2+F16C+FMA+LZCNT+MOVBE,AVX,SSE3+SSSE3+SSE4.1+SSE4.2+POPCNT,X86Base+SSE+SSE2,AES+PCLMUL VectorSize=256
// Job: Job-YFEFPZ(IterationCount=10, WarmupCount=3)

OverheadJitting  1: 1 op, 191401.00 ns, 191.4010 us/op
WorkloadJitting  1: 1 op, 856969.00 ns, 856.9690 us/op

OverheadJitting  2: 16 op, 350194.00 ns, 21.8871 us/op
WorkloadJitting  2: 16 op, 387279.00 ns, 24.2049 us/op

WorkloadPilot    1: 16 op, 21391.00 ns, 1.3369 us/op
WorkloadPilot    2: 32 op, 31717.00 ns, 991.1563 ns/op
WorkloadPilot    3: 64 op, 48141.00 ns, 752.2031 ns/op
WorkloadPilot    4: 128 op, 75050.00 ns, 586.3281 ns/op
WorkloadPilot    5: 256 op, 146665.00 ns, 572.9102 ns/op
WorkloadPilot    6: 512 op, 197540.00 ns, 385.8203 ns/op
WorkloadPilot    7: 1024 op, 440697.00 ns, 430.3682 ns/op
WorkloadPilot    8: 2048 op, 938338.00 ns, 458.1729 ns/op
WorkloadPilot    9: 4096 op, 1888353.00 ns, 461.0237 ns/op
WorkloadPilot   10: 8192 op, 3705361.00 ns, 452.3146 ns/op
WorkloadPilot   11: 16384 op, 6224149.00 ns, 379.8919 ns/op
WorkloadPilot   12: 32768 op, 12582965.00 ns, 384.0016 ns/op
WorkloadPilot   13: 65536 op, 16741220.00 ns, 255.4507 ns/op
WorkloadPilot   14: 131072 op, 27724907.00 ns, 211.5243 ns/op
WorkloadPilot   15: 262144 op, 54411509.00 ns, 207.5634 ns/op
WorkloadPilot   16: 524288 op, 111968105.00 ns, 213.5622 ns/op
WorkloadPilot   17: 1048576 op, 220610939.00 ns, 210.3910 ns/op
WorkloadPilot   18: 2097152 op, 450596152.00 ns, 214.8610 ns/op
WorkloadPilot   19: 4194304 op, 916310171.00 ns, 218.4654 ns/op

OverheadWarmup   1: 4194304 op, 12187764.00 ns, 2.9058 ns/op
OverheadWarmup   2: 4194304 op, 12195085.00 ns, 2.9075 ns/op
OverheadWarmup   3: 4194304 op, 12226271.00 ns, 2.9150 ns/op
OverheadWarmup   4: 4194304 op, 11003536.00 ns, 2.6234 ns/op
OverheadWarmup   5: 4194304 op, 11031457.00 ns, 2.6301 ns/op
OverheadWarmup   6: 4194304 op, 12159653.00 ns, 2.8991 ns/op
OverheadWarmup   7: 4194304 op, 11039739.00 ns, 2.6321 ns/op

OverheadActual   1: 4194304 op, 12166063.00 ns, 2.9006 ns/op
OverheadActual   2: 4194304 op, 11038578.00 ns, 2.6318 ns/op
OverheadActual   3: 4194304 op, 11013070.00 ns, 2.6257 ns/op
OverheadActual   4: 4194304 op, 11018608.00 ns, 2.6270 ns/op
OverheadActual   5: 4194304 op, 11053419.00 ns, 2.6353 ns/op
OverheadActual   6: 4194304 op, 11006380.00 ns, 2.6241 ns/op
OverheadActual   7: 4194304 op, 11047490.00 ns, 2.6339 ns/op
OverheadActual   8: 4194304 op, 11073698.00 ns, 2.6402 ns/op
OverheadActual   9: 4194304 op, 11016114.00 ns, 2.6264 ns/op
OverheadActual  10: 4194304 op, 11059408.00 ns, 2.6368 ns/op
OverheadActual  11: 4194304 op, 11034201.00 ns, 2.6308 ns/op
OverheadActual  12: 4194304 op, 12221975.00 ns, 2.9139 ns/op
OverheadActual  13: 4194304 op, 12229886.00 ns, 2.9158 ns/op
OverheadActual  14: 4194304 op, 12168196.00 ns, 2.9011 ns/op
OverheadActual  15: 4194304 op, 12159483.00 ns, 2.8990 ns/op
OverheadActual  16: 4194304 op, 12171000.00 ns, 2.9018 ns/op
OverheadActual  17: 4194304 op, 11023826.00 ns, 2.6283 ns/op

WorkloadWarmup   1: 4194304 op, 864225864.00 ns, 206.0475 ns/op
WorkloadWarmup   2: 4194304 op, 874963735.00 ns, 208.6076 ns/op
WorkloadWarmup   3: 4194304 op, 891333624.00 ns, 212.5105 ns/op

// BeforeActualRun
WorkloadActual   1: 4194304 op, 896831573.00 ns, 213.8213 ns/op
WorkloadActual   2: 4194304 op, 862454324.00 ns, 205.6251 ns/op
WorkloadActual   3: 4194304 op, 853154524.00 ns, 203.4079 ns/op
WorkloadActual   4: 4194304 op, 877949899.00 ns, 209.3196 ns/op
WorkloadActual   5: 4194304 op, 876080264.00 ns, 208.8738 ns/op
WorkloadActual   6: 4194304 op, 916197979.00 ns, 218.4386 ns/op
WorkloadActual   7: 4194304 op, 875732616.00 ns, 208.7909 ns/op
WorkloadActual   8: 4194304 op, 880630903.00 ns, 209.9588 ns/op
WorkloadActual   9: 4194304 op, 874360267.00 ns, 208.4637 ns/op
WorkloadActual  10: 4194304 op, 880361738.00 ns, 209.8946 ns/op

// AfterActualRun
WorkloadResult   1: 4194304 op, 851400905.00 ns, 202.9898 ns/op
WorkloadResult   2: 4194304 op, 842101105.00 ns, 200.7725 ns/op
WorkloadResult   3: 4194304 op, 866896480.00 ns, 206.6842 ns/op
WorkloadResult   4: 4194304 op, 865026845.00 ns, 206.2385 ns/op
WorkloadResult   5: 4194304 op, 864679197.00 ns, 206.1556 ns/op
WorkloadResult   6: 4194304 op, 869577484.00 ns, 207.3234 ns/op
WorkloadResult   7: 4194304 op, 863306848.00 ns, 205.8284 ns/op
WorkloadResult   8: 4194304 op, 869308319.00 ns, 207.2593 ns/op
// GC:  162 0 0 2717908992 4194304
// Threading:  0 0 4194304

// AfterAll
// Benchmark Process 2796 has exited with code 0.

Mean = 205.406 ns, StdErr = 0.818 ns (0.40%), N = 8, StdDev = 2.314 ns
Min = 200.773 ns, Q1 = 205.119 ns, Median = 206.197 ns, Q3 = 206.828 ns, Max = 207.323 ns
IQR = 1.709 ns, LowerFence = 202.555 ns, UpperFence = 209.392 ns
ConfidenceInterval = [200.982 ns; 209.831 ns] (CI 99.9%), Margin = 4.424 ns (2.15% of Mean)
Skewness = -0.98, Kurtosis = 2.28, MValue = 2

// ** Remained 9 (50.0 %) benchmark(s) to run. Estimated finish 2026-10-05 18:35 (0h 2m from now) **
// **************************
// Benchmark: SanitizerBenchmarks.SanitizeHtml_CleanInput: ShortRun(IterationCount=3, LaunchCount=1, WarmupCount=3)
// *** Execute ***
// Launch: 1 / 1
// Execute: dotnet Encina.Security.Sanitization.Benchmarks-Job-YFEFPZ-1.dll --anonymousPipes 143 144 --benchmarkName Encina.Security.Sanitization.Benchmarks.SanitizerBenchmarks.SanitizeHtml_CleanInput --job ShortRun --benchmarkId 9 in /home/runner/work/Encina/Encina/tests/Encina.BenchmarkTests/Encina.Security.Sanitization.Benchmarks/bin/Release/net10.0/Encina.Security.Sanitization.Benchmarks-Job-YFEFPZ-1/bin/Release/net10.0
// Failed to set up high priority (Permission denied). In order to run benchmarks with high priority, make sure you have the right permissions.
// BeforeAnythingElse

// Benchmark Process Environment Information:
// BenchmarkDotNet v0.15.8
// Runtime=.NET 10.0.12 (10.0.12, 10.0.1226.42308), X64 RyuJIT x86-64-v4
// GC=Concurrent Workstation
// HardwareIntrinsics=AVX512 BITALG+VBMI2+VNNI+VPOPCNTDQ,AVX512 IFMA+VBMI,AVX512 F+BW+CD+DQ+VL,AVX2+BMI1+BMI2+F16C+FMA+LZCNT+MOVBE,AVX,SSE3+SSSE3+SSE4.1+SSE4.2+POPCNT,X86Base+SSE+SSE2,AES+PCLMUL VectorSize=256
// Job: ShortRun(IterationCount=3, LaunchCount=1, WarmupCount=3)

OverheadJitting  1: 1 op, 208666.00 ns, 208.6660 us/op
WorkloadJitting  1: 1 op, 516626738.00 ns, 516.6267 ms/op

OverheadJitting  2: 1 op, 450.00 ns, 450.0000 ns/op
WorkloadJitting  2: 1 op, 873202.00 ns, 873.2020 us/op

OverheadJitting  3: 16 op, 353819.00 ns, 22.1137 us/op
WorkloadJitting  3: 16 op, 731754.00 ns, 45.7346 us/op

WorkloadPilot    1: 16 op, 349173.00 ns, 21.8233 us/op
WorkloadPilot    2: 32 op, 599480.00 ns, 18.7338 us/op
WorkloadPilot    3: 64 op, 1114276.00 ns, 17.4106 us/op
WorkloadPilot    4: 128 op, 2081345.00 ns, 16.2605 us/op
WorkloadPilot    5: 256 op, 4131936.00 ns, 16.1404 us/op
WorkloadPilot    6: 512 op, 8037900.00 ns, 15.6990 us/op
WorkloadPilot    7: 1024 op, 16207816.00 ns, 15.8279 us/op
WorkloadPilot    8: 2048 op, 23327719.00 ns, 11.3905 us/op
WorkloadPilot    9: 4096 op, 44004586.00 ns, 10.7433 us/op
WorkloadPilot   10: 8192 op, 86643386.00 ns, 10.5766 us/op
WorkloadPilot   11: 16384 op, 176163536.00 ns, 10.7522 us/op
WorkloadPilot   12: 32768 op, 347968231.00 ns, 10.6191 us/op
WorkloadPilot   13: 65536 op, 708776564.00 ns, 10.8151 us/op

OverheadWarmup   1: 65536 op, 171722.00 ns, 2.6203 ns/op
OverheadWarmup   2: 65536 op, 171322.00 ns, 2.6142 ns/op
OverheadWarmup   3: 65536 op, 171152.00 ns, 2.6116 ns/op
OverheadWarmup   4: 65536 op, 200594.00 ns, 3.0608 ns/op
OverheadWarmup   5: 65536 op, 171212.00 ns, 2.6125 ns/op
OverheadWarmup   6: 65536 op, 206664.00 ns, 3.1534 ns/op
OverheadWarmup   7: 65536 op, 171282.00 ns, 2.6136 ns/op

OverheadActual   1: 65536 op, 200555.00 ns, 3.0602 ns/op
OverheadActual   2: 65536 op, 171152.00 ns, 2.6116 ns/op
OverheadActual   3: 65536 op, 174326.00 ns, 2.6600 ns/op
OverheadActual   4: 65536 op, 171131.00 ns, 2.6113 ns/op
OverheadActual   5: 65536 op, 171162.00 ns, 2.6117 ns/op
OverheadActual   6: 65536 op, 171121.00 ns, 2.6111 ns/op
OverheadActual   7: 65536 op, 171282.00 ns, 2.6136 ns/op
OverheadActual   8: 65536 op, 181907.00 ns, 2.7757 ns/op
OverheadActual   9: 65536 op, 171201.00 ns, 2.6123 ns/op
OverheadActual  10: 65536 op, 200955.00 ns, 3.0663 ns/op
OverheadActual  11: 65536 op, 171182.00 ns, 2.6120 ns/op
OverheadActual  12: 65536 op, 171201.00 ns, 2.6123 ns/op
OverheadActual  13: 65536 op, 171131.00 ns, 2.6113 ns/op
OverheadActual  14: 65536 op, 171252.00 ns, 2.6131 ns/op
OverheadActual  15: 65536 op, 171172.00 ns, 2.6119 ns/op

WorkloadWarmup   1: 65536 op, 718477497.00 ns, 10.9631 us/op
WorkloadWarmup   2: 65536 op, 707486970.00 ns, 10.7954 us/op
WorkloadWarmup   3: 65536 op, 707185779.00 ns, 10.7908 us/op

// BeforeActualRun
WorkloadActual   1: 65536 op, 702166773.00 ns, 10.7142 us/op
WorkloadActual   2: 65536 op, 716903231.00 ns, 10.9391 us/op
WorkloadActual   3: 65536 op, 712653472.00 ns, 10.8742 us/op

// AfterActualRun
WorkloadResult   1: 65536 op, 701995572.00 ns, 10.7116 us/op
WorkloadResult   2: 65536 op, 716732030.00 ns, 10.9365 us/op
WorkloadResult   3: 65536 op, 712482271.00 ns, 10.8716 us/op
// GC:  56 2 0 945815552 65536
// Threading:  0 0 65536

// AfterAll
// Benchmark Process 2806 has exited with code 0.

Mean = 10.840 μs, StdErr = 0.067 μs (0.62%), N = 3, StdDev = 0.116 μs
Min = 10.712 μs, Q1 = 10.792 μs, Median = 10.872 μs, Q3 = 10.904 μs, Max = 10.936 μs
IQR = 0.112 μs, LowerFence = 10.623 μs, UpperFence = 11.073 μs
ConfidenceInterval = [8.728 μs; 12.951 μs] (CI 99.9%), Margin = 2.111 μs (19.48% of Mean)
Skewness = -0.25, Kurtosis = 0.67, MValue = 2

// ** Remained 8 (44.4 %) benchmark(s) to run. Estimated finish 2026-10-05 18:35 (0h 1m from now) **
// **************************
// Benchmark: SanitizerBenchmarks.SanitizeHtml_MaliciousInput: ShortRun(IterationCount=3, LaunchCount=1, WarmupCount=3)
// *** Execute ***
// Launch: 1 / 1
// Execute: dotnet Encina.Security.Sanitization.Benchmarks-Job-YFEFPZ-1.dll --anonymousPipes 143 144 --benchmarkName Encina.Security.Sanitization.Benchmarks.SanitizerBenchmarks.SanitizeHtml_MaliciousInput --job ShortRun --benchmarkId 10 in /home/runner/work/Encina/Encina/tests/Encina.BenchmarkTests/Encina.Security.Sanitization.Benchmarks/bin/Release/net10.0/Encina.Security.Sanitization.Benchmarks-Job-YFEFPZ-1/bin/Release/net10.0
// Failed to set up high priority (Permission denied). In order to run benchmarks with high priority, make sure you have the right permissions.
// BeforeAnythingElse

// Benchmark Process Environment Information:
// BenchmarkDotNet v0.15.8
// Runtime=.NET 10.0.12 (10.0.12, 10.0.1226.42308), X64 RyuJIT x86-64-v4
// GC=Concurrent Workstation
// HardwareIntrinsics=AVX512 BITALG+VBMI2+VNNI+VPOPCNTDQ,AVX512 IFMA+VBMI,AVX512 F+BW+CD+DQ+VL,AVX2+BMI1+BMI2+F16C+FMA+LZCNT+MOVBE,AVX,SSE3+SSSE3+SSE4.1+SSE4.2+POPCNT,X86Base+SSE+SSE2,AES+PCLMUL VectorSize=256
// Job: ShortRun(IterationCount=3, LaunchCount=1, WarmupCount=3)

OverheadJitting  1: 1 op, 177060.00 ns, 177.0600 us/op
WorkloadJitting  1: 1 op, 547491602.00 ns, 547.4916 ms/op

OverheadJitting  2: 1 op, 300.00 ns, 300.0000 ns/op
WorkloadJitting  2: 1 op, 903427.00 ns, 903.4270 us/op

OverheadJitting  3: 16 op, 361100.00 ns, 22.5688 us/op
WorkloadJitting  3: 16 op, 797100.00 ns, 49.8188 us/op

WorkloadPilot    1: 16 op, 414919.00 ns, 25.9324 us/op
WorkloadPilot    2: 32 op, 700819.00 ns, 21.9006 us/op
WorkloadPilot    3: 64 op, 1281792.00 ns, 20.0280 us/op
WorkloadPilot    4: 128 op, 2504587.00 ns, 19.5671 us/op
WorkloadPilot    5: 256 op, 4886304.00 ns, 19.0871 us/op
WorkloadPilot    6: 512 op, 9618551.00 ns, 18.7862 us/op
WorkloadPilot    7: 1024 op, 19470316.00 ns, 19.0140 us/op
WorkloadPilot    8: 2048 op, 30423909.00 ns, 14.8554 us/op
WorkloadPilot    9: 4096 op, 58176415.00 ns, 14.2032 us/op
WorkloadPilot   10: 8192 op, 111995801.00 ns, 13.6714 us/op
WorkloadPilot   11: 16384 op, 227125583.00 ns, 13.8626 us/op
WorkloadPilot   12: 32768 op, 465541013.00 ns, 14.2072 us/op
WorkloadPilot   13: 65536 op, 918484811.00 ns, 14.0150 us/op

OverheadWarmup   1: 65536 op, 171512.00 ns, 2.6171 ns/op
OverheadWarmup   2: 65536 op, 182388.00 ns, 2.7830 ns/op
OverheadWarmup   3: 65536 op, 171152.00 ns, 2.6116 ns/op
OverheadWarmup   4: 65536 op, 217359.00 ns, 3.3166 ns/op
OverheadWarmup   5: 65536 op, 188887.00 ns, 2.8822 ns/op

OverheadActual   1: 65536 op, 185693.00 ns, 2.8335 ns/op
OverheadActual   2: 65536 op, 200515.00 ns, 3.0596 ns/op
OverheadActual   3: 65536 op, 171191.00 ns, 2.6122 ns/op
OverheadActual   4: 65536 op, 171192.00 ns, 2.6122 ns/op
OverheadActual   5: 65536 op, 188977.00 ns, 2.8836 ns/op
OverheadActual   6: 65536 op, 182688.00 ns, 2.7876 ns/op
OverheadActual   7: 65536 op, 189909.00 ns, 2.8978 ns/op
OverheadActual   8: 65536 op, 199853.00 ns, 3.0495 ns/op
OverheadActual   9: 65536 op, 171101.00 ns, 2.6108 ns/op
OverheadActual  10: 65536 op, 171081.00 ns, 2.6105 ns/op
OverheadActual  11: 65536 op, 188858.00 ns, 2.8817 ns/op
OverheadActual  12: 65536 op, 171142.00 ns, 2.6114 ns/op
OverheadActual  13: 65536 op, 171081.00 ns, 2.6105 ns/op
OverheadActual  14: 65536 op, 171202.00 ns, 2.6123 ns/op
OverheadActual  15: 65536 op, 171152.00 ns, 2.6116 ns/op
OverheadActual  16: 65536 op, 188898.00 ns, 2.8824 ns/op
OverheadActual  17: 65536 op, 182798.00 ns, 2.7893 ns/op
OverheadActual  18: 65536 op, 171201.00 ns, 2.6123 ns/op
OverheadActual  19: 65536 op, 171141.00 ns, 2.6114 ns/op
OverheadActual  20: 65536 op, 171192.00 ns, 2.6122 ns/op

WorkloadWarmup   1: 65536 op, 965600596.00 ns, 14.7339 us/op
WorkloadWarmup   2: 65536 op, 961956085.00 ns, 14.6783 us/op
WorkloadWarmup   3: 65536 op, 956090841.00 ns, 14.5888 us/op

// BeforeActualRun
WorkloadActual   1: 65536 op, 956261106.00 ns, 14.5914 us/op
WorkloadActual   2: 65536 op, 992107277.00 ns, 15.1384 us/op
WorkloadActual   3: 65536 op, 950872388.00 ns, 14.5092 us/op

// AfterActualRun
WorkloadResult   1: 65536 op, 956089904.50 ns, 14.5888 us/op
WorkloadResult   2: 65536 op, 991936075.50 ns, 15.1357 us/op
WorkloadResult   3: 65536 op, 950701186.50 ns, 14.5065 us/op
// GC:  54 1 0 909639680 65536
// Threading:  0 0 65536

// AfterAll
// Benchmark Process 2814 has exited with code 0.

Mean = 14.744 μs, StdErr = 0.197 μs (1.34%), N = 3, StdDev = 0.342 μs
Min = 14.507 μs, Q1 = 14.548 μs, Median = 14.589 μs, Q3 = 14.862 μs, Max = 15.136 μs
IQR = 0.315 μs, LowerFence = 14.076 μs, UpperFence = 15.334 μs
ConfidenceInterval = [8.504 μs; 20.983 μs] (CI 99.9%), Margin = 6.240 μs (42.32% of Mean)
Skewness = 0.36, Kurtosis = 0.67, MValue = 2

// ** Remained 7 (38.9 %) benchmark(s) to run. Estimated finish 2026-10-05 18:35 (0h 1m from now) **
// **************************
// Benchmark: SanitizerBenchmarks.SanitizeHtml_ComplexDocument: ShortRun(IterationCount=3, LaunchCount=1, WarmupCount=3)
// *** Execute ***
// Launch: 1 / 1
// Execute: dotnet Encina.Security.Sanitization.Benchmarks-Job-YFEFPZ-1.dll --anonymousPipes 143 144 --benchmarkName Encina.Security.Sanitization.Benchmarks.SanitizerBenchmarks.SanitizeHtml_ComplexDocument --job ShortRun --benchmarkId 11 in /home/runner/work/Encina/Encina/tests/Encina.BenchmarkTests/Encina.Security.Sanitization.Benchmarks/bin/Release/net10.0/Encina.Security.Sanitization.Benchmarks-Job-YFEFPZ-1/bin/Release/net10.0
// Failed to set up high priority (Permission denied). In order to run benchmarks with high priority, make sure you have the right permissions.
// BeforeAnythingElse

// Benchmark Process Environment Information:
// BenchmarkDotNet v0.15.8
// Runtime=.NET 10.0.12 (10.0.12, 10.0.1226.42308), X64 RyuJIT x86-64-v4
// GC=Concurrent Workstation
// HardwareIntrinsics=AVX512 BITALG+VBMI2+VNNI+VPOPCNTDQ,AVX512 IFMA+VBMI,AVX512 F+BW+CD+DQ+VL,AVX2+BMI1+BMI2+F16C+FMA+LZCNT+MOVBE,AVX,SSE3+SSSE3+SSE4.1+SSE4.2+POPCNT,X86Base+SSE+SSE2,AES+PCLMUL VectorSize=256
// Job: ShortRun(IterationCount=3, LaunchCount=1, WarmupCount=3)

OverheadJitting  1: 1 op, 199443.00 ns, 199.4430 us/op
WorkloadJitting  1: 1 op, 657549691.00 ns, 657.5497 ms/op

OverheadJitting  2: 1 op, 361.00 ns, 361.0000 ns/op
WorkloadJitting  2: 1 op, 1399383.00 ns, 1.3994 ms/op

OverheadJitting  3: 16 op, 385456.00 ns, 24.0910 us/op
WorkloadJitting  3: 16 op, 3409774.00 ns, 213.1109 us/op

WorkloadPilot    1: 16 op, 2804976.00 ns, 175.3110 us/op
WorkloadPilot    2: 32 op, 4674970.00 ns, 146.0928 us/op
WorkloadPilot    3: 64 op, 9853800.00 ns, 153.9656 us/op
WorkloadPilot    4: 128 op, 19619439.00 ns, 153.2769 us/op
WorkloadPilot    5: 256 op, 37986391.00 ns, 148.3843 us/op
WorkloadPilot    6: 512 op, 60550813.00 ns, 118.2633 us/op
WorkloadPilot    7: 1024 op, 119312872.00 ns, 116.5165 us/op
WorkloadPilot    8: 2048 op, 238922490.00 ns, 116.6614 us/op
WorkloadPilot    9: 4096 op, 475736183.00 ns, 116.1465 us/op
WorkloadPilot   10: 8192 op, 954872502.00 ns, 116.5616 us/op

OverheadWarmup   1: 8192 op, 24336.00 ns, 2.9707 ns/op
OverheadWarmup   2: 8192 op, 24125.00 ns, 2.9449 ns/op
OverheadWarmup   3: 8192 op, 21812.00 ns, 2.6626 ns/op
OverheadWarmup   4: 8192 op, 21702.00 ns, 2.6492 ns/op
OverheadWarmup   5: 8192 op, 23995.00 ns, 2.9291 ns/op
OverheadWarmup   6: 8192 op, 23915.00 ns, 2.9193 ns/op
OverheadWarmup   7: 8192 op, 23915.00 ns, 2.9193 ns/op
OverheadWarmup   8: 8192 op, 21672.00 ns, 2.6455 ns/op

OverheadActual   1: 8192 op, 24015.00 ns, 2.9315 ns/op
OverheadActual   2: 8192 op, 23955.00 ns, 2.9242 ns/op
OverheadActual   3: 8192 op, 24026.00 ns, 2.9329 ns/op
OverheadActual   4: 8192 op, 21882.00 ns, 2.6711 ns/op
OverheadActual   5: 8192 op, 24066.00 ns, 2.9377 ns/op
OverheadActual   6: 8192 op, 24036.00 ns, 2.9341 ns/op
OverheadActual   7: 8192 op, 21712.00 ns, 2.6504 ns/op
OverheadActual   8: 8192 op, 23936.00 ns, 2.9219 ns/op
OverheadActual   9: 8192 op, 21702.00 ns, 2.6492 ns/op
OverheadActual  10: 8192 op, 21882.00 ns, 2.6711 ns/op
OverheadActual  11: 8192 op, 21661.00 ns, 2.6442 ns/op
OverheadActual  12: 8192 op, 23965.00 ns, 2.9254 ns/op
OverheadActual  13: 8192 op, 21742.00 ns, 2.6541 ns/op
OverheadActual  14: 8192 op, 21702.00 ns, 2.6492 ns/op
OverheadActual  15: 8192 op, 23965.00 ns, 2.9254 ns/op
OverheadActual  16: 8192 op, 33159.00 ns, 4.0477 ns/op
OverheadActual  17: 8192 op, 21702.00 ns, 2.6492 ns/op
OverheadActual  18: 8192 op, 24115.00 ns, 2.9437 ns/op

WorkloadWarmup   1: 8192 op, 1005753241.00 ns, 122.7726 us/op
WorkloadWarmup   2: 8192 op, 985817939.00 ns, 120.3391 us/op
WorkloadWarmup   3: 8192 op, 973417809.00 ns, 118.8254 us/op

// BeforeActualRun
WorkloadActual   1: 8192 op, 976979597.00 ns, 119.2602 us/op
WorkloadActual   2: 8192 op, 967096541.00 ns, 118.0538 us/op
WorkloadActual   3: 8192 op, 968847081.00 ns, 118.2675 us/op

// AfterActualRun
WorkloadResult   1: 8192 op, 976955651.50 ns, 119.2573 us/op
WorkloadResult   2: 8192 op, 967072595.50 ns, 118.0509 us/op
WorkloadResult   3: 8192 op, 968823135.50 ns, 118.2645 us/op
// GC:  37 3 0 628164464 8192
// Threading:  0 0 8192

// AfterAll
// Benchmark Process 2821 has exited with code 0.

Mean = 118.524 μs, StdErr = 0.372 μs (0.31%), N = 3, StdDev = 0.644 μs
Min = 118.051 μs, Q1 = 118.158 μs, Median = 118.265 μs, Q3 = 118.761 μs, Max = 119.257 μs
IQR = 0.603 μs, LowerFence = 117.253 μs, UpperFence = 119.666 μs
ConfidenceInterval = [106.779 μs; 130.269 μs] (CI 99.9%), Margin = 11.745 μs (9.91% of Mean)
Skewness = 0.34, Kurtosis = 0.67, MValue = 2

// ** Remained 6 (33.3 %) benchmark(s) to run. Estimated finish 2026-10-05 18:35 (0h 1m from now) **
// **************************
// Benchmark: SanitizerBenchmarks.SanitizeForSql_SimpleInput: ShortRun(IterationCount=3, LaunchCount=1, WarmupCount=3)
// *** Execute ***
// Launch: 1 / 1
// Execute: dotnet Encina.Security.Sanitization.Benchmarks-Job-YFEFPZ-1.dll --anonymousPipes 143 144 --benchmarkName Encina.Security.Sanitization.Benchmarks.SanitizerBenchmarks.SanitizeForSql_SimpleInput --job ShortRun --benchmarkId 12 in /home/runner/work/Encina/Encina/tests/Encina.BenchmarkTests/Encina.Security.Sanitization.Benchmarks/bin/Release/net10.0/Encina.Security.Sanitization.Benchmarks-Job-YFEFPZ-1/bin/Release/net10.0
// Failed to set up high priority (Permission denied). In order to run benchmarks with high priority, make sure you have the right permissions.
// BeforeAnythingElse

// Benchmark Process Environment Information:
// BenchmarkDotNet v0.15.8
// Runtime=.NET 10.0.12 (10.0.12, 10.0.1226.42308), X64 RyuJIT x86-64-v4
// GC=Concurrent Workstation
// HardwareIntrinsics=AVX512 BITALG+VBMI2+VNNI+VPOPCNTDQ,AVX512 IFMA+VBMI,AVX512 F+BW+CD+DQ+VL,AVX2+BMI1+BMI2+F16C+FMA+LZCNT+MOVBE,AVX,SSE3+SSSE3+SSE4.1+SSE4.2+POPCNT,X86Base+SSE+SSE2,AES+PCLMUL VectorSize=256
// Job: ShortRun(IterationCount=3, LaunchCount=1, WarmupCount=3)

OverheadJitting  1: 1 op, 195987.00 ns, 195.9870 us/op
WorkloadJitting  1: 1 op, 1980837.00 ns, 1.9808 ms/op

OverheadJitting  2: 16 op, 354340.00 ns, 22.1463 us/op
WorkloadJitting  2: 16 op, 369051.00 ns, 23.0657 us/op

WorkloadPilot    1: 16 op, 7280.00 ns, 455.0000 ns/op
WorkloadPilot    2: 32 op, 50534.00 ns, 1.5792 us/op
WorkloadPilot    3: 64 op, 35683.00 ns, 557.5469 ns/op
WorkloadPilot    4: 128 op, 50594.00 ns, 395.2656 ns/op
WorkloadPilot    5: 256 op, 81600.00 ns, 318.7500 ns/op
WorkloadPilot    6: 512 op, 143721.00 ns, 280.7051 ns/op
WorkloadPilot    7: 1024 op, 271649.00 ns, 265.2822 ns/op
WorkloadPilot    8: 2048 op, 430612.00 ns, 210.2598 ns/op
WorkloadPilot    9: 4096 op, 925469.00 ns, 225.9446 ns/op
WorkloadPilot   10: 8192 op, 1845459.00 ns, 225.2758 ns/op
WorkloadPilot   11: 16384 op, 3755382.00 ns, 229.2103 ns/op
WorkloadPilot   12: 32768 op, 7500137.00 ns, 228.8860 ns/op
WorkloadPilot   13: 65536 op, 14961708.00 ns, 228.2975 ns/op
WorkloadPilot   14: 131072 op, 23591755.00 ns, 179.9908 ns/op
WorkloadPilot   15: 262144 op, 43138172.00 ns, 164.5591 ns/op
WorkloadPilot   16: 524288 op, 83054066.00 ns, 158.4131 ns/op
WorkloadPilot   17: 1048576 op, 161500760.00 ns, 154.0191 ns/op
WorkloadPilot   18: 2097152 op, 325501150.00 ns, 155.2110 ns/op
WorkloadPilot   19: 4194304 op, 656147398.00 ns, 156.4377 ns/op

OverheadWarmup   1: 4194304 op, 11049152.00 ns, 2.6343 ns/op
OverheadWarmup   2: 4194304 op, 11092435.00 ns, 2.6446 ns/op
OverheadWarmup   3: 4194304 op, 11024325.00 ns, 2.6284 ns/op
OverheadWarmup   4: 4194304 op, 11121818.00 ns, 2.6516 ns/op
OverheadWarmup   5: 4194304 op, 12158450.00 ns, 2.8988 ns/op
OverheadWarmup   6: 4194304 op, 11012798.00 ns, 2.6257 ns/op

OverheadActual   1: 4194304 op, 11042752.00 ns, 2.6328 ns/op
OverheadActual   2: 4194304 op, 11053939.00 ns, 2.6355 ns/op
OverheadActual   3: 4194304 op, 12182446.00 ns, 2.9045 ns/op
OverheadActual   4: 4194304 op, 12194122.00 ns, 2.9073 ns/op
OverheadActual   5: 4194304 op, 12180312.00 ns, 2.9040 ns/op
OverheadActual   6: 4194304 op, 13304392.00 ns, 3.1720 ns/op
OverheadActual   7: 4194304 op, 11028241.00 ns, 2.6293 ns/op
OverheadActual   8: 4194304 op, 11034911.00 ns, 2.6309 ns/op
OverheadActual   9: 4194304 op, 11009684.00 ns, 2.6249 ns/op
OverheadActual  10: 4194304 op, 11020580.00 ns, 2.6275 ns/op
OverheadActual  11: 4194304 op, 11012207.00 ns, 2.6255 ns/op
OverheadActual  12: 4194304 op, 12154744.00 ns, 2.8979 ns/op
OverheadActual  13: 4194304 op, 13313436.00 ns, 3.1742 ns/op
OverheadActual  14: 4194304 op, 13348137.00 ns, 3.1824 ns/op
OverheadActual  15: 4194304 op, 12155245.00 ns, 2.8980 ns/op
OverheadActual  16: 4194304 op, 12186481.00 ns, 2.9055 ns/op
OverheadActual  17: 4194304 op, 12148245.00 ns, 2.8964 ns/op
OverheadActual  18: 4194304 op, 13317431.00 ns, 3.1751 ns/op
OverheadActual  19: 4194304 op, 12155566.00 ns, 2.8981 ns/op
OverheadActual  20: 4194304 op, 12159591.00 ns, 2.8991 ns/op

WorkloadWarmup   1: 4194304 op, 665945701.00 ns, 158.7738 ns/op
WorkloadWarmup   2: 4194304 op, 660269506.00 ns, 157.4205 ns/op
WorkloadWarmup   3: 4194304 op, 658391768.00 ns, 156.9728 ns/op

// BeforeActualRun
WorkloadActual   1: 4194304 op, 656836575.00 ns, 156.6020 ns/op
WorkloadActual   2: 4194304 op, 658300644.00 ns, 156.9511 ns/op
WorkloadActual   3: 4194304 op, 658274757.00 ns, 156.9449 ns/op

// AfterActualRun
WorkloadResult   1: 4194304 op, 644681169.50 ns, 153.7040 ns/op
WorkloadResult   2: 4194304 op, 646145238.50 ns, 154.0530 ns/op
WorkloadResult   3: 4194304 op, 646119351.50 ns, 154.0469 ns/op
// GC:  48 0 0 805306368 4194304
// Threading:  0 0 4194304

// AfterAll
// Benchmark Process 2830 has exited with code 0.

Mean = 153.935 ns, StdErr = 0.115 ns (0.07%), N = 3, StdDev = 0.200 ns
Min = 153.704 ns, Q1 = 153.875 ns, Median = 154.047 ns, Q3 = 154.050 ns, Max = 154.053 ns
IQR = 0.175 ns, LowerFence = 153.614 ns, UpperFence = 154.312 ns
ConfidenceInterval = [150.290 ns; 157.579 ns] (CI 99.9%), Margin = 3.645 ns (2.37% of Mean)
Skewness = -0.38, Kurtosis = 0.67, MValue = 2

// ** Remained 5 (27.8 %) benchmark(s) to run. Estimated finish 2026-10-05 18:35 (0h 1m from now) **
// **************************
// Benchmark: SanitizerBenchmarks.SanitizeForSql_InjectionAttempt: ShortRun(IterationCount=3, LaunchCount=1, WarmupCount=3)
// *** Execute ***
// Launch: 1 / 1
// Execute: dotnet Encina.Security.Sanitization.Benchmarks-Job-YFEFPZ-1.dll --anonymousPipes 143 144 --benchmarkName Encina.Security.Sanitization.Benchmarks.SanitizerBenchmarks.SanitizeForSql_InjectionAttempt --job ShortRun --benchmarkId 13 in /home/runner/work/Encina/Encina/tests/Encina.BenchmarkTests/Encina.Security.Sanitization.Benchmarks/bin/Release/net10.0/Encina.Security.Sanitization.Benchmarks-Job-YFEFPZ-1/bin/Release/net10.0
// Failed to set up high priority (Permission denied). In order to run benchmarks with high priority, make sure you have the right permissions.
// BeforeAnythingElse

// Benchmark Process Environment Information:
// BenchmarkDotNet v0.15.8
// Runtime=.NET 10.0.12 (10.0.12, 10.0.1226.42308), X64 RyuJIT x86-64-v4
// GC=Concurrent Workstation
// HardwareIntrinsics=AVX512 BITALG+VBMI2+VNNI+VPOPCNTDQ,AVX512 IFMA+VBMI,AVX512 F+BW+CD+DQ+VL,AVX2+BMI1+BMI2+F16C+FMA+LZCNT+MOVBE,AVX,SSE3+SSSE3+SSE4.1+SSE4.2+POPCNT,X86Base+SSE+SSE2,AES+PCLMUL VectorSize=256
// Job: ShortRun(IterationCount=3, LaunchCount=1, WarmupCount=3)

OverheadJitting  1: 1 op, 181567.00 ns, 181.5670 us/op
WorkloadJitting  1: 1 op, 2017643.00 ns, 2.0176 ms/op

OverheadJitting  2: 16 op, 351246.00 ns, 21.9529 us/op
WorkloadJitting  2: 16 op, 363714.00 ns, 22.7321 us/op

WorkloadPilot    1: 16 op, 7151.00 ns, 446.9375 ns/op
WorkloadPilot    2: 32 op, 23916.00 ns, 747.3750 ns/op
WorkloadPilot    3: 64 op, 33519.00 ns, 523.7344 ns/op
WorkloadPilot    4: 128 op, 72256.00 ns, 564.5000 ns/op
WorkloadPilot    5: 256 op, 105625.00 ns, 412.5977 ns/op
WorkloadPilot    6: 512 op, 210900.00 ns, 411.9141 ns/op
WorkloadPilot    7: 1024 op, 379998.00 ns, 371.0918 ns/op
WorkloadPilot    8: 2048 op, 634452.00 ns, 309.7910 ns/op
WorkloadPilot    9: 4096 op, 1367538.00 ns, 333.8716 ns/op
WorkloadPilot   10: 8192 op, 2727736.00 ns, 332.9756 ns/op
WorkloadPilot   11: 16384 op, 5448641.00 ns, 332.5587 ns/op
WorkloadPilot   12: 32768 op, 10924282.00 ns, 333.3826 ns/op
WorkloadPilot   13: 65536 op, 22011413.00 ns, 335.8675 ns/op
WorkloadPilot   14: 131072 op, 32971368.00 ns, 251.5516 ns/op
WorkloadPilot   15: 262144 op, 62635979.00 ns, 238.9373 ns/op
WorkloadPilot   16: 524288 op, 123088912.00 ns, 234.7735 ns/op
WorkloadPilot   17: 1048576 op, 248023595.00 ns, 236.5337 ns/op
WorkloadPilot   18: 2097152 op, 495720240.00 ns, 236.3778 ns/op
WorkloadPilot   19: 4194304 op, 981646538.00 ns, 234.0428 ns/op

OverheadWarmup   1: 4194304 op, 11018870.00 ns, 2.6271 ns/op
OverheadWarmup   2: 4194304 op, 11030598.00 ns, 2.6299 ns/op
OverheadWarmup   3: 4194304 op, 11021665.00 ns, 2.6278 ns/op
OverheadWarmup   4: 4194304 op, 11015016.00 ns, 2.6262 ns/op
OverheadWarmup   5: 4194304 op, 11017148.00 ns, 2.6267 ns/op
OverheadWarmup   6: 4194304 op, 11002267.00 ns, 2.6231 ns/op

OverheadActual   1: 4194304 op, 11030538.00 ns, 2.6299 ns/op
OverheadActual   2: 4194304 op, 11031240.00 ns, 2.6301 ns/op
OverheadActual   3: 4194304 op, 11021285.00 ns, 2.6277 ns/op
OverheadActual   4: 4194304 op, 11042656.00 ns, 2.6328 ns/op
OverheadActual   5: 4194304 op, 11013844.00 ns, 2.6259 ns/op
OverheadActual   6: 4194304 op, 11004359.00 ns, 2.6236 ns/op
OverheadActual   7: 4194304 op, 11005951.00 ns, 2.6240 ns/op
OverheadActual   8: 4194304 op, 11005451.00 ns, 2.6239 ns/op
OverheadActual   9: 4194304 op, 11014875.00 ns, 2.6262 ns/op
OverheadActual  10: 4194304 op, 11016317.00 ns, 2.6265 ns/op
OverheadActual  11: 4194304 op, 11009937.00 ns, 2.6250 ns/op
OverheadActual  12: 4194304 op, 11007464.00 ns, 2.6244 ns/op
OverheadActual  13: 4194304 op, 11019172.00 ns, 2.6272 ns/op
OverheadActual  14: 4194304 op, 11029847.00 ns, 2.6297 ns/op
OverheadActual  15: 4194304 op, 12174468.00 ns, 2.9026 ns/op

WorkloadWarmup   1: 4194304 op, 988950354.00 ns, 235.7841 ns/op
WorkloadWarmup   2: 4194304 op, 998724182.00 ns, 238.1144 ns/op
WorkloadWarmup   3: 4194304 op, 989061988.00 ns, 235.8108 ns/op

// BeforeActualRun
WorkloadActual   1: 4194304 op, 989602943.00 ns, 235.9397 ns/op
WorkloadActual   2: 4194304 op, 990175214.00 ns, 236.0762 ns/op
WorkloadActual   3: 4194304 op, 989955040.00 ns, 236.0237 ns/op

// AfterActualRun
WorkloadResult   1: 4194304 op, 978586626.00 ns, 233.3132 ns/op
WorkloadResult   2: 4194304 op, 979158897.00 ns, 233.4497 ns/op
WorkloadResult   3: 4194304 op, 978938723.00 ns, 233.3972 ns/op
// GC:  62 0 0 1040187392 4194304
// Threading:  0 0 4194304

// AfterAll
// Benchmark Process 2837 has exited with code 0.

Mean = 233.387 ns, StdErr = 0.040 ns (0.02%), N = 3, StdDev = 0.069 ns
Min = 233.313 ns, Q1 = 233.355 ns, Median = 233.397 ns, Q3 = 233.423 ns, Max = 233.450 ns
IQR = 0.068 ns, LowerFence = 233.253 ns, UpperFence = 233.526 ns
ConfidenceInterval = [232.131 ns; 234.642 ns] (CI 99.9%), Margin = 1.256 ns (0.54% of Mean)
Skewness = -0.15, Kurtosis = 0.67, MValue = 2

// ** Remained 4 (22.2 %) benchmark(s) to run. Estimated finish 2026-10-05 18:35 (0h 0m from now) **
// **************************
// Benchmark: SanitizerBenchmarks.SanitizeForShell_SimpleInput: ShortRun(IterationCount=3, LaunchCount=1, WarmupCount=3)
// *** Execute ***
// Launch: 1 / 1
// Execute: dotnet Encina.Security.Sanitization.Benchmarks-Job-YFEFPZ-1.dll --anonymousPipes 143 144 --benchmarkName Encina.Security.Sanitization.Benchmarks.SanitizerBenchmarks.SanitizeForShell_SimpleInput --job ShortRun --benchmarkId 14 in /home/runner/work/Encina/Encina/tests/Encina.BenchmarkTests/Encina.Security.Sanitization.Benchmarks/bin/Release/net10.0/Encina.Security.Sanitization.Benchmarks-Job-YFEFPZ-1/bin/Release/net10.0
// Failed to set up high priority (Permission denied). In order to run benchmarks with high priority, make sure you have the right permissions.
// BeforeAnythingElse

// Benchmark Process Environment Information:
// BenchmarkDotNet v0.15.8
// Runtime=.NET 10.0.12 (10.0.12, 10.0.1226.42308), X64 RyuJIT x86-64-v4
// GC=Concurrent Workstation
// HardwareIntrinsics=AVX512 BITALG+VBMI2+VNNI+VPOPCNTDQ,AVX512 IFMA+VBMI,AVX512 F+BW+CD+DQ+VL,AVX2+BMI1+BMI2+F16C+FMA+LZCNT+MOVBE,AVX,SSE3+SSSE3+SSE4.1+SSE4.2+POPCNT,X86Base+SSE+SSE2,AES+PCLMUL VectorSize=256
// Job: ShortRun(IterationCount=3, LaunchCount=1, WarmupCount=3)

OverheadJitting  1: 1 op, 206132.00 ns, 206.1320 us/op
WorkloadJitting  1: 1 op, 546432.00 ns, 546.4320 us/op

OverheadJitting  2: 16 op, 370223.00 ns, 23.1389 us/op
WorkloadJitting  2: 16 op, 366357.00 ns, 22.8973 us/op

WorkloadPilot    1: 16 op, 3545.00 ns, 221.5625 ns/op
WorkloadPilot    2: 32 op, 3455.00 ns, 107.9688 ns/op
WorkloadPilot    3: 64 op, 3175.00 ns, 49.6094 ns/op
WorkloadPilot    4: 128 op, 18016.00 ns, 140.7500 ns/op
WorkloadPilot    5: 256 op, 24546.00 ns, 95.8828 ns/op
WorkloadPilot    6: 512 op, 25608.00 ns, 50.0156 ns/op
WorkloadPilot    7: 1024 op, 58135.00 ns, 56.7725 ns/op
WorkloadPilot    8: 2048 op, 106006.00 ns, 51.7607 ns/op
WorkloadPilot    9: 4096 op, 201005.00 ns, 49.0735 ns/op
WorkloadPilot   10: 8192 op, 300501.00 ns, 36.6823 ns/op
WorkloadPilot   11: 16384 op, 711024.00 ns, 43.3975 ns/op
WorkloadPilot   12: 32768 op, 1415778.00 ns, 43.2061 ns/op
WorkloadPilot   13: 65536 op, 2885026.00 ns, 44.0220 ns/op
WorkloadPilot   14: 131072 op, 5604518.00 ns, 42.7591 ns/op
WorkloadPilot   15: 262144 op, 11021350.00 ns, 42.0431 ns/op
WorkloadPilot   16: 524288 op, 15365339.00 ns, 29.3071 ns/op
WorkloadPilot   17: 1048576 op, 24584164.00 ns, 23.4453 ns/op
WorkloadPilot   18: 2097152 op, 51114484.00 ns, 24.3733 ns/op
WorkloadPilot   19: 4194304 op, 98230276.00 ns, 23.4199 ns/op
WorkloadPilot   20: 8388608 op, 195661960.00 ns, 23.3247 ns/op
WorkloadPilot   21: 16777216 op, 393040341.00 ns, 23.4270 ns/op
WorkloadPilot   22: 33554432 op, 793133407.00 ns, 23.6372 ns/op

OverheadWarmup   1: 33554432 op, 97206684.00 ns, 2.8970 ns/op
OverheadWarmup   2: 33554432 op, 97260242.00 ns, 2.8986 ns/op
OverheadWarmup   3: 33554432 op, 106359011.00 ns, 3.1697 ns/op
OverheadWarmup   4: 33554432 op, 97192039.00 ns, 2.8965 ns/op
OverheadWarmup   5: 33554432 op, 88279269.00 ns, 2.6309 ns/op
OverheadWarmup   6: 33554432 op, 97180762.00 ns, 2.8962 ns/op
OverheadWarmup   7: 33554432 op, 88051404.00 ns, 2.6241 ns/op

OverheadActual   1: 33554432 op, 88044294.00 ns, 2.6239 ns/op
OverheadActual   2: 33554432 op, 88115990.00 ns, 2.6261 ns/op
OverheadActual   3: 33554432 op, 97277394.00 ns, 2.8991 ns/op
OverheadActual   4: 33554432 op, 88115208.00 ns, 2.6260 ns/op
OverheadActual   5: 33554432 op, 88092435.00 ns, 2.6254 ns/op
OverheadActual   6: 33554432 op, 97191357.00 ns, 2.8965 ns/op
OverheadActual   7: 33554432 op, 97181363.00 ns, 2.8962 ns/op
OverheadActual   8: 33554432 op, 97338764.00 ns, 2.9009 ns/op
OverheadActual   9: 33554432 op, 97174503.00 ns, 2.8960 ns/op
OverheadActual  10: 33554432 op, 97291355.00 ns, 2.8995 ns/op
OverheadActual  11: 33554432 op, 88084273.00 ns, 2.6251 ns/op
OverheadActual  12: 33554432 op, 97238197.00 ns, 2.8979 ns/op
OverheadActual  13: 33554432 op, 97200471.00 ns, 2.8968 ns/op
OverheadActual  14: 33554432 op, 97240460.00 ns, 2.8980 ns/op
OverheadActual  15: 33554432 op, 88083702.00 ns, 2.6251 ns/op
OverheadActual  16: 33554432 op, 97211988.00 ns, 2.8971 ns/op

WorkloadWarmup   1: 33554432 op, 791474860.00 ns, 23.5878 ns/op
WorkloadWarmup   2: 33554432 op, 800361151.00 ns, 23.8526 ns/op
WorkloadWarmup   3: 33554432 op, 775486589.00 ns, 23.1113 ns/op

// BeforeActualRun
WorkloadActual   1: 33554432 op, 792747169.00 ns, 23.6257 ns/op
WorkloadActual   2: 33554432 op, 791482210.00 ns, 23.5880 ns/op
WorkloadActual   3: 33554432 op, 783394498.00 ns, 23.3470 ns/op

// AfterActualRun
WorkloadResult   1: 33554432 op, 695560809.00 ns, 20.7293 ns/op
WorkloadResult   2: 33554432 op, 694295850.00 ns, 20.6916 ns/op
WorkloadResult   3: 33554432 op, 686208138.00 ns, 20.4506 ns/op
// GC:  96 0 0 1610612736 33554432
// Threading:  0 0 33554432

// AfterAll
// Benchmark Process 2844 has exited with code 0.

Mean = 20.624 ns, StdErr = 0.087 ns (0.42%), N = 3, StdDev = 0.151 ns
Min = 20.451 ns, Q1 = 20.571 ns, Median = 20.692 ns, Q3 = 20.710 ns, Max = 20.729 ns
IQR = 0.139 ns, LowerFence = 20.362 ns, UpperFence = 20.920 ns
ConfidenceInterval = [17.865 ns; 23.383 ns] (CI 99.9%), Margin = 2.759 ns (13.38% of Mean)
Skewness = -0.36, Kurtosis = 0.67, MValue = 2

// ** Remained 3 (16.7 %) benchmark(s) to run. Estimated finish 2026-10-05 18:35 (0h 0m from now) **
// **************************
// Benchmark: SanitizerBenchmarks.SanitizeForShell_InjectionAttempt: ShortRun(IterationCount=3, LaunchCount=1, WarmupCount=3)
// *** Execute ***
// Launch: 1 / 1
// Execute: dotnet Encina.Security.Sanitization.Benchmarks-Job-YFEFPZ-1.dll --anonymousPipes 143 144 --benchmarkName Encina.Security.Sanitization.Benchmarks.SanitizerBenchmarks.SanitizeForShell_InjectionAttempt --job ShortRun --benchmarkId 15 in /home/runner/work/Encina/Encina/tests/Encina.BenchmarkTests/Encina.Security.Sanitization.Benchmarks/bin/Release/net10.0/Encina.Security.Sanitization.Benchmarks-Job-YFEFPZ-1/bin/Release/net10.0
// Failed to set up high priority (Permission denied). In order to run benchmarks with high priority, make sure you have the right permissions.
// BeforeAnythingElse

// Benchmark Process Environment Information:
// BenchmarkDotNet v0.15.8
// Runtime=.NET 10.0.12 (10.0.12, 10.0.1226.42308), X64 RyuJIT x86-64-v4
// GC=Concurrent Workstation
// HardwareIntrinsics=AVX512 BITALG+VBMI2+VNNI+VPOPCNTDQ,AVX512 IFMA+VBMI,AVX512 F+BW+CD+DQ+VL,AVX2+BMI1+BMI2+F16C+FMA+LZCNT+MOVBE,AVX,SSE3+SSSE3+SSE4.1+SSE4.2+POPCNT,X86Base+SSE+SSE2,AES+PCLMUL VectorSize=256
// Job: ShortRun(IterationCount=3, LaunchCount=1, WarmupCount=3)

OverheadJitting  1: 1 op, 189959.00 ns, 189.9590 us/op
WorkloadJitting  1: 1 op, 546132.00 ns, 546.1320 us/op

OverheadJitting  2: 16 op, 346819.00 ns, 21.6762 us/op
WorkloadJitting  2: 16 op, 356213.00 ns, 22.2633 us/op

WorkloadPilot    1: 16 op, 2794.00 ns, 174.6250 ns/op
WorkloadPilot    2: 32 op, 2825.00 ns, 88.2813 ns/op
WorkloadPilot    3: 64 op, 3405.00 ns, 53.2031 ns/op
WorkloadPilot    4: 128 op, 18618.00 ns, 145.4531 ns/op
WorkloadPilot    5: 256 op, 25227.00 ns, 98.5430 ns/op
WorkloadPilot    6: 512 op, 32478.00 ns, 63.4336 ns/op
WorkloadPilot    7: 1024 op, 56743.00 ns, 55.4131 ns/op
WorkloadPilot    8: 2048 op, 108129.00 ns, 52.7974 ns/op
WorkloadPilot    9: 4096 op, 204430.00 ns, 49.9097 ns/op
WorkloadPilot   10: 8192 op, 290857.00 ns, 35.5050 ns/op
WorkloadPilot   11: 16384 op, 718094.00 ns, 43.8290 ns/op
WorkloadPilot   12: 32768 op, 1442738.00 ns, 44.0289 ns/op
WorkloadPilot   13: 65536 op, 2722647.00 ns, 41.5443 ns/op
WorkloadPilot   14: 131072 op, 5731264.00 ns, 43.7261 ns/op
WorkloadPilot   15: 262144 op, 10725046.00 ns, 40.9128 ns/op
WorkloadPilot   16: 524288 op, 15221337.00 ns, 29.0324 ns/op
WorkloadPilot   17: 1048576 op, 24253919.00 ns, 23.1303 ns/op
WorkloadPilot   18: 2097152 op, 52161792.00 ns, 24.8727 ns/op
WorkloadPilot   19: 4194304 op, 104922703.00 ns, 25.0155 ns/op
WorkloadPilot   20: 8388608 op, 206137943.00 ns, 24.5736 ns/op
WorkloadPilot   21: 16777216 op, 390945962.00 ns, 23.3022 ns/op
WorkloadPilot   22: 33554432 op, 798917840.00 ns, 23.8096 ns/op

OverheadWarmup   1: 33554432 op, 88067085.00 ns, 2.6246 ns/op
OverheadWarmup   2: 33554432 op, 97255294.00 ns, 2.8984 ns/op
OverheadWarmup   3: 33554432 op, 88104971.00 ns, 2.6257 ns/op
OverheadWarmup   4: 33554432 op, 97325738.00 ns, 2.9005 ns/op
OverheadWarmup   5: 33554432 op, 88086053.00 ns, 2.6252 ns/op

OverheadActual   1: 33554432 op, 88122427.00 ns, 2.6263 ns/op
OverheadActual   2: 33554432 op, 88044963.00 ns, 2.6239 ns/op
OverheadActual   3: 33554432 op, 88110499.00 ns, 2.6259 ns/op
OverheadActual   4: 33554432 op, 88114255.00 ns, 2.6260 ns/op
OverheadActual   5: 33554432 op, 88325245.00 ns, 2.6323 ns/op
OverheadActual   6: 33554432 op, 106368733.00 ns, 3.1700 ns/op
OverheadActual   7: 33554432 op, 97196027.00 ns, 2.8967 ns/op
OverheadActual   8: 33554432 op, 97260452.00 ns, 2.8986 ns/op
OverheadActual   9: 33554432 op, 97239080.00 ns, 2.8980 ns/op
OverheadActual  10: 33554432 op, 97308372.00 ns, 2.9000 ns/op
OverheadActual  11: 33554432 op, 98871016.00 ns, 2.9466 ns/op
OverheadActual  12: 33554432 op, 97225941.00 ns, 2.8976 ns/op
OverheadActual  13: 33554432 op, 97567332.00 ns, 2.9077 ns/op
OverheadActual  14: 33554432 op, 97203598.00 ns, 2.8969 ns/op
OverheadActual  15: 33554432 op, 97382922.00 ns, 2.9022 ns/op
OverheadActual  16: 33554432 op, 97207304.00 ns, 2.8970 ns/op
OverheadActual  17: 33554432 op, 97267142.00 ns, 2.8988 ns/op
OverheadActual  18: 33554432 op, 88106803.00 ns, 2.6258 ns/op
OverheadActual  19: 33554432 op, 88343171.00 ns, 2.6328 ns/op
OverheadActual  20: 33554432 op, 97343304.00 ns, 2.9011 ns/op

WorkloadWarmup   1: 33554432 op, 804048141.00 ns, 23.9625 ns/op
WorkloadWarmup   2: 33554432 op, 809326259.00 ns, 24.1198 ns/op
WorkloadWarmup   3: 33554432 op, 795098532.00 ns, 23.6958 ns/op

// BeforeActualRun
WorkloadActual   1: 33554432 op, 807892684.00 ns, 24.0771 ns/op
WorkloadActual   2: 33554432 op, 821033115.00 ns, 24.4687 ns/op
WorkloadActual   3: 33554432 op, 802705363.00 ns, 23.9225 ns/op

// AfterActualRun
WorkloadResult   1: 33554432 op, 710676061.50 ns, 21.1798 ns/op
WorkloadResult   2: 33554432 op, 723816492.50 ns, 21.5714 ns/op
WorkloadResult   3: 33554432 op, 705488740.50 ns, 21.0252 ns/op
// GC:  96 0 0 1610612736 33554432
// Threading:  0 0 33554432

// AfterAll
// Benchmark Process 2852 has exited with code 0.

Mean = 21.259 ns, StdErr = 0.163 ns (0.76%), N = 3, StdDev = 0.282 ns
Min = 21.025 ns, Q1 = 21.102 ns, Median = 21.180 ns, Q3 = 21.376 ns, Max = 21.571 ns
IQR = 0.273 ns, LowerFence = 20.693 ns, UpperFence = 21.785 ns
ConfidenceInterval = [16.122 ns; 26.395 ns] (CI 99.9%), Margin = 5.136 ns (24.16% of Mean)
Skewness = 0.26, Kurtosis = 0.67, MValue = 2

// ** Remained 2 (11.1 %) benchmark(s) to run. Estimated finish 2026-10-05 18:35 (0h 0m from now) **
// **************************
// Benchmark: SanitizerBenchmarks.SanitizeForJson_SimpleInput: ShortRun(IterationCount=3, LaunchCount=1, WarmupCount=3)
// *** Execute ***
// Launch: 1 / 1
// Execute: dotnet Encina.Security.Sanitization.Benchmarks-Job-YFEFPZ-1.dll --anonymousPipes 143 144 --benchmarkName Encina.Security.Sanitization.Benchmarks.SanitizerBenchmarks.SanitizeForJson_SimpleInput --job ShortRun --benchmarkId 16 in /home/runner/work/Encina/Encina/tests/Encina.BenchmarkTests/Encina.Security.Sanitization.Benchmarks/bin/Release/net10.0/Encina.Security.Sanitization.Benchmarks-Job-YFEFPZ-1/bin/Release/net10.0
// Failed to set up high priority (Permission denied). In order to run benchmarks with high priority, make sure you have the right permissions.
// BeforeAnythingElse

// Benchmark Process Environment Information:
// BenchmarkDotNet v0.15.8
// Runtime=.NET 10.0.12 (10.0.12, 10.0.1226.42308), X64 RyuJIT x86-64-v4
// GC=Concurrent Workstation
// HardwareIntrinsics=AVX512 BITALG+VBMI2+VNNI+VPOPCNTDQ,AVX512 IFMA+VBMI,AVX512 F+BW+CD+DQ+VL,AVX2+BMI1+BMI2+F16C+FMA+LZCNT+MOVBE,AVX,SSE3+SSSE3+SSE4.1+SSE4.2+POPCNT,X86Base+SSE+SSE2,AES+PCLMUL VectorSize=256
// Job: ShortRun(IterationCount=3, LaunchCount=1, WarmupCount=3)

OverheadJitting  1: 1 op, 174426.00 ns, 174.4260 us/op
WorkloadJitting  1: 1 op, 17821685.00 ns, 17.8217 ms/op

OverheadJitting  2: 16 op, 373739.00 ns, 23.3587 us/op
WorkloadJitting  2: 16 op, 475408.00 ns, 29.7130 us/op

WorkloadPilot    1: 16 op, 21843.00 ns, 1.3652 us/op
WorkloadPilot    2: 32 op, 40540.00 ns, 1.2669 us/op
WorkloadPilot    3: 64 op, 60238.00 ns, 941.2188 ns/op
WorkloadPilot    4: 128 op, 72386.00 ns, 565.5156 ns/op
WorkloadPilot    5: 256 op, 126496.00 ns, 494.1250 ns/op
WorkloadPilot    6: 512 op, 251008.00 ns, 490.2500 ns/op
WorkloadPilot    7: 1024 op, 474617.00 ns, 463.4932 ns/op
WorkloadPilot    8: 2048 op, 787626.00 ns, 384.5830 ns/op
WorkloadPilot    9: 4096 op, 1719694.00 ns, 419.8472 ns/op
WorkloadPilot   10: 8192 op, 3287637.00 ns, 401.3229 ns/op
WorkloadPilot   11: 16384 op, 6695500.00 ns, 408.6609 ns/op
WorkloadPilot   12: 32768 op, 13246217.00 ns, 404.2425 ns/op
WorkloadPilot   13: 65536 op, 26355012.00 ns, 402.1456 ns/op
WorkloadPilot   14: 131072 op, 44367017.00 ns, 338.4935 ns/op
WorkloadPilot   15: 262144 op, 85155730.00 ns, 324.8433 ns/op
WorkloadPilot   16: 524288 op, 165266033.00 ns, 315.2199 ns/op
WorkloadPilot   17: 1048576 op, 335202234.00 ns, 319.6738 ns/op
WorkloadPilot   18: 2097152 op, 666965028.00 ns, 318.0337 ns/op

OverheadWarmup   1: 2097152 op, 6665295.00 ns, 3.1783 ns/op
OverheadWarmup   2: 2097152 op, 6667489.00 ns, 3.1793 ns/op
OverheadWarmup   3: 2097152 op, 5510050.00 ns, 2.6274 ns/op
OverheadWarmup   4: 2097152 op, 5512993.00 ns, 2.6288 ns/op
OverheadWarmup   5: 2097152 op, 5518743.00 ns, 2.6315 ns/op
OverheadWarmup   6: 2097152 op, 5511722.00 ns, 2.6282 ns/op

OverheadActual   1: 2097152 op, 5506965.00 ns, 2.6259 ns/op
OverheadActual   2: 2097152 op, 5514866.00 ns, 2.6297 ns/op
OverheadActual   3: 2097152 op, 6079205.00 ns, 2.8988 ns/op
OverheadActual   4: 2097152 op, 5548356.00 ns, 2.6457 ns/op
OverheadActual   5: 2097152 op, 5508898.00 ns, 2.6268 ns/op
OverheadActual   6: 2097152 op, 5505643.00 ns, 2.6253 ns/op
OverheadActual   7: 2097152 op, 5506705.00 ns, 2.6258 ns/op
OverheadActual   8: 2097152 op, 5507076.00 ns, 2.6260 ns/op
OverheadActual   9: 2097152 op, 5516579.00 ns, 2.6305 ns/op
OverheadActual  10: 2097152 op, 5523489.00 ns, 2.6338 ns/op
OverheadActual  11: 2097152 op, 5514587.00 ns, 2.6296 ns/op
OverheadActual  12: 2097152 op, 5510500.00 ns, 2.6276 ns/op
OverheadActual  13: 2097152 op, 5512243.00 ns, 2.6284 ns/op
OverheadActual  14: 2097152 op, 5511141.00 ns, 2.6279 ns/op
OverheadActual  15: 2097152 op, 5517651.00 ns, 2.6310 ns/op

WorkloadWarmup   1: 2097152 op, 681020594.00 ns, 324.7359 ns/op
WorkloadWarmup   2: 2097152 op, 675758058.00 ns, 322.2266 ns/op
WorkloadWarmup   3: 2097152 op, 669817892.00 ns, 319.3941 ns/op

// BeforeActualRun
WorkloadActual   1: 2097152 op, 671440965.00 ns, 320.1680 ns/op
WorkloadActual   2: 2097152 op, 671811544.00 ns, 320.3447 ns/op
WorkloadActual   3: 2097152 op, 670517234.00 ns, 319.7275 ns/op

// AfterActualRun
WorkloadResult   1: 2097152 op, 665928722.00 ns, 317.5396 ns/op
WorkloadResult   2: 2097152 op, 666299301.00 ns, 317.7163 ns/op
WorkloadResult   3: 2097152 op, 665004991.00 ns, 317.0991 ns/op
// GC:  26 0 0 436207616 2097152
// Threading:  0 0 2097152

// AfterAll
// Benchmark Process 2861 has exited with code 0.

Mean = 317.452 ns, StdErr = 0.184 ns (0.06%), N = 3, StdDev = 0.318 ns
Min = 317.099 ns, Q1 = 317.319 ns, Median = 317.540 ns, Q3 = 317.628 ns, Max = 317.716 ns
IQR = 0.309 ns, LowerFence = 316.856 ns, UpperFence = 318.091 ns
ConfidenceInterval = [311.653 ns; 323.250 ns] (CI 99.9%), Margin = 5.799 ns (1.83% of Mean)
Skewness = -0.26, Kurtosis = 0.67, MValue = 2

// ** Remained 1 (5.6 %) benchmark(s) to run. Estimated finish 2026-10-05 18:34 (0h 0m from now) **
// **************************
// Benchmark: SanitizerBenchmarks.SanitizeForXml_SimpleInput: ShortRun(IterationCount=3, LaunchCount=1, WarmupCount=3)
// *** Execute ***
// Launch: 1 / 1
// Execute: dotnet Encina.Security.Sanitization.Benchmarks-Job-YFEFPZ-1.dll --anonymousPipes 143 144 --benchmarkName Encina.Security.Sanitization.Benchmarks.SanitizerBenchmarks.SanitizeForXml_SimpleInput --job ShortRun --benchmarkId 17 in /home/runner/work/Encina/Encina/tests/Encina.BenchmarkTests/Encina.Security.Sanitization.Benchmarks/bin/Release/net10.0/Encina.Security.Sanitization.Benchmarks-Job-YFEFPZ-1/bin/Release/net10.0
// Failed to set up high priority (Permission denied). In order to run benchmarks with high priority, make sure you have the right permissions.
// BeforeAnythingElse

// Benchmark Process Environment Information:
// BenchmarkDotNet v0.15.8
// Runtime=.NET 10.0.12 (10.0.12, 10.0.1226.42308), X64 RyuJIT x86-64-v4
// GC=Concurrent Workstation
// HardwareIntrinsics=AVX512 BITALG+VBMI2+VNNI+VPOPCNTDQ,AVX512 IFMA+VBMI,AVX512 F+BW+CD+DQ+VL,AVX2+BMI1+BMI2+F16C+FMA+LZCNT+MOVBE,AVX,SSE3+SSSE3+SSE4.1+SSE4.2+POPCNT,X86Base+SSE+SSE2,AES+PCLMUL VectorSize=256
// Job: ShortRun(IterationCount=3, LaunchCount=1, WarmupCount=3)

OverheadJitting  1: 1 op, 202878.00 ns, 202.8780 us/op
WorkloadJitting  1: 1 op, 852651.00 ns, 852.6510 us/op

OverheadJitting  2: 16 op, 349523.00 ns, 21.8452 us/op
WorkloadJitting  2: 16 op, 364665.00 ns, 22.7916 us/op

WorkloadPilot    1: 16 op, 21151.00 ns, 1.3219 us/op
WorkloadPilot    2: 32 op, 30225.00 ns, 944.5313 ns/op
WorkloadPilot    3: 64 op, 47379.00 ns, 740.2969 ns/op
WorkloadPilot    4: 128 op, 77925.00 ns, 608.7891 ns/op
WorkloadPilot    5: 256 op, 154858.00 ns, 604.9141 ns/op
WorkloadPilot    6: 512 op, 207775.00 ns, 405.8105 ns/op
WorkloadPilot    7: 1024 op, 448799.00 ns, 438.2803 ns/op
WorkloadPilot    8: 2048 op, 936485.00 ns, 457.2681 ns/op
WorkloadPilot    9: 4096 op, 1889804.00 ns, 461.3779 ns/op
WorkloadPilot   10: 8192 op, 3748163.00 ns, 457.5394 ns/op
WorkloadPilot   11: 16384 op, 7472180.00 ns, 456.0657 ns/op
WorkloadPilot   12: 32768 op, 11450261.00 ns, 349.4342 ns/op
WorkloadPilot   13: 65536 op, 15089494.00 ns, 230.2474 ns/op
WorkloadPilot   14: 131072 op, 26555658.00 ns, 202.6036 ns/op
WorkloadPilot   15: 262144 op, 53498784.00 ns, 204.0817 ns/op
WorkloadPilot   16: 524288 op, 105890152.00 ns, 201.9694 ns/op
WorkloadPilot   17: 1048576 op, 215274625.00 ns, 205.3019 ns/op
WorkloadPilot   18: 2097152 op, 431259183.00 ns, 205.6404 ns/op
WorkloadPilot   19: 4194304 op, 873496884.00 ns, 208.2579 ns/op

OverheadWarmup   1: 4194304 op, 12170759.00 ns, 2.9017 ns/op
OverheadWarmup   2: 4194304 op, 12159922.00 ns, 2.8992 ns/op
OverheadWarmup   3: 4194304 op, 12151150.00 ns, 2.8971 ns/op
OverheadWarmup   4: 4194304 op, 12157809.00 ns, 2.8986 ns/op
OverheadWarmup   5: 4194304 op, 13305344.00 ns, 3.1722 ns/op
OverheadWarmup   6: 4194304 op, 12186341.00 ns, 2.9055 ns/op
OverheadWarmup   7: 4194304 op, 11009644.00 ns, 2.6249 ns/op
OverheadWarmup   8: 4194304 op, 11005247.00 ns, 2.6239 ns/op
OverheadWarmup   9: 4194304 op, 11018427.00 ns, 2.6270 ns/op
OverheadWarmup  10: 4194304 op, 12182005.00 ns, 2.9044 ns/op

OverheadActual   1: 4194304 op, 12149537.00 ns, 2.8967 ns/op
OverheadActual   2: 4194304 op, 12196556.00 ns, 2.9079 ns/op
OverheadActual   3: 4194304 op, 12174424.00 ns, 2.9026 ns/op
OverheadActual   4: 4194304 op, 12243565.00 ns, 2.9191 ns/op
OverheadActual   5: 4194304 op, 12166202.00 ns, 2.9006 ns/op
OverheadActual   6: 4194304 op, 13305214.00 ns, 3.1722 ns/op
OverheadActual   7: 4194304 op, 13317922.00 ns, 3.1752 ns/op
OverheadActual   8: 4194304 op, 13303291.00 ns, 3.1718 ns/op
OverheadActual   9: 4194304 op, 13327557.00 ns, 3.1775 ns/op
OverheadActual  10: 4194304 op, 13334557.00 ns, 3.1792 ns/op
OverheadActual  11: 4194304 op, 12152432.00 ns, 2.8974 ns/op
OverheadActual  12: 4194304 op, 12144069.00 ns, 2.8954 ns/op
OverheadActual  13: 4194304 op, 12143849.00 ns, 2.8953 ns/op
OverheadActual  14: 4194304 op, 11016995.00 ns, 2.6267 ns/op
OverheadActual  15: 4194304 op, 11007260.00 ns, 2.6243 ns/op
OverheadActual  16: 4194304 op, 11010866.00 ns, 2.6252 ns/op
OverheadActual  17: 4194304 op, 11037054.00 ns, 2.6314 ns/op
OverheadActual  18: 4194304 op, 11004667.00 ns, 2.6237 ns/op
OverheadActual  19: 4194304 op, 11023394.00 ns, 2.6282 ns/op
OverheadActual  20: 4194304 op, 11025908.00 ns, 2.6288 ns/op

WorkloadWarmup   1: 4194304 op, 888979114.00 ns, 211.9491 ns/op
WorkloadWarmup   2: 4194304 op, 869989514.00 ns, 207.4217 ns/op
WorkloadWarmup   3: 4194304 op, 857829792.00 ns, 204.5226 ns/op

// BeforeActualRun
WorkloadActual   1: 4194304 op, 872820261.00 ns, 208.0966 ns/op
WorkloadActual   2: 4194304 op, 873054384.00 ns, 208.1524 ns/op
WorkloadActual   3: 4194304 op, 917973612.00 ns, 218.8620 ns/op

// AfterActualRun
WorkloadResult   1: 4194304 op, 860669276.50 ns, 205.1995 ns/op
WorkloadResult   2: 4194304 op, 860903399.50 ns, 205.2554 ns/op
WorkloadResult   3: 4194304 op, 905822627.50 ns, 215.9649 ns/op
// GC:  162 0 0 2717908992 4194304
// Threading:  0 0 4194304

// AfterAll
// Benchmark Process 2868 has exited with code 0.

Mean = 208.807 ns, StdErr = 3.579 ns (1.71%), N = 3, StdDev = 6.199 ns
Min = 205.200 ns, Q1 = 205.227 ns, Median = 205.255 ns, Q3 = 210.610 ns, Max = 215.965 ns
IQR = 5.383 ns, LowerFence = 197.153 ns, UpperFence = 218.684 ns
ConfidenceInterval = [95.707 ns; 321.906 ns] (CI 99.9%), Margin = 113.099 ns (54.16% of Mean)
Skewness = 0.38, Kurtosis = 0.67, MValue = 2

// ** Remained 0 (0.0 %) benchmark(s) to run. Estimated finish 2026-10-05 18:34 (0h 0m from now) **
// ***** BenchmarkRunner: Finish  *****

// * Export *
  artifacts/performance/SecuritySanitization/results/Encina.Security.Sanitization.Benchmarks.SanitizerBenchmarks-report.csv
  artifacts/performance/SecuritySanitization/results/Encina.Security.Sanitization.Benchmarks.SanitizerBenchmarks-report-github.md
  artifacts/performance/SecuritySanitization/results/Encina.Security.Sanitization.Benchmarks.SanitizerBenchmarks-report.html
  artifacts/performance/SecuritySanitization/results/Encina.Security.Sanitization.Benchmarks.SanitizerBenchmarks-report-full-compressed.json

// * Detailed results *
SanitizerBenchmarks.SanitizeHtml_CleanInput: Job-YFEFPZ(IterationCount=10, WarmupCount=3)
Runtime = .NET 10.0.12 (10.0.12, 10.0.1226.42308), X64 RyuJIT x86-64-v4; GC = Concurrent Workstation
Mean = 10.879 μs, StdErr = 0.040 μs (0.36%), N = 10, StdDev = 0.125 μs
Min = 10.609 μs, Q1 = 10.836 μs, Median = 10.903 μs, Q3 = 10.979 μs, Max = 10.997 μs
IQR = 0.143 μs, LowerFence = 10.621 μs, UpperFence = 11.195 μs
ConfidenceInterval = [10.690 μs; 11.068 μs] (CI 99.9%), Margin = 0.189 μs (1.74% of Mean)
Skewness = -0.86, Kurtosis = 2.51, MValue = 2
-------------------- Histogram --------------------
[10.573 μs ; 11.031 μs) | @@@@@@@@@@
---------------------------------------------------

SanitizerBenchmarks.SanitizeHtml_MaliciousInput: Job-YFEFPZ(IterationCount=10, WarmupCount=3)
Runtime = .NET 10.0.12 (10.0.12, 10.0.1226.42308), X64 RyuJIT x86-64-v4; GC = Concurrent Workstation
Mean = 14.472 μs, StdErr = 0.037 μs (0.25%), N = 9, StdDev = 0.110 μs
Min = 14.250 μs, Q1 = 14.441 μs, Median = 14.498 μs, Q3 = 14.535 μs, Max = 14.612 μs
IQR = 0.094 μs, LowerFence = 14.301 μs, UpperFence = 14.676 μs
ConfidenceInterval = [14.287 μs; 14.657 μs] (CI 99.9%), Margin = 0.185 μs (1.28% of Mean)
Skewness = -0.74, Kurtosis = 2.32, MValue = 2
-------------------- Histogram --------------------
[14.181 μs ; 14.641 μs) | @@@@@@@@@
---------------------------------------------------

SanitizerBenchmarks.SanitizeHtml_ComplexDocument: Job-YFEFPZ(IterationCount=10, WarmupCount=3)
Runtime = .NET 10.0.12 (10.0.12, 10.0.1226.42308), X64 RyuJIT x86-64-v4; GC = Concurrent Workstation
Mean = 118.554 μs, StdErr = 0.180 μs (0.15%), N = 9, StdDev = 0.541 μs
Min = 117.613 μs, Q1 = 118.264 μs, Median = 118.688 μs, Q3 = 118.972 μs, Max = 119.122 μs
IQR = 0.708 μs, LowerFence = 117.202 μs, UpperFence = 120.033 μs
ConfidenceInterval = [117.645 μs; 119.464 μs] (CI 99.9%), Margin = 0.909 μs (0.77% of Mean)
Skewness = -0.57, Kurtosis = 1.66, MValue = 2
-------------------- Histogram --------------------
[117.272 μs ; 119.463 μs) | @@@@@@@@@
---------------------------------------------------

SanitizerBenchmarks.SanitizeForSql_SimpleInput: Job-YFEFPZ(IterationCount=10, WarmupCount=3)
Runtime = .NET 10.0.12 (10.0.12, 10.0.1226.42308), X64 RyuJIT x86-64-v4; GC = Concurrent Workstation
Mean = 149.886 ns, StdErr = 0.068 ns (0.05%), N = 8, StdDev = 0.191 ns
Min = 149.566 ns, Q1 = 149.813 ns, Median = 149.922 ns, Q3 = 149.956 ns, Max = 150.205 ns
IQR = 0.143 ns, LowerFence = 149.599 ns, UpperFence = 150.170 ns
ConfidenceInterval = [149.520 ns; 150.251 ns] (CI 99.9%), Margin = 0.365 ns (0.24% of Mean)
Skewness = -0.1, Kurtosis = 2.08, MValue = 2
-------------------- Histogram --------------------
[149.440 ns ; 150.331 ns) | @@@@@@@@
---------------------------------------------------

SanitizerBenchmarks.SanitizeForSql_InjectionAttempt: Job-YFEFPZ(IterationCount=10, WarmupCount=3)
Runtime = .NET 10.0.12 (10.0.12, 10.0.1226.42308), X64 RyuJIT x86-64-v4; GC = Concurrent Workstation
Mean = 234.000 ns, StdErr = 0.532 ns (0.23%), N = 10, StdDev = 1.683 ns
Min = 231.900 ns, Q1 = 232.735 ns, Median = 233.934 ns, Q3 = 235.213 ns, Max = 237.049 ns
IQR = 2.479 ns, LowerFence = 229.017 ns, UpperFence = 238.931 ns
ConfidenceInterval = [231.456 ns; 236.544 ns] (CI 99.9%), Margin = 2.544 ns (1.09% of Mean)
Skewness = 0.35, Kurtosis = 1.67, MValue = 2
-------------------- Histogram --------------------
[230.874 ns ; 238.075 ns) | @@@@@@@@@@
---------------------------------------------------

SanitizerBenchmarks.SanitizeForShell_SimpleInput: Job-YFEFPZ(IterationCount=10, WarmupCount=3)
Runtime = .NET 10.0.12 (10.0.12, 10.0.1226.42308), X64 RyuJIT x86-64-v4; GC = Concurrent Workstation
Mean = 22.551 ns, StdErr = 0.118 ns (0.52%), N = 10, StdDev = 0.372 ns
Min = 21.850 ns, Q1 = 22.371 ns, Median = 22.480 ns, Q3 = 22.820 ns, Max = 23.109 ns
IQR = 0.450 ns, LowerFence = 21.696 ns, UpperFence = 23.495 ns
ConfidenceInterval = [21.988 ns; 23.113 ns] (CI 99.9%), Margin = 0.563 ns (2.49% of Mean)
Skewness = -0.21, Kurtosis = 1.98, MValue = 2
-------------------- Histogram --------------------
[21.623 ns ; 22.183 ns) | @
[22.183 ns ; 23.179 ns) | @@@@@@@@@
---------------------------------------------------

SanitizerBenchmarks.SanitizeForShell_InjectionAttempt: Job-YFEFPZ(IterationCount=10, WarmupCount=3)
Runtime = .NET 10.0.12 (10.0.12, 10.0.1226.42308), X64 RyuJIT x86-64-v4; GC = Concurrent Workstation
Mean = 21.141 ns, StdErr = 0.110 ns (0.52%), N = 10, StdDev = 0.348 ns
Min = 20.503 ns, Q1 = 21.019 ns, Median = 21.198 ns, Q3 = 21.349 ns, Max = 21.644 ns
IQR = 0.330 ns, LowerFence = 20.523 ns, UpperFence = 21.844 ns
ConfidenceInterval = [20.616 ns; 21.667 ns] (CI 99.9%), Margin = 0.525 ns (2.49% of Mean)
Skewness = -0.5, Kurtosis = 2.03, MValue = 2
-------------------- Histogram --------------------
[20.368 ns ; 21.067 ns) | @@@
[21.067 ns ; 21.856 ns) | @@@@@@@
---------------------------------------------------

SanitizerBenchmarks.SanitizeForJson_SimpleInput: Job-YFEFPZ(IterationCount=10, WarmupCount=3)
Runtime = .NET 10.0.12 (10.0.12, 10.0.1226.42308), X64 RyuJIT x86-64-v4; GC = Concurrent Workstation
Mean = 332.972 ns, StdErr = 0.375 ns (0.11%), N = 10, StdDev = 1.187 ns
Min = 331.036 ns, Q1 = 332.118 ns, Median = 333.266 ns, Q3 = 333.634 ns, Max = 334.762 ns
IQR = 1.516 ns, LowerFence = 329.845 ns, UpperFence = 335.907 ns
ConfidenceInterval = [331.177 ns; 334.767 ns] (CI 99.9%), Margin = 1.795 ns (0.54% of Mean)
Skewness = -0.28, Kurtosis = 1.65, MValue = 2
-------------------- Histogram --------------------
[330.313 ns ; 335.485 ns) | @@@@@@@@@@
---------------------------------------------------

SanitizerBenchmarks.SanitizeForXml_SimpleInput: Job-YFEFPZ(IterationCount=10, WarmupCount=3)
Runtime = .NET 10.0.12 (10.0.12, 10.0.1226.42308), X64 RyuJIT x86-64-v4; GC = Concurrent Workstation
Mean = 205.406 ns, StdErr = 0.818 ns (0.40%), N = 8, StdDev = 2.314 ns
Min = 200.773 ns, Q1 = 205.119 ns, Median = 206.197 ns, Q3 = 206.828 ns, Max = 207.323 ns
IQR = 1.709 ns, LowerFence = 202.555 ns, UpperFence = 209.392 ns
ConfidenceInterval = [200.982 ns; 209.831 ns] (CI 99.9%), Margin = 4.424 ns (2.15% of Mean)
Skewness = -0.98, Kurtosis = 2.28, MValue = 2
-------------------- Histogram --------------------
[199.862 ns ; 204.510 ns) | @@
[204.510 ns ; 208.842 ns) | @@@@@@
---------------------------------------------------

SanitizerBenchmarks.SanitizeHtml_CleanInput: ShortRun(IterationCount=3, LaunchCount=1, WarmupCount=3)
Runtime = .NET 10.0.12 (10.0.12, 10.0.1226.42308), X64 RyuJIT x86-64-v4; GC = Concurrent Workstation
Mean = 10.840 μs, StdErr = 0.067 μs (0.62%), N = 3, StdDev = 0.116 μs
Min = 10.712 μs, Q1 = 10.792 μs, Median = 10.872 μs, Q3 = 10.904 μs, Max = 10.936 μs
IQR = 0.112 μs, LowerFence = 10.623 μs, UpperFence = 11.073 μs
ConfidenceInterval = [8.728 μs; 12.951 μs] (CI 99.9%), Margin = 2.111 μs (19.48% of Mean)
Skewness = -0.25, Kurtosis = 0.67, MValue = 2
-------------------- Histogram --------------------
[10.606 μs ; 11.042 μs) | @@@
---------------------------------------------------

SanitizerBenchmarks.SanitizeHtml_MaliciousInput: ShortRun(IterationCount=3, LaunchCount=1, WarmupCount=3)
Runtime = .NET 10.0.12 (10.0.12, 10.0.1226.42308), X64 RyuJIT x86-64-v4; GC = Concurrent Workstation
Mean = 14.744 μs, StdErr = 0.197 μs (1.34%), N = 3, StdDev = 0.342 μs
Min = 14.507 μs, Q1 = 14.548 μs, Median = 14.589 μs, Q3 = 14.862 μs, Max = 15.136 μs
IQR = 0.315 μs, LowerFence = 14.076 μs, UpperFence = 15.334 μs
ConfidenceInterval = [8.504 μs; 20.983 μs] (CI 99.9%), Margin = 6.240 μs (42.32% of Mean)
Skewness = 0.36, Kurtosis = 0.67, MValue = 2
-------------------- Histogram --------------------
[14.195 μs ; 14.859 μs) | @@
[14.859 μs ; 15.447 μs) | @
---------------------------------------------------

SanitizerBenchmarks.SanitizeHtml_ComplexDocument: ShortRun(IterationCount=3, LaunchCount=1, WarmupCount=3)
Runtime = .NET 10.0.12 (10.0.12, 10.0.1226.42308), X64 RyuJIT x86-64-v4; GC = Concurrent Workstation
Mean = 118.524 μs, StdErr = 0.372 μs (0.31%), N = 3, StdDev = 0.644 μs
Min = 118.051 μs, Q1 = 118.158 μs, Median = 118.265 μs, Q3 = 118.761 μs, Max = 119.257 μs
IQR = 0.603 μs, LowerFence = 117.253 μs, UpperFence = 119.666 μs
ConfidenceInterval = [106.779 μs; 130.269 μs] (CI 99.9%), Margin = 11.745 μs (9.91% of Mean)
Skewness = 0.34, Kurtosis = 0.67, MValue = 2
-------------------- Histogram --------------------
[117.465 μs ; 119.339 μs) | @@@
---------------------------------------------------

SanitizerBenchmarks.SanitizeForSql_SimpleInput: ShortRun(IterationCount=3, LaunchCount=1, WarmupCount=3)
Runtime = .NET 10.0.12 (10.0.12, 10.0.1226.42308), X64 RyuJIT x86-64-v4; GC = Concurrent Workstation
Mean = 153.935 ns, StdErr = 0.115 ns (0.07%), N = 3, StdDev = 0.200 ns
Min = 153.704 ns, Q1 = 153.875 ns, Median = 154.047 ns, Q3 = 154.050 ns, Max = 154.053 ns
IQR = 0.175 ns, LowerFence = 153.614 ns, UpperFence = 154.312 ns
ConfidenceInterval = [150.290 ns; 157.579 ns] (CI 99.9%), Margin = 3.645 ns (2.37% of Mean)
Skewness = -0.38, Kurtosis = 0.67, MValue = 2
-------------------- Histogram --------------------
[153.697 ns ; 154.060 ns) | @@@
---------------------------------------------------

SanitizerBenchmarks.SanitizeForSql_InjectionAttempt: ShortRun(IterationCount=3, LaunchCount=1, WarmupCount=3)
Runtime = .NET 10.0.12 (10.0.12, 10.0.1226.42308), X64 RyuJIT x86-64-v4; GC = Concurrent Workstation
Mean = 233.387 ns, StdErr = 0.040 ns (0.02%), N = 3, StdDev = 0.069 ns
Min = 233.313 ns, Q1 = 233.355 ns, Median = 233.397 ns, Q3 = 233.423 ns, Max = 233.450 ns
IQR = 0.068 ns, LowerFence = 233.253 ns, UpperFence = 233.526 ns
ConfidenceInterval = [232.131 ns; 234.642 ns] (CI 99.9%), Margin = 1.256 ns (0.54% of Mean)
Skewness = -0.15, Kurtosis = 0.67, MValue = 2
-------------------- Histogram --------------------
[233.251 ns ; 233.512 ns) | @@@
---------------------------------------------------

SanitizerBenchmarks.SanitizeForShell_SimpleInput: ShortRun(IterationCount=3, LaunchCount=1, WarmupCount=3)
Runtime = .NET 10.0.12 (10.0.12, 10.0.1226.42308), X64 RyuJIT x86-64-v4; GC = Concurrent Workstation
Mean = 20.624 ns, StdErr = 0.087 ns (0.42%), N = 3, StdDev = 0.151 ns
Min = 20.451 ns, Q1 = 20.571 ns, Median = 20.692 ns, Q3 = 20.710 ns, Max = 20.729 ns
IQR = 0.139 ns, LowerFence = 20.362 ns, UpperFence = 20.920 ns
ConfidenceInterval = [17.865 ns; 23.383 ns] (CI 99.9%), Margin = 2.759 ns (13.38% of Mean)
Skewness = -0.36, Kurtosis = 0.67, MValue = 2
-------------------- Histogram --------------------
[20.313 ns ; 20.867 ns) | @@@
---------------------------------------------------

SanitizerBenchmarks.SanitizeForShell_InjectionAttempt: ShortRun(IterationCount=3, LaunchCount=1, WarmupCount=3)
Runtime = .NET 10.0.12 (10.0.12, 10.0.1226.42308), X64 RyuJIT x86-64-v4; GC = Concurrent Workstation
Mean = 21.259 ns, StdErr = 0.163 ns (0.76%), N = 3, StdDev = 0.282 ns
Min = 21.025 ns, Q1 = 21.102 ns, Median = 21.180 ns, Q3 = 21.376 ns, Max = 21.571 ns
IQR = 0.273 ns, LowerFence = 20.693 ns, UpperFence = 21.785 ns
ConfidenceInterval = [16.122 ns; 26.395 ns] (CI 99.9%), Margin = 5.136 ns (24.16% of Mean)
Skewness = 0.26, Kurtosis = 0.67, MValue = 2
-------------------- Histogram --------------------
[20.846 ns ; 21.359 ns) | @@
[21.359 ns ; 21.828 ns) | @
---------------------------------------------------

SanitizerBenchmarks.SanitizeForJson_SimpleInput: ShortRun(IterationCount=3, LaunchCount=1, WarmupCount=3)
Runtime = .NET 10.0.12 (10.0.12, 10.0.1226.42308), X64 RyuJIT x86-64-v4; GC = Concurrent Workstation
Mean = 317.452 ns, StdErr = 0.184 ns (0.06%), N = 3, StdDev = 0.318 ns
Min = 317.099 ns, Q1 = 317.319 ns, Median = 317.540 ns, Q3 = 317.628 ns, Max = 317.716 ns
IQR = 0.309 ns, LowerFence = 316.856 ns, UpperFence = 318.091 ns
ConfidenceInterval = [311.653 ns; 323.250 ns] (CI 99.9%), Margin = 5.799 ns (1.83% of Mean)
Skewness = -0.26, Kurtosis = 0.67, MValue = 2
-------------------- Histogram --------------------
[316.810 ns ; 318.006 ns) | @@@
---------------------------------------------------

SanitizerBenchmarks.SanitizeForXml_SimpleInput: ShortRun(IterationCount=3, LaunchCount=1, WarmupCount=3)
Runtime = .NET 10.0.12 (10.0.12, 10.0.1226.42308), X64 RyuJIT x86-64-v4; GC = Concurrent Workstation
Mean = 208.807 ns, StdErr = 3.579 ns (1.71%), N = 3, StdDev = 6.199 ns
Min = 205.200 ns, Q1 = 205.227 ns, Median = 205.255 ns, Q3 = 210.610 ns, Max = 215.965 ns
IQR = 5.383 ns, LowerFence = 197.153 ns, UpperFence = 218.684 ns
ConfidenceInterval = [95.707 ns; 321.906 ns] (CI 99.9%), Margin = 113.099 ns (54.16% of Mean)
Skewness = 0.38, Kurtosis = 0.67, MValue = 2
-------------------- Histogram --------------------
[204.941 ns ; 216.224 ns) | @@@
---------------------------------------------------

// * Summary *

BenchmarkDotNet v0.15.8, Linux Ubuntu 24.04.5 LTS (Noble Numbat)
AMD EPYC 9V74 2.60GHz, 1 CPU, 4 logical and 2 physical cores
.NET SDK 10.0.401
  [Host]     : .NET 10.0.12 (10.0.12, 10.0.1226.42308), X64 RyuJIT x86-64-v4
  Job-YFEFPZ : .NET 10.0.12 (10.0.12, 10.0.1226.42308), X64 RyuJIT x86-64-v4
  ShortRun   : .NET 10.0.12 (10.0.12, 10.0.1226.42308), X64 RyuJIT x86-64-v4

WarmupCount=3  

| Method                            | Job        | IterationCount | LaunchCount | Mean          | Error         | StdDev     | Ratio  | RatioSD | Gen0   | Gen1   | Allocated | Alloc Ratio |
|---------------------------------- |----------- |--------------- |------------ |--------------:|--------------:|-----------:|-------:|--------:|-------:|-------:|----------:|------------:|
| SanitizeHtml_CleanInput           | Job-YFEFPZ | 10             | Default     |  10,879.05 ns |    189.092 ns | 125.072 ns |  1.000 |    0.02 | 0.8545 | 0.0305 |   14432 B |       1.000 |
| SanitizeHtml_MaliciousInput       | Job-YFEFPZ | 10             | Default     |  14,472.10 ns |    184.838 ns | 109.994 ns |  1.330 |    0.02 | 0.8240 | 0.0153 |   13880 B |       0.962 |
| SanitizeHtml_ComplexDocument      | Job-YFEFPZ | 10             | Default     | 118,554.48 ns |    909.460 ns | 541.205 ns | 10.899 |    0.13 | 4.5166 | 0.3662 |   76680 B |       5.313 |
| SanitizeForSql_SimpleInput        | Job-YFEFPZ | 10             | Default     |     149.89 ns |      0.365 ns |   0.191 ns |  0.014 |    0.00 | 0.0114 |      - |     192 B |       0.013 |
| SanitizeForSql_InjectionAttempt   | Job-YFEFPZ | 10             | Default     |     234.00 ns |      2.544 ns |   1.683 ns |  0.022 |    0.00 | 0.0148 |      - |     248 B |       0.017 |
| SanitizeForShell_SimpleInput      | Job-YFEFPZ | 10             | Default     |      22.55 ns |      0.563 ns |   0.372 ns |  0.002 |    0.00 | 0.0029 |      - |      48 B |       0.003 |
| SanitizeForShell_InjectionAttempt | Job-YFEFPZ | 10             | Default     |      21.14 ns |      0.525 ns |   0.348 ns |  0.002 |    0.00 | 0.0029 |      - |      48 B |       0.003 |
| SanitizeForJson_SimpleInput       | Job-YFEFPZ | 10             | Default     |     332.97 ns |      1.795 ns |   1.187 ns |  0.031 |    0.00 | 0.0124 |      - |     208 B |       0.014 |
| SanitizeForXml_SimpleInput        | Job-YFEFPZ | 10             | Default     |     205.41 ns |      4.424 ns |   2.314 ns |  0.019 |    0.00 | 0.0386 |      - |     648 B |       0.045 |
|                                   |            |                |             |               |               |            |        |         |        |        |           |             |
| SanitizeHtml_CleanInput           | ShortRun   | 3              | 1           |  10,839.89 ns |  2,111.494 ns | 115.738 ns |  1.000 |    0.01 | 0.8545 | 0.0305 |   14432 B |       1.000 |
| SanitizeHtml_MaliciousInput       | ShortRun   | 3              | 1           |  14,743.69 ns |  6,239.522 ns | 342.009 ns |  1.360 |    0.03 | 0.8240 | 0.0153 |   13880 B |       0.962 |
| SanitizeHtml_ComplexDocument      | ShortRun   | 3              | 1           | 118,524.23 ns | 11,744.814 ns | 643.773 ns | 10.935 |    0.11 | 4.5166 | 0.3662 |   76680 B |       5.313 |
| SanitizeForSql_SimpleInput        | ShortRun   | 3              | 1           |     153.93 ns |      3.645 ns |   0.200 ns |  0.014 |    0.00 | 0.0114 |      - |     192 B |       0.013 |
| SanitizeForSql_InjectionAttempt   | ShortRun   | 3              | 1           |     233.39 ns |      1.256 ns |   0.069 ns |  0.022 |    0.00 | 0.0148 |      - |     248 B |       0.017 |
| SanitizeForShell_SimpleInput      | ShortRun   | 3              | 1           |      20.62 ns |      2.759 ns |   0.151 ns |  0.002 |    0.00 | 0.0029 |      - |      48 B |       0.003 |
| SanitizeForShell_InjectionAttempt | ShortRun   | 3              | 1           |      21.26 ns |      5.136 ns |   0.282 ns |  0.002 |    0.00 | 0.0029 |      - |      48 B |       0.003 |
| SanitizeForJson_SimpleInput       | ShortRun   | 3              | 1           |     317.45 ns |      5.799 ns |   0.318 ns |  0.029 |    0.00 | 0.0124 |      - |     208 B |       0.014 |
| SanitizeForXml_SimpleInput        | ShortRun   | 3              | 1           |     208.81 ns |    113.099 ns |   6.199 ns |  0.019 |    0.00 | 0.0386 |      - |     648 B |       0.045 |

// * Hints *
Outliers
  SanitizerBenchmarks.SanitizeHtml_CleanInput: IterationCount=10, WarmupCount=3           -> 1 outlier  was  detected (10.61 μs)
  SanitizerBenchmarks.SanitizeHtml_MaliciousInput: IterationCount=10, WarmupCount=3       -> 1 outlier  was  removed, 2 outliers were detected (14.25 μs, 14.80 μs)
  SanitizerBenchmarks.SanitizeHtml_ComplexDocument: IterationCount=10, WarmupCount=3      -> 1 outlier  was  removed (120.25 μs)
  SanitizerBenchmarks.SanitizeForSql_SimpleInput: IterationCount=10, WarmupCount=3        -> 2 outliers were removed (154.46 ns, 159.22 ns)
  SanitizerBenchmarks.SanitizeForShell_InjectionAttempt: IterationCount=10, WarmupCount=3 -> 1 outlier  was  detected (23.13 ns)
  SanitizerBenchmarks.SanitizeForXml_SimpleInput: IterationCount=10, WarmupCount=3        -> 2 outliers were removed, 4 outliers were detected (203.41 ns, 205.63 ns, 213.82 ns, 218.44 ns)
// * Config Issues *

// * Warnings *
Configuration
  Summary -> The exporter CsvExporter is already present in configuration. There may be unexpected results.
  Summary -> The exporter HtmlExporter is already present in configuration. There may be unexpected results.
  Summary -> The exporter MarkdownExporter-github is already present in configuration. There may be unexpected results.

// * Legends *
  Mean        : Arithmetic mean of all measurements
  Error       : Half of 99.9% confidence interval
  StdDev      : Standard deviation of all measurements
  Ratio       : Mean of the ratio distribution ([Current]/[Baseline])
  RatioSD     : Standard deviation of the ratio distribution ([Current]/[Baseline])
  Gen0        : GC Generation 0 collects per 1000 operations
  Gen1        : GC Generation 1 collects per 1000 operations
  Allocated   : Allocated memory per single operation (managed only, inclusive, 1KB = 1024B)
  Alloc Ratio : Allocated memory ratio distribution ([Current]/[Baseline])
  1 ns        : 1 Nanosecond (0.000000001 sec)

// * Diagnostic Output - MemoryDiagnoser *


// ***** BenchmarkRunner: End *****
Run time: 00:03:27 (207.13 sec), executed benchmarks: 18

Global total time: 00:03:53 (233.94 sec), executed benchmarks: 18
// * Artifacts cleanup *
Artifacts cleanup is finished
