// Validating benchmarks:
// ***** BenchmarkRunner: Start   *****
// ***** Found 20 benchmark(s) in total *****
// ***** Building 1 exe(s) in Parallel: Start   *****
// start dotnet  restore --nodeReuse:false /p:UseSharedCompilation=false /p:Deterministic=true /p:Optimize=true /p:ArtifactsPath="/home/runner/work/Encina/Encina/tests/Encina.BenchmarkTests/Encina.Caching.Redis.Benchmarks/bin/Release/net10.0/Encina.Caching.Redis.Benchmarks-Job-NUBXJZ-1/" /p:OutDir="/home/runner/work/Encina/Encina/tests/Encina.BenchmarkTests/Encina.Caching.Redis.Benchmarks/bin/Release/net10.0/Encina.Caching.Redis.Benchmarks-Job-NUBXJZ-1/bin/Release/net10.0/" /p:OutputPath="/home/runner/work/Encina/Encina/tests/Encina.BenchmarkTests/Encina.Caching.Redis.Benchmarks/bin/Release/net10.0/Encina.Caching.Redis.Benchmarks-Job-NUBXJZ-1/bin/Release/net10.0/" /p:PublishDir="/home/runner/work/Encina/Encina/tests/Encina.BenchmarkTests/Encina.Caching.Redis.Benchmarks/bin/Release/net10.0/Encina.Caching.Redis.Benchmarks-Job-NUBXJZ-1/publish/" in /home/runner/work/Encina/Encina/tests/Encina.BenchmarkTests/Encina.Caching.Redis.Benchmarks/bin/Release/net10.0/Encina.Caching.Redis.Benchmarks-Job-NUBXJZ-1
// command took 2.49 sec and exited with 0
// start dotnet  build -c Release --no-restore --nodeReuse:false /p:UseSharedCompilation=false /p:Deterministic=true /p:Optimize=true /p:ArtifactsPath="/home/runner/work/Encina/Encina/tests/Encina.BenchmarkTests/Encina.Caching.Redis.Benchmarks/bin/Release/net10.0/Encina.Caching.Redis.Benchmarks-Job-NUBXJZ-1/" /p:OutDir="/home/runner/work/Encina/Encina/tests/Encina.BenchmarkTests/Encina.Caching.Redis.Benchmarks/bin/Release/net10.0/Encina.Caching.Redis.Benchmarks-Job-NUBXJZ-1/bin/Release/net10.0/" /p:OutputPath="/home/runner/work/Encina/Encina/tests/Encina.BenchmarkTests/Encina.Caching.Redis.Benchmarks/bin/Release/net10.0/Encina.Caching.Redis.Benchmarks-Job-NUBXJZ-1/bin/Release/net10.0/" /p:PublishDir="/home/runner/work/Encina/Encina/tests/Encina.BenchmarkTests/Encina.Caching.Redis.Benchmarks/bin/Release/net10.0/Encina.Caching.Redis.Benchmarks-Job-NUBXJZ-1/publish/" --output "/home/runner/work/Encina/Encina/tests/Encina.BenchmarkTests/Encina.Caching.Redis.Benchmarks/bin/Release/net10.0/Encina.Caching.Redis.Benchmarks-Job-NUBXJZ-1/bin/Release/net10.0/" in /home/runner/work/Encina/Encina/tests/Encina.BenchmarkTests/Encina.Caching.Redis.Benchmarks/bin/Release/net10.0/Encina.Caching.Redis.Benchmarks-Job-NUBXJZ-1
// command took 34.55 sec and exited with 0
// ***** Done, took 00:00:37 (37.2 sec)   *****
// Found 20 benchmarks:
//   RedisCacheProviderBenchmarks.ExistsAsync_False: Job-NUBXJZ(IterationCount=20, WarmupCount=5)
//   RedisCacheProviderBenchmarks.ExistsAsync_False: ShortRun(IterationCount=3, LaunchCount=1, WarmupCount=3)
//   RedisCacheProviderBenchmarks.ExistsAsync_True: Job-NUBXJZ(IterationCount=20, WarmupCount=5)
//   RedisCacheProviderBenchmarks.ExistsAsync_True: ShortRun(IterationCount=3, LaunchCount=1, WarmupCount=3)
//   RedisCacheProviderBenchmarks.GetAsync_CacheHit: Job-NUBXJZ(IterationCount=20, WarmupCount=5)
//   RedisCacheProviderBenchmarks.GetAsync_CacheHit: ShortRun(IterationCount=3, LaunchCount=1, WarmupCount=3)
//   RedisCacheProviderBenchmarks.GetAsync_CacheMiss: Job-NUBXJZ(IterationCount=20, WarmupCount=5)
//   RedisCacheProviderBenchmarks.GetAsync_CacheMiss: ShortRun(IterationCount=3, LaunchCount=1, WarmupCount=3)
//   RedisCacheProviderBenchmarks.GetOrSetAsync_CacheHit: Job-NUBXJZ(IterationCount=20, WarmupCount=5)
//   RedisCacheProviderBenchmarks.GetOrSetAsync_CacheHit: ShortRun(IterationCount=3, LaunchCount=1, WarmupCount=3)
//   RedisCacheProviderBenchmarks.GetOrSetAsync_CacheMiss: Job-ZDPOZY(InvocationCount=1, IterationCount=20, UnrollFactor=1, WarmupCount=5)
//   RedisCacheProviderBenchmarks.GetOrSetAsync_CacheMiss: ShortRun(InvocationCount=1, IterationCount=3, LaunchCount=1, UnrollFactor=1, WarmupCount=3)
//   RedisCacheProviderBenchmarks.RemoveAsync: Job-ZDPOZY(InvocationCount=1, IterationCount=20, UnrollFactor=1, WarmupCount=5)
//   RedisCacheProviderBenchmarks.RemoveAsync: ShortRun(InvocationCount=1, IterationCount=3, LaunchCount=1, UnrollFactor=1, WarmupCount=3)
//   RedisCacheProviderBenchmarks.RemoveByPatternAsync: Job-ZDPOZY(InvocationCount=1, IterationCount=20, UnrollFactor=1, WarmupCount=5)
//   RedisCacheProviderBenchmarks.RemoveByPatternAsync: ShortRun(InvocationCount=1, IterationCount=3, LaunchCount=1, UnrollFactor=1, WarmupCount=3)
//   RedisCacheProviderBenchmarks.SetAsync: Job-NUBXJZ(IterationCount=20, WarmupCount=5)
//   RedisCacheProviderBenchmarks.SetAsync: ShortRun(IterationCount=3, LaunchCount=1, WarmupCount=3)
//   RedisCacheProviderBenchmarks.SetWithSlidingExpirationAsync: Job-NUBXJZ(IterationCount=20, WarmupCount=5)
//   RedisCacheProviderBenchmarks.SetWithSlidingExpirationAsync: ShortRun(IterationCount=3, LaunchCount=1, WarmupCount=3)

// **************************
// Benchmark: RedisCacheProviderBenchmarks.ExistsAsync_False: Job-NUBXJZ(IterationCount=20, WarmupCount=5)
// *** Execute ***
// Launch: 1 / 1
// Execute: dotnet Encina.Caching.Redis.Benchmarks-Job-NUBXJZ-1.dll --anonymousPipes 158 159 --benchmarkName Encina.Caching.Redis.Benchmarks.Benchmarks.RedisCacheProviderBenchmarks.ExistsAsync_False --job "IterationCount=20, WarmupCount=5" --benchmarkId 0 in /home/runner/work/Encina/Encina/tests/Encina.BenchmarkTests/Encina.Caching.Redis.Benchmarks/bin/Release/net10.0/Encina.Caching.Redis.Benchmarks-Job-NUBXJZ-1/bin/Release/net10.0
// Failed to set up high priority (Permission denied). In order to run benchmarks with high priority, make sure you have the right permissions.
// BeforeAnythingElse

// Benchmark Process Environment Information:
// BenchmarkDotNet v0.15.8
// Runtime=.NET 10.0.12 (10.0.12, 10.0.1226.42308), X64 RyuJIT x86-64-v4
// GC=Concurrent Workstation
// HardwareIntrinsics=AVX512 BITALG+VBMI2+VNNI+VPOPCNTDQ,AVX512 IFMA+VBMI,AVX512 F+BW+CD+DQ+VL,AVX2+BMI1+BMI2+F16C+FMA+LZCNT+MOVBE,AVX,SSE3+SSSE3+SSE4.1+SSE4.2+POPCNT,X86Base+SSE+SSE2,AES+PCLMUL,AvxVnni VectorSize=256
// Job: Job-NUBXJZ(IterationCount=20, WarmupCount=5)

[testcontainers.org 00:00:00.20] Connected to Docker:
  Host: unix:///var/run/docker.sock
  Server Version: 28.0.4
  Kernel Version: 6.17.0-1022-azure
  API Version: 1.48
  Operating System: Ubuntu 24.04.5 LTS
  Total Memory: 15.61 GB
[testcontainers.org 00:00:00.25] Searching Docker registry credential in CredsStore
[testcontainers.org 00:00:00.25] Searching Docker registry credential in CredHelpers
[testcontainers.org 00:00:00.25] Searching Docker registry credential in Auths
[testcontainers.org 00:00:00.25] Searching Docker registry credential in Auths
[testcontainers.org 00:00:00.25] Docker registry credential https://index.docker.io/v1/ found
[testcontainers.org 00:00:01.07] Docker image testcontainers/ryuk:0.14.0@sha256:7c1a8a9a47c780ed0f983770a662f80deb115d95cce3e2daa3d12115b8cd28f0 created
[testcontainers.org 00:00:01.19] Docker container 4a0c65edf2e6 created
[testcontainers.org 00:00:01.25] Start Docker container 4a0c65edf2e6
[testcontainers.org 00:00:01.59] Wait for Docker container 4a0c65edf2e6 to complete readiness checks
[testcontainers.org 00:00:02.61] Docker container 4a0c65edf2e6 ready
[testcontainers.org 00:00:04.08] Docker image redis:7-alpine created
[testcontainers.org 00:00:04.09] Docker container 576635a2ff6c created
[testcontainers.org 00:00:04.09] Start Docker container 576635a2ff6c
[testcontainers.org 00:00:04.17] Wait for Docker container 576635a2ff6c to complete readiness checks
[testcontainers.org 00:00:04.18] Execute "redis-cli ping" at Docker container 576635a2ff6c
[testcontainers.org 00:00:04.24] Docker container 576635a2ff6c ready
OverheadJitting  1: 1 op, 150314.00 ns, 150.3140 us/op
WorkloadJitting  1: 1 op, 5522259.00 ns, 5.5223 ms/op

OverheadJitting  2: 16 op, 239877.00 ns, 14.9923 us/op
WorkloadJitting  2: 16 op, 2502234.00 ns, 156.3896 us/op

WorkloadPilot    1: 16 op, 1956435.00 ns, 122.2772 us/op
WorkloadPilot    2: 32 op, 4055649.00 ns, 126.7390 us/op
WorkloadPilot    3: 64 op, 7405180.00 ns, 115.7059 us/op
WorkloadPilot    4: 128 op, 14644579.00 ns, 114.4108 us/op
WorkloadPilot    5: 256 op, 29247280.00 ns, 114.2472 us/op
WorkloadPilot    6: 512 op, 60585732.00 ns, 118.3315 us/op
WorkloadPilot    7: 1024 op, 115445324.00 ns, 112.7396 us/op
WorkloadPilot    8: 2048 op, 232397760.00 ns, 113.4755 us/op
WorkloadPilot    9: 4096 op, 471187963.00 ns, 115.0361 us/op
WorkloadPilot   10: 8192 op, 900926479.00 ns, 109.9764 us/op

OverheadWarmup   1: 8192 op, 10636.00 ns, 1.2983 ns/op
OverheadWarmup   2: 8192 op, 10195.00 ns, 1.2445 ns/op
OverheadWarmup   3: 8192 op, 10456.00 ns, 1.2764 ns/op
OverheadWarmup   4: 8192 op, 10095.00 ns, 1.2323 ns/op
OverheadWarmup   5: 8192 op, 10085.00 ns, 1.2311 ns/op
OverheadWarmup   6: 8192 op, 9935.00 ns, 1.2128 ns/op
OverheadWarmup   7: 8192 op, 9875.00 ns, 1.2054 ns/op
OverheadWarmup   8: 8192 op, 9885.00 ns, 1.2067 ns/op
OverheadWarmup   9: 8192 op, 9885.00 ns, 1.2067 ns/op

OverheadActual   1: 8192 op, 10175.00 ns, 1.2421 ns/op
OverheadActual   2: 8192 op, 10125.00 ns, 1.2360 ns/op
OverheadActual   3: 8192 op, 10125.00 ns, 1.2360 ns/op
OverheadActual   4: 8192 op, 9905.00 ns, 1.2091 ns/op
OverheadActual   5: 8192 op, 13851.00 ns, 1.6908 ns/op
OverheadActual   6: 8192 op, 10045.00 ns, 1.2262 ns/op
OverheadActual   7: 8192 op, 9815.00 ns, 1.1981 ns/op
OverheadActual   8: 8192 op, 9805.00 ns, 1.1969 ns/op
OverheadActual   9: 8192 op, 9895.00 ns, 1.2079 ns/op
OverheadActual  10: 8192 op, 9795.00 ns, 1.1957 ns/op
OverheadActual  11: 8192 op, 13951.00 ns, 1.7030 ns/op
OverheadActual  12: 8192 op, 13881.00 ns, 1.6945 ns/op
OverheadActual  13: 8192 op, 14292.00 ns, 1.7446 ns/op
OverheadActual  14: 8192 op, 27311.00 ns, 3.3339 ns/op
OverheadActual  15: 8192 op, 14171.00 ns, 1.7299 ns/op
OverheadActual  16: 8192 op, 9905.00 ns, 1.2091 ns/op
OverheadActual  17: 8192 op, 9864.00 ns, 1.2041 ns/op
OverheadActual  18: 8192 op, 10005.00 ns, 1.2213 ns/op
OverheadActual  19: 8192 op, 9844.00 ns, 1.2017 ns/op
OverheadActual  20: 8192 op, 9774.00 ns, 1.1931 ns/op

WorkloadWarmup   1: 8192 op, 939509742.00 ns, 114.6862 us/op
WorkloadWarmup   2: 8192 op, 905382991.00 ns, 110.5204 us/op
WorkloadWarmup   3: 8192 op, 923440568.00 ns, 112.7247 us/op
WorkloadWarmup   4: 8192 op, 936553023.00 ns, 114.3253 us/op
WorkloadWarmup   5: 8192 op, 928971425.00 ns, 113.3998 us/op

// BeforeActualRun
WorkloadActual   1: 8192 op, 898723372.00 ns, 109.7074 us/op
WorkloadActual   2: 8192 op, 925715278.00 ns, 113.0024 us/op
WorkloadActual   3: 8192 op, 925484609.00 ns, 112.9742 us/op
WorkloadActual   4: 8192 op, 919599787.00 ns, 112.2558 us/op
WorkloadActual   5: 8192 op, 932774521.00 ns, 113.8641 us/op
WorkloadActual   6: 8192 op, 917429903.00 ns, 111.9910 us/op
WorkloadActual   7: 8192 op, 915667547.00 ns, 111.7758 us/op
WorkloadActual   8: 8192 op, 917014039.00 ns, 111.9402 us/op
WorkloadActual   9: 8192 op, 953137311.00 ns, 116.3498 us/op
WorkloadActual  10: 8192 op, 908069169.00 ns, 110.8483 us/op
WorkloadActual  11: 8192 op, 913252574.00 ns, 111.4810 us/op
WorkloadActual  12: 8192 op, 924989691.00 ns, 112.9138 us/op
WorkloadActual  13: 8192 op, 926604156.00 ns, 113.1109 us/op
WorkloadActual  14: 8192 op, 911730337.00 ns, 111.2952 us/op
WorkloadActual  15: 8192 op, 912732635.00 ns, 111.4176 us/op
WorkloadActual  16: 8192 op, 963454337.00 ns, 117.6092 us/op
WorkloadActual  17: 8192 op, 917817218.00 ns, 112.0382 us/op
WorkloadActual  18: 8192 op, 911319199.00 ns, 111.2450 us/op
WorkloadActual  19: 8192 op, 918032994.00 ns, 112.0646 us/op
WorkloadActual  20: 8192 op, 911953338.00 ns, 111.3224 us/op

// AfterActualRun
WorkloadResult   1: 8192 op, 898713347.00 ns, 109.7062 us/op
WorkloadResult   2: 8192 op, 925705253.00 ns, 113.0011 us/op
WorkloadResult   3: 8192 op, 925474584.00 ns, 112.9730 us/op
WorkloadResult   4: 8192 op, 919589762.00 ns, 112.2546 us/op
WorkloadResult   5: 8192 op, 932764496.00 ns, 113.8629 us/op
WorkloadResult   6: 8192 op, 917419878.00 ns, 111.9897 us/op
WorkloadResult   7: 8192 op, 915657522.00 ns, 111.7746 us/op
WorkloadResult   8: 8192 op, 917004014.00 ns, 111.9390 us/op
WorkloadResult   9: 8192 op, 908059144.00 ns, 110.8471 us/op
WorkloadResult  10: 8192 op, 913242549.00 ns, 111.4798 us/op
WorkloadResult  11: 8192 op, 924979666.00 ns, 112.9126 us/op
WorkloadResult  12: 8192 op, 926594131.00 ns, 113.1096 us/op
WorkloadResult  13: 8192 op, 911720312.00 ns, 111.2940 us/op
WorkloadResult  14: 8192 op, 912722610.00 ns, 111.4163 us/op
WorkloadResult  15: 8192 op, 917807193.00 ns, 112.0370 us/op
WorkloadResult  16: 8192 op, 911309174.00 ns, 111.2438 us/op
WorkloadResult  17: 8192 op, 918022969.00 ns, 112.0634 us/op
WorkloadResult  18: 8192 op, 911943313.00 ns, 111.3212 us/op
// GC:  0 0 0 4779008 8192
// Threading:  16385 688 8192

[testcontainers.org 00:00:30.51] Stop Docker container 576635a2ff6c
[testcontainers.org 00:00:30.65] Delete Docker container 576635a2ff6c
// AfterAll
// Benchmark Process 2963 has exited with code 0.

Mean = 111.957 μs, StdErr = 0.231 μs (0.21%), N = 18, StdDev = 0.979 μs
Min = 109.706 μs, Q1 = 111.345 μs, Median = 111.964 μs, Q3 = 112.748 μs, Max = 113.863 μs
IQR = 1.403 μs, LowerFence = 109.240 μs, UpperFence = 114.853 μs
ConfidenceInterval = [111.042 μs; 112.872 μs] (CI 99.9%), Margin = 0.915 μs (0.82% of Mean)
Skewness = -0.14, Kurtosis = 2.78, MValue = 2

// ** Remained 19 (95.0 %) benchmark(s) to run. Estimated finish 2026-10-10 11:04 (0h 9m from now) **
// **************************
// Benchmark: RedisCacheProviderBenchmarks.ExistsAsync_False: ShortRun(IterationCount=3, LaunchCount=1, WarmupCount=3)
// *** Execute ***
// Launch: 1 / 1
// Execute: dotnet Encina.Caching.Redis.Benchmarks-Job-NUBXJZ-1.dll --anonymousPipes 158 159 --benchmarkName Encina.Caching.Redis.Benchmarks.Benchmarks.RedisCacheProviderBenchmarks.ExistsAsync_False --job ShortRun --benchmarkId 1 in /home/runner/work/Encina/Encina/tests/Encina.BenchmarkTests/Encina.Caching.Redis.Benchmarks/bin/Release/net10.0/Encina.Caching.Redis.Benchmarks-Job-NUBXJZ-1/bin/Release/net10.0
// Failed to set up high priority (Permission denied). In order to run benchmarks with high priority, make sure you have the right permissions.
// BeforeAnythingElse

// Benchmark Process Environment Information:
// BenchmarkDotNet v0.15.8
// Runtime=.NET 10.0.12 (10.0.12, 10.0.1226.42308), X64 RyuJIT x86-64-v4
// GC=Concurrent Workstation
// HardwareIntrinsics=AVX512 BITALG+VBMI2+VNNI+VPOPCNTDQ,AVX512 IFMA+VBMI,AVX512 F+BW+CD+DQ+VL,AVX2+BMI1+BMI2+F16C+FMA+LZCNT+MOVBE,AVX,SSE3+SSSE3+SSE4.1+SSE4.2+POPCNT,X86Base+SSE+SSE2,AES+PCLMUL,AvxVnni VectorSize=256
// Job: ShortRun(IterationCount=3, LaunchCount=1, WarmupCount=3)

[testcontainers.org 00:00:00.19] Connected to Docker:
  Host: unix:///var/run/docker.sock
  Server Version: 28.0.4
  Kernel Version: 6.17.0-1022-azure
  API Version: 1.48
  Operating System: Ubuntu 24.04.5 LTS
  Total Memory: 15.61 GB
[testcontainers.org 00:00:00.38] Docker container d349335a4005 created
[testcontainers.org 00:00:00.44] Start Docker container d349335a4005
[testcontainers.org 00:00:00.55] Wait for Docker container d349335a4005 to complete readiness checks
[testcontainers.org 00:00:01.58] Docker container d349335a4005 ready
[testcontainers.org 00:00:01.62] Docker container 2d0430521646 created
[testcontainers.org 00:00:01.62] Start Docker container 2d0430521646
[testcontainers.org 00:00:01.71] Wait for Docker container 2d0430521646 to complete readiness checks
[testcontainers.org 00:00:01.72] Execute "redis-cli ping" at Docker container 2d0430521646
[testcontainers.org 00:00:01.77] Docker container 2d0430521646 ready
OverheadJitting  1: 1 op, 181390.00 ns, 181.3900 us/op
WorkloadJitting  1: 1 op, 5674917.00 ns, 5.6749 ms/op

OverheadJitting  2: 16 op, 248139.00 ns, 15.5087 us/op
WorkloadJitting  2: 16 op, 2975901.00 ns, 185.9938 us/op

WorkloadPilot    1: 16 op, 2034928.00 ns, 127.1830 us/op
WorkloadPilot    2: 32 op, 3734832.00 ns, 116.7135 us/op
WorkloadPilot    3: 64 op, 7456292.00 ns, 116.5046 us/op
WorkloadPilot    4: 128 op, 14955739.00 ns, 116.8417 us/op
WorkloadPilot    5: 256 op, 29402926.00 ns, 114.8552 us/op
WorkloadPilot    6: 512 op, 58340230.00 ns, 113.9458 us/op
WorkloadPilot    7: 1024 op, 116817599.00 ns, 114.0797 us/op
WorkloadPilot    8: 2048 op, 230730572.00 ns, 112.6614 us/op
WorkloadPilot    9: 4096 op, 450964467.00 ns, 110.0987 us/op
WorkloadPilot   10: 8192 op, 908737034.00 ns, 110.9298 us/op

OverheadWarmup   1: 8192 op, 15443.00 ns, 1.8851 ns/op
OverheadWarmup   2: 8192 op, 14642.00 ns, 1.7874 ns/op
OverheadWarmup   3: 8192 op, 14672.00 ns, 1.7910 ns/op
OverheadWarmup   4: 8192 op, 14602.00 ns, 1.7825 ns/op
OverheadWarmup   5: 8192 op, 14652.00 ns, 1.7886 ns/op
OverheadWarmup   6: 8192 op, 14652.00 ns, 1.7886 ns/op

OverheadActual   1: 8192 op, 15974.00 ns, 1.9500 ns/op
OverheadActual   2: 8192 op, 26790.00 ns, 3.2703 ns/op
OverheadActual   3: 8192 op, 16154.00 ns, 1.9719 ns/op
OverheadActual   4: 8192 op, 14833.00 ns, 1.8107 ns/op
OverheadActual   5: 8192 op, 15273.00 ns, 1.8644 ns/op
OverheadActual   6: 8192 op, 16205.00 ns, 1.9781 ns/op
OverheadActual   7: 8192 op, 15993.00 ns, 1.9523 ns/op
OverheadActual   8: 8192 op, 14682.00 ns, 1.7922 ns/op
OverheadActual   9: 8192 op, 15984.00 ns, 1.9512 ns/op
OverheadActual  10: 8192 op, 15943.00 ns, 1.9462 ns/op
OverheadActual  11: 8192 op, 14402.00 ns, 1.7581 ns/op
OverheadActual  12: 8192 op, 14802.00 ns, 1.8069 ns/op
OverheadActual  13: 8192 op, 14692.00 ns, 1.7935 ns/op
OverheadActual  14: 8192 op, 14351.00 ns, 1.7518 ns/op
OverheadActual  15: 8192 op, 14532.00 ns, 1.7739 ns/op
OverheadActual  16: 8192 op, 15823.00 ns, 1.9315 ns/op

WorkloadWarmup   1: 8192 op, 914521041.00 ns, 111.6359 us/op
WorkloadWarmup   2: 8192 op, 908934961.00 ns, 110.9540 us/op
WorkloadWarmup   3: 8192 op, 899327334.00 ns, 109.7812 us/op

// BeforeActualRun
WorkloadActual   1: 8192 op, 923218810.00 ns, 112.6976 us/op
WorkloadActual   2: 8192 op, 922629663.00 ns, 112.6257 us/op
WorkloadActual   3: 8192 op, 901413645.00 ns, 110.0358 us/op

// AfterActualRun
WorkloadResult   1: 8192 op, 923203262.00 ns, 112.6957 us/op
WorkloadResult   2: 8192 op, 922614115.00 ns, 112.6238 us/op
WorkloadResult   3: 8192 op, 901398097.00 ns, 110.0339 us/op
// GC:  0 0 0 4763712 8192
// Threading:  16385 932 8192

[testcontainers.org 00:00:10.46] Stop Docker container 2d0430521646
[testcontainers.org 00:00:10.62] Delete Docker container 2d0430521646
// AfterAll
// Benchmark Process 3329 has exited with code 0.

Mean = 111.784 μs, StdErr = 0.876 μs (0.78%), N = 3, StdDev = 1.516 μs
Min = 110.034 μs, Q1 = 111.329 μs, Median = 112.624 μs, Q3 = 112.660 μs, Max = 112.696 μs
IQR = 1.331 μs, LowerFence = 109.333 μs, UpperFence = 114.656 μs
ConfidenceInterval = [84.119 μs; 139.450 μs] (CI 99.9%), Margin = 27.665 μs (24.75% of Mean)
Skewness = -0.38, Kurtosis = 0.67, MValue = 2

// ** Remained 18 (90.0 %) benchmark(s) to run. Estimated finish 2026-10-10 11:01 (0h 6m from now) **
// **************************
// Benchmark: RedisCacheProviderBenchmarks.ExistsAsync_True: Job-NUBXJZ(IterationCount=20, WarmupCount=5)
// *** Execute ***
// Launch: 1 / 1
// Execute: dotnet Encina.Caching.Redis.Benchmarks-Job-NUBXJZ-1.dll --anonymousPipes 158 159 --benchmarkName Encina.Caching.Redis.Benchmarks.Benchmarks.RedisCacheProviderBenchmarks.ExistsAsync_True --job "IterationCount=20, WarmupCount=5" --benchmarkId 2 in /home/runner/work/Encina/Encina/tests/Encina.BenchmarkTests/Encina.Caching.Redis.Benchmarks/bin/Release/net10.0/Encina.Caching.Redis.Benchmarks-Job-NUBXJZ-1/bin/Release/net10.0
// Failed to set up high priority (Permission denied). In order to run benchmarks with high priority, make sure you have the right permissions.
// BeforeAnythingElse

// Benchmark Process Environment Information:
// BenchmarkDotNet v0.15.8
// Runtime=.NET 10.0.12 (10.0.12, 10.0.1226.42308), X64 RyuJIT x86-64-v4
// GC=Concurrent Workstation
// HardwareIntrinsics=AVX512 BITALG+VBMI2+VNNI+VPOPCNTDQ,AVX512 IFMA+VBMI,AVX512 F+BW+CD+DQ+VL,AVX2+BMI1+BMI2+F16C+FMA+LZCNT+MOVBE,AVX,SSE3+SSSE3+SSE4.1+SSE4.2+POPCNT,X86Base+SSE+SSE2,AES+PCLMUL,AvxVnni VectorSize=256
// Job: Job-NUBXJZ(IterationCount=20, WarmupCount=5)

[testcontainers.org 00:00:00.20] Connected to Docker:
  Host: unix:///var/run/docker.sock
  Server Version: 28.0.4
  Kernel Version: 6.17.0-1022-azure
  API Version: 1.48
  Operating System: Ubuntu 24.04.5 LTS
  Total Memory: 15.61 GB
[testcontainers.org 00:00:00.39] Docker container b73d01945c2a created
[testcontainers.org 00:00:00.44] Start Docker container b73d01945c2a
[testcontainers.org 00:00:00.55] Wait for Docker container b73d01945c2a to complete readiness checks
[testcontainers.org 00:00:01.58] Docker container b73d01945c2a ready
[testcontainers.org 00:00:01.63] Docker container 10ef6bf6aae0 created
[testcontainers.org 00:00:01.63] Start Docker container 10ef6bf6aae0
[testcontainers.org 00:00:01.71] Wait for Docker container 10ef6bf6aae0 to complete readiness checks
[testcontainers.org 00:00:01.72] Execute "redis-cli ping" at Docker container 10ef6bf6aae0
[testcontainers.org 00:00:01.78] Docker container 10ef6bf6aae0 ready
OverheadJitting  1: 1 op, 154891.00 ns, 154.8910 us/op
WorkloadJitting  1: 1 op, 5397353.00 ns, 5.3974 ms/op

OverheadJitting  2: 16 op, 233007.00 ns, 14.5629 us/op
WorkloadJitting  2: 16 op, 2487853.00 ns, 155.4908 us/op

WorkloadPilot    1: 16 op, 2059479.00 ns, 128.7174 us/op
WorkloadPilot    2: 32 op, 4106704.00 ns, 128.3345 us/op
WorkloadPilot    3: 64 op, 7668664.00 ns, 119.8229 us/op
WorkloadPilot    4: 128 op, 14991141.00 ns, 117.1183 us/op
WorkloadPilot    5: 256 op, 29211667.00 ns, 114.1081 us/op
WorkloadPilot    6: 512 op, 57968154.00 ns, 113.2191 us/op
WorkloadPilot    7: 1024 op, 117937382.00 ns, 115.1732 us/op
WorkloadPilot    8: 2048 op, 223958557.00 ns, 109.3548 us/op
WorkloadPilot    9: 4096 op, 449866140.00 ns, 109.8306 us/op
WorkloadPilot   10: 8192 op, 894355934.00 ns, 109.1743 us/op

OverheadWarmup   1: 8192 op, 15123.00 ns, 1.8461 ns/op
OverheadWarmup   2: 8192 op, 14712.00 ns, 1.7959 ns/op
OverheadWarmup   3: 8192 op, 14452.00 ns, 1.7642 ns/op
OverheadWarmup   4: 8192 op, 14281.00 ns, 1.7433 ns/op
OverheadWarmup   5: 8192 op, 14261.00 ns, 1.7408 ns/op
OverheadWarmup   6: 8192 op, 14281.00 ns, 1.7433 ns/op
OverheadWarmup   7: 8192 op, 14231.00 ns, 1.7372 ns/op
OverheadWarmup   8: 8192 op, 14411.00 ns, 1.7592 ns/op
OverheadWarmup   9: 8192 op, 15623.00 ns, 1.9071 ns/op
OverheadWarmup  10: 8192 op, 14452.00 ns, 1.7642 ns/op

OverheadActual   1: 8192 op, 14562.00 ns, 1.7776 ns/op
OverheadActual   2: 8192 op, 14692.00 ns, 1.7935 ns/op
OverheadActual   3: 8192 op, 15873.00 ns, 1.9376 ns/op
OverheadActual   4: 8192 op, 14502.00 ns, 1.7703 ns/op
OverheadActual   5: 8192 op, 14532.00 ns, 1.7739 ns/op
OverheadActual   6: 8192 op, 14321.00 ns, 1.7482 ns/op
OverheadActual   7: 8192 op, 14281.00 ns, 1.7433 ns/op
OverheadActual   8: 8192 op, 15433.00 ns, 1.8839 ns/op
OverheadActual   9: 8192 op, 15643.00 ns, 1.9095 ns/op
OverheadActual  10: 8192 op, 15623.00 ns, 1.9071 ns/op
OverheadActual  11: 8192 op, 15403.00 ns, 1.8802 ns/op
OverheadActual  12: 8192 op, 15313.00 ns, 1.8693 ns/op
OverheadActual  13: 8192 op, 15383.00 ns, 1.8778 ns/op
OverheadActual  14: 8192 op, 15193.00 ns, 1.8546 ns/op
OverheadActual  15: 8192 op, 15683.00 ns, 1.9144 ns/op

WorkloadWarmup   1: 8192 op, 891590562.00 ns, 108.8367 us/op
WorkloadWarmup   2: 8192 op, 900630966.00 ns, 109.9403 us/op
WorkloadWarmup   3: 8192 op, 919003115.00 ns, 112.1830 us/op
WorkloadWarmup   4: 8192 op, 890258723.00 ns, 108.6742 us/op
WorkloadWarmup   5: 8192 op, 887718238.00 ns, 108.3640 us/op

// BeforeActualRun
WorkloadActual   1: 8192 op, 894172757.00 ns, 109.1519 us/op
WorkloadActual   2: 8192 op, 912922403.00 ns, 111.4407 us/op
WorkloadActual   3: 8192 op, 892086808.00 ns, 108.8973 us/op
WorkloadActual   4: 8192 op, 894435515.00 ns, 109.1840 us/op
WorkloadActual   5: 8192 op, 890915748.00 ns, 108.7544 us/op
WorkloadActual   6: 8192 op, 921022065.00 ns, 112.4295 us/op
WorkloadActual   7: 8192 op, 888150666.00 ns, 108.4168 us/op
WorkloadActual   8: 8192 op, 915831102.00 ns, 111.7958 us/op
WorkloadActual   9: 8192 op, 915874076.00 ns, 111.8010 us/op
WorkloadActual  10: 8192 op, 941850176.00 ns, 114.9719 us/op
WorkloadActual  11: 8192 op, 909610626.00 ns, 111.0365 us/op
WorkloadActual  12: 8192 op, 903587594.00 ns, 110.3012 us/op
WorkloadActual  13: 8192 op, 923769993.00 ns, 112.7649 us/op
WorkloadActual  14: 8192 op, 906754872.00 ns, 110.6879 us/op
WorkloadActual  15: 8192 op, 912185499.00 ns, 111.3508 us/op
WorkloadActual  16: 8192 op, 934466099.00 ns, 114.0706 us/op
WorkloadActual  17: 8192 op, 922453533.00 ns, 112.6042 us/op
WorkloadActual  18: 8192 op, 929637257.00 ns, 113.4811 us/op
WorkloadActual  19: 8192 op, 957349437.00 ns, 116.8639 us/op
WorkloadActual  20: 8192 op, 919844964.00 ns, 112.2858 us/op

// AfterActualRun
WorkloadResult   1: 8192 op, 894157444.00 ns, 109.1501 us/op
WorkloadResult   2: 8192 op, 912907090.00 ns, 111.4389 us/op
WorkloadResult   3: 8192 op, 892071495.00 ns, 108.8954 us/op
WorkloadResult   4: 8192 op, 894420202.00 ns, 109.1822 us/op
WorkloadResult   5: 8192 op, 890900435.00 ns, 108.7525 us/op
WorkloadResult   6: 8192 op, 921006752.00 ns, 112.4276 us/op
WorkloadResult   7: 8192 op, 888135353.00 ns, 108.4150 us/op
WorkloadResult   8: 8192 op, 915815789.00 ns, 111.7939 us/op
WorkloadResult   9: 8192 op, 915858763.00 ns, 111.7992 us/op
WorkloadResult  10: 8192 op, 941834863.00 ns, 114.9701 us/op
WorkloadResult  11: 8192 op, 909595313.00 ns, 111.0346 us/op
WorkloadResult  12: 8192 op, 903572281.00 ns, 110.2994 us/op
WorkloadResult  13: 8192 op, 923754680.00 ns, 112.7630 us/op
WorkloadResult  14: 8192 op, 906739559.00 ns, 110.6860 us/op
WorkloadResult  15: 8192 op, 912170186.00 ns, 111.3489 us/op
WorkloadResult  16: 8192 op, 934450786.00 ns, 114.0687 us/op
WorkloadResult  17: 8192 op, 922438220.00 ns, 112.6023 us/op
WorkloadResult  18: 8192 op, 929621944.00 ns, 113.4792 us/op
WorkloadResult  19: 8192 op, 919829651.00 ns, 112.2839 us/op
// GC:  0 0 0 4842368 8192
// Threading:  16385 814 8192

[testcontainers.org 00:00:27.74] Stop Docker container 10ef6bf6aae0
[testcontainers.org 00:00:27.89] Delete Docker container 10ef6bf6aae0
// AfterAll
// Benchmark Process 3649 has exited with code 0.

Mean = 111.336 μs, StdErr = 0.431 μs (0.39%), N = 19, StdDev = 1.880 μs
Min = 108.415 μs, Q1 = 109.741 μs, Median = 111.439 μs, Q3 = 112.515 μs, Max = 114.970 μs
IQR = 2.774 μs, LowerFence = 105.579 μs, UpperFence = 116.676 μs
ConfidenceInterval = [109.645 μs; 113.028 μs] (CI 99.9%), Margin = 1.691 μs (1.52% of Mean)
Skewness = 0.05, Kurtosis = 1.93, MValue = 2

// ** Remained 17 (85.0 %) benchmark(s) to run. Estimated finish 2026-10-10 11:01 (0h 6m from now) **
// **************************
// Benchmark: RedisCacheProviderBenchmarks.ExistsAsync_True: ShortRun(IterationCount=3, LaunchCount=1, WarmupCount=3)
// *** Execute ***
// Launch: 1 / 1
// Execute: dotnet Encina.Caching.Redis.Benchmarks-Job-NUBXJZ-1.dll --anonymousPipes 158 159 --benchmarkName Encina.Caching.Redis.Benchmarks.Benchmarks.RedisCacheProviderBenchmarks.ExistsAsync_True --job ShortRun --benchmarkId 3 in /home/runner/work/Encina/Encina/tests/Encina.BenchmarkTests/Encina.Caching.Redis.Benchmarks/bin/Release/net10.0/Encina.Caching.Redis.Benchmarks-Job-NUBXJZ-1/bin/Release/net10.0
// Failed to set up high priority (Permission denied). In order to run benchmarks with high priority, make sure you have the right permissions.
// BeforeAnythingElse

// Benchmark Process Environment Information:
// BenchmarkDotNet v0.15.8
// Runtime=.NET 10.0.12 (10.0.12, 10.0.1226.42308), X64 RyuJIT x86-64-v4
// GC=Concurrent Workstation
// HardwareIntrinsics=AVX512 BITALG+VBMI2+VNNI+VPOPCNTDQ,AVX512 IFMA+VBMI,AVX512 F+BW+CD+DQ+VL,AVX2+BMI1+BMI2+F16C+FMA+LZCNT+MOVBE,AVX,SSE3+SSSE3+SSE4.1+SSE4.2+POPCNT,X86Base+SSE+SSE2,AES+PCLMUL,AvxVnni VectorSize=256
// Job: ShortRun(IterationCount=3, LaunchCount=1, WarmupCount=3)

[testcontainers.org 00:00:00.19] Connected to Docker:
  Host: unix:///var/run/docker.sock
  Server Version: 28.0.4
  Kernel Version: 6.17.0-1022-azure
  API Version: 1.48
  Operating System: Ubuntu 24.04.5 LTS
  Total Memory: 15.61 GB
[testcontainers.org 00:00:00.38] Docker container 734a832ccb2f created
[testcontainers.org 00:00:00.45] Start Docker container 734a832ccb2f
[testcontainers.org 00:00:00.55] Wait for Docker container 734a832ccb2f to complete readiness checks
[testcontainers.org 00:00:01.57] Docker container 734a832ccb2f ready
[testcontainers.org 00:00:01.62] Docker container 22ca47a227a8 created
[testcontainers.org 00:00:01.62] Start Docker container 22ca47a227a8
[testcontainers.org 00:00:01.70] Wait for Docker container 22ca47a227a8 to complete readiness checks
[testcontainers.org 00:00:01.71] Execute "redis-cli ping" at Docker container 22ca47a227a8
[testcontainers.org 00:00:01.76] Docker container 22ca47a227a8 ready
OverheadJitting  1: 1 op, 139308.00 ns, 139.3080 us/op
WorkloadJitting  1: 1 op, 5194632.00 ns, 5.1946 ms/op

OverheadJitting  2: 16 op, 232516.00 ns, 14.5323 us/op
WorkloadJitting  2: 16 op, 2402416.00 ns, 150.1510 us/op

WorkloadPilot    1: 16 op, 1982003.00 ns, 123.8752 us/op
WorkloadPilot    2: 32 op, 3663620.00 ns, 114.4881 us/op
WorkloadPilot    3: 64 op, 7445686.00 ns, 116.3388 us/op
WorkloadPilot    4: 128 op, 15430486.00 ns, 120.5507 us/op
WorkloadPilot    5: 256 op, 29843407.00 ns, 116.5758 us/op
WorkloadPilot    6: 512 op, 57681825.00 ns, 112.6598 us/op
WorkloadPilot    7: 1024 op, 114658214.00 ns, 111.9709 us/op
WorkloadPilot    8: 2048 op, 227805977.00 ns, 111.2334 us/op
WorkloadPilot    9: 4096 op, 449792588.00 ns, 109.8126 us/op
WorkloadPilot   10: 8192 op, 898878916.00 ns, 109.7264 us/op

OverheadWarmup   1: 8192 op, 15393.00 ns, 1.8790 ns/op
OverheadWarmup   2: 8192 op, 14552.00 ns, 1.7764 ns/op
OverheadWarmup   3: 8192 op, 14411.00 ns, 1.7592 ns/op
OverheadWarmup   4: 8192 op, 15603.00 ns, 1.9047 ns/op
OverheadWarmup   5: 8192 op, 14382.00 ns, 1.7556 ns/op
OverheadWarmup   6: 8192 op, 15723.00 ns, 1.9193 ns/op
OverheadWarmup   7: 8192 op, 15543.00 ns, 1.8973 ns/op

OverheadActual   1: 8192 op, 16004.00 ns, 1.9536 ns/op
OverheadActual   2: 8192 op, 14802.00 ns, 1.8069 ns/op
OverheadActual   3: 8192 op, 14682.00 ns, 1.7922 ns/op
OverheadActual   4: 8192 op, 14472.00 ns, 1.7666 ns/op
OverheadActual   5: 8192 op, 14722.00 ns, 1.7971 ns/op
OverheadActual   6: 8192 op, 15614.00 ns, 1.9060 ns/op
OverheadActual   7: 8192 op, 14632.00 ns, 1.7861 ns/op
OverheadActual   8: 8192 op, 14381.00 ns, 1.7555 ns/op
OverheadActual   9: 8192 op, 15553.00 ns, 1.8986 ns/op
OverheadActual  10: 8192 op, 15774.00 ns, 1.9255 ns/op
OverheadActual  11: 8192 op, 15543.00 ns, 1.8973 ns/op
OverheadActual  12: 8192 op, 15473.00 ns, 1.8888 ns/op
OverheadActual  13: 8192 op, 15613.00 ns, 1.9059 ns/op
OverheadActual  14: 8192 op, 15543.00 ns, 1.8973 ns/op
OverheadActual  15: 8192 op, 15453.00 ns, 1.8864 ns/op

WorkloadWarmup   1: 8192 op, 900175028.00 ns, 109.8846 us/op
WorkloadWarmup   2: 8192 op, 922123367.00 ns, 112.5639 us/op
WorkloadWarmup   3: 8192 op, 916945331.00 ns, 111.9318 us/op

// BeforeActualRun
WorkloadActual   1: 8192 op, 897684061.00 ns, 109.5806 us/op
WorkloadActual   2: 8192 op, 905386746.00 ns, 110.5208 us/op
WorkloadActual   3: 8192 op, 910955491.00 ns, 111.2006 us/op

// AfterActualRun
WorkloadResult   1: 8192 op, 897668588.00 ns, 109.5787 us/op
WorkloadResult   2: 8192 op, 905371273.00 ns, 110.5190 us/op
WorkloadResult   3: 8192 op, 910940018.00 ns, 111.1987 us/op
// GC:  0 0 0 4835904 8192
// Threading:  16385 956 8192

[testcontainers.org 00:00:10.37] Stop Docker container 22ca47a227a8
[testcontainers.org 00:00:10.52] Delete Docker container 22ca47a227a8
// AfterAll
// Benchmark Process 3987 has exited with code 0.

Mean = 110.432 μs, StdErr = 0.470 μs (0.43%), N = 3, StdDev = 0.814 μs
Min = 109.579 μs, Q1 = 110.049 μs, Median = 110.519 μs, Q3 = 110.859 μs, Max = 111.199 μs
IQR = 0.810 μs, LowerFence = 108.834 μs, UpperFence = 112.074 μs
ConfidenceInterval = [95.591 μs; 125.274 μs] (CI 99.9%), Margin = 14.841 μs (13.44% of Mean)
Skewness = -0.11, Kurtosis = 0.67, MValue = 2

// ** Remained 16 (80.0 %) benchmark(s) to run. Estimated finish 2026-10-10 11:00 (0h 5m from now) **
// **************************
// Benchmark: RedisCacheProviderBenchmarks.GetAsync_CacheHit: Job-NUBXJZ(IterationCount=20, WarmupCount=5)
// *** Execute ***
// Launch: 1 / 1
// Execute: dotnet Encina.Caching.Redis.Benchmarks-Job-NUBXJZ-1.dll --anonymousPipes 158 159 --benchmarkName Encina.Caching.Redis.Benchmarks.Benchmarks.RedisCacheProviderBenchmarks.GetAsync_CacheHit --job "IterationCount=20, WarmupCount=5" --benchmarkId 4 in /home/runner/work/Encina/Encina/tests/Encina.BenchmarkTests/Encina.Caching.Redis.Benchmarks/bin/Release/net10.0/Encina.Caching.Redis.Benchmarks-Job-NUBXJZ-1/bin/Release/net10.0
// Failed to set up high priority (Permission denied). In order to run benchmarks with high priority, make sure you have the right permissions.
// BeforeAnythingElse

// Benchmark Process Environment Information:
// BenchmarkDotNet v0.15.8
// Runtime=.NET 10.0.12 (10.0.12, 10.0.1226.42308), X64 RyuJIT x86-64-v4
// GC=Concurrent Workstation
// HardwareIntrinsics=AVX512 BITALG+VBMI2+VNNI+VPOPCNTDQ,AVX512 IFMA+VBMI,AVX512 F+BW+CD+DQ+VL,AVX2+BMI1+BMI2+F16C+FMA+LZCNT+MOVBE,AVX,SSE3+SSSE3+SSE4.1+SSE4.2+POPCNT,X86Base+SSE+SSE2,AES+PCLMUL,AvxVnni VectorSize=256
// Job: Job-NUBXJZ(IterationCount=20, WarmupCount=5)

[testcontainers.org 00:00:00.19] Connected to Docker:
  Host: unix:///var/run/docker.sock
  Server Version: 28.0.4
  Kernel Version: 6.17.0-1022-azure
  API Version: 1.48
  Operating System: Ubuntu 24.04.5 LTS
  Total Memory: 15.61 GB
[testcontainers.org 00:00:00.38] Docker container c780f6e0e922 created
[testcontainers.org 00:00:00.44] Start Docker container c780f6e0e922
[testcontainers.org 00:00:00.55] Wait for Docker container c780f6e0e922 to complete readiness checks
[testcontainers.org 00:00:01.58] Docker container c780f6e0e922 ready
[testcontainers.org 00:00:01.62] Docker container d039187df807 created
[testcontainers.org 00:00:01.62] Start Docker container d039187df807
[testcontainers.org 00:00:01.70] Wait for Docker container d039187df807 to complete readiness checks
[testcontainers.org 00:00:01.71] Execute "redis-cli ping" at Docker container d039187df807
[testcontainers.org 00:00:01.77] Docker container d039187df807 ready
OverheadJitting  1: 1 op, 205196.00 ns, 205.1960 us/op
WorkloadJitting  1: 1 op, 11599556.00 ns, 11.5996 ms/op

OverheadJitting  2: 16 op, 318775.00 ns, 19.9234 us/op
WorkloadJitting  2: 16 op, 2679373.00 ns, 167.4608 us/op

WorkloadPilot    1: 16 op, 2158117.00 ns, 134.8823 us/op
WorkloadPilot    2: 32 op, 4082339.00 ns, 127.5731 us/op
WorkloadPilot    3: 64 op, 9521700.00 ns, 148.7766 us/op
WorkloadPilot    4: 128 op, 15339560.00 ns, 119.8403 us/op
WorkloadPilot    5: 256 op, 30374931.00 ns, 118.6521 us/op
WorkloadPilot    6: 512 op, 58904298.00 ns, 115.0475 us/op
WorkloadPilot    7: 1024 op, 115620303.00 ns, 112.9105 us/op
WorkloadPilot    8: 2048 op, 229551804.00 ns, 112.0858 us/op
WorkloadPilot    9: 4096 op, 458038538.00 ns, 111.8258 us/op
WorkloadPilot   10: 8192 op, 933472325.00 ns, 113.9493 us/op

OverheadWarmup   1: 8192 op, 38747.00 ns, 4.7299 ns/op
OverheadWarmup   2: 8192 op, 25529.00 ns, 3.1163 ns/op
OverheadWarmup   3: 8192 op, 26149.00 ns, 3.1920 ns/op
OverheadWarmup   4: 8192 op, 26510.00 ns, 3.2361 ns/op
OverheadWarmup   5: 8192 op, 25398.00 ns, 3.1003 ns/op
OverheadWarmup   6: 8192 op, 26069.00 ns, 3.1823 ns/op
OverheadWarmup   7: 8192 op, 24907.00 ns, 3.0404 ns/op

OverheadActual   1: 8192 op, 25889.00 ns, 3.1603 ns/op
OverheadActual   2: 8192 op, 23716.00 ns, 2.8950 ns/op
OverheadActual   3: 8192 op, 18117.00 ns, 2.2115 ns/op
OverheadActual   4: 8192 op, 17867.00 ns, 2.1810 ns/op
OverheadActual   5: 8192 op, 18888.00 ns, 2.3057 ns/op
OverheadActual   6: 8192 op, 17726.00 ns, 2.1638 ns/op
OverheadActual   7: 8192 op, 17876.00 ns, 2.1821 ns/op
OverheadActual   8: 8192 op, 17757.00 ns, 2.1676 ns/op
OverheadActual   9: 8192 op, 17737.00 ns, 2.1652 ns/op
OverheadActual  10: 8192 op, 17757.00 ns, 2.1676 ns/op
OverheadActual  11: 8192 op, 17826.00 ns, 2.1760 ns/op
OverheadActual  12: 8192 op, 19239.00 ns, 2.3485 ns/op
OverheadActual  13: 8192 op, 17726.00 ns, 2.1638 ns/op
OverheadActual  14: 8192 op, 19068.00 ns, 2.3276 ns/op
OverheadActual  15: 8192 op, 17897.00 ns, 2.1847 ns/op

WorkloadWarmup   1: 8192 op, 931138966.00 ns, 113.6644 us/op
WorkloadWarmup   2: 8192 op, 927148760.00 ns, 113.1773 us/op
WorkloadWarmup   3: 8192 op, 930679564.00 ns, 113.6083 us/op
WorkloadWarmup   4: 8192 op, 924900576.00 ns, 112.9029 us/op
WorkloadWarmup   5: 8192 op, 928344868.00 ns, 113.3233 us/op

// BeforeActualRun
WorkloadActual   1: 8192 op, 928434388.00 ns, 113.3343 us/op
WorkloadActual   2: 8192 op, 943570339.00 ns, 115.1819 us/op
WorkloadActual   3: 8192 op, 939604599.00 ns, 114.6978 us/op
WorkloadActual   4: 8192 op, 937130627.00 ns, 114.3958 us/op
WorkloadActual   5: 8192 op, 944824948.00 ns, 115.3351 us/op
WorkloadActual   6: 8192 op, 935531295.00 ns, 114.2006 us/op
WorkloadActual   7: 8192 op, 937451162.00 ns, 114.4350 us/op
WorkloadActual   8: 8192 op, 916674254.00 ns, 111.8987 us/op
WorkloadActual   9: 8192 op, 919749156.00 ns, 112.2741 us/op
WorkloadActual  10: 8192 op, 937517851.00 ns, 114.4431 us/op
WorkloadActual  11: 8192 op, 928081183.00 ns, 113.2912 us/op
WorkloadActual  12: 8192 op, 936360476.00 ns, 114.3018 us/op
WorkloadActual  13: 8192 op, 1037812183.00 ns, 126.6861 us/op
WorkloadActual  14: 8192 op, 914490643.00 ns, 111.6322 us/op
WorkloadActual  15: 8192 op, 917338161.00 ns, 111.9798 us/op
WorkloadActual  16: 8192 op, 920941131.00 ns, 112.4196 us/op
WorkloadActual  17: 8192 op, 975578375.00 ns, 119.0892 us/op
WorkloadActual  18: 8192 op, 929390553.00 ns, 113.4510 us/op
WorkloadActual  19: 8192 op, 1011625630.00 ns, 123.4895 us/op
WorkloadActual  20: 8192 op, 928470917.00 ns, 113.3387 us/op

// AfterActualRun
WorkloadResult   1: 8192 op, 928416512.00 ns, 113.3321 us/op
WorkloadResult   2: 8192 op, 943552463.00 ns, 115.1797 us/op
WorkloadResult   3: 8192 op, 939586723.00 ns, 114.6956 us/op
WorkloadResult   4: 8192 op, 937112751.00 ns, 114.3936 us/op
WorkloadResult   5: 8192 op, 944807072.00 ns, 115.3329 us/op
WorkloadResult   6: 8192 op, 935513419.00 ns, 114.1984 us/op
WorkloadResult   7: 8192 op, 937433286.00 ns, 114.4328 us/op
WorkloadResult   8: 8192 op, 916656378.00 ns, 111.8965 us/op
WorkloadResult   9: 8192 op, 919731280.00 ns, 112.2719 us/op
WorkloadResult  10: 8192 op, 937499975.00 ns, 114.4409 us/op
WorkloadResult  11: 8192 op, 928063307.00 ns, 113.2890 us/op
WorkloadResult  12: 8192 op, 936342600.00 ns, 114.2996 us/op
WorkloadResult  13: 8192 op, 914472767.00 ns, 111.6300 us/op
WorkloadResult  14: 8192 op, 917320285.00 ns, 111.9776 us/op
WorkloadResult  15: 8192 op, 920923255.00 ns, 112.4174 us/op
WorkloadResult  16: 8192 op, 929372677.00 ns, 113.4488 us/op
WorkloadResult  17: 8192 op, 928453041.00 ns, 113.3366 us/op
// GC:  0 0 0 9238144 8192
// Threading:  16385 393 8192

[testcontainers.org 00:00:28.52] Stop Docker container d039187df807
[testcontainers.org 00:00:28.68] Delete Docker container d039187df807
// AfterAll
// Benchmark Process 4309 has exited with code 0.

Mean = 113.563 μs, StdErr = 0.287 μs (0.25%), N = 17, StdDev = 1.183 μs
Min = 111.630 μs, Q1 = 112.417 μs, Median = 113.449 μs, Q3 = 114.433 μs, Max = 115.333 μs
IQR = 2.015 μs, LowerFence = 109.394 μs, UpperFence = 117.456 μs
ConfidenceInterval = [112.411 μs; 114.715 μs] (CI 99.9%), Margin = 1.152 μs (1.01% of Mean)
Skewness = -0.2, Kurtosis = 1.59, MValue = 2

// ** Remained 15 (75.0 %) benchmark(s) to run. Estimated finish 2026-10-10 11:01 (0h 5m from now) **
// **************************
// Benchmark: RedisCacheProviderBenchmarks.GetAsync_CacheHit: ShortRun(IterationCount=3, LaunchCount=1, WarmupCount=3)
// *** Execute ***
// Launch: 1 / 1
// Execute: dotnet Encina.Caching.Redis.Benchmarks-Job-NUBXJZ-1.dll --anonymousPipes 158 159 --benchmarkName Encina.Caching.Redis.Benchmarks.Benchmarks.RedisCacheProviderBenchmarks.GetAsync_CacheHit --job ShortRun --benchmarkId 5 in /home/runner/work/Encina/Encina/tests/Encina.BenchmarkTests/Encina.Caching.Redis.Benchmarks/bin/Release/net10.0/Encina.Caching.Redis.Benchmarks-Job-NUBXJZ-1/bin/Release/net10.0
// Failed to set up high priority (Permission denied). In order to run benchmarks with high priority, make sure you have the right permissions.
// BeforeAnythingElse

// Benchmark Process Environment Information:
// BenchmarkDotNet v0.15.8
// Runtime=.NET 10.0.12 (10.0.12, 10.0.1226.42308), X64 RyuJIT x86-64-v4
// GC=Concurrent Workstation
// HardwareIntrinsics=AVX512 BITALG+VBMI2+VNNI+VPOPCNTDQ,AVX512 IFMA+VBMI,AVX512 F+BW+CD+DQ+VL,AVX2+BMI1+BMI2+F16C+FMA+LZCNT+MOVBE,AVX,SSE3+SSSE3+SSE4.1+SSE4.2+POPCNT,X86Base+SSE+SSE2,AES+PCLMUL,AvxVnni VectorSize=256
// Job: ShortRun(IterationCount=3, LaunchCount=1, WarmupCount=3)

[testcontainers.org 00:00:00.20] Connected to Docker:
  Host: unix:///var/run/docker.sock
  Server Version: 28.0.4
  Kernel Version: 6.17.0-1022-azure
  API Version: 1.48
  Operating System: Ubuntu 24.04.5 LTS
  Total Memory: 15.61 GB
[testcontainers.org 00:00:00.39] Docker container 52f98cf3cdba created
[testcontainers.org 00:00:00.45] Start Docker container 52f98cf3cdba
[testcontainers.org 00:00:00.55] Wait for Docker container 52f98cf3cdba to complete readiness checks
[testcontainers.org 00:00:01.58] Docker container 52f98cf3cdba ready
[testcontainers.org 00:00:01.62] Docker container 248bd2cd20a2 created
[testcontainers.org 00:00:01.62] Start Docker container 248bd2cd20a2
[testcontainers.org 00:00:01.70] Wait for Docker container 248bd2cd20a2 to complete readiness checks
[testcontainers.org 00:00:01.71] Execute "redis-cli ping" at Docker container 248bd2cd20a2
[testcontainers.org 00:00:01.77] Docker container 248bd2cd20a2 ready
OverheadJitting  1: 1 op, 173980.00 ns, 173.9800 us/op
WorkloadJitting  1: 1 op, 11409235.00 ns, 11.4092 ms/op

OverheadJitting  2: 16 op, 314338.00 ns, 19.6461 us/op
WorkloadJitting  2: 16 op, 2884319.00 ns, 180.2699 us/op

WorkloadPilot    1: 16 op, 2136003.00 ns, 133.5002 us/op
WorkloadPilot    2: 32 op, 3979842.00 ns, 124.3701 us/op
WorkloadPilot    3: 64 op, 9030130.00 ns, 141.0958 us/op
WorkloadPilot    4: 128 op, 15579616.00 ns, 121.7158 us/op
WorkloadPilot    5: 256 op, 30307597.00 ns, 118.3891 us/op
WorkloadPilot    6: 512 op, 59997924.00 ns, 117.1834 us/op
WorkloadPilot    7: 1024 op, 116555170.00 ns, 113.8234 us/op
WorkloadPilot    8: 2048 op, 235710164.00 ns, 115.0929 us/op
WorkloadPilot    9: 4096 op, 493971641.00 ns, 120.5985 us/op
WorkloadPilot   10: 8192 op, 927941673.00 ns, 113.2741 us/op

OverheadWarmup   1: 8192 op, 18348.00 ns, 2.2397 ns/op
OverheadWarmup   2: 8192 op, 17867.00 ns, 2.1810 ns/op
OverheadWarmup   3: 8192 op, 17756.00 ns, 2.1675 ns/op
OverheadWarmup   4: 8192 op, 17666.00 ns, 2.1565 ns/op
OverheadWarmup   5: 8192 op, 17546.00 ns, 2.1418 ns/op
OverheadWarmup   6: 8192 op, 17626.00 ns, 2.1516 ns/op
OverheadWarmup   7: 8192 op, 17536.00 ns, 2.1406 ns/op
OverheadWarmup   8: 8192 op, 17547.00 ns, 2.1420 ns/op
OverheadWarmup   9: 8192 op, 17606.00 ns, 2.1492 ns/op
OverheadWarmup  10: 8192 op, 18958.00 ns, 2.3142 ns/op

OverheadActual   1: 8192 op, 18037.00 ns, 2.2018 ns/op
OverheadActual   2: 8192 op, 17927.00 ns, 2.1884 ns/op
OverheadActual   3: 8192 op, 19339.00 ns, 2.3607 ns/op
OverheadActual   4: 8192 op, 17686.00 ns, 2.1589 ns/op
OverheadActual   5: 8192 op, 17867.00 ns, 2.1810 ns/op
OverheadActual   6: 8192 op, 17496.00 ns, 2.1357 ns/op
OverheadActual   7: 8192 op, 17456.00 ns, 2.1309 ns/op
OverheadActual   8: 8192 op, 17516.00 ns, 2.1382 ns/op
OverheadActual   9: 8192 op, 18969.00 ns, 2.3156 ns/op
OverheadActual  10: 8192 op, 26830.00 ns, 3.2751 ns/op
OverheadActual  11: 8192 op, 26579.00 ns, 3.2445 ns/op
OverheadActual  12: 8192 op, 27261.00 ns, 3.3278 ns/op
OverheadActual  13: 8192 op, 28944.00 ns, 3.5332 ns/op
OverheadActual  14: 8192 op, 25187.00 ns, 3.0746 ns/op
OverheadActual  15: 8192 op, 25137.00 ns, 3.0685 ns/op
OverheadActual  16: 8192 op, 24827.00 ns, 3.0306 ns/op
OverheadActual  17: 8192 op, 25178.00 ns, 3.0735 ns/op
OverheadActual  18: 8192 op, 26099.00 ns, 3.1859 ns/op
OverheadActual  19: 8192 op, 24696.00 ns, 3.0146 ns/op
OverheadActual  20: 8192 op, 24557.00 ns, 2.9977 ns/op

WorkloadWarmup   1: 8192 op, 928545523.00 ns, 113.3478 us/op
WorkloadWarmup   2: 8192 op, 931747380.00 ns, 113.7387 us/op
WorkloadWarmup   3: 8192 op, 941895720.00 ns, 114.9775 us/op

// BeforeActualRun
WorkloadActual   1: 8192 op, 921350840.00 ns, 112.4696 us/op
WorkloadActual   2: 8192 op, 934208503.00 ns, 114.0391 us/op
WorkloadActual   3: 8192 op, 937906042.00 ns, 114.4905 us/op

// AfterActualRun
WorkloadResult   1: 8192 op, 921326213.50 ns, 112.4666 us/op
WorkloadResult   2: 8192 op, 934183876.50 ns, 114.0361 us/op
WorkloadResult   3: 8192 op, 937881415.50 ns, 114.4875 us/op
// GC:  0 0 0 9236608 8192
// Threading:  16385 738 8192

[testcontainers.org 00:00:10.66] Stop Docker container 248bd2cd20a2
[testcontainers.org 00:00:10.82] Delete Docker container 248bd2cd20a2
// AfterAll
// Benchmark Process 4648 has exited with code 0.

Mean = 113.663 μs, StdErr = 0.612 μs (0.54%), N = 3, StdDev = 1.061 μs
Min = 112.467 μs, Q1 = 113.251 μs, Median = 114.036 μs, Q3 = 114.262 μs, Max = 114.487 μs
IQR = 1.010 μs, LowerFence = 111.736 μs, UpperFence = 115.777 μs
ConfidenceInterval = [94.311 μs; 133.016 μs] (CI 99.9%), Margin = 19.352 μs (17.03% of Mean)
Skewness = -0.31, Kurtosis = 0.67, MValue = 2

// ** Remained 14 (70.0 %) benchmark(s) to run. Estimated finish 2026-10-10 11:00 (0h 4m from now) **
// **************************
// Benchmark: RedisCacheProviderBenchmarks.GetAsync_CacheMiss: Job-NUBXJZ(IterationCount=20, WarmupCount=5)
// *** Execute ***
// Launch: 1 / 1
// Execute: dotnet Encina.Caching.Redis.Benchmarks-Job-NUBXJZ-1.dll --anonymousPipes 158 159 --benchmarkName Encina.Caching.Redis.Benchmarks.Benchmarks.RedisCacheProviderBenchmarks.GetAsync_CacheMiss --job "IterationCount=20, WarmupCount=5" --benchmarkId 6 in /home/runner/work/Encina/Encina/tests/Encina.BenchmarkTests/Encina.Caching.Redis.Benchmarks/bin/Release/net10.0/Encina.Caching.Redis.Benchmarks-Job-NUBXJZ-1/bin/Release/net10.0
// Failed to set up high priority (Permission denied). In order to run benchmarks with high priority, make sure you have the right permissions.
// BeforeAnythingElse

// Benchmark Process Environment Information:
// BenchmarkDotNet v0.15.8
// Runtime=.NET 10.0.12 (10.0.12, 10.0.1226.42308), X64 RyuJIT x86-64-v4
// GC=Concurrent Workstation
// HardwareIntrinsics=AVX512 BITALG+VBMI2+VNNI+VPOPCNTDQ,AVX512 IFMA+VBMI,AVX512 F+BW+CD+DQ+VL,AVX2+BMI1+BMI2+F16C+FMA+LZCNT+MOVBE,AVX,SSE3+SSSE3+SSE4.1+SSE4.2+POPCNT,X86Base+SSE+SSE2,AES+PCLMUL,AvxVnni VectorSize=256
// Job: Job-NUBXJZ(IterationCount=20, WarmupCount=5)

[testcontainers.org 00:00:00.19] Connected to Docker:
  Host: unix:///var/run/docker.sock
  Server Version: 28.0.4
  Kernel Version: 6.17.0-1022-azure
  API Version: 1.48
  Operating System: Ubuntu 24.04.5 LTS
  Total Memory: 15.61 GB
[testcontainers.org 00:00:00.38] Docker container 891abb21e257 created
[testcontainers.org 00:00:00.45] Start Docker container 891abb21e257
[testcontainers.org 00:00:00.55] Wait for Docker container 891abb21e257 to complete readiness checks
[testcontainers.org 00:00:01.58] Docker container 891abb21e257 ready
[testcontainers.org 00:00:01.62] Docker container ccd71e5cfd71 created
[testcontainers.org 00:00:01.63] Start Docker container ccd71e5cfd71
[testcontainers.org 00:00:01.71] Wait for Docker container ccd71e5cfd71 to complete readiness checks
[testcontainers.org 00:00:01.72] Execute "redis-cli ping" at Docker container ccd71e5cfd71
[testcontainers.org 00:00:01.77] Docker container ccd71e5cfd71 ready
OverheadJitting  1: 1 op, 178776.00 ns, 178.7760 us/op
WorkloadJitting  1: 1 op, 9024459.00 ns, 9.0245 ms/op

OverheadJitting  2: 16 op, 355269.00 ns, 22.2043 us/op
WorkloadJitting  2: 16 op, 2516221.00 ns, 157.2638 us/op

WorkloadPilot    1: 16 op, 2046990.00 ns, 127.9369 us/op
WorkloadPilot    2: 32 op, 3894790.00 ns, 121.7122 us/op
WorkloadPilot    3: 64 op, 7776684.00 ns, 121.5107 us/op
WorkloadPilot    4: 128 op, 13251665.00 ns, 103.5286 us/op
WorkloadPilot    5: 256 op, 30479504.00 ns, 119.0606 us/op
WorkloadPilot    6: 512 op, 59320349.00 ns, 115.8601 us/op
WorkloadPilot    7: 1024 op, 117815437.00 ns, 115.0541 us/op
WorkloadPilot    8: 2048 op, 232832947.00 ns, 113.6880 us/op
WorkloadPilot    9: 4096 op, 457667725.00 ns, 111.7353 us/op
WorkloadPilot   10: 8192 op, 910276952.00 ns, 111.1178 us/op

OverheadWarmup   1: 8192 op, 26279.00 ns, 3.2079 ns/op
OverheadWarmup   2: 8192 op, 24146.00 ns, 2.9475 ns/op
OverheadWarmup   3: 8192 op, 24297.00 ns, 2.9659 ns/op
OverheadWarmup   4: 8192 op, 22824.00 ns, 2.7861 ns/op
OverheadWarmup   5: 8192 op, 24567.00 ns, 2.9989 ns/op
OverheadWarmup   6: 8192 op, 25979.00 ns, 3.1713 ns/op
OverheadWarmup   7: 8192 op, 22254.00 ns, 2.7166 ns/op

OverheadActual   1: 8192 op, 27792.00 ns, 3.3926 ns/op
OverheadActual   2: 8192 op, 23666.00 ns, 2.8889 ns/op
OverheadActual   3: 8192 op, 27491.00 ns, 3.3558 ns/op
OverheadActual   4: 8192 op, 26730.00 ns, 3.2629 ns/op
OverheadActual   5: 8192 op, 27140.00 ns, 3.3130 ns/op
OverheadActual   6: 8192 op, 26339.00 ns, 3.2152 ns/op
OverheadActual   7: 8192 op, 24997.00 ns, 3.0514 ns/op
OverheadActual   8: 8192 op, 26970.00 ns, 3.2922 ns/op
OverheadActual   9: 8192 op, 26560.00 ns, 3.2422 ns/op
OverheadActual  10: 8192 op, 26550.00 ns, 3.2410 ns/op
OverheadActual  11: 8192 op, 26620.00 ns, 3.2495 ns/op
OverheadActual  12: 8192 op, 26379.00 ns, 3.2201 ns/op
OverheadActual  13: 8192 op, 27070.00 ns, 3.3044 ns/op
OverheadActual  14: 8192 op, 26901.00 ns, 3.2838 ns/op
OverheadActual  15: 8192 op, 25458.00 ns, 3.1077 ns/op

WorkloadWarmup   1: 8192 op, 910671642.00 ns, 111.1660 us/op
WorkloadWarmup   2: 8192 op, 916844104.00 ns, 111.9194 us/op
WorkloadWarmup   3: 8192 op, 930265201.00 ns, 113.5578 us/op
WorkloadWarmup   4: 8192 op, 930109409.00 ns, 113.5387 us/op
WorkloadWarmup   5: 8192 op, 944768019.00 ns, 115.3281 us/op

// BeforeActualRun
WorkloadActual   1: 8192 op, 913066775.00 ns, 111.4583 us/op
WorkloadActual   2: 8192 op, 975528722.00 ns, 119.0831 us/op
WorkloadActual   3: 8192 op, 949714661.00 ns, 115.9320 us/op
WorkloadActual   4: 8192 op, 937951647.00 ns, 114.4961 us/op
WorkloadActual   5: 8192 op, 927647454.00 ns, 113.2382 us/op
WorkloadActual   6: 8192 op, 928400699.00 ns, 113.3302 us/op
WorkloadActual   7: 8192 op, 920814202.00 ns, 112.4041 us/op
WorkloadActual   8: 8192 op, 939980927.00 ns, 114.7438 us/op
WorkloadActual   9: 8192 op, 962070395.00 ns, 117.4402 us/op
WorkloadActual  10: 8192 op, 929958464.00 ns, 113.5203 us/op
WorkloadActual  11: 8192 op, 898800140.00 ns, 109.7168 us/op
WorkloadActual  12: 8192 op, 933814226.00 ns, 113.9910 us/op
WorkloadActual  13: 8192 op, 914451959.00 ns, 111.6274 us/op
WorkloadActual  14: 8192 op, 918677546.00 ns, 112.1433 us/op
WorkloadActual  15: 8192 op, 919882581.00 ns, 112.2904 us/op
WorkloadActual  16: 8192 op, 917085612.00 ns, 111.9489 us/op
WorkloadActual  17: 8192 op, 914176052.00 ns, 111.5938 us/op
WorkloadActual  18: 8192 op, 870425065.00 ns, 106.2531 us/op
WorkloadActual  19: 8192 op, 926139707.00 ns, 113.0542 us/op
WorkloadActual  20: 8192 op, 933223194.00 ns, 113.9188 us/op

// AfterActualRun
WorkloadResult   1: 8192 op, 913040155.00 ns, 111.4551 us/op
WorkloadResult   2: 8192 op, 949688041.00 ns, 115.9287 us/op
WorkloadResult   3: 8192 op, 937925027.00 ns, 114.4928 us/op
WorkloadResult   4: 8192 op, 927620834.00 ns, 113.2350 us/op
WorkloadResult   5: 8192 op, 928374079.00 ns, 113.3269 us/op
WorkloadResult   6: 8192 op, 920787582.00 ns, 112.4008 us/op
WorkloadResult   7: 8192 op, 939954307.00 ns, 114.7405 us/op
WorkloadResult   8: 8192 op, 962043775.00 ns, 117.4370 us/op
WorkloadResult   9: 8192 op, 929931844.00 ns, 113.5171 us/op
WorkloadResult  10: 8192 op, 898773520.00 ns, 109.7136 us/op
WorkloadResult  11: 8192 op, 933787606.00 ns, 113.9877 us/op
WorkloadResult  12: 8192 op, 914425339.00 ns, 111.6242 us/op
WorkloadResult  13: 8192 op, 918650926.00 ns, 112.1400 us/op
WorkloadResult  14: 8192 op, 919855961.00 ns, 112.2871 us/op
WorkloadResult  15: 8192 op, 917058992.00 ns, 111.9457 us/op
WorkloadResult  16: 8192 op, 914149432.00 ns, 111.5905 us/op
WorkloadResult  17: 8192 op, 870398445.00 ns, 106.2498 us/op
WorkloadResult  18: 8192 op, 926113087.00 ns, 113.0509 us/op
WorkloadResult  19: 8192 op, 933196574.00 ns, 113.9156 us/op
// GC:  0 0 0 5238784 8192
// Threading:  16385 788 8192

[testcontainers.org 00:00:28.18] Stop Docker container ccd71e5cfd71
[testcontainers.org 00:00:28.43] Delete Docker container ccd71e5cfd71
// AfterAll
// Benchmark Process 4973 has exited with code 0.

Mean = 112.792 μs, StdErr = 0.542 μs (0.48%), N = 19, StdDev = 2.360 μs
Min = 106.250 μs, Q1 = 111.785 μs, Median = 113.051 μs, Q3 = 113.952 μs, Max = 117.437 μs
IQR = 2.167 μs, LowerFence = 108.535 μs, UpperFence = 117.202 μs
ConfidenceInterval = [110.668 μs; 114.915 μs] (CI 99.9%), Margin = 2.124 μs (1.88% of Mean)
Skewness = -0.67, Kurtosis = 4.27, MValue = 2

// ** Remained 13 (65.0 %) benchmark(s) to run. Estimated finish 2026-10-10 11:01 (0h 4m from now) **
// **************************
// Benchmark: RedisCacheProviderBenchmarks.GetAsync_CacheMiss: ShortRun(IterationCount=3, LaunchCount=1, WarmupCount=3)
// *** Execute ***
// Launch: 1 / 1
// Execute: dotnet Encina.Caching.Redis.Benchmarks-Job-NUBXJZ-1.dll --anonymousPipes 158 159 --benchmarkName Encina.Caching.Redis.Benchmarks.Benchmarks.RedisCacheProviderBenchmarks.GetAsync_CacheMiss --job ShortRun --benchmarkId 7 in /home/runner/work/Encina/Encina/tests/Encina.BenchmarkTests/Encina.Caching.Redis.Benchmarks/bin/Release/net10.0/Encina.Caching.Redis.Benchmarks-Job-NUBXJZ-1/bin/Release/net10.0
// Failed to set up high priority (Permission denied). In order to run benchmarks with high priority, make sure you have the right permissions.
// BeforeAnythingElse

// Benchmark Process Environment Information:
// BenchmarkDotNet v0.15.8
// Runtime=.NET 10.0.12 (10.0.12, 10.0.1226.42308), X64 RyuJIT x86-64-v4
// GC=Concurrent Workstation
// HardwareIntrinsics=AVX512 BITALG+VBMI2+VNNI+VPOPCNTDQ,AVX512 IFMA+VBMI,AVX512 F+BW+CD+DQ+VL,AVX2+BMI1+BMI2+F16C+FMA+LZCNT+MOVBE,AVX,SSE3+SSSE3+SSE4.1+SSE4.2+POPCNT,X86Base+SSE+SSE2,AES+PCLMUL,AvxVnni VectorSize=256
// Job: ShortRun(IterationCount=3, LaunchCount=1, WarmupCount=3)

[testcontainers.org 00:00:00.20] Connected to Docker:
  Host: unix:///var/run/docker.sock
  Server Version: 28.0.4
  Kernel Version: 6.17.0-1022-azure
  API Version: 1.48
  Operating System: Ubuntu 24.04.5 LTS
  Total Memory: 15.61 GB
[testcontainers.org 00:00:00.38] Docker container fd693eff6734 created
[testcontainers.org 00:00:00.44] Start Docker container fd693eff6734
[testcontainers.org 00:00:00.55] Wait for Docker container fd693eff6734 to complete readiness checks
[testcontainers.org 00:00:01.57] Docker container fd693eff6734 ready
[testcontainers.org 00:00:01.62] Docker container 9587a135d0ee created
[testcontainers.org 00:00:01.62] Start Docker container 9587a135d0ee
[testcontainers.org 00:00:01.70] Wait for Docker container 9587a135d0ee to complete readiness checks
[testcontainers.org 00:00:01.71] Execute "redis-cli ping" at Docker container 9587a135d0ee
[testcontainers.org 00:00:01.76] Docker container 9587a135d0ee ready
OverheadJitting  1: 1 op, 197254.00 ns, 197.2540 us/op
WorkloadJitting  1: 1 op, 8844887.00 ns, 8.8449 ms/op

OverheadJitting  2: 16 op, 352345.00 ns, 22.0216 us/op
WorkloadJitting  2: 16 op, 2631568.00 ns, 164.4730 us/op

WorkloadPilot    1: 16 op, 2024709.00 ns, 126.5443 us/op
WorkloadPilot    2: 32 op, 3891692.00 ns, 121.6154 us/op
WorkloadPilot    3: 64 op, 7546327.00 ns, 117.9114 us/op
WorkloadPilot    4: 128 op, 15026378.00 ns, 117.3936 us/op
WorkloadPilot    5: 256 op, 29992993.00 ns, 117.1601 us/op
WorkloadPilot    6: 512 op, 58853747.00 ns, 114.9487 us/op
WorkloadPilot    7: 1024 op, 117783070.00 ns, 115.0225 us/op
WorkloadPilot    8: 2048 op, 234639861.00 ns, 114.5702 us/op
WorkloadPilot    9: 4096 op, 459944168.00 ns, 112.2911 us/op
WorkloadPilot   10: 8192 op, 924310231.00 ns, 112.8308 us/op

OverheadWarmup   1: 8192 op, 26729.00 ns, 3.2628 ns/op
OverheadWarmup   2: 8192 op, 26159.00 ns, 3.1932 ns/op
OverheadWarmup   3: 8192 op, 26951.00 ns, 3.2899 ns/op
OverheadWarmup   4: 8192 op, 26620.00 ns, 3.2495 ns/op
OverheadWarmup   5: 8192 op, 26520.00 ns, 3.2373 ns/op
OverheadWarmup   6: 8192 op, 26820.00 ns, 3.2739 ns/op
OverheadWarmup   7: 8192 op, 26059.00 ns, 3.1810 ns/op

OverheadActual   1: 8192 op, 26299.00 ns, 3.2103 ns/op
OverheadActual   2: 8192 op, 17897.00 ns, 2.1847 ns/op
OverheadActual   3: 8192 op, 25868.00 ns, 3.1577 ns/op
OverheadActual   4: 8192 op, 28422.00 ns, 3.4695 ns/op
OverheadActual   5: 8192 op, 26299.00 ns, 3.2103 ns/op
OverheadActual   6: 8192 op, 25037.00 ns, 3.0563 ns/op
OverheadActual   7: 8192 op, 25357.00 ns, 3.0953 ns/op
OverheadActual   8: 8192 op, 26449.00 ns, 3.2286 ns/op
OverheadActual   9: 8192 op, 26219.00 ns, 3.2006 ns/op
OverheadActual  10: 8192 op, 25288.00 ns, 3.0869 ns/op
OverheadActual  11: 8192 op, 17836.00 ns, 2.1772 ns/op
OverheadActual  12: 8192 op, 17756.00 ns, 2.1675 ns/op
OverheadActual  13: 8192 op, 17657.00 ns, 2.1554 ns/op
OverheadActual  14: 8192 op, 17766.00 ns, 2.1687 ns/op
OverheadActual  15: 8192 op, 17666.00 ns, 2.1565 ns/op
OverheadActual  16: 8192 op, 17726.00 ns, 2.1638 ns/op
OverheadActual  17: 8192 op, 17566.00 ns, 2.1443 ns/op
OverheadActual  18: 8192 op, 17876.00 ns, 2.1821 ns/op
OverheadActual  19: 8192 op, 17756.00 ns, 2.1675 ns/op
OverheadActual  20: 8192 op, 17707.00 ns, 2.1615 ns/op

WorkloadWarmup   1: 8192 op, 925456602.00 ns, 112.9708 us/op
WorkloadWarmup   2: 8192 op, 938788213.00 ns, 114.5982 us/op
WorkloadWarmup   3: 8192 op, 934840826.00 ns, 114.1163 us/op

// BeforeActualRun
WorkloadActual   1: 8192 op, 930283818.00 ns, 113.5600 us/op
WorkloadActual   2: 8192 op, 927536540.00 ns, 113.2247 us/op
WorkloadActual   3: 8192 op, 921255569.00 ns, 112.4580 us/op

// AfterActualRun
WorkloadResult   1: 8192 op, 930265931.50 ns, 113.5579 us/op
WorkloadResult   2: 8192 op, 927518653.50 ns, 113.2225 us/op
WorkloadResult   3: 8192 op, 921237682.50 ns, 112.4558 us/op
// GC:  0 0 0 5216872 8192
// Threading:  16385 1024 8192

[testcontainers.org 00:00:10.54] Stop Docker container 9587a135d0ee
[testcontainers.org 00:00:10.72] Delete Docker container 9587a135d0ee
// AfterAll
// Benchmark Process 5339 has exited with code 0.

Mean = 113.079 μs, StdErr = 0.326 μs (0.29%), N = 3, StdDev = 0.565 μs
Min = 112.456 μs, Q1 = 112.839 μs, Median = 113.222 μs, Q3 = 113.390 μs, Max = 113.558 μs
IQR = 0.551 μs, LowerFence = 112.013 μs, UpperFence = 114.217 μs
ConfidenceInterval = [102.772 μs; 123.385 μs] (CI 99.9%), Margin = 10.307 μs (9.11% of Mean)
Skewness = -0.24, Kurtosis = 0.67, MValue = 2

// ** Remained 12 (60.0 %) benchmark(s) to run. Estimated finish 2026-10-10 11:00 (0h 4m from now) **
// **************************
// Benchmark: RedisCacheProviderBenchmarks.GetOrSetAsync_CacheHit: Job-NUBXJZ(IterationCount=20, WarmupCount=5)
// *** Execute ***
// Launch: 1 / 1
// Execute: dotnet Encina.Caching.Redis.Benchmarks-Job-NUBXJZ-1.dll --anonymousPipes 158 159 --benchmarkName Encina.Caching.Redis.Benchmarks.Benchmarks.RedisCacheProviderBenchmarks.GetOrSetAsync_CacheHit --job "IterationCount=20, WarmupCount=5" --benchmarkId 8 in /home/runner/work/Encina/Encina/tests/Encina.BenchmarkTests/Encina.Caching.Redis.Benchmarks/bin/Release/net10.0/Encina.Caching.Redis.Benchmarks-Job-NUBXJZ-1/bin/Release/net10.0
// Failed to set up high priority (Permission denied). In order to run benchmarks with high priority, make sure you have the right permissions.
// BeforeAnythingElse

// Benchmark Process Environment Information:
// BenchmarkDotNet v0.15.8
// Runtime=.NET 10.0.12 (10.0.12, 10.0.1226.42308), X64 RyuJIT x86-64-v4
// GC=Concurrent Workstation
// HardwareIntrinsics=AVX512 BITALG+VBMI2+VNNI+VPOPCNTDQ,AVX512 IFMA+VBMI,AVX512 F+BW+CD+DQ+VL,AVX2+BMI1+BMI2+F16C+FMA+LZCNT+MOVBE,AVX,SSE3+SSSE3+SSE4.1+SSE4.2+POPCNT,X86Base+SSE+SSE2,AES+PCLMUL,AvxVnni VectorSize=256
// Job: Job-NUBXJZ(IterationCount=20, WarmupCount=5)

[testcontainers.org 00:00:00.19] Connected to Docker:
  Host: unix:///var/run/docker.sock
  Server Version: 28.0.4
  Kernel Version: 6.17.0-1022-azure
  API Version: 1.48
  Operating System: Ubuntu 24.04.5 LTS
  Total Memory: 15.61 GB
[testcontainers.org 00:00:00.39] Docker container 14b41d517180 created
[testcontainers.org 00:00:00.45] Start Docker container 14b41d517180
[testcontainers.org 00:00:00.56] Wait for Docker container 14b41d517180 to complete readiness checks
[testcontainers.org 00:00:01.58] Docker container 14b41d517180 ready
[testcontainers.org 00:00:01.62] Docker container 389581c2342a created
[testcontainers.org 00:00:01.63] Start Docker container 389581c2342a
[testcontainers.org 00:00:01.71] Wait for Docker container 389581c2342a to complete readiness checks
[testcontainers.org 00:00:01.72] Execute "redis-cli ping" at Docker container 389581c2342a
[testcontainers.org 00:00:01.77] Docker container 389581c2342a ready
OverheadJitting  1: 1 op, 175011.00 ns, 175.0110 us/op
WorkloadJitting  1: 1 op, 16351208.00 ns, 16.3512 ms/op

OverheadJitting  2: 16 op, 335420.00 ns, 20.9638 us/op
WorkloadJitting  2: 16 op, 2727069.00 ns, 170.4418 us/op

WorkloadPilot    1: 16 op, 2055373.00 ns, 128.4608 us/op
WorkloadPilot    2: 32 op, 4087347.00 ns, 127.7296 us/op
WorkloadPilot    3: 64 op, 8898732.00 ns, 139.0427 us/op
WorkloadPilot    4: 128 op, 15700308.00 ns, 122.6587 us/op
WorkloadPilot    5: 256 op, 31091325.00 ns, 121.4505 us/op
WorkloadPilot    6: 512 op, 60176616.00 ns, 117.5325 us/op
WorkloadPilot    7: 1024 op, 117622904.00 ns, 114.8661 us/op
WorkloadPilot    8: 2048 op, 234165583.00 ns, 114.3387 us/op
WorkloadPilot    9: 4096 op, 468113756.00 ns, 114.2856 us/op
WorkloadPilot   10: 8192 op, 923581775.00 ns, 112.7419 us/op

OverheadWarmup   1: 8192 op, 25728.00 ns, 3.1406 ns/op
OverheadWarmup   2: 8192 op, 25448.00 ns, 3.1064 ns/op
OverheadWarmup   3: 8192 op, 25237.00 ns, 3.0807 ns/op
OverheadWarmup   4: 8192 op, 26330.00 ns, 3.2141 ns/op
OverheadWarmup   5: 8192 op, 24917.00 ns, 3.0416 ns/op
OverheadWarmup   6: 8192 op, 27081.00 ns, 3.3058 ns/op
OverheadWarmup   7: 8192 op, 26810.00 ns, 3.2727 ns/op

OverheadActual   1: 8192 op, 26269.00 ns, 3.2067 ns/op
OverheadActual   2: 8192 op, 26540.00 ns, 3.2397 ns/op
OverheadActual   3: 8192 op, 26540.00 ns, 3.2397 ns/op
OverheadActual   4: 8192 op, 25829.00 ns, 3.1530 ns/op
OverheadActual   5: 8192 op, 24737.00 ns, 3.0197 ns/op
OverheadActual   6: 8192 op, 25137.00 ns, 3.0685 ns/op
OverheadActual   7: 8192 op, 23696.00 ns, 2.8926 ns/op
OverheadActual   8: 8192 op, 25237.00 ns, 3.0807 ns/op
OverheadActual   9: 8192 op, 24546.00 ns, 2.9963 ns/op
OverheadActual  10: 8192 op, 26649.00 ns, 3.2531 ns/op
OverheadActual  11: 8192 op, 24917.00 ns, 3.0416 ns/op
OverheadActual  12: 8192 op, 26519.00 ns, 3.2372 ns/op
OverheadActual  13: 8192 op, 27561.00 ns, 3.3644 ns/op
OverheadActual  14: 8192 op, 23545.00 ns, 2.8741 ns/op
OverheadActual  15: 8192 op, 35102.00 ns, 4.2849 ns/op
OverheadActual  16: 8192 op, 23855.00 ns, 2.9120 ns/op
OverheadActual  17: 8192 op, 25117.00 ns, 3.0660 ns/op

WorkloadWarmup   1: 8192 op, 927493964.00 ns, 113.2195 us/op
WorkloadWarmup   2: 8192 op, 930100455.00 ns, 113.5377 us/op
WorkloadWarmup   3: 8192 op, 947145330.00 ns, 115.6183 us/op
WorkloadWarmup   4: 8192 op, 945537258.00 ns, 115.4220 us/op
WorkloadWarmup   5: 8192 op, 952884780.00 ns, 116.3189 us/op

// BeforeActualRun
WorkloadActual   1: 8192 op, 941082869.00 ns, 114.8783 us/op
WorkloadActual   2: 8192 op, 951376046.00 ns, 116.1348 us/op
WorkloadActual   3: 8192 op, 937562942.00 ns, 114.4486 us/op
WorkloadActual   4: 8192 op, 940535108.00 ns, 114.8114 us/op
WorkloadActual   5: 8192 op, 932036126.00 ns, 113.7739 us/op
WorkloadActual   6: 8192 op, 940269660.00 ns, 114.7790 us/op
WorkloadActual   7: 8192 op, 970378038.00 ns, 118.4544 us/op
WorkloadActual   8: 8192 op, 939865589.00 ns, 114.7297 us/op
WorkloadActual   9: 8192 op, 957846104.00 ns, 116.9246 us/op
WorkloadActual  10: 8192 op, 936678897.00 ns, 114.3407 us/op
WorkloadActual  11: 8192 op, 933152855.00 ns, 113.9103 us/op
WorkloadActual  12: 8192 op, 936496272.00 ns, 114.3184 us/op
WorkloadActual  13: 8192 op, 940032974.00 ns, 114.7501 us/op
WorkloadActual  14: 8192 op, 938941691.00 ns, 114.6169 us/op
WorkloadActual  15: 8192 op, 938947356.00 ns, 114.6176 us/op
WorkloadActual  16: 8192 op, 942506789.00 ns, 115.0521 us/op
WorkloadActual  17: 8192 op, 934817358.00 ns, 114.1134 us/op
WorkloadActual  18: 8192 op, 935090906.00 ns, 114.1468 us/op
WorkloadActual  19: 8192 op, 936313469.00 ns, 114.2961 us/op
WorkloadActual  20: 8192 op, 940762005.00 ns, 114.8391 us/op

// AfterActualRun
WorkloadResult   1: 8192 op, 941057632.00 ns, 114.8752 us/op
WorkloadResult   2: 8192 op, 937537705.00 ns, 114.4455 us/op
WorkloadResult   3: 8192 op, 940509871.00 ns, 114.8083 us/op
WorkloadResult   4: 8192 op, 932010889.00 ns, 113.7709 us/op
WorkloadResult   5: 8192 op, 940244423.00 ns, 114.7759 us/op
WorkloadResult   6: 8192 op, 939840352.00 ns, 114.7266 us/op
WorkloadResult   7: 8192 op, 936653660.00 ns, 114.3376 us/op
WorkloadResult   8: 8192 op, 933127618.00 ns, 113.9072 us/op
WorkloadResult   9: 8192 op, 936471035.00 ns, 114.3153 us/op
WorkloadResult  10: 8192 op, 940007737.00 ns, 114.7470 us/op
WorkloadResult  11: 8192 op, 938916454.00 ns, 114.6138 us/op
WorkloadResult  12: 8192 op, 938922119.00 ns, 114.6145 us/op
WorkloadResult  13: 8192 op, 942481552.00 ns, 115.0490 us/op
WorkloadResult  14: 8192 op, 934792121.00 ns, 114.1104 us/op
WorkloadResult  15: 8192 op, 935065669.00 ns, 114.1438 us/op
WorkloadResult  16: 8192 op, 936288232.00 ns, 114.2930 us/op
WorkloadResult  17: 8192 op, 940736768.00 ns, 114.8360 us/op
// GC:  0 0 0 11730688 8192
// Threading:  16385 392 8192

[testcontainers.org 00:00:28.59] Stop Docker container 389581c2342a
[testcontainers.org 00:00:28.78] Delete Docker container 389581c2342a
// AfterAll
// Benchmark Process 5662 has exited with code 0.

Mean = 114.492 μs, StdErr = 0.089 μs (0.08%), N = 17, StdDev = 0.365 μs
Min = 113.771 μs, Q1 = 114.293 μs, Median = 114.614 μs, Q3 = 114.776 μs, Max = 115.049 μs
IQR = 0.483 μs, LowerFence = 113.569 μs, UpperFence = 115.500 μs
ConfidenceInterval = [114.137 μs; 114.848 μs] (CI 99.9%), Margin = 0.355 μs (0.31% of Mean)
Skewness = -0.4, Kurtosis = 1.93, MValue = 2

// ** Remained 11 (55.0 %) benchmark(s) to run. Estimated finish 2026-10-10 11:01 (0h 3m from now) **
// **************************
// Benchmark: RedisCacheProviderBenchmarks.GetOrSetAsync_CacheHit: ShortRun(IterationCount=3, LaunchCount=1, WarmupCount=3)
// *** Execute ***
// Launch: 1 / 1
// Execute: dotnet Encina.Caching.Redis.Benchmarks-Job-NUBXJZ-1.dll --anonymousPipes 158 159 --benchmarkName Encina.Caching.Redis.Benchmarks.Benchmarks.RedisCacheProviderBenchmarks.GetOrSetAsync_CacheHit --job ShortRun --benchmarkId 9 in /home/runner/work/Encina/Encina/tests/Encina.BenchmarkTests/Encina.Caching.Redis.Benchmarks/bin/Release/net10.0/Encina.Caching.Redis.Benchmarks-Job-NUBXJZ-1/bin/Release/net10.0
// Failed to set up high priority (Permission denied). In order to run benchmarks with high priority, make sure you have the right permissions.
// BeforeAnythingElse

// Benchmark Process Environment Information:
// BenchmarkDotNet v0.15.8
// Runtime=.NET 10.0.12 (10.0.12, 10.0.1226.42308), X64 RyuJIT x86-64-v4
// GC=Concurrent Workstation
// HardwareIntrinsics=AVX512 BITALG+VBMI2+VNNI+VPOPCNTDQ,AVX512 IFMA+VBMI,AVX512 F+BW+CD+DQ+VL,AVX2+BMI1+BMI2+F16C+FMA+LZCNT+MOVBE,AVX,SSE3+SSSE3+SSE4.1+SSE4.2+POPCNT,X86Base+SSE+SSE2,AES+PCLMUL,AvxVnni VectorSize=256
// Job: ShortRun(IterationCount=3, LaunchCount=1, WarmupCount=3)

[testcontainers.org 00:00:00.20] Connected to Docker:
  Host: unix:///var/run/docker.sock
  Server Version: 28.0.4
  Kernel Version: 6.17.0-1022-azure
  API Version: 1.48
  Operating System: Ubuntu 24.04.5 LTS
  Total Memory: 15.61 GB
[testcontainers.org 00:00:00.39] Docker container c086a13e482c created
[testcontainers.org 00:00:00.45] Start Docker container c086a13e482c
[testcontainers.org 00:00:00.56] Wait for Docker container c086a13e482c to complete readiness checks
[testcontainers.org 00:00:01.58] Docker container c086a13e482c ready
[testcontainers.org 00:00:01.63] Docker container b42aa484bda0 created
[testcontainers.org 00:00:01.63] Start Docker container b42aa484bda0
[testcontainers.org 00:00:01.71] Wait for Docker container b42aa484bda0 to complete readiness checks
[testcontainers.org 00:00:01.72] Execute "redis-cli ping" at Docker container b42aa484bda0
[testcontainers.org 00:00:01.78] Docker container b42aa484bda0 ready
OverheadJitting  1: 1 op, 196444.00 ns, 196.4440 us/op
WorkloadJitting  1: 1 op, 16440409.00 ns, 16.4404 ms/op

OverheadJitting  2: 16 op, 356913.00 ns, 22.3071 us/op
WorkloadJitting  2: 16 op, 2710928.00 ns, 169.4330 us/op

WorkloadPilot    1: 16 op, 2170241.00 ns, 135.6401 us/op
WorkloadPilot    2: 32 op, 4060758.00 ns, 126.8987 us/op
WorkloadPilot    3: 64 op, 9184189.00 ns, 143.5030 us/op
WorkloadPilot    4: 128 op, 15959536.00 ns, 124.6839 us/op
WorkloadPilot    5: 256 op, 30384457.00 ns, 118.6893 us/op
WorkloadPilot    6: 512 op, 59582340.00 ns, 116.3718 us/op
WorkloadPilot    7: 1024 op, 117790704.00 ns, 115.0300 us/op
WorkloadPilot    8: 2048 op, 231094623.00 ns, 112.8392 us/op
WorkloadPilot    9: 4096 op, 467700099.00 ns, 114.1846 us/op
WorkloadPilot   10: 8192 op, 945009808.00 ns, 115.3576 us/op

OverheadWarmup   1: 8192 op, 18848.00 ns, 2.3008 ns/op
OverheadWarmup   2: 8192 op, 18187.00 ns, 2.2201 ns/op
OverheadWarmup   3: 8192 op, 17997.00 ns, 2.1969 ns/op
OverheadWarmup   4: 8192 op, 18067.00 ns, 2.2054 ns/op
OverheadWarmup   5: 8192 op, 18007.00 ns, 2.1981 ns/op
OverheadWarmup   6: 8192 op, 18057.00 ns, 2.2042 ns/op
OverheadWarmup   7: 8192 op, 18097.00 ns, 2.2091 ns/op
OverheadWarmup   8: 8192 op, 18217.00 ns, 2.2238 ns/op
OverheadWarmup   9: 8192 op, 18077.00 ns, 2.2067 ns/op

OverheadActual   1: 8192 op, 18578.00 ns, 2.2678 ns/op
OverheadActual   2: 8192 op, 18528.00 ns, 2.2617 ns/op
OverheadActual   3: 8192 op, 18478.00 ns, 2.2556 ns/op
OverheadActual   4: 8192 op, 18418.00 ns, 2.2483 ns/op
OverheadActual   5: 8192 op, 18428.00 ns, 2.2495 ns/op
OverheadActual   6: 8192 op, 18217.00 ns, 2.2238 ns/op
OverheadActual   7: 8192 op, 18117.00 ns, 2.2115 ns/op
OverheadActual   8: 8192 op, 18187.00 ns, 2.2201 ns/op
OverheadActual   9: 8192 op, 18077.00 ns, 2.2067 ns/op
OverheadActual  10: 8192 op, 18117.00 ns, 2.2115 ns/op
OverheadActual  11: 8192 op, 18097.00 ns, 2.2091 ns/op
OverheadActual  12: 8192 op, 18137.00 ns, 2.2140 ns/op
OverheadActual  13: 8192 op, 18107.00 ns, 2.2103 ns/op
OverheadActual  14: 8192 op, 18107.00 ns, 2.2103 ns/op
OverheadActual  15: 8192 op, 18067.00 ns, 2.2054 ns/op

WorkloadWarmup   1: 8192 op, 930656068.00 ns, 113.6055 us/op
WorkloadWarmup   2: 8192 op, 930448960.00 ns, 113.5802 us/op
WorkloadWarmup   3: 8192 op, 948967250.00 ns, 115.8407 us/op

// BeforeActualRun
WorkloadActual   1: 8192 op, 940934648.00 ns, 114.8602 us/op
WorkloadActual   2: 8192 op, 945096858.00 ns, 115.3683 us/op
WorkloadActual   3: 8192 op, 951048513.00 ns, 116.0948 us/op

// AfterActualRun
WorkloadResult   1: 8192 op, 940916511.00 ns, 114.8580 us/op
WorkloadResult   2: 8192 op, 945078721.00 ns, 115.3661 us/op
WorkloadResult   3: 8192 op, 951030376.00 ns, 116.0926 us/op
// GC:  0 0 0 11714688 8192
// Threading:  16385 1028 8192

[testcontainers.org 00:00:10.70] Stop Docker container b42aa484bda0
[testcontainers.org 00:00:10.84] Delete Docker container b42aa484bda0
// AfterAll
// Benchmark Process 5998 has exited with code 0.

Mean = 115.439 μs, StdErr = 0.358 μs (0.31%), N = 3, StdDev = 0.621 μs
Min = 114.858 μs, Q1 = 115.112 μs, Median = 115.366 μs, Q3 = 115.729 μs, Max = 116.093 μs
IQR = 0.617 μs, LowerFence = 114.186 μs, UpperFence = 116.655 μs
ConfidenceInterval = [104.118 μs; 126.759 μs] (CI 99.9%), Margin = 11.320 μs (9.81% of Mean)
Skewness = 0.12, Kurtosis = 0.67, MValue = 2

// ** Remained 10 (50.0 %) benchmark(s) to run. Estimated finish 2026-10-10 11:00 (0h 3m from now) **
// **************************
// Benchmark: RedisCacheProviderBenchmarks.GetOrSetAsync_CacheMiss: Job-ZDPOZY(InvocationCount=1, IterationCount=20, UnrollFactor=1, WarmupCount=5)
// *** Execute ***
// Launch: 1 / 1
// Execute: dotnet Encina.Caching.Redis.Benchmarks-Job-NUBXJZ-1.dll --anonymousPipes 158 159 --benchmarkName Encina.Caching.Redis.Benchmarks.Benchmarks.RedisCacheProviderBenchmarks.GetOrSetAsync_CacheMiss --job "InvocationCount=1, IterationCount=20, UnrollFactor=1, WarmupCount=5" --benchmarkId 10 in /home/runner/work/Encina/Encina/tests/Encina.BenchmarkTests/Encina.Caching.Redis.Benchmarks/bin/Release/net10.0/Encina.Caching.Redis.Benchmarks-Job-NUBXJZ-1/bin/Release/net10.0
// Failed to set up high priority (Permission denied). In order to run benchmarks with high priority, make sure you have the right permissions.
// BeforeAnythingElse

// Benchmark Process Environment Information:
// BenchmarkDotNet v0.15.8
// Runtime=.NET 10.0.12 (10.0.12, 10.0.1226.42308), X64 RyuJIT x86-64-v4
// GC=Concurrent Workstation
// HardwareIntrinsics=AVX512 BITALG+VBMI2+VNNI+VPOPCNTDQ,AVX512 IFMA+VBMI,AVX512 F+BW+CD+DQ+VL,AVX2+BMI1+BMI2+F16C+FMA+LZCNT+MOVBE,AVX,SSE3+SSSE3+SSE4.1+SSE4.2+POPCNT,X86Base+SSE+SSE2,AES+PCLMUL,AvxVnni VectorSize=256
// Job: Job-ZDPOZY(InvocationCount=1, IterationCount=20, UnrollFactor=1, WarmupCount=5)

[testcontainers.org 00:00:00.20] Connected to Docker:
  Host: unix:///var/run/docker.sock
  Server Version: 28.0.4
  Kernel Version: 6.17.0-1022-azure
  API Version: 1.48
  Operating System: Ubuntu 24.04.5 LTS
  Total Memory: 15.61 GB
[testcontainers.org 00:00:00.39] Docker container 64c8bc1dd1d1 created
[testcontainers.org 00:00:00.46] Start Docker container 64c8bc1dd1d1
[testcontainers.org 00:00:00.56] Wait for Docker container 64c8bc1dd1d1 to complete readiness checks
[testcontainers.org 00:00:01.58] Docker container 64c8bc1dd1d1 ready
[testcontainers.org 00:00:01.63] Docker container 37369c0acfaa created
[testcontainers.org 00:00:01.63] Start Docker container 37369c0acfaa
[testcontainers.org 00:00:01.71] Wait for Docker container 37369c0acfaa to complete readiness checks
[testcontainers.org 00:00:01.72] Execute "redis-cli ping" at Docker container 37369c0acfaa
[testcontainers.org 00:00:01.78] Docker container 37369c0acfaa ready
OverheadJitting  1: 1 op, 206939.00 ns, 206.9390 us/op
WorkloadJitting  1: 1 op, 25683759.00 ns, 25.6838 ms/op

OverheadWarmup   1: 1 op, 1903.00 ns, 1.9030 us/op
OverheadWarmup   2: 1 op, 150.00 ns, 150.0000 ns/op
OverheadWarmup   3: 1 op, 130.00 ns, 130.0000 ns/op
OverheadWarmup   4: 1 op, 120.00 ns, 120.0000 ns/op
OverheadWarmup   5: 1 op, 3034.00 ns, 3.0340 us/op
OverheadWarmup   6: 1 op, 100.00 ns, 100.0000 ns/op
OverheadWarmup   7: 1 op, 100.00 ns, 100.0000 ns/op
OverheadWarmup   8: 1 op, 1372.00 ns, 1.3720 us/op

OverheadActual   1: 1 op, 1452.00 ns, 1.4520 us/op
OverheadActual   2: 1 op, 1973.00 ns, 1.9730 us/op
OverheadActual   3: 1 op, 1503.00 ns, 1.5030 us/op
OverheadActual   4: 1 op, 230.00 ns, 230.0000 ns/op
OverheadActual   5: 1 op, 260.00 ns, 260.0000 ns/op
OverheadActual   6: 1 op, 141.00 ns, 141.0000 ns/op
OverheadActual   7: 1 op, 181.00 ns, 181.0000 ns/op
OverheadActual   8: 1 op, 150.00 ns, 150.0000 ns/op
OverheadActual   9: 1 op, 181.00 ns, 181.0000 ns/op
OverheadActual  10: 1 op, 150.00 ns, 150.0000 ns/op
OverheadActual  11: 1 op, 170.00 ns, 170.0000 ns/op
OverheadActual  12: 1 op, 140.00 ns, 140.0000 ns/op
OverheadActual  13: 1 op, 181.00 ns, 181.0000 ns/op
OverheadActual  14: 1 op, 131.00 ns, 131.0000 ns/op
OverheadActual  15: 1 op, 160.00 ns, 160.0000 ns/op
OverheadActual  16: 1 op, 161.00 ns, 161.0000 ns/op
OverheadActual  17: 1 op, 130.00 ns, 130.0000 ns/op
OverheadActual  18: 1 op, 1492.00 ns, 1.4920 us/op
OverheadActual  19: 1 op, 1492.00 ns, 1.4920 us/op
OverheadActual  20: 1 op, 150.00 ns, 150.0000 ns/op

WorkloadWarmup   1: 1 op, 871909.00 ns, 871.9090 us/op
WorkloadWarmup   2: 1 op, 607906.00 ns, 607.9060 us/op
WorkloadWarmup   3: 1 op, 582298.00 ns, 582.2980 us/op
WorkloadWarmup   4: 1 op, 547466.00 ns, 547.4660 us/op
WorkloadWarmup   5: 1 op, 558466.00 ns, 558.4660 us/op

// BeforeActualRun
WorkloadActual   1: 1 op, 547416.00 ns, 547.4160 us/op
WorkloadActual   2: 1 op, 547836.00 ns, 547.8360 us/op
WorkloadActual   3: 1 op, 570831.00 ns, 570.8310 us/op
WorkloadActual   4: 1 op, 536619.00 ns, 536.6190 us/op
WorkloadActual   5: 1 op, 552028.00 ns, 552.0280 us/op
WorkloadActual   6: 1 op, 531728.00 ns, 531.7280 us/op
WorkloadActual   7: 1 op, 528522.00 ns, 528.5220 us/op
WorkloadActual   8: 1 op, 544031.00 ns, 544.0310 us/op
WorkloadActual   9: 1 op, 529924.00 ns, 529.9240 us/op
WorkloadActual  10: 1 op, 533075.00 ns, 533.0750 us/op
WorkloadActual  11: 1 op, 561222.00 ns, 561.2220 us/op
WorkloadActual  12: 1 op, 559674.00 ns, 559.6740 us/op
WorkloadActual  13: 1 op, 546134.00 ns, 546.1340 us/op
WorkloadActual  14: 1 op, 569098.00 ns, 569.0980 us/op
WorkloadActual  15: 1 op, 569028.00 ns, 569.0280 us/op
WorkloadActual  16: 1 op, 572313.00 ns, 572.3130 us/op
WorkloadActual  17: 1 op, 526625.00 ns, 526.6250 us/op
WorkloadActual  18: 1 op, 564196.00 ns, 564.1960 us/op
WorkloadActual  19: 1 op, 535638.00 ns, 535.6380 us/op
WorkloadActual  20: 1 op, 541016.00 ns, 541.0160 us/op

// AfterActualRun
WorkloadResult   1: 1 op, 547240.50 ns, 547.2405 us/op
WorkloadResult   2: 1 op, 547660.50 ns, 547.6605 us/op
WorkloadResult   3: 1 op, 570655.50 ns, 570.6555 us/op
WorkloadResult   4: 1 op, 536443.50 ns, 536.4435 us/op
WorkloadResult   5: 1 op, 551852.50 ns, 551.8525 us/op
WorkloadResult   6: 1 op, 531552.50 ns, 531.5525 us/op
WorkloadResult   7: 1 op, 528346.50 ns, 528.3465 us/op
WorkloadResult   8: 1 op, 543855.50 ns, 543.8555 us/op
WorkloadResult   9: 1 op, 529748.50 ns, 529.7485 us/op
WorkloadResult  10: 1 op, 532899.50 ns, 532.8995 us/op
WorkloadResult  11: 1 op, 561046.50 ns, 561.0465 us/op
WorkloadResult  12: 1 op, 559498.50 ns, 559.4985 us/op
WorkloadResult  13: 1 op, 545958.50 ns, 545.9585 us/op
WorkloadResult  14: 1 op, 568922.50 ns, 568.9225 us/op
WorkloadResult  15: 1 op, 568852.50 ns, 568.8525 us/op
WorkloadResult  16: 1 op, 572137.50 ns, 572.1375 us/op
WorkloadResult  17: 1 op, 526449.50 ns, 526.4495 us/op
WorkloadResult  18: 1 op, 564020.50 ns, 564.0205 us/op
WorkloadResult  19: 1 op, 535462.50 ns, 535.4625 us/op
WorkloadResult  20: 1 op, 540840.50 ns, 540.8405 us/op
// GC:  0 0 0 3000 1
// Threading:  8 1 1

[testcontainers.org 00:00:02.25] Stop Docker container 37369c0acfaa
[testcontainers.org 00:00:02.42] Delete Docker container 37369c0acfaa
// AfterAll
// Benchmark Process 6320 has exited with code 0.

Mean = 548.172 μs, StdErr = 3.475 μs (0.63%), N = 20, StdDev = 15.540 μs
Min = 526.449 μs, Q1 = 534.822 μs, Median = 546.600 μs, Q3 = 561.790 μs, Max = 572.138 μs
IQR = 26.968 μs, LowerFence = 494.369 μs, UpperFence = 602.242 μs
ConfidenceInterval = [534.678 μs; 561.666 μs] (CI 99.9%), Margin = 13.494 μs (2.46% of Mean)
Skewness = 0.19, Kurtosis = 1.49, MValue = 2.5

// ** Remained 9 (45.0 %) benchmark(s) to run. Estimated finish 2026-10-10 11:00 (0h 2m from now) **
// **************************
// Benchmark: RedisCacheProviderBenchmarks.GetOrSetAsync_CacheMiss: ShortRun(InvocationCount=1, IterationCount=3, LaunchCount=1, UnrollFactor=1, WarmupCount=3)
// *** Execute ***
// Launch: 1 / 1
// Execute: dotnet Encina.Caching.Redis.Benchmarks-Job-NUBXJZ-1.dll --anonymousPipes 158 159 --benchmarkName Encina.Caching.Redis.Benchmarks.Benchmarks.RedisCacheProviderBenchmarks.GetOrSetAsync_CacheMiss --job ShortRun --benchmarkId 11 in /home/runner/work/Encina/Encina/tests/Encina.BenchmarkTests/Encina.Caching.Redis.Benchmarks/bin/Release/net10.0/Encina.Caching.Redis.Benchmarks-Job-NUBXJZ-1/bin/Release/net10.0
// Failed to set up high priority (Permission denied). In order to run benchmarks with high priority, make sure you have the right permissions.
// BeforeAnythingElse

// Benchmark Process Environment Information:
// BenchmarkDotNet v0.15.8
// Runtime=.NET 10.0.12 (10.0.12, 10.0.1226.42308), X64 RyuJIT x86-64-v4
// GC=Concurrent Workstation
// HardwareIntrinsics=AVX512 BITALG+VBMI2+VNNI+VPOPCNTDQ,AVX512 IFMA+VBMI,AVX512 F+BW+CD+DQ+VL,AVX2+BMI1+BMI2+F16C+FMA+LZCNT+MOVBE,AVX,SSE3+SSSE3+SSE4.1+SSE4.2+POPCNT,X86Base+SSE+SSE2,AES+PCLMUL,AvxVnni VectorSize=256
// Job: ShortRun(InvocationCount=1, IterationCount=3, LaunchCount=1, UnrollFactor=1, WarmupCount=3)

[testcontainers.org 00:00:00.20] Connected to Docker:
  Host: unix:///var/run/docker.sock
  Server Version: 28.0.4
  Kernel Version: 6.17.0-1022-azure
  API Version: 1.48
  Operating System: Ubuntu 24.04.5 LTS
  Total Memory: 15.61 GB
[testcontainers.org 00:00:00.39] Docker container e2559fad8d77 created
[testcontainers.org 00:00:00.46] Start Docker container e2559fad8d77
[testcontainers.org 00:00:00.55] Wait for Docker container e2559fad8d77 to complete readiness checks
[testcontainers.org 00:00:01.58] Docker container e2559fad8d77 ready
[testcontainers.org 00:00:01.63] Docker container 84f2eb9526b6 created
[testcontainers.org 00:00:01.63] Start Docker container 84f2eb9526b6
[testcontainers.org 00:00:01.71] Wait for Docker container 84f2eb9526b6 to complete readiness checks
[testcontainers.org 00:00:01.72] Execute "redis-cli ping" at Docker container 84f2eb9526b6
[testcontainers.org 00:00:01.77] Docker container 84f2eb9526b6 ready
OverheadJitting  1: 1 op, 170534.00 ns, 170.5340 us/op
WorkloadJitting  1: 1 op, 26148872.00 ns, 26.1489 ms/op

OverheadWarmup   1: 1 op, 230.00 ns, 230.0000 ns/op
OverheadWarmup   2: 1 op, 100.00 ns, 100.0000 ns/op
OverheadWarmup   3: 1 op, 60.00 ns, 60.0000 ns/op
OverheadWarmup   4: 1 op, 60.00 ns, 60.0000 ns/op
OverheadWarmup   5: 1 op, 100.00 ns, 100.0000 ns/op
OverheadWarmup   6: 1 op, 60.00 ns, 60.0000 ns/op
OverheadWarmup   7: 1 op, 120.00 ns, 120.0000 ns/op

OverheadActual   1: 1 op, 330.00 ns, 330.0000 ns/op
OverheadActual   2: 1 op, 360.00 ns, 360.0000 ns/op
OverheadActual   3: 1 op, 461.00 ns, 461.0000 ns/op
OverheadActual   4: 1 op, 151.00 ns, 151.0000 ns/op
OverheadActual   5: 1 op, 230.00 ns, 230.0000 ns/op
OverheadActual   6: 1 op, 80.00 ns, 80.0000 ns/op
OverheadActual   7: 1 op, 50.00 ns, 50.0000 ns/op
OverheadActual   8: 1 op, 60.00 ns, 60.0000 ns/op
OverheadActual   9: 1 op, 71.00 ns, 71.0000 ns/op
OverheadActual  10: 1 op, 60.00 ns, 60.0000 ns/op
OverheadActual  11: 1 op, 70.00 ns, 70.0000 ns/op
OverheadActual  12: 1 op, 90.00 ns, 90.0000 ns/op
OverheadActual  13: 1 op, 80.00 ns, 80.0000 ns/op
OverheadActual  14: 1 op, 101.00 ns, 101.0000 ns/op
OverheadActual  15: 1 op, 70.00 ns, 70.0000 ns/op
OverheadActual  16: 1 op, 110.00 ns, 110.0000 ns/op
OverheadActual  17: 1 op, 60.00 ns, 60.0000 ns/op
OverheadActual  18: 1 op, 180.00 ns, 180.0000 ns/op
OverheadActual  19: 1 op, 80.00 ns, 80.0000 ns/op
OverheadActual  20: 1 op, 90.00 ns, 90.0000 ns/op

WorkloadWarmup   1: 1 op, 884157.00 ns, 884.1570 us/op
WorkloadWarmup   2: 1 op, 614846.00 ns, 614.8460 us/op
WorkloadWarmup   3: 1 op, 612703.00 ns, 612.7030 us/op

// BeforeActualRun
WorkloadActual   1: 1 op, 603700.00 ns, 603.7000 us/op
WorkloadActual   2: 1 op, 586384.00 ns, 586.3840 us/op
WorkloadActual   3: 1 op, 551011.00 ns, 551.0110 us/op

// AfterActualRun
WorkloadResult   1: 1 op, 603615.00 ns, 603.6150 us/op
WorkloadResult   2: 1 op, 586299.00 ns, 586.2990 us/op
WorkloadResult   3: 1 op, 550926.00 ns, 550.9260 us/op
// GC:  0 0 0 3000 1
// Threading:  8 0 1

[testcontainers.org 00:00:02.18] Stop Docker container 84f2eb9526b6
[testcontainers.org 00:00:02.31] Delete Docker container 84f2eb9526b6
// AfterAll
// Benchmark Process 6607 has exited with code 0.

Mean = 580.280 μs, StdErr = 15.505 μs (2.67%), N = 3, StdDev = 26.855 μs
Min = 550.926 μs, Q1 = 568.612 μs, Median = 586.299 μs, Q3 = 594.957 μs, Max = 603.615 μs
IQR = 26.345 μs, LowerFence = 529.096 μs, UpperFence = 634.474 μs
ConfidenceInterval = [90.340 μs; 1,070.220 μs] (CI 99.9%), Margin = 489.940 μs (84.43% of Mean)
Skewness = -0.21, Kurtosis = 0.67, MValue = 2

// ** Remained 8 (40.0 %) benchmark(s) to run. Estimated finish 2026-10-10 10:59 (0h 2m from now) **
// **************************
// Benchmark: RedisCacheProviderBenchmarks.RemoveAsync: Job-ZDPOZY(InvocationCount=1, IterationCount=20, UnrollFactor=1, WarmupCount=5)
// *** Execute ***
// Launch: 1 / 1
// Execute: dotnet Encina.Caching.Redis.Benchmarks-Job-NUBXJZ-1.dll --anonymousPipes 158 159 --benchmarkName Encina.Caching.Redis.Benchmarks.Benchmarks.RedisCacheProviderBenchmarks.RemoveAsync --job "InvocationCount=1, IterationCount=20, UnrollFactor=1, WarmupCount=5" --benchmarkId 12 in /home/runner/work/Encina/Encina/tests/Encina.BenchmarkTests/Encina.Caching.Redis.Benchmarks/bin/Release/net10.0/Encina.Caching.Redis.Benchmarks-Job-NUBXJZ-1/bin/Release/net10.0
// Failed to set up high priority (Permission denied). In order to run benchmarks with high priority, make sure you have the right permissions.
// BeforeAnythingElse

// Benchmark Process Environment Information:
// BenchmarkDotNet v0.15.8
// Runtime=.NET 10.0.12 (10.0.12, 10.0.1226.42308), X64 RyuJIT x86-64-v4
// GC=Concurrent Workstation
// HardwareIntrinsics=AVX512 BITALG+VBMI2+VNNI+VPOPCNTDQ,AVX512 IFMA+VBMI,AVX512 F+BW+CD+DQ+VL,AVX2+BMI1+BMI2+F16C+FMA+LZCNT+MOVBE,AVX,SSE3+SSSE3+SSE4.1+SSE4.2+POPCNT,X86Base+SSE+SSE2,AES+PCLMUL,AvxVnni VectorSize=256
// Job: Job-ZDPOZY(InvocationCount=1, IterationCount=20, UnrollFactor=1, WarmupCount=5)

[testcontainers.org 00:00:00.20] Connected to Docker:
  Host: unix:///var/run/docker.sock
  Server Version: 28.0.4
  Kernel Version: 6.17.0-1022-azure
  API Version: 1.48
  Operating System: Ubuntu 24.04.5 LTS
  Total Memory: 15.61 GB
[testcontainers.org 00:00:00.39] Docker container 2f1db2aff8c0 created
[testcontainers.org 00:00:00.46] Start Docker container 2f1db2aff8c0
[testcontainers.org 00:00:00.56] Wait for Docker container 2f1db2aff8c0 to complete readiness checks
[testcontainers.org 00:00:01.59] Docker container 2f1db2aff8c0 ready
[testcontainers.org 00:00:01.63] Docker container 0fae1972d8d4 created
[testcontainers.org 00:00:01.63] Start Docker container 0fae1972d8d4
[testcontainers.org 00:00:01.71] Wait for Docker container 0fae1972d8d4 to complete readiness checks
[testcontainers.org 00:00:01.72] Execute "redis-cli ping" at Docker container 0fae1972d8d4
[testcontainers.org 00:00:01.77] Docker container 0fae1972d8d4 ready
OverheadJitting  1: 1 op, 123904.00 ns, 123.9040 us/op
WorkloadJitting  1: 1 op, 5275913.00 ns, 5.2759 ms/op

OverheadWarmup   1: 1 op, 250.00 ns, 250.0000 ns/op
OverheadWarmup   2: 1 op, 120.00 ns, 120.0000 ns/op
OverheadWarmup   3: 1 op, 140.00 ns, 140.0000 ns/op
OverheadWarmup   4: 1 op, 110.00 ns, 110.0000 ns/op
OverheadWarmup   5: 1 op, 90.00 ns, 90.0000 ns/op
OverheadWarmup   6: 1 op, 120.00 ns, 120.0000 ns/op
OverheadWarmup   7: 1 op, 100.00 ns, 100.0000 ns/op

OverheadActual   1: 1 op, 241.00 ns, 241.0000 ns/op
OverheadActual   2: 1 op, 1813.00 ns, 1.8130 us/op
OverheadActual   3: 1 op, 240.00 ns, 240.0000 ns/op
OverheadActual   4: 1 op, 150.00 ns, 150.0000 ns/op
OverheadActual   5: 1 op, 1522.00 ns, 1.5220 us/op
OverheadActual   6: 1 op, 120.00 ns, 120.0000 ns/op
OverheadActual   7: 1 op, 210.00 ns, 210.0000 ns/op
OverheadActual   8: 1 op, 90.00 ns, 90.0000 ns/op
OverheadActual   9: 1 op, 120.00 ns, 120.0000 ns/op
OverheadActual  10: 1 op, 130.00 ns, 130.0000 ns/op
OverheadActual  11: 1 op, 1442.00 ns, 1.4420 us/op
OverheadActual  12: 1 op, 110.00 ns, 110.0000 ns/op
OverheadActual  13: 1 op, 110.00 ns, 110.0000 ns/op
OverheadActual  14: 1 op, 140.00 ns, 140.0000 ns/op
OverheadActual  15: 1 op, 151.00 ns, 151.0000 ns/op
OverheadActual  16: 1 op, 141.00 ns, 141.0000 ns/op
OverheadActual  17: 1 op, 1332.00 ns, 1.3320 us/op
OverheadActual  18: 1 op, 260.00 ns, 260.0000 ns/op
OverheadActual  19: 1 op, 1422.00 ns, 1.4220 us/op
OverheadActual  20: 1 op, 1312.00 ns, 1.3120 us/op

WorkloadWarmup   1: 1 op, 269672.00 ns, 269.6720 us/op
WorkloadWarmup   2: 1 op, 172507.00 ns, 172.5070 us/op
WorkloadWarmup   3: 1 op, 159002.00 ns, 159.0020 us/op
WorkloadWarmup   4: 1 op, 146172.00 ns, 146.1720 us/op
WorkloadWarmup   5: 1 op, 147135.00 ns, 147.1350 us/op

// BeforeActualRun
WorkloadActual   1: 1 op, 181851.00 ns, 181.8510 us/op
WorkloadActual   2: 1 op, 174905.00 ns, 174.9050 us/op
WorkloadActual   3: 1 op, 165843.00 ns, 165.8430 us/op
WorkloadActual   4: 1 op, 144004.00 ns, 144.0040 us/op
WorkloadActual   5: 1 op, 144436.00 ns, 144.4360 us/op
WorkloadActual   6: 1 op, 146919.00 ns, 146.9190 us/op
WorkloadActual   7: 1 op, 145857.00 ns, 145.8570 us/op
WorkloadActual   8: 1 op, 146939.00 ns, 146.9390 us/op
WorkloadActual   9: 1 op, 156293.00 ns, 156.2930 us/op
WorkloadActual  10: 1 op, 175412.00 ns, 175.4120 us/op
WorkloadActual  11: 1 op, 156723.00 ns, 156.7230 us/op
WorkloadActual  12: 1 op, 153234.00 ns, 153.2340 us/op
WorkloadActual  13: 1 op, 161220.00 ns, 161.2200 us/op
WorkloadActual  14: 1 op, 143804.00 ns, 143.8040 us/op
WorkloadActual  15: 1 op, 151421.00 ns, 151.4210 us/op
WorkloadActual  16: 1 op, 161491.00 ns, 161.4910 us/op
WorkloadActual  17: 1 op, 167420.00 ns, 167.4200 us/op
WorkloadActual  18: 1 op, 164375.00 ns, 164.3750 us/op
WorkloadActual  19: 1 op, 146905.00 ns, 146.9050 us/op
WorkloadActual  20: 1 op, 153058.00 ns, 153.0580 us/op

// AfterActualRun
WorkloadResult   1: 1 op, 181670.50 ns, 181.6705 us/op
WorkloadResult   2: 1 op, 174724.50 ns, 174.7245 us/op
WorkloadResult   3: 1 op, 165662.50 ns, 165.6625 us/op
WorkloadResult   4: 1 op, 143823.50 ns, 143.8235 us/op
WorkloadResult   5: 1 op, 144255.50 ns, 144.2555 us/op
WorkloadResult   6: 1 op, 146738.50 ns, 146.7385 us/op
WorkloadResult   7: 1 op, 145676.50 ns, 145.6765 us/op
WorkloadResult   8: 1 op, 146758.50 ns, 146.7585 us/op
WorkloadResult   9: 1 op, 156112.50 ns, 156.1125 us/op
WorkloadResult  10: 1 op, 175231.50 ns, 175.2315 us/op
WorkloadResult  11: 1 op, 156542.50 ns, 156.5425 us/op
WorkloadResult  12: 1 op, 153053.50 ns, 153.0535 us/op
WorkloadResult  13: 1 op, 161039.50 ns, 161.0395 us/op
WorkloadResult  14: 1 op, 143623.50 ns, 143.6235 us/op
WorkloadResult  15: 1 op, 151240.50 ns, 151.2405 us/op
WorkloadResult  16: 1 op, 161310.50 ns, 161.3105 us/op
WorkloadResult  17: 1 op, 167239.50 ns, 167.2395 us/op
WorkloadResult  18: 1 op, 164194.50 ns, 164.1945 us/op
WorkloadResult  19: 1 op, 146724.50 ns, 146.7245 us/op
WorkloadResult  20: 1 op, 152877.50 ns, 152.8775 us/op
// GC:  0 0 0 608 1
// Threading:  2 0 1

[testcontainers.org 00:00:02.20] Stop Docker container 0fae1972d8d4
[testcontainers.org 00:00:02.31] Delete Docker container 0fae1972d8d4
// AfterAll
// Benchmark Process 6882 has exited with code 0.

Mean = 156.925 μs, StdErr = 2.589 μs (1.65%), N = 20, StdDev = 11.579 μs
Min = 143.624 μs, Q1 = 146.735 μs, Median = 154.583 μs, Q3 = 164.561 μs, Max = 181.671 μs
IQR = 17.826 μs, LowerFence = 119.995 μs, UpperFence = 191.301 μs
ConfidenceInterval = [146.870 μs; 166.980 μs] (CI 99.9%), Margin = 10.055 μs (6.41% of Mean)
Skewness = 0.57, Kurtosis = 2.07, MValue = 2.6

// ** Remained 7 (35.0 %) benchmark(s) to run. Estimated finish 2026-10-10 10:59 (0h 1m from now) **
// **************************
// Benchmark: RedisCacheProviderBenchmarks.RemoveAsync: ShortRun(InvocationCount=1, IterationCount=3, LaunchCount=1, UnrollFactor=1, WarmupCount=3)
// *** Execute ***
// Launch: 1 / 1
// Execute: dotnet Encina.Caching.Redis.Benchmarks-Job-NUBXJZ-1.dll --anonymousPipes 158 159 --benchmarkName Encina.Caching.Redis.Benchmarks.Benchmarks.RedisCacheProviderBenchmarks.RemoveAsync --job ShortRun --benchmarkId 13 in /home/runner/work/Encina/Encina/tests/Encina.BenchmarkTests/Encina.Caching.Redis.Benchmarks/bin/Release/net10.0/Encina.Caching.Redis.Benchmarks-Job-NUBXJZ-1/bin/Release/net10.0
// Failed to set up high priority (Permission denied). In order to run benchmarks with high priority, make sure you have the right permissions.
// BeforeAnythingElse

// Benchmark Process Environment Information:
// BenchmarkDotNet v0.15.8
// Runtime=.NET 10.0.12 (10.0.12, 10.0.1226.42308), X64 RyuJIT x86-64-v4
// GC=Concurrent Workstation
// HardwareIntrinsics=AVX512 BITALG+VBMI2+VNNI+VPOPCNTDQ,AVX512 IFMA+VBMI,AVX512 F+BW+CD+DQ+VL,AVX2+BMI1+BMI2+F16C+FMA+LZCNT+MOVBE,AVX,SSE3+SSSE3+SSE4.1+SSE4.2+POPCNT,X86Base+SSE+SSE2,AES+PCLMUL,AvxVnni VectorSize=256
// Job: ShortRun(InvocationCount=1, IterationCount=3, LaunchCount=1, UnrollFactor=1, WarmupCount=3)

[testcontainers.org 00:00:00.20] Connected to Docker:
  Host: unix:///var/run/docker.sock
  Server Version: 28.0.4
  Kernel Version: 6.17.0-1022-azure
  API Version: 1.48
  Operating System: Ubuntu 24.04.5 LTS
  Total Memory: 15.61 GB
[testcontainers.org 00:00:00.41] Docker container 0c43a454cba1 created
[testcontainers.org 00:00:00.47] Start Docker container 0c43a454cba1
[testcontainers.org 00:00:00.57] Wait for Docker container 0c43a454cba1 to complete readiness checks
[testcontainers.org 00:00:01.59] Docker container 0c43a454cba1 ready
[testcontainers.org 00:00:01.64] Docker container 2e752bb62fa3 created
[testcontainers.org 00:00:01.64] Start Docker container 2e752bb62fa3
[testcontainers.org 00:00:01.73] Wait for Docker container 2e752bb62fa3 to complete readiness checks
[testcontainers.org 00:00:01.74] Execute "redis-cli ping" at Docker container 2e752bb62fa3
[testcontainers.org 00:00:01.79] Docker container 2e752bb62fa3 ready
OverheadJitting  1: 1 op, 138407.00 ns, 138.4070 us/op
WorkloadJitting  1: 1 op, 6086212.00 ns, 6.0862 ms/op

OverheadWarmup   1: 1 op, 200.00 ns, 200.0000 ns/op
OverheadWarmup   2: 1 op, 190.00 ns, 190.0000 ns/op
OverheadWarmup   3: 1 op, 210.00 ns, 210.0000 ns/op
OverheadWarmup   4: 1 op, 170.00 ns, 170.0000 ns/op
OverheadWarmup   5: 1 op, 210.00 ns, 210.0000 ns/op
OverheadWarmup   6: 1 op, 150.00 ns, 150.0000 ns/op

OverheadActual   1: 1 op, 311.00 ns, 311.0000 ns/op
OverheadActual   2: 1 op, 310.00 ns, 310.0000 ns/op
OverheadActual   3: 1 op, 300.00 ns, 300.0000 ns/op
OverheadActual   4: 1 op, 411.00 ns, 411.0000 ns/op
OverheadActual   5: 1 op, 521.00 ns, 521.0000 ns/op
OverheadActual   6: 1 op, 261.00 ns, 261.0000 ns/op
OverheadActual   7: 1 op, 211.00 ns, 211.0000 ns/op
OverheadActual   8: 1 op, 90.00 ns, 90.0000 ns/op
OverheadActual   9: 1 op, 1452.00 ns, 1.4520 us/op
OverheadActual  10: 1 op, 1472.00 ns, 1.4720 us/op
OverheadActual  11: 1 op, 120.00 ns, 120.0000 ns/op
OverheadActual  12: 1 op, 120.00 ns, 120.0000 ns/op
OverheadActual  13: 1 op, 80.00 ns, 80.0000 ns/op
OverheadActual  14: 1 op, 121.00 ns, 121.0000 ns/op
OverheadActual  15: 1 op, 41.00 ns, 41.0000 ns/op
OverheadActual  16: 1 op, 80.00 ns, 80.0000 ns/op
OverheadActual  17: 1 op, 110.00 ns, 110.0000 ns/op
OverheadActual  18: 1 op, 180.00 ns, 180.0000 ns/op
OverheadActual  19: 1 op, 110.00 ns, 110.0000 ns/op
OverheadActual  20: 1 op, 141.00 ns, 141.0000 ns/op

WorkloadWarmup   1: 1 op, 265951.00 ns, 265.9510 us/op
WorkloadWarmup   2: 1 op, 177791.00 ns, 177.7910 us/op
WorkloadWarmup   3: 1 op, 165146.00 ns, 165.1460 us/op

// BeforeActualRun
WorkloadActual   1: 1 op, 185282.00 ns, 185.2820 us/op
WorkloadActual   2: 1 op, 154620.00 ns, 154.6200 us/op
WorkloadActual   3: 1 op, 158526.00 ns, 158.5260 us/op

// AfterActualRun
WorkloadResult   1: 1 op, 185121.50 ns, 185.1215 us/op
WorkloadResult   2: 1 op, 154459.50 ns, 154.4595 us/op
WorkloadResult   3: 1 op, 158365.50 ns, 158.3655 us/op
// GC:  0 0 0 608 1
// Threading:  2 0 1

[testcontainers.org 00:00:02.18] Stop Docker container 2e752bb62fa3
[testcontainers.org 00:00:02.32] Delete Docker container 2e752bb62fa3
// AfterAll
// Benchmark Process 7157 has exited with code 0.

Mean = 165.982 μs, StdErr = 9.636 μs (5.81%), N = 3, StdDev = 16.690 μs
Min = 154.459 μs, Q1 = 156.412 μs, Median = 158.365 μs, Q3 = 171.744 μs, Max = 185.121 μs
IQR = 15.331 μs, LowerFence = 133.416 μs, UpperFence = 194.740 μs
ConfidenceInterval = [-138.502 μs; 470.466 μs] (CI 99.9%), Margin = 304.484 μs (183.44% of Mean)
Skewness = 0.36, Kurtosis = 0.67, MValue = 2

// ** Remained 6 (30.0 %) benchmark(s) to run. Estimated finish 2026-10-10 10:59 (0h 1m from now) **
// **************************
// Benchmark: RedisCacheProviderBenchmarks.RemoveByPatternAsync: Job-ZDPOZY(InvocationCount=1, IterationCount=20, UnrollFactor=1, WarmupCount=5)
// *** Execute ***
// Launch: 1 / 1
// Execute: dotnet Encina.Caching.Redis.Benchmarks-Job-NUBXJZ-1.dll --anonymousPipes 158 159 --benchmarkName Encina.Caching.Redis.Benchmarks.Benchmarks.RedisCacheProviderBenchmarks.RemoveByPatternAsync --job "InvocationCount=1, IterationCount=20, UnrollFactor=1, WarmupCount=5" --benchmarkId 14 in /home/runner/work/Encina/Encina/tests/Encina.BenchmarkTests/Encina.Caching.Redis.Benchmarks/bin/Release/net10.0/Encina.Caching.Redis.Benchmarks-Job-NUBXJZ-1/bin/Release/net10.0
// Failed to set up high priority (Permission denied). In order to run benchmarks with high priority, make sure you have the right permissions.
// BeforeAnythingElse

// Benchmark Process Environment Information:
// BenchmarkDotNet v0.15.8
// Runtime=.NET 10.0.12 (10.0.12, 10.0.1226.42308), X64 RyuJIT x86-64-v4
// GC=Concurrent Workstation
// HardwareIntrinsics=AVX512 BITALG+VBMI2+VNNI+VPOPCNTDQ,AVX512 IFMA+VBMI,AVX512 F+BW+CD+DQ+VL,AVX2+BMI1+BMI2+F16C+FMA+LZCNT+MOVBE,AVX,SSE3+SSSE3+SSE4.1+SSE4.2+POPCNT,X86Base+SSE+SSE2,AES+PCLMUL,AvxVnni VectorSize=256
// Job: Job-ZDPOZY(InvocationCount=1, IterationCount=20, UnrollFactor=1, WarmupCount=5)

[testcontainers.org 00:00:00.19] Connected to Docker:
  Host: unix:///var/run/docker.sock
  Server Version: 28.0.4
  Kernel Version: 6.17.0-1022-azure
  API Version: 1.48
  Operating System: Ubuntu 24.04.5 LTS
  Total Memory: 15.61 GB
[testcontainers.org 00:00:00.38] Docker container 1a213951593e created
[testcontainers.org 00:00:00.44] Start Docker container 1a213951593e
[testcontainers.org 00:00:00.55] Wait for Docker container 1a213951593e to complete readiness checks
[testcontainers.org 00:00:01.57] Docker container 1a213951593e ready
[testcontainers.org 00:00:01.62] Docker container ebb39098a601 created
[testcontainers.org 00:00:01.62] Start Docker container ebb39098a601
[testcontainers.org 00:00:01.70] Wait for Docker container ebb39098a601 to complete readiness checks
[testcontainers.org 00:00:01.71] Execute "redis-cli ping" at Docker container ebb39098a601
[testcontainers.org 00:00:01.76] Docker container ebb39098a601 ready
OverheadJitting  1: 1 op, 124846.00 ns, 124.8460 us/op
WorkloadJitting  1: 1 op, 29449024.00 ns, 29.4490 ms/op

OverheadWarmup   1: 1 op, 170.00 ns, 170.0000 ns/op
OverheadWarmup   2: 1 op, 100.00 ns, 100.0000 ns/op
OverheadWarmup   3: 1 op, 60.00 ns, 60.0000 ns/op
OverheadWarmup   4: 1 op, 100.00 ns, 100.0000 ns/op
OverheadWarmup   5: 1 op, 101.00 ns, 101.0000 ns/op
OverheadWarmup   6: 1 op, 61.00 ns, 61.0000 ns/op
OverheadWarmup   7: 1 op, 90.00 ns, 90.0000 ns/op
OverheadWarmup   8: 1 op, 80.00 ns, 80.0000 ns/op

OverheadActual   1: 1 op, 170.00 ns, 170.0000 ns/op
OverheadActual   2: 1 op, 180.00 ns, 180.0000 ns/op
OverheadActual   3: 1 op, 180.00 ns, 180.0000 ns/op
OverheadActual   4: 1 op, 130.00 ns, 130.0000 ns/op
OverheadActual   5: 1 op, 180.00 ns, 180.0000 ns/op
OverheadActual   6: 1 op, 300.00 ns, 300.0000 ns/op
OverheadActual   7: 1 op, 160.00 ns, 160.0000 ns/op
OverheadActual   8: 1 op, 170.00 ns, 170.0000 ns/op
OverheadActual   9: 1 op, 340.00 ns, 340.0000 ns/op
OverheadActual  10: 1 op, 160.00 ns, 160.0000 ns/op
OverheadActual  11: 1 op, 170.00 ns, 170.0000 ns/op
OverheadActual  12: 1 op, 180.00 ns, 180.0000 ns/op
OverheadActual  13: 1 op, 130.00 ns, 130.0000 ns/op
OverheadActual  14: 1 op, 240.00 ns, 240.0000 ns/op
OverheadActual  15: 1 op, 70.00 ns, 70.0000 ns/op
OverheadActual  16: 1 op, 91.00 ns, 91.0000 ns/op
OverheadActual  17: 1 op, 110.00 ns, 110.0000 ns/op
OverheadActual  18: 1 op, 1432.00 ns, 1.4320 us/op
OverheadActual  19: 1 op, 180.00 ns, 180.0000 ns/op
OverheadActual  20: 1 op, 110.00 ns, 110.0000 ns/op

WorkloadWarmup   1: 1 op, 5240431.00 ns, 5.2404 ms/op
WorkloadWarmup   2: 1 op, 964608.00 ns, 964.6080 us/op
WorkloadWarmup   3: 1 op, 708135.00 ns, 708.1350 us/op
WorkloadWarmup   4: 1 op, 1671741.00 ns, 1.6717 ms/op
WorkloadWarmup   5: 1 op, 1216273.00 ns, 1.2163 ms/op

// BeforeActualRun
WorkloadActual   1: 1 op, 1183884.00 ns, 1.1839 ms/op
WorkloadActual   2: 1 op, 772762.00 ns, 772.7620 us/op
WorkloadActual   3: 1 op, 751601.00 ns, 751.6010 us/op
WorkloadActual   4: 1 op, 772912.00 ns, 772.9120 us/op
WorkloadActual   5: 1 op, 694235.00 ns, 694.2350 us/op
WorkloadActual   6: 1 op, 714635.00 ns, 714.6350 us/op
WorkloadActual   7: 1 op, 690914.00 ns, 690.9140 us/op
WorkloadActual   8: 1 op, 632639.00 ns, 632.6390 us/op
WorkloadActual   9: 1 op, 732858.00 ns, 732.8580 us/op
WorkloadActual  10: 1 op, 662192.00 ns, 662.1920 us/op
WorkloadActual  11: 1 op, 722421.00 ns, 722.4210 us/op
WorkloadActual  12: 1 op, 652232.00 ns, 652.2320 us/op
WorkloadActual  13: 1 op, 748270.00 ns, 748.2700 us/op
WorkloadActual  14: 1 op, 753894.00 ns, 753.8940 us/op
WorkloadActual  15: 1 op, 726953.00 ns, 726.9530 us/op
WorkloadActual  16: 1 op, 764414.00 ns, 764.4140 us/op
WorkloadActual  17: 1 op, 750488.00 ns, 750.4880 us/op
WorkloadActual  18: 1 op, 980407.00 ns, 980.4070 us/op
WorkloadActual  19: 1 op, 722421.00 ns, 722.4210 us/op
WorkloadActual  20: 1 op, 718801.00 ns, 718.8010 us/op

// AfterActualRun
WorkloadResult   1: 1 op, 772592.00 ns, 772.5920 us/op
WorkloadResult   2: 1 op, 751431.00 ns, 751.4310 us/op
WorkloadResult   3: 1 op, 772742.00 ns, 772.7420 us/op
WorkloadResult   4: 1 op, 694065.00 ns, 694.0650 us/op
WorkloadResult   5: 1 op, 714465.00 ns, 714.4650 us/op
WorkloadResult   6: 1 op, 690744.00 ns, 690.7440 us/op
WorkloadResult   7: 1 op, 632469.00 ns, 632.4690 us/op
WorkloadResult   8: 1 op, 732688.00 ns, 732.6880 us/op
WorkloadResult   9: 1 op, 662022.00 ns, 662.0220 us/op
WorkloadResult  10: 1 op, 722251.00 ns, 722.2510 us/op
WorkloadResult  11: 1 op, 652062.00 ns, 652.0620 us/op
WorkloadResult  12: 1 op, 748100.00 ns, 748.1000 us/op
WorkloadResult  13: 1 op, 753724.00 ns, 753.7240 us/op
WorkloadResult  14: 1 op, 726783.00 ns, 726.7830 us/op
WorkloadResult  15: 1 op, 764244.00 ns, 764.2440 us/op
WorkloadResult  16: 1 op, 750318.00 ns, 750.3180 us/op
WorkloadResult  17: 1 op, 722251.00 ns, 722.2510 us/op
WorkloadResult  18: 1 op, 718631.00 ns, 718.6310 us/op
// GC:  0 0 0 2952 1
// Threading:  12 0 1

[testcontainers.org 00:00:02.27] Stop Docker container ebb39098a601
[testcontainers.org 00:00:02.39] Delete Docker container ebb39098a601
// AfterAll
// Benchmark Process 7475 has exited with code 0.

Mean = 721.199 μs, StdErr = 9.690 μs (1.34%), N = 18, StdDev = 41.110 μs
Min = 632.469 μs, Q1 = 699.165 μs, Median = 724.517 μs, Q3 = 751.153 μs, Max = 772.742 μs
IQR = 51.988 μs, LowerFence = 621.183 μs, UpperFence = 829.134 μs
ConfidenceInterval = [682.778 μs; 759.620 μs] (CI 99.9%), Margin = 38.421 μs (5.33% of Mean)
Skewness = -0.66, Kurtosis = 2.32, MValue = 2.2

// ** Remained 5 (25.0 %) benchmark(s) to run. Estimated finish 2026-10-10 10:58 (0h 1m from now) **
// **************************
// Benchmark: RedisCacheProviderBenchmarks.RemoveByPatternAsync: ShortRun(InvocationCount=1, IterationCount=3, LaunchCount=1, UnrollFactor=1, WarmupCount=3)
// *** Execute ***
// Launch: 1 / 1
// Execute: dotnet Encina.Caching.Redis.Benchmarks-Job-NUBXJZ-1.dll --anonymousPipes 158 159 --benchmarkName Encina.Caching.Redis.Benchmarks.Benchmarks.RedisCacheProviderBenchmarks.RemoveByPatternAsync --job ShortRun --benchmarkId 15 in /home/runner/work/Encina/Encina/tests/Encina.BenchmarkTests/Encina.Caching.Redis.Benchmarks/bin/Release/net10.0/Encina.Caching.Redis.Benchmarks-Job-NUBXJZ-1/bin/Release/net10.0
// Failed to set up high priority (Permission denied). In order to run benchmarks with high priority, make sure you have the right permissions.
// BeforeAnythingElse

// Benchmark Process Environment Information:
// BenchmarkDotNet v0.15.8
// Runtime=.NET 10.0.12 (10.0.12, 10.0.1226.42308), X64 RyuJIT x86-64-v4
// GC=Concurrent Workstation
// HardwareIntrinsics=AVX512 BITALG+VBMI2+VNNI+VPOPCNTDQ,AVX512 IFMA+VBMI,AVX512 F+BW+CD+DQ+VL,AVX2+BMI1+BMI2+F16C+FMA+LZCNT+MOVBE,AVX,SSE3+SSSE3+SSE4.1+SSE4.2+POPCNT,X86Base+SSE+SSE2,AES+PCLMUL,AvxVnni VectorSize=256
// Job: ShortRun(InvocationCount=1, IterationCount=3, LaunchCount=1, UnrollFactor=1, WarmupCount=3)

[testcontainers.org 00:00:00.19] Connected to Docker:
  Host: unix:///var/run/docker.sock
  Server Version: 28.0.4
  Kernel Version: 6.17.0-1022-azure
  API Version: 1.48
  Operating System: Ubuntu 24.04.5 LTS
  Total Memory: 15.61 GB
[testcontainers.org 00:00:00.38] Docker container 38073c138e85 created
[testcontainers.org 00:00:00.44] Start Docker container 38073c138e85
[testcontainers.org 00:00:00.54] Wait for Docker container 38073c138e85 to complete readiness checks
[testcontainers.org 00:00:01.57] Docker container 38073c138e85 ready
[testcontainers.org 00:00:01.62] Docker container c6a2dc2c0bb4 created
[testcontainers.org 00:00:01.62] Start Docker container c6a2dc2c0bb4
[testcontainers.org 00:00:01.70] Wait for Docker container c6a2dc2c0bb4 to complete readiness checks
[testcontainers.org 00:00:01.71] Execute "redis-cli ping" at Docker container c6a2dc2c0bb4
[testcontainers.org 00:00:01.76] Docker container c6a2dc2c0bb4 ready
OverheadJitting  1: 1 op, 126739.00 ns, 126.7390 us/op
WorkloadJitting  1: 1 op, 35287325.00 ns, 35.2873 ms/op

OverheadWarmup   1: 1 op, 291.00 ns, 291.0000 ns/op
OverheadWarmup   2: 1 op, 281.00 ns, 281.0000 ns/op
OverheadWarmup   3: 1 op, 370.00 ns, 370.0000 ns/op
OverheadWarmup   4: 1 op, 200.00 ns, 200.0000 ns/op
OverheadWarmup   5: 1 op, 150.00 ns, 150.0000 ns/op
OverheadWarmup   6: 1 op, 120.00 ns, 120.0000 ns/op
OverheadWarmup   7: 1 op, 130.00 ns, 130.0000 ns/op
OverheadWarmup   8: 1 op, 450.00 ns, 450.0000 ns/op
OverheadWarmup   9: 1 op, 230.00 ns, 230.0000 ns/op

OverheadActual   1: 1 op, 190.00 ns, 190.0000 ns/op
OverheadActual   2: 1 op, 210.00 ns, 210.0000 ns/op
OverheadActual   3: 1 op, 551.00 ns, 551.0000 ns/op
OverheadActual   4: 1 op, 370.00 ns, 370.0000 ns/op
OverheadActual   5: 1 op, 391.00 ns, 391.0000 ns/op
OverheadActual   6: 1 op, 310.00 ns, 310.0000 ns/op
OverheadActual   7: 1 op, 340.00 ns, 340.0000 ns/op
OverheadActual   8: 1 op, 240.00 ns, 240.0000 ns/op
OverheadActual   9: 1 op, 190.00 ns, 190.0000 ns/op
OverheadActual  10: 1 op, 171.00 ns, 171.0000 ns/op
OverheadActual  11: 1 op, 110.00 ns, 110.0000 ns/op
OverheadActual  12: 1 op, 100.00 ns, 100.0000 ns/op
OverheadActual  13: 1 op, 120.00 ns, 120.0000 ns/op
OverheadActual  14: 1 op, 170.00 ns, 170.0000 ns/op
OverheadActual  15: 1 op, 130.00 ns, 130.0000 ns/op
OverheadActual  16: 1 op, 80.00 ns, 80.0000 ns/op
OverheadActual  17: 1 op, 100.00 ns, 100.0000 ns/op
OverheadActual  18: 1 op, 180.00 ns, 180.0000 ns/op
OverheadActual  19: 1 op, 160.00 ns, 160.0000 ns/op
OverheadActual  20: 1 op, 130.00 ns, 130.0000 ns/op

WorkloadWarmup   1: 1 op, 900031.00 ns, 900.0310 us/op
WorkloadWarmup   2: 1 op, 1034231.00 ns, 1.0342 ms/op
WorkloadWarmup   3: 1 op, 719562.00 ns, 719.5620 us/op

// BeforeActualRun
WorkloadActual   1: 1 op, 757489.00 ns, 757.4890 us/op
WorkloadActual   2: 1 op, 769678.00 ns, 769.6780 us/op
WorkloadActual   3: 1 op, 733954.00 ns, 733.9540 us/op

// AfterActualRun
WorkloadResult   1: 1 op, 757313.50 ns, 757.3135 us/op
WorkloadResult   2: 1 op, 769502.50 ns, 769.5025 us/op
WorkloadResult   3: 1 op, 733778.50 ns, 733.7785 us/op
// GC:  0 0 0 2952 1
// Threading:  12 1 1

[testcontainers.org 00:00:02.18] Stop Docker container c6a2dc2c0bb4
[testcontainers.org 00:00:02.30] Delete Docker container c6a2dc2c0bb4
// AfterAll
// Benchmark Process 7791 has exited with code 0.

Mean = 753.532 μs, StdErr = 10.485 μs (1.39%), N = 3, StdDev = 18.160 μs
Min = 733.779 μs, Q1 = 745.546 μs, Median = 757.313 μs, Q3 = 763.408 μs, Max = 769.503 μs
IQR = 17.862 μs, LowerFence = 718.753 μs, UpperFence = 790.201 μs
ConfidenceInterval = [422.229 μs; 1,084.834 μs] (CI 99.9%), Margin = 331.303 μs (43.97% of Mean)
Skewness = -0.2, Kurtosis = 0.67, MValue = 2

// ** Remained 4 (20.0 %) benchmark(s) to run. Estimated finish 2026-10-10 10:58 (0h 0m from now) **
// **************************
// Benchmark: RedisCacheProviderBenchmarks.SetAsync: Job-NUBXJZ(IterationCount=20, WarmupCount=5)
// *** Execute ***
// Launch: 1 / 1
// Execute: dotnet Encina.Caching.Redis.Benchmarks-Job-NUBXJZ-1.dll --anonymousPipes 158 159 --benchmarkName Encina.Caching.Redis.Benchmarks.Benchmarks.RedisCacheProviderBenchmarks.SetAsync --job "IterationCount=20, WarmupCount=5" --benchmarkId 16 in /home/runner/work/Encina/Encina/tests/Encina.BenchmarkTests/Encina.Caching.Redis.Benchmarks/bin/Release/net10.0/Encina.Caching.Redis.Benchmarks-Job-NUBXJZ-1/bin/Release/net10.0
// Failed to set up high priority (Permission denied). In order to run benchmarks with high priority, make sure you have the right permissions.
// BeforeAnythingElse

// Benchmark Process Environment Information:
// BenchmarkDotNet v0.15.8
// Runtime=.NET 10.0.12 (10.0.12, 10.0.1226.42308), X64 RyuJIT x86-64-v4
// GC=Concurrent Workstation
// HardwareIntrinsics=AVX512 BITALG+VBMI2+VNNI+VPOPCNTDQ,AVX512 IFMA+VBMI,AVX512 F+BW+CD+DQ+VL,AVX2+BMI1+BMI2+F16C+FMA+LZCNT+MOVBE,AVX,SSE3+SSSE3+SSE4.1+SSE4.2+POPCNT,X86Base+SSE+SSE2,AES+PCLMUL,AvxVnni VectorSize=256
// Job: Job-NUBXJZ(IterationCount=20, WarmupCount=5)

[testcontainers.org 00:00:00.19] Connected to Docker:
  Host: unix:///var/run/docker.sock
  Server Version: 28.0.4
  Kernel Version: 6.17.0-1022-azure
  API Version: 1.48
  Operating System: Ubuntu 24.04.5 LTS
  Total Memory: 15.61 GB
[testcontainers.org 00:00:00.39] Docker container 72098917c9bf created
[testcontainers.org 00:00:00.45] Start Docker container 72098917c9bf
[testcontainers.org 00:00:00.55] Wait for Docker container 72098917c9bf to complete readiness checks
[testcontainers.org 00:00:01.57] Docker container 72098917c9bf ready
[testcontainers.org 00:00:01.61] Docker container 96e11ec85be2 created
[testcontainers.org 00:00:01.61] Start Docker container 96e11ec85be2
[testcontainers.org 00:00:01.69] Wait for Docker container 96e11ec85be2 to complete readiness checks
[testcontainers.org 00:00:01.70] Execute "redis-cli ping" at Docker container 96e11ec85be2
[testcontainers.org 00:00:01.75] Docker container 96e11ec85be2 ready
OverheadJitting  1: 1 op, 122031.00 ns, 122.0310 us/op
WorkloadJitting  1: 1 op, 2673545.00 ns, 2.6735 ms/op

OverheadJitting  2: 16 op, 152738.00 ns, 9.5461 us/op
WorkloadJitting  2: 16 op, 2504138.00 ns, 156.5086 us/op

WorkloadPilot    1: 16 op, 2370152.00 ns, 148.1345 us/op
WorkloadPilot    2: 32 op, 6977601.00 ns, 218.0500 us/op
WorkloadPilot    3: 64 op, 9597395.00 ns, 149.9593 us/op
WorkloadPilot    4: 128 op, 16688830.00 ns, 130.3815 us/op
WorkloadPilot    5: 256 op, 43498479.00 ns, 169.9159 us/op
WorkloadPilot    6: 512 op, 58800472.00 ns, 114.8447 us/op
WorkloadPilot    7: 1024 op, 118369921.00 ns, 115.5956 us/op
WorkloadPilot    8: 2048 op, 237368879.00 ns, 115.9028 us/op
WorkloadPilot    9: 4096 op, 466235332.00 ns, 113.8270 us/op
WorkloadPilot   10: 8192 op, 946091579.00 ns, 115.4897 us/op

OverheadWarmup   1: 8192 op, 13119.00 ns, 1.6014 ns/op
OverheadWarmup   2: 8192 op, 10165.00 ns, 1.2408 ns/op
OverheadWarmup   3: 8192 op, 9905.00 ns, 1.2091 ns/op
OverheadWarmup   4: 8192 op, 9885.00 ns, 1.2067 ns/op
OverheadWarmup   5: 8192 op, 9825.00 ns, 1.1993 ns/op
OverheadWarmup   6: 8192 op, 9835.00 ns, 1.2006 ns/op
OverheadWarmup   7: 8192 op, 9795.00 ns, 1.1957 ns/op
OverheadWarmup   8: 8192 op, 9805.00 ns, 1.1969 ns/op
OverheadWarmup   9: 8192 op, 25739.00 ns, 3.1420 ns/op
OverheadWarmup  10: 8192 op, 9775.00 ns, 1.1932 ns/op

OverheadActual   1: 8192 op, 10336.00 ns, 1.2617 ns/op
OverheadActual   2: 8192 op, 10176.00 ns, 1.2422 ns/op
OverheadActual   3: 8192 op, 22925.00 ns, 2.7985 ns/op
OverheadActual   4: 8192 op, 10236.00 ns, 1.2495 ns/op
OverheadActual   5: 8192 op, 10196.00 ns, 1.2446 ns/op
OverheadActual   6: 8192 op, 9995.00 ns, 1.2201 ns/op
OverheadActual   7: 8192 op, 9894.00 ns, 1.2078 ns/op
OverheadActual   8: 8192 op, 9895.00 ns, 1.2079 ns/op
OverheadActual   9: 8192 op, 9875.00 ns, 1.2054 ns/op
OverheadActual  10: 8192 op, 9825.00 ns, 1.1993 ns/op
OverheadActual  11: 8192 op, 9805.00 ns, 1.1969 ns/op
OverheadActual  12: 8192 op, 9805.00 ns, 1.1969 ns/op
OverheadActual  13: 8192 op, 9844.00 ns, 1.2017 ns/op
OverheadActual  14: 8192 op, 9814.00 ns, 1.1980 ns/op
OverheadActual  15: 8192 op, 9905.00 ns, 1.2091 ns/op

WorkloadWarmup   1: 8192 op, 975994872.00 ns, 119.1400 us/op
WorkloadWarmup   2: 8192 op, 992301095.00 ns, 121.1305 us/op
WorkloadWarmup   3: 8192 op, 952263528.00 ns, 116.2431 us/op
WorkloadWarmup   4: 8192 op, 974794842.00 ns, 118.9935 us/op
WorkloadWarmup   5: 8192 op, 950634004.00 ns, 116.0442 us/op

// BeforeActualRun
WorkloadActual   1: 8192 op, 975181537.00 ns, 119.0407 us/op
WorkloadActual   2: 8192 op, 948689967.00 ns, 115.8069 us/op
WorkloadActual   3: 8192 op, 952898024.00 ns, 116.3206 us/op
WorkloadActual   4: 8192 op, 959468698.00 ns, 117.1226 us/op
WorkloadActual   5: 8192 op, 958614415.00 ns, 117.0184 us/op
WorkloadActual   6: 8192 op, 955607756.00 ns, 116.6513 us/op
WorkloadActual   7: 8192 op, 962626317.00 ns, 117.5081 us/op
WorkloadActual   8: 8192 op, 945486868.00 ns, 115.4159 us/op
WorkloadActual   9: 8192 op, 944108707.00 ns, 115.2476 us/op
WorkloadActual  10: 8192 op, 950686671.00 ns, 116.0506 us/op
WorkloadActual  11: 8192 op, 959943149.00 ns, 117.1806 us/op
WorkloadActual  12: 8192 op, 948196409.00 ns, 115.7466 us/op
WorkloadActual  13: 8192 op, 952768335.00 ns, 116.3047 us/op
WorkloadActual  14: 8192 op, 948046349.00 ns, 115.7283 us/op
WorkloadActual  15: 8192 op, 944828442.00 ns, 115.3355 us/op
WorkloadActual  16: 8192 op, 991999815.00 ns, 121.0937 us/op
WorkloadActual  17: 8192 op, 951162153.00 ns, 116.1087 us/op
WorkloadActual  18: 8192 op, 954430971.00 ns, 116.5077 us/op
WorkloadActual  19: 8192 op, 956567790.00 ns, 116.7685 us/op
WorkloadActual  20: 8192 op, 960253776.00 ns, 117.2185 us/op

// AfterActualRun
WorkloadResult   1: 8192 op, 975171642.00 ns, 119.0395 us/op
WorkloadResult   2: 8192 op, 948680072.00 ns, 115.8057 us/op
WorkloadResult   3: 8192 op, 952888129.00 ns, 116.3194 us/op
WorkloadResult   4: 8192 op, 959458803.00 ns, 117.1214 us/op
WorkloadResult   5: 8192 op, 958604520.00 ns, 117.0172 us/op
WorkloadResult   6: 8192 op, 955597861.00 ns, 116.6501 us/op
WorkloadResult   7: 8192 op, 962616422.00 ns, 117.5069 us/op
WorkloadResult   8: 8192 op, 945476973.00 ns, 115.4147 us/op
WorkloadResult   9: 8192 op, 944098812.00 ns, 115.2464 us/op
WorkloadResult  10: 8192 op, 950676776.00 ns, 116.0494 us/op
WorkloadResult  11: 8192 op, 959933254.00 ns, 117.1794 us/op
WorkloadResult  12: 8192 op, 948186514.00 ns, 115.7454 us/op
WorkloadResult  13: 8192 op, 952758440.00 ns, 116.3035 us/op
WorkloadResult  14: 8192 op, 948036454.00 ns, 115.7271 us/op
WorkloadResult  15: 8192 op, 944818547.00 ns, 115.3343 us/op
WorkloadResult  16: 8192 op, 951152258.00 ns, 116.1075 us/op
WorkloadResult  17: 8192 op, 954421076.00 ns, 116.5065 us/op
WorkloadResult  18: 8192 op, 956557895.00 ns, 116.7673 us/op
WorkloadResult  19: 8192 op, 960243881.00 ns, 117.2173 us/op
// GC:  0 0 0 7142144 8192
// Threading:  16385 448 8192

[testcontainers.org 00:00:29.08] Stop Docker container 96e11ec85be2
[testcontainers.org 00:00:29.30] Delete Docker container 96e11ec85be2
// AfterAll
// Benchmark Process 8101 has exited with code 0.

Mean = 116.477 μs, StdErr = 0.212 μs (0.18%), N = 19, StdDev = 0.924 μs
Min = 115.246 μs, Q1 = 115.776 μs, Median = 116.319 μs, Q3 = 117.069 μs, Max = 119.040 μs
IQR = 1.294 μs, LowerFence = 113.835 μs, UpperFence = 119.010 μs
ConfidenceInterval = [115.646 μs; 117.308 μs] (CI 99.9%), Margin = 0.831 μs (0.71% of Mean)
Skewness = 0.89, Kurtosis = 3.7, MValue = 2

// ** Remained 3 (15.0 %) benchmark(s) to run. Estimated finish 2026-10-10 10:59 (0h 0m from now) **
// **************************
// Benchmark: RedisCacheProviderBenchmarks.SetAsync: ShortRun(IterationCount=3, LaunchCount=1, WarmupCount=3)
// *** Execute ***
// Launch: 1 / 1
// Execute: dotnet Encina.Caching.Redis.Benchmarks-Job-NUBXJZ-1.dll --anonymousPipes 158 159 --benchmarkName Encina.Caching.Redis.Benchmarks.Benchmarks.RedisCacheProviderBenchmarks.SetAsync --job ShortRun --benchmarkId 17 in /home/runner/work/Encina/Encina/tests/Encina.BenchmarkTests/Encina.Caching.Redis.Benchmarks/bin/Release/net10.0/Encina.Caching.Redis.Benchmarks-Job-NUBXJZ-1/bin/Release/net10.0
// Failed to set up high priority (Permission denied). In order to run benchmarks with high priority, make sure you have the right permissions.
// BeforeAnythingElse

// Benchmark Process Environment Information:
// BenchmarkDotNet v0.15.8
// Runtime=.NET 10.0.12 (10.0.12, 10.0.1226.42308), X64 RyuJIT x86-64-v4
// GC=Concurrent Workstation
// HardwareIntrinsics=AVX512 BITALG+VBMI2+VNNI+VPOPCNTDQ,AVX512 IFMA+VBMI,AVX512 F+BW+CD+DQ+VL,AVX2+BMI1+BMI2+F16C+FMA+LZCNT+MOVBE,AVX,SSE3+SSSE3+SSE4.1+SSE4.2+POPCNT,X86Base+SSE+SSE2,AES+PCLMUL,AvxVnni VectorSize=256
// Job: ShortRun(IterationCount=3, LaunchCount=1, WarmupCount=3)

[testcontainers.org 00:00:00.19] Connected to Docker:
  Host: unix:///var/run/docker.sock
  Server Version: 28.0.4
  Kernel Version: 6.17.0-1022-azure
  API Version: 1.48
  Operating System: Ubuntu 24.04.5 LTS
  Total Memory: 15.61 GB
[testcontainers.org 00:00:00.38] Docker container e003b42972d5 created
[testcontainers.org 00:00:00.44] Start Docker container e003b42972d5
[testcontainers.org 00:00:00.54] Wait for Docker container e003b42972d5 to complete readiness checks
[testcontainers.org 00:00:01.57] Docker container e003b42972d5 ready
[testcontainers.org 00:00:01.70] Docker container 78f0b1e7c31f created
[testcontainers.org 00:00:01.70] Start Docker container 78f0b1e7c31f
[testcontainers.org 00:00:01.78] Wait for Docker container 78f0b1e7c31f to complete readiness checks
[testcontainers.org 00:00:01.79] Execute "redis-cli ping" at Docker container 78f0b1e7c31f
[testcontainers.org 00:00:01.84] Docker container 78f0b1e7c31f ready
OverheadJitting  1: 1 op, 137475.00 ns, 137.4750 us/op
WorkloadJitting  1: 1 op, 2716039.00 ns, 2.7160 ms/op

OverheadJitting  2: 16 op, 139598.00 ns, 8.7249 us/op
WorkloadJitting  2: 16 op, 2688027.00 ns, 168.0017 us/op

WorkloadPilot    1: 16 op, 2075323.00 ns, 129.7077 us/op
WorkloadPilot    2: 32 op, 3831908.00 ns, 119.7471 us/op
WorkloadPilot    3: 64 op, 8102743.00 ns, 126.6054 us/op
WorkloadPilot    4: 128 op, 15418148.00 ns, 120.4543 us/op
WorkloadPilot    5: 256 op, 30917026.00 ns, 120.7696 us/op
WorkloadPilot    6: 512 op, 59953027.00 ns, 117.0958 us/op
WorkloadPilot    7: 1024 op, 119267293.00 ns, 116.4720 us/op
WorkloadPilot    8: 2048 op, 237558362.00 ns, 115.9953 us/op
WorkloadPilot    9: 4096 op, 470269509.00 ns, 114.8119 us/op
WorkloadPilot   10: 8192 op, 923755463.00 ns, 112.7631 us/op

OverheadWarmup   1: 8192 op, 15072.00 ns, 1.8398 ns/op
OverheadWarmup   2: 8192 op, 14491.00 ns, 1.7689 ns/op
OverheadWarmup   3: 8192 op, 15744.00 ns, 1.9219 ns/op
OverheadWarmup   4: 8192 op, 15253.00 ns, 1.8619 ns/op
OverheadWarmup   5: 8192 op, 14271.00 ns, 1.7421 ns/op
OverheadWarmup   6: 8192 op, 15243.00 ns, 1.8607 ns/op
OverheadWarmup   7: 8192 op, 14221.00 ns, 1.7360 ns/op

OverheadActual   1: 8192 op, 15423.00 ns, 1.8827 ns/op
OverheadActual   2: 8192 op, 14552.00 ns, 1.7764 ns/op
OverheadActual   3: 8192 op, 15804.00 ns, 1.9292 ns/op
OverheadActual   4: 8192 op, 15564.00 ns, 1.8999 ns/op
OverheadActual   5: 8192 op, 15903.00 ns, 1.9413 ns/op
OverheadActual   6: 8192 op, 15463.00 ns, 1.8876 ns/op
OverheadActual   7: 8192 op, 13991.00 ns, 1.7079 ns/op
OverheadActual   8: 8192 op, 14972.00 ns, 1.8276 ns/op
OverheadActual   9: 8192 op, 15293.00 ns, 1.8668 ns/op
OverheadActual  10: 8192 op, 15273.00 ns, 1.8644 ns/op
OverheadActual  11: 8192 op, 15023.00 ns, 1.8339 ns/op
OverheadActual  12: 8192 op, 15132.00 ns, 1.8472 ns/op
OverheadActual  13: 8192 op, 15353.00 ns, 1.8741 ns/op
OverheadActual  14: 8192 op, 13690.00 ns, 1.6711 ns/op
OverheadActual  15: 8192 op, 13961.00 ns, 1.7042 ns/op

WorkloadWarmup   1: 8192 op, 931588956.00 ns, 113.7194 us/op
WorkloadWarmup   2: 8192 op, 930397475.00 ns, 113.5739 us/op
WorkloadWarmup   3: 8192 op, 939385552.00 ns, 114.6711 us/op

// BeforeActualRun
WorkloadActual   1: 8192 op, 950272252.00 ns, 116.0000 us/op
WorkloadActual   2: 8192 op, 936060663.00 ns, 114.2652 us/op
WorkloadActual   3: 8192 op, 1019821516.00 ns, 124.4899 us/op

// AfterActualRun
WorkloadResult   1: 8192 op, 950256979.00 ns, 115.9982 us/op
WorkloadResult   2: 8192 op, 936045390.00 ns, 114.2634 us/op
WorkloadResult   3: 8192 op, 1019806243.00 ns, 124.4881 us/op
// GC:  0 0 0 7137920 8192
// Threading:  16385 658 8192

[testcontainers.org 00:00:10.81] Stop Docker container 78f0b1e7c31f
[testcontainers.org 00:00:10.91] Delete Docker container 78f0b1e7c31f
// AfterAll
// Benchmark Process 8544 has exited with code 0.

Mean = 118.250 μs, StdErr = 3.159 μs (2.67%), N = 3, StdDev = 5.472 μs
Min = 114.263 μs, Q1 = 115.131 μs, Median = 115.998 μs, Q3 = 120.243 μs, Max = 124.488 μs
IQR = 5.112 μs, LowerFence = 107.462 μs, UpperFence = 127.912 μs
ConfidenceInterval = [18.427 μs; 218.073 μs] (CI 99.9%), Margin = 99.823 μs (84.42% of Mean)
Skewness = 0.34, Kurtosis = 0.67, MValue = 2

// ** Remained 2 (10.0 %) benchmark(s) to run. Estimated finish 2026-10-10 10:58 (0h 0m from now) **
// **************************
// Benchmark: RedisCacheProviderBenchmarks.SetWithSlidingExpirationAsync: Job-NUBXJZ(IterationCount=20, WarmupCount=5)
// *** Execute ***
// Launch: 1 / 1
// Execute: dotnet Encina.Caching.Redis.Benchmarks-Job-NUBXJZ-1.dll --anonymousPipes 158 159 --benchmarkName Encina.Caching.Redis.Benchmarks.Benchmarks.RedisCacheProviderBenchmarks.SetWithSlidingExpirationAsync --job "IterationCount=20, WarmupCount=5" --benchmarkId 18 in /home/runner/work/Encina/Encina/tests/Encina.BenchmarkTests/Encina.Caching.Redis.Benchmarks/bin/Release/net10.0/Encina.Caching.Redis.Benchmarks-Job-NUBXJZ-1/bin/Release/net10.0
// Failed to set up high priority (Permission denied). In order to run benchmarks with high priority, make sure you have the right permissions.
// BeforeAnythingElse

// Benchmark Process Environment Information:
// BenchmarkDotNet v0.15.8
// Runtime=.NET 10.0.12 (10.0.12, 10.0.1226.42308), X64 RyuJIT x86-64-v4
// GC=Concurrent Workstation
// HardwareIntrinsics=AVX512 BITALG+VBMI2+VNNI+VPOPCNTDQ,AVX512 IFMA+VBMI,AVX512 F+BW+CD+DQ+VL,AVX2+BMI1+BMI2+F16C+FMA+LZCNT+MOVBE,AVX,SSE3+SSSE3+SSE4.1+SSE4.2+POPCNT,X86Base+SSE+SSE2,AES+PCLMUL,AvxVnni VectorSize=256
// Job: Job-NUBXJZ(IterationCount=20, WarmupCount=5)

[testcontainers.org 00:00:00.19] Connected to Docker:
  Host: unix:///var/run/docker.sock
  Server Version: 28.0.4
  Kernel Version: 6.17.0-1022-azure
  API Version: 1.48
  Operating System: Ubuntu 24.04.5 LTS
  Total Memory: 15.61 GB
[testcontainers.org 00:00:00.39] Docker container 5e24c2f82ca8 created
[testcontainers.org 00:00:00.45] Start Docker container 5e24c2f82ca8
[testcontainers.org 00:00:00.56] Wait for Docker container 5e24c2f82ca8 to complete readiness checks
[testcontainers.org 00:00:01.58] Docker container 5e24c2f82ca8 ready
[testcontainers.org 00:00:01.63] Docker container 611b2058d916 created
[testcontainers.org 00:00:01.63] Start Docker container 611b2058d916
[testcontainers.org 00:00:01.71] Wait for Docker container 611b2058d916 to complete readiness checks
[testcontainers.org 00:00:01.72] Execute "redis-cli ping" at Docker container 611b2058d916
[testcontainers.org 00:00:01.77] Docker container 611b2058d916 ready
OverheadJitting  1: 1 op, 120610.00 ns, 120.6100 us/op
WorkloadJitting  1: 1 op, 13559653.00 ns, 13.5597 ms/op

OverheadJitting  2: 16 op, 138346.00 ns, 8.6466 us/op
WorkloadJitting  2: 16 op, 3984404.00 ns, 249.0253 us/op

WorkloadPilot    1: 16 op, 3930960.00 ns, 245.6850 us/op
WorkloadPilot    2: 32 op, 7318589.00 ns, 228.7059 us/op
WorkloadPilot    3: 64 op, 14175446.00 ns, 221.4913 us/op
WorkloadPilot    4: 128 op, 27943314.00 ns, 218.3071 us/op
WorkloadPilot    5: 256 op, 55311650.00 ns, 216.0611 us/op
WorkloadPilot    6: 512 op, 108977881.00 ns, 212.8474 us/op
WorkloadPilot    7: 1024 op, 214852914.00 ns, 209.8173 us/op
WorkloadPilot    8: 2048 op, 434357410.00 ns, 212.0886 us/op
WorkloadPilot    9: 4096 op, 910208903.00 ns, 222.2190 us/op

OverheadWarmup   1: 4096 op, 8232.00 ns, 2.0098 ns/op
OverheadWarmup   2: 4096 op, 8633.00 ns, 2.1077 ns/op
OverheadWarmup   3: 4096 op, 8883.00 ns, 2.1687 ns/op
OverheadWarmup   4: 4096 op, 7321.00 ns, 1.7874 ns/op
OverheadWarmup   5: 4096 op, 7281.00 ns, 1.7776 ns/op
OverheadWarmup   6: 4096 op, 7351.00 ns, 1.7947 ns/op
OverheadWarmup   7: 4096 op, 8583.00 ns, 2.0955 ns/op
OverheadWarmup   8: 4096 op, 7010.00 ns, 1.7114 ns/op

OverheadActual   1: 4096 op, 7711.00 ns, 1.8826 ns/op
OverheadActual   2: 4096 op, 7401.00 ns, 1.8069 ns/op
OverheadActual   3: 4096 op, 7631.00 ns, 1.8630 ns/op
OverheadActual   4: 4096 op, 7120.00 ns, 1.7383 ns/op
OverheadActual   5: 4096 op, 7361.00 ns, 1.7971 ns/op
OverheadActual   6: 4096 op, 7040.00 ns, 1.7188 ns/op
OverheadActual   7: 4096 op, 7451.00 ns, 1.8191 ns/op
OverheadActual   8: 4096 op, 7391.00 ns, 1.8044 ns/op
OverheadActual   9: 4096 op, 7321.00 ns, 1.7874 ns/op
OverheadActual  10: 4096 op, 7261.00 ns, 1.7727 ns/op
OverheadActual  11: 4096 op, 7321.00 ns, 1.7874 ns/op
OverheadActual  12: 4096 op, 5187.00 ns, 1.2664 ns/op
OverheadActual  13: 4096 op, 4957.00 ns, 1.2102 ns/op
OverheadActual  14: 4096 op, 5018.00 ns, 1.2251 ns/op
OverheadActual  15: 4096 op, 4938.00 ns, 1.2056 ns/op
OverheadActual  16: 4096 op, 4937.00 ns, 1.2053 ns/op
OverheadActual  17: 4096 op, 4927.00 ns, 1.2029 ns/op
OverheadActual  18: 4096 op, 5098.00 ns, 1.2446 ns/op
OverheadActual  19: 4096 op, 4987.00 ns, 1.2175 ns/op
OverheadActual  20: 4096 op, 4908.00 ns, 1.1982 ns/op

WorkloadWarmup   1: 4096 op, 882540158.00 ns, 215.4639 us/op
WorkloadWarmup   2: 4096 op, 868995801.00 ns, 212.1572 us/op
WorkloadWarmup   3: 4096 op, 890294396.00 ns, 217.3570 us/op
WorkloadWarmup   4: 4096 op, 882463372.00 ns, 215.4452 us/op
WorkloadWarmup   5: 4096 op, 887397628.00 ns, 216.6498 us/op

// BeforeActualRun
WorkloadActual   1: 4096 op, 886532092.00 ns, 216.4385 us/op
WorkloadActual   2: 4096 op, 1026502232.00 ns, 250.6109 us/op
WorkloadActual   3: 4096 op, 887333517.00 ns, 216.6342 us/op
WorkloadActual   4: 4096 op, 886845189.00 ns, 216.5149 us/op
WorkloadActual   5: 4096 op, 904978503.00 ns, 220.9420 us/op
WorkloadActual   6: 4096 op, 894515910.00 ns, 218.3877 us/op
WorkloadActual   7: 4096 op, 882203622.00 ns, 215.3817 us/op
WorkloadActual   8: 4096 op, 885361214.00 ns, 216.1526 us/op
WorkloadActual   9: 4096 op, 891021502.00 ns, 217.5345 us/op
WorkloadActual  10: 4096 op, 897151629.00 ns, 219.0312 us/op
WorkloadActual  11: 4096 op, 906711971.00 ns, 221.3652 us/op
WorkloadActual  12: 4096 op, 892336351.00 ns, 217.8556 us/op
WorkloadActual  13: 4096 op, 885668938.00 ns, 216.2278 us/op
WorkloadActual  14: 4096 op, 888465120.00 ns, 216.9104 us/op
WorkloadActual  15: 4096 op, 881940028.00 ns, 215.3174 us/op
WorkloadActual  16: 4096 op, 887311325.00 ns, 216.6287 us/op
WorkloadActual  17: 4096 op, 886995745.00 ns, 216.5517 us/op
WorkloadActual  18: 4096 op, 871948135.00 ns, 212.8780 us/op
WorkloadActual  19: 4096 op, 881514003.00 ns, 215.2134 us/op
WorkloadActual  20: 4096 op, 911789677.00 ns, 222.6049 us/op

// AfterActualRun
WorkloadResult   1: 4096 op, 886525012.00 ns, 216.4368 us/op
WorkloadResult   2: 4096 op, 887326437.00 ns, 216.6324 us/op
WorkloadResult   3: 4096 op, 886838109.00 ns, 216.5132 us/op
WorkloadResult   4: 4096 op, 904971423.00 ns, 220.9403 us/op
WorkloadResult   5: 4096 op, 894508830.00 ns, 218.3859 us/op
WorkloadResult   6: 4096 op, 882196542.00 ns, 215.3800 us/op
WorkloadResult   7: 4096 op, 885354134.00 ns, 216.1509 us/op
WorkloadResult   8: 4096 op, 891014422.00 ns, 217.5328 us/op
WorkloadResult   9: 4096 op, 897144549.00 ns, 219.0294 us/op
WorkloadResult  10: 4096 op, 906704891.00 ns, 221.3635 us/op
WorkloadResult  11: 4096 op, 892329271.00 ns, 217.8538 us/op
WorkloadResult  12: 4096 op, 885661858.00 ns, 216.2260 us/op
WorkloadResult  13: 4096 op, 888458040.00 ns, 216.9087 us/op
WorkloadResult  14: 4096 op, 881932948.00 ns, 215.3157 us/op
WorkloadResult  15: 4096 op, 887304245.00 ns, 216.6270 us/op
WorkloadResult  16: 4096 op, 886988665.00 ns, 216.5500 us/op
WorkloadResult  17: 4096 op, 871941055.00 ns, 212.8762 us/op
WorkloadResult  18: 4096 op, 881506923.00 ns, 215.2117 us/op
// GC:  0 0 0 6127224 4096
// Threading:  16385 1835 4096

[testcontainers.org 00:00:27.25] Stop Docker container 611b2058d916
[testcontainers.org 00:00:27.39] Delete Docker container 611b2058d916
// AfterAll
// Benchmark Process 8871 has exited with code 0.

Mean = 216.996 μs, StdErr = 0.477 μs (0.22%), N = 18, StdDev = 2.024 μs
Min = 212.876 μs, Q1 = 216.170 μs, Median = 216.588 μs, Q3 = 217.774 μs, Max = 221.363 μs
IQR = 1.604 μs, LowerFence = 213.764 μs, UpperFence = 220.179 μs
ConfidenceInterval = [215.105 μs; 218.888 μs] (CI 99.9%), Margin = 1.892 μs (0.87% of Mean)
Skewness = 0.47, Kurtosis = 3.12, MValue = 2

// ** Remained 1 (5.0 %) benchmark(s) to run. Estimated finish 2026-10-10 10:59 (0h 0m from now) **
// **************************
// Benchmark: RedisCacheProviderBenchmarks.SetWithSlidingExpirationAsync: ShortRun(IterationCount=3, LaunchCount=1, WarmupCount=3)
// *** Execute ***
// Launch: 1 / 1
// Execute: dotnet Encina.Caching.Redis.Benchmarks-Job-NUBXJZ-1.dll --anonymousPipes 158 159 --benchmarkName Encina.Caching.Redis.Benchmarks.Benchmarks.RedisCacheProviderBenchmarks.SetWithSlidingExpirationAsync --job ShortRun --benchmarkId 19 in /home/runner/work/Encina/Encina/tests/Encina.BenchmarkTests/Encina.Caching.Redis.Benchmarks/bin/Release/net10.0/Encina.Caching.Redis.Benchmarks-Job-NUBXJZ-1/bin/Release/net10.0
// Failed to set up high priority (Permission denied). In order to run benchmarks with high priority, make sure you have the right permissions.
// BeforeAnythingElse

// Benchmark Process Environment Information:
// BenchmarkDotNet v0.15.8
// Runtime=.NET 10.0.12 (10.0.12, 10.0.1226.42308), X64 RyuJIT x86-64-v4
// GC=Concurrent Workstation
// HardwareIntrinsics=AVX512 BITALG+VBMI2+VNNI+VPOPCNTDQ,AVX512 IFMA+VBMI,AVX512 F+BW+CD+DQ+VL,AVX2+BMI1+BMI2+F16C+FMA+LZCNT+MOVBE,AVX,SSE3+SSSE3+SSE4.1+SSE4.2+POPCNT,X86Base+SSE+SSE2,AES+PCLMUL,AvxVnni VectorSize=256
// Job: ShortRun(IterationCount=3, LaunchCount=1, WarmupCount=3)

[testcontainers.org 00:00:00.20] Connected to Docker:
  Host: unix:///var/run/docker.sock
  Server Version: 28.0.4
  Kernel Version: 6.17.0-1022-azure
  API Version: 1.48
  Operating System: Ubuntu 24.04.5 LTS
  Total Memory: 15.61 GB
[testcontainers.org 00:00:00.38] Docker container cd658cac4060 created
[testcontainers.org 00:00:00.44] Start Docker container cd658cac4060
[testcontainers.org 00:00:00.54] Wait for Docker container cd658cac4060 to complete readiness checks
[testcontainers.org 00:00:01.57] Docker container cd658cac4060 ready
[testcontainers.org 00:00:01.62] Docker container 2411353db49b created
[testcontainers.org 00:00:01.62] Start Docker container 2411353db49b
[testcontainers.org 00:00:01.71] Wait for Docker container 2411353db49b to complete readiness checks
[testcontainers.org 00:00:01.72] Execute "redis-cli ping" at Docker container 2411353db49b
[testcontainers.org 00:00:01.77] Docker container 2411353db49b ready
OverheadJitting  1: 1 op, 124416.00 ns, 124.4160 us/op
WorkloadJitting  1: 1 op, 13918147.00 ns, 13.9181 ms/op

OverheadJitting  2: 16 op, 146668.00 ns, 9.1668 us/op
WorkloadJitting  2: 16 op, 4116651.00 ns, 257.2907 us/op

WorkloadPilot    1: 16 op, 3806054.00 ns, 237.8784 us/op
WorkloadPilot    2: 32 op, 7131871.00 ns, 222.8710 us/op
WorkloadPilot    3: 64 op, 14156947.00 ns, 221.2023 us/op
WorkloadPilot    4: 128 op, 27932883.00 ns, 218.2256 us/op
WorkloadPilot    5: 256 op, 54262325.00 ns, 211.9622 us/op
WorkloadPilot    6: 512 op, 112201295.00 ns, 219.1432 us/op
WorkloadPilot    7: 1024 op, 216051713.00 ns, 210.9880 us/op
WorkloadPilot    8: 2048 op, 438233930.00 ns, 213.9814 us/op
WorkloadPilot    9: 4096 op, 860969381.00 ns, 210.1976 us/op

OverheadWarmup   1: 4096 op, 5808.00 ns, 1.4180 ns/op
OverheadWarmup   2: 4096 op, 5008.00 ns, 1.2227 ns/op
OverheadWarmup   3: 4096 op, 4927.00 ns, 1.2029 ns/op
OverheadWarmup   4: 4096 op, 4977.00 ns, 1.2151 ns/op
OverheadWarmup   5: 4096 op, 4908.00 ns, 1.1982 ns/op
OverheadWarmup   6: 4096 op, 4917.00 ns, 1.2004 ns/op
OverheadWarmup   7: 4096 op, 4938.00 ns, 1.2056 ns/op
OverheadWarmup   8: 4096 op, 4887.00 ns, 1.1931 ns/op

OverheadActual   1: 4096 op, 5208.00 ns, 1.2715 ns/op
OverheadActual   2: 4096 op, 5208.00 ns, 1.2715 ns/op
OverheadActual   3: 4096 op, 5167.00 ns, 1.2615 ns/op
OverheadActual   4: 4096 op, 5058.00 ns, 1.2349 ns/op
OverheadActual   5: 4096 op, 5188.00 ns, 1.2666 ns/op
OverheadActual   6: 4096 op, 4967.00 ns, 1.2126 ns/op
OverheadActual   7: 4096 op, 4957.00 ns, 1.2102 ns/op
OverheadActual   8: 4096 op, 4927.00 ns, 1.2029 ns/op
OverheadActual   9: 4096 op, 4917.00 ns, 1.2004 ns/op
OverheadActual  10: 4096 op, 4877.00 ns, 1.1907 ns/op
OverheadActual  11: 4096 op, 4898.00 ns, 1.1958 ns/op
OverheadActual  12: 4096 op, 4968.00 ns, 1.2129 ns/op
OverheadActual  13: 4096 op, 4948.00 ns, 1.2080 ns/op
OverheadActual  14: 4096 op, 4917.00 ns, 1.2004 ns/op
OverheadActual  15: 4096 op, 4957.00 ns, 1.2102 ns/op

WorkloadWarmup   1: 4096 op, 882083950.00 ns, 215.3525 us/op
WorkloadWarmup   2: 4096 op, 882648478.00 ns, 215.4904 us/op
WorkloadWarmup   3: 4096 op, 870997615.00 ns, 212.6459 us/op

// BeforeActualRun
WorkloadActual   1: 4096 op, 857022754.00 ns, 209.2341 us/op
WorkloadActual   2: 4096 op, 867026406.00 ns, 211.6764 us/op
WorkloadActual   3: 4096 op, 887066965.00 ns, 216.5691 us/op

// AfterActualRun
WorkloadResult   1: 4096 op, 857017797.00 ns, 209.2329 us/op
WorkloadResult   2: 4096 op, 867021449.00 ns, 211.6752 us/op
WorkloadResult   3: 4096 op, 887062008.00 ns, 216.5679 us/op
// GC:  0 0 0 6125624 4096
// Threading:  16385 2284 4096

[testcontainers.org 00:00:10.03] Stop Docker container 2411353db49b
[testcontainers.org 00:00:10.23] Delete Docker container 2411353db49b
// AfterAll
// Benchmark Process 9198 has exited with code 0.

Mean = 212.492 μs, StdErr = 2.156 μs (1.01%), N = 3, StdDev = 3.735 μs
Min = 209.233 μs, Q1 = 210.454 μs, Median = 211.675 μs, Q3 = 214.122 μs, Max = 216.568 μs
IQR = 3.668 μs, LowerFence = 204.953 μs, UpperFence = 219.623 μs
ConfidenceInterval = [144.350 μs; 280.634 μs] (CI 99.9%), Margin = 68.142 μs (32.07% of Mean)
Skewness = 0.21, Kurtosis = 0.67, MValue = 2

// ** Remained 0 (0.0 %) benchmark(s) to run. Estimated finish 2026-10-10 10:59 (0h 0m from now) **
// ***** BenchmarkRunner: Finish  *****

// * Export *
  artifacts/performance/CachingRedis/results/Encina.Caching.Redis.Benchmarks.Benchmarks.RedisCacheProviderBenchmarks-report.csv
  artifacts/performance/CachingRedis/results/Encina.Caching.Redis.Benchmarks.Benchmarks.RedisCacheProviderBenchmarks-report-github.md
  artifacts/performance/CachingRedis/results/Encina.Caching.Redis.Benchmarks.Benchmarks.RedisCacheProviderBenchmarks-report.html
  artifacts/performance/CachingRedis/results/Encina.Caching.Redis.Benchmarks.Benchmarks.RedisCacheProviderBenchmarks-report-full-compressed.json

// * Detailed results *
RedisCacheProviderBenchmarks.ExistsAsync_False: Job-NUBXJZ(IterationCount=20, WarmupCount=5)
Runtime = .NET 10.0.12 (10.0.12, 10.0.1226.42308), X64 RyuJIT x86-64-v4; GC = Concurrent Workstation
Mean = 111.957 μs, StdErr = 0.231 μs (0.21%), N = 18, StdDev = 0.979 μs
Min = 109.706 μs, Q1 = 111.345 μs, Median = 111.964 μs, Q3 = 112.748 μs, Max = 113.863 μs
IQR = 1.403 μs, LowerFence = 109.240 μs, UpperFence = 114.853 μs
ConfidenceInterval = [111.042 μs; 112.872 μs] (CI 99.9%), Margin = 0.915 μs (0.82% of Mean)
Skewness = -0.14, Kurtosis = 2.78, MValue = 2
-------------------- Histogram --------------------
[109.216 μs ; 114.353 μs) | @@@@@@@@@@@@@@@@@@
---------------------------------------------------

RedisCacheProviderBenchmarks.ExistsAsync_True: Job-NUBXJZ(IterationCount=20, WarmupCount=5)
Runtime = .NET 10.0.12 (10.0.12, 10.0.1226.42308), X64 RyuJIT x86-64-v4; GC = Concurrent Workstation
Mean = 111.336 μs, StdErr = 0.431 μs (0.39%), N = 19, StdDev = 1.880 μs
Min = 108.415 μs, Q1 = 109.741 μs, Median = 111.439 μs, Q3 = 112.515 μs, Max = 114.970 μs
IQR = 2.774 μs, LowerFence = 105.579 μs, UpperFence = 116.676 μs
ConfidenceInterval = [109.645 μs; 113.028 μs] (CI 99.9%), Margin = 1.691 μs (1.52% of Mean)
Skewness = 0.05, Kurtosis = 1.93, MValue = 2
-------------------- Histogram --------------------
[107.711 μs ; 110.780 μs) | @@@@@@@
[110.780 μs ; 115.367 μs) | @@@@@@@@@@@@
---------------------------------------------------

RedisCacheProviderBenchmarks.GetAsync_CacheHit: Job-NUBXJZ(IterationCount=20, WarmupCount=5)
Runtime = .NET 10.0.12 (10.0.12, 10.0.1226.42308), X64 RyuJIT x86-64-v4; GC = Concurrent Workstation
Mean = 113.563 μs, StdErr = 0.287 μs (0.25%), N = 17, StdDev = 1.183 μs
Min = 111.630 μs, Q1 = 112.417 μs, Median = 113.449 μs, Q3 = 114.433 μs, Max = 115.333 μs
IQR = 2.015 μs, LowerFence = 109.394 μs, UpperFence = 117.456 μs
ConfidenceInterval = [112.411 μs; 114.715 μs] (CI 99.9%), Margin = 1.152 μs (1.01% of Mean)
Skewness = -0.2, Kurtosis = 1.59, MValue = 2
-------------------- Histogram --------------------
[111.026 μs ; 115.937 μs) | @@@@@@@@@@@@@@@@@
---------------------------------------------------

RedisCacheProviderBenchmarks.GetAsync_CacheMiss: Job-NUBXJZ(IterationCount=20, WarmupCount=5)
Runtime = .NET 10.0.12 (10.0.12, 10.0.1226.42308), X64 RyuJIT x86-64-v4; GC = Concurrent Workstation
Mean = 112.792 μs, StdErr = 0.542 μs (0.48%), N = 19, StdDev = 2.360 μs
Min = 106.250 μs, Q1 = 111.785 μs, Median = 113.051 μs, Q3 = 113.952 μs, Max = 117.437 μs
IQR = 2.167 μs, LowerFence = 108.535 μs, UpperFence = 117.202 μs
ConfidenceInterval = [110.668 μs; 114.915 μs] (CI 99.9%), Margin = 2.124 μs (1.88% of Mean)
Skewness = -0.67, Kurtosis = 4.27, MValue = 2
-------------------- Histogram --------------------
[105.089 μs ; 108.553 μs) | @
[108.553 μs ; 111.325 μs) | @
[111.325 μs ; 113.647 μs) | @@@@@@@@@@@
[113.647 μs ; 116.083 μs) | @@@@@
[116.083 μs ; 118.598 μs) | @
---------------------------------------------------

RedisCacheProviderBenchmarks.GetOrSetAsync_CacheHit: Job-NUBXJZ(IterationCount=20, WarmupCount=5)
Runtime = .NET 10.0.12 (10.0.12, 10.0.1226.42308), X64 RyuJIT x86-64-v4; GC = Concurrent Workstation
Mean = 114.492 μs, StdErr = 0.089 μs (0.08%), N = 17, StdDev = 0.365 μs
Min = 113.771 μs, Q1 = 114.293 μs, Median = 114.614 μs, Q3 = 114.776 μs, Max = 115.049 μs
IQR = 0.483 μs, LowerFence = 113.569 μs, UpperFence = 115.500 μs
ConfidenceInterval = [114.137 μs; 114.848 μs] (CI 99.9%), Margin = 0.355 μs (0.31% of Mean)
Skewness = -0.4, Kurtosis = 1.93, MValue = 2
-------------------- Histogram --------------------
[113.585 μs ; 115.235 μs) | @@@@@@@@@@@@@@@@@
---------------------------------------------------

RedisCacheProviderBenchmarks.SetAsync: Job-NUBXJZ(IterationCount=20, WarmupCount=5)
Runtime = .NET 10.0.12 (10.0.12, 10.0.1226.42308), X64 RyuJIT x86-64-v4; GC = Concurrent Workstation
Mean = 116.477 μs, StdErr = 0.212 μs (0.18%), N = 19, StdDev = 0.924 μs
Min = 115.246 μs, Q1 = 115.776 μs, Median = 116.319 μs, Q3 = 117.069 μs, Max = 119.040 μs
IQR = 1.294 μs, LowerFence = 113.835 μs, UpperFence = 119.010 μs
ConfidenceInterval = [115.646 μs; 117.308 μs] (CI 99.9%), Margin = 0.831 μs (0.71% of Mean)
Skewness = 0.89, Kurtosis = 3.7, MValue = 2
-------------------- Histogram --------------------
[114.956 μs ; 119.494 μs) | @@@@@@@@@@@@@@@@@@@
---------------------------------------------------

RedisCacheProviderBenchmarks.SetWithSlidingExpirationAsync: Job-NUBXJZ(IterationCount=20, WarmupCount=5)
Runtime = .NET 10.0.12 (10.0.12, 10.0.1226.42308), X64 RyuJIT x86-64-v4; GC = Concurrent Workstation
Mean = 216.996 μs, StdErr = 0.477 μs (0.22%), N = 18, StdDev = 2.024 μs
Min = 212.876 μs, Q1 = 216.170 μs, Median = 216.588 μs, Q3 = 217.774 μs, Max = 221.363 μs
IQR = 1.604 μs, LowerFence = 213.764 μs, UpperFence = 220.179 μs
ConfidenceInterval = [215.105 μs; 218.888 μs] (CI 99.9%), Margin = 1.892 μs (0.87% of Mean)
Skewness = 0.47, Kurtosis = 3.12, MValue = 2
-------------------- Histogram --------------------
[211.863 μs ; 222.377 μs) | @@@@@@@@@@@@@@@@@@
---------------------------------------------------

RedisCacheProviderBenchmarks.ExistsAsync_False: ShortRun(IterationCount=3, LaunchCount=1, WarmupCount=3)
Runtime = .NET 10.0.12 (10.0.12, 10.0.1226.42308), X64 RyuJIT x86-64-v4; GC = Concurrent Workstation
Mean = 111.784 μs, StdErr = 0.876 μs (0.78%), N = 3, StdDev = 1.516 μs
Min = 110.034 μs, Q1 = 111.329 μs, Median = 112.624 μs, Q3 = 112.660 μs, Max = 112.696 μs
IQR = 1.331 μs, LowerFence = 109.333 μs, UpperFence = 114.656 μs
ConfidenceInterval = [84.119 μs; 139.450 μs] (CI 99.9%), Margin = 27.665 μs (24.75% of Mean)
Skewness = -0.38, Kurtosis = 0.67, MValue = 2
-------------------- Histogram --------------------
[109.985 μs ; 112.745 μs) | @@@
---------------------------------------------------

RedisCacheProviderBenchmarks.ExistsAsync_True: ShortRun(IterationCount=3, LaunchCount=1, WarmupCount=3)
Runtime = .NET 10.0.12 (10.0.12, 10.0.1226.42308), X64 RyuJIT x86-64-v4; GC = Concurrent Workstation
Mean = 110.432 μs, StdErr = 0.470 μs (0.43%), N = 3, StdDev = 0.814 μs
Min = 109.579 μs, Q1 = 110.049 μs, Median = 110.519 μs, Q3 = 110.859 μs, Max = 111.199 μs
IQR = 0.810 μs, LowerFence = 108.834 μs, UpperFence = 112.074 μs
ConfidenceInterval = [95.591 μs; 125.274 μs] (CI 99.9%), Margin = 14.841 μs (13.44% of Mean)
Skewness = -0.11, Kurtosis = 0.67, MValue = 2
-------------------- Histogram --------------------
[108.838 μs ; 111.939 μs) | @@@
---------------------------------------------------

RedisCacheProviderBenchmarks.GetAsync_CacheHit: ShortRun(IterationCount=3, LaunchCount=1, WarmupCount=3)
Runtime = .NET 10.0.12 (10.0.12, 10.0.1226.42308), X64 RyuJIT x86-64-v4; GC = Concurrent Workstation
Mean = 113.663 μs, StdErr = 0.612 μs (0.54%), N = 3, StdDev = 1.061 μs
Min = 112.467 μs, Q1 = 113.251 μs, Median = 114.036 μs, Q3 = 114.262 μs, Max = 114.487 μs
IQR = 1.010 μs, LowerFence = 111.736 μs, UpperFence = 115.777 μs
ConfidenceInterval = [94.311 μs; 133.016 μs] (CI 99.9%), Margin = 19.352 μs (17.03% of Mean)
Skewness = -0.31, Kurtosis = 0.67, MValue = 2
-------------------- Histogram --------------------
[111.501 μs ; 115.453 μs) | @@@
---------------------------------------------------

RedisCacheProviderBenchmarks.GetAsync_CacheMiss: ShortRun(IterationCount=3, LaunchCount=1, WarmupCount=3)
Runtime = .NET 10.0.12 (10.0.12, 10.0.1226.42308), X64 RyuJIT x86-64-v4; GC = Concurrent Workstation
Mean = 113.079 μs, StdErr = 0.326 μs (0.29%), N = 3, StdDev = 0.565 μs
Min = 112.456 μs, Q1 = 112.839 μs, Median = 113.222 μs, Q3 = 113.390 μs, Max = 113.558 μs
IQR = 0.551 μs, LowerFence = 112.013 μs, UpperFence = 114.217 μs
ConfidenceInterval = [102.772 μs; 123.385 μs] (CI 99.9%), Margin = 10.307 μs (9.11% of Mean)
Skewness = -0.24, Kurtosis = 0.67, MValue = 2
-------------------- Histogram --------------------
[111.942 μs ; 114.072 μs) | @@@
---------------------------------------------------

RedisCacheProviderBenchmarks.GetOrSetAsync_CacheHit: ShortRun(IterationCount=3, LaunchCount=1, WarmupCount=3)
Runtime = .NET 10.0.12 (10.0.12, 10.0.1226.42308), X64 RyuJIT x86-64-v4; GC = Concurrent Workstation
Mean = 115.439 μs, StdErr = 0.358 μs (0.31%), N = 3, StdDev = 0.621 μs
Min = 114.858 μs, Q1 = 115.112 μs, Median = 115.366 μs, Q3 = 115.729 μs, Max = 116.093 μs
IQR = 0.617 μs, LowerFence = 114.186 μs, UpperFence = 116.655 μs
ConfidenceInterval = [104.118 μs; 126.759 μs] (CI 99.9%), Margin = 11.320 μs (9.81% of Mean)
Skewness = 0.12, Kurtosis = 0.67, MValue = 2
-------------------- Histogram --------------------
[114.293 μs ; 116.263 μs) | @@@
---------------------------------------------------

RedisCacheProviderBenchmarks.SetAsync: ShortRun(IterationCount=3, LaunchCount=1, WarmupCount=3)
Runtime = .NET 10.0.12 (10.0.12, 10.0.1226.42308), X64 RyuJIT x86-64-v4; GC = Concurrent Workstation
Mean = 118.250 μs, StdErr = 3.159 μs (2.67%), N = 3, StdDev = 5.472 μs
Min = 114.263 μs, Q1 = 115.131 μs, Median = 115.998 μs, Q3 = 120.243 μs, Max = 124.488 μs
IQR = 5.112 μs, LowerFence = 107.462 μs, UpperFence = 127.912 μs
ConfidenceInterval = [18.427 μs; 218.073 μs] (CI 99.9%), Margin = 99.823 μs (84.42% of Mean)
Skewness = 0.34, Kurtosis = 0.67, MValue = 2
-------------------- Histogram --------------------
[109.284 μs ; 120.110 μs) | @@
[120.110 μs ; 129.467 μs) | @
---------------------------------------------------

RedisCacheProviderBenchmarks.SetWithSlidingExpirationAsync: ShortRun(IterationCount=3, LaunchCount=1, WarmupCount=3)
Runtime = .NET 10.0.12 (10.0.12, 10.0.1226.42308), X64 RyuJIT x86-64-v4; GC = Concurrent Workstation
Mean = 212.492 μs, StdErr = 2.156 μs (1.01%), N = 3, StdDev = 3.735 μs
Min = 209.233 μs, Q1 = 210.454 μs, Median = 211.675 μs, Q3 = 214.122 μs, Max = 216.568 μs
IQR = 3.668 μs, LowerFence = 204.953 μs, UpperFence = 219.623 μs
ConfidenceInterval = [144.350 μs; 280.634 μs] (CI 99.9%), Margin = 68.142 μs (32.07% of Mean)
Skewness = 0.21, Kurtosis = 0.67, MValue = 2
-------------------- Histogram --------------------
[207.055 μs ; 213.853 μs) | @@
[213.853 μs ; 219.967 μs) | @
---------------------------------------------------

RedisCacheProviderBenchmarks.GetOrSetAsync_CacheMiss: Job-ZDPOZY(InvocationCount=1, IterationCount=20, UnrollFactor=1, WarmupCount=5)
Runtime = .NET 10.0.12 (10.0.12, 10.0.1226.42308), X64 RyuJIT x86-64-v4; GC = Concurrent Workstation
Mean = 548.172 μs, StdErr = 3.475 μs (0.63%), N = 20, StdDev = 15.540 μs
Min = 526.449 μs, Q1 = 534.822 μs, Median = 546.600 μs, Q3 = 561.790 μs, Max = 572.138 μs
IQR = 26.968 μs, LowerFence = 494.369 μs, UpperFence = 602.242 μs
ConfidenceInterval = [534.678 μs; 561.666 μs] (CI 99.9%), Margin = 13.494 μs (2.46% of Mean)
Skewness = 0.19, Kurtosis = 1.49, MValue = 2.5
-------------------- Histogram --------------------
[526.131 μs ; 541.159 μs) | @@@@@@@@
[541.159 μs ; 558.304 μs) | @@@@@
[558.304 μs ; 573.332 μs) | @@@@@@@
---------------------------------------------------

RedisCacheProviderBenchmarks.RemoveAsync: Job-ZDPOZY(InvocationCount=1, IterationCount=20, UnrollFactor=1, WarmupCount=5)
Runtime = .NET 10.0.12 (10.0.12, 10.0.1226.42308), X64 RyuJIT x86-64-v4; GC = Concurrent Workstation
Mean = 156.925 μs, StdErr = 2.589 μs (1.65%), N = 20, StdDev = 11.579 μs
Min = 143.624 μs, Q1 = 146.735 μs, Median = 154.583 μs, Q3 = 164.561 μs, Max = 181.671 μs
IQR = 17.826 μs, LowerFence = 119.995 μs, UpperFence = 191.301 μs
ConfidenceInterval = [146.870 μs; 166.980 μs] (CI 99.9%), Margin = 10.055 μs (6.41% of Mean)
Skewness = 0.57, Kurtosis = 2.07, MValue = 2.6
-------------------- Histogram --------------------
[142.740 μs ; 153.937 μs) | @@@@@@@@@@
[153.937 μs ; 167.275 μs) | @@@@@@@
[167.275 μs ; 172.599 μs) | 
[172.599 μs ; 183.796 μs) | @@@
---------------------------------------------------

RedisCacheProviderBenchmarks.RemoveByPatternAsync: Job-ZDPOZY(InvocationCount=1, IterationCount=20, UnrollFactor=1, WarmupCount=5)
Runtime = .NET 10.0.12 (10.0.12, 10.0.1226.42308), X64 RyuJIT x86-64-v4; GC = Concurrent Workstation
Mean = 721.199 μs, StdErr = 9.690 μs (1.34%), N = 18, StdDev = 41.110 μs
Min = 632.469 μs, Q1 = 699.165 μs, Median = 724.517 μs, Q3 = 751.153 μs, Max = 772.742 μs
IQR = 51.988 μs, LowerFence = 621.183 μs, UpperFence = 829.134 μs
ConfidenceInterval = [682.778 μs; 759.620 μs] (CI 99.9%), Margin = 38.421 μs (5.33% of Mean)
Skewness = -0.66, Kurtosis = 2.32, MValue = 2.2
-------------------- Histogram --------------------
[626.657 μs ; 667.834 μs) | @@@
[667.834 μs ; 713.506 μs) | @@
[713.506 μs ; 754.683 μs) | @@@@@@@@@@
[754.683 μs ; 793.330 μs) | @@@
---------------------------------------------------

RedisCacheProviderBenchmarks.GetOrSetAsync_CacheMiss: ShortRun(InvocationCount=1, IterationCount=3, LaunchCount=1, UnrollFactor=1, WarmupCount=3)
Runtime = .NET 10.0.12 (10.0.12, 10.0.1226.42308), X64 RyuJIT x86-64-v4; GC = Concurrent Workstation
Mean = 580.280 μs, StdErr = 15.505 μs (2.67%), N = 3, StdDev = 26.855 μs
Min = 550.926 μs, Q1 = 568.612 μs, Median = 586.299 μs, Q3 = 594.957 μs, Max = 603.615 μs
IQR = 26.345 μs, LowerFence = 529.096 μs, UpperFence = 634.474 μs
ConfidenceInterval = [90.340 μs; 1,070.220 μs] (CI 99.9%), Margin = 489.940 μs (84.43% of Mean)
Skewness = -0.21, Kurtosis = 0.67, MValue = 2
-------------------- Histogram --------------------
[526.487 μs ; 570.518 μs) | @
[570.518 μs ; 628.054 μs) | @@
---------------------------------------------------

RedisCacheProviderBenchmarks.RemoveAsync: ShortRun(InvocationCount=1, IterationCount=3, LaunchCount=1, UnrollFactor=1, WarmupCount=3)
Runtime = .NET 10.0.12 (10.0.12, 10.0.1226.42308), X64 RyuJIT x86-64-v4; GC = Concurrent Workstation
Mean = 165.982 μs, StdErr = 9.636 μs (5.81%), N = 3, StdDev = 16.690 μs
Min = 154.459 μs, Q1 = 156.412 μs, Median = 158.365 μs, Q3 = 171.744 μs, Max = 185.121 μs
IQR = 15.331 μs, LowerFence = 133.416 μs, UpperFence = 194.740 μs
ConfidenceInterval = [-138.502 μs; 470.466 μs] (CI 99.9%), Margin = 304.484 μs (183.44% of Mean)
Skewness = 0.36, Kurtosis = 0.67, MValue = 2
-------------------- Histogram --------------------
[139.271 μs ; 171.601 μs) | @@
[171.601 μs ; 200.310 μs) | @
---------------------------------------------------

RedisCacheProviderBenchmarks.RemoveByPatternAsync: ShortRun(InvocationCount=1, IterationCount=3, LaunchCount=1, UnrollFactor=1, WarmupCount=3)
Runtime = .NET 10.0.12 (10.0.12, 10.0.1226.42308), X64 RyuJIT x86-64-v4; GC = Concurrent Workstation
Mean = 753.532 μs, StdErr = 10.485 μs (1.39%), N = 3, StdDev = 18.160 μs
Min = 733.779 μs, Q1 = 745.546 μs, Median = 757.313 μs, Q3 = 763.408 μs, Max = 769.503 μs
IQR = 17.862 μs, LowerFence = 718.753 μs, UpperFence = 790.201 μs
ConfidenceInterval = [422.229 μs; 1,084.834 μs] (CI 99.9%), Margin = 331.303 μs (43.97% of Mean)
Skewness = -0.2, Kurtosis = 0.67, MValue = 2
-------------------- Histogram --------------------
[717.252 μs ; 746.882 μs) | @
[746.882 μs ; 786.029 μs) | @@
---------------------------------------------------

// * Summary *

BenchmarkDotNet v0.15.8, Linux Ubuntu 24.04.5 LTS (Noble Numbat)
AMD EPYC 9V45 4.25GHz, 1 CPU, 4 logical and 2 physical cores
.NET SDK 10.0.401
  [Host]     : .NET 10.0.12 (10.0.12, 10.0.1226.42308), X64 RyuJIT x86-64-v4
  Job-NUBXJZ : .NET 10.0.12 (10.0.12, 10.0.1226.42308), X64 RyuJIT x86-64-v4
  ShortRun   : .NET 10.0.12 (10.0.12, 10.0.1226.42308), X64 RyuJIT x86-64-v4
  Job-ZDPOZY : .NET 10.0.12 (10.0.12, 10.0.1226.42308), X64 RyuJIT x86-64-v4


| Method                        | Job        | InvocationCount | IterationCount | LaunchCount | UnrollFactor | WarmupCount | Mean     | Error     | StdDev   | Ratio | RatioSD | Allocated | Alloc Ratio |
|------------------------------ |----------- |---------------- |--------------- |------------ |------------- |------------ |---------:|----------:|---------:|------:|--------:|----------:|------------:|
| ExistsAsync_False             | Job-NUBXJZ | Default         | 20             | Default     | 16           | 5           | 112.0 μs |   0.92 μs |  0.98 μs |  0.99 |    0.01 |     583 B |        0.52 |
| ExistsAsync_True              | Job-NUBXJZ | Default         | 20             | Default     | 16           | 5           | 111.3 μs |   1.69 μs |  1.88 μs |  0.98 |    0.02 |     591 B |        0.52 |
| GetAsync_CacheHit             | Job-NUBXJZ | Default         | 20             | Default     | 16           | 5           | 113.6 μs |   1.15 μs |  1.18 μs |  1.00 |    0.01 |    1128 B |        1.00 |
| GetAsync_CacheMiss            | Job-NUBXJZ | Default         | 20             | Default     | 16           | 5           | 112.8 μs |   2.12 μs |  2.36 μs |  0.99 |    0.02 |     640 B |        0.57 |
| GetOrSetAsync_CacheHit        | Job-NUBXJZ | Default         | 20             | Default     | 16           | 5           | 114.5 μs |   0.36 μs |  0.37 μs |  1.01 |    0.01 |    1432 B |        1.27 |
| SetAsync                      | Job-NUBXJZ | Default         | 20             | Default     | 16           | 5           | 116.5 μs |   0.83 μs |  0.92 μs |  1.03 |    0.01 |     872 B |        0.77 |
| SetWithSlidingExpirationAsync | Job-NUBXJZ | Default         | 20             | Default     | 16           | 5           | 217.0 μs |   1.89 μs |  2.02 μs |  1.91 |    0.03 |    1496 B |        1.33 |
|                               |            |                 |                |             |              |             |          |           |          |       |         |           |             |
| ExistsAsync_False             | ShortRun   | Default         | 3              | 1           | 16           | 3           | 111.8 μs |  27.67 μs |  1.52 μs |  0.98 |    0.01 |     582 B |        0.52 |
| ExistsAsync_True              | ShortRun   | Default         | 3              | 1           | 16           | 3           | 110.4 μs |  14.84 μs |  0.81 μs |  0.97 |    0.01 |     590 B |        0.52 |
| GetAsync_CacheHit             | ShortRun   | Default         | 3              | 1           | 16           | 3           | 113.7 μs |  19.35 μs |  1.06 μs |  1.00 |    0.01 |    1128 B |        1.00 |
| GetAsync_CacheMiss            | ShortRun   | Default         | 3              | 1           | 16           | 3           | 113.1 μs |  10.31 μs |  0.56 μs |  0.99 |    0.01 |     637 B |        0.56 |
| GetOrSetAsync_CacheHit        | ShortRun   | Default         | 3              | 1           | 16           | 3           | 115.4 μs |  11.32 μs |  0.62 μs |  1.02 |    0.01 |    1430 B |        1.27 |
| SetAsync                      | ShortRun   | Default         | 3              | 1           | 16           | 3           | 118.2 μs |  99.82 μs |  5.47 μs |  1.04 |    0.04 |     871 B |        0.77 |
| SetWithSlidingExpirationAsync | ShortRun   | Default         | 3              | 1           | 16           | 3           | 212.5 μs |  68.14 μs |  3.74 μs |  1.87 |    0.03 |    1496 B |        1.33 |
|                               |            |                 |                |             |              |             |          |           |          |       |         |           |             |
| GetOrSetAsync_CacheMiss       | Job-ZDPOZY | 1               | 20             | Default     | 1            | 5           | 548.2 μs |  13.49 μs | 15.54 μs |     ? |       ? |    3000 B |           ? |
| RemoveAsync                   | Job-ZDPOZY | 1               | 20             | Default     | 1            | 5           | 156.9 μs |  10.05 μs | 11.58 μs |     ? |       ? |     608 B |           ? |
| RemoveByPatternAsync          | Job-ZDPOZY | 1               | 20             | Default     | 1            | 5           | 721.2 μs |  38.42 μs | 41.11 μs |     ? |       ? |    2952 B |           ? |
|                               |            |                 |                |             |              |             |          |           |          |       |         |           |             |
| GetOrSetAsync_CacheMiss       | ShortRun   | 1               | 3              | 1           | 1            | 3           | 580.3 μs | 489.94 μs | 26.86 μs |     ? |       ? |    3000 B |           ? |
| RemoveAsync                   | ShortRun   | 1               | 3              | 1           | 1            | 3           | 166.0 μs | 304.48 μs | 16.69 μs |     ? |       ? |     608 B |           ? |
| RemoveByPatternAsync          | ShortRun   | 1               | 3              | 1           | 1            | 3           | 753.5 μs | 331.30 μs | 18.16 μs |     ? |       ? |    2952 B |           ? |

// * Warnings *
BaselineCustomAnalyzer
  Summary -> A question mark '?' symbol indicates that it was not possible to compute the (Ratio, RatioSD, Alloc Ratio) column(s) because the baseline or benchmark could not be found, or the baseline value is too close to zero.
MinIterationTime
  RedisCacheProviderBenchmarks.GetOrSetAsync_CacheMiss: InvocationCount=1, IterationCount=20, UnrollFactor=1, WarmupCount=5 -> The minimum observed iteration time is 526.625μs which is very small. It's recommended to increase it to at least 100ms using more operations.
  RedisCacheProviderBenchmarks.RemoveAsync: InvocationCount=1, IterationCount=20, UnrollFactor=1, WarmupCount=5             -> The minimum observed iteration time is 143.804μs which is very small. It's recommended to increase it to at least 100ms using more operations.
  RedisCacheProviderBenchmarks.RemoveByPatternAsync: InvocationCount=1, IterationCount=20, UnrollFactor=1, WarmupCount=5    -> The minimum observed iteration time is 632.639μs which is very small. It's recommended to increase it to at least 100ms using more operations.
  RedisCacheProviderBenchmarks.GetOrSetAsync_CacheMiss: ShortRun                                                            -> The minimum observed iteration time is 551.011μs which is very small. It's recommended to increase it to at least 100ms using more operations.
  RedisCacheProviderBenchmarks.RemoveAsync: ShortRun                                                                        -> The minimum observed iteration time is 154.62μs which is very small. It's recommended to increase it to at least 100ms using more operations.
  RedisCacheProviderBenchmarks.RemoveByPatternAsync: ShortRun                                                               -> The minimum observed iteration time is 733.954μs which is very small. It's recommended to increase it to at least 100ms using more operations.

// * Hints *
Outliers
  RedisCacheProviderBenchmarks.ExistsAsync_False: IterationCount=20, WarmupCount=5                                       -> 2 outliers were removed (116.35 μs, 117.61 μs)
  RedisCacheProviderBenchmarks.ExistsAsync_True: IterationCount=20, WarmupCount=5                                        -> 1 outlier  was  removed (116.86 μs)
  RedisCacheProviderBenchmarks.GetAsync_CacheHit: IterationCount=20, WarmupCount=5                                       -> 3 outliers were removed (119.09 μs..126.69 μs)
  RedisCacheProviderBenchmarks.GetAsync_CacheMiss: IterationCount=20, WarmupCount=5                                      -> 1 outlier  was  removed, 2 outliers were detected (106.25 μs, 119.08 μs)
  RedisCacheProviderBenchmarks.GetOrSetAsync_CacheHit: IterationCount=20, WarmupCount=5                                  -> 3 outliers were removed (116.13 μs..118.45 μs)
  RedisCacheProviderBenchmarks.SetAsync: IterationCount=20, WarmupCount=5                                                -> 1 outlier  was  removed (121.09 μs)
  RedisCacheProviderBenchmarks.SetWithSlidingExpirationAsync: IterationCount=20, WarmupCount=5                           -> 2 outliers were removed (222.60 μs, 250.61 μs)
  RedisCacheProviderBenchmarks.RemoveByPatternAsync: InvocationCount=1, IterationCount=20, UnrollFactor=1, WarmupCount=5 -> 2 outliers were removed, 3 outliers were detected (632.64 μs, 980.41 μs, 1.18 ms)
// * Config Issues *

// * Warnings *
Configuration
  Summary -> The exporter CsvExporter is already present in configuration. There may be unexpected results.
  Summary -> The exporter HtmlExporter is already present in configuration. There may be unexpected results.
  Summary -> The exporter MarkdownExporter-github is already present in configuration. There may be unexpected results.

// * Legends *
  Mean        : Arithmetic mean of all measurements
  Error       : Half of 99.9% confidence interval
  StdDev      : Standard deviation of all measurements
  Ratio       : Mean of the ratio distribution ([Current]/[Baseline])
  RatioSD     : Standard deviation of the ratio distribution ([Current]/[Baseline])
  Allocated   : Allocated memory per single operation (managed only, inclusive, 1KB = 1024B)
  Alloc Ratio : Allocated memory ratio distribution ([Current]/[Baseline])
  1 μs        : 1 Microsecond (0.000001 sec)

// * Diagnostic Output - MemoryDiagnoser *


// ***** BenchmarkRunner: End *****
Run time: 00:04:55 (295.12 sec), executed benchmarks: 20

Global total time: 00:05:32 (332.59 sec), executed benchmarks: 20
// * Artifacts cleanup *
Artifacts cleanup is finished
