// Validating benchmarks:
// ***** BenchmarkRunner: Start   *****
// ***** Found 16 benchmark(s) in total *****
// ***** Building 1 exe(s) in Parallel: Start   *****
// start dotnet  restore --nodeReuse:false /p:UseSharedCompilation=false /p:Deterministic=true /p:Optimize=true /p:ArtifactsPath="/home/runner/work/Encina/Encina/tests/Encina.BenchmarkTests/Encina.AzureFunctions.Benchmarks/bin/Release/net10.0/Encina.AzureFunctions.Benchmarks-DefaultJob-1/" /p:OutDir="/home/runner/work/Encina/Encina/tests/Encina.BenchmarkTests/Encina.AzureFunctions.Benchmarks/bin/Release/net10.0/Encina.AzureFunctions.Benchmarks-DefaultJob-1/bin/Release/net10.0/" /p:OutputPath="/home/runner/work/Encina/Encina/tests/Encina.BenchmarkTests/Encina.AzureFunctions.Benchmarks/bin/Release/net10.0/Encina.AzureFunctions.Benchmarks-DefaultJob-1/bin/Release/net10.0/" /p:PublishDir="/home/runner/work/Encina/Encina/tests/Encina.BenchmarkTests/Encina.AzureFunctions.Benchmarks/bin/Release/net10.0/Encina.AzureFunctions.Benchmarks-DefaultJob-1/publish/" in /home/runner/work/Encina/Encina/tests/Encina.BenchmarkTests/Encina.AzureFunctions.Benchmarks/bin/Release/net10.0/Encina.AzureFunctions.Benchmarks-DefaultJob-1
// command took 1.84 sec and exited with 0
// start dotnet  build -c Release --no-restore --nodeReuse:false /p:UseSharedCompilation=false /p:Deterministic=true /p:Optimize=true /p:ArtifactsPath="/home/runner/work/Encina/Encina/tests/Encina.BenchmarkTests/Encina.AzureFunctions.Benchmarks/bin/Release/net10.0/Encina.AzureFunctions.Benchmarks-DefaultJob-1/" /p:OutDir="/home/runner/work/Encina/Encina/tests/Encina.BenchmarkTests/Encina.AzureFunctions.Benchmarks/bin/Release/net10.0/Encina.AzureFunctions.Benchmarks-DefaultJob-1/bin/Release/net10.0/" /p:OutputPath="/home/runner/work/Encina/Encina/tests/Encina.BenchmarkTests/Encina.AzureFunctions.Benchmarks/bin/Release/net10.0/Encina.AzureFunctions.Benchmarks-DefaultJob-1/bin/Release/net10.0/" /p:PublishDir="/home/runner/work/Encina/Encina/tests/Encina.BenchmarkTests/Encina.AzureFunctions.Benchmarks/bin/Release/net10.0/Encina.AzureFunctions.Benchmarks-DefaultJob-1/publish/" --output "/home/runner/work/Encina/Encina/tests/Encina.BenchmarkTests/Encina.AzureFunctions.Benchmarks/bin/Release/net10.0/Encina.AzureFunctions.Benchmarks-DefaultJob-1/bin/Release/net10.0/" in /home/runner/work/Encina/Encina/tests/Encina.BenchmarkTests/Encina.AzureFunctions.Benchmarks/bin/Release/net10.0/Encina.AzureFunctions.Benchmarks-DefaultJob-1
// command took 33.33 sec and exited with 0
// ***** Done, took 00:00:35 (35.33 sec)   *****
// Found 16 benchmarks:
//   ErrorCodeMappingBenchmarks.MapAuthorizationUnauthenticated: DefaultJob
//   ErrorCodeMappingBenchmarks.MapAuthorizationForbidden: DefaultJob
//   ErrorCodeMappingBenchmarks.MapConflictError: DefaultJob
//   ErrorCodeMappingBenchmarks.MapUnknownError: DefaultJob
//   ErrorCodeMappingBenchmarks.MapMultipleValidationErrors: DefaultJob
//   ErrorCodeMappingBenchmarks.MapMixedErrors: DefaultJob
//   ErrorCodeMappingBenchmarks.MapAuthorizationUnauthenticated: ShortRun(IterationCount=3, LaunchCount=1, WarmupCount=3)
//   ErrorCodeMappingBenchmarks.MapAuthorizationForbidden: ShortRun(IterationCount=3, LaunchCount=1, WarmupCount=3)
//   ErrorCodeMappingBenchmarks.MapConflictError: ShortRun(IterationCount=3, LaunchCount=1, WarmupCount=3)
//   ErrorCodeMappingBenchmarks.MapUnknownError: ShortRun(IterationCount=3, LaunchCount=1, WarmupCount=3)
//   ErrorCodeMappingBenchmarks.MapMultipleValidationErrors: ShortRun(IterationCount=3, LaunchCount=1, WarmupCount=3)
//   ErrorCodeMappingBenchmarks.MapMixedErrors: ShortRun(IterationCount=3, LaunchCount=1, WarmupCount=3)
//   ErrorCodeMappingBenchmarks.MapValidationError: DefaultJob
//   ErrorCodeMappingBenchmarks.MapValidationError: ShortRun(IterationCount=3, LaunchCount=1, WarmupCount=3)
//   ErrorCodeMappingBenchmarks.MapNotFoundError: DefaultJob
//   ErrorCodeMappingBenchmarks.MapNotFoundError: ShortRun(IterationCount=3, LaunchCount=1, WarmupCount=3)

// **************************
// Benchmark: ErrorCodeMappingBenchmarks.MapAuthorizationUnauthenticated: DefaultJob
// *** Execute ***
// Launch: 1 / 1
// Execute: dotnet Encina.AzureFunctions.Benchmarks-DefaultJob-1.dll --anonymousPipes 136 137 --benchmarkName Encina.AzureFunctions.Benchmarks.ErrorCodeMappingBenchmarks.MapAuthorizationUnauthenticated --job Default --benchmarkId 0 in /home/runner/work/Encina/Encina/tests/Encina.BenchmarkTests/Encina.AzureFunctions.Benchmarks/bin/Release/net10.0/Encina.AzureFunctions.Benchmarks-DefaultJob-1/bin/Release/net10.0
// Failed to set up high priority (Permission denied). In order to run benchmarks with high priority, make sure you have the right permissions.
// BeforeAnythingElse

// Benchmark Process Environment Information:
// BenchmarkDotNet v0.15.8
// Runtime=.NET 10.0.12 (10.0.12, 10.0.1226.42308), X64 RyuJIT x86-64-v4
// GC=Concurrent Workstation
// HardwareIntrinsics=AVX512 BITALG+VBMI2+VNNI+VPOPCNTDQ,AVX512 IFMA+VBMI,AVX512 F+BW+CD+DQ+VL,AVX2+BMI1+BMI2+F16C+FMA+LZCNT+MOVBE,AVX,SSE3+SSSE3+SSE4.1+SSE4.2+POPCNT,X86Base+SSE+SSE2,AES+PCLMUL VectorSize=256
// Job: DefaultJob

OverheadJitting  1: 1 op, 173608.00 ns, 173.6080 us/op
WorkloadJitting  1: 1 op, 794790.00 ns, 794.7900 us/op

OverheadJitting  2: 16 op, 174840.00 ns, 10.9275 us/op
WorkloadJitting  2: 16 op, 174149.00 ns, 10.8843 us/op

WorkloadPilot    1: 16 op, 1192.00 ns, 74.5000 ns/op
WorkloadPilot    2: 32 op, 1102.00 ns, 34.4375 ns/op
WorkloadPilot    3: 64 op, 1462.00 ns, 22.8438 ns/op
WorkloadPilot    4: 128 op, 2283.00 ns, 17.8359 ns/op
WorkloadPilot    5: 256 op, 4036.00 ns, 15.7656 ns/op
WorkloadPilot    6: 512 op, 7571.00 ns, 14.7871 ns/op
WorkloadPilot    7: 1024 op, 14581.00 ns, 14.2393 ns/op
WorkloadPilot    8: 2048 op, 28662.00 ns, 13.9951 ns/op
WorkloadPilot    9: 4096 op, 57235.00 ns, 13.9734 ns/op
WorkloadPilot   10: 8192 op, 113098.00 ns, 13.8059 ns/op
WorkloadPilot   11: 16384 op, 225034.00 ns, 13.7350 ns/op
WorkloadPilot   12: 32768 op, 465681.00 ns, 14.2115 ns/op
WorkloadPilot   13: 65536 op, 910081.00 ns, 13.8867 ns/op
WorkloadPilot   14: 131072 op, 1816427.00 ns, 13.8582 ns/op
WorkloadPilot   15: 262144 op, 3625594.00 ns, 13.8305 ns/op
WorkloadPilot   16: 524288 op, 7358077.00 ns, 14.0344 ns/op
WorkloadPilot   17: 1048576 op, 14520153.00 ns, 13.8475 ns/op
WorkloadPilot   18: 2097152 op, 28997131.00 ns, 13.8269 ns/op
WorkloadPilot   19: 4194304 op, 58124296.00 ns, 13.8579 ns/op
WorkloadPilot   20: 8388608 op, 116149425.00 ns, 13.8461 ns/op
WorkloadPilot   21: 16777216 op, 232587639.00 ns, 13.8633 ns/op
WorkloadPilot   22: 33554432 op, 465355006.00 ns, 13.8687 ns/op
WorkloadPilot   23: 67108864 op, 930786456.00 ns, 13.8698 ns/op

OverheadWarmup   1: 67108864 op, 94949252.00 ns, 1.4149 ns/op
OverheadWarmup   2: 67108864 op, 94921952.00 ns, 1.4144 ns/op
OverheadWarmup   3: 67108864 op, 94866450.00 ns, 1.4136 ns/op
OverheadWarmup   4: 67108864 op, 95078465.00 ns, 1.4168 ns/op
OverheadWarmup   5: 67108864 op, 94880381.00 ns, 1.4138 ns/op
OverheadWarmup   6: 67108864 op, 94935813.00 ns, 1.4147 ns/op
OverheadWarmup   7: 67108864 op, 95027519.00 ns, 1.4160 ns/op
OverheadWarmup   8: 67108864 op, 94918477.00 ns, 1.4144 ns/op

OverheadActual   1: 67108864 op, 94975471.00 ns, 1.4152 ns/op
OverheadActual   2: 67108864 op, 95057292.00 ns, 1.4165 ns/op
OverheadActual   3: 67108864 op, 95005476.00 ns, 1.4157 ns/op
OverheadActual   4: 67108864 op, 94933569.00 ns, 1.4146 ns/op
OverheadActual   5: 67108864 op, 94878597.00 ns, 1.4138 ns/op
OverheadActual   6: 67108864 op, 95052385.00 ns, 1.4164 ns/op
OverheadActual   7: 67108864 op, 94952147.00 ns, 1.4149 ns/op
OverheadActual   8: 67108864 op, 94918727.00 ns, 1.4144 ns/op
OverheadActual   9: 67108864 op, 95220205.00 ns, 1.4189 ns/op
OverheadActual  10: 67108864 op, 95045776.00 ns, 1.4163 ns/op
OverheadActual  11: 67108864 op, 95040468.00 ns, 1.4162 ns/op
OverheadActual  12: 67108864 op, 95103762.00 ns, 1.4172 ns/op
OverheadActual  13: 67108864 op, 94942422.00 ns, 1.4148 ns/op
OverheadActual  14: 67108864 op, 94896804.00 ns, 1.4141 ns/op
OverheadActual  15: 67108864 op, 94939358.00 ns, 1.4147 ns/op

WorkloadWarmup   1: 67108864 op, 930064824.00 ns, 13.8590 ns/op
WorkloadWarmup   2: 67108864 op, 929740702.00 ns, 13.8542 ns/op
WorkloadWarmup   3: 67108864 op, 929893785.00 ns, 13.8565 ns/op
WorkloadWarmup   4: 67108864 op, 930440948.00 ns, 13.8647 ns/op
WorkloadWarmup   5: 67108864 op, 929813683.00 ns, 13.8553 ns/op
WorkloadWarmup   6: 67108864 op, 930261948.00 ns, 13.8620 ns/op
WorkloadWarmup   7: 67108864 op, 930109903.00 ns, 13.8597 ns/op

// BeforeActualRun
WorkloadActual   1: 67108864 op, 929900066.00 ns, 13.8566 ns/op
WorkloadActual   2: 67108864 op, 930218471.00 ns, 13.8613 ns/op
WorkloadActual   3: 67108864 op, 929302820.00 ns, 13.8477 ns/op
WorkloadActual   4: 67108864 op, 929795502.00 ns, 13.8550 ns/op
WorkloadActual   5: 67108864 op, 929200508.00 ns, 13.8462 ns/op
WorkloadActual   6: 67108864 op, 929081047.00 ns, 13.8444 ns/op
WorkloadActual   7: 67108864 op, 929327016.00 ns, 13.8481 ns/op
WorkloadActual   8: 67108864 op, 931537581.00 ns, 13.8810 ns/op
WorkloadActual   9: 67108864 op, 929416018.00 ns, 13.8494 ns/op
WorkloadActual  10: 67108864 op, 929725598.00 ns, 13.8540 ns/op
WorkloadActual  11: 67108864 op, 930777711.00 ns, 13.8697 ns/op
WorkloadActual  12: 67108864 op, 930189718.00 ns, 13.8609 ns/op
WorkloadActual  13: 67108864 op, 958152317.00 ns, 14.2776 ns/op
WorkloadActual  14: 67108864 op, 934379087.00 ns, 13.9233 ns/op
WorkloadActual  15: 67108864 op, 932583301.00 ns, 13.8966 ns/op

// AfterActualRun
WorkloadResult   1: 67108864 op, 834924595.00 ns, 12.4413 ns/op
WorkloadResult   2: 67108864 op, 835243000.00 ns, 12.4461 ns/op
WorkloadResult   3: 67108864 op, 834327349.00 ns, 12.4324 ns/op
WorkloadResult   4: 67108864 op, 834820031.00 ns, 12.4398 ns/op
WorkloadResult   5: 67108864 op, 834225037.00 ns, 12.4309 ns/op
WorkloadResult   6: 67108864 op, 834105576.00 ns, 12.4291 ns/op
WorkloadResult   7: 67108864 op, 834351545.00 ns, 12.4328 ns/op
WorkloadResult   8: 67108864 op, 836562110.00 ns, 12.4657 ns/op
WorkloadResult   9: 67108864 op, 834440547.00 ns, 12.4341 ns/op
WorkloadResult  10: 67108864 op, 834750127.00 ns, 12.4387 ns/op
WorkloadResult  11: 67108864 op, 835802240.00 ns, 12.4544 ns/op
WorkloadResult  12: 67108864 op, 835214247.00 ns, 12.4457 ns/op
WorkloadResult  13: 67108864 op, 837607830.00 ns, 12.4813 ns/op
// GC:  0 0 0 0 67108864
// Threading:  0 0 67108864

// AfterAll
// Benchmark Process 2796 has exited with code 0.

Mean = 12.444 ns, StdErr = 0.004 ns (0.03%), N = 13, StdDev = 0.015 ns
Min = 12.429 ns, Q1 = 12.433 ns, Median = 12.440 ns, Q3 = 12.446 ns, Max = 12.481 ns
IQR = 0.013 ns, LowerFence = 12.413 ns, UpperFence = 12.466 ns
ConfidenceInterval = [12.426 ns; 12.462 ns] (CI 99.9%), Margin = 0.018 ns (0.15% of Mean)
Skewness = 1.16, Kurtosis = 3.28, MValue = 2

// ** Remained 15 (93.8 %) benchmark(s) to run. Estimated finish 2026-10-07 14:57 (0h 6m from now) **
// **************************
// Benchmark: ErrorCodeMappingBenchmarks.MapAuthorizationForbidden: DefaultJob
// *** Execute ***
// Launch: 1 / 1
// Execute: dotnet Encina.AzureFunctions.Benchmarks-DefaultJob-1.dll --anonymousPipes 136 137 --benchmarkName Encina.AzureFunctions.Benchmarks.ErrorCodeMappingBenchmarks.MapAuthorizationForbidden --job Default --benchmarkId 1 in /home/runner/work/Encina/Encina/tests/Encina.BenchmarkTests/Encina.AzureFunctions.Benchmarks/bin/Release/net10.0/Encina.AzureFunctions.Benchmarks-DefaultJob-1/bin/Release/net10.0
// Failed to set up high priority (Permission denied). In order to run benchmarks with high priority, make sure you have the right permissions.
// BeforeAnythingElse

// Benchmark Process Environment Information:
// BenchmarkDotNet v0.15.8
// Runtime=.NET 10.0.12 (10.0.12, 10.0.1226.42308), X64 RyuJIT x86-64-v4
// GC=Concurrent Workstation
// HardwareIntrinsics=AVX512 BITALG+VBMI2+VNNI+VPOPCNTDQ,AVX512 IFMA+VBMI,AVX512 F+BW+CD+DQ+VL,AVX2+BMI1+BMI2+F16C+FMA+LZCNT+MOVBE,AVX,SSE3+SSSE3+SSE4.1+SSE4.2+POPCNT,X86Base+SSE+SSE2,AES+PCLMUL VectorSize=256
// Job: DefaultJob

OverheadJitting  1: 1 op, 172667.00 ns, 172.6670 us/op
WorkloadJitting  1: 1 op, 759288.00 ns, 759.2880 us/op

OverheadJitting  2: 16 op, 185466.00 ns, 11.5916 us/op
WorkloadJitting  2: 16 op, 191955.00 ns, 11.9972 us/op

WorkloadPilot    1: 16 op, 1452.00 ns, 90.7500 ns/op
WorkloadPilot    2: 32 op, 1202.00 ns, 37.5625 ns/op
WorkloadPilot    3: 64 op, 1602.00 ns, 25.0313 ns/op
WorkloadPilot    4: 128 op, 2533.00 ns, 19.7891 ns/op
WorkloadPilot    5: 256 op, 4487.00 ns, 17.5273 ns/op
WorkloadPilot    6: 512 op, 13601.00 ns, 26.5645 ns/op
WorkloadPilot    7: 1024 op, 21502.00 ns, 20.9980 ns/op
WorkloadPilot    8: 2048 op, 31386.00 ns, 15.3252 ns/op
WorkloadPilot    9: 4096 op, 62353.00 ns, 15.2229 ns/op
WorkloadPilot   10: 8192 op, 123995.00 ns, 15.1361 ns/op
WorkloadPilot   11: 16384 op, 246597.00 ns, 15.0511 ns/op
WorkloadPilot   12: 32768 op, 495716.00 ns, 15.1281 ns/op
WorkloadPilot   13: 65536 op, 1005774.00 ns, 15.3469 ns/op
WorkloadPilot   14: 131072 op, 2000732.00 ns, 15.2644 ns/op
WorkloadPilot   15: 262144 op, 4009586.00 ns, 15.2954 ns/op
WorkloadPilot   16: 524288 op, 8003269.00 ns, 15.2650 ns/op
WorkloadPilot   17: 1048576 op, 15957345.00 ns, 15.2181 ns/op
WorkloadPilot   18: 2097152 op, 31853618.00 ns, 15.1890 ns/op
WorkloadPilot   19: 4194304 op, 63726044.00 ns, 15.1935 ns/op
WorkloadPilot   20: 8388608 op, 127531958.00 ns, 15.2030 ns/op
WorkloadPilot   21: 16777216 op, 255007242.00 ns, 15.1996 ns/op
WorkloadPilot   22: 33554432 op, 509932482.00 ns, 15.1972 ns/op

OverheadWarmup   1: 33554432 op, 47511658.00 ns, 1.4160 ns/op
OverheadWarmup   2: 33554432 op, 47547943.00 ns, 1.4170 ns/op
OverheadWarmup   3: 33554432 op, 47458640.00 ns, 1.4144 ns/op
OverheadWarmup   4: 33554432 op, 47556785.00 ns, 1.4173 ns/op
OverheadWarmup   5: 33554432 op, 47448094.00 ns, 1.4141 ns/op

OverheadActual   1: 33554432 op, 47455485.00 ns, 1.4143 ns/op
OverheadActual   2: 33554432 op, 47466091.00 ns, 1.4146 ns/op
OverheadActual   3: 33554432 op, 47514082.00 ns, 1.4160 ns/op
OverheadActual   4: 33554432 op, 47506400.00 ns, 1.4158 ns/op
OverheadActual   5: 33554432 op, 47878033.00 ns, 1.4269 ns/op
OverheadActual   6: 33554432 op, 47495274.00 ns, 1.4155 ns/op
OverheadActual   7: 33554432 op, 47447853.00 ns, 1.4141 ns/op
OverheadActual   8: 33554432 op, 47460562.00 ns, 1.4144 ns/op
OverheadActual   9: 33554432 op, 47515053.00 ns, 1.4161 ns/op
OverheadActual  10: 33554432 op, 47474373.00 ns, 1.4148 ns/op
OverheadActual  11: 33554432 op, 47531969.00 ns, 1.4166 ns/op
OverheadActual  12: 33554432 op, 47538799.00 ns, 1.4168 ns/op
OverheadActual  13: 33554432 op, 47445249.00 ns, 1.4140 ns/op
OverheadActual  14: 33554432 op, 47497738.00 ns, 1.4155 ns/op
OverheadActual  15: 33554432 op, 47553521.00 ns, 1.4172 ns/op

WorkloadWarmup   1: 33554432 op, 510483811.00 ns, 15.2136 ns/op
WorkloadWarmup   2: 33554432 op, 510109395.00 ns, 15.2024 ns/op
WorkloadWarmup   3: 33554432 op, 510838819.00 ns, 15.2242 ns/op
WorkloadWarmup   4: 33554432 op, 510464222.00 ns, 15.2130 ns/op
WorkloadWarmup   5: 33554432 op, 509252482.00 ns, 15.1769 ns/op
WorkloadWarmup   6: 33554432 op, 509981715.00 ns, 15.1986 ns/op
WorkloadWarmup   7: 33554432 op, 509190730.00 ns, 15.1751 ns/op

// BeforeActualRun
WorkloadActual   1: 33554432 op, 510869364.00 ns, 15.2251 ns/op
WorkloadActual   2: 33554432 op, 509120241.00 ns, 15.1730 ns/op
WorkloadActual   3: 33554432 op, 510748970.00 ns, 15.2215 ns/op
WorkloadActual   4: 33554432 op, 509959318.00 ns, 15.1980 ns/op
WorkloadActual   5: 33554432 op, 509905558.00 ns, 15.1964 ns/op
WorkloadActual   6: 33554432 op, 518560184.00 ns, 15.4543 ns/op
WorkloadActual   7: 33554432 op, 538667683.00 ns, 16.0535 ns/op
WorkloadActual   8: 33554432 op, 509918226.00 ns, 15.1967 ns/op
WorkloadActual   9: 33554432 op, 510007019.00 ns, 15.1994 ns/op
WorkloadActual  10: 33554432 op, 511231117.00 ns, 15.2359 ns/op
WorkloadActual  11: 33554432 op, 509706011.00 ns, 15.1904 ns/op
WorkloadActual  12: 33554432 op, 514837944.00 ns, 15.3434 ns/op
WorkloadActual  13: 33554432 op, 511741775.00 ns, 15.2511 ns/op
WorkloadActual  14: 33554432 op, 509613985.00 ns, 15.1877 ns/op
WorkloadActual  15: 33554432 op, 509956374.00 ns, 15.1979 ns/op

// AfterActualRun
WorkloadResult   1: 33554432 op, 463371626.00 ns, 13.8096 ns/op
WorkloadResult   2: 33554432 op, 461622503.00 ns, 13.7574 ns/op
WorkloadResult   3: 33554432 op, 463251232.00 ns, 13.8060 ns/op
WorkloadResult   4: 33554432 op, 462461580.00 ns, 13.7824 ns/op
WorkloadResult   5: 33554432 op, 462407820.00 ns, 13.7808 ns/op
WorkloadResult   6: 33554432 op, 462420488.00 ns, 13.7812 ns/op
WorkloadResult   7: 33554432 op, 462509281.00 ns, 13.7839 ns/op
WorkloadResult   8: 33554432 op, 463733379.00 ns, 13.8203 ns/op
WorkloadResult   9: 33554432 op, 462208273.00 ns, 13.7749 ns/op
WorkloadResult  10: 33554432 op, 464244037.00 ns, 13.8356 ns/op
WorkloadResult  11: 33554432 op, 462116247.00 ns, 13.7721 ns/op
WorkloadResult  12: 33554432 op, 462458636.00 ns, 13.7823 ns/op
// GC:  0 0 0 0 33554432
// Threading:  0 0 33554432

// AfterAll
// Benchmark Process 2812 has exited with code 0.

Mean = 13.791 ns, StdErr = 0.006 ns (0.05%), N = 12, StdDev = 0.022 ns
Min = 13.757 ns, Q1 = 13.779 ns, Median = 13.782 ns, Q3 = 13.807 ns, Max = 13.836 ns
IQR = 0.028 ns, LowerFence = 13.738 ns, UpperFence = 13.848 ns
ConfidenceInterval = [13.762 ns; 13.819 ns] (CI 99.9%), Margin = 0.029 ns (0.21% of Mean)
Skewness = 0.58, Kurtosis = 2.12, MValue = 2

// ** Remained 14 (87.5 %) benchmark(s) to run. Estimated finish 2026-10-07 14:56 (0h 4m from now) **
// **************************
// Benchmark: ErrorCodeMappingBenchmarks.MapConflictError: DefaultJob
// *** Execute ***
// Launch: 1 / 1
// Execute: dotnet Encina.AzureFunctions.Benchmarks-DefaultJob-1.dll --anonymousPipes 136 137 --benchmarkName Encina.AzureFunctions.Benchmarks.ErrorCodeMappingBenchmarks.MapConflictError --job Default --benchmarkId 2 in /home/runner/work/Encina/Encina/tests/Encina.BenchmarkTests/Encina.AzureFunctions.Benchmarks/bin/Release/net10.0/Encina.AzureFunctions.Benchmarks-DefaultJob-1/bin/Release/net10.0
// Failed to set up high priority (Permission denied). In order to run benchmarks with high priority, make sure you have the right permissions.
// BeforeAnythingElse

// Benchmark Process Environment Information:
// BenchmarkDotNet v0.15.8
// Runtime=.NET 10.0.12 (10.0.12, 10.0.1226.42308), X64 RyuJIT x86-64-v4
// GC=Concurrent Workstation
// HardwareIntrinsics=AVX512 BITALG+VBMI2+VNNI+VPOPCNTDQ,AVX512 IFMA+VBMI,AVX512 F+BW+CD+DQ+VL,AVX2+BMI1+BMI2+F16C+FMA+LZCNT+MOVBE,AVX,SSE3+SSSE3+SSE4.1+SSE4.2+POPCNT,X86Base+SSE+SSE2,AES+PCLMUL VectorSize=256
// Job: DefaultJob

OverheadJitting  1: 1 op, 168670.00 ns, 168.6700 us/op
WorkloadJitting  1: 1 op, 729734.00 ns, 729.7340 us/op

OverheadJitting  2: 16 op, 193347.00 ns, 12.0842 us/op
WorkloadJitting  2: 16 op, 174309.00 ns, 10.8943 us/op

WorkloadPilot    1: 16 op, 902.00 ns, 56.3750 ns/op
WorkloadPilot    2: 32 op, 1032.00 ns, 32.2500 ns/op
WorkloadPilot    3: 64 op, 1302.00 ns, 20.3438 ns/op
WorkloadPilot    4: 128 op, 2013.00 ns, 15.7266 ns/op
WorkloadPilot    5: 256 op, 6179.00 ns, 24.1367 ns/op
WorkloadPilot    6: 512 op, 6670.00 ns, 13.0273 ns/op
WorkloadPilot    7: 1024 op, 12429.00 ns, 12.1377 ns/op
WorkloadPilot    8: 2048 op, 24446.00 ns, 11.9365 ns/op
WorkloadPilot    9: 4096 op, 48272.00 ns, 11.7852 ns/op
WorkloadPilot   10: 8192 op, 96012.00 ns, 11.7202 ns/op
WorkloadPilot   11: 16384 op, 191495.00 ns, 11.6879 ns/op
WorkloadPilot   12: 32768 op, 382428.00 ns, 11.6708 ns/op
WorkloadPilot   13: 65536 op, 764406.00 ns, 11.6639 ns/op
WorkloadPilot   14: 131072 op, 1544134.00 ns, 11.7808 ns/op
WorkloadPilot   15: 262144 op, 3109639.00 ns, 11.8623 ns/op
WorkloadPilot   16: 524288 op, 6184898.00 ns, 11.7968 ns/op
WorkloadPilot   17: 1048576 op, 12431898.00 ns, 11.8560 ns/op
WorkloadPilot   18: 2097152 op, 24735404.00 ns, 11.7948 ns/op
WorkloadPilot   19: 4194304 op, 49292764.00 ns, 11.7523 ns/op
WorkloadPilot   20: 8388608 op, 98648442.00 ns, 11.7598 ns/op
WorkloadPilot   21: 16777216 op, 197773491.00 ns, 11.7882 ns/op
WorkloadPilot   22: 33554432 op, 394855645.00 ns, 11.7676 ns/op
WorkloadPilot   23: 67108864 op, 788757353.00 ns, 11.7534 ns/op

OverheadWarmup   1: 67108864 op, 94960378.00 ns, 1.4150 ns/op
OverheadWarmup   2: 67108864 op, 94978505.00 ns, 1.4153 ns/op
OverheadWarmup   3: 67108864 op, 94939167.00 ns, 1.4147 ns/op
OverheadWarmup   4: 67108864 op, 95295756.00 ns, 1.4200 ns/op
OverheadWarmup   5: 67108864 op, 95036872.00 ns, 1.4162 ns/op

OverheadActual   1: 67108864 op, 94895992.00 ns, 1.4141 ns/op
OverheadActual   2: 67108864 op, 94922342.00 ns, 1.4145 ns/op
OverheadActual   3: 67108864 op, 94934871.00 ns, 1.4146 ns/op
OverheadActual   4: 67108864 op, 95044494.00 ns, 1.4163 ns/op
OverheadActual   5: 67108864 op, 95084002.00 ns, 1.4169 ns/op
OverheadActual   6: 67108864 op, 94953468.00 ns, 1.4149 ns/op
OverheadActual   7: 67108864 op, 94969962.00 ns, 1.4152 ns/op
OverheadActual   8: 67108864 op, 94909532.00 ns, 1.4143 ns/op
OverheadActual   9: 67108864 op, 94996041.00 ns, 1.4156 ns/op
OverheadActual  10: 67108864 op, 95054919.00 ns, 1.4164 ns/op
OverheadActual  11: 67108864 op, 94919638.00 ns, 1.4144 ns/op
OverheadActual  12: 67108864 op, 94968591.00 ns, 1.4151 ns/op
OverheadActual  13: 67108864 op, 94910755.00 ns, 1.4143 ns/op
OverheadActual  14: 67108864 op, 95049251.00 ns, 1.4163 ns/op
OverheadActual  15: 67108864 op, 94985095.00 ns, 1.4154 ns/op

WorkloadWarmup   1: 67108864 op, 790043664.00 ns, 11.7726 ns/op
WorkloadWarmup   2: 67108864 op, 789857607.00 ns, 11.7698 ns/op
WorkloadWarmup   3: 67108864 op, 789151749.00 ns, 11.7593 ns/op
WorkloadWarmup   4: 67108864 op, 790556135.00 ns, 11.7802 ns/op
WorkloadWarmup   5: 67108864 op, 789317355.00 ns, 11.7617 ns/op
WorkloadWarmup   6: 67108864 op, 789473161.00 ns, 11.7641 ns/op
WorkloadWarmup   7: 67108864 op, 789308991.00 ns, 11.7616 ns/op

// BeforeActualRun
WorkloadActual   1: 67108864 op, 791059081.00 ns, 11.7877 ns/op
WorkloadActual   2: 67108864 op, 790615697.00 ns, 11.7811 ns/op
WorkloadActual   3: 67108864 op, 789365385.00 ns, 11.7625 ns/op
WorkloadActual   4: 67108864 op, 789396292.00 ns, 11.7629 ns/op
WorkloadActual   5: 67108864 op, 788950959.00 ns, 11.7563 ns/op
WorkloadActual   6: 67108864 op, 795289204.00 ns, 11.8507 ns/op
WorkloadActual   7: 67108864 op, 789740813.00 ns, 11.7681 ns/op
WorkloadActual   8: 67108864 op, 788889038.00 ns, 11.7554 ns/op
WorkloadActual   9: 67108864 op, 792683273.00 ns, 11.8119 ns/op
WorkloadActual  10: 67108864 op, 789681534.00 ns, 11.7672 ns/op
WorkloadActual  11: 67108864 op, 789201712.00 ns, 11.7600 ns/op
WorkloadActual  12: 67108864 op, 789114192.00 ns, 11.7587 ns/op
WorkloadActual  13: 67108864 op, 788946863.00 ns, 11.7562 ns/op
WorkloadActual  14: 67108864 op, 789163635.00 ns, 11.7595 ns/op
WorkloadActual  15: 67108864 op, 788639556.00 ns, 11.7516 ns/op

// AfterActualRun
WorkloadResult   1: 67108864 op, 696090490.00 ns, 10.3726 ns/op
WorkloadResult   2: 67108864 op, 695647106.00 ns, 10.3659 ns/op
WorkloadResult   3: 67108864 op, 694396794.00 ns, 10.3473 ns/op
WorkloadResult   4: 67108864 op, 694427701.00 ns, 10.3478 ns/op
WorkloadResult   5: 67108864 op, 693982368.00 ns, 10.3411 ns/op
WorkloadResult   6: 67108864 op, 694772222.00 ns, 10.3529 ns/op
WorkloadResult   7: 67108864 op, 693920447.00 ns, 10.3402 ns/op
WorkloadResult   8: 67108864 op, 694712943.00 ns, 10.3520 ns/op
WorkloadResult   9: 67108864 op, 694233121.00 ns, 10.3449 ns/op
WorkloadResult  10: 67108864 op, 694145601.00 ns, 10.3436 ns/op
WorkloadResult  11: 67108864 op, 693978272.00 ns, 10.3411 ns/op
WorkloadResult  12: 67108864 op, 694195044.00 ns, 10.3443 ns/op
WorkloadResult  13: 67108864 op, 693670965.00 ns, 10.3365 ns/op
// GC:  0 0 0 0 67108864
// Threading:  0 0 67108864

// AfterAll
// Benchmark Process 2842 has exited with code 0.

Mean = 10.348 ns, StdErr = 0.003 ns (0.03%), N = 13, StdDev = 0.010 ns
Min = 10.337 ns, Q1 = 10.341 ns, Median = 10.345 ns, Q3 = 10.352 ns, Max = 10.373 ns
IQR = 0.011 ns, LowerFence = 10.325 ns, UpperFence = 10.368 ns
ConfidenceInterval = [10.336 ns; 10.361 ns] (CI 99.9%), Margin = 0.012 ns (0.12% of Mean)
Skewness = 1.11, Kurtosis = 3.06, MValue = 2

// ** Remained 13 (81.2 %) benchmark(s) to run. Estimated finish 2026-10-07 14:56 (0h 4m from now) **
// **************************
// Benchmark: ErrorCodeMappingBenchmarks.MapUnknownError: DefaultJob
// *** Execute ***
// Launch: 1 / 1
// Execute: dotnet Encina.AzureFunctions.Benchmarks-DefaultJob-1.dll --anonymousPipes 136 137 --benchmarkName Encina.AzureFunctions.Benchmarks.ErrorCodeMappingBenchmarks.MapUnknownError --job Default --benchmarkId 3 in /home/runner/work/Encina/Encina/tests/Encina.BenchmarkTests/Encina.AzureFunctions.Benchmarks/bin/Release/net10.0/Encina.AzureFunctions.Benchmarks-DefaultJob-1/bin/Release/net10.0
// Failed to set up high priority (Permission denied). In order to run benchmarks with high priority, make sure you have the right permissions.
// BeforeAnythingElse

// Benchmark Process Environment Information:
// BenchmarkDotNet v0.15.8
// Runtime=.NET 10.0.12 (10.0.12, 10.0.1226.42308), X64 RyuJIT x86-64-v4
// GC=Concurrent Workstation
// HardwareIntrinsics=AVX512 BITALG+VBMI2+VNNI+VPOPCNTDQ,AVX512 IFMA+VBMI,AVX512 F+BW+CD+DQ+VL,AVX2+BMI1+BMI2+F16C+FMA+LZCNT+MOVBE,AVX,SSE3+SSSE3+SSE4.1+SSE4.2+POPCNT,X86Base+SSE+SSE2,AES+PCLMUL VectorSize=256
// Job: DefaultJob

OverheadJitting  1: 1 op, 166217.00 ns, 166.2170 us/op
WorkloadJitting  1: 1 op, 772808.00 ns, 772.8080 us/op

OverheadJitting  2: 16 op, 174479.00 ns, 10.9049 us/op
WorkloadJitting  2: 16 op, 174800.00 ns, 10.9250 us/op

WorkloadPilot    1: 16 op, 941.00 ns, 58.8125 ns/op
WorkloadPilot    2: 32 op, 1122.00 ns, 35.0625 ns/op
WorkloadPilot    3: 64 op, 1502.00 ns, 23.4688 ns/op
WorkloadPilot    4: 128 op, 2333.00 ns, 18.2266 ns/op
WorkloadPilot    5: 256 op, 3936.00 ns, 15.3750 ns/op
WorkloadPilot    6: 512 op, 7310.00 ns, 14.2773 ns/op
WorkloadPilot    7: 1024 op, 13980.00 ns, 13.6523 ns/op
WorkloadPilot    8: 2048 op, 37525.00 ns, 18.3228 ns/op
WorkloadPilot    9: 4096 op, 54561.00 ns, 13.3206 ns/op
WorkloadPilot   10: 8192 op, 112637.00 ns, 13.7496 ns/op
WorkloadPilot   11: 16384 op, 214398.00 ns, 13.0858 ns/op
WorkloadPilot   12: 32768 op, 437560.00 ns, 13.3533 ns/op
WorkloadPilot   13: 65536 op, 873568.00 ns, 13.3296 ns/op
WorkloadPilot   14: 131072 op, 1733194.00 ns, 13.2232 ns/op
WorkloadPilot   15: 262144 op, 3447631.00 ns, 13.1517 ns/op
WorkloadPilot   16: 524288 op, 6917285.00 ns, 13.1937 ns/op
WorkloadPilot   17: 1048576 op, 13766560.00 ns, 13.1288 ns/op
WorkloadPilot   18: 2097152 op, 27552808.00 ns, 13.1382 ns/op
WorkloadPilot   19: 4194304 op, 55059948.00 ns, 13.1273 ns/op
WorkloadPilot   20: 8388608 op, 110765866.00 ns, 13.2043 ns/op
WorkloadPilot   21: 16777216 op, 220369125.00 ns, 13.1350 ns/op
WorkloadPilot   22: 33554432 op, 440964206.00 ns, 13.1418 ns/op
WorkloadPilot   23: 67108864 op, 881329902.00 ns, 13.1328 ns/op

OverheadWarmup   1: 67108864 op, 95023702.00 ns, 1.4160 ns/op
OverheadWarmup   2: 67108864 op, 94916143.00 ns, 1.4144 ns/op
OverheadWarmup   3: 67108864 op, 96072650.00 ns, 1.4316 ns/op
OverheadWarmup   4: 67108864 op, 96182103.00 ns, 1.4332 ns/op
OverheadWarmup   5: 67108864 op, 94881591.00 ns, 1.4138 ns/op
OverheadWarmup   6: 67108864 op, 96088438.00 ns, 1.4318 ns/op
OverheadWarmup   7: 67108864 op, 96069633.00 ns, 1.4315 ns/op

OverheadActual   1: 67108864 op, 94989898.00 ns, 1.4155 ns/op
OverheadActual   2: 67108864 op, 95023659.00 ns, 1.4160 ns/op
OverheadActual   3: 67108864 op, 94973374.00 ns, 1.4152 ns/op
OverheadActual   4: 67108864 op, 94945353.00 ns, 1.4148 ns/op
OverheadActual   5: 67108864 op, 94949068.00 ns, 1.4149 ns/op
OverheadActual   6: 67108864 op, 94912994.00 ns, 1.4143 ns/op
OverheadActual   7: 67108864 op, 94941757.00 ns, 1.4147 ns/op
OverheadActual   8: 67108864 op, 94984481.00 ns, 1.4154 ns/op
OverheadActual   9: 67108864 op, 94950851.00 ns, 1.4149 ns/op
OverheadActual  10: 67108864 op, 94950591.00 ns, 1.4149 ns/op
OverheadActual  11: 67108864 op, 94972623.00 ns, 1.4152 ns/op
OverheadActual  12: 67108864 op, 94984050.00 ns, 1.4154 ns/op
OverheadActual  13: 67108864 op, 94960044.00 ns, 1.4150 ns/op
OverheadActual  14: 67108864 op, 94937361.00 ns, 1.4147 ns/op
OverheadActual  15: 67108864 op, 94966093.00 ns, 1.4151 ns/op

WorkloadWarmup   1: 67108864 op, 881802068.00 ns, 13.1399 ns/op
WorkloadWarmup   2: 67108864 op, 882278236.00 ns, 13.1470 ns/op
WorkloadWarmup   3: 67108864 op, 881482484.00 ns, 13.1351 ns/op
WorkloadWarmup   4: 67108864 op, 881686107.00 ns, 13.1381 ns/op
WorkloadWarmup   5: 67108864 op, 883642553.00 ns, 13.1673 ns/op
WorkloadWarmup   6: 67108864 op, 881394733.00 ns, 13.1338 ns/op

// BeforeActualRun
WorkloadActual   1: 67108864 op, 880708354.00 ns, 13.1236 ns/op
WorkloadActual   2: 67108864 op, 881329181.00 ns, 13.1328 ns/op
WorkloadActual   3: 67108864 op, 880554649.00 ns, 13.1213 ns/op
WorkloadActual   4: 67108864 op, 881606422.00 ns, 13.1370 ns/op
WorkloadActual   5: 67108864 op, 880992890.00 ns, 13.1278 ns/op
WorkloadActual   6: 67108864 op, 881792377.00 ns, 13.1397 ns/op
WorkloadActual   7: 67108864 op, 881453223.00 ns, 13.1347 ns/op
WorkloadActual   8: 67108864 op, 881496708.00 ns, 13.1353 ns/op
WorkloadActual   9: 67108864 op, 881028172.00 ns, 13.1283 ns/op
WorkloadActual  10: 67108864 op, 881380496.00 ns, 13.1336 ns/op
WorkloadActual  11: 67108864 op, 881897196.00 ns, 13.1413 ns/op
WorkloadActual  12: 67108864 op, 881225200.00 ns, 13.1313 ns/op
WorkloadActual  13: 67108864 op, 881948755.00 ns, 13.1421 ns/op
WorkloadActual  14: 67108864 op, 881410846.00 ns, 13.1340 ns/op
WorkloadActual  15: 67108864 op, 886110232.00 ns, 13.2041 ns/op

// AfterActualRun
WorkloadResult   1: 67108864 op, 785748310.00 ns, 11.7086 ns/op
WorkloadResult   2: 67108864 op, 786369137.00 ns, 11.7178 ns/op
WorkloadResult   3: 67108864 op, 785594605.00 ns, 11.7063 ns/op
WorkloadResult   4: 67108864 op, 786646378.00 ns, 11.7219 ns/op
WorkloadResult   5: 67108864 op, 786032846.00 ns, 11.7128 ns/op
WorkloadResult   6: 67108864 op, 786832333.00 ns, 11.7247 ns/op
WorkloadResult   7: 67108864 op, 786493179.00 ns, 11.7197 ns/op
WorkloadResult   8: 67108864 op, 786536664.00 ns, 11.7203 ns/op
WorkloadResult   9: 67108864 op, 786068128.00 ns, 11.7133 ns/op
WorkloadResult  10: 67108864 op, 786420452.00 ns, 11.7186 ns/op
WorkloadResult  11: 67108864 op, 786937152.00 ns, 11.7263 ns/op
WorkloadResult  12: 67108864 op, 786265156.00 ns, 11.7163 ns/op
WorkloadResult  13: 67108864 op, 786988711.00 ns, 11.7270 ns/op
WorkloadResult  14: 67108864 op, 786450802.00 ns, 11.7190 ns/op
// GC:  0 0 0 0 67108864
// Threading:  0 0 67108864

// AfterAll
// Benchmark Process 2857 has exited with code 0.

Mean = 11.718 ns, StdErr = 0.002 ns (0.01%), N = 14, StdDev = 0.006 ns
Min = 11.706 ns, Q1 = 11.714 ns, Median = 11.719 ns, Q3 = 11.722 ns, Max = 11.727 ns
IQR = 0.007 ns, LowerFence = 11.703 ns, UpperFence = 11.733 ns
ConfidenceInterval = [11.711 ns; 11.725 ns] (CI 99.9%), Margin = 0.007 ns (0.06% of Mean)
Skewness = -0.32, Kurtosis = 2.03, MValue = 2

// ** Remained 12 (75.0 %) benchmark(s) to run. Estimated finish 2026-10-07 14:56 (0h 4m from now) **
// **************************
// Benchmark: ErrorCodeMappingBenchmarks.MapMultipleValidationErrors: DefaultJob
// *** Execute ***
// Launch: 1 / 1
// Execute: dotnet Encina.AzureFunctions.Benchmarks-DefaultJob-1.dll --anonymousPipes 136 137 --benchmarkName Encina.AzureFunctions.Benchmarks.ErrorCodeMappingBenchmarks.MapMultipleValidationErrors --job Default --benchmarkId 4 in /home/runner/work/Encina/Encina/tests/Encina.BenchmarkTests/Encina.AzureFunctions.Benchmarks/bin/Release/net10.0/Encina.AzureFunctions.Benchmarks-DefaultJob-1/bin/Release/net10.0
// Failed to set up high priority (Permission denied). In order to run benchmarks with high priority, make sure you have the right permissions.
// BeforeAnythingElse

// Benchmark Process Environment Information:
// BenchmarkDotNet v0.15.8
// Runtime=.NET 10.0.12 (10.0.12, 10.0.1226.42308), X64 RyuJIT x86-64-v4
// GC=Concurrent Workstation
// HardwareIntrinsics=AVX512 BITALG+VBMI2+VNNI+VPOPCNTDQ,AVX512 IFMA+VBMI,AVX512 F+BW+CD+DQ+VL,AVX2+BMI1+BMI2+F16C+FMA+LZCNT+MOVBE,AVX,SSE3+SSSE3+SSE4.1+SSE4.2+POPCNT,X86Base+SSE+SSE2,AES+PCLMUL VectorSize=256
// Job: DefaultJob

OverheadJitting  1: 1 op, 198204.00 ns, 198.2040 us/op
WorkloadJitting  1: 1 op, 844665.00 ns, 844.6650 us/op

OverheadJitting  2: 16 op, 176633.00 ns, 11.0396 us/op
WorkloadJitting  2: 16 op, 177975.00 ns, 11.1234 us/op

WorkloadPilot    1: 16 op, 1792.00 ns, 112.0000 ns/op
WorkloadPilot    2: 32 op, 2343.00 ns, 73.2188 ns/op
WorkloadPilot    3: 64 op, 3746.00 ns, 58.5313 ns/op
WorkloadPilot    4: 128 op, 6800.00 ns, 53.1250 ns/op
WorkloadPilot    5: 256 op, 14952.00 ns, 58.4063 ns/op
WorkloadPilot    6: 512 op, 25187.00 ns, 49.1934 ns/op
WorkloadPilot    7: 1024 op, 49844.00 ns, 48.6758 ns/op
WorkloadPilot    8: 2048 op, 98507.00 ns, 48.0991 ns/op
WorkloadPilot    9: 4096 op, 196502.00 ns, 47.9741 ns/op
WorkloadPilot   10: 8192 op, 406995.00 ns, 49.6820 ns/op
WorkloadPilot   11: 16384 op, 799978.00 ns, 48.8268 ns/op
WorkloadPilot   12: 32768 op, 1592546.00 ns, 48.6006 ns/op
WorkloadPilot   13: 65536 op, 3202869.00 ns, 48.8719 ns/op
WorkloadPilot   14: 131072 op, 6377575.00 ns, 48.6570 ns/op
WorkloadPilot   15: 262144 op, 12637334.00 ns, 48.2076 ns/op
WorkloadPilot   16: 524288 op, 25300156.00 ns, 48.2562 ns/op
WorkloadPilot   17: 1048576 op, 50478171.00 ns, 48.1397 ns/op
WorkloadPilot   18: 2097152 op, 101905743.00 ns, 48.5924 ns/op
WorkloadPilot   19: 4194304 op, 202080464.00 ns, 48.1797 ns/op
WorkloadPilot   20: 8388608 op, 404622993.00 ns, 48.2348 ns/op
WorkloadPilot   21: 16777216 op, 808797580.00 ns, 48.2081 ns/op

OverheadWarmup   1: 16777216 op, 24041827.00 ns, 1.4330 ns/op
OverheadWarmup   2: 16777216 op, 24174483.00 ns, 1.4409 ns/op
OverheadWarmup   3: 16777216 op, 24043669.00 ns, 1.4331 ns/op
OverheadWarmup   4: 16777216 op, 24029498.00 ns, 1.4323 ns/op
OverheadWarmup   5: 16777216 op, 24003089.00 ns, 1.4307 ns/op
OverheadWarmup   6: 16777216 op, 24010440.00 ns, 1.4311 ns/op
OverheadWarmup   7: 16777216 op, 24013665.00 ns, 1.4313 ns/op
OverheadWarmup   8: 16777216 op, 24019044.00 ns, 1.4316 ns/op
OverheadWarmup   9: 16777216 op, 24017070.00 ns, 1.4315 ns/op

OverheadActual   1: 16777216 op, 24091320.00 ns, 1.4360 ns/op
OverheadActual   2: 16777216 op, 24014256.00 ns, 1.4314 ns/op
OverheadActual   3: 16777216 op, 24041597.00 ns, 1.4330 ns/op
OverheadActual   4: 16777216 op, 24075837.00 ns, 1.4350 ns/op
OverheadActual   5: 16777216 op, 24058232.00 ns, 1.4340 ns/op
OverheadActual   6: 16777216 op, 24037931.00 ns, 1.4328 ns/op
OverheadActual   7: 16777216 op, 24073474.00 ns, 1.4349 ns/op
OverheadActual   8: 16777216 op, 24037230.00 ns, 1.4327 ns/op
OverheadActual   9: 16777216 op, 24017982.00 ns, 1.4316 ns/op
OverheadActual  10: 16777216 op, 24015057.00 ns, 1.4314 ns/op
OverheadActual  11: 16777216 op, 24040665.00 ns, 1.4329 ns/op
OverheadActual  12: 16777216 op, 24018693.00 ns, 1.4316 ns/op
OverheadActual  13: 16777216 op, 24008096.00 ns, 1.4310 ns/op
OverheadActual  14: 16777216 op, 24022759.00 ns, 1.4319 ns/op
OverheadActual  15: 16777216 op, 24018142.00 ns, 1.4316 ns/op

WorkloadWarmup   1: 16777216 op, 808546157.00 ns, 48.1931 ns/op
WorkloadWarmup   2: 16777216 op, 808606457.00 ns, 48.1967 ns/op
WorkloadWarmup   3: 16777216 op, 807987578.00 ns, 48.1598 ns/op
WorkloadWarmup   4: 16777216 op, 810235337.00 ns, 48.2938 ns/op
WorkloadWarmup   5: 16777216 op, 808054648.00 ns, 48.1638 ns/op
WorkloadWarmup   6: 16777216 op, 810075850.00 ns, 48.2843 ns/op

// BeforeActualRun
WorkloadActual   1: 16777216 op, 808343606.00 ns, 48.1810 ns/op
WorkloadActual   2: 16777216 op, 808270308.00 ns, 48.1767 ns/op
WorkloadActual   3: 16777216 op, 808322275.00 ns, 48.1798 ns/op
WorkloadActual   4: 16777216 op, 808207495.00 ns, 48.1729 ns/op
WorkloadActual   5: 16777216 op, 808358348.00 ns, 48.1819 ns/op
WorkloadActual   6: 16777216 op, 809286429.00 ns, 48.2372 ns/op
WorkloadActual   7: 16777216 op, 811822225.00 ns, 48.3884 ns/op
WorkloadActual   8: 16777216 op, 808158424.00 ns, 48.1700 ns/op
WorkloadActual   9: 16777216 op, 809138048.00 ns, 48.2284 ns/op
WorkloadActual  10: 16777216 op, 808382557.00 ns, 48.1834 ns/op
WorkloadActual  11: 16777216 op, 808916900.00 ns, 48.2152 ns/op
WorkloadActual  12: 16777216 op, 808363018.00 ns, 48.1822 ns/op
WorkloadActual  13: 16777216 op, 809393250.00 ns, 48.2436 ns/op
WorkloadActual  14: 16777216 op, 837484752.00 ns, 49.9180 ns/op
WorkloadActual  15: 16777216 op, 810476097.00 ns, 48.3081 ns/op

// AfterActualRun
WorkloadResult   1: 16777216 op, 784306376.00 ns, 46.7483 ns/op
WorkloadResult   2: 16777216 op, 784233078.00 ns, 46.7439 ns/op
WorkloadResult   3: 16777216 op, 784285045.00 ns, 46.7470 ns/op
WorkloadResult   4: 16777216 op, 784170265.00 ns, 46.7402 ns/op
WorkloadResult   5: 16777216 op, 784321118.00 ns, 46.7492 ns/op
WorkloadResult   6: 16777216 op, 785249199.00 ns, 46.8045 ns/op
WorkloadResult   7: 16777216 op, 784121194.00 ns, 46.7373 ns/op
WorkloadResult   8: 16777216 op, 785100818.00 ns, 46.7957 ns/op
WorkloadResult   9: 16777216 op, 784345327.00 ns, 46.7506 ns/op
WorkloadResult  10: 16777216 op, 784879670.00 ns, 46.7825 ns/op
WorkloadResult  11: 16777216 op, 784325788.00 ns, 46.7495 ns/op
WorkloadResult  12: 16777216 op, 785356020.00 ns, 46.8109 ns/op
WorkloadResult  13: 16777216 op, 786438867.00 ns, 46.8754 ns/op
// GC:  0 0 0 0 16777216
// Threading:  0 0 16777216

// AfterAll
// Benchmark Process 2870 has exited with code 0.

Mean = 46.772 ns, StdErr = 0.011 ns (0.02%), N = 13, StdDev = 0.040 ns
Min = 46.737 ns, Q1 = 46.747 ns, Median = 46.749 ns, Q3 = 46.796 ns, Max = 46.875 ns
IQR = 0.049 ns, LowerFence = 46.674 ns, UpperFence = 46.869 ns
ConfidenceInterval = [46.724 ns; 46.820 ns] (CI 99.9%), Margin = 0.048 ns (0.10% of Mean)
Skewness = 1.23, Kurtosis = 3.54, MValue = 2

// ** Remained 11 (68.8 %) benchmark(s) to run. Estimated finish 2026-10-07 14:56 (0h 3m from now) **
// **************************
// Benchmark: ErrorCodeMappingBenchmarks.MapMixedErrors: DefaultJob
// *** Execute ***
// Launch: 1 / 1
// Execute: dotnet Encina.AzureFunctions.Benchmarks-DefaultJob-1.dll --anonymousPipes 136 137 --benchmarkName Encina.AzureFunctions.Benchmarks.ErrorCodeMappingBenchmarks.MapMixedErrors --job Default --benchmarkId 5 in /home/runner/work/Encina/Encina/tests/Encina.BenchmarkTests/Encina.AzureFunctions.Benchmarks/bin/Release/net10.0/Encina.AzureFunctions.Benchmarks-DefaultJob-1/bin/Release/net10.0
// Failed to set up high priority (Permission denied). In order to run benchmarks with high priority, make sure you have the right permissions.
// BeforeAnythingElse

// Benchmark Process Environment Information:
// BenchmarkDotNet v0.15.8
// Runtime=.NET 10.0.12 (10.0.12, 10.0.1226.42308), X64 RyuJIT x86-64-v4
// GC=Concurrent Workstation
// HardwareIntrinsics=AVX512 BITALG+VBMI2+VNNI+VPOPCNTDQ,AVX512 IFMA+VBMI,AVX512 F+BW+CD+DQ+VL,AVX2+BMI1+BMI2+F16C+FMA+LZCNT+MOVBE,AVX,SSE3+SSSE3+SSE4.1+SSE4.2+POPCNT,X86Base+SSE+SSE2,AES+PCLMUL VectorSize=256
// Job: DefaultJob

OverheadJitting  1: 1 op, 188409.00 ns, 188.4090 us/op
WorkloadJitting  1: 1 op, 787959.00 ns, 787.9590 us/op

OverheadJitting  2: 16 op, 176832.00 ns, 11.0520 us/op
WorkloadJitting  2: 16 op, 178755.00 ns, 11.1722 us/op

WorkloadPilot    1: 16 op, 2904.00 ns, 181.5000 ns/op
WorkloadPilot    2: 32 op, 4357.00 ns, 136.1563 ns/op
WorkloadPilot    3: 64 op, 6840.00 ns, 106.8750 ns/op
WorkloadPilot    4: 128 op, 13029.00 ns, 101.7891 ns/op
WorkloadPilot    5: 256 op, 25147.00 ns, 98.2305 ns/op
WorkloadPilot    6: 512 op, 37796.00 ns, 73.8203 ns/op
WorkloadPilot    7: 1024 op, 66819.00 ns, 65.2529 ns/op
WorkloadPilot    8: 2048 op, 126207.00 ns, 61.6245 ns/op
WorkloadPilot    9: 4096 op, 244332.00 ns, 59.6514 ns/op
WorkloadPilot   10: 8192 op, 480893.00 ns, 58.7028 ns/op
WorkloadPilot   11: 16384 op, 965422.00 ns, 58.9247 ns/op
WorkloadPilot   12: 32768 op, 1922171.00 ns, 58.6600 ns/op
WorkloadPilot   13: 65536 op, 3856429.00 ns, 58.8444 ns/op
WorkloadPilot   14: 131072 op, 7698938.00 ns, 58.7382 ns/op
WorkloadPilot   15: 262144 op, 15343907.00 ns, 58.5324 ns/op
WorkloadPilot   16: 524288 op, 30880008.00 ns, 58.8989 ns/op
WorkloadPilot   17: 1048576 op, 61512299.00 ns, 58.6627 ns/op
WorkloadPilot   18: 2097152 op, 122529783.00 ns, 58.4268 ns/op
WorkloadPilot   19: 4194304 op, 246089555.00 ns, 58.6723 ns/op
WorkloadPilot   20: 8388608 op, 516903554.00 ns, 61.6197 ns/op

OverheadWarmup   1: 8388608 op, 12039010.00 ns, 1.4352 ns/op
OverheadWarmup   2: 8388608 op, 12047863.00 ns, 1.4362 ns/op
OverheadWarmup   3: 8388608 op, 12004248.00 ns, 1.4310 ns/op
OverheadWarmup   4: 8388608 op, 12047944.00 ns, 1.4362 ns/op
OverheadWarmup   5: 8388608 op, 12026892.00 ns, 1.4337 ns/op

OverheadActual   1: 8388608 op, 12041224.00 ns, 1.4354 ns/op
OverheadActual   2: 8388608 op, 12059441.00 ns, 1.4376 ns/op
OverheadActual   3: 8388608 op, 13185393.00 ns, 1.5718 ns/op
OverheadActual   4: 8388608 op, 12062726.00 ns, 1.4380 ns/op
OverheadActual   5: 8388608 op, 12022976.00 ns, 1.4333 ns/op
OverheadActual   6: 8388608 op, 12011450.00 ns, 1.4319 ns/op
OverheadActual   7: 8388608 op, 12032290.00 ns, 1.4344 ns/op
OverheadActual   8: 8388608 op, 12021534.00 ns, 1.4331 ns/op
OverheadActual   9: 8388608 op, 12015315.00 ns, 1.4323 ns/op
OverheadActual  10: 8388608 op, 12004569.00 ns, 1.4311 ns/op
OverheadActual  11: 8388608 op, 12007864.00 ns, 1.4314 ns/op
OverheadActual  12: 8388608 op, 12008425.00 ns, 1.4315 ns/op
OverheadActual  13: 8388608 op, 12031409.00 ns, 1.4343 ns/op
OverheadActual  14: 8388608 op, 12021394.00 ns, 1.4331 ns/op
OverheadActual  15: 8388608 op, 12015255.00 ns, 1.4323 ns/op

WorkloadWarmup   1: 8388608 op, 490919385.00 ns, 58.5222 ns/op
WorkloadWarmup   2: 8388608 op, 489763118.00 ns, 58.3843 ns/op
WorkloadWarmup   3: 8388608 op, 490732307.00 ns, 58.4998 ns/op
WorkloadWarmup   4: 8388608 op, 490876090.00 ns, 58.5170 ns/op
WorkloadWarmup   5: 8388608 op, 495950868.00 ns, 59.1220 ns/op
WorkloadWarmup   6: 8388608 op, 490521664.00 ns, 58.4747 ns/op
WorkloadWarmup   7: 8388608 op, 490133948.00 ns, 58.4285 ns/op
WorkloadWarmup   8: 8388608 op, 490580561.00 ns, 58.4818 ns/op
WorkloadWarmup   9: 8388608 op, 490560842.00 ns, 58.4794 ns/op

// BeforeActualRun
WorkloadActual   1: 8388608 op, 490504088.00 ns, 58.4726 ns/op
WorkloadActual   2: 8388608 op, 489962141.00 ns, 58.4080 ns/op
WorkloadActual   3: 8388608 op, 490171688.00 ns, 58.4330 ns/op
WorkloadActual   4: 8388608 op, 490617872.00 ns, 58.4862 ns/op
WorkloadActual   5: 8388608 op, 494893261.00 ns, 58.9959 ns/op
WorkloadActual   6: 8388608 op, 490490933.00 ns, 58.4711 ns/op
WorkloadActual   7: 8388608 op, 489833876.00 ns, 58.3927 ns/op
WorkloadActual   8: 8388608 op, 489337517.00 ns, 58.3336 ns/op
WorkloadActual   9: 8388608 op, 490355442.00 ns, 58.4549 ns/op
WorkloadActual  10: 8388608 op, 491181024.00 ns, 58.5533 ns/op
WorkloadActual  11: 8388608 op, 489821506.00 ns, 58.3913 ns/op
WorkloadActual  12: 8388608 op, 489588861.00 ns, 58.3635 ns/op
WorkloadActual  13: 8388608 op, 489932661.00 ns, 58.4045 ns/op
WorkloadActual  14: 8388608 op, 490151636.00 ns, 58.4306 ns/op
WorkloadActual  15: 8388608 op, 489933172.00 ns, 58.4046 ns/op

// AfterActualRun
WorkloadResult   1: 8388608 op, 478482554.00 ns, 57.0396 ns/op
WorkloadResult   2: 8388608 op, 477940607.00 ns, 56.9750 ns/op
WorkloadResult   3: 8388608 op, 478150154.00 ns, 56.9999 ns/op
WorkloadResult   4: 8388608 op, 478596338.00 ns, 57.0531 ns/op
WorkloadResult   5: 8388608 op, 478469399.00 ns, 57.0380 ns/op
WorkloadResult   6: 8388608 op, 477812342.00 ns, 56.9597 ns/op
WorkloadResult   7: 8388608 op, 477315983.00 ns, 56.9005 ns/op
WorkloadResult   8: 8388608 op, 478333908.00 ns, 57.0218 ns/op
WorkloadResult   9: 8388608 op, 479159490.00 ns, 57.1203 ns/op
WorkloadResult  10: 8388608 op, 477799972.00 ns, 56.9582 ns/op
WorkloadResult  11: 8388608 op, 477567327.00 ns, 56.9305 ns/op
WorkloadResult  12: 8388608 op, 477911127.00 ns, 56.9714 ns/op
WorkloadResult  13: 8388608 op, 478130102.00 ns, 56.9975 ns/op
WorkloadResult  14: 8388608 op, 477911638.00 ns, 56.9715 ns/op
// GC:  0 0 0 0 8388608
// Threading:  0 0 8388608

// AfterAll
// Benchmark Process 2879 has exited with code 0.

Mean = 56.996 ns, StdErr = 0.015 ns (0.03%), N = 14, StdDev = 0.056 ns
Min = 56.900 ns, Q1 = 56.963 ns, Median = 56.986 ns, Q3 = 57.034 ns, Max = 57.120 ns
IQR = 0.071 ns, LowerFence = 56.856 ns, UpperFence = 57.141 ns
ConfidenceInterval = [56.932 ns; 57.059 ns] (CI 99.9%), Margin = 0.063 ns (0.11% of Mean)
Skewness = 0.42, Kurtosis = 2.64, MValue = 2

// ** Remained 10 (62.5 %) benchmark(s) to run. Estimated finish 2026-10-07 14:56 (0h 3m from now) **
// **************************
// Benchmark: ErrorCodeMappingBenchmarks.MapAuthorizationUnauthenticated: ShortRun(IterationCount=3, LaunchCount=1, WarmupCount=3)
// *** Execute ***
// Launch: 1 / 1
// Execute: dotnet Encina.AzureFunctions.Benchmarks-DefaultJob-1.dll --anonymousPipes 136 137 --benchmarkName Encina.AzureFunctions.Benchmarks.ErrorCodeMappingBenchmarks.MapAuthorizationUnauthenticated --job ShortRun --benchmarkId 6 in /home/runner/work/Encina/Encina/tests/Encina.BenchmarkTests/Encina.AzureFunctions.Benchmarks/bin/Release/net10.0/Encina.AzureFunctions.Benchmarks-DefaultJob-1/bin/Release/net10.0
// Failed to set up high priority (Permission denied). In order to run benchmarks with high priority, make sure you have the right permissions.
// BeforeAnythingElse

// Benchmark Process Environment Information:
// BenchmarkDotNet v0.15.8
// Runtime=.NET 10.0.12 (10.0.12, 10.0.1226.42308), X64 RyuJIT x86-64-v4
// GC=Concurrent Workstation
// HardwareIntrinsics=AVX512 BITALG+VBMI2+VNNI+VPOPCNTDQ,AVX512 IFMA+VBMI,AVX512 F+BW+CD+DQ+VL,AVX2+BMI1+BMI2+F16C+FMA+LZCNT+MOVBE,AVX,SSE3+SSSE3+SSE4.1+SSE4.2+POPCNT,X86Base+SSE+SSE2,AES+PCLMUL VectorSize=256
// Job: ShortRun(IterationCount=3, LaunchCount=1, WarmupCount=3)

OverheadJitting  1: 1 op, 171375.00 ns, 171.3750 us/op
WorkloadJitting  1: 1 op, 689224.00 ns, 689.2240 us/op

OverheadJitting  2: 16 op, 178575.00 ns, 11.1609 us/op
WorkloadJitting  2: 16 op, 174309.00 ns, 10.8943 us/op

WorkloadPilot    1: 16 op, 1061.00 ns, 66.3125 ns/op
WorkloadPilot    2: 32 op, 1072.00 ns, 33.5000 ns/op
WorkloadPilot    3: 64 op, 1462.00 ns, 22.8438 ns/op
WorkloadPilot    4: 128 op, 2284.00 ns, 17.8438 ns/op
WorkloadPilot    5: 256 op, 4086.00 ns, 15.9609 ns/op
WorkloadPilot    6: 512 op, 12128.00 ns, 23.6875 ns/op
WorkloadPilot    7: 1024 op, 24486.00 ns, 23.9121 ns/op
WorkloadPilot    8: 2048 op, 28713.00 ns, 14.0200 ns/op
WorkloadPilot    9: 4096 op, 57776.00 ns, 14.1055 ns/op
WorkloadPilot   10: 8192 op, 112638.00 ns, 13.7498 ns/op
WorkloadPilot   11: 16384 op, 227448.00 ns, 13.8823 ns/op
WorkloadPilot   12: 32768 op, 450499.00 ns, 13.7481 ns/op
WorkloadPilot   13: 65536 op, 922180.00 ns, 14.0714 ns/op
WorkloadPilot   14: 131072 op, 1847103.00 ns, 14.0923 ns/op
WorkloadPilot   15: 262144 op, 3666146.00 ns, 13.9852 ns/op
WorkloadPilot   16: 524288 op, 7386311.00 ns, 14.0883 ns/op
WorkloadPilot   17: 1048576 op, 14579054.00 ns, 13.9037 ns/op
WorkloadPilot   18: 2097152 op, 29149245.00 ns, 13.8994 ns/op
WorkloadPilot   19: 4194304 op, 58049320.00 ns, 13.8400 ns/op
WorkloadPilot   20: 8388608 op, 116457193.00 ns, 13.8828 ns/op
WorkloadPilot   21: 16777216 op, 232092514.00 ns, 13.8338 ns/op
WorkloadPilot   22: 33554432 op, 464459623.00 ns, 13.8420 ns/op
WorkloadPilot   23: 67108864 op, 930750054.00 ns, 13.8693 ns/op

OverheadWarmup   1: 67108864 op, 95039757.00 ns, 1.4162 ns/op
OverheadWarmup   2: 67108864 op, 94996092.00 ns, 1.4156 ns/op
OverheadWarmup   3: 67108864 op, 96040725.00 ns, 1.4311 ns/op
OverheadWarmup   4: 67108864 op, 94872769.00 ns, 1.4137 ns/op
OverheadWarmup   5: 67108864 op, 94966088.00 ns, 1.4151 ns/op
OverheadWarmup   6: 67108864 op, 96101445.00 ns, 1.4320 ns/op
OverheadWarmup   7: 67108864 op, 96065041.00 ns, 1.4315 ns/op

OverheadActual   1: 67108864 op, 94977174.00 ns, 1.4153 ns/op
OverheadActual   2: 67108864 op, 94999397.00 ns, 1.4156 ns/op
OverheadActual   3: 67108864 op, 94957164.00 ns, 1.4150 ns/op
OverheadActual   4: 67108864 op, 94928131.00 ns, 1.4145 ns/op
OverheadActual   5: 67108864 op, 95003804.00 ns, 1.4157 ns/op
OverheadActual   6: 67108864 op, 95035526.00 ns, 1.4161 ns/op
OverheadActual   7: 67108864 op, 96023839.00 ns, 1.4309 ns/op
OverheadActual   8: 67108864 op, 94939988.00 ns, 1.4147 ns/op
OverheadActual   9: 67108864 op, 95008270.00 ns, 1.4157 ns/op
OverheadActual  10: 67108864 op, 94916574.00 ns, 1.4144 ns/op
OverheadActual  11: 67108864 op, 96036708.00 ns, 1.4311 ns/op
OverheadActual  12: 67108864 op, 95014078.00 ns, 1.4158 ns/op
OverheadActual  13: 67108864 op, 96023108.00 ns, 1.4309 ns/op
OverheadActual  14: 67108864 op, 96093353.00 ns, 1.4319 ns/op
OverheadActual  15: 67108864 op, 96194022.00 ns, 1.4334 ns/op

WorkloadWarmup   1: 67108864 op, 928640720.00 ns, 13.8378 ns/op
WorkloadWarmup   2: 67108864 op, 929116316.00 ns, 13.8449 ns/op
WorkloadWarmup   3: 67108864 op, 929480247.00 ns, 13.8503 ns/op

// BeforeActualRun
WorkloadActual   1: 67108864 op, 930666910.00 ns, 13.8680 ns/op
WorkloadActual   2: 67108864 op, 929125560.00 ns, 13.8450 ns/op
WorkloadActual   3: 67108864 op, 929400924.00 ns, 13.8492 ns/op

// AfterActualRun
WorkloadResult   1: 67108864 op, 835658640.00 ns, 12.4523 ns/op
WorkloadResult   2: 67108864 op, 834117290.00 ns, 12.4293 ns/op
WorkloadResult   3: 67108864 op, 834392654.00 ns, 12.4334 ns/op
// GC:  0 0 0 0 67108864
// Threading:  0 0 67108864

// AfterAll
// Benchmark Process 2889 has exited with code 0.

Mean = 12.438 ns, StdErr = 0.007 ns (0.06%), N = 3, StdDev = 0.012 ns
Min = 12.429 ns, Q1 = 12.431 ns, Median = 12.433 ns, Q3 = 12.443 ns, Max = 12.452 ns
IQR = 0.011 ns, LowerFence = 12.414 ns, UpperFence = 12.460 ns
ConfidenceInterval = [12.215 ns; 12.662 ns] (CI 99.9%), Margin = 0.223 ns (1.80% of Mean)
Skewness = 0.34, Kurtosis = 0.67, MValue = 2

// ** Remained 9 (56.2 %) benchmark(s) to run. Estimated finish 2026-10-07 14:55 (0h 2m from now) **
// **************************
// Benchmark: ErrorCodeMappingBenchmarks.MapAuthorizationForbidden: ShortRun(IterationCount=3, LaunchCount=1, WarmupCount=3)
// *** Execute ***
// Launch: 1 / 1
// Execute: dotnet Encina.AzureFunctions.Benchmarks-DefaultJob-1.dll --anonymousPipes 136 137 --benchmarkName Encina.AzureFunctions.Benchmarks.ErrorCodeMappingBenchmarks.MapAuthorizationForbidden --job ShortRun --benchmarkId 7 in /home/runner/work/Encina/Encina/tests/Encina.BenchmarkTests/Encina.AzureFunctions.Benchmarks/bin/Release/net10.0/Encina.AzureFunctions.Benchmarks-DefaultJob-1/bin/Release/net10.0
// Failed to set up high priority (Permission denied). In order to run benchmarks with high priority, make sure you have the right permissions.
// BeforeAnythingElse

// Benchmark Process Environment Information:
// BenchmarkDotNet v0.15.8
// Runtime=.NET 10.0.12 (10.0.12, 10.0.1226.42308), X64 RyuJIT x86-64-v4
// GC=Concurrent Workstation
// HardwareIntrinsics=AVX512 BITALG+VBMI2+VNNI+VPOPCNTDQ,AVX512 IFMA+VBMI,AVX512 F+BW+CD+DQ+VL,AVX2+BMI1+BMI2+F16C+FMA+LZCNT+MOVBE,AVX,SSE3+SSSE3+SSE4.1+SSE4.2+POPCNT,X86Base+SSE+SSE2,AES+PCLMUL VectorSize=256
// Job: ShortRun(IterationCount=3, LaunchCount=1, WarmupCount=3)

OverheadJitting  1: 1 op, 165276.00 ns, 165.2760 us/op
WorkloadJitting  1: 1 op, 689124.00 ns, 689.1240 us/op

OverheadJitting  2: 16 op, 177073.00 ns, 11.0671 us/op
WorkloadJitting  2: 16 op, 177944.00 ns, 11.1215 us/op

WorkloadPilot    1: 16 op, 1092.00 ns, 68.2500 ns/op
WorkloadPilot    2: 32 op, 1172.00 ns, 36.6250 ns/op
WorkloadPilot    3: 64 op, 1622.00 ns, 25.3438 ns/op
WorkloadPilot    4: 128 op, 2594.00 ns, 20.2656 ns/op
WorkloadPilot    5: 256 op, 4647.00 ns, 18.1523 ns/op
WorkloadPilot    6: 512 op, 13610.00 ns, 26.5820 ns/op
WorkloadPilot    7: 1024 op, 35493.00 ns, 34.6611 ns/op
WorkloadPilot    8: 2048 op, 33590.00 ns, 16.4014 ns/op
WorkloadPilot    9: 4096 op, 66018.00 ns, 16.1177 ns/op
WorkloadPilot   10: 8192 op, 134069.00 ns, 16.3658 ns/op
WorkloadPilot   11: 16384 op, 282139.00 ns, 17.2204 ns/op
WorkloadPilot   12: 32768 op, 530248.00 ns, 16.1819 ns/op
WorkloadPilot   13: 65536 op, 1063991.00 ns, 16.2352 ns/op
WorkloadPilot   14: 131072 op, 2121982.00 ns, 16.1894 ns/op
WorkloadPilot   15: 262144 op, 4250765.00 ns, 16.2154 ns/op
WorkloadPilot   16: 524288 op, 8510864.00 ns, 16.2332 ns/op
WorkloadPilot   17: 1048576 op, 16971953.00 ns, 16.1857 ns/op
WorkloadPilot   18: 2097152 op, 33932529.00 ns, 16.1803 ns/op
WorkloadPilot   19: 4194304 op, 67629748.00 ns, 16.1242 ns/op
WorkloadPilot   20: 8388608 op, 135227498.00 ns, 16.1204 ns/op
WorkloadPilot   21: 16777216 op, 270586101.00 ns, 16.1282 ns/op
WorkloadPilot   22: 33554432 op, 541020457.00 ns, 16.1237 ns/op

OverheadWarmup   1: 33554432 op, 47448668.00 ns, 1.4141 ns/op
OverheadWarmup   2: 33554432 op, 47447957.00 ns, 1.4141 ns/op
OverheadWarmup   3: 33554432 op, 47494075.00 ns, 1.4154 ns/op
OverheadWarmup   4: 33554432 op, 47515467.00 ns, 1.4161 ns/op
OverheadWarmup   5: 33554432 op, 47474466.00 ns, 1.4148 ns/op
OverheadWarmup   6: 33554432 op, 48166064.00 ns, 1.4355 ns/op
OverheadWarmup   7: 33554432 op, 47519203.00 ns, 1.4162 ns/op

OverheadActual   1: 33554432 op, 47417732.00 ns, 1.4132 ns/op
OverheadActual   2: 33554432 op, 47452193.00 ns, 1.4142 ns/op
OverheadActual   3: 33554432 op, 47432584.00 ns, 1.4136 ns/op
OverheadActual   4: 33554432 op, 47451001.00 ns, 1.4142 ns/op
OverheadActual   5: 33554432 op, 47464661.00 ns, 1.4146 ns/op
OverheadActual   6: 33554432 op, 47454176.00 ns, 1.4142 ns/op
OverheadActual   7: 33554432 op, 47489959.00 ns, 1.4153 ns/op
OverheadActual   8: 33554432 op, 47467325.00 ns, 1.4146 ns/op
OverheadActual   9: 33554432 op, 47455668.00 ns, 1.4143 ns/op
OverheadActual  10: 33554432 op, 47563058.00 ns, 1.4175 ns/op
OverheadActual  11: 33554432 op, 47484431.00 ns, 1.4151 ns/op
OverheadActual  12: 33554432 op, 47509358.00 ns, 1.4159 ns/op
OverheadActual  13: 33554432 op, 47430811.00 ns, 1.4135 ns/op
OverheadActual  14: 33554432 op, 47453374.00 ns, 1.4142 ns/op
OverheadActual  15: 33554432 op, 47484682.00 ns, 1.4152 ns/op

WorkloadWarmup   1: 33554432 op, 541532437.00 ns, 16.1389 ns/op
WorkloadWarmup   2: 33554432 op, 541869669.00 ns, 16.1490 ns/op
WorkloadWarmup   3: 33554432 op, 541821377.00 ns, 16.1475 ns/op

// BeforeActualRun
WorkloadActual   1: 33554432 op, 541749981.00 ns, 16.1454 ns/op
WorkloadActual   2: 33554432 op, 541574020.00 ns, 16.1402 ns/op
WorkloadActual   3: 33554432 op, 541804391.00 ns, 16.1470 ns/op

// AfterActualRun
WorkloadResult   1: 33554432 op, 494294313.00 ns, 14.7311 ns/op
WorkloadResult   2: 33554432 op, 494118352.00 ns, 14.7259 ns/op
WorkloadResult   3: 33554432 op, 494348723.00 ns, 14.7327 ns/op
// GC:  0 0 0 0 33554432
// Threading:  0 0 33554432

// AfterAll
// Benchmark Process 2899 has exited with code 0.

Mean = 14.730 ns, StdErr = 0.002 ns (0.01%), N = 3, StdDev = 0.004 ns
Min = 14.726 ns, Q1 = 14.728 ns, Median = 14.731 ns, Q3 = 14.732 ns, Max = 14.733 ns
IQR = 0.003 ns, LowerFence = 14.723 ns, UpperFence = 14.737 ns
ConfidenceInterval = [14.664 ns; 14.795 ns] (CI 99.9%), Margin = 0.065 ns (0.44% of Mean)
Skewness = -0.3, Kurtosis = 0.67, MValue = 2

// ** Remained 8 (50.0 %) benchmark(s) to run. Estimated finish 2026-10-07 14:55 (0h 2m from now) **
// **************************
// Benchmark: ErrorCodeMappingBenchmarks.MapConflictError: ShortRun(IterationCount=3, LaunchCount=1, WarmupCount=3)
// *** Execute ***
// Launch: 1 / 1
// Execute: dotnet Encina.AzureFunctions.Benchmarks-DefaultJob-1.dll --anonymousPipes 136 137 --benchmarkName Encina.AzureFunctions.Benchmarks.ErrorCodeMappingBenchmarks.MapConflictError --job ShortRun --benchmarkId 8 in /home/runner/work/Encina/Encina/tests/Encina.BenchmarkTests/Encina.AzureFunctions.Benchmarks/bin/Release/net10.0/Encina.AzureFunctions.Benchmarks-DefaultJob-1/bin/Release/net10.0
// Failed to set up high priority (Permission denied). In order to run benchmarks with high priority, make sure you have the right permissions.
// BeforeAnythingElse

// Benchmark Process Environment Information:
// BenchmarkDotNet v0.15.8
// Runtime=.NET 10.0.12 (10.0.12, 10.0.1226.42308), X64 RyuJIT x86-64-v4
// GC=Concurrent Workstation
// HardwareIntrinsics=AVX512 BITALG+VBMI2+VNNI+VPOPCNTDQ,AVX512 IFMA+VBMI,AVX512 F+BW+CD+DQ+VL,AVX2+BMI1+BMI2+F16C+FMA+LZCNT+MOVBE,AVX,SSE3+SSSE3+SSE4.1+SSE4.2+POPCNT,X86Base+SSE+SSE2,AES+PCLMUL VectorSize=256
// Job: ShortRun(IterationCount=3, LaunchCount=1, WarmupCount=3)

OverheadJitting  1: 1 op, 168520.00 ns, 168.5200 us/op
WorkloadJitting  1: 1 op, 716494.00 ns, 716.4940 us/op

OverheadJitting  2: 16 op, 176852.00 ns, 11.0533 us/op
WorkloadJitting  2: 16 op, 177113.00 ns, 11.0696 us/op

WorkloadPilot    1: 16 op, 931.00 ns, 58.1875 ns/op
WorkloadPilot    2: 32 op, 1062.00 ns, 33.1875 ns/op
WorkloadPilot    3: 64 op, 1382.00 ns, 21.5938 ns/op
WorkloadPilot    4: 128 op, 2104.00 ns, 16.4375 ns/op
WorkloadPilot    5: 256 op, 3585.00 ns, 14.0039 ns/op
WorkloadPilot    6: 512 op, 6640.00 ns, 12.9688 ns/op
WorkloadPilot    7: 1024 op, 12579.00 ns, 12.2842 ns/op
WorkloadPilot    8: 2048 op, 35403.00 ns, 17.2866 ns/op
WorkloadPilot    9: 4096 op, 48442.00 ns, 11.8267 ns/op
WorkloadPilot   10: 8192 op, 96333.00 ns, 11.7594 ns/op
WorkloadPilot   11: 16384 op, 194489.00 ns, 11.8707 ns/op
WorkloadPilot   12: 32768 op, 396128.00 ns, 12.0889 ns/op
WorkloadPilot   13: 65536 op, 776023.00 ns, 11.8412 ns/op
WorkloadPilot   14: 131072 op, 1546337.00 ns, 11.7976 ns/op
WorkloadPilot   15: 262144 op, 3084011.00 ns, 11.7646 ns/op
WorkloadPilot   16: 524288 op, 6169705.00 ns, 11.7678 ns/op
WorkloadPilot   17: 1048576 op, 12331088.00 ns, 11.7598 ns/op
WorkloadPilot   18: 2097152 op, 24647814.00 ns, 11.7530 ns/op
WorkloadPilot   19: 4194304 op, 49492291.00 ns, 11.7999 ns/op
WorkloadPilot   20: 8388608 op, 98683256.00 ns, 11.7640 ns/op
WorkloadPilot   21: 16777216 op, 198350003.00 ns, 11.8226 ns/op
WorkloadPilot   22: 33554432 op, 394314730.00 ns, 11.7515 ns/op
WorkloadPilot   23: 67108864 op, 791908233.00 ns, 11.8004 ns/op

OverheadWarmup   1: 67108864 op, 94915015.00 ns, 1.4143 ns/op
OverheadWarmup   2: 67108864 op, 95012229.00 ns, 1.4158 ns/op
OverheadWarmup   3: 67108864 op, 95043015.00 ns, 1.4163 ns/op
OverheadWarmup   4: 67108864 op, 94997798.00 ns, 1.4156 ns/op
OverheadWarmup   5: 67108864 op, 94845852.00 ns, 1.4133 ns/op
OverheadWarmup   6: 67108864 op, 94975635.00 ns, 1.4152 ns/op
OverheadWarmup   7: 67108864 op, 94980292.00 ns, 1.4153 ns/op
OverheadWarmup   8: 67108864 op, 94976146.00 ns, 1.4153 ns/op

OverheadActual   1: 67108864 op, 94923847.00 ns, 1.4145 ns/op
OverheadActual   2: 67108864 op, 94922175.00 ns, 1.4145 ns/op
OverheadActual   3: 67108864 op, 94983066.00 ns, 1.4154 ns/op
OverheadActual   4: 67108864 op, 94913462.00 ns, 1.4143 ns/op
OverheadActual   5: 67108864 op, 94903497.00 ns, 1.4142 ns/op
OverheadActual   6: 67108864 op, 95033120.00 ns, 1.4161 ns/op
OverheadActual   7: 67108864 op, 94916828.00 ns, 1.4144 ns/op
OverheadActual   8: 67108864 op, 94934173.00 ns, 1.4146 ns/op
OverheadActual   9: 67108864 op, 94948103.00 ns, 1.4148 ns/op
OverheadActual  10: 67108864 op, 94932360.00 ns, 1.4146 ns/op
OverheadActual  11: 67108864 op, 94924970.00 ns, 1.4145 ns/op
OverheadActual  12: 67108864 op, 94887674.00 ns, 1.4139 ns/op
OverheadActual  13: 67108864 op, 94999630.00 ns, 1.4156 ns/op
OverheadActual  14: 67108864 op, 94937308.00 ns, 1.4147 ns/op
OverheadActual  15: 67108864 op, 94981954.00 ns, 1.4153 ns/op

WorkloadWarmup   1: 67108864 op, 788929355.00 ns, 11.7560 ns/op
WorkloadWarmup   2: 67108864 op, 788900823.00 ns, 11.7555 ns/op
WorkloadWarmup   3: 67108864 op, 790811072.00 ns, 11.7840 ns/op

// BeforeActualRun
WorkloadActual   1: 67108864 op, 789003526.00 ns, 11.7571 ns/op
WorkloadActual   2: 67108864 op, 794654164.00 ns, 11.8413 ns/op
WorkloadActual   3: 67108864 op, 789338228.00 ns, 11.7621 ns/op

// AfterActualRun
WorkloadResult   1: 67108864 op, 694071166.00 ns, 10.3425 ns/op
WorkloadResult   2: 67108864 op, 699721804.00 ns, 10.4267 ns/op
WorkloadResult   3: 67108864 op, 694405868.00 ns, 10.3475 ns/op
// GC:  0 0 0 0 67108864
// Threading:  0 0 67108864

// AfterAll
// Benchmark Process 2905 has exited with code 0.

Mean = 10.372 ns, StdErr = 0.027 ns (0.26%), N = 3, StdDev = 0.047 ns
Min = 10.342 ns, Q1 = 10.345 ns, Median = 10.347 ns, Q3 = 10.387 ns, Max = 10.427 ns
IQR = 0.042 ns, LowerFence = 10.282 ns, UpperFence = 10.450 ns
ConfidenceInterval = [9.510 ns; 11.234 ns] (CI 99.9%), Margin = 0.862 ns (8.31% of Mean)
Skewness = 0.38, Kurtosis = 0.67, MValue = 2

// ** Remained 7 (43.8 %) benchmark(s) to run. Estimated finish 2026-10-07 14:55 (0h 1m from now) **
// **************************
// Benchmark: ErrorCodeMappingBenchmarks.MapUnknownError: ShortRun(IterationCount=3, LaunchCount=1, WarmupCount=3)
// *** Execute ***
// Launch: 1 / 1
// Execute: dotnet Encina.AzureFunctions.Benchmarks-DefaultJob-1.dll --anonymousPipes 136 137 --benchmarkName Encina.AzureFunctions.Benchmarks.ErrorCodeMappingBenchmarks.MapUnknownError --job ShortRun --benchmarkId 9 in /home/runner/work/Encina/Encina/tests/Encina.BenchmarkTests/Encina.AzureFunctions.Benchmarks/bin/Release/net10.0/Encina.AzureFunctions.Benchmarks-DefaultJob-1/bin/Release/net10.0
// Failed to set up high priority (Permission denied). In order to run benchmarks with high priority, make sure you have the right permissions.
// BeforeAnythingElse

// Benchmark Process Environment Information:
// BenchmarkDotNet v0.15.8
// Runtime=.NET 10.0.12 (10.0.12, 10.0.1226.42308), X64 RyuJIT x86-64-v4
// GC=Concurrent Workstation
// HardwareIntrinsics=AVX512 BITALG+VBMI2+VNNI+VPOPCNTDQ,AVX512 IFMA+VBMI,AVX512 F+BW+CD+DQ+VL,AVX2+BMI1+BMI2+F16C+FMA+LZCNT+MOVBE,AVX,SSE3+SSSE3+SSE4.1+SSE4.2+POPCNT,X86Base+SSE+SSE2,AES+PCLMUL VectorSize=256
// Job: ShortRun(IterationCount=3, LaunchCount=1, WarmupCount=3)

OverheadJitting  1: 1 op, 188541.00 ns, 188.5410 us/op
WorkloadJitting  1: 1 op, 687111.00 ns, 687.1110 us/op

OverheadJitting  2: 16 op, 175922.00 ns, 10.9951 us/op
WorkloadJitting  2: 16 op, 174580.00 ns, 10.9113 us/op

WorkloadPilot    1: 16 op, 1132.00 ns, 70.7500 ns/op
WorkloadPilot    2: 32 op, 1112.00 ns, 34.7500 ns/op
WorkloadPilot    3: 64 op, 2043.00 ns, 31.9219 ns/op
WorkloadPilot    4: 128 op, 2203.00 ns, 17.2109 ns/op
WorkloadPilot    5: 256 op, 3855.00 ns, 15.0586 ns/op
WorkloadPilot    6: 512 op, 7221.00 ns, 14.1035 ns/op
WorkloadPilot    7: 1024 op, 13931.00 ns, 13.6045 ns/op
WorkloadPilot    8: 2048 op, 27491.00 ns, 13.4233 ns/op
WorkloadPilot    9: 4096 op, 54261.00 ns, 13.2473 ns/op
WorkloadPilot   10: 8192 op, 108241.00 ns, 13.2130 ns/op
WorkloadPilot   11: 16384 op, 216151.00 ns, 13.1928 ns/op
WorkloadPilot   12: 32768 op, 435688.00 ns, 13.2961 ns/op
WorkloadPilot   13: 65536 op, 874079.00 ns, 13.3374 ns/op
WorkloadPilot   14: 131072 op, 1749591.00 ns, 13.3483 ns/op
WorkloadPilot   15: 262144 op, 3489096.00 ns, 13.3098 ns/op
WorkloadPilot   16: 524288 op, 6944703.00 ns, 13.2460 ns/op
WorkloadPilot   17: 1048576 op, 13928134.00 ns, 13.2829 ns/op
WorkloadPilot   18: 2097152 op, 27868887.00 ns, 13.2889 ns/op
WorkloadPilot   19: 4194304 op, 57906519.00 ns, 13.8060 ns/op
WorkloadPilot   20: 8388608 op, 110906855.00 ns, 13.2211 ns/op
WorkloadPilot   21: 16777216 op, 224083233.00 ns, 13.3564 ns/op
WorkloadPilot   22: 33554432 op, 484109006.00 ns, 14.4276 ns/op
WorkloadPilot   23: 67108864 op, 939500403.00 ns, 13.9996 ns/op

OverheadWarmup   1: 67108864 op, 94999077.00 ns, 1.4156 ns/op
OverheadWarmup   2: 67108864 op, 94970245.00 ns, 1.4152 ns/op
OverheadWarmup   3: 67108864 op, 96023050.00 ns, 1.4309 ns/op
OverheadWarmup   4: 67108864 op, 96063871.00 ns, 1.4315 ns/op
OverheadWarmup   5: 67108864 op, 95082963.00 ns, 1.4168 ns/op
OverheadWarmup   6: 67108864 op, 96056250.00 ns, 1.4313 ns/op
OverheadWarmup   7: 67108864 op, 96050701.00 ns, 1.4313 ns/op

OverheadActual   1: 67108864 op, 94989163.00 ns, 1.4154 ns/op
OverheadActual   2: 67108864 op, 94932489.00 ns, 1.4146 ns/op
OverheadActual   3: 67108864 op, 95114119.00 ns, 1.4173 ns/op
OverheadActual   4: 67108864 op, 94972949.00 ns, 1.4152 ns/op
OverheadActual   5: 67108864 op, 94897998.00 ns, 1.4141 ns/op
OverheadActual   6: 67108864 op, 96036691.00 ns, 1.4311 ns/op
OverheadActual   7: 67108864 op, 96032644.00 ns, 1.4310 ns/op
OverheadActual   8: 67108864 op, 94928713.00 ns, 1.4145 ns/op
OverheadActual   9: 67108864 op, 95012568.00 ns, 1.4158 ns/op
OverheadActual  10: 67108864 op, 94884987.00 ns, 1.4139 ns/op
OverheadActual  11: 67108864 op, 94957475.00 ns, 1.4150 ns/op
OverheadActual  12: 67108864 op, 94907942.00 ns, 1.4142 ns/op
OverheadActual  13: 67108864 op, 94893561.00 ns, 1.4140 ns/op
OverheadActual  14: 67108864 op, 94901924.00 ns, 1.4141 ns/op
OverheadActual  15: 67108864 op, 94922714.00 ns, 1.4145 ns/op

WorkloadWarmup   1: 67108864 op, 901704664.00 ns, 13.4364 ns/op
WorkloadWarmup   2: 67108864 op, 891107257.00 ns, 13.2785 ns/op
WorkloadWarmup   3: 67108864 op, 890959038.00 ns, 13.2763 ns/op

// BeforeActualRun
WorkloadActual   1: 67108864 op, 889538258.00 ns, 13.2552 ns/op
WorkloadActual   2: 67108864 op, 890751681.00 ns, 13.2732 ns/op
WorkloadActual   3: 67108864 op, 890403945.00 ns, 13.2681 ns/op

// AfterActualRun
WorkloadResult   1: 67108864 op, 794605769.00 ns, 11.8405 ns/op
WorkloadResult   2: 67108864 op, 795819192.00 ns, 11.8586 ns/op
WorkloadResult   3: 67108864 op, 795471456.00 ns, 11.8534 ns/op
// GC:  0 0 0 0 67108864
// Threading:  0 0 67108864

// AfterAll
// Benchmark Process 2916 has exited with code 0.

Mean = 11.851 ns, StdErr = 0.005 ns (0.05%), N = 3, StdDev = 0.009 ns
Min = 11.841 ns, Q1 = 11.847 ns, Median = 11.853 ns, Q3 = 11.856 ns, Max = 11.859 ns
IQR = 0.009 ns, LowerFence = 11.833 ns, UpperFence = 11.870 ns
ConfidenceInterval = [11.681 ns; 12.021 ns] (CI 99.9%), Margin = 0.170 ns (1.43% of Mean)
Skewness = -0.26, Kurtosis = 0.67, MValue = 2

// ** Remained 6 (37.5 %) benchmark(s) to run. Estimated finish 2026-10-07 14:55 (0h 1m from now) **
// **************************
// Benchmark: ErrorCodeMappingBenchmarks.MapMultipleValidationErrors: ShortRun(IterationCount=3, LaunchCount=1, WarmupCount=3)
// *** Execute ***
// Launch: 1 / 1
// Execute: dotnet Encina.AzureFunctions.Benchmarks-DefaultJob-1.dll --anonymousPipes 136 137 --benchmarkName Encina.AzureFunctions.Benchmarks.ErrorCodeMappingBenchmarks.MapMultipleValidationErrors --job ShortRun --benchmarkId 10 in /home/runner/work/Encina/Encina/tests/Encina.BenchmarkTests/Encina.AzureFunctions.Benchmarks/bin/Release/net10.0/Encina.AzureFunctions.Benchmarks-DefaultJob-1/bin/Release/net10.0
// Failed to set up high priority (Permission denied). In order to run benchmarks with high priority, make sure you have the right permissions.
// BeforeAnythingElse

// Benchmark Process Environment Information:
// BenchmarkDotNet v0.15.8
// Runtime=.NET 10.0.12 (10.0.12, 10.0.1226.42308), X64 RyuJIT x86-64-v4
// GC=Concurrent Workstation
// HardwareIntrinsics=AVX512 BITALG+VBMI2+VNNI+VPOPCNTDQ,AVX512 IFMA+VBMI,AVX512 F+BW+CD+DQ+VL,AVX2+BMI1+BMI2+F16C+FMA+LZCNT+MOVBE,AVX,SSE3+SSSE3+SSE4.1+SSE4.2+POPCNT,X86Base+SSE+SSE2,AES+PCLMUL VectorSize=256
// Job: ShortRun(IterationCount=3, LaunchCount=1, WarmupCount=3)

OverheadJitting  1: 1 op, 168961.00 ns, 168.9610 us/op
WorkloadJitting  1: 1 op, 780240.00 ns, 780.2400 us/op

OverheadJitting  2: 16 op, 178405.00 ns, 11.1503 us/op
WorkloadJitting  2: 16 op, 171575.00 ns, 10.7234 us/op

WorkloadPilot    1: 16 op, 2023.00 ns, 126.4375 ns/op
WorkloadPilot    2: 32 op, 2314.00 ns, 72.3125 ns/op
WorkloadPilot    3: 64 op, 3705.00 ns, 57.8906 ns/op
WorkloadPilot    4: 128 op, 6881.00 ns, 53.7578 ns/op
WorkloadPilot    5: 256 op, 12980.00 ns, 50.7031 ns/op
WorkloadPilot    6: 512 op, 25157.00 ns, 49.1348 ns/op
WorkloadPilot    7: 1024 op, 49634.00 ns, 48.4707 ns/op
WorkloadPilot    8: 2048 op, 98576.00 ns, 48.1328 ns/op
WorkloadPilot    9: 4096 op, 196402.00 ns, 47.9497 ns/op
WorkloadPilot   10: 8192 op, 391832.00 ns, 47.8311 ns/op
WorkloadPilot   11: 16384 op, 804215.00 ns, 49.0854 ns/op
WorkloadPilot   12: 32768 op, 1583793.00 ns, 48.3335 ns/op
WorkloadPilot   13: 65536 op, 3169840.00 ns, 48.3679 ns/op
WorkloadPilot   14: 131072 op, 6341853.00 ns, 48.3845 ns/op
WorkloadPilot   15: 262144 op, 12643166.00 ns, 48.2299 ns/op
WorkloadPilot   16: 524288 op, 25260344.00 ns, 48.1803 ns/op
WorkloadPilot   17: 1048576 op, 50547477.00 ns, 48.2058 ns/op
WorkloadPilot   18: 2097152 op, 101224438.00 ns, 48.2676 ns/op
WorkloadPilot   19: 4194304 op, 202914667.00 ns, 48.3786 ns/op
WorkloadPilot   20: 8388608 op, 404374833.00 ns, 48.2052 ns/op
WorkloadPilot   21: 16777216 op, 809484363.00 ns, 48.2490 ns/op

OverheadWarmup   1: 16777216 op, 24097325.00 ns, 1.4363 ns/op
OverheadWarmup   2: 16777216 op, 24059149.00 ns, 1.4340 ns/op
OverheadWarmup   3: 16777216 op, 24040521.00 ns, 1.4329 ns/op
OverheadWarmup   4: 16777216 op, 24004808.00 ns, 1.4308 ns/op
OverheadWarmup   5: 16777216 op, 24006010.00 ns, 1.4309 ns/op
OverheadWarmup   6: 16777216 op, 24048874.00 ns, 1.4334 ns/op
OverheadWarmup   7: 16777216 op, 24015264.00 ns, 1.4314 ns/op
OverheadWarmup   8: 16777216 op, 24005770.00 ns, 1.4309 ns/op
OverheadWarmup   9: 16777216 op, 24031998.00 ns, 1.4324 ns/op
OverheadWarmup  10: 16777216 op, 24006822.00 ns, 1.4309 ns/op

OverheadActual   1: 16777216 op, 24044507.00 ns, 1.4332 ns/op
OverheadActual   2: 16777216 op, 24011348.00 ns, 1.4312 ns/op
OverheadActual   3: 16777216 op, 24055103.00 ns, 1.4338 ns/op
OverheadActual   4: 16777216 op, 24012911.00 ns, 1.4313 ns/op
OverheadActual   5: 16777216 op, 23995965.00 ns, 1.4303 ns/op
OverheadActual   6: 16777216 op, 24163604.00 ns, 1.4403 ns/op
OverheadActual   7: 16777216 op, 24000382.00 ns, 1.4305 ns/op
OverheadActual   8: 16777216 op, 23992730.00 ns, 1.4301 ns/op
OverheadActual   9: 16777216 op, 24006692.00 ns, 1.4309 ns/op
OverheadActual  10: 16777216 op, 24025098.00 ns, 1.4320 ns/op
OverheadActual  11: 16777216 op, 24002124.00 ns, 1.4306 ns/op
OverheadActual  12: 16777216 op, 23998219.00 ns, 1.4304 ns/op
OverheadActual  13: 16777216 op, 24030777.00 ns, 1.4323 ns/op
OverheadActual  14: 16777216 op, 24019590.00 ns, 1.4317 ns/op
OverheadActual  15: 16777216 op, 24030105.00 ns, 1.4323 ns/op

WorkloadWarmup   1: 16777216 op, 808326137.00 ns, 48.1800 ns/op
WorkloadWarmup   2: 16777216 op, 808726782.00 ns, 48.2039 ns/op
WorkloadWarmup   3: 16777216 op, 808282760.00 ns, 48.1774 ns/op

// BeforeActualRun
WorkloadActual   1: 16777216 op, 807769586.00 ns, 48.1468 ns/op
WorkloadActual   2: 16777216 op, 808307394.00 ns, 48.1789 ns/op
WorkloadActual   3: 16777216 op, 808242317.00 ns, 48.1750 ns/op

// AfterActualRun
WorkloadResult   1: 16777216 op, 783756675.00 ns, 46.7155 ns/op
WorkloadResult   2: 16777216 op, 784294483.00 ns, 46.7476 ns/op
WorkloadResult   3: 16777216 op, 784229406.00 ns, 46.7437 ns/op
// GC:  0 0 0 0 16777216
// Threading:  0 0 16777216

// AfterAll
// Benchmark Process 2924 has exited with code 0.

Mean = 46.736 ns, StdErr = 0.010 ns (0.02%), N = 3, StdDev = 0.017 ns
Min = 46.716 ns, Q1 = 46.730 ns, Median = 46.744 ns, Q3 = 46.746 ns, Max = 46.748 ns
IQR = 0.016 ns, LowerFence = 46.706 ns, UpperFence = 46.770 ns
ConfidenceInterval = [46.416 ns; 47.055 ns] (CI 99.9%), Margin = 0.319 ns (0.68% of Mean)
Skewness = -0.36, Kurtosis = 0.67, MValue = 2

// ** Remained 5 (31.2 %) benchmark(s) to run. Estimated finish 2026-10-07 14:54 (0h 1m from now) **
// **************************
// Benchmark: ErrorCodeMappingBenchmarks.MapMixedErrors: ShortRun(IterationCount=3, LaunchCount=1, WarmupCount=3)
// *** Execute ***
// Launch: 1 / 1
// Execute: dotnet Encina.AzureFunctions.Benchmarks-DefaultJob-1.dll --anonymousPipes 136 137 --benchmarkName Encina.AzureFunctions.Benchmarks.ErrorCodeMappingBenchmarks.MapMixedErrors --job ShortRun --benchmarkId 11 in /home/runner/work/Encina/Encina/tests/Encina.BenchmarkTests/Encina.AzureFunctions.Benchmarks/bin/Release/net10.0/Encina.AzureFunctions.Benchmarks-DefaultJob-1/bin/Release/net10.0
// Failed to set up high priority (Permission denied). In order to run benchmarks with high priority, make sure you have the right permissions.
// BeforeAnythingElse

// Benchmark Process Environment Information:
// BenchmarkDotNet v0.15.8
// Runtime=.NET 10.0.12 (10.0.12, 10.0.1226.42308), X64 RyuJIT x86-64-v4
// GC=Concurrent Workstation
// HardwareIntrinsics=AVX512 BITALG+VBMI2+VNNI+VPOPCNTDQ,AVX512 IFMA+VBMI,AVX512 F+BW+CD+DQ+VL,AVX2+BMI1+BMI2+F16C+FMA+LZCNT+MOVBE,AVX,SSE3+SSSE3+SSE4.1+SSE4.2+POPCNT,X86Base+SSE+SSE2,AES+PCLMUL VectorSize=256
// Job: ShortRun(IterationCount=3, LaunchCount=1, WarmupCount=3)

OverheadJitting  1: 1 op, 169341.00 ns, 169.3410 us/op
WorkloadJitting  1: 1 op, 760198.00 ns, 760.1980 us/op

OverheadJitting  2: 16 op, 191144.00 ns, 11.9465 us/op
WorkloadJitting  2: 16 op, 184754.00 ns, 11.5471 us/op

WorkloadPilot    1: 16 op, 2924.00 ns, 182.7500 ns/op
WorkloadPilot    2: 32 op, 4407.00 ns, 137.7188 ns/op
WorkloadPilot    3: 64 op, 7241.00 ns, 113.1406 ns/op
WorkloadPilot    4: 128 op, 13160.00 ns, 102.8125 ns/op
WorkloadPilot    5: 256 op, 22844.00 ns, 89.2344 ns/op
WorkloadPilot    6: 512 op, 37896.00 ns, 74.0156 ns/op
WorkloadPilot    7: 1024 op, 67220.00 ns, 65.6445 ns/op
WorkloadPilot    8: 2048 op, 120069.00 ns, 58.6274 ns/op
WorkloadPilot    9: 4096 op, 238925.00 ns, 58.3313 ns/op
WorkloadPilot   10: 8192 op, 477739.00 ns, 58.3177 ns/op
WorkloadPilot   11: 16384 op, 974026.00 ns, 59.4498 ns/op
WorkloadPilot   12: 32768 op, 1976034.00 ns, 60.3038 ns/op
WorkloadPilot   13: 65536 op, 3872919.00 ns, 59.0961 ns/op
WorkloadPilot   14: 131072 op, 7728334.00 ns, 58.9625 ns/op
WorkloadPilot   15: 262144 op, 15356748.00 ns, 58.5813 ns/op
WorkloadPilot   16: 524288 op, 30712264.00 ns, 58.5790 ns/op
WorkloadPilot   17: 1048576 op, 61626318.00 ns, 58.7714 ns/op
WorkloadPilot   18: 2097152 op, 123139979.00 ns, 58.7177 ns/op
WorkloadPilot   19: 4194304 op, 246170746.00 ns, 58.6917 ns/op
WorkloadPilot   20: 8388608 op, 492617893.00 ns, 58.7246 ns/op
WorkloadPilot   21: 16777216 op, 984688366.00 ns, 58.6920 ns/op

OverheadWarmup   1: 16777216 op, 24073778.00 ns, 1.4349 ns/op
OverheadWarmup   2: 16777216 op, 24090262.00 ns, 1.4359 ns/op
OverheadWarmup   3: 16777216 op, 24039798.00 ns, 1.4329 ns/op
OverheadWarmup   4: 16777216 op, 24086527.00 ns, 1.4357 ns/op
OverheadWarmup   5: 16777216 op, 24032075.00 ns, 1.4324 ns/op

OverheadActual   1: 16777216 op, 24020418.00 ns, 1.4317 ns/op
OverheadActual   2: 16777216 op, 24001500.00 ns, 1.4306 ns/op
OverheadActual   3: 16777216 op, 24055140.00 ns, 1.4338 ns/op
OverheadActual   4: 16777216 op, 24026066.00 ns, 1.4321 ns/op
OverheadActual   5: 16777216 op, 24071745.00 ns, 1.4348 ns/op
OverheadActual   6: 16777216 op, 24036933.00 ns, 1.4327 ns/op
OverheadActual   7: 16777216 op, 24214157.00 ns, 1.4433 ns/op
OverheadActual   8: 16777216 op, 24033578.00 ns, 1.4325 ns/op
OverheadActual   9: 16777216 op, 24007900.00 ns, 1.4310 ns/op
OverheadActual  10: 16777216 op, 24036713.00 ns, 1.4327 ns/op
OverheadActual  11: 16777216 op, 24019717.00 ns, 1.4317 ns/op
OverheadActual  12: 16777216 op, 24037754.00 ns, 1.4328 ns/op
OverheadActual  13: 16777216 op, 24040468.00 ns, 1.4329 ns/op
OverheadActual  14: 16777216 op, 24032987.00 ns, 1.4325 ns/op
OverheadActual  15: 16777216 op, 24011925.00 ns, 1.4312 ns/op

WorkloadWarmup   1: 16777216 op, 985225533.00 ns, 58.7240 ns/op
WorkloadWarmup   2: 16777216 op, 984912706.00 ns, 58.7054 ns/op
WorkloadWarmup   3: 16777216 op, 984818674.00 ns, 58.6998 ns/op

// BeforeActualRun
WorkloadActual   1: 16777216 op, 986021952.00 ns, 58.7715 ns/op
WorkloadActual   2: 16777216 op, 984275758.00 ns, 58.6674 ns/op
WorkloadActual   3: 16777216 op, 984979223.00 ns, 58.7093 ns/op

// AfterActualRun
WorkloadResult   1: 16777216 op, 961988374.00 ns, 57.3390 ns/op
WorkloadResult   2: 16777216 op, 960242180.00 ns, 57.2349 ns/op
WorkloadResult   3: 16777216 op, 960945645.00 ns, 57.2768 ns/op
// GC:  0 0 0 0 16777216
// Threading:  0 0 16777216

// AfterAll
// Benchmark Process 2931 has exited with code 0.

Mean = 57.284 ns, StdErr = 0.030 ns (0.05%), N = 3, StdDev = 0.052 ns
Min = 57.235 ns, Q1 = 57.256 ns, Median = 57.277 ns, Q3 = 57.308 ns, Max = 57.339 ns
IQR = 0.052 ns, LowerFence = 57.178 ns, UpperFence = 57.386 ns
ConfidenceInterval = [56.328 ns; 58.239 ns] (CI 99.9%), Margin = 0.955 ns (1.67% of Mean)
Skewness = 0.13, Kurtosis = 0.67, MValue = 2

// ** Remained 4 (25.0 %) benchmark(s) to run. Estimated finish 2026-10-07 14:54 (0h 0m from now) **
// **************************
// Benchmark: ErrorCodeMappingBenchmarks.MapValidationError: DefaultJob
// *** Execute ***
// Launch: 1 / 1
// Execute: dotnet Encina.AzureFunctions.Benchmarks-DefaultJob-1.dll --anonymousPipes 136 137 --benchmarkName Encina.AzureFunctions.Benchmarks.ErrorCodeMappingBenchmarks.MapValidationError --job Default --benchmarkId 12 in /home/runner/work/Encina/Encina/tests/Encina.BenchmarkTests/Encina.AzureFunctions.Benchmarks/bin/Release/net10.0/Encina.AzureFunctions.Benchmarks-DefaultJob-1/bin/Release/net10.0
// Failed to set up high priority (Permission denied). In order to run benchmarks with high priority, make sure you have the right permissions.
// BeforeAnythingElse

// Benchmark Process Environment Information:
// BenchmarkDotNet v0.15.8
// Runtime=.NET 10.0.12 (10.0.12, 10.0.1226.42308), X64 RyuJIT x86-64-v4
// GC=Concurrent Workstation
// HardwareIntrinsics=AVX512 BITALG+VBMI2+VNNI+VPOPCNTDQ,AVX512 IFMA+VBMI,AVX512 F+BW+CD+DQ+VL,AVX2+BMI1+BMI2+F16C+FMA+LZCNT+MOVBE,AVX,SSE3+SSSE3+SSE4.1+SSE4.2+POPCNT,X86Base+SSE+SSE2,AES+PCLMUL VectorSize=256
// Job: DefaultJob

OverheadJitting  1: 1 op, 169592.00 ns, 169.5920 us/op
WorkloadJitting  1: 1 op, 769984.00 ns, 769.9840 us/op

OverheadJitting  2: 16 op, 175070.00 ns, 10.9419 us/op
WorkloadJitting  2: 16 op, 189812.00 ns, 11.8633 us/op

WorkloadPilot    1: 16 op, 1111.00 ns, 69.4375 ns/op
WorkloadPilot    2: 32 op, 1032.00 ns, 32.2500 ns/op
WorkloadPilot    3: 64 op, 1182.00 ns, 18.4688 ns/op
WorkloadPilot    4: 128 op, 1843.00 ns, 14.3984 ns/op
WorkloadPilot    5: 256 op, 3104.00 ns, 12.1250 ns/op
WorkloadPilot    6: 512 op, 5688.00 ns, 11.1094 ns/op
WorkloadPilot    7: 1024 op, 10776.00 ns, 10.5234 ns/op
WorkloadPilot    8: 2048 op, 20921.00 ns, 10.2153 ns/op
WorkloadPilot    9: 4096 op, 41222.00 ns, 10.0640 ns/op
WorkloadPilot   10: 8192 op, 82233.00 ns, 10.0382 ns/op
WorkloadPilot   11: 16384 op, 182081.00 ns, 11.1133 ns/op
WorkloadPilot   12: 32768 op, 327587.00 ns, 9.9972 ns/op
WorkloadPilot   13: 65536 op, 653411.00 ns, 9.9703 ns/op
WorkloadPilot   14: 131072 op, 1313442.00 ns, 10.0208 ns/op
WorkloadPilot   15: 262144 op, 2644128.00 ns, 10.0865 ns/op
WorkloadPilot   16: 524288 op, 5292764.00 ns, 10.0951 ns/op
WorkloadPilot   17: 1048576 op, 10564415.00 ns, 10.0750 ns/op
WorkloadPilot   18: 2097152 op, 21006318.00 ns, 10.0166 ns/op
WorkloadPilot   19: 4194304 op, 42131073.00 ns, 10.0448 ns/op
WorkloadPilot   20: 8388608 op, 84183648.00 ns, 10.0355 ns/op
WorkloadPilot   21: 16777216 op, 168681734.00 ns, 10.0542 ns/op
WorkloadPilot   22: 33554432 op, 336542037.00 ns, 10.0297 ns/op
WorkloadPilot   23: 67108864 op, 672374079.00 ns, 10.0192 ns/op

OverheadWarmup   1: 67108864 op, 94929482.00 ns, 1.4146 ns/op
OverheadWarmup   2: 67108864 op, 95025766.00 ns, 1.4160 ns/op
OverheadWarmup   3: 67108864 op, 94888742.00 ns, 1.4140 ns/op
OverheadWarmup   4: 67108864 op, 94984135.00 ns, 1.4154 ns/op
OverheadWarmup   5: 67108864 op, 94881282.00 ns, 1.4138 ns/op

OverheadActual   1: 67108864 op, 94920710.00 ns, 1.4144 ns/op
OverheadActual   2: 67108864 op, 94973498.00 ns, 1.4152 ns/op
OverheadActual   3: 67108864 op, 94951205.00 ns, 1.4149 ns/op
OverheadActual   4: 67108864 op, 94946668.00 ns, 1.4148 ns/op
OverheadActual   5: 67108864 op, 95009852.00 ns, 1.4158 ns/op
OverheadActual   6: 67108864 op, 95041759.00 ns, 1.4162 ns/op
OverheadActual   7: 67108864 op, 94965114.00 ns, 1.4151 ns/op
OverheadActual   8: 67108864 op, 94967020.00 ns, 1.4151 ns/op
OverheadActual   9: 67108864 op, 95396358.00 ns, 1.4215 ns/op
OverheadActual  10: 67108864 op, 94944947.00 ns, 1.4148 ns/op
OverheadActual  11: 67108864 op, 94922564.00 ns, 1.4145 ns/op
OverheadActual  12: 67108864 op, 94969223.00 ns, 1.4152 ns/op
OverheadActual  13: 67108864 op, 94951507.00 ns, 1.4149 ns/op
OverheadActual  14: 67108864 op, 94999789.00 ns, 1.4156 ns/op
OverheadActual  15: 67108864 op, 95034190.00 ns, 1.4161 ns/op

WorkloadWarmup   1: 67108864 op, 672282988.00 ns, 10.0178 ns/op
WorkloadWarmup   2: 67108864 op, 672839154.00 ns, 10.0261 ns/op
WorkloadWarmup   3: 67108864 op, 673009257.00 ns, 10.0286 ns/op
WorkloadWarmup   4: 67108864 op, 672682451.00 ns, 10.0237 ns/op
WorkloadWarmup   5: 67108864 op, 672746717.00 ns, 10.0247 ns/op
WorkloadWarmup   6: 67108864 op, 672995706.00 ns, 10.0284 ns/op
WorkloadWarmup   7: 67108864 op, 672616042.00 ns, 10.0228 ns/op

// BeforeActualRun
WorkloadActual   1: 67108864 op, 672843801.00 ns, 10.0262 ns/op
WorkloadActual   2: 67108864 op, 673061274.00 ns, 10.0294 ns/op
WorkloadActual   3: 67108864 op, 672496124.00 ns, 10.0210 ns/op
WorkloadActual   4: 67108864 op, 673053632.00 ns, 10.0293 ns/op
WorkloadActual   5: 67108864 op, 672541559.00 ns, 10.0217 ns/op
WorkloadActual   6: 67108864 op, 672299149.00 ns, 10.0180 ns/op
WorkloadActual   7: 67108864 op, 673906126.00 ns, 10.0420 ns/op
WorkloadActual   8: 67108864 op, 672902315.00 ns, 10.0270 ns/op
WorkloadActual   9: 67108864 op, 675426005.00 ns, 10.0646 ns/op
WorkloadActual  10: 67108864 op, 674049869.00 ns, 10.0441 ns/op
WorkloadActual  11: 67108864 op, 672690941.00 ns, 10.0239 ns/op
WorkloadActual  12: 67108864 op, 672339939.00 ns, 10.0186 ns/op
WorkloadActual  13: 67108864 op, 673671217.00 ns, 10.0385 ns/op
WorkloadActual  14: 67108864 op, 672088326.00 ns, 10.0149 ns/op
WorkloadActual  15: 67108864 op, 672558123.00 ns, 10.0219 ns/op

// AfterActualRun
WorkloadResult   1: 67108864 op, 577876781.00 ns, 8.6110 ns/op
WorkloadResult   2: 67108864 op, 578094254.00 ns, 8.6143 ns/op
WorkloadResult   3: 67108864 op, 577529104.00 ns, 8.6059 ns/op
WorkloadResult   4: 67108864 op, 578086612.00 ns, 8.6142 ns/op
WorkloadResult   5: 67108864 op, 577574539.00 ns, 8.6065 ns/op
WorkloadResult   6: 67108864 op, 577332129.00 ns, 8.6029 ns/op
WorkloadResult   7: 67108864 op, 578939106.00 ns, 8.6269 ns/op
WorkloadResult   8: 67108864 op, 577935295.00 ns, 8.6119 ns/op
WorkloadResult   9: 67108864 op, 579082849.00 ns, 8.6290 ns/op
WorkloadResult  10: 67108864 op, 577723921.00 ns, 8.6088 ns/op
WorkloadResult  11: 67108864 op, 577372919.00 ns, 8.6035 ns/op
WorkloadResult  12: 67108864 op, 578704197.00 ns, 8.6234 ns/op
WorkloadResult  13: 67108864 op, 577121306.00 ns, 8.5998 ns/op
WorkloadResult  14: 67108864 op, 577591103.00 ns, 8.6068 ns/op
// GC:  0 0 0 0 67108864
// Threading:  0 0 67108864

// AfterAll
// Benchmark Process 2939 has exited with code 0.

Mean = 8.612 ns, StdErr = 0.002 ns (0.03%), N = 14, StdDev = 0.009 ns
Min = 8.600 ns, Q1 = 8.606 ns, Median = 8.610 ns, Q3 = 8.614 ns, Max = 8.629 ns
IQR = 0.008 ns, LowerFence = 8.594 ns, UpperFence = 8.627 ns
ConfidenceInterval = [8.602 ns; 8.622 ns] (CI 99.9%), Margin = 0.010 ns (0.12% of Mean)
Skewness = 0.65, Kurtosis = 2.07, MValue = 2

// ** Remained 3 (18.8 %) benchmark(s) to run. Estimated finish 2026-10-07 14:54 (0h 0m from now) **
// **************************
// Benchmark: ErrorCodeMappingBenchmarks.MapValidationError: ShortRun(IterationCount=3, LaunchCount=1, WarmupCount=3)
// *** Execute ***
// Launch: 1 / 1
// Execute: dotnet Encina.AzureFunctions.Benchmarks-DefaultJob-1.dll --anonymousPipes 136 137 --benchmarkName Encina.AzureFunctions.Benchmarks.ErrorCodeMappingBenchmarks.MapValidationError --job ShortRun --benchmarkId 13 in /home/runner/work/Encina/Encina/tests/Encina.BenchmarkTests/Encina.AzureFunctions.Benchmarks/bin/Release/net10.0/Encina.AzureFunctions.Benchmarks-DefaultJob-1/bin/Release/net10.0
// Failed to set up high priority (Permission denied). In order to run benchmarks with high priority, make sure you have the right permissions.
// BeforeAnythingElse

// Benchmark Process Environment Information:
// BenchmarkDotNet v0.15.8
// Runtime=.NET 10.0.12 (10.0.12, 10.0.1226.42308), X64 RyuJIT x86-64-v4
// GC=Concurrent Workstation
// HardwareIntrinsics=AVX512 BITALG+VBMI2+VNNI+VPOPCNTDQ,AVX512 IFMA+VBMI,AVX512 F+BW+CD+DQ+VL,AVX2+BMI1+BMI2+F16C+FMA+LZCNT+MOVBE,AVX,SSE3+SSSE3+SSE4.1+SSE4.2+POPCNT,X86Base+SSE+SSE2,AES+PCLMUL VectorSize=256
// Job: ShortRun(IterationCount=3, LaunchCount=1, WarmupCount=3)

OverheadJitting  1: 1 op, 170073.00 ns, 170.0730 us/op
WorkloadJitting  1: 1 op, 712729.00 ns, 712.7290 us/op

OverheadJitting  2: 16 op, 175611.00 ns, 10.9757 us/op
WorkloadJitting  2: 16 op, 173919.00 ns, 10.8699 us/op

WorkloadPilot    1: 16 op, 1012.00 ns, 63.2500 ns/op
WorkloadPilot    2: 32 op, 1012.00 ns, 31.6250 ns/op
WorkloadPilot    3: 64 op, 1292.00 ns, 20.1875 ns/op
WorkloadPilot    4: 128 op, 1923.00 ns, 15.0234 ns/op
WorkloadPilot    5: 256 op, 3185.00 ns, 12.4414 ns/op
WorkloadPilot    6: 512 op, 5709.00 ns, 11.1504 ns/op
WorkloadPilot    7: 1024 op, 10786.00 ns, 10.5332 ns/op
WorkloadPilot    8: 2048 op, 20941.00 ns, 10.2251 ns/op
WorkloadPilot    9: 4096 op, 41281.00 ns, 10.0784 ns/op
WorkloadPilot   10: 8192 op, 99588.00 ns, 12.1567 ns/op
WorkloadPilot   11: 16384 op, 163282.00 ns, 9.9659 ns/op
WorkloadPilot   12: 32768 op, 336890.00 ns, 10.2811 ns/op
WorkloadPilot   13: 65536 op, 665969.00 ns, 10.1619 ns/op
WorkloadPilot   14: 131072 op, 1328963.00 ns, 10.1392 ns/op
WorkloadPilot   15: 262144 op, 2631708.00 ns, 10.0392 ns/op
WorkloadPilot   16: 524288 op, 5254002.00 ns, 10.0212 ns/op
WorkloadPilot   17: 1048576 op, 10499612.00 ns, 10.0132 ns/op
WorkloadPilot   18: 2097152 op, 21129237.00 ns, 10.0752 ns/op
WorkloadPilot   19: 4194304 op, 42201969.00 ns, 10.0617 ns/op
WorkloadPilot   20: 8388608 op, 84038696.00 ns, 10.0182 ns/op
WorkloadPilot   21: 16777216 op, 168462244.00 ns, 10.0411 ns/op
WorkloadPilot   22: 33554432 op, 336303106.00 ns, 10.0226 ns/op
WorkloadPilot   23: 67108864 op, 672788562.00 ns, 10.0253 ns/op

OverheadWarmup   1: 67108864 op, 95085390.00 ns, 1.4169 ns/op
OverheadWarmup   2: 67108864 op, 94989078.00 ns, 1.4154 ns/op
OverheadWarmup   3: 67108864 op, 94906444.00 ns, 1.4142 ns/op
OverheadWarmup   4: 67108864 op, 95031741.00 ns, 1.4161 ns/op
OverheadWarmup   5: 67108864 op, 94889590.00 ns, 1.4140 ns/op
OverheadWarmup   6: 67108864 op, 94900406.00 ns, 1.4141 ns/op
OverheadWarmup   7: 67108864 op, 94953374.00 ns, 1.4149 ns/op
OverheadWarmup   8: 67108864 op, 94916610.00 ns, 1.4144 ns/op

OverheadActual   1: 67108864 op, 94891342.00 ns, 1.4140 ns/op
OverheadActual   2: 67108864 op, 94996598.00 ns, 1.4156 ns/op
OverheadActual   3: 67108864 op, 94839716.00 ns, 1.4132 ns/op
OverheadActual   4: 67108864 op, 95045051.00 ns, 1.4163 ns/op
OverheadActual   5: 67108864 op, 94924202.00 ns, 1.4145 ns/op
OverheadActual   6: 67108864 op, 94914116.00 ns, 1.4143 ns/op
OverheadActual   7: 67108864 op, 94883892.00 ns, 1.4139 ns/op
OverheadActual   8: 67108864 op, 94865233.00 ns, 1.4136 ns/op
OverheadActual   9: 67108864 op, 94934397.00 ns, 1.4146 ns/op
OverheadActual  10: 67108864 op, 94878874.00 ns, 1.4138 ns/op
OverheadActual  11: 67108864 op, 94899976.00 ns, 1.4141 ns/op
OverheadActual  12: 67108864 op, 94928768.00 ns, 1.4145 ns/op
OverheadActual  13: 67108864 op, 94992483.00 ns, 1.4155 ns/op
OverheadActual  14: 67108864 op, 94878013.00 ns, 1.4138 ns/op
OverheadActual  15: 67108864 op, 94938492.00 ns, 1.4147 ns/op

WorkloadWarmup   1: 67108864 op, 673260343.00 ns, 10.0324 ns/op
WorkloadWarmup   2: 67108864 op, 672567193.00 ns, 10.0220 ns/op
WorkloadWarmup   3: 67108864 op, 672328168.00 ns, 10.0185 ns/op

// BeforeActualRun
WorkloadActual   1: 67108864 op, 672479288.00 ns, 10.0207 ns/op
WorkloadActual   2: 67108864 op, 672394424.00 ns, 10.0195 ns/op
WorkloadActual   3: 67108864 op, 672561819.00 ns, 10.0220 ns/op

// AfterActualRun
WorkloadResult   1: 67108864 op, 577565172.00 ns, 8.6064 ns/op
WorkloadResult   2: 67108864 op, 577480308.00 ns, 8.6051 ns/op
WorkloadResult   3: 67108864 op, 577647703.00 ns, 8.6076 ns/op
// GC:  0 0 0 0 67108864
// Threading:  0 0 67108864

// AfterAll
// Benchmark Process 2952 has exited with code 0.

Mean = 8.606 ns, StdErr = 0.001 ns (0.01%), N = 3, StdDev = 0.001 ns
Min = 8.605 ns, Q1 = 8.606 ns, Median = 8.606 ns, Q3 = 8.607 ns, Max = 8.608 ns
IQR = 0.001 ns, LowerFence = 8.604 ns, UpperFence = 8.609 ns
ConfidenceInterval = [8.584 ns; 8.629 ns] (CI 99.9%), Margin = 0.023 ns (0.26% of Mean)
Skewness = -0.01, Kurtosis = 0.67, MValue = 2

// ** Remained 2 (12.5 %) benchmark(s) to run. Estimated finish 2026-10-07 14:54 (0h 0m from now) **
// **************************
// Benchmark: ErrorCodeMappingBenchmarks.MapNotFoundError: DefaultJob
// *** Execute ***
// Launch: 1 / 1
// Execute: dotnet Encina.AzureFunctions.Benchmarks-DefaultJob-1.dll --anonymousPipes 136 137 --benchmarkName Encina.AzureFunctions.Benchmarks.ErrorCodeMappingBenchmarks.MapNotFoundError --job Default --benchmarkId 14 in /home/runner/work/Encina/Encina/tests/Encina.BenchmarkTests/Encina.AzureFunctions.Benchmarks/bin/Release/net10.0/Encina.AzureFunctions.Benchmarks-DefaultJob-1/bin/Release/net10.0
// Failed to set up high priority (Permission denied). In order to run benchmarks with high priority, make sure you have the right permissions.
// BeforeAnythingElse

// Benchmark Process Environment Information:
// BenchmarkDotNet v0.15.8
// Runtime=.NET 10.0.12 (10.0.12, 10.0.1226.42308), X64 RyuJIT x86-64-v4
// GC=Concurrent Workstation
// HardwareIntrinsics=AVX512 BITALG+VBMI2+VNNI+VPOPCNTDQ,AVX512 IFMA+VBMI,AVX512 F+BW+CD+DQ+VL,AVX2+BMI1+BMI2+F16C+FMA+LZCNT+MOVBE,AVX,SSE3+SSSE3+SSE4.1+SSE4.2+POPCNT,X86Base+SSE+SSE2,AES+PCLMUL VectorSize=256
// Job: DefaultJob

OverheadJitting  1: 1 op, 173808.00 ns, 173.8080 us/op
WorkloadJitting  1: 1 op, 733350.00 ns, 733.3500 us/op

OverheadJitting  2: 16 op, 194178.00 ns, 12.1361 us/op
WorkloadJitting  2: 16 op, 174189.00 ns, 10.8868 us/op

WorkloadPilot    1: 16 op, 1002.00 ns, 62.6250 ns/op
WorkloadPilot    2: 32 op, 1062.00 ns, 33.1875 ns/op
WorkloadPilot    3: 64 op, 1312.00 ns, 20.5000 ns/op
WorkloadPilot    4: 128 op, 1963.00 ns, 15.3359 ns/op
WorkloadPilot    5: 256 op, 3395.00 ns, 13.2617 ns/op
WorkloadPilot    6: 512 op, 6269.00 ns, 12.2441 ns/op
WorkloadPilot    7: 1024 op, 11948.00 ns, 11.6680 ns/op
WorkloadPilot    8: 2048 op, 23425.00 ns, 11.4380 ns/op
WorkloadPilot    9: 4096 op, 46078.00 ns, 11.2495 ns/op
WorkloadPilot   10: 8192 op, 91696.00 ns, 11.1934 ns/op
WorkloadPilot   11: 16384 op, 183082.00 ns, 11.1744 ns/op
WorkloadPilot   12: 32768 op, 368397.00 ns, 11.2426 ns/op
WorkloadPilot   13: 65536 op, 742874.00 ns, 11.3354 ns/op
WorkloadPilot   14: 131072 op, 1476894.00 ns, 11.2678 ns/op
WorkloadPilot   15: 262144 op, 2968710.00 ns, 11.3247 ns/op
WorkloadPilot   16: 524288 op, 5886485.00 ns, 11.2276 ns/op
WorkloadPilot   17: 1048576 op, 11840210.00 ns, 11.2917 ns/op
WorkloadPilot   18: 2097152 op, 23573022.00 ns, 11.2405 ns/op
WorkloadPilot   19: 4194304 op, 47078043.00 ns, 11.2243 ns/op
WorkloadPilot   20: 8388608 op, 94055926.00 ns, 11.2123 ns/op
WorkloadPilot   21: 16777216 op, 188366641.00 ns, 11.2275 ns/op
WorkloadPilot   22: 33554432 op, 376745059.00 ns, 11.2279 ns/op
WorkloadPilot   23: 67108864 op, 753707660.00 ns, 11.2311 ns/op

OverheadWarmup   1: 67108864 op, 94975092.00 ns, 1.4152 ns/op
OverheadWarmup   2: 67108864 op, 94921512.00 ns, 1.4144 ns/op
OverheadWarmup   3: 67108864 op, 94938167.00 ns, 1.4147 ns/op
OverheadWarmup   4: 67108864 op, 95713339.00 ns, 1.4262 ns/op
OverheadWarmup   5: 67108864 op, 94863316.00 ns, 1.4136 ns/op
OverheadWarmup   6: 67108864 op, 94986328.00 ns, 1.4154 ns/op
OverheadWarmup   7: 67108864 op, 94926289.00 ns, 1.4145 ns/op

OverheadActual   1: 67108864 op, 94945538.00 ns, 1.4148 ns/op
OverheadActual   2: 67108864 op, 94934331.00 ns, 1.4146 ns/op
OverheadActual   3: 67108864 op, 96735997.00 ns, 1.4415 ns/op
OverheadActual   4: 67108864 op, 95020209.00 ns, 1.4159 ns/op
OverheadActual   5: 67108864 op, 94930095.00 ns, 1.4146 ns/op
OverheadActual   6: 67108864 op, 94913420.00 ns, 1.4143 ns/op
OverheadActual   7: 67108864 op, 95108560.00 ns, 1.4172 ns/op
OverheadActual   8: 67108864 op, 94895594.00 ns, 1.4141 ns/op
OverheadActual   9: 67108864 op, 95028115.00 ns, 1.4160 ns/op
OverheadActual  10: 67108864 op, 94925098.00 ns, 1.4145 ns/op
OverheadActual  11: 67108864 op, 95284702.00 ns, 1.4199 ns/op
OverheadActual  12: 67108864 op, 95281768.00 ns, 1.4198 ns/op
OverheadActual  13: 67108864 op, 94968892.00 ns, 1.4151 ns/op
OverheadActual  14: 67108864 op, 94918117.00 ns, 1.4144 ns/op
OverheadActual  15: 67108864 op, 94920030.00 ns, 1.4144 ns/op

WorkloadWarmup   1: 67108864 op, 756980643.00 ns, 11.2799 ns/op
WorkloadWarmup   2: 67108864 op, 754717842.00 ns, 11.2462 ns/op
WorkloadWarmup   3: 67108864 op, 754525436.00 ns, 11.2433 ns/op
WorkloadWarmup   4: 67108864 op, 754061196.00 ns, 11.2364 ns/op
WorkloadWarmup   5: 67108864 op, 753717119.00 ns, 11.2313 ns/op
WorkloadWarmup   6: 67108864 op, 753042262.00 ns, 11.2212 ns/op
WorkloadWarmup   7: 67108864 op, 753345763.00 ns, 11.2257 ns/op
WorkloadWarmup   8: 67108864 op, 753238423.00 ns, 11.2241 ns/op
WorkloadWarmup   9: 67108864 op, 753688612.00 ns, 11.2308 ns/op
WorkloadWarmup  10: 67108864 op, 756271208.00 ns, 11.2693 ns/op
WorkloadWarmup  11: 67108864 op, 753771565.00 ns, 11.2321 ns/op

// BeforeActualRun
WorkloadActual   1: 67108864 op, 753465410.00 ns, 11.2275 ns/op
WorkloadActual   2: 67108864 op, 754768776.00 ns, 11.2469 ns/op
WorkloadActual   3: 67108864 op, 753078366.00 ns, 11.2217 ns/op
WorkloadActual   4: 67108864 op, 753106978.00 ns, 11.2222 ns/op
WorkloadActual   5: 67108864 op, 754390468.00 ns, 11.2413 ns/op
WorkloadActual   6: 67108864 op, 753292674.00 ns, 11.2249 ns/op
WorkloadActual   7: 67108864 op, 753510877.00 ns, 11.2282 ns/op
WorkloadActual   8: 67108864 op, 753043834.00 ns, 11.2212 ns/op
WorkloadActual   9: 67108864 op, 754003550.00 ns, 11.2355 ns/op
WorkloadActual  10: 67108864 op, 753253165.00 ns, 11.2243 ns/op
WorkloadActual  11: 67108864 op, 753096212.00 ns, 11.2220 ns/op
WorkloadActual  12: 67108864 op, 754458576.00 ns, 11.2423 ns/op
WorkloadActual  13: 67108864 op, 752857828.00 ns, 11.2185 ns/op
WorkloadActual  14: 67108864 op, 754691872.00 ns, 11.2458 ns/op
WorkloadActual  15: 67108864 op, 753563572.00 ns, 11.2290 ns/op

// AfterActualRun
WorkloadResult   1: 67108864 op, 658519872.00 ns, 9.8127 ns/op
WorkloadResult   2: 67108864 op, 659823238.00 ns, 9.8321 ns/op
WorkloadResult   3: 67108864 op, 658132828.00 ns, 9.8069 ns/op
WorkloadResult   4: 67108864 op, 658161440.00 ns, 9.8074 ns/op
WorkloadResult   5: 67108864 op, 659444930.00 ns, 9.8265 ns/op
WorkloadResult   6: 67108864 op, 658347136.00 ns, 9.8101 ns/op
WorkloadResult   7: 67108864 op, 658565339.00 ns, 9.8134 ns/op
WorkloadResult   8: 67108864 op, 658098296.00 ns, 9.8064 ns/op
WorkloadResult   9: 67108864 op, 659058012.00 ns, 9.8207 ns/op
WorkloadResult  10: 67108864 op, 658307627.00 ns, 9.8095 ns/op
WorkloadResult  11: 67108864 op, 658150674.00 ns, 9.8072 ns/op
WorkloadResult  12: 67108864 op, 659513038.00 ns, 9.8275 ns/op
WorkloadResult  13: 67108864 op, 657912290.00 ns, 9.8037 ns/op
WorkloadResult  14: 67108864 op, 659746334.00 ns, 9.8310 ns/op
WorkloadResult  15: 67108864 op, 658618034.00 ns, 9.8142 ns/op
// GC:  0 0 0 0 67108864
// Threading:  0 0 67108864

// AfterAll
// Benchmark Process 2961 has exited with code 0.

Mean = 9.815 ns, StdErr = 0.003 ns (0.03%), N = 15, StdDev = 0.010 ns
Min = 9.804 ns, Q1 = 9.807 ns, Median = 9.813 ns, Q3 = 9.824 ns, Max = 9.832 ns
IQR = 0.016 ns, LowerFence = 9.783 ns, UpperFence = 9.848 ns
ConfidenceInterval = [9.805 ns; 9.826 ns] (CI 99.9%), Margin = 0.010 ns (0.11% of Mean)
Skewness = 0.57, Kurtosis = 1.65, MValue = 2

// ** Remained 1 (6.2 %) benchmark(s) to run. Estimated finish 2026-10-07 14:54 (0h 0m from now) **
// **************************
// Benchmark: ErrorCodeMappingBenchmarks.MapNotFoundError: ShortRun(IterationCount=3, LaunchCount=1, WarmupCount=3)
// *** Execute ***
// Launch: 1 / 1
// Execute: dotnet Encina.AzureFunctions.Benchmarks-DefaultJob-1.dll --anonymousPipes 136 137 --benchmarkName Encina.AzureFunctions.Benchmarks.ErrorCodeMappingBenchmarks.MapNotFoundError --job ShortRun --benchmarkId 15 in /home/runner/work/Encina/Encina/tests/Encina.BenchmarkTests/Encina.AzureFunctions.Benchmarks/bin/Release/net10.0/Encina.AzureFunctions.Benchmarks-DefaultJob-1/bin/Release/net10.0
// Failed to set up high priority (Permission denied). In order to run benchmarks with high priority, make sure you have the right permissions.
// BeforeAnythingElse

// Benchmark Process Environment Information:
// BenchmarkDotNet v0.15.8
// Runtime=.NET 10.0.12 (10.0.12, 10.0.1226.42308), X64 RyuJIT x86-64-v4
// GC=Concurrent Workstation
// HardwareIntrinsics=AVX512 BITALG+VBMI2+VNNI+VPOPCNTDQ,AVX512 IFMA+VBMI,AVX512 F+BW+CD+DQ+VL,AVX2+BMI1+BMI2+F16C+FMA+LZCNT+MOVBE,AVX,SSE3+SSSE3+SSE4.1+SSE4.2+POPCNT,X86Base+SSE+SSE2,AES+PCLMUL VectorSize=256
// Job: ShortRun(IterationCount=3, LaunchCount=1, WarmupCount=3)

OverheadJitting  1: 1 op, 196722.00 ns, 196.7220 us/op
WorkloadJitting  1: 1 op, 702403.00 ns, 702.4030 us/op

OverheadJitting  2: 16 op, 208359.00 ns, 13.0224 us/op
WorkloadJitting  2: 16 op, 172015.00 ns, 10.7509 us/op

WorkloadPilot    1: 16 op, 881.00 ns, 55.0625 ns/op
WorkloadPilot    2: 32 op, 1031.00 ns, 32.2188 ns/op
WorkloadPilot    3: 64 op, 1252.00 ns, 19.5625 ns/op
WorkloadPilot    4: 128 op, 1983.00 ns, 15.4922 ns/op
WorkloadPilot    5: 256 op, 3416.00 ns, 13.3438 ns/op
WorkloadPilot    6: 512 op, 6260.00 ns, 12.2266 ns/op
WorkloadPilot    7: 1024 op, 11967.00 ns, 11.6865 ns/op
WorkloadPilot    8: 2048 op, 26780.00 ns, 13.0762 ns/op
WorkloadPilot    9: 4096 op, 63975.00 ns, 15.6189 ns/op
WorkloadPilot   10: 8192 op, 94200.00 ns, 11.4990 ns/op
WorkloadPilot   11: 16384 op, 203623.00 ns, 12.4282 ns/op
WorkloadPilot   12: 32768 op, 364811.00 ns, 11.1331 ns/op
WorkloadPilot   13: 65536 op, 793207.00 ns, 12.1034 ns/op
WorkloadPilot   14: 131072 op, 1474139.00 ns, 11.2468 ns/op
WorkloadPilot   15: 262144 op, 2956731.00 ns, 11.2790 ns/op
WorkloadPilot   16: 524288 op, 5912320.00 ns, 11.2769 ns/op
WorkloadPilot   17: 1048576 op, 11851219.00 ns, 11.3022 ns/op
WorkloadPilot   18: 2097152 op, 23490875.00 ns, 11.2013 ns/op
WorkloadPilot   19: 4194304 op, 46997983.00 ns, 11.2052 ns/op
WorkloadPilot   20: 8388608 op, 93977559.00 ns, 11.2030 ns/op
WorkloadPilot   21: 16777216 op, 188189027.00 ns, 11.2169 ns/op
WorkloadPilot   22: 33554432 op, 376092099.00 ns, 11.2084 ns/op
WorkloadPilot   23: 67108864 op, 752506798.00 ns, 11.2132 ns/op

OverheadWarmup   1: 67108864 op, 94970744.00 ns, 1.4152 ns/op
OverheadWarmup   2: 67108864 op, 95126997.00 ns, 1.4175 ns/op
OverheadWarmup   3: 67108864 op, 94970454.00 ns, 1.4152 ns/op
OverheadWarmup   4: 67108864 op, 96235463.00 ns, 1.4340 ns/op
OverheadWarmup   5: 67108864 op, 94899769.00 ns, 1.4141 ns/op

OverheadActual   1: 67108864 op, 95470407.00 ns, 1.4226 ns/op
OverheadActual   2: 67108864 op, 94885448.00 ns, 1.4139 ns/op
OverheadActual   3: 67108864 op, 95345261.00 ns, 1.4208 ns/op
OverheadActual   4: 67108864 op, 95663704.00 ns, 1.4255 ns/op
OverheadActual   5: 67108864 op, 107803111.00 ns, 1.6064 ns/op
OverheadActual   6: 67108864 op, 94986478.00 ns, 1.4154 ns/op
OverheadActual   7: 67108864 op, 96158508.00 ns, 1.4329 ns/op
OverheadActual   8: 67108864 op, 96053522.00 ns, 1.4313 ns/op
OverheadActual   9: 67108864 op, 96110908.00 ns, 1.4322 ns/op
OverheadActual  10: 67108864 op, 94990564.00 ns, 1.4155 ns/op
OverheadActual  11: 67108864 op, 94935132.00 ns, 1.4146 ns/op
OverheadActual  12: 67108864 op, 96072981.00 ns, 1.4316 ns/op
OverheadActual  13: 67108864 op, 96066803.00 ns, 1.4315 ns/op
OverheadActual  14: 67108864 op, 96112690.00 ns, 1.4322 ns/op
OverheadActual  15: 67108864 op, 94889053.00 ns, 1.4140 ns/op

WorkloadWarmup   1: 67108864 op, 751948007.00 ns, 11.2049 ns/op
WorkloadWarmup   2: 67108864 op, 752366679.00 ns, 11.2111 ns/op
WorkloadWarmup   3: 67108864 op, 752070540.00 ns, 11.2067 ns/op

// BeforeActualRun
WorkloadActual   1: 67108864 op, 758150679.00 ns, 11.2973 ns/op
WorkloadActual   2: 67108864 op, 752906704.00 ns, 11.2192 ns/op
WorkloadActual   3: 67108864 op, 752989858.00 ns, 11.2204 ns/op

// AfterActualRun
WorkloadResult   1: 67108864 op, 662486975.00 ns, 9.8718 ns/op
WorkloadResult   2: 67108864 op, 657243000.00 ns, 9.7937 ns/op
WorkloadResult   3: 67108864 op, 657326154.00 ns, 9.7949 ns/op
// GC:  0 0 0 0 67108864
// Threading:  0 0 67108864

// AfterAll
// Benchmark Process 3004 has exited with code 0.

Mean = 9.820 ns, StdErr = 0.026 ns (0.26%), N = 3, StdDev = 0.045 ns
Min = 9.794 ns, Q1 = 9.794 ns, Median = 9.795 ns, Q3 = 9.833 ns, Max = 9.872 ns
IQR = 0.039 ns, LowerFence = 9.736 ns, UpperFence = 9.892 ns
ConfidenceInterval = [9.004 ns; 10.637 ns] (CI 99.9%), Margin = 0.817 ns (8.32% of Mean)
Skewness = 0.38, Kurtosis = 0.67, MValue = 2

// ** Remained 0 (0.0 %) benchmark(s) to run. Estimated finish 2026-10-07 14:54 (0h 0m from now) **
// ***** BenchmarkRunner: Finish  *****

// * Export *
  artifacts/performance/AzureFunctions/results/Encina.AzureFunctions.Benchmarks.ErrorCodeMappingBenchmarks-report.csv
  artifacts/performance/AzureFunctions/results/Encina.AzureFunctions.Benchmarks.ErrorCodeMappingBenchmarks-report-github.md
  artifacts/performance/AzureFunctions/results/Encina.AzureFunctions.Benchmarks.ErrorCodeMappingBenchmarks-report.html
  artifacts/performance/AzureFunctions/results/Encina.AzureFunctions.Benchmarks.ErrorCodeMappingBenchmarks-report-full-compressed.json

// * Detailed results *
ErrorCodeMappingBenchmarks.MapAuthorizationUnauthenticated: DefaultJob
Runtime = .NET 10.0.12 (10.0.12, 10.0.1226.42308), X64 RyuJIT x86-64-v4; GC = Concurrent Workstation
Mean = 12.444 ns, StdErr = 0.004 ns (0.03%), N = 13, StdDev = 0.015 ns
Min = 12.429 ns, Q1 = 12.433 ns, Median = 12.440 ns, Q3 = 12.446 ns, Max = 12.481 ns
IQR = 0.013 ns, LowerFence = 12.413 ns, UpperFence = 12.466 ns
ConfidenceInterval = [12.426 ns; 12.462 ns] (CI 99.9%), Margin = 0.018 ns (0.15% of Mean)
Skewness = 1.16, Kurtosis = 3.28, MValue = 2
-------------------- Histogram --------------------
[12.421 ns ; 12.490 ns) | @@@@@@@@@@@@@
---------------------------------------------------

ErrorCodeMappingBenchmarks.MapAuthorizationForbidden: DefaultJob
Runtime = .NET 10.0.12 (10.0.12, 10.0.1226.42308), X64 RyuJIT x86-64-v4; GC = Concurrent Workstation
Mean = 13.791 ns, StdErr = 0.006 ns (0.05%), N = 12, StdDev = 0.022 ns
Min = 13.757 ns, Q1 = 13.779 ns, Median = 13.782 ns, Q3 = 13.807 ns, Max = 13.836 ns
IQR = 0.028 ns, LowerFence = 13.738 ns, UpperFence = 13.848 ns
ConfidenceInterval = [13.762 ns; 13.819 ns] (CI 99.9%), Margin = 0.029 ns (0.21% of Mean)
Skewness = 0.58, Kurtosis = 2.12, MValue = 2
-------------------- Histogram --------------------
[13.745 ns ; 13.849 ns) | @@@@@@@@@@@@
---------------------------------------------------

ErrorCodeMappingBenchmarks.MapConflictError: DefaultJob
Runtime = .NET 10.0.12 (10.0.12, 10.0.1226.42308), X64 RyuJIT x86-64-v4; GC = Concurrent Workstation
Mean = 10.348 ns, StdErr = 0.003 ns (0.03%), N = 13, StdDev = 0.010 ns
Min = 10.337 ns, Q1 = 10.341 ns, Median = 10.345 ns, Q3 = 10.352 ns, Max = 10.373 ns
IQR = 0.011 ns, LowerFence = 10.325 ns, UpperFence = 10.368 ns
ConfidenceInterval = [10.336 ns; 10.361 ns] (CI 99.9%), Margin = 0.012 ns (0.12% of Mean)
Skewness = 1.11, Kurtosis = 3.06, MValue = 2
-------------------- Histogram --------------------
[10.331 ns ; 10.378 ns) | @@@@@@@@@@@@@
---------------------------------------------------

ErrorCodeMappingBenchmarks.MapUnknownError: DefaultJob
Runtime = .NET 10.0.12 (10.0.12, 10.0.1226.42308), X64 RyuJIT x86-64-v4; GC = Concurrent Workstation
Mean = 11.718 ns, StdErr = 0.002 ns (0.01%), N = 14, StdDev = 0.006 ns
Min = 11.706 ns, Q1 = 11.714 ns, Median = 11.719 ns, Q3 = 11.722 ns, Max = 11.727 ns
IQR = 0.007 ns, LowerFence = 11.703 ns, UpperFence = 11.733 ns
ConfidenceInterval = [11.711 ns; 11.725 ns] (CI 99.9%), Margin = 0.007 ns (0.06% of Mean)
Skewness = -0.32, Kurtosis = 2.03, MValue = 2
-------------------- Histogram --------------------
[11.703 ns ; 11.731 ns) | @@@@@@@@@@@@@@
---------------------------------------------------

ErrorCodeMappingBenchmarks.MapMultipleValidationErrors: DefaultJob
Runtime = .NET 10.0.12 (10.0.12, 10.0.1226.42308), X64 RyuJIT x86-64-v4; GC = Concurrent Workstation
Mean = 46.772 ns, StdErr = 0.011 ns (0.02%), N = 13, StdDev = 0.040 ns
Min = 46.737 ns, Q1 = 46.747 ns, Median = 46.749 ns, Q3 = 46.796 ns, Max = 46.875 ns
IQR = 0.049 ns, LowerFence = 46.674 ns, UpperFence = 46.869 ns
ConfidenceInterval = [46.724 ns; 46.820 ns] (CI 99.9%), Margin = 0.048 ns (0.10% of Mean)
Skewness = 1.23, Kurtosis = 3.54, MValue = 2
-------------------- Histogram --------------------
[46.715 ns ; 46.898 ns) | @@@@@@@@@@@@@
---------------------------------------------------

ErrorCodeMappingBenchmarks.MapMixedErrors: DefaultJob
Runtime = .NET 10.0.12 (10.0.12, 10.0.1226.42308), X64 RyuJIT x86-64-v4; GC = Concurrent Workstation
Mean = 56.996 ns, StdErr = 0.015 ns (0.03%), N = 14, StdDev = 0.056 ns
Min = 56.900 ns, Q1 = 56.963 ns, Median = 56.986 ns, Q3 = 57.034 ns, Max = 57.120 ns
IQR = 0.071 ns, LowerFence = 56.856 ns, UpperFence = 57.141 ns
ConfidenceInterval = [56.932 ns; 57.059 ns] (CI 99.9%), Margin = 0.063 ns (0.11% of Mean)
Skewness = 0.42, Kurtosis = 2.64, MValue = 2
-------------------- Histogram --------------------
[56.870 ns ; 57.151 ns) | @@@@@@@@@@@@@@
---------------------------------------------------

ErrorCodeMappingBenchmarks.MapValidationError: DefaultJob
Runtime = .NET 10.0.12 (10.0.12, 10.0.1226.42308), X64 RyuJIT x86-64-v4; GC = Concurrent Workstation
Mean = 8.612 ns, StdErr = 0.002 ns (0.03%), N = 14, StdDev = 0.009 ns
Min = 8.600 ns, Q1 = 8.606 ns, Median = 8.610 ns, Q3 = 8.614 ns, Max = 8.629 ns
IQR = 0.008 ns, LowerFence = 8.594 ns, UpperFence = 8.627 ns
ConfidenceInterval = [8.602 ns; 8.622 ns] (CI 99.9%), Margin = 0.010 ns (0.12% of Mean)
Skewness = 0.65, Kurtosis = 2.07, MValue = 2
-------------------- Histogram --------------------
[8.595 ns ; 8.634 ns) | @@@@@@@@@@@@@@
---------------------------------------------------

ErrorCodeMappingBenchmarks.MapNotFoundError: DefaultJob
Runtime = .NET 10.0.12 (10.0.12, 10.0.1226.42308), X64 RyuJIT x86-64-v4; GC = Concurrent Workstation
Mean = 9.815 ns, StdErr = 0.003 ns (0.03%), N = 15, StdDev = 0.010 ns
Min = 9.804 ns, Q1 = 9.807 ns, Median = 9.813 ns, Q3 = 9.824 ns, Max = 9.832 ns
IQR = 0.016 ns, LowerFence = 9.783 ns, UpperFence = 9.848 ns
ConfidenceInterval = [9.805 ns; 9.826 ns] (CI 99.9%), Margin = 0.010 ns (0.11% of Mean)
Skewness = 0.57, Kurtosis = 1.65, MValue = 2
-------------------- Histogram --------------------
[9.798 ns ; 9.837 ns) | @@@@@@@@@@@@@@@
---------------------------------------------------

ErrorCodeMappingBenchmarks.MapAuthorizationUnauthenticated: ShortRun(IterationCount=3, LaunchCount=1, WarmupCount=3)
Runtime = .NET 10.0.12 (10.0.12, 10.0.1226.42308), X64 RyuJIT x86-64-v4; GC = Concurrent Workstation
Mean = 12.438 ns, StdErr = 0.007 ns (0.06%), N = 3, StdDev = 0.012 ns
Min = 12.429 ns, Q1 = 12.431 ns, Median = 12.433 ns, Q3 = 12.443 ns, Max = 12.452 ns
IQR = 0.011 ns, LowerFence = 12.414 ns, UpperFence = 12.460 ns
ConfidenceInterval = [12.215 ns; 12.662 ns] (CI 99.9%), Margin = 0.223 ns (1.80% of Mean)
Skewness = 0.34, Kurtosis = 0.67, MValue = 2
-------------------- Histogram --------------------
[12.418 ns ; 12.463 ns) | @@@
---------------------------------------------------

ErrorCodeMappingBenchmarks.MapAuthorizationForbidden: ShortRun(IterationCount=3, LaunchCount=1, WarmupCount=3)
Runtime = .NET 10.0.12 (10.0.12, 10.0.1226.42308), X64 RyuJIT x86-64-v4; GC = Concurrent Workstation
Mean = 14.730 ns, StdErr = 0.002 ns (0.01%), N = 3, StdDev = 0.004 ns
Min = 14.726 ns, Q1 = 14.728 ns, Median = 14.731 ns, Q3 = 14.732 ns, Max = 14.733 ns
IQR = 0.003 ns, LowerFence = 14.723 ns, UpperFence = 14.737 ns
ConfidenceInterval = [14.664 ns; 14.795 ns] (CI 99.9%), Margin = 0.065 ns (0.44% of Mean)
Skewness = -0.3, Kurtosis = 0.67, MValue = 2
-------------------- Histogram --------------------
[14.723 ns ; 14.736 ns) | @@@
---------------------------------------------------

ErrorCodeMappingBenchmarks.MapConflictError: ShortRun(IterationCount=3, LaunchCount=1, WarmupCount=3)
Runtime = .NET 10.0.12 (10.0.12, 10.0.1226.42308), X64 RyuJIT x86-64-v4; GC = Concurrent Workstation
Mean = 10.372 ns, StdErr = 0.027 ns (0.26%), N = 3, StdDev = 0.047 ns
Min = 10.342 ns, Q1 = 10.345 ns, Median = 10.347 ns, Q3 = 10.387 ns, Max = 10.427 ns
IQR = 0.042 ns, LowerFence = 10.282 ns, UpperFence = 10.450 ns
ConfidenceInterval = [9.510 ns; 11.234 ns] (CI 99.9%), Margin = 0.862 ns (8.31% of Mean)
Skewness = 0.38, Kurtosis = 0.67, MValue = 2
-------------------- Histogram --------------------
[10.342 ns ; 10.428 ns) | @@@
---------------------------------------------------

ErrorCodeMappingBenchmarks.MapUnknownError: ShortRun(IterationCount=3, LaunchCount=1, WarmupCount=3)
Runtime = .NET 10.0.12 (10.0.12, 10.0.1226.42308), X64 RyuJIT x86-64-v4; GC = Concurrent Workstation
Mean = 11.851 ns, StdErr = 0.005 ns (0.05%), N = 3, StdDev = 0.009 ns
Min = 11.841 ns, Q1 = 11.847 ns, Median = 11.853 ns, Q3 = 11.856 ns, Max = 11.859 ns
IQR = 0.009 ns, LowerFence = 11.833 ns, UpperFence = 11.870 ns
ConfidenceInterval = [11.681 ns; 12.021 ns] (CI 99.9%), Margin = 0.170 ns (1.43% of Mean)
Skewness = -0.26, Kurtosis = 0.67, MValue = 2
-------------------- Histogram --------------------
[11.832 ns ; 11.867 ns) | @@@
---------------------------------------------------

ErrorCodeMappingBenchmarks.MapMultipleValidationErrors: ShortRun(IterationCount=3, LaunchCount=1, WarmupCount=3)
Runtime = .NET 10.0.12 (10.0.12, 10.0.1226.42308), X64 RyuJIT x86-64-v4; GC = Concurrent Workstation
Mean = 46.736 ns, StdErr = 0.010 ns (0.02%), N = 3, StdDev = 0.017 ns
Min = 46.716 ns, Q1 = 46.730 ns, Median = 46.744 ns, Q3 = 46.746 ns, Max = 46.748 ns
IQR = 0.016 ns, LowerFence = 46.706 ns, UpperFence = 46.770 ns
ConfidenceInterval = [46.416 ns; 47.055 ns] (CI 99.9%), Margin = 0.319 ns (0.68% of Mean)
Skewness = -0.36, Kurtosis = 0.67, MValue = 2
-------------------- Histogram --------------------
[46.700 ns ; 46.764 ns) | @@@
---------------------------------------------------

ErrorCodeMappingBenchmarks.MapMixedErrors: ShortRun(IterationCount=3, LaunchCount=1, WarmupCount=3)
Runtime = .NET 10.0.12 (10.0.12, 10.0.1226.42308), X64 RyuJIT x86-64-v4; GC = Concurrent Workstation
Mean = 57.284 ns, StdErr = 0.030 ns (0.05%), N = 3, StdDev = 0.052 ns
Min = 57.235 ns, Q1 = 57.256 ns, Median = 57.277 ns, Q3 = 57.308 ns, Max = 57.339 ns
IQR = 0.052 ns, LowerFence = 57.178 ns, UpperFence = 57.386 ns
ConfidenceInterval = [56.328 ns; 58.239 ns] (CI 99.9%), Margin = 0.955 ns (1.67% of Mean)
Skewness = 0.13, Kurtosis = 0.67, MValue = 2
-------------------- Histogram --------------------
[57.187 ns ; 57.387 ns) | @@@
---------------------------------------------------

ErrorCodeMappingBenchmarks.MapValidationError: ShortRun(IterationCount=3, LaunchCount=1, WarmupCount=3)
Runtime = .NET 10.0.12 (10.0.12, 10.0.1226.42308), X64 RyuJIT x86-64-v4; GC = Concurrent Workstation
Mean = 8.606 ns, StdErr = 0.001 ns (0.01%), N = 3, StdDev = 0.001 ns
Min = 8.605 ns, Q1 = 8.606 ns, Median = 8.606 ns, Q3 = 8.607 ns, Max = 8.608 ns
IQR = 0.001 ns, LowerFence = 8.604 ns, UpperFence = 8.609 ns
ConfidenceInterval = [8.584 ns; 8.629 ns] (CI 99.9%), Margin = 0.023 ns (0.26% of Mean)
Skewness = -0.01, Kurtosis = 0.67, MValue = 2
-------------------- Histogram --------------------
[8.604 ns ; 8.609 ns) | @@@
---------------------------------------------------

ErrorCodeMappingBenchmarks.MapNotFoundError: ShortRun(IterationCount=3, LaunchCount=1, WarmupCount=3)
Runtime = .NET 10.0.12 (10.0.12, 10.0.1226.42308), X64 RyuJIT x86-64-v4; GC = Concurrent Workstation
Mean = 9.820 ns, StdErr = 0.026 ns (0.26%), N = 3, StdDev = 0.045 ns
Min = 9.794 ns, Q1 = 9.794 ns, Median = 9.795 ns, Q3 = 9.833 ns, Max = 9.872 ns
IQR = 0.039 ns, LowerFence = 9.736 ns, UpperFence = 9.892 ns
ConfidenceInterval = [9.004 ns; 10.637 ns] (CI 99.9%), Margin = 0.817 ns (8.32% of Mean)
Skewness = 0.38, Kurtosis = 0.67, MValue = 2
-------------------- Histogram --------------------
[9.792 ns ; 9.874 ns) | @@@
---------------------------------------------------

// * Summary *

BenchmarkDotNet v0.15.8, Linux Ubuntu 24.04.5 LTS (Noble Numbat)
AMD EPYC 9V74 2.60GHz, 1 CPU, 4 logical and 2 physical cores
.NET SDK 10.0.401
  [Host]     : .NET 10.0.12 (10.0.12, 10.0.1226.42308), X64 RyuJIT x86-64-v4
  DefaultJob : .NET 10.0.12 (10.0.12, 10.0.1226.42308), X64 RyuJIT x86-64-v4
  ShortRun   : .NET 10.0.12 (10.0.12, 10.0.1226.42308), X64 RyuJIT x86-64-v4


| Method                          | Job        | IterationCount | LaunchCount | WarmupCount | Mean      | Error     | StdDev    | Ratio | Allocated | Alloc Ratio |
|-------------------------------- |----------- |--------------- |------------ |------------ |----------:|----------:|----------:|------:|----------:|------------:|
| MapAuthorizationUnauthenticated | DefaultJob | Default        | Default     | Default     | 12.444 ns | 0.0182 ns | 0.0152 ns |  1.45 |         - |          NA |
| MapAuthorizationForbidden       | DefaultJob | Default        | Default     | Default     | 13.791 ns | 0.0288 ns | 0.0225 ns |  1.60 |         - |          NA |
| MapConflictError                | DefaultJob | Default        | Default     | Default     | 10.348 ns | 0.0124 ns | 0.0104 ns |  1.20 |         - |          NA |
| MapUnknownError                 | DefaultJob | Default        | Default     | Default     | 11.718 ns | 0.0070 ns | 0.0062 ns |  1.36 |         - |          NA |
| MapMultipleValidationErrors     | DefaultJob | Default        | Default     | Default     | 46.772 ns | 0.0484 ns | 0.0404 ns |  5.43 |         - |          NA |
| MapMixedErrors                  | DefaultJob | Default        | Default     | Default     | 56.996 ns | 0.0632 ns | 0.0561 ns |  6.62 |         - |          NA |
| MapValidationError              | DefaultJob | Default        | Default     | Default     |  8.612 ns | 0.0102 ns | 0.0090 ns |  1.00 |         - |          NA |
| MapNotFoundError                | DefaultJob | Default        | Default     | Default     |  9.815 ns | 0.0104 ns | 0.0097 ns |  1.14 |         - |          NA |
|                                 |            |                |             |             |           |           |           |       |           |             |
| MapAuthorizationUnauthenticated | ShortRun   | 3              | 1           | 3           | 12.438 ns | 0.2235 ns | 0.0122 ns |  1.45 |         - |          NA |
| MapAuthorizationForbidden       | ShortRun   | 3              | 1           | 3           | 14.730 ns | 0.0655 ns | 0.0036 ns |  1.71 |         - |          NA |
| MapConflictError                | ShortRun   | 3              | 1           | 3           | 10.372 ns | 0.8618 ns | 0.0472 ns |  1.21 |         - |          NA |
| MapUnknownError                 | ShortRun   | 3              | 1           | 3           | 11.851 ns | 0.1699 ns | 0.0093 ns |  1.38 |         - |          NA |
| MapMultipleValidationErrors     | ShortRun   | 3              | 1           | 3           | 46.736 ns | 0.3192 ns | 0.0175 ns |  5.43 |         - |          NA |
| MapMixedErrors                  | ShortRun   | 3              | 1           | 3           | 57.284 ns | 0.9554 ns | 0.0524 ns |  6.66 |         - |          NA |
| MapValidationError              | ShortRun   | 3              | 1           | 3           |  8.606 ns | 0.0228 ns | 0.0012 ns |  1.00 |         - |          NA |
| MapNotFoundError                | ShortRun   | 3              | 1           | 3           |  9.820 ns | 0.8166 ns | 0.0448 ns |  1.14 |         - |          NA |

// * Hints *
Outliers
  ErrorCodeMappingBenchmarks.MapAuthorizationUnauthenticated: Default -> 2 outliers were removed (13.92 ns, 14.28 ns)
  ErrorCodeMappingBenchmarks.MapAuthorizationForbidden: Default       -> 3 outliers were removed (15.34 ns..16.05 ns)
  ErrorCodeMappingBenchmarks.MapConflictError: Default                -> 2 outliers were removed (11.81 ns, 11.85 ns)
  ErrorCodeMappingBenchmarks.MapUnknownError: Default                 -> 1 outlier  was  removed (13.20 ns)
  ErrorCodeMappingBenchmarks.MapMultipleValidationErrors: Default     -> 2 outliers were removed (48.39 ns, 49.92 ns)
  ErrorCodeMappingBenchmarks.MapMixedErrors: Default                  -> 1 outlier  was  removed (59.00 ns)
  ErrorCodeMappingBenchmarks.MapValidationError: Default              -> 1 outlier  was  removed (10.06 ns)
// * Config Issues *

// * Warnings *
Configuration
  Summary -> The exporter CsvExporter is already present in configuration. There may be unexpected results.
  Summary -> The exporter HtmlExporter is already present in configuration. There may be unexpected results.
  Summary -> The exporter MarkdownExporter-github is already present in configuration. There may be unexpected results.

// * Legends *
  Mean        : Arithmetic mean of all measurements
  Error       : Half of 99.9% confidence interval
  StdDev      : Standard deviation of all measurements
  Ratio       : Mean of the ratio distribution ([Current]/[Baseline])
  Allocated   : Allocated memory per single operation (managed only, inclusive, 1KB = 1024B)
  Alloc Ratio : Allocated memory ratio distribution ([Current]/[Baseline])
  1 ns        : 1 Nanosecond (0.000000001 sec)

// * Diagnostic Output - MemoryDiagnoser *


// ***** BenchmarkRunner: End *****
Run time: 00:03:54 (234.32 sec), executed benchmarks: 16

Global total time: 00:04:29 (269.99 sec), executed benchmarks: 16
// * Artifacts cleanup *
Artifacts cleanup is finished
