// Validating benchmarks:
// ***** BenchmarkRunner: Start   *****
// ***** Found 20 benchmark(s) in total *****
// ***** Building 1 exe(s) in Parallel: Start   *****
// start dotnet  restore --nodeReuse:false /p:UseSharedCompilation=false /p:Deterministic=true /p:Optimize=true /p:ArtifactsPath="/home/runner/work/Encina/Encina/tests/Encina.BenchmarkTests/Encina.Benchmarks/bin/Release/net10.0/Encina.Benchmarks-ShortRun-1/" /p:OutDir="/home/runner/work/Encina/Encina/tests/Encina.BenchmarkTests/Encina.Benchmarks/bin/Release/net10.0/Encina.Benchmarks-ShortRun-1/bin/Release/net10.0/" /p:OutputPath="/home/runner/work/Encina/Encina/tests/Encina.BenchmarkTests/Encina.Benchmarks/bin/Release/net10.0/Encina.Benchmarks-ShortRun-1/bin/Release/net10.0/" /p:PublishDir="/home/runner/work/Encina/Encina/tests/Encina.BenchmarkTests/Encina.Benchmarks/bin/Release/net10.0/Encina.Benchmarks-ShortRun-1/publish/" in /home/runner/work/Encina/Encina/tests/Encina.BenchmarkTests/Encina.Benchmarks/bin/Release/net10.0/Encina.Benchmarks-ShortRun-1
// command took 2.09 sec and exited with 0
// start dotnet  build -c Release --no-restore --nodeReuse:false /p:UseSharedCompilation=false /p:Deterministic=true /p:Optimize=true /p:ArtifactsPath="/home/runner/work/Encina/Encina/tests/Encina.BenchmarkTests/Encina.Benchmarks/bin/Release/net10.0/Encina.Benchmarks-ShortRun-1/" /p:OutDir="/home/runner/work/Encina/Encina/tests/Encina.BenchmarkTests/Encina.Benchmarks/bin/Release/net10.0/Encina.Benchmarks-ShortRun-1/bin/Release/net10.0/" /p:OutputPath="/home/runner/work/Encina/Encina/tests/Encina.BenchmarkTests/Encina.Benchmarks/bin/Release/net10.0/Encina.Benchmarks-ShortRun-1/bin/Release/net10.0/" /p:PublishDir="/home/runner/work/Encina/Encina/tests/Encina.BenchmarkTests/Encina.Benchmarks/bin/Release/net10.0/Encina.Benchmarks-ShortRun-1/publish/" --output "/home/runner/work/Encina/Encina/tests/Encina.BenchmarkTests/Encina.Benchmarks/bin/Release/net10.0/Encina.Benchmarks-ShortRun-1/bin/Release/net10.0/" in /home/runner/work/Encina/Encina/tests/Encina.BenchmarkTests/Encina.Benchmarks/bin/Release/net10.0/Encina.Benchmarks-ShortRun-1
// command took 116.52 sec and exited with 0
// ***** Done, took 00:01:58 (118.7 sec)   *****
// Found 20 benchmarks:
//   SpecificationScatterGatherBenchmarks.'MergeAndOrder with ascending ordering': ShortRun(IterationCount=3, LaunchCount=1, WarmupCount=3) [ShardCount=3, ItemsPerShard=10]
//   SpecificationScatterGatherBenchmarks.'MergeAndOrder without ordering': ShortRun(IterationCount=3, LaunchCount=1, WarmupCount=3) [ShardCount=3, ItemsPerShard=10]
//   SpecificationScatterGatherBenchmarks.'MergeOrderAndPaginate overfetch (page 1, size 20)': ShortRun(IterationCount=3, LaunchCount=1, WarmupCount=3) [ShardCount=3, ItemsPerShard=10]
//   SpecificationScatterGatherBenchmarks.'MergeOrderAndPaginate large page (page 2, size 100)': ShortRun(IterationCount=3, LaunchCount=1, WarmupCount=3) [ShardCount=3, ItemsPerShard=10]
//   SpecificationScatterGatherBenchmarks.'MergeAndOrder with descending ordering': ShortRun(IterationCount=3, LaunchCount=1, WarmupCount=3) [ShardCount=3, ItemsPerShard=10]
//   SpecificationScatterGatherBenchmarks.'MergeAndOrder with ascending ordering': ShortRun(IterationCount=3, LaunchCount=1, WarmupCount=3) [ShardCount=3, ItemsPerShard=100]
//   SpecificationScatterGatherBenchmarks.'MergeAndOrder without ordering': ShortRun(IterationCount=3, LaunchCount=1, WarmupCount=3) [ShardCount=3, ItemsPerShard=100]
//   SpecificationScatterGatherBenchmarks.'MergeOrderAndPaginate overfetch (page 1, size 20)': ShortRun(IterationCount=3, LaunchCount=1, WarmupCount=3) [ShardCount=3, ItemsPerShard=100]
//   SpecificationScatterGatherBenchmarks.'MergeOrderAndPaginate large page (page 2, size 100)': ShortRun(IterationCount=3, LaunchCount=1, WarmupCount=3) [ShardCount=3, ItemsPerShard=100]
//   SpecificationScatterGatherBenchmarks.'MergeAndOrder with descending ordering': ShortRun(IterationCount=3, LaunchCount=1, WarmupCount=3) [ShardCount=3, ItemsPerShard=100]
//   SpecificationScatterGatherBenchmarks.'MergeAndOrder with ascending ordering': ShortRun(IterationCount=3, LaunchCount=1, WarmupCount=3) [ShardCount=25, ItemsPerShard=10]
//   SpecificationScatterGatherBenchmarks.'MergeAndOrder without ordering': ShortRun(IterationCount=3, LaunchCount=1, WarmupCount=3) [ShardCount=25, ItemsPerShard=10]
//   SpecificationScatterGatherBenchmarks.'MergeOrderAndPaginate overfetch (page 1, size 20)': ShortRun(IterationCount=3, LaunchCount=1, WarmupCount=3) [ShardCount=25, ItemsPerShard=10]
//   SpecificationScatterGatherBenchmarks.'MergeOrderAndPaginate large page (page 2, size 100)': ShortRun(IterationCount=3, LaunchCount=1, WarmupCount=3) [ShardCount=25, ItemsPerShard=10]
//   SpecificationScatterGatherBenchmarks.'MergeAndOrder with descending ordering': ShortRun(IterationCount=3, LaunchCount=1, WarmupCount=3) [ShardCount=25, ItemsPerShard=10]
//   SpecificationScatterGatherBenchmarks.'MergeAndOrder with ascending ordering': ShortRun(IterationCount=3, LaunchCount=1, WarmupCount=3) [ShardCount=25, ItemsPerShard=100]
//   SpecificationScatterGatherBenchmarks.'MergeAndOrder without ordering': ShortRun(IterationCount=3, LaunchCount=1, WarmupCount=3) [ShardCount=25, ItemsPerShard=100]
//   SpecificationScatterGatherBenchmarks.'MergeOrderAndPaginate overfetch (page 1, size 20)': ShortRun(IterationCount=3, LaunchCount=1, WarmupCount=3) [ShardCount=25, ItemsPerShard=100]
//   SpecificationScatterGatherBenchmarks.'MergeOrderAndPaginate large page (page 2, size 100)': ShortRun(IterationCount=3, LaunchCount=1, WarmupCount=3) [ShardCount=25, ItemsPerShard=100]
//   SpecificationScatterGatherBenchmarks.'MergeAndOrder with descending ordering': ShortRun(IterationCount=3, LaunchCount=1, WarmupCount=3) [ShardCount=25, ItemsPerShard=100]

// **************************
// Benchmark: SpecificationScatterGatherBenchmarks.'MergeAndOrder with ascending ordering': ShortRun(IterationCount=3, LaunchCount=1, WarmupCount=3) [ShardCount=3, ItemsPerShard=10]
// *** Execute ***
// Launch: 1 / 1
// Execute: dotnet Encina.Benchmarks-ShortRun-1.dll --anonymousPipes 238 239 --benchmarkName "Encina.Benchmarks.Sharding.SpecificationScatterGatherBenchmarks.MergeAndOrder_WithOrdering(ShardCount: 3, ItemsPerShard: 10)" --job ShortRun --benchmarkId 0 in /home/runner/work/Encina/Encina/tests/Encina.BenchmarkTests/Encina.Benchmarks/bin/Release/net10.0/Encina.Benchmarks-ShortRun-1/bin/Release/net10.0
// Failed to set up high priority (Permission denied). In order to run benchmarks with high priority, make sure you have the right permissions.
// BeforeAnythingElse

// Benchmark Process Environment Information:
// BenchmarkDotNet v0.15.8
// Runtime=.NET 10.0.12 (10.0.12, 10.0.1226.42308), X64 RyuJIT x86-64-v4
// GC=Concurrent Workstation
// HardwareIntrinsics=AVX512 BITALG+VBMI2+VNNI+VPOPCNTDQ,AVX512 IFMA+VBMI,AVX512 F+BW+CD+DQ+VL,AVX2+BMI1+BMI2+F16C+FMA+LZCNT+MOVBE,AVX,SSE3+SSSE3+SSE4.1+SSE4.2+POPCNT,X86Base+SSE+SSE2,AES+PCLMUL,AvxVnni VectorSize=256
// Job: ShortRun(IterationCount=3, LaunchCount=1, WarmupCount=3)

OverheadJitting  1: 1 op, 189998.00 ns, 189.9980 us/op
WorkloadJitting  1: 1 op, 8386211.00 ns, 8.3862 ms/op

OverheadJitting  2: 16 op, 310671.00 ns, 19.4169 us/op
WorkloadJitting  2: 16 op, 927434.00 ns, 57.9646 us/op

WorkloadPilot    1: 16 op, 525887.00 ns, 32.8679 us/op
WorkloadPilot    2: 32 op, 749405.00 ns, 23.4189 us/op
WorkloadPilot    3: 64 op, 1418468.00 ns, 22.1636 us/op
WorkloadPilot    4: 128 op, 2697085.00 ns, 21.0710 us/op
WorkloadPilot    5: 256 op, 5274378.00 ns, 20.6030 us/op
WorkloadPilot    6: 512 op, 11357831.00 ns, 22.1833 us/op
WorkloadPilot    7: 1024 op, 20573047.00 ns, 20.0909 us/op
WorkloadPilot    8: 2048 op, 42012476.00 ns, 20.5139 us/op
WorkloadPilot    9: 4096 op, 81739180.00 ns, 19.9559 us/op
WorkloadPilot   10: 8192 op, 162900044.00 ns, 19.8853 us/op
WorkloadPilot   11: 16384 op, 327803392.00 ns, 20.0075 us/op
WorkloadPilot   12: 32768 op, 641661806.00 ns, 19.5820 us/op

OverheadWarmup   1: 32768 op, 65960.00 ns, 2.0129 ns/op
OverheadWarmup   2: 32768 op, 65449.00 ns, 1.9973 ns/op
OverheadWarmup   3: 32768 op, 65339.00 ns, 1.9940 ns/op
OverheadWarmup   4: 32768 op, 65359.00 ns, 1.9946 ns/op
OverheadWarmup   5: 32768 op, 65439.00 ns, 1.9970 ns/op
OverheadWarmup   6: 32768 op, 65349.00 ns, 1.9943 ns/op
OverheadWarmup   7: 32768 op, 65329.00 ns, 1.9937 ns/op
OverheadWarmup   8: 32768 op, 65399.00 ns, 1.9958 ns/op
OverheadWarmup   9: 32768 op, 65329.00 ns, 1.9937 ns/op

OverheadActual   1: 32768 op, 65760.00 ns, 2.0068 ns/op
OverheadActual   2: 32768 op, 65779.00 ns, 2.0074 ns/op
OverheadActual   3: 32768 op, 65800.00 ns, 2.0081 ns/op
OverheadActual   4: 32768 op, 65550.00 ns, 2.0004 ns/op
OverheadActual   5: 32768 op, 65719.00 ns, 2.0056 ns/op
OverheadActual   6: 32768 op, 70888.00 ns, 2.1633 ns/op
OverheadActual   7: 32768 op, 94002.00 ns, 2.8687 ns/op
OverheadActual   8: 32768 op, 93962.00 ns, 2.8675 ns/op
OverheadActual   9: 32768 op, 65380.00 ns, 1.9952 ns/op
OverheadActual  10: 32768 op, 67442.00 ns, 2.0582 ns/op
OverheadActual  11: 32768 op, 65379.00 ns, 1.9952 ns/op
OverheadActual  12: 32768 op, 65419.00 ns, 1.9964 ns/op
OverheadActual  13: 32768 op, 65399.00 ns, 1.9958 ns/op
OverheadActual  14: 32768 op, 74002.00 ns, 2.2584 ns/op
OverheadActual  15: 32768 op, 65339.00 ns, 1.9940 ns/op

WorkloadWarmup   1: 32768 op, 649553478.00 ns, 19.8228 us/op
WorkloadWarmup   2: 32768 op, 644579365.00 ns, 19.6710 us/op
WorkloadWarmup   3: 32768 op, 644397258.00 ns, 19.6654 us/op

// BeforeActualRun
WorkloadActual   1: 32768 op, 648269933.00 ns, 19.7836 us/op
WorkloadActual   2: 32768 op, 652109879.00 ns, 19.9008 us/op
WorkloadActual   3: 32768 op, 656091519.00 ns, 20.0223 us/op

// AfterActualRun
WorkloadResult   1: 32768 op, 648204173.00 ns, 19.7816 us/op
WorkloadResult   2: 32768 op, 652044119.00 ns, 19.8988 us/op
WorkloadResult   3: 32768 op, 656025759.00 ns, 20.0203 us/op
// GC:  12 11 0 214383560 32768
// Threading:  0 0 32768

// AfterAll
// Benchmark Process 3567 has exited with code 0.

Mean = 19.900 μs, StdErr = 0.069 μs (0.35%), N = 3, StdDev = 0.119 μs
Min = 19.782 μs, Q1 = 19.840 μs, Median = 19.899 μs, Q3 = 19.960 μs, Max = 20.020 μs
IQR = 0.119 μs, LowerFence = 19.661 μs, UpperFence = 20.139 μs
ConfidenceInterval = [17.723 μs; 22.078 μs] (CI 99.9%), Margin = 2.177 μs (10.94% of Mean)
Skewness = 0.01, Kurtosis = 0.67, MValue = 2

// ** Remained 19 (95.0 %) benchmark(s) to run. Estimated finish 2026-10-06 11:29 (0h 1m from now) **
// **************************
// Benchmark: SpecificationScatterGatherBenchmarks.'MergeAndOrder without ordering': ShortRun(IterationCount=3, LaunchCount=1, WarmupCount=3) [ShardCount=3, ItemsPerShard=10]
// *** Execute ***
// Launch: 1 / 1
// Execute: dotnet Encina.Benchmarks-ShortRun-1.dll --anonymousPipes 238 239 --benchmarkName "Encina.Benchmarks.Sharding.SpecificationScatterGatherBenchmarks.MergeAndOrder_NoOrdering(ShardCount: 3, ItemsPerShard: 10)" --job ShortRun --benchmarkId 1 in /home/runner/work/Encina/Encina/tests/Encina.BenchmarkTests/Encina.Benchmarks/bin/Release/net10.0/Encina.Benchmarks-ShortRun-1/bin/Release/net10.0
// Failed to set up high priority (Permission denied). In order to run benchmarks with high priority, make sure you have the right permissions.
// BeforeAnythingElse

// Benchmark Process Environment Information:
// BenchmarkDotNet v0.15.8
// Runtime=.NET 10.0.12 (10.0.12, 10.0.1226.42308), X64 RyuJIT x86-64-v4
// GC=Concurrent Workstation
// HardwareIntrinsics=AVX512 BITALG+VBMI2+VNNI+VPOPCNTDQ,AVX512 IFMA+VBMI,AVX512 F+BW+CD+DQ+VL,AVX2+BMI1+BMI2+F16C+FMA+LZCNT+MOVBE,AVX,SSE3+SSSE3+SSE4.1+SSE4.2+POPCNT,X86Base+SSE+SSE2,AES+PCLMUL,AvxVnni VectorSize=256
// Job: ShortRun(IterationCount=3, LaunchCount=1, WarmupCount=3)

OverheadJitting  1: 1 op, 157649.00 ns, 157.6490 us/op
WorkloadJitting  1: 1 op, 1032494.00 ns, 1.0325 ms/op

OverheadJitting  2: 16 op, 348518.00 ns, 21.7824 us/op
WorkloadJitting  2: 16 op, 323631.00 ns, 20.2269 us/op

WorkloadPilot    1: 16 op, 22013.00 ns, 1.3758 us/op
WorkloadPilot    2: 32 op, 29915.00 ns, 934.8438 ns/op
WorkloadPilot    3: 64 op, 32008.00 ns, 500.1250 ns/op
WorkloadPilot    4: 128 op, 51819.00 ns, 404.8359 ns/op
WorkloadPilot    5: 256 op, 100813.00 ns, 393.8008 ns/op
WorkloadPilot    6: 512 op, 158850.00 ns, 310.2539 ns/op
WorkloadPilot    7: 1024 op, 246103.00 ns, 240.3350 ns/op
WorkloadPilot    8: 2048 op, 564324.00 ns, 275.5488 ns/op
WorkloadPilot    9: 4096 op, 1144573.00 ns, 279.4368 ns/op
WorkloadPilot   10: 8192 op, 2310990.00 ns, 282.1033 ns/op
WorkloadPilot   11: 16384 op, 4636862.00 ns, 283.0116 ns/op
WorkloadPilot   12: 32768 op, 9093522.00 ns, 277.5123 ns/op
WorkloadPilot   13: 65536 op, 13916205.00 ns, 212.3444 ns/op
WorkloadPilot   14: 131072 op, 23462643.00 ns, 179.0058 ns/op
WorkloadPilot   15: 262144 op, 44337086.00 ns, 169.1326 ns/op
WorkloadPilot   16: 524288 op, 89723692.00 ns, 171.1344 ns/op
WorkloadPilot   17: 1048576 op, 179173770.00 ns, 170.8734 ns/op
WorkloadPilot   18: 2097152 op, 361164436.00 ns, 172.2166 ns/op
WorkloadPilot   19: 4194304 op, 715805992.00 ns, 170.6614 ns/op

OverheadWarmup   1: 4194304 op, 9804488.00 ns, 2.3376 ns/op
OverheadWarmup   2: 4194304 op, 9307055.00 ns, 2.2190 ns/op
OverheadWarmup   3: 4194304 op, 8476246.00 ns, 2.0209 ns/op
OverheadWarmup   4: 4194304 op, 8725064.00 ns, 2.0802 ns/op
OverheadWarmup   5: 4194304 op, 8889322.00 ns, 2.1194 ns/op
OverheadWarmup   6: 4194304 op, 8443017.00 ns, 2.0130 ns/op
OverheadWarmup   7: 4194304 op, 9690226.00 ns, 2.3103 ns/op
OverheadWarmup   8: 4194304 op, 8459181.00 ns, 2.0168 ns/op

OverheadActual   1: 4194304 op, 8444920.00 ns, 2.0134 ns/op
OverheadActual   2: 4194304 op, 9399966.00 ns, 2.2411 ns/op
OverheadActual   3: 4194304 op, 9657256.00 ns, 2.3025 ns/op
OverheadActual   4: 4194304 op, 8488956.00 ns, 2.0239 ns/op
OverheadActual   5: 4194304 op, 8860349.00 ns, 2.1125 ns/op
OverheadActual   6: 4194304 op, 9535992.00 ns, 2.2736 ns/op
OverheadActual   7: 4194304 op, 8449847.00 ns, 2.0146 ns/op
OverheadActual   8: 4194304 op, 8726056.00 ns, 2.0805 ns/op
OverheadActual   9: 4194304 op, 8618101.00 ns, 2.0547 ns/op
OverheadActual  10: 4194304 op, 8715179.00 ns, 2.0779 ns/op
OverheadActual  11: 4194304 op, 8444890.00 ns, 2.0134 ns/op
OverheadActual  12: 4194304 op, 9100021.00 ns, 2.1696 ns/op
OverheadActual  13: 4194304 op, 8448595.00 ns, 2.0143 ns/op
OverheadActual  14: 4194304 op, 8452241.00 ns, 2.0152 ns/op
OverheadActual  15: 4194304 op, 8448004.00 ns, 2.0142 ns/op
OverheadActual  16: 4194304 op, 8686665.00 ns, 2.0711 ns/op

WorkloadWarmup   1: 4194304 op, 725894270.00 ns, 173.0667 ns/op
WorkloadWarmup   2: 4194304 op, 720865164.00 ns, 171.8676 ns/op
WorkloadWarmup   3: 4194304 op, 710811638.00 ns, 169.4707 ns/op

// BeforeActualRun
WorkloadActual   1: 4194304 op, 710580298.00 ns, 169.4155 ns/op
WorkloadActual   2: 4194304 op, 714004625.00 ns, 170.2320 ns/op
WorkloadActual   3: 4194304 op, 716085756.00 ns, 170.7281 ns/op

// AfterActualRun
WorkloadResult   1: 4194304 op, 701927915.00 ns, 167.3527 ns/op
WorkloadResult   2: 4194304 op, 705352242.00 ns, 168.1691 ns/op
WorkloadResult   3: 4194304 op, 707433373.00 ns, 168.6653 ns/op
// GC:  94 0 0 1577058304 4194304
// Threading:  0 0 4194304

// AfterAll
// Benchmark Process 3577 has exited with code 0.

Mean = 168.062 ns, StdErr = 0.383 ns (0.23%), N = 3, StdDev = 0.663 ns
Min = 167.353 ns, Q1 = 167.761 ns, Median = 168.169 ns, Q3 = 168.417 ns, Max = 168.665 ns
IQR = 0.656 ns, LowerFence = 166.776 ns, UpperFence = 169.402 ns
ConfidenceInterval = [155.971 ns; 180.154 ns] (CI 99.9%), Margin = 12.092 ns (7.19% of Mean)
Skewness = -0.16, Kurtosis = 0.67, MValue = 2

// ** Remained 18 (90.0 %) benchmark(s) to run. Estimated finish 2026-10-06 11:29 (0h 1m from now) **
// **************************
// Benchmark: SpecificationScatterGatherBenchmarks.'MergeOrderAndPaginate overfetch (page 1, size 20)': ShortRun(IterationCount=3, LaunchCount=1, WarmupCount=3) [ShardCount=3, ItemsPerShard=10]
// *** Execute ***
// Launch: 1 / 1
// Execute: dotnet Encina.Benchmarks-ShortRun-1.dll --anonymousPipes 238 239 --benchmarkName "Encina.Benchmarks.Sharding.SpecificationScatterGatherBenchmarks.MergeOrderAndPaginate_OverfetchStrategy(ShardCount: 3, ItemsPerShard: 10)" --job ShortRun --benchmarkId 2 in /home/runner/work/Encina/Encina/tests/Encina.BenchmarkTests/Encina.Benchmarks/bin/Release/net10.0/Encina.Benchmarks-ShortRun-1/bin/Release/net10.0
// Failed to set up high priority (Permission denied). In order to run benchmarks with high priority, make sure you have the right permissions.
// BeforeAnythingElse

// Benchmark Process Environment Information:
// BenchmarkDotNet v0.15.8
// Runtime=.NET 10.0.12 (10.0.12, 10.0.1226.42308), X64 RyuJIT x86-64-v4
// GC=Concurrent Workstation
// HardwareIntrinsics=AVX512 BITALG+VBMI2+VNNI+VPOPCNTDQ,AVX512 IFMA+VBMI,AVX512 F+BW+CD+DQ+VL,AVX2+BMI1+BMI2+F16C+FMA+LZCNT+MOVBE,AVX,SSE3+SSSE3+SSE4.1+SSE4.2+POPCNT,X86Base+SSE+SSE2,AES+PCLMUL,AvxVnni VectorSize=256
// Job: ShortRun(IterationCount=3, LaunchCount=1, WarmupCount=3)

OverheadJitting  1: 1 op, 160653.00 ns, 160.6530 us/op
WorkloadJitting  1: 1 op, 8738314.00 ns, 8.7383 ms/op

OverheadJitting  2: 16 op, 312113.00 ns, 19.5071 us/op
WorkloadJitting  2: 16 op, 910169.00 ns, 56.8856 us/op

WorkloadPilot    1: 16 op, 516292.00 ns, 32.2683 us/op
WorkloadPilot    2: 32 op, 769625.00 ns, 24.0508 us/op
WorkloadPilot    3: 64 op, 1487283.00 ns, 23.2388 us/op
WorkloadPilot    4: 128 op, 2775513.00 ns, 21.6837 us/op
WorkloadPilot    5: 256 op, 5462072.00 ns, 21.3362 us/op
WorkloadPilot    6: 512 op, 11746600.00 ns, 22.9426 us/op
WorkloadPilot    7: 1024 op, 21164953.00 ns, 20.6689 us/op
WorkloadPilot    8: 2048 op, 44253860.00 ns, 21.6083 us/op
WorkloadPilot    9: 4096 op, 83256507.00 ns, 20.3263 us/op
WorkloadPilot   10: 8192 op, 167971835.00 ns, 20.5044 us/op
WorkloadPilot   11: 16384 op, 336090993.00 ns, 20.5134 us/op
WorkloadPilot   12: 32768 op, 667412313.00 ns, 20.3678 us/op

OverheadWarmup   1: 32768 op, 66080.00 ns, 2.0166 ns/op
OverheadWarmup   2: 32768 op, 75274.00 ns, 2.2972 ns/op
OverheadWarmup   3: 32768 op, 80823.00 ns, 2.4665 ns/op
OverheadWarmup   4: 32768 op, 68574.00 ns, 2.0927 ns/op
OverheadWarmup   5: 32768 op, 65429.00 ns, 1.9967 ns/op
OverheadWarmup   6: 32768 op, 66120.00 ns, 2.0178 ns/op
OverheadWarmup   7: 32768 op, 66721.00 ns, 2.0362 ns/op
OverheadWarmup   8: 32768 op, 68563.00 ns, 2.0924 ns/op
OverheadWarmup   9: 32768 op, 66741.00 ns, 2.0368 ns/op

OverheadActual   1: 32768 op, 65709.00 ns, 2.0053 ns/op
OverheadActual   2: 32768 op, 65759.00 ns, 2.0068 ns/op
OverheadActual   3: 32768 op, 65759.00 ns, 2.0068 ns/op
OverheadActual   4: 32768 op, 65629.00 ns, 2.0028 ns/op
OverheadActual   5: 32768 op, 65680.00 ns, 2.0044 ns/op
OverheadActual   6: 32768 op, 71018.00 ns, 2.1673 ns/op
OverheadActual   7: 32768 op, 65499.00 ns, 1.9989 ns/op
OverheadActual   8: 32768 op, 65469.00 ns, 1.9980 ns/op
OverheadActual   9: 32768 op, 65449.00 ns, 1.9973 ns/op
OverheadActual  10: 32768 op, 65450.00 ns, 1.9974 ns/op
OverheadActual  11: 32768 op, 65379.00 ns, 1.9952 ns/op
OverheadActual  12: 32768 op, 65409.00 ns, 1.9961 ns/op
OverheadActual  13: 32768 op, 81974.00 ns, 2.5016 ns/op
OverheadActual  14: 32768 op, 65850.00 ns, 2.0096 ns/op
OverheadActual  15: 32768 op, 65830.00 ns, 2.0090 ns/op

WorkloadWarmup   1: 32768 op, 687091184.00 ns, 20.9684 us/op
WorkloadWarmup   2: 32768 op, 667224174.00 ns, 20.3621 us/op
WorkloadWarmup   3: 32768 op, 674108267.00 ns, 20.5722 us/op

// BeforeActualRun
WorkloadActual   1: 32768 op, 673805609.00 ns, 20.5629 us/op
WorkloadActual   2: 32768 op, 669109258.00 ns, 20.4196 us/op
WorkloadActual   3: 32768 op, 679469856.00 ns, 20.7358 us/op

// AfterActualRun
WorkloadResult   1: 32768 op, 673739929.00 ns, 20.5609 us/op
WorkloadResult   2: 32768 op, 669043578.00 ns, 20.4176 us/op
WorkloadResult   3: 32768 op, 679404176.00 ns, 20.7338 us/op
// GC:  13 12 0 224632088 32768
// Threading:  0 0 32768

// AfterAll
// Benchmark Process 3583 has exited with code 0.

Mean = 20.571 μs, StdErr = 0.091 μs (0.44%), N = 3, StdDev = 0.158 μs
Min = 20.418 μs, Q1 = 20.489 μs, Median = 20.561 μs, Q3 = 20.647 μs, Max = 20.734 μs
IQR = 0.158 μs, LowerFence = 20.252 μs, UpperFence = 20.884 μs
ConfidenceInterval = [17.682 μs; 23.459 μs] (CI 99.9%), Margin = 2.888 μs (14.04% of Mean)
Skewness = 0.06, Kurtosis = 0.67, MValue = 2

// ** Remained 17 (85.0 %) benchmark(s) to run. Estimated finish 2026-10-06 11:29 (0h 1m from now) **
// **************************
// Benchmark: SpecificationScatterGatherBenchmarks.'MergeOrderAndPaginate large page (page 2, size 100)': ShortRun(IterationCount=3, LaunchCount=1, WarmupCount=3) [ShardCount=3, ItemsPerShard=10]
// *** Execute ***
// Launch: 1 / 1
// Execute: dotnet Encina.Benchmarks-ShortRun-1.dll --anonymousPipes 238 239 --benchmarkName "Encina.Benchmarks.Sharding.SpecificationScatterGatherBenchmarks.MergeOrderAndPaginate_LargePage(ShardCount: 3, ItemsPerShard: 10)" --job ShortRun --benchmarkId 3 in /home/runner/work/Encina/Encina/tests/Encina.BenchmarkTests/Encina.Benchmarks/bin/Release/net10.0/Encina.Benchmarks-ShortRun-1/bin/Release/net10.0
// Failed to set up high priority (Permission denied). In order to run benchmarks with high priority, make sure you have the right permissions.
// BeforeAnythingElse

// Benchmark Process Environment Information:
// BenchmarkDotNet v0.15.8
// Runtime=.NET 10.0.12 (10.0.12, 10.0.1226.42308), X64 RyuJIT x86-64-v4
// GC=Concurrent Workstation
// HardwareIntrinsics=AVX512 BITALG+VBMI2+VNNI+VPOPCNTDQ,AVX512 IFMA+VBMI,AVX512 F+BW+CD+DQ+VL,AVX2+BMI1+BMI2+F16C+FMA+LZCNT+MOVBE,AVX,SSE3+SSSE3+SSE4.1+SSE4.2+POPCNT,X86Base+SSE+SSE2,AES+PCLMUL,AvxVnni VectorSize=256
// Job: ShortRun(IterationCount=3, LaunchCount=1, WarmupCount=3)

OverheadJitting  1: 1 op, 177989.00 ns, 177.9890 us/op
WorkloadJitting  1: 1 op, 8568504.00 ns, 8.5685 ms/op

OverheadJitting  2: 16 op, 319364.00 ns, 19.9603 us/op
WorkloadJitting  2: 16 op, 909447.00 ns, 56.8404 us/op

WorkloadPilot    1: 16 op, 509181.00 ns, 31.8238 us/op
WorkloadPilot    2: 32 op, 768214.00 ns, 24.0067 us/op
WorkloadPilot    3: 64 op, 1475404.00 ns, 23.0532 us/op
WorkloadPilot    4: 128 op, 2826259.00 ns, 22.0801 us/op
WorkloadPilot    5: 256 op, 5450864.00 ns, 21.2924 us/op
WorkloadPilot    6: 512 op, 11763642.00 ns, 22.9759 us/op
WorkloadPilot    7: 1024 op, 21013858.00 ns, 20.5213 us/op
WorkloadPilot    8: 2048 op, 43363339.00 ns, 21.1735 us/op
WorkloadPilot    9: 4096 op, 83723491.00 ns, 20.4403 us/op
WorkloadPilot   10: 8192 op, 169484687.00 ns, 20.6890 us/op
WorkloadPilot   11: 16384 op, 333294061.00 ns, 20.3427 us/op
WorkloadPilot   12: 32768 op, 668404831.00 ns, 20.3981 us/op

OverheadWarmup   1: 32768 op, 70797.00 ns, 2.1606 ns/op
OverheadWarmup   2: 32768 op, 70176.00 ns, 2.1416 ns/op
OverheadWarmup   3: 32768 op, 68544.00 ns, 2.0918 ns/op
OverheadWarmup   4: 32768 op, 68604.00 ns, 2.0936 ns/op
OverheadWarmup   5: 32768 op, 66010.00 ns, 2.0145 ns/op
OverheadWarmup   6: 32768 op, 68454.00 ns, 2.0891 ns/op
OverheadWarmup   7: 32768 op, 67653.00 ns, 2.0646 ns/op

OverheadActual   1: 32768 op, 86991.00 ns, 2.6548 ns/op
OverheadActual   2: 32768 op, 65720.00 ns, 2.0056 ns/op
OverheadActual   3: 32768 op, 65629.00 ns, 2.0028 ns/op
OverheadActual   4: 32768 op, 87172.00 ns, 2.6603 ns/op
OverheadActual   5: 32768 op, 65740.00 ns, 2.0062 ns/op
OverheadActual   6: 32768 op, 68274.00 ns, 2.0836 ns/op
OverheadActual   7: 32768 op, 71288.00 ns, 2.1755 ns/op
OverheadActual   8: 32768 op, 69615.00 ns, 2.1245 ns/op
OverheadActual   9: 32768 op, 68284.00 ns, 2.0839 ns/op
OverheadActual  10: 32768 op, 70376.00 ns, 2.1477 ns/op
OverheadActual  11: 32768 op, 68353.00 ns, 2.0860 ns/op
OverheadActual  12: 32768 op, 68434.00 ns, 2.0884 ns/op
OverheadActual  13: 32768 op, 68694.00 ns, 2.0964 ns/op
OverheadActual  14: 32768 op, 80321.00 ns, 2.4512 ns/op
OverheadActual  15: 32768 op, 86081.00 ns, 2.6270 ns/op
OverheadActual  16: 32768 op, 67873.00 ns, 2.0713 ns/op
OverheadActual  17: 32768 op, 70517.00 ns, 2.1520 ns/op

WorkloadWarmup   1: 32768 op, 656999462.00 ns, 20.0500 us/op
WorkloadWarmup   2: 32768 op, 654923008.00 ns, 19.9867 us/op
WorkloadWarmup   3: 32768 op, 652256530.00 ns, 19.9053 us/op

// BeforeActualRun
WorkloadActual   1: 32768 op, 665082266.00 ns, 20.2967 us/op
WorkloadActual   2: 32768 op, 671349638.00 ns, 20.4880 us/op
WorkloadActual   3: 32768 op, 657466333.00 ns, 20.0643 us/op

// AfterActualRun
WorkloadResult   1: 32768 op, 665013572.00 ns, 20.2946 us/op
WorkloadResult   2: 32768 op, 671280944.00 ns, 20.4859 us/op
WorkloadResult   3: 32768 op, 657397639.00 ns, 20.0622 us/op
// GC:  12 11 0 214383560 32768
// Threading:  0 0 32768

// AfterAll
// Benchmark Process 3591 has exited with code 0.

Mean = 20.281 μs, StdErr = 0.122 μs (0.60%), N = 3, StdDev = 0.212 μs
Min = 20.062 μs, Q1 = 20.178 μs, Median = 20.295 μs, Q3 = 20.390 μs, Max = 20.486 μs
IQR = 0.212 μs, LowerFence = 19.861 μs, UpperFence = 20.708 μs
ConfidenceInterval = [16.410 μs; 24.152 μs] (CI 99.9%), Margin = 3.871 μs (19.09% of Mean)
Skewness = -0.06, Kurtosis = 0.67, MValue = 2

// ** Remained 16 (80.0 %) benchmark(s) to run. Estimated finish 2026-10-06 11:29 (0h 1m from now) **
// **************************
// Benchmark: SpecificationScatterGatherBenchmarks.'MergeAndOrder with descending ordering': ShortRun(IterationCount=3, LaunchCount=1, WarmupCount=3) [ShardCount=3, ItemsPerShard=10]
// *** Execute ***
// Launch: 1 / 1
// Execute: dotnet Encina.Benchmarks-ShortRun-1.dll --anonymousPipes 238 239 --benchmarkName "Encina.Benchmarks.Sharding.SpecificationScatterGatherBenchmarks.MergeAndOrder_Descending(ShardCount: 3, ItemsPerShard: 10)" --job ShortRun --benchmarkId 4 in /home/runner/work/Encina/Encina/tests/Encina.BenchmarkTests/Encina.Benchmarks/bin/Release/net10.0/Encina.Benchmarks-ShortRun-1/bin/Release/net10.0
// Failed to set up high priority (Permission denied). In order to run benchmarks with high priority, make sure you have the right permissions.
// BeforeAnythingElse

// Benchmark Process Environment Information:
// BenchmarkDotNet v0.15.8
// Runtime=.NET 10.0.12 (10.0.12, 10.0.1226.42308), X64 RyuJIT x86-64-v4
// GC=Concurrent Workstation
// HardwareIntrinsics=AVX512 BITALG+VBMI2+VNNI+VPOPCNTDQ,AVX512 IFMA+VBMI,AVX512 F+BW+CD+DQ+VL,AVX2+BMI1+BMI2+F16C+FMA+LZCNT+MOVBE,AVX,SSE3+SSSE3+SSE4.1+SSE4.2+POPCNT,X86Base+SSE+SSE2,AES+PCLMUL,AvxVnni VectorSize=256
// Job: ShortRun(IterationCount=3, LaunchCount=1, WarmupCount=3)

OverheadJitting  1: 1 op, 157498.00 ns, 157.4980 us/op
WorkloadJitting  1: 1 op, 8163933.00 ns, 8.1639 ms/op

OverheadJitting  2: 16 op, 311762.00 ns, 19.4851 us/op
WorkloadJitting  2: 16 op, 934726.00 ns, 58.4204 us/op

WorkloadPilot    1: 16 op, 513588.00 ns, 32.0993 us/op
WorkloadPilot    2: 32 op, 899632.00 ns, 28.1135 us/op
WorkloadPilot    3: 64 op, 1509627.00 ns, 23.5879 us/op
WorkloadPilot    4: 128 op, 2786920.00 ns, 21.7728 us/op
WorkloadPilot    5: 256 op, 5337944.00 ns, 20.8513 us/op
WorkloadPilot    6: 512 op, 11534478.00 ns, 22.5283 us/op
WorkloadPilot    7: 1024 op, 21106885.00 ns, 20.6122 us/op
WorkloadPilot    8: 2048 op, 44167087.00 ns, 21.5660 us/op
WorkloadPilot    9: 4096 op, 84243419.00 ns, 20.5672 us/op
WorkloadPilot   10: 8192 op, 168605467.00 ns, 20.5817 us/op
WorkloadPilot   11: 16384 op, 329064007.00 ns, 20.0845 us/op
WorkloadPilot   12: 32768 op, 658264341.00 ns, 20.0886 us/op

OverheadWarmup   1: 32768 op, 92220.00 ns, 2.8143 ns/op
OverheadWarmup   2: 32768 op, 97467.00 ns, 2.9745 ns/op
OverheadWarmup   3: 32768 op, 106261.00 ns, 3.2428 ns/op
OverheadWarmup   4: 32768 op, 90667.00 ns, 2.7669 ns/op
OverheadWarmup   5: 32768 op, 91629.00 ns, 2.7963 ns/op
OverheadWarmup   6: 32768 op, 112611.00 ns, 3.4366 ns/op
OverheadWarmup   7: 32768 op, 93882.00 ns, 2.8651 ns/op

OverheadActual   1: 32768 op, 91920.00 ns, 2.8052 ns/op
OverheadActual   2: 32768 op, 92239.00 ns, 2.8149 ns/op
OverheadActual   3: 32768 op, 91839.00 ns, 2.8027 ns/op
OverheadActual   4: 32768 op, 91879.00 ns, 2.8039 ns/op
OverheadActual   5: 32768 op, 91869.00 ns, 2.8036 ns/op
OverheadActual   6: 32768 op, 93953.00 ns, 2.8672 ns/op
OverheadActual   7: 32768 op, 93963.00 ns, 2.8675 ns/op
OverheadActual   8: 32768 op, 97617.00 ns, 2.9790 ns/op
OverheadActual   9: 32768 op, 91659.00 ns, 2.7972 ns/op
OverheadActual  10: 32768 op, 91819.00 ns, 2.8021 ns/op
OverheadActual  11: 32768 op, 93872.00 ns, 2.8647 ns/op
OverheadActual  12: 32768 op, 93892.00 ns, 2.8654 ns/op
OverheadActual  13: 32768 op, 91619.00 ns, 2.7960 ns/op
OverheadActual  14: 32768 op, 93873.00 ns, 2.8648 ns/op
OverheadActual  15: 32768 op, 91669.00 ns, 2.7975 ns/op

WorkloadWarmup   1: 32768 op, 663419508.00 ns, 20.2460 us/op
WorkloadWarmup   2: 32768 op, 658372325.00 ns, 20.0919 us/op
WorkloadWarmup   3: 32768 op, 660391212.00 ns, 20.1535 us/op

// BeforeActualRun
WorkloadActual   1: 32768 op, 654919526.00 ns, 19.9866 us/op
WorkloadActual   2: 32768 op, 651797016.00 ns, 19.8913 us/op
WorkloadActual   3: 32768 op, 669458073.00 ns, 20.4302 us/op

// AfterActualRun
WorkloadResult   1: 32768 op, 654827606.00 ns, 19.9838 us/op
WorkloadResult   2: 32768 op, 651705096.00 ns, 19.8885 us/op
WorkloadResult   3: 32768 op, 669366153.00 ns, 20.4274 us/op
// GC:  12 11 0 214383560 32768
// Threading:  0 0 32768

// AfterAll
// Benchmark Process 3597 has exited with code 0.

Mean = 20.100 μs, StdErr = 0.166 μs (0.83%), N = 3, StdDev = 0.288 μs
Min = 19.888 μs, Q1 = 19.936 μs, Median = 19.984 μs, Q3 = 20.206 μs, Max = 20.427 μs
IQR = 0.269 μs, LowerFence = 19.532 μs, UpperFence = 20.610 μs
ConfidenceInterval = [14.852 μs; 25.348 μs] (CI 99.9%), Margin = 5.248 μs (26.11% of Mean)
Skewness = 0.34, Kurtosis = 0.67, MValue = 2

// ** Remained 15 (75.0 %) benchmark(s) to run. Estimated finish 2026-10-06 11:29 (0h 1m from now) **
// **************************
// Benchmark: SpecificationScatterGatherBenchmarks.'MergeAndOrder with ascending ordering': ShortRun(IterationCount=3, LaunchCount=1, WarmupCount=3) [ShardCount=3, ItemsPerShard=100]
// *** Execute ***
// Launch: 1 / 1
// Execute: dotnet Encina.Benchmarks-ShortRun-1.dll --anonymousPipes 238 239 --benchmarkName "Encina.Benchmarks.Sharding.SpecificationScatterGatherBenchmarks.MergeAndOrder_WithOrdering(ShardCount: 3, ItemsPerShard: 100)" --job ShortRun --benchmarkId 5 in /home/runner/work/Encina/Encina/tests/Encina.BenchmarkTests/Encina.Benchmarks/bin/Release/net10.0/Encina.Benchmarks-ShortRun-1/bin/Release/net10.0
// Failed to set up high priority (Permission denied). In order to run benchmarks with high priority, make sure you have the right permissions.
// BeforeAnythingElse

// Benchmark Process Environment Information:
// BenchmarkDotNet v0.15.8
// Runtime=.NET 10.0.12 (10.0.12, 10.0.1226.42308), X64 RyuJIT x86-64-v4
// GC=Concurrent Workstation
// HardwareIntrinsics=AVX512 BITALG+VBMI2+VNNI+VPOPCNTDQ,AVX512 IFMA+VBMI,AVX512 F+BW+CD+DQ+VL,AVX2+BMI1+BMI2+F16C+FMA+LZCNT+MOVBE,AVX,SSE3+SSSE3+SSE4.1+SSE4.2+POPCNT,X86Base+SSE+SSE2,AES+PCLMUL,AvxVnni VectorSize=256
// Job: ShortRun(IterationCount=3, LaunchCount=1, WarmupCount=3)

OverheadJitting  1: 1 op, 152681.00 ns, 152.6810 us/op
WorkloadJitting  1: 1 op, 7944251.00 ns, 7.9443 ms/op

OverheadJitting  2: 16 op, 303039.00 ns, 18.9399 us/op
WorkloadJitting  2: 16 op, 1379079.00 ns, 86.1924 us/op

WorkloadPilot    1: 16 op, 826271.00 ns, 51.6419 us/op
WorkloadPilot    2: 32 op, 1653724.00 ns, 51.6789 us/op
WorkloadPilot    3: 64 op, 3143130.00 ns, 49.1114 us/op
WorkloadPilot    4: 128 op, 6095361.00 ns, 47.6200 us/op
WorkloadPilot    5: 256 op, 12235459.00 ns, 47.7948 us/op
WorkloadPilot    6: 512 op, 26311836.00 ns, 51.3903 us/op
WorkloadPilot    7: 1024 op, 47180459.00 ns, 46.0747 us/op
WorkloadPilot    8: 2048 op, 86497068.00 ns, 42.2349 us/op
WorkloadPilot    9: 4096 op, 171175994.00 ns, 41.7910 us/op
WorkloadPilot   10: 8192 op, 344706984.00 ns, 42.0785 us/op
WorkloadPilot   11: 16384 op, 685828670.00 ns, 41.8597 us/op

OverheadWarmup   1: 16384 op, 33331.00 ns, 2.0344 ns/op
OverheadWarmup   2: 16384 op, 33030.00 ns, 2.0160 ns/op
OverheadWarmup   3: 16384 op, 32880.00 ns, 2.0068 ns/op
OverheadWarmup   4: 16384 op, 32820.00 ns, 2.0032 ns/op
OverheadWarmup   5: 16384 op, 32940.00 ns, 2.0105 ns/op
OverheadWarmup   6: 16384 op, 32920.00 ns, 2.0093 ns/op
OverheadWarmup   7: 16384 op, 32869.00 ns, 2.0062 ns/op
OverheadWarmup   8: 16384 op, 32859.00 ns, 2.0056 ns/op
OverheadWarmup   9: 16384 op, 32800.00 ns, 2.0020 ns/op
OverheadWarmup  10: 16384 op, 32840.00 ns, 2.0044 ns/op

OverheadActual   1: 16384 op, 33130.00 ns, 2.0221 ns/op
OverheadActual   2: 16384 op, 33150.00 ns, 2.0233 ns/op
OverheadActual   3: 16384 op, 33180.00 ns, 2.0251 ns/op
OverheadActual   4: 16384 op, 33070.00 ns, 2.0184 ns/op
OverheadActual   5: 16384 op, 33130.00 ns, 2.0221 ns/op
OverheadActual   6: 16384 op, 32940.00 ns, 2.0105 ns/op
OverheadActual   7: 16384 op, 32810.00 ns, 2.0026 ns/op
OverheadActual   8: 16384 op, 32759.00 ns, 1.9995 ns/op
OverheadActual   9: 16384 op, 32870.00 ns, 2.0062 ns/op
OverheadActual  10: 16384 op, 32819.00 ns, 2.0031 ns/op
OverheadActual  11: 16384 op, 32840.00 ns, 2.0044 ns/op
OverheadActual  12: 16384 op, 42535.00 ns, 2.5961 ns/op
OverheadActual  13: 16384 op, 32800.00 ns, 2.0020 ns/op
OverheadActual  14: 16384 op, 32820.00 ns, 2.0032 ns/op
OverheadActual  15: 16384 op, 32800.00 ns, 2.0020 ns/op

WorkloadWarmup   1: 16384 op, 692716180.00 ns, 42.2800 us/op
WorkloadWarmup   2: 16384 op, 690405841.00 ns, 42.1390 us/op
WorkloadWarmup   3: 16384 op, 690088020.00 ns, 42.1196 us/op

// BeforeActualRun
WorkloadActual   1: 16384 op, 693269418.00 ns, 42.3138 us/op
WorkloadActual   2: 16384 op, 684695072.00 ns, 41.7905 us/op
WorkloadActual   3: 16384 op, 688214994.00 ns, 42.0053 us/op

// AfterActualRun
WorkloadResult   1: 16384 op, 693236548.00 ns, 42.3118 us/op
WorkloadResult   2: 16384 op, 684662202.00 ns, 41.7885 us/op
WorkloadResult   3: 16384 op, 688182124.00 ns, 42.0033 us/op
// GC:  22 21 0 372632584 16384
// Threading:  0 0 16384

// AfterAll
// Benchmark Process 3607 has exited with code 0.

Mean = 42.035 μs, StdErr = 0.152 μs (0.36%), N = 3, StdDev = 0.263 μs
Min = 41.788 μs, Q1 = 41.896 μs, Median = 42.003 μs, Q3 = 42.158 μs, Max = 42.312 μs
IQR = 0.262 μs, LowerFence = 41.503 μs, UpperFence = 42.550 μs
ConfidenceInterval = [37.235 μs; 46.834 μs] (CI 99.9%), Margin = 4.799 μs (11.42% of Mean)
Skewness = 0.12, Kurtosis = 0.67, MValue = 2

// ** Remained 14 (70.0 %) benchmark(s) to run. Estimated finish 2026-10-06 11:29 (0h 1m from now) **
// **************************
// Benchmark: SpecificationScatterGatherBenchmarks.'MergeAndOrder without ordering': ShortRun(IterationCount=3, LaunchCount=1, WarmupCount=3) [ShardCount=3, ItemsPerShard=100]
// *** Execute ***
// Launch: 1 / 1
// Execute: dotnet Encina.Benchmarks-ShortRun-1.dll --anonymousPipes 238 239 --benchmarkName "Encina.Benchmarks.Sharding.SpecificationScatterGatherBenchmarks.MergeAndOrder_NoOrdering(ShardCount: 3, ItemsPerShard: 100)" --job ShortRun --benchmarkId 6 in /home/runner/work/Encina/Encina/tests/Encina.BenchmarkTests/Encina.Benchmarks/bin/Release/net10.0/Encina.Benchmarks-ShortRun-1/bin/Release/net10.0
// Failed to set up high priority (Permission denied). In order to run benchmarks with high priority, make sure you have the right permissions.
// BeforeAnythingElse

// Benchmark Process Environment Information:
// BenchmarkDotNet v0.15.8
// Runtime=.NET 10.0.12 (10.0.12, 10.0.1226.42308), X64 RyuJIT x86-64-v4
// GC=Concurrent Workstation
// HardwareIntrinsics=AVX512 BITALG+VBMI2+VNNI+VPOPCNTDQ,AVX512 IFMA+VBMI,AVX512 F+BW+CD+DQ+VL,AVX2+BMI1+BMI2+F16C+FMA+LZCNT+MOVBE,AVX,SSE3+SSSE3+SSE4.1+SSE4.2+POPCNT,X86Base+SSE+SSE2,AES+PCLMUL,AvxVnni VectorSize=256
// Job: ShortRun(IterationCount=3, LaunchCount=1, WarmupCount=3)

OverheadJitting  1: 1 op, 153683.00 ns, 153.6830 us/op
WorkloadJitting  1: 1 op, 993995.00 ns, 993.9950 us/op

OverheadJitting  2: 16 op, 342048.00 ns, 21.3780 us/op
WorkloadJitting  2: 16 op, 329939.00 ns, 20.6212 us/op

WorkloadPilot    1: 16 op, 32309.00 ns, 2.0193 us/op
WorkloadPilot    2: 32 op, 64618.00 ns, 2.0193 us/op
WorkloadPilot    3: 64 op, 86531.00 ns, 1.3520 us/op
WorkloadPilot    4: 128 op, 94242.00 ns, 736.2656 ns/op
WorkloadPilot    5: 256 op, 200424.00 ns, 782.9063 ns/op
WorkloadPilot    6: 512 op, 475170.00 ns, 928.0664 ns/op
WorkloadPilot    7: 1024 op, 957570.00 ns, 935.1270 ns/op
WorkloadPilot    8: 2048 op, 1899727.00 ns, 927.6011 ns/op
WorkloadPilot    9: 4096 op, 3912114.00 ns, 955.1060 ns/op
WorkloadPilot   10: 8192 op, 5587762.00 ns, 682.0999 ns/op
WorkloadPilot   11: 16384 op, 3969652.00 ns, 242.2883 ns/op
WorkloadPilot   12: 32768 op, 7735945.00 ns, 236.0823 ns/op
WorkloadPilot   13: 65536 op, 17256934.00 ns, 263.3199 ns/op
WorkloadPilot   14: 131072 op, 30807934.00 ns, 235.0459 ns/op
WorkloadPilot   15: 262144 op, 61701950.00 ns, 235.3743 ns/op
WorkloadPilot   16: 524288 op, 122627423.00 ns, 233.8932 ns/op
WorkloadPilot   17: 1048576 op, 246717813.00 ns, 235.2884 ns/op
WorkloadPilot   18: 2097152 op, 492709085.00 ns, 234.9420 ns/op
WorkloadPilot   19: 4194304 op, 986622263.00 ns, 235.2291 ns/op

OverheadWarmup   1: 4194304 op, 9577804.00 ns, 2.2835 ns/op
OverheadWarmup   2: 4194304 op, 9829515.00 ns, 2.3435 ns/op
OverheadWarmup   3: 4194304 op, 8882141.00 ns, 2.1177 ns/op
OverheadWarmup   4: 4194304 op, 8444438.00 ns, 2.0133 ns/op
OverheadWarmup   5: 4194304 op, 8460692.00 ns, 2.0172 ns/op
OverheadWarmup   6: 4194304 op, 8718363.00 ns, 2.0786 ns/op
OverheadWarmup   7: 4194304 op, 8710742.00 ns, 2.0768 ns/op

OverheadActual   1: 4194304 op, 9265341.00 ns, 2.2090 ns/op
OverheadActual   2: 4194304 op, 8994110.00 ns, 2.1444 ns/op
OverheadActual   3: 4194304 op, 9054522.00 ns, 2.1588 ns/op
OverheadActual   4: 4194304 op, 8749690.00 ns, 2.0861 ns/op
OverheadActual   5: 4194304 op, 8497388.00 ns, 2.0259 ns/op
OverheadActual   6: 4194304 op, 8506311.00 ns, 2.0281 ns/op
OverheadActual   7: 4194304 op, 8570149.00 ns, 2.0433 ns/op
OverheadActual   8: 4194304 op, 8778754.00 ns, 2.0930 ns/op
OverheadActual   9: 4194304 op, 8501885.00 ns, 2.0270 ns/op
OverheadActual  10: 4194304 op, 8749390.00 ns, 2.0860 ns/op
OverheadActual  11: 4194304 op, 8762069.00 ns, 2.0890 ns/op
OverheadActual  12: 4194304 op, 8450147.00 ns, 2.0147 ns/op
OverheadActual  13: 4194304 op, 8458819.00 ns, 2.0167 ns/op
OverheadActual  14: 4194304 op, 8770692.00 ns, 2.0911 ns/op
OverheadActual  15: 4194304 op, 8642839.00 ns, 2.0606 ns/op

WorkloadWarmup   1: 4194304 op, 991765932.00 ns, 236.4554 ns/op
WorkloadWarmup   2: 4194304 op, 992253240.00 ns, 236.5716 ns/op
WorkloadWarmup   3: 4194304 op, 989687605.00 ns, 235.9599 ns/op

// BeforeActualRun
WorkloadActual   1: 4194304 op, 994197895.00 ns, 237.0352 ns/op
WorkloadActual   2: 4194304 op, 996153698.00 ns, 237.5015 ns/op
WorkloadActual   3: 4194304 op, 989961409.00 ns, 236.0252 ns/op

// AfterActualRun
WorkloadResult   1: 4194304 op, 985448505.00 ns, 234.9492 ns/op
WorkloadResult   2: 4194304 op, 987404308.00 ns, 235.4155 ns/op
WorkloadResult   3: 4194304 op, 981212019.00 ns, 233.9392 ns/op
// GC:  635 5 0 10636754944 4194304
// Threading:  0 0 4194304

// AfterAll
// Benchmark Process 3614 has exited with code 0.

Mean = 234.768 ns, StdErr = 0.436 ns (0.19%), N = 3, StdDev = 0.755 ns
Min = 233.939 ns, Q1 = 234.444 ns, Median = 234.949 ns, Q3 = 235.182 ns, Max = 235.416 ns
IQR = 0.738 ns, LowerFence = 233.337 ns, UpperFence = 236.290 ns
ConfidenceInterval = [221.000 ns; 248.536 ns] (CI 99.9%), Margin = 13.768 ns (5.86% of Mean)
Skewness = -0.23, Kurtosis = 0.67, MValue = 2

// ** Remained 13 (65.0 %) benchmark(s) to run. Estimated finish 2026-10-06 11:29 (0h 1m from now) **
// **************************
// Benchmark: SpecificationScatterGatherBenchmarks.'MergeOrderAndPaginate overfetch (page 1, size 20)': ShortRun(IterationCount=3, LaunchCount=1, WarmupCount=3) [ShardCount=3, ItemsPerShard=100]
// *** Execute ***
// Launch: 1 / 1
// Execute: dotnet Encina.Benchmarks-ShortRun-1.dll --anonymousPipes 238 239 --benchmarkName "Encina.Benchmarks.Sharding.SpecificationScatterGatherBenchmarks.MergeOrderAndPaginate_OverfetchStrategy(ShardCount: 3, ItemsPerShard: 100)" --job ShortRun --benchmarkId 7 in /home/runner/work/Encina/Encina/tests/Encina.BenchmarkTests/Encina.Benchmarks/bin/Release/net10.0/Encina.Benchmarks-ShortRun-1/bin/Release/net10.0
// Failed to set up high priority (Permission denied). In order to run benchmarks with high priority, make sure you have the right permissions.
// BeforeAnythingElse

// Benchmark Process Environment Information:
// BenchmarkDotNet v0.15.8
// Runtime=.NET 10.0.12 (10.0.12, 10.0.1226.42308), X64 RyuJIT x86-64-v4
// GC=Concurrent Workstation
// HardwareIntrinsics=AVX512 BITALG+VBMI2+VNNI+VPOPCNTDQ,AVX512 IFMA+VBMI,AVX512 F+BW+CD+DQ+VL,AVX2+BMI1+BMI2+F16C+FMA+LZCNT+MOVBE,AVX,SSE3+SSSE3+SSE4.1+SSE4.2+POPCNT,X86Base+SSE+SSE2,AES+PCLMUL,AvxVnni VectorSize=256
// Job: ShortRun(IterationCount=3, LaunchCount=1, WarmupCount=3)

OverheadJitting  1: 1 op, 157579.00 ns, 157.5790 us/op
WorkloadJitting  1: 1 op, 8848691.00 ns, 8.8487 ms/op

OverheadJitting  2: 16 op, 322709.00 ns, 20.1693 us/op
WorkloadJitting  2: 16 op, 1390595.00 ns, 86.9122 us/op

WorkloadPilot    1: 16 op, 832831.00 ns, 52.0519 us/op
WorkloadPilot    2: 32 op, 1704401.00 ns, 53.2625 us/op
WorkloadPilot    3: 64 op, 3172805.00 ns, 49.5751 us/op
WorkloadPilot    4: 128 op, 6140319.00 ns, 47.9712 us/op
WorkloadPilot    5: 256 op, 12097420.00 ns, 47.2555 us/op
WorkloadPilot    6: 512 op, 26373600.00 ns, 51.5109 us/op
WorkloadPilot    7: 1024 op, 46936790.00 ns, 45.8367 us/op
WorkloadPilot    8: 2048 op, 86029162.00 ns, 42.0064 us/op
WorkloadPilot    9: 4096 op, 172619404.00 ns, 42.1434 us/op
WorkloadPilot   10: 8192 op, 346634322.00 ns, 42.3138 us/op
WorkloadPilot   11: 16384 op, 688306349.00 ns, 42.0109 us/op

OverheadWarmup   1: 16384 op, 33540.00 ns, 2.0471 ns/op
OverheadWarmup   2: 16384 op, 39420.00 ns, 2.4060 ns/op
OverheadWarmup   3: 16384 op, 38778.00 ns, 2.3668 ns/op
OverheadWarmup   4: 16384 op, 46190.00 ns, 2.8192 ns/op
OverheadWarmup   5: 16384 op, 38878.00 ns, 2.3729 ns/op

OverheadActual   1: 16384 op, 41092.00 ns, 2.5081 ns/op
OverheadActual   2: 16384 op, 38899.00 ns, 2.3742 ns/op
OverheadActual   3: 16384 op, 40932.00 ns, 2.4983 ns/op
OverheadActual   4: 16384 op, 39159.00 ns, 2.3901 ns/op
OverheadActual   5: 16384 op, 39900.00 ns, 2.4353 ns/op
OverheadActual   6: 16384 op, 38979.00 ns, 2.3791 ns/op
OverheadActual   7: 16384 op, 38759.00 ns, 2.3657 ns/op
OverheadActual   8: 16384 op, 38709.00 ns, 2.3626 ns/op
OverheadActual   9: 16384 op, 39700.00 ns, 2.4231 ns/op
OverheadActual  10: 16384 op, 38718.00 ns, 2.3632 ns/op
OverheadActual  11: 16384 op, 38849.00 ns, 2.3712 ns/op
OverheadActual  12: 16384 op, 38729.00 ns, 2.3638 ns/op
OverheadActual  13: 16384 op, 38959.00 ns, 2.3779 ns/op
OverheadActual  14: 16384 op, 38939.00 ns, 2.3766 ns/op
OverheadActual  15: 16384 op, 38979.00 ns, 2.3791 ns/op

WorkloadWarmup   1: 16384 op, 694935910.00 ns, 42.4155 us/op
WorkloadWarmup   2: 16384 op, 738058894.00 ns, 45.0475 us/op
WorkloadWarmup   3: 16384 op, 686558011.00 ns, 41.9042 us/op

// BeforeActualRun
WorkloadActual   1: 16384 op, 689381958.00 ns, 42.0765 us/op
WorkloadActual   2: 16384 op, 704734577.00 ns, 43.0136 us/op
WorkloadActual   3: 16384 op, 697730540.00 ns, 42.5861 us/op

// AfterActualRun
WorkloadResult   1: 16384 op, 689342999.00 ns, 42.0742 us/op
WorkloadResult   2: 16384 op, 704695618.00 ns, 43.0112 us/op
WorkloadResult   3: 16384 op, 697691581.00 ns, 42.5837 us/op
// GC:  22 21 0 377739088 16384
// Threading:  0 0 16384

// AfterAll
// Benchmark Process 3621 has exited with code 0.

Mean = 42.556 μs, StdErr = 0.271 μs (0.64%), N = 3, StdDev = 0.469 μs
Min = 42.074 μs, Q1 = 42.329 μs, Median = 42.584 μs, Q3 = 42.797 μs, Max = 43.011 μs
IQR = 0.469 μs, LowerFence = 41.626 μs, UpperFence = 43.500 μs
ConfidenceInterval = [33.998 μs; 51.115 μs] (CI 99.9%), Margin = 8.559 μs (20.11% of Mean)
Skewness = -0.06, Kurtosis = 0.67, MValue = 2

// ** Remained 12 (60.0 %) benchmark(s) to run. Estimated finish 2026-10-06 11:29 (0h 1m from now) **
// **************************
// Benchmark: SpecificationScatterGatherBenchmarks.'MergeOrderAndPaginate large page (page 2, size 100)': ShortRun(IterationCount=3, LaunchCount=1, WarmupCount=3) [ShardCount=3, ItemsPerShard=100]
// *** Execute ***
// Launch: 1 / 1
// Execute: dotnet Encina.Benchmarks-ShortRun-1.dll --anonymousPipes 238 239 --benchmarkName "Encina.Benchmarks.Sharding.SpecificationScatterGatherBenchmarks.MergeOrderAndPaginate_LargePage(ShardCount: 3, ItemsPerShard: 100)" --job ShortRun --benchmarkId 8 in /home/runner/work/Encina/Encina/tests/Encina.BenchmarkTests/Encina.Benchmarks/bin/Release/net10.0/Encina.Benchmarks-ShortRun-1/bin/Release/net10.0
// Failed to set up high priority (Permission denied). In order to run benchmarks with high priority, make sure you have the right permissions.
// BeforeAnythingElse

// Benchmark Process Environment Information:
// BenchmarkDotNet v0.15.8
// Runtime=.NET 10.0.12 (10.0.12, 10.0.1226.42308), X64 RyuJIT x86-64-v4
// GC=Concurrent Workstation
// HardwareIntrinsics=AVX512 BITALG+VBMI2+VNNI+VPOPCNTDQ,AVX512 IFMA+VBMI,AVX512 F+BW+CD+DQ+VL,AVX2+BMI1+BMI2+F16C+FMA+LZCNT+MOVBE,AVX,SSE3+SSSE3+SSE4.1+SSE4.2+POPCNT,X86Base+SSE+SSE2,AES+PCLMUL,AvxVnni VectorSize=256
// Job: ShortRun(IterationCount=3, LaunchCount=1, WarmupCount=3)

OverheadJitting  1: 1 op, 159531.00 ns, 159.5310 us/op
WorkloadJitting  1: 1 op, 8780207.00 ns, 8.7802 ms/op

OverheadJitting  2: 16 op, 308457.00 ns, 19.2786 us/op
WorkloadJitting  2: 16 op, 1367381.00 ns, 85.4613 us/op

WorkloadPilot    1: 16 op, 837408.00 ns, 52.3380 us/op
WorkloadPilot    2: 32 op, 1630329.00 ns, 50.9478 us/op
WorkloadPilot    3: 64 op, 3133095.00 ns, 48.9546 us/op
WorkloadPilot    4: 128 op, 6172868.00 ns, 48.2255 us/op
WorkloadPilot    5: 256 op, 12063999.00 ns, 47.1250 us/op
WorkloadPilot    6: 512 op, 26026324.00 ns, 50.8327 us/op
WorkloadPilot    7: 1024 op, 46462052.00 ns, 45.3731 us/op
WorkloadPilot    8: 2048 op, 85190091.00 ns, 41.5967 us/op
WorkloadPilot    9: 4096 op, 169007644.00 ns, 41.2616 us/op
WorkloadPilot   10: 8192 op, 339701723.00 ns, 41.4675 us/op
WorkloadPilot   11: 16384 op, 674769580.00 ns, 41.1847 us/op

OverheadWarmup   1: 16384 op, 33631.00 ns, 2.0527 ns/op
OverheadWarmup   2: 16384 op, 56095.00 ns, 3.4238 ns/op
OverheadWarmup   3: 16384 op, 33160.00 ns, 2.0239 ns/op
OverheadWarmup   4: 16384 op, 33110.00 ns, 2.0209 ns/op
OverheadWarmup   5: 16384 op, 33160.00 ns, 2.0239 ns/op
OverheadWarmup   6: 16384 op, 33170.00 ns, 2.0245 ns/op
OverheadWarmup   7: 16384 op, 33060.00 ns, 2.0178 ns/op

OverheadActual   1: 16384 op, 33340.00 ns, 2.0349 ns/op
OverheadActual   2: 16384 op, 33401.00 ns, 2.0386 ns/op
OverheadActual   3: 16384 op, 33421.00 ns, 2.0399 ns/op
OverheadActual   4: 16384 op, 33291.00 ns, 2.0319 ns/op
OverheadActual   5: 16384 op, 33361.00 ns, 2.0362 ns/op
OverheadActual   6: 16384 op, 33270.00 ns, 2.0306 ns/op
OverheadActual   7: 16384 op, 33110.00 ns, 2.0209 ns/op
OverheadActual   8: 16384 op, 33110.00 ns, 2.0209 ns/op
OverheadActual   9: 16384 op, 33041.00 ns, 2.0167 ns/op
OverheadActual  10: 16384 op, 33040.00 ns, 2.0166 ns/op
OverheadActual  11: 16384 op, 33120.00 ns, 2.0215 ns/op
OverheadActual  12: 16384 op, 33030.00 ns, 2.0160 ns/op
OverheadActual  13: 16384 op, 33000.00 ns, 2.0142 ns/op
OverheadActual  14: 16384 op, 33040.00 ns, 2.0166 ns/op
OverheadActual  15: 16384 op, 33020.00 ns, 2.0154 ns/op

WorkloadWarmup   1: 16384 op, 685114592.00 ns, 41.8161 us/op
WorkloadWarmup   2: 16384 op, 682340602.00 ns, 41.6468 us/op
WorkloadWarmup   3: 16384 op, 676925041.00 ns, 41.3162 us/op

// BeforeActualRun
WorkloadActual   1: 16384 op, 677026174.00 ns, 41.3224 us/op
WorkloadActual   2: 16384 op, 677251285.00 ns, 41.3361 us/op
WorkloadActual   3: 16384 op, 673743784.00 ns, 41.1221 us/op

// AfterActualRun
WorkloadResult   1: 16384 op, 676993064.00 ns, 41.3204 us/op
WorkloadResult   2: 16384 op, 677218175.00 ns, 41.3341 us/op
WorkloadResult   3: 16384 op, 673710674.00 ns, 41.1200 us/op
// GC:  23 22 0 388231448 16384
// Threading:  0 0 16384

// AfterAll
// Benchmark Process 3628 has exited with code 0.

Mean = 41.258 μs, StdErr = 0.069 μs (0.17%), N = 3, StdDev = 0.120 μs
Min = 41.120 μs, Q1 = 41.220 μs, Median = 41.320 μs, Q3 = 41.327 μs, Max = 41.334 μs
IQR = 0.107 μs, LowerFence = 41.060 μs, UpperFence = 41.488 μs
ConfidenceInterval = [39.072 μs; 43.444 μs] (CI 99.9%), Margin = 2.186 μs (5.30% of Mean)
Skewness = -0.38, Kurtosis = 0.67, MValue = 2

// ** Remained 11 (55.0 %) benchmark(s) to run. Estimated finish 2026-10-06 11:29 (0h 1m from now) **
// **************************
// Benchmark: SpecificationScatterGatherBenchmarks.'MergeAndOrder with descending ordering': ShortRun(IterationCount=3, LaunchCount=1, WarmupCount=3) [ShardCount=3, ItemsPerShard=100]
// *** Execute ***
// Launch: 1 / 1
// Execute: dotnet Encina.Benchmarks-ShortRun-1.dll --anonymousPipes 238 239 --benchmarkName "Encina.Benchmarks.Sharding.SpecificationScatterGatherBenchmarks.MergeAndOrder_Descending(ShardCount: 3, ItemsPerShard: 100)" --job ShortRun --benchmarkId 9 in /home/runner/work/Encina/Encina/tests/Encina.BenchmarkTests/Encina.Benchmarks/bin/Release/net10.0/Encina.Benchmarks-ShortRun-1/bin/Release/net10.0
// Failed to set up high priority (Permission denied). In order to run benchmarks with high priority, make sure you have the right permissions.
// BeforeAnythingElse

// Benchmark Process Environment Information:
// BenchmarkDotNet v0.15.8
// Runtime=.NET 10.0.12 (10.0.12, 10.0.1226.42308), X64 RyuJIT x86-64-v4
// GC=Concurrent Workstation
// HardwareIntrinsics=AVX512 BITALG+VBMI2+VNNI+VPOPCNTDQ,AVX512 IFMA+VBMI,AVX512 F+BW+CD+DQ+VL,AVX2+BMI1+BMI2+F16C+FMA+LZCNT+MOVBE,AVX,SSE3+SSSE3+SSE4.1+SSE4.2+POPCNT,X86Base+SSE+SSE2,AES+PCLMUL,AvxVnni VectorSize=256
// Job: ShortRun(IterationCount=3, LaunchCount=1, WarmupCount=3)

OverheadJitting  1: 1 op, 159471.00 ns, 159.4710 us/op
WorkloadJitting  1: 1 op, 8260299.00 ns, 8.2603 ms/op

OverheadJitting  2: 16 op, 308307.00 ns, 19.2692 us/op
WorkloadJitting  2: 16 op, 1534834.00 ns, 95.9271 us/op

WorkloadPilot    1: 16 op, 973374.00 ns, 60.8359 us/op
WorkloadPilot    2: 32 op, 1956673.00 ns, 61.1460 us/op
WorkloadPilot    3: 64 op, 3707354.00 ns, 57.9274 us/op
WorkloadPilot    4: 128 op, 7299314.00 ns, 57.0259 us/op
WorkloadPilot    5: 256 op, 14445795.00 ns, 56.4289 us/op
WorkloadPilot    6: 512 op, 30551596.00 ns, 59.6711 us/op
WorkloadPilot    7: 1024 op, 55593036.00 ns, 54.2901 us/op
WorkloadPilot    8: 2048 op, 110260606.00 ns, 53.8382 us/op
WorkloadPilot    9: 4096 op, 205002802.00 ns, 50.0495 us/op
WorkloadPilot   10: 8192 op, 410179479.00 ns, 50.0707 us/op
WorkloadPilot   11: 16384 op, 818515917.00 ns, 49.9582 us/op

OverheadWarmup   1: 16384 op, 37867.00 ns, 2.3112 ns/op
OverheadWarmup   2: 16384 op, 37617.00 ns, 2.2960 ns/op
OverheadWarmup   3: 16384 op, 37536.00 ns, 2.2910 ns/op
OverheadWarmup   4: 16384 op, 37487.00 ns, 2.2880 ns/op
OverheadWarmup   5: 16384 op, 37537.00 ns, 2.2911 ns/op
OverheadWarmup   6: 16384 op, 37366.00 ns, 2.2806 ns/op
OverheadWarmup   7: 16384 op, 37667.00 ns, 2.2990 ns/op
OverheadWarmup   8: 16384 op, 37497.00 ns, 2.2886 ns/op

OverheadActual   1: 16384 op, 38488.00 ns, 2.3491 ns/op
OverheadActual   2: 16384 op, 38248.00 ns, 2.3345 ns/op
OverheadActual   3: 16384 op, 41232.00 ns, 2.5166 ns/op
OverheadActual   4: 16384 op, 39379.00 ns, 2.4035 ns/op
OverheadActual   5: 16384 op, 40061.00 ns, 2.4451 ns/op
OverheadActual   6: 16384 op, 39099.00 ns, 2.3864 ns/op
OverheadActual   7: 16384 op, 39009.00 ns, 2.3809 ns/op
OverheadActual   8: 16384 op, 38849.00 ns, 2.3712 ns/op
OverheadActual   9: 16384 op, 38759.00 ns, 2.3657 ns/op
OverheadActual  10: 16384 op, 39019.00 ns, 2.3815 ns/op
OverheadActual  11: 16384 op, 38799.00 ns, 2.3681 ns/op
OverheadActual  12: 16384 op, 38949.00 ns, 2.3773 ns/op
OverheadActual  13: 16384 op, 39310.00 ns, 2.3993 ns/op
OverheadActual  14: 16384 op, 39009.00 ns, 2.3809 ns/op
OverheadActual  15: 16384 op, 38899.00 ns, 2.3742 ns/op

WorkloadWarmup   1: 16384 op, 826359494.00 ns, 50.4370 us/op
WorkloadWarmup   2: 16384 op, 823733020.00 ns, 50.2767 us/op
WorkloadWarmup   3: 16384 op, 820339874.00 ns, 50.0696 us/op

// BeforeActualRun
WorkloadActual   1: 16384 op, 824314582.00 ns, 50.3122 us/op
WorkloadActual   2: 16384 op, 820762814.00 ns, 50.0954 us/op
WorkloadActual   3: 16384 op, 819496868.00 ns, 50.0181 us/op

// AfterActualRun
WorkloadResult   1: 16384 op, 824275573.00 ns, 50.3098 us/op
WorkloadResult   2: 16384 op, 820723805.00 ns, 50.0930 us/op
WorkloadResult   3: 16384 op, 819457859.00 ns, 50.0157 us/op
// GC:  22 21 0 372632584 16384
// Threading:  0 0 16384

// AfterAll
// Benchmark Process 3636 has exited with code 0.

Mean = 50.140 μs, StdErr = 0.088 μs (0.18%), N = 3, StdDev = 0.152 μs
Min = 50.016 μs, Q1 = 50.054 μs, Median = 50.093 μs, Q3 = 50.201 μs, Max = 50.310 μs
IQR = 0.147 μs, LowerFence = 49.834 μs, UpperFence = 50.422 μs
ConfidenceInterval = [47.358 μs; 52.921 μs] (CI 99.9%), Margin = 2.781 μs (5.55% of Mean)
Skewness = 0.28, Kurtosis = 0.67, MValue = 2

// ** Remained 10 (50.0 %) benchmark(s) to run. Estimated finish 2026-10-06 11:29 (0h 1m from now) **
// **************************
// Benchmark: SpecificationScatterGatherBenchmarks.'MergeAndOrder with ascending ordering': ShortRun(IterationCount=3, LaunchCount=1, WarmupCount=3) [ShardCount=25, ItemsPerShard=10]
// *** Execute ***
// Launch: 1 / 1
// Execute: dotnet Encina.Benchmarks-ShortRun-1.dll --anonymousPipes 238 239 --benchmarkName "Encina.Benchmarks.Sharding.SpecificationScatterGatherBenchmarks.MergeAndOrder_WithOrdering(ShardCount: 25, ItemsPerShard: 10)" --job ShortRun --benchmarkId 10 in /home/runner/work/Encina/Encina/tests/Encina.BenchmarkTests/Encina.Benchmarks/bin/Release/net10.0/Encina.Benchmarks-ShortRun-1/bin/Release/net10.0
// Failed to set up high priority (Permission denied). In order to run benchmarks with high priority, make sure you have the right permissions.
// BeforeAnythingElse

// Benchmark Process Environment Information:
// BenchmarkDotNet v0.15.8
// Runtime=.NET 10.0.12 (10.0.12, 10.0.1226.42308), X64 RyuJIT x86-64-v4
// GC=Concurrent Workstation
// HardwareIntrinsics=AVX512 BITALG+VBMI2+VNNI+VPOPCNTDQ,AVX512 IFMA+VBMI,AVX512 F+BW+CD+DQ+VL,AVX2+BMI1+BMI2+F16C+FMA+LZCNT+MOVBE,AVX,SSE3+SSSE3+SSE4.1+SSE4.2+POPCNT,X86Base+SSE+SSE2,AES+PCLMUL,AvxVnni VectorSize=256
// Job: ShortRun(IterationCount=3, LaunchCount=1, WarmupCount=3)

OverheadJitting  1: 1 op, 162456.00 ns, 162.4560 us/op
WorkloadJitting  1: 1 op, 8186138.00 ns, 8.1861 ms/op

OverheadJitting  2: 16 op, 306514.00 ns, 19.1571 us/op
WorkloadJitting  2: 16 op, 1282673.00 ns, 80.1671 us/op

WorkloadPilot    1: 16 op, 742654.00 ns, 46.4159 us/op
WorkloadPilot    2: 32 op, 1422444.00 ns, 44.4514 us/op
WorkloadPilot    3: 64 op, 2667710.00 ns, 41.6830 us/op
WorkloadPilot    4: 128 op, 5153074.00 ns, 40.2584 us/op
WorkloadPilot    5: 256 op, 10176322.00 ns, 39.7513 us/op
WorkloadPilot    6: 512 op, 22283098.00 ns, 43.5217 us/op
WorkloadPilot    7: 1024 op, 41072964.00 ns, 40.1103 us/op
WorkloadPilot    8: 2048 op, 72470406.00 ns, 35.3859 us/op
WorkloadPilot    9: 4096 op, 144593485.00 ns, 35.3011 us/op
WorkloadPilot   10: 8192 op, 290808726.00 ns, 35.4991 us/op
WorkloadPilot   11: 16384 op, 579597112.00 ns, 35.3758 us/op

OverheadWarmup   1: 16384 op, 37226.00 ns, 2.2721 ns/op
OverheadWarmup   2: 16384 op, 32879.00 ns, 2.0068 ns/op
OverheadWarmup   3: 16384 op, 32719.00 ns, 1.9970 ns/op
OverheadWarmup   4: 16384 op, 32760.00 ns, 1.9995 ns/op
OverheadWarmup   5: 16384 op, 32850.00 ns, 2.0050 ns/op
OverheadWarmup   6: 16384 op, 32780.00 ns, 2.0007 ns/op
OverheadWarmup   7: 16384 op, 32799.00 ns, 2.0019 ns/op
OverheadWarmup   8: 16384 op, 32699.00 ns, 1.9958 ns/op

OverheadActual   1: 16384 op, 33230.00 ns, 2.0282 ns/op
OverheadActual   2: 16384 op, 33120.00 ns, 2.0215 ns/op
OverheadActual   3: 16384 op, 33200.00 ns, 2.0264 ns/op
OverheadActual   4: 16384 op, 33070.00 ns, 2.0184 ns/op
OverheadActual   5: 16384 op, 33080.00 ns, 2.0190 ns/op
OverheadActual   6: 16384 op, 32770.00 ns, 2.0001 ns/op
OverheadActual   7: 16384 op, 36355.00 ns, 2.2189 ns/op
OverheadActual   8: 16384 op, 32779.00 ns, 2.0007 ns/op
OverheadActual   9: 16384 op, 32759.00 ns, 1.9995 ns/op
OverheadActual  10: 16384 op, 32759.00 ns, 1.9995 ns/op
OverheadActual  11: 16384 op, 32789.00 ns, 2.0013 ns/op
OverheadActual  12: 16384 op, 32760.00 ns, 1.9995 ns/op
OverheadActual  13: 16384 op, 32820.00 ns, 2.0032 ns/op
OverheadActual  14: 16384 op, 32799.00 ns, 2.0019 ns/op
OverheadActual  15: 16384 op, 32730.00 ns, 1.9977 ns/op

WorkloadWarmup   1: 16384 op, 586571414.00 ns, 35.8015 us/op
WorkloadWarmup   2: 16384 op, 580369281.00 ns, 35.4229 us/op
WorkloadWarmup   3: 16384 op, 574462326.00 ns, 35.0624 us/op

// BeforeActualRun
WorkloadActual   1: 16384 op, 577018660.00 ns, 35.2184 us/op
WorkloadActual   2: 16384 op, 578149132.00 ns, 35.2874 us/op
WorkloadActual   3: 16384 op, 575983912.00 ns, 35.1553 us/op

// AfterActualRun
WorkloadResult   1: 16384 op, 576985861.00 ns, 35.2164 us/op
WorkloadResult   2: 16384 op, 578116333.00 ns, 35.2854 us/op
WorkloadResult   3: 16384 op, 575951113.00 ns, 35.1533 us/op
// GC:  19 18 0 323478688 16384
// Threading:  0 0 16384

// AfterAll
// Benchmark Process 3644 has exited with code 0.

Mean = 35.218 μs, StdErr = 0.038 μs (0.11%), N = 3, StdDev = 0.066 μs
Min = 35.153 μs, Q1 = 35.185 μs, Median = 35.216 μs, Q3 = 35.251 μs, Max = 35.285 μs
IQR = 0.066 μs, LowerFence = 35.086 μs, UpperFence = 35.350 μs
ConfidenceInterval = [34.012 μs; 36.424 μs] (CI 99.9%), Margin = 1.206 μs (3.42% of Mean)
Skewness = 0.03, Kurtosis = 0.67, MValue = 2

// ** Remained 9 (45.0 %) benchmark(s) to run. Estimated finish 2026-10-06 11:29 (0h 1m from now) **
// **************************
// Benchmark: SpecificationScatterGatherBenchmarks.'MergeAndOrder without ordering': ShortRun(IterationCount=3, LaunchCount=1, WarmupCount=3) [ShardCount=25, ItemsPerShard=10]
// *** Execute ***
// Launch: 1 / 1
// Execute: dotnet Encina.Benchmarks-ShortRun-1.dll --anonymousPipes 238 239 --benchmarkName "Encina.Benchmarks.Sharding.SpecificationScatterGatherBenchmarks.MergeAndOrder_NoOrdering(ShardCount: 25, ItemsPerShard: 10)" --job ShortRun --benchmarkId 11 in /home/runner/work/Encina/Encina/tests/Encina.BenchmarkTests/Encina.Benchmarks/bin/Release/net10.0/Encina.Benchmarks-ShortRun-1/bin/Release/net10.0
// Failed to set up high priority (Permission denied). In order to run benchmarks with high priority, make sure you have the right permissions.
// BeforeAnythingElse

// Benchmark Process Environment Information:
// BenchmarkDotNet v0.15.8
// Runtime=.NET 10.0.12 (10.0.12, 10.0.1226.42308), X64 RyuJIT x86-64-v4
// GC=Concurrent Workstation
// HardwareIntrinsics=AVX512 BITALG+VBMI2+VNNI+VPOPCNTDQ,AVX512 IFMA+VBMI,AVX512 F+BW+CD+DQ+VL,AVX2+BMI1+BMI2+F16C+FMA+LZCNT+MOVBE,AVX,SSE3+SSSE3+SSE4.1+SSE4.2+POPCNT,X86Base+SSE+SSE2,AES+PCLMUL,AvxVnni VectorSize=256
// Job: ShortRun(IterationCount=3, LaunchCount=1, WarmupCount=3)

OverheadJitting  1: 1 op, 158439.00 ns, 158.4390 us/op
WorkloadJitting  1: 1 op, 1032534.00 ns, 1.0325 ms/op

OverheadJitting  2: 16 op, 345914.00 ns, 21.6196 us/op
WorkloadJitting  2: 16 op, 362539.00 ns, 22.6587 us/op

WorkloadPilot    1: 16 op, 48614.00 ns, 3.0384 us/op
WorkloadPilot    2: 32 op, 73311.00 ns, 2.2910 us/op
WorkloadPilot    3: 64 op, 119531.00 ns, 1.8677 us/op
WorkloadPilot    4: 128 op, 219933.00 ns, 1.7182 us/op
WorkloadPilot    5: 256 op, 334697.00 ns, 1.3074 us/op
WorkloadPilot    6: 512 op, 701342.00 ns, 1.3698 us/op
WorkloadPilot    7: 1024 op, 1421473.00 ns, 1.3882 us/op
WorkloadPilot    8: 2048 op, 2774932.00 ns, 1.3549 us/op
WorkloadPilot    9: 4096 op, 5577657.00 ns, 1.3617 us/op
WorkloadPilot   10: 8192 op, 11028051.00 ns, 1.3462 us/op
WorkloadPilot   11: 16384 op, 12650358.00 ns, 772.1166 ns/op
WorkloadPilot   12: 32768 op, 24884165.00 ns, 759.4044 ns/op
WorkloadPilot   13: 65536 op, 51665063.00 ns, 788.3463 ns/op
WorkloadPilot   14: 131072 op, 99883316.00 ns, 762.0492 ns/op
WorkloadPilot   15: 262144 op, 199475479.00 ns, 760.9386 ns/op
WorkloadPilot   16: 524288 op, 402333092.00 ns, 767.3895 ns/op
WorkloadPilot   17: 1048576 op, 801436662.00 ns, 764.3096 ns/op

OverheadWarmup   1: 1048576 op, 2769755.00 ns, 2.6414 ns/op
OverheadWarmup   2: 1048576 op, 2132500.00 ns, 2.0337 ns/op
OverheadWarmup   3: 1048576 op, 2117447.00 ns, 2.0194 ns/op
OverheadWarmup   4: 1048576 op, 2218450.00 ns, 2.1157 ns/op
OverheadWarmup   5: 1048576 op, 2129084.00 ns, 2.0305 ns/op
OverheadWarmup   6: 1048576 op, 2150296.00 ns, 2.0507 ns/op
OverheadWarmup   7: 1048576 op, 2279351.00 ns, 2.1738 ns/op
OverheadWarmup   8: 1048576 op, 2242856.00 ns, 2.1390 ns/op

OverheadActual   1: 1048576 op, 2677144.00 ns, 2.5531 ns/op
OverheadActual   2: 1048576 op, 2574428.00 ns, 2.4552 ns/op
OverheadActual   3: 1048576 op, 2318241.00 ns, 2.2108 ns/op
OverheadActual   4: 1048576 op, 2458494.00 ns, 2.3446 ns/op
OverheadActual   5: 1048576 op, 2761822.00 ns, 2.6339 ns/op
OverheadActual   6: 1048576 op, 2811278.00 ns, 2.6810 ns/op
OverheadActual   7: 1048576 op, 2526947.00 ns, 2.4099 ns/op
OverheadActual   8: 1048576 op, 2677375.00 ns, 2.5533 ns/op
OverheadActual   9: 1048576 op, 2482409.00 ns, 2.3674 ns/op
OverheadActual  10: 1048576 op, 2393455.00 ns, 2.2826 ns/op
OverheadActual  11: 1048576 op, 2172090.00 ns, 2.0715 ns/op
OverheadActual  12: 1048576 op, 2393484.00 ns, 2.2826 ns/op
OverheadActual  13: 1048576 op, 2475959.00 ns, 2.3613 ns/op
OverheadActual  14: 1048576 op, 2403881.00 ns, 2.2925 ns/op
OverheadActual  15: 1048576 op, 2348206.00 ns, 2.2394 ns/op
OverheadActual  16: 1048576 op, 2116595.00 ns, 2.0185 ns/op
OverheadActual  17: 1048576 op, 2393004.00 ns, 2.2821 ns/op
OverheadActual  18: 1048576 op, 2403691.00 ns, 2.2923 ns/op
OverheadActual  19: 1048576 op, 2380805.00 ns, 2.2705 ns/op
OverheadActual  20: 1048576 op, 2690174.00 ns, 2.5655 ns/op

WorkloadWarmup   1: 1048576 op, 805869225.00 ns, 768.5368 ns/op
WorkloadWarmup   2: 1048576 op, 800744985.00 ns, 763.6499 ns/op
WorkloadWarmup   3: 1048576 op, 802178345.00 ns, 765.0169 ns/op

// BeforeActualRun
WorkloadActual   1: 1048576 op, 801888066.00 ns, 764.7401 ns/op
WorkloadActual   2: 1048576 op, 813820396.00 ns, 776.1196 ns/op
WorkloadActual   3: 1048576 op, 806695246.00 ns, 769.3245 ns/op

// AfterActualRun
WorkloadResult   1: 1048576 op, 799456878.50 ns, 762.4215 ns/op
WorkloadResult   2: 1048576 op, 811389208.50 ns, 773.8010 ns/op
WorkloadResult   3: 1048576 op, 804264058.50 ns, 767.0060 ns/op
// GC:  133 1 0 2239758336 1048576
// Threading:  0 0 1048576

// AfterAll
// Benchmark Process 3651 has exited with code 0.

Mean = 767.743 ns, StdErr = 3.306 ns (0.43%), N = 3, StdDev = 5.725 ns
Min = 762.421 ns, Q1 = 764.714 ns, Median = 767.006 ns, Q3 = 770.404 ns, Max = 773.801 ns
IQR = 5.690 ns, LowerFence = 756.179 ns, UpperFence = 778.938 ns
ConfidenceInterval = [663.289 ns; 872.196 ns] (CI 99.9%), Margin = 104.454 ns (13.61% of Mean)
Skewness = 0.13, Kurtosis = 0.67, MValue = 2

// ** Remained 8 (40.0 %) benchmark(s) to run. Estimated finish 2026-10-06 11:29 (0h 0m from now) **
// **************************
// Benchmark: SpecificationScatterGatherBenchmarks.'MergeOrderAndPaginate overfetch (page 1, size 20)': ShortRun(IterationCount=3, LaunchCount=1, WarmupCount=3) [ShardCount=25, ItemsPerShard=10]
// *** Execute ***
// Launch: 1 / 1
// Execute: dotnet Encina.Benchmarks-ShortRun-1.dll --anonymousPipes 238 239 --benchmarkName "Encina.Benchmarks.Sharding.SpecificationScatterGatherBenchmarks.MergeOrderAndPaginate_OverfetchStrategy(ShardCount: 25, ItemsPerShard: 10)" --job ShortRun --benchmarkId 12 in /home/runner/work/Encina/Encina/tests/Encina.BenchmarkTests/Encina.Benchmarks/bin/Release/net10.0/Encina.Benchmarks-ShortRun-1/bin/Release/net10.0
// Failed to set up high priority (Permission denied). In order to run benchmarks with high priority, make sure you have the right permissions.
// BeforeAnythingElse

// Benchmark Process Environment Information:
// BenchmarkDotNet v0.15.8
// Runtime=.NET 10.0.12 (10.0.12, 10.0.1226.42308), X64 RyuJIT x86-64-v4
// GC=Concurrent Workstation
// HardwareIntrinsics=AVX512 BITALG+VBMI2+VNNI+VPOPCNTDQ,AVX512 IFMA+VBMI,AVX512 F+BW+CD+DQ+VL,AVX2+BMI1+BMI2+F16C+FMA+LZCNT+MOVBE,AVX,SSE3+SSSE3+SSE4.1+SSE4.2+POPCNT,X86Base+SSE+SSE2,AES+PCLMUL,AvxVnni VectorSize=256
// Job: ShortRun(IterationCount=3, LaunchCount=1, WarmupCount=3)

OverheadJitting  1: 1 op, 158230.00 ns, 158.2300 us/op
WorkloadJitting  1: 1 op, 8808830.00 ns, 8.8088 ms/op

OverheadJitting  2: 16 op, 338693.00 ns, 21.1683 us/op
WorkloadJitting  2: 16 op, 1252226.00 ns, 78.2641 us/op

WorkloadPilot    1: 16 op, 731037.00 ns, 45.6898 us/op
WorkloadPilot    2: 32 op, 1439340.00 ns, 44.9794 us/op
WorkloadPilot    3: 64 op, 2727039.00 ns, 42.6100 us/op
WorkloadPilot    4: 128 op, 5269981.00 ns, 41.1717 us/op
WorkloadPilot    5: 256 op, 10436655.00 ns, 40.7682 us/op
WorkloadPilot    6: 512 op, 22830014.00 ns, 44.5899 us/op
WorkloadPilot    7: 1024 op, 41760813.00 ns, 40.7820 us/op
WorkloadPilot    8: 2048 op, 75011138.00 ns, 36.6265 us/op
WorkloadPilot    9: 4096 op, 146924274.00 ns, 35.8702 us/op
WorkloadPilot   10: 8192 op, 297148795.00 ns, 36.2730 us/op
WorkloadPilot   11: 16384 op, 590767043.00 ns, 36.0576 us/op

OverheadWarmup   1: 16384 op, 33531.00 ns, 2.0466 ns/op
OverheadWarmup   2: 16384 op, 34852.00 ns, 2.1272 ns/op
OverheadWarmup   3: 16384 op, 32980.00 ns, 2.0129 ns/op
OverheadWarmup   4: 16384 op, 42094.00 ns, 2.5692 ns/op
OverheadWarmup   5: 16384 op, 32940.00 ns, 2.0105 ns/op

OverheadActual   1: 16384 op, 33170.00 ns, 2.0245 ns/op
OverheadActual   2: 16384 op, 33150.00 ns, 2.0233 ns/op
OverheadActual   3: 16384 op, 33190.00 ns, 2.0258 ns/op
OverheadActual   4: 16384 op, 33030.00 ns, 2.0160 ns/op
OverheadActual   5: 16384 op, 33100.00 ns, 2.0203 ns/op
OverheadActual   6: 16384 op, 32919.00 ns, 2.0092 ns/op
OverheadActual   7: 16384 op, 32870.00 ns, 2.0062 ns/op
OverheadActual   8: 16384 op, 32760.00 ns, 1.9995 ns/op
OverheadActual   9: 16384 op, 32810.00 ns, 2.0026 ns/op
OverheadActual  10: 16384 op, 32800.00 ns, 2.0020 ns/op
OverheadActual  11: 16384 op, 32850.00 ns, 2.0050 ns/op
OverheadActual  12: 16384 op, 32870.00 ns, 2.0062 ns/op
OverheadActual  13: 16384 op, 32880.00 ns, 2.0068 ns/op
OverheadActual  14: 16384 op, 54773.00 ns, 3.3431 ns/op
OverheadActual  15: 16384 op, 32920.00 ns, 2.0093 ns/op

WorkloadWarmup   1: 16384 op, 595358556.00 ns, 36.3378 us/op
WorkloadWarmup   2: 16384 op, 597367699.00 ns, 36.4604 us/op
WorkloadWarmup   3: 16384 op, 587258038.00 ns, 35.8434 us/op

// BeforeActualRun
WorkloadActual   1: 16384 op, 590027993.00 ns, 36.0125 us/op
WorkloadActual   2: 16384 op, 592180633.00 ns, 36.1438 us/op
WorkloadActual   3: 16384 op, 590618958.00 ns, 36.0485 us/op

// AfterActualRun
WorkloadResult   1: 16384 op, 589995074.00 ns, 36.0104 us/op
WorkloadResult   2: 16384 op, 592147714.00 ns, 36.1418 us/op
WorkloadResult   3: 16384 op, 590586039.00 ns, 36.0465 us/op
// GC:  19 18 0 328584472 16384
// Threading:  0 0 16384

// AfterAll
// Benchmark Process 3659 has exited with code 0.

Mean = 36.066 μs, StdErr = 0.039 μs (0.11%), N = 3, StdDev = 0.068 μs
Min = 36.010 μs, Q1 = 36.028 μs, Median = 36.047 μs, Q3 = 36.094 μs, Max = 36.142 μs
IQR = 0.066 μs, LowerFence = 35.930 μs, UpperFence = 36.193 μs
ConfidenceInterval = [34.828 μs; 37.305 μs] (CI 99.9%), Margin = 1.238 μs (3.43% of Mean)
Skewness = 0.27, Kurtosis = 0.67, MValue = 2

// ** Remained 7 (35.0 %) benchmark(s) to run. Estimated finish 2026-10-06 11:29 (0h 0m from now) **
// **************************
// Benchmark: SpecificationScatterGatherBenchmarks.'MergeOrderAndPaginate large page (page 2, size 100)': ShortRun(IterationCount=3, LaunchCount=1, WarmupCount=3) [ShardCount=25, ItemsPerShard=10]
// *** Execute ***
// Launch: 1 / 1
// Execute: dotnet Encina.Benchmarks-ShortRun-1.dll --anonymousPipes 238 239 --benchmarkName "Encina.Benchmarks.Sharding.SpecificationScatterGatherBenchmarks.MergeOrderAndPaginate_LargePage(ShardCount: 25, ItemsPerShard: 10)" --job ShortRun --benchmarkId 13 in /home/runner/work/Encina/Encina/tests/Encina.BenchmarkTests/Encina.Benchmarks/bin/Release/net10.0/Encina.Benchmarks-ShortRun-1/bin/Release/net10.0
// Failed to set up high priority (Permission denied). In order to run benchmarks with high priority, make sure you have the right permissions.
// BeforeAnythingElse

// Benchmark Process Environment Information:
// BenchmarkDotNet v0.15.8
// Runtime=.NET 10.0.12 (10.0.12, 10.0.1226.42308), X64 RyuJIT x86-64-v4
// GC=Concurrent Workstation
// HardwareIntrinsics=AVX512 BITALG+VBMI2+VNNI+VPOPCNTDQ,AVX512 IFMA+VBMI,AVX512 F+BW+CD+DQ+VL,AVX2+BMI1+BMI2+F16C+FMA+LZCNT+MOVBE,AVX,SSE3+SSSE3+SSE4.1+SSE4.2+POPCNT,X86Base+SSE+SSE2,AES+PCLMUL,AvxVnni VectorSize=256
// Job: ShortRun(IterationCount=3, LaunchCount=1, WarmupCount=3)

OverheadJitting  1: 1 op, 156848.00 ns, 156.8480 us/op
WorkloadJitting  1: 1 op, 8767808.00 ns, 8.7678 ms/op

OverheadJitting  2: 16 op, 327406.00 ns, 20.4629 us/op
WorkloadJitting  2: 16 op, 1272527.00 ns, 79.5329 us/op

WorkloadPilot    1: 16 op, 730106.00 ns, 45.6316 us/op
WorkloadPilot    2: 32 op, 1450307.00 ns, 45.3221 us/op
WorkloadPilot    3: 64 op, 2698387.00 ns, 42.1623 us/op
WorkloadPilot    4: 128 op, 5288579.00 ns, 41.3170 us/op
WorkloadPilot    5: 256 op, 10495775.00 ns, 40.9991 us/op
WorkloadPilot    6: 512 op, 23776948.00 ns, 46.4394 us/op
WorkloadPilot    7: 1024 op, 41616154.00 ns, 40.6408 us/op
WorkloadPilot    8: 2048 op, 75236709.00 ns, 36.7367 us/op
WorkloadPilot    9: 4096 op, 148723783.00 ns, 36.3095 us/op
WorkloadPilot   10: 8192 op, 295907184.00 ns, 36.1215 us/op
WorkloadPilot   11: 16384 op, 590706288.00 ns, 36.0539 us/op

OverheadWarmup   1: 16384 op, 33481.00 ns, 2.0435 ns/op
OverheadWarmup   2: 16384 op, 32990.00 ns, 2.0135 ns/op
OverheadWarmup   3: 16384 op, 32850.00 ns, 2.0050 ns/op
OverheadWarmup   4: 16384 op, 32910.00 ns, 2.0087 ns/op
OverheadWarmup   5: 16384 op, 32950.00 ns, 2.0111 ns/op
OverheadWarmup   6: 16384 op, 32920.00 ns, 2.0093 ns/op
OverheadWarmup   7: 16384 op, 32800.00 ns, 2.0020 ns/op
OverheadWarmup   8: 16384 op, 32889.00 ns, 2.0074 ns/op
OverheadWarmup   9: 16384 op, 32950.00 ns, 2.0111 ns/op
OverheadWarmup  10: 16384 op, 32930.00 ns, 2.0099 ns/op

OverheadActual   1: 16384 op, 33140.00 ns, 2.0227 ns/op
OverheadActual   2: 16384 op, 33150.00 ns, 2.0233 ns/op
OverheadActual   3: 16384 op, 55485.00 ns, 3.3865 ns/op
OverheadActual   4: 16384 op, 33040.00 ns, 2.0166 ns/op
OverheadActual   5: 16384 op, 33160.00 ns, 2.0239 ns/op
OverheadActual   6: 16384 op, 35473.00 ns, 2.1651 ns/op
OverheadActual   7: 16384 op, 32960.00 ns, 2.0117 ns/op
OverheadActual   8: 16384 op, 32940.00 ns, 2.0105 ns/op
OverheadActual   9: 16384 op, 32830.00 ns, 2.0038 ns/op
OverheadActual  10: 16384 op, 32870.00 ns, 2.0062 ns/op
OverheadActual  11: 16384 op, 32880.00 ns, 2.0068 ns/op
OverheadActual  12: 16384 op, 32860.00 ns, 2.0056 ns/op
OverheadActual  13: 16384 op, 51488.00 ns, 3.1426 ns/op
OverheadActual  14: 16384 op, 32840.00 ns, 2.0044 ns/op
OverheadActual  15: 16384 op, 32900.00 ns, 2.0081 ns/op

WorkloadWarmup   1: 16384 op, 598474843.00 ns, 36.5280 us/op
WorkloadWarmup   2: 16384 op, 596026886.00 ns, 36.3786 us/op
WorkloadWarmup   3: 16384 op, 595630005.00 ns, 36.3544 us/op

// BeforeActualRun
WorkloadActual   1: 16384 op, 600876941.00 ns, 36.6746 us/op
WorkloadActual   2: 16384 op, 603034038.00 ns, 36.8063 us/op
WorkloadActual   3: 16384 op, 593268678.00 ns, 36.2102 us/op

// AfterActualRun
WorkloadResult   1: 16384 op, 600843981.00 ns, 36.6726 us/op
WorkloadResult   2: 16384 op, 603001078.00 ns, 36.8043 us/op
WorkloadResult   3: 16384 op, 593235718.00 ns, 36.2082 us/op
// GC:  20 19 0 339077864 16384
// Threading:  0 0 16384

// AfterAll
// Benchmark Process 3666 has exited with code 0.

Mean = 36.562 μs, StdErr = 0.181 μs (0.49%), N = 3, StdDev = 0.313 μs
Min = 36.208 μs, Q1 = 36.440 μs, Median = 36.673 μs, Q3 = 36.738 μs, Max = 36.804 μs
IQR = 0.298 μs, LowerFence = 35.993 μs, UpperFence = 37.185 μs
ConfidenceInterval = [30.849 μs; 42.274 μs] (CI 99.9%), Margin = 5.712 μs (15.62% of Mean)
Skewness = -0.31, Kurtosis = 0.67, MValue = 2

// ** Remained 6 (30.0 %) benchmark(s) to run. Estimated finish 2026-10-06 11:29 (0h 0m from now) **
// **************************
// Benchmark: SpecificationScatterGatherBenchmarks.'MergeAndOrder with descending ordering': ShortRun(IterationCount=3, LaunchCount=1, WarmupCount=3) [ShardCount=25, ItemsPerShard=10]
// *** Execute ***
// Launch: 1 / 1
// Execute: dotnet Encina.Benchmarks-ShortRun-1.dll --anonymousPipes 238 239 --benchmarkName "Encina.Benchmarks.Sharding.SpecificationScatterGatherBenchmarks.MergeAndOrder_Descending(ShardCount: 25, ItemsPerShard: 10)" --job ShortRun --benchmarkId 14 in /home/runner/work/Encina/Encina/tests/Encina.BenchmarkTests/Encina.Benchmarks/bin/Release/net10.0/Encina.Benchmarks-ShortRun-1/bin/Release/net10.0
// Failed to set up high priority (Permission denied). In order to run benchmarks with high priority, make sure you have the right permissions.
// BeforeAnythingElse

// Benchmark Process Environment Information:
// BenchmarkDotNet v0.15.8
// Runtime=.NET 10.0.12 (10.0.12, 10.0.1226.42308), X64 RyuJIT x86-64-v4
// GC=Concurrent Workstation
// HardwareIntrinsics=AVX512 BITALG+VBMI2+VNNI+VPOPCNTDQ,AVX512 IFMA+VBMI,AVX512 F+BW+CD+DQ+VL,AVX2+BMI1+BMI2+F16C+FMA+LZCNT+MOVBE,AVX,SSE3+SSSE3+SSE4.1+SSE4.2+POPCNT,X86Base+SSE+SSE2,AES+PCLMUL,AvxVnni VectorSize=256
// Job: ShortRun(IterationCount=3, LaunchCount=1, WarmupCount=3)

OverheadJitting  1: 1 op, 158140.00 ns, 158.1400 us/op
WorkloadJitting  1: 1 op, 8116952.00 ns, 8.1170 ms/op

OverheadJitting  2: 16 op, 310470.00 ns, 19.4044 us/op
WorkloadJitting  2: 16 op, 1398628.00 ns, 87.4143 us/op

WorkloadPilot    1: 16 op, 809086.00 ns, 50.5679 us/op
WorkloadPilot    2: 32 op, 1665763.00 ns, 52.0551 us/op
WorkloadPilot    3: 64 op, 3106044.00 ns, 48.5319 us/op
WorkloadPilot    4: 128 op, 6033707.00 ns, 47.1383 us/op
WorkloadPilot    5: 256 op, 12091421.00 ns, 47.2321 us/op
WorkloadPilot    6: 512 op, 27800180.00 ns, 54.2972 us/op
WorkloadPilot    7: 1024 op, 48539969.00 ns, 47.4023 us/op
WorkloadPilot    8: 2048 op, 87489154.00 ns, 42.7193 us/op
WorkloadPilot    9: 4096 op, 173248258.00 ns, 42.2969 us/op
WorkloadPilot   10: 8192 op, 351863574.00 ns, 42.9521 us/op
WorkloadPilot   11: 16384 op, 701990969.00 ns, 42.8461 us/op

OverheadWarmup   1: 16384 op, 33742.00 ns, 2.0594 ns/op
OverheadWarmup   2: 16384 op, 38278.00 ns, 2.3363 ns/op
OverheadWarmup   3: 16384 op, 37526.00 ns, 2.2904 ns/op
OverheadWarmup   4: 16384 op, 37597.00 ns, 2.2947 ns/op
OverheadWarmup   5: 16384 op, 37547.00 ns, 2.2917 ns/op

OverheadActual   1: 16384 op, 39400.00 ns, 2.4048 ns/op
OverheadActual   2: 16384 op, 37276.00 ns, 2.2751 ns/op
OverheadActual   3: 16384 op, 39059.00 ns, 2.3840 ns/op
OverheadActual   4: 16384 op, 36526.00 ns, 2.2294 ns/op
OverheadActual   5: 16384 op, 38418.00 ns, 2.3448 ns/op
OverheadActual   6: 16384 op, 37386.00 ns, 2.2819 ns/op
OverheadActual   7: 16384 op, 37406.00 ns, 2.2831 ns/op
OverheadActual   8: 16384 op, 37337.00 ns, 2.2789 ns/op
OverheadActual   9: 16384 op, 37376.00 ns, 2.2813 ns/op
OverheadActual  10: 16384 op, 36425.00 ns, 2.2232 ns/op
OverheadActual  11: 16384 op, 37456.00 ns, 2.2861 ns/op
OverheadActual  12: 16384 op, 37457.00 ns, 2.2862 ns/op
OverheadActual  13: 16384 op, 37317.00 ns, 2.2776 ns/op
OverheadActual  14: 16384 op, 33020.00 ns, 2.0154 ns/op
OverheadActual  15: 16384 op, 33040.00 ns, 2.0166 ns/op
OverheadActual  16: 16384 op, 33000.00 ns, 2.0142 ns/op
OverheadActual  17: 16384 op, 43826.00 ns, 2.6749 ns/op
OverheadActual  18: 16384 op, 33330.00 ns, 2.0343 ns/op
OverheadActual  19: 16384 op, 33050.00 ns, 2.0172 ns/op
OverheadActual  20: 16384 op, 32980.00 ns, 2.0129 ns/op

WorkloadWarmup   1: 16384 op, 697319984.00 ns, 42.5610 us/op
WorkloadWarmup   2: 16384 op, 690504193.00 ns, 42.1450 us/op
WorkloadWarmup   3: 16384 op, 696567290.00 ns, 42.5151 us/op

// BeforeActualRun
WorkloadActual   1: 16384 op, 698436620.00 ns, 42.6292 us/op
WorkloadActual   2: 16384 op, 697424438.00 ns, 42.5674 us/op
WorkloadActual   3: 16384 op, 691819269.00 ns, 42.2253 us/op

// AfterActualRun
WorkloadResult   1: 16384 op, 698399293.00 ns, 42.6269 us/op
WorkloadResult   2: 16384 op, 697387111.00 ns, 42.5651 us/op
WorkloadResult   3: 16384 op, 691781942.00 ns, 42.2230 us/op
// GC:  19 18 0 323478712 16384
// Threading:  0 0 16384

// AfterAll
// Benchmark Process 3675 has exited with code 0.

Mean = 42.472 μs, StdErr = 0.126 μs (0.30%), N = 3, StdDev = 0.218 μs
Min = 42.223 μs, Q1 = 42.394 μs, Median = 42.565 μs, Q3 = 42.596 μs, Max = 42.627 μs
IQR = 0.202 μs, LowerFence = 42.091 μs, UpperFence = 42.899 μs
ConfidenceInterval = [38.503 μs; 46.441 μs] (CI 99.9%), Margin = 3.969 μs (9.35% of Mean)
Skewness = -0.35, Kurtosis = 0.67, MValue = 2

// ** Remained 5 (25.0 %) benchmark(s) to run. Estimated finish 2026-10-06 11:29 (0h 0m from now) **
// **************************
// Benchmark: SpecificationScatterGatherBenchmarks.'MergeAndOrder with ascending ordering': ShortRun(IterationCount=3, LaunchCount=1, WarmupCount=3) [ShardCount=25, ItemsPerShard=100]
// *** Execute ***
// Launch: 1 / 1
// Execute: dotnet Encina.Benchmarks-ShortRun-1.dll --anonymousPipes 238 239 --benchmarkName "Encina.Benchmarks.Sharding.SpecificationScatterGatherBenchmarks.MergeAndOrder_WithOrdering(ShardCount: 25, ItemsPerShard: 100)" --job ShortRun --benchmarkId 15 in /home/runner/work/Encina/Encina/tests/Encina.BenchmarkTests/Encina.Benchmarks/bin/Release/net10.0/Encina.Benchmarks-ShortRun-1/bin/Release/net10.0
// Failed to set up high priority (Permission denied). In order to run benchmarks with high priority, make sure you have the right permissions.
// BeforeAnythingElse

// Benchmark Process Environment Information:
// BenchmarkDotNet v0.15.8
// Runtime=.NET 10.0.12 (10.0.12, 10.0.1226.42308), X64 RyuJIT x86-64-v4
// GC=Concurrent Workstation
// HardwareIntrinsics=AVX512 BITALG+VBMI2+VNNI+VPOPCNTDQ,AVX512 IFMA+VBMI,AVX512 F+BW+CD+DQ+VL,AVX2+BMI1+BMI2+F16C+FMA+LZCNT+MOVBE,AVX,SSE3+SSSE3+SSE4.1+SSE4.2+POPCNT,X86Base+SSE+SSE2,AES+PCLMUL,AvxVnni VectorSize=256
// Job: ShortRun(IterationCount=3, LaunchCount=1, WarmupCount=3)

OverheadJitting  1: 1 op, 155846.00 ns, 155.8460 us/op
WorkloadJitting  1: 1 op, 8379700.00 ns, 8.3797 ms/op

OverheadJitting  2: 16 op, 307315.00 ns, 19.2072 us/op
WorkloadJitting  2: 16 op, 6171225.00 ns, 385.7016 us/op

WorkloadPilot    1: 16 op, 4876705.00 ns, 304.7941 us/op
WorkloadPilot    2: 32 op, 10479600.00 ns, 327.4875 us/op
WorkloadPilot    3: 64 op, 20902113.00 ns, 326.5955 us/op
WorkloadPilot    4: 128 op, 41807349.00 ns, 326.6199 us/op
WorkloadPilot    5: 256 op, 75523576.00 ns, 295.0140 us/op
WorkloadPilot    6: 512 op, 152360291.00 ns, 297.5787 us/op
WorkloadPilot    7: 1024 op, 302097439.00 ns, 295.0170 us/op
WorkloadPilot    8: 2048 op, 604530167.00 ns, 295.1807 us/op

OverheadWarmup   1: 2048 op, 4887.00 ns, 2.3862 ns/op
OverheadWarmup   2: 2048 op, 4287.00 ns, 2.0933 ns/op
OverheadWarmup   3: 2048 op, 7391.00 ns, 3.6089 ns/op
OverheadWarmup   4: 2048 op, 18068.00 ns, 8.8223 ns/op
OverheadWarmup   5: 2048 op, 7481.00 ns, 3.6528 ns/op
OverheadWarmup   6: 2048 op, 7541.00 ns, 3.6821 ns/op
OverheadWarmup   7: 2048 op, 7602.00 ns, 3.7119 ns/op
OverheadWarmup   8: 2048 op, 7541.00 ns, 3.6821 ns/op

OverheadActual   1: 2048 op, 7953.00 ns, 3.8833 ns/op
OverheadActual   2: 2048 op, 6851.00 ns, 3.3452 ns/op
OverheadActual   3: 2048 op, 7911.00 ns, 3.8628 ns/op
OverheadActual   4: 2048 op, 6640.00 ns, 3.2422 ns/op
OverheadActual   5: 2048 op, 7922.00 ns, 3.8682 ns/op
OverheadActual   6: 2048 op, 7661.00 ns, 3.7407 ns/op
OverheadActual   7: 2048 op, 7541.00 ns, 3.6821 ns/op
OverheadActual   8: 2048 op, 7591.00 ns, 3.7065 ns/op
OverheadActual   9: 2048 op, 7601.00 ns, 3.7114 ns/op
OverheadActual  10: 2048 op, 7471.00 ns, 3.6479 ns/op
OverheadActual  11: 2048 op, 7511.00 ns, 3.6675 ns/op
OverheadActual  12: 2048 op, 7462.00 ns, 3.6436 ns/op
OverheadActual  13: 2048 op, 7572.00 ns, 3.6973 ns/op
OverheadActual  14: 2048 op, 7521.00 ns, 3.6724 ns/op
OverheadActual  15: 2048 op, 7462.00 ns, 3.6436 ns/op
OverheadActual  16: 2048 op, 7461.00 ns, 3.6431 ns/op

WorkloadWarmup   1: 2048 op, 608247967.00 ns, 296.9961 us/op
WorkloadWarmup   2: 2048 op, 607715300.00 ns, 296.7360 us/op
WorkloadWarmup   3: 2048 op, 629956891.00 ns, 307.5961 us/op

// BeforeActualRun
WorkloadActual   1: 2048 op, 608241576.00 ns, 296.9930 us/op
WorkloadActual   2: 2048 op, 600285989.00 ns, 293.1084 us/op
WorkloadActual   3: 2048 op, 611753121.00 ns, 298.7076 us/op

// AfterActualRun
WorkloadResult   1: 2048 op, 608234045.00 ns, 296.9893 us/op
WorkloadResult   2: 2048 op, 600278458.00 ns, 293.1047 us/op
WorkloadResult   3: 2048 op, 611745590.00 ns, 298.7039 us/op
// GC:  18 9 0 316896856 2048
// Threading:  0 0 2048

// AfterAll
// Benchmark Process 3682 has exited with code 0.

Mean = 296.266 μs, StdErr = 1.656 μs (0.56%), N = 3, StdDev = 2.869 μs
Min = 293.105 μs, Q1 = 295.047 μs, Median = 296.989 μs, Q3 = 297.847 μs, Max = 298.704 μs
IQR = 2.800 μs, LowerFence = 290.848 μs, UpperFence = 302.046 μs
ConfidenceInterval = [243.928 μs; 348.604 μs] (CI 99.9%), Margin = 52.338 μs (17.67% of Mean)
Skewness = -0.24, Kurtosis = 0.67, MValue = 2

// ** Remained 4 (20.0 %) benchmark(s) to run. Estimated finish 2026-10-06 11:29 (0h 0m from now) **
// **************************
// Benchmark: SpecificationScatterGatherBenchmarks.'MergeAndOrder without ordering': ShortRun(IterationCount=3, LaunchCount=1, WarmupCount=3) [ShardCount=25, ItemsPerShard=100]
// *** Execute ***
// Launch: 1 / 1
// Execute: dotnet Encina.Benchmarks-ShortRun-1.dll --anonymousPipes 238 239 --benchmarkName "Encina.Benchmarks.Sharding.SpecificationScatterGatherBenchmarks.MergeAndOrder_NoOrdering(ShardCount: 25, ItemsPerShard: 100)" --job ShortRun --benchmarkId 16 in /home/runner/work/Encina/Encina/tests/Encina.BenchmarkTests/Encina.Benchmarks/bin/Release/net10.0/Encina.Benchmarks-ShortRun-1/bin/Release/net10.0
// Failed to set up high priority (Permission denied). In order to run benchmarks with high priority, make sure you have the right permissions.
// BeforeAnythingElse

// Benchmark Process Environment Information:
// BenchmarkDotNet v0.15.8
// Runtime=.NET 10.0.12 (10.0.12, 10.0.1226.42308), X64 RyuJIT x86-64-v4
// GC=Concurrent Workstation
// HardwareIntrinsics=AVX512 BITALG+VBMI2+VNNI+VPOPCNTDQ,AVX512 IFMA+VBMI,AVX512 F+BW+CD+DQ+VL,AVX2+BMI1+BMI2+F16C+FMA+LZCNT+MOVBE,AVX,SSE3+SSSE3+SSE4.1+SSE4.2+POPCNT,X86Base+SSE+SSE2,AES+PCLMUL,AvxVnni VectorSize=256
// Job: ShortRun(IterationCount=3, LaunchCount=1, WarmupCount=3)

OverheadJitting  1: 1 op, 153802.00 ns, 153.8020 us/op
WorkloadJitting  1: 1 op, 1003530.00 ns, 1.0035 ms/op

OverheadJitting  2: 16 op, 324220.00 ns, 20.2638 us/op
WorkloadJitting  2: 16 op, 447257.00 ns, 27.9536 us/op

WorkloadPilot    1: 16 op, 42935.00 ns, 2.6834 us/op
WorkloadPilot    2: 32 op, 163288.00 ns, 5.1028 us/op
WorkloadPilot    3: 64 op, 392935.00 ns, 6.1396 us/op
WorkloadPilot    4: 128 op, 786482.00 ns, 6.1444 us/op
WorkloadPilot    5: 256 op, 1601475.00 ns, 6.2558 us/op
WorkloadPilot    6: 512 op, 3289421.00 ns, 6.4247 us/op
WorkloadPilot    7: 1024 op, 4885869.00 ns, 4.7714 us/op
WorkloadPilot    8: 2048 op, 2436830.00 ns, 1.1899 us/op
WorkloadPilot    9: 4096 op, 4769593.00 ns, 1.1645 us/op
WorkloadPilot   10: 8192 op, 9634009.00 ns, 1.1760 us/op
WorkloadPilot   11: 16384 op, 20547978.00 ns, 1.2541 us/op
WorkloadPilot   12: 32768 op, 38081701.00 ns, 1.1622 us/op
WorkloadPilot   13: 65536 op, 78995882.00 ns, 1.2054 us/op
WorkloadPilot   14: 131072 op, 152708163.00 ns, 1.1651 us/op
WorkloadPilot   15: 262144 op, 302437836.00 ns, 1.1537 us/op
WorkloadPilot   16: 524288 op, 613403567.00 ns, 1.1700 us/op

OverheadWarmup   1: 524288 op, 1253519.00 ns, 2.3909 ns/op
OverheadWarmup   2: 524288 op, 1250163.00 ns, 2.3845 ns/op
OverheadWarmup   3: 524288 op, 1109070.00 ns, 2.1154 ns/op
OverheadWarmup   4: 524288 op, 1216342.00 ns, 2.3200 ns/op
OverheadWarmup   5: 524288 op, 1067697.00 ns, 2.0365 ns/op
OverheadWarmup   6: 524288 op, 1315853.00 ns, 2.5098 ns/op
OverheadWarmup   7: 524288 op, 1075469.00 ns, 2.0513 ns/op

OverheadActual   1: 524288 op, 1072274.00 ns, 2.0452 ns/op
OverheadActual   2: 524288 op, 1453681.00 ns, 2.7727 ns/op
OverheadActual   3: 524288 op, 1207559.00 ns, 2.3032 ns/op
OverheadActual   4: 524288 op, 1245356.00 ns, 2.3753 ns/op
OverheadActual   5: 524288 op, 1118564.00 ns, 2.1335 ns/op
OverheadActual   6: 524288 op, 1110582.00 ns, 2.1183 ns/op
OverheadActual   7: 524288 op, 1114538.00 ns, 2.1258 ns/op
OverheadActual   8: 524288 op, 1102530.00 ns, 2.1029 ns/op
OverheadActual   9: 524288 op, 1103331.00 ns, 2.1044 ns/op
OverheadActual  10: 524288 op, 1097192.00 ns, 2.0927 ns/op
OverheadActual  11: 524288 op, 1103150.00 ns, 2.1041 ns/op
OverheadActual  12: 524288 op, 1107887.00 ns, 2.1131 ns/op
OverheadActual  13: 524288 op, 1135249.00 ns, 2.1653 ns/op
OverheadActual  14: 524288 op, 1111423.00 ns, 2.1199 ns/op
OverheadActual  15: 524288 op, 1102760.00 ns, 2.1033 ns/op

WorkloadWarmup   1: 524288 op, 613196573.00 ns, 1.1696 us/op
WorkloadWarmup   2: 524288 op, 607418773.00 ns, 1.1586 us/op
WorkloadWarmup   3: 524288 op, 609294444.00 ns, 1.1621 us/op

// BeforeActualRun
WorkloadActual   1: 524288 op, 607451353.00 ns, 1.1586 us/op
WorkloadActual   2: 524288 op, 607842435.00 ns, 1.1594 us/op
WorkloadActual   3: 524288 op, 617176360.00 ns, 1.1772 us/op

// AfterActualRun
WorkloadResult   1: 524288 op, 606340771.00 ns, 1.1565 us/op
WorkloadResult   2: 524288 op, 606731853.00 ns, 1.1572 us/op
WorkloadResult   3: 524288 op, 616065778.00 ns, 1.1751 us/op
// GC:  630 41 0 10557063168 524288
// Threading:  0 0 524288

// AfterAll
// Benchmark Process 3693 has exited with code 0.

Mean = 1.163 μs, StdErr = 0.006 μs (0.52%), N = 3, StdDev = 0.011 μs
Min = 1.157 μs, Q1 = 1.157 μs, Median = 1.157 μs, Q3 = 1.166 μs, Max = 1.175 μs
IQR = 0.009 μs, LowerFence = 1.143 μs, UpperFence = 1.180 μs
ConfidenceInterval = [0.971 μs; 1.355 μs] (CI 99.9%), Margin = 0.192 μs (16.47% of Mean)
Skewness = 0.38, Kurtosis = 0.67, MValue = 2

// ** Remained 3 (15.0 %) benchmark(s) to run. Estimated finish 2026-10-06 11:29 (0h 0m from now) **
// **************************
// Benchmark: SpecificationScatterGatherBenchmarks.'MergeOrderAndPaginate overfetch (page 1, size 20)': ShortRun(IterationCount=3, LaunchCount=1, WarmupCount=3) [ShardCount=25, ItemsPerShard=100]
// *** Execute ***
// Launch: 1 / 1
// Execute: dotnet Encina.Benchmarks-ShortRun-1.dll --anonymousPipes 238 239 --benchmarkName "Encina.Benchmarks.Sharding.SpecificationScatterGatherBenchmarks.MergeOrderAndPaginate_OverfetchStrategy(ShardCount: 25, ItemsPerShard: 100)" --job ShortRun --benchmarkId 17 in /home/runner/work/Encina/Encina/tests/Encina.BenchmarkTests/Encina.Benchmarks/bin/Release/net10.0/Encina.Benchmarks-ShortRun-1/bin/Release/net10.0
// Failed to set up high priority (Permission denied). In order to run benchmarks with high priority, make sure you have the right permissions.
// BeforeAnythingElse

// Benchmark Process Environment Information:
// BenchmarkDotNet v0.15.8
// Runtime=.NET 10.0.12 (10.0.12, 10.0.1226.42308), X64 RyuJIT x86-64-v4
// GC=Concurrent Workstation
// HardwareIntrinsics=AVX512 BITALG+VBMI2+VNNI+VPOPCNTDQ,AVX512 IFMA+VBMI,AVX512 F+BW+CD+DQ+VL,AVX2+BMI1+BMI2+F16C+FMA+LZCNT+MOVBE,AVX,SSE3+SSSE3+SSE4.1+SSE4.2+POPCNT,X86Base+SSE+SSE2,AES+PCLMUL,AvxVnni VectorSize=256
// Job: ShortRun(IterationCount=3, LaunchCount=1, WarmupCount=3)

OverheadJitting  1: 1 op, 157909.00 ns, 157.9090 us/op
WorkloadJitting  1: 1 op, 9105850.00 ns, 9.1059 ms/op

OverheadJitting  2: 16 op, 309078.00 ns, 19.3174 us/op
WorkloadJitting  2: 16 op, 6245018.00 ns, 390.3136 us/op

WorkloadPilot    1: 16 op, 5002896.00 ns, 312.6810 us/op
WorkloadPilot    2: 32 op, 10717891.00 ns, 334.9341 us/op
WorkloadPilot    3: 64 op, 21296031.00 ns, 332.7505 us/op
WorkloadPilot    4: 128 op, 42710832.00 ns, 333.6784 us/op
WorkloadPilot    5: 256 op, 77507359.00 ns, 302.7631 us/op
WorkloadPilot    6: 512 op, 156686508.00 ns, 306.0283 us/op
WorkloadPilot    7: 1024 op, 309099214.00 ns, 301.8547 us/op
WorkloadPilot    8: 2048 op, 614791860.00 ns, 300.1913 us/op

OverheadWarmup   1: 2048 op, 5017.00 ns, 2.4497 ns/op
OverheadWarmup   2: 2048 op, 4347.00 ns, 2.1226 ns/op
OverheadWarmup   3: 2048 op, 4286.00 ns, 2.0928 ns/op
OverheadWarmup   4: 2048 op, 4326.00 ns, 2.1123 ns/op
OverheadWarmup   5: 2048 op, 4426.00 ns, 2.1611 ns/op
OverheadWarmup   6: 2048 op, 4327.00 ns, 2.1128 ns/op
OverheadWarmup   7: 2048 op, 4276.00 ns, 2.0879 ns/op
OverheadWarmup   8: 2048 op, 4267.00 ns, 2.0835 ns/op
OverheadWarmup   9: 2048 op, 4287.00 ns, 2.0933 ns/op
OverheadWarmup  10: 2048 op, 6140.00 ns, 2.9980 ns/op

OverheadActual   1: 2048 op, 4567.00 ns, 2.2300 ns/op
OverheadActual   2: 2048 op, 4556.00 ns, 2.2246 ns/op
OverheadActual   3: 2048 op, 4547.00 ns, 2.2202 ns/op
OverheadActual   4: 2048 op, 4467.00 ns, 2.1812 ns/op
OverheadActual   5: 2048 op, 4497.00 ns, 2.1958 ns/op
OverheadActual   6: 2048 op, 4337.00 ns, 2.1177 ns/op
OverheadActual   7: 2048 op, 4277.00 ns, 2.0884 ns/op
OverheadActual   8: 2048 op, 4246.00 ns, 2.0732 ns/op
OverheadActual   9: 2048 op, 4296.00 ns, 2.0977 ns/op
OverheadActual  10: 2048 op, 4286.00 ns, 2.0928 ns/op
OverheadActual  11: 2048 op, 4247.00 ns, 2.0737 ns/op
OverheadActual  12: 2048 op, 4297.00 ns, 2.0981 ns/op
OverheadActual  13: 2048 op, 4217.00 ns, 2.0591 ns/op
OverheadActual  14: 2048 op, 4257.00 ns, 2.0786 ns/op
OverheadActual  15: 2048 op, 4246.00 ns, 2.0732 ns/op

WorkloadWarmup   1: 2048 op, 629867771.00 ns, 307.5526 us/op
WorkloadWarmup   2: 2048 op, 619802156.00 ns, 302.6378 us/op
WorkloadWarmup   3: 2048 op, 619581913.00 ns, 302.5302 us/op

// BeforeActualRun
WorkloadActual   1: 2048 op, 617175740.00 ns, 301.3553 us/op
WorkloadActual   2: 2048 op, 616753219.00 ns, 301.1490 us/op
WorkloadActual   3: 2048 op, 615421894.00 ns, 300.4990 us/op

// AfterActualRun
WorkloadResult   1: 2048 op, 617171444.00 ns, 301.3532 us/op
WorkloadResult   2: 2048 op, 616748923.00 ns, 301.1469 us/op
WorkloadResult   3: 2048 op, 615417598.00 ns, 300.4969 us/op
// GC:  18 9 0 317535784 2048
// Threading:  0 0 2048

// AfterAll
// Benchmark Process 3700 has exited with code 0.

Mean = 300.999 μs, StdErr = 0.258 μs (0.09%), N = 3, StdDev = 0.447 μs
Min = 300.497 μs, Q1 = 300.822 μs, Median = 301.147 μs, Q3 = 301.250 μs, Max = 301.353 μs
IQR = 0.428 μs, LowerFence = 300.180 μs, UpperFence = 301.892 μs
ConfidenceInterval = [292.845 μs; 309.153 μs] (CI 99.9%), Margin = 8.154 μs (2.71% of Mean)
Skewness = -0.29, Kurtosis = 0.67, MValue = 2

// ** Remained 2 (10.0 %) benchmark(s) to run. Estimated finish 2026-10-06 11:29 (0h 0m from now) **
// **************************
// Benchmark: SpecificationScatterGatherBenchmarks.'MergeOrderAndPaginate large page (page 2, size 100)': ShortRun(IterationCount=3, LaunchCount=1, WarmupCount=3) [ShardCount=25, ItemsPerShard=100]
// *** Execute ***
// Launch: 1 / 1
// Execute: dotnet Encina.Benchmarks-ShortRun-1.dll --anonymousPipes 238 239 --benchmarkName "Encina.Benchmarks.Sharding.SpecificationScatterGatherBenchmarks.MergeOrderAndPaginate_LargePage(ShardCount: 25, ItemsPerShard: 100)" --job ShortRun --benchmarkId 18 in /home/runner/work/Encina/Encina/tests/Encina.BenchmarkTests/Encina.Benchmarks/bin/Release/net10.0/Encina.Benchmarks-ShortRun-1/bin/Release/net10.0
// Failed to set up high priority (Permission denied). In order to run benchmarks with high priority, make sure you have the right permissions.
// BeforeAnythingElse

// Benchmark Process Environment Information:
// BenchmarkDotNet v0.15.8
// Runtime=.NET 10.0.12 (10.0.12, 10.0.1226.42308), X64 RyuJIT x86-64-v4
// GC=Concurrent Workstation
// HardwareIntrinsics=AVX512 BITALG+VBMI2+VNNI+VPOPCNTDQ,AVX512 IFMA+VBMI,AVX512 F+BW+CD+DQ+VL,AVX2+BMI1+BMI2+F16C+FMA+LZCNT+MOVBE,AVX,SSE3+SSSE3+SSE4.1+SSE4.2+POPCNT,X86Base+SSE+SSE2,AES+PCLMUL,AvxVnni VectorSize=256
// Job: ShortRun(IterationCount=3, LaunchCount=1, WarmupCount=3)

OverheadJitting  1: 1 op, 158950.00 ns, 158.9500 us/op
WorkloadJitting  1: 1 op, 9060822.00 ns, 9.0608 ms/op

OverheadJitting  2: 16 op, 307666.00 ns, 19.2291 us/op
WorkloadJitting  2: 16 op, 5917221.00 ns, 369.8263 us/op

WorkloadPilot    1: 16 op, 4675821.00 ns, 292.2388 us/op
WorkloadPilot    2: 32 op, 10258005.00 ns, 320.5627 us/op
WorkloadPilot    3: 64 op, 20561719.00 ns, 321.2769 us/op
WorkloadPilot    4: 128 op, 41421019.00 ns, 323.6017 us/op
WorkloadPilot    5: 256 op, 73547572.00 ns, 287.2952 us/op
WorkloadPilot    6: 512 op, 147435659.00 ns, 287.9603 us/op
WorkloadPilot    7: 1024 op, 292487908.00 ns, 285.6327 us/op
WorkloadPilot    8: 2048 op, 586616100.00 ns, 286.4336 us/op

OverheadWarmup   1: 2048 op, 4938.00 ns, 2.4111 ns/op
OverheadWarmup   2: 2048 op, 4366.00 ns, 2.1318 ns/op
OverheadWarmup   3: 2048 op, 4336.00 ns, 2.1172 ns/op
OverheadWarmup   4: 2048 op, 4277.00 ns, 2.0884 ns/op
OverheadWarmup   5: 2048 op, 4336.00 ns, 2.1172 ns/op
OverheadWarmup   6: 2048 op, 4316.00 ns, 2.1074 ns/op
OverheadWarmup   7: 2048 op, 4276.00 ns, 2.0879 ns/op
OverheadWarmup   8: 2048 op, 4256.00 ns, 2.0781 ns/op
OverheadWarmup   9: 2048 op, 4266.00 ns, 2.0830 ns/op
OverheadWarmup  10: 2048 op, 4277.00 ns, 2.0884 ns/op

OverheadActual   1: 2048 op, 4627.00 ns, 2.2593 ns/op
OverheadActual   2: 2048 op, 4607.00 ns, 2.2495 ns/op
OverheadActual   3: 2048 op, 4617.00 ns, 2.2544 ns/op
OverheadActual   4: 2048 op, 4497.00 ns, 2.1958 ns/op
OverheadActual   5: 2048 op, 4566.00 ns, 2.2295 ns/op
OverheadActual   6: 2048 op, 4347.00 ns, 2.1226 ns/op
OverheadActual   7: 2048 op, 6249.00 ns, 3.0513 ns/op
OverheadActual   8: 2048 op, 4296.00 ns, 2.0977 ns/op
OverheadActual   9: 2048 op, 4317.00 ns, 2.1079 ns/op
OverheadActual  10: 2048 op, 4296.00 ns, 2.0977 ns/op
OverheadActual  11: 2048 op, 4306.00 ns, 2.1025 ns/op
OverheadActual  12: 2048 op, 4277.00 ns, 2.0884 ns/op
OverheadActual  13: 2048 op, 4237.00 ns, 2.0688 ns/op
OverheadActual  14: 2048 op, 4287.00 ns, 2.0933 ns/op
OverheadActual  15: 2048 op, 4267.00 ns, 2.0835 ns/op

WorkloadWarmup   1: 2048 op, 594121325.00 ns, 290.0983 us/op
WorkloadWarmup   2: 2048 op, 590038793.00 ns, 288.1049 us/op
WorkloadWarmup   3: 2048 op, 587217069.00 ns, 286.7271 us/op

// BeforeActualRun
WorkloadActual   1: 2048 op, 587105124.00 ns, 286.6724 us/op
WorkloadActual   2: 2048 op, 586700786.00 ns, 286.4750 us/op
WorkloadActual   3: 2048 op, 590958778.00 ns, 288.5541 us/op

// AfterActualRun
WorkloadResult   1: 2048 op, 587100807.00 ns, 286.6703 us/op
WorkloadResult   2: 2048 op, 586696469.00 ns, 286.4729 us/op
WorkloadResult   3: 2048 op, 590954461.00 ns, 288.5520 us/op
// GC:  19 9 0 318848880 2048
// Threading:  0 0 2048

// AfterAll
// Benchmark Process 3707 has exited with code 0.

Mean = 287.232 μs, StdErr = 0.663 μs (0.23%), N = 3, StdDev = 1.148 μs
Min = 286.473 μs, Q1 = 286.572 μs, Median = 286.670 μs, Q3 = 287.611 μs, Max = 288.552 μs
IQR = 1.040 μs, LowerFence = 285.012 μs, UpperFence = 289.170 μs
ConfidenceInterval = [266.295 μs; 308.169 μs] (CI 99.9%), Margin = 20.937 μs (7.29% of Mean)
Skewness = 0.37, Kurtosis = 0.67, MValue = 2

// ** Remained 1 (5.0 %) benchmark(s) to run. Estimated finish 2026-10-06 11:29 (0h 0m from now) **
// **************************
// Benchmark: SpecificationScatterGatherBenchmarks.'MergeAndOrder with descending ordering': ShortRun(IterationCount=3, LaunchCount=1, WarmupCount=3) [ShardCount=25, ItemsPerShard=100]
// *** Execute ***
// Launch: 1 / 1
// Execute: dotnet Encina.Benchmarks-ShortRun-1.dll --anonymousPipes 238 239 --benchmarkName "Encina.Benchmarks.Sharding.SpecificationScatterGatherBenchmarks.MergeAndOrder_Descending(ShardCount: 25, ItemsPerShard: 100)" --job ShortRun --benchmarkId 19 in /home/runner/work/Encina/Encina/tests/Encina.BenchmarkTests/Encina.Benchmarks/bin/Release/net10.0/Encina.Benchmarks-ShortRun-1/bin/Release/net10.0
// Failed to set up high priority (Permission denied). In order to run benchmarks with high priority, make sure you have the right permissions.
// BeforeAnythingElse

// Benchmark Process Environment Information:
// BenchmarkDotNet v0.15.8
// Runtime=.NET 10.0.12 (10.0.12, 10.0.1226.42308), X64 RyuJIT x86-64-v4
// GC=Concurrent Workstation
// HardwareIntrinsics=AVX512 BITALG+VBMI2+VNNI+VPOPCNTDQ,AVX512 IFMA+VBMI,AVX512 F+BW+CD+DQ+VL,AVX2+BMI1+BMI2+F16C+FMA+LZCNT+MOVBE,AVX,SSE3+SSSE3+SSE4.1+SSE4.2+POPCNT,X86Base+SSE+SSE2,AES+PCLMUL,AvxVnni VectorSize=256
// Job: ShortRun(IterationCount=3, LaunchCount=1, WarmupCount=3)

OverheadJitting  1: 1 op, 158080.00 ns, 158.0800 us/op
WorkloadJitting  1: 1 op, 8590550.00 ns, 8.5906 ms/op

OverheadJitting  2: 16 op, 306083.00 ns, 19.1302 us/op
WorkloadJitting  2: 16 op, 8735189.00 ns, 545.9493 us/op

WorkloadPilot    1: 16 op, 7481951.00 ns, 467.6219 us/op
WorkloadPilot    2: 32 op, 15713947.00 ns, 491.0608 us/op
WorkloadPilot    3: 64 op, 31377399.00 ns, 490.2719 us/op
WorkloadPilot    4: 128 op, 62847608.00 ns, 490.9969 us/op
WorkloadPilot    5: 256 op, 117353073.00 ns, 458.4104 us/op
WorkloadPilot    6: 512 op, 233173074.00 ns, 455.4162 us/op
WorkloadPilot    7: 1024 op, 468131972.00 ns, 457.1601 us/op
WorkloadPilot    8: 2048 op, 932177596.00 ns, 455.1648 us/op

OverheadWarmup   1: 2048 op, 8303.00 ns, 4.0542 ns/op
OverheadWarmup   2: 2048 op, 4437.00 ns, 2.1665 ns/op
OverheadWarmup   3: 2048 op, 4336.00 ns, 2.1172 ns/op
OverheadWarmup   4: 2048 op, 4307.00 ns, 2.1030 ns/op
OverheadWarmup   5: 2048 op, 4326.00 ns, 2.1123 ns/op
OverheadWarmup   6: 2048 op, 4266.00 ns, 2.0830 ns/op
OverheadWarmup   7: 2048 op, 4276.00 ns, 2.0879 ns/op
OverheadWarmup   8: 2048 op, 4266.00 ns, 2.0830 ns/op

OverheadActual   1: 2048 op, 4607.00 ns, 2.2495 ns/op
OverheadActual   2: 2048 op, 4597.00 ns, 2.2446 ns/op
OverheadActual   3: 2048 op, 4587.00 ns, 2.2397 ns/op
OverheadActual   4: 2048 op, 4507.00 ns, 2.2007 ns/op
OverheadActual   5: 2048 op, 4577.00 ns, 2.2349 ns/op
OverheadActual   6: 2048 op, 4397.00 ns, 2.1470 ns/op
OverheadActual   7: 2048 op, 4276.00 ns, 2.0879 ns/op
OverheadActual   8: 2048 op, 4307.00 ns, 2.1030 ns/op
OverheadActual   9: 2048 op, 4297.00 ns, 2.0981 ns/op
OverheadActual  10: 2048 op, 4336.00 ns, 2.1172 ns/op
OverheadActual  11: 2048 op, 4276.00 ns, 2.0879 ns/op
OverheadActual  12: 2048 op, 4337.00 ns, 2.1177 ns/op
OverheadActual  13: 2048 op, 4307.00 ns, 2.1030 ns/op
OverheadActual  14: 2048 op, 4286.00 ns, 2.0928 ns/op
OverheadActual  15: 2048 op, 4276.00 ns, 2.0879 ns/op

WorkloadWarmup   1: 2048 op, 943309855.00 ns, 460.6005 us/op
WorkloadWarmup   2: 2048 op, 958025460.00 ns, 467.7859 us/op
WorkloadWarmup   3: 2048 op, 958149428.00 ns, 467.8464 us/op

// BeforeActualRun
WorkloadActual   1: 2048 op, 951536754.00 ns, 464.6176 us/op
WorkloadActual   2: 2048 op, 959052369.00 ns, 468.2873 us/op
WorkloadActual   3: 2048 op, 950893489.00 ns, 464.3035 us/op

// AfterActualRun
WorkloadResult   1: 2048 op, 951532418.00 ns, 464.6154 us/op
WorkloadResult   2: 2048 op, 959048033.00 ns, 468.2852 us/op
WorkloadResult   3: 2048 op, 950889153.00 ns, 464.3013 us/op
// GC:  18 9 0 316896880 2048
// Threading:  0 0 2048

// AfterAll
// Benchmark Process 3718 has exited with code 0.

Mean = 465.734 μs, StdErr = 1.279 μs (0.27%), N = 3, StdDev = 2.215 μs
Min = 464.301 μs, Q1 = 464.458 μs, Median = 464.615 μs, Q3 = 466.450 μs, Max = 468.285 μs
IQR = 1.992 μs, LowerFence = 461.471 μs, UpperFence = 469.438 μs
ConfidenceInterval = [425.325 μs; 506.143 μs] (CI 99.9%), Margin = 40.409 μs (8.68% of Mean)
Skewness = 0.38, Kurtosis = 0.67, MValue = 2

// ** Remained 0 (0.0 %) benchmark(s) to run. Estimated finish 2026-10-06 11:29 (0h 0m from now) **
// ***** BenchmarkRunner: Finish  *****

// * Export *
  artifacts/performance/Core/results/Encina.Benchmarks.Sharding.SpecificationScatterGatherBenchmarks-report.csv
  artifacts/performance/Core/results/Encina.Benchmarks.Sharding.SpecificationScatterGatherBenchmarks-report-github.md
  artifacts/performance/Core/results/Encina.Benchmarks.Sharding.SpecificationScatterGatherBenchmarks-report.html
  artifacts/performance/Core/results/Encina.Benchmarks.Sharding.SpecificationScatterGatherBenchmarks-report-full-compressed.json
  artifacts/performance/Core/results/Encina.Benchmarks.Sharding.SpecificationScatterGatherBenchmarks-report-default.md

// * Detailed results *
SpecificationScatterGatherBenchmarks.'MergeAndOrder with ascending ordering': ShortRun(IterationCount=3, LaunchCount=1, WarmupCount=3) [ShardCount=3, ItemsPerShard=10]
Runtime = .NET 10.0.12 (10.0.12, 10.0.1226.42308), X64 RyuJIT x86-64-v4; GC = Concurrent Workstation
Mean = 19.900 μs, StdErr = 0.069 μs (0.35%), N = 3, StdDev = 0.119 μs
Min = 19.782 μs, Q1 = 19.840 μs, Median = 19.899 μs, Q3 = 19.960 μs, Max = 20.020 μs
IQR = 0.119 μs, LowerFence = 19.661 μs, UpperFence = 20.139 μs
ConfidenceInterval = [17.723 μs; 22.078 μs] (CI 99.9%), Margin = 2.177 μs (10.94% of Mean)
Skewness = 0.01, Kurtosis = 0.67, MValue = 2
-------------------- Histogram --------------------
[19.673 μs ; 20.039 μs) | @@@
---------------------------------------------------

SpecificationScatterGatherBenchmarks.'MergeAndOrder without ordering': ShortRun(IterationCount=3, LaunchCount=1, WarmupCount=3) [ShardCount=3, ItemsPerShard=10]
Runtime = .NET 10.0.12 (10.0.12, 10.0.1226.42308), X64 RyuJIT x86-64-v4; GC = Concurrent Workstation
Mean = 168.062 ns, StdErr = 0.383 ns (0.23%), N = 3, StdDev = 0.663 ns
Min = 167.353 ns, Q1 = 167.761 ns, Median = 168.169 ns, Q3 = 168.417 ns, Max = 168.665 ns
IQR = 0.656 ns, LowerFence = 166.776 ns, UpperFence = 169.402 ns
ConfidenceInterval = [155.971 ns; 180.154 ns] (CI 99.9%), Margin = 12.092 ns (7.19% of Mean)
Skewness = -0.16, Kurtosis = 0.67, MValue = 2
-------------------- Histogram --------------------
[166.749 ns ; 169.269 ns) | @@@
---------------------------------------------------

SpecificationScatterGatherBenchmarks.'MergeOrderAndPaginate overfetch (page 1, size 20)': ShortRun(IterationCount=3, LaunchCount=1, WarmupCount=3) [ShardCount=3, ItemsPerShard=10]
Runtime = .NET 10.0.12 (10.0.12, 10.0.1226.42308), X64 RyuJIT x86-64-v4; GC = Concurrent Workstation
Mean = 20.571 μs, StdErr = 0.091 μs (0.44%), N = 3, StdDev = 0.158 μs
Min = 20.418 μs, Q1 = 20.489 μs, Median = 20.561 μs, Q3 = 20.647 μs, Max = 20.734 μs
IQR = 0.158 μs, LowerFence = 20.252 μs, UpperFence = 20.884 μs
ConfidenceInterval = [17.682 μs; 23.459 μs] (CI 99.9%), Margin = 2.888 μs (14.04% of Mean)
Skewness = 0.06, Kurtosis = 0.67, MValue = 2
-------------------- Histogram --------------------
[20.274 μs ; 20.878 μs) | @@@
---------------------------------------------------

SpecificationScatterGatherBenchmarks.'MergeOrderAndPaginate large page (page 2, size 100)': ShortRun(IterationCount=3, LaunchCount=1, WarmupCount=3) [ShardCount=3, ItemsPerShard=10]
Runtime = .NET 10.0.12 (10.0.12, 10.0.1226.42308), X64 RyuJIT x86-64-v4; GC = Concurrent Workstation
Mean = 20.281 μs, StdErr = 0.122 μs (0.60%), N = 3, StdDev = 0.212 μs
Min = 20.062 μs, Q1 = 20.178 μs, Median = 20.295 μs, Q3 = 20.390 μs, Max = 20.486 μs
IQR = 0.212 μs, LowerFence = 19.861 μs, UpperFence = 20.708 μs
ConfidenceInterval = [16.410 μs; 24.152 μs] (CI 99.9%), Margin = 3.871 μs (19.09% of Mean)
Skewness = -0.06, Kurtosis = 0.67, MValue = 2
-------------------- Histogram --------------------
[19.869 μs ; 20.594 μs) | @@@
---------------------------------------------------

SpecificationScatterGatherBenchmarks.'MergeAndOrder with descending ordering': ShortRun(IterationCount=3, LaunchCount=1, WarmupCount=3) [ShardCount=3, ItemsPerShard=10]
Runtime = .NET 10.0.12 (10.0.12, 10.0.1226.42308), X64 RyuJIT x86-64-v4; GC = Concurrent Workstation
Mean = 20.100 μs, StdErr = 0.166 μs (0.83%), N = 3, StdDev = 0.288 μs
Min = 19.888 μs, Q1 = 19.936 μs, Median = 19.984 μs, Q3 = 20.206 μs, Max = 20.427 μs
IQR = 0.269 μs, LowerFence = 19.532 μs, UpperFence = 20.610 μs
ConfidenceInterval = [14.852 μs; 25.348 μs] (CI 99.9%), Margin = 5.248 μs (26.11% of Mean)
Skewness = 0.34, Kurtosis = 0.67, MValue = 2
-------------------- Histogram --------------------
[19.627 μs ; 20.198 μs) | @@
[20.198 μs ; 20.689 μs) | @
---------------------------------------------------

SpecificationScatterGatherBenchmarks.'MergeAndOrder with ascending ordering': ShortRun(IterationCount=3, LaunchCount=1, WarmupCount=3) [ShardCount=3, ItemsPerShard=100]
Runtime = .NET 10.0.12 (10.0.12, 10.0.1226.42308), X64 RyuJIT x86-64-v4; GC = Concurrent Workstation
Mean = 42.035 μs, StdErr = 0.152 μs (0.36%), N = 3, StdDev = 0.263 μs
Min = 41.788 μs, Q1 = 41.896 μs, Median = 42.003 μs, Q3 = 42.158 μs, Max = 42.312 μs
IQR = 0.262 μs, LowerFence = 41.503 μs, UpperFence = 42.550 μs
ConfidenceInterval = [37.235 μs; 46.834 μs] (CI 99.9%), Margin = 4.799 μs (11.42% of Mean)
Skewness = 0.12, Kurtosis = 0.67, MValue = 2
-------------------- Histogram --------------------
[41.549 μs ; 42.315 μs) | @@@
---------------------------------------------------

SpecificationScatterGatherBenchmarks.'MergeAndOrder without ordering': ShortRun(IterationCount=3, LaunchCount=1, WarmupCount=3) [ShardCount=3, ItemsPerShard=100]
Runtime = .NET 10.0.12 (10.0.12, 10.0.1226.42308), X64 RyuJIT x86-64-v4; GC = Concurrent Workstation
Mean = 234.768 ns, StdErr = 0.436 ns (0.19%), N = 3, StdDev = 0.755 ns
Min = 233.939 ns, Q1 = 234.444 ns, Median = 234.949 ns, Q3 = 235.182 ns, Max = 235.416 ns
IQR = 0.738 ns, LowerFence = 233.337 ns, UpperFence = 236.290 ns
ConfidenceInterval = [221.000 ns; 248.536 ns] (CI 99.9%), Margin = 13.768 ns (5.86% of Mean)
Skewness = -0.23, Kurtosis = 0.67, MValue = 2
-------------------- Histogram --------------------
[233.252 ns ; 236.102 ns) | @@@
---------------------------------------------------

SpecificationScatterGatherBenchmarks.'MergeOrderAndPaginate overfetch (page 1, size 20)': ShortRun(IterationCount=3, LaunchCount=1, WarmupCount=3) [ShardCount=3, ItemsPerShard=100]
Runtime = .NET 10.0.12 (10.0.12, 10.0.1226.42308), X64 RyuJIT x86-64-v4; GC = Concurrent Workstation
Mean = 42.556 μs, StdErr = 0.271 μs (0.64%), N = 3, StdDev = 0.469 μs
Min = 42.074 μs, Q1 = 42.329 μs, Median = 42.584 μs, Q3 = 42.797 μs, Max = 43.011 μs
IQR = 0.469 μs, LowerFence = 41.626 μs, UpperFence = 43.500 μs
ConfidenceInterval = [33.998 μs; 51.115 μs] (CI 99.9%), Margin = 8.559 μs (20.11% of Mean)
Skewness = -0.06, Kurtosis = 0.67, MValue = 2
-------------------- Histogram --------------------
[41.647 μs ; 43.225 μs) | @@@
---------------------------------------------------

SpecificationScatterGatherBenchmarks.'MergeOrderAndPaginate large page (page 2, size 100)': ShortRun(IterationCount=3, LaunchCount=1, WarmupCount=3) [ShardCount=3, ItemsPerShard=100]
Runtime = .NET 10.0.12 (10.0.12, 10.0.1226.42308), X64 RyuJIT x86-64-v4; GC = Concurrent Workstation
Mean = 41.258 μs, StdErr = 0.069 μs (0.17%), N = 3, StdDev = 0.120 μs
Min = 41.120 μs, Q1 = 41.220 μs, Median = 41.320 μs, Q3 = 41.327 μs, Max = 41.334 μs
IQR = 0.107 μs, LowerFence = 41.060 μs, UpperFence = 41.488 μs
ConfidenceInterval = [39.072 μs; 43.444 μs] (CI 99.9%), Margin = 2.186 μs (5.30% of Mean)
Skewness = -0.38, Kurtosis = 0.67, MValue = 2
-------------------- Histogram --------------------
[41.118 μs ; 41.336 μs) | @@@
---------------------------------------------------

SpecificationScatterGatherBenchmarks.'MergeAndOrder with descending ordering': ShortRun(IterationCount=3, LaunchCount=1, WarmupCount=3) [ShardCount=3, ItemsPerShard=100]
Runtime = .NET 10.0.12 (10.0.12, 10.0.1226.42308), X64 RyuJIT x86-64-v4; GC = Concurrent Workstation
Mean = 50.140 μs, StdErr = 0.088 μs (0.18%), N = 3, StdDev = 0.152 μs
Min = 50.016 μs, Q1 = 50.054 μs, Median = 50.093 μs, Q3 = 50.201 μs, Max = 50.310 μs
IQR = 0.147 μs, LowerFence = 49.834 μs, UpperFence = 50.422 μs
ConfidenceInterval = [47.358 μs; 52.921 μs] (CI 99.9%), Margin = 2.781 μs (5.55% of Mean)
Skewness = 0.28, Kurtosis = 0.67, MValue = 2
-------------------- Histogram --------------------
[49.877 μs ; 50.449 μs) | @@@
---------------------------------------------------

SpecificationScatterGatherBenchmarks.'MergeAndOrder with ascending ordering': ShortRun(IterationCount=3, LaunchCount=1, WarmupCount=3) [ShardCount=25, ItemsPerShard=10]
Runtime = .NET 10.0.12 (10.0.12, 10.0.1226.42308), X64 RyuJIT x86-64-v4; GC = Concurrent Workstation
Mean = 35.218 μs, StdErr = 0.038 μs (0.11%), N = 3, StdDev = 0.066 μs
Min = 35.153 μs, Q1 = 35.185 μs, Median = 35.216 μs, Q3 = 35.251 μs, Max = 35.285 μs
IQR = 0.066 μs, LowerFence = 35.086 μs, UpperFence = 35.350 μs
ConfidenceInterval = [34.012 μs; 36.424 μs] (CI 99.9%), Margin = 1.206 μs (3.42% of Mean)
Skewness = 0.03, Kurtosis = 0.67, MValue = 2
-------------------- Histogram --------------------
[35.093 μs ; 35.346 μs) | @@@
---------------------------------------------------

SpecificationScatterGatherBenchmarks.'MergeAndOrder without ordering': ShortRun(IterationCount=3, LaunchCount=1, WarmupCount=3) [ShardCount=25, ItemsPerShard=10]
Runtime = .NET 10.0.12 (10.0.12, 10.0.1226.42308), X64 RyuJIT x86-64-v4; GC = Concurrent Workstation
Mean = 767.743 ns, StdErr = 3.306 ns (0.43%), N = 3, StdDev = 5.725 ns
Min = 762.421 ns, Q1 = 764.714 ns, Median = 767.006 ns, Q3 = 770.404 ns, Max = 773.801 ns
IQR = 5.690 ns, LowerFence = 756.179 ns, UpperFence = 778.938 ns
ConfidenceInterval = [663.289 ns; 872.196 ns] (CI 99.9%), Margin = 104.454 ns (13.61% of Mean)
Skewness = 0.13, Kurtosis = 0.67, MValue = 2
-------------------- Histogram --------------------
[757.211 ns ; 779.012 ns) | @@@
---------------------------------------------------

SpecificationScatterGatherBenchmarks.'MergeOrderAndPaginate overfetch (page 1, size 20)': ShortRun(IterationCount=3, LaunchCount=1, WarmupCount=3) [ShardCount=25, ItemsPerShard=10]
Runtime = .NET 10.0.12 (10.0.12, 10.0.1226.42308), X64 RyuJIT x86-64-v4; GC = Concurrent Workstation
Mean = 36.066 μs, StdErr = 0.039 μs (0.11%), N = 3, StdDev = 0.068 μs
Min = 36.010 μs, Q1 = 36.028 μs, Median = 36.047 μs, Q3 = 36.094 μs, Max = 36.142 μs
IQR = 0.066 μs, LowerFence = 35.930 μs, UpperFence = 36.193 μs
ConfidenceInterval = [34.828 μs; 37.305 μs] (CI 99.9%), Margin = 1.238 μs (3.43% of Mean)
Skewness = 0.27, Kurtosis = 0.67, MValue = 2
-------------------- Histogram --------------------
[35.949 μs ; 36.204 μs) | @@@
---------------------------------------------------

SpecificationScatterGatherBenchmarks.'MergeOrderAndPaginate large page (page 2, size 100)': ShortRun(IterationCount=3, LaunchCount=1, WarmupCount=3) [ShardCount=25, ItemsPerShard=10]
Runtime = .NET 10.0.12 (10.0.12, 10.0.1226.42308), X64 RyuJIT x86-64-v4; GC = Concurrent Workstation
Mean = 36.562 μs, StdErr = 0.181 μs (0.49%), N = 3, StdDev = 0.313 μs
Min = 36.208 μs, Q1 = 36.440 μs, Median = 36.673 μs, Q3 = 36.738 μs, Max = 36.804 μs
IQR = 0.298 μs, LowerFence = 35.993 μs, UpperFence = 37.185 μs
ConfidenceInterval = [30.849 μs; 42.274 μs] (CI 99.9%), Margin = 5.712 μs (15.62% of Mean)
Skewness = -0.31, Kurtosis = 0.67, MValue = 2
-------------------- Histogram --------------------
[35.923 μs ; 37.089 μs) | @@@
---------------------------------------------------

SpecificationScatterGatherBenchmarks.'MergeAndOrder with descending ordering': ShortRun(IterationCount=3, LaunchCount=1, WarmupCount=3) [ShardCount=25, ItemsPerShard=10]
Runtime = .NET 10.0.12 (10.0.12, 10.0.1226.42308), X64 RyuJIT x86-64-v4; GC = Concurrent Workstation
Mean = 42.472 μs, StdErr = 0.126 μs (0.30%), N = 3, StdDev = 0.218 μs
Min = 42.223 μs, Q1 = 42.394 μs, Median = 42.565 μs, Q3 = 42.596 μs, Max = 42.627 μs
IQR = 0.202 μs, LowerFence = 42.091 μs, UpperFence = 42.899 μs
ConfidenceInterval = [38.503 μs; 46.441 μs] (CI 99.9%), Margin = 3.969 μs (9.35% of Mean)
Skewness = -0.35, Kurtosis = 0.67, MValue = 2
-------------------- Histogram --------------------
[42.025 μs ; 42.825 μs) | @@@
---------------------------------------------------

SpecificationScatterGatherBenchmarks.'MergeAndOrder with ascending ordering': ShortRun(IterationCount=3, LaunchCount=1, WarmupCount=3) [ShardCount=25, ItemsPerShard=100]
Runtime = .NET 10.0.12 (10.0.12, 10.0.1226.42308), X64 RyuJIT x86-64-v4; GC = Concurrent Workstation
Mean = 296.266 μs, StdErr = 1.656 μs (0.56%), N = 3, StdDev = 2.869 μs
Min = 293.105 μs, Q1 = 295.047 μs, Median = 296.989 μs, Q3 = 297.847 μs, Max = 298.704 μs
IQR = 2.800 μs, LowerFence = 290.848 μs, UpperFence = 302.046 μs
ConfidenceInterval = [243.928 μs; 348.604 μs] (CI 99.9%), Margin = 52.338 μs (17.67% of Mean)
Skewness = -0.24, Kurtosis = 0.67, MValue = 2
-------------------- Histogram --------------------
[290.494 μs ; 301.315 μs) | @@@
---------------------------------------------------

SpecificationScatterGatherBenchmarks.'MergeAndOrder without ordering': ShortRun(IterationCount=3, LaunchCount=1, WarmupCount=3) [ShardCount=25, ItemsPerShard=100]
Runtime = .NET 10.0.12 (10.0.12, 10.0.1226.42308), X64 RyuJIT x86-64-v4; GC = Concurrent Workstation
Mean = 1.163 μs, StdErr = 0.006 μs (0.52%), N = 3, StdDev = 0.011 μs
Min = 1.157 μs, Q1 = 1.157 μs, Median = 1.157 μs, Q3 = 1.166 μs, Max = 1.175 μs
IQR = 0.009 μs, LowerFence = 1.143 μs, UpperFence = 1.180 μs
ConfidenceInterval = [0.971 μs; 1.355 μs] (CI 99.9%), Margin = 0.192 μs (16.47% of Mean)
Skewness = 0.38, Kurtosis = 0.67, MValue = 2
-------------------- Histogram --------------------
[1.156 μs ; 1.175 μs) | @@@
---------------------------------------------------

SpecificationScatterGatherBenchmarks.'MergeOrderAndPaginate overfetch (page 1, size 20)': ShortRun(IterationCount=3, LaunchCount=1, WarmupCount=3) [ShardCount=25, ItemsPerShard=100]
Runtime = .NET 10.0.12 (10.0.12, 10.0.1226.42308), X64 RyuJIT x86-64-v4; GC = Concurrent Workstation
Mean = 300.999 μs, StdErr = 0.258 μs (0.09%), N = 3, StdDev = 0.447 μs
Min = 300.497 μs, Q1 = 300.822 μs, Median = 301.147 μs, Q3 = 301.250 μs, Max = 301.353 μs
IQR = 0.428 μs, LowerFence = 300.180 μs, UpperFence = 301.892 μs
ConfidenceInterval = [292.845 μs; 309.153 μs] (CI 99.9%), Margin = 8.154 μs (2.71% of Mean)
Skewness = -0.29, Kurtosis = 0.67, MValue = 2
-------------------- Histogram --------------------
[300.090 μs ; 301.760 μs) | @@@
---------------------------------------------------

SpecificationScatterGatherBenchmarks.'MergeOrderAndPaginate large page (page 2, size 100)': ShortRun(IterationCount=3, LaunchCount=1, WarmupCount=3) [ShardCount=25, ItemsPerShard=100]
Runtime = .NET 10.0.12 (10.0.12, 10.0.1226.42308), X64 RyuJIT x86-64-v4; GC = Concurrent Workstation
Mean = 287.232 μs, StdErr = 0.663 μs (0.23%), N = 3, StdDev = 1.148 μs
Min = 286.473 μs, Q1 = 286.572 μs, Median = 286.670 μs, Q3 = 287.611 μs, Max = 288.552 μs
IQR = 1.040 μs, LowerFence = 285.012 μs, UpperFence = 289.170 μs
ConfidenceInterval = [266.295 μs; 308.169 μs] (CI 99.9%), Margin = 20.937 μs (7.29% of Mean)
Skewness = 0.37, Kurtosis = 0.67, MValue = 2
-------------------- Histogram --------------------
[286.468 μs ; 288.557 μs) | @@@
---------------------------------------------------

SpecificationScatterGatherBenchmarks.'MergeAndOrder with descending ordering': ShortRun(IterationCount=3, LaunchCount=1, WarmupCount=3) [ShardCount=25, ItemsPerShard=100]
Runtime = .NET 10.0.12 (10.0.12, 10.0.1226.42308), X64 RyuJIT x86-64-v4; GC = Concurrent Workstation
Mean = 465.734 μs, StdErr = 1.279 μs (0.27%), N = 3, StdDev = 2.215 μs
Min = 464.301 μs, Q1 = 464.458 μs, Median = 464.615 μs, Q3 = 466.450 μs, Max = 468.285 μs
IQR = 1.992 μs, LowerFence = 461.471 μs, UpperFence = 469.438 μs
ConfidenceInterval = [425.325 μs; 506.143 μs] (CI 99.9%), Margin = 40.409 μs (8.68% of Mean)
Skewness = 0.38, Kurtosis = 0.67, MValue = 2
-------------------- Histogram --------------------
[464.278 μs ; 468.309 μs) | @@@
---------------------------------------------------

// * Summary *

BenchmarkDotNet v0.15.8, Linux Ubuntu 24.04.5 LTS (Noble Numbat)
AMD EPYC 9V45 2.60GHz, 1 CPU, 4 logical and 2 physical cores
.NET SDK 10.0.401
  [Host]   : .NET 10.0.12 (10.0.12, 10.0.1226.42308), X64 RyuJIT x86-64-v4
  ShortRun : .NET 10.0.12 (10.0.12, 10.0.1226.42308), X64 RyuJIT x86-64-v4

Job=ShortRun  IterationCount=3  LaunchCount=1  
WarmupCount=3  

| Method                                                | ShardCount | ItemsPerShard | Mean         | Error        | StdDev      | Ratio | Rank | Gen0   | Gen1   | Allocated | Alloc Ratio |
|------------------------------------------------------ |----------- |-------------- |-------------:|-------------:|------------:|------:|-----:|-------:|-------:|----------:|------------:|
| 'MergeAndOrder with ascending ordering'               | 3          | 10            |  19,900.2 ns |  2,177.47 ns |   119.35 ns | 1.000 |    2 | 0.3662 | 0.3357 |    6542 B |        1.00 |
| 'MergeAndOrder without ordering'                      | 3          | 10            |     168.1 ns |     12.09 ns |     0.66 ns | 0.008 |    1 | 0.0224 |      - |     376 B |        0.06 |
| 'MergeOrderAndPaginate overfetch (page 1, size 20)'   | 3          | 10            |  20,570.8 ns |  2,888.35 ns |   158.32 ns | 1.034 |    2 | 0.3967 | 0.3662 |    6855 B |        1.05 |
| 'MergeOrderAndPaginate large page (page 2, size 100)' | 3          | 10            |  20,280.9 ns |  3,870.87 ns |   212.18 ns | 1.019 |    2 | 0.3662 | 0.3357 |    6542 B |        1.00 |
| 'MergeAndOrder with descending ordering'              | 3          | 10            |  20,099.9 ns |  5,247.65 ns |   287.64 ns | 1.010 |    2 | 0.3662 | 0.3357 |    6542 B |        1.00 |
|                                                       |            |               |              |              |             |       |      |        |        |           |             |
| 'MergeAndOrder with ascending ordering'               | 3          | 100           |  42,034.5 ns |  4,799.22 ns |   263.06 ns | 1.000 |    2 | 1.3428 | 1.2817 |   22744 B |        1.00 |
| 'MergeAndOrder without ordering'                      | 3          | 100           |     234.8 ns |     13.77 ns |     0.75 ns | 0.006 |    1 | 0.1514 | 0.0012 |    2536 B |        0.11 |
| 'MergeOrderAndPaginate overfetch (page 1, size 20)'   | 3          | 100           |  42,556.4 ns |  8,558.56 ns |   469.12 ns | 1.012 |    2 | 1.3428 | 1.2817 |   23055 B |        1.01 |
| 'MergeOrderAndPaginate large page (page 2, size 100)' | 3          | 100           |  41,258.2 ns |  2,186.15 ns |   119.83 ns | 0.982 |    2 | 1.4038 | 1.3428 |   23696 B |        1.04 |
| 'MergeAndOrder with descending ordering'              | 3          | 100           |  50,139.5 ns |  2,781.10 ns |   152.44 ns | 1.193 |    2 | 1.3428 | 1.2817 |   22744 B |        1.00 |
|                                                       |            |               |              |              |             |       |      |        |        |           |             |
| 'MergeAndOrder with ascending ordering'               | 25         | 10            |  35,218.4 ns |  1,205.89 ns |    66.10 ns |  1.00 |    2 | 1.1597 | 1.0986 |   19744 B |        1.00 |
| 'MergeAndOrder without ordering'                      | 25         | 10            |     767.7 ns |    104.45 ns |     5.73 ns |  0.02 |    1 | 0.1268 | 0.0010 |    2136 B |        0.11 |
| 'MergeOrderAndPaginate overfetch (page 1, size 20)'   | 25         | 10            |  36,066.3 ns |  1,238.44 ns |    67.88 ns |  1.02 |    2 | 1.1597 | 1.0986 |   20055 B |        1.02 |
| 'MergeOrderAndPaginate large page (page 2, size 100)' | 25         | 10            |  36,561.7 ns |  5,712.29 ns |   313.11 ns |  1.04 |    2 | 1.2207 | 1.1597 |   20696 B |        1.05 |
| 'MergeAndOrder with descending ordering'              | 25         | 10            |  42,471.7 ns |  3,969.04 ns |   217.56 ns |  1.21 |    2 | 1.1597 | 1.0986 |   19744 B |        1.00 |
|                                                       |            |               |              |              |             |       |      |        |        |           |             |
| 'MergeAndOrder with ascending ordering'               | 25         | 100           | 296,266.0 ns | 52,337.89 ns | 2,868.82 ns | 1.000 |    2 | 8.7891 | 4.3945 |  154735 B |        1.00 |
| 'MergeAndOrder without ordering'                      | 25         | 100           |   1,162.9 ns |    191.57 ns |    10.50 ns | 0.004 |    1 | 1.2016 | 0.0782 |   20136 B |        0.13 |
| 'MergeOrderAndPaginate overfetch (page 1, size 20)'   | 25         | 100           | 300,999.0 ns |  8,153.78 ns |   446.94 ns | 1.016 |    2 | 8.7891 | 4.3945 |  155047 B |        1.00 |
| 'MergeOrderAndPaginate large page (page 2, size 100)' | 25         | 100           | 287,231.7 ns | 20,937.00 ns | 1,147.63 ns | 0.970 |    2 | 9.2773 | 4.3945 |  155688 B |        1.01 |
| 'MergeAndOrder with descending ordering'              | 25         | 100           | 465,734.0 ns | 40,409.25 ns | 2,214.97 ns | 1.572 |    3 | 8.7891 | 4.3945 |  154735 B |        1.00 |
// * Config Issues *

// * Warnings *
Configuration
  Summary -> The exporter CsvExporter is already present in configuration. There may be unexpected results.
  Summary -> The exporter HtmlExporter is already present in configuration. There may be unexpected results.
  Summary -> The exporter MarkdownExporter-github is already present in configuration. There may be unexpected results.

// * Legends *
  ShardCount    : Value of the 'ShardCount' parameter
  ItemsPerShard : Value of the 'ItemsPerShard' parameter
  Mean          : Arithmetic mean of all measurements
  Error         : Half of 99.9% confidence interval
  StdDev        : Standard deviation of all measurements
  Ratio         : Mean of the ratio distribution ([Current]/[Baseline])
  Rank          : Relative position of current benchmark mean among all benchmarks (Arabic style)
  Gen0          : GC Generation 0 collects per 1000 operations
  Gen1          : GC Generation 1 collects per 1000 operations
  Allocated     : Allocated memory per single operation (managed only, inclusive, 1KB = 1024B)
  Alloc Ratio   : Allocated memory ratio distribution ([Current]/[Baseline])
  1 ns          : 1 Nanosecond (0.000000001 sec)

// * Diagnostic Output - MemoryDiagnoser *


// ***** BenchmarkRunner: End *****
Run time: 00:02:10 (130.16 sec), executed benchmarks: 20

Global total time: 00:04:09 (249.08 sec), executed benchmarks: 20
// * Artifacts cleanup *
Artifacts cleanup is finished
