// Validating benchmarks:
// ***** BenchmarkRunner: Start   *****
// ***** Found 20 benchmark(s) in total *****
// ***** Building 1 exe(s) in Parallel: Start   *****
// start dotnet  restore --nodeReuse:false /p:UseSharedCompilation=false /p:Deterministic=true /p:Optimize=true /p:ArtifactsPath="/home/runner/work/Encina/Encina/tests/Encina.BenchmarkTests/Encina.Security.PII.Benchmarks/bin/Release/net10.0/Encina.Security.PII.Benchmarks-Job-YFEFPZ-1/" /p:OutDir="/home/runner/work/Encina/Encina/tests/Encina.BenchmarkTests/Encina.Security.PII.Benchmarks/bin/Release/net10.0/Encina.Security.PII.Benchmarks-Job-YFEFPZ-1/bin/Release/net10.0/" /p:OutputPath="/home/runner/work/Encina/Encina/tests/Encina.BenchmarkTests/Encina.Security.PII.Benchmarks/bin/Release/net10.0/Encina.Security.PII.Benchmarks-Job-YFEFPZ-1/bin/Release/net10.0/" /p:PublishDir="/home/runner/work/Encina/Encina/tests/Encina.BenchmarkTests/Encina.Security.PII.Benchmarks/bin/Release/net10.0/Encina.Security.PII.Benchmarks-Job-YFEFPZ-1/publish/" in /home/runner/work/Encina/Encina/tests/Encina.BenchmarkTests/Encina.Security.PII.Benchmarks/bin/Release/net10.0/Encina.Security.PII.Benchmarks-Job-YFEFPZ-1
// command took 3.02 sec and exited with 0
// start dotnet  build -c Release --no-restore --nodeReuse:false /p:UseSharedCompilation=false /p:Deterministic=true /p:Optimize=true /p:ArtifactsPath="/home/runner/work/Encina/Encina/tests/Encina.BenchmarkTests/Encina.Security.PII.Benchmarks/bin/Release/net10.0/Encina.Security.PII.Benchmarks-Job-YFEFPZ-1/" /p:OutDir="/home/runner/work/Encina/Encina/tests/Encina.BenchmarkTests/Encina.Security.PII.Benchmarks/bin/Release/net10.0/Encina.Security.PII.Benchmarks-Job-YFEFPZ-1/bin/Release/net10.0/" /p:OutputPath="/home/runner/work/Encina/Encina/tests/Encina.BenchmarkTests/Encina.Security.PII.Benchmarks/bin/Release/net10.0/Encina.Security.PII.Benchmarks-Job-YFEFPZ-1/bin/Release/net10.0/" /p:PublishDir="/home/runner/work/Encina/Encina/tests/Encina.BenchmarkTests/Encina.Security.PII.Benchmarks/bin/Release/net10.0/Encina.Security.PII.Benchmarks-Job-YFEFPZ-1/publish/" --output "/home/runner/work/Encina/Encina/tests/Encina.BenchmarkTests/Encina.Security.PII.Benchmarks/bin/Release/net10.0/Encina.Security.PII.Benchmarks-Job-YFEFPZ-1/bin/Release/net10.0/" in /home/runner/work/Encina/Encina/tests/Encina.BenchmarkTests/Encina.Security.PII.Benchmarks/bin/Release/net10.0/Encina.Security.PII.Benchmarks-Job-YFEFPZ-1
// command took 55.39 sec and exited with 0
// ***** Done, took 00:00:58 (58.71 sec)   *****
// Found 20 benchmarks:
//   PIIMaskerBenchmarks.Mask_SSN: Job-YFEFPZ(IterationCount=10, WarmupCount=3)
//   PIIMaskerBenchmarks.Mask_WithRegexPattern: Job-YFEFPZ(IterationCount=10, WarmupCount=3)
//   PIIMaskerBenchmarks.MaskObject_NoAttributes: Job-YFEFPZ(IterationCount=10, WarmupCount=3)
//   PIIMaskerBenchmarks.MaskForAudit_SingleField: Job-YFEFPZ(IterationCount=10, WarmupCount=3)
//   PIIMaskerBenchmarks.MaskForAudit_NonGeneric: Job-YFEFPZ(IterationCount=10, WarmupCount=3)
//   PIIMaskerBenchmarks.Mask_SSN: ShortRun(IterationCount=3, LaunchCount=1, WarmupCount=3)
//   PIIMaskerBenchmarks.Mask_WithRegexPattern: ShortRun(IterationCount=3, LaunchCount=1, WarmupCount=3)
//   PIIMaskerBenchmarks.MaskObject_NoAttributes: ShortRun(IterationCount=3, LaunchCount=1, WarmupCount=3)
//   PIIMaskerBenchmarks.MaskForAudit_SingleField: ShortRun(IterationCount=3, LaunchCount=1, WarmupCount=3)
//   PIIMaskerBenchmarks.MaskForAudit_NonGeneric: ShortRun(IterationCount=3, LaunchCount=1, WarmupCount=3)
//   PIIMaskerBenchmarks.Mask_CreditCard: Job-YFEFPZ(IterationCount=10, WarmupCount=3)
//   PIIMaskerBenchmarks.Mask_CreditCard: ShortRun(IterationCount=3, LaunchCount=1, WarmupCount=3)
//   PIIMaskerBenchmarks.Mask_Email: Job-YFEFPZ(IterationCount=10, WarmupCount=3)
//   PIIMaskerBenchmarks.Mask_Email: ShortRun(IterationCount=3, LaunchCount=1, WarmupCount=3)
//   PIIMaskerBenchmarks.MaskObject_MultiField: Job-YFEFPZ(IterationCount=10, WarmupCount=3)
//   PIIMaskerBenchmarks.MaskObject_MultiField: ShortRun(IterationCount=3, LaunchCount=1, WarmupCount=3)
//   PIIMaskerBenchmarks.MaskObject_SingleField: Job-YFEFPZ(IterationCount=10, WarmupCount=3)
//   PIIMaskerBenchmarks.MaskObject_SingleField: ShortRun(IterationCount=3, LaunchCount=1, WarmupCount=3)
//   PIIMaskerBenchmarks.Mask_Phone: Job-YFEFPZ(IterationCount=10, WarmupCount=3)
//   PIIMaskerBenchmarks.Mask_Phone: ShortRun(IterationCount=3, LaunchCount=1, WarmupCount=3)

// **************************
// Benchmark: PIIMaskerBenchmarks.Mask_SSN: Job-YFEFPZ(IterationCount=10, WarmupCount=3)
// *** Execute ***
// Launch: 1 / 1
// Execute: dotnet Encina.Security.PII.Benchmarks-Job-YFEFPZ-1.dll --anonymousPipes 160 161 --benchmarkName Encina.Security.PII.Benchmarks.PIIMaskerBenchmarks.Mask_SSN --job "IterationCount=10, WarmupCount=3" --benchmarkId 0 in /home/runner/work/Encina/Encina/tests/Encina.BenchmarkTests/Encina.Security.PII.Benchmarks/bin/Release/net10.0/Encina.Security.PII.Benchmarks-Job-YFEFPZ-1/bin/Release/net10.0
// Failed to set up high priority (Permission denied). In order to run benchmarks with high priority, make sure you have the right permissions.
// BeforeAnythingElse

// Benchmark Process Environment Information:
// BenchmarkDotNet v0.15.8
// Runtime=.NET 10.0.12 (10.0.12, 10.0.1226.42308), X64 RyuJIT x86-64-v3
// GC=Concurrent Workstation
// HardwareIntrinsics=AVX2+BMI1+BMI2+F16C+FMA+LZCNT+MOVBE,AVX,SSE3+SSSE3+SSE4.1+SSE4.2+POPCNT,X86Base+SSE+SSE2,AES+PCLMUL VectorSize=256
// Job: Job-YFEFPZ(IterationCount=10, WarmupCount=3)

OverheadJitting  1: 1 op, 226554.00 ns, 226.5540 us/op
WorkloadJitting  1: 1 op, 408516.00 ns, 408.5160 us/op

OverheadJitting  2: 16 op, 448481.00 ns, 28.0301 us/op
WorkloadJitting  2: 16 op, 455755.00 ns, 28.4847 us/op

WorkloadPilot    1: 16 op, 32421.00 ns, 2.0263 us/op
WorkloadPilot    2: 32 op, 38302.00 ns, 1.1969 us/op
WorkloadPilot    3: 64 op, 71324.00 ns, 1.1144 us/op
WorkloadPilot    4: 128 op, 102573.00 ns, 801.3516 ns/op
WorkloadPilot    5: 256 op, 209223.00 ns, 817.2773 ns/op
WorkloadPilot    6: 512 op, 380834.00 ns, 743.8164 ns/op
WorkloadPilot    7: 1024 op, 554269.00 ns, 541.2783 ns/op
WorkloadPilot    8: 2048 op, 1113968.00 ns, 543.9297 ns/op
WorkloadPilot    9: 4096 op, 2216937.00 ns, 541.2444 ns/op
WorkloadPilot   10: 8192 op, 5424300.00 ns, 662.1460 ns/op
WorkloadPilot   11: 16384 op, 8946534.00 ns, 546.0531 ns/op
WorkloadPilot   12: 32768 op, 20333204.00 ns, 620.5201 ns/op
WorkloadPilot   13: 65536 op, 29221820.00 ns, 445.8896 ns/op
WorkloadPilot   14: 131072 op, 54802213.00 ns, 418.1077 ns/op
WorkloadPilot   15: 262144 op, 107914015.00 ns, 411.6593 ns/op
WorkloadPilot   16: 524288 op, 215391283.00 ns, 410.8263 ns/op
WorkloadPilot   17: 1048576 op, 435058452.00 ns, 414.9041 ns/op
WorkloadPilot   18: 2097152 op, 873670367.00 ns, 416.5985 ns/op

OverheadWarmup   1: 2097152 op, 6863439.00 ns, 3.2727 ns/op
OverheadWarmup   2: 2097152 op, 6867968.00 ns, 3.2749 ns/op
OverheadWarmup   3: 2097152 op, 6874369.00 ns, 3.2780 ns/op
OverheadWarmup   4: 2097152 op, 6867165.00 ns, 3.2745 ns/op
OverheadWarmup   5: 2097152 op, 6877044.00 ns, 3.2792 ns/op
OverheadWarmup   6: 2097152 op, 6882424.00 ns, 3.2818 ns/op
OverheadWarmup   7: 2097152 op, 6867155.00 ns, 3.2745 ns/op

OverheadActual   1: 2097152 op, 6867106.00 ns, 3.2745 ns/op
OverheadActual   2: 2097152 op, 6873357.00 ns, 3.2775 ns/op
OverheadActual   3: 2097152 op, 6868028.00 ns, 3.2749 ns/op
OverheadActual   4: 2097152 op, 6866374.00 ns, 3.2741 ns/op
OverheadActual   5: 2097152 op, 6863559.00 ns, 3.2728 ns/op
OverheadActual   6: 2097152 op, 6861826.00 ns, 3.2720 ns/op
OverheadActual   7: 2097152 op, 6874971.00 ns, 3.2782 ns/op
OverheadActual   8: 2097152 op, 6867968.00 ns, 3.2749 ns/op
OverheadActual   9: 2097152 op, 6858960.00 ns, 3.2706 ns/op
OverheadActual  10: 2097152 op, 6860543.00 ns, 3.2714 ns/op
OverheadActual  11: 2097152 op, 6862948.00 ns, 3.2725 ns/op
OverheadActual  12: 2097152 op, 6860784.00 ns, 3.2715 ns/op
OverheadActual  13: 2097152 op, 6855564.00 ns, 3.2690 ns/op
OverheadActual  14: 2097152 op, 6961553.00 ns, 3.3195 ns/op
OverheadActual  15: 2097152 op, 6872676.00 ns, 3.2771 ns/op

WorkloadWarmup   1: 2097152 op, 885939913.00 ns, 422.4491 ns/op
WorkloadWarmup   2: 2097152 op, 882289749.00 ns, 420.7085 ns/op
WorkloadWarmup   3: 2097152 op, 880040140.00 ns, 419.6358 ns/op

// BeforeActualRun
WorkloadActual   1: 2097152 op, 884996472.00 ns, 421.9992 ns/op
WorkloadActual   2: 2097152 op, 882407418.00 ns, 420.7646 ns/op
WorkloadActual   3: 2097152 op, 884964752.00 ns, 421.9841 ns/op
WorkloadActual   4: 2097152 op, 871283854.00 ns, 415.4605 ns/op
WorkloadActual   5: 2097152 op, 884342917.00 ns, 421.6876 ns/op
WorkloadActual   6: 2097152 op, 879062236.00 ns, 419.1695 ns/op
WorkloadActual   7: 2097152 op, 871503816.00 ns, 415.5654 ns/op
WorkloadActual   8: 2097152 op, 870741647.00 ns, 415.2020 ns/op
WorkloadActual   9: 2097152 op, 873546922.00 ns, 416.5396 ns/op
WorkloadActual  10: 2097152 op, 880957905.00 ns, 420.0735 ns/op

// AfterActualRun
WorkloadResult   1: 2097152 op, 878130098.00 ns, 418.7251 ns/op
WorkloadResult   2: 2097152 op, 875541044.00 ns, 417.4905 ns/op
WorkloadResult   3: 2097152 op, 878098378.00 ns, 418.7099 ns/op
WorkloadResult   4: 2097152 op, 864417480.00 ns, 412.1864 ns/op
WorkloadResult   5: 2097152 op, 877476543.00 ns, 418.4134 ns/op
WorkloadResult   6: 2097152 op, 872195862.00 ns, 415.8954 ns/op
WorkloadResult   7: 2097152 op, 864637442.00 ns, 412.2913 ns/op
WorkloadResult   8: 2097152 op, 863875273.00 ns, 411.9278 ns/op
WorkloadResult   9: 2097152 op, 866680548.00 ns, 413.2655 ns/op
WorkloadResult  10: 2097152 op, 874091531.00 ns, 416.7993 ns/op
// GC:  65 0 0 1090519040 2097152
// Threading:  0 0 2097152

// AfterAll
// Benchmark Process 3181 has exited with code 0.

Mean = 415.570 ns, StdErr = 0.907 ns (0.22%), N = 10, StdDev = 2.867 ns
Min = 411.928 ns, Q1 = 412.535 ns, Median = 416.347 ns, Q3 = 418.183 ns, Max = 418.725 ns
IQR = 5.648 ns, LowerFence = 404.063 ns, UpperFence = 426.655 ns
ConfidenceInterval = [411.236 ns; 419.905 ns] (CI 99.9%), Margin = 4.335 ns (1.04% of Mean)
Skewness = -0.17, Kurtosis = 1.08, MValue = 2

// ** Remained 19 (95.0 %) benchmark(s) to run. Estimated finish 2026-10-03 10:52 (0h 4m from now) **
// **************************
// Benchmark: PIIMaskerBenchmarks.Mask_WithRegexPattern: Job-YFEFPZ(IterationCount=10, WarmupCount=3)
// *** Execute ***
// Launch: 1 / 1
// Execute: dotnet Encina.Security.PII.Benchmarks-Job-YFEFPZ-1.dll --anonymousPipes 160 161 --benchmarkName Encina.Security.PII.Benchmarks.PIIMaskerBenchmarks.Mask_WithRegexPattern --job "IterationCount=10, WarmupCount=3" --benchmarkId 1 in /home/runner/work/Encina/Encina/tests/Encina.BenchmarkTests/Encina.Security.PII.Benchmarks/bin/Release/net10.0/Encina.Security.PII.Benchmarks-Job-YFEFPZ-1/bin/Release/net10.0
// Failed to set up high priority (Permission denied). In order to run benchmarks with high priority, make sure you have the right permissions.
// BeforeAnythingElse

// Benchmark Process Environment Information:
// BenchmarkDotNet v0.15.8
// Runtime=.NET 10.0.12 (10.0.12, 10.0.1226.42308), X64 RyuJIT x86-64-v3
// GC=Concurrent Workstation
// HardwareIntrinsics=AVX2+BMI1+BMI2+F16C+FMA+LZCNT+MOVBE,AVX,SSE3+SSSE3+SSE4.1+SSE4.2+POPCNT,X86Base+SSE+SSE2,AES+PCLMUL VectorSize=256
// Job: Job-YFEFPZ(IterationCount=10, WarmupCount=3)

OverheadJitting  1: 1 op, 257172.00 ns, 257.1720 us/op
WorkloadJitting  1: 1 op, 13758284.00 ns, 13.7583 ms/op

OverheadJitting  2: 16 op, 428584.00 ns, 26.7865 us/op
WorkloadJitting  2: 16 op, 701676.00 ns, 43.8548 us/op

WorkloadPilot    1: 16 op, 35136.00 ns, 2.1960 us/op
WorkloadPilot    2: 32 op, 46958.00 ns, 1.4674 us/op
WorkloadPilot    3: 64 op, 70031.00 ns, 1.0942 us/op
WorkloadPilot    4: 128 op, 116368.00 ns, 909.1250 ns/op
WorkloadPilot    5: 256 op, 221426.00 ns, 864.9453 ns/op
WorkloadPilot    6: 512 op, 413536.00 ns, 807.6875 ns/op
WorkloadPilot    7: 1024 op, 726892.00 ns, 709.8555 ns/op
WorkloadPilot    8: 2048 op, 1400795.00 ns, 683.9819 ns/op
WorkloadPilot    9: 4096 op, 2806262.00 ns, 685.1226 ns/op
WorkloadPilot   10: 8192 op, 6519032.00 ns, 795.7803 ns/op
WorkloadPilot   11: 16384 op, 11275639.00 ns, 688.2104 ns/op
WorkloadPilot   12: 32768 op, 25149220.00 ns, 767.4933 ns/op
WorkloadPilot   13: 65536 op, 41938026.00 ns, 639.9235 ns/op
WorkloadPilot   14: 131072 op, 77062137.00 ns, 587.9374 ns/op
WorkloadPilot   15: 262144 op, 153306971.00 ns, 584.8197 ns/op
WorkloadPilot   16: 524288 op, 304392066.00 ns, 580.5818 ns/op
WorkloadPilot   17: 1048576 op, 607369189.00 ns, 579.2324 ns/op

OverheadWarmup   1: 1048576 op, 3492458.00 ns, 3.3307 ns/op
OverheadWarmup   2: 1048576 op, 3507756.00 ns, 3.3453 ns/op
OverheadWarmup   3: 1048576 op, 3488901.00 ns, 3.3273 ns/op
OverheadWarmup   4: 1048576 op, 3469775.00 ns, 3.3090 ns/op
OverheadWarmup   5: 1048576 op, 3473262.00 ns, 3.3124 ns/op
OverheadWarmup   6: 1048576 op, 3479904.00 ns, 3.3187 ns/op
OverheadWarmup   7: 1048576 op, 3464585.00 ns, 3.3041 ns/op

OverheadActual   1: 1048576 op, 3488009.00 ns, 3.3264 ns/op
OverheadActual   2: 1048576 op, 3488360.00 ns, 3.3268 ns/op
OverheadActual   3: 1048576 op, 3498128.00 ns, 3.3361 ns/op
OverheadActual   4: 1048576 op, 3502888.00 ns, 3.3406 ns/op
OverheadActual   5: 1048576 op, 3491595.00 ns, 3.3298 ns/op
OverheadActual   6: 1048576 op, 3503669.00 ns, 3.3414 ns/op
OverheadActual   7: 1048576 op, 3488220.00 ns, 3.3266 ns/op
OverheadActual   8: 1048576 op, 3491395.00 ns, 3.3297 ns/op
OverheadActual   9: 1048576 op, 3483791.00 ns, 3.3224 ns/op
OverheadActual  10: 1048576 op, 3481527.00 ns, 3.3202 ns/op
OverheadActual  11: 1048576 op, 3471288.00 ns, 3.3105 ns/op
OverheadActual  12: 1048576 op, 3471068.00 ns, 3.3103 ns/op
OverheadActual  13: 1048576 op, 3480124.00 ns, 3.3189 ns/op
OverheadActual  14: 1048576 op, 3468392.00 ns, 3.3077 ns/op
OverheadActual  15: 1048576 op, 3471268.00 ns, 3.3105 ns/op

WorkloadWarmup   1: 1048576 op, 617881147.00 ns, 589.2574 ns/op
WorkloadWarmup   2: 1048576 op, 612888427.00 ns, 584.4960 ns/op
WorkloadWarmup   3: 1048576 op, 605428902.00 ns, 577.3820 ns/op

// BeforeActualRun
WorkloadActual   1: 1048576 op, 609087691.00 ns, 580.8713 ns/op
WorkloadActual   2: 1048576 op, 609373978.00 ns, 581.1443 ns/op
WorkloadActual   3: 1048576 op, 609777375.00 ns, 581.5290 ns/op
WorkloadActual   4: 1048576 op, 607209493.00 ns, 579.0801 ns/op
WorkloadActual   5: 1048576 op, 608421975.00 ns, 580.2364 ns/op
WorkloadActual   6: 1048576 op, 609621534.00 ns, 581.3804 ns/op
WorkloadActual   7: 1048576 op, 608020472.00 ns, 579.8535 ns/op
WorkloadActual   8: 1048576 op, 607632886.00 ns, 579.4839 ns/op
WorkloadActual   9: 1048576 op, 610148693.00 ns, 581.8831 ns/op
WorkloadActual  10: 1048576 op, 608782030.00 ns, 580.5798 ns/op

// AfterActualRun
WorkloadResult   1: 1048576 op, 605599682.00 ns, 577.5449 ns/op
WorkloadResult   2: 1048576 op, 605885969.00 ns, 577.8179 ns/op
WorkloadResult   3: 1048576 op, 606289366.00 ns, 578.2026 ns/op
WorkloadResult   4: 1048576 op, 603721484.00 ns, 575.7537 ns/op
WorkloadResult   5: 1048576 op, 604933966.00 ns, 576.9100 ns/op
WorkloadResult   6: 1048576 op, 606133525.00 ns, 578.0540 ns/op
WorkloadResult   7: 1048576 op, 604532463.00 ns, 576.5271 ns/op
WorkloadResult   8: 1048576 op, 604144877.00 ns, 576.1575 ns/op
WorkloadResult   9: 1048576 op, 606660684.00 ns, 578.5567 ns/op
WorkloadResult  10: 1048576 op, 605294021.00 ns, 577.2534 ns/op
// GC:  26 0 0 436207616 1048576
// Threading:  0 0 1048576

// AfterAll
// Benchmark Process 3192 has exited with code 0.

Mean = 577.278 ns, StdErr = 0.293 ns (0.05%), N = 10, StdDev = 0.927 ns
Min = 575.754 ns, Q1 = 576.623 ns, Median = 577.399 ns, Q3 = 577.995 ns, Max = 578.557 ns
IQR = 1.372 ns, LowerFence = 574.565 ns, UpperFence = 580.053 ns
ConfidenceInterval = [575.876 ns; 578.679 ns] (CI 99.9%), Margin = 1.401 ns (0.24% of Mean)
Skewness = -0.24, Kurtosis = 1.51, MValue = 2

// ** Remained 18 (90.0 %) benchmark(s) to run. Estimated finish 2026-10-03 10:51 (0h 3m from now) **
// **************************
// Benchmark: PIIMaskerBenchmarks.MaskObject_NoAttributes: Job-YFEFPZ(IterationCount=10, WarmupCount=3)
// *** Execute ***
// Launch: 1 / 1
// Execute: dotnet Encina.Security.PII.Benchmarks-Job-YFEFPZ-1.dll --anonymousPipes 160 161 --benchmarkName Encina.Security.PII.Benchmarks.PIIMaskerBenchmarks.MaskObject_NoAttributes --job "IterationCount=10, WarmupCount=3" --benchmarkId 2 in /home/runner/work/Encina/Encina/tests/Encina.BenchmarkTests/Encina.Security.PII.Benchmarks/bin/Release/net10.0/Encina.Security.PII.Benchmarks-Job-YFEFPZ-1/bin/Release/net10.0
// Failed to set up high priority (Permission denied). In order to run benchmarks with high priority, make sure you have the right permissions.
// BeforeAnythingElse

// Benchmark Process Environment Information:
// BenchmarkDotNet v0.15.8
// Runtime=.NET 10.0.12 (10.0.12, 10.0.1226.42308), X64 RyuJIT x86-64-v3
// GC=Concurrent Workstation
// HardwareIntrinsics=AVX2+BMI1+BMI2+F16C+FMA+LZCNT+MOVBE,AVX,SSE3+SSSE3+SSE4.1+SSE4.2+POPCNT,X86Base+SSE+SSE2,AES+PCLMUL VectorSize=256
// Job: Job-YFEFPZ(IterationCount=10, WarmupCount=3)

OverheadJitting  1: 1 op, 244809.00 ns, 244.8090 us/op
WorkloadJitting  1: 1 op, 307286.00 ns, 307.2860 us/op

OverheadJitting  2: 16 op, 479299.00 ns, 29.9562 us/op
WorkloadJitting  2: 16 op, 539922.00 ns, 33.7451 us/op

WorkloadPilot    1: 16 op, 97122.00 ns, 6.0701 us/op
WorkloadPilot    2: 32 op, 136255.00 ns, 4.2580 us/op
WorkloadPilot    3: 64 op, 247384.00 ns, 3.8654 us/op
WorkloadPilot    4: 128 op, 445225.00 ns, 3.4783 us/op
WorkloadPilot    5: 256 op, 901691.00 ns, 3.5222 us/op
WorkloadPilot    6: 512 op, 1641468.00 ns, 3.2060 us/op
WorkloadPilot    7: 1024 op, 3085365.00 ns, 3.0131 us/op
WorkloadPilot    8: 2048 op, 6110385.00 ns, 2.9836 us/op
WorkloadPilot    9: 4096 op, 12195595.00 ns, 2.9774 us/op
WorkloadPilot   10: 8192 op, 27030879.00 ns, 3.2997 us/op
WorkloadPilot   11: 16384 op, 49163935.00 ns, 3.0007 us/op
WorkloadPilot   12: 32768 op, 90232424.00 ns, 2.7537 us/op
WorkloadPilot   13: 65536 op, 177061074.00 ns, 2.7017 us/op
WorkloadPilot   14: 131072 op, 349856041.00 ns, 2.6692 us/op
WorkloadPilot   15: 262144 op, 698880281.00 ns, 2.6660 us/op

OverheadWarmup   1: 262144 op, 885160.00 ns, 3.3766 ns/op
OverheadWarmup   2: 262144 op, 878908.00 ns, 3.3528 ns/op
OverheadWarmup   3: 262144 op, 882755.00 ns, 3.3674 ns/op
OverheadWarmup   4: 262144 op, 878798.00 ns, 3.3523 ns/op
OverheadWarmup   5: 262144 op, 889367.00 ns, 3.3927 ns/op
OverheadWarmup   6: 262144 op, 878297.00 ns, 3.3504 ns/op

OverheadActual   1: 262144 op, 893285.00 ns, 3.4076 ns/op
OverheadActual   2: 262144 op, 1107787.00 ns, 4.2259 ns/op
OverheadActual   3: 262144 op, 868168.00 ns, 3.3118 ns/op
OverheadActual   4: 262144 op, 874130.00 ns, 3.3345 ns/op
OverheadActual   5: 262144 op, 867076.00 ns, 3.3076 ns/op
OverheadActual   6: 262144 op, 859752.00 ns, 3.2797 ns/op
OverheadActual   7: 262144 op, 878888.00 ns, 3.3527 ns/op
OverheadActual   8: 262144 op, 888085.00 ns, 3.3878 ns/op
OverheadActual   9: 262144 op, 878096.00 ns, 3.3497 ns/op
OverheadActual  10: 262144 op, 879199.00 ns, 3.3539 ns/op
OverheadActual  11: 262144 op, 868488.00 ns, 3.3130 ns/op
OverheadActual  12: 262144 op, 888786.00 ns, 3.3904 ns/op
OverheadActual  13: 262144 op, 888496.00 ns, 3.3893 ns/op
OverheadActual  14: 262144 op, 889156.00 ns, 3.3919 ns/op
OverheadActual  15: 262144 op, 887784.00 ns, 3.3866 ns/op

WorkloadWarmup   1: 262144 op, 706089257.00 ns, 2.6935 us/op
WorkloadWarmup   2: 262144 op, 706532869.00 ns, 2.6952 us/op
WorkloadWarmup   3: 262144 op, 698690459.00 ns, 2.6653 us/op

// BeforeActualRun
WorkloadActual   1: 262144 op, 702488738.00 ns, 2.6798 us/op
WorkloadActual   2: 262144 op, 705966116.00 ns, 2.6930 us/op
WorkloadActual   3: 262144 op, 699961910.00 ns, 2.6701 us/op
WorkloadActual   4: 262144 op, 700303301.00 ns, 2.6714 us/op
WorkloadActual   5: 262144 op, 700840227.00 ns, 2.6735 us/op
WorkloadActual   6: 262144 op, 704153048.00 ns, 2.6861 us/op
WorkloadActual   7: 262144 op, 699384429.00 ns, 2.6679 us/op
WorkloadActual   8: 262144 op, 699485007.00 ns, 2.6683 us/op
WorkloadActual   9: 262144 op, 700888177.00 ns, 2.6737 us/op
WorkloadActual  10: 262144 op, 699478025.00 ns, 2.6683 us/op

// AfterActualRun
WorkloadResult   1: 262144 op, 701609539.00 ns, 2.6764 us/op
WorkloadResult   2: 262144 op, 699082711.00 ns, 2.6668 us/op
WorkloadResult   3: 262144 op, 699424102.00 ns, 2.6681 us/op
WorkloadResult   4: 262144 op, 699961028.00 ns, 2.6701 us/op
WorkloadResult   5: 262144 op, 703273849.00 ns, 2.6828 us/op
WorkloadResult   6: 262144 op, 698505230.00 ns, 2.6646 us/op
WorkloadResult   7: 262144 op, 698605808.00 ns, 2.6650 us/op
WorkloadResult   8: 262144 op, 700008978.00 ns, 2.6703 us/op
WorkloadResult   9: 262144 op, 698598826.00 ns, 2.6649 us/op
// GC:  15 0 0 264241152 262144
// Threading:  0 0 262144

// AfterAll
// Benchmark Process 3200 has exited with code 0.

Mean = 2.670 μs, StdErr = 0.002 μs (0.08%), N = 9, StdDev = 0.006 μs
Min = 2.665 μs, Q1 = 2.665 μs, Median = 2.668 μs, Q3 = 2.670 μs, Max = 2.683 μs
IQR = 0.005 μs, LowerFence = 2.657 μs, UpperFence = 2.678 μs
ConfidenceInterval = [2.660 μs; 2.680 μs] (CI 99.9%), Margin = 0.010 μs (0.38% of Mean)
Skewness = 0.97, Kurtosis = 2.51, MValue = 2

// ** Remained 17 (85.0 %) benchmark(s) to run. Estimated finish 2026-10-03 10:51 (0h 3m from now) **
// **************************
// Benchmark: PIIMaskerBenchmarks.MaskForAudit_SingleField: Job-YFEFPZ(IterationCount=10, WarmupCount=3)
// *** Execute ***
// Launch: 1 / 1
// Execute: dotnet Encina.Security.PII.Benchmarks-Job-YFEFPZ-1.dll --anonymousPipes 160 161 --benchmarkName Encina.Security.PII.Benchmarks.PIIMaskerBenchmarks.MaskForAudit_SingleField --job "IterationCount=10, WarmupCount=3" --benchmarkId 3 in /home/runner/work/Encina/Encina/tests/Encina.BenchmarkTests/Encina.Security.PII.Benchmarks/bin/Release/net10.0/Encina.Security.PII.Benchmarks-Job-YFEFPZ-1/bin/Release/net10.0
// Failed to set up high priority (Permission denied). In order to run benchmarks with high priority, make sure you have the right permissions.
// BeforeAnythingElse

// Benchmark Process Environment Information:
// BenchmarkDotNet v0.15.8
// Runtime=.NET 10.0.12 (10.0.12, 10.0.1226.42308), X64 RyuJIT x86-64-v3
// GC=Concurrent Workstation
// HardwareIntrinsics=AVX2+BMI1+BMI2+F16C+FMA+LZCNT+MOVBE,AVX,SSE3+SSSE3+SSE4.1+SSE4.2+POPCNT,X86Base+SSE+SSE2,AES+PCLMUL VectorSize=256
// Job: Job-YFEFPZ(IterationCount=10, WarmupCount=3)

OverheadJitting  1: 1 op, 242244.00 ns, 242.2440 us/op
WorkloadJitting  1: 1 op, 926097.00 ns, 926.0970 us/op

OverheadJitting  2: 16 op, 510527.00 ns, 31.9079 us/op
WorkloadJitting  2: 16 op, 583254.00 ns, 36.4534 us/op

WorkloadPilot    1: 16 op, 142867.00 ns, 8.9292 us/op
WorkloadPilot    2: 32 op, 210735.00 ns, 6.5855 us/op
WorkloadPilot    3: 64 op, 418795.00 ns, 6.5437 us/op
WorkloadPilot    4: 128 op, 772388.00 ns, 6.0343 us/op
WorkloadPilot    5: 256 op, 1352055.00 ns, 5.2815 us/op
WorkloadPilot    6: 512 op, 2756379.00 ns, 5.3836 us/op
WorkloadPilot    7: 1024 op, 5189852.00 ns, 5.0682 us/op
WorkloadPilot    8: 2048 op, 10181393.00 ns, 4.9714 us/op
WorkloadPilot    9: 4096 op, 20393413.00 ns, 4.9789 us/op
WorkloadPilot   10: 8192 op, 43197579.00 ns, 5.2731 us/op
WorkloadPilot   11: 16384 op, 74645623.00 ns, 4.5560 us/op
WorkloadPilot   12: 32768 op, 150886478.00 ns, 4.6047 us/op
WorkloadPilot   13: 65536 op, 293418951.00 ns, 4.4772 us/op
WorkloadPilot   14: 131072 op, 581526476.00 ns, 4.4367 us/op

OverheadWarmup   1: 131072 op, 504486.00 ns, 3.8489 ns/op
OverheadWarmup   2: 131072 op, 460193.00 ns, 3.5110 ns/op
OverheadWarmup   3: 131072 op, 451506.00 ns, 3.4447 ns/op
OverheadWarmup   4: 131072 op, 446988.00 ns, 3.4102 ns/op
OverheadWarmup   5: 131072 op, 434505.00 ns, 3.3150 ns/op
OverheadWarmup   6: 131072 op, 449143.00 ns, 3.4267 ns/op
OverheadWarmup   7: 131072 op, 457187.00 ns, 3.4881 ns/op
OverheadWarmup   8: 131072 op, 429966.00 ns, 3.2804 ns/op
OverheadWarmup   9: 131072 op, 430047.00 ns, 3.2810 ns/op
OverheadWarmup  10: 131072 op, 449783.00 ns, 3.4316 ns/op

OverheadActual   1: 131072 op, 430157.00 ns, 3.2818 ns/op
OverheadActual   2: 131072 op, 449162.00 ns, 3.4268 ns/op
OverheadActual   3: 131072 op, 429996.00 ns, 3.2806 ns/op
OverheadActual   4: 131072 op, 459121.00 ns, 3.5028 ns/op
OverheadActual   5: 131072 op, 450114.00 ns, 3.4341 ns/op
OverheadActual   6: 131072 op, 463078.00 ns, 3.5330 ns/op
OverheadActual   7: 131072 op, 450254.00 ns, 3.4352 ns/op
OverheadActual   8: 131072 op, 452228.00 ns, 3.4502 ns/op
OverheadActual   9: 131072 op, 451748.00 ns, 3.4466 ns/op
OverheadActual  10: 131072 op, 447499.00 ns, 3.4141 ns/op
OverheadActual  11: 131072 op, 429887.00 ns, 3.2798 ns/op
OverheadActual  12: 131072 op, 430006.00 ns, 3.2807 ns/op
OverheadActual  13: 131072 op, 429906.00 ns, 3.2799 ns/op
OverheadActual  14: 131072 op, 456205.00 ns, 3.4806 ns/op
OverheadActual  15: 131072 op, 456667.00 ns, 3.4841 ns/op

WorkloadWarmup   1: 131072 op, 590399105.00 ns, 4.5044 us/op
WorkloadWarmup   2: 131072 op, 591524745.00 ns, 4.5130 us/op
WorkloadWarmup   3: 131072 op, 588722020.00 ns, 4.4916 us/op

// BeforeActualRun
WorkloadActual   1: 131072 op, 586575524.00 ns, 4.4752 us/op
WorkloadActual   2: 131072 op, 583943178.00 ns, 4.4551 us/op
WorkloadActual   3: 131072 op, 583478967.00 ns, 4.4516 us/op
WorkloadActual   4: 131072 op, 583841357.00 ns, 4.4544 us/op
WorkloadActual   5: 131072 op, 583948398.00 ns, 4.4552 us/op
WorkloadActual   6: 131072 op, 584592566.00 ns, 4.4601 us/op
WorkloadActual   7: 131072 op, 584165845.00 ns, 4.4568 us/op
WorkloadActual   8: 131072 op, 589977300.00 ns, 4.5012 us/op
WorkloadActual   9: 131072 op, 587130567.00 ns, 4.4795 us/op
WorkloadActual  10: 131072 op, 583543091.00 ns, 4.4521 us/op

// AfterActualRun
WorkloadResult   1: 131072 op, 586125410.00 ns, 4.4718 us/op
WorkloadResult   2: 131072 op, 583493064.00 ns, 4.4517 us/op
WorkloadResult   3: 131072 op, 583028853.00 ns, 4.4482 us/op
WorkloadResult   4: 131072 op, 583391243.00 ns, 4.4509 us/op
WorkloadResult   5: 131072 op, 583498284.00 ns, 4.4517 us/op
WorkloadResult   6: 131072 op, 584142452.00 ns, 4.4567 us/op
WorkloadResult   7: 131072 op, 583715731.00 ns, 4.4534 us/op
WorkloadResult   8: 131072 op, 586680453.00 ns, 4.4760 us/op
WorkloadResult   9: 131072 op, 583092977.00 ns, 4.4486 us/op
// GC:  13 0 0 229638144 131072
// Threading:  0 0 131072

// AfterAll
// Benchmark Process 3210 has exited with code 0.

Mean = 4.457 μs, StdErr = 0.003 μs (0.08%), N = 9, StdDev = 0.010 μs
Min = 4.448 μs, Q1 = 4.451 μs, Median = 4.452 μs, Q3 = 4.457 μs, Max = 4.476 μs
IQR = 0.006 μs, LowerFence = 4.442 μs, UpperFence = 4.465 μs
ConfidenceInterval = [4.439 μs; 4.474 μs] (CI 99.9%), Margin = 0.017 μs (0.38% of Mean)
Skewness = 0.98, Kurtosis = 2.14, MValue = 2

// ** Remained 16 (80.0 %) benchmark(s) to run. Estimated finish 2026-10-03 10:51 (0h 3m from now) **
// **************************
// Benchmark: PIIMaskerBenchmarks.MaskForAudit_NonGeneric: Job-YFEFPZ(IterationCount=10, WarmupCount=3)
// *** Execute ***
// Launch: 1 / 1
// Execute: dotnet Encina.Security.PII.Benchmarks-Job-YFEFPZ-1.dll --anonymousPipes 160 161 --benchmarkName Encina.Security.PII.Benchmarks.PIIMaskerBenchmarks.MaskForAudit_NonGeneric --job "IterationCount=10, WarmupCount=3" --benchmarkId 4 in /home/runner/work/Encina/Encina/tests/Encina.BenchmarkTests/Encina.Security.PII.Benchmarks/bin/Release/net10.0/Encina.Security.PII.Benchmarks-Job-YFEFPZ-1/bin/Release/net10.0
// Failed to set up high priority (Permission denied). In order to run benchmarks with high priority, make sure you have the right permissions.
// BeforeAnythingElse

// Benchmark Process Environment Information:
// BenchmarkDotNet v0.15.8
// Runtime=.NET 10.0.12 (10.0.12, 10.0.1226.42308), X64 RyuJIT x86-64-v3
// GC=Concurrent Workstation
// HardwareIntrinsics=AVX2+BMI1+BMI2+F16C+FMA+LZCNT+MOVBE,AVX,SSE3+SSSE3+SSE4.1+SSE4.2+POPCNT,X86Base+SSE+SSE2,AES+PCLMUL VectorSize=256
// Job: Job-YFEFPZ(IterationCount=10, WarmupCount=3)

OverheadJitting  1: 1 op, 227106.00 ns, 227.1060 us/op
WorkloadJitting  1: 1 op, 2247734.00 ns, 2.2477 ms/op

OverheadJitting  2: 16 op, 386174.00 ns, 24.1359 us/op
WorkloadJitting  2: 16 op, 519333.00 ns, 32.4583 us/op

WorkloadPilot    1: 16 op, 147466.00 ns, 9.2166 us/op
WorkloadPilot    2: 32 op, 215243.00 ns, 6.7263 us/op
WorkloadPilot    3: 64 op, 414267.00 ns, 6.4729 us/op
WorkloadPilot    4: 128 op, 756729.00 ns, 5.9119 us/op
WorkloadPilot    5: 256 op, 1324393.00 ns, 5.1734 us/op
WorkloadPilot    6: 512 op, 2748343.00 ns, 5.3679 us/op
WorkloadPilot    7: 1024 op, 5089672.00 ns, 4.9704 us/op
WorkloadPilot    8: 2048 op, 10146974.00 ns, 4.9546 us/op
WorkloadPilot    9: 4096 op, 20312814.00 ns, 4.9592 us/op
WorkloadPilot   10: 8192 op, 43202258.00 ns, 5.2737 us/op
WorkloadPilot   11: 16384 op, 74036588.00 ns, 4.5188 us/op
WorkloadPilot   12: 32768 op, 149686441.00 ns, 4.5681 us/op
WorkloadPilot   13: 65536 op, 291196462.00 ns, 4.4433 us/op
WorkloadPilot   14: 131072 op, 577003269.00 ns, 4.4022 us/op

OverheadWarmup   1: 131072 op, 444624.00 ns, 3.3922 ns/op
OverheadWarmup   2: 131072 op, 425037.00 ns, 3.2428 ns/op
OverheadWarmup   3: 131072 op, 442249.00 ns, 3.3741 ns/op
OverheadWarmup   4: 131072 op, 443732.00 ns, 3.3854 ns/op
OverheadWarmup   5: 131072 op, 441878.00 ns, 3.3713 ns/op
OverheadWarmup   6: 131072 op, 424787.00 ns, 3.2409 ns/op
OverheadWarmup   7: 131072 op, 425007.00 ns, 3.2425 ns/op
OverheadWarmup   8: 131072 op, 424767.00 ns, 3.2407 ns/op

OverheadActual   1: 131072 op, 424887.00 ns, 3.2416 ns/op
OverheadActual   2: 131072 op, 443511.00 ns, 3.3837 ns/op
OverheadActual   3: 131072 op, 444383.00 ns, 3.3904 ns/op
OverheadActual   4: 131072 op, 445124.00 ns, 3.3960 ns/op
OverheadActual   5: 131072 op, 424887.00 ns, 3.2416 ns/op
OverheadActual   6: 131072 op, 424786.00 ns, 3.2409 ns/op
OverheadActual   7: 131072 op, 441618.00 ns, 3.3693 ns/op
OverheadActual   8: 131072 op, 442980.00 ns, 3.3797 ns/op
OverheadActual   9: 131072 op, 441307.00 ns, 3.3669 ns/op
OverheadActual  10: 131072 op, 440526.00 ns, 3.3609 ns/op
OverheadActual  11: 131072 op, 424806.00 ns, 3.2410 ns/op
OverheadActual  12: 131072 op, 442199.00 ns, 3.3737 ns/op
OverheadActual  13: 131072 op, 444573.00 ns, 3.3918 ns/op
OverheadActual  14: 131072 op, 454983.00 ns, 3.4712 ns/op
OverheadActual  15: 131072 op, 458800.00 ns, 3.5004 ns/op

WorkloadWarmup   1: 131072 op, 580238946.00 ns, 4.4269 us/op
WorkloadWarmup   2: 131072 op, 580083154.00 ns, 4.4257 us/op
WorkloadWarmup   3: 131072 op, 577508697.00 ns, 4.4060 us/op

// BeforeActualRun
WorkloadActual   1: 131072 op, 578261168.00 ns, 4.4118 us/op
WorkloadActual   2: 131072 op, 574310581.00 ns, 4.3816 us/op
WorkloadActual   3: 131072 op, 575677605.00 ns, 4.3921 us/op
WorkloadActual   4: 131072 op, 573578969.00 ns, 4.3761 us/op
WorkloadActual   5: 131072 op, 574784578.00 ns, 4.3853 us/op
WorkloadActual   6: 131072 op, 574823702.00 ns, 4.3856 us/op
WorkloadActual   7: 131072 op, 575241826.00 ns, 4.3887 us/op
WorkloadActual   8: 131072 op, 575711456.00 ns, 4.3923 us/op
WorkloadActual   9: 131072 op, 575960703.00 ns, 4.3942 us/op
WorkloadActual  10: 131072 op, 576226141.00 ns, 4.3963 us/op

// AfterActualRun
WorkloadResult   1: 131072 op, 573868382.00 ns, 4.3783 us/op
WorkloadResult   2: 131072 op, 575235406.00 ns, 4.3887 us/op
WorkloadResult   3: 131072 op, 573136770.00 ns, 4.3727 us/op
WorkloadResult   4: 131072 op, 574342379.00 ns, 4.3819 us/op
WorkloadResult   5: 131072 op, 574381503.00 ns, 4.3822 us/op
WorkloadResult   6: 131072 op, 574799627.00 ns, 4.3854 us/op
WorkloadResult   7: 131072 op, 575269257.00 ns, 4.3890 us/op
WorkloadResult   8: 131072 op, 575518504.00 ns, 4.3909 us/op
WorkloadResult   9: 131072 op, 575783942.00 ns, 4.3929 us/op
// GC:  13 0 0 229638144 131072
// Threading:  0 0 131072

// AfterAll
// Benchmark Process 3216 has exited with code 0.

Mean = 4.385 μs, StdErr = 0.002 μs (0.05%), N = 9, StdDev = 0.007 μs
Min = 4.373 μs, Q1 = 4.382 μs, Median = 4.385 μs, Q3 = 4.389 μs, Max = 4.393 μs
IQR = 0.007 μs, LowerFence = 4.371 μs, UpperFence = 4.400 μs
ConfidenceInterval = [4.374 μs; 4.396 μs] (CI 99.9%), Margin = 0.011 μs (0.25% of Mean)
Skewness = -0.43, Kurtosis = 1.78, MValue = 2

// ** Remained 15 (75.0 %) benchmark(s) to run. Estimated finish 2026-10-03 10:51 (0h 2m from now) **
// **************************
// Benchmark: PIIMaskerBenchmarks.Mask_SSN: ShortRun(IterationCount=3, LaunchCount=1, WarmupCount=3)
// *** Execute ***
// Launch: 1 / 1
// Execute: dotnet Encina.Security.PII.Benchmarks-Job-YFEFPZ-1.dll --anonymousPipes 160 161 --benchmarkName Encina.Security.PII.Benchmarks.PIIMaskerBenchmarks.Mask_SSN --job ShortRun --benchmarkId 5 in /home/runner/work/Encina/Encina/tests/Encina.BenchmarkTests/Encina.Security.PII.Benchmarks/bin/Release/net10.0/Encina.Security.PII.Benchmarks-Job-YFEFPZ-1/bin/Release/net10.0
// Failed to set up high priority (Permission denied). In order to run benchmarks with high priority, make sure you have the right permissions.
// BeforeAnythingElse

// Benchmark Process Environment Information:
// BenchmarkDotNet v0.15.8
// Runtime=.NET 10.0.12 (10.0.12, 10.0.1226.42308), X64 RyuJIT x86-64-v3
// GC=Concurrent Workstation
// HardwareIntrinsics=AVX2+BMI1+BMI2+F16C+FMA+LZCNT+MOVBE,AVX,SSE3+SSSE3+SSE4.1+SSE4.2+POPCNT,X86Base+SSE+SSE2,AES+PCLMUL VectorSize=256
// Job: ShortRun(IterationCount=3, LaunchCount=1, WarmupCount=3)

OverheadJitting  1: 1 op, 210665.00 ns, 210.6650 us/op
WorkloadJitting  1: 1 op, 415028.00 ns, 415.0280 us/op

OverheadJitting  2: 16 op, 442970.00 ns, 27.6856 us/op
WorkloadJitting  2: 16 op, 453100.00 ns, 28.3188 us/op

WorkloadPilot    1: 16 op, 31118.00 ns, 1.9449 us/op
WorkloadPilot    2: 32 op, 38372.00 ns, 1.1991 us/op
WorkloadPilot    3: 64 op, 65953.00 ns, 1.0305 us/op
WorkloadPilot    4: 128 op, 103975.00 ns, 812.3047 ns/op
WorkloadPilot    5: 256 op, 215234.00 ns, 840.7578 ns/op
WorkloadPilot    6: 512 op, 387927.00 ns, 757.6699 ns/op
WorkloadPilot    7: 1024 op, 566312.00 ns, 553.0391 ns/op
WorkloadPilot    8: 2048 op, 1163271.00 ns, 568.0034 ns/op
WorkloadPilot    9: 4096 op, 2332172.00 ns, 569.3779 ns/op
WorkloadPilot   10: 8192 op, 5650604.00 ns, 689.7710 ns/op
WorkloadPilot   11: 16384 op, 10230461.00 ns, 624.4178 ns/op
WorkloadPilot   12: 32768 op, 19951998.00 ns, 608.8867 ns/op
WorkloadPilot   13: 65536 op, 27751541.00 ns, 423.4549 ns/op
WorkloadPilot   14: 131072 op, 58780536.00 ns, 448.4599 ns/op
WorkloadPilot   15: 262144 op, 110212957.00 ns, 420.4291 ns/op
WorkloadPilot   16: 524288 op, 220288958.00 ns, 420.1678 ns/op
WorkloadPilot   17: 1048576 op, 438367211.00 ns, 418.0596 ns/op
WorkloadPilot   18: 2097152 op, 891494835.00 ns, 425.0979 ns/op

OverheadWarmup   1: 2097152 op, 6982412.00 ns, 3.3295 ns/op
OverheadWarmup   2: 2097152 op, 6949810.00 ns, 3.3139 ns/op
OverheadWarmup   3: 2097152 op, 6962394.00 ns, 3.3199 ns/op
OverheadWarmup   4: 2097152 op, 6940824.00 ns, 3.3096 ns/op
OverheadWarmup   5: 2097152 op, 6939781.00 ns, 3.3091 ns/op
OverheadWarmup   6: 2097152 op, 6981330.00 ns, 3.3290 ns/op
OverheadWarmup   7: 2097152 op, 6985287.00 ns, 3.3308 ns/op
OverheadWarmup   8: 2097152 op, 6945342.00 ns, 3.3118 ns/op

OverheadActual   1: 2097152 op, 6943508.00 ns, 3.3109 ns/op
OverheadActual   2: 2097152 op, 6949249.00 ns, 3.3137 ns/op
OverheadActual   3: 2097152 op, 6939791.00 ns, 3.3092 ns/op
OverheadActual   4: 2097152 op, 6948287.00 ns, 3.3132 ns/op
OverheadActual   5: 2097152 op, 6992460.00 ns, 3.3343 ns/op
OverheadActual   6: 2097152 op, 6962844.00 ns, 3.3201 ns/op
OverheadActual   7: 2097152 op, 6939732.00 ns, 3.3091 ns/op
OverheadActual   8: 2097152 op, 6995586.00 ns, 3.3358 ns/op
OverheadActual   9: 2097152 op, 6944350.00 ns, 3.3113 ns/op
OverheadActual  10: 2097152 op, 6957414.00 ns, 3.3176 ns/op
OverheadActual  11: 2097152 op, 6939641.00 ns, 3.3091 ns/op
OverheadActual  12: 2097152 op, 6939401.00 ns, 3.3090 ns/op
OverheadActual  13: 2097152 op, 6968705.00 ns, 3.3229 ns/op
OverheadActual  14: 2097152 op, 6941245.00 ns, 3.3098 ns/op
OverheadActual  15: 2097152 op, 6931546.00 ns, 3.3052 ns/op

WorkloadWarmup   1: 2097152 op, 883947826.00 ns, 421.4992 ns/op
WorkloadWarmup   2: 2097152 op, 894443958.00 ns, 426.5041 ns/op
WorkloadWarmup   3: 2097152 op, 879561861.00 ns, 419.4078 ns/op

// BeforeActualRun
WorkloadActual   1: 2097152 op, 889543664.00 ns, 424.1675 ns/op
WorkloadActual   2: 2097152 op, 883456211.00 ns, 421.2647 ns/op
WorkloadActual   3: 2097152 op, 883096056.00 ns, 421.0930 ns/op

// AfterActualRun
WorkloadResult   1: 2097152 op, 882599314.00 ns, 420.8561 ns/op
WorkloadResult   2: 2097152 op, 876511861.00 ns, 417.9534 ns/op
WorkloadResult   3: 2097152 op, 876151706.00 ns, 417.7817 ns/op
// GC:  65 0 0 1090519040 2097152
// Threading:  0 0 2097152

// AfterAll
// Benchmark Process 3225 has exited with code 0.

Mean = 418.864 ns, StdErr = 0.997 ns (0.24%), N = 3, StdDev = 1.728 ns
Min = 417.782 ns, Q1 = 417.868 ns, Median = 417.953 ns, Q3 = 419.405 ns, Max = 420.856 ns
IQR = 1.537 ns, LowerFence = 415.562 ns, UpperFence = 421.711 ns
ConfidenceInterval = [387.346 ns; 450.382 ns] (CI 99.9%), Margin = 31.518 ns (7.52% of Mean)
Skewness = 0.38, Kurtosis = 0.67, MValue = 2

// ** Remained 14 (70.0 %) benchmark(s) to run. Estimated finish 2026-10-03 10:51 (0h 2m from now) **
// **************************
// Benchmark: PIIMaskerBenchmarks.Mask_WithRegexPattern: ShortRun(IterationCount=3, LaunchCount=1, WarmupCount=3)
// *** Execute ***
// Launch: 1 / 1
// Execute: dotnet Encina.Security.PII.Benchmarks-Job-YFEFPZ-1.dll --anonymousPipes 160 161 --benchmarkName Encina.Security.PII.Benchmarks.PIIMaskerBenchmarks.Mask_WithRegexPattern --job ShortRun --benchmarkId 6 in /home/runner/work/Encina/Encina/tests/Encina.BenchmarkTests/Encina.Security.PII.Benchmarks/bin/Release/net10.0/Encina.Security.PII.Benchmarks-Job-YFEFPZ-1/bin/Release/net10.0
// Failed to set up high priority (Permission denied). In order to run benchmarks with high priority, make sure you have the right permissions.
// BeforeAnythingElse

// Benchmark Process Environment Information:
// BenchmarkDotNet v0.15.8
// Runtime=.NET 10.0.12 (10.0.12, 10.0.1226.42308), X64 RyuJIT x86-64-v3
// GC=Concurrent Workstation
// HardwareIntrinsics=AVX2+BMI1+BMI2+F16C+FMA+LZCNT+MOVBE,AVX,SSE3+SSSE3+SSE4.1+SSE4.2+POPCNT,X86Base+SSE+SSE2,AES+PCLMUL VectorSize=256
// Job: ShortRun(IterationCount=3, LaunchCount=1, WarmupCount=3)

OverheadJitting  1: 1 op, 211506.00 ns, 211.5060 us/op
WorkloadJitting  1: 1 op, 13216739.00 ns, 13.2167 ms/op

OverheadJitting  2: 16 op, 421761.00 ns, 26.3601 us/op
WorkloadJitting  2: 16 op, 517259.00 ns, 32.3287 us/op

WorkloadPilot    1: 16 op, 30177.00 ns, 1.8861 us/op
WorkloadPilot    2: 32 op, 45365.00 ns, 1.4177 us/op
WorkloadPilot    3: 64 op, 65162.00 ns, 1.0182 us/op
WorkloadPilot    4: 128 op, 117901.00 ns, 921.1016 ns/op
WorkloadPilot    5: 256 op, 219922.00 ns, 859.0703 ns/op
WorkloadPilot    6: 512 op, 442229.00 ns, 863.7285 ns/op
WorkloadPilot    7: 1024 op, 728887.00 ns, 711.8037 ns/op
WorkloadPilot    8: 2048 op, 1638522.00 ns, 800.0596 ns/op
WorkloadPilot    9: 4096 op, 2807794.00 ns, 685.4966 ns/op
WorkloadPilot   10: 8192 op, 6758401.00 ns, 825.0001 ns/op
WorkloadPilot   11: 16384 op, 12361176.00 ns, 754.4663 ns/op
WorkloadPilot   12: 32768 op, 24348479.00 ns, 743.0566 ns/op
WorkloadPilot   13: 65536 op, 40757164.00 ns, 621.9050 ns/op
WorkloadPilot   14: 131072 op, 74566642.00 ns, 568.8983 ns/op
WorkloadPilot   15: 262144 op, 149624571.00 ns, 570.7724 ns/op
WorkloadPilot   16: 524288 op, 298344743.00 ns, 569.0474 ns/op
WorkloadPilot   17: 1048576 op, 598006244.00 ns, 570.3032 ns/op

OverheadWarmup   1: 1048576 op, 3439609.00 ns, 3.2803 ns/op
OverheadWarmup   2: 1048576 op, 3441301.00 ns, 3.2819 ns/op
OverheadWarmup   3: 1048576 op, 3431503.00 ns, 3.2725 ns/op
OverheadWarmup   4: 1048576 op, 3456160.00 ns, 3.2961 ns/op
OverheadWarmup   5: 1048576 op, 3445570.00 ns, 3.2860 ns/op

OverheadActual   1: 1048576 op, 3452212.00 ns, 3.2923 ns/op
OverheadActual   2: 1048576 op, 3461469.00 ns, 3.3011 ns/op
OverheadActual   3: 1048576 op, 3456511.00 ns, 3.2964 ns/op
OverheadActual   4: 1048576 op, 3447895.00 ns, 3.2882 ns/op
OverheadActual   5: 1048576 op, 3456420.00 ns, 3.2963 ns/op
OverheadActual   6: 1048576 op, 3455189.00 ns, 3.2951 ns/op
OverheadActual   7: 1048576 op, 3457382.00 ns, 3.2972 ns/op
OverheadActual   8: 1048576 op, 3441743.00 ns, 3.2823 ns/op
OverheadActual   9: 1048576 op, 3439298.00 ns, 3.2800 ns/op
OverheadActual  10: 1048576 op, 3444949.00 ns, 3.2854 ns/op
OverheadActual  11: 1048576 op, 3487338.00 ns, 3.3258 ns/op
OverheadActual  12: 1048576 op, 3420903.00 ns, 3.2624 ns/op
OverheadActual  13: 1048576 op, 3436833.00 ns, 3.2776 ns/op
OverheadActual  14: 1048576 op, 3443806.00 ns, 3.2843 ns/op
OverheadActual  15: 1048576 op, 3460709.00 ns, 3.3004 ns/op

WorkloadWarmup   1: 1048576 op, 613492519.00 ns, 585.0721 ns/op
WorkloadWarmup   2: 1048576 op, 599019805.00 ns, 571.2698 ns/op
WorkloadWarmup   3: 1048576 op, 594216919.00 ns, 566.6894 ns/op

// BeforeActualRun
WorkloadActual   1: 1048576 op, 599375709.00 ns, 571.6092 ns/op
WorkloadActual   2: 1048576 op, 599497347.00 ns, 571.7252 ns/op
WorkloadActual   3: 1048576 op, 596567063.00 ns, 568.9307 ns/op

// AfterActualRun
WorkloadResult   1: 1048576 op, 595923497.00 ns, 568.3169 ns/op
WorkloadResult   2: 1048576 op, 596045135.00 ns, 568.4329 ns/op
WorkloadResult   3: 1048576 op, 593114851.00 ns, 565.6384 ns/op
// GC:  26 0 0 436207616 1048576
// Threading:  0 0 1048576

// AfterAll
// Benchmark Process 3234 has exited with code 0.

Mean = 567.463 ns, StdErr = 0.913 ns (0.16%), N = 3, StdDev = 1.581 ns
Min = 565.638 ns, Q1 = 566.978 ns, Median = 568.317 ns, Q3 = 568.375 ns, Max = 568.433 ns
IQR = 1.397 ns, LowerFence = 564.882 ns, UpperFence = 570.471 ns
ConfidenceInterval = [538.619 ns; 596.306 ns] (CI 99.9%), Margin = 28.843 ns (5.08% of Mean)
Skewness = -0.38, Kurtosis = 0.67, MValue = 2

// ** Remained 13 (65.0 %) benchmark(s) to run. Estimated finish 2026-10-03 10:51 (0h 2m from now) **
// **************************
// Benchmark: PIIMaskerBenchmarks.MaskObject_NoAttributes: ShortRun(IterationCount=3, LaunchCount=1, WarmupCount=3)
// *** Execute ***
// Launch: 1 / 1
// Execute: dotnet Encina.Security.PII.Benchmarks-Job-YFEFPZ-1.dll --anonymousPipes 160 161 --benchmarkName Encina.Security.PII.Benchmarks.PIIMaskerBenchmarks.MaskObject_NoAttributes --job ShortRun --benchmarkId 7 in /home/runner/work/Encina/Encina/tests/Encina.BenchmarkTests/Encina.Security.PII.Benchmarks/bin/Release/net10.0/Encina.Security.PII.Benchmarks-Job-YFEFPZ-1/bin/Release/net10.0
// Failed to set up high priority (Permission denied). In order to run benchmarks with high priority, make sure you have the right permissions.
// BeforeAnythingElse

// Benchmark Process Environment Information:
// BenchmarkDotNet v0.15.8
// Runtime=.NET 10.0.12 (10.0.12, 10.0.1226.42308), X64 RyuJIT x86-64-v3
// GC=Concurrent Workstation
// HardwareIntrinsics=AVX2+BMI1+BMI2+F16C+FMA+LZCNT+MOVBE,AVX,SSE3+SSSE3+SSE4.1+SSE4.2+POPCNT,X86Base+SSE+SSE2,AES+PCLMUL VectorSize=256
// Job: ShortRun(IterationCount=3, LaunchCount=1, WarmupCount=3)

OverheadJitting  1: 1 op, 222437.00 ns, 222.4370 us/op
WorkloadJitting  1: 1 op, 315011.00 ns, 315.0110 us/op

OverheadJitting  2: 16 op, 449783.00 ns, 28.1114 us/op
WorkloadJitting  2: 16 op, 620854.00 ns, 38.8034 us/op

WorkloadPilot    1: 16 op, 88376.00 ns, 5.5235 us/op
WorkloadPilot    2: 32 op, 134652.00 ns, 4.2079 us/op
WorkloadPilot    3: 64 op, 233688.00 ns, 3.6514 us/op
WorkloadPilot    4: 128 op, 433813.00 ns, 3.3892 us/op
WorkloadPilot    5: 256 op, 870773.00 ns, 3.4015 us/op
WorkloadPilot    6: 512 op, 1582857.00 ns, 3.0915 us/op
WorkloadPilot    7: 1024 op, 3030632.00 ns, 2.9596 us/op
WorkloadPilot    8: 2048 op, 6036768.00 ns, 2.9476 us/op
WorkloadPilot    9: 4096 op, 12100226.00 ns, 2.9542 us/op
WorkloadPilot   10: 8192 op, 26639885.00 ns, 3.2519 us/op
WorkloadPilot   11: 16384 op, 50836441.00 ns, 3.1028 us/op
WorkloadPilot   12: 32768 op, 89722576.00 ns, 2.7381 us/op
WorkloadPilot   13: 65536 op, 176352975.00 ns, 2.6909 us/op
WorkloadPilot   14: 131072 op, 352820676.00 ns, 2.6918 us/op
WorkloadPilot   15: 262144 op, 699698689.00 ns, 2.6691 us/op

OverheadWarmup   1: 262144 op, 868248.00 ns, 3.3121 ns/op
OverheadWarmup   2: 262144 op, 885540.00 ns, 3.3781 ns/op
OverheadWarmup   3: 262144 op, 867226.00 ns, 3.3082 ns/op
OverheadWarmup   4: 262144 op, 880340.00 ns, 3.3582 ns/op
OverheadWarmup   5: 262144 op, 870642.00 ns, 3.3212 ns/op

OverheadActual   1: 262144 op, 867837.00 ns, 3.3105 ns/op
OverheadActual   2: 262144 op, 868168.00 ns, 3.3118 ns/op
OverheadActual   3: 262144 op, 849503.00 ns, 3.2406 ns/op
OverheadActual   4: 262144 op, 872646.00 ns, 3.3289 ns/op
OverheadActual   5: 262144 op, 871073.00 ns, 3.3229 ns/op
OverheadActual   6: 262144 op, 868017.00 ns, 3.3112 ns/op
OverheadActual   7: 262144 op, 866014.00 ns, 3.3036 ns/op
OverheadActual   8: 262144 op, 873557.00 ns, 3.3324 ns/op
OverheadActual   9: 262144 op, 866815.00 ns, 3.3066 ns/op
OverheadActual  10: 262144 op, 867517.00 ns, 3.3093 ns/op
OverheadActual  11: 262144 op, 873468.00 ns, 3.3320 ns/op
OverheadActual  12: 262144 op, 866094.00 ns, 3.3039 ns/op
OverheadActual  13: 262144 op, 867126.00 ns, 3.3078 ns/op
OverheadActual  14: 262144 op, 871654.00 ns, 3.3251 ns/op
OverheadActual  15: 262144 op, 849052.00 ns, 3.2389 ns/op

WorkloadWarmup   1: 262144 op, 708155394.00 ns, 2.7014 us/op
WorkloadWarmup   2: 262144 op, 706739539.00 ns, 2.6960 us/op
WorkloadWarmup   3: 262144 op, 701836357.00 ns, 2.6773 us/op

// BeforeActualRun
WorkloadActual   1: 262144 op, 705728061.00 ns, 2.6921 us/op
WorkloadActual   2: 262144 op, 700426984.00 ns, 2.6719 us/op
WorkloadActual   3: 262144 op, 705970424.00 ns, 2.6931 us/op

// AfterActualRun
WorkloadResult   1: 262144 op, 704860224.00 ns, 2.6888 us/op
WorkloadResult   2: 262144 op, 699559147.00 ns, 2.6686 us/op
WorkloadResult   3: 262144 op, 705102587.00 ns, 2.6898 us/op
// GC:  15 0 0 264241152 262144
// Threading:  0 0 262144

// AfterAll
// Benchmark Process 3243 has exited with code 0.

Mean = 2.682 μs, StdErr = 0.007 μs (0.26%), N = 3, StdDev = 0.012 μs
Min = 2.669 μs, Q1 = 2.679 μs, Median = 2.689 μs, Q3 = 2.689 μs, Max = 2.690 μs
IQR = 0.011 μs, LowerFence = 2.663 μs, UpperFence = 2.705 μs
ConfidenceInterval = [2.464 μs; 2.900 μs] (CI 99.9%), Margin = 0.218 μs (8.13% of Mean)
Skewness = -0.38, Kurtosis = 0.67, MValue = 2

// ** Remained 12 (60.0 %) benchmark(s) to run. Estimated finish 2026-10-03 10:50 (0h 1m from now) **
// **************************
// Benchmark: PIIMaskerBenchmarks.MaskForAudit_SingleField: ShortRun(IterationCount=3, LaunchCount=1, WarmupCount=3)
// *** Execute ***
// Launch: 1 / 1
// Execute: dotnet Encina.Security.PII.Benchmarks-Job-YFEFPZ-1.dll --anonymousPipes 160 161 --benchmarkName Encina.Security.PII.Benchmarks.PIIMaskerBenchmarks.MaskForAudit_SingleField --job ShortRun --benchmarkId 8 in /home/runner/work/Encina/Encina/tests/Encina.BenchmarkTests/Encina.Security.PII.Benchmarks/bin/Release/net10.0/Encina.Security.PII.Benchmarks-Job-YFEFPZ-1/bin/Release/net10.0
// Failed to set up high priority (Permission denied). In order to run benchmarks with high priority, make sure you have the right permissions.
// BeforeAnythingElse

// Benchmark Process Environment Information:
// BenchmarkDotNet v0.15.8
// Runtime=.NET 10.0.12 (10.0.12, 10.0.1226.42308), X64 RyuJIT x86-64-v3
// GC=Concurrent Workstation
// HardwareIntrinsics=AVX2+BMI1+BMI2+F16C+FMA+LZCNT+MOVBE,AVX,SSE3+SSSE3+SSE4.1+SSE4.2+POPCNT,X86Base+SSE+SSE2,AES+PCLMUL VectorSize=256
// Job: ShortRun(IterationCount=3, LaunchCount=1, WarmupCount=3)

OverheadJitting  1: 1 op, 232416.00 ns, 232.4160 us/op
WorkloadJitting  1: 1 op, 996609.00 ns, 996.6090 us/op

OverheadJitting  2: 16 op, 597530.00 ns, 37.3456 us/op
WorkloadJitting  2: 16 op, 618710.00 ns, 38.6694 us/op

WorkloadPilot    1: 16 op, 233919.00 ns, 14.6199 us/op
WorkloadPilot    2: 32 op, 228048.00 ns, 7.1265 us/op
WorkloadPilot    3: 64 op, 411902.00 ns, 6.4360 us/op
WorkloadPilot    4: 128 op, 833694.00 ns, 6.5132 us/op
WorkloadPilot    5: 256 op, 1429390.00 ns, 5.5836 us/op
WorkloadPilot    6: 512 op, 2729928.00 ns, 5.3319 us/op
WorkloadPilot    7: 1024 op, 5186224.00 ns, 5.0647 us/op
WorkloadPilot    8: 2048 op, 10413795.00 ns, 5.0849 us/op
WorkloadPilot    9: 4096 op, 20818022.00 ns, 5.0825 us/op
WorkloadPilot   10: 8192 op, 43935316.00 ns, 5.3632 us/op
WorkloadPilot   11: 16384 op, 78493610.00 ns, 4.7909 us/op
WorkloadPilot   12: 32768 op, 152571202.00 ns, 4.6561 us/op
WorkloadPilot   13: 65536 op, 298647525.00 ns, 4.5570 us/op
WorkloadPilot   14: 131072 op, 596486564.00 ns, 4.5508 us/op

OverheadWarmup   1: 131072 op, 441729.00 ns, 3.3701 ns/op
OverheadWarmup   2: 131072 op, 442129.00 ns, 3.3732 ns/op
OverheadWarmup   3: 131072 op, 436609.00 ns, 3.3311 ns/op
OverheadWarmup   4: 131072 op, 443842.00 ns, 3.3862 ns/op
OverheadWarmup   5: 131072 op, 454723.00 ns, 3.4693 ns/op
OverheadWarmup   6: 131072 op, 485560.00 ns, 3.7045 ns/op
OverheadWarmup   7: 131072 op, 436088.00 ns, 3.3271 ns/op

OverheadActual   1: 131072 op, 441468.00 ns, 3.3681 ns/op
OverheadActual   2: 131072 op, 458169.00 ns, 3.4956 ns/op
OverheadActual   3: 131072 op, 442570.00 ns, 3.3765 ns/op
OverheadActual   4: 131072 op, 454742.00 ns, 3.4694 ns/op
OverheadActual   5: 131072 op, 455574.00 ns, 3.4758 ns/op
OverheadActual   6: 131072 op, 457358.00 ns, 3.4894 ns/op
OverheadActual   7: 131072 op, 443672.00 ns, 3.3849 ns/op
OverheadActual   8: 131072 op, 441648.00 ns, 3.3695 ns/op
OverheadActual   9: 131072 op, 446277.00 ns, 3.4048 ns/op
OverheadActual  10: 131072 op, 454922.00 ns, 3.4708 ns/op
OverheadActual  11: 131072 op, 660689.00 ns, 5.0407 ns/op
OverheadActual  12: 131072 op, 554991.00 ns, 4.2342 ns/op
OverheadActual  13: 131072 op, 453250.00 ns, 3.4580 ns/op
OverheadActual  14: 131072 op, 424826.00 ns, 3.2412 ns/op
OverheadActual  15: 131072 op, 424897.00 ns, 3.2417 ns/op

WorkloadWarmup   1: 131072 op, 598906221.00 ns, 4.5693 us/op
WorkloadWarmup   2: 131072 op, 596711456.00 ns, 4.5525 us/op
WorkloadWarmup   3: 131072 op, 598001645.00 ns, 4.5624 us/op

// BeforeActualRun
WorkloadActual   1: 131072 op, 596364355.00 ns, 4.5499 us/op
WorkloadActual   2: 131072 op, 594301127.00 ns, 4.5342 us/op
WorkloadActual   3: 131072 op, 594188425.00 ns, 4.5333 us/op

// AfterActualRun
WorkloadResult   1: 131072 op, 595911105.00 ns, 4.5464 us/op
WorkloadResult   2: 131072 op, 593847877.00 ns, 4.5307 us/op
WorkloadResult   3: 131072 op, 593735175.00 ns, 4.5298 us/op
// GC:  13 0 0 229638144 131072
// Threading:  0 0 131072

// AfterAll
// Benchmark Process 3250 has exited with code 0.

Mean = 4.536 μs, StdErr = 0.005 μs (0.12%), N = 3, StdDev = 0.009 μs
Min = 4.530 μs, Q1 = 4.530 μs, Median = 4.531 μs, Q3 = 4.539 μs, Max = 4.546 μs
IQR = 0.008 μs, LowerFence = 4.518 μs, UpperFence = 4.551 μs
ConfidenceInterval = [4.365 μs; 4.706 μs] (CI 99.9%), Margin = 0.171 μs (3.76% of Mean)
Skewness = 0.38, Kurtosis = 0.67, MValue = 2

// ** Remained 11 (55.0 %) benchmark(s) to run. Estimated finish 2026-10-03 10:50 (0h 1m from now) **
// **************************
// Benchmark: PIIMaskerBenchmarks.MaskForAudit_NonGeneric: ShortRun(IterationCount=3, LaunchCount=1, WarmupCount=3)
// *** Execute ***
// Launch: 1 / 1
// Execute: dotnet Encina.Security.PII.Benchmarks-Job-YFEFPZ-1.dll --anonymousPipes 160 161 --benchmarkName Encina.Security.PII.Benchmarks.PIIMaskerBenchmarks.MaskForAudit_NonGeneric --job ShortRun --benchmarkId 9 in /home/runner/work/Encina/Encina/tests/Encina.BenchmarkTests/Encina.Security.PII.Benchmarks/bin/Release/net10.0/Encina.Security.PII.Benchmarks-Job-YFEFPZ-1/bin/Release/net10.0
// Failed to set up high priority (Permission denied). In order to run benchmarks with high priority, make sure you have the right permissions.
// BeforeAnythingElse

// Benchmark Process Environment Information:
// BenchmarkDotNet v0.15.8
// Runtime=.NET 10.0.12 (10.0.12, 10.0.1226.42308), X64 RyuJIT x86-64-v3
// GC=Concurrent Workstation
// HardwareIntrinsics=AVX2+BMI1+BMI2+F16C+FMA+LZCNT+MOVBE,AVX,SSE3+SSSE3+SSE4.1+SSE4.2+POPCNT,X86Base+SSE+SSE2,AES+PCLMUL VectorSize=256
// Job: ShortRun(IterationCount=3, LaunchCount=1, WarmupCount=3)

OverheadJitting  1: 1 op, 229280.00 ns, 229.2800 us/op
WorkloadJitting  1: 1 op, 2136226.00 ns, 2.1362 ms/op

OverheadJitting  2: 16 op, 385503.00 ns, 24.0939 us/op
WorkloadJitting  2: 16 op, 563016.00 ns, 35.1885 us/op

WorkloadPilot    1: 16 op, 139792.00 ns, 8.7370 us/op
WorkloadPilot    2: 32 op, 205235.00 ns, 6.4136 us/op
WorkloadPilot    3: 64 op, 385883.00 ns, 6.0294 us/op
WorkloadPilot    4: 128 op, 760595.00 ns, 5.9421 us/op
WorkloadPilot    5: 256 op, 1354559.00 ns, 5.2912 us/op
WorkloadPilot    6: 512 op, 2692198.00 ns, 5.2582 us/op
WorkloadPilot    7: 1024 op, 5146490.00 ns, 5.0259 us/op
WorkloadPilot    8: 2048 op, 10050814.00 ns, 4.9076 us/op
WorkloadPilot    9: 4096 op, 20084126.00 ns, 4.9034 us/op
WorkloadPilot   10: 8192 op, 43248729.00 ns, 5.2794 us/op
WorkloadPilot   11: 16384 op, 75509426.00 ns, 4.6087 us/op
WorkloadPilot   12: 32768 op, 146234811.00 ns, 4.4627 us/op
WorkloadPilot   13: 65536 op, 286404655.00 ns, 4.3702 us/op
WorkloadPilot   14: 131072 op, 570528999.00 ns, 4.3528 us/op

OverheadWarmup   1: 131072 op, 430898.00 ns, 3.2875 ns/op
OverheadWarmup   2: 131072 op, 446928.00 ns, 3.4098 ns/op
OverheadWarmup   3: 131072 op, 459682.00 ns, 3.5071 ns/op
OverheadWarmup   4: 131072 op, 429936.00 ns, 3.2802 ns/op
OverheadWarmup   5: 131072 op, 429886.00 ns, 3.2798 ns/op
OverheadWarmup   6: 131072 op, 429906.00 ns, 3.2799 ns/op
OverheadWarmup   7: 131072 op, 448952.00 ns, 3.4252 ns/op
OverheadWarmup   8: 131072 op, 446818.00 ns, 3.4090 ns/op

OverheadActual   1: 131072 op, 429857.00 ns, 3.2795 ns/op
OverheadActual   2: 131072 op, 429916.00 ns, 3.2800 ns/op
OverheadActual   3: 131072 op, 429936.00 ns, 3.2802 ns/op
OverheadActual   4: 131072 op, 429926.00 ns, 3.2801 ns/op
OverheadActual   5: 131072 op, 457648.00 ns, 3.4916 ns/op
OverheadActual   6: 131072 op, 429886.00 ns, 3.2798 ns/op
OverheadActual   7: 131072 op, 429846.00 ns, 3.2795 ns/op
OverheadActual   8: 131072 op, 430698.00 ns, 3.2860 ns/op
OverheadActual   9: 131072 op, 430707.00 ns, 3.2860 ns/op
OverheadActual  10: 131072 op, 429946.00 ns, 3.2802 ns/op
OverheadActual  11: 131072 op, 449263.00 ns, 3.4276 ns/op
OverheadActual  12: 131072 op, 446577.00 ns, 3.4071 ns/op
OverheadActual  13: 131072 op, 446157.00 ns, 3.4039 ns/op
OverheadActual  14: 131072 op, 462507.00 ns, 3.5286 ns/op
OverheadActual  15: 131072 op, 429886.00 ns, 3.2798 ns/op

WorkloadWarmup   1: 131072 op, 578302954.00 ns, 4.4121 us/op
WorkloadWarmup   2: 131072 op, 573346993.00 ns, 4.3743 us/op
WorkloadWarmup   3: 131072 op, 576933817.00 ns, 4.4017 us/op

// BeforeActualRun
WorkloadActual   1: 131072 op, 576907137.00 ns, 4.4015 us/op
WorkloadActual   2: 131072 op, 573348765.00 ns, 4.3743 us/op
WorkloadActual   3: 131072 op, 572316179.00 ns, 4.3664 us/op

// AfterActualRun
WorkloadResult   1: 131072 op, 576477191.00 ns, 4.3982 us/op
WorkloadResult   2: 131072 op, 572918819.00 ns, 4.3710 us/op
WorkloadResult   3: 131072 op, 571886233.00 ns, 4.3631 us/op
// GC:  13 0 0 229638144 131072
// Threading:  0 0 131072

// AfterAll
// Benchmark Process 3257 has exited with code 0.

Mean = 4.377 μs, StdErr = 0.011 μs (0.24%), N = 3, StdDev = 0.018 μs
Min = 4.363 μs, Q1 = 4.367 μs, Median = 4.371 μs, Q3 = 4.385 μs, Max = 4.398 μs
IQR = 0.018 μs, LowerFence = 4.341 μs, UpperFence = 4.411 μs
ConfidenceInterval = [4.042 μs; 4.713 μs] (CI 99.9%), Margin = 0.335 μs (7.66% of Mean)
Skewness = 0.31, Kurtosis = 0.67, MValue = 2

// ** Remained 10 (50.0 %) benchmark(s) to run. Estimated finish 2026-10-03 10:50 (0h 1m from now) **
// **************************
// Benchmark: PIIMaskerBenchmarks.Mask_CreditCard: Job-YFEFPZ(IterationCount=10, WarmupCount=3)
// *** Execute ***
// Launch: 1 / 1
// Execute: dotnet Encina.Security.PII.Benchmarks-Job-YFEFPZ-1.dll --anonymousPipes 160 161 --benchmarkName Encina.Security.PII.Benchmarks.PIIMaskerBenchmarks.Mask_CreditCard --job "IterationCount=10, WarmupCount=3" --benchmarkId 10 in /home/runner/work/Encina/Encina/tests/Encina.BenchmarkTests/Encina.Security.PII.Benchmarks/bin/Release/net10.0/Encina.Security.PII.Benchmarks-Job-YFEFPZ-1/bin/Release/net10.0
// Failed to set up high priority (Permission denied). In order to run benchmarks with high priority, make sure you have the right permissions.
// BeforeAnythingElse

// Benchmark Process Environment Information:
// BenchmarkDotNet v0.15.8
// Runtime=.NET 10.0.12 (10.0.12, 10.0.1226.42308), X64 RyuJIT x86-64-v3
// GC=Concurrent Workstation
// HardwareIntrinsics=AVX2+BMI1+BMI2+F16C+FMA+LZCNT+MOVBE,AVX,SSE3+SSSE3+SSE4.1+SSE4.2+POPCNT,X86Base+SSE+SSE2,AES+PCLMUL VectorSize=256
// Job: Job-YFEFPZ(IterationCount=10, WarmupCount=3)

OverheadJitting  1: 1 op, 267972.00 ns, 267.9720 us/op
WorkloadJitting  1: 1 op, 465442.00 ns, 465.4420 us/op

OverheadJitting  2: 16 op, 421391.00 ns, 26.3369 us/op
WorkloadJitting  2: 16 op, 507942.00 ns, 31.7464 us/op

WorkloadPilot    1: 16 op, 51636.00 ns, 3.2273 us/op
WorkloadPilot    2: 32 op, 65122.00 ns, 2.0351 us/op
WorkloadPilot    3: 64 op, 88707.00 ns, 1.3860 us/op
WorkloadPilot    4: 128 op, 137107.00 ns, 1.0711 us/op
WorkloadPilot    5: 256 op, 231584.00 ns, 904.6250 ns/op
WorkloadPilot    6: 512 op, 419115.00 ns, 818.5840 ns/op
WorkloadPilot    7: 1024 op, 709741.00 ns, 693.1064 ns/op
WorkloadPilot    8: 2048 op, 1378855.00 ns, 673.2690 ns/op
WorkloadPilot    9: 4096 op, 2741741.00 ns, 669.3704 ns/op
WorkloadPilot   10: 8192 op, 6599253.00 ns, 805.5729 ns/op
WorkloadPilot   11: 16384 op, 10989274.00 ns, 670.7321 ns/op
WorkloadPilot   12: 32768 op, 23452771.00 ns, 715.7218 ns/op
WorkloadPilot   13: 65536 op, 35436340.00 ns, 540.7156 ns/op
WorkloadPilot   14: 131072 op, 68245233.00 ns, 520.6698 ns/op
WorkloadPilot   15: 262144 op, 138003563.00 ns, 526.4418 ns/op
WorkloadPilot   16: 524288 op, 275620665.00 ns, 525.7047 ns/op
WorkloadPilot   17: 1048576 op, 544928951.00 ns, 519.6847 ns/op

OverheadWarmup   1: 1048576 op, 3440069.00 ns, 3.2807 ns/op
OverheadWarmup   2: 1048576 op, 3463955.00 ns, 3.3035 ns/op
OverheadWarmup   3: 1048576 op, 3456801.00 ns, 3.2967 ns/op
OverheadWarmup   4: 1048576 op, 3464165.00 ns, 3.3037 ns/op
OverheadWarmup   5: 1048576 op, 3458054.00 ns, 3.2979 ns/op

OverheadActual   1: 1048576 op, 3444479.00 ns, 3.2849 ns/op
OverheadActual   2: 1048576 op, 3468563.00 ns, 3.3079 ns/op
OverheadActual   3: 1048576 op, 3472651.00 ns, 3.3118 ns/op
OverheadActual   4: 1048576 op, 3470948.00 ns, 3.3102 ns/op
OverheadActual   5: 1048576 op, 3441853.00 ns, 3.2824 ns/op
OverheadActual   6: 1048576 op, 3451811.00 ns, 3.2919 ns/op
OverheadActual   7: 1048576 op, 3453886.00 ns, 3.2939 ns/op
OverheadActual   8: 1048576 op, 3457553.00 ns, 3.2974 ns/op
OverheadActual   9: 1048576 op, 3440791.00 ns, 3.2814 ns/op
OverheadActual  10: 1048576 op, 3451822.00 ns, 3.2919 ns/op
OverheadActual  11: 1048576 op, 3457793.00 ns, 3.2976 ns/op
OverheadActual  12: 1048576 op, 3457843.00 ns, 3.2977 ns/op
OverheadActual  13: 1048576 op, 3437165.00 ns, 3.2779 ns/op
OverheadActual  14: 1048576 op, 3465738.00 ns, 3.3052 ns/op
OverheadActual  15: 1048576 op, 3461309.00 ns, 3.3010 ns/op

WorkloadWarmup   1: 1048576 op, 556523009.00 ns, 530.7417 ns/op
WorkloadWarmup   2: 1048576 op, 554080519.00 ns, 528.4124 ns/op
WorkloadWarmup   3: 1048576 op, 549667880.00 ns, 524.2041 ns/op

// BeforeActualRun
WorkloadActual   1: 1048576 op, 550506440.00 ns, 525.0039 ns/op
WorkloadActual   2: 1048576 op, 548013856.00 ns, 522.6267 ns/op
WorkloadActual   3: 1048576 op, 554326882.00 ns, 528.6473 ns/op
WorkloadActual   4: 1048576 op, 549922234.00 ns, 524.4467 ns/op
WorkloadActual   5: 1048576 op, 549641448.00 ns, 524.1789 ns/op
WorkloadActual   6: 1048576 op, 546528562.00 ns, 521.2103 ns/op
WorkloadActual   7: 1048576 op, 545580113.00 ns, 520.3057 ns/op
WorkloadActual   8: 1048576 op, 551665564.00 ns, 526.1093 ns/op
WorkloadActual   9: 1048576 op, 548555582.00 ns, 523.1434 ns/op
WorkloadActual  10: 1048576 op, 541556799.00 ns, 516.4688 ns/op

// AfterActualRun
WorkloadResult   1: 1048576 op, 547048887.00 ns, 521.7065 ns/op
WorkloadResult   2: 1048576 op, 544556303.00 ns, 519.3294 ns/op
WorkloadResult   3: 1048576 op, 550869329.00 ns, 525.3499 ns/op
WorkloadResult   4: 1048576 op, 546464681.00 ns, 521.1493 ns/op
WorkloadResult   5: 1048576 op, 546183895.00 ns, 520.8816 ns/op
WorkloadResult   6: 1048576 op, 543071009.00 ns, 517.9129 ns/op
WorkloadResult   7: 1048576 op, 542122560.00 ns, 517.0084 ns/op
WorkloadResult   8: 1048576 op, 548208011.00 ns, 522.8119 ns/op
WorkloadResult   9: 1048576 op, 545098029.00 ns, 519.8460 ns/op
WorkloadResult  10: 1048576 op, 538099246.00 ns, 513.1714 ns/op
// GC:  34 0 0 570425344 1048576
// Threading:  0 0 1048576

// AfterAll
// Benchmark Process 3264 has exited with code 0.

Mean = 519.917 ns, StdErr = 1.064 ns (0.20%), N = 10, StdDev = 3.364 ns
Min = 513.171 ns, Q1 = 518.267 ns, Median = 520.364 ns, Q3 = 521.567 ns, Max = 525.350 ns
IQR = 3.300 ns, LowerFence = 513.317 ns, UpperFence = 526.517 ns
ConfidenceInterval = [514.830 ns; 525.003 ns] (CI 99.9%), Margin = 5.087 ns (0.98% of Mean)
Skewness = -0.38, Kurtosis = 2.43, MValue = 2

// ** Remained 9 (45.0 %) benchmark(s) to run. Estimated finish 2026-10-03 10:50 (0h 1m from now) **
// **************************
// Benchmark: PIIMaskerBenchmarks.Mask_CreditCard: ShortRun(IterationCount=3, LaunchCount=1, WarmupCount=3)
// *** Execute ***
// Launch: 1 / 1
// Execute: dotnet Encina.Security.PII.Benchmarks-Job-YFEFPZ-1.dll --anonymousPipes 160 161 --benchmarkName Encina.Security.PII.Benchmarks.PIIMaskerBenchmarks.Mask_CreditCard --job ShortRun --benchmarkId 11 in /home/runner/work/Encina/Encina/tests/Encina.BenchmarkTests/Encina.Security.PII.Benchmarks/bin/Release/net10.0/Encina.Security.PII.Benchmarks-Job-YFEFPZ-1/bin/Release/net10.0
// Failed to set up high priority (Permission denied). In order to run benchmarks with high priority, make sure you have the right permissions.
// BeforeAnythingElse

// Benchmark Process Environment Information:
// BenchmarkDotNet v0.15.8
// Runtime=.NET 10.0.12 (10.0.12, 10.0.1226.42308), X64 RyuJIT x86-64-v3
// GC=Concurrent Workstation
// HardwareIntrinsics=AVX2+BMI1+BMI2+F16C+FMA+LZCNT+MOVBE,AVX,SSE3+SSSE3+SSE4.1+SSE4.2+POPCNT,X86Base+SSE+SSE2,AES+PCLMUL VectorSize=256
// Job: ShortRun(IterationCount=3, LaunchCount=1, WarmupCount=3)

OverheadJitting  1: 1 op, 224230.00 ns, 224.2300 us/op
WorkloadJitting  1: 1 op, 476323.00 ns, 476.3230 us/op

OverheadJitting  2: 16 op, 430077.00 ns, 26.8798 us/op
WorkloadJitting  2: 16 op, 505669.00 ns, 31.6043 us/op

WorkloadPilot    1: 16 op, 35006.00 ns, 2.1879 us/op
WorkloadPilot    2: 32 op, 44303.00 ns, 1.3845 us/op
WorkloadPilot    3: 64 op, 66905.00 ns, 1.0454 us/op
WorkloadPilot    4: 128 op, 122099.00 ns, 953.8984 ns/op
WorkloadPilot    5: 256 op, 259397.00 ns, 1.0133 us/op
WorkloadPilot    6: 512 op, 438542.00 ns, 856.5273 ns/op
WorkloadPilot    7: 1024 op, 699522.00 ns, 683.1270 ns/op
WorkloadPilot    8: 2048 op, 1384887.00 ns, 676.2144 ns/op
WorkloadPilot    9: 4096 op, 2705012.00 ns, 660.4033 ns/op
WorkloadPilot   10: 8192 op, 6755536.00 ns, 824.6504 ns/op
WorkloadPilot   11: 16384 op, 11990743.00 ns, 731.8569 ns/op
WorkloadPilot   12: 32768 op, 23188047.00 ns, 707.6430 ns/op
WorkloadPilot   13: 65536 op, 34198673.00 ns, 521.8303 ns/op
WorkloadPilot   14: 131072 op, 67502789.00 ns, 515.0054 ns/op
WorkloadPilot   15: 262144 op, 137445663.00 ns, 524.3136 ns/op
WorkloadPilot   16: 524288 op, 271181460.00 ns, 517.2376 ns/op
WorkloadPilot   17: 1048576 op, 530820287.00 ns, 506.2297 ns/op

OverheadWarmup   1: 1048576 op, 3503750.00 ns, 3.3414 ns/op
OverheadWarmup   2: 1048576 op, 3497398.00 ns, 3.3354 ns/op
OverheadWarmup   3: 1048576 op, 3497448.00 ns, 3.3354 ns/op
OverheadWarmup   4: 1048576 op, 3498139.00 ns, 3.3361 ns/op
OverheadWarmup   5: 1048576 op, 3504351.00 ns, 3.3420 ns/op
OverheadWarmup   6: 1048576 op, 3513598.00 ns, 3.3508 ns/op
OverheadWarmup   7: 1048576 op, 3482349.00 ns, 3.3210 ns/op
OverheadWarmup   8: 1048576 op, 3498681.00 ns, 3.3366 ns/op
OverheadWarmup   9: 1048576 op, 3535539.00 ns, 3.3718 ns/op
OverheadWarmup  10: 1048576 op, 3501175.00 ns, 3.3390 ns/op

OverheadActual   1: 1048576 op, 3514500.00 ns, 3.3517 ns/op
OverheadActual   2: 1048576 op, 3500403.00 ns, 3.3382 ns/op
OverheadActual   3: 1048576 op, 3510903.00 ns, 3.3483 ns/op
OverheadActual   4: 1048576 op, 3515952.00 ns, 3.3531 ns/op
OverheadActual   5: 1048576 op, 3501165.00 ns, 3.3390 ns/op
OverheadActual   6: 1048576 op, 3502106.00 ns, 3.3399 ns/op
OverheadActual   7: 1048576 op, 3534918.00 ns, 3.3712 ns/op
OverheadActual   8: 1048576 op, 3525210.00 ns, 3.3619 ns/op
OverheadActual   9: 1048576 op, 3503159.00 ns, 3.3409 ns/op
OverheadActual  10: 1048576 op, 3502748.00 ns, 3.3405 ns/op
OverheadActual  11: 1048576 op, 3494662.00 ns, 3.3328 ns/op
OverheadActual  12: 1048576 op, 3501676.00 ns, 3.3395 ns/op
OverheadActual  13: 1048576 op, 3500244.00 ns, 3.3381 ns/op
OverheadActual  14: 1048576 op, 3497428.00 ns, 3.3354 ns/op
OverheadActual  15: 1048576 op, 3501696.00 ns, 3.3395 ns/op

WorkloadWarmup   1: 1048576 op, 542545018.00 ns, 517.4112 ns/op
WorkloadWarmup   2: 1048576 op, 534296022.00 ns, 509.5444 ns/op
WorkloadWarmup   3: 1048576 op, 530630129.00 ns, 506.0483 ns/op

// BeforeActualRun
WorkloadActual   1: 1048576 op, 532671215.00 ns, 507.9949 ns/op
WorkloadActual   2: 1048576 op, 535259378.00 ns, 510.4631 ns/op
WorkloadActual   3: 1048576 op, 532421717.00 ns, 507.7569 ns/op

// AfterActualRun
WorkloadResult   1: 1048576 op, 529169109.00 ns, 504.6550 ns/op
WorkloadResult   2: 1048576 op, 531757272.00 ns, 507.1233 ns/op
WorkloadResult   3: 1048576 op, 528919611.00 ns, 504.4170 ns/op
// GC:  34 0 0 570425344 1048576
// Threading:  0 0 1048576

// AfterAll
// Benchmark Process 3273 has exited with code 0.

Mean = 505.398 ns, StdErr = 0.865 ns (0.17%), N = 3, StdDev = 1.498 ns
Min = 504.417 ns, Q1 = 504.536 ns, Median = 504.655 ns, Q3 = 505.889 ns, Max = 507.123 ns
IQR = 1.353 ns, LowerFence = 502.506 ns, UpperFence = 507.919 ns
ConfidenceInterval = [478.061 ns; 532.736 ns] (CI 99.9%), Margin = 27.338 ns (5.41% of Mean)
Skewness = 0.37, Kurtosis = 0.67, MValue = 2

// ** Remained 8 (40.0 %) benchmark(s) to run. Estimated finish 2026-10-03 10:50 (0h 1m from now) **
// **************************
// Benchmark: PIIMaskerBenchmarks.Mask_Email: Job-YFEFPZ(IterationCount=10, WarmupCount=3)
// *** Execute ***
// Launch: 1 / 1
// Execute: dotnet Encina.Security.PII.Benchmarks-Job-YFEFPZ-1.dll --anonymousPipes 160 161 --benchmarkName Encina.Security.PII.Benchmarks.PIIMaskerBenchmarks.Mask_Email --job "IterationCount=10, WarmupCount=3" --benchmarkId 12 in /home/runner/work/Encina/Encina/tests/Encina.BenchmarkTests/Encina.Security.PII.Benchmarks/bin/Release/net10.0/Encina.Security.PII.Benchmarks-Job-YFEFPZ-1/bin/Release/net10.0
// Failed to set up high priority (Permission denied). In order to run benchmarks with high priority, make sure you have the right permissions.
// BeforeAnythingElse

// Benchmark Process Environment Information:
// BenchmarkDotNet v0.15.8
// Runtime=.NET 10.0.12 (10.0.12, 10.0.1226.42308), X64 RyuJIT x86-64-v3
// GC=Concurrent Workstation
// HardwareIntrinsics=AVX2+BMI1+BMI2+F16C+FMA+LZCNT+MOVBE,AVX,SSE3+SSSE3+SSE4.1+SSE4.2+POPCNT,X86Base+SSE+SSE2,AES+PCLMUL VectorSize=256
// Job: Job-YFEFPZ(IterationCount=10, WarmupCount=3)

OverheadJitting  1: 1 op, 230091.00 ns, 230.0910 us/op
WorkloadJitting  1: 1 op, 366848.00 ns, 366.8480 us/op

OverheadJitting  2: 16 op, 447248.00 ns, 27.9530 us/op
WorkloadJitting  2: 16 op, 469310.00 ns, 29.3319 us/op

WorkloadPilot    1: 16 op, 10881.00 ns, 680.0625 ns/op
WorkloadPilot    2: 32 op, 28484.00 ns, 890.1250 ns/op
WorkloadPilot    3: 64 op, 37240.00 ns, 581.8750 ns/op
WorkloadPilot    4: 128 op, 55624.00 ns, 434.5625 ns/op
WorkloadPilot    5: 256 op, 81263.00 ns, 317.4336 ns/op
WorkloadPilot    6: 512 op, 133481.00 ns, 260.7051 ns/op
WorkloadPilot    7: 1024 op, 187562.00 ns, 183.1660 ns/op
WorkloadPilot    8: 2048 op, 379622.00 ns, 185.3623 ns/op
WorkloadPilot    9: 4096 op, 697878.00 ns, 170.3804 ns/op
WorkloadPilot   10: 8192 op, 1812228.00 ns, 221.2192 ns/op
WorkloadPilot   11: 16384 op, 2778200.00 ns, 169.5679 ns/op
WorkloadPilot   12: 32768 op, 6940374.00 ns, 211.8034 ns/op
WorkloadPilot   13: 65536 op, 13144227.00 ns, 200.5650 ns/op
WorkloadPilot   14: 131072 op, 16449333.00 ns, 125.4985 ns/op
WorkloadPilot   15: 262144 op, 29577710.00 ns, 112.8300 ns/op
WorkloadPilot   16: 524288 op, 57835245.00 ns, 110.3120 ns/op
WorkloadPilot   17: 1048576 op, 115844376.00 ns, 110.4778 ns/op
WorkloadPilot   18: 2097152 op, 238017410.00 ns, 113.4955 ns/op
WorkloadPilot   19: 4194304 op, 461323754.00 ns, 109.9882 ns/op
WorkloadPilot   20: 8388608 op, 924920730.00 ns, 110.2591 ns/op

OverheadWarmup   1: 8388608 op, 27432287.00 ns, 3.2702 ns/op
OverheadWarmup   2: 8388608 op, 27498281.00 ns, 3.2781 ns/op
OverheadWarmup   3: 8388608 op, 27592678.00 ns, 3.2893 ns/op
OverheadWarmup   4: 8388608 op, 27453417.00 ns, 3.2727 ns/op
OverheadWarmup   5: 8388608 op, 27496638.00 ns, 3.2779 ns/op
OverheadWarmup   6: 8388608 op, 27421807.00 ns, 3.2689 ns/op

OverheadActual   1: 8388608 op, 27454289.00 ns, 3.2728 ns/op
OverheadActual   2: 8388608 op, 27444570.00 ns, 3.2716 ns/op
OverheadActual   3: 8388608 op, 27430033.00 ns, 3.2699 ns/op
OverheadActual   4: 8388608 op, 27440653.00 ns, 3.2712 ns/op
OverheadActual   5: 8388608 op, 27527265.00 ns, 3.2815 ns/op
OverheadActual   6: 8388608 op, 27593380.00 ns, 3.2894 ns/op
OverheadActual   7: 8388608 op, 27597527.00 ns, 3.2899 ns/op
OverheadActual   8: 8388608 op, 27425905.00 ns, 3.2694 ns/op
OverheadActual   9: 8388608 op, 27449409.00 ns, 3.2722 ns/op
OverheadActual  10: 8388608 op, 27439962.00 ns, 3.2711 ns/op
OverheadActual  11: 8388608 op, 27434712.00 ns, 3.2705 ns/op
OverheadActual  12: 8388608 op, 27413052.00 ns, 3.2679 ns/op
OverheadActual  13: 8388608 op, 27474637.00 ns, 3.2752 ns/op
OverheadActual  14: 8388608 op, 27600052.00 ns, 3.2902 ns/op
OverheadActual  15: 8388608 op, 27415045.00 ns, 3.2681 ns/op

WorkloadWarmup   1: 8388608 op, 944341145.00 ns, 112.5742 ns/op
WorkloadWarmup   2: 8388608 op, 934361959.00 ns, 111.3846 ns/op
WorkloadWarmup   3: 8388608 op, 934000322.00 ns, 111.3415 ns/op

// BeforeActualRun
WorkloadActual   1: 8388608 op, 926686298.00 ns, 110.4696 ns/op
WorkloadActual   2: 8388608 op, 936187433.00 ns, 111.6022 ns/op
WorkloadActual   3: 8388608 op, 943724967.00 ns, 112.5008 ns/op
WorkloadActual   4: 8388608 op, 965287120.00 ns, 115.0712 ns/op
WorkloadActual   5: 8388608 op, 962922506.00 ns, 114.7893 ns/op
WorkloadActual   6: 8388608 op, 966331979.00 ns, 115.1957 ns/op
WorkloadActual   7: 8388608 op, 950312200.00 ns, 113.2860 ns/op
WorkloadActual   8: 8388608 op, 935182219.00 ns, 111.4824 ns/op
WorkloadActual   9: 8388608 op, 965457999.00 ns, 115.0916 ns/op
WorkloadActual  10: 8388608 op, 949797101.00 ns, 113.2246 ns/op

// AfterActualRun
WorkloadResult   1: 8388608 op, 899241728.00 ns, 107.1980 ns/op
WorkloadResult   2: 8388608 op, 908742863.00 ns, 108.3306 ns/op
WorkloadResult   3: 8388608 op, 916280397.00 ns, 109.2291 ns/op
WorkloadResult   4: 8388608 op, 937842550.00 ns, 111.7995 ns/op
WorkloadResult   5: 8388608 op, 935477936.00 ns, 111.5177 ns/op
WorkloadResult   6: 8388608 op, 938887409.00 ns, 111.9241 ns/op
WorkloadResult   7: 8388608 op, 922867630.00 ns, 110.0144 ns/op
WorkloadResult   8: 8388608 op, 907737649.00 ns, 108.2108 ns/op
WorkloadResult   9: 8388608 op, 938013429.00 ns, 111.8199 ns/op
WorkloadResult  10: 8388608 op, 922352531.00 ns, 109.9530 ns/op
// GC:  112 0 0 1879048192 8388608
// Threading:  0 0 8388608

// AfterAll
// Benchmark Process 3279 has exited with code 0.

Mean = 110.000 ns, StdErr = 0.548 ns (0.50%), N = 10, StdDev = 1.732 ns
Min = 107.198 ns, Q1 = 108.555 ns, Median = 109.984 ns, Q3 = 111.729 ns, Max = 111.924 ns
IQR = 3.174 ns, LowerFence = 103.794 ns, UpperFence = 116.490 ns
ConfidenceInterval = [107.381 ns; 112.618 ns] (CI 99.9%), Margin = 2.618 ns (2.38% of Mean)
Skewness = -0.2, Kurtosis = 1.34, MValue = 2

// ** Remained 7 (35.0 %) benchmark(s) to run. Estimated finish 2026-10-03 10:50 (0h 1m from now) **
// **************************
// Benchmark: PIIMaskerBenchmarks.Mask_Email: ShortRun(IterationCount=3, LaunchCount=1, WarmupCount=3)
// *** Execute ***
// Launch: 1 / 1
// Execute: dotnet Encina.Security.PII.Benchmarks-Job-YFEFPZ-1.dll --anonymousPipes 160 161 --benchmarkName Encina.Security.PII.Benchmarks.PIIMaskerBenchmarks.Mask_Email --job ShortRun --benchmarkId 13 in /home/runner/work/Encina/Encina/tests/Encina.BenchmarkTests/Encina.Security.PII.Benchmarks/bin/Release/net10.0/Encina.Security.PII.Benchmarks-Job-YFEFPZ-1/bin/Release/net10.0
// Failed to set up high priority (Permission denied). In order to run benchmarks with high priority, make sure you have the right permissions.
// BeforeAnythingElse

// Benchmark Process Environment Information:
// BenchmarkDotNet v0.15.8
// Runtime=.NET 10.0.12 (10.0.12, 10.0.1226.42308), X64 RyuJIT x86-64-v3
// GC=Concurrent Workstation
// HardwareIntrinsics=AVX2+BMI1+BMI2+F16C+FMA+LZCNT+MOVBE,AVX,SSE3+SSSE3+SSE4.1+SSE4.2+POPCNT,X86Base+SSE+SSE2,AES+PCLMUL VectorSize=256
// Job: ShortRun(IterationCount=3, LaunchCount=1, WarmupCount=3)

OverheadJitting  1: 1 op, 216466.00 ns, 216.4660 us/op
WorkloadJitting  1: 1 op, 408235.00 ns, 408.2350 us/op

OverheadJitting  2: 16 op, 423033.00 ns, 26.4396 us/op
WorkloadJitting  2: 16 op, 483066.00 ns, 30.1916 us/op

WorkloadPilot    1: 16 op, 4708.00 ns, 294.2500 ns/op
WorkloadPilot    2: 32 op, 26179.00 ns, 818.0938 ns/op
WorkloadPilot    3: 64 op, 27982.00 ns, 437.2188 ns/op
WorkloadPilot    4: 128 op, 41077.00 ns, 320.9141 ns/op
WorkloadPilot    5: 256 op, 66645.00 ns, 260.3320 ns/op
WorkloadPilot    6: 512 op, 138209.00 ns, 269.9395 ns/op
WorkloadPilot    7: 1024 op, 167274.00 ns, 163.3535 ns/op
WorkloadPilot    8: 2048 op, 348614.00 ns, 170.2217 ns/op
WorkloadPilot    9: 4096 op, 658165.00 ns, 160.6848 ns/op
WorkloadPilot   10: 8192 op, 1749390.00 ns, 213.5486 ns/op
WorkloadPilot   11: 16384 op, 3202907.00 ns, 195.4899 ns/op
WorkloadPilot   12: 32768 op, 6510159.00 ns, 198.6743 ns/op
WorkloadPilot   13: 65536 op, 12563980.00 ns, 191.7111 ns/op
WorkloadPilot   14: 131072 op, 15980678.00 ns, 121.9229 ns/op
WorkloadPilot   15: 262144 op, 28493123.00 ns, 108.6926 ns/op
WorkloadPilot   16: 524288 op, 56767224.00 ns, 108.2749 ns/op
WorkloadPilot   17: 1048576 op, 113650265.00 ns, 108.3853 ns/op
WorkloadPilot   18: 2097152 op, 226756481.00 ns, 108.1259 ns/op
WorkloadPilot   19: 4194304 op, 452320715.00 ns, 107.8417 ns/op
WorkloadPilot   20: 8388608 op, 907893239.00 ns, 108.2293 ns/op

OverheadWarmup   1: 8388608 op, 27760829.00 ns, 3.3093 ns/op
OverheadWarmup   2: 8388608 op, 27841490.00 ns, 3.3190 ns/op
OverheadWarmup   3: 8388608 op, 27735431.00 ns, 3.3063 ns/op
OverheadWarmup   4: 8388608 op, 27740782.00 ns, 3.3070 ns/op
OverheadWarmup   5: 8388608 op, 27761781.00 ns, 3.3095 ns/op
OverheadWarmup   6: 8388608 op, 27790345.00 ns, 3.3129 ns/op
OverheadWarmup   7: 8388608 op, 27862610.00 ns, 3.3215 ns/op
OverheadWarmup   8: 8388608 op, 27802246.00 ns, 3.3143 ns/op

OverheadActual   1: 8388608 op, 27784764.00 ns, 3.3122 ns/op
OverheadActual   2: 8388608 op, 28065501.00 ns, 3.3457 ns/op
OverheadActual   3: 8388608 op, 27723860.00 ns, 3.3049 ns/op
OverheadActual   4: 8388608 op, 27788982.00 ns, 3.3127 ns/op
OverheadActual   5: 8388608 op, 27734881.00 ns, 3.3063 ns/op
OverheadActual   6: 8388608 op, 27770247.00 ns, 3.3105 ns/op
OverheadActual   7: 8388608 op, 27749859.00 ns, 3.3080 ns/op
OverheadActual   8: 8388608 op, 27774495.00 ns, 3.3110 ns/op
OverheadActual   9: 8388608 op, 27761220.00 ns, 3.3094 ns/op
OverheadActual  10: 8388608 op, 27735362.00 ns, 3.3063 ns/op
OverheadActual  11: 8388608 op, 27837663.00 ns, 3.3185 ns/op
OverheadActual  12: 8388608 op, 27707388.00 ns, 3.3030 ns/op
OverheadActual  13: 8388608 op, 27750009.00 ns, 3.3081 ns/op
OverheadActual  14: 8388608 op, 27721666.00 ns, 3.3047 ns/op
OverheadActual  15: 8388608 op, 27789603.00 ns, 3.3128 ns/op

WorkloadWarmup   1: 8388608 op, 927140152.00 ns, 110.5237 ns/op
WorkloadWarmup   2: 8388608 op, 941888432.00 ns, 112.2819 ns/op
WorkloadWarmup   3: 8388608 op, 937412541.00 ns, 111.7483 ns/op

// BeforeActualRun
WorkloadActual   1: 8388608 op, 933388406.00 ns, 111.2686 ns/op
WorkloadActual   2: 8388608 op, 926510290.00 ns, 110.4486 ns/op
WorkloadActual   3: 8388608 op, 919547274.00 ns, 109.6186 ns/op

// AfterActualRun
WorkloadResult   1: 8388608 op, 905627186.00 ns, 107.9592 ns/op
WorkloadResult   2: 8388608 op, 898749070.00 ns, 107.1392 ns/op
WorkloadResult   3: 8388608 op, 891786054.00 ns, 106.3092 ns/op
// GC:  112 0 0 1879048192 8388608
// Threading:  0 0 8388608

// AfterAll
// Benchmark Process 3290 has exited with code 0.

Mean = 107.136 ns, StdErr = 0.476 ns (0.44%), N = 3, StdDev = 0.825 ns
Min = 106.309 ns, Q1 = 106.724 ns, Median = 107.139 ns, Q3 = 107.549 ns, Max = 107.959 ns
IQR = 0.825 ns, LowerFence = 105.487 ns, UpperFence = 108.787 ns
ConfidenceInterval = [92.085 ns; 122.187 ns] (CI 99.9%), Margin = 15.051 ns (14.05% of Mean)
Skewness = -0, Kurtosis = 0.67, MValue = 2

// ** Remained 6 (30.0 %) benchmark(s) to run. Estimated finish 2026-10-03 10:50 (0h 0m from now) **
// **************************
// Benchmark: PIIMaskerBenchmarks.MaskObject_MultiField: Job-YFEFPZ(IterationCount=10, WarmupCount=3)
// *** Execute ***
// Launch: 1 / 1
// Execute: dotnet Encina.Security.PII.Benchmarks-Job-YFEFPZ-1.dll --anonymousPipes 160 161 --benchmarkName Encina.Security.PII.Benchmarks.PIIMaskerBenchmarks.MaskObject_MultiField --job "IterationCount=10, WarmupCount=3" --benchmarkId 14 in /home/runner/work/Encina/Encina/tests/Encina.BenchmarkTests/Encina.Security.PII.Benchmarks/bin/Release/net10.0/Encina.Security.PII.Benchmarks-Job-YFEFPZ-1/bin/Release/net10.0
// Failed to set up high priority (Permission denied). In order to run benchmarks with high priority, make sure you have the right permissions.
// BeforeAnythingElse

// Benchmark Process Environment Information:
// BenchmarkDotNet v0.15.8
// Runtime=.NET 10.0.12 (10.0.12, 10.0.1226.42308), X64 RyuJIT x86-64-v3
// GC=Concurrent Workstation
// HardwareIntrinsics=AVX2+BMI1+BMI2+F16C+FMA+LZCNT+MOVBE,AVX,SSE3+SSSE3+SSE4.1+SSE4.2+POPCNT,X86Base+SSE+SSE2,AES+PCLMUL VectorSize=256
// Job: Job-YFEFPZ(IterationCount=10, WarmupCount=3)

OverheadJitting  1: 1 op, 240341.00 ns, 240.3410 us/op
WorkloadJitting  1: 1 op, 358171.00 ns, 358.1710 us/op

OverheadJitting  2: 16 op, 456405.00 ns, 28.5253 us/op
WorkloadJitting  2: 16 op, 776476.00 ns, 48.5298 us/op

WorkloadPilot    1: 16 op, 309660.00 ns, 19.3538 us/op
WorkloadPilot    2: 32 op, 502813.00 ns, 15.7129 us/op
WorkloadPilot    3: 64 op, 840376.00 ns, 13.1309 us/op
WorkloadPilot    4: 128 op, 1747066.00 ns, 13.6490 us/op
WorkloadPilot    5: 256 op, 3440892.00 ns, 13.4410 us/op
WorkloadPilot    6: 512 op, 6837771.00 ns, 13.3550 us/op
WorkloadPilot    7: 1024 op, 12643627.00 ns, 12.3473 us/op
WorkloadPilot    8: 2048 op, 25519438.00 ns, 12.4607 us/op
WorkloadPilot    9: 4096 op, 49987164.00 ns, 12.2039 us/op
WorkloadPilot   10: 8192 op, 93025801.00 ns, 11.3557 us/op
WorkloadPilot   11: 16384 op, 174061931.00 ns, 10.6239 us/op
WorkloadPilot   12: 32768 op, 347240817.00 ns, 10.5969 us/op
WorkloadPilot   13: 65536 op, 698973515.00 ns, 10.6655 us/op

OverheadWarmup   1: 65536 op, 213070.00 ns, 3.2512 ns/op
OverheadWarmup   2: 65536 op, 213060.00 ns, 3.2510 ns/op
OverheadWarmup   3: 65536 op, 212859.00 ns, 3.2480 ns/op
OverheadWarmup   4: 65536 op, 212849.00 ns, 3.2478 ns/op
OverheadWarmup   5: 65536 op, 212679.00 ns, 3.2452 ns/op
OverheadWarmup   6: 65536 op, 212719.00 ns, 3.2458 ns/op
OverheadWarmup   7: 65536 op, 212859.00 ns, 3.2480 ns/op
OverheadWarmup   8: 65536 op, 212719.00 ns, 3.2458 ns/op
OverheadWarmup   9: 65536 op, 212890.00 ns, 3.2484 ns/op
OverheadWarmup  10: 65536 op, 212649.00 ns, 3.2448 ns/op

OverheadActual   1: 65536 op, 212810.00 ns, 3.2472 ns/op
OverheadActual   2: 65536 op, 212899.00 ns, 3.2486 ns/op
OverheadActual   3: 65536 op, 231194.00 ns, 3.5277 ns/op
OverheadActual   4: 65536 op, 212779.00 ns, 3.2467 ns/op
OverheadActual   5: 65536 op, 234129.00 ns, 3.5725 ns/op
OverheadActual   6: 65536 op, 229721.00 ns, 3.5053 ns/op
OverheadActual   7: 65536 op, 212679.00 ns, 3.2452 ns/op
OverheadActual   8: 65536 op, 212809.00 ns, 3.2472 ns/op
OverheadActual   9: 65536 op, 212939.00 ns, 3.2492 ns/op
OverheadActual  10: 65536 op, 212639.00 ns, 3.2446 ns/op
OverheadActual  11: 65536 op, 212669.00 ns, 3.2451 ns/op
OverheadActual  12: 65536 op, 247213.00 ns, 3.7722 ns/op
OverheadActual  13: 65536 op, 248386.00 ns, 3.7901 ns/op
OverheadActual  14: 65536 op, 229620.00 ns, 3.5037 ns/op
OverheadActual  15: 65536 op, 231004.00 ns, 3.5248 ns/op
OverheadActual  16: 65536 op, 212819.00 ns, 3.2474 ns/op
OverheadActual  17: 65536 op, 212719.00 ns, 3.2458 ns/op
OverheadActual  18: 65536 op, 212738.00 ns, 3.2461 ns/op
OverheadActual  19: 65536 op, 212729.00 ns, 3.2460 ns/op
OverheadActual  20: 65536 op, 212729.00 ns, 3.2460 ns/op

WorkloadWarmup   1: 65536 op, 708052378.00 ns, 10.8040 us/op
WorkloadWarmup   2: 65536 op, 707636126.00 ns, 10.7977 us/op
WorkloadWarmup   3: 65536 op, 696669247.00 ns, 10.6303 us/op

// BeforeActualRun
WorkloadActual   1: 65536 op, 697658392.00 ns, 10.6454 us/op
WorkloadActual   2: 65536 op, 697077142.00 ns, 10.6366 us/op
WorkloadActual   3: 65536 op, 696835408.00 ns, 10.6329 us/op
WorkloadActual   4: 65536 op, 697195393.00 ns, 10.6384 us/op
WorkloadActual   5: 65536 op, 698417906.00 ns, 10.6570 us/op
WorkloadActual   6: 65536 op, 709001293.00 ns, 10.8185 us/op
WorkloadActual   7: 65536 op, 696450757.00 ns, 10.6270 us/op
WorkloadActual   8: 65536 op, 695799525.00 ns, 10.6171 us/op
WorkloadActual   9: 65536 op, 697528828.00 ns, 10.6434 us/op
WorkloadActual  10: 65536 op, 697978925.00 ns, 10.6503 us/op

// AfterActualRun
WorkloadResult   1: 65536 op, 697445577.50 ns, 10.6422 us/op
WorkloadResult   2: 65536 op, 696864327.50 ns, 10.6333 us/op
WorkloadResult   3: 65536 op, 696622593.50 ns, 10.6296 us/op
WorkloadResult   4: 65536 op, 696982578.50 ns, 10.6351 us/op
WorkloadResult   5: 65536 op, 698205091.50 ns, 10.6538 us/op
WorkloadResult   6: 65536 op, 696237942.50 ns, 10.6237 us/op
WorkloadResult   7: 65536 op, 695586710.50 ns, 10.6138 us/op
WorkloadResult   8: 65536 op, 697316013.50 ns, 10.6402 us/op
WorkloadResult   9: 65536 op, 697766110.50 ns, 10.6471 us/op
// GC:  19 0 0 331350016 65536
// Threading:  0 0 65536

// AfterAll
// Benchmark Process 3298 has exited with code 0.

Mean = 10.635 μs, StdErr = 0.004 μs (0.04%), N = 9, StdDev = 0.012 μs
Min = 10.614 μs, Q1 = 10.630 μs, Median = 10.635 μs, Q3 = 10.642 μs, Max = 10.654 μs
IQR = 0.013 μs, LowerFence = 10.611 μs, UpperFence = 10.661 μs
ConfidenceInterval = [10.615 μs; 10.656 μs] (CI 99.9%), Margin = 0.020 μs (0.19% of Mean)
Skewness = -0.23, Kurtosis = 1.89, MValue = 2

// ** Remained 5 (25.0 %) benchmark(s) to run. Estimated finish 2026-10-03 10:50 (0h 0m from now) **
// **************************
// Benchmark: PIIMaskerBenchmarks.MaskObject_MultiField: ShortRun(IterationCount=3, LaunchCount=1, WarmupCount=3)
// *** Execute ***
// Launch: 1 / 1
// Execute: dotnet Encina.Security.PII.Benchmarks-Job-YFEFPZ-1.dll --anonymousPipes 160 161 --benchmarkName Encina.Security.PII.Benchmarks.PIIMaskerBenchmarks.MaskObject_MultiField --job ShortRun --benchmarkId 15 in /home/runner/work/Encina/Encina/tests/Encina.BenchmarkTests/Encina.Security.PII.Benchmarks/bin/Release/net10.0/Encina.Security.PII.Benchmarks-Job-YFEFPZ-1/bin/Release/net10.0
// Failed to set up high priority (Permission denied). In order to run benchmarks with high priority, make sure you have the right permissions.
// BeforeAnythingElse

// Benchmark Process Environment Information:
// BenchmarkDotNet v0.15.8
// Runtime=.NET 10.0.12 (10.0.12, 10.0.1226.42308), X64 RyuJIT x86-64-v3
// GC=Concurrent Workstation
// HardwareIntrinsics=AVX2+BMI1+BMI2+F16C+FMA+LZCNT+MOVBE,AVX,SSE3+SSSE3+SSE4.1+SSE4.2+POPCNT,X86Base+SSE+SSE2,AES+PCLMUL VectorSize=256
// Job: ShortRun(IterationCount=3, LaunchCount=1, WarmupCount=3)

OverheadJitting  1: 1 op, 264026.00 ns, 264.0260 us/op
WorkloadJitting  1: 1 op, 418865.00 ns, 418.8650 us/op

OverheadJitting  2: 16 op, 453200.00 ns, 28.3250 us/op
WorkloadJitting  2: 16 op, 824967.00 ns, 51.5604 us/op

WorkloadPilot    1: 16 op, 342693.00 ns, 21.4183 us/op
WorkloadPilot    2: 32 op, 524383.00 ns, 16.3870 us/op
WorkloadPilot    3: 64 op, 888075.00 ns, 13.8762 us/op
WorkloadPilot    4: 128 op, 1823079.00 ns, 14.2428 us/op
WorkloadPilot    5: 256 op, 3571727.00 ns, 13.9521 us/op
WorkloadPilot    6: 512 op, 7065198.00 ns, 13.7992 us/op
WorkloadPilot    7: 1024 op, 13353548.00 ns, 13.0406 us/op
WorkloadPilot    8: 2048 op, 26324549.00 ns, 12.8538 us/op
WorkloadPilot    9: 4096 op, 51892009.00 ns, 12.6689 us/op
WorkloadPilot   10: 8192 op, 96066025.00 ns, 11.7268 us/op
WorkloadPilot   11: 16384 op, 180042424.00 ns, 10.9889 us/op
WorkloadPilot   12: 32768 op, 359456529.00 ns, 10.9697 us/op
WorkloadPilot   13: 65536 op, 724997366.00 ns, 11.0626 us/op

OverheadWarmup   1: 65536 op, 234379.00 ns, 3.5763 ns/op
OverheadWarmup   2: 65536 op, 212810.00 ns, 3.2472 ns/op
OverheadWarmup   3: 65536 op, 212779.00 ns, 3.2467 ns/op
OverheadWarmup   4: 65536 op, 212669.00 ns, 3.2451 ns/op
OverheadWarmup   5: 65536 op, 212658.00 ns, 3.2449 ns/op
OverheadWarmup   6: 65536 op, 229150.00 ns, 3.4966 ns/op
OverheadWarmup   7: 65536 op, 228719.00 ns, 3.4900 ns/op
OverheadWarmup   8: 65536 op, 212698.00 ns, 3.2455 ns/op
OverheadWarmup   9: 65536 op, 212639.00 ns, 3.2446 ns/op
OverheadWarmup  10: 65536 op, 216276.00 ns, 3.3001 ns/op

OverheadActual   1: 65536 op, 212719.00 ns, 3.2458 ns/op
OverheadActual   2: 65536 op, 212779.00 ns, 3.2467 ns/op
OverheadActual   3: 65536 op, 212779.00 ns, 3.2467 ns/op
OverheadActual   4: 65536 op, 234950.00 ns, 3.5851 ns/op
OverheadActual   5: 65536 op, 212739.00 ns, 3.2461 ns/op
OverheadActual   6: 65536 op, 212629.00 ns, 3.2445 ns/op
OverheadActual   7: 65536 op, 212659.00 ns, 3.2449 ns/op
OverheadActual   8: 65536 op, 212709.00 ns, 3.2457 ns/op
OverheadActual   9: 65536 op, 229200.00 ns, 3.4973 ns/op
OverheadActual  10: 65536 op, 233538.00 ns, 3.5635 ns/op
OverheadActual  11: 65536 op, 228199.00 ns, 3.4820 ns/op
OverheadActual  12: 65536 op, 228218.00 ns, 3.4823 ns/op
OverheadActual  13: 65536 op, 228689.00 ns, 3.4895 ns/op
OverheadActual  14: 65536 op, 236644.00 ns, 3.6109 ns/op
OverheadActual  15: 65536 op, 236934.00 ns, 3.6153 ns/op

WorkloadWarmup   1: 65536 op, 734125962.00 ns, 11.2019 us/op
WorkloadWarmup   2: 65536 op, 733789031.00 ns, 11.1967 us/op
WorkloadWarmup   3: 65536 op, 725031628.00 ns, 11.0631 us/op

// BeforeActualRun
WorkloadActual   1: 65536 op, 724846082.00 ns, 11.0603 us/op
WorkloadActual   2: 65536 op, 724781521.00 ns, 11.0593 us/op
WorkloadActual   3: 65536 op, 724661676.00 ns, 11.0575 us/op

// AfterActualRun
WorkloadResult   1: 65536 op, 724617883.00 ns, 11.0568 us/op
WorkloadResult   2: 65536 op, 724553322.00 ns, 11.0558 us/op
WorkloadResult   3: 65536 op, 724433477.00 ns, 11.0540 us/op
// GC:  19 0 0 331350016 65536
// Threading:  0 0 65536

// AfterAll
// Benchmark Process 3306 has exited with code 0.

Mean = 11.056 μs, StdErr = 0.001 μs (0.01%), N = 3, StdDev = 0.001 μs
Min = 11.054 μs, Q1 = 11.055 μs, Median = 11.056 μs, Q3 = 11.056 μs, Max = 11.057 μs
IQR = 0.001 μs, LowerFence = 11.053 μs, UpperFence = 11.058 μs
ConfidenceInterval = [11.029 μs; 11.082 μs] (CI 99.9%), Margin = 0.026 μs (0.24% of Mean)
Skewness = -0.19, Kurtosis = 0.67, MValue = 2

// ** Remained 4 (20.0 %) benchmark(s) to run. Estimated finish 2026-10-03 10:50 (0h 0m from now) **
// **************************
// Benchmark: PIIMaskerBenchmarks.MaskObject_SingleField: Job-YFEFPZ(IterationCount=10, WarmupCount=3)
// *** Execute ***
// Launch: 1 / 1
// Execute: dotnet Encina.Security.PII.Benchmarks-Job-YFEFPZ-1.dll --anonymousPipes 160 161 --benchmarkName Encina.Security.PII.Benchmarks.PIIMaskerBenchmarks.MaskObject_SingleField --job "IterationCount=10, WarmupCount=3" --benchmarkId 16 in /home/runner/work/Encina/Encina/tests/Encina.BenchmarkTests/Encina.Security.PII.Benchmarks/bin/Release/net10.0/Encina.Security.PII.Benchmarks-Job-YFEFPZ-1/bin/Release/net10.0
// Failed to set up high priority (Permission denied). In order to run benchmarks with high priority, make sure you have the right permissions.
// BeforeAnythingElse

// Benchmark Process Environment Information:
// BenchmarkDotNet v0.15.8
// Runtime=.NET 10.0.12 (10.0.12, 10.0.1226.42308), X64 RyuJIT x86-64-v3
// GC=Concurrent Workstation
// HardwareIntrinsics=AVX2+BMI1+BMI2+F16C+FMA+LZCNT+MOVBE,AVX,SSE3+SSSE3+SSE4.1+SSE4.2+POPCNT,X86Base+SSE+SSE2,AES+PCLMUL VectorSize=256
// Job: Job-YFEFPZ(IterationCount=10, WarmupCount=3)

OverheadJitting  1: 1 op, 241566.00 ns, 241.5660 us/op
WorkloadJitting  1: 1 op, 407098.00 ns, 407.0980 us/op

OverheadJitting  2: 16 op, 471468.00 ns, 29.4668 us/op
WorkloadJitting  2: 16 op, 641579.00 ns, 40.0987 us/op

WorkloadPilot    1: 16 op, 174008.00 ns, 10.8755 us/op
WorkloadPilot    2: 32 op, 226226.00 ns, 7.0696 us/op
WorkloadPilot    3: 64 op, 460598.00 ns, 7.1968 us/op
WorkloadPilot    4: 128 op, 751897.00 ns, 5.8742 us/op
WorkloadPilot    5: 256 op, 1434294.00 ns, 5.6027 us/op
WorkloadPilot    6: 512 op, 2864559.00 ns, 5.5948 us/op
WorkloadPilot    7: 1024 op, 6011591.00 ns, 5.8707 us/op
WorkloadPilot    8: 2048 op, 10596583.00 ns, 5.1741 us/op
WorkloadPilot    9: 4096 op, 21135037.00 ns, 5.1599 us/op
WorkloadPilot   10: 8192 op, 44966345.00 ns, 5.4891 us/op
WorkloadPilot   11: 16384 op, 76861042.00 ns, 4.6912 us/op
WorkloadPilot   12: 32768 op, 156228369.00 ns, 4.7677 us/op
WorkloadPilot   13: 65536 op, 301671779.00 ns, 4.6031 us/op
WorkloadPilot   14: 131072 op, 601796161.00 ns, 4.5913 us/op

OverheadWarmup   1: 131072 op, 455920.00 ns, 3.4784 ns/op
OverheadWarmup   2: 131072 op, 437315.00 ns, 3.3364 ns/op
OverheadWarmup   3: 131072 op, 456421.00 ns, 3.4822 ns/op
OverheadWarmup   4: 131072 op, 456771.00 ns, 3.4849 ns/op
OverheadWarmup   5: 131072 op, 441182.00 ns, 3.3660 ns/op
OverheadWarmup   6: 131072 op, 438727.00 ns, 3.3472 ns/op
OverheadWarmup   7: 131072 op, 440670.00 ns, 3.3620 ns/op
OverheadWarmup   8: 131072 op, 440650.00 ns, 3.3619 ns/op

OverheadActual   1: 131072 op, 457683.00 ns, 3.4918 ns/op
OverheadActual   2: 131072 op, 444428.00 ns, 3.3907 ns/op
OverheadActual   3: 131072 op, 446542.00 ns, 3.4068 ns/op
OverheadActual   4: 131072 op, 454526.00 ns, 3.4678 ns/op
OverheadActual   5: 131072 op, 455929.00 ns, 3.4785 ns/op
OverheadActual   6: 131072 op, 465267.00 ns, 3.5497 ns/op
OverheadActual   7: 131072 op, 440871.00 ns, 3.3636 ns/op
OverheadActual   8: 131072 op, 424850.00 ns, 3.2413 ns/op
OverheadActual   9: 131072 op, 443176.00 ns, 3.3812 ns/op
OverheadActual  10: 131072 op, 455709.00 ns, 3.4768 ns/op
OverheadActual  11: 131072 op, 466630.00 ns, 3.5601 ns/op
OverheadActual  12: 131072 op, 442724.00 ns, 3.3777 ns/op
OverheadActual  13: 131072 op, 440680.00 ns, 3.3621 ns/op
OverheadActual  14: 131072 op, 455309.00 ns, 3.4737 ns/op
OverheadActual  15: 131072 op, 465307.00 ns, 3.5500 ns/op

WorkloadWarmup   1: 131072 op, 614423359.00 ns, 4.6877 us/op
WorkloadWarmup   2: 131072 op, 608162150.00 ns, 4.6399 us/op
WorkloadWarmup   3: 131072 op, 604459265.00 ns, 4.6117 us/op

// BeforeActualRun
WorkloadActual   1: 131072 op, 605154951.00 ns, 4.6170 us/op
WorkloadActual   2: 131072 op, 603395712.00 ns, 4.6035 us/op
WorkloadActual   3: 131072 op, 601966211.00 ns, 4.5926 us/op
WorkloadActual   4: 131072 op, 601879929.00 ns, 4.5920 us/op
WorkloadActual   5: 131072 op, 601887464.00 ns, 4.5920 us/op
WorkloadActual   6: 131072 op, 602136120.00 ns, 4.5939 us/op
WorkloadActual   7: 131072 op, 606235616.00 ns, 4.6252 us/op
WorkloadActual   8: 131072 op, 602239521.00 ns, 4.5947 us/op
WorkloadActual   9: 131072 op, 607656114.00 ns, 4.6360 us/op
WorkloadActual  10: 131072 op, 600677893.00 ns, 4.5828 us/op

// AfterActualRun
WorkloadResult   1: 131072 op, 604700425.00 ns, 4.6135 us/op
WorkloadResult   2: 131072 op, 602941186.00 ns, 4.6001 us/op
WorkloadResult   3: 131072 op, 601511685.00 ns, 4.5892 us/op
WorkloadResult   4: 131072 op, 601425403.00 ns, 4.5885 us/op
WorkloadResult   5: 131072 op, 601432938.00 ns, 4.5886 us/op
WorkloadResult   6: 131072 op, 601681594.00 ns, 4.5905 us/op
WorkloadResult   7: 131072 op, 605781090.00 ns, 4.6217 us/op
WorkloadResult   8: 131072 op, 601784995.00 ns, 4.5913 us/op
WorkloadResult   9: 131072 op, 607201588.00 ns, 4.6326 us/op
WorkloadResult  10: 131072 op, 600223367.00 ns, 4.5793 us/op
// GC:  13 0 0 229638144 131072
// Threading:  0 0 131072

// AfterAll
// Benchmark Process 3312 has exited with code 0.

Mean = 4.600 μs, StdErr = 0.005 μs (0.12%), N = 10, StdDev = 0.017 μs
Min = 4.579 μs, Q1 = 4.589 μs, Median = 4.591 μs, Q3 = 4.610 μs, Max = 4.633 μs
IQR = 0.021 μs, LowerFence = 4.557 μs, UpperFence = 4.642 μs
ConfidenceInterval = [4.573 μs; 4.626 μs] (CI 99.9%), Margin = 0.026 μs (0.57% of Mean)
Skewness = 0.71, Kurtosis = 1.9, MValue = 2

// ** Remained 3 (15.0 %) benchmark(s) to run. Estimated finish 2026-10-03 10:50 (0h 0m from now) **
// **************************
// Benchmark: PIIMaskerBenchmarks.MaskObject_SingleField: ShortRun(IterationCount=3, LaunchCount=1, WarmupCount=3)
// *** Execute ***
// Launch: 1 / 1
// Execute: dotnet Encina.Security.PII.Benchmarks-Job-YFEFPZ-1.dll --anonymousPipes 160 161 --benchmarkName Encina.Security.PII.Benchmarks.PIIMaskerBenchmarks.MaskObject_SingleField --job ShortRun --benchmarkId 17 in /home/runner/work/Encina/Encina/tests/Encina.BenchmarkTests/Encina.Security.PII.Benchmarks/bin/Release/net10.0/Encina.Security.PII.Benchmarks-Job-YFEFPZ-1/bin/Release/net10.0
// Failed to set up high priority (Permission denied). In order to run benchmarks with high priority, make sure you have the right permissions.
// BeforeAnythingElse

// Benchmark Process Environment Information:
// BenchmarkDotNet v0.15.8
// Runtime=.NET 10.0.12 (10.0.12, 10.0.1226.42308), X64 RyuJIT x86-64-v3
// GC=Concurrent Workstation
// HardwareIntrinsics=AVX2+BMI1+BMI2+F16C+FMA+LZCNT+MOVBE,AVX,SSE3+SSSE3+SSE4.1+SSE4.2+POPCNT,X86Base+SSE+SSE2,AES+PCLMUL VectorSize=256
// Job: ShortRun(IterationCount=3, LaunchCount=1, WarmupCount=3)

OverheadJitting  1: 1 op, 222789.00 ns, 222.7890 us/op
WorkloadJitting  1: 1 op, 321793.00 ns, 321.7930 us/op

OverheadJitting  2: 16 op, 454553.00 ns, 28.4096 us/op
WorkloadJitting  2: 16 op, 609244.00 ns, 38.0778 us/op

WorkloadPilot    1: 16 op, 140214.00 ns, 8.7634 us/op
WorkloadPilot    2: 32 op, 211316.00 ns, 6.6036 us/op
WorkloadPilot    3: 64 op, 414478.00 ns, 6.4762 us/op
WorkloadPilot    4: 128 op, 761440.00 ns, 5.9488 us/op
WorkloadPilot    5: 256 op, 1342110.00 ns, 5.2426 us/op
WorkloadPilot    6: 512 op, 2776192.00 ns, 5.4223 us/op
WorkloadPilot    7: 1024 op, 5184903.00 ns, 5.0634 us/op
WorkloadPilot    8: 2048 op, 10315095.00 ns, 5.0367 us/op
WorkloadPilot    9: 4096 op, 20576679.00 ns, 5.0236 us/op
WorkloadPilot   10: 8192 op, 44068590.00 ns, 5.3795 us/op
WorkloadPilot   11: 16384 op, 77923386.00 ns, 4.7561 us/op
WorkloadPilot   12: 32768 op, 150034590.00 ns, 4.5787 us/op
WorkloadPilot   13: 65536 op, 294115383.00 ns, 4.4878 us/op
WorkloadPilot   14: 131072 op, 591557692.00 ns, 4.5132 us/op

OverheadWarmup   1: 131072 op, 449234.00 ns, 3.4274 ns/op
OverheadWarmup   2: 131072 op, 429837.00 ns, 3.2794 ns/op
OverheadWarmup   3: 131072 op, 449885.00 ns, 3.4324 ns/op
OverheadWarmup   4: 131072 op, 447751.00 ns, 3.4161 ns/op
OverheadWarmup   5: 131072 op, 429878.00 ns, 3.2797 ns/op
OverheadWarmup   6: 131072 op, 429887.00 ns, 3.2798 ns/op
OverheadWarmup   7: 131072 op, 429857.00 ns, 3.2795 ns/op

OverheadActual   1: 131072 op, 429877.00 ns, 3.2797 ns/op
OverheadActual   2: 131072 op, 452309.00 ns, 3.4508 ns/op
OverheadActual   3: 131072 op, 452800.00 ns, 3.4546 ns/op
OverheadActual   4: 131072 op, 429867.00 ns, 3.2796 ns/op
OverheadActual   5: 131072 op, 429867.00 ns, 3.2796 ns/op
OverheadActual   6: 131072 op, 429847.00 ns, 3.2795 ns/op
OverheadActual   7: 131072 op, 446568.00 ns, 3.4070 ns/op
OverheadActual   8: 131072 op, 447330.00 ns, 3.4129 ns/op
OverheadActual   9: 131072 op, 450856.00 ns, 3.4398 ns/op
OverheadActual  10: 131072 op, 430669.00 ns, 3.2857 ns/op
OverheadActual  11: 131072 op, 430709.00 ns, 3.2860 ns/op
OverheadActual  12: 131072 op, 429947.00 ns, 3.2802 ns/op
OverheadActual  13: 131072 op, 446267.00 ns, 3.4047 ns/op
OverheadActual  14: 131072 op, 447861.00 ns, 3.4169 ns/op
OverheadActual  15: 131072 op, 429827.00 ns, 3.2793 ns/op

WorkloadWarmup   1: 131072 op, 592717950.00 ns, 4.5221 us/op
WorkloadWarmup   2: 131072 op, 592073240.00 ns, 4.5172 us/op
WorkloadWarmup   3: 131072 op, 588365098.00 ns, 4.4889 us/op

// BeforeActualRun
WorkloadActual   1: 131072 op, 589905690.00 ns, 4.5006 us/op
WorkloadActual   2: 131072 op, 587327957.00 ns, 4.4810 us/op
WorkloadActual   3: 131072 op, 587170021.00 ns, 4.4798 us/op

// AfterActualRun
WorkloadResult   1: 131072 op, 589474981.00 ns, 4.4973 us/op
WorkloadResult   2: 131072 op, 586897248.00 ns, 4.4777 us/op
WorkloadResult   3: 131072 op, 586739312.00 ns, 4.4765 us/op
// GC:  13 0 0 229638144 131072
// Threading:  0 0 131072

// AfterAll
// Benchmark Process 3326 has exited with code 0.

Mean = 4.484 μs, StdErr = 0.007 μs (0.15%), N = 3, StdDev = 0.012 μs
Min = 4.476 μs, Q1 = 4.477 μs, Median = 4.478 μs, Q3 = 4.488 μs, Max = 4.497 μs
IQR = 0.010 μs, LowerFence = 4.461 μs, UpperFence = 4.503 μs
ConfidenceInterval = [4.270 μs; 4.698 μs] (CI 99.9%), Margin = 0.214 μs (4.77% of Mean)
Skewness = 0.38, Kurtosis = 0.67, MValue = 2

// ** Remained 2 (10.0 %) benchmark(s) to run. Estimated finish 2026-10-03 10:50 (0h 0m from now) **
// **************************
// Benchmark: PIIMaskerBenchmarks.Mask_Phone: Job-YFEFPZ(IterationCount=10, WarmupCount=3)
// *** Execute ***
// Launch: 1 / 1
// Execute: dotnet Encina.Security.PII.Benchmarks-Job-YFEFPZ-1.dll --anonymousPipes 160 161 --benchmarkName Encina.Security.PII.Benchmarks.PIIMaskerBenchmarks.Mask_Phone --job "IterationCount=10, WarmupCount=3" --benchmarkId 18 in /home/runner/work/Encina/Encina/tests/Encina.BenchmarkTests/Encina.Security.PII.Benchmarks/bin/Release/net10.0/Encina.Security.PII.Benchmarks-Job-YFEFPZ-1/bin/Release/net10.0
// Failed to set up high priority (Permission denied). In order to run benchmarks with high priority, make sure you have the right permissions.
// BeforeAnythingElse

// Benchmark Process Environment Information:
// BenchmarkDotNet v0.15.8
// Runtime=.NET 10.0.12 (10.0.12, 10.0.1226.42308), X64 RyuJIT x86-64-v3
// GC=Concurrent Workstation
// HardwareIntrinsics=AVX2+BMI1+BMI2+F16C+FMA+LZCNT+MOVBE,AVX,SSE3+SSSE3+SSE4.1+SSE4.2+POPCNT,X86Base+SSE+SSE2,AES+PCLMUL VectorSize=256
// Job: Job-YFEFPZ(IterationCount=10, WarmupCount=3)

OverheadJitting  1: 1 op, 240211.00 ns, 240.2110 us/op
WorkloadJitting  1: 1 op, 435437.00 ns, 435.4370 us/op

OverheadJitting  2: 16 op, 472396.00 ns, 29.5248 us/op
WorkloadJitting  2: 16 op, 466615.00 ns, 29.1634 us/op

WorkloadPilot    1: 16 op, 39324.00 ns, 2.4578 us/op
WorkloadPilot    2: 32 op, 62407.00 ns, 1.9502 us/op
WorkloadPilot    3: 64 op, 76334.00 ns, 1.1927 us/op
WorkloadPilot    4: 128 op, 118231.00 ns, 923.6797 ns/op
WorkloadPilot    5: 256 op, 214943.00 ns, 839.6211 ns/op
WorkloadPilot    6: 512 op, 371867.00 ns, 726.3027 ns/op
WorkloadPilot    7: 1024 op, 629560.00 ns, 614.8047 ns/op
WorkloadPilot    8: 2048 op, 1193097.00 ns, 582.5669 ns/op
WorkloadPilot    9: 4096 op, 2334327.00 ns, 569.9041 ns/op
WorkloadPilot   10: 8192 op, 5723623.00 ns, 698.6844 ns/op
WorkloadPilot   11: 16384 op, 9274021.00 ns, 566.0413 ns/op
WorkloadPilot   12: 32768 op, 20720295.00 ns, 632.3332 ns/op
WorkloadPilot   13: 65536 op, 29257945.00 ns, 446.4408 ns/op
WorkloadPilot   14: 131072 op, 56309615.00 ns, 429.6083 ns/op
WorkloadPilot   15: 262144 op, 111042667.00 ns, 423.5942 ns/op
WorkloadPilot   16: 524288 op, 223517549.00 ns, 426.3259 ns/op
WorkloadPilot   17: 1048576 op, 451670592.00 ns, 430.7466 ns/op
WorkloadPilot   18: 2097152 op, 916014208.00 ns, 436.7896 ns/op

OverheadWarmup   1: 2097152 op, 6905700.00 ns, 3.2929 ns/op
OverheadWarmup   2: 2097152 op, 6921910.00 ns, 3.3006 ns/op
OverheadWarmup   3: 2097152 op, 6929164.00 ns, 3.3041 ns/op
OverheadWarmup   4: 2097152 op, 6872898.00 ns, 3.2773 ns/op
OverheadWarmup   5: 2097152 op, 6910148.00 ns, 3.2950 ns/op
OverheadWarmup   6: 2097152 op, 6875492.00 ns, 3.2785 ns/op

OverheadActual   1: 2097152 op, 6877927.00 ns, 3.2797 ns/op
OverheadActual   2: 2097152 op, 6921840.00 ns, 3.3006 ns/op
OverheadActual   3: 2097152 op, 6898747.00 ns, 3.2896 ns/op
OverheadActual   4: 2097152 op, 6906141.00 ns, 3.2931 ns/op
OverheadActual   5: 2097152 op, 6912543.00 ns, 3.2962 ns/op
OverheadActual   6: 2097152 op, 6899828.00 ns, 3.2901 ns/op
OverheadActual   7: 2097152 op, 6899969.00 ns, 3.2902 ns/op
OverheadActual   8: 2097152 op, 6871446.00 ns, 3.2766 ns/op
OverheadActual   9: 2097152 op, 6869802.00 ns, 3.2758 ns/op
OverheadActual  10: 2097152 op, 6876425.00 ns, 3.2789 ns/op
OverheadActual  11: 2097152 op, 6920448.00 ns, 3.2999 ns/op
OverheadActual  12: 2097152 op, 6870754.00 ns, 3.2762 ns/op
OverheadActual  13: 2097152 op, 6877948.00 ns, 3.2797 ns/op
OverheadActual  14: 2097152 op, 6876054.00 ns, 3.2788 ns/op
OverheadActual  15: 2097152 op, 6873118.00 ns, 3.2774 ns/op

WorkloadWarmup   1: 2097152 op, 900061404.00 ns, 429.1827 ns/op
WorkloadWarmup   2: 2097152 op, 897771470.00 ns, 428.0908 ns/op
WorkloadWarmup   3: 2097152 op, 896095928.00 ns, 427.2918 ns/op

// BeforeActualRun
WorkloadActual   1: 2097152 op, 894370813.00 ns, 426.4692 ns/op
WorkloadActual   2: 2097152 op, 903629625.00 ns, 430.8842 ns/op
WorkloadActual   3: 2097152 op, 895425360.00 ns, 426.9721 ns/op
WorkloadActual   4: 2097152 op, 891329835.00 ns, 425.0192 ns/op
WorkloadActual   5: 2097152 op, 910464949.00 ns, 434.1435 ns/op
WorkloadActual   6: 2097152 op, 902881468.00 ns, 430.5274 ns/op
WorkloadActual   7: 2097152 op, 901491572.00 ns, 429.8647 ns/op
WorkloadActual   8: 2097152 op, 889373688.00 ns, 424.0864 ns/op
WorkloadActual   9: 2097152 op, 895750095.00 ns, 427.1269 ns/op
WorkloadActual  10: 2097152 op, 891227264.00 ns, 424.9703 ns/op

// AfterActualRun
WorkloadResult   1: 2097152 op, 887492865.00 ns, 423.1896 ns/op
WorkloadResult   2: 2097152 op, 896751677.00 ns, 427.6045 ns/op
WorkloadResult   3: 2097152 op, 888547412.00 ns, 423.6924 ns/op
WorkloadResult   4: 2097152 op, 884451887.00 ns, 421.7395 ns/op
WorkloadResult   5: 2097152 op, 903587001.00 ns, 430.8639 ns/op
WorkloadResult   6: 2097152 op, 896003520.00 ns, 427.2478 ns/op
WorkloadResult   7: 2097152 op, 894613624.00 ns, 426.5850 ns/op
WorkloadResult   8: 2097152 op, 882495740.00 ns, 420.8068 ns/op
WorkloadResult   9: 2097152 op, 888872147.00 ns, 423.8473 ns/op
WorkloadResult  10: 2097152 op, 884349316.00 ns, 421.6906 ns/op
// GC:  65 0 0 1090519040 2097152
// Threading:  0 0 2097152

// AfterAll
// Benchmark Process 3333 has exited with code 0.

Mean = 424.727 ns, StdErr = 1.019 ns (0.24%), N = 10, StdDev = 3.223 ns
Min = 420.807 ns, Q1 = 422.102 ns, Median = 423.770 ns, Q3 = 427.082 ns, Max = 430.864 ns
IQR = 4.980 ns, LowerFence = 414.632 ns, UpperFence = 434.552 ns
ConfidenceInterval = [419.855 ns; 429.599 ns] (CI 99.9%), Margin = 4.872 ns (1.15% of Mean)
Skewness = 0.47, Kurtosis = 1.81, MValue = 2

// ** Remained 1 (5.0 %) benchmark(s) to run. Estimated finish 2026-10-03 10:50 (0h 0m from now) **
// **************************
// Benchmark: PIIMaskerBenchmarks.Mask_Phone: ShortRun(IterationCount=3, LaunchCount=1, WarmupCount=3)
// *** Execute ***
// Launch: 1 / 1
// Execute: dotnet Encina.Security.PII.Benchmarks-Job-YFEFPZ-1.dll --anonymousPipes 160 161 --benchmarkName Encina.Security.PII.Benchmarks.PIIMaskerBenchmarks.Mask_Phone --job ShortRun --benchmarkId 19 in /home/runner/work/Encina/Encina/tests/Encina.BenchmarkTests/Encina.Security.PII.Benchmarks/bin/Release/net10.0/Encina.Security.PII.Benchmarks-Job-YFEFPZ-1/bin/Release/net10.0
// Failed to set up high priority (Permission denied). In order to run benchmarks with high priority, make sure you have the right permissions.
// BeforeAnythingElse

// Benchmark Process Environment Information:
// BenchmarkDotNet v0.15.8
// Runtime=.NET 10.0.12 (10.0.12, 10.0.1226.42308), X64 RyuJIT x86-64-v3
// GC=Concurrent Workstation
// HardwareIntrinsics=AVX2+BMI1+BMI2+F16C+FMA+LZCNT+MOVBE,AVX,SSE3+SSSE3+SSE4.1+SSE4.2+POPCNT,X86Base+SSE+SSE2,AES+PCLMUL VectorSize=256
// Job: ShortRun(IterationCount=3, LaunchCount=1, WarmupCount=3)

OverheadJitting  1: 1 op, 211426.00 ns, 211.4260 us/op
WorkloadJitting  1: 1 op, 395312.00 ns, 395.3120 us/op

OverheadJitting  2: 16 op, 457458.00 ns, 28.5911 us/op
WorkloadJitting  2: 16 op, 460283.00 ns, 28.7677 us/op

WorkloadPilot    1: 16 op, 42399.00 ns, 2.6499 us/op
WorkloadPilot    2: 32 op, 65653.00 ns, 2.0517 us/op
WorkloadPilot    3: 64 op, 67908.00 ns, 1.0611 us/op
WorkloadPilot    4: 128 op, 111149.00 ns, 868.3516 ns/op
WorkloadPilot    5: 256 op, 198412.00 ns, 775.0469 ns/op
WorkloadPilot    6: 512 op, 412634.00 ns, 805.9258 ns/op
WorkloadPilot    7: 1024 op, 590808.00 ns, 576.9609 ns/op
WorkloadPilot    8: 2048 op, 1178911.00 ns, 575.6401 ns/op
WorkloadPilot    9: 4096 op, 2349396.00 ns, 573.5830 ns/op
WorkloadPilot   10: 8192 op, 5877622.00 ns, 717.4832 ns/op
WorkloadPilot   11: 16384 op, 10496463.00 ns, 640.6533 ns/op
WorkloadPilot   12: 32768 op, 20638552.00 ns, 629.8386 ns/op
WorkloadPilot   13: 65536 op, 28864678.00 ns, 440.4400 ns/op
WorkloadPilot   14: 131072 op, 58618334.00 ns, 447.2224 ns/op
WorkloadPilot   15: 262144 op, 115920007.00 ns, 442.1997 ns/op
WorkloadPilot   16: 524288 op, 228989400.00 ns, 436.7626 ns/op
WorkloadPilot   17: 1048576 op, 465228752.00 ns, 443.6767 ns/op
WorkloadPilot   18: 2097152 op, 926807696.00 ns, 441.9363 ns/op

OverheadWarmup   1: 2097152 op, 6931879.00 ns, 3.3054 ns/op
OverheadWarmup   2: 2097152 op, 6956876.00 ns, 3.3173 ns/op
OverheadWarmup   3: 2097152 op, 6925247.00 ns, 3.3022 ns/op
OverheadWarmup   4: 2097152 op, 6946406.00 ns, 3.3123 ns/op
OverheadWarmup   5: 2097152 op, 6946326.00 ns, 3.3123 ns/op

OverheadActual   1: 2097152 op, 6947528.00 ns, 3.3128 ns/op
OverheadActual   2: 2097152 op, 6949352.00 ns, 3.3137 ns/op
OverheadActual   3: 2097152 op, 6954141.00 ns, 3.3160 ns/op
OverheadActual   4: 2097152 op, 6944923.00 ns, 3.3116 ns/op
OverheadActual   5: 2097152 op, 6987854.00 ns, 3.3321 ns/op
OverheadActual   6: 2097152 op, 6946165.00 ns, 3.3122 ns/op
OverheadActual   7: 2097152 op, 6946727.00 ns, 3.3125 ns/op
OverheadActual   8: 2097152 op, 6947748.00 ns, 3.3129 ns/op
OverheadActual   9: 2097152 op, 6934303.00 ns, 3.3065 ns/op
OverheadActual  10: 2097152 op, 6946597.00 ns, 3.3124 ns/op
OverheadActual  11: 2097152 op, 6948961.00 ns, 3.3135 ns/op
OverheadActual  12: 2097152 op, 6945305.00 ns, 3.3118 ns/op
OverheadActual  13: 2097152 op, 6958579.00 ns, 3.3181 ns/op
OverheadActual  14: 2097152 op, 6942359.00 ns, 3.3104 ns/op
OverheadActual  15: 2097152 op, 6947879.00 ns, 3.3130 ns/op

WorkloadWarmup   1: 2097152 op, 938475967.00 ns, 447.5002 ns/op
WorkloadWarmup   2: 2097152 op, 945646183.00 ns, 450.9192 ns/op
WorkloadWarmup   3: 2097152 op, 929843820.00 ns, 443.3841 ns/op

// BeforeActualRun
WorkloadActual   1: 2097152 op, 933367639.00 ns, 445.0644 ns/op
WorkloadActual   2: 2097152 op, 928266813.00 ns, 442.6321 ns/op
WorkloadActual   3: 2097152 op, 928201060.00 ns, 442.6008 ns/op

// AfterActualRun
WorkloadResult   1: 2097152 op, 926420111.00 ns, 441.7515 ns/op
WorkloadResult   2: 2097152 op, 921319285.00 ns, 439.3193 ns/op
WorkloadResult   3: 2097152 op, 921253532.00 ns, 439.2879 ns/op
// GC:  65 0 0 1090519040 2097152
// Threading:  0 0 2097152

// AfterAll
// Benchmark Process 3342 has exited with code 0.

Mean = 440.120 ns, StdErr = 0.816 ns (0.19%), N = 3, StdDev = 1.413 ns
Min = 439.288 ns, Q1 = 439.304 ns, Median = 439.319 ns, Q3 = 440.535 ns, Max = 441.752 ns
IQR = 1.232 ns, LowerFence = 437.456 ns, UpperFence = 442.383 ns
ConfidenceInterval = [414.334 ns; 465.905 ns] (CI 99.9%), Margin = 25.786 ns (5.86% of Mean)
Skewness = 0.38, Kurtosis = 0.67, MValue = 2

// ** Remained 0 (0.0 %) benchmark(s) to run. Estimated finish 2026-10-03 10:50 (0h 0m from now) **
// ***** BenchmarkRunner: Finish  *****

// * Export *
  artifacts/performance/SecurityPII/results/Encina.Security.PII.Benchmarks.PIIMaskerBenchmarks-report.csv
  artifacts/performance/SecurityPII/results/Encina.Security.PII.Benchmarks.PIIMaskerBenchmarks-report-github.md
  artifacts/performance/SecurityPII/results/Encina.Security.PII.Benchmarks.PIIMaskerBenchmarks-report.html
  artifacts/performance/SecurityPII/results/Encina.Security.PII.Benchmarks.PIIMaskerBenchmarks-report-full-compressed.json

// * Detailed results *
PIIMaskerBenchmarks.Mask_SSN: Job-YFEFPZ(IterationCount=10, WarmupCount=3)
Runtime = .NET 10.0.12 (10.0.12, 10.0.1226.42308), X64 RyuJIT x86-64-v3; GC = Concurrent Workstation
Mean = 415.570 ns, StdErr = 0.907 ns (0.22%), N = 10, StdDev = 2.867 ns
Min = 411.928 ns, Q1 = 412.535 ns, Median = 416.347 ns, Q3 = 418.183 ns, Max = 418.725 ns
IQR = 5.648 ns, LowerFence = 404.063 ns, UpperFence = 426.655 ns
ConfidenceInterval = [411.236 ns; 419.905 ns] (CI 99.9%), Margin = 4.335 ns (1.04% of Mean)
Skewness = -0.17, Kurtosis = 1.08, MValue = 2
-------------------- Histogram --------------------
[410.181 ns ; 420.472 ns) | @@@@@@@@@@
---------------------------------------------------

PIIMaskerBenchmarks.Mask_WithRegexPattern: Job-YFEFPZ(IterationCount=10, WarmupCount=3)
Runtime = .NET 10.0.12 (10.0.12, 10.0.1226.42308), X64 RyuJIT x86-64-v3; GC = Concurrent Workstation
Mean = 577.278 ns, StdErr = 0.293 ns (0.05%), N = 10, StdDev = 0.927 ns
Min = 575.754 ns, Q1 = 576.623 ns, Median = 577.399 ns, Q3 = 577.995 ns, Max = 578.557 ns
IQR = 1.372 ns, LowerFence = 574.565 ns, UpperFence = 580.053 ns
ConfidenceInterval = [575.876 ns; 578.679 ns] (CI 99.9%), Margin = 1.401 ns (0.24% of Mean)
Skewness = -0.24, Kurtosis = 1.51, MValue = 2
-------------------- Histogram --------------------
[575.189 ns ; 579.122 ns) | @@@@@@@@@@
---------------------------------------------------

PIIMaskerBenchmarks.MaskObject_NoAttributes: Job-YFEFPZ(IterationCount=10, WarmupCount=3)
Runtime = .NET 10.0.12 (10.0.12, 10.0.1226.42308), X64 RyuJIT x86-64-v3; GC = Concurrent Workstation
Mean = 2.670 μs, StdErr = 0.002 μs (0.08%), N = 9, StdDev = 0.006 μs
Min = 2.665 μs, Q1 = 2.665 μs, Median = 2.668 μs, Q3 = 2.670 μs, Max = 2.683 μs
IQR = 0.005 μs, LowerFence = 2.657 μs, UpperFence = 2.678 μs
ConfidenceInterval = [2.660 μs; 2.680 μs] (CI 99.9%), Margin = 0.010 μs (0.38% of Mean)
Skewness = 0.97, Kurtosis = 2.51, MValue = 2
-------------------- Histogram --------------------
[2.661 μs ; 2.687 μs) | @@@@@@@@@
---------------------------------------------------

PIIMaskerBenchmarks.MaskForAudit_SingleField: Job-YFEFPZ(IterationCount=10, WarmupCount=3)
Runtime = .NET 10.0.12 (10.0.12, 10.0.1226.42308), X64 RyuJIT x86-64-v3; GC = Concurrent Workstation
Mean = 4.457 μs, StdErr = 0.003 μs (0.08%), N = 9, StdDev = 0.010 μs
Min = 4.448 μs, Q1 = 4.451 μs, Median = 4.452 μs, Q3 = 4.457 μs, Max = 4.476 μs
IQR = 0.006 μs, LowerFence = 4.442 μs, UpperFence = 4.465 μs
ConfidenceInterval = [4.439 μs; 4.474 μs] (CI 99.9%), Margin = 0.017 μs (0.38% of Mean)
Skewness = 0.98, Kurtosis = 2.14, MValue = 2
-------------------- Histogram --------------------
[4.442 μs ; 4.482 μs) | @@@@@@@@@
---------------------------------------------------

PIIMaskerBenchmarks.MaskForAudit_NonGeneric: Job-YFEFPZ(IterationCount=10, WarmupCount=3)
Runtime = .NET 10.0.12 (10.0.12, 10.0.1226.42308), X64 RyuJIT x86-64-v3; GC = Concurrent Workstation
Mean = 4.385 μs, StdErr = 0.002 μs (0.05%), N = 9, StdDev = 0.007 μs
Min = 4.373 μs, Q1 = 4.382 μs, Median = 4.385 μs, Q3 = 4.389 μs, Max = 4.393 μs
IQR = 0.007 μs, LowerFence = 4.371 μs, UpperFence = 4.400 μs
ConfidenceInterval = [4.374 μs; 4.396 μs] (CI 99.9%), Margin = 0.011 μs (0.25% of Mean)
Skewness = -0.43, Kurtosis = 1.78, MValue = 2
-------------------- Histogram --------------------
[4.369 μs ; 4.397 μs) | @@@@@@@@@
---------------------------------------------------

PIIMaskerBenchmarks.Mask_CreditCard: Job-YFEFPZ(IterationCount=10, WarmupCount=3)
Runtime = .NET 10.0.12 (10.0.12, 10.0.1226.42308), X64 RyuJIT x86-64-v3; GC = Concurrent Workstation
Mean = 519.917 ns, StdErr = 1.064 ns (0.20%), N = 10, StdDev = 3.364 ns
Min = 513.171 ns, Q1 = 518.267 ns, Median = 520.364 ns, Q3 = 521.567 ns, Max = 525.350 ns
IQR = 3.300 ns, LowerFence = 513.317 ns, UpperFence = 526.517 ns
ConfidenceInterval = [514.830 ns; 525.003 ns] (CI 99.9%), Margin = 5.087 ns (0.98% of Mean)
Skewness = -0.38, Kurtosis = 2.43, MValue = 2
-------------------- Histogram --------------------
[511.122 ns ; 526.281 ns) | @@@@@@@@@@
---------------------------------------------------

PIIMaskerBenchmarks.Mask_Email: Job-YFEFPZ(IterationCount=10, WarmupCount=3)
Runtime = .NET 10.0.12 (10.0.12, 10.0.1226.42308), X64 RyuJIT x86-64-v3; GC = Concurrent Workstation
Mean = 110.000 ns, StdErr = 0.548 ns (0.50%), N = 10, StdDev = 1.732 ns
Min = 107.198 ns, Q1 = 108.555 ns, Median = 109.984 ns, Q3 = 111.729 ns, Max = 111.924 ns
IQR = 3.174 ns, LowerFence = 103.794 ns, UpperFence = 116.490 ns
ConfidenceInterval = [107.381 ns; 112.618 ns] (CI 99.9%), Margin = 2.618 ns (2.38% of Mean)
Skewness = -0.2, Kurtosis = 1.34, MValue = 2
-------------------- Histogram --------------------
[107.131 ns ; 112.048 ns) | @@@@@@@@@@
---------------------------------------------------

PIIMaskerBenchmarks.MaskObject_MultiField: Job-YFEFPZ(IterationCount=10, WarmupCount=3)
Runtime = .NET 10.0.12 (10.0.12, 10.0.1226.42308), X64 RyuJIT x86-64-v3; GC = Concurrent Workstation
Mean = 10.635 μs, StdErr = 0.004 μs (0.04%), N = 9, StdDev = 0.012 μs
Min = 10.614 μs, Q1 = 10.630 μs, Median = 10.635 μs, Q3 = 10.642 μs, Max = 10.654 μs
IQR = 0.013 μs, LowerFence = 10.611 μs, UpperFence = 10.661 μs
ConfidenceInterval = [10.615 μs; 10.656 μs] (CI 99.9%), Margin = 0.020 μs (0.19% of Mean)
Skewness = -0.23, Kurtosis = 1.89, MValue = 2
-------------------- Histogram --------------------
[10.606 μs ; 10.661 μs) | @@@@@@@@@
---------------------------------------------------

PIIMaskerBenchmarks.MaskObject_SingleField: Job-YFEFPZ(IterationCount=10, WarmupCount=3)
Runtime = .NET 10.0.12 (10.0.12, 10.0.1226.42308), X64 RyuJIT x86-64-v3; GC = Concurrent Workstation
Mean = 4.600 μs, StdErr = 0.005 μs (0.12%), N = 10, StdDev = 0.017 μs
Min = 4.579 μs, Q1 = 4.589 μs, Median = 4.591 μs, Q3 = 4.610 μs, Max = 4.633 μs
IQR = 0.021 μs, LowerFence = 4.557 μs, UpperFence = 4.642 μs
ConfidenceInterval = [4.573 μs; 4.626 μs] (CI 99.9%), Margin = 0.026 μs (0.57% of Mean)
Skewness = 0.71, Kurtosis = 1.9, MValue = 2
-------------------- Histogram --------------------
[4.569 μs ; 4.643 μs) | @@@@@@@@@@
---------------------------------------------------

PIIMaskerBenchmarks.Mask_Phone: Job-YFEFPZ(IterationCount=10, WarmupCount=3)
Runtime = .NET 10.0.12 (10.0.12, 10.0.1226.42308), X64 RyuJIT x86-64-v3; GC = Concurrent Workstation
Mean = 424.727 ns, StdErr = 1.019 ns (0.24%), N = 10, StdDev = 3.223 ns
Min = 420.807 ns, Q1 = 422.102 ns, Median = 423.770 ns, Q3 = 427.082 ns, Max = 430.864 ns
IQR = 4.980 ns, LowerFence = 414.632 ns, UpperFence = 434.552 ns
ConfidenceInterval = [419.855 ns; 429.599 ns] (CI 99.9%), Margin = 4.872 ns (1.15% of Mean)
Skewness = 0.47, Kurtosis = 1.81, MValue = 2
-------------------- Histogram --------------------
[418.843 ns ; 432.827 ns) | @@@@@@@@@@
---------------------------------------------------

PIIMaskerBenchmarks.Mask_SSN: ShortRun(IterationCount=3, LaunchCount=1, WarmupCount=3)
Runtime = .NET 10.0.12 (10.0.12, 10.0.1226.42308), X64 RyuJIT x86-64-v3; GC = Concurrent Workstation
Mean = 418.864 ns, StdErr = 0.997 ns (0.24%), N = 3, StdDev = 1.728 ns
Min = 417.782 ns, Q1 = 417.868 ns, Median = 417.953 ns, Q3 = 419.405 ns, Max = 420.856 ns
IQR = 1.537 ns, LowerFence = 415.562 ns, UpperFence = 421.711 ns
ConfidenceInterval = [387.346 ns; 450.382 ns] (CI 99.9%), Margin = 31.518 ns (7.52% of Mean)
Skewness = 0.38, Kurtosis = 0.67, MValue = 2
-------------------- Histogram --------------------
[417.747 ns ; 420.891 ns) | @@@
---------------------------------------------------

PIIMaskerBenchmarks.Mask_WithRegexPattern: ShortRun(IterationCount=3, LaunchCount=1, WarmupCount=3)
Runtime = .NET 10.0.12 (10.0.12, 10.0.1226.42308), X64 RyuJIT x86-64-v3; GC = Concurrent Workstation
Mean = 567.463 ns, StdErr = 0.913 ns (0.16%), N = 3, StdDev = 1.581 ns
Min = 565.638 ns, Q1 = 566.978 ns, Median = 568.317 ns, Q3 = 568.375 ns, Max = 568.433 ns
IQR = 1.397 ns, LowerFence = 564.882 ns, UpperFence = 570.471 ns
ConfidenceInterval = [538.619 ns; 596.306 ns] (CI 99.9%), Margin = 28.843 ns (5.08% of Mean)
Skewness = -0.38, Kurtosis = 0.67, MValue = 2
-------------------- Histogram --------------------
[565.597 ns ; 568.474 ns) | @@@
---------------------------------------------------

PIIMaskerBenchmarks.MaskObject_NoAttributes: ShortRun(IterationCount=3, LaunchCount=1, WarmupCount=3)
Runtime = .NET 10.0.12 (10.0.12, 10.0.1226.42308), X64 RyuJIT x86-64-v3; GC = Concurrent Workstation
Mean = 2.682 μs, StdErr = 0.007 μs (0.26%), N = 3, StdDev = 0.012 μs
Min = 2.669 μs, Q1 = 2.679 μs, Median = 2.689 μs, Q3 = 2.689 μs, Max = 2.690 μs
IQR = 0.011 μs, LowerFence = 2.663 μs, UpperFence = 2.705 μs
ConfidenceInterval = [2.464 μs; 2.900 μs] (CI 99.9%), Margin = 0.218 μs (8.13% of Mean)
Skewness = -0.38, Kurtosis = 0.67, MValue = 2
-------------------- Histogram --------------------
[2.668 μs ; 2.690 μs) | @@@
---------------------------------------------------

PIIMaskerBenchmarks.MaskForAudit_SingleField: ShortRun(IterationCount=3, LaunchCount=1, WarmupCount=3)
Runtime = .NET 10.0.12 (10.0.12, 10.0.1226.42308), X64 RyuJIT x86-64-v3; GC = Concurrent Workstation
Mean = 4.536 μs, StdErr = 0.005 μs (0.12%), N = 3, StdDev = 0.009 μs
Min = 4.530 μs, Q1 = 4.530 μs, Median = 4.531 μs, Q3 = 4.539 μs, Max = 4.546 μs
IQR = 0.008 μs, LowerFence = 4.518 μs, UpperFence = 4.551 μs
ConfidenceInterval = [4.365 μs; 4.706 μs] (CI 99.9%), Margin = 0.171 μs (3.76% of Mean)
Skewness = 0.38, Kurtosis = 0.67, MValue = 2
-------------------- Histogram --------------------
[4.530 μs ; 4.547 μs) | @@@
---------------------------------------------------

PIIMaskerBenchmarks.MaskForAudit_NonGeneric: ShortRun(IterationCount=3, LaunchCount=1, WarmupCount=3)
Runtime = .NET 10.0.12 (10.0.12, 10.0.1226.42308), X64 RyuJIT x86-64-v3; GC = Concurrent Workstation
Mean = 4.377 μs, StdErr = 0.011 μs (0.24%), N = 3, StdDev = 0.018 μs
Min = 4.363 μs, Q1 = 4.367 μs, Median = 4.371 μs, Q3 = 4.385 μs, Max = 4.398 μs
IQR = 0.018 μs, LowerFence = 4.341 μs, UpperFence = 4.411 μs
ConfidenceInterval = [4.042 μs; 4.713 μs] (CI 99.9%), Margin = 0.335 μs (7.66% of Mean)
Skewness = 0.31, Kurtosis = 0.67, MValue = 2
-------------------- Histogram --------------------
[4.346 μs ; 4.415 μs) | @@@
---------------------------------------------------

PIIMaskerBenchmarks.Mask_CreditCard: ShortRun(IterationCount=3, LaunchCount=1, WarmupCount=3)
Runtime = .NET 10.0.12 (10.0.12, 10.0.1226.42308), X64 RyuJIT x86-64-v3; GC = Concurrent Workstation
Mean = 505.398 ns, StdErr = 0.865 ns (0.17%), N = 3, StdDev = 1.498 ns
Min = 504.417 ns, Q1 = 504.536 ns, Median = 504.655 ns, Q3 = 505.889 ns, Max = 507.123 ns
IQR = 1.353 ns, LowerFence = 502.506 ns, UpperFence = 507.919 ns
ConfidenceInterval = [478.061 ns; 532.736 ns] (CI 99.9%), Margin = 27.338 ns (5.41% of Mean)
Skewness = 0.37, Kurtosis = 0.67, MValue = 2
-------------------- Histogram --------------------
[504.406 ns ; 507.134 ns) | @@@
---------------------------------------------------

PIIMaskerBenchmarks.Mask_Email: ShortRun(IterationCount=3, LaunchCount=1, WarmupCount=3)
Runtime = .NET 10.0.12 (10.0.12, 10.0.1226.42308), X64 RyuJIT x86-64-v3; GC = Concurrent Workstation
Mean = 107.136 ns, StdErr = 0.476 ns (0.44%), N = 3, StdDev = 0.825 ns
Min = 106.309 ns, Q1 = 106.724 ns, Median = 107.139 ns, Q3 = 107.549 ns, Max = 107.959 ns
IQR = 0.825 ns, LowerFence = 105.487 ns, UpperFence = 108.787 ns
ConfidenceInterval = [92.085 ns; 122.187 ns] (CI 99.9%), Margin = 15.051 ns (14.05% of Mean)
Skewness = -0, Kurtosis = 0.67, MValue = 2
-------------------- Histogram --------------------
[105.558 ns ; 108.710 ns) | @@@
---------------------------------------------------

PIIMaskerBenchmarks.MaskObject_MultiField: ShortRun(IterationCount=3, LaunchCount=1, WarmupCount=3)
Runtime = .NET 10.0.12 (10.0.12, 10.0.1226.42308), X64 RyuJIT x86-64-v3; GC = Concurrent Workstation
Mean = 11.056 μs, StdErr = 0.001 μs (0.01%), N = 3, StdDev = 0.001 μs
Min = 11.054 μs, Q1 = 11.055 μs, Median = 11.056 μs, Q3 = 11.056 μs, Max = 11.057 μs
IQR = 0.001 μs, LowerFence = 11.053 μs, UpperFence = 11.058 μs
ConfidenceInterval = [11.029 μs; 11.082 μs] (CI 99.9%), Margin = 0.026 μs (0.24% of Mean)
Skewness = -0.19, Kurtosis = 0.67, MValue = 2
-------------------- Histogram --------------------
[11.053 μs ; 11.058 μs) | @@@
---------------------------------------------------

PIIMaskerBenchmarks.MaskObject_SingleField: ShortRun(IterationCount=3, LaunchCount=1, WarmupCount=3)
Runtime = .NET 10.0.12 (10.0.12, 10.0.1226.42308), X64 RyuJIT x86-64-v3; GC = Concurrent Workstation
Mean = 4.484 μs, StdErr = 0.007 μs (0.15%), N = 3, StdDev = 0.012 μs
Min = 4.476 μs, Q1 = 4.477 μs, Median = 4.478 μs, Q3 = 4.488 μs, Max = 4.497 μs
IQR = 0.010 μs, LowerFence = 4.461 μs, UpperFence = 4.503 μs
ConfidenceInterval = [4.270 μs; 4.698 μs] (CI 99.9%), Margin = 0.214 μs (4.77% of Mean)
Skewness = 0.38, Kurtosis = 0.67, MValue = 2
-------------------- Histogram --------------------
[4.476 μs ; 4.498 μs) | @@@
---------------------------------------------------

PIIMaskerBenchmarks.Mask_Phone: ShortRun(IterationCount=3, LaunchCount=1, WarmupCount=3)
Runtime = .NET 10.0.12 (10.0.12, 10.0.1226.42308), X64 RyuJIT x86-64-v3; GC = Concurrent Workstation
Mean = 440.120 ns, StdErr = 0.816 ns (0.19%), N = 3, StdDev = 1.413 ns
Min = 439.288 ns, Q1 = 439.304 ns, Median = 439.319 ns, Q3 = 440.535 ns, Max = 441.752 ns
IQR = 1.232 ns, LowerFence = 437.456 ns, UpperFence = 442.383 ns
ConfidenceInterval = [414.334 ns; 465.905 ns] (CI 99.9%), Margin = 25.786 ns (5.86% of Mean)
Skewness = 0.38, Kurtosis = 0.67, MValue = 2
-------------------- Histogram --------------------
[439.233 ns ; 441.806 ns) | @@@
---------------------------------------------------

// * Summary *

BenchmarkDotNet v0.15.8, Linux Ubuntu 24.04.5 LTS (Noble Numbat)
AMD EPYC 7763 2.76GHz, 1 CPU, 4 logical and 2 physical cores
.NET SDK 10.0.401
  [Host]     : .NET 10.0.12 (10.0.12, 10.0.1226.42308), X64 RyuJIT x86-64-v3
  Job-YFEFPZ : .NET 10.0.12 (10.0.12, 10.0.1226.42308), X64 RyuJIT x86-64-v3
  ShortRun   : .NET 10.0.12 (10.0.12, 10.0.1226.42308), X64 RyuJIT x86-64-v3

WarmupCount=3  

| Method                   | Job        | IterationCount | LaunchCount | Mean        | Error     | StdDev   | Ratio  | RatioSD | Gen0   | Allocated | Alloc Ratio |
|------------------------- |----------- |--------------- |------------ |------------:|----------:|---------:|-------:|--------:|-------:|----------:|------------:|
| Mask_SSN                 | Job-YFEFPZ | 10             | Default     |    415.6 ns |   4.33 ns |  2.87 ns |   3.78 |    0.06 | 0.0310 |     520 B |        2.32 |
| Mask_WithRegexPattern    | Job-YFEFPZ | 10             | Default     |    577.3 ns |   1.40 ns |  0.93 ns |   5.25 |    0.08 | 0.0248 |     416 B |        1.86 |
| MaskObject_NoAttributes  | Job-YFEFPZ | 10             | Default     |  2,669.9 ns |  10.27 ns |  6.11 ns |  24.28 |    0.37 | 0.0572 |    1008 B |        4.50 |
| MaskForAudit_SingleField | Job-YFEFPZ | 10             | Default     |  4,456.6 ns |  17.14 ns | 10.20 ns |  40.52 |    0.62 | 0.0992 |    1752 B |        7.82 |
| MaskForAudit_NonGeneric  | Job-YFEFPZ | 10             | Default     |  4,384.6 ns |  10.94 ns |  6.51 ns |  39.87 |    0.60 | 0.0992 |    1752 B |        7.82 |
| Mask_CreditCard          | Job-YFEFPZ | 10             | Default     |    519.9 ns |   5.09 ns |  3.36 ns |   4.73 |    0.08 | 0.0324 |     544 B |        2.43 |
| Mask_Email               | Job-YFEFPZ | 10             | Default     |    110.0 ns |   2.62 ns |  1.73 ns |   1.00 |    0.02 | 0.0134 |     224 B |        1.00 |
| MaskObject_MultiField    | Job-YFEFPZ | 10             | Default     | 10,635.4 ns |  20.43 ns | 12.16 ns |  96.71 |    1.46 | 0.2899 |    5056 B |       22.57 |
| MaskObject_SingleField   | Job-YFEFPZ | 10             | Default     |  4,599.5 ns |  26.13 ns | 17.28 ns |  41.82 |    0.65 | 0.0992 |    1752 B |        7.82 |
| Mask_Phone               | Job-YFEFPZ | 10             | Default     |    424.7 ns |   4.87 ns |  3.22 ns |   3.86 |    0.06 | 0.0310 |     520 B |        2.32 |
|                          |            |                |             |             |           |          |        |         |        |           |             |
| Mask_SSN                 | ShortRun   | 3              | 1           |    418.9 ns |  31.52 ns |  1.73 ns |   3.91 |    0.03 | 0.0310 |     520 B |        2.32 |
| Mask_WithRegexPattern    | ShortRun   | 3              | 1           |    567.5 ns |  28.84 ns |  1.58 ns |   5.30 |    0.04 | 0.0248 |     416 B |        1.86 |
| MaskObject_NoAttributes  | ShortRun   | 3              | 1           |  2,682.4 ns | 218.03 ns | 11.95 ns |  25.04 |    0.19 | 0.0572 |    1008 B |        4.50 |
| MaskForAudit_SingleField | ShortRun   | 3              | 1           |  4,535.7 ns | 170.51 ns |  9.35 ns |  42.34 |    0.29 | 0.0992 |    1752 B |        7.82 |
| MaskForAudit_NonGeneric  | ShortRun   | 3              | 1           |  4,377.4 ns | 335.24 ns | 18.38 ns |  40.86 |    0.31 | 0.0992 |    1752 B |        7.82 |
| Mask_CreditCard          | ShortRun   | 3              | 1           |    505.4 ns |  27.34 ns |  1.50 ns |   4.72 |    0.03 | 0.0324 |     544 B |        2.43 |
| Mask_Email               | ShortRun   | 3              | 1           |    107.1 ns |  15.05 ns |  0.83 ns |   1.00 |    0.01 | 0.0134 |     224 B |        1.00 |
| MaskObject_MultiField    | ShortRun   | 3              | 1           | 11,055.5 ns |  26.05 ns |  1.43 ns | 103.20 |    0.69 | 0.2899 |    5056 B |       22.57 |
| MaskObject_SingleField   | ShortRun   | 3              | 1           |  4,483.8 ns | 213.78 ns | 11.72 ns |  41.85 |    0.29 | 0.0992 |    1752 B |        7.82 |
| Mask_Phone               | ShortRun   | 3              | 1           |    440.1 ns |  25.79 ns |  1.41 ns |   4.11 |    0.03 | 0.0310 |     520 B |        2.32 |

// * Hints *
Outliers
  PIIMaskerBenchmarks.MaskObject_NoAttributes: IterationCount=10, WarmupCount=3  -> 1 outlier  was  removed (2.69 μs)
  PIIMaskerBenchmarks.MaskForAudit_SingleField: IterationCount=10, WarmupCount=3 -> 1 outlier  was  removed (4.50 μs)
  PIIMaskerBenchmarks.MaskForAudit_NonGeneric: IterationCount=10, WarmupCount=3  -> 1 outlier  was  removed (4.41 μs)
  PIIMaskerBenchmarks.Mask_CreditCard: IterationCount=10, WarmupCount=3          -> 1 outlier  was  detected (516.47 ns)
  PIIMaskerBenchmarks.MaskObject_MultiField: IterationCount=10, WarmupCount=3    -> 1 outlier  was  removed (10.82 μs)
// * Config Issues *

// * Warnings *
Configuration
  Summary -> The exporter CsvExporter is already present in configuration. There may be unexpected results.
  Summary -> The exporter HtmlExporter is already present in configuration. There may be unexpected results.
  Summary -> The exporter MarkdownExporter-github is already present in configuration. There may be unexpected results.

// * Legends *
  Mean        : Arithmetic mean of all measurements
  Error       : Half of 99.9% confidence interval
  StdDev      : Standard deviation of all measurements
  Ratio       : Mean of the ratio distribution ([Current]/[Baseline])
  RatioSD     : Standard deviation of the ratio distribution ([Current]/[Baseline])
  Gen0        : GC Generation 0 collects per 1000 operations
  Allocated   : Allocated memory per single operation (managed only, inclusive, 1KB = 1024B)
  Alloc Ratio : Allocated memory ratio distribution ([Current]/[Baseline])
  1 ns        : 1 Nanosecond (0.000000001 sec)

// * Diagnostic Output - MemoryDiagnoser *


// ***** BenchmarkRunner: End *****
Run time: 00:03:08 (188.38 sec), executed benchmarks: 20

Global total time: 00:04:07 (247.46 sec), executed benchmarks: 20
// * Artifacts cleanup *
Artifacts cleanup is finished
