// Validating benchmarks:
// ***** BenchmarkRunner: Start   *****
// ***** Found 10 benchmark(s) in total *****
// ***** Building 1 exe(s) in Parallel: Start   *****
// start dotnet  restore --nodeReuse:false /p:UseSharedCompilation=false /p:Deterministic=true /p:Optimize=true /p:ArtifactsPath="/home/runner/work/Encina/Encina/tests/Encina.BenchmarkTests/Encina.Benchmarks/bin/Release/net10.0/Encina.Benchmarks-DefaultJob-1/" /p:OutDir="/home/runner/work/Encina/Encina/tests/Encina.BenchmarkTests/Encina.Benchmarks/bin/Release/net10.0/Encina.Benchmarks-DefaultJob-1/bin/Release/net10.0/" /p:OutputPath="/home/runner/work/Encina/Encina/tests/Encina.BenchmarkTests/Encina.Benchmarks/bin/Release/net10.0/Encina.Benchmarks-DefaultJob-1/bin/Release/net10.0/" /p:PublishDir="/home/runner/work/Encina/Encina/tests/Encina.BenchmarkTests/Encina.Benchmarks/bin/Release/net10.0/Encina.Benchmarks-DefaultJob-1/publish/" in /home/runner/work/Encina/Encina/tests/Encina.BenchmarkTests/Encina.Benchmarks/bin/Release/net10.0/Encina.Benchmarks-DefaultJob-1
// command took 3.84 sec and exited with 0
// start dotnet  build -c Release --no-restore --nodeReuse:false /p:UseSharedCompilation=false /p:Deterministic=true /p:Optimize=true /p:ArtifactsPath="/home/runner/work/Encina/Encina/tests/Encina.BenchmarkTests/Encina.Benchmarks/bin/Release/net10.0/Encina.Benchmarks-DefaultJob-1/" /p:OutDir="/home/runner/work/Encina/Encina/tests/Encina.BenchmarkTests/Encina.Benchmarks/bin/Release/net10.0/Encina.Benchmarks-DefaultJob-1/bin/Release/net10.0/" /p:OutputPath="/home/runner/work/Encina/Encina/tests/Encina.BenchmarkTests/Encina.Benchmarks/bin/Release/net10.0/Encina.Benchmarks-DefaultJob-1/bin/Release/net10.0/" /p:PublishDir="/home/runner/work/Encina/Encina/tests/Encina.BenchmarkTests/Encina.Benchmarks/bin/Release/net10.0/Encina.Benchmarks-DefaultJob-1/publish/" --output "/home/runner/work/Encina/Encina/tests/Encina.BenchmarkTests/Encina.Benchmarks/bin/Release/net10.0/Encina.Benchmarks-DefaultJob-1/bin/Release/net10.0/" in /home/runner/work/Encina/Encina/tests/Encina.BenchmarkTests/Encina.Benchmarks/bin/Release/net10.0/Encina.Benchmarks-DefaultJob-1
// command took 194.59 sec and exited with 0
// ***** Done, took 00:03:18 (198.58 sec)   *****
// Found 10 benchmarks:
//   ShardReplicaSelectionBenchmarks.RoundRobin.SelectReplica: DefaultJob
//   ShardReplicaSelectionBenchmarks.Random.SelectReplica: DefaultJob
//   ShardReplicaSelectionBenchmarks.LeastLatency.SelectReplica: DefaultJob
//   ShardReplicaSelectionBenchmarks.LeastConnections.SelectReplica: DefaultJob
//   ShardReplicaSelectionBenchmarks.WeightedRandom.SelectReplica: DefaultJob
//   ShardReplicaSelectionBenchmarks.RoundRobin.SelectReplica: MediumRun(IterationCount=15, LaunchCount=2, WarmupCount=10)
//   ShardReplicaSelectionBenchmarks.Random.SelectReplica: MediumRun(IterationCount=15, LaunchCount=2, WarmupCount=10)
//   ShardReplicaSelectionBenchmarks.LeastLatency.SelectReplica: MediumRun(IterationCount=15, LaunchCount=2, WarmupCount=10)
//   ShardReplicaSelectionBenchmarks.LeastConnections.SelectReplica: MediumRun(IterationCount=15, LaunchCount=2, WarmupCount=10)
//   ShardReplicaSelectionBenchmarks.WeightedRandom.SelectReplica: MediumRun(IterationCount=15, LaunchCount=2, WarmupCount=10)

// **************************
// Benchmark: ShardReplicaSelectionBenchmarks.RoundRobin.SelectReplica: DefaultJob
// *** Execute ***
// Launch: 1 / 1
// Execute: dotnet Encina.Benchmarks-DefaultJob-1.dll --anonymousPipes 228 229 --benchmarkName Encina.Benchmarks.Sharding.ShardReplicaSelectionBenchmarks.RoundRobin_SelectReplica --job Default --benchmarkId 0 in /home/runner/work/Encina/Encina/tests/Encina.BenchmarkTests/Encina.Benchmarks/bin/Release/net10.0/Encina.Benchmarks-DefaultJob-1/bin/Release/net10.0
// Failed to set up high priority (Permission denied). In order to run benchmarks with high priority, make sure you have the right permissions.
// BeforeAnythingElse

// Benchmark Process Environment Information:
// BenchmarkDotNet v0.15.8
// Runtime=.NET 10.0.7 (10.0.7, 10.0.726.21808), X64 RyuJIT x86-64-v3
// GC=Concurrent Workstation
// HardwareIntrinsics=AVX2+BMI1+BMI2+F16C+FMA+LZCNT+MOVBE,AVX,SSE3+SSSE3+SSE4.1+SSE4.2+POPCNT,X86Base+SSE+SSE2,AES+PCLMUL VectorSize=256
// Job: DefaultJob

OverheadJitting  1: 1 op, 221385.00 ns, 221.3850 us/op
WorkloadJitting  1: 1 op, 545470.00 ns, 545.4700 us/op

OverheadJitting  2: 16 op, 416279.00 ns, 26.0174 us/op
WorkloadJitting  2: 16 op, 431938.00 ns, 26.9961 us/op

WorkloadPilot    1: 16 op, 802.00 ns, 50.1250 ns/op
WorkloadPilot    2: 32 op, 871.00 ns, 27.2188 ns/op
WorkloadPilot    3: 64 op, 1212.00 ns, 18.9375 ns/op
WorkloadPilot    4: 128 op, 1793.00 ns, 14.0078 ns/op
WorkloadPilot    5: 256 op, 2855.00 ns, 11.1523 ns/op
WorkloadPilot    6: 512 op, 5140.00 ns, 10.0391 ns/op
WorkloadPilot    7: 1024 op, 9688.00 ns, 9.4609 ns/op
WorkloadPilot    8: 2048 op, 18705.00 ns, 9.1333 ns/op
WorkloadPilot    9: 4096 op, 36698.00 ns, 8.9595 ns/op
WorkloadPilot   10: 8192 op, 72686.00 ns, 8.8728 ns/op
WorkloadPilot   11: 16384 op, 144681.00 ns, 8.8306 ns/op
WorkloadPilot   12: 32768 op, 305702.00 ns, 9.3293 ns/op
WorkloadPilot   13: 65536 op, 592579.00 ns, 9.0420 ns/op
WorkloadPilot   14: 131072 op, 1168727.00 ns, 8.9167 ns/op
WorkloadPilot   15: 262144 op, 2347211.00 ns, 8.9539 ns/op
WorkloadPilot   16: 524288 op, 4668624.00 ns, 8.9047 ns/op
WorkloadPilot   17: 1048576 op, 9327030.00 ns, 8.8949 ns/op
WorkloadPilot   18: 2097152 op, 18711246.00 ns, 8.9222 ns/op
WorkloadPilot   19: 4194304 op, 37290184.00 ns, 8.8907 ns/op
WorkloadPilot   20: 8388608 op, 74432001.00 ns, 8.8730 ns/op
WorkloadPilot   21: 16777216 op, 152158776.00 ns, 9.0694 ns/op
WorkloadPilot   22: 33554432 op, 297893724.00 ns, 8.8779 ns/op
WorkloadPilot   23: 67108864 op, 596495121.00 ns, 8.8885 ns/op

OverheadWarmup   1: 67108864 op, 221875845.00 ns, 3.3062 ns/op
OverheadWarmup   2: 67108864 op, 221819130.00 ns, 3.3054 ns/op
OverheadWarmup   3: 67108864 op, 222280844.00 ns, 3.3122 ns/op
OverheadWarmup   4: 67108864 op, 221988176.00 ns, 3.3079 ns/op
OverheadWarmup   5: 67108864 op, 221835090.00 ns, 3.3056 ns/op
OverheadWarmup   6: 67108864 op, 222102857.00 ns, 3.3096 ns/op
OverheadWarmup   7: 67108864 op, 222083432.00 ns, 3.3093 ns/op

OverheadActual   1: 67108864 op, 222332197.00 ns, 3.3130 ns/op
OverheadActual   2: 67108864 op, 222244253.00 ns, 3.3117 ns/op
OverheadActual   3: 67108864 op, 222012709.00 ns, 3.3082 ns/op
OverheadActual   4: 67108864 op, 221951334.00 ns, 3.3073 ns/op
OverheadActual   5: 67108864 op, 222322980.00 ns, 3.3129 ns/op
OverheadActual   6: 67108864 op, 222039229.00 ns, 3.3086 ns/op
OverheadActual   7: 67108864 op, 221742663.00 ns, 3.3042 ns/op
OverheadActual   8: 67108864 op, 222022668.00 ns, 3.3084 ns/op
OverheadActual   9: 67108864 op, 222123316.00 ns, 3.3099 ns/op
OverheadActual  10: 67108864 op, 222180002.00 ns, 3.3107 ns/op
OverheadActual  11: 67108864 op, 221932028.00 ns, 3.3070 ns/op
OverheadActual  12: 67108864 op, 222668387.00 ns, 3.3180 ns/op
OverheadActual  13: 67108864 op, 222939614.00 ns, 3.3221 ns/op
OverheadActual  14: 67108864 op, 225295359.00 ns, 3.3572 ns/op
OverheadActual  15: 67108864 op, 222011942.00 ns, 3.3082 ns/op

WorkloadWarmup   1: 67108864 op, 596515207.00 ns, 8.8888 ns/op
WorkloadWarmup   2: 67108864 op, 595849673.00 ns, 8.8789 ns/op
WorkloadWarmup   3: 67108864 op, 596957765.00 ns, 8.8954 ns/op
WorkloadWarmup   4: 67108864 op, 596070055.00 ns, 8.8821 ns/op
WorkloadWarmup   5: 67108864 op, 598899003.00 ns, 8.9243 ns/op
WorkloadWarmup   6: 67108864 op, 605096528.00 ns, 9.0166 ns/op
WorkloadWarmup   7: 67108864 op, 602044635.00 ns, 8.9712 ns/op

// BeforeActualRun
WorkloadActual   1: 67108864 op, 595784891.00 ns, 8.8779 ns/op
WorkloadActual   2: 67108864 op, 595826760.00 ns, 8.8785 ns/op
WorkloadActual   3: 67108864 op, 596200039.00 ns, 8.8841 ns/op
WorkloadActual   4: 67108864 op, 595279726.00 ns, 8.8704 ns/op
WorkloadActual   5: 67108864 op, 596028718.00 ns, 8.8815 ns/op
WorkloadActual   6: 67108864 op, 595938188.00 ns, 8.8802 ns/op
WorkloadActual   7: 67108864 op, 596178760.00 ns, 8.8838 ns/op
WorkloadActual   8: 67108864 op, 598321941.00 ns, 8.9157 ns/op
WorkloadActual   9: 67108864 op, 595683565.00 ns, 8.8764 ns/op
WorkloadActual  10: 67108864 op, 598194342.00 ns, 8.9138 ns/op
WorkloadActual  11: 67108864 op, 596082730.00 ns, 8.8823 ns/op
WorkloadActual  12: 67108864 op, 595516578.00 ns, 8.8739 ns/op
WorkloadActual  13: 67108864 op, 596118490.00 ns, 8.8829 ns/op
WorkloadActual  14: 67108864 op, 595395418.00 ns, 8.8721 ns/op
WorkloadActual  15: 67108864 op, 596064670.00 ns, 8.8821 ns/op

// AfterActualRun
WorkloadResult   1: 67108864 op, 373661575.00 ns, 5.5680 ns/op
WorkloadResult   2: 67108864 op, 373703444.00 ns, 5.5686 ns/op
WorkloadResult   3: 67108864 op, 374076723.00 ns, 5.5742 ns/op
WorkloadResult   4: 67108864 op, 373156410.00 ns, 5.5605 ns/op
WorkloadResult   5: 67108864 op, 373905402.00 ns, 5.5716 ns/op
WorkloadResult   6: 67108864 op, 373814872.00 ns, 5.5703 ns/op
WorkloadResult   7: 67108864 op, 374055444.00 ns, 5.5739 ns/op
WorkloadResult   8: 67108864 op, 373560249.00 ns, 5.5665 ns/op
WorkloadResult   9: 67108864 op, 373959414.00 ns, 5.5724 ns/op
WorkloadResult  10: 67108864 op, 373393262.00 ns, 5.5640 ns/op
WorkloadResult  11: 67108864 op, 373995174.00 ns, 5.5730 ns/op
WorkloadResult  12: 67108864 op, 373272102.00 ns, 5.5622 ns/op
WorkloadResult  13: 67108864 op, 373941354.00 ns, 5.5722 ns/op
// GC:  0 0 0 0 67108864
// Threading:  0 0 67108864

// AfterAll
// Benchmark Process 4231 has exited with code 0.

Mean = 5.569 ns, StdErr = 0.001 ns (0.02%), N = 13, StdDev = 0.005 ns
Min = 5.560 ns, Q1 = 5.566 ns, Median = 5.570 ns, Q3 = 5.572 ns, Max = 5.574 ns
IQR = 0.006 ns, LowerFence = 5.558 ns, UpperFence = 5.581 ns
ConfidenceInterval = [5.564 ns; 5.574 ns] (CI 99.9%), Margin = 0.005 ns (0.10% of Mean)
Skewness = -0.56, Kurtosis = 1.8, MValue = 2

// ** Remained 9 (90.0 %) benchmark(s) to run. Estimated finish 2026-05-03 1:52 (0h 3m from now) **
// **************************
// Benchmark: ShardReplicaSelectionBenchmarks.Random.SelectReplica: DefaultJob
// *** Execute ***
// Launch: 1 / 1
// Execute: dotnet Encina.Benchmarks-DefaultJob-1.dll --anonymousPipes 228 229 --benchmarkName Encina.Benchmarks.Sharding.ShardReplicaSelectionBenchmarks.Random_SelectReplica --job Default --benchmarkId 1 in /home/runner/work/Encina/Encina/tests/Encina.BenchmarkTests/Encina.Benchmarks/bin/Release/net10.0/Encina.Benchmarks-DefaultJob-1/bin/Release/net10.0
// Failed to set up high priority (Permission denied). In order to run benchmarks with high priority, make sure you have the right permissions.
// BeforeAnythingElse

// Benchmark Process Environment Information:
// BenchmarkDotNet v0.15.8
// Runtime=.NET 10.0.7 (10.0.7, 10.0.726.21808), X64 RyuJIT x86-64-v3
// GC=Concurrent Workstation
// HardwareIntrinsics=AVX2+BMI1+BMI2+F16C+FMA+LZCNT+MOVBE,AVX,SSE3+SSSE3+SSE4.1+SSE4.2+POPCNT,X86Base+SSE+SSE2,AES+PCLMUL VectorSize=256
// Job: DefaultJob

OverheadJitting  1: 1 op, 219962.00 ns, 219.9620 us/op
WorkloadJitting  1: 1 op, 713034.00 ns, 713.0340 us/op

OverheadJitting  2: 16 op, 450964.00 ns, 28.1853 us/op
WorkloadJitting  2: 16 op, 406330.00 ns, 25.3956 us/op

WorkloadPilot    1: 16 op, 1483.00 ns, 92.6875 ns/op
WorkloadPilot    2: 32 op, 1633.00 ns, 51.0313 ns/op
WorkloadPilot    3: 64 op, 2153.00 ns, 33.6406 ns/op
WorkloadPilot    4: 128 op, 3186.00 ns, 24.8906 ns/op
WorkloadPilot    5: 256 op, 5310.00 ns, 20.7422 ns/op
WorkloadPilot    6: 512 op, 9679.00 ns, 18.9043 ns/op
WorkloadPilot    7: 1024 op, 18144.00 ns, 17.7188 ns/op
WorkloadPilot    8: 2048 op, 34935.00 ns, 17.0581 ns/op
WorkloadPilot    9: 4096 op, 68969.00 ns, 16.8381 ns/op
WorkloadPilot   10: 8192 op, 136646.00 ns, 16.6804 ns/op
WorkloadPilot   11: 16384 op, 287318.00 ns, 17.5365 ns/op
WorkloadPilot   12: 32768 op, 561040.00 ns, 17.1216 ns/op
WorkloadPilot   13: 65536 op, 1116119.00 ns, 17.0306 ns/op
WorkloadPilot   14: 131072 op, 2202592.00 ns, 16.8044 ns/op
WorkloadPilot   15: 262144 op, 4385797.00 ns, 16.7305 ns/op
WorkloadPilot   16: 524288 op, 8792824.00 ns, 16.7710 ns/op
WorkloadPilot   17: 1048576 op, 17510717.00 ns, 16.6995 ns/op
WorkloadPilot   18: 2097152 op, 34978556.00 ns, 16.6791 ns/op
WorkloadPilot   19: 4194304 op, 70103455.00 ns, 16.7140 ns/op
WorkloadPilot   20: 8388608 op, 140586491.00 ns, 16.7592 ns/op
WorkloadPilot   21: 16777216 op, 280362304.00 ns, 16.7109 ns/op
WorkloadPilot   22: 33554432 op, 578811423.00 ns, 17.2499 ns/op

OverheadWarmup   1: 33554432 op, 109699401.00 ns, 3.2693 ns/op
OverheadWarmup   2: 33554432 op, 109642475.00 ns, 3.2676 ns/op
OverheadWarmup   3: 33554432 op, 109593606.00 ns, 3.2661 ns/op
OverheadWarmup   4: 33554432 op, 109963497.00 ns, 3.2772 ns/op
OverheadWarmup   5: 33554432 op, 109666271.00 ns, 3.2683 ns/op
OverheadWarmup   6: 33554432 op, 109638610.00 ns, 3.2675 ns/op
OverheadWarmup   7: 33554432 op, 109652265.00 ns, 3.2679 ns/op
OverheadWarmup   8: 33554432 op, 109643779.00 ns, 3.2676 ns/op

OverheadActual   1: 33554432 op, 109645873.00 ns, 3.2677 ns/op
OverheadActual   2: 33554432 op, 109761599.00 ns, 3.2712 ns/op
OverheadActual   3: 33554432 op, 109693813.00 ns, 3.2691 ns/op
OverheadActual   4: 33554432 op, 109620325.00 ns, 3.2669 ns/op
OverheadActual   5: 33554432 op, 109878998.00 ns, 3.2746 ns/op
OverheadActual   6: 33554432 op, 109885732.00 ns, 3.2749 ns/op
OverheadActual   7: 33554432 op, 109678554.00 ns, 3.2687 ns/op
OverheadActual   8: 33554432 op, 109708600.00 ns, 3.2696 ns/op
OverheadActual   9: 33554432 op, 109598915.00 ns, 3.2663 ns/op
OverheadActual  10: 33554432 op, 109673555.00 ns, 3.2685 ns/op
OverheadActual  11: 33554432 op, 109766098.00 ns, 3.2713 ns/op
OverheadActual  12: 33554432 op, 109693071.00 ns, 3.2691 ns/op
OverheadActual  13: 33554432 op, 109604536.00 ns, 3.2665 ns/op
OverheadActual  14: 33554432 op, 109721164.00 ns, 3.2699 ns/op
OverheadActual  15: 33554432 op, 109738075.00 ns, 3.2704 ns/op

WorkloadWarmup   1: 33554432 op, 560215452.00 ns, 16.6957 ns/op
WorkloadWarmup   2: 33554432 op, 559959283.00 ns, 16.6881 ns/op
WorkloadWarmup   3: 33554432 op, 560027051.00 ns, 16.6901 ns/op
WorkloadWarmup   4: 33554432 op, 568728497.00 ns, 16.9494 ns/op
WorkloadWarmup   5: 33554432 op, 564017132.00 ns, 16.8090 ns/op
WorkloadWarmup   6: 33554432 op, 560805963.00 ns, 16.7133 ns/op
WorkloadWarmup   7: 33554432 op, 560464325.00 ns, 16.7031 ns/op
WorkloadWarmup   8: 33554432 op, 560152030.00 ns, 16.6938 ns/op
WorkloadWarmup   9: 33554432 op, 560438556.00 ns, 16.7024 ns/op
WorkloadWarmup  10: 33554432 op, 560225147.00 ns, 16.6960 ns/op

// BeforeActualRun
WorkloadActual   1: 33554432 op, 560689170.00 ns, 16.7098 ns/op
WorkloadActual   2: 33554432 op, 560540980.00 ns, 16.7054 ns/op
WorkloadActual   3: 33554432 op, 560763065.00 ns, 16.7120 ns/op
WorkloadActual   4: 33554432 op, 562152204.00 ns, 16.7534 ns/op
WorkloadActual   5: 33554432 op, 570440735.00 ns, 17.0005 ns/op
WorkloadActual   6: 33554432 op, 560528478.00 ns, 16.7051 ns/op
WorkloadActual   7: 33554432 op, 560321316.00 ns, 16.6989 ns/op
WorkloadActual   8: 33554432 op, 566698073.00 ns, 16.8889 ns/op
WorkloadActual   9: 33554432 op, 560163040.00 ns, 16.6942 ns/op
WorkloadActual  10: 33554432 op, 560503647.00 ns, 16.7043 ns/op
WorkloadActual  11: 33554432 op, 560939943.00 ns, 16.7173 ns/op
WorkloadActual  12: 33554432 op, 561111082.00 ns, 16.7224 ns/op
WorkloadActual  13: 33554432 op, 560685417.00 ns, 16.7097 ns/op
WorkloadActual  14: 33554432 op, 560231618.00 ns, 16.6962 ns/op
WorkloadActual  15: 33554432 op, 560528971.00 ns, 16.7051 ns/op

// AfterActualRun
WorkloadResult   1: 33554432 op, 450995357.00 ns, 13.4407 ns/op
WorkloadResult   2: 33554432 op, 450847167.00 ns, 13.4363 ns/op
WorkloadResult   3: 33554432 op, 451069252.00 ns, 13.4429 ns/op
WorkloadResult   4: 33554432 op, 450834665.00 ns, 13.4359 ns/op
WorkloadResult   5: 33554432 op, 450627503.00 ns, 13.4297 ns/op
WorkloadResult   6: 33554432 op, 450469227.00 ns, 13.4250 ns/op
WorkloadResult   7: 33554432 op, 450809834.00 ns, 13.4352 ns/op
WorkloadResult   8: 33554432 op, 451246130.00 ns, 13.4482 ns/op
WorkloadResult   9: 33554432 op, 451417269.00 ns, 13.4533 ns/op
WorkloadResult  10: 33554432 op, 450991604.00 ns, 13.4406 ns/op
WorkloadResult  11: 33554432 op, 450537805.00 ns, 13.4271 ns/op
WorkloadResult  12: 33554432 op, 450835158.00 ns, 13.4359 ns/op
// GC:  0 0 0 0 33554432
// Threading:  0 0 33554432

// AfterAll
// Benchmark Process 4243 has exited with code 0.

Mean = 13.438 ns, StdErr = 0.002 ns (0.02%), N = 12, StdDev = 0.008 ns
Min = 13.425 ns, Q1 = 13.434 ns, Median = 13.436 ns, Q3 = 13.441 ns, Max = 13.453 ns
IQR = 0.007 ns, LowerFence = 13.423 ns, UpperFence = 13.452 ns
ConfidenceInterval = [13.427 ns; 13.448 ns] (CI 99.9%), Margin = 0.011 ns (0.08% of Mean)
Skewness = 0.24, Kurtosis = 2.08, MValue = 2

// ** Remained 8 (80.0 %) benchmark(s) to run. Estimated finish 2026-05-03 1:51 (0h 2m from now) **
// **************************
// Benchmark: ShardReplicaSelectionBenchmarks.LeastLatency.SelectReplica: DefaultJob
// *** Execute ***
// Launch: 1 / 1
// Execute: dotnet Encina.Benchmarks-DefaultJob-1.dll --anonymousPipes 228 229 --benchmarkName Encina.Benchmarks.Sharding.ShardReplicaSelectionBenchmarks.LeastLatency_SelectReplica --job Default --benchmarkId 2 in /home/runner/work/Encina/Encina/tests/Encina.BenchmarkTests/Encina.Benchmarks/bin/Release/net10.0/Encina.Benchmarks-DefaultJob-1/bin/Release/net10.0
// Failed to set up high priority (Permission denied). In order to run benchmarks with high priority, make sure you have the right permissions.
// BeforeAnythingElse

// Benchmark Process Environment Information:
// BenchmarkDotNet v0.15.8
// Runtime=.NET 10.0.7 (10.0.7, 10.0.726.21808), X64 RyuJIT x86-64-v3
// GC=Concurrent Workstation
// HardwareIntrinsics=AVX2+BMI1+BMI2+F16C+FMA+LZCNT+MOVBE,AVX,SSE3+SSSE3+SSE4.1+SSE4.2+POPCNT,X86Base+SSE+SSE2,AES+PCLMUL VectorSize=256
// Job: DefaultJob

OverheadJitting  1: 1 op, 247502.00 ns, 247.5020 us/op
WorkloadJitting  1: 1 op, 1196665.00 ns, 1.1967 ms/op

OverheadJitting  2: 16 op, 420566.00 ns, 26.2854 us/op
WorkloadJitting  2: 16 op, 413162.00 ns, 25.8226 us/op

WorkloadPilot    1: 16 op, 3106.00 ns, 194.1250 ns/op
WorkloadPilot    2: 32 op, 4709.00 ns, 147.1563 ns/op
WorkloadPilot    3: 64 op, 8245.00 ns, 128.8281 ns/op
WorkloadPilot    4: 128 op, 14797.00 ns, 115.6016 ns/op
WorkloadPilot    5: 256 op, 28413.00 ns, 110.9883 ns/op
WorkloadPilot    6: 512 op, 55293.00 ns, 107.9941 ns/op
WorkloadPilot    7: 1024 op, 108894.00 ns, 106.3418 ns/op
WorkloadPilot    8: 2048 op, 218098.00 ns, 106.4932 ns/op
WorkloadPilot    9: 4096 op, 432168.00 ns, 105.5098 ns/op
WorkloadPilot   10: 8192 op, 881927.00 ns, 107.6571 ns/op
WorkloadPilot   11: 16384 op, 1765238.00 ns, 107.7416 ns/op
WorkloadPilot   12: 32768 op, 3500109.00 ns, 106.8148 ns/op
WorkloadPilot   13: 65536 op, 6989909.00 ns, 106.6575 ns/op
WorkloadPilot   14: 131072 op, 13963697.00 ns, 106.5346 ns/op
WorkloadPilot   15: 262144 op, 27852065.00 ns, 106.2472 ns/op
WorkloadPilot   16: 524288 op, 55738323.00 ns, 106.3124 ns/op
WorkloadPilot   17: 1048576 op, 111731610.00 ns, 106.5556 ns/op
WorkloadPilot   18: 2097152 op, 222845352.00 ns, 106.2609 ns/op
WorkloadPilot   19: 4194304 op, 446059974.00 ns, 106.3490 ns/op
WorkloadPilot   20: 8388608 op, 896602272.00 ns, 106.8833 ns/op

OverheadWarmup   1: 8388608 op, 27436589.00 ns, 3.2707 ns/op
OverheadWarmup   2: 8388608 op, 27399449.00 ns, 3.2663 ns/op
OverheadWarmup   3: 8388608 op, 27403126.00 ns, 3.2667 ns/op
OverheadWarmup   4: 8388608 op, 27416060.00 ns, 3.2682 ns/op
OverheadWarmup   5: 8388608 op, 27411482.00 ns, 3.2677 ns/op
OverheadWarmup   6: 8388608 op, 27647533.00 ns, 3.2958 ns/op
OverheadWarmup   7: 8388608 op, 27416501.00 ns, 3.2683 ns/op

OverheadActual   1: 8388608 op, 27434555.00 ns, 3.2705 ns/op
OverheadActual   2: 8388608 op, 27437640.00 ns, 3.2708 ns/op
OverheadActual   3: 8388608 op, 27432040.00 ns, 3.2702 ns/op
OverheadActual   4: 8388608 op, 27548528.00 ns, 3.2840 ns/op
OverheadActual   5: 8388608 op, 27411832.00 ns, 3.2677 ns/op
OverheadActual   6: 8388608 op, 27421049.00 ns, 3.2688 ns/op
OverheadActual   7: 8388608 op, 27400341.00 ns, 3.2664 ns/op
OverheadActual   8: 8388608 op, 27402535.00 ns, 3.2666 ns/op
OverheadActual   9: 8388608 op, 27425217.00 ns, 3.2693 ns/op
OverheadActual  10: 8388608 op, 27431209.00 ns, 3.2701 ns/op
OverheadActual  11: 8388608 op, 27461145.00 ns, 3.2736 ns/op
OverheadActual  12: 8388608 op, 27409719.00 ns, 3.2675 ns/op
OverheadActual  13: 8388608 op, 27408776.00 ns, 3.2674 ns/op
OverheadActual  14: 8388608 op, 27403056.00 ns, 3.2667 ns/op
OverheadActual  15: 8388608 op, 27391134.00 ns, 3.2653 ns/op

WorkloadWarmup   1: 8388608 op, 892005554.00 ns, 106.3353 ns/op
WorkloadWarmup   2: 8388608 op, 946426756.00 ns, 112.8229 ns/op
WorkloadWarmup   3: 8388608 op, 891001391.00 ns, 106.2156 ns/op
WorkloadWarmup   4: 8388608 op, 891190468.00 ns, 106.2382 ns/op
WorkloadWarmup   5: 8388608 op, 891022492.00 ns, 106.2182 ns/op
WorkloadWarmup   6: 8388608 op, 891800700.00 ns, 106.3109 ns/op

// BeforeActualRun
WorkloadActual   1: 8388608 op, 890961204.00 ns, 106.2109 ns/op
WorkloadActual   2: 8388608 op, 892900514.00 ns, 106.4420 ns/op
WorkloadActual   3: 8388608 op, 890756832.00 ns, 106.1865 ns/op
WorkloadActual   4: 8388608 op, 891614572.00 ns, 106.2887 ns/op
WorkloadActual   5: 8388608 op, 891707941.00 ns, 106.2999 ns/op
WorkloadActual   6: 8388608 op, 893893637.00 ns, 106.5604 ns/op
WorkloadActual   7: 8388608 op, 891325215.00 ns, 106.2542 ns/op
WorkloadActual   8: 8388608 op, 892084188.00 ns, 106.3447 ns/op
WorkloadActual   9: 8388608 op, 891649066.00 ns, 106.2929 ns/op
WorkloadActual  10: 8388608 op, 891693268.00 ns, 106.2981 ns/op
WorkloadActual  11: 8388608 op, 892140313.00 ns, 106.3514 ns/op
WorkloadActual  12: 8388608 op, 891763440.00 ns, 106.3065 ns/op
WorkloadActual  13: 8388608 op, 891779195.00 ns, 106.3084 ns/op
WorkloadActual  14: 8388608 op, 891363338.00 ns, 106.2588 ns/op
WorkloadActual  15: 8388608 op, 892630885.00 ns, 106.4099 ns/op

// AfterActualRun
WorkloadResult   1: 8388608 op, 863540155.00 ns, 102.9420 ns/op
WorkloadResult   2: 8388608 op, 865479465.00 ns, 103.1732 ns/op
WorkloadResult   3: 8388608 op, 863335783.00 ns, 102.9176 ns/op
WorkloadResult   4: 8388608 op, 864193523.00 ns, 103.0199 ns/op
WorkloadResult   5: 8388608 op, 864286892.00 ns, 103.0310 ns/op
WorkloadResult   6: 8388608 op, 863904166.00 ns, 102.9854 ns/op
WorkloadResult   7: 8388608 op, 864663139.00 ns, 103.0759 ns/op
WorkloadResult   8: 8388608 op, 864228017.00 ns, 103.0240 ns/op
WorkloadResult   9: 8388608 op, 864272219.00 ns, 103.0293 ns/op
WorkloadResult  10: 8388608 op, 864719264.00 ns, 103.0826 ns/op
WorkloadResult  11: 8388608 op, 864342391.00 ns, 103.0376 ns/op
WorkloadResult  12: 8388608 op, 864358146.00 ns, 103.0395 ns/op
WorkloadResult  13: 8388608 op, 863942289.00 ns, 102.9899 ns/op
WorkloadResult  14: 8388608 op, 865209836.00 ns, 103.1410 ns/op
// GC:  0 0 0 0 8388608
// Threading:  0 0 8388608

// AfterAll
// Benchmark Process 4252 has exited with code 0.

Mean = 103.035 ns, StdErr = 0.018 ns (0.02%), N = 14, StdDev = 0.069 ns
Min = 102.918 ns, Q1 = 102.997 ns, Median = 103.030 ns, Q3 = 103.067 ns, Max = 103.173 ns
IQR = 0.069 ns, LowerFence = 102.893 ns, UpperFence = 103.171 ns
ConfidenceInterval = [102.957 ns; 103.113 ns] (CI 99.9%), Margin = 0.078 ns (0.08% of Mean)
Skewness = 0.3, Kurtosis = 2.46, MValue = 2

// ** Remained 7 (70.0 %) benchmark(s) to run. Estimated finish 2026-05-03 1:52 (0h 2m from now) **
// **************************
// Benchmark: ShardReplicaSelectionBenchmarks.LeastConnections.SelectReplica: DefaultJob
// *** Execute ***
// Launch: 1 / 1
// Execute: dotnet Encina.Benchmarks-DefaultJob-1.dll --anonymousPipes 228 229 --benchmarkName Encina.Benchmarks.Sharding.ShardReplicaSelectionBenchmarks.LeastConnections_SelectReplica --job Default --benchmarkId 3 in /home/runner/work/Encina/Encina/tests/Encina.BenchmarkTests/Encina.Benchmarks/bin/Release/net10.0/Encina.Benchmarks-DefaultJob-1/bin/Release/net10.0
// Failed to set up high priority (Permission denied). In order to run benchmarks with high priority, make sure you have the right permissions.
// BeforeAnythingElse

// Benchmark Process Environment Information:
// BenchmarkDotNet v0.15.8
// Runtime=.NET 10.0.7 (10.0.7, 10.0.726.21808), X64 RyuJIT x86-64-v3
// GC=Concurrent Workstation
// HardwareIntrinsics=AVX2+BMI1+BMI2+F16C+FMA+LZCNT+MOVBE,AVX,SSE3+SSSE3+SSE4.1+SSE4.2+POPCNT,X86Base+SSE+SSE2,AES+PCLMUL VectorSize=256
// Job: DefaultJob

OverheadJitting  1: 1 op, 228507.00 ns, 228.5070 us/op
WorkloadJitting  1: 1 op, 1409384.00 ns, 1.4094 ms/op

OverheadJitting  2: 16 op, 442266.00 ns, 27.6416 us/op
WorkloadJitting  2: 16 op, 534949.00 ns, 33.4343 us/op

WorkloadPilot    1: 16 op, 3356.00 ns, 209.7500 ns/op
WorkloadPilot    2: 32 op, 4599.00 ns, 143.7188 ns/op
WorkloadPilot    3: 64 op, 7875.00 ns, 123.0469 ns/op
WorkloadPilot    4: 128 op, 14246.00 ns, 111.2969 ns/op
WorkloadPilot    5: 256 op, 27301.00 ns, 106.6445 ns/op
WorkloadPilot    6: 512 op, 53189.00 ns, 103.8848 ns/op
WorkloadPilot    7: 1024 op, 104596.00 ns, 102.1445 ns/op
WorkloadPilot    8: 2048 op, 208620.00 ns, 101.8652 ns/op
WorkloadPilot    9: 4096 op, 415778.00 ns, 101.5083 ns/op
WorkloadPilot   10: 8192 op, 856280.00 ns, 104.5264 ns/op
WorkloadPilot   11: 16384 op, 1699105.00 ns, 103.7051 ns/op
WorkloadPilot   12: 32768 op, 3360712.00 ns, 102.5608 ns/op
WorkloadPilot   13: 65536 op, 6682200.00 ns, 101.9623 ns/op
WorkloadPilot   14: 131072 op, 13362005.00 ns, 101.9440 ns/op
WorkloadPilot   15: 262144 op, 26685378.00 ns, 101.7966 ns/op
WorkloadPilot   16: 524288 op, 53393397.00 ns, 101.8398 ns/op
WorkloadPilot   17: 1048576 op, 106901009.00 ns, 101.9487 ns/op
WorkloadPilot   18: 2097152 op, 213795155.00 ns, 101.9455 ns/op
WorkloadPilot   19: 4194304 op, 426914864.00 ns, 101.7844 ns/op
WorkloadPilot   20: 8388608 op, 852880287.00 ns, 101.6713 ns/op

OverheadWarmup   1: 8388608 op, 27589921.00 ns, 3.2890 ns/op
OverheadWarmup   2: 8388608 op, 27489393.00 ns, 3.2770 ns/op
OverheadWarmup   3: 8388608 op, 27444879.00 ns, 3.2717 ns/op
OverheadWarmup   4: 8388608 op, 27431124.00 ns, 3.2700 ns/op
OverheadWarmup   5: 8388608 op, 27392431.00 ns, 3.2654 ns/op
OverheadWarmup   6: 8388608 op, 27408852.00 ns, 3.2674 ns/op
OverheadWarmup   7: 8388608 op, 27395558.00 ns, 3.2658 ns/op
OverheadWarmup   8: 8388608 op, 27494341.00 ns, 3.2776 ns/op
OverheadWarmup   9: 8388608 op, 27398062.00 ns, 3.2661 ns/op

OverheadActual   1: 8388608 op, 27418380.00 ns, 3.2685 ns/op
OverheadActual   2: 8388608 op, 27416496.00 ns, 3.2683 ns/op
OverheadActual   3: 8388608 op, 27403272.00 ns, 3.2667 ns/op
OverheadActual   4: 8388608 op, 27491757.00 ns, 3.2773 ns/op
OverheadActual   5: 8388608 op, 27403201.00 ns, 3.2667 ns/op
OverheadActual   6: 8388608 op, 27392010.00 ns, 3.2654 ns/op
OverheadActual   7: 8388608 op, 27395156.00 ns, 3.2658 ns/op
OverheadActual   8: 8388608 op, 27393162.00 ns, 3.2655 ns/op
OverheadActual   9: 8388608 op, 27559984.00 ns, 3.2854 ns/op
OverheadActual  10: 8388608 op, 27439900.00 ns, 3.2711 ns/op
OverheadActual  11: 8388608 op, 27382393.00 ns, 3.2642 ns/op
OverheadActual  12: 8388608 op, 27390347.00 ns, 3.2652 ns/op
OverheadActual  13: 8388608 op, 27395316.00 ns, 3.2658 ns/op
OverheadActual  14: 8388608 op, 27387552.00 ns, 3.2649 ns/op
OverheadActual  15: 8388608 op, 27390137.00 ns, 3.2652 ns/op

WorkloadWarmup   1: 8388608 op, 866482195.00 ns, 103.2927 ns/op
WorkloadWarmup   2: 8388608 op, 862890404.00 ns, 102.8646 ns/op
WorkloadWarmup   3: 8388608 op, 854073737.00 ns, 101.8135 ns/op
WorkloadWarmup   4: 8388608 op, 853230311.00 ns, 101.7130 ns/op
WorkloadWarmup   5: 8388608 op, 853270957.00 ns, 101.7178 ns/op
WorkloadWarmup   6: 8388608 op, 852383057.00 ns, 101.6120 ns/op
WorkloadWarmup   7: 8388608 op, 852864787.00 ns, 101.6694 ns/op
WorkloadWarmup   8: 8388608 op, 865847975.00 ns, 103.2171 ns/op
WorkloadWarmup   9: 8388608 op, 857205230.00 ns, 102.1868 ns/op

// BeforeActualRun
WorkloadActual   1: 8388608 op, 855749786.00 ns, 102.0133 ns/op
WorkloadActual   2: 8388608 op, 855495079.00 ns, 101.9830 ns/op
WorkloadActual   3: 8388608 op, 853235210.00 ns, 101.7136 ns/op
WorkloadActual   4: 8388608 op, 853169229.00 ns, 101.7057 ns/op
WorkloadActual   5: 8388608 op, 855189748.00 ns, 101.9466 ns/op
WorkloadActual   6: 8388608 op, 855057762.00 ns, 101.9308 ns/op
WorkloadActual   7: 8388608 op, 854405113.00 ns, 101.8530 ns/op
WorkloadActual   8: 8388608 op, 853677092.00 ns, 101.7662 ns/op
WorkloadActual   9: 8388608 op, 853668552.00 ns, 101.7652 ns/op
WorkloadActual  10: 8388608 op, 854151175.00 ns, 101.8228 ns/op
WorkloadActual  11: 8388608 op, 853514324.00 ns, 101.7468 ns/op
WorkloadActual  12: 8388608 op, 854741158.00 ns, 101.8931 ns/op
WorkloadActual  13: 8388608 op, 853883926.00 ns, 101.7909 ns/op
WorkloadActual  14: 8388608 op, 853217158.00 ns, 101.7114 ns/op
WorkloadActual  15: 8388608 op, 853712936.00 ns, 101.7705 ns/op

// AfterActualRun
WorkloadResult   1: 8388608 op, 828354470.00 ns, 98.7475 ns/op
WorkloadResult   2: 8388608 op, 828099763.00 ns, 98.7172 ns/op
WorkloadResult   3: 8388608 op, 825839894.00 ns, 98.4478 ns/op
WorkloadResult   4: 8388608 op, 825773913.00 ns, 98.4399 ns/op
WorkloadResult   5: 8388608 op, 827794432.00 ns, 98.6808 ns/op
WorkloadResult   6: 8388608 op, 827662446.00 ns, 98.6651 ns/op
WorkloadResult   7: 8388608 op, 827009797.00 ns, 98.5873 ns/op
WorkloadResult   8: 8388608 op, 826281776.00 ns, 98.5005 ns/op
WorkloadResult   9: 8388608 op, 826273236.00 ns, 98.4994 ns/op
WorkloadResult  10: 8388608 op, 826755859.00 ns, 98.5570 ns/op
WorkloadResult  11: 8388608 op, 826119008.00 ns, 98.4811 ns/op
WorkloadResult  12: 8388608 op, 827345842.00 ns, 98.6273 ns/op
WorkloadResult  13: 8388608 op, 826488610.00 ns, 98.5251 ns/op
WorkloadResult  14: 8388608 op, 825821842.00 ns, 98.4456 ns/op
WorkloadResult  15: 8388608 op, 826317620.00 ns, 98.5047 ns/op
// GC:  0 0 0 0 8388608
// Threading:  0 0 8388608

// AfterAll
// Benchmark Process 4266 has exited with code 0.

Mean = 98.562 ns, StdErr = 0.027 ns (0.03%), N = 15, StdDev = 0.103 ns
Min = 98.440 ns, Q1 = 98.490 ns, Median = 98.525 ns, Q3 = 98.646 ns, Max = 98.748 ns
IQR = 0.156 ns, LowerFence = 98.256 ns, UpperFence = 98.880 ns
ConfidenceInterval = [98.452 ns; 98.672 ns] (CI 99.9%), Margin = 0.110 ns (0.11% of Mean)
Skewness = 0.44, Kurtosis = 1.64, MValue = 2

// ** Remained 6 (60.0 %) benchmark(s) to run. Estimated finish 2026-05-03 1:52 (0h 2m from now) **
// **************************
// Benchmark: ShardReplicaSelectionBenchmarks.WeightedRandom.SelectReplica: DefaultJob
// *** Execute ***
// Launch: 1 / 1
// Execute: dotnet Encina.Benchmarks-DefaultJob-1.dll --anonymousPipes 228 229 --benchmarkName Encina.Benchmarks.Sharding.ShardReplicaSelectionBenchmarks.WeightedRandom_SelectReplica --job Default --benchmarkId 4 in /home/runner/work/Encina/Encina/tests/Encina.BenchmarkTests/Encina.Benchmarks/bin/Release/net10.0/Encina.Benchmarks-DefaultJob-1/bin/Release/net10.0
// Failed to set up high priority (Permission denied). In order to run benchmarks with high priority, make sure you have the right permissions.
// BeforeAnythingElse

// Benchmark Process Environment Information:
// BenchmarkDotNet v0.15.8
// Runtime=.NET 10.0.7 (10.0.7, 10.0.726.21808), X64 RyuJIT x86-64-v3
// GC=Concurrent Workstation
// HardwareIntrinsics=AVX2+BMI1+BMI2+F16C+FMA+LZCNT+MOVBE,AVX,SSE3+SSSE3+SSE4.1+SSE4.2+POPCNT,X86Base+SSE+SSE2,AES+PCLMUL VectorSize=256
// Job: DefaultJob

OverheadJitting  1: 1 op, 224470.00 ns, 224.4700 us/op
WorkloadJitting  1: 1 op, 1147826.00 ns, 1.1478 ms/op

OverheadJitting  2: 16 op, 416920.00 ns, 26.0575 us/op
WorkloadJitting  2: 16 op, 449711.00 ns, 28.1069 us/op

WorkloadPilot    1: 16 op, 2575.00 ns, 160.9375 ns/op
WorkloadPilot    2: 32 op, 3517.00 ns, 109.9063 ns/op
WorkloadPilot    3: 64 op, 5581.00 ns, 87.2031 ns/op
WorkloadPilot    4: 128 op, 10089.00 ns, 78.8203 ns/op
WorkloadPilot    5: 256 op, 19145.00 ns, 74.7852 ns/op
WorkloadPilot    6: 512 op, 35787.00 ns, 69.8965 ns/op
WorkloadPilot    7: 1024 op, 70502.00 ns, 68.8496 ns/op
WorkloadPilot    8: 2048 op, 139601.00 ns, 68.1646 ns/op
WorkloadPilot    9: 4096 op, 279964.00 ns, 68.3506 ns/op
WorkloadPilot   10: 8192 op, 571889.00 ns, 69.8107 ns/op
WorkloadPilot   11: 16384 op, 1126276.00 ns, 68.7424 ns/op
WorkloadPilot   12: 32768 op, 2240880.00 ns, 68.3862 ns/op
WorkloadPilot   13: 65536 op, 4486058.00 ns, 68.4518 ns/op
WorkloadPilot   14: 131072 op, 9017761.00 ns, 68.8001 ns/op
WorkloadPilot   15: 262144 op, 17901763.00 ns, 68.2898 ns/op
WorkloadPilot   16: 524288 op, 35722815.00 ns, 68.1359 ns/op
WorkloadPilot   17: 1048576 op, 71616168.00 ns, 68.2985 ns/op
WorkloadPilot   18: 2097152 op, 142295174.00 ns, 67.8516 ns/op
WorkloadPilot   19: 4194304 op, 286429832.00 ns, 68.2902 ns/op
WorkloadPilot   20: 8388608 op, 568957221.00 ns, 67.8250 ns/op

OverheadWarmup   1: 8388608 op, 27720634.00 ns, 3.3046 ns/op
OverheadWarmup   2: 8388608 op, 27647437.00 ns, 3.2958 ns/op
OverheadWarmup   3: 8388608 op, 27408199.00 ns, 3.2673 ns/op
OverheadWarmup   4: 8388608 op, 27406857.00 ns, 3.2672 ns/op
OverheadWarmup   5: 8388608 op, 27435040.00 ns, 3.2705 ns/op
OverheadWarmup   6: 8388608 op, 27427365.00 ns, 3.2696 ns/op
OverheadWarmup   7: 8388608 op, 27423027.00 ns, 3.2691 ns/op
OverheadWarmup   8: 8388608 op, 27552639.00 ns, 3.2845 ns/op
OverheadWarmup   9: 8388608 op, 27403520.00 ns, 3.2668 ns/op

OverheadActual   1: 8388608 op, 27446721.00 ns, 3.2719 ns/op
OverheadActual   2: 8388608 op, 27414902.00 ns, 3.2681 ns/op
OverheadActual   3: 8388608 op, 27458313.00 ns, 3.2733 ns/op
OverheadActual   4: 8388608 op, 27430070.00 ns, 3.2699 ns/op
OverheadActual   5: 8388608 op, 27447733.00 ns, 3.2720 ns/op
OverheadActual   6: 8388608 op, 27432154.00 ns, 3.2702 ns/op
OverheadActual   7: 8388608 op, 27728208.00 ns, 3.3055 ns/op
OverheadActual   8: 8388608 op, 27456429.00 ns, 3.2731 ns/op
OverheadActual   9: 8388608 op, 27445088.00 ns, 3.2717 ns/op
OverheadActual  10: 8388608 op, 27535828.00 ns, 3.2825 ns/op
OverheadActual  11: 8388608 op, 27425611.00 ns, 3.2694 ns/op
OverheadActual  12: 8388608 op, 27444387.00 ns, 3.2716 ns/op
OverheadActual  13: 8388608 op, 27393060.00 ns, 3.2655 ns/op
OverheadActual  14: 8388608 op, 27436432.00 ns, 3.2707 ns/op
OverheadActual  15: 8388608 op, 27515800.00 ns, 3.2801 ns/op

WorkloadWarmup   1: 8388608 op, 569183002.00 ns, 67.8519 ns/op
WorkloadWarmup   2: 8388608 op, 568647551.00 ns, 67.7881 ns/op
WorkloadWarmup   3: 8388608 op, 568806529.00 ns, 67.8070 ns/op
WorkloadWarmup   4: 8388608 op, 570758598.00 ns, 68.0397 ns/op
WorkloadWarmup   5: 8388608 op, 569876041.00 ns, 67.9345 ns/op
WorkloadWarmup   6: 8388608 op, 569093869.00 ns, 67.8413 ns/op
WorkloadWarmup   7: 8388608 op, 569262834.00 ns, 67.8614 ns/op
WorkloadWarmup   8: 8388608 op, 568803863.00 ns, 67.8067 ns/op

// BeforeActualRun
WorkloadActual   1: 8388608 op, 579545932.00 ns, 69.0873 ns/op
WorkloadActual   2: 8388608 op, 569722515.00 ns, 67.9162 ns/op
WorkloadActual   3: 8388608 op, 569306460.00 ns, 67.8666 ns/op
WorkloadActual   4: 8388608 op, 569347515.00 ns, 67.8715 ns/op
WorkloadActual   5: 8388608 op, 568893151.00 ns, 67.8173 ns/op
WorkloadActual   6: 8388608 op, 569100294.00 ns, 67.8420 ns/op
WorkloadActual   7: 8388608 op, 568914281.00 ns, 67.8199 ns/op
WorkloadActual   8: 8388608 op, 569066740.00 ns, 67.8380 ns/op
WorkloadActual   9: 8388608 op, 568547397.00 ns, 67.7761 ns/op
WorkloadActual  10: 8388608 op, 568856532.00 ns, 67.8130 ns/op
WorkloadActual  11: 8388608 op, 568716197.00 ns, 67.7963 ns/op
WorkloadActual  12: 8388608 op, 571258886.00 ns, 68.0994 ns/op
WorkloadActual  13: 8388608 op, 570085280.00 ns, 67.9595 ns/op
WorkloadActual  14: 8388608 op, 570826314.00 ns, 68.0478 ns/op
WorkloadActual  15: 8388608 op, 569718034.00 ns, 67.9157 ns/op

// AfterActualRun
WorkloadResult   1: 8388608 op, 542277427.00 ns, 64.6445 ns/op
WorkloadResult   2: 8388608 op, 541861372.00 ns, 64.5949 ns/op
WorkloadResult   3: 8388608 op, 541902427.00 ns, 64.5998 ns/op
WorkloadResult   4: 8388608 op, 541448063.00 ns, 64.5456 ns/op
WorkloadResult   5: 8388608 op, 541655206.00 ns, 64.5703 ns/op
WorkloadResult   6: 8388608 op, 541469193.00 ns, 64.5482 ns/op
WorkloadResult   7: 8388608 op, 541621652.00 ns, 64.5663 ns/op
WorkloadResult   8: 8388608 op, 541102309.00 ns, 64.5044 ns/op
WorkloadResult   9: 8388608 op, 541411444.00 ns, 64.5413 ns/op
WorkloadResult  10: 8388608 op, 541271109.00 ns, 64.5245 ns/op
WorkloadResult  11: 8388608 op, 543813798.00 ns, 64.8277 ns/op
WorkloadResult  12: 8388608 op, 542640192.00 ns, 64.6878 ns/op
WorkloadResult  13: 8388608 op, 543381226.00 ns, 64.7761 ns/op
WorkloadResult  14: 8388608 op, 542272946.00 ns, 64.6440 ns/op
// GC:  0 0 0 0 8388608
// Threading:  0 0 8388608

// AfterAll
// Benchmark Process 4280 has exited with code 0.

Mean = 64.613 ns, StdErr = 0.025 ns (0.04%), N = 14, StdDev = 0.095 ns
Min = 64.504 ns, Q1 = 64.546 ns, Median = 64.583 ns, Q3 = 64.644 ns, Max = 64.828 ns
IQR = 0.098 ns, LowerFence = 64.399 ns, UpperFence = 64.792 ns
ConfidenceInterval = [64.505 ns; 64.720 ns] (CI 99.9%), Margin = 0.108 ns (0.17% of Mean)
Skewness = 0.97, Kurtosis = 2.73, MValue = 2

// ** Remained 5 (50.0 %) benchmark(s) to run. Estimated finish 2026-05-03 1:52 (0h 1m from now) **
// **************************
// Benchmark: ShardReplicaSelectionBenchmarks.RoundRobin.SelectReplica: MediumRun(IterationCount=15, LaunchCount=2, WarmupCount=10)
// *** Execute ***
// Launch: 1 / 2
// Execute: dotnet Encina.Benchmarks-DefaultJob-1.dll --anonymousPipes 228 229 --benchmarkName Encina.Benchmarks.Sharding.ShardReplicaSelectionBenchmarks.RoundRobin_SelectReplica --job MediumRun --benchmarkId 5 in /home/runner/work/Encina/Encina/tests/Encina.BenchmarkTests/Encina.Benchmarks/bin/Release/net10.0/Encina.Benchmarks-DefaultJob-1/bin/Release/net10.0
// Failed to set up high priority (Permission denied). In order to run benchmarks with high priority, make sure you have the right permissions.
// BeforeAnythingElse

// Benchmark Process Environment Information:
// BenchmarkDotNet v0.15.8
// Runtime=.NET 10.0.7 (10.0.7, 10.0.726.21808), X64 RyuJIT x86-64-v3
// GC=Concurrent Workstation
// HardwareIntrinsics=AVX2+BMI1+BMI2+F16C+FMA+LZCNT+MOVBE,AVX,SSE3+SSSE3+SSE4.1+SSE4.2+POPCNT,X86Base+SSE+SSE2,AES+PCLMUL VectorSize=256
// Job: MediumRun(IterationCount=15, LaunchCount=2, WarmupCount=10)

OverheadJitting  1: 1 op, 252562.00 ns, 252.5620 us/op
WorkloadJitting  1: 1 op, 598740.00 ns, 598.7400 us/op

OverheadJitting  2: 16 op, 431196.00 ns, 26.9498 us/op
WorkloadJitting  2: 16 op, 442488.00 ns, 27.6555 us/op

WorkloadPilot    1: 16 op, 801.00 ns, 50.0625 ns/op
WorkloadPilot    2: 32 op, 922.00 ns, 28.8125 ns/op
WorkloadPilot    3: 64 op, 1232.00 ns, 19.2500 ns/op
WorkloadPilot    4: 128 op, 1853.00 ns, 14.4766 ns/op
WorkloadPilot    5: 256 op, 3086.00 ns, 12.0547 ns/op
WorkloadPilot    6: 512 op, 5540.00 ns, 10.8203 ns/op
WorkloadPilot    7: 1024 op, 10479.00 ns, 10.2334 ns/op
WorkloadPilot    8: 2048 op, 19496.00 ns, 9.5195 ns/op
WorkloadPilot    9: 4096 op, 38141.00 ns, 9.3118 ns/op
WorkloadPilot   10: 8192 op, 92252.00 ns, 11.2612 ns/op
WorkloadPilot   11: 16384 op, 150411.00 ns, 9.1804 ns/op
WorkloadPilot   12: 32768 op, 299991.00 ns, 9.1550 ns/op
WorkloadPilot   13: 65536 op, 599301.00 ns, 9.1446 ns/op
WorkloadPilot   14: 131072 op, 1216467.00 ns, 9.2809 ns/op
WorkloadPilot   15: 262144 op, 2425709.00 ns, 9.2533 ns/op
WorkloadPilot   16: 524288 op, 4847020.00 ns, 9.2450 ns/op
WorkloadPilot   17: 1048576 op, 9753312.00 ns, 9.3015 ns/op
WorkloadPilot   18: 2097152 op, 19400403.00 ns, 9.2508 ns/op
WorkloadPilot   19: 4194304 op, 38731487.00 ns, 9.2343 ns/op
WorkloadPilot   20: 8388608 op, 77397852.00 ns, 9.2265 ns/op
WorkloadPilot   21: 16777216 op, 154798478.00 ns, 9.2267 ns/op
WorkloadPilot   22: 33554432 op, 309618578.00 ns, 9.2274 ns/op
WorkloadPilot   23: 67108864 op, 619639119.00 ns, 9.2333 ns/op

OverheadWarmup   1: 67108864 op, 219364859.00 ns, 3.2688 ns/op
OverheadWarmup   2: 67108864 op, 219227848.00 ns, 3.2667 ns/op
OverheadWarmup   3: 67108864 op, 219506638.00 ns, 3.2709 ns/op
OverheadWarmup   4: 67108864 op, 219323891.00 ns, 3.2682 ns/op
OverheadWarmup   5: 67108864 op, 219139180.00 ns, 3.2654 ns/op
OverheadWarmup   6: 67108864 op, 219255141.00 ns, 3.2672 ns/op
OverheadWarmup   7: 67108864 op, 219223320.00 ns, 3.2667 ns/op

OverheadActual   1: 67108864 op, 219595595.00 ns, 3.2722 ns/op
OverheadActual   2: 67108864 op, 221178296.00 ns, 3.2958 ns/op
OverheadActual   3: 67108864 op, 219426243.00 ns, 3.2697 ns/op
OverheadActual   4: 67108864 op, 219254561.00 ns, 3.2671 ns/op
OverheadActual   5: 67108864 op, 219756654.00 ns, 3.2746 ns/op
OverheadActual   6: 67108864 op, 219747034.00 ns, 3.2745 ns/op
OverheadActual   7: 67108864 op, 219015884.00 ns, 3.2636 ns/op
OverheadActual   8: 67108864 op, 219363946.00 ns, 3.2688 ns/op
OverheadActual   9: 67108864 op, 219656354.00 ns, 3.2731 ns/op
OverheadActual  10: 67108864 op, 219573258.00 ns, 3.2719 ns/op
OverheadActual  11: 67108864 op, 219283896.00 ns, 3.2676 ns/op
OverheadActual  12: 67108864 op, 219761211.00 ns, 3.2747 ns/op
OverheadActual  13: 67108864 op, 219115781.00 ns, 3.2651 ns/op
OverheadActual  14: 67108864 op, 219491034.00 ns, 3.2707 ns/op
OverheadActual  15: 67108864 op, 219456430.00 ns, 3.2702 ns/op

WorkloadWarmup   1: 67108864 op, 618788589.00 ns, 9.2207 ns/op
WorkloadWarmup   2: 67108864 op, 619036602.00 ns, 9.2244 ns/op
WorkloadWarmup   3: 67108864 op, 619121923.00 ns, 9.2256 ns/op
WorkloadWarmup   4: 67108864 op, 635302474.00 ns, 9.4667 ns/op
WorkloadWarmup   5: 67108864 op, 622271783.00 ns, 9.2726 ns/op
WorkloadWarmup   6: 67108864 op, 619803043.00 ns, 9.2358 ns/op
WorkloadWarmup   7: 67108864 op, 621519325.00 ns, 9.2614 ns/op
WorkloadWarmup   8: 67108864 op, 620003718.00 ns, 9.2388 ns/op
WorkloadWarmup   9: 67108864 op, 619205665.00 ns, 9.2269 ns/op
WorkloadWarmup  10: 67108864 op, 620629690.00 ns, 9.2481 ns/op

// BeforeActualRun
WorkloadActual   1: 67108864 op, 620061356.00 ns, 9.2396 ns/op
WorkloadActual   2: 67108864 op, 619539299.00 ns, 9.2319 ns/op
WorkloadActual   3: 67108864 op, 620049043.00 ns, 9.2395 ns/op
WorkloadActual   4: 67108864 op, 619923038.00 ns, 9.2376 ns/op
WorkloadActual   5: 67108864 op, 620469589.00 ns, 9.2457 ns/op
WorkloadActual   6: 67108864 op, 620250530.00 ns, 9.2425 ns/op
WorkloadActual   7: 67108864 op, 619608719.00 ns, 9.2329 ns/op
WorkloadActual   8: 67108864 op, 621277829.00 ns, 9.2578 ns/op
WorkloadActual   9: 67108864 op, 619501160.00 ns, 9.2313 ns/op
WorkloadActual  10: 67108864 op, 619450385.00 ns, 9.2305 ns/op
WorkloadActual  11: 67108864 op, 620057933.00 ns, 9.2396 ns/op
WorkloadActual  12: 67108864 op, 619496151.00 ns, 9.2312 ns/op
WorkloadActual  13: 67108864 op, 619888114.00 ns, 9.2371 ns/op
WorkloadActual  14: 67108864 op, 619246473.00 ns, 9.2275 ns/op
WorkloadActual  15: 67108864 op, 619094008.00 ns, 9.2252 ns/op

// AfterActualRun
WorkloadResult   1: 67108864 op, 400570322.00 ns, 5.9690 ns/op
WorkloadResult   2: 67108864 op, 400048265.00 ns, 5.9612 ns/op
WorkloadResult   3: 67108864 op, 400558009.00 ns, 5.9688 ns/op
WorkloadResult   4: 67108864 op, 400432004.00 ns, 5.9669 ns/op
WorkloadResult   5: 67108864 op, 400978555.00 ns, 5.9750 ns/op
WorkloadResult   6: 67108864 op, 400759496.00 ns, 5.9718 ns/op
WorkloadResult   7: 67108864 op, 400117685.00 ns, 5.9622 ns/op
WorkloadResult   8: 67108864 op, 400010126.00 ns, 5.9606 ns/op
WorkloadResult   9: 67108864 op, 399959351.00 ns, 5.9599 ns/op
WorkloadResult  10: 67108864 op, 400566899.00 ns, 5.9689 ns/op
WorkloadResult  11: 67108864 op, 400005117.00 ns, 5.9605 ns/op
WorkloadResult  12: 67108864 op, 400397080.00 ns, 5.9664 ns/op
WorkloadResult  13: 67108864 op, 399755439.00 ns, 5.9568 ns/op
WorkloadResult  14: 67108864 op, 399602974.00 ns, 5.9545 ns/op
// GC:  0 0 0 0 67108864
// Threading:  0 0 67108864

// AfterAll
// Benchmark Process 4294 has exited with code 0.
// Launch: 2 / 2
// Execute: dotnet Encina.Benchmarks-DefaultJob-1.dll --anonymousPipes 228 229 --benchmarkName Encina.Benchmarks.Sharding.ShardReplicaSelectionBenchmarks.RoundRobin_SelectReplica --job MediumRun --benchmarkId 5 in /home/runner/work/Encina/Encina/tests/Encina.BenchmarkTests/Encina.Benchmarks/bin/Release/net10.0/Encina.Benchmarks-DefaultJob-1/bin/Release/net10.0
// Failed to set up high priority (Permission denied). In order to run benchmarks with high priority, make sure you have the right permissions.
// BeforeAnythingElse

// Benchmark Process Environment Information:
// BenchmarkDotNet v0.15.8
// Runtime=.NET 10.0.7 (10.0.7, 10.0.726.21808), X64 RyuJIT x86-64-v3
// GC=Concurrent Workstation
// HardwareIntrinsics=AVX2+BMI1+BMI2+F16C+FMA+LZCNT+MOVBE,AVX,SSE3+SSSE3+SSE4.1+SSE4.2+POPCNT,X86Base+SSE+SSE2,AES+PCLMUL VectorSize=256
// Job: MediumRun(IterationCount=15, LaunchCount=2, WarmupCount=10)

OverheadJitting  1: 1 op, 228698.00 ns, 228.6980 us/op
WorkloadJitting  1: 1 op, 622526.00 ns, 622.5260 us/op

OverheadJitting  2: 16 op, 456124.00 ns, 28.5078 us/op
WorkloadJitting  2: 16 op, 462295.00 ns, 28.8934 us/op

WorkloadPilot    1: 16 op, 1443.00 ns, 90.1875 ns/op
WorkloadPilot    2: 32 op, 1343.00 ns, 41.9688 ns/op
WorkloadPilot    3: 64 op, 1252.00 ns, 19.5625 ns/op
WorkloadPilot    4: 128 op, 1803.00 ns, 14.0859 ns/op
WorkloadPilot    5: 256 op, 3056.00 ns, 11.9375 ns/op
WorkloadPilot    6: 512 op, 5420.00 ns, 10.5859 ns/op
WorkloadPilot    7: 1024 op, 10349.00 ns, 10.1064 ns/op
WorkloadPilot    8: 2048 op, 19997.00 ns, 9.7642 ns/op
WorkloadPilot    9: 4096 op, 38232.00 ns, 9.3340 ns/op
WorkloadPilot   10: 8192 op, 104937.00 ns, 12.8097 ns/op
WorkloadPilot   11: 16384 op, 150311.00 ns, 9.1743 ns/op
WorkloadPilot   12: 32768 op, 300002.00 ns, 9.1553 ns/op
WorkloadPilot   13: 65536 op, 599282.00 ns, 9.1443 ns/op
WorkloadPilot   14: 131072 op, 1227608.00 ns, 9.3659 ns/op
WorkloadPilot   15: 262144 op, 2441351.00 ns, 9.3130 ns/op
WorkloadPilot   16: 524288 op, 4892600.00 ns, 9.3319 ns/op
WorkloadPilot   17: 1048576 op, 9718747.00 ns, 9.2685 ns/op
WorkloadPilot   18: 2097152 op, 19325063.00 ns, 9.2149 ns/op
WorkloadPilot   19: 4194304 op, 38751636.00 ns, 9.2391 ns/op
WorkloadPilot   20: 8388608 op, 77412883.00 ns, 9.2283 ns/op
WorkloadPilot   21: 16777216 op, 154806842.00 ns, 9.2272 ns/op
WorkloadPilot   22: 33554432 op, 310161088.00 ns, 9.2435 ns/op
WorkloadPilot   23: 67108864 op, 618929580.00 ns, 9.2228 ns/op

OverheadWarmup   1: 67108864 op, 219732976.00 ns, 3.2743 ns/op
OverheadWarmup   2: 67108864 op, 219427905.00 ns, 3.2697 ns/op
OverheadWarmup   3: 67108864 op, 219384733.00 ns, 3.2691 ns/op
OverheadWarmup   4: 67108864 op, 219183627.00 ns, 3.2661 ns/op
OverheadWarmup   5: 67108864 op, 220407278.00 ns, 3.2843 ns/op
OverheadWarmup   6: 67108864 op, 219380996.00 ns, 3.2690 ns/op
OverheadWarmup   7: 67108864 op, 219173377.00 ns, 3.2659 ns/op
OverheadWarmup   8: 67108864 op, 219318960.00 ns, 3.2681 ns/op
OverheadWarmup   9: 67108864 op, 219208263.00 ns, 3.2665 ns/op

OverheadActual   1: 67108864 op, 220801358.00 ns, 3.2902 ns/op
OverheadActual   2: 67108864 op, 219503284.00 ns, 3.2709 ns/op
OverheadActual   3: 67108864 op, 219248177.00 ns, 3.2671 ns/op
OverheadActual   4: 67108864 op, 219587611.00 ns, 3.2721 ns/op
OverheadActual   5: 67108864 op, 219663503.00 ns, 3.2732 ns/op
OverheadActual   6: 67108864 op, 219653535.00 ns, 3.2731 ns/op
OverheadActual   7: 67108864 op, 219898602.00 ns, 3.2767 ns/op
OverheadActual   8: 67108864 op, 219272723.00 ns, 3.2674 ns/op
OverheadActual   9: 67108864 op, 219199426.00 ns, 3.2663 ns/op
OverheadActual  10: 67108864 op, 219665036.00 ns, 3.2733 ns/op
OverheadActual  11: 67108864 op, 219396224.00 ns, 3.2693 ns/op
OverheadActual  12: 67108864 op, 220247464.00 ns, 3.2819 ns/op
OverheadActual  13: 67108864 op, 219457746.00 ns, 3.2702 ns/op
OverheadActual  14: 67108864 op, 219660945.00 ns, 3.2732 ns/op
OverheadActual  15: 67108864 op, 219727007.00 ns, 3.2742 ns/op

WorkloadWarmup   1: 67108864 op, 625506661.00 ns, 9.3208 ns/op
WorkloadWarmup   2: 67108864 op, 619651863.00 ns, 9.2335 ns/op
WorkloadWarmup   3: 67108864 op, 619842581.00 ns, 9.2364 ns/op
WorkloadWarmup   4: 67108864 op, 619720854.00 ns, 9.2346 ns/op
WorkloadWarmup   5: 67108864 op, 619608223.00 ns, 9.2329 ns/op
WorkloadWarmup   6: 67108864 op, 619440111.00 ns, 9.2304 ns/op
WorkloadWarmup   7: 67108864 op, 620237948.00 ns, 9.2423 ns/op
WorkloadWarmup   8: 67108864 op, 619918420.00 ns, 9.2375 ns/op
WorkloadWarmup   9: 67108864 op, 619346921.00 ns, 9.2290 ns/op
WorkloadWarmup  10: 67108864 op, 620690985.00 ns, 9.2490 ns/op

// BeforeActualRun
WorkloadActual   1: 67108864 op, 619020353.00 ns, 9.2241 ns/op
WorkloadActual   2: 67108864 op, 618473458.00 ns, 9.2160 ns/op
WorkloadActual   3: 67108864 op, 619581430.00 ns, 9.2325 ns/op
WorkloadActual   4: 67108864 op, 629206936.00 ns, 9.3759 ns/op
WorkloadActual   5: 67108864 op, 619200794.00 ns, 9.2268 ns/op
WorkloadActual   6: 67108864 op, 618954549.00 ns, 9.2231 ns/op
WorkloadActual   7: 67108864 op, 618866384.00 ns, 9.2218 ns/op
WorkloadActual   8: 67108864 op, 619553931.00 ns, 9.2321 ns/op
WorkloadActual   9: 67108864 op, 620066709.00 ns, 9.2397 ns/op
WorkloadActual  10: 67108864 op, 635129703.00 ns, 9.4642 ns/op
WorkloadActual  11: 67108864 op, 621059562.00 ns, 9.2545 ns/op
WorkloadActual  12: 67108864 op, 619445668.00 ns, 9.2305 ns/op
WorkloadActual  13: 67108864 op, 619804468.00 ns, 9.2358 ns/op
WorkloadActual  14: 67108864 op, 619415257.00 ns, 9.2300 ns/op
WorkloadActual  15: 67108864 op, 619383152.00 ns, 9.2295 ns/op

// AfterActualRun
WorkloadResult   1: 67108864 op, 399366818.00 ns, 5.9510 ns/op
WorkloadResult   2: 67108864 op, 398819923.00 ns, 5.9429 ns/op
WorkloadResult   3: 67108864 op, 399927895.00 ns, 5.9594 ns/op
WorkloadResult   4: 67108864 op, 399547259.00 ns, 5.9537 ns/op
WorkloadResult   5: 67108864 op, 399301014.00 ns, 5.9500 ns/op
WorkloadResult   6: 67108864 op, 399212849.00 ns, 5.9487 ns/op
WorkloadResult   7: 67108864 op, 399900396.00 ns, 5.9590 ns/op
WorkloadResult   8: 67108864 op, 400413174.00 ns, 5.9666 ns/op
WorkloadResult   9: 67108864 op, 401406027.00 ns, 5.9814 ns/op
WorkloadResult  10: 67108864 op, 399792133.00 ns, 5.9574 ns/op
WorkloadResult  11: 67108864 op, 400150933.00 ns, 5.9627 ns/op
WorkloadResult  12: 67108864 op, 399761722.00 ns, 5.9569 ns/op
WorkloadResult  13: 67108864 op, 399729617.00 ns, 5.9564 ns/op
// GC:  0 0 0 0 67108864
// Threading:  0 0 67108864

// AfterAll
// Benchmark Process 4304 has exited with code 0.

Mean = 5.961 ns, StdErr = 0.002 ns (0.03%), N = 27, StdDev = 0.009 ns
Min = 5.943 ns, Q1 = 5.957 ns, Median = 5.961 ns, Q3 = 5.967 ns, Max = 5.981 ns
IQR = 0.010 ns, LowerFence = 5.941 ns, UpperFence = 5.982 ns
ConfidenceInterval = [5.955 ns; 5.967 ns] (CI 99.9%), Margin = 0.006 ns (0.10% of Mean)
Skewness = 0.19, Kurtosis = 2.82, MValue = 2

// ** Remained 4 (40.0 %) benchmark(s) to run. Estimated finish 2026-05-03 1:52 (0h 1m from now) **
// **************************
// Benchmark: ShardReplicaSelectionBenchmarks.Random.SelectReplica: MediumRun(IterationCount=15, LaunchCount=2, WarmupCount=10)
// *** Execute ***
// Launch: 1 / 2
// Execute: dotnet Encina.Benchmarks-DefaultJob-1.dll --anonymousPipes 228 229 --benchmarkName Encina.Benchmarks.Sharding.ShardReplicaSelectionBenchmarks.Random_SelectReplica --job MediumRun --benchmarkId 6 in /home/runner/work/Encina/Encina/tests/Encina.BenchmarkTests/Encina.Benchmarks/bin/Release/net10.0/Encina.Benchmarks-DefaultJob-1/bin/Release/net10.0
// Failed to set up high priority (Permission denied). In order to run benchmarks with high priority, make sure you have the right permissions.
// BeforeAnythingElse

// Benchmark Process Environment Information:
// BenchmarkDotNet v0.15.8
// Runtime=.NET 10.0.7 (10.0.7, 10.0.726.21808), X64 RyuJIT x86-64-v3
// GC=Concurrent Workstation
// HardwareIntrinsics=AVX2+BMI1+BMI2+F16C+FMA+LZCNT+MOVBE,AVX,SSE3+SSSE3+SSE4.1+SSE4.2+POPCNT,X86Base+SSE+SSE2,AES+PCLMUL VectorSize=256
// Job: MediumRun(IterationCount=15, LaunchCount=2, WarmupCount=10)

OverheadJitting  1: 1 op, 254346.00 ns, 254.3460 us/op
WorkloadJitting  1: 1 op, 723384.00 ns, 723.3840 us/op

OverheadJitting  2: 16 op, 417892.00 ns, 26.1183 us/op
WorkloadJitting  2: 16 op, 435545.00 ns, 27.2216 us/op

WorkloadPilot    1: 16 op, 1502.00 ns, 93.8750 ns/op
WorkloadPilot    2: 32 op, 1643.00 ns, 51.3438 ns/op
WorkloadPilot    3: 64 op, 2164.00 ns, 33.8125 ns/op
WorkloadPilot    4: 128 op, 3297.00 ns, 25.7578 ns/op
WorkloadPilot    5: 256 op, 5530.00 ns, 21.6016 ns/op
WorkloadPilot    6: 512 op, 9869.00 ns, 19.2754 ns/op
WorkloadPilot    7: 1024 op, 18735.00 ns, 18.2959 ns/op
WorkloadPilot    8: 2048 op, 36188.00 ns, 17.6699 ns/op
WorkloadPilot    9: 4096 op, 71303.00 ns, 17.4080 ns/op
WorkloadPilot   10: 8192 op, 142176.00 ns, 17.3555 ns/op
WorkloadPilot   11: 16384 op, 299961.00 ns, 18.3082 ns/op
WorkloadPilot   12: 32768 op, 580816.00 ns, 17.7251 ns/op
WorkloadPilot   13: 65536 op, 1141515.00 ns, 17.4181 ns/op
WorkloadPilot   14: 131072 op, 2273614.00 ns, 17.3463 ns/op
WorkloadPilot   15: 262144 op, 4553699.00 ns, 17.3710 ns/op
WorkloadPilot   16: 524288 op, 9118659.00 ns, 17.3925 ns/op
WorkloadPilot   17: 1048576 op, 18118145.00 ns, 17.2788 ns/op
WorkloadPilot   18: 2097152 op, 36189062.00 ns, 17.2563 ns/op
WorkloadPilot   19: 4194304 op, 72520540.00 ns, 17.2902 ns/op
WorkloadPilot   20: 8388608 op, 145202392.00 ns, 17.3095 ns/op
WorkloadPilot   21: 16777216 op, 300467390.00 ns, 17.9093 ns/op
WorkloadPilot   22: 33554432 op, 580296079.00 ns, 17.2942 ns/op

OverheadWarmup   1: 33554432 op, 110919256.00 ns, 3.3057 ns/op
OverheadWarmup   2: 33554432 op, 111254583.00 ns, 3.3156 ns/op
OverheadWarmup   3: 33554432 op, 111085076.00 ns, 3.3106 ns/op
OverheadWarmup   4: 33554432 op, 111048568.00 ns, 3.3095 ns/op
OverheadWarmup   5: 33554432 op, 110863171.00 ns, 3.3040 ns/op
OverheadWarmup   6: 33554432 op, 110903697.00 ns, 3.3052 ns/op
OverheadWarmup   7: 33554432 op, 111448316.00 ns, 3.3214 ns/op
OverheadWarmup   8: 33554432 op, 110871236.00 ns, 3.3042 ns/op

OverheadActual   1: 33554432 op, 110991762.00 ns, 3.3078 ns/op
OverheadActual   2: 33554432 op, 110990810.00 ns, 3.3078 ns/op
OverheadActual   3: 33554432 op, 111344081.00 ns, 3.3183 ns/op
OverheadActual   4: 33554432 op, 111192577.00 ns, 3.3138 ns/op
OverheadActual   5: 33554432 op, 111112728.00 ns, 3.3114 ns/op
OverheadActual   6: 33554432 op, 110869984.00 ns, 3.3042 ns/op
OverheadActual   7: 33554432 op, 111006750.00 ns, 3.3083 ns/op
OverheadActual   8: 33554432 op, 111096218.00 ns, 3.3109 ns/op
OverheadActual   9: 33554432 op, 110927311.00 ns, 3.3059 ns/op
OverheadActual  10: 33554432 op, 110866738.00 ns, 3.3041 ns/op
OverheadActual  11: 33554432 op, 110958278.00 ns, 3.3068 ns/op
OverheadActual  12: 33554432 op, 111130102.00 ns, 3.3119 ns/op
OverheadActual  13: 33554432 op, 111044111.00 ns, 3.3094 ns/op
OverheadActual  14: 33554432 op, 111026919.00 ns, 3.3089 ns/op
OverheadActual  15: 33554432 op, 110881367.00 ns, 3.3045 ns/op

WorkloadWarmup   1: 33554432 op, 580262954.00 ns, 17.2932 ns/op
WorkloadWarmup   2: 33554432 op, 580288933.00 ns, 17.2940 ns/op
WorkloadWarmup   3: 33554432 op, 580313800.00 ns, 17.2947 ns/op
WorkloadWarmup   4: 33554432 op, 580080714.00 ns, 17.2878 ns/op
WorkloadWarmup   5: 33554432 op, 580253447.00 ns, 17.2929 ns/op
WorkloadWarmup   6: 33554432 op, 579715611.00 ns, 17.2769 ns/op
WorkloadWarmup   7: 33554432 op, 580144313.00 ns, 17.2896 ns/op
WorkloadWarmup   8: 33554432 op, 580063311.00 ns, 17.2872 ns/op
WorkloadWarmup   9: 33554432 op, 579820197.00 ns, 17.2800 ns/op
WorkloadWarmup  10: 33554432 op, 581504347.00 ns, 17.3302 ns/op

// BeforeActualRun
WorkloadActual   1: 33554432 op, 590896123.00 ns, 17.6101 ns/op
WorkloadActual   2: 33554432 op, 580579026.00 ns, 17.3026 ns/op
WorkloadActual   3: 33554432 op, 580042432.00 ns, 17.2866 ns/op
WorkloadActual   4: 33554432 op, 580919237.00 ns, 17.3127 ns/op
WorkloadActual   5: 33554432 op, 580268328.00 ns, 17.2933 ns/op
WorkloadActual   6: 33554432 op, 580199039.00 ns, 17.2913 ns/op
WorkloadActual   7: 33554432 op, 581243944.00 ns, 17.3224 ns/op
WorkloadActual   8: 33554432 op, 589386136.00 ns, 17.5651 ns/op
WorkloadActual   9: 33554432 op, 591911680.00 ns, 17.6403 ns/op
WorkloadActual  10: 33554432 op, 581984919.00 ns, 17.3445 ns/op
WorkloadActual  11: 33554432 op, 580210041.00 ns, 17.2916 ns/op
WorkloadActual  12: 33554432 op, 580159385.00 ns, 17.2901 ns/op
WorkloadActual  13: 33554432 op, 579922889.00 ns, 17.2830 ns/op
WorkloadActual  14: 33554432 op, 583357666.00 ns, 17.3854 ns/op
WorkloadActual  15: 33554432 op, 580201622.00 ns, 17.2914 ns/op

// AfterActualRun
WorkloadResult   1: 33554432 op, 469572276.00 ns, 13.9943 ns/op
WorkloadResult   2: 33554432 op, 469035682.00 ns, 13.9784 ns/op
WorkloadResult   3: 33554432 op, 469912487.00 ns, 14.0045 ns/op
WorkloadResult   4: 33554432 op, 469261578.00 ns, 13.9851 ns/op
WorkloadResult   5: 33554432 op, 469192289.00 ns, 13.9830 ns/op
WorkloadResult   6: 33554432 op, 470237194.00 ns, 14.0142 ns/op
WorkloadResult   7: 33554432 op, 470978169.00 ns, 14.0362 ns/op
WorkloadResult   8: 33554432 op, 469203291.00 ns, 13.9833 ns/op
WorkloadResult   9: 33554432 op, 469152635.00 ns, 13.9818 ns/op
WorkloadResult  10: 33554432 op, 468916139.00 ns, 13.9748 ns/op
WorkloadResult  11: 33554432 op, 472350916.00 ns, 14.0772 ns/op
WorkloadResult  12: 33554432 op, 469194872.00 ns, 13.9831 ns/op
// GC:  0 0 0 0 33554432
// Threading:  0 0 33554432

// AfterAll
// Benchmark Process 4320 has exited with code 0.
// Launch: 2 / 2
// Execute: dotnet Encina.Benchmarks-DefaultJob-1.dll --anonymousPipes 228 229 --benchmarkName Encina.Benchmarks.Sharding.ShardReplicaSelectionBenchmarks.Random_SelectReplica --job MediumRun --benchmarkId 6 in /home/runner/work/Encina/Encina/tests/Encina.BenchmarkTests/Encina.Benchmarks/bin/Release/net10.0/Encina.Benchmarks-DefaultJob-1/bin/Release/net10.0
// Failed to set up high priority (Permission denied). In order to run benchmarks with high priority, make sure you have the right permissions.
// BeforeAnythingElse

// Benchmark Process Environment Information:
// BenchmarkDotNet v0.15.8
// Runtime=.NET 10.0.7 (10.0.7, 10.0.726.21808), X64 RyuJIT x86-64-v3
// GC=Concurrent Workstation
// HardwareIntrinsics=AVX2+BMI1+BMI2+F16C+FMA+LZCNT+MOVBE,AVX,SSE3+SSSE3+SSE4.1+SSE4.2+POPCNT,X86Base+SSE+SSE2,AES+PCLMUL VectorSize=256
// Job: MediumRun(IterationCount=15, LaunchCount=2, WarmupCount=10)

OverheadJitting  1: 1 op, 239298.00 ns, 239.2980 us/op
WorkloadJitting  1: 1 op, 750654.00 ns, 750.6540 us/op

OverheadJitting  2: 16 op, 419214.00 ns, 26.2009 us/op
WorkloadJitting  2: 16 op, 409176.00 ns, 25.5735 us/op

WorkloadPilot    1: 16 op, 1503.00 ns, 93.9375 ns/op
WorkloadPilot    2: 32 op, 1623.00 ns, 50.7188 ns/op
WorkloadPilot    3: 64 op, 2224.00 ns, 34.7500 ns/op
WorkloadPilot    4: 128 op, 3356.00 ns, 26.2188 ns/op
WorkloadPilot    5: 256 op, 5491.00 ns, 21.4492 ns/op
WorkloadPilot    6: 512 op, 9928.00 ns, 19.3906 ns/op
WorkloadPilot    7: 1024 op, 21931.00 ns, 21.4170 ns/op
WorkloadPilot    8: 2048 op, 36217.00 ns, 17.6841 ns/op
WorkloadPilot    9: 4096 op, 87844.00 ns, 21.4463 ns/op
WorkloadPilot   10: 8192 op, 141354.00 ns, 17.2551 ns/op
WorkloadPilot   11: 16384 op, 281517.00 ns, 17.1824 ns/op
WorkloadPilot   12: 32768 op, 561781.00 ns, 17.1442 ns/op
WorkloadPilot   13: 65536 op, 1138830.00 ns, 17.3772 ns/op
WorkloadPilot   14: 131072 op, 2281278.00 ns, 17.4048 ns/op
WorkloadPilot   15: 262144 op, 4560802.00 ns, 17.3981 ns/op
WorkloadPilot   16: 524288 op, 9115503.00 ns, 17.3864 ns/op
WorkloadPilot   17: 1048576 op, 18116531.00 ns, 17.2773 ns/op
WorkloadPilot   18: 2097152 op, 36892047.00 ns, 17.5915 ns/op
WorkloadPilot   19: 4194304 op, 72514668.00 ns, 17.2888 ns/op
WorkloadPilot   20: 8388608 op, 145473018.00 ns, 17.3417 ns/op
WorkloadPilot   21: 16777216 op, 291751151.00 ns, 17.3897 ns/op
WorkloadPilot   22: 33554432 op, 580936794.00 ns, 17.3133 ns/op

OverheadWarmup   1: 33554432 op, 111489596.00 ns, 3.3226 ns/op
OverheadWarmup   2: 33554432 op, 111201006.00 ns, 3.3140 ns/op
OverheadWarmup   3: 33554432 op, 110981906.00 ns, 3.3075 ns/op
OverheadWarmup   4: 33554432 op, 110899142.00 ns, 3.3051 ns/op
OverheadWarmup   5: 33554432 op, 110964073.00 ns, 3.3070 ns/op
OverheadWarmup   6: 33554432 op, 111069038.00 ns, 3.3101 ns/op
OverheadWarmup   7: 33554432 op, 111065603.00 ns, 3.3100 ns/op
OverheadWarmup   8: 33554432 op, 110935339.00 ns, 3.3061 ns/op
OverheadWarmup   9: 33554432 op, 110960827.00 ns, 3.3069 ns/op
OverheadWarmup  10: 33554432 op, 111326682.00 ns, 3.3178 ns/op

OverheadActual   1: 33554432 op, 111133680.00 ns, 3.3120 ns/op
OverheadActual   2: 33554432 op, 111179376.00 ns, 3.3134 ns/op
OverheadActual   3: 33554432 op, 110980714.00 ns, 3.3075 ns/op
OverheadActual   4: 33554432 op, 110985623.00 ns, 3.3076 ns/op
OverheadActual   5: 33554432 op, 110992927.00 ns, 3.3078 ns/op
OverheadActual   6: 33554432 op, 110972639.00 ns, 3.3072 ns/op
OverheadActual   7: 33554432 op, 110942122.00 ns, 3.3063 ns/op
OverheadActual   8: 33554432 op, 111027983.00 ns, 3.3089 ns/op
OverheadActual   9: 33554432 op, 111240571.00 ns, 3.3152 ns/op
OverheadActual  10: 33554432 op, 111318246.00 ns, 3.3175 ns/op
OverheadActual  11: 33554432 op, 110943756.00 ns, 3.3064 ns/op
OverheadActual  12: 33554432 op, 111329667.00 ns, 3.3179 ns/op
OverheadActual  13: 33554432 op, 110969453.00 ns, 3.3071 ns/op
OverheadActual  14: 33554432 op, 111228267.00 ns, 3.3149 ns/op
OverheadActual  15: 33554432 op, 111033563.00 ns, 3.3091 ns/op

WorkloadWarmup   1: 33554432 op, 582412524.00 ns, 17.3572 ns/op
WorkloadWarmup   2: 33554432 op, 580517310.00 ns, 17.3008 ns/op
WorkloadWarmup   3: 33554432 op, 581168487.00 ns, 17.3202 ns/op
WorkloadWarmup   4: 33554432 op, 581400581.00 ns, 17.3271 ns/op
WorkloadWarmup   5: 33554432 op, 580198894.00 ns, 17.2913 ns/op
WorkloadWarmup   6: 33554432 op, 581143131.00 ns, 17.3194 ns/op
WorkloadWarmup   7: 33554432 op, 580657612.00 ns, 17.3049 ns/op
WorkloadWarmup   8: 33554432 op, 589618301.00 ns, 17.5720 ns/op
WorkloadWarmup   9: 33554432 op, 580218333.00 ns, 17.2919 ns/op
WorkloadWarmup  10: 33554432 op, 580808989.00 ns, 17.3095 ns/op

// BeforeActualRun
WorkloadActual   1: 33554432 op, 580940875.00 ns, 17.3134 ns/op
WorkloadActual   2: 33554432 op, 580766900.00 ns, 17.3082 ns/op
WorkloadActual   3: 33554432 op, 580400845.00 ns, 17.2973 ns/op
WorkloadActual   4: 33554432 op, 579951645.00 ns, 17.2839 ns/op
WorkloadActual   5: 33554432 op, 580570974.00 ns, 17.3024 ns/op
WorkloadActual   6: 33554432 op, 580442212.00 ns, 17.2985 ns/op
WorkloadActual   7: 33554432 op, 581604297.00 ns, 17.3332 ns/op
WorkloadActual   8: 33554432 op, 580807658.00 ns, 17.3094 ns/op
WorkloadActual   9: 33554432 op, 580325320.00 ns, 17.2950 ns/op
WorkloadActual  10: 33554432 op, 581068500.00 ns, 17.3172 ns/op
WorkloadActual  11: 33554432 op, 580697365.00 ns, 17.3061 ns/op
WorkloadActual  12: 33554432 op, 581118131.00 ns, 17.3187 ns/op
WorkloadActual  13: 33554432 op, 581107151.00 ns, 17.3183 ns/op
WorkloadActual  14: 33554432 op, 580212286.00 ns, 17.2917 ns/op
WorkloadActual  15: 33554432 op, 580447136.00 ns, 17.2987 ns/op

// AfterActualRun
WorkloadResult   1: 33554432 op, 469912892.00 ns, 14.0045 ns/op
WorkloadResult   2: 33554432 op, 469738917.00 ns, 13.9993 ns/op
WorkloadResult   3: 33554432 op, 469372862.00 ns, 13.9884 ns/op
WorkloadResult   4: 33554432 op, 468923662.00 ns, 13.9750 ns/op
WorkloadResult   5: 33554432 op, 469542991.00 ns, 13.9935 ns/op
WorkloadResult   6: 33554432 op, 469414229.00 ns, 13.9896 ns/op
WorkloadResult   7: 33554432 op, 470576314.00 ns, 14.0243 ns/op
WorkloadResult   8: 33554432 op, 469779675.00 ns, 14.0005 ns/op
WorkloadResult   9: 33554432 op, 469297337.00 ns, 13.9862 ns/op
WorkloadResult  10: 33554432 op, 470040517.00 ns, 14.0083 ns/op
WorkloadResult  11: 33554432 op, 469669382.00 ns, 13.9972 ns/op
WorkloadResult  12: 33554432 op, 470090148.00 ns, 14.0098 ns/op
WorkloadResult  13: 33554432 op, 470079168.00 ns, 14.0095 ns/op
WorkloadResult  14: 33554432 op, 469184303.00 ns, 13.9828 ns/op
WorkloadResult  15: 33554432 op, 469419153.00 ns, 13.9898 ns/op
// GC:  0 0 0 0 33554432
// Threading:  0 0 33554432

// AfterAll
// Benchmark Process 4330 has exited with code 0.

Mean = 13.998 ns, StdErr = 0.004 ns (0.03%), N = 27, StdDev = 0.022 ns
Min = 13.975 ns, Q1 = 13.983 ns, Median = 13.993 ns, Q3 = 14.006 ns, Max = 14.077 ns
IQR = 0.023 ns, LowerFence = 13.948 ns, UpperFence = 14.041 ns
ConfidenceInterval = [13.983 ns; 14.014 ns] (CI 99.9%), Margin = 0.016 ns (0.11% of Mean)
Skewness = 1.84, Kurtosis = 6.99, MValue = 2

// ** Remained 3 (30.0 %) benchmark(s) to run. Estimated finish 2026-05-03 1:53 (0h 1m from now) **
// **************************
// Benchmark: ShardReplicaSelectionBenchmarks.LeastLatency.SelectReplica: MediumRun(IterationCount=15, LaunchCount=2, WarmupCount=10)
// *** Execute ***
// Launch: 1 / 2
// Execute: dotnet Encina.Benchmarks-DefaultJob-1.dll --anonymousPipes 228 229 --benchmarkName Encina.Benchmarks.Sharding.ShardReplicaSelectionBenchmarks.LeastLatency_SelectReplica --job MediumRun --benchmarkId 7 in /home/runner/work/Encina/Encina/tests/Encina.BenchmarkTests/Encina.Benchmarks/bin/Release/net10.0/Encina.Benchmarks-DefaultJob-1/bin/Release/net10.0
// Failed to set up high priority (Permission denied). In order to run benchmarks with high priority, make sure you have the right permissions.
// BeforeAnythingElse

// Benchmark Process Environment Information:
// BenchmarkDotNet v0.15.8
// Runtime=.NET 10.0.7 (10.0.7, 10.0.726.21808), X64 RyuJIT x86-64-v3
// GC=Concurrent Workstation
// HardwareIntrinsics=AVX2+BMI1+BMI2+F16C+FMA+LZCNT+MOVBE,AVX,SSE3+SSSE3+SSE4.1+SSE4.2+POPCNT,X86Base+SSE+SSE2,AES+PCLMUL VectorSize=256
// Job: MediumRun(IterationCount=15, LaunchCount=2, WarmupCount=10)

OverheadJitting  1: 1 op, 258453.00 ns, 258.4530 us/op
WorkloadJitting  1: 1 op, 1327713.00 ns, 1.3277 ms/op

OverheadJitting  2: 16 op, 417892.00 ns, 26.1183 us/op
WorkloadJitting  2: 16 op, 486691.00 ns, 30.4182 us/op

WorkloadPilot    1: 16 op, 5560.00 ns, 347.5000 ns/op
WorkloadPilot    2: 32 op, 8015.00 ns, 250.4688 ns/op
WorkloadPilot    3: 64 op, 8305.00 ns, 129.7656 ns/op
WorkloadPilot    4: 128 op, 14999.00 ns, 117.1797 ns/op
WorkloadPilot    5: 256 op, 28353.00 ns, 110.7539 ns/op
WorkloadPilot    6: 512 op, 55253.00 ns, 107.9160 ns/op
WorkloadPilot    7: 1024 op, 109705.00 ns, 107.1338 ns/op
WorkloadPilot    8: 2048 op, 217337.00 ns, 106.1216 ns/op
WorkloadPilot    9: 4096 op, 463677.00 ns, 113.2024 ns/op
WorkloadPilot   10: 8192 op, 898000.00 ns, 109.6191 ns/op
WorkloadPilot   11: 16384 op, 1779379.00 ns, 108.6047 ns/op
WorkloadPilot   12: 32768 op, 3524223.00 ns, 107.5508 ns/op
WorkloadPilot   13: 65536 op, 7028368.00 ns, 107.2444 ns/op
WorkloadPilot   14: 131072 op, 14063738.00 ns, 107.2978 ns/op
WorkloadPilot   15: 262144 op, 27950646.00 ns, 106.6233 ns/op
WorkloadPilot   16: 524288 op, 55732786.00 ns, 106.3019 ns/op
WorkloadPilot   17: 1048576 op, 111375003.00 ns, 106.2155 ns/op
WorkloadPilot   18: 2097152 op, 223480260.00 ns, 106.5637 ns/op
WorkloadPilot   19: 4194304 op, 447293594.00 ns, 106.6431 ns/op
WorkloadPilot   20: 8388608 op, 892286554.00 ns, 106.3688 ns/op

OverheadWarmup   1: 8388608 op, 27956075.00 ns, 3.3326 ns/op
OverheadWarmup   2: 8388608 op, 27832705.00 ns, 3.3179 ns/op
OverheadWarmup   3: 8388608 op, 27728560.00 ns, 3.3055 ns/op
OverheadWarmup   4: 8388608 op, 27801517.00 ns, 3.3142 ns/op
OverheadWarmup   5: 8388608 op, 27760760.00 ns, 3.3093 ns/op
OverheadWarmup   6: 8388608 op, 27944173.00 ns, 3.3312 ns/op
OverheadWarmup   7: 8388608 op, 27718671.00 ns, 3.3043 ns/op

OverheadActual   1: 8388608 op, 27841421.00 ns, 3.3190 ns/op
OverheadActual   2: 8388608 op, 27855197.00 ns, 3.3206 ns/op
OverheadActual   3: 8388608 op, 27800725.00 ns, 3.3141 ns/op
OverheadActual   4: 8388608 op, 27724603.00 ns, 3.3050 ns/op
OverheadActual   5: 8388608 op, 27750270.00 ns, 3.3081 ns/op
OverheadActual   6: 8388608 op, 27740272.00 ns, 3.3069 ns/op
OverheadActual   7: 8388608 op, 27733079.00 ns, 3.3060 ns/op
OverheadActual   8: 8388608 op, 27714714.00 ns, 3.3039 ns/op
OverheadActual   9: 8388608 op, 27724944.00 ns, 3.3051 ns/op
OverheadActual  10: 8388608 op, 27767172.00 ns, 3.3101 ns/op
OverheadActual  11: 8388608 op, 27736044.00 ns, 3.3064 ns/op
OverheadActual  12: 8388608 op, 27776500.00 ns, 3.3112 ns/op
OverheadActual  13: 8388608 op, 27738839.00 ns, 3.3067 ns/op
OverheadActual  14: 8388608 op, 27804873.00 ns, 3.3146 ns/op
OverheadActual  15: 8388608 op, 27757013.00 ns, 3.3089 ns/op

WorkloadWarmup   1: 8388608 op, 894334775.00 ns, 106.6130 ns/op
WorkloadWarmup   2: 8388608 op, 891565375.00 ns, 106.2829 ns/op
WorkloadWarmup   3: 8388608 op, 893375977.00 ns, 106.4987 ns/op
WorkloadWarmup   4: 8388608 op, 902553794.00 ns, 107.5928 ns/op
WorkloadWarmup   5: 8388608 op, 891573504.00 ns, 106.2838 ns/op
WorkloadWarmup   6: 8388608 op, 891512380.00 ns, 106.2766 ns/op
WorkloadWarmup   7: 8388608 op, 892008667.00 ns, 106.3357 ns/op
WorkloadWarmup   8: 8388608 op, 895054460.00 ns, 106.6988 ns/op
WorkloadWarmup   9: 8388608 op, 892172128.00 ns, 106.3552 ns/op
WorkloadWarmup  10: 8388608 op, 893605981.00 ns, 106.5261 ns/op

// BeforeActualRun
WorkloadActual   1: 8388608 op, 892071520.00 ns, 106.3432 ns/op
WorkloadActual   2: 8388608 op, 891891589.00 ns, 106.3218 ns/op
WorkloadActual   3: 8388608 op, 892717726.00 ns, 106.4202 ns/op
WorkloadActual   4: 8388608 op, 904021455.00 ns, 107.7678 ns/op
WorkloadActual   5: 8388608 op, 894050476.00 ns, 106.5791 ns/op
WorkloadActual   6: 8388608 op, 892429638.00 ns, 106.3859 ns/op
WorkloadActual   7: 8388608 op, 892212402.00 ns, 106.3600 ns/op
WorkloadActual   8: 8388608 op, 892078431.00 ns, 106.3440 ns/op
WorkloadActual   9: 8388608 op, 892680530.00 ns, 106.4158 ns/op
WorkloadActual  10: 8388608 op, 893108975.00 ns, 106.4669 ns/op
WorkloadActual  11: 8388608 op, 894993949.00 ns, 106.6916 ns/op
WorkloadActual  12: 8388608 op, 891757326.00 ns, 106.3058 ns/op
WorkloadActual  13: 8388608 op, 891945648.00 ns, 106.3282 ns/op
WorkloadActual  14: 8388608 op, 891405949.00 ns, 106.2639 ns/op
WorkloadActual  15: 8388608 op, 891513931.00 ns, 106.2767 ns/op

// AfterActualRun
WorkloadResult   1: 8388608 op, 864321250.00 ns, 103.0351 ns/op
WorkloadResult   2: 8388608 op, 864141319.00 ns, 103.0137 ns/op
WorkloadResult   3: 8388608 op, 864967456.00 ns, 103.1122 ns/op
WorkloadResult   4: 8388608 op, 866300206.00 ns, 103.2710 ns/op
WorkloadResult   5: 8388608 op, 864679368.00 ns, 103.0778 ns/op
WorkloadResult   6: 8388608 op, 864462132.00 ns, 103.0519 ns/op
WorkloadResult   7: 8388608 op, 864328161.00 ns, 103.0359 ns/op
WorkloadResult   8: 8388608 op, 864930260.00 ns, 103.1077 ns/op
WorkloadResult   9: 8388608 op, 865358705.00 ns, 103.1588 ns/op
WorkloadResult  10: 8388608 op, 864007056.00 ns, 102.9977 ns/op
WorkloadResult  11: 8388608 op, 864195378.00 ns, 103.0201 ns/op
WorkloadResult  12: 8388608 op, 863655679.00 ns, 102.9558 ns/op
WorkloadResult  13: 8388608 op, 863763661.00 ns, 102.9687 ns/op
// GC:  0 0 0 0 8388608
// Threading:  0 0 8388608

// AfterAll
// Benchmark Process 4336 has exited with code 0.
// Launch: 2 / 2
// Execute: dotnet Encina.Benchmarks-DefaultJob-1.dll --anonymousPipes 228 229 --benchmarkName Encina.Benchmarks.Sharding.ShardReplicaSelectionBenchmarks.LeastLatency_SelectReplica --job MediumRun --benchmarkId 7 in /home/runner/work/Encina/Encina/tests/Encina.BenchmarkTests/Encina.Benchmarks/bin/Release/net10.0/Encina.Benchmarks-DefaultJob-1/bin/Release/net10.0
// Failed to set up high priority (Permission denied). In order to run benchmarks with high priority, make sure you have the right permissions.
// BeforeAnythingElse

// Benchmark Process Environment Information:
// BenchmarkDotNet v0.15.8
// Runtime=.NET 10.0.7 (10.0.7, 10.0.726.21808), X64 RyuJIT x86-64-v3
// GC=Concurrent Workstation
// HardwareIntrinsics=AVX2+BMI1+BMI2+F16C+FMA+LZCNT+MOVBE,AVX,SSE3+SSSE3+SSE4.1+SSE4.2+POPCNT,X86Base+SSE+SSE2,AES+PCLMUL VectorSize=256
// Job: MediumRun(IterationCount=15, LaunchCount=2, WarmupCount=10)

OverheadJitting  1: 1 op, 242183.00 ns, 242.1830 us/op
WorkloadJitting  1: 1 op, 1352037.00 ns, 1.3520 ms/op

OverheadJitting  2: 16 op, 420687.00 ns, 26.2929 us/op
WorkloadJitting  2: 16 op, 474237.00 ns, 29.6398 us/op

WorkloadPilot    1: 16 op, 3767.00 ns, 235.4375 ns/op
WorkloadPilot    2: 32 op, 4889.00 ns, 152.7813 ns/op
WorkloadPilot    3: 64 op, 8245.00 ns, 128.8281 ns/op
WorkloadPilot    4: 128 op, 15108.00 ns, 118.0313 ns/op
WorkloadPilot    5: 256 op, 29386.00 ns, 114.7891 ns/op
WorkloadPilot    6: 512 op, 98314.00 ns, 192.0195 ns/op
WorkloadPilot    7: 1024 op, 228016.00 ns, 222.6719 ns/op
WorkloadPilot    8: 2048 op, 238246.00 ns, 116.3311 ns/op
WorkloadPilot    9: 4096 op, 455251.00 ns, 111.1453 ns/op
WorkloadPilot   10: 8192 op, 892929.00 ns, 109.0001 ns/op
WorkloadPilot   11: 16384 op, 1781510.00 ns, 108.7347 ns/op
WorkloadPilot   12: 32768 op, 3820052.00 ns, 116.5787 ns/op
WorkloadPilot   13: 65536 op, 7094623.00 ns, 108.2554 ns/op
WorkloadPilot   14: 131072 op, 14173166.00 ns, 108.1327 ns/op
WorkloadPilot   15: 262144 op, 28258698.00 ns, 107.7984 ns/op
WorkloadPilot   16: 524288 op, 56221342.00 ns, 107.2337 ns/op
WorkloadPilot   17: 1048576 op, 111917353.00 ns, 106.7327 ns/op
WorkloadPilot   18: 2097152 op, 223611518.00 ns, 106.6263 ns/op
WorkloadPilot   19: 4194304 op, 448306191.00 ns, 106.8845 ns/op
WorkloadPilot   20: 8388608 op, 895749619.00 ns, 106.7817 ns/op

OverheadWarmup   1: 8388608 op, 27734488.00 ns, 3.3062 ns/op
OverheadWarmup   2: 8388608 op, 28279266.00 ns, 3.3712 ns/op
OverheadWarmup   3: 8388608 op, 27738215.00 ns, 3.3067 ns/op
OverheadWarmup   4: 8388608 op, 27789842.00 ns, 3.3128 ns/op
OverheadWarmup   5: 8388608 op, 27758303.00 ns, 3.3090 ns/op

OverheadActual   1: 8388608 op, 28263197.00 ns, 3.3692 ns/op
OverheadActual   2: 8388608 op, 28203465.00 ns, 3.3621 ns/op
OverheadActual   3: 8388608 op, 27784100.00 ns, 3.3121 ns/op
OverheadActual   4: 8388608 op, 27868168.00 ns, 3.3221 ns/op
OverheadActual   5: 8388608 op, 27816582.00 ns, 3.3160 ns/op
OverheadActual   6: 8388608 op, 27778621.00 ns, 3.3115 ns/op
OverheadActual   7: 8388608 op, 27788930.00 ns, 3.3127 ns/op
OverheadActual   8: 8388608 op, 27740980.00 ns, 3.3070 ns/op
OverheadActual   9: 8388608 op, 27729329.00 ns, 3.3056 ns/op
OverheadActual  10: 8388608 op, 27736341.00 ns, 3.3064 ns/op
OverheadActual  11: 8388608 op, 27726783.00 ns, 3.3053 ns/op
OverheadActual  12: 8388608 op, 27823344.00 ns, 3.3168 ns/op
OverheadActual  13: 8388608 op, 27730220.00 ns, 3.3057 ns/op
OverheadActual  14: 8388608 op, 27788058.00 ns, 3.3126 ns/op
OverheadActual  15: 8388608 op, 27952936.00 ns, 3.3322 ns/op

WorkloadWarmup   1: 8388608 op, 895053884.00 ns, 106.6987 ns/op
WorkloadWarmup   2: 8388608 op, 894929611.00 ns, 106.6839 ns/op
WorkloadWarmup   3: 8388608 op, 895759944.00 ns, 106.7829 ns/op
WorkloadWarmup   4: 8388608 op, 894525296.00 ns, 106.6357 ns/op
WorkloadWarmup   5: 8388608 op, 894909845.00 ns, 106.6816 ns/op
WorkloadWarmup   6: 8388608 op, 895419197.00 ns, 106.7423 ns/op
WorkloadWarmup   7: 8388608 op, 895574999.00 ns, 106.7609 ns/op
WorkloadWarmup   8: 8388608 op, 906032339.00 ns, 108.0075 ns/op
WorkloadWarmup   9: 8388608 op, 895966551.00 ns, 106.8075 ns/op
WorkloadWarmup  10: 8388608 op, 896114935.00 ns, 106.8252 ns/op

// BeforeActualRun
WorkloadActual   1: 8388608 op, 895611746.00 ns, 106.7652 ns/op
WorkloadActual   2: 8388608 op, 895823022.00 ns, 106.7904 ns/op
WorkloadActual   3: 8388608 op, 897477836.00 ns, 106.9877 ns/op
WorkloadActual   4: 8388608 op, 894656241.00 ns, 106.6513 ns/op
WorkloadActual   5: 8388608 op, 895345990.00 ns, 106.7336 ns/op
WorkloadActual   6: 8388608 op, 894413958.00 ns, 106.6225 ns/op
WorkloadActual   7: 8388608 op, 895095583.00 ns, 106.7037 ns/op
WorkloadActual   8: 8388608 op, 897793641.00 ns, 107.0253 ns/op
WorkloadActual   9: 8388608 op, 895860534.00 ns, 106.7949 ns/op
WorkloadActual  10: 8388608 op, 895612917.00 ns, 106.7654 ns/op
WorkloadActual  11: 8388608 op, 896956360.00 ns, 106.9255 ns/op
WorkloadActual  12: 8388608 op, 896580807.00 ns, 106.8808 ns/op
WorkloadActual  13: 8388608 op, 895792103.00 ns, 106.7867 ns/op
WorkloadActual  14: 8388608 op, 895082214.00 ns, 106.7021 ns/op
WorkloadActual  15: 8388608 op, 896666440.00 ns, 106.8910 ns/op

// AfterActualRun
WorkloadResult   1: 8388608 op, 867823688.00 ns, 103.4526 ns/op
WorkloadResult   2: 8388608 op, 868034964.00 ns, 103.4778 ns/op
WorkloadResult   3: 8388608 op, 869689778.00 ns, 103.6751 ns/op
WorkloadResult   4: 8388608 op, 866868183.00 ns, 103.3387 ns/op
WorkloadResult   5: 8388608 op, 867557932.00 ns, 103.4210 ns/op
WorkloadResult   6: 8388608 op, 866625900.00 ns, 103.3099 ns/op
WorkloadResult   7: 8388608 op, 867307525.00 ns, 103.3911 ns/op
WorkloadResult   8: 8388608 op, 870005583.00 ns, 103.7127 ns/op
WorkloadResult   9: 8388608 op, 868072476.00 ns, 103.4823 ns/op
WorkloadResult  10: 8388608 op, 867824859.00 ns, 103.4528 ns/op
WorkloadResult  11: 8388608 op, 869168302.00 ns, 103.6129 ns/op
WorkloadResult  12: 8388608 op, 868792749.00 ns, 103.5682 ns/op
WorkloadResult  13: 8388608 op, 868004045.00 ns, 103.4741 ns/op
WorkloadResult  14: 8388608 op, 867294156.00 ns, 103.3895 ns/op
WorkloadResult  15: 8388608 op, 868878382.00 ns, 103.5784 ns/op
// GC:  0 0 0 0 8388608
// Threading:  0 0 8388608

// AfterAll
// Benchmark Process 4351 has exited with code 0.

Mean = 103.291 ns, StdErr = 0.045 ns (0.04%), N = 28, StdDev = 0.240 ns
Min = 102.956 ns, Q1 = 103.048 ns, Median = 103.324 ns, Q3 = 103.475 ns, Max = 103.713 ns
IQR = 0.427 ns, LowerFence = 102.407 ns, UpperFence = 104.116 ns
ConfidenceInterval = [103.124 ns; 103.458 ns] (CI 99.9%), Margin = 0.167 ns (0.16% of Mean)
Skewness = 0.09, Kurtosis = 1.52, MValue = 2

// ** Remained 2 (20.0 %) benchmark(s) to run. Estimated finish 2026-05-03 1:53 (0h 0m from now) **
// **************************
// Benchmark: ShardReplicaSelectionBenchmarks.LeastConnections.SelectReplica: MediumRun(IterationCount=15, LaunchCount=2, WarmupCount=10)
// *** Execute ***
// Launch: 1 / 2
// Execute: dotnet Encina.Benchmarks-DefaultJob-1.dll --anonymousPipes 228 229 --benchmarkName Encina.Benchmarks.Sharding.ShardReplicaSelectionBenchmarks.LeastConnections_SelectReplica --job MediumRun --benchmarkId 8 in /home/runner/work/Encina/Encina/tests/Encina.BenchmarkTests/Encina.Benchmarks/bin/Release/net10.0/Encina.Benchmarks-DefaultJob-1/bin/Release/net10.0
// Failed to set up high priority (Permission denied). In order to run benchmarks with high priority, make sure you have the right permissions.
// BeforeAnythingElse

// Benchmark Process Environment Information:
// BenchmarkDotNet v0.15.8
// Runtime=.NET 10.0.7 (10.0.7, 10.0.726.21808), X64 RyuJIT x86-64-v3
// GC=Concurrent Workstation
// HardwareIntrinsics=AVX2+BMI1+BMI2+F16C+FMA+LZCNT+MOVBE,AVX,SSE3+SSSE3+SSE4.1+SSE4.2+POPCNT,X86Base+SSE+SSE2,AES+PCLMUL VectorSize=256
// Job: MediumRun(IterationCount=15, LaunchCount=2, WarmupCount=10)

OverheadJitting  1: 1 op, 331299.00 ns, 331.2990 us/op
WorkloadJitting  1: 1 op, 1526775.00 ns, 1.5268 ms/op

OverheadJitting  2: 16 op, 447076.00 ns, 27.9423 us/op
WorkloadJitting  2: 16 op, 480979.00 ns, 30.0612 us/op

WorkloadPilot    1: 16 op, 4919.00 ns, 307.4375 ns/op
WorkloadPilot    2: 32 op, 4559.00 ns, 142.4688 ns/op
WorkloadPilot    3: 64 op, 7715.00 ns, 120.5469 ns/op
WorkloadPilot    4: 128 op, 14297.00 ns, 111.6953 ns/op
WorkloadPilot    5: 256 op, 27131.00 ns, 105.9805 ns/op
WorkloadPilot    6: 512 op, 53010.00 ns, 103.5352 ns/op
WorkloadPilot    7: 1024 op, 104675.00 ns, 102.2217 ns/op
WorkloadPilot    8: 2048 op, 208380.00 ns, 101.7480 ns/op
WorkloadPilot    9: 4096 op, 431216.00 ns, 105.2773 ns/op
WorkloadPilot   10: 8192 op, 846032.00 ns, 103.2754 ns/op
WorkloadPilot   11: 16384 op, 1677446.00 ns, 102.3832 ns/op
WorkloadPilot   12: 32768 op, 3343912.00 ns, 102.0481 ns/op
WorkloadPilot   13: 65536 op, 6697091.00 ns, 102.1895 ns/op
WorkloadPilot   14: 131072 op, 13370347.00 ns, 102.0077 ns/op
WorkloadPilot   15: 262144 op, 27211293.00 ns, 103.8028 ns/op
WorkloadPilot   16: 524288 op, 53469003.00 ns, 101.9840 ns/op
WorkloadPilot   17: 1048576 op, 107129605.00 ns, 102.1668 ns/op
WorkloadPilot   18: 2097152 op, 213315336.00 ns, 101.7167 ns/op
WorkloadPilot   19: 4194304 op, 426578403.00 ns, 101.7042 ns/op
WorkloadPilot   20: 8388608 op, 853741052.00 ns, 101.7739 ns/op

OverheadWarmup   1: 8388608 op, 27906652.00 ns, 3.3267 ns/op
OverheadWarmup   2: 8388608 op, 27893458.00 ns, 3.3252 ns/op
OverheadWarmup   3: 8388608 op, 27756783.00 ns, 3.3089 ns/op
OverheadWarmup   4: 8388608 op, 27743248.00 ns, 3.3073 ns/op
OverheadWarmup   5: 8388608 op, 27842389.00 ns, 3.3191 ns/op
OverheadWarmup   6: 8388608 op, 27800915.00 ns, 3.3141 ns/op
OverheadWarmup   7: 8388608 op, 27803760.00 ns, 3.3145 ns/op
OverheadWarmup   8: 8388608 op, 27752434.00 ns, 3.3083 ns/op

OverheadActual   1: 8388608 op, 27796196.00 ns, 3.3136 ns/op
OverheadActual   2: 8388608 op, 27893047.00 ns, 3.3251 ns/op
OverheadActual   3: 8388608 op, 28283879.00 ns, 3.3717 ns/op
OverheadActual   4: 8388608 op, 28001470.00 ns, 3.3380 ns/op
OverheadActual   5: 8388608 op, 27767953.00 ns, 3.3102 ns/op
OverheadActual   6: 8388608 op, 27790095.00 ns, 3.3128 ns/op
OverheadActual   7: 8388608 op, 27771049.00 ns, 3.3106 ns/op
OverheadActual   8: 8388608 op, 27757564.00 ns, 3.3090 ns/op
OverheadActual   9: 8388608 op, 27773584.00 ns, 3.3109 ns/op
OverheadActual  10: 8388608 op, 27730524.00 ns, 3.3057 ns/op
OverheadActual  11: 8388608 op, 27728510.00 ns, 3.3055 ns/op
OverheadActual  12: 8388608 op, 27808430.00 ns, 3.3150 ns/op
OverheadActual  13: 8388608 op, 27747425.00 ns, 3.3078 ns/op
OverheadActual  14: 8388608 op, 27921059.00 ns, 3.3284 ns/op
OverheadActual  15: 8388608 op, 27792991.00 ns, 3.3132 ns/op

WorkloadWarmup   1: 8388608 op, 853760285.00 ns, 101.7762 ns/op
WorkloadWarmup   2: 8388608 op, 854015312.00 ns, 101.8066 ns/op
WorkloadWarmup   3: 8388608 op, 852861657.00 ns, 101.6690 ns/op
WorkloadWarmup   4: 8388608 op, 854305486.00 ns, 101.8412 ns/op
WorkloadWarmup   5: 8388608 op, 853527963.00 ns, 101.7485 ns/op
WorkloadWarmup   6: 8388608 op, 853686319.00 ns, 101.7673 ns/op
WorkloadWarmup   7: 8388608 op, 853722717.00 ns, 101.7717 ns/op
WorkloadWarmup   8: 8388608 op, 874144462.00 ns, 104.2061 ns/op
WorkloadWarmup   9: 8388608 op, 853745917.00 ns, 101.7744 ns/op
WorkloadWarmup  10: 8388608 op, 853450866.00 ns, 101.7393 ns/op

// BeforeActualRun
WorkloadActual   1: 8388608 op, 854609961.00 ns, 101.8774 ns/op
WorkloadActual   2: 8388608 op, 853792915.00 ns, 101.7800 ns/op
WorkloadActual   3: 8388608 op, 864059434.00 ns, 103.0039 ns/op
WorkloadActual   4: 8388608 op, 853859300.00 ns, 101.7880 ns/op
WorkloadActual   5: 8388608 op, 856700190.00 ns, 102.1266 ns/op
WorkloadActual   6: 8388608 op, 853656371.00 ns, 101.7638 ns/op
WorkloadActual   7: 8388608 op, 853216777.00 ns, 101.7114 ns/op
WorkloadActual   8: 8388608 op, 856144274.00 ns, 102.0604 ns/op
WorkloadActual   9: 8388608 op, 853742290.00 ns, 101.7740 ns/op
WorkloadActual  10: 8388608 op, 854984198.00 ns, 101.9221 ns/op
WorkloadActual  11: 8388608 op, 853158439.00 ns, 101.7044 ns/op
WorkloadActual  12: 8388608 op, 854062730.00 ns, 101.8122 ns/op
WorkloadActual  13: 8388608 op, 853076737.00 ns, 101.6947 ns/op
WorkloadActual  14: 8388608 op, 853684654.00 ns, 101.7671 ns/op
WorkloadActual  15: 8388608 op, 860510440.00 ns, 102.5808 ns/op

// AfterActualRun
WorkloadResult   1: 8388608 op, 826819866.00 ns, 98.5646 ns/op
WorkloadResult   2: 8388608 op, 826002820.00 ns, 98.4672 ns/op
WorkloadResult   3: 8388608 op, 826069205.00 ns, 98.4751 ns/op
WorkloadResult   4: 8388608 op, 828910095.00 ns, 98.8138 ns/op
WorkloadResult   5: 8388608 op, 825866276.00 ns, 98.4509 ns/op
WorkloadResult   6: 8388608 op, 825426682.00 ns, 98.3985 ns/op
WorkloadResult   7: 8388608 op, 828354179.00 ns, 98.7475 ns/op
WorkloadResult   8: 8388608 op, 825952195.00 ns, 98.4612 ns/op
WorkloadResult   9: 8388608 op, 827194103.00 ns, 98.6092 ns/op
WorkloadResult  10: 8388608 op, 825368344.00 ns, 98.3916 ns/op
WorkloadResult  11: 8388608 op, 826272635.00 ns, 98.4994 ns/op
WorkloadResult  12: 8388608 op, 825286642.00 ns, 98.3818 ns/op
WorkloadResult  13: 8388608 op, 825894559.00 ns, 98.4543 ns/op
// GC:  0 0 0 0 8388608
// Threading:  0 0 8388608

// AfterAll
// Benchmark Process 4362 has exited with code 0.
// Launch: 2 / 2
// Execute: dotnet Encina.Benchmarks-DefaultJob-1.dll --anonymousPipes 228 229 --benchmarkName Encina.Benchmarks.Sharding.ShardReplicaSelectionBenchmarks.LeastConnections_SelectReplica --job MediumRun --benchmarkId 8 in /home/runner/work/Encina/Encina/tests/Encina.BenchmarkTests/Encina.Benchmarks/bin/Release/net10.0/Encina.Benchmarks-DefaultJob-1/bin/Release/net10.0
// Failed to set up high priority (Permission denied). In order to run benchmarks with high priority, make sure you have the right permissions.
// BeforeAnythingElse

// Benchmark Process Environment Information:
// BenchmarkDotNet v0.15.8
// Runtime=.NET 10.0.7 (10.0.7, 10.0.726.21808), X64 RyuJIT x86-64-v3
// GC=Concurrent Workstation
// HardwareIntrinsics=AVX2+BMI1+BMI2+F16C+FMA+LZCNT+MOVBE,AVX,SSE3+SSSE3+SSE4.1+SSE4.2+POPCNT,X86Base+SSE+SSE2,AES+PCLMUL VectorSize=256
// Job: MediumRun(IterationCount=15, LaunchCount=2, WarmupCount=10)

OverheadJitting  1: 1 op, 225662.00 ns, 225.6620 us/op
WorkloadJitting  1: 1 op, 1423631.00 ns, 1.4236 ms/op

OverheadJitting  2: 16 op, 439371.00 ns, 27.4607 us/op
WorkloadJitting  2: 16 op, 443078.00 ns, 27.6924 us/op

WorkloadPilot    1: 16 op, 3837.00 ns, 239.8125 ns/op
WorkloadPilot    2: 32 op, 4598.00 ns, 143.6875 ns/op
WorkloadPilot    3: 64 op, 7895.00 ns, 123.3594 ns/op
WorkloadPilot    4: 128 op, 14447.00 ns, 112.8672 ns/op
WorkloadPilot    5: 256 op, 27591.00 ns, 107.7773 ns/op
WorkloadPilot    6: 512 op, 71384.00 ns, 139.4219 ns/op
WorkloadPilot    7: 1024 op, 106238.00 ns, 103.7480 ns/op
WorkloadPilot    8: 2048 op, 210994.00 ns, 103.0244 ns/op
WorkloadPilot    9: 4096 op, 419143.00 ns, 102.3298 ns/op
WorkloadPilot   10: 8192 op, 838017.00 ns, 102.2970 ns/op
WorkloadPilot   11: 16384 op, 1706029.00 ns, 104.1277 ns/op
WorkloadPilot   12: 32768 op, 3409612.00 ns, 104.0531 ns/op
WorkloadPilot   13: 65536 op, 6840225.00 ns, 104.3736 ns/op
WorkloadPilot   14: 131072 op, 13598335.00 ns, 103.7471 ns/op
WorkloadPilot   15: 262144 op, 27141708.00 ns, 103.5374 ns/op
WorkloadPilot   16: 524288 op, 54149140.00 ns, 103.2813 ns/op
WorkloadPilot   17: 1048576 op, 108921019.00 ns, 103.8752 ns/op
WorkloadPilot   18: 2097152 op, 216150699.00 ns, 103.0687 ns/op
WorkloadPilot   19: 4194304 op, 432428694.00 ns, 103.0990 ns/op
WorkloadPilot   20: 8388608 op, 866315263.00 ns, 103.2728 ns/op

OverheadWarmup   1: 8388608 op, 27867380.00 ns, 3.3221 ns/op
OverheadWarmup   2: 8388608 op, 27840431.00 ns, 3.3188 ns/op
OverheadWarmup   3: 8388608 op, 27747067.00 ns, 3.3077 ns/op
OverheadWarmup   4: 8388608 op, 27787643.00 ns, 3.3125 ns/op
OverheadWarmup   5: 8388608 op, 27716080.00 ns, 3.3040 ns/op
OverheadWarmup   6: 8388608 op, 27800546.00 ns, 3.3141 ns/op
OverheadWarmup   7: 8388608 op, 27772935.00 ns, 3.3108 ns/op

OverheadActual   1: 8388608 op, 27735536.00 ns, 3.3063 ns/op
OverheadActual   2: 8388608 op, 27786160.00 ns, 3.3124 ns/op
OverheadActual   3: 8388608 op, 27748620.00 ns, 3.3079 ns/op
OverheadActual   4: 8388608 op, 27940287.00 ns, 3.3307 ns/op
OverheadActual   5: 8388608 op, 27773145.00 ns, 3.3108 ns/op
OverheadActual   6: 8388608 op, 27731018.00 ns, 3.3058 ns/op
OverheadActual   7: 8388608 op, 27766613.00 ns, 3.3100 ns/op
OverheadActual   8: 8388608 op, 27905562.00 ns, 3.3266 ns/op
OverheadActual   9: 8388608 op, 27823079.00 ns, 3.3168 ns/op
OverheadActual  10: 8388608 op, 27799345.00 ns, 3.3139 ns/op
OverheadActual  11: 8388608 op, 27729014.00 ns, 3.3056 ns/op
OverheadActual  12: 8388608 op, 27768928.00 ns, 3.3103 ns/op
OverheadActual  13: 8388608 op, 27719115.00 ns, 3.3044 ns/op
OverheadActual  14: 8388608 op, 27705600.00 ns, 3.3028 ns/op
OverheadActual  15: 8388608 op, 27726468.00 ns, 3.3053 ns/op

WorkloadWarmup   1: 8388608 op, 867108161.00 ns, 103.3673 ns/op
WorkloadWarmup   2: 8388608 op, 882636417.00 ns, 105.2185 ns/op
WorkloadWarmup   3: 8388608 op, 865654764.00 ns, 103.1941 ns/op
WorkloadWarmup   4: 8388608 op, 865568181.00 ns, 103.1838 ns/op
WorkloadWarmup   5: 8388608 op, 865633674.00 ns, 103.1916 ns/op
WorkloadWarmup   6: 8388608 op, 865291915.00 ns, 103.1508 ns/op
WorkloadWarmup   7: 8388608 op, 864253983.00 ns, 103.0271 ns/op
WorkloadWarmup   8: 8388608 op, 868006842.00 ns, 103.4745 ns/op
WorkloadWarmup   9: 8388608 op, 867882020.00 ns, 103.4596 ns/op
WorkloadWarmup  10: 8388608 op, 865927537.00 ns, 103.2266 ns/op

// BeforeActualRun
WorkloadActual   1: 8388608 op, 865646054.00 ns, 103.1931 ns/op
WorkloadActual   2: 8388608 op, 865500171.00 ns, 103.1757 ns/op
WorkloadActual   3: 8388608 op, 864984387.00 ns, 103.1142 ns/op
WorkloadActual   4: 8388608 op, 866610444.00 ns, 103.3080 ns/op
WorkloadActual   5: 8388608 op, 867459731.00 ns, 103.4093 ns/op
WorkloadActual   6: 8388608 op, 866839994.00 ns, 103.3354 ns/op
WorkloadActual   7: 8388608 op, 864210359.00 ns, 103.0219 ns/op
WorkloadActual   8: 8388608 op, 867712151.00 ns, 103.4393 ns/op
WorkloadActual   9: 8388608 op, 873002215.00 ns, 104.0700 ns/op
WorkloadActual  10: 8388608 op, 867155110.00 ns, 103.3729 ns/op
WorkloadActual  11: 8388608 op, 866697916.00 ns, 103.3184 ns/op
WorkloadActual  12: 8388608 op, 864885129.00 ns, 103.1023 ns/op
WorkloadActual  13: 8388608 op, 865880258.00 ns, 103.2210 ns/op
WorkloadActual  14: 8388608 op, 865931764.00 ns, 103.2271 ns/op
WorkloadActual  15: 8388608 op, 866898941.00 ns, 103.3424 ns/op

// AfterActualRun
WorkloadResult   1: 8388608 op, 837879441.00 ns, 99.8830 ns/op
WorkloadResult   2: 8388608 op, 837733558.00 ns, 99.8656 ns/op
WorkloadResult   3: 8388608 op, 837217774.00 ns, 99.8041 ns/op
WorkloadResult   4: 8388608 op, 838843831.00 ns, 99.9980 ns/op
WorkloadResult   5: 8388608 op, 839693118.00 ns, 100.0992 ns/op
WorkloadResult   6: 8388608 op, 839073381.00 ns, 100.0253 ns/op
WorkloadResult   7: 8388608 op, 836443746.00 ns, 99.7119 ns/op
WorkloadResult   8: 8388608 op, 839945538.00 ns, 100.1293 ns/op
WorkloadResult   9: 8388608 op, 839388497.00 ns, 100.0629 ns/op
WorkloadResult  10: 8388608 op, 838931303.00 ns, 100.0084 ns/op
WorkloadResult  11: 8388608 op, 837118516.00 ns, 99.7923 ns/op
WorkloadResult  12: 8388608 op, 838113645.00 ns, 99.9109 ns/op
WorkloadResult  13: 8388608 op, 838165151.00 ns, 99.9171 ns/op
WorkloadResult  14: 8388608 op, 839132328.00 ns, 100.0324 ns/op
// GC:  0 0 0 0 8388608
// Threading:  0 0 8388608

// AfterAll
// Benchmark Process 4376 has exited with code 0.

Mean = 99.258 ns, StdErr = 0.142 ns (0.14%), N = 27, StdDev = 0.739 ns
Min = 98.382 ns, Q1 = 98.471 ns, Median = 99.712 ns, Q3 = 99.958 ns, Max = 100.129 ns
IQR = 1.486 ns, LowerFence = 96.242 ns, UpperFence = 102.187 ns
ConfidenceInterval = [98.731 ns; 99.785 ns] (CI 99.9%), Margin = 0.527 ns (0.53% of Mean)
Skewness = -0.07, Kurtosis = 1.03, MValue = 2

// ** Remained 1 (10.0 %) benchmark(s) to run. Estimated finish 2026-05-03 1:53 (0h 0m from now) **
// **************************
// Benchmark: ShardReplicaSelectionBenchmarks.WeightedRandom.SelectReplica: MediumRun(IterationCount=15, LaunchCount=2, WarmupCount=10)
// *** Execute ***
// Launch: 1 / 2
// Execute: dotnet Encina.Benchmarks-DefaultJob-1.dll --anonymousPipes 228 229 --benchmarkName Encina.Benchmarks.Sharding.ShardReplicaSelectionBenchmarks.WeightedRandom_SelectReplica --job MediumRun --benchmarkId 9 in /home/runner/work/Encina/Encina/tests/Encina.BenchmarkTests/Encina.Benchmarks/bin/Release/net10.0/Encina.Benchmarks-DefaultJob-1/bin/Release/net10.0
// Failed to set up high priority (Permission denied). In order to run benchmarks with high priority, make sure you have the right permissions.
// BeforeAnythingElse

// Benchmark Process Environment Information:
// BenchmarkDotNet v0.15.8
// Runtime=.NET 10.0.7 (10.0.7, 10.0.726.21808), X64 RyuJIT x86-64-v3
// GC=Concurrent Workstation
// HardwareIntrinsics=AVX2+BMI1+BMI2+F16C+FMA+LZCNT+MOVBE,AVX,SSE3+SSSE3+SSE4.1+SSE4.2+POPCNT,X86Base+SSE+SSE2,AES+PCLMUL VectorSize=256
// Job: MediumRun(IterationCount=15, LaunchCount=2, WarmupCount=10)

OverheadJitting  1: 1 op, 241331.00 ns, 241.3310 us/op
WorkloadJitting  1: 1 op, 1227063.00 ns, 1.2271 ms/op

OverheadJitting  2: 16 op, 431246.00 ns, 26.9529 us/op
WorkloadJitting  2: 16 op, 469417.00 ns, 29.3386 us/op

WorkloadPilot    1: 16 op, 4117.00 ns, 257.3125 ns/op
WorkloadPilot    2: 32 op, 5942.00 ns, 185.6875 ns/op
WorkloadPilot    3: 64 op, 10079.00 ns, 157.4844 ns/op
WorkloadPilot    4: 128 op, 17764.00 ns, 138.7813 ns/op
WorkloadPilot    5: 256 op, 52448.00 ns, 204.8750 ns/op
WorkloadPilot    6: 512 op, 48310.00 ns, 94.3555 ns/op
WorkloadPilot    7: 1024 op, 84448.00 ns, 82.4688 ns/op
WorkloadPilot    8: 2048 op, 156573.00 ns, 76.4517 ns/op
WorkloadPilot    9: 4096 op, 324006.00 ns, 79.1030 ns/op
WorkloadPilot   10: 8192 op, 616242.00 ns, 75.2249 ns/op
WorkloadPilot   11: 16384 op, 1182469.00 ns, 72.1722 ns/op
WorkloadPilot   12: 32768 op, 2382263.00 ns, 72.7009 ns/op
WorkloadPilot   13: 65536 op, 4983323.00 ns, 76.0395 ns/op
WorkloadPilot   14: 131072 op, 9438098.00 ns, 72.0070 ns/op
WorkloadPilot   15: 262144 op, 18780497.00 ns, 71.6419 ns/op
WorkloadPilot   16: 524288 op, 37427114.00 ns, 71.3866 ns/op
WorkloadPilot   17: 1048576 op, 74084218.00 ns, 70.6522 ns/op
WorkloadPilot   18: 2097152 op, 148989862.00 ns, 71.0439 ns/op
WorkloadPilot   19: 4194304 op, 296634749.00 ns, 70.7232 ns/op
WorkloadPilot   20: 8388608 op, 609259071.00 ns, 72.6293 ns/op

OverheadWarmup   1: 8388608 op, 27746212.00 ns, 3.3076 ns/op
OverheadWarmup   2: 8388608 op, 27780225.00 ns, 3.3117 ns/op
OverheadWarmup   3: 8388608 op, 27721526.00 ns, 3.3047 ns/op
OverheadWarmup   4: 8388608 op, 27735583.00 ns, 3.3063 ns/op
OverheadWarmup   5: 8388608 op, 27779645.00 ns, 3.3116 ns/op
OverheadWarmup   6: 8388608 op, 27734480.00 ns, 3.3062 ns/op

OverheadActual   1: 8388608 op, 27729821.00 ns, 3.3057 ns/op
OverheadActual   2: 8388608 op, 27758866.00 ns, 3.3091 ns/op
OverheadActual   3: 8388608 op, 27864844.00 ns, 3.3217 ns/op
OverheadActual   4: 8388608 op, 27815161.00 ns, 3.3158 ns/op
OverheadActual   5: 8388608 op, 27778933.00 ns, 3.3115 ns/op
OverheadActual   6: 8388608 op, 27817646.00 ns, 3.3161 ns/op
OverheadActual   7: 8388608 op, 27722127.00 ns, 3.3047 ns/op
OverheadActual   8: 8388608 op, 27740892.00 ns, 3.3070 ns/op
OverheadActual   9: 8388608 op, 27759507.00 ns, 3.3092 ns/op
OverheadActual  10: 8388608 op, 27754638.00 ns, 3.3086 ns/op
OverheadActual  11: 8388608 op, 27742846.00 ns, 3.3072 ns/op
OverheadActual  12: 8388608 op, 27720484.00 ns, 3.3045 ns/op
OverheadActual  13: 8388608 op, 27804811.00 ns, 3.3146 ns/op
OverheadActual  14: 8388608 op, 27765188.00 ns, 3.3099 ns/op
OverheadActual  15: 8388608 op, 27726505.00 ns, 3.3053 ns/op

WorkloadWarmup   1: 8388608 op, 594021054.00 ns, 70.8128 ns/op
WorkloadWarmup   2: 8388608 op, 593835988.00 ns, 70.7908 ns/op
WorkloadWarmup   3: 8388608 op, 593761318.00 ns, 70.7819 ns/op
WorkloadWarmup   4: 8388608 op, 597055034.00 ns, 71.1745 ns/op
WorkloadWarmup   5: 8388608 op, 594294286.00 ns, 70.8454 ns/op
WorkloadWarmup   6: 8388608 op, 593820249.00 ns, 70.7889 ns/op
WorkloadWarmup   7: 8388608 op, 593407588.00 ns, 70.7397 ns/op
WorkloadWarmup   8: 8388608 op, 594090363.00 ns, 70.8211 ns/op
WorkloadWarmup   9: 8388608 op, 594520698.00 ns, 70.8724 ns/op
WorkloadWarmup  10: 8388608 op, 608502646.00 ns, 72.5392 ns/op

// BeforeActualRun
WorkloadActual   1: 8388608 op, 594137982.00 ns, 70.8268 ns/op
WorkloadActual   2: 8388608 op, 593658426.00 ns, 70.7696 ns/op
WorkloadActual   3: 8388608 op, 595790317.00 ns, 71.0237 ns/op
WorkloadActual   4: 8388608 op, 594123845.00 ns, 70.8251 ns/op
WorkloadActual   5: 8388608 op, 592856519.00 ns, 70.6740 ns/op
WorkloadActual   6: 8388608 op, 595468940.00 ns, 70.9854 ns/op
WorkloadActual   7: 8388608 op, 593276544.00 ns, 70.7241 ns/op
WorkloadActual   8: 8388608 op, 595828388.00 ns, 71.0283 ns/op
WorkloadActual   9: 8388608 op, 593848472.00 ns, 70.7923 ns/op
WorkloadActual  10: 8388608 op, 596017171.00 ns, 71.0508 ns/op
WorkloadActual  11: 8388608 op, 595102911.00 ns, 70.9418 ns/op
WorkloadActual  12: 8388608 op, 595817291.00 ns, 71.0270 ns/op
WorkloadActual  13: 8388608 op, 594694971.00 ns, 70.8932 ns/op
WorkloadActual  14: 8388608 op, 594207621.00 ns, 70.8351 ns/op
WorkloadActual  15: 8388608 op, 593693320.00 ns, 70.7738 ns/op

// AfterActualRun
WorkloadResult   1: 8388608 op, 566379116.00 ns, 67.5177 ns/op
WorkloadResult   2: 8388608 op, 565899560.00 ns, 67.4605 ns/op
WorkloadResult   3: 8388608 op, 568031451.00 ns, 67.7146 ns/op
WorkloadResult   4: 8388608 op, 566364979.00 ns, 67.5160 ns/op
WorkloadResult   5: 8388608 op, 565097653.00 ns, 67.3649 ns/op
WorkloadResult   6: 8388608 op, 567710074.00 ns, 67.6763 ns/op
WorkloadResult   7: 8388608 op, 565517678.00 ns, 67.4150 ns/op
WorkloadResult   8: 8388608 op, 568069522.00 ns, 67.7192 ns/op
WorkloadResult   9: 8388608 op, 566089606.00 ns, 67.4831 ns/op
WorkloadResult  10: 8388608 op, 568258305.00 ns, 67.7417 ns/op
WorkloadResult  11: 8388608 op, 567344045.00 ns, 67.6327 ns/op
WorkloadResult  12: 8388608 op, 568058425.00 ns, 67.7178 ns/op
WorkloadResult  13: 8388608 op, 566936105.00 ns, 67.5841 ns/op
WorkloadResult  14: 8388608 op, 566448755.00 ns, 67.5260 ns/op
WorkloadResult  15: 8388608 op, 565934454.00 ns, 67.4646 ns/op
// GC:  0 0 0 0 8388608
// Threading:  0 0 8388608

// AfterAll
// Benchmark Process 4392 has exited with code 0.
// Launch: 2 / 2
// Execute: dotnet Encina.Benchmarks-DefaultJob-1.dll --anonymousPipes 228 229 --benchmarkName Encina.Benchmarks.Sharding.ShardReplicaSelectionBenchmarks.WeightedRandom_SelectReplica --job MediumRun --benchmarkId 9 in /home/runner/work/Encina/Encina/tests/Encina.BenchmarkTests/Encina.Benchmarks/bin/Release/net10.0/Encina.Benchmarks-DefaultJob-1/bin/Release/net10.0
// Failed to set up high priority (Permission denied). In order to run benchmarks with high priority, make sure you have the right permissions.
// BeforeAnythingElse

// Benchmark Process Environment Information:
// BenchmarkDotNet v0.15.8
// Runtime=.NET 10.0.7 (10.0.7, 10.0.726.21808), X64 RyuJIT x86-64-v3
// GC=Concurrent Workstation
// HardwareIntrinsics=AVX2+BMI1+BMI2+F16C+FMA+LZCNT+MOVBE,AVX,SSE3+SSSE3+SSE4.1+SSE4.2+POPCNT,X86Base+SSE+SSE2,AES+PCLMUL VectorSize=256
// Job: MediumRun(IterationCount=15, LaunchCount=2, WarmupCount=10)

OverheadJitting  1: 1 op, 236682.00 ns, 236.6820 us/op
WorkloadJitting  1: 1 op, 1173802.00 ns, 1.1738 ms/op

OverheadJitting  2: 16 op, 446885.00 ns, 27.9303 us/op
WorkloadJitting  2: 16 op, 471371.00 ns, 29.4607 us/op

WorkloadPilot    1: 16 op, 2876.00 ns, 179.7500 ns/op
WorkloadPilot    2: 32 op, 3626.00 ns, 113.3125 ns/op
WorkloadPilot    3: 64 op, 5841.00 ns, 91.2656 ns/op
WorkloadPilot    4: 128 op, 10780.00 ns, 84.2188 ns/op
WorkloadPilot    5: 256 op, 19546.00 ns, 76.3516 ns/op
WorkloadPilot    6: 512 op, 37811.00 ns, 73.8496 ns/op
WorkloadPilot    7: 1024 op, 73628.00 ns, 71.9023 ns/op
WorkloadPilot    8: 2048 op, 145141.00 ns, 70.8696 ns/op
WorkloadPilot    9: 4096 op, 310190.00 ns, 75.7300 ns/op
WorkloadPilot   10: 8192 op, 599570.00 ns, 73.1897 ns/op
WorkloadPilot   11: 16384 op, 1174984.00 ns, 71.7153 ns/op
WorkloadPilot   12: 32768 op, 2343137.00 ns, 71.5069 ns/op
WorkloadPilot   13: 65536 op, 4691784.00 ns, 71.5909 ns/op
WorkloadPilot   14: 131072 op, 9350197.00 ns, 71.3363 ns/op
WorkloadPilot   15: 262144 op, 18671231.00 ns, 71.2251 ns/op
WorkloadPilot   16: 524288 op, 37322174.00 ns, 71.1864 ns/op
WorkloadPilot   17: 1048576 op, 74399538.00 ns, 70.9529 ns/op
WorkloadPilot   18: 2097152 op, 148244902.00 ns, 70.6887 ns/op
WorkloadPilot   19: 4194304 op, 297672643.00 ns, 70.9707 ns/op
WorkloadPilot   20: 8388608 op, 595792882.00 ns, 71.0240 ns/op

OverheadWarmup   1: 8388608 op, 27902506.00 ns, 3.3262 ns/op
OverheadWarmup   2: 8388608 op, 27925438.00 ns, 3.3290 ns/op
OverheadWarmup   3: 8388608 op, 27732498.00 ns, 3.3060 ns/op
OverheadWarmup   4: 8388608 op, 27740533.00 ns, 3.3069 ns/op
OverheadWarmup   5: 8388608 op, 27717991.00 ns, 3.3042 ns/op

OverheadActual   1: 8388608 op, 27779837.00 ns, 3.3116 ns/op
OverheadActual   2: 8388608 op, 27732097.00 ns, 3.3059 ns/op
OverheadActual   3: 8388608 op, 28002784.00 ns, 3.3382 ns/op
OverheadActual   4: 8388608 op, 28035294.00 ns, 3.3421 ns/op
OverheadActual   5: 8388608 op, 27818950.00 ns, 3.3163 ns/op
OverheadActual   6: 8388608 op, 27750682.00 ns, 3.3081 ns/op
OverheadActual   7: 8388608 op, 27710637.00 ns, 3.3034 ns/op
OverheadActual   8: 8388608 op, 27856300.00 ns, 3.3207 ns/op
OverheadActual   9: 8388608 op, 27770018.00 ns, 3.3104 ns/op
OverheadActual  10: 8388608 op, 27713342.00 ns, 3.3037 ns/op
OverheadActual  11: 8388608 op, 27774887.00 ns, 3.3110 ns/op
OverheadActual  12: 8388608 op, 27732508.00 ns, 3.3060 ns/op
OverheadActual  13: 8388608 op, 27719614.00 ns, 3.3044 ns/op
OverheadActual  14: 8388608 op, 28168322.00 ns, 3.3579 ns/op
OverheadActual  15: 8388608 op, 27878651.00 ns, 3.3234 ns/op

WorkloadWarmup   1: 8388608 op, 594008249.00 ns, 70.8113 ns/op
WorkloadWarmup   2: 8388608 op, 594099489.00 ns, 70.8222 ns/op
WorkloadWarmup   3: 8388608 op, 593984164.00 ns, 70.8084 ns/op
WorkloadWarmup   4: 8388608 op, 593859691.00 ns, 70.7936 ns/op
WorkloadWarmup   5: 8388608 op, 594168467.00 ns, 70.8304 ns/op
WorkloadWarmup   6: 8388608 op, 594980426.00 ns, 70.9272 ns/op
WorkloadWarmup   7: 8388608 op, 596696732.00 ns, 71.1318 ns/op
WorkloadWarmup   8: 8388608 op, 593755267.00 ns, 70.7811 ns/op
WorkloadWarmup   9: 8388608 op, 593937306.00 ns, 70.8028 ns/op
WorkloadWarmup  10: 8388608 op, 594055607.00 ns, 70.8169 ns/op

// BeforeActualRun
WorkloadActual   1: 8388608 op, 593867776.00 ns, 70.7946 ns/op
WorkloadActual   2: 8388608 op, 593889908.00 ns, 70.7972 ns/op
WorkloadActual   3: 8388608 op, 593826179.00 ns, 70.7896 ns/op
WorkloadActual   4: 8388608 op, 593699703.00 ns, 70.7745 ns/op
WorkloadActual   5: 8388608 op, 594171504.00 ns, 70.8308 ns/op
WorkloadActual   6: 8388608 op, 594222409.00 ns, 70.8368 ns/op
WorkloadActual   7: 8388608 op, 594023388.00 ns, 70.8131 ns/op
WorkloadActual   8: 8388608 op, 594073301.00 ns, 70.8191 ns/op
WorkloadActual   9: 8388608 op, 593298052.00 ns, 70.7266 ns/op
WorkloadActual  10: 8388608 op, 594626819.00 ns, 70.8850 ns/op
WorkloadActual  11: 8388608 op, 594024071.00 ns, 70.8132 ns/op
WorkloadActual  12: 8388608 op, 593356453.00 ns, 70.7336 ns/op
WorkloadActual  13: 8388608 op, 593327028.00 ns, 70.7301 ns/op
WorkloadActual  14: 8388608 op, 594004353.00 ns, 70.8108 ns/op
WorkloadActual  15: 8388608 op, 593945724.00 ns, 70.8038 ns/op

// AfterActualRun
WorkloadResult   1: 8388608 op, 566092889.00 ns, 67.4835 ns/op
WorkloadResult   2: 8388608 op, 566115021.00 ns, 67.4862 ns/op
WorkloadResult   3: 8388608 op, 566051292.00 ns, 67.4786 ns/op
WorkloadResult   4: 8388608 op, 565924816.00 ns, 67.4635 ns/op
WorkloadResult   5: 8388608 op, 566396617.00 ns, 67.5197 ns/op
WorkloadResult   6: 8388608 op, 566447522.00 ns, 67.5258 ns/op
WorkloadResult   7: 8388608 op, 566248501.00 ns, 67.5021 ns/op
WorkloadResult   8: 8388608 op, 566298414.00 ns, 67.5080 ns/op
WorkloadResult   9: 8388608 op, 565523165.00 ns, 67.4156 ns/op
WorkloadResult  10: 8388608 op, 566249184.00 ns, 67.5022 ns/op
WorkloadResult  11: 8388608 op, 565581566.00 ns, 67.4226 ns/op
WorkloadResult  12: 8388608 op, 565552141.00 ns, 67.4191 ns/op
WorkloadResult  13: 8388608 op, 566229466.00 ns, 67.4998 ns/op
WorkloadResult  14: 8388608 op, 566170837.00 ns, 67.4928 ns/op
// GC:  0 0 0 0 8388608
// Threading:  0 0 8388608

// AfterAll
// Benchmark Process 4404 has exited with code 0.

Mean = 67.526 ns, StdErr = 0.019 ns (0.03%), N = 29, StdDev = 0.102 ns
Min = 67.365 ns, Q1 = 67.465 ns, Median = 67.502 ns, Q3 = 67.526 ns, Max = 67.742 ns
IQR = 0.061 ns, LowerFence = 67.373 ns, UpperFence = 67.618 ns
ConfidenceInterval = [67.457 ns; 67.595 ns] (CI 99.9%), Margin = 0.069 ns (0.10% of Mean)
Skewness = 0.84, Kurtosis = 2.63, MValue = 2

// ** Remained 0 (0.0 %) benchmark(s) to run. Estimated finish 2026-05-03 1:54 (0h 0m from now) **
// ***** BenchmarkRunner: Finish  *****

// * Export *
  artifacts/performance/Core/results/Encina.Benchmarks.Sharding.ShardReplicaSelectionBenchmarks-report.csv
  artifacts/performance/Core/results/Encina.Benchmarks.Sharding.ShardReplicaSelectionBenchmarks-report-github.md
  artifacts/performance/Core/results/Encina.Benchmarks.Sharding.ShardReplicaSelectionBenchmarks-report.html
  artifacts/performance/Core/results/Encina.Benchmarks.Sharding.ShardReplicaSelectionBenchmarks-report-full-compressed.json

// * Detailed results *
ShardReplicaSelectionBenchmarks.RoundRobin.SelectReplica: DefaultJob
Runtime = .NET 10.0.7 (10.0.7, 10.0.726.21808), X64 RyuJIT x86-64-v3; GC = Concurrent Workstation
Mean = 5.569 ns, StdErr = 0.001 ns (0.02%), N = 13, StdDev = 0.005 ns
Min = 5.560 ns, Q1 = 5.566 ns, Median = 5.570 ns, Q3 = 5.572 ns, Max = 5.574 ns
IQR = 0.006 ns, LowerFence = 5.558 ns, UpperFence = 5.581 ns
ConfidenceInterval = [5.564 ns; 5.574 ns] (CI 99.9%), Margin = 0.005 ns (0.10% of Mean)
Skewness = -0.56, Kurtosis = 1.8, MValue = 2
-------------------- Histogram --------------------
[5.558 ns ; 5.577 ns) | @@@@@@@@@@@@@
---------------------------------------------------

ShardReplicaSelectionBenchmarks.Random.SelectReplica: DefaultJob
Runtime = .NET 10.0.7 (10.0.7, 10.0.726.21808), X64 RyuJIT x86-64-v3; GC = Concurrent Workstation
Mean = 13.438 ns, StdErr = 0.002 ns (0.02%), N = 12, StdDev = 0.008 ns
Min = 13.425 ns, Q1 = 13.434 ns, Median = 13.436 ns, Q3 = 13.441 ns, Max = 13.453 ns
IQR = 0.007 ns, LowerFence = 13.423 ns, UpperFence = 13.452 ns
ConfidenceInterval = [13.427 ns; 13.448 ns] (CI 99.9%), Margin = 0.011 ns (0.08% of Mean)
Skewness = 0.24, Kurtosis = 2.08, MValue = 2
-------------------- Histogram --------------------
[13.420 ns ; 13.458 ns) | @@@@@@@@@@@@
---------------------------------------------------

ShardReplicaSelectionBenchmarks.LeastLatency.SelectReplica: DefaultJob
Runtime = .NET 10.0.7 (10.0.7, 10.0.726.21808), X64 RyuJIT x86-64-v3; GC = Concurrent Workstation
Mean = 103.035 ns, StdErr = 0.018 ns (0.02%), N = 14, StdDev = 0.069 ns
Min = 102.918 ns, Q1 = 102.997 ns, Median = 103.030 ns, Q3 = 103.067 ns, Max = 103.173 ns
IQR = 0.069 ns, LowerFence = 102.893 ns, UpperFence = 103.171 ns
ConfidenceInterval = [102.957 ns; 103.113 ns] (CI 99.9%), Margin = 0.078 ns (0.08% of Mean)
Skewness = 0.3, Kurtosis = 2.46, MValue = 2
-------------------- Histogram --------------------
[102.880 ns ; 103.211 ns) | @@@@@@@@@@@@@@
---------------------------------------------------

ShardReplicaSelectionBenchmarks.LeastConnections.SelectReplica: DefaultJob
Runtime = .NET 10.0.7 (10.0.7, 10.0.726.21808), X64 RyuJIT x86-64-v3; GC = Concurrent Workstation
Mean = 98.562 ns, StdErr = 0.027 ns (0.03%), N = 15, StdDev = 0.103 ns
Min = 98.440 ns, Q1 = 98.490 ns, Median = 98.525 ns, Q3 = 98.646 ns, Max = 98.748 ns
IQR = 0.156 ns, LowerFence = 98.256 ns, UpperFence = 98.880 ns
ConfidenceInterval = [98.452 ns; 98.672 ns] (CI 99.9%), Margin = 0.110 ns (0.11% of Mean)
Skewness = 0.44, Kurtosis = 1.64, MValue = 2
-------------------- Histogram --------------------
[98.385 ns ; 98.802 ns) | @@@@@@@@@@@@@@@
---------------------------------------------------

ShardReplicaSelectionBenchmarks.WeightedRandom.SelectReplica: DefaultJob
Runtime = .NET 10.0.7 (10.0.7, 10.0.726.21808), X64 RyuJIT x86-64-v3; GC = Concurrent Workstation
Mean = 64.613 ns, StdErr = 0.025 ns (0.04%), N = 14, StdDev = 0.095 ns
Min = 64.504 ns, Q1 = 64.546 ns, Median = 64.583 ns, Q3 = 64.644 ns, Max = 64.828 ns
IQR = 0.098 ns, LowerFence = 64.399 ns, UpperFence = 64.792 ns
ConfidenceInterval = [64.505 ns; 64.720 ns] (CI 99.9%), Margin = 0.108 ns (0.17% of Mean)
Skewness = 0.97, Kurtosis = 2.73, MValue = 2
-------------------- Histogram --------------------
[64.452 ns ; 64.880 ns) | @@@@@@@@@@@@@@
---------------------------------------------------

ShardReplicaSelectionBenchmarks.RoundRobin.SelectReplica: MediumRun(IterationCount=15, LaunchCount=2, WarmupCount=10)
Runtime = .NET 10.0.7 (10.0.7, 10.0.726.21808), X64 RyuJIT x86-64-v3; GC = Concurrent Workstation
Mean = 5.961 ns, StdErr = 0.002 ns (0.03%), N = 27, StdDev = 0.009 ns
Min = 5.943 ns, Q1 = 5.957 ns, Median = 5.961 ns, Q3 = 5.967 ns, Max = 5.981 ns
IQR = 0.010 ns, LowerFence = 5.941 ns, UpperFence = 5.982 ns
ConfidenceInterval = [5.955 ns; 5.967 ns] (CI 99.9%), Margin = 0.006 ns (0.10% of Mean)
Skewness = 0.19, Kurtosis = 2.82, MValue = 2
-------------------- Histogram --------------------
[5.939 ns ; 5.985 ns) | @@@@@@@@@@@@@@@@@@@@@@@@@@@
---------------------------------------------------

ShardReplicaSelectionBenchmarks.Random.SelectReplica: MediumRun(IterationCount=15, LaunchCount=2, WarmupCount=10)
Runtime = .NET 10.0.7 (10.0.7, 10.0.726.21808), X64 RyuJIT x86-64-v3; GC = Concurrent Workstation
Mean = 13.998 ns, StdErr = 0.004 ns (0.03%), N = 27, StdDev = 0.022 ns
Min = 13.975 ns, Q1 = 13.983 ns, Median = 13.993 ns, Q3 = 14.006 ns, Max = 14.077 ns
IQR = 0.023 ns, LowerFence = 13.948 ns, UpperFence = 14.041 ns
ConfidenceInterval = [13.983 ns; 14.014 ns] (CI 99.9%), Margin = 0.016 ns (0.11% of Mean)
Skewness = 1.84, Kurtosis = 6.99, MValue = 2
-------------------- Histogram --------------------
[13.965 ns ; 14.087 ns) | @@@@@@@@@@@@@@@@@@@@@@@@@@@
---------------------------------------------------

ShardReplicaSelectionBenchmarks.LeastLatency.SelectReplica: MediumRun(IterationCount=15, LaunchCount=2, WarmupCount=10)
Runtime = .NET 10.0.7 (10.0.7, 10.0.726.21808), X64 RyuJIT x86-64-v3; GC = Concurrent Workstation
Mean = 103.291 ns, StdErr = 0.045 ns (0.04%), N = 28, StdDev = 0.240 ns
Min = 102.956 ns, Q1 = 103.048 ns, Median = 103.324 ns, Q3 = 103.475 ns, Max = 103.713 ns
IQR = 0.427 ns, LowerFence = 102.407 ns, UpperFence = 104.116 ns
ConfidenceInterval = [103.124 ns; 103.458 ns] (CI 99.9%), Margin = 0.167 ns (0.16% of Mean)
Skewness = 0.09, Kurtosis = 1.52, MValue = 2
-------------------- Histogram --------------------
[102.852 ns ; 103.817 ns) | @@@@@@@@@@@@@@@@@@@@@@@@@@@@
---------------------------------------------------

ShardReplicaSelectionBenchmarks.LeastConnections.SelectReplica: MediumRun(IterationCount=15, LaunchCount=2, WarmupCount=10)
Runtime = .NET 10.0.7 (10.0.7, 10.0.726.21808), X64 RyuJIT x86-64-v3; GC = Concurrent Workstation
Mean = 99.258 ns, StdErr = 0.142 ns (0.14%), N = 27, StdDev = 0.739 ns
Min = 98.382 ns, Q1 = 98.471 ns, Median = 99.712 ns, Q3 = 99.958 ns, Max = 100.129 ns
IQR = 1.486 ns, LowerFence = 96.242 ns, UpperFence = 102.187 ns
ConfidenceInterval = [98.731 ns; 99.785 ns] (CI 99.9%), Margin = 0.527 ns (0.53% of Mean)
Skewness = -0.07, Kurtosis = 1.03, MValue = 2
-------------------- Histogram --------------------
[98.059 ns ; 100.453 ns) | @@@@@@@@@@@@@@@@@@@@@@@@@@@
---------------------------------------------------

ShardReplicaSelectionBenchmarks.WeightedRandom.SelectReplica: MediumRun(IterationCount=15, LaunchCount=2, WarmupCount=10)
Runtime = .NET 10.0.7 (10.0.7, 10.0.726.21808), X64 RyuJIT x86-64-v3; GC = Concurrent Workstation
Mean = 67.526 ns, StdErr = 0.019 ns (0.03%), N = 29, StdDev = 0.102 ns
Min = 67.365 ns, Q1 = 67.465 ns, Median = 67.502 ns, Q3 = 67.526 ns, Max = 67.742 ns
IQR = 0.061 ns, LowerFence = 67.373 ns, UpperFence = 67.618 ns
ConfidenceInterval = [67.457 ns; 67.595 ns] (CI 99.9%), Margin = 0.069 ns (0.10% of Mean)
Skewness = 0.84, Kurtosis = 2.63, MValue = 2
-------------------- Histogram --------------------
[67.321 ns ; 67.785 ns) | @@@@@@@@@@@@@@@@@@@@@@@@@@@@@
---------------------------------------------------

// * Summary *

BenchmarkDotNet v0.15.8, Linux Ubuntu 24.04.4 LTS (Noble Numbat)
AMD EPYC 7763 2.45GHz, 1 CPU, 4 logical and 2 physical cores
.NET SDK 10.0.203
  [Host]     : .NET 10.0.7 (10.0.7, 10.0.726.21808), X64 RyuJIT x86-64-v3
  DefaultJob : .NET 10.0.7 (10.0.7, 10.0.726.21808), X64 RyuJIT x86-64-v3
  MediumRun  : .NET 10.0.7 (10.0.7, 10.0.726.21808), X64 RyuJIT x86-64-v3


| Method                         | Job        | IterationCount | LaunchCount | WarmupCount | Mean       | Error     | StdDev    | Median     | Ratio | RatioSD | Rank | Allocated | Alloc Ratio |
|------------------------------- |----------- |--------------- |------------ |------------ |-----------:|----------:|----------:|-----------:|------:|--------:|-----:|----------:|------------:|
| RoundRobin.SelectReplica       | DefaultJob | Default        | Default     | Default     |   5.569 ns | 0.0054 ns | 0.0045 ns |   5.570 ns |  1.00 |    0.00 |    1 |         - |          NA |
| Random.SelectReplica           | DefaultJob | Default        | Default     | Default     |  13.438 ns | 0.0106 ns | 0.0082 ns |  13.436 ns |  2.41 |    0.00 |    2 |         - |          NA |
| LeastLatency.SelectReplica     | DefaultJob | Default        | Default     | Default     | 103.035 ns | 0.0777 ns | 0.0688 ns | 103.030 ns | 18.50 |    0.02 |    5 |         - |          NA |
| LeastConnections.SelectReplica | DefaultJob | Default        | Default     | Default     |  98.562 ns | 0.1101 ns | 0.1030 ns |  98.525 ns | 17.70 |    0.02 |    4 |         - |          NA |
| WeightedRandom.SelectReplica   | DefaultJob | Default        | Default     | Default     |  64.613 ns | 0.1076 ns | 0.0954 ns |  64.583 ns | 11.60 |    0.02 |    3 |         - |          NA |
|                                |            |                |             |             |            |           |           |            |       |         |      |           |             |
| RoundRobin.SelectReplica       | MediumRun  | 15             | 2           | 10          |   5.961 ns | 0.0061 ns | 0.0085 ns |   5.961 ns |  1.00 |    0.00 |    1 |         - |          NA |
| Random.SelectReplica           | MediumRun  | 15             | 2           | 10          |  13.998 ns | 0.0155 ns | 0.0218 ns |  13.993 ns |  2.35 |    0.00 |    2 |         - |          NA |
| LeastLatency.SelectReplica     | MediumRun  | 15             | 2           | 10          | 103.291 ns | 0.1673 ns | 0.2399 ns | 103.324 ns | 17.33 |    0.05 |    5 |         - |          NA |
| LeastConnections.SelectReplica | MediumRun  | 15             | 2           | 10          |  99.258 ns | 0.5269 ns | 0.7387 ns |  99.712 ns | 16.65 |    0.12 |    4 |         - |          NA |
| WeightedRandom.SelectReplica   | MediumRun  | 15             | 2           | 10          |  67.526 ns | 0.0693 ns | 0.1016 ns |  67.502 ns | 11.33 |    0.02 |    3 |         - |          NA |

// * Hints *
Outliers
  ShardReplicaSelectionBenchmarks.RoundRobin.SelectReplica: Default       -> 2 outliers were removed (8.91 ns, 8.92 ns)
  ShardReplicaSelectionBenchmarks.Random.SelectReplica: Default           -> 3 outliers were removed (16.75 ns..17.00 ns)
  ShardReplicaSelectionBenchmarks.LeastLatency.SelectReplica: Default     -> 1 outlier  was  removed (106.56 ns)
  ShardReplicaSelectionBenchmarks.WeightedRandom.SelectReplica: Default   -> 1 outlier  was  removed (69.09 ns)
  ShardReplicaSelectionBenchmarks.RoundRobin.SelectReplica: MediumRun     -> 3 outliers were removed (9.26 ns..9.46 ns)
  ShardReplicaSelectionBenchmarks.Random.SelectReplica: MediumRun         -> 4 outliers were removed (17.39 ns..17.64 ns)
  ShardReplicaSelectionBenchmarks.LeastLatency.SelectReplica: MediumRun   -> 1 outlier  was  removed (107.77 ns)
  ShardReplicaSelectionBenchmarks.WeightedRandom.SelectReplica: MediumRun -> 4 outliers were removed (71.02 ns..71.05 ns)
// * Config Issues *

// * Warnings *
Configuration
  Summary -> The exporter CsvExporter is already present in configuration. There may be unexpected results.
  Summary -> The exporter HtmlExporter is already present in configuration. There may be unexpected results.
  Summary -> The exporter MarkdownExporter-github is already present in configuration. There may be unexpected results.

// * Legends *
  Mean        : Arithmetic mean of all measurements
  Error       : Half of 99.9% confidence interval
  StdDev      : Standard deviation of all measurements
  Median      : Value separating the higher half of all measurements (50th percentile)
  Ratio       : Mean of the ratio distribution ([Current]/[Baseline])
  RatioSD     : Standard deviation of the ratio distribution ([Current]/[Baseline])
  Rank        : Relative position of current benchmark mean among all benchmarks (Arabic style)
  Allocated   : Allocated memory per single operation (managed only, inclusive, 1KB = 1024B)
  Alloc Ratio : Allocated memory ratio distribution ([Current]/[Baseline])
  1 ns        : 1 Nanosecond (0.000000001 sec)

// * Diagnostic Output - MemoryDiagnoser *


// ***** BenchmarkRunner: End *****
Run time: 00:05:22 (322.26 sec), executed benchmarks: 10

Global total time: 00:08:41 (521.2 sec), executed benchmarks: 10
// * Artifacts cleanup *
Artifacts cleanup is finished
