// Validating benchmarks:
// ***** BenchmarkRunner: Start   *****
// ***** Found 26 benchmark(s) in total *****
// ***** Building 1 exe(s) in Parallel: Start   *****
// start dotnet  restore --nodeReuse:false /p:UseSharedCompilation=false /p:Deterministic=true /p:Optimize=true /p:ArtifactsPath="/home/runner/work/Encina/Encina/tests/Encina.BenchmarkTests/Encina.Benchmarks/bin/Release/net10.0/Encina.Benchmarks-MediumRun-1/" /p:OutDir="/home/runner/work/Encina/Encina/tests/Encina.BenchmarkTests/Encina.Benchmarks/bin/Release/net10.0/Encina.Benchmarks-MediumRun-1/bin/Release/net10.0/" /p:OutputPath="/home/runner/work/Encina/Encina/tests/Encina.BenchmarkTests/Encina.Benchmarks/bin/Release/net10.0/Encina.Benchmarks-MediumRun-1/bin/Release/net10.0/" /p:PublishDir="/home/runner/work/Encina/Encina/tests/Encina.BenchmarkTests/Encina.Benchmarks/bin/Release/net10.0/Encina.Benchmarks-MediumRun-1/publish/" in /home/runner/work/Encina/Encina/tests/Encina.BenchmarkTests/Encina.Benchmarks/bin/Release/net10.0/Encina.Benchmarks-MediumRun-1
// command took 3.68 sec and exited with 0
// start dotnet  build -c Release --no-restore --nodeReuse:false /p:UseSharedCompilation=false /p:Deterministic=true /p:Optimize=true /p:ArtifactsPath="/home/runner/work/Encina/Encina/tests/Encina.BenchmarkTests/Encina.Benchmarks/bin/Release/net10.0/Encina.Benchmarks-MediumRun-1/" /p:OutDir="/home/runner/work/Encina/Encina/tests/Encina.BenchmarkTests/Encina.Benchmarks/bin/Release/net10.0/Encina.Benchmarks-MediumRun-1/bin/Release/net10.0/" /p:OutputPath="/home/runner/work/Encina/Encina/tests/Encina.BenchmarkTests/Encina.Benchmarks/bin/Release/net10.0/Encina.Benchmarks-MediumRun-1/bin/Release/net10.0/" /p:PublishDir="/home/runner/work/Encina/Encina/tests/Encina.BenchmarkTests/Encina.Benchmarks/bin/Release/net10.0/Encina.Benchmarks-MediumRun-1/publish/" --output "/home/runner/work/Encina/Encina/tests/Encina.BenchmarkTests/Encina.Benchmarks/bin/Release/net10.0/Encina.Benchmarks-MediumRun-1/bin/Release/net10.0/" in /home/runner/work/Encina/Encina/tests/Encina.BenchmarkTests/Encina.Benchmarks/bin/Release/net10.0/Encina.Benchmarks-MediumRun-1
// command took 191.73 sec and exited with 0
// ***** Done, took 00:03:15 (195.56 sec)   *****
// Found 26 benchmarks:
//   SpecificationEvaluatorBenchmarks.'Simple Where (single criterion)': MediumRun(IterationCount=15, LaunchCount=2, WarmupCount=10) [CriteriaCount=2]
//   SpecificationEvaluatorBenchmarks.'Direct LINQ Where (baseline)': MediumRun(IterationCount=15, LaunchCount=2, WarmupCount=10) [CriteriaCount=2]
//   SpecificationEvaluatorBenchmarks.'Complex predicates (parameterized)': MediumRun(IterationCount=15, LaunchCount=2, WarmupCount=10) [CriteriaCount=2]
//   SpecificationEvaluatorBenchmarks.'Two criteria (AND)': MediumRun(IterationCount=15, LaunchCount=2, WarmupCount=10) [CriteriaCount=2]
//   SpecificationEvaluatorBenchmarks.'Five criteria (AND)': MediumRun(IterationCount=15, LaunchCount=2, WarmupCount=10) [CriteriaCount=2]
//   SpecificationEvaluatorBenchmarks.'Ten criteria (AND)': MediumRun(IterationCount=15, LaunchCount=2, WarmupCount=10) [CriteriaCount=2]
//   SpecificationEvaluatorBenchmarks.'Keyset pagination': MediumRun(IterationCount=15, LaunchCount=2, WarmupCount=10) [CriteriaCount=2]
//   SpecificationEvaluatorBenchmarks.'Keyset pagination (fresh cursor)': MediumRun(IterationCount=15, LaunchCount=2, WarmupCount=10) [CriteriaCount=2]
//   SpecificationEvaluatorBenchmarks.'Lambda Include': MediumRun(IterationCount=15, LaunchCount=2, WarmupCount=10) [CriteriaCount=2]
//   SpecificationEvaluatorBenchmarks.'String Include': MediumRun(IterationCount=15, LaunchCount=2, WarmupCount=10) [CriteriaCount=2]
//   SpecificationEvaluatorBenchmarks.'Multi-column ordering': MediumRun(IterationCount=15, LaunchCount=2, WarmupCount=10) [CriteriaCount=2]
//   SpecificationEvaluatorBenchmarks.'Offset pagination (Skip/Take)': MediumRun(IterationCount=15, LaunchCount=2, WarmupCount=10) [CriteriaCount=2]
//   SpecificationEvaluatorBenchmarks.'Full specification (all features)': MediumRun(IterationCount=15, LaunchCount=2, WarmupCount=10) [CriteriaCount=2]
//   SpecificationEvaluatorBenchmarks.'Simple Where (single criterion)': MediumRun(IterationCount=15, LaunchCount=2, WarmupCount=10) [CriteriaCount=10]
//   SpecificationEvaluatorBenchmarks.'Direct LINQ Where (baseline)': MediumRun(IterationCount=15, LaunchCount=2, WarmupCount=10) [CriteriaCount=10]
//   SpecificationEvaluatorBenchmarks.'Complex predicates (parameterized)': MediumRun(IterationCount=15, LaunchCount=2, WarmupCount=10) [CriteriaCount=10]
//   SpecificationEvaluatorBenchmarks.'Two criteria (AND)': MediumRun(IterationCount=15, LaunchCount=2, WarmupCount=10) [CriteriaCount=10]
//   SpecificationEvaluatorBenchmarks.'Five criteria (AND)': MediumRun(IterationCount=15, LaunchCount=2, WarmupCount=10) [CriteriaCount=10]
//   SpecificationEvaluatorBenchmarks.'Ten criteria (AND)': MediumRun(IterationCount=15, LaunchCount=2, WarmupCount=10) [CriteriaCount=10]
//   SpecificationEvaluatorBenchmarks.'Keyset pagination': MediumRun(IterationCount=15, LaunchCount=2, WarmupCount=10) [CriteriaCount=10]
//   SpecificationEvaluatorBenchmarks.'Keyset pagination (fresh cursor)': MediumRun(IterationCount=15, LaunchCount=2, WarmupCount=10) [CriteriaCount=10]
//   SpecificationEvaluatorBenchmarks.'Lambda Include': MediumRun(IterationCount=15, LaunchCount=2, WarmupCount=10) [CriteriaCount=10]
//   SpecificationEvaluatorBenchmarks.'String Include': MediumRun(IterationCount=15, LaunchCount=2, WarmupCount=10) [CriteriaCount=10]
//   SpecificationEvaluatorBenchmarks.'Multi-column ordering': MediumRun(IterationCount=15, LaunchCount=2, WarmupCount=10) [CriteriaCount=10]
//   SpecificationEvaluatorBenchmarks.'Offset pagination (Skip/Take)': MediumRun(IterationCount=15, LaunchCount=2, WarmupCount=10) [CriteriaCount=10]
//   SpecificationEvaluatorBenchmarks.'Full specification (all features)': MediumRun(IterationCount=15, LaunchCount=2, WarmupCount=10) [CriteriaCount=10]

// **************************
// Benchmark: SpecificationEvaluatorBenchmarks.'Simple Where (single criterion)': MediumRun(IterationCount=15, LaunchCount=2, WarmupCount=10) [CriteriaCount=2]
// *** Execute ***
// Launch: 1 / 2
// Execute: dotnet Encina.Benchmarks-MediumRun-1.dll --anonymousPipes 244 245 --benchmarkName "Encina.Benchmarks.EntityFrameworkCore.SpecificationEvaluatorBenchmarks.SimplePredicate_SingleWhere(CriteriaCount: 2)" --job MediumRun --benchmarkId 0 in /home/runner/work/Encina/Encina/tests/Encina.BenchmarkTests/Encina.Benchmarks/bin/Release/net10.0/Encina.Benchmarks-MediumRun-1/bin/Release/net10.0
// Failed to set up high priority (Permission denied). In order to run benchmarks with high priority, make sure you have the right permissions.
// BeforeAnythingElse

// Benchmark Process Environment Information:
// BenchmarkDotNet v0.15.8
// Runtime=.NET 10.0.7 (10.0.7, 10.0.726.21808), X64 RyuJIT x86-64-v3
// GC=Concurrent Workstation
// HardwareIntrinsics=AVX2+BMI1+BMI2+F16C+FMA+LZCNT+MOVBE,AVX,SSE3+SSSE3+SSE4.1+SSE4.2+POPCNT,X86Base+SSE+SSE2,AES+PCLMUL VectorSize=256
// Job: MediumRun(IterationCount=15, LaunchCount=2, WarmupCount=10)

OverheadJitting  1: 1 op, 276014.00 ns, 276.0140 us/op
WorkloadJitting  1: 1 op, 391997673.00 ns, 391.9977 ms/op

OverheadJitting  2: 1 op, 360.00 ns, 360.0000 ns/op
WorkloadJitting  2: 1 op, 2848675.00 ns, 2.8487 ms/op

OverheadJitting  3: 16 op, 509895.00 ns, 31.8684 us/op
WorkloadJitting  3: 16 op, 974262.00 ns, 60.8914 us/op

WorkloadPilot    1: 16 op, 424256.00 ns, 26.5160 us/op
WorkloadPilot    2: 32 op, 759569.00 ns, 23.7365 us/op
WorkloadPilot    3: 64 op, 1411018.00 ns, 22.0472 us/op
WorkloadPilot    4: 128 op, 2504578.00 ns, 19.5670 us/op
WorkloadPilot    5: 256 op, 5142506.00 ns, 20.0879 us/op
WorkloadPilot    6: 512 op, 9539915.00 ns, 18.6326 us/op
WorkloadPilot    7: 1024 op, 19017125.00 ns, 18.5714 us/op
WorkloadPilot    8: 2048 op, 35484293.00 ns, 17.3263 us/op
WorkloadPilot    9: 4096 op, 68721645.00 ns, 16.7777 us/op
WorkloadPilot   10: 8192 op, 119622540.00 ns, 14.6024 us/op
WorkloadPilot   11: 16384 op, 240917901.00 ns, 14.7045 us/op
WorkloadPilot   12: 32768 op, 479092837.00 ns, 14.6208 us/op
WorkloadPilot   13: 65536 op, 967376264.00 ns, 14.7610 us/op

OverheadWarmup   1: 65536 op, 254071.00 ns, 3.8768 ns/op
OverheadWarmup   2: 65536 op, 253821.00 ns, 3.8730 ns/op
OverheadWarmup   3: 65536 op, 251037.00 ns, 3.8305 ns/op
OverheadWarmup   4: 65536 op, 265519.00 ns, 4.0515 ns/op
OverheadWarmup   5: 65536 op, 251447.00 ns, 3.8368 ns/op
OverheadWarmup   6: 65536 op, 251387.00 ns, 3.8359 ns/op
OverheadWarmup   7: 65536 op, 268542.00 ns, 4.0976 ns/op
OverheadWarmup   8: 65536 op, 250846.00 ns, 3.8276 ns/op

OverheadActual   1: 65536 op, 255613.00 ns, 3.9003 ns/op
OverheadActual   2: 65536 op, 251397.00 ns, 3.8360 ns/op
OverheadActual   3: 65536 op, 271067.00 ns, 4.1362 ns/op
OverheadActual   4: 65536 op, 248783.00 ns, 3.7961 ns/op
OverheadActual   5: 65536 op, 248803.00 ns, 3.7964 ns/op
OverheadActual   6: 65536 op, 266339.00 ns, 4.0640 ns/op
OverheadActual   7: 65536 op, 248163.00 ns, 3.7867 ns/op
OverheadActual   8: 65536 op, 251157.00 ns, 3.8324 ns/op
OverheadActual   9: 65536 op, 264557.00 ns, 4.0368 ns/op
OverheadActual  10: 65536 op, 253290.00 ns, 3.8649 ns/op
OverheadActual  11: 65536 op, 256625.00 ns, 3.9158 ns/op
OverheadActual  12: 65536 op, 266520.00 ns, 4.0668 ns/op
OverheadActual  13: 65536 op, 253010.00 ns, 3.8606 ns/op
OverheadActual  14: 65536 op, 255974.00 ns, 3.9059 ns/op
OverheadActual  15: 65536 op, 253361.00 ns, 3.8660 ns/op

WorkloadWarmup   1: 65536 op, 978317522.00 ns, 14.9279 us/op
WorkloadWarmup   2: 65536 op, 970791128.00 ns, 14.8131 us/op
WorkloadWarmup   3: 65536 op, 965777418.00 ns, 14.7366 us/op
WorkloadWarmup   4: 65536 op, 980759064.00 ns, 14.9652 us/op
WorkloadWarmup   5: 65536 op, 980270081.00 ns, 14.9577 us/op
WorkloadWarmup   6: 65536 op, 995783649.00 ns, 15.1945 us/op
WorkloadWarmup   7: 65536 op, 984113528.00 ns, 15.0164 us/op
WorkloadWarmup   8: 65536 op, 987759028.00 ns, 15.0720 us/op
WorkloadWarmup   9: 65536 op, 986143644.00 ns, 15.0474 us/op
WorkloadWarmup  10: 65536 op, 985759878.00 ns, 15.0415 us/op

// BeforeActualRun
WorkloadActual   1: 65536 op, 979646615.00 ns, 14.9482 us/op
WorkloadActual   2: 65536 op, 971455546.00 ns, 14.8232 us/op
WorkloadActual   3: 65536 op, 962377655.00 ns, 14.6847 us/op
WorkloadActual   4: 65536 op, 970112511.00 ns, 14.8027 us/op
WorkloadActual   5: 65536 op, 964233489.00 ns, 14.7130 us/op
WorkloadActual   6: 65536 op, 964754451.00 ns, 14.7210 us/op
WorkloadActual   7: 65536 op, 959617814.00 ns, 14.6426 us/op
WorkloadActual   8: 65536 op, 964999174.00 ns, 14.7247 us/op
WorkloadActual   9: 65536 op, 968347603.00 ns, 14.7758 us/op
WorkloadActual  10: 65536 op, 964612616.00 ns, 14.7188 us/op
WorkloadActual  11: 65536 op, 966563903.00 ns, 14.7486 us/op
WorkloadActual  12: 65536 op, 960722308.00 ns, 14.6595 us/op
WorkloadActual  13: 65536 op, 958287605.00 ns, 14.6223 us/op
WorkloadActual  14: 65536 op, 964659565.00 ns, 14.7195 us/op
WorkloadActual  15: 65536 op, 961987617.00 ns, 14.6788 us/op

// AfterActualRun
WorkloadResult   1: 65536 op, 971202185.00 ns, 14.8194 us/op
WorkloadResult   2: 65536 op, 962124294.00 ns, 14.6809 us/op
WorkloadResult   3: 65536 op, 969859150.00 ns, 14.7989 us/op
WorkloadResult   4: 65536 op, 963980128.00 ns, 14.7092 us/op
WorkloadResult   5: 65536 op, 964501090.00 ns, 14.7171 us/op
WorkloadResult   6: 65536 op, 959364453.00 ns, 14.6387 us/op
WorkloadResult   7: 65536 op, 964745813.00 ns, 14.7209 us/op
WorkloadResult   8: 65536 op, 968094242.00 ns, 14.7719 us/op
WorkloadResult   9: 65536 op, 964359255.00 ns, 14.7150 us/op
WorkloadResult  10: 65536 op, 966310542.00 ns, 14.7447 us/op
WorkloadResult  11: 65536 op, 960468947.00 ns, 14.6556 us/op
WorkloadResult  12: 65536 op, 958034244.00 ns, 14.6184 us/op
WorkloadResult  13: 65536 op, 964406204.00 ns, 14.7157 us/op
WorkloadResult  14: 65536 op, 961734256.00 ns, 14.6749 us/op
// GC:  25 0 0 432542592 65536
// Threading:  0 0 65536

// AfterAll
// Benchmark Process 4830 has exited with code 0.
// Launch: 2 / 2
// Execute: dotnet Encina.Benchmarks-MediumRun-1.dll --anonymousPipes 244 245 --benchmarkName "Encina.Benchmarks.EntityFrameworkCore.SpecificationEvaluatorBenchmarks.SimplePredicate_SingleWhere(CriteriaCount: 2)" --job MediumRun --benchmarkId 0 in /home/runner/work/Encina/Encina/tests/Encina.BenchmarkTests/Encina.Benchmarks/bin/Release/net10.0/Encina.Benchmarks-MediumRun-1/bin/Release/net10.0
// Failed to set up high priority (Permission denied). In order to run benchmarks with high priority, make sure you have the right permissions.
// BeforeAnythingElse

// Benchmark Process Environment Information:
// BenchmarkDotNet v0.15.8
// Runtime=.NET 10.0.7 (10.0.7, 10.0.726.21808), X64 RyuJIT x86-64-v3
// GC=Concurrent Workstation
// HardwareIntrinsics=AVX2+BMI1+BMI2+F16C+FMA+LZCNT+MOVBE,AVX,SSE3+SSSE3+SSE4.1+SSE4.2+POPCNT,X86Base+SSE+SSE2,AES+PCLMUL VectorSize=256
// Job: MediumRun(IterationCount=15, LaunchCount=2, WarmupCount=10)

OverheadJitting  1: 1 op, 253981.00 ns, 253.9810 us/op
WorkloadJitting  1: 1 op, 390196628.00 ns, 390.1966 ms/op

OverheadJitting  2: 1 op, 430.00 ns, 430.0000 ns/op
WorkloadJitting  2: 1 op, 2829506.00 ns, 2.8295 ms/op

OverheadJitting  3: 16 op, 513541.00 ns, 32.0963 us/op
WorkloadJitting  3: 16 op, 995213.00 ns, 62.2008 us/op

WorkloadPilot    1: 16 op, 421512.00 ns, 26.3445 us/op
WorkloadPilot    2: 32 op, 747621.00 ns, 23.3632 us/op
WorkloadPilot    3: 64 op, 1393451.00 ns, 21.7727 us/op
WorkloadPilot    4: 128 op, 2485008.00 ns, 19.4141 us/op
WorkloadPilot    5: 256 op, 5081635.00 ns, 19.8501 us/op
WorkloadPilot    6: 512 op, 9415327.00 ns, 18.3893 us/op
WorkloadPilot    7: 1024 op, 18805356.00 ns, 18.3646 us/op
WorkloadPilot    8: 2048 op, 35702961.00 ns, 17.4331 us/op
WorkloadPilot    9: 4096 op, 68372290.00 ns, 16.6925 us/op
WorkloadPilot   10: 8192 op, 118963340.00 ns, 14.5219 us/op
WorkloadPilot   11: 16384 op, 237077185.00 ns, 14.4700 us/op
WorkloadPilot   12: 32768 op, 471639858.00 ns, 14.3933 us/op
WorkloadPilot   13: 65536 op, 950916310.00 ns, 14.5098 us/op

OverheadWarmup   1: 65536 op, 243415.00 ns, 3.7142 ns/op
OverheadWarmup   2: 65536 op, 243145.00 ns, 3.7101 ns/op
OverheadWarmup   3: 65536 op, 220390.00 ns, 3.3629 ns/op
OverheadWarmup   4: 65536 op, 220291.00 ns, 3.3614 ns/op
OverheadWarmup   5: 65536 op, 243195.00 ns, 3.7109 ns/op
OverheadWarmup   6: 65536 op, 242363.00 ns, 3.6982 ns/op
OverheadWarmup   7: 65536 op, 265258.00 ns, 4.0475 ns/op
OverheadWarmup   8: 65536 op, 220511.00 ns, 3.3647 ns/op

OverheadActual   1: 65536 op, 243215.00 ns, 3.7112 ns/op
OverheadActual   2: 65536 op, 270175.00 ns, 4.1225 ns/op
OverheadActual   3: 65536 op, 253740.00 ns, 3.8718 ns/op
OverheadActual   4: 65536 op, 248493.00 ns, 3.7917 ns/op
OverheadActual   5: 65536 op, 248353.00 ns, 3.7896 ns/op
OverheadActual   6: 65536 op, 251758.00 ns, 3.8415 ns/op
OverheadActual   7: 65536 op, 285488.00 ns, 4.3562 ns/op
OverheadActual   8: 65536 op, 277477.00 ns, 4.2340 ns/op
OverheadActual   9: 65536 op, 272799.00 ns, 4.1626 ns/op
OverheadActual  10: 65536 op, 251047.00 ns, 3.8307 ns/op
OverheadActual  11: 65536 op, 271848.00 ns, 4.1481 ns/op
OverheadActual  12: 65536 op, 250506.00 ns, 3.8224 ns/op
OverheadActual  13: 65536 op, 250877.00 ns, 3.8281 ns/op
OverheadActual  14: 65536 op, 270085.00 ns, 4.1212 ns/op
OverheadActual  15: 65536 op, 272529.00 ns, 4.1585 ns/op
OverheadActual  16: 65536 op, 220340.00 ns, 3.3621 ns/op
OverheadActual  17: 65536 op, 235934.00 ns, 3.6001 ns/op
OverheadActual  18: 65536 op, 243155.00 ns, 3.7103 ns/op
OverheadActual  19: 65536 op, 233220.00 ns, 3.5587 ns/op
OverheadActual  20: 65536 op, 220561.00 ns, 3.3655 ns/op

WorkloadWarmup   1: 65536 op, 956485751.00 ns, 14.5948 us/op
WorkloadWarmup   2: 65536 op, 954860422.00 ns, 14.5700 us/op
WorkloadWarmup   3: 65536 op, 942695720.00 ns, 14.3844 us/op
WorkloadWarmup   4: 65536 op, 941560916.00 ns, 14.3671 us/op
WorkloadWarmup   5: 65536 op, 938517750.00 ns, 14.3206 us/op
WorkloadWarmup   6: 65536 op, 939334717.00 ns, 14.3331 us/op
WorkloadWarmup   7: 65536 op, 939585057.00 ns, 14.3369 us/op
WorkloadWarmup   8: 65536 op, 943056795.00 ns, 14.3899 us/op
WorkloadWarmup   9: 65536 op, 940154650.00 ns, 14.3456 us/op
WorkloadWarmup  10: 65536 op, 941116964.00 ns, 14.3603 us/op

// BeforeActualRun
WorkloadActual   1: 65536 op, 942271566.00 ns, 14.3779 us/op
WorkloadActual   2: 65536 op, 941588195.00 ns, 14.3675 us/op
WorkloadActual   3: 65536 op, 947206386.00 ns, 14.4532 us/op
WorkloadActual   4: 65536 op, 944652519.00 ns, 14.4143 us/op
WorkloadActual   5: 65536 op, 937495073.00 ns, 14.3050 us/op
WorkloadActual   6: 65536 op, 937843165.00 ns, 14.3104 us/op
WorkloadActual   7: 65536 op, 937011286.00 ns, 14.2977 us/op
WorkloadActual   8: 65536 op, 940978009.00 ns, 14.3582 us/op
WorkloadActual   9: 65536 op, 944400956.00 ns, 14.4104 us/op
WorkloadActual  10: 65536 op, 942826282.00 ns, 14.3864 us/op
WorkloadActual  11: 65536 op, 944427324.00 ns, 14.4108 us/op
WorkloadActual  12: 65536 op, 941870468.00 ns, 14.3718 us/op
WorkloadActual  13: 65536 op, 940608203.00 ns, 14.3525 us/op
WorkloadActual  14: 65536 op, 939622977.00 ns, 14.3375 us/op
WorkloadActual  15: 65536 op, 941417578.00 ns, 14.3649 us/op

// AfterActualRun
WorkloadResult   1: 65536 op, 942020604.00 ns, 14.3741 us/op
WorkloadResult   2: 65536 op, 941337233.00 ns, 14.3637 us/op
WorkloadResult   3: 65536 op, 946955424.00 ns, 14.4494 us/op
WorkloadResult   4: 65536 op, 944401557.00 ns, 14.4104 us/op
WorkloadResult   5: 65536 op, 937244111.00 ns, 14.3012 us/op
WorkloadResult   6: 65536 op, 937592203.00 ns, 14.3065 us/op
WorkloadResult   7: 65536 op, 936760324.00 ns, 14.2938 us/op
WorkloadResult   8: 65536 op, 940727047.00 ns, 14.3544 us/op
WorkloadResult   9: 65536 op, 944149994.00 ns, 14.4066 us/op
WorkloadResult  10: 65536 op, 942575320.00 ns, 14.3826 us/op
WorkloadResult  11: 65536 op, 944176362.00 ns, 14.4070 us/op
WorkloadResult  12: 65536 op, 941619506.00 ns, 14.3680 us/op
WorkloadResult  13: 65536 op, 940357241.00 ns, 14.3487 us/op
WorkloadResult  14: 65536 op, 939372015.00 ns, 14.3337 us/op
WorkloadResult  15: 65536 op, 941166616.00 ns, 14.3611 us/op
// GC:  25 0 0 432542592 65536
// Threading:  0 0 65536

// AfterAll
// Benchmark Process 4877 has exited with code 0.

Mean = 14.532 μs, StdErr = 0.034 μs (0.24%), N = 29, StdDev = 0.184 μs
Min = 14.294 μs, Q1 = 14.364 μs, Median = 14.449 μs, Q3 = 14.715 μs, Max = 14.819 μs
IQR = 0.351 μs, LowerFence = 13.837 μs, UpperFence = 15.242 μs
ConfidenceInterval = [14.407 μs; 14.658 μs] (CI 99.9%), Margin = 0.126 μs (0.87% of Mean)
Skewness = 0.12, Kurtosis = 1.22, MValue = 2

// ** Remained 25 (96.2 %) benchmark(s) to run. Estimated finish 2026-05-03 2:20 (0h 23m from now) **
// **************************
// Benchmark: SpecificationEvaluatorBenchmarks.'Direct LINQ Where (baseline)': MediumRun(IterationCount=15, LaunchCount=2, WarmupCount=10) [CriteriaCount=2]
// *** Execute ***
// Launch: 1 / 2
// Execute: dotnet Encina.Benchmarks-MediumRun-1.dll --anonymousPipes 244 245 --benchmarkName "Encina.Benchmarks.EntityFrameworkCore.SpecificationEvaluatorBenchmarks.DirectLinq_Where(CriteriaCount: 2)" --job MediumRun --benchmarkId 1 in /home/runner/work/Encina/Encina/tests/Encina.BenchmarkTests/Encina.Benchmarks/bin/Release/net10.0/Encina.Benchmarks-MediumRun-1/bin/Release/net10.0
// Failed to set up high priority (Permission denied). In order to run benchmarks with high priority, make sure you have the right permissions.
// BeforeAnythingElse

// Benchmark Process Environment Information:
// BenchmarkDotNet v0.15.8
// Runtime=.NET 10.0.7 (10.0.7, 10.0.726.21808), X64 RyuJIT x86-64-v3
// GC=Concurrent Workstation
// HardwareIntrinsics=AVX2+BMI1+BMI2+F16C+FMA+LZCNT+MOVBE,AVX,SSE3+SSSE3+SSE4.1+SSE4.2+POPCNT,X86Base+SSE+SSE2,AES+PCLMUL VectorSize=256
// Job: MediumRun(IterationCount=15, LaunchCount=2, WarmupCount=10)

OverheadJitting  1: 1 op, 259940.00 ns, 259.9400 us/op
WorkloadJitting  1: 1 op, 377580997.00 ns, 377.5810 ms/op

OverheadJitting  2: 1 op, 380.00 ns, 380.0000 ns/op
WorkloadJitting  2: 1 op, 2732661.00 ns, 2.7327 ms/op

OverheadJitting  3: 16 op, 524046.00 ns, 32.7529 us/op
WorkloadJitting  3: 16 op, 930126.00 ns, 58.1329 us/op

WorkloadPilot    1: 16 op, 365869.00 ns, 22.8668 us/op
WorkloadPilot    2: 32 op, 633640.00 ns, 19.8013 us/op
WorkloadPilot    3: 64 op, 1187102.00 ns, 18.5485 us/op
WorkloadPilot    4: 128 op, 2045259.00 ns, 15.9786 us/op
WorkloadPilot    5: 256 op, 4200884.00 ns, 16.4097 us/op
WorkloadPilot    6: 512 op, 7980886.00 ns, 15.5877 us/op
WorkloadPilot    7: 1024 op, 15152096.00 ns, 14.7970 us/op
WorkloadPilot    8: 2048 op, 29678835.00 ns, 14.4916 us/op
WorkloadPilot    9: 4096 op, 56476185.00 ns, 13.7881 us/op
WorkloadPilot   10: 8192 op, 97025571.00 ns, 11.8439 us/op
WorkloadPilot   11: 16384 op, 195003882.00 ns, 11.9021 us/op
WorkloadPilot   12: 32768 op, 393375948.00 ns, 12.0049 us/op
WorkloadPilot   13: 65536 op, 775416226.00 ns, 11.8319 us/op

OverheadWarmup   1: 65536 op, 254923.00 ns, 3.8898 ns/op
OverheadWarmup   2: 65536 op, 264157.00 ns, 4.0307 ns/op
OverheadWarmup   3: 65536 op, 250897.00 ns, 3.8284 ns/op
OverheadWarmup   4: 65536 op, 250796.00 ns, 3.8268 ns/op
OverheadWarmup   5: 65536 op, 265929.00 ns, 4.0578 ns/op
OverheadWarmup   6: 65536 op, 250716.00 ns, 3.8256 ns/op

OverheadActual   1: 65536 op, 265018.00 ns, 4.0439 ns/op
OverheadActual   2: 65536 op, 251427.00 ns, 3.8365 ns/op
OverheadActual   3: 65536 op, 269394.00 ns, 4.1106 ns/op
OverheadActual   4: 65536 op, 268122.00 ns, 4.0912 ns/op
OverheadActual   5: 65536 op, 249013.00 ns, 3.7996 ns/op
OverheadActual   6: 65536 op, 269775.00 ns, 4.1164 ns/op
OverheadActual   7: 65536 op, 251097.00 ns, 3.8314 ns/op
OverheadActual   8: 65536 op, 250485.00 ns, 3.8221 ns/op
OverheadActual   9: 65536 op, 250656.00 ns, 3.8247 ns/op
OverheadActual  10: 65536 op, 250926.00 ns, 3.8288 ns/op
OverheadActual  11: 65536 op, 251227.00 ns, 3.8334 ns/op
OverheadActual  12: 65536 op, 250636.00 ns, 3.8244 ns/op
OverheadActual  13: 65536 op, 253210.00 ns, 3.8637 ns/op
OverheadActual  14: 65536 op, 256275.00 ns, 3.9104 ns/op
OverheadActual  15: 65536 op, 265970.00 ns, 4.0584 ns/op

WorkloadWarmup   1: 65536 op, 788673029.00 ns, 12.0342 us/op
WorkloadWarmup   2: 65536 op, 786292697.00 ns, 11.9979 us/op
WorkloadWarmup   3: 65536 op, 777257146.00 ns, 11.8600 us/op
WorkloadWarmup   4: 65536 op, 770802293.00 ns, 11.7615 us/op
WorkloadWarmup   5: 65536 op, 776598922.00 ns, 11.8500 us/op
WorkloadWarmup   6: 65536 op, 774838780.00 ns, 11.8231 us/op
WorkloadWarmup   7: 65536 op, 771749115.00 ns, 11.7760 us/op
WorkloadWarmup   8: 65536 op, 771761062.00 ns, 11.7761 us/op
WorkloadWarmup   9: 65536 op, 770763786.00 ns, 11.7609 us/op
WorkloadWarmup  10: 65536 op, 771753912.00 ns, 11.7760 us/op

// BeforeActualRun
WorkloadActual   1: 65536 op, 777112523.00 ns, 11.8578 us/op
WorkloadActual   2: 65536 op, 777269608.00 ns, 11.8602 us/op
WorkloadActual   3: 65536 op, 779099673.00 ns, 11.8881 us/op
WorkloadActual   4: 65536 op, 772366187.00 ns, 11.7854 us/op
WorkloadActual   5: 65536 op, 772780103.00 ns, 11.7917 us/op
WorkloadActual   6: 65536 op, 774717971.00 ns, 11.8213 us/op
WorkloadActual   7: 65536 op, 765604475.00 ns, 11.6822 us/op
WorkloadActual   8: 65536 op, 771994263.00 ns, 11.7797 us/op
WorkloadActual   9: 65536 op, 766273835.00 ns, 11.6924 us/op
WorkloadActual  10: 65536 op, 767971267.00 ns, 11.7183 us/op
WorkloadActual  11: 65536 op, 765728802.00 ns, 11.6841 us/op
WorkloadActual  12: 65536 op, 766743434.00 ns, 11.6996 us/op
WorkloadActual  13: 65536 op, 769267642.00 ns, 11.7381 us/op
WorkloadActual  14: 65536 op, 768062496.00 ns, 11.7197 us/op
WorkloadActual  15: 65536 op, 766730988.00 ns, 11.6994 us/op

// AfterActualRun
WorkloadResult   1: 65536 op, 776861096.00 ns, 11.8540 us/op
WorkloadResult   2: 65536 op, 777018181.00 ns, 11.8564 us/op
WorkloadResult   3: 65536 op, 778848246.00 ns, 11.8843 us/op
WorkloadResult   4: 65536 op, 772114760.00 ns, 11.7815 us/op
WorkloadResult   5: 65536 op, 772528676.00 ns, 11.7879 us/op
WorkloadResult   6: 65536 op, 774466544.00 ns, 11.8174 us/op
WorkloadResult   7: 65536 op, 765353048.00 ns, 11.6784 us/op
WorkloadResult   8: 65536 op, 771742836.00 ns, 11.7759 us/op
WorkloadResult   9: 65536 op, 766022408.00 ns, 11.6886 us/op
WorkloadResult  10: 65536 op, 767719840.00 ns, 11.7145 us/op
WorkloadResult  11: 65536 op, 765477375.00 ns, 11.6803 us/op
WorkloadResult  12: 65536 op, 766492007.00 ns, 11.6957 us/op
WorkloadResult  13: 65536 op, 769016215.00 ns, 11.7343 us/op
WorkloadResult  14: 65536 op, 767811069.00 ns, 11.7159 us/op
WorkloadResult  15: 65536 op, 766479561.00 ns, 11.6955 us/op
// GC:  21 0 0 352850048 65536
// Threading:  0 0 65536

// AfterAll
// Benchmark Process 4895 has exited with code 0.
// Launch: 2 / 2
// Execute: dotnet Encina.Benchmarks-MediumRun-1.dll --anonymousPipes 244 245 --benchmarkName "Encina.Benchmarks.EntityFrameworkCore.SpecificationEvaluatorBenchmarks.DirectLinq_Where(CriteriaCount: 2)" --job MediumRun --benchmarkId 1 in /home/runner/work/Encina/Encina/tests/Encina.BenchmarkTests/Encina.Benchmarks/bin/Release/net10.0/Encina.Benchmarks-MediumRun-1/bin/Release/net10.0
// Failed to set up high priority (Permission denied). In order to run benchmarks with high priority, make sure you have the right permissions.
// BeforeAnythingElse

// Benchmark Process Environment Information:
// BenchmarkDotNet v0.15.8
// Runtime=.NET 10.0.7 (10.0.7, 10.0.726.21808), X64 RyuJIT x86-64-v3
// GC=Concurrent Workstation
// HardwareIntrinsics=AVX2+BMI1+BMI2+F16C+FMA+LZCNT+MOVBE,AVX,SSE3+SSSE3+SSE4.1+SSE4.2+POPCNT,X86Base+SSE+SSE2,AES+PCLMUL VectorSize=256
// Job: MediumRun(IterationCount=15, LaunchCount=2, WarmupCount=10)

OverheadJitting  1: 1 op, 241182.00 ns, 241.1820 us/op
WorkloadJitting  1: 1 op, 377700874.00 ns, 377.7009 ms/op

OverheadJitting  2: 1 op, 550.00 ns, 550.0000 ns/op
WorkloadJitting  2: 1 op, 2699310.00 ns, 2.6993 ms/op

OverheadJitting  3: 16 op, 521412.00 ns, 32.5883 us/op
WorkloadJitting  3: 16 op, 879039.00 ns, 54.9399 us/op

WorkloadPilot    1: 16 op, 376424.00 ns, 23.5265 us/op
WorkloadPilot    2: 32 op, 622574.00 ns, 19.4554 us/op
WorkloadPilot    3: 64 op, 1118138.00 ns, 17.4709 us/op
WorkloadPilot    4: 128 op, 2025649.00 ns, 15.8254 us/op
WorkloadPilot    5: 256 op, 4089506.00 ns, 15.9746 us/op
WorkloadPilot    6: 512 op, 7696999.00 ns, 15.0332 us/op
WorkloadPilot    7: 1024 op, 16103042.00 ns, 15.7256 us/op
WorkloadPilot    8: 2048 op, 31023711.00 ns, 15.1483 us/op
WorkloadPilot    9: 4096 op, 56369001.00 ns, 13.7620 us/op
WorkloadPilot   10: 8192 op, 98050042.00 ns, 11.9690 us/op
WorkloadPilot   11: 16384 op, 197664453.00 ns, 12.0645 us/op
WorkloadPilot   12: 32768 op, 396735035.00 ns, 12.1074 us/op
WorkloadPilot   13: 65536 op, 788062856.00 ns, 12.0249 us/op

OverheadWarmup   1: 65536 op, 269264.00 ns, 4.1086 ns/op
OverheadWarmup   2: 65536 op, 251077.00 ns, 3.8311 ns/op
OverheadWarmup   3: 65536 op, 250896.00 ns, 3.8284 ns/op
OverheadWarmup   4: 65536 op, 248353.00 ns, 3.7896 ns/op
OverheadWarmup   5: 65536 op, 251267.00 ns, 3.8340 ns/op
OverheadWarmup   6: 65536 op, 250896.00 ns, 3.8284 ns/op
OverheadWarmup   7: 65536 op, 251017.00 ns, 3.8302 ns/op
OverheadWarmup   8: 65536 op, 263035.00 ns, 4.0136 ns/op
OverheadWarmup   9: 65536 op, 272318.00 ns, 4.1552 ns/op
OverheadWarmup  10: 65536 op, 274772.00 ns, 4.1927 ns/op

OverheadActual   1: 65536 op, 269935.00 ns, 4.1189 ns/op
OverheadActual   2: 65536 op, 251207.00 ns, 3.8331 ns/op
OverheadActual   3: 65536 op, 273180.00 ns, 4.1684 ns/op
OverheadActual   4: 65536 op, 248803.00 ns, 3.7964 ns/op
OverheadActual   5: 65536 op, 248653.00 ns, 3.7941 ns/op
OverheadActual   6: 65536 op, 266610.00 ns, 4.0681 ns/op
OverheadActual   7: 65536 op, 248072.00 ns, 3.7853 ns/op
OverheadActual   8: 65536 op, 248793.00 ns, 3.7963 ns/op
OverheadActual   9: 65536 op, 248202.00 ns, 3.7873 ns/op
OverheadActual  10: 65536 op, 247522.00 ns, 3.7769 ns/op
OverheadActual  11: 65536 op, 250666.00 ns, 3.8249 ns/op
OverheadActual  12: 65536 op, 251407.00 ns, 3.8362 ns/op
OverheadActual  13: 65536 op, 250876.00 ns, 3.8281 ns/op
OverheadActual  14: 65536 op, 266460.00 ns, 4.0659 ns/op
OverheadActual  15: 65536 op, 251096.00 ns, 3.8314 ns/op

WorkloadWarmup   1: 65536 op, 796442279.00 ns, 12.1527 us/op
WorkloadWarmup   2: 65536 op, 793539373.00 ns, 12.1084 us/op
WorkloadWarmup   3: 65536 op, 785358849.00 ns, 11.9836 us/op
WorkloadWarmup   4: 65536 op, 786420848.00 ns, 11.9998 us/op
WorkloadWarmup   5: 65536 op, 788724832.00 ns, 12.0350 us/op
WorkloadWarmup   6: 65536 op, 793414229.00 ns, 12.1065 us/op
WorkloadWarmup   7: 65536 op, 788396659.00 ns, 12.0300 us/op
WorkloadWarmup   8: 65536 op, 788664271.00 ns, 12.0341 us/op
WorkloadWarmup   9: 65536 op, 786120804.00 ns, 11.9953 us/op
WorkloadWarmup  10: 65536 op, 787242287.00 ns, 12.0124 us/op

// BeforeActualRun
WorkloadActual   1: 65536 op, 788701156.00 ns, 12.0346 us/op
WorkloadActual   2: 65536 op, 786321555.00 ns, 11.9983 us/op
WorkloadActual   3: 65536 op, 780337555.00 ns, 11.9070 us/op
WorkloadActual   4: 65536 op, 782145128.00 ns, 11.9346 us/op
WorkloadActual   5: 65536 op, 783243604.00 ns, 11.9513 us/op
WorkloadActual   6: 65536 op, 778901262.00 ns, 11.8851 us/op
WorkloadActual   7: 65536 op, 779255765.00 ns, 11.8905 us/op
WorkloadActual   8: 65536 op, 781672030.00 ns, 11.9274 us/op
WorkloadActual   9: 65536 op, 782627284.00 ns, 11.9419 us/op
WorkloadActual  10: 65536 op, 780906842.00 ns, 11.9157 us/op
WorkloadActual  11: 65536 op, 779953912.00 ns, 11.9012 us/op
WorkloadActual  12: 65536 op, 781497838.00 ns, 11.9247 us/op
WorkloadActual  13: 65536 op, 779906161.00 ns, 11.9004 us/op
WorkloadActual  14: 65536 op, 784461386.00 ns, 11.9699 us/op
WorkloadActual  15: 65536 op, 783937545.00 ns, 11.9619 us/op

// AfterActualRun
WorkloadResult   1: 65536 op, 788450280.00 ns, 12.0308 us/op
WorkloadResult   2: 65536 op, 786070679.00 ns, 11.9945 us/op
WorkloadResult   3: 65536 op, 780086679.00 ns, 11.9032 us/op
WorkloadResult   4: 65536 op, 781894252.00 ns, 11.9308 us/op
WorkloadResult   5: 65536 op, 782992728.00 ns, 11.9475 us/op
WorkloadResult   6: 65536 op, 778650386.00 ns, 11.8813 us/op
WorkloadResult   7: 65536 op, 779004889.00 ns, 11.8867 us/op
WorkloadResult   8: 65536 op, 781421154.00 ns, 11.9235 us/op
WorkloadResult   9: 65536 op, 782376408.00 ns, 11.9381 us/op
WorkloadResult  10: 65536 op, 780655966.00 ns, 11.9119 us/op
WorkloadResult  11: 65536 op, 779703036.00 ns, 11.8973 us/op
WorkloadResult  12: 65536 op, 781246962.00 ns, 11.9209 us/op
WorkloadResult  13: 65536 op, 779655285.00 ns, 11.8966 us/op
WorkloadResult  14: 65536 op, 784210510.00 ns, 11.9661 us/op
WorkloadResult  15: 65536 op, 783686669.00 ns, 11.9581 us/op
// GC:  21 0 0 352850048 65536
// Threading:  0 0 65536

// AfterAll
// Benchmark Process 4910 has exited with code 0.

Mean = 11.845 μs, StdErr = 0.019 μs (0.16%), N = 30, StdDev = 0.106 μs
Min = 11.678 μs, Q1 = 11.745 μs, Median = 11.883 μs, Q3 = 11.923 μs, Max = 12.031 μs
IQR = 0.178 μs, LowerFence = 11.477 μs, UpperFence = 12.190 μs
ConfidenceInterval = [11.774 μs; 11.915 μs] (CI 99.9%), Margin = 0.071 μs (0.60% of Mean)
Skewness = -0.24, Kurtosis = 1.69, MValue = 2

// ** Remained 24 (92.3 %) benchmark(s) to run. Estimated finish 2026-05-03 2:18 (0h 20m from now) **
// **************************
// Benchmark: SpecificationEvaluatorBenchmarks.'Complex predicates (parameterized)': MediumRun(IterationCount=15, LaunchCount=2, WarmupCount=10) [CriteriaCount=2]
// *** Execute ***
// Launch: 1 / 2
// Execute: dotnet Encina.Benchmarks-MediumRun-1.dll --anonymousPipes 244 245 --benchmarkName "Encina.Benchmarks.EntityFrameworkCore.SpecificationEvaluatorBenchmarks.ComplexPredicates_Parameterized(CriteriaCount: 2)" --job MediumRun --benchmarkId 2 in /home/runner/work/Encina/Encina/tests/Encina.BenchmarkTests/Encina.Benchmarks/bin/Release/net10.0/Encina.Benchmarks-MediumRun-1/bin/Release/net10.0
// Failed to set up high priority (Permission denied). In order to run benchmarks with high priority, make sure you have the right permissions.
// BeforeAnythingElse

// Benchmark Process Environment Information:
// BenchmarkDotNet v0.15.8
// Runtime=.NET 10.0.7 (10.0.7, 10.0.726.21808), X64 RyuJIT x86-64-v3
// GC=Concurrent Workstation
// HardwareIntrinsics=AVX2+BMI1+BMI2+F16C+FMA+LZCNT+MOVBE,AVX,SSE3+SSSE3+SSE4.1+SSE4.2+POPCNT,X86Base+SSE+SSE2,AES+PCLMUL VectorSize=256
// Job: MediumRun(IterationCount=15, LaunchCount=2, WarmupCount=10)

OverheadJitting  1: 1 op, 239870.00 ns, 239.8700 us/op
WorkloadJitting  1: 1 op, 385568828.00 ns, 385.5688 ms/op

OverheadJitting  2: 1 op, 430.00 ns, 430.0000 ns/op
WorkloadJitting  2: 1 op, 3178249.00 ns, 3.1782 ms/op

OverheadJitting  3: 16 op, 517126.00 ns, 32.3204 us/op
WorkloadJitting  3: 16 op, 1023756.00 ns, 63.9848 us/op

WorkloadPilot    1: 16 op, 512379.00 ns, 32.0237 us/op
WorkloadPilot    2: 32 op, 856205.00 ns, 26.7564 us/op
WorkloadPilot    3: 64 op, 1533451.00 ns, 23.9602 us/op
WorkloadPilot    4: 128 op, 2829235.00 ns, 22.1034 us/op
WorkloadPilot    5: 256 op, 5631100.00 ns, 21.9965 us/op
WorkloadPilot    6: 512 op, 10692864.00 ns, 20.8845 us/op
WorkloadPilot    7: 1024 op, 21209815.00 ns, 20.7127 us/op
WorkloadPilot    8: 2048 op, 42139360.00 ns, 20.5759 us/op
WorkloadPilot    9: 4096 op, 77347550.00 ns, 18.8837 us/op
WorkloadPilot   10: 8192 op, 141166130.00 ns, 17.2322 us/op
WorkloadPilot   11: 16384 op, 285095427.00 ns, 17.4008 us/op
WorkloadPilot   12: 32768 op, 569555771.00 ns, 17.3815 us/op

OverheadWarmup   1: 32768 op, 122043.00 ns, 3.7245 ns/op
OverheadWarmup   2: 32768 op, 121873.00 ns, 3.7193 ns/op
OverheadWarmup   3: 32768 op, 121862.00 ns, 3.7189 ns/op
OverheadWarmup   4: 32768 op, 110526.00 ns, 3.3730 ns/op
OverheadWarmup   5: 32768 op, 133310.00 ns, 4.0683 ns/op
OverheadWarmup   6: 32768 op, 133300.00 ns, 4.0680 ns/op
OverheadWarmup   7: 32768 op, 110486.00 ns, 3.3718 ns/op
OverheadWarmup   8: 32768 op, 110476.00 ns, 3.3715 ns/op
OverheadWarmup   9: 32768 op, 133260.00 ns, 4.0668 ns/op
OverheadWarmup  10: 32768 op, 133240.00 ns, 4.0662 ns/op

OverheadActual   1: 32768 op, 110506.00 ns, 3.3724 ns/op
OverheadActual   2: 32768 op, 122113.00 ns, 3.7266 ns/op
OverheadActual   3: 32768 op, 148953.00 ns, 4.5457 ns/op
OverheadActual   4: 32768 op, 125559.00 ns, 3.8318 ns/op
OverheadActual   5: 32768 op, 110436.00 ns, 3.3702 ns/op
OverheadActual   6: 32768 op, 110456.00 ns, 3.3708 ns/op
OverheadActual   7: 32768 op, 121923.00 ns, 3.7208 ns/op
OverheadActual   8: 32768 op, 110506.00 ns, 3.3724 ns/op
OverheadActual   9: 32768 op, 110516.00 ns, 3.3727 ns/op
OverheadActual  10: 32768 op, 110496.00 ns, 3.3721 ns/op
OverheadActual  11: 32768 op, 110486.00 ns, 3.3718 ns/op
OverheadActual  12: 32768 op, 110506.00 ns, 3.3724 ns/op
OverheadActual  13: 32768 op, 132879.00 ns, 4.0551 ns/op
OverheadActual  14: 32768 op, 121893.00 ns, 3.7199 ns/op
OverheadActual  15: 32768 op, 110426.00 ns, 3.3699 ns/op
OverheadActual  16: 32768 op, 126069.00 ns, 3.8473 ns/op
OverheadActual  17: 32768 op, 110485.00 ns, 3.3717 ns/op
OverheadActual  18: 32768 op, 121873.00 ns, 3.7193 ns/op
OverheadActual  19: 32768 op, 121923.00 ns, 3.7208 ns/op
OverheadActual  20: 32768 op, 110456.00 ns, 3.3708 ns/op

WorkloadWarmup   1: 32768 op, 578341314.00 ns, 17.6496 us/op
WorkloadWarmup   2: 32768 op, 575291227.00 ns, 17.5565 us/op
WorkloadWarmup   3: 32768 op, 563089449.00 ns, 17.1841 us/op
WorkloadWarmup   4: 32768 op, 564515127.00 ns, 17.2276 us/op
WorkloadWarmup   5: 32768 op, 565297432.00 ns, 17.2515 us/op
WorkloadWarmup   6: 32768 op, 561242918.00 ns, 17.1278 us/op
WorkloadWarmup   7: 32768 op, 565369309.00 ns, 17.2537 us/op
WorkloadWarmup   8: 32768 op, 566918146.00 ns, 17.3010 us/op
WorkloadWarmup   9: 32768 op, 566671338.00 ns, 17.2934 us/op
WorkloadWarmup  10: 32768 op, 561111932.00 ns, 17.1238 us/op

// BeforeActualRun
WorkloadActual   1: 32768 op, 567013912.00 ns, 17.3039 us/op
WorkloadActual   2: 32768 op, 566497026.00 ns, 17.2881 us/op
WorkloadActual   3: 32768 op, 566924859.00 ns, 17.3012 us/op
WorkloadActual   4: 32768 op, 564555112.00 ns, 17.2289 us/op
WorkloadActual   5: 32768 op, 565846750.00 ns, 17.2683 us/op
WorkloadActual   6: 32768 op, 568056897.00 ns, 17.3357 us/op
WorkloadActual   7: 32768 op, 568898550.00 ns, 17.3614 us/op
WorkloadActual   8: 32768 op, 567589115.00 ns, 17.3214 us/op
WorkloadActual   9: 32768 op, 568383236.00 ns, 17.3457 us/op
WorkloadActual  10: 32768 op, 564407431.00 ns, 17.2243 us/op
WorkloadActual  11: 32768 op, 564433410.00 ns, 17.2251 us/op
WorkloadActual  12: 32768 op, 570608919.00 ns, 17.4136 us/op
WorkloadActual  13: 32768 op, 566285173.00 ns, 17.2817 us/op
WorkloadActual  14: 32768 op, 569429652.00 ns, 17.3776 us/op
WorkloadActual  15: 32768 op, 567760787.00 ns, 17.3267 us/op

// AfterActualRun
WorkloadResult   1: 32768 op, 566903401.00 ns, 17.3005 us/op
WorkloadResult   2: 32768 op, 566386515.00 ns, 17.2847 us/op
WorkloadResult   3: 32768 op, 566814348.00 ns, 17.2978 us/op
WorkloadResult   4: 32768 op, 564444601.00 ns, 17.2255 us/op
WorkloadResult   5: 32768 op, 565736239.00 ns, 17.2649 us/op
WorkloadResult   6: 32768 op, 567946386.00 ns, 17.3323 us/op
WorkloadResult   7: 32768 op, 568788039.00 ns, 17.3580 us/op
WorkloadResult   8: 32768 op, 567478604.00 ns, 17.3181 us/op
WorkloadResult   9: 32768 op, 568272725.00 ns, 17.3423 us/op
WorkloadResult  10: 32768 op, 564296920.00 ns, 17.2210 us/op
WorkloadResult  11: 32768 op, 564322899.00 ns, 17.2218 us/op
WorkloadResult  12: 32768 op, 570498408.00 ns, 17.4102 us/op
WorkloadResult  13: 32768 op, 566174662.00 ns, 17.2783 us/op
WorkloadResult  14: 32768 op, 569319141.00 ns, 17.3742 us/op
WorkloadResult  15: 32768 op, 567650276.00 ns, 17.3233 us/op
// GC:  12 0 0 206045184 32768
// Threading:  0 0 32768

// AfterAll
// Benchmark Process 4926 has exited with code 0.
// Launch: 2 / 2
// Execute: dotnet Encina.Benchmarks-MediumRun-1.dll --anonymousPipes 244 245 --benchmarkName "Encina.Benchmarks.EntityFrameworkCore.SpecificationEvaluatorBenchmarks.ComplexPredicates_Parameterized(CriteriaCount: 2)" --job MediumRun --benchmarkId 2 in /home/runner/work/Encina/Encina/tests/Encina.BenchmarkTests/Encina.Benchmarks/bin/Release/net10.0/Encina.Benchmarks-MediumRun-1/bin/Release/net10.0
// Failed to set up high priority (Permission denied). In order to run benchmarks with high priority, make sure you have the right permissions.
// BeforeAnythingElse

// Benchmark Process Environment Information:
// BenchmarkDotNet v0.15.8
// Runtime=.NET 10.0.7 (10.0.7, 10.0.726.21808), X64 RyuJIT x86-64-v3
// GC=Concurrent Workstation
// HardwareIntrinsics=AVX2+BMI1+BMI2+F16C+FMA+LZCNT+MOVBE,AVX,SSE3+SSSE3+SSE4.1+SSE4.2+POPCNT,X86Base+SSE+SSE2,AES+PCLMUL VectorSize=256
// Job: MediumRun(IterationCount=15, LaunchCount=2, WarmupCount=10)

OverheadJitting  1: 1 op, 255704.00 ns, 255.7040 us/op
WorkloadJitting  1: 1 op, 391848281.00 ns, 391.8483 ms/op

OverheadJitting  2: 1 op, 370.00 ns, 370.0000 ns/op
WorkloadJitting  2: 1 op, 3357197.00 ns, 3.3572 ms/op

OverheadJitting  3: 16 op, 506430.00 ns, 31.6519 us/op
WorkloadJitting  3: 16 op, 1033751.00 ns, 64.6094 us/op

WorkloadPilot    1: 16 op, 476786.00 ns, 29.7991 us/op
WorkloadPilot    2: 32 op, 894171.00 ns, 27.9428 us/op
WorkloadPilot    3: 64 op, 1596515.00 ns, 24.9455 us/op
WorkloadPilot    4: 128 op, 2862796.00 ns, 22.3656 us/op
WorkloadPilot    5: 256 op, 5790319.00 ns, 22.6184 us/op
WorkloadPilot    6: 512 op, 10943652.00 ns, 21.3743 us/op
WorkloadPilot    7: 1024 op, 21651890.00 ns, 21.1444 us/op
WorkloadPilot    8: 2048 op, 43887947.00 ns, 21.4297 us/op
WorkloadPilot    9: 4096 op, 78372052.00 ns, 19.1338 us/op
WorkloadPilot   10: 8192 op, 144944467.00 ns, 17.6934 us/op
WorkloadPilot   11: 16384 op, 293232392.00 ns, 17.8975 us/op
WorkloadPilot   12: 32768 op, 584118904.00 ns, 17.8259 us/op

OverheadWarmup   1: 32768 op, 122173.00 ns, 3.7284 ns/op
OverheadWarmup   2: 32768 op, 121862.00 ns, 3.7189 ns/op
OverheadWarmup   3: 32768 op, 121793.00 ns, 3.7168 ns/op
OverheadWarmup   4: 32768 op, 121843.00 ns, 3.7184 ns/op
OverheadWarmup   5: 32768 op, 121832.00 ns, 3.7180 ns/op
OverheadWarmup   6: 32768 op, 121882.00 ns, 3.7195 ns/op
OverheadWarmup   7: 32768 op, 121843.00 ns, 3.7184 ns/op

OverheadActual   1: 32768 op, 137366.00 ns, 4.1921 ns/op
OverheadActual   2: 32768 op, 121843.00 ns, 3.7184 ns/op
OverheadActual   3: 32768 op, 121933.00 ns, 3.7211 ns/op
OverheadActual   4: 32768 op, 121903.00 ns, 3.7202 ns/op
OverheadActual   5: 32768 op, 121893.00 ns, 3.7199 ns/op
OverheadActual   6: 32768 op, 110556.00 ns, 3.3739 ns/op
OverheadActual   7: 32768 op, 110466.00 ns, 3.3712 ns/op
OverheadActual   8: 32768 op, 110476.00 ns, 3.3715 ns/op
OverheadActual   9: 32768 op, 122013.00 ns, 3.7235 ns/op
OverheadActual  10: 32768 op, 122193.00 ns, 3.7290 ns/op
OverheadActual  11: 32768 op, 110415.00 ns, 3.3696 ns/op
OverheadActual  12: 32768 op, 137166.00 ns, 4.1860 ns/op
OverheadActual  13: 32768 op, 136295.00 ns, 4.1594 ns/op
OverheadActual  14: 32768 op, 121853.00 ns, 3.7187 ns/op
OverheadActual  15: 32768 op, 121853.00 ns, 3.7187 ns/op
OverheadActual  16: 32768 op, 124297.00 ns, 3.7932 ns/op
OverheadActual  17: 32768 op, 138448.00 ns, 4.2251 ns/op
OverheadActual  18: 32768 op, 121883.00 ns, 3.7196 ns/op
OverheadActual  19: 32768 op, 121883.00 ns, 3.7196 ns/op

WorkloadWarmup   1: 32768 op, 593321032.00 ns, 18.1067 us/op
WorkloadWarmup   2: 32768 op, 593767232.00 ns, 18.1203 us/op
WorkloadWarmup   3: 32768 op, 577791470.00 ns, 17.6328 us/op
WorkloadWarmup   4: 32768 op, 576638620.00 ns, 17.5976 us/op
WorkloadWarmup   5: 32768 op, 580938369.00 ns, 17.7288 us/op
WorkloadWarmup   6: 32768 op, 578035584.00 ns, 17.6402 us/op
WorkloadWarmup   7: 32768 op, 581927245.00 ns, 17.7590 us/op
WorkloadWarmup   8: 32768 op, 578457096.00 ns, 17.6531 us/op
WorkloadWarmup   9: 32768 op, 577836666.00 ns, 17.6342 us/op
WorkloadWarmup  10: 32768 op, 578814523.00 ns, 17.6640 us/op

// BeforeActualRun
WorkloadActual   1: 32768 op, 584281217.00 ns, 17.8308 us/op
WorkloadActual   2: 32768 op, 579314894.00 ns, 17.6793 us/op
WorkloadActual   3: 32768 op, 578248384.00 ns, 17.6467 us/op
WorkloadActual   4: 32768 op, 579945290.00 ns, 17.6985 us/op
WorkloadActual   5: 32768 op, 575636524.00 ns, 17.5670 us/op
WorkloadActual   6: 32768 op, 579649636.00 ns, 17.6895 us/op
WorkloadActual   7: 32768 op, 579413873.00 ns, 17.6823 us/op
WorkloadActual   8: 32768 op, 583897506.00 ns, 17.8191 us/op
WorkloadActual   9: 32768 op, 579252610.00 ns, 17.6774 us/op
WorkloadActual  10: 32768 op, 578669171.00 ns, 17.6596 us/op
WorkloadActual  11: 32768 op, 576230762.00 ns, 17.5852 us/op
WorkloadActual  12: 32768 op, 576158332.00 ns, 17.5830 us/op
WorkloadActual  13: 32768 op, 578952947.00 ns, 17.6682 us/op
WorkloadActual  14: 32768 op, 577827938.00 ns, 17.6339 us/op
WorkloadActual  15: 32768 op, 577019616.00 ns, 17.6092 us/op

// AfterActualRun
WorkloadResult   1: 32768 op, 579193001.00 ns, 17.6756 us/op
WorkloadResult   2: 32768 op, 578126491.00 ns, 17.6430 us/op
WorkloadResult   3: 32768 op, 579823397.00 ns, 17.6948 us/op
WorkloadResult   4: 32768 op, 575514631.00 ns, 17.5633 us/op
WorkloadResult   5: 32768 op, 579527743.00 ns, 17.6858 us/op
WorkloadResult   6: 32768 op, 579291980.00 ns, 17.6786 us/op
WorkloadResult   7: 32768 op, 579130717.00 ns, 17.6737 us/op
WorkloadResult   8: 32768 op, 578547278.00 ns, 17.6559 us/op
WorkloadResult   9: 32768 op, 576108869.00 ns, 17.5814 us/op
WorkloadResult  10: 32768 op, 576036439.00 ns, 17.5792 us/op
WorkloadResult  11: 32768 op, 578831054.00 ns, 17.6645 us/op
WorkloadResult  12: 32768 op, 577706045.00 ns, 17.6302 us/op
WorkloadResult  13: 32768 op, 576897723.00 ns, 17.6055 us/op
// GC:  12 0 0 215482368 32768
// Threading:  0 0 32768

// AfterAll
// Benchmark Process 4942 has exited with code 0.

Mean = 17.460 μs, StdErr = 0.034 μs (0.19%), N = 28, StdDev = 0.179 μs
Min = 17.221 μs, Q1 = 17.300 μs, Median = 17.392 μs, Q3 = 17.646 μs, Max = 17.695 μs
IQR = 0.346 μs, LowerFence = 16.780 μs, UpperFence = 18.166 μs
ConfidenceInterval = [17.336 μs; 17.585 μs] (CI 99.9%), Margin = 0.125 μs (0.71% of Mean)
Skewness = 0.07, Kurtosis = 1.19, MValue = 2

// ** Remained 23 (88.5 %) benchmark(s) to run. Estimated finish 2026-05-03 2:16 (0h 17m from now) **
// **************************
// Benchmark: SpecificationEvaluatorBenchmarks.'Two criteria (AND)': MediumRun(IterationCount=15, LaunchCount=2, WarmupCount=10) [CriteriaCount=2]
// *** Execute ***
// Launch: 1 / 2
// Execute: dotnet Encina.Benchmarks-MediumRun-1.dll --anonymousPipes 244 245 --benchmarkName "Encina.Benchmarks.EntityFrameworkCore.SpecificationEvaluatorBenchmarks.TwoCriteria_And(CriteriaCount: 2)" --job MediumRun --benchmarkId 3 in /home/runner/work/Encina/Encina/tests/Encina.BenchmarkTests/Encina.Benchmarks/bin/Release/net10.0/Encina.Benchmarks-MediumRun-1/bin/Release/net10.0
// Failed to set up high priority (Permission denied). In order to run benchmarks with high priority, make sure you have the right permissions.
// BeforeAnythingElse

// Benchmark Process Environment Information:
// BenchmarkDotNet v0.15.8
// Runtime=.NET 10.0.7 (10.0.7, 10.0.726.21808), X64 RyuJIT x86-64-v3
// GC=Concurrent Workstation
// HardwareIntrinsics=AVX2+BMI1+BMI2+F16C+FMA+LZCNT+MOVBE,AVX,SSE3+SSSE3+SSE4.1+SSE4.2+POPCNT,X86Base+SSE+SSE2,AES+PCLMUL VectorSize=256
// Job: MediumRun(IterationCount=15, LaunchCount=2, WarmupCount=10)

OverheadJitting  1: 1 op, 273099.00 ns, 273.0990 us/op
WorkloadJitting  1: 1 op, 386531969.00 ns, 386.5320 ms/op

OverheadJitting  2: 1 op, 381.00 ns, 381.0000 ns/op
WorkloadJitting  2: 1 op, 3150307.00 ns, 3.1503 ms/op

OverheadJitting  3: 16 op, 523786.00 ns, 32.7366 us/op
WorkloadJitting  3: 16 op, 997737.00 ns, 62.3586 us/op

WorkloadPilot    1: 16 op, 455614.00 ns, 28.4759 us/op
WorkloadPilot    2: 32 op, 823987.00 ns, 25.7496 us/op
WorkloadPilot    3: 64 op, 1507553.00 ns, 23.5555 us/op
WorkloadPilot    4: 128 op, 2804358.00 ns, 21.9090 us/op
WorkloadPilot    5: 256 op, 5681495.00 ns, 22.1933 us/op
WorkloadPilot    6: 512 op, 10498303.00 ns, 20.5045 us/op
WorkloadPilot    7: 1024 op, 20853652.00 ns, 20.3649 us/op
WorkloadPilot    8: 2048 op, 42042867.00 ns, 20.5287 us/op
WorkloadPilot    9: 4096 op, 74385990.00 ns, 18.1606 us/op
WorkloadPilot   10: 8192 op, 139408289.00 ns, 17.0176 us/op
WorkloadPilot   11: 16384 op, 281812724.00 ns, 17.2005 us/op
WorkloadPilot   12: 32768 op, 560493387.00 ns, 17.1049 us/op

OverheadWarmup   1: 32768 op, 131748.00 ns, 4.0206 ns/op
OverheadWarmup   2: 32768 op, 132459.00 ns, 4.0423 ns/op
OverheadWarmup   3: 32768 op, 130215.00 ns, 3.9738 ns/op
OverheadWarmup   4: 32768 op, 130216.00 ns, 3.9739 ns/op
OverheadWarmup   5: 32768 op, 129485.00 ns, 3.9516 ns/op

OverheadActual   1: 32768 op, 130145.00 ns, 3.9717 ns/op
OverheadActual   2: 32768 op, 140351.00 ns, 4.2832 ns/op
OverheadActual   3: 32768 op, 131347.00 ns, 4.0084 ns/op
OverheadActual   4: 32768 op, 129695.00 ns, 3.9580 ns/op
OverheadActual   5: 32768 op, 130215.00 ns, 3.9738 ns/op
OverheadActual   6: 32768 op, 129354.00 ns, 3.9476 ns/op
OverheadActual   7: 32768 op, 125718.00 ns, 3.8366 ns/op
OverheadActual   8: 32768 op, 129765.00 ns, 3.9601 ns/op
OverheadActual   9: 32768 op, 129955.00 ns, 3.9659 ns/op
OverheadActual  10: 32768 op, 132539.00 ns, 4.0448 ns/op
OverheadActual  11: 32768 op, 147702.00 ns, 4.5075 ns/op
OverheadActual  12: 32768 op, 140240.00 ns, 4.2798 ns/op
OverheadActual  13: 32768 op, 130055.00 ns, 3.9690 ns/op
OverheadActual  14: 32768 op, 130025.00 ns, 3.9680 ns/op
OverheadActual  15: 32768 op, 133881.00 ns, 4.0857 ns/op

WorkloadWarmup   1: 32768 op, 576366285.00 ns, 17.5893 us/op
WorkloadWarmup   2: 32768 op, 574237785.00 ns, 17.5243 us/op
WorkloadWarmup   3: 32768 op, 560909005.00 ns, 17.1176 us/op
WorkloadWarmup   4: 32768 op, 561248284.00 ns, 17.1279 us/op
WorkloadWarmup   5: 32768 op, 559626550.00 ns, 17.0784 us/op
WorkloadWarmup   6: 32768 op, 561274013.00 ns, 17.1287 us/op
WorkloadWarmup   7: 32768 op, 563883679.00 ns, 17.2084 us/op
WorkloadWarmup   8: 32768 op, 561779381.00 ns, 17.1441 us/op
WorkloadWarmup   9: 32768 op, 563366973.00 ns, 17.1926 us/op
WorkloadWarmup  10: 32768 op, 560397528.00 ns, 17.1020 us/op

// BeforeActualRun
WorkloadActual   1: 32768 op, 565299113.00 ns, 17.2516 us/op
WorkloadActual   2: 32768 op, 564039983.00 ns, 17.2131 us/op
WorkloadActual   3: 32768 op, 560965670.00 ns, 17.1193 us/op
WorkloadActual   4: 32768 op, 561131649.00 ns, 17.1244 us/op
WorkloadActual   5: 32768 op, 562426603.00 ns, 17.1639 us/op
WorkloadActual   6: 32768 op, 561974482.00 ns, 17.1501 us/op
WorkloadActual   7: 32768 op, 563236599.00 ns, 17.1886 us/op
WorkloadActual   8: 32768 op, 563601066.00 ns, 17.1997 us/op
WorkloadActual   9: 32768 op, 563068868.00 ns, 17.1835 us/op
WorkloadActual  10: 32768 op, 560002165.00 ns, 17.0899 us/op
WorkloadActual  11: 32768 op, 563481727.00 ns, 17.1961 us/op
WorkloadActual  12: 32768 op, 564355589.00 ns, 17.2228 us/op
WorkloadActual  13: 32768 op, 561305851.00 ns, 17.1297 us/op
WorkloadActual  14: 32768 op, 564151292.00 ns, 17.2165 us/op
WorkloadActual  15: 32768 op, 564038493.00 ns, 17.2131 us/op

// AfterActualRun
WorkloadResult   1: 32768 op, 565168968.00 ns, 17.2476 us/op
WorkloadResult   2: 32768 op, 563909838.00 ns, 17.2092 us/op
WorkloadResult   3: 32768 op, 560835525.00 ns, 17.1153 us/op
WorkloadResult   4: 32768 op, 561001504.00 ns, 17.1204 us/op
WorkloadResult   5: 32768 op, 562296458.00 ns, 17.1599 us/op
WorkloadResult   6: 32768 op, 561844337.00 ns, 17.1461 us/op
WorkloadResult   7: 32768 op, 563106454.00 ns, 17.1846 us/op
WorkloadResult   8: 32768 op, 563470921.00 ns, 17.1958 us/op
WorkloadResult   9: 32768 op, 562938723.00 ns, 17.1795 us/op
WorkloadResult  10: 32768 op, 559872020.00 ns, 17.0859 us/op
WorkloadResult  11: 32768 op, 563351582.00 ns, 17.1921 us/op
WorkloadResult  12: 32768 op, 564225444.00 ns, 17.2188 us/op
WorkloadResult  13: 32768 op, 561175706.00 ns, 17.1257 us/op
WorkloadResult  14: 32768 op, 564021147.00 ns, 17.2126 us/op
WorkloadResult  15: 32768 op, 563908348.00 ns, 17.2091 us/op
// GC:  12 0 0 206045184 32768
// Threading:  0 0 32768

// AfterAll
// Benchmark Process 4961 has exited with code 0.
// Launch: 2 / 2
// Execute: dotnet Encina.Benchmarks-MediumRun-1.dll --anonymousPipes 244 245 --benchmarkName "Encina.Benchmarks.EntityFrameworkCore.SpecificationEvaluatorBenchmarks.TwoCriteria_And(CriteriaCount: 2)" --job MediumRun --benchmarkId 3 in /home/runner/work/Encina/Encina/tests/Encina.BenchmarkTests/Encina.Benchmarks/bin/Release/net10.0/Encina.Benchmarks-MediumRun-1/bin/Release/net10.0
// Failed to set up high priority (Permission denied). In order to run benchmarks with high priority, make sure you have the right permissions.
// BeforeAnythingElse

// Benchmark Process Environment Information:
// BenchmarkDotNet v0.15.8
// Runtime=.NET 10.0.7 (10.0.7, 10.0.726.21808), X64 RyuJIT x86-64-v3
// GC=Concurrent Workstation
// HardwareIntrinsics=AVX2+BMI1+BMI2+F16C+FMA+LZCNT+MOVBE,AVX,SSE3+SSSE3+SSE4.1+SSE4.2+POPCNT,X86Base+SSE+SSE2,AES+PCLMUL VectorSize=256
// Job: MediumRun(IterationCount=15, LaunchCount=2, WarmupCount=10)

OverheadJitting  1: 1 op, 282624.00 ns, 282.6240 us/op
WorkloadJitting  1: 1 op, 384632460.00 ns, 384.6325 ms/op

OverheadJitting  2: 1 op, 380.00 ns, 380.0000 ns/op
WorkloadJitting  2: 1 op, 3110357.00 ns, 3.1104 ms/op

OverheadJitting  3: 16 op, 521953.00 ns, 32.6221 us/op
WorkloadJitting  3: 16 op, 1016966.00 ns, 63.5604 us/op

WorkloadPilot    1: 16 op, 480231.00 ns, 30.0144 us/op
WorkloadPilot    2: 32 op, 850015.00 ns, 26.5630 us/op
WorkloadPilot    3: 64 op, 1468513.00 ns, 22.9455 us/op
WorkloadPilot    4: 128 op, 2802115.00 ns, 21.8915 us/op
WorkloadPilot    5: 256 op, 5535997.00 ns, 21.6250 us/op
WorkloadPilot    6: 512 op, 10486876.00 ns, 20.4822 us/op
WorkloadPilot    7: 1024 op, 20992661.00 ns, 20.5006 us/op
WorkloadPilot    8: 2048 op, 42194887.00 ns, 20.6030 us/op
WorkloadPilot    9: 4096 op, 74284184.00 ns, 18.1358 us/op
WorkloadPilot   10: 8192 op, 138453445.00 ns, 16.9011 us/op
WorkloadPilot   11: 16384 op, 277950977.00 ns, 16.9648 us/op
WorkloadPilot   12: 32768 op, 553660914.00 ns, 16.8964 us/op

OverheadWarmup   1: 32768 op, 122124.00 ns, 3.7269 ns/op
OverheadWarmup   2: 32768 op, 134512.00 ns, 4.1050 ns/op
OverheadWarmup   3: 32768 op, 121813.00 ns, 3.7174 ns/op
OverheadWarmup   4: 32768 op, 121813.00 ns, 3.7174 ns/op
OverheadWarmup   5: 32768 op, 121813.00 ns, 3.7174 ns/op

OverheadActual   1: 32768 op, 121872.00 ns, 3.7192 ns/op
OverheadActual   2: 32768 op, 121903.00 ns, 3.7202 ns/op
OverheadActual   3: 32768 op, 122244.00 ns, 3.7306 ns/op
OverheadActual   4: 32768 op, 121993.00 ns, 3.7229 ns/op
OverheadActual   5: 32768 op, 124166.00 ns, 3.7892 ns/op
OverheadActual   6: 32768 op, 133230.00 ns, 4.0659 ns/op
OverheadActual   7: 32768 op, 121793.00 ns, 3.7168 ns/op
OverheadActual   8: 32768 op, 121792.00 ns, 3.7168 ns/op
OverheadActual   9: 32768 op, 121973.00 ns, 3.7223 ns/op
OverheadActual  10: 32768 op, 121803.00 ns, 3.7171 ns/op
OverheadActual  11: 32768 op, 121963.00 ns, 3.7220 ns/op
OverheadActual  12: 32768 op, 121853.00 ns, 3.7187 ns/op
OverheadActual  13: 32768 op, 121853.00 ns, 3.7187 ns/op
OverheadActual  14: 32768 op, 143936.00 ns, 4.3926 ns/op
OverheadActual  15: 32768 op, 121813.00 ns, 3.7174 ns/op

WorkloadWarmup   1: 32768 op, 569717652.00 ns, 17.3864 us/op
WorkloadWarmup   2: 32768 op, 572136271.00 ns, 17.4602 us/op
WorkloadWarmup   3: 32768 op, 555550566.00 ns, 16.9541 us/op
WorkloadWarmup   4: 32768 op, 557321072.00 ns, 17.0081 us/op
WorkloadWarmup   5: 32768 op, 555084986.00 ns, 16.9398 us/op
WorkloadWarmup   6: 32768 op, 554651035.00 ns, 16.9266 us/op
WorkloadWarmup   7: 32768 op, 557902925.00 ns, 17.0258 us/op
WorkloadWarmup   8: 32768 op, 553540059.00 ns, 16.8927 us/op
WorkloadWarmup   9: 32768 op, 554652288.00 ns, 16.9266 us/op
WorkloadWarmup  10: 32768 op, 558066861.00 ns, 17.0308 us/op

// BeforeActualRun
WorkloadActual   1: 32768 op, 557506675.00 ns, 17.0138 us/op
WorkloadActual   2: 32768 op, 555501011.00 ns, 16.9525 us/op
WorkloadActual   3: 32768 op, 553829173.00 ns, 16.9015 us/op
WorkloadActual   4: 32768 op, 555344987.00 ns, 16.9478 us/op
WorkloadActual   5: 32768 op, 555082251.00 ns, 16.9398 us/op
WorkloadActual   6: 32768 op, 553950563.00 ns, 16.9052 us/op
WorkloadActual   7: 32768 op, 552510494.00 ns, 16.8613 us/op
WorkloadActual   8: 32768 op, 557897885.00 ns, 17.0257 us/op
WorkloadActual   9: 32768 op, 554564595.00 ns, 16.9240 us/op
WorkloadActual  10: 32768 op, 556068296.00 ns, 16.9699 us/op
WorkloadActual  11: 32768 op, 555985205.00 ns, 16.9673 us/op
WorkloadActual  12: 32768 op, 554069032.00 ns, 16.9088 us/op
WorkloadActual  13: 32768 op, 553001791.00 ns, 16.8763 us/op
WorkloadActual  14: 32768 op, 559819127.00 ns, 17.0843 us/op
WorkloadActual  15: 32768 op, 556047379.00 ns, 16.9692 us/op

// AfterActualRun
WorkloadResult   1: 32768 op, 557384772.00 ns, 17.0100 us/op
WorkloadResult   2: 32768 op, 555379108.00 ns, 16.9488 us/op
WorkloadResult   3: 32768 op, 553707270.00 ns, 16.8978 us/op
WorkloadResult   4: 32768 op, 555223084.00 ns, 16.9441 us/op
WorkloadResult   5: 32768 op, 554960348.00 ns, 16.9360 us/op
WorkloadResult   6: 32768 op, 553828660.00 ns, 16.9015 us/op
WorkloadResult   7: 32768 op, 552388591.00 ns, 16.8576 us/op
WorkloadResult   8: 32768 op, 557775982.00 ns, 17.0220 us/op
WorkloadResult   9: 32768 op, 554442692.00 ns, 16.9202 us/op
WorkloadResult  10: 32768 op, 555946393.00 ns, 16.9661 us/op
WorkloadResult  11: 32768 op, 555863302.00 ns, 16.9636 us/op
WorkloadResult  12: 32768 op, 553947129.00 ns, 16.9051 us/op
WorkloadResult  13: 32768 op, 552879888.00 ns, 16.8726 us/op
WorkloadResult  14: 32768 op, 555925476.00 ns, 16.9655 us/op
// GC:  12 0 0 206045184 32768
// Threading:  0 0 32768

// AfterAll
// Benchmark Process 4972 has exited with code 0.

Mean = 17.059 μs, StdErr = 0.024 μs (0.14%), N = 29, StdDev = 0.129 μs
Min = 16.858 μs, Q1 = 16.944 μs, Median = 17.086 μs, Q3 = 17.185 μs, Max = 17.248 μs
IQR = 0.241 μs, LowerFence = 16.583 μs, UpperFence = 17.546 μs
ConfidenceInterval = [16.971 μs; 17.147 μs] (CI 99.9%), Margin = 0.088 μs (0.52% of Mean)
Skewness = -0.07, Kurtosis = 1.33, MValue = 2

// ** Remained 22 (84.6 %) benchmark(s) to run. Estimated finish 2026-05-03 2:14 (0h 15m from now) **
// **************************
// Benchmark: SpecificationEvaluatorBenchmarks.'Five criteria (AND)': MediumRun(IterationCount=15, LaunchCount=2, WarmupCount=10) [CriteriaCount=2]
// *** Execute ***
// Launch: 1 / 2
// Execute: dotnet Encina.Benchmarks-MediumRun-1.dll --anonymousPipes 244 245 --benchmarkName "Encina.Benchmarks.EntityFrameworkCore.SpecificationEvaluatorBenchmarks.FiveCriteria_And(CriteriaCount: 2)" --job MediumRun --benchmarkId 4 in /home/runner/work/Encina/Encina/tests/Encina.BenchmarkTests/Encina.Benchmarks/bin/Release/net10.0/Encina.Benchmarks-MediumRun-1/bin/Release/net10.0
// Failed to set up high priority (Permission denied). In order to run benchmarks with high priority, make sure you have the right permissions.
// BeforeAnythingElse

// Benchmark Process Environment Information:
// BenchmarkDotNet v0.15.8
// Runtime=.NET 10.0.7 (10.0.7, 10.0.726.21808), X64 RyuJIT x86-64-v3
// GC=Concurrent Workstation
// HardwareIntrinsics=AVX2+BMI1+BMI2+F16C+FMA+LZCNT+MOVBE,AVX,SSE3+SSSE3+SSE4.1+SSE4.2+POPCNT,X86Base+SSE+SSE2,AES+PCLMUL VectorSize=256
// Job: MediumRun(IterationCount=15, LaunchCount=2, WarmupCount=10)

OverheadJitting  1: 1 op, 283765.00 ns, 283.7650 us/op
WorkloadJitting  1: 1 op, 395393911.00 ns, 395.3939 ms/op

OverheadJitting  2: 1 op, 371.00 ns, 371.0000 ns/op
WorkloadJitting  2: 1 op, 3310063.00 ns, 3.3101 ms/op

OverheadJitting  3: 16 op, 553821.00 ns, 34.6138 us/op
WorkloadJitting  3: 16 op, 1420390.00 ns, 88.7744 us/op

WorkloadPilot    1: 16 op, 882804.00 ns, 55.1753 us/op
WorkloadPilot    2: 32 op, 1467470.00 ns, 45.8584 us/op
WorkloadPilot    3: 64 op, 2982132.00 ns, 46.5958 us/op
WorkloadPilot    4: 128 op, 5767479.00 ns, 45.0584 us/op
WorkloadPilot    5: 256 op, 11486454.00 ns, 44.8690 us/op
WorkloadPilot    6: 512 op, 22714620.00 ns, 44.3645 us/op
WorkloadPilot    7: 1024 op, 45834429.00 ns, 44.7602 us/op
WorkloadPilot    8: 2048 op, 82775913.00 ns, 40.4179 us/op
WorkloadPilot    9: 4096 op, 154327496.00 ns, 37.6776 us/op
WorkloadPilot   10: 8192 op, 309638204.00 ns, 37.7976 us/op
WorkloadPilot   11: 16384 op, 621924551.00 ns, 37.9593 us/op

OverheadWarmup   1: 16384 op, 61843.00 ns, 3.7746 ns/op
OverheadWarmup   2: 16384 op, 61953.00 ns, 3.7813 ns/op
OverheadWarmup   3: 16384 op, 61482.00 ns, 3.7526 ns/op
OverheadWarmup   4: 16384 op, 61673.00 ns, 3.7642 ns/op
OverheadWarmup   5: 16384 op, 61713.00 ns, 3.7667 ns/op
OverheadWarmup   6: 16384 op, 55853.00 ns, 3.4090 ns/op

OverheadActual   1: 16384 op, 61582.00 ns, 3.7587 ns/op
OverheadActual   2: 16384 op, 61542.00 ns, 3.7562 ns/op
OverheadActual   3: 16384 op, 61693.00 ns, 3.7654 ns/op
OverheadActual   4: 16384 op, 61592.00 ns, 3.7593 ns/op
OverheadActual   5: 16384 op, 61582.00 ns, 3.7587 ns/op
OverheadActual   6: 16384 op, 55884.00 ns, 3.4109 ns/op
OverheadActual   7: 16384 op, 55914.00 ns, 3.4127 ns/op
OverheadActual   8: 16384 op, 55894.00 ns, 3.4115 ns/op
OverheadActual   9: 16384 op, 55904.00 ns, 3.4121 ns/op
OverheadActual  10: 16384 op, 75243.00 ns, 4.5925 ns/op
OverheadActual  11: 16384 op, 61642.00 ns, 3.7623 ns/op
OverheadActual  12: 16384 op, 55934.00 ns, 3.4139 ns/op
OverheadActual  13: 16384 op, 55904.00 ns, 3.4121 ns/op
OverheadActual  14: 16384 op, 61532.00 ns, 3.7556 ns/op
OverheadActual  15: 16384 op, 61562.00 ns, 3.7574 ns/op
OverheadActual  16: 16384 op, 61522.00 ns, 3.7550 ns/op
OverheadActual  17: 16384 op, 55873.00 ns, 3.4102 ns/op
OverheadActual  18: 16384 op, 77096.00 ns, 4.7056 ns/op
OverheadActual  19: 16384 op, 61573.00 ns, 3.7581 ns/op

WorkloadWarmup   1: 16384 op, 632498166.00 ns, 38.6046 us/op
WorkloadWarmup   2: 16384 op, 635202341.00 ns, 38.7697 us/op
WorkloadWarmup   3: 16384 op, 618385113.00 ns, 37.7432 us/op
WorkloadWarmup   4: 16384 op, 618722129.00 ns, 37.7638 us/op
WorkloadWarmup   5: 16384 op, 619485403.00 ns, 37.8104 us/op
WorkloadWarmup   6: 16384 op, 620294617.00 ns, 37.8598 us/op
WorkloadWarmup   7: 16384 op, 621094286.00 ns, 37.9086 us/op
WorkloadWarmup   8: 16384 op, 621823339.00 ns, 37.9531 us/op
WorkloadWarmup   9: 16384 op, 622041745.00 ns, 37.9664 us/op
WorkloadWarmup  10: 16384 op, 619725109.00 ns, 37.8250 us/op

// BeforeActualRun
WorkloadActual   1: 16384 op, 623820224.00 ns, 38.0750 us/op
WorkloadActual   2: 16384 op, 622624509.00 ns, 38.0020 us/op
WorkloadActual   3: 16384 op, 622685860.00 ns, 38.0057 us/op
WorkloadActual   4: 16384 op, 621857890.00 ns, 37.9552 us/op
WorkloadActual   5: 16384 op, 622213883.00 ns, 37.9769 us/op
WorkloadActual   6: 16384 op, 621784990.00 ns, 37.9507 us/op
WorkloadActual   7: 16384 op, 621979511.00 ns, 37.9626 us/op
WorkloadActual   8: 16384 op, 622958729.00 ns, 38.0224 us/op
WorkloadActual   9: 16384 op, 622774934.00 ns, 38.0112 us/op
WorkloadActual  10: 16384 op, 622474340.00 ns, 37.9928 us/op
WorkloadActual  11: 16384 op, 622074458.00 ns, 37.9684 us/op
WorkloadActual  12: 16384 op, 623153528.00 ns, 38.0343 us/op
WorkloadActual  13: 16384 op, 622242350.00 ns, 37.9787 us/op
WorkloadActual  14: 16384 op, 619669805.00 ns, 37.8216 us/op
WorkloadActual  15: 16384 op, 621072752.00 ns, 37.9073 us/op

// AfterActualRun
WorkloadResult   1: 16384 op, 623758682.00 ns, 38.0712 us/op
WorkloadResult   2: 16384 op, 622562967.00 ns, 37.9982 us/op
WorkloadResult   3: 16384 op, 622624318.00 ns, 38.0020 us/op
WorkloadResult   4: 16384 op, 621796348.00 ns, 37.9514 us/op
WorkloadResult   5: 16384 op, 622152341.00 ns, 37.9732 us/op
WorkloadResult   6: 16384 op, 621723448.00 ns, 37.9470 us/op
WorkloadResult   7: 16384 op, 621917969.00 ns, 37.9589 us/op
WorkloadResult   8: 16384 op, 622897187.00 ns, 38.0186 us/op
WorkloadResult   9: 16384 op, 622713392.00 ns, 38.0074 us/op
WorkloadResult  10: 16384 op, 622412798.00 ns, 37.9891 us/op
WorkloadResult  11: 16384 op, 622012916.00 ns, 37.9647 us/op
WorkloadResult  12: 16384 op, 623091986.00 ns, 38.0305 us/op
WorkloadResult  13: 16384 op, 622180808.00 ns, 37.9749 us/op
WorkloadResult  14: 16384 op, 619608263.00 ns, 37.8179 us/op
WorkloadResult  15: 16384 op, 621011210.00 ns, 37.9035 us/op
// GC:  11 0 0 193855488 16384
// Threading:  0 0 16384

// AfterAll
// Benchmark Process 4989 has exited with code 0.
// Launch: 2 / 2
// Execute: dotnet Encina.Benchmarks-MediumRun-1.dll --anonymousPipes 244 245 --benchmarkName "Encina.Benchmarks.EntityFrameworkCore.SpecificationEvaluatorBenchmarks.FiveCriteria_And(CriteriaCount: 2)" --job MediumRun --benchmarkId 4 in /home/runner/work/Encina/Encina/tests/Encina.BenchmarkTests/Encina.Benchmarks/bin/Release/net10.0/Encina.Benchmarks-MediumRun-1/bin/Release/net10.0
// Failed to set up high priority (Permission denied). In order to run benchmarks with high priority, make sure you have the right permissions.
// BeforeAnythingElse

// Benchmark Process Environment Information:
// BenchmarkDotNet v0.15.8
// Runtime=.NET 10.0.7 (10.0.7, 10.0.726.21808), X64 RyuJIT x86-64-v3
// GC=Concurrent Workstation
// HardwareIntrinsics=AVX2+BMI1+BMI2+F16C+FMA+LZCNT+MOVBE,AVX,SSE3+SSSE3+SSE4.1+SSE4.2+POPCNT,X86Base+SSE+SSE2,AES+PCLMUL VectorSize=256
// Job: MediumRun(IterationCount=15, LaunchCount=2, WarmupCount=10)

OverheadJitting  1: 1 op, 245328.00 ns, 245.3280 us/op
WorkloadJitting  1: 1 op, 397372265.00 ns, 397.3723 ms/op

OverheadJitting  2: 1 op, 241.00 ns, 241.0000 ns/op
WorkloadJitting  2: 1 op, 3237798.00 ns, 3.2378 ms/op

OverheadJitting  3: 16 op, 515093.00 ns, 32.1933 us/op
WorkloadJitting  3: 16 op, 1426260.00 ns, 89.1413 us/op

WorkloadPilot    1: 16 op, 913230.00 ns, 57.0769 us/op
WorkloadPilot    2: 32 op, 1458538.00 ns, 45.5793 us/op
WorkloadPilot    3: 64 op, 2962685.00 ns, 46.2920 us/op
WorkloadPilot    4: 128 op, 5843588.00 ns, 45.6530 us/op
WorkloadPilot    5: 256 op, 11625464.00 ns, 45.4120 us/op
WorkloadPilot    6: 512 op, 22904837.00 ns, 44.7360 us/op
WorkloadPilot    7: 1024 op, 45761982.00 ns, 44.6894 us/op
WorkloadPilot    8: 2048 op, 84102028.00 ns, 41.0654 us/op
WorkloadPilot    9: 4096 op, 156309219.00 ns, 38.1614 us/op
WorkloadPilot   10: 8192 op, 317676397.00 ns, 38.7789 us/op
WorkloadPilot   11: 16384 op, 629547486.00 ns, 38.4245 us/op

OverheadWarmup   1: 16384 op, 55834.00 ns, 3.4078 ns/op
OverheadWarmup   2: 16384 op, 55563.00 ns, 3.3913 ns/op
OverheadWarmup   3: 16384 op, 55504.00 ns, 3.3877 ns/op
OverheadWarmup   4: 16384 op, 55574.00 ns, 3.3920 ns/op
OverheadWarmup   5: 16384 op, 55503.00 ns, 3.3876 ns/op
OverheadWarmup   6: 16384 op, 55554.00 ns, 3.3907 ns/op
OverheadWarmup   7: 16384 op, 55573.00 ns, 3.3919 ns/op
OverheadWarmup   8: 16384 op, 55514.00 ns, 3.3883 ns/op

OverheadActual   1: 16384 op, 56625.00 ns, 3.4561 ns/op
OverheadActual   2: 16384 op, 61271.00 ns, 3.7397 ns/op
OverheadActual   3: 16384 op, 55553.00 ns, 3.3907 ns/op
OverheadActual   4: 16384 op, 61222.00 ns, 3.7367 ns/op
OverheadActual   5: 16384 op, 61222.00 ns, 3.7367 ns/op
OverheadActual   6: 16384 op, 55563.00 ns, 3.3913 ns/op
OverheadActual   7: 16384 op, 55743.00 ns, 3.4023 ns/op
OverheadActual   8: 16384 op, 58858.00 ns, 3.5924 ns/op
OverheadActual   9: 16384 op, 55664.00 ns, 3.3975 ns/op
OverheadActual  10: 16384 op, 55563.00 ns, 3.3913 ns/op
OverheadActual  11: 16384 op, 55503.00 ns, 3.3876 ns/op
OverheadActual  12: 16384 op, 55643.00 ns, 3.3962 ns/op
OverheadActual  13: 16384 op, 55533.00 ns, 3.3895 ns/op
OverheadActual  14: 16384 op, 55774.00 ns, 3.4042 ns/op
OverheadActual  15: 16384 op, 55543.00 ns, 3.3901 ns/op

WorkloadWarmup   1: 16384 op, 639347450.00 ns, 39.0227 us/op
WorkloadWarmup   2: 16384 op, 640098672.00 ns, 39.0685 us/op
WorkloadWarmup   3: 16384 op, 626209397.00 ns, 38.2208 us/op
WorkloadWarmup   4: 16384 op, 626414736.00 ns, 38.2333 us/op
WorkloadWarmup   5: 16384 op, 629285483.00 ns, 38.4085 us/op
WorkloadWarmup   6: 16384 op, 626609295.00 ns, 38.2452 us/op
WorkloadWarmup   7: 16384 op, 627680401.00 ns, 38.3106 us/op
WorkloadWarmup   8: 16384 op, 626766889.00 ns, 38.2548 us/op
WorkloadWarmup   9: 16384 op, 626836214.00 ns, 38.2590 us/op
WorkloadWarmup  10: 16384 op, 626331096.00 ns, 38.2282 us/op

// BeforeActualRun
WorkloadActual   1: 16384 op, 640123973.00 ns, 39.0701 us/op
WorkloadActual   2: 16384 op, 628694842.00 ns, 38.3725 us/op
WorkloadActual   3: 16384 op, 626329383.00 ns, 38.2281 us/op
WorkloadActual   4: 16384 op, 630298308.00 ns, 38.4704 us/op
WorkloadActual   5: 16384 op, 629789164.00 ns, 38.4393 us/op
WorkloadActual   6: 16384 op, 628661442.00 ns, 38.3704 us/op
WorkloadActual   7: 16384 op, 628542869.00 ns, 38.3632 us/op
WorkloadActual   8: 16384 op, 628719890.00 ns, 38.3740 us/op
WorkloadActual   9: 16384 op, 627567413.00 ns, 38.3037 us/op
WorkloadActual  10: 16384 op, 628387086.00 ns, 38.3537 us/op
WorkloadActual  11: 16384 op, 629445431.00 ns, 38.4183 us/op
WorkloadActual  12: 16384 op, 629783508.00 ns, 38.4389 us/op
WorkloadActual  13: 16384 op, 626185027.00 ns, 38.2193 us/op
WorkloadActual  14: 16384 op, 627695269.00 ns, 38.3115 us/op
WorkloadActual  15: 16384 op, 629799752.00 ns, 38.4399 us/op

// AfterActualRun
WorkloadResult   1: 16384 op, 628639178.00 ns, 38.3691 us/op
WorkloadResult   2: 16384 op, 626273719.00 ns, 38.2247 us/op
WorkloadResult   3: 16384 op, 630242644.00 ns, 38.4670 us/op
WorkloadResult   4: 16384 op, 629733500.00 ns, 38.4359 us/op
WorkloadResult   5: 16384 op, 628605778.00 ns, 38.3671 us/op
WorkloadResult   6: 16384 op, 628487205.00 ns, 38.3598 us/op
WorkloadResult   7: 16384 op, 628664226.00 ns, 38.3706 us/op
WorkloadResult   8: 16384 op, 627511749.00 ns, 38.3003 us/op
WorkloadResult   9: 16384 op, 628331422.00 ns, 38.3503 us/op
WorkloadResult  10: 16384 op, 629389767.00 ns, 38.4149 us/op
WorkloadResult  11: 16384 op, 629727844.00 ns, 38.4355 us/op
WorkloadResult  12: 16384 op, 626129363.00 ns, 38.2159 us/op
WorkloadResult  13: 16384 op, 627639605.00 ns, 38.3081 us/op
WorkloadResult  14: 16384 op, 629744088.00 ns, 38.4365 us/op
// GC:  11 0 0 196476928 16384
// Threading:  0 0 16384

// AfterAll
// Benchmark Process 5000 has exited with code 0.

Mean = 38.161 μs, StdErr = 0.039 μs (0.10%), N = 29, StdDev = 0.208 μs
Min = 37.818 μs, Q1 = 37.975 μs, Median = 38.071 μs, Q3 = 38.367 μs, Max = 38.467 μs
IQR = 0.392 μs, LowerFence = 37.387 μs, UpperFence = 38.955 μs
ConfidenceInterval = [38.019 μs; 38.303 μs] (CI 99.9%), Margin = 0.142 μs (0.37% of Mean)
Skewness = 0.11, Kurtosis = 1.3, MValue = 2

// ** Remained 21 (80.8 %) benchmark(s) to run. Estimated finish 2026-05-03 2:14 (0h 14m from now) **
// **************************
// Benchmark: SpecificationEvaluatorBenchmarks.'Ten criteria (AND)': MediumRun(IterationCount=15, LaunchCount=2, WarmupCount=10) [CriteriaCount=2]
// *** Execute ***
// Launch: 1 / 2
// Execute: dotnet Encina.Benchmarks-MediumRun-1.dll --anonymousPipes 165 166 --benchmarkName "Encina.Benchmarks.EntityFrameworkCore.SpecificationEvaluatorBenchmarks.TenCriteria_And(CriteriaCount: 2)" --job MediumRun --benchmarkId 5 in /home/runner/work/Encina/Encina/tests/Encina.BenchmarkTests/Encina.Benchmarks/bin/Release/net10.0/Encina.Benchmarks-MediumRun-1/bin/Release/net10.0
// Failed to set up high priority (Permission denied). In order to run benchmarks with high priority, make sure you have the right permissions.
// BeforeAnythingElse

// Benchmark Process Environment Information:
// BenchmarkDotNet v0.15.8
// Runtime=.NET 10.0.7 (10.0.7, 10.0.726.21808), X64 RyuJIT x86-64-v3
// GC=Concurrent Workstation
// HardwareIntrinsics=AVX2+BMI1+BMI2+F16C+FMA+LZCNT+MOVBE,AVX,SSE3+SSSE3+SSE4.1+SSE4.2+POPCNT,X86Base+SSE+SSE2,AES+PCLMUL VectorSize=256
// Job: MediumRun(IterationCount=15, LaunchCount=2, WarmupCount=10)

OverheadJitting  1: 1 op, 241152.00 ns, 241.1520 us/op
WorkloadJitting  1: 1 op, 414620450.00 ns, 414.6205 ms/op

OverheadJitting  2: 1 op, 270.00 ns, 270.0000 ns/op
WorkloadJitting  2: 1 op, 3350659.00 ns, 3.3507 ms/op

OverheadJitting  3: 16 op, 538306.00 ns, 33.6441 us/op
WorkloadJitting  3: 16 op, 2118384.00 ns, 132.3990 us/op

WorkloadPilot    1: 16 op, 1424413.00 ns, 89.0258 us/op
WorkloadPilot    2: 32 op, 2912453.00 ns, 91.0142 us/op
WorkloadPilot    3: 64 op, 5460991.00 ns, 85.3280 us/op
WorkloadPilot    4: 128 op, 10766989.00 ns, 84.1171 us/op
WorkloadPilot    5: 256 op, 21259907.00 ns, 83.0465 us/op
WorkloadPilot    6: 512 op, 42532092.00 ns, 83.0705 us/op
WorkloadPilot    7: 1024 op, 79790243.00 ns, 77.9202 us/op
WorkloadPilot    8: 2048 op, 145334637.00 ns, 70.9642 us/op
WorkloadPilot    9: 4096 op, 291006690.00 ns, 71.0466 us/op
WorkloadPilot   10: 8192 op, 584075869.00 ns, 71.2983 us/op

OverheadWarmup   1: 8192 op, 31357.00 ns, 3.8278 ns/op
OverheadWarmup   2: 8192 op, 31097.00 ns, 3.7960 ns/op
OverheadWarmup   3: 8192 op, 31057.00 ns, 3.7911 ns/op
OverheadWarmup   4: 8192 op, 31067.00 ns, 3.7924 ns/op
OverheadWarmup   5: 8192 op, 31067.00 ns, 3.7924 ns/op
OverheadWarmup   6: 8192 op, 31026.00 ns, 3.7874 ns/op
OverheadWarmup   7: 8192 op, 31086.00 ns, 3.7947 ns/op

OverheadActual   1: 8192 op, 31327.00 ns, 3.8241 ns/op
OverheadActual   2: 8192 op, 31107.00 ns, 3.7972 ns/op
OverheadActual   3: 8192 op, 31267.00 ns, 3.8168 ns/op
OverheadActual   4: 8192 op, 31077.00 ns, 3.7936 ns/op
OverheadActual   5: 8192 op, 31127.00 ns, 3.7997 ns/op
OverheadActual   6: 8192 op, 28153.00 ns, 3.4366 ns/op
OverheadActual   7: 8192 op, 28192.00 ns, 3.4414 ns/op
OverheadActual   8: 8192 op, 28343.00 ns, 3.4598 ns/op
OverheadActual   9: 8192 op, 31026.00 ns, 3.7874 ns/op
OverheadActual  10: 8192 op, 31037.00 ns, 3.7887 ns/op
OverheadActual  11: 8192 op, 28192.00 ns, 3.4414 ns/op
OverheadActual  12: 8192 op, 31046.00 ns, 3.7898 ns/op
OverheadActual  13: 8192 op, 31027.00 ns, 3.7875 ns/op
OverheadActual  14: 8192 op, 31057.00 ns, 3.7911 ns/op
OverheadActual  15: 8192 op, 31036.00 ns, 3.7886 ns/op

WorkloadWarmup   1: 8192 op, 594956704.00 ns, 72.6266 us/op
WorkloadWarmup   2: 8192 op, 594916991.00 ns, 72.6217 us/op
WorkloadWarmup   3: 8192 op, 582079695.00 ns, 71.0547 us/op
WorkloadWarmup   4: 8192 op, 581030115.00 ns, 70.9265 us/op
WorkloadWarmup   5: 8192 op, 583492460.00 ns, 71.2271 us/op
WorkloadWarmup   6: 8192 op, 582456420.00 ns, 71.1006 us/op
WorkloadWarmup   7: 8192 op, 583245320.00 ns, 71.1969 us/op
WorkloadWarmup   8: 8192 op, 584465678.00 ns, 71.3459 us/op
WorkloadWarmup   9: 8192 op, 582851741.00 ns, 71.1489 us/op
WorkloadWarmup  10: 8192 op, 582701847.00 ns, 71.1306 us/op

// BeforeActualRun
WorkloadActual   1: 8192 op, 585488298.00 ns, 71.4707 us/op
WorkloadActual   2: 8192 op, 584431106.00 ns, 71.3417 us/op
WorkloadActual   3: 8192 op, 583547753.00 ns, 71.2339 us/op
WorkloadActual   4: 8192 op, 583857437.00 ns, 71.2717 us/op
WorkloadActual   5: 8192 op, 581736144.00 ns, 71.0127 us/op
WorkloadActual   6: 8192 op, 583682794.00 ns, 71.2503 us/op
WorkloadActual   7: 8192 op, 590710629.00 ns, 72.1082 us/op
WorkloadActual   8: 8192 op, 582009278.00 ns, 71.0461 us/op
WorkloadActual   9: 8192 op, 584069704.00 ns, 71.2976 us/op
WorkloadActual  10: 8192 op, 584063084.00 ns, 71.2968 us/op
WorkloadActual  11: 8192 op, 585528663.00 ns, 71.4757 us/op
WorkloadActual  12: 8192 op, 583082906.00 ns, 71.1771 us/op
WorkloadActual  13: 8192 op, 582717218.00 ns, 71.1325 us/op
WorkloadActual  14: 8192 op, 584831905.00 ns, 71.3906 us/op
WorkloadActual  15: 8192 op, 584486478.00 ns, 71.3484 us/op

// AfterActualRun
WorkloadResult   1: 8192 op, 585457261.00 ns, 71.4670 us/op
WorkloadResult   2: 8192 op, 584400069.00 ns, 71.3379 us/op
WorkloadResult   3: 8192 op, 583516716.00 ns, 71.2301 us/op
WorkloadResult   4: 8192 op, 583826400.00 ns, 71.2679 us/op
WorkloadResult   5: 8192 op, 581705107.00 ns, 71.0089 us/op
WorkloadResult   6: 8192 op, 583651757.00 ns, 71.2466 us/op
WorkloadResult   7: 8192 op, 581978241.00 ns, 71.0423 us/op
WorkloadResult   8: 8192 op, 584038667.00 ns, 71.2938 us/op
WorkloadResult   9: 8192 op, 584032047.00 ns, 71.2930 us/op
WorkloadResult  10: 8192 op, 585497626.00 ns, 71.4719 us/op
WorkloadResult  11: 8192 op, 583051869.00 ns, 71.1733 us/op
WorkloadResult  12: 8192 op, 582686181.00 ns, 71.1287 us/op
WorkloadResult  13: 8192 op, 584800868.00 ns, 71.3868 us/op
WorkloadResult  14: 8192 op, 584455441.00 ns, 71.3447 us/op
// GC:  10 0 0 176750592 8192
// Threading:  0 0 8192

// AfterAll
// Benchmark Process 5016 has exited with code 0.
// Launch: 2 / 2
// Execute: dotnet Encina.Benchmarks-MediumRun-1.dll --anonymousPipes 165 166 --benchmarkName "Encina.Benchmarks.EntityFrameworkCore.SpecificationEvaluatorBenchmarks.TenCriteria_And(CriteriaCount: 2)" --job MediumRun --benchmarkId 5 in /home/runner/work/Encina/Encina/tests/Encina.BenchmarkTests/Encina.Benchmarks/bin/Release/net10.0/Encina.Benchmarks-MediumRun-1/bin/Release/net10.0
// Failed to set up high priority (Permission denied). In order to run benchmarks with high priority, make sure you have the right permissions.
// BeforeAnythingElse

// Benchmark Process Environment Information:
// BenchmarkDotNet v0.15.8
// Runtime=.NET 10.0.7 (10.0.7, 10.0.726.21808), X64 RyuJIT x86-64-v3
// GC=Concurrent Workstation
// HardwareIntrinsics=AVX2+BMI1+BMI2+F16C+FMA+LZCNT+MOVBE,AVX,SSE3+SSSE3+SSE4.1+SSE4.2+POPCNT,X86Base+SSE+SSE2,AES+PCLMUL VectorSize=256
// Job: MediumRun(IterationCount=15, LaunchCount=2, WarmupCount=10)

OverheadJitting  1: 1 op, 243925.00 ns, 243.9250 us/op
WorkloadJitting  1: 1 op, 415831282.00 ns, 415.8313 ms/op

OverheadJitting  2: 1 op, 371.00 ns, 371.0000 ns/op
WorkloadJitting  2: 1 op, 3332572.00 ns, 3.3326 ms/op

OverheadJitting  3: 16 op, 540600.00 ns, 33.7875 us/op
WorkloadJitting  3: 16 op, 2085764.00 ns, 130.3603 us/op

WorkloadPilot    1: 16 op, 1463312.00 ns, 91.4570 us/op
WorkloadPilot    2: 32 op, 2900465.00 ns, 90.6395 us/op
WorkloadPilot    3: 64 op, 5393598.00 ns, 84.2750 us/op
WorkloadPilot    4: 128 op, 10778485.00 ns, 84.2069 us/op
WorkloadPilot    5: 256 op, 21373905.00 ns, 83.4918 us/op
WorkloadPilot    6: 512 op, 42408893.00 ns, 82.8299 us/op
WorkloadPilot    7: 1024 op, 79439009.00 ns, 77.5772 us/op
WorkloadPilot    8: 2048 op, 144881353.00 ns, 70.7428 us/op
WorkloadPilot    9: 4096 op, 288792311.00 ns, 70.5059 us/op
WorkloadPilot   10: 8192 op, 577822140.00 ns, 70.5349 us/op

OverheadWarmup   1: 8192 op, 39529.00 ns, 4.8253 ns/op
OverheadWarmup   2: 8192 op, 38989.00 ns, 4.7594 ns/op
OverheadWarmup   3: 8192 op, 39199.00 ns, 4.7850 ns/op
OverheadWarmup   4: 8192 op, 38107.00 ns, 4.6517 ns/op
OverheadWarmup   5: 8192 op, 38688.00 ns, 4.7227 ns/op
OverheadWarmup   6: 8192 op, 38448.00 ns, 4.6934 ns/op

OverheadActual   1: 8192 op, 38578.00 ns, 4.7092 ns/op
OverheadActual   2: 8192 op, 38588.00 ns, 4.7104 ns/op
OverheadActual   3: 8192 op, 41932.00 ns, 5.1187 ns/op
OverheadActual   4: 8192 op, 40180.00 ns, 4.9048 ns/op
OverheadActual   5: 8192 op, 39559.00 ns, 4.8290 ns/op
OverheadActual   6: 8192 op, 40761.00 ns, 4.9757 ns/op
OverheadActual   7: 8192 op, 38297.00 ns, 4.6749 ns/op
OverheadActual   8: 8192 op, 54732.00 ns, 6.6812 ns/op
OverheadActual   9: 8192 op, 37997.00 ns, 4.6383 ns/op
OverheadActual  10: 8192 op, 38387.00 ns, 4.6859 ns/op
OverheadActual  11: 8192 op, 38558.00 ns, 4.7068 ns/op
OverheadActual  12: 8192 op, 40701.00 ns, 4.9684 ns/op
OverheadActual  13: 8192 op, 38447.00 ns, 4.6932 ns/op
OverheadActual  14: 8192 op, 39939.00 ns, 4.8754 ns/op
OverheadActual  15: 8192 op, 36815.00 ns, 4.4940 ns/op

WorkloadWarmup   1: 8192 op, 593446944.00 ns, 72.4423 us/op
WorkloadWarmup   2: 8192 op, 593793292.00 ns, 72.4845 us/op
WorkloadWarmup   3: 8192 op, 581916712.00 ns, 71.0348 us/op
WorkloadWarmup   4: 8192 op, 580149045.00 ns, 70.8190 us/op
WorkloadWarmup   5: 8192 op, 580918898.00 ns, 70.9130 us/op
WorkloadWarmup   6: 8192 op, 579215797.00 ns, 70.7051 us/op
WorkloadWarmup   7: 8192 op, 579937868.00 ns, 70.7932 us/op
WorkloadWarmup   8: 8192 op, 579381916.00 ns, 70.7253 us/op
WorkloadWarmup   9: 8192 op, 580764957.00 ns, 70.8942 us/op
WorkloadWarmup  10: 8192 op, 580902003.00 ns, 70.9109 us/op

// BeforeActualRun
WorkloadActual   1: 8192 op, 584197089.00 ns, 71.3131 us/op
WorkloadActual   2: 8192 op, 582772098.00 ns, 71.1392 us/op
WorkloadActual   3: 8192 op, 581543734.00 ns, 70.9892 us/op
WorkloadActual   4: 8192 op, 580372124.00 ns, 70.8462 us/op
WorkloadActual   5: 8192 op, 584478140.00 ns, 71.3474 us/op
WorkloadActual   6: 8192 op, 584522126.00 ns, 71.3528 us/op
WorkloadActual   7: 8192 op, 581794860.00 ns, 71.0199 us/op
WorkloadActual   8: 8192 op, 580427963.00 ns, 70.8530 us/op
WorkloadActual   9: 8192 op, 582128871.00 ns, 71.0607 us/op
WorkloadActual  10: 8192 op, 583188487.00 ns, 71.1900 us/op
WorkloadActual  11: 8192 op, 581257326.00 ns, 70.9543 us/op
WorkloadActual  12: 8192 op, 580553922.00 ns, 70.8684 us/op
WorkloadActual  13: 8192 op, 581263444.00 ns, 70.9550 us/op
WorkloadActual  14: 8192 op, 583961205.00 ns, 71.2843 us/op
WorkloadActual  15: 8192 op, 580686077.00 ns, 70.8845 us/op

// AfterActualRun
WorkloadResult   1: 8192 op, 584158501.00 ns, 71.3084 us/op
WorkloadResult   2: 8192 op, 582733510.00 ns, 71.1345 us/op
WorkloadResult   3: 8192 op, 581505146.00 ns, 70.9845 us/op
WorkloadResult   4: 8192 op, 580333536.00 ns, 70.8415 us/op
WorkloadResult   5: 8192 op, 584439552.00 ns, 71.3427 us/op
WorkloadResult   6: 8192 op, 584483538.00 ns, 71.3481 us/op
WorkloadResult   7: 8192 op, 581756272.00 ns, 71.0152 us/op
WorkloadResult   8: 8192 op, 580389375.00 ns, 70.8483 us/op
WorkloadResult   9: 8192 op, 582090283.00 ns, 71.0559 us/op
WorkloadResult  10: 8192 op, 583149899.00 ns, 71.1853 us/op
WorkloadResult  11: 8192 op, 581218738.00 ns, 70.9496 us/op
WorkloadResult  12: 8192 op, 580515334.00 ns, 70.8637 us/op
WorkloadResult  13: 8192 op, 581224856.00 ns, 70.9503 us/op
WorkloadResult  14: 8192 op, 583922617.00 ns, 71.2796 us/op
WorkloadResult  15: 8192 op, 580647489.00 ns, 70.8798 us/op
// GC:  10 0 0 175439872 8192
// Threading:  0 0 8192

// AfterAll
// Benchmark Process 5030 has exited with code 0.

Mean = 71.161 μs, StdErr = 0.036 μs (0.05%), N = 29, StdDev = 0.192 μs
Min = 70.841 μs, Q1 = 71.009 μs, Median = 71.185 μs, Q3 = 71.308 μs, Max = 71.472 μs
IQR = 0.299 μs, LowerFence = 70.560 μs, UpperFence = 71.758 μs
ConfidenceInterval = [71.031 μs; 71.292 μs] (CI 99.9%), Margin = 0.131 μs (0.18% of Mean)
Skewness = -0.2, Kurtosis = 1.71, MValue = 2

// ** Remained 20 (76.9 %) benchmark(s) to run. Estimated finish 2026-05-03 2:13 (0h 13m from now) **
// **************************
// Benchmark: SpecificationEvaluatorBenchmarks.'Keyset pagination': MediumRun(IterationCount=15, LaunchCount=2, WarmupCount=10) [CriteriaCount=2]
// *** Execute ***
// Launch: 1 / 2
// Execute: dotnet Encina.Benchmarks-MediumRun-1.dll --anonymousPipes 165 166 --benchmarkName "Encina.Benchmarks.EntityFrameworkCore.SpecificationEvaluatorBenchmarks.KeysetPagination_ExpressionBuilding(CriteriaCount: 2)" --job MediumRun --benchmarkId 6 in /home/runner/work/Encina/Encina/tests/Encina.BenchmarkTests/Encina.Benchmarks/bin/Release/net10.0/Encina.Benchmarks-MediumRun-1/bin/Release/net10.0
// Failed to set up high priority (Permission denied). In order to run benchmarks with high priority, make sure you have the right permissions.
// BeforeAnythingElse

// Benchmark Process Environment Information:
// BenchmarkDotNet v0.15.8
// Runtime=.NET 10.0.7 (10.0.7, 10.0.726.21808), X64 RyuJIT x86-64-v3
// GC=Concurrent Workstation
// HardwareIntrinsics=AVX2+BMI1+BMI2+F16C+FMA+LZCNT+MOVBE,AVX,SSE3+SSSE3+SSE4.1+SSE4.2+POPCNT,X86Base+SSE+SSE2,AES+PCLMUL VectorSize=256
// Job: MediumRun(IterationCount=15, LaunchCount=2, WarmupCount=10)

OverheadJitting  1: 1 op, 252368.00 ns, 252.3680 us/op
WorkloadJitting  1: 1 op, 394793626.00 ns, 394.7936 ms/op

OverheadJitting  2: 1 op, 400.00 ns, 400.0000 ns/op
WorkloadJitting  2: 1 op, 3846877.00 ns, 3.8469 ms/op

OverheadJitting  3: 16 op, 548782.00 ns, 34.2989 us/op
WorkloadJitting  3: 16 op, 1287970.00 ns, 80.4981 us/op

WorkloadPilot    1: 16 op, 719178.00 ns, 44.9486 us/op
WorkloadPilot    2: 32 op, 1119018.00 ns, 34.9693 us/op
WorkloadPilot    3: 64 op, 2360118.00 ns, 36.8768 us/op
WorkloadPilot    4: 128 op, 4484683.00 ns, 35.0366 us/op
WorkloadPilot    5: 256 op, 8916496.00 ns, 34.8301 us/op
WorkloadPilot    6: 512 op, 17653414.00 ns, 34.4793 us/op
WorkloadPilot    7: 1024 op, 32562094.00 ns, 31.7989 us/op
WorkloadPilot    8: 2048 op, 64862706.00 ns, 31.6712 us/op
WorkloadPilot    9: 4096 op, 114532687.00 ns, 27.9621 us/op
WorkloadPilot   10: 8192 op, 228658773.00 ns, 27.9124 us/op
WorkloadPilot   11: 16384 op, 454416778.00 ns, 27.7354 us/op
WorkloadPilot   12: 32768 op, 905306257.00 ns, 27.6278 us/op

OverheadWarmup   1: 32768 op, 122073.00 ns, 3.7254 ns/op
OverheadWarmup   2: 32768 op, 137146.00 ns, 4.1854 ns/op
OverheadWarmup   3: 32768 op, 121843.00 ns, 3.7184 ns/op
OverheadWarmup   4: 32768 op, 121922.00 ns, 3.7208 ns/op
OverheadWarmup   5: 32768 op, 121832.00 ns, 3.7180 ns/op

OverheadActual   1: 32768 op, 121843.00 ns, 3.7184 ns/op
OverheadActual   2: 32768 op, 121893.00 ns, 3.7199 ns/op
OverheadActual   3: 32768 op, 121893.00 ns, 3.7199 ns/op
OverheadActual   4: 32768 op, 136825.00 ns, 4.1756 ns/op
OverheadActual   5: 32768 op, 121832.00 ns, 3.7180 ns/op
OverheadActual   6: 32768 op, 110616.00 ns, 3.3757 ns/op
OverheadActual   7: 32768 op, 136705.00 ns, 4.1719 ns/op
OverheadActual   8: 32768 op, 122023.00 ns, 3.7238 ns/op
OverheadActual   9: 32768 op, 121823.00 ns, 3.7177 ns/op
OverheadActual  10: 32768 op, 121883.00 ns, 3.7196 ns/op
OverheadActual  11: 32768 op, 121842.00 ns, 3.7183 ns/op
OverheadActual  12: 32768 op, 121862.00 ns, 3.7189 ns/op
OverheadActual  13: 32768 op, 121792.00 ns, 3.7168 ns/op
OverheadActual  14: 32768 op, 122033.00 ns, 3.7242 ns/op
OverheadActual  15: 32768 op, 125408.00 ns, 3.8271 ns/op

WorkloadWarmup   1: 32768 op, 921399212.00 ns, 28.1189 us/op
WorkloadWarmup   2: 32768 op, 919270601.00 ns, 28.0539 us/op
WorkloadWarmup   3: 32768 op, 906289469.00 ns, 27.6578 us/op
WorkloadWarmup   4: 32768 op, 915694402.00 ns, 27.9448 us/op
WorkloadWarmup   5: 32768 op, 908755554.00 ns, 27.7330 us/op
WorkloadWarmup   6: 32768 op, 908549093.00 ns, 27.7267 us/op
WorkloadWarmup   7: 32768 op, 901363869.00 ns, 27.5074 us/op
WorkloadWarmup   8: 32768 op, 908262493.00 ns, 27.7180 us/op
WorkloadWarmup   9: 32768 op, 907401353.00 ns, 27.6917 us/op
WorkloadWarmup  10: 32768 op, 907612600.00 ns, 27.6981 us/op

// BeforeActualRun
WorkloadActual   1: 32768 op, 906881435.00 ns, 27.6758 us/op
WorkloadActual   2: 32768 op, 908067151.00 ns, 27.7120 us/op
WorkloadActual   3: 32768 op, 911628745.00 ns, 27.8207 us/op
WorkloadActual   4: 32768 op, 907278549.00 ns, 27.6879 us/op
WorkloadActual   5: 32768 op, 904084395.00 ns, 27.5905 us/op
WorkloadActual   6: 32768 op, 907821172.00 ns, 27.7045 us/op
WorkloadActual   7: 32768 op, 906343829.00 ns, 27.6594 us/op
WorkloadActual   8: 32768 op, 905870890.00 ns, 27.6450 us/op
WorkloadActual   9: 32768 op, 908515942.00 ns, 27.7257 us/op
WorkloadActual  10: 32768 op, 909079837.00 ns, 27.7429 us/op
WorkloadActual  11: 32768 op, 911134004.00 ns, 27.8056 us/op
WorkloadActual  12: 32768 op, 909169604.00 ns, 27.7457 us/op
WorkloadActual  13: 32768 op, 910223294.00 ns, 27.7778 us/op
WorkloadActual  14: 32768 op, 906454828.00 ns, 27.6628 us/op
WorkloadActual  15: 32768 op, 909648552.00 ns, 27.7603 us/op

// AfterActualRun
WorkloadResult   1: 32768 op, 906759552.00 ns, 27.6721 us/op
WorkloadResult   2: 32768 op, 907945268.00 ns, 27.7083 us/op
WorkloadResult   3: 32768 op, 911506862.00 ns, 27.8170 us/op
WorkloadResult   4: 32768 op, 907156666.00 ns, 27.6842 us/op
WorkloadResult   5: 32768 op, 903962512.00 ns, 27.5867 us/op
WorkloadResult   6: 32768 op, 907699289.00 ns, 27.7008 us/op
WorkloadResult   7: 32768 op, 906221946.00 ns, 27.6557 us/op
WorkloadResult   8: 32768 op, 905749007.00 ns, 27.6413 us/op
WorkloadResult   9: 32768 op, 908394059.00 ns, 27.7220 us/op
WorkloadResult  10: 32768 op, 908957954.00 ns, 27.7392 us/op
WorkloadResult  11: 32768 op, 911012121.00 ns, 27.8019 us/op
WorkloadResult  12: 32768 op, 909047721.00 ns, 27.7419 us/op
WorkloadResult  13: 32768 op, 910101411.00 ns, 27.7741 us/op
WorkloadResult  14: 32768 op, 906332945.00 ns, 27.6591 us/op
WorkloadResult  15: 32768 op, 909526669.00 ns, 27.7566 us/op
// GC:  21 0 0 359927936 32768
// Threading:  0 0 32768

// AfterAll
// Benchmark Process 5043 has exited with code 0.
// Launch: 2 / 2
// Execute: dotnet Encina.Benchmarks-MediumRun-1.dll --anonymousPipes 165 166 --benchmarkName "Encina.Benchmarks.EntityFrameworkCore.SpecificationEvaluatorBenchmarks.KeysetPagination_ExpressionBuilding(CriteriaCount: 2)" --job MediumRun --benchmarkId 6 in /home/runner/work/Encina/Encina/tests/Encina.BenchmarkTests/Encina.Benchmarks/bin/Release/net10.0/Encina.Benchmarks-MediumRun-1/bin/Release/net10.0
// Failed to set up high priority (Permission denied). In order to run benchmarks with high priority, make sure you have the right permissions.
// BeforeAnythingElse

// Benchmark Process Environment Information:
// BenchmarkDotNet v0.15.8
// Runtime=.NET 10.0.7 (10.0.7, 10.0.726.21808), X64 RyuJIT x86-64-v3
// GC=Concurrent Workstation
// HardwareIntrinsics=AVX2+BMI1+BMI2+F16C+FMA+LZCNT+MOVBE,AVX,SSE3+SSSE3+SSE4.1+SSE4.2+POPCNT,X86Base+SSE+SSE2,AES+PCLMUL VectorSize=256
// Job: MediumRun(IterationCount=15, LaunchCount=2, WarmupCount=10)

OverheadJitting  1: 1 op, 264206.00 ns, 264.2060 us/op
WorkloadJitting  1: 1 op, 397008706.00 ns, 397.0087 ms/op

OverheadJitting  2: 1 op, 370.00 ns, 370.0000 ns/op
WorkloadJitting  2: 1 op, 3800503.00 ns, 3.8005 ms/op

OverheadJitting  3: 16 op, 500510.00 ns, 31.2819 us/op
WorkloadJitting  3: 16 op, 1238616.00 ns, 77.4135 us/op

WorkloadPilot    1: 16 op, 710754.00 ns, 44.4221 us/op
WorkloadPilot    2: 32 op, 1207339.00 ns, 37.7293 us/op
WorkloadPilot    3: 64 op, 2253546.00 ns, 35.2117 us/op
WorkloadPilot    4: 128 op, 4377738.00 ns, 34.2011 us/op
WorkloadPilot    5: 256 op, 8377309.00 ns, 32.7239 us/op
WorkloadPilot    6: 512 op, 16357473.00 ns, 31.9482 us/op
WorkloadPilot    7: 1024 op, 31883650.00 ns, 31.1364 us/op
WorkloadPilot    8: 2048 op, 60532105.00 ns, 29.5567 us/op
WorkloadPilot    9: 4096 op, 107732129.00 ns, 26.3018 us/op
WorkloadPilot   10: 8192 op, 214207465.00 ns, 26.1484 us/op
WorkloadPilot   11: 16384 op, 426907173.00 ns, 26.0563 us/op
WorkloadPilot   12: 32768 op, 862404181.00 ns, 26.3185 us/op

OverheadWarmup   1: 32768 op, 110776.00 ns, 3.3806 ns/op
OverheadWarmup   2: 32768 op, 135643.00 ns, 4.1395 ns/op
OverheadWarmup   3: 32768 op, 110425.00 ns, 3.3699 ns/op
OverheadWarmup   4: 32768 op, 121862.00 ns, 3.7189 ns/op
OverheadWarmup   5: 32768 op, 121842.00 ns, 3.7183 ns/op

OverheadActual   1: 32768 op, 150766.00 ns, 4.6010 ns/op
OverheadActual   2: 32768 op, 121893.00 ns, 3.7199 ns/op
OverheadActual   3: 32768 op, 138147.00 ns, 4.2159 ns/op
OverheadActual   4: 32768 op, 121823.00 ns, 3.7177 ns/op
OverheadActual   5: 32768 op, 121833.00 ns, 3.7180 ns/op
OverheadActual   6: 32768 op, 110455.00 ns, 3.3708 ns/op
OverheadActual   7: 32768 op, 121863.00 ns, 3.7190 ns/op
OverheadActual   8: 32768 op, 121812.00 ns, 3.7174 ns/op
OverheadActual   9: 32768 op, 137085.00 ns, 4.1835 ns/op
OverheadActual  10: 32768 op, 121853.00 ns, 3.7187 ns/op
OverheadActual  11: 32768 op, 121803.00 ns, 3.7171 ns/op
OverheadActual  12: 32768 op, 121832.00 ns, 3.7180 ns/op
OverheadActual  13: 32768 op, 110446.00 ns, 3.3705 ns/op
OverheadActual  14: 32768 op, 121853.00 ns, 3.7187 ns/op
OverheadActual  15: 32768 op, 121813.00 ns, 3.7174 ns/op

WorkloadWarmup   1: 32768 op, 872614156.00 ns, 26.6301 us/op
WorkloadWarmup   2: 32768 op, 873847548.00 ns, 26.6677 us/op
WorkloadWarmup   3: 32768 op, 858021397.00 ns, 26.1847 us/op
WorkloadWarmup   4: 32768 op, 854277659.00 ns, 26.0705 us/op
WorkloadWarmup   5: 32768 op, 854181525.00 ns, 26.0676 us/op
WorkloadWarmup   6: 32768 op, 854921544.00 ns, 26.0901 us/op
WorkloadWarmup   7: 32768 op, 858259093.00 ns, 26.1920 us/op
WorkloadWarmup   8: 32768 op, 864659370.00 ns, 26.3873 us/op
WorkloadWarmup   9: 32768 op, 853465187.00 ns, 26.0457 us/op
WorkloadWarmup  10: 32768 op, 859375726.00 ns, 26.2261 us/op

// BeforeActualRun
WorkloadActual   1: 32768 op, 858612359.00 ns, 26.2028 us/op
WorkloadActual   2: 32768 op, 857864750.00 ns, 26.1800 us/op
WorkloadActual   3: 32768 op, 858140644.00 ns, 26.1884 us/op
WorkloadActual   4: 32768 op, 855541800.00 ns, 26.1091 us/op
WorkloadActual   5: 32768 op, 860005146.00 ns, 26.2453 us/op
WorkloadActual   6: 32768 op, 863735104.00 ns, 26.3591 us/op
WorkloadActual   7: 32768 op, 860434629.00 ns, 26.2584 us/op
WorkloadActual   8: 32768 op, 858218410.00 ns, 26.1907 us/op
WorkloadActual   9: 32768 op, 858896035.00 ns, 26.2114 us/op
WorkloadActual  10: 32768 op, 858806261.00 ns, 26.2087 us/op
WorkloadActual  11: 32768 op, 855663120.00 ns, 26.1128 us/op
WorkloadActual  12: 32768 op, 860253837.00 ns, 26.2529 us/op
WorkloadActual  13: 32768 op, 856767114.00 ns, 26.1465 us/op
WorkloadActual  14: 32768 op, 860526826.00 ns, 26.2612 us/op
WorkloadActual  15: 32768 op, 854205307.00 ns, 26.0683 us/op

// AfterActualRun
WorkloadResult   1: 32768 op, 858490526.00 ns, 26.1991 us/op
WorkloadResult   2: 32768 op, 857742917.00 ns, 26.1762 us/op
WorkloadResult   3: 32768 op, 858018811.00 ns, 26.1847 us/op
WorkloadResult   4: 32768 op, 855419967.00 ns, 26.1053 us/op
WorkloadResult   5: 32768 op, 859883313.00 ns, 26.2416 us/op
WorkloadResult   6: 32768 op, 863613271.00 ns, 26.3554 us/op
WorkloadResult   7: 32768 op, 860312796.00 ns, 26.2547 us/op
WorkloadResult   8: 32768 op, 858096577.00 ns, 26.1870 us/op
WorkloadResult   9: 32768 op, 858774202.00 ns, 26.2077 us/op
WorkloadResult  10: 32768 op, 858684428.00 ns, 26.2050 us/op
WorkloadResult  11: 32768 op, 855541287.00 ns, 26.1090 us/op
WorkloadResult  12: 32768 op, 860132004.00 ns, 26.2491 us/op
WorkloadResult  13: 32768 op, 856645281.00 ns, 26.1427 us/op
WorkloadResult  14: 32768 op, 860404993.00 ns, 26.2575 us/op
WorkloadResult  15: 32768 op, 854083474.00 ns, 26.0646 us/op
// GC:  20 0 0 349966272 32768
// Threading:  0 0 32768

// AfterAll
// Benchmark Process 5061 has exited with code 0.

Mean = 26.953 μs, StdErr = 0.141 μs (0.52%), N = 30, StdDev = 0.773 μs
Min = 26.065 μs, Q1 = 26.201 μs, Median = 26.971 μs, Q3 = 27.706 μs, Max = 27.817 μs
IQR = 1.506 μs, LowerFence = 23.942 μs, UpperFence = 29.965 μs
ConfidenceInterval = [26.437 μs; 27.470 μs] (CI 99.9%), Margin = 0.517 μs (1.92% of Mean)
Skewness = -0, Kurtosis = 0.96, MValue = 4

// ** Remained 19 (73.1 %) benchmark(s) to run. Estimated finish 2026-05-03 2:14 (0h 13m from now) **
// **************************
// Benchmark: SpecificationEvaluatorBenchmarks.'Keyset pagination (fresh cursor)': MediumRun(IterationCount=15, LaunchCount=2, WarmupCount=10) [CriteriaCount=2]
// *** Execute ***
// Launch: 1 / 2
// Execute: dotnet Encina.Benchmarks-MediumRun-1.dll --anonymousPipes 165 166 --benchmarkName "Encina.Benchmarks.EntityFrameworkCore.SpecificationEvaluatorBenchmarks.KeysetPagination_FreshCursor(CriteriaCount: 2)" --job MediumRun --benchmarkId 7 in /home/runner/work/Encina/Encina/tests/Encina.BenchmarkTests/Encina.Benchmarks/bin/Release/net10.0/Encina.Benchmarks-MediumRun-1/bin/Release/net10.0
// Failed to set up high priority (Permission denied). In order to run benchmarks with high priority, make sure you have the right permissions.
// BeforeAnythingElse

// Benchmark Process Environment Information:
// BenchmarkDotNet v0.15.8
// Runtime=.NET 10.0.7 (10.0.7, 10.0.726.21808), X64 RyuJIT x86-64-v3
// GC=Concurrent Workstation
// HardwareIntrinsics=AVX2+BMI1+BMI2+F16C+FMA+LZCNT+MOVBE,AVX,SSE3+SSSE3+SSE4.1+SSE4.2+POPCNT,X86Base+SSE+SSE2,AES+PCLMUL VectorSize=256
// Job: MediumRun(IterationCount=15, LaunchCount=2, WarmupCount=10)

OverheadJitting  1: 1 op, 270946.00 ns, 270.9460 us/op
WorkloadJitting  1: 1 op, 396118600.00 ns, 396.1186 ms/op

OverheadJitting  2: 1 op, 361.00 ns, 361.0000 ns/op
WorkloadJitting  2: 1 op, 4993360.00 ns, 4.9934 ms/op

OverheadJitting  3: 16 op, 530234.00 ns, 33.1396 us/op
WorkloadJitting  3: 16 op, 66962599.00 ns, 4.1852 ms/op

WorkloadPilot    1: 16 op, 65853237.00 ns, 4.1158 ms/op
WorkloadPilot    2: 32 op, 129876794.00 ns, 4.0586 ms/op
WorkloadPilot    3: 64 op, 259922830.00 ns, 4.0613 ms/op
WorkloadPilot    4: 128 op, 522483763.00 ns, 4.0819 ms/op

OverheadWarmup   1: 128 op, 1302.00 ns, 10.1719 ns/op
OverheadWarmup   2: 128 op, 1372.00 ns, 10.7188 ns/op
OverheadWarmup   3: 128 op, 991.00 ns, 7.7422 ns/op
OverheadWarmup   4: 128 op, 1131.00 ns, 8.8359 ns/op
OverheadWarmup   5: 128 op, 1051.00 ns, 8.2109 ns/op

OverheadActual   1: 128 op, 1031.00 ns, 8.0547 ns/op
OverheadActual   2: 128 op, 1051.00 ns, 8.2109 ns/op
OverheadActual   3: 128 op, 1092.00 ns, 8.5313 ns/op
OverheadActual   4: 128 op, 1372.00 ns, 10.7188 ns/op
OverheadActual   5: 128 op, 1052.00 ns, 8.2188 ns/op
OverheadActual   6: 128 op, 1122.00 ns, 8.7656 ns/op
OverheadActual   7: 128 op, 1212.00 ns, 9.4688 ns/op
OverheadActual   8: 128 op, 1062.00 ns, 8.2969 ns/op
OverheadActual   9: 128 op, 1021.00 ns, 7.9766 ns/op
OverheadActual  10: 128 op, 1011.00 ns, 7.8984 ns/op
OverheadActual  11: 128 op, 1352.00 ns, 10.5625 ns/op
OverheadActual  12: 128 op, 1021.00 ns, 7.9766 ns/op
OverheadActual  13: 128 op, 1022.00 ns, 7.9844 ns/op
OverheadActual  14: 128 op, 1041.00 ns, 8.1328 ns/op
OverheadActual  15: 128 op, 1062.00 ns, 8.2969 ns/op
OverheadActual  16: 128 op, 1172.00 ns, 9.1563 ns/op
OverheadActual  17: 128 op, 1042.00 ns, 8.1406 ns/op
OverheadActual  18: 128 op, 1292.00 ns, 10.0938 ns/op
OverheadActual  19: 128 op, 1232.00 ns, 9.6250 ns/op
OverheadActual  20: 128 op, 1142.00 ns, 8.9219 ns/op

WorkloadWarmup   1: 128 op, 531747172.00 ns, 4.1543 ms/op
WorkloadWarmup   2: 128 op, 522856340.00 ns, 4.0848 ms/op
WorkloadWarmup   3: 128 op, 523709528.00 ns, 4.0915 ms/op
WorkloadWarmup   4: 128 op, 525020893.00 ns, 4.1017 ms/op
WorkloadWarmup   5: 128 op, 524964228.00 ns, 4.1013 ms/op
WorkloadWarmup   6: 128 op, 529631300.00 ns, 4.1377 ms/op
WorkloadWarmup   7: 128 op, 522570291.00 ns, 4.0826 ms/op
WorkloadWarmup   8: 128 op, 525229816.00 ns, 4.1034 ms/op
WorkloadWarmup   9: 128 op, 531896629.00 ns, 4.1554 ms/op
WorkloadWarmup  10: 128 op, 521018817.00 ns, 4.0705 ms/op

// BeforeActualRun
WorkloadActual   1: 128 op, 526434130.00 ns, 4.1128 ms/op
WorkloadActual   2: 128 op, 523512864.00 ns, 4.0899 ms/op
WorkloadActual   3: 128 op, 525312700.00 ns, 4.1040 ms/op
WorkloadActual   4: 128 op, 526065823.00 ns, 4.1099 ms/op
WorkloadActual   5: 128 op, 529780770.00 ns, 4.1389 ms/op
WorkloadActual   6: 128 op, 526616778.00 ns, 4.1142 ms/op
WorkloadActual   7: 128 op, 522711554.00 ns, 4.0837 ms/op
WorkloadActual   8: 128 op, 522764763.00 ns, 4.0841 ms/op
WorkloadActual   9: 128 op, 523979484.00 ns, 4.0936 ms/op
WorkloadActual  10: 128 op, 524611802.00 ns, 4.0985 ms/op
WorkloadActual  11: 128 op, 535453753.00 ns, 4.1832 ms/op
WorkloadActual  12: 128 op, 529179348.00 ns, 4.1342 ms/op
WorkloadActual  13: 128 op, 531039787.00 ns, 4.1487 ms/op
WorkloadActual  14: 128 op, 527539331.00 ns, 4.1214 ms/op
WorkloadActual  15: 128 op, 531756861.00 ns, 4.1544 ms/op

// AfterActualRun
WorkloadResult   1: 128 op, 526433068.00 ns, 4.1128 ms/op
WorkloadResult   2: 128 op, 523511802.00 ns, 4.0899 ms/op
WorkloadResult   3: 128 op, 525311638.00 ns, 4.1040 ms/op
WorkloadResult   4: 128 op, 526064761.00 ns, 4.1099 ms/op
WorkloadResult   5: 128 op, 529779708.00 ns, 4.1389 ms/op
WorkloadResult   6: 128 op, 526615716.00 ns, 4.1142 ms/op
WorkloadResult   7: 128 op, 522710492.00 ns, 4.0837 ms/op
WorkloadResult   8: 128 op, 522763701.00 ns, 4.0841 ms/op
WorkloadResult   9: 128 op, 523978422.00 ns, 4.0936 ms/op
WorkloadResult  10: 128 op, 524610740.00 ns, 4.0985 ms/op
WorkloadResult  11: 128 op, 535452691.00 ns, 4.1832 ms/op
WorkloadResult  12: 128 op, 529178286.00 ns, 4.1342 ms/op
WorkloadResult  13: 128 op, 531038725.00 ns, 4.1487 ms/op
WorkloadResult  14: 128 op, 527538269.00 ns, 4.1214 ms/op
WorkloadResult  15: 128 op, 531755799.00 ns, 4.1543 ms/op
// GC:  0 0 0 14277048 128
// Threading:  2 0 128

// AfterAll
// Benchmark Process 5076 has exited with code 0.
// Launch: 2 / 2
// Execute: dotnet Encina.Benchmarks-MediumRun-1.dll --anonymousPipes 165 166 --benchmarkName "Encina.Benchmarks.EntityFrameworkCore.SpecificationEvaluatorBenchmarks.KeysetPagination_FreshCursor(CriteriaCount: 2)" --job MediumRun --benchmarkId 7 in /home/runner/work/Encina/Encina/tests/Encina.BenchmarkTests/Encina.Benchmarks/bin/Release/net10.0/Encina.Benchmarks-MediumRun-1/bin/Release/net10.0
// Failed to set up high priority (Permission denied). In order to run benchmarks with high priority, make sure you have the right permissions.
// BeforeAnythingElse

// Benchmark Process Environment Information:
// BenchmarkDotNet v0.15.8
// Runtime=.NET 10.0.7 (10.0.7, 10.0.726.21808), X64 RyuJIT x86-64-v3
// GC=Concurrent Workstation
// HardwareIntrinsics=AVX2+BMI1+BMI2+F16C+FMA+LZCNT+MOVBE,AVX,SSE3+SSSE3+SSE4.1+SSE4.2+POPCNT,X86Base+SSE+SSE2,AES+PCLMUL VectorSize=256
// Job: MediumRun(IterationCount=15, LaunchCount=2, WarmupCount=10)

OverheadJitting  1: 1 op, 241562.00 ns, 241.5620 us/op
WorkloadJitting  1: 1 op, 397403509.00 ns, 397.4035 ms/op

OverheadJitting  2: 1 op, 370.00 ns, 370.0000 ns/op
WorkloadJitting  2: 1 op, 5022969.00 ns, 5.0230 ms/op

OverheadJitting  3: 16 op, 513369.00 ns, 32.0856 us/op
WorkloadJitting  3: 16 op, 67151052.00 ns, 4.1969 ms/op

WorkloadPilot    1: 16 op, 65996252.00 ns, 4.1248 ms/op
WorkloadPilot    2: 32 op, 130257064.00 ns, 4.0705 ms/op
WorkloadPilot    3: 64 op, 261736119.00 ns, 4.0896 ms/op
WorkloadPilot    4: 128 op, 523354411.00 ns, 4.0887 ms/op

OverheadWarmup   1: 128 op, 1953.00 ns, 15.2578 ns/op
OverheadWarmup   2: 128 op, 1201.00 ns, 9.3828 ns/op
OverheadWarmup   3: 128 op, 1572.00 ns, 12.2813 ns/op
OverheadWarmup   4: 128 op, 1782.00 ns, 13.9219 ns/op
OverheadWarmup   5: 128 op, 3776.00 ns, 29.5000 ns/op
OverheadWarmup   6: 128 op, 3946.00 ns, 30.8281 ns/op
OverheadWarmup   7: 128 op, 3676.00 ns, 28.7188 ns/op
OverheadWarmup   8: 128 op, 1883.00 ns, 14.7109 ns/op
OverheadWarmup   9: 128 op, 1312.00 ns, 10.2500 ns/op
OverheadWarmup  10: 128 op, 3695.00 ns, 28.8672 ns/op

OverheadActual   1: 128 op, 4496.00 ns, 35.1250 ns/op
OverheadActual   2: 128 op, 1713.00 ns, 13.3828 ns/op
OverheadActual   3: 128 op, 1322.00 ns, 10.3281 ns/op
OverheadActual   4: 128 op, 1742.00 ns, 13.6094 ns/op
OverheadActual   5: 128 op, 1212.00 ns, 9.4688 ns/op
OverheadActual   6: 128 op, 1162.00 ns, 9.0781 ns/op
OverheadActual   7: 128 op, 1042.00 ns, 8.1406 ns/op
OverheadActual   8: 128 op, 1272.00 ns, 9.9375 ns/op
OverheadActual   9: 128 op, 1021.00 ns, 7.9766 ns/op
OverheadActual  10: 128 op, 992.00 ns, 7.7500 ns/op
OverheadActual  11: 128 op, 1042.00 ns, 8.1406 ns/op
OverheadActual  12: 128 op, 1092.00 ns, 8.5313 ns/op
OverheadActual  13: 128 op, 1032.00 ns, 8.0625 ns/op
OverheadActual  14: 128 op, 1001.00 ns, 7.8203 ns/op
OverheadActual  15: 128 op, 1122.00 ns, 8.7656 ns/op
OverheadActual  16: 128 op, 1192.00 ns, 9.3125 ns/op
OverheadActual  17: 128 op, 992.00 ns, 7.7500 ns/op
OverheadActual  18: 128 op, 1052.00 ns, 8.2188 ns/op
OverheadActual  19: 128 op, 1111.00 ns, 8.6797 ns/op
OverheadActual  20: 128 op, 981.00 ns, 7.6641 ns/op

WorkloadWarmup   1: 128 op, 530831563.00 ns, 4.1471 ms/op
WorkloadWarmup   2: 128 op, 525483841.00 ns, 4.1053 ms/op
WorkloadWarmup   3: 128 op, 521624549.00 ns, 4.0752 ms/op
WorkloadWarmup   4: 128 op, 528564987.00 ns, 4.1294 ms/op
WorkloadWarmup   5: 128 op, 525435758.00 ns, 4.1050 ms/op
WorkloadWarmup   6: 128 op, 529985676.00 ns, 4.1405 ms/op
WorkloadWarmup   7: 128 op, 525541667.00 ns, 4.1058 ms/op
WorkloadWarmup   8: 128 op, 525936889.00 ns, 4.1089 ms/op
WorkloadWarmup   9: 128 op, 522683887.00 ns, 4.0835 ms/op
WorkloadWarmup  10: 128 op, 522586751.00 ns, 4.0827 ms/op

// BeforeActualRun
WorkloadActual   1: 128 op, 528476064.00 ns, 4.1287 ms/op
WorkloadActual   2: 128 op, 523739089.00 ns, 4.0917 ms/op
WorkloadActual   3: 128 op, 526300848.00 ns, 4.1117 ms/op
WorkloadActual   4: 128 op, 527322078.00 ns, 4.1197 ms/op
WorkloadActual   5: 128 op, 526848979.00 ns, 4.1160 ms/op
WorkloadActual   6: 128 op, 526591473.00 ns, 4.1140 ms/op
WorkloadActual   7: 128 op, 523212738.00 ns, 4.0876 ms/op
WorkloadActual   8: 128 op, 521959709.00 ns, 4.0778 ms/op
WorkloadActual   9: 128 op, 523996643.00 ns, 4.0937 ms/op
WorkloadActual  10: 128 op, 524166367.00 ns, 4.0950 ms/op
WorkloadActual  11: 128 op, 527339204.00 ns, 4.1198 ms/op
WorkloadActual  12: 128 op, 528187506.00 ns, 4.1265 ms/op
WorkloadActual  13: 128 op, 530839561.00 ns, 4.1472 ms/op
WorkloadActual  14: 128 op, 526210582.00 ns, 4.1110 ms/op
WorkloadActual  15: 128 op, 531222696.00 ns, 4.1502 ms/op

// AfterActualRun
WorkloadResult   1: 128 op, 528474962.50 ns, 4.1287 ms/op
WorkloadResult   2: 128 op, 523737987.50 ns, 4.0917 ms/op
WorkloadResult   3: 128 op, 526299746.50 ns, 4.1117 ms/op
WorkloadResult   4: 128 op, 527320976.50 ns, 4.1197 ms/op
WorkloadResult   5: 128 op, 526847877.50 ns, 4.1160 ms/op
WorkloadResult   6: 128 op, 526590371.50 ns, 4.1140 ms/op
WorkloadResult   7: 128 op, 523211636.50 ns, 4.0876 ms/op
WorkloadResult   8: 128 op, 521958607.50 ns, 4.0778 ms/op
WorkloadResult   9: 128 op, 523995541.50 ns, 4.0937 ms/op
WorkloadResult  10: 128 op, 524165265.50 ns, 4.0950 ms/op
WorkloadResult  11: 128 op, 527338102.50 ns, 4.1198 ms/op
WorkloadResult  12: 128 op, 528186404.50 ns, 4.1265 ms/op
WorkloadResult  13: 128 op, 530838459.50 ns, 4.1472 ms/op
WorkloadResult  14: 128 op, 526209480.50 ns, 4.1110 ms/op
WorkloadResult  15: 128 op, 531221594.50 ns, 4.1502 ms/op
// GC:  0 0 0 14304696 128
// Threading:  2 0 128

// AfterAll
// Benchmark Process 5097 has exited with code 0.

Mean = 4.115 ms, StdErr = 0.005 ms (0.11%), N = 30, StdDev = 0.025 ms
Min = 4.078 ms, Q1 = 4.094 ms, Median = 4.113 ms, Q3 = 4.128 ms, Max = 4.183 ms
IQR = 0.034 ms, LowerFence = 4.043 ms, UpperFence = 4.179 ms
ConfidenceInterval = [4.099 ms; 4.132 ms] (CI 99.9%), Margin = 0.017 ms (0.40% of Mean)
Skewness = 0.66, Kurtosis = 2.93, MValue = 2

// ** Remained 18 (69.2 %) benchmark(s) to run. Estimated finish 2026-05-03 2:14 (0h 12m from now) **
// **************************
// Benchmark: SpecificationEvaluatorBenchmarks.'Lambda Include': MediumRun(IterationCount=15, LaunchCount=2, WarmupCount=10) [CriteriaCount=2]
// *** Execute ***
// Launch: 1 / 2
// Execute: dotnet Encina.Benchmarks-MediumRun-1.dll --anonymousPipes 165 166 --benchmarkName "Encina.Benchmarks.EntityFrameworkCore.SpecificationEvaluatorBenchmarks.Include_Lambda(CriteriaCount: 2)" --job MediumRun --benchmarkId 8 in /home/runner/work/Encina/Encina/tests/Encina.BenchmarkTests/Encina.Benchmarks/bin/Release/net10.0/Encina.Benchmarks-MediumRun-1/bin/Release/net10.0
// Failed to set up high priority (Permission denied). In order to run benchmarks with high priority, make sure you have the right permissions.
// BeforeAnythingElse

// Benchmark Process Environment Information:
// BenchmarkDotNet v0.15.8
// Runtime=.NET 10.0.7 (10.0.7, 10.0.726.21808), X64 RyuJIT x86-64-v3
// GC=Concurrent Workstation
// HardwareIntrinsics=AVX2+BMI1+BMI2+F16C+FMA+LZCNT+MOVBE,AVX,SSE3+SSSE3+SSE4.1+SSE4.2+POPCNT,X86Base+SSE+SSE2,AES+PCLMUL VectorSize=256
// Job: MediumRun(IterationCount=15, LaunchCount=2, WarmupCount=10)

OverheadJitting  1: 1 op, 253264.00 ns, 253.2640 us/op
WorkloadJitting  1: 1 op, 369628851.00 ns, 369.6289 ms/op

OverheadJitting  2: 1 op, 341.00 ns, 341.0000 ns/op
WorkloadJitting  2: 1 op, 1484653.00 ns, 1.4847 ms/op

OverheadJitting  3: 16 op, 521942.00 ns, 32.6214 us/op
WorkloadJitting  3: 16 op, 841978.00 ns, 52.6236 us/op

WorkloadPilot    1: 16 op, 277211.00 ns, 17.3257 us/op
WorkloadPilot    2: 32 op, 466358.00 ns, 14.5737 us/op
WorkloadPilot    3: 64 op, 839744.00 ns, 13.1210 us/op
WorkloadPilot    4: 128 op, 1532696.00 ns, 11.9742 us/op
WorkloadPilot    5: 256 op, 3119653.00 ns, 12.1861 us/op
WorkloadPilot    6: 512 op, 5867782.00 ns, 11.4605 us/op
WorkloadPilot    7: 1024 op, 11557875.00 ns, 11.2870 us/op
WorkloadPilot    8: 2048 op, 23051364.00 ns, 11.2555 us/op
WorkloadPilot    9: 4096 op, 45870635.00 ns, 11.1989 us/op
WorkloadPilot   10: 8192 op, 75446387.00 ns, 9.2098 us/op
WorkloadPilot   11: 16384 op, 151598165.00 ns, 9.2528 us/op
WorkloadPilot   12: 32768 op, 304611272.00 ns, 9.2960 us/op
WorkloadPilot   13: 65536 op, 601932159.00 ns, 9.1848 us/op

OverheadWarmup   1: 65536 op, 262373.00 ns, 4.0035 ns/op
OverheadWarmup   2: 65536 op, 220280.00 ns, 3.3612 ns/op
OverheadWarmup   3: 65536 op, 243064.00 ns, 3.7089 ns/op
OverheadWarmup   4: 65536 op, 243144.00 ns, 3.7101 ns/op
OverheadWarmup   5: 65536 op, 258036.00 ns, 3.9373 ns/op
OverheadWarmup   6: 65536 op, 243124.00 ns, 3.7098 ns/op
OverheadWarmup   7: 65536 op, 243324.00 ns, 3.7128 ns/op
OverheadWarmup   8: 65536 op, 259869.00 ns, 3.9653 ns/op
OverheadWarmup   9: 65536 op, 261021.00 ns, 3.9829 ns/op
OverheadWarmup  10: 65536 op, 243124.00 ns, 3.7098 ns/op

OverheadActual   1: 65536 op, 243194.00 ns, 3.7108 ns/op
OverheadActual   2: 65536 op, 243164.00 ns, 3.7104 ns/op
OverheadActual   3: 65536 op, 243334.00 ns, 3.7130 ns/op
OverheadActual   4: 65536 op, 243194.00 ns, 3.7108 ns/op
OverheadActual   5: 65536 op, 243184.00 ns, 3.7107 ns/op
OverheadActual   6: 65536 op, 243104.00 ns, 3.7095 ns/op
OverheadActual   7: 65536 op, 243094.00 ns, 3.7093 ns/op
OverheadActual   8: 65536 op, 257977.00 ns, 3.9364 ns/op
OverheadActual   9: 65536 op, 243244.00 ns, 3.7116 ns/op
OverheadActual  10: 65536 op, 243084.00 ns, 3.7092 ns/op
OverheadActual  11: 65536 op, 243134.00 ns, 3.7099 ns/op
OverheadActual  12: 65536 op, 243114.00 ns, 3.7096 ns/op
OverheadActual  13: 65536 op, 243124.00 ns, 3.7098 ns/op
OverheadActual  14: 65536 op, 259468.00 ns, 3.9592 ns/op
OverheadActual  15: 65536 op, 243174.00 ns, 3.7105 ns/op

WorkloadWarmup   1: 65536 op, 619088706.00 ns, 9.4465 us/op
WorkloadWarmup   2: 65536 op, 619630769.00 ns, 9.4548 us/op
WorkloadWarmup   3: 65536 op, 606424260.00 ns, 9.2533 us/op
WorkloadWarmup   4: 65536 op, 606648406.00 ns, 9.2567 us/op
WorkloadWarmup   5: 65536 op, 605550100.00 ns, 9.2400 us/op
WorkloadWarmup   6: 65536 op, 606864049.00 ns, 9.2600 us/op
WorkloadWarmup   7: 65536 op, 606172492.00 ns, 9.2495 us/op
WorkloadWarmup   8: 65536 op, 606983168.00 ns, 9.2618 us/op
WorkloadWarmup   9: 65536 op, 606361710.00 ns, 9.2523 us/op
WorkloadWarmup  10: 65536 op, 606661299.00 ns, 9.2569 us/op

// BeforeActualRun
WorkloadActual   1: 65536 op, 611208104.00 ns, 9.3263 us/op
WorkloadActual   2: 65536 op, 606689973.00 ns, 9.2574 us/op
WorkloadActual   3: 65536 op, 607212005.00 ns, 9.2653 us/op
WorkloadActual   4: 65536 op, 609468436.00 ns, 9.2998 us/op
WorkloadActual   5: 65536 op, 607672881.00 ns, 9.2724 us/op
WorkloadActual   6: 65536 op, 606766082.00 ns, 9.2585 us/op
WorkloadActual   7: 65536 op, 608432615.00 ns, 9.2839 us/op
WorkloadActual   8: 65536 op, 607893186.00 ns, 9.2757 us/op
WorkloadActual   9: 65536 op, 609353986.00 ns, 9.2980 us/op
WorkloadActual  10: 65536 op, 608215479.00 ns, 9.2806 us/op
WorkloadActual  11: 65536 op, 606940798.00 ns, 9.2612 us/op
WorkloadActual  12: 65536 op, 607986318.00 ns, 9.2771 us/op
WorkloadActual  13: 65536 op, 607246580.00 ns, 9.2658 us/op
WorkloadActual  14: 65536 op, 610053196.00 ns, 9.3087 us/op
WorkloadActual  15: 65536 op, 607046821.00 ns, 9.2628 us/op

// AfterActualRun
WorkloadResult   1: 65536 op, 610964930.00 ns, 9.3226 us/op
WorkloadResult   2: 65536 op, 606446799.00 ns, 9.2536 us/op
WorkloadResult   3: 65536 op, 606968831.00 ns, 9.2616 us/op
WorkloadResult   4: 65536 op, 609225262.00 ns, 9.2960 us/op
WorkloadResult   5: 65536 op, 607429707.00 ns, 9.2686 us/op
WorkloadResult   6: 65536 op, 606522908.00 ns, 9.2548 us/op
WorkloadResult   7: 65536 op, 608189441.00 ns, 9.2802 us/op
WorkloadResult   8: 65536 op, 607650012.00 ns, 9.2720 us/op
WorkloadResult   9: 65536 op, 609110812.00 ns, 9.2943 us/op
WorkloadResult  10: 65536 op, 607972305.00 ns, 9.2769 us/op
WorkloadResult  11: 65536 op, 606697624.00 ns, 9.2575 us/op
WorkloadResult  12: 65536 op, 607743144.00 ns, 9.2734 us/op
WorkloadResult  13: 65536 op, 607003406.00 ns, 9.2621 us/op
WorkloadResult  14: 65536 op, 609810022.00 ns, 9.3050 us/op
WorkloadResult  15: 65536 op, 606803647.00 ns, 9.2591 us/op
// GC:  17 0 0 285736960 65536
// Threading:  0 0 65536

// AfterAll
// Benchmark Process 5110 has exited with code 0.
// Launch: 2 / 2
// Execute: dotnet Encina.Benchmarks-MediumRun-1.dll --anonymousPipes 165 166 --benchmarkName "Encina.Benchmarks.EntityFrameworkCore.SpecificationEvaluatorBenchmarks.Include_Lambda(CriteriaCount: 2)" --job MediumRun --benchmarkId 8 in /home/runner/work/Encina/Encina/tests/Encina.BenchmarkTests/Encina.Benchmarks/bin/Release/net10.0/Encina.Benchmarks-MediumRun-1/bin/Release/net10.0
// Failed to set up high priority (Permission denied). In order to run benchmarks with high priority, make sure you have the right permissions.
// BeforeAnythingElse

// Benchmark Process Environment Information:
// BenchmarkDotNet v0.15.8
// Runtime=.NET 10.0.7 (10.0.7, 10.0.726.21808), X64 RyuJIT x86-64-v3
// GC=Concurrent Workstation
// HardwareIntrinsics=AVX2+BMI1+BMI2+F16C+FMA+LZCNT+MOVBE,AVX,SSE3+SSSE3+SSE4.1+SSE4.2+POPCNT,X86Base+SSE+SSE2,AES+PCLMUL VectorSize=256
// Job: MediumRun(IterationCount=15, LaunchCount=2, WarmupCount=10)

OverheadJitting  1: 1 op, 298157.00 ns, 298.1570 us/op
WorkloadJitting  1: 1 op, 366818818.00 ns, 366.8188 ms/op

OverheadJitting  2: 1 op, 351.00 ns, 351.0000 ns/op
WorkloadJitting  2: 1 op, 1453639.00 ns, 1.4536 ms/op

OverheadJitting  3: 16 op, 510766.00 ns, 31.9229 us/op
WorkloadJitting  3: 16 op, 815091.00 ns, 50.9432 us/op

WorkloadPilot    1: 16 op, 286930.00 ns, 17.9331 us/op
WorkloadPilot    2: 32 op, 499278.00 ns, 15.6024 us/op
WorkloadPilot    3: 64 op, 855582.00 ns, 13.3685 us/op
WorkloadPilot    4: 128 op, 1513369.00 ns, 11.8232 us/op
WorkloadPilot    5: 256 op, 3144082.00 ns, 12.2816 us/op
WorkloadPilot    6: 512 op, 5862166.00 ns, 11.4495 us/op
WorkloadPilot    7: 1024 op, 11454717.00 ns, 11.1862 us/op
WorkloadPilot    8: 2048 op, 22694263.00 ns, 11.0812 us/op
WorkloadPilot    9: 4096 op, 45937417.00 ns, 11.2152 us/op
WorkloadPilot   10: 8192 op, 74287846.00 ns, 9.0683 us/op
WorkloadPilot   11: 16384 op, 148712138.00 ns, 9.0767 us/op
WorkloadPilot   12: 32768 op, 300296038.00 ns, 9.1643 us/op
WorkloadPilot   13: 65536 op, 595133446.00 ns, 9.0810 us/op

OverheadWarmup   1: 65536 op, 220681.00 ns, 3.3673 ns/op
OverheadWarmup   2: 65536 op, 220300.00 ns, 3.3615 ns/op
OverheadWarmup   3: 65536 op, 238297.00 ns, 3.6361 ns/op
OverheadWarmup   4: 65536 op, 220290.00 ns, 3.3614 ns/op
OverheadWarmup   5: 65536 op, 220300.00 ns, 3.3615 ns/op
OverheadWarmup   6: 65536 op, 220300.00 ns, 3.3615 ns/op

OverheadActual   1: 65536 op, 262073.00 ns, 3.9989 ns/op
OverheadActual   2: 65536 op, 243304.00 ns, 3.7125 ns/op
OverheadActual   3: 65536 op, 243275.00 ns, 3.7121 ns/op
OverheadActual   4: 65536 op, 243165.00 ns, 3.7104 ns/op
OverheadActual   5: 65536 op, 243145.00 ns, 3.7101 ns/op
OverheadActual   6: 65536 op, 220310.00 ns, 3.3617 ns/op
OverheadActual   7: 65536 op, 220340.00 ns, 3.3621 ns/op
OverheadActual   8: 65536 op, 220321.00 ns, 3.3618 ns/op
OverheadActual   9: 65536 op, 241713.00 ns, 3.6882 ns/op
OverheadActual  10: 65536 op, 243174.00 ns, 3.7105 ns/op
OverheadActual  11: 65536 op, 220340.00 ns, 3.3621 ns/op
OverheadActual  12: 65536 op, 220310.00 ns, 3.3617 ns/op
OverheadActual  13: 65536 op, 220301.00 ns, 3.3615 ns/op
OverheadActual  14: 65536 op, 220290.00 ns, 3.3614 ns/op
OverheadActual  15: 65536 op, 220411.00 ns, 3.3632 ns/op
OverheadActual  16: 65536 op, 220521.00 ns, 3.3649 ns/op
OverheadActual  17: 65536 op, 220290.00 ns, 3.3614 ns/op
OverheadActual  18: 65536 op, 220310.00 ns, 3.3617 ns/op
OverheadActual  19: 65536 op, 220901.00 ns, 3.3707 ns/op
OverheadActual  20: 65536 op, 220401.00 ns, 3.3631 ns/op

WorkloadWarmup   1: 65536 op, 606316357.00 ns, 9.2517 us/op
WorkloadWarmup   2: 65536 op, 605795071.00 ns, 9.2437 us/op
WorkloadWarmup   3: 65536 op, 594205210.00 ns, 9.0669 us/op
WorkloadWarmup   4: 65536 op, 594130664.00 ns, 9.0657 us/op
WorkloadWarmup   5: 65536 op, 594438577.00 ns, 9.0704 us/op
WorkloadWarmup   6: 65536 op, 593855184.00 ns, 9.0615 us/op
WorkloadWarmup   7: 65536 op, 593519541.00 ns, 9.0564 us/op
WorkloadWarmup   8: 65536 op, 592260443.00 ns, 9.0372 us/op
WorkloadWarmup   9: 65536 op, 594829834.00 ns, 9.0764 us/op
WorkloadWarmup  10: 65536 op, 594794221.00 ns, 9.0758 us/op

// BeforeActualRun
WorkloadActual   1: 65536 op, 598006395.00 ns, 9.1249 us/op
WorkloadActual   2: 65536 op, 596572487.00 ns, 9.1030 us/op
WorkloadActual   3: 65536 op, 598000076.00 ns, 9.1248 us/op
WorkloadActual   4: 65536 op, 597493446.00 ns, 9.1170 us/op
WorkloadActual   5: 65536 op, 594885763.00 ns, 9.0772 us/op
WorkloadActual   6: 65536 op, 595170404.00 ns, 9.0816 us/op
WorkloadActual   7: 65536 op, 594516214.00 ns, 9.0716 us/op
WorkloadActual   8: 65536 op, 596608953.00 ns, 9.1035 us/op
WorkloadActual   9: 65536 op, 594620422.00 ns, 9.0732 us/op
WorkloadActual  10: 65536 op, 601491424.00 ns, 9.1780 us/op
WorkloadActual  11: 65536 op, 596637719.00 ns, 9.1040 us/op
WorkloadActual  12: 65536 op, 598034115.00 ns, 9.1253 us/op
WorkloadActual  13: 65536 op, 596913634.00 ns, 9.1082 us/op
WorkloadActual  14: 65536 op, 597401426.00 ns, 9.1156 us/op
WorkloadActual  15: 65536 op, 595630408.00 ns, 9.0886 us/op

// AfterActualRun
WorkloadResult   1: 65536 op, 597785989.00 ns, 9.1215 us/op
WorkloadResult   2: 65536 op, 596352081.00 ns, 9.0996 us/op
WorkloadResult   3: 65536 op, 597779670.00 ns, 9.1214 us/op
WorkloadResult   4: 65536 op, 597273040.00 ns, 9.1137 us/op
WorkloadResult   5: 65536 op, 594665357.00 ns, 9.0739 us/op
WorkloadResult   6: 65536 op, 594949998.00 ns, 9.0782 us/op
WorkloadResult   7: 65536 op, 594295808.00 ns, 9.0682 us/op
WorkloadResult   8: 65536 op, 596388547.00 ns, 9.1002 us/op
WorkloadResult   9: 65536 op, 594400016.00 ns, 9.0698 us/op
WorkloadResult  10: 65536 op, 596417313.00 ns, 9.1006 us/op
WorkloadResult  11: 65536 op, 597813709.00 ns, 9.1219 us/op
WorkloadResult  12: 65536 op, 596693228.00 ns, 9.1048 us/op
WorkloadResult  13: 65536 op, 597181020.00 ns, 9.1123 us/op
WorkloadResult  14: 65536 op, 595410002.00 ns, 9.0852 us/op
// GC:  17 0 0 285736960 65536
// Threading:  0 0 65536

// AfterAll
// Benchmark Process 5123 has exited with code 0.

Mean = 9.190 μs, StdErr = 0.017 μs (0.19%), N = 29, StdDev = 0.093 μs
Min = 9.068 μs, Q1 = 9.101 μs, Median = 9.254 μs, Q3 = 9.272 μs, Max = 9.323 μs
IQR = 0.171 μs, LowerFence = 8.844 μs, UpperFence = 9.529 μs
ConfidenceInterval = [9.127 μs; 9.253 μs] (CI 99.9%), Margin = 0.063 μs (0.69% of Mean)
Skewness = -0.05, Kurtosis = 1.12, MValue = 2

// ** Remained 17 (65.4 %) benchmark(s) to run. Estimated finish 2026-05-03 2:13 (0h 11m from now) **
// **************************
// Benchmark: SpecificationEvaluatorBenchmarks.'String Include': MediumRun(IterationCount=15, LaunchCount=2, WarmupCount=10) [CriteriaCount=2]
// *** Execute ***
// Launch: 1 / 2
// Execute: dotnet Encina.Benchmarks-MediumRun-1.dll --anonymousPipes 165 166 --benchmarkName "Encina.Benchmarks.EntityFrameworkCore.SpecificationEvaluatorBenchmarks.Include_String(CriteriaCount: 2)" --job MediumRun --benchmarkId 9 in /home/runner/work/Encina/Encina/tests/Encina.BenchmarkTests/Encina.Benchmarks/bin/Release/net10.0/Encina.Benchmarks-MediumRun-1/bin/Release/net10.0
// Failed to set up high priority (Permission denied). In order to run benchmarks with high priority, make sure you have the right permissions.
// BeforeAnythingElse

// Benchmark Process Environment Information:
// BenchmarkDotNet v0.15.8
// Runtime=.NET 10.0.7 (10.0.7, 10.0.726.21808), X64 RyuJIT x86-64-v3
// GC=Concurrent Workstation
// HardwareIntrinsics=AVX2+BMI1+BMI2+F16C+FMA+LZCNT+MOVBE,AVX,SSE3+SSSE3+SSE4.1+SSE4.2+POPCNT,X86Base+SSE+SSE2,AES+PCLMUL VectorSize=256
// Job: MediumRun(IterationCount=15, LaunchCount=2, WarmupCount=10)

OverheadJitting  1: 1 op, 238658.00 ns, 238.6580 us/op
WorkloadJitting  1: 1 op, 367393510.00 ns, 367.3935 ms/op

OverheadJitting  2: 1 op, 250.00 ns, 250.0000 ns/op
WorkloadJitting  2: 1 op, 1409873.00 ns, 1.4099 ms/op

OverheadJitting  3: 16 op, 501101.00 ns, 31.3188 us/op
WorkloadJitting  3: 16 op, 838357.00 ns, 52.3973 us/op

WorkloadPilot    1: 16 op, 275242.00 ns, 17.2026 us/op
WorkloadPilot    2: 32 op, 482102.00 ns, 15.0657 us/op
WorkloadPilot    3: 64 op, 859268.00 ns, 13.4261 us/op
WorkloadPilot    4: 128 op, 1532967.00 ns, 11.9763 us/op
WorkloadPilot    5: 256 op, 3137122.00 ns, 12.2544 us/op
WorkloadPilot    6: 512 op, 5992923.00 ns, 11.7049 us/op
WorkloadPilot    7: 1024 op, 11783993.00 ns, 11.5078 us/op
WorkloadPilot    8: 2048 op, 23334485.00 ns, 11.3938 us/op
WorkloadPilot    9: 4096 op, 45859196.00 ns, 11.1961 us/op
WorkloadPilot   10: 8192 op, 74662137.00 ns, 9.1140 us/op
WorkloadPilot   11: 16384 op, 148810324.00 ns, 9.0827 us/op
WorkloadPilot   12: 32768 op, 298417522.00 ns, 9.1070 us/op
WorkloadPilot   13: 65536 op, 601571238.00 ns, 9.1792 us/op

OverheadWarmup   1: 65536 op, 266930.00 ns, 4.0730 ns/op
OverheadWarmup   2: 65536 op, 250906.00 ns, 3.8285 ns/op
OverheadWarmup   3: 65536 op, 250826.00 ns, 3.8273 ns/op
OverheadWarmup   4: 65536 op, 250736.00 ns, 3.8259 ns/op
OverheadWarmup   5: 65536 op, 250836.00 ns, 3.8275 ns/op
OverheadWarmup   6: 65536 op, 270375.00 ns, 4.1256 ns/op
OverheadWarmup   7: 65536 op, 251356.00 ns, 3.8354 ns/op
OverheadWarmup   8: 65536 op, 265037.00 ns, 4.0441 ns/op
OverheadWarmup   9: 65536 op, 275654.00 ns, 4.2061 ns/op
OverheadWarmup  10: 65536 op, 251157.00 ns, 3.8324 ns/op

OverheadActual   1: 65536 op, 252659.00 ns, 3.8553 ns/op
OverheadActual   2: 65536 op, 266129.00 ns, 4.0608 ns/op
OverheadActual   3: 65536 op, 250365.00 ns, 3.8203 ns/op
OverheadActual   4: 65536 op, 243165.00 ns, 3.7104 ns/op
OverheadActual   5: 65536 op, 243154.00 ns, 3.7102 ns/op
OverheadActual   6: 65536 op, 220260.00 ns, 3.3609 ns/op
OverheadActual   7: 65536 op, 220360.00 ns, 3.3624 ns/op
OverheadActual   8: 65536 op, 220330.00 ns, 3.3620 ns/op
OverheadActual   9: 65536 op, 248713.00 ns, 3.7951 ns/op
OverheadActual  10: 65536 op, 234993.00 ns, 3.5857 ns/op
OverheadActual  11: 65536 op, 220320.00 ns, 3.3618 ns/op
OverheadActual  12: 65536 op, 220360.00 ns, 3.3624 ns/op
OverheadActual  13: 65536 op, 220340.00 ns, 3.3621 ns/op
OverheadActual  14: 65536 op, 220340.00 ns, 3.3621 ns/op
OverheadActual  15: 65536 op, 243836.00 ns, 3.7206 ns/op
OverheadActual  16: 65536 op, 242343.00 ns, 3.6979 ns/op
OverheadActual  17: 65536 op, 220281.00 ns, 3.3612 ns/op
OverheadActual  18: 65536 op, 220361.00 ns, 3.3624 ns/op
OverheadActual  19: 65536 op, 234562.00 ns, 3.5791 ns/op
OverheadActual  20: 65536 op, 220350.00 ns, 3.3623 ns/op

WorkloadWarmup   1: 65536 op, 608279064.00 ns, 9.2816 us/op
WorkloadWarmup   2: 65536 op, 608134375.00 ns, 9.2794 us/op
WorkloadWarmup   3: 65536 op, 597878844.00 ns, 9.1229 us/op
WorkloadWarmup   4: 65536 op, 596976271.00 ns, 9.1091 us/op
WorkloadWarmup   5: 65536 op, 599564240.00 ns, 9.1486 us/op
WorkloadWarmup   6: 65536 op, 598517811.00 ns, 9.1327 us/op
WorkloadWarmup   7: 65536 op, 597472364.00 ns, 9.1167 us/op
WorkloadWarmup   8: 65536 op, 600666772.00 ns, 9.1654 us/op
WorkloadWarmup   9: 65536 op, 598377330.00 ns, 9.1305 us/op
WorkloadWarmup  10: 65536 op, 597303421.00 ns, 9.1141 us/op

// BeforeActualRun
WorkloadActual   1: 65536 op, 601736456.00 ns, 9.1818 us/op
WorkloadActual   2: 65536 op, 599703949.00 ns, 9.1508 us/op
WorkloadActual   3: 65536 op, 601316286.00 ns, 9.1754 us/op
WorkloadActual   4: 65536 op, 600012882.00 ns, 9.1555 us/op
WorkloadActual   5: 65536 op, 597525361.00 ns, 9.1175 us/op
WorkloadActual   6: 65536 op, 600216164.00 ns, 9.1586 us/op
WorkloadActual   7: 65536 op, 600510355.00 ns, 9.1631 us/op
WorkloadActual   8: 65536 op, 598951939.00 ns, 9.1393 us/op
WorkloadActual   9: 65536 op, 600010265.00 ns, 9.1554 us/op
WorkloadActual  10: 65536 op, 601773318.00 ns, 9.1823 us/op
WorkloadActual  11: 65536 op, 601772117.00 ns, 9.1823 us/op
WorkloadActual  12: 65536 op, 601551396.00 ns, 9.1789 us/op
WorkloadActual  13: 65536 op, 601554294.00 ns, 9.1790 us/op
WorkloadActual  14: 65536 op, 599094949.00 ns, 9.1415 us/op
WorkloadActual  15: 65536 op, 601245787.00 ns, 9.1743 us/op

// AfterActualRun
WorkloadResult   1: 65536 op, 601508994.50 ns, 9.1783 us/op
WorkloadResult   2: 65536 op, 599476487.50 ns, 9.1473 us/op
WorkloadResult   3: 65536 op, 601088824.50 ns, 9.1719 us/op
WorkloadResult   4: 65536 op, 599785420.50 ns, 9.1520 us/op
WorkloadResult   5: 65536 op, 597297899.50 ns, 9.1140 us/op
WorkloadResult   6: 65536 op, 599988702.50 ns, 9.1551 us/op
WorkloadResult   7: 65536 op, 600282893.50 ns, 9.1596 us/op
WorkloadResult   8: 65536 op, 598724477.50 ns, 9.1358 us/op
WorkloadResult   9: 65536 op, 599782803.50 ns, 9.1520 us/op
WorkloadResult  10: 65536 op, 601545856.50 ns, 9.1789 us/op
WorkloadResult  11: 65536 op, 601544655.50 ns, 9.1788 us/op
WorkloadResult  12: 65536 op, 601323934.50 ns, 9.1755 us/op
WorkloadResult  13: 65536 op, 601326832.50 ns, 9.1755 us/op
WorkloadResult  14: 65536 op, 598867487.50 ns, 9.1380 us/op
WorkloadResult  15: 65536 op, 601018325.50 ns, 9.1708 us/op
// GC:  17 0 0 285736960 65536
// Threading:  0 0 65536

// AfterAll
// Benchmark Process 5133 has exited with code 0.
// Launch: 2 / 2
// Execute: dotnet Encina.Benchmarks-MediumRun-1.dll --anonymousPipes 165 166 --benchmarkName "Encina.Benchmarks.EntityFrameworkCore.SpecificationEvaluatorBenchmarks.Include_String(CriteriaCount: 2)" --job MediumRun --benchmarkId 9 in /home/runner/work/Encina/Encina/tests/Encina.BenchmarkTests/Encina.Benchmarks/bin/Release/net10.0/Encina.Benchmarks-MediumRun-1/bin/Release/net10.0
// Failed to set up high priority (Permission denied). In order to run benchmarks with high priority, make sure you have the right permissions.
// BeforeAnythingElse

// Benchmark Process Environment Information:
// BenchmarkDotNet v0.15.8
// Runtime=.NET 10.0.7 (10.0.7, 10.0.726.21808), X64 RyuJIT x86-64-v3
// GC=Concurrent Workstation
// HardwareIntrinsics=AVX2+BMI1+BMI2+F16C+FMA+LZCNT+MOVBE,AVX,SSE3+SSSE3+SSE4.1+SSE4.2+POPCNT,X86Base+SSE+SSE2,AES+PCLMUL VectorSize=256
// Job: MediumRun(IterationCount=15, LaunchCount=2, WarmupCount=10)

OverheadJitting  1: 1 op, 246209.00 ns, 246.2090 us/op
WorkloadJitting  1: 1 op, 368044123.00 ns, 368.0441 ms/op

OverheadJitting  2: 1 op, 521.00 ns, 521.0000 ns/op
WorkloadJitting  2: 1 op, 1457095.00 ns, 1.4571 ms/op

OverheadJitting  3: 16 op, 514180.00 ns, 32.1363 us/op
WorkloadJitting  3: 16 op, 835232.00 ns, 52.2020 us/op

WorkloadPilot    1: 16 op, 333070.00 ns, 20.8169 us/op
WorkloadPilot    2: 32 op, 497006.00 ns, 15.5314 us/op
WorkloadPilot    3: 64 op, 864977.00 ns, 13.5153 us/op
WorkloadPilot    4: 128 op, 1557044.00 ns, 12.1644 us/op
WorkloadPilot    5: 256 op, 3164685.00 ns, 12.3621 us/op
WorkloadPilot    6: 512 op, 5871463.00 ns, 11.4677 us/op
WorkloadPilot    7: 1024 op, 11583086.00 ns, 11.3116 us/op
WorkloadPilot    8: 2048 op, 23087853.00 ns, 11.2734 us/op
WorkloadPilot    9: 4096 op, 45922548.00 ns, 11.2116 us/op
WorkloadPilot   10: 8192 op, 75101565.00 ns, 9.1677 us/op
WorkloadPilot   11: 16384 op, 149695297.00 ns, 9.1367 us/op
WorkloadPilot   12: 32768 op, 304297011.00 ns, 9.2864 us/op
WorkloadPilot   13: 65536 op, 598852278.00 ns, 9.1378 us/op

OverheadWarmup   1: 65536 op, 252739.00 ns, 3.8565 ns/op
OverheadWarmup   2: 65536 op, 251006.00 ns, 3.8300 ns/op
OverheadWarmup   3: 65536 op, 258788.00 ns, 3.9488 ns/op
OverheadWarmup   4: 65536 op, 272759.00 ns, 4.1620 ns/op
OverheadWarmup   5: 65536 op, 251196.00 ns, 3.8329 ns/op
OverheadWarmup   6: 65536 op, 249104.00 ns, 3.8010 ns/op
OverheadWarmup   7: 65536 op, 250686.00 ns, 3.8252 ns/op
OverheadWarmup   8: 65536 op, 265448.00 ns, 4.0504 ns/op
OverheadWarmup   9: 65536 op, 251216.00 ns, 3.8333 ns/op

OverheadActual   1: 65536 op, 264156.00 ns, 4.0307 ns/op
OverheadActual   2: 65536 op, 251407.00 ns, 3.8362 ns/op
OverheadActual   3: 65536 op, 267341.00 ns, 4.0793 ns/op
OverheadActual   4: 65536 op, 249104.00 ns, 3.8010 ns/op
OverheadActual   5: 65536 op, 249064.00 ns, 3.8004 ns/op
OverheadActual   6: 65536 op, 273340.00 ns, 4.1708 ns/op
OverheadActual   7: 65536 op, 269854.00 ns, 4.1176 ns/op
OverheadActual   8: 65536 op, 250796.00 ns, 3.8268 ns/op
OverheadActual   9: 65536 op, 273079.00 ns, 4.1669 ns/op
OverheadActual  10: 65536 op, 249945.00 ns, 3.8139 ns/op
OverheadActual  11: 65536 op, 250936.00 ns, 3.8290 ns/op
OverheadActual  12: 65536 op, 250686.00 ns, 3.8252 ns/op
OverheadActual  13: 65536 op, 269264.00 ns, 4.1086 ns/op
OverheadActual  14: 65536 op, 250085.00 ns, 3.8160 ns/op
OverheadActual  15: 65536 op, 250386.00 ns, 3.8206 ns/op

WorkloadWarmup   1: 65536 op, 610195264.00 ns, 9.3108 us/op
WorkloadWarmup   2: 65536 op, 611475564.00 ns, 9.3304 us/op
WorkloadWarmup   3: 65536 op, 600582031.00 ns, 9.1642 us/op
WorkloadWarmup   4: 65536 op, 597795875.00 ns, 9.1216 us/op
WorkloadWarmup   5: 65536 op, 598358358.00 ns, 9.1302 us/op
WorkloadWarmup   6: 65536 op, 598850595.00 ns, 9.1377 us/op
WorkloadWarmup   7: 65536 op, 598008122.00 ns, 9.1249 us/op
WorkloadWarmup   8: 65536 op, 599563604.00 ns, 9.1486 us/op
WorkloadWarmup   9: 65536 op, 599737896.00 ns, 9.1513 us/op
WorkloadWarmup  10: 65536 op, 596111048.00 ns, 9.0959 us/op

// BeforeActualRun
WorkloadActual   1: 65536 op, 604925204.00 ns, 9.2304 us/op
WorkloadActual   2: 65536 op, 600648128.00 ns, 9.1652 us/op
WorkloadActual   3: 65536 op, 605888953.00 ns, 9.2451 us/op
WorkloadActual   4: 65536 op, 601854616.00 ns, 9.1836 us/op
WorkloadActual   5: 65536 op, 601510851.00 ns, 9.1783 us/op
WorkloadActual   6: 65536 op, 601263119.00 ns, 9.1745 us/op
WorkloadActual   7: 65536 op, 602753563.00 ns, 9.1973 us/op
WorkloadActual   8: 65536 op, 601872743.00 ns, 9.1838 us/op
WorkloadActual   9: 65536 op, 604897718.00 ns, 9.2300 us/op
WorkloadActual  10: 65536 op, 600410331.00 ns, 9.1615 us/op
WorkloadActual  11: 65536 op, 600222870.00 ns, 9.1587 us/op
WorkloadActual  12: 65536 op, 600484312.00 ns, 9.1627 us/op
WorkloadActual  13: 65536 op, 602049178.00 ns, 9.1865 us/op
WorkloadActual  14: 65536 op, 601047640.00 ns, 9.1713 us/op
WorkloadActual  15: 65536 op, 601262377.00 ns, 9.1745 us/op

// AfterActualRun
WorkloadResult   1: 65536 op, 600397192.00 ns, 9.1613 us/op
WorkloadResult   2: 65536 op, 601603680.00 ns, 9.1797 us/op
WorkloadResult   3: 65536 op, 601259915.00 ns, 9.1745 us/op
WorkloadResult   4: 65536 op, 601012183.00 ns, 9.1707 us/op
WorkloadResult   5: 65536 op, 602502627.00 ns, 9.1935 us/op
WorkloadResult   6: 65536 op, 601621807.00 ns, 9.1800 us/op
WorkloadResult   7: 65536 op, 600159395.00 ns, 9.1577 us/op
WorkloadResult   8: 65536 op, 599971934.00 ns, 9.1548 us/op
WorkloadResult   9: 65536 op, 600233376.00 ns, 9.1588 us/op
WorkloadResult  10: 65536 op, 601798242.00 ns, 9.1827 us/op
WorkloadResult  11: 65536 op, 600796704.00 ns, 9.1674 us/op
WorkloadResult  12: 65536 op, 601011441.00 ns, 9.1707 us/op
// GC:  17 0 0 285736960 65536
// Threading:  0 0 65536

// AfterAll
// Benchmark Process 5148 has exited with code 0.

Mean = 9.164 μs, StdErr = 0.003 μs (0.04%), N = 27, StdDev = 0.017 μs
Min = 9.114 μs, Q1 = 9.155 μs, Median = 9.171 μs, Q3 = 9.177 μs, Max = 9.193 μs
IQR = 0.022 μs, LowerFence = 9.122 μs, UpperFence = 9.210 μs
ConfidenceInterval = [9.152 μs; 9.177 μs] (CI 99.9%), Margin = 0.012 μs (0.13% of Mean)
Skewness = -0.91, Kurtosis = 3.67, MValue = 2

// ** Remained 16 (61.5 %) benchmark(s) to run. Estimated finish 2026-05-03 2:13 (0h 10m from now) **
// **************************
// Benchmark: SpecificationEvaluatorBenchmarks.'Multi-column ordering': MediumRun(IterationCount=15, LaunchCount=2, WarmupCount=10) [CriteriaCount=2]
// *** Execute ***
// Launch: 1 / 2
// Execute: dotnet Encina.Benchmarks-MediumRun-1.dll --anonymousPipes 165 166 --benchmarkName "Encina.Benchmarks.EntityFrameworkCore.SpecificationEvaluatorBenchmarks.MultiColumnOrdering(CriteriaCount: 2)" --job MediumRun --benchmarkId 10 in /home/runner/work/Encina/Encina/tests/Encina.BenchmarkTests/Encina.Benchmarks/bin/Release/net10.0/Encina.Benchmarks-MediumRun-1/bin/Release/net10.0
// Failed to set up high priority (Permission denied). In order to run benchmarks with high priority, make sure you have the right permissions.
// BeforeAnythingElse

// Benchmark Process Environment Information:
// BenchmarkDotNet v0.15.8
// Runtime=.NET 10.0.7 (10.0.7, 10.0.726.21808), X64 RyuJIT x86-64-v3
// GC=Concurrent Workstation
// HardwareIntrinsics=AVX2+BMI1+BMI2+F16C+FMA+LZCNT+MOVBE,AVX,SSE3+SSSE3+SSE4.1+SSE4.2+POPCNT,X86Base+SSE+SSE2,AES+PCLMUL VectorSize=256
// Job: MediumRun(IterationCount=15, LaunchCount=2, WarmupCount=10)

OverheadJitting  1: 1 op, 239189.00 ns, 239.1890 us/op
WorkloadJitting  1: 1 op, 375400550.00 ns, 375.4006 ms/op

OverheadJitting  2: 1 op, 261.00 ns, 261.0000 ns/op
WorkloadJitting  2: 1 op, 1469112.00 ns, 1.4691 ms/op

OverheadJitting  3: 16 op, 562263.00 ns, 35.1414 us/op
WorkloadJitting  3: 16 op, 1114751.00 ns, 69.6719 us/op

WorkloadPilot    1: 16 op, 573169.00 ns, 35.8231 us/op
WorkloadPilot    2: 32 op, 972979.00 ns, 30.4056 us/op
WorkloadPilot    3: 64 op, 1752447.00 ns, 27.3820 us/op
WorkloadPilot    4: 128 op, 3550543.00 ns, 27.7386 us/op
WorkloadPilot    5: 256 op, 6936820.00 ns, 27.0970 us/op
WorkloadPilot    6: 512 op, 13238798.00 ns, 25.8570 us/op
WorkloadPilot    7: 1024 op, 25068914.00 ns, 24.4814 us/op
WorkloadPilot    8: 2048 op, 49327653.00 ns, 24.0858 us/op
WorkloadPilot    9: 4096 op, 88642174.00 ns, 21.6412 us/op
WorkloadPilot   10: 8192 op, 171550513.00 ns, 20.9412 us/op
WorkloadPilot   11: 16384 op, 345713533.00 ns, 21.1007 us/op
WorkloadPilot   12: 32768 op, 691237891.00 ns, 21.0949 us/op

OverheadWarmup   1: 32768 op, 131437.00 ns, 4.0111 ns/op
OverheadWarmup   2: 32768 op, 121862.00 ns, 3.7189 ns/op
OverheadWarmup   3: 32768 op, 121622.00 ns, 3.7116 ns/op
OverheadWarmup   4: 32768 op, 120761.00 ns, 3.6853 ns/op
OverheadWarmup   5: 32768 op, 116745.00 ns, 3.5628 ns/op
OverheadWarmup   6: 32768 op, 121833.00 ns, 3.7180 ns/op
OverheadWarmup   7: 32768 op, 120781.00 ns, 3.6859 ns/op
OverheadWarmup   8: 32768 op, 120361.00 ns, 3.6731 ns/op
OverheadWarmup   9: 32768 op, 120300.00 ns, 3.6713 ns/op
OverheadWarmup  10: 32768 op, 120511.00 ns, 3.6777 ns/op

OverheadActual   1: 32768 op, 130135.00 ns, 3.9714 ns/op
OverheadActual   2: 32768 op, 142904.00 ns, 4.3611 ns/op
OverheadActual   3: 32768 op, 130015.00 ns, 3.9677 ns/op
OverheadActual   4: 32768 op, 121051.00 ns, 3.6942 ns/op
OverheadActual   5: 32768 op, 130125.00 ns, 3.9711 ns/op
OverheadActual   6: 32768 op, 119980.00 ns, 3.6615 ns/op
OverheadActual   7: 32768 op, 121142.00 ns, 3.6970 ns/op
OverheadActual   8: 32768 op, 121042.00 ns, 3.6939 ns/op
OverheadActual   9: 32768 op, 121632.00 ns, 3.7119 ns/op
OverheadActual  10: 32768 op, 119709.00 ns, 3.6532 ns/op
OverheadActual  11: 32768 op, 119790.00 ns, 3.6557 ns/op
OverheadActual  12: 32768 op, 139308.00 ns, 4.2513 ns/op
OverheadActual  13: 32768 op, 120150.00 ns, 3.6667 ns/op
OverheadActual  14: 32768 op, 123075.00 ns, 3.7560 ns/op
OverheadActual  15: 32768 op, 120150.00 ns, 3.6667 ns/op
OverheadActual  16: 32768 op, 122003.00 ns, 3.7232 ns/op
OverheadActual  17: 32768 op, 121883.00 ns, 3.7196 ns/op
OverheadActual  18: 32768 op, 122113.00 ns, 3.7266 ns/op
OverheadActual  19: 32768 op, 118518.00 ns, 3.6169 ns/op

WorkloadWarmup   1: 32768 op, 702095288.00 ns, 21.4262 us/op
WorkloadWarmup   2: 32768 op, 701740376.00 ns, 21.4154 us/op
WorkloadWarmup   3: 32768 op, 694743938.00 ns, 21.2019 us/op
WorkloadWarmup   4: 32768 op, 691247696.00 ns, 21.0952 us/op
WorkloadWarmup   5: 32768 op, 688654378.00 ns, 21.0161 us/op
WorkloadWarmup   6: 32768 op, 689199656.00 ns, 21.0327 us/op
WorkloadWarmup   7: 32768 op, 687788195.00 ns, 20.9896 us/op
WorkloadWarmup   8: 32768 op, 691003669.00 ns, 21.0878 us/op
WorkloadWarmup   9: 32768 op, 688623322.00 ns, 21.0151 us/op
WorkloadWarmup  10: 32768 op, 690415198.00 ns, 21.0698 us/op

// BeforeActualRun
WorkloadActual   1: 32768 op, 693994523.00 ns, 21.1790 us/op
WorkloadActual   2: 32768 op, 694790366.00 ns, 21.2033 us/op
WorkloadActual   3: 32768 op, 693596927.00 ns, 21.1669 us/op
WorkloadActual   4: 32768 op, 691244491.00 ns, 21.0951 us/op
WorkloadActual   5: 32768 op, 687258766.00 ns, 20.9735 us/op
WorkloadActual   6: 32768 op, 688774758.00 ns, 21.0197 us/op
WorkloadActual   7: 32768 op, 698865753.00 ns, 21.3277 us/op
WorkloadActual   8: 32768 op, 684874573.00 ns, 20.9007 us/op
WorkloadActual   9: 32768 op, 692499514.00 ns, 21.1334 us/op
WorkloadActual  10: 32768 op, 688214540.00 ns, 21.0026 us/op
WorkloadActual  11: 32768 op, 685854993.00 ns, 20.9306 us/op
WorkloadActual  12: 32768 op, 686046149.00 ns, 20.9365 us/op
WorkloadActual  13: 32768 op, 687407230.00 ns, 20.9780 us/op
WorkloadActual  14: 32768 op, 694141586.00 ns, 21.1835 us/op
WorkloadActual  15: 32768 op, 688071656.00 ns, 20.9983 us/op

// AfterActualRun
WorkloadResult   1: 32768 op, 693872891.00 ns, 21.1753 us/op
WorkloadResult   2: 32768 op, 694668734.00 ns, 21.1996 us/op
WorkloadResult   3: 32768 op, 693475295.00 ns, 21.1632 us/op
WorkloadResult   4: 32768 op, 691122859.00 ns, 21.0914 us/op
WorkloadResult   5: 32768 op, 687137134.00 ns, 20.9698 us/op
WorkloadResult   6: 32768 op, 688653126.00 ns, 21.0160 us/op
WorkloadResult   7: 32768 op, 698744121.00 ns, 21.3240 us/op
WorkloadResult   8: 32768 op, 684752941.00 ns, 20.8970 us/op
WorkloadResult   9: 32768 op, 692377882.00 ns, 21.1297 us/op
WorkloadResult  10: 32768 op, 688092908.00 ns, 20.9989 us/op
WorkloadResult  11: 32768 op, 685733361.00 ns, 20.9269 us/op
WorkloadResult  12: 32768 op, 685924517.00 ns, 20.9328 us/op
WorkloadResult  13: 32768 op, 687285598.00 ns, 20.9743 us/op
WorkloadResult  14: 32768 op, 694019954.00 ns, 21.1798 us/op
WorkloadResult  15: 32768 op, 687950024.00 ns, 20.9946 us/op
// GC:  18 0 0 304873472 32768
// Threading:  0 0 32768

// AfterAll
// Benchmark Process 5162 has exited with code 0.
// Launch: 2 / 2
// Execute: dotnet Encina.Benchmarks-MediumRun-1.dll --anonymousPipes 165 166 --benchmarkName "Encina.Benchmarks.EntityFrameworkCore.SpecificationEvaluatorBenchmarks.MultiColumnOrdering(CriteriaCount: 2)" --job MediumRun --benchmarkId 10 in /home/runner/work/Encina/Encina/tests/Encina.BenchmarkTests/Encina.Benchmarks/bin/Release/net10.0/Encina.Benchmarks-MediumRun-1/bin/Release/net10.0
// Failed to set up high priority (Permission denied). In order to run benchmarks with high priority, make sure you have the right permissions.
// BeforeAnythingElse

// Benchmark Process Environment Information:
// BenchmarkDotNet v0.15.8
// Runtime=.NET 10.0.7 (10.0.7, 10.0.726.21808), X64 RyuJIT x86-64-v3
// GC=Concurrent Workstation
// HardwareIntrinsics=AVX2+BMI1+BMI2+F16C+FMA+LZCNT+MOVBE,AVX,SSE3+SSSE3+SSE4.1+SSE4.2+POPCNT,X86Base+SSE+SSE2,AES+PCLMUL VectorSize=256
// Job: MediumRun(IterationCount=15, LaunchCount=2, WarmupCount=10)

OverheadJitting  1: 1 op, 235323.00 ns, 235.3230 us/op
WorkloadJitting  1: 1 op, 376577418.00 ns, 376.5774 ms/op

OverheadJitting  2: 1 op, 241.00 ns, 241.0000 ns/op
WorkloadJitting  2: 1 op, 1402853.00 ns, 1.4029 ms/op

OverheadJitting  3: 16 op, 547050.00 ns, 34.1906 us/op
WorkloadJitting  3: 16 op, 1127159.00 ns, 70.4474 us/op

WorkloadPilot    1: 16 op, 525107.00 ns, 32.8192 us/op
WorkloadPilot    2: 32 op, 991817.00 ns, 30.9943 us/op
WorkloadPilot    3: 64 op, 1735392.00 ns, 27.1155 us/op
WorkloadPilot    4: 128 op, 3434840.00 ns, 26.8347 us/op
WorkloadPilot    5: 256 op, 6488016.00 ns, 25.3438 us/op
WorkloadPilot    6: 512 op, 12804116.00 ns, 25.0080 us/op
WorkloadPilot    7: 1024 op, 23839298.00 ns, 23.2806 us/op
WorkloadPilot    8: 2048 op, 48509754.00 ns, 23.6864 us/op
WorkloadPilot    9: 4096 op, 86886206.00 ns, 21.2125 us/op
WorkloadPilot   10: 8192 op, 172529605.00 ns, 21.0607 us/op
WorkloadPilot   11: 16384 op, 334538948.00 ns, 20.4186 us/op
WorkloadPilot   12: 32768 op, 676827581.00 ns, 20.6551 us/op

OverheadWarmup   1: 32768 op, 129905.00 ns, 3.9644 ns/op
OverheadWarmup   2: 32768 op, 129154.00 ns, 3.9415 ns/op
OverheadWarmup   3: 32768 op, 129544.00 ns, 3.9534 ns/op
OverheadWarmup   4: 32768 op, 128873.00 ns, 3.9329 ns/op
OverheadWarmup   5: 32768 op, 148483.00 ns, 4.5313 ns/op
OverheadWarmup   6: 32768 op, 138858.00 ns, 4.2376 ns/op

OverheadActual   1: 32768 op, 140811.00 ns, 4.2972 ns/op
OverheadActual   2: 32768 op, 129694.00 ns, 3.9579 ns/op
OverheadActual   3: 32768 op, 131137.00 ns, 4.0020 ns/op
OverheadActual   4: 32768 op, 129153.00 ns, 3.9414 ns/op
OverheadActual   5: 32768 op, 129835.00 ns, 3.9622 ns/op
OverheadActual   6: 32768 op, 129544.00 ns, 3.9534 ns/op
OverheadActual   7: 32768 op, 129394.00 ns, 3.9488 ns/op
OverheadActual   8: 32768 op, 148012.00 ns, 4.5170 ns/op
OverheadActual   9: 32768 op, 128503.00 ns, 3.9216 ns/op
OverheadActual  10: 32768 op, 129224.00 ns, 3.9436 ns/op
OverheadActual  11: 32768 op, 129344.00 ns, 3.9473 ns/op
OverheadActual  12: 32768 op, 129405.00 ns, 3.9491 ns/op
OverheadActual  13: 32768 op, 139570.00 ns, 4.2593 ns/op
OverheadActual  14: 32768 op, 139680.00 ns, 4.2627 ns/op
OverheadActual  15: 32768 op, 140832.00 ns, 4.2979 ns/op
OverheadActual  16: 32768 op, 127201.00 ns, 3.8819 ns/op

WorkloadWarmup   1: 32768 op, 685735471.00 ns, 20.9270 us/op
WorkloadWarmup   2: 32768 op, 684372727.00 ns, 20.8854 us/op
WorkloadWarmup   3: 32768 op, 675170144.00 ns, 20.6046 us/op
WorkloadWarmup   4: 32768 op, 674910725.00 ns, 20.5966 us/op
WorkloadWarmup   5: 32768 op, 673516384.00 ns, 20.5541 us/op
WorkloadWarmup   6: 32768 op, 675728222.00 ns, 20.6216 us/op
WorkloadWarmup   7: 32768 op, 673112678.00 ns, 20.5418 us/op
WorkloadWarmup   8: 32768 op, 679588111.00 ns, 20.7394 us/op
WorkloadWarmup   9: 32768 op, 677405244.00 ns, 20.6728 us/op
WorkloadWarmup  10: 32768 op, 673250851.00 ns, 20.5460 us/op

// BeforeActualRun
WorkloadActual   1: 32768 op, 678979298.00 ns, 20.7208 us/op
WorkloadActual   2: 32768 op, 676374554.00 ns, 20.6413 us/op
WorkloadActual   3: 32768 op, 676146402.00 ns, 20.6344 us/op
WorkloadActual   4: 32768 op, 672447406.00 ns, 20.5215 us/op
WorkloadActual   5: 32768 op, 683323741.00 ns, 20.8534 us/op
WorkloadActual   6: 32768 op, 679826958.00 ns, 20.7467 us/op
WorkloadActual   7: 32768 op, 678450465.00 ns, 20.7047 us/op
WorkloadActual   8: 32768 op, 679668060.00 ns, 20.7418 us/op
WorkloadActual   9: 32768 op, 676039722.00 ns, 20.6311 us/op
WorkloadActual  10: 32768 op, 671864874.00 ns, 20.5037 us/op
WorkloadActual  11: 32768 op, 675978610.00 ns, 20.6292 us/op
WorkloadActual  12: 32768 op, 677146595.00 ns, 20.6649 us/op
WorkloadActual  13: 32768 op, 676039174.00 ns, 20.6311 us/op
WorkloadActual  14: 32768 op, 677343913.00 ns, 20.6709 us/op
WorkloadActual  15: 32768 op, 676558133.00 ns, 20.6469 us/op

// AfterActualRun
WorkloadResult   1: 32768 op, 678849679.00 ns, 20.7168 us/op
WorkloadResult   2: 32768 op, 676244935.00 ns, 20.6374 us/op
WorkloadResult   3: 32768 op, 676016783.00 ns, 20.6304 us/op
WorkloadResult   4: 32768 op, 672317787.00 ns, 20.5175 us/op
WorkloadResult   5: 32768 op, 679697339.00 ns, 20.7427 us/op
WorkloadResult   6: 32768 op, 678320846.00 ns, 20.7007 us/op
WorkloadResult   7: 32768 op, 679538441.00 ns, 20.7379 us/op
WorkloadResult   8: 32768 op, 675910103.00 ns, 20.6271 us/op
WorkloadResult   9: 32768 op, 671735255.00 ns, 20.4997 us/op
WorkloadResult  10: 32768 op, 675848991.00 ns, 20.6253 us/op
WorkloadResult  11: 32768 op, 677016976.00 ns, 20.6609 us/op
WorkloadResult  12: 32768 op, 675909555.00 ns, 20.6271 us/op
WorkloadResult  13: 32768 op, 677214294.00 ns, 20.6669 us/op
WorkloadResult  14: 32768 op, 676428514.00 ns, 20.6430 us/op
// GC:  17 0 0 294387712 32768
// Threading:  0 0 32768

// AfterAll
// Benchmark Process 5175 has exited with code 0.

Mean = 20.862 μs, StdErr = 0.044 μs (0.21%), N = 29, StdDev = 0.236 μs
Min = 20.500 μs, Q1 = 20.643 μs, Median = 20.897 μs, Q3 = 21.016 μs, Max = 21.324 μs
IQR = 0.373 μs, LowerFence = 20.083 μs, UpperFence = 21.576 μs
ConfidenceInterval = [20.701 μs; 21.023 μs] (CI 99.9%), Margin = 0.161 μs (0.77% of Mean)
Skewness = 0.21, Kurtosis = 1.65, MValue = 2

// ** Remained 15 (57.7 %) benchmark(s) to run. Estimated finish 2026-05-03 2:13 (0h 10m from now) **
// **************************
// Benchmark: SpecificationEvaluatorBenchmarks.'Offset pagination (Skip/Take)': MediumRun(IterationCount=15, LaunchCount=2, WarmupCount=10) [CriteriaCount=2]
// *** Execute ***
// Launch: 1 / 2
// Execute: dotnet Encina.Benchmarks-MediumRun-1.dll --anonymousPipes 165 166 --benchmarkName "Encina.Benchmarks.EntityFrameworkCore.SpecificationEvaluatorBenchmarks.OffsetPagination(CriteriaCount: 2)" --job MediumRun --benchmarkId 11 in /home/runner/work/Encina/Encina/tests/Encina.BenchmarkTests/Encina.Benchmarks/bin/Release/net10.0/Encina.Benchmarks-MediumRun-1/bin/Release/net10.0
// Failed to set up high priority (Permission denied). In order to run benchmarks with high priority, make sure you have the right permissions.
// BeforeAnythingElse

// Benchmark Process Environment Information:
// BenchmarkDotNet v0.15.8
// Runtime=.NET 10.0.7 (10.0.7, 10.0.726.21808), X64 RyuJIT x86-64-v3
// GC=Concurrent Workstation
// HardwareIntrinsics=AVX2+BMI1+BMI2+F16C+FMA+LZCNT+MOVBE,AVX,SSE3+SSSE3+SSE4.1+SSE4.2+POPCNT,X86Base+SSE+SSE2,AES+PCLMUL VectorSize=256
// Job: MediumRun(IterationCount=15, LaunchCount=2, WarmupCount=10)

OverheadJitting  1: 1 op, 279419.00 ns, 279.4190 us/op
WorkloadJitting  1: 1 op, 387769033.00 ns, 387.7690 ms/op

OverheadJitting  2: 1 op, 260.00 ns, 260.0000 ns/op
WorkloadJitting  2: 1 op, 1970719.00 ns, 1.9707 ms/op

OverheadJitting  3: 16 op, 520352.00 ns, 32.5220 us/op
WorkloadJitting  3: 16 op, 1112541.00 ns, 69.5338 us/op

WorkloadPilot    1: 16 op, 587221.00 ns, 36.7013 us/op
WorkloadPilot    2: 32 op, 1015285.00 ns, 31.7277 us/op
WorkloadPilot    3: 64 op, 1835346.00 ns, 28.6773 us/op
WorkloadPilot    4: 128 op, 3742260.00 ns, 29.2364 us/op
WorkloadPilot    5: 256 op, 6910878.00 ns, 26.9956 us/op
WorkloadPilot    6: 512 op, 13562346.00 ns, 26.4890 us/op
WorkloadPilot    7: 1024 op, 27109560.00 ns, 26.4742 us/op
WorkloadPilot    8: 2048 op, 53060228.00 ns, 25.9083 us/op
WorkloadPilot    9: 4096 op, 90194961.00 ns, 22.0203 us/op
WorkloadPilot   10: 8192 op, 178920816.00 ns, 21.8409 us/op
WorkloadPilot   11: 16384 op, 358030715.00 ns, 21.8525 us/op
WorkloadPilot   12: 32768 op, 717208208.00 ns, 21.8875 us/op

OverheadWarmup   1: 32768 op, 122143.00 ns, 3.7275 ns/op
OverheadWarmup   2: 32768 op, 121873.00 ns, 3.7193 ns/op
OverheadWarmup   3: 32768 op, 136534.00 ns, 4.1667 ns/op
OverheadWarmup   4: 32768 op, 135333.00 ns, 4.1300 ns/op
OverheadWarmup   5: 32768 op, 121833.00 ns, 3.7180 ns/op
OverheadWarmup   6: 32768 op, 110546.00 ns, 3.3736 ns/op
OverheadWarmup   7: 32768 op, 121783.00 ns, 3.7165 ns/op
OverheadWarmup   8: 32768 op, 110435.00 ns, 3.3702 ns/op

OverheadActual   1: 32768 op, 110476.00 ns, 3.3715 ns/op
OverheadActual   2: 32768 op, 122113.00 ns, 3.7266 ns/op
OverheadActual   3: 32768 op, 122113.00 ns, 3.7266 ns/op
OverheadActual   4: 32768 op, 121902.00 ns, 3.7202 ns/op
OverheadActual   5: 32768 op, 110426.00 ns, 3.3699 ns/op
OverheadActual   6: 32768 op, 121962.00 ns, 3.7220 ns/op
OverheadActual   7: 32768 op, 121832.00 ns, 3.7180 ns/op
OverheadActual   8: 32768 op, 121812.00 ns, 3.7174 ns/op
OverheadActual   9: 32768 op, 144046.00 ns, 4.3959 ns/op
OverheadActual  10: 32768 op, 121802.00 ns, 3.7171 ns/op
OverheadActual  11: 32768 op, 121803.00 ns, 3.7171 ns/op
OverheadActual  12: 32768 op, 121833.00 ns, 3.7180 ns/op
OverheadActual  13: 32768 op, 121872.00 ns, 3.7192 ns/op
OverheadActual  14: 32768 op, 121903.00 ns, 3.7202 ns/op
OverheadActual  15: 32768 op, 121863.00 ns, 3.7190 ns/op

WorkloadWarmup   1: 32768 op, 729169408.00 ns, 22.2525 us/op
WorkloadWarmup   2: 32768 op, 730389457.00 ns, 22.2897 us/op
WorkloadWarmup   3: 32768 op, 718361697.00 ns, 21.9227 us/op
WorkloadWarmup   4: 32768 op, 718868485.00 ns, 21.9381 us/op
WorkloadWarmup   5: 32768 op, 723579652.00 ns, 22.0819 us/op
WorkloadWarmup   6: 32768 op, 717200268.00 ns, 21.8872 us/op
WorkloadWarmup   7: 32768 op, 719206877.00 ns, 21.9485 us/op
WorkloadWarmup   8: 32768 op, 715480941.00 ns, 21.8347 us/op
WorkloadWarmup   9: 32768 op, 717146317.00 ns, 21.8856 us/op
WorkloadWarmup  10: 32768 op, 718205906.00 ns, 21.9179 us/op

// BeforeActualRun
WorkloadActual   1: 32768 op, 722134335.00 ns, 22.0378 us/op
WorkloadActual   2: 32768 op, 722788847.00 ns, 22.0578 us/op
WorkloadActual   3: 32768 op, 720141708.00 ns, 21.9770 us/op
WorkloadActual   4: 32768 op, 718303622.00 ns, 21.9209 us/op
WorkloadActual   5: 32768 op, 717222028.00 ns, 21.8879 us/op
WorkloadActual   6: 32768 op, 718338211.00 ns, 21.9219 us/op
WorkloadActual   7: 32768 op, 720200565.00 ns, 21.9788 us/op
WorkloadActual   8: 32768 op, 718028586.00 ns, 21.9125 us/op
WorkloadActual   9: 32768 op, 717569508.00 ns, 21.8985 us/op
WorkloadActual  10: 32768 op, 719514956.00 ns, 21.9579 us/op
WorkloadActual  11: 32768 op, 719467555.00 ns, 21.9564 us/op
WorkloadActual  12: 32768 op, 719649298.00 ns, 21.9620 us/op
WorkloadActual  13: 32768 op, 721215167.00 ns, 22.0097 us/op
WorkloadActual  14: 32768 op, 717923088.00 ns, 21.9093 us/op
WorkloadActual  15: 32768 op, 721478852.00 ns, 22.0178 us/op

// AfterActualRun
WorkloadResult   1: 32768 op, 722012472.00 ns, 22.0341 us/op
WorkloadResult   2: 32768 op, 722666984.00 ns, 22.0540 us/op
WorkloadResult   3: 32768 op, 720019845.00 ns, 21.9733 us/op
WorkloadResult   4: 32768 op, 718181759.00 ns, 21.9172 us/op
WorkloadResult   5: 32768 op, 717100165.00 ns, 21.8842 us/op
WorkloadResult   6: 32768 op, 718216348.00 ns, 21.9182 us/op
WorkloadResult   7: 32768 op, 720078702.00 ns, 21.9751 us/op
WorkloadResult   8: 32768 op, 717906723.00 ns, 21.9088 us/op
WorkloadResult   9: 32768 op, 717447645.00 ns, 21.8948 us/op
WorkloadResult  10: 32768 op, 719393093.00 ns, 21.9541 us/op
WorkloadResult  11: 32768 op, 719345692.00 ns, 21.9527 us/op
WorkloadResult  12: 32768 op, 719527435.00 ns, 21.9582 us/op
WorkloadResult  13: 32768 op, 721093304.00 ns, 22.0060 us/op
WorkloadResult  14: 32768 op, 717801225.00 ns, 21.9056 us/op
WorkloadResult  15: 32768 op, 721356989.00 ns, 22.0141 us/op
// GC:  18 0 0 314052160 32768
// Threading:  0 0 32768

// AfterAll
// Benchmark Process 5190 has exited with code 0.
// Launch: 2 / 2
// Execute: dotnet Encina.Benchmarks-MediumRun-1.dll --anonymousPipes 165 166 --benchmarkName "Encina.Benchmarks.EntityFrameworkCore.SpecificationEvaluatorBenchmarks.OffsetPagination(CriteriaCount: 2)" --job MediumRun --benchmarkId 11 in /home/runner/work/Encina/Encina/tests/Encina.BenchmarkTests/Encina.Benchmarks/bin/Release/net10.0/Encina.Benchmarks-MediumRun-1/bin/Release/net10.0
// Failed to set up high priority (Permission denied). In order to run benchmarks with high priority, make sure you have the right permissions.
// BeforeAnythingElse

// Benchmark Process Environment Information:
// BenchmarkDotNet v0.15.8
// Runtime=.NET 10.0.7 (10.0.7, 10.0.726.21808), X64 RyuJIT x86-64-v3
// GC=Concurrent Workstation
// HardwareIntrinsics=AVX2+BMI1+BMI2+F16C+FMA+LZCNT+MOVBE,AVX,SSE3+SSSE3+SSE4.1+SSE4.2+POPCNT,X86Base+SSE+SSE2,AES+PCLMUL VectorSize=256
// Job: MediumRun(IterationCount=15, LaunchCount=2, WarmupCount=10)

OverheadJitting  1: 1 op, 237676.00 ns, 237.6760 us/op
WorkloadJitting  1: 1 op, 392395916.00 ns, 392.3959 ms/op

OverheadJitting  2: 1 op, 480.00 ns, 480.0000 ns/op
WorkloadJitting  2: 1 op, 2026271.00 ns, 2.0263 ms/op

OverheadJitting  3: 16 op, 504136.00 ns, 31.5085 us/op
WorkloadJitting  3: 16 op, 1102724.00 ns, 68.9203 us/op

WorkloadPilot    1: 16 op, 559210.00 ns, 34.9506 us/op
WorkloadPilot    2: 32 op, 1011839.00 ns, 31.6200 us/op
WorkloadPilot    3: 64 op, 1811299.00 ns, 28.3015 us/op
WorkloadPilot    4: 128 op, 3574936.00 ns, 27.9292 us/op
WorkloadPilot    5: 256 op, 6830331.00 ns, 26.6810 us/op
WorkloadPilot    6: 512 op, 13530006.00 ns, 26.4258 us/op
WorkloadPilot    7: 1024 op, 26680243.00 ns, 26.0549 us/op
WorkloadPilot    8: 2048 op, 52412812.00 ns, 25.5922 us/op
WorkloadPilot    9: 4096 op, 87616386.00 ns, 21.3907 us/op
WorkloadPilot   10: 8192 op, 176050610.00 ns, 21.4906 us/op
WorkloadPilot   11: 16384 op, 353322874.00 ns, 21.5651 us/op
WorkloadPilot   12: 32768 op, 709787884.00 ns, 21.6610 us/op

OverheadWarmup   1: 32768 op, 122073.00 ns, 3.7254 ns/op
OverheadWarmup   2: 32768 op, 122024.00 ns, 3.7239 ns/op
OverheadWarmup   3: 32768 op, 121813.00 ns, 3.7174 ns/op
OverheadWarmup   4: 32768 op, 121863.00 ns, 3.7190 ns/op
OverheadWarmup   5: 32768 op, 143825.00 ns, 4.3892 ns/op
OverheadWarmup   6: 32768 op, 121822.00 ns, 3.7177 ns/op
OverheadWarmup   7: 32768 op, 121893.00 ns, 3.7199 ns/op
OverheadWarmup   8: 32768 op, 121812.00 ns, 3.7174 ns/op

OverheadActual   1: 32768 op, 121913.00 ns, 3.7205 ns/op
OverheadActual   2: 32768 op, 121873.00 ns, 3.7193 ns/op
OverheadActual   3: 32768 op, 121873.00 ns, 3.7193 ns/op
OverheadActual   4: 32768 op, 121983.00 ns, 3.7226 ns/op
OverheadActual   5: 32768 op, 121853.00 ns, 3.7187 ns/op
OverheadActual   6: 32768 op, 121812.00 ns, 3.7174 ns/op
OverheadActual   7: 32768 op, 121853.00 ns, 3.7187 ns/op
OverheadActual   8: 32768 op, 121783.00 ns, 3.7165 ns/op
OverheadActual   9: 32768 op, 121813.00 ns, 3.7174 ns/op
OverheadActual  10: 32768 op, 121813.00 ns, 3.7174 ns/op
OverheadActual  11: 32768 op, 141933.00 ns, 4.3315 ns/op
OverheadActual  12: 32768 op, 121792.00 ns, 3.7168 ns/op
OverheadActual  13: 32768 op, 121792.00 ns, 3.7168 ns/op
OverheadActual  14: 32768 op, 121863.00 ns, 3.7190 ns/op
OverheadActual  15: 32768 op, 136034.00 ns, 4.1514 ns/op

WorkloadWarmup   1: 32768 op, 721751599.00 ns, 22.0261 us/op
WorkloadWarmup   2: 32768 op, 719004607.00 ns, 21.9423 us/op
WorkloadWarmup   3: 32768 op, 704027939.00 ns, 21.4852 us/op
WorkloadWarmup   4: 32768 op, 706260056.00 ns, 21.5533 us/op
WorkloadWarmup   5: 32768 op, 710935622.00 ns, 21.6960 us/op
WorkloadWarmup   6: 32768 op, 709146129.00 ns, 21.6414 us/op
WorkloadWarmup   7: 32768 op, 708671936.00 ns, 21.6270 us/op
WorkloadWarmup   8: 32768 op, 708217924.00 ns, 21.6131 us/op
WorkloadWarmup   9: 32768 op, 709690692.00 ns, 21.6580 us/op
WorkloadWarmup  10: 32768 op, 708400061.00 ns, 21.6187 us/op

// BeforeActualRun
WorkloadActual   1: 32768 op, 711819173.00 ns, 21.7230 us/op
WorkloadActual   2: 32768 op, 706305747.00 ns, 21.5547 us/op
WorkloadActual   3: 32768 op, 711284222.00 ns, 21.7067 us/op
WorkloadActual   4: 32768 op, 705894931.00 ns, 21.5422 us/op
WorkloadActual   5: 32768 op, 709279616.00 ns, 21.6455 us/op
WorkloadActual   6: 32768 op, 706053548.00 ns, 21.5470 us/op
WorkloadActual   7: 32768 op, 709926796.00 ns, 21.6652 us/op
WorkloadActual   8: 32768 op, 704960351.00 ns, 21.5137 us/op
WorkloadActual   9: 32768 op, 710065971.00 ns, 21.6695 us/op
WorkloadActual  10: 32768 op, 703470277.00 ns, 21.4682 us/op
WorkloadActual  11: 32768 op, 710076622.00 ns, 21.6698 us/op
WorkloadActual  12: 32768 op, 708717752.00 ns, 21.6283 us/op
WorkloadActual  13: 32768 op, 705454435.00 ns, 21.5288 us/op
WorkloadActual  14: 32768 op, 707286805.00 ns, 21.5847 us/op
WorkloadActual  15: 32768 op, 709705475.00 ns, 21.6585 us/op

// AfterActualRun
WorkloadResult   1: 32768 op, 711697320.00 ns, 21.7193 us/op
WorkloadResult   2: 32768 op, 706183894.00 ns, 21.5510 us/op
WorkloadResult   3: 32768 op, 711162369.00 ns, 21.7030 us/op
WorkloadResult   4: 32768 op, 705773078.00 ns, 21.5385 us/op
WorkloadResult   5: 32768 op, 709157763.00 ns, 21.6418 us/op
WorkloadResult   6: 32768 op, 705931695.00 ns, 21.5433 us/op
WorkloadResult   7: 32768 op, 709804943.00 ns, 21.6615 us/op
WorkloadResult   8: 32768 op, 704838498.00 ns, 21.5100 us/op
WorkloadResult   9: 32768 op, 709944118.00 ns, 21.6658 us/op
WorkloadResult  10: 32768 op, 703348424.00 ns, 21.4645 us/op
WorkloadResult  11: 32768 op, 709954769.00 ns, 21.6661 us/op
WorkloadResult  12: 32768 op, 708595899.00 ns, 21.6246 us/op
WorkloadResult  13: 32768 op, 705332582.00 ns, 21.5250 us/op
WorkloadResult  14: 32768 op, 707164952.00 ns, 21.5810 us/op
WorkloadResult  15: 32768 op, 709583622.00 ns, 21.6548 us/op
// GC:  18 0 0 314052160 32768
// Threading:  0 0 32768

// AfterAll
// Benchmark Process 5204 has exited with code 0.

Mean = 21.780 μs, StdErr = 0.035 μs (0.16%), N = 30, StdDev = 0.191 μs
Min = 21.464 μs, Q1 = 21.629 μs, Median = 21.802 μs, Q3 = 21.954 μs, Max = 22.054 μs
IQR = 0.325 μs, LowerFence = 21.142 μs, UpperFence = 22.441 μs
ConfidenceInterval = [21.652 μs; 21.908 μs] (CI 99.9%), Margin = 0.128 μs (0.59% of Mean)
Skewness = -0.12, Kurtosis = 1.37, MValue = 2

// ** Remained 14 (53.8 %) benchmark(s) to run. Estimated finish 2026-05-03 2:13 (0h 9m from now) **
// **************************
// Benchmark: SpecificationEvaluatorBenchmarks.'Full specification (all features)': MediumRun(IterationCount=15, LaunchCount=2, WarmupCount=10) [CriteriaCount=2]
// *** Execute ***
// Launch: 1 / 2
// Execute: dotnet Encina.Benchmarks-MediumRun-1.dll --anonymousPipes 165 166 --benchmarkName "Encina.Benchmarks.EntityFrameworkCore.SpecificationEvaluatorBenchmarks.FullSpecification_AllFeatures(CriteriaCount: 2)" --job MediumRun --benchmarkId 12 in /home/runner/work/Encina/Encina/tests/Encina.BenchmarkTests/Encina.Benchmarks/bin/Release/net10.0/Encina.Benchmarks-MediumRun-1/bin/Release/net10.0
// Failed to set up high priority (Permission denied). In order to run benchmarks with high priority, make sure you have the right permissions.
// BeforeAnythingElse

// Benchmark Process Environment Information:
// BenchmarkDotNet v0.15.8
// Runtime=.NET 10.0.7 (10.0.7, 10.0.726.21808), X64 RyuJIT x86-64-v3
// GC=Concurrent Workstation
// HardwareIntrinsics=AVX2+BMI1+BMI2+F16C+FMA+LZCNT+MOVBE,AVX,SSE3+SSSE3+SSE4.1+SSE4.2+POPCNT,X86Base+SSE+SSE2,AES+PCLMUL VectorSize=256
// Job: MediumRun(IterationCount=15, LaunchCount=2, WarmupCount=10)

OverheadJitting  1: 1 op, 248343.00 ns, 248.3430 us/op
WorkloadJitting  1: 1 op, 428998625.00 ns, 428.9986 ms/op

OverheadJitting  2: 1 op, 401.00 ns, 401.0000 ns/op
WorkloadJitting  2: 1 op, 3785487.00 ns, 3.7855 ms/op

OverheadJitting  3: 16 op, 528002.00 ns, 33.0001 us/op
WorkloadJitting  3: 16 op, 1990655.00 ns, 124.4159 us/op

WorkloadPilot    1: 16 op, 1404807.00 ns, 87.8004 us/op
WorkloadPilot    2: 32 op, 2317636.00 ns, 72.4261 us/op
WorkloadPilot    3: 64 op, 4729993.00 ns, 73.9061 us/op
WorkloadPilot    4: 128 op, 9384883.00 ns, 73.3194 us/op
WorkloadPilot    5: 256 op, 18868755.00 ns, 73.7061 us/op
WorkloadPilot    6: 512 op, 37105481.00 ns, 72.4716 us/op
WorkloadPilot    7: 1024 op, 65745969.00 ns, 64.2050 us/op
WorkloadPilot    8: 2048 op, 122273385.00 ns, 59.7038 us/op
WorkloadPilot    9: 4096 op, 248727580.00 ns, 60.7245 us/op
WorkloadPilot   10: 8192 op, 491471579.00 ns, 59.9941 us/op
WorkloadPilot   11: 16384 op, 988715604.00 ns, 60.3464 us/op

OverheadWarmup   1: 16384 op, 61723.00 ns, 3.7673 ns/op
OverheadWarmup   2: 16384 op, 55513.00 ns, 3.3882 ns/op
OverheadWarmup   3: 16384 op, 61192.00 ns, 3.7349 ns/op
OverheadWarmup   4: 16384 op, 61192.00 ns, 3.7349 ns/op
OverheadWarmup   5: 16384 op, 61162.00 ns, 3.7330 ns/op
OverheadWarmup   6: 16384 op, 61342.00 ns, 3.7440 ns/op

OverheadActual   1: 16384 op, 61292.00 ns, 3.7410 ns/op
OverheadActual   2: 16384 op, 61212.00 ns, 3.7361 ns/op
OverheadActual   3: 16384 op, 61212.00 ns, 3.7361 ns/op
OverheadActual   4: 16384 op, 61222.00 ns, 3.7367 ns/op
OverheadActual   5: 16384 op, 61172.00 ns, 3.7336 ns/op
OverheadActual   6: 16384 op, 61272.00 ns, 3.7397 ns/op
OverheadActual   7: 16384 op, 61212.00 ns, 3.7361 ns/op
OverheadActual   8: 16384 op, 61172.00 ns, 3.7336 ns/op
OverheadActual   9: 16384 op, 55503.00 ns, 3.3876 ns/op
OverheadActual  10: 16384 op, 61171.00 ns, 3.7336 ns/op
OverheadActual  11: 16384 op, 61182.00 ns, 3.7343 ns/op
OverheadActual  12: 16384 op, 61232.00 ns, 3.7373 ns/op
OverheadActual  13: 16384 op, 61232.00 ns, 3.7373 ns/op
OverheadActual  14: 16384 op, 83335.00 ns, 5.0864 ns/op
OverheadActual  15: 16384 op, 67831.00 ns, 4.1401 ns/op

WorkloadWarmup   1: 16384 op, 999687499.00 ns, 61.0161 us/op
WorkloadWarmup   2: 16384 op, 994490404.00 ns, 60.6989 us/op
WorkloadWarmup   3: 16384 op, 992769724.00 ns, 60.5939 us/op
WorkloadWarmup   4: 16384 op, 985098790.00 ns, 60.1257 us/op
WorkloadWarmup   5: 16384 op, 987697447.00 ns, 60.2843 us/op
WorkloadWarmup   6: 16384 op, 985003988.00 ns, 60.1199 us/op
WorkloadWarmup   7: 16384 op, 987315542.00 ns, 60.2610 us/op
WorkloadWarmup   8: 16384 op, 985407390.00 ns, 60.1445 us/op
WorkloadWarmup   9: 16384 op, 984551278.00 ns, 60.0922 us/op
WorkloadWarmup  10: 16384 op, 980923674.00 ns, 59.8708 us/op

// BeforeActualRun
WorkloadActual   1: 16384 op, 988570319.00 ns, 60.3375 us/op
WorkloadActual   2: 16384 op, 986607508.00 ns, 60.2177 us/op
WorkloadActual   3: 16384 op, 991457626.00 ns, 60.5138 us/op
WorkloadActual   4: 16384 op, 987352547.00 ns, 60.2632 us/op
WorkloadActual   5: 16384 op, 985572754.00 ns, 60.1546 us/op
WorkloadActual   6: 16384 op, 990342818.00 ns, 60.4457 us/op
WorkloadActual   7: 16384 op, 986367387.00 ns, 60.2031 us/op
WorkloadActual   8: 16384 op, 987960725.00 ns, 60.3003 us/op
WorkloadActual   9: 16384 op, 991804830.00 ns, 60.5350 us/op
WorkloadActual  10: 16384 op, 990313374.00 ns, 60.4439 us/op
WorkloadActual  11: 16384 op, 993312511.00 ns, 60.6270 us/op
WorkloadActual  12: 16384 op, 984917532.00 ns, 60.1146 us/op
WorkloadActual  13: 16384 op, 986603518.00 ns, 60.2175 us/op
WorkloadActual  14: 16384 op, 990693176.00 ns, 60.4671 us/op
WorkloadActual  15: 16384 op, 990577192.00 ns, 60.4600 us/op

// AfterActualRun
WorkloadResult   1: 16384 op, 988509107.00 ns, 60.3338 us/op
WorkloadResult   2: 16384 op, 986546296.00 ns, 60.2140 us/op
WorkloadResult   3: 16384 op, 991396414.00 ns, 60.5100 us/op
WorkloadResult   4: 16384 op, 987291335.00 ns, 60.2595 us/op
WorkloadResult   5: 16384 op, 985511542.00 ns, 60.1509 us/op
WorkloadResult   6: 16384 op, 990281606.00 ns, 60.4420 us/op
WorkloadResult   7: 16384 op, 986306175.00 ns, 60.1994 us/op
WorkloadResult   8: 16384 op, 987899513.00 ns, 60.2966 us/op
WorkloadResult   9: 16384 op, 991743618.00 ns, 60.5312 us/op
WorkloadResult  10: 16384 op, 990252162.00 ns, 60.4402 us/op
WorkloadResult  11: 16384 op, 993251299.00 ns, 60.6232 us/op
WorkloadResult  12: 16384 op, 984856320.00 ns, 60.1109 us/op
WorkloadResult  13: 16384 op, 986542306.00 ns, 60.2138 us/op
WorkloadResult  14: 16384 op, 990631964.00 ns, 60.4634 us/op
WorkloadResult  15: 16384 op, 990515980.00 ns, 60.4563 us/op
// GC:  19 0 0 333582080 16384
// Threading:  0 0 16384

// AfterAll
// Benchmark Process 5217 has exited with code 0.
// Launch: 2 / 2
// Execute: dotnet Encina.Benchmarks-MediumRun-1.dll --anonymousPipes 165 166 --benchmarkName "Encina.Benchmarks.EntityFrameworkCore.SpecificationEvaluatorBenchmarks.FullSpecification_AllFeatures(CriteriaCount: 2)" --job MediumRun --benchmarkId 12 in /home/runner/work/Encina/Encina/tests/Encina.BenchmarkTests/Encina.Benchmarks/bin/Release/net10.0/Encina.Benchmarks-MediumRun-1/bin/Release/net10.0
// Failed to set up high priority (Permission denied). In order to run benchmarks with high priority, make sure you have the right permissions.
// BeforeAnythingElse

// Benchmark Process Environment Information:
// BenchmarkDotNet v0.15.8
// Runtime=.NET 10.0.7 (10.0.7, 10.0.726.21808), X64 RyuJIT x86-64-v3
// GC=Concurrent Workstation
// HardwareIntrinsics=AVX2+BMI1+BMI2+F16C+FMA+LZCNT+MOVBE,AVX,SSE3+SSSE3+SSE4.1+SSE4.2+POPCNT,X86Base+SSE+SSE2,AES+PCLMUL VectorSize=256
// Job: MediumRun(IterationCount=15, LaunchCount=2, WarmupCount=10)

OverheadJitting  1: 1 op, 244035.00 ns, 244.0350 us/op
WorkloadJitting  1: 1 op, 426734355.00 ns, 426.7344 ms/op

OverheadJitting  2: 1 op, 370.00 ns, 370.0000 ns/op
WorkloadJitting  2: 1 op, 3846235.00 ns, 3.8462 ms/op

OverheadJitting  3: 16 op, 525057.00 ns, 32.8161 us/op
WorkloadJitting  3: 16 op, 1942091.00 ns, 121.3807 us/op

WorkloadPilot    1: 16 op, 1376082.00 ns, 86.0051 us/op
WorkloadPilot    2: 32 op, 2299016.00 ns, 71.8443 us/op
WorkloadPilot    3: 64 op, 4766374.00 ns, 74.4746 us/op
WorkloadPilot    4: 128 op, 9301321.00 ns, 72.6666 us/op
WorkloadPilot    5: 256 op, 18450826.00 ns, 72.0735 us/op
WorkloadPilot    6: 512 op, 36544226.00 ns, 71.3754 us/op
WorkloadPilot    7: 1024 op, 65382172.00 ns, 63.8498 us/op
WorkloadPilot    8: 2048 op, 121405515.00 ns, 59.2800 us/op
WorkloadPilot    9: 4096 op, 246615724.00 ns, 60.2089 us/op
WorkloadPilot   10: 8192 op, 487439026.00 ns, 59.5018 us/op
WorkloadPilot   11: 16384 op, 975036359.00 ns, 59.5115 us/op

OverheadWarmup   1: 16384 op, 61662.00 ns, 3.7635 ns/op
OverheadWarmup   2: 16384 op, 55493.00 ns, 3.3870 ns/op
OverheadWarmup   3: 16384 op, 55553.00 ns, 3.3907 ns/op
OverheadWarmup   4: 16384 op, 55593.00 ns, 3.3931 ns/op
OverheadWarmup   5: 16384 op, 55503.00 ns, 3.3876 ns/op
OverheadWarmup   6: 16384 op, 61242.00 ns, 3.7379 ns/op
OverheadWarmup   7: 16384 op, 61212.00 ns, 3.7361 ns/op

OverheadActual   1: 16384 op, 61312.00 ns, 3.7422 ns/op
OverheadActual   2: 16384 op, 61392.00 ns, 3.7471 ns/op
OverheadActual   3: 16384 op, 61242.00 ns, 3.7379 ns/op
OverheadActual   4: 16384 op, 61212.00 ns, 3.7361 ns/op
OverheadActual   5: 16384 op, 61212.00 ns, 3.7361 ns/op
OverheadActual   6: 16384 op, 61111.00 ns, 3.7299 ns/op
OverheadActual   7: 16384 op, 61162.00 ns, 3.7330 ns/op
OverheadActual   8: 16384 op, 61181.00 ns, 3.7342 ns/op
OverheadActual   9: 16384 op, 76424.00 ns, 4.6646 ns/op
OverheadActual  10: 16384 op, 61172.00 ns, 3.7336 ns/op
OverheadActual  11: 16384 op, 61522.00 ns, 3.7550 ns/op
OverheadActual  12: 16384 op, 61152.00 ns, 3.7324 ns/op
OverheadActual  13: 16384 op, 61231.00 ns, 3.7372 ns/op
OverheadActual  14: 16384 op, 61292.00 ns, 3.7410 ns/op
OverheadActual  15: 16384 op, 55493.00 ns, 3.3870 ns/op

WorkloadWarmup   1: 16384 op, 981795419.00 ns, 59.9240 us/op
WorkloadWarmup   2: 16384 op, 987855597.00 ns, 60.2939 us/op
WorkloadWarmup   3: 16384 op, 979268731.00 ns, 59.7698 us/op
WorkloadWarmup   4: 16384 op, 974536253.00 ns, 59.4810 us/op
WorkloadWarmup   5: 16384 op, 974622562.00 ns, 59.4862 us/op
WorkloadWarmup   6: 16384 op, 975460769.00 ns, 59.5374 us/op
WorkloadWarmup   7: 16384 op, 972833870.00 ns, 59.3771 us/op
WorkloadWarmup   8: 16384 op, 974492086.00 ns, 59.4783 us/op
WorkloadWarmup   9: 16384 op, 976244074.00 ns, 59.5852 us/op
WorkloadWarmup  10: 16384 op, 976518120.00 ns, 59.6019 us/op

// BeforeActualRun
WorkloadActual   1: 16384 op, 979114511.00 ns, 59.7604 us/op
WorkloadActual   2: 16384 op, 978324096.00 ns, 59.7122 us/op
WorkloadActual   3: 16384 op, 976447903.00 ns, 59.5977 us/op
WorkloadActual   4: 16384 op, 981812466.00 ns, 59.9251 us/op
WorkloadActual   5: 16384 op, 979322863.00 ns, 59.7731 us/op
WorkloadActual   6: 16384 op, 978951777.00 ns, 59.7505 us/op
WorkloadActual   7: 16384 op, 983921279.00 ns, 60.0538 us/op
WorkloadActual   8: 16384 op, 979987115.00 ns, 59.8137 us/op
WorkloadActual   9: 16384 op, 976743062.00 ns, 59.6157 us/op
WorkloadActual  10: 16384 op, 974454680.00 ns, 59.4760 us/op
WorkloadActual  11: 16384 op, 973721000.00 ns, 59.4312 us/op
WorkloadActual  12: 16384 op, 972602733.00 ns, 59.3630 us/op
WorkloadActual  13: 16384 op, 979069540.00 ns, 59.7577 us/op
WorkloadActual  14: 16384 op, 975606417.00 ns, 59.5463 us/op
WorkloadActual  15: 16384 op, 974838916.00 ns, 59.4994 us/op

// AfterActualRun
WorkloadResult   1: 16384 op, 979053299.00 ns, 59.7567 us/op
WorkloadResult   2: 16384 op, 978262884.00 ns, 59.7084 us/op
WorkloadResult   3: 16384 op, 976386691.00 ns, 59.5939 us/op
WorkloadResult   4: 16384 op, 981751254.00 ns, 59.9213 us/op
WorkloadResult   5: 16384 op, 979261651.00 ns, 59.7694 us/op
WorkloadResult   6: 16384 op, 978890565.00 ns, 59.7467 us/op
WorkloadResult   7: 16384 op, 983860067.00 ns, 60.0501 us/op
WorkloadResult   8: 16384 op, 979925903.00 ns, 59.8099 us/op
WorkloadResult   9: 16384 op, 976681850.00 ns, 59.6119 us/op
WorkloadResult  10: 16384 op, 974393468.00 ns, 59.4723 us/op
WorkloadResult  11: 16384 op, 973659788.00 ns, 59.4275 us/op
WorkloadResult  12: 16384 op, 972541521.00 ns, 59.3592 us/op
WorkloadResult  13: 16384 op, 979008328.00 ns, 59.7539 us/op
WorkloadResult  14: 16384 op, 975545205.00 ns, 59.5426 us/op
WorkloadResult  15: 16384 op, 974777704.00 ns, 59.4957 us/op
// GC:  20 0 0 336203712 16384
// Threading:  0 0 16384

// AfterAll
// Benchmark Process 5233 has exited with code 0.

Mean = 60.009 μs, StdErr = 0.071 μs (0.12%), N = 30, StdDev = 0.387 μs
Min = 59.359 μs, Q1 = 59.718 μs, Median = 60.080 μs, Q3 = 60.325 μs, Max = 60.623 μs
IQR = 0.607 μs, LowerFence = 58.808 μs, UpperFence = 61.234 μs
ConfidenceInterval = [59.750 μs; 60.267 μs] (CI 99.9%), Margin = 0.258 μs (0.43% of Mean)
Skewness = -0.09, Kurtosis = 1.54, MValue = 2

// ** Remained 13 (50.0 %) benchmark(s) to run. Estimated finish 2026-05-03 2:14 (0h 9m from now) **
// **************************
// Benchmark: SpecificationEvaluatorBenchmarks.'Simple Where (single criterion)': MediumRun(IterationCount=15, LaunchCount=2, WarmupCount=10) [CriteriaCount=10]
// *** Execute ***
// Launch: 1 / 2
// Execute: dotnet Encina.Benchmarks-MediumRun-1.dll --anonymousPipes 165 166 --benchmarkName "Encina.Benchmarks.EntityFrameworkCore.SpecificationEvaluatorBenchmarks.SimplePredicate_SingleWhere(CriteriaCount: 10)" --job MediumRun --benchmarkId 13 in /home/runner/work/Encina/Encina/tests/Encina.BenchmarkTests/Encina.Benchmarks/bin/Release/net10.0/Encina.Benchmarks-MediumRun-1/bin/Release/net10.0
// Failed to set up high priority (Permission denied). In order to run benchmarks with high priority, make sure you have the right permissions.
// BeforeAnythingElse

// Benchmark Process Environment Information:
// BenchmarkDotNet v0.15.8
// Runtime=.NET 10.0.7 (10.0.7, 10.0.726.21808), X64 RyuJIT x86-64-v3
// GC=Concurrent Workstation
// HardwareIntrinsics=AVX2+BMI1+BMI2+F16C+FMA+LZCNT+MOVBE,AVX,SSE3+SSSE3+SSE4.1+SSE4.2+POPCNT,X86Base+SSE+SSE2,AES+PCLMUL VectorSize=256
// Job: MediumRun(IterationCount=15, LaunchCount=2, WarmupCount=10)

OverheadJitting  1: 1 op, 244156.00 ns, 244.1560 us/op
WorkloadJitting  1: 1 op, 391470318.00 ns, 391.4703 ms/op

OverheadJitting  2: 1 op, 340.00 ns, 340.0000 ns/op
WorkloadJitting  2: 1 op, 2861684.00 ns, 2.8617 ms/op

OverheadJitting  3: 16 op, 536064.00 ns, 33.5040 us/op
WorkloadJitting  3: 16 op, 966230.00 ns, 60.3894 us/op

WorkloadPilot    1: 16 op, 468162.00 ns, 29.2601 us/op
WorkloadPilot    2: 32 op, 757757.00 ns, 23.6799 us/op
WorkloadPilot    3: 64 op, 1405198.00 ns, 21.9562 us/op
WorkloadPilot    4: 128 op, 2518149.00 ns, 19.6730 us/op
WorkloadPilot    5: 256 op, 5068615.00 ns, 19.7993 us/op
WorkloadPilot    6: 512 op, 9720786.00 ns, 18.9859 us/op
WorkloadPilot    7: 1024 op, 18730626.00 ns, 18.2916 us/op
WorkloadPilot    8: 2048 op, 37745056.00 ns, 18.4302 us/op
WorkloadPilot    9: 4096 op, 65927484.00 ns, 16.0956 us/op
WorkloadPilot   10: 8192 op, 117758306.00 ns, 14.3748 us/op
WorkloadPilot   11: 16384 op, 237295740.00 ns, 14.4834 us/op
WorkloadPilot   12: 32768 op, 472403076.00 ns, 14.4166 us/op
WorkloadPilot   13: 65536 op, 950633266.00 ns, 14.5055 us/op

OverheadWarmup   1: 65536 op, 247061.00 ns, 3.7699 ns/op
OverheadWarmup   2: 65536 op, 272459.00 ns, 4.1574 ns/op
OverheadWarmup   3: 65536 op, 220341.00 ns, 3.3621 ns/op
OverheadWarmup   4: 65536 op, 223115.00 ns, 3.4045 ns/op
OverheadWarmup   5: 65536 op, 220321.00 ns, 3.3618 ns/op

OverheadActual   1: 65536 op, 246700.00 ns, 3.7643 ns/op
OverheadActual   2: 65536 op, 243345.00 ns, 3.7132 ns/op
OverheadActual   3: 65536 op, 243105.00 ns, 3.7095 ns/op
OverheadActual   4: 65536 op, 265298.00 ns, 4.0481 ns/op
OverheadActual   5: 65536 op, 257756.00 ns, 3.9330 ns/op
OverheadActual   6: 65536 op, 243385.00 ns, 3.7138 ns/op
OverheadActual   7: 65536 op, 220271.00 ns, 3.3611 ns/op
OverheadActual   8: 65536 op, 241292.00 ns, 3.6818 ns/op
OverheadActual   9: 65536 op, 243095.00 ns, 3.7093 ns/op
OverheadActual  10: 65536 op, 243135.00 ns, 3.7099 ns/op
OverheadActual  11: 65536 op, 220220.00 ns, 3.3603 ns/op
OverheadActual  12: 65536 op, 220211.00 ns, 3.3602 ns/op
OverheadActual  13: 65536 op, 264387.00 ns, 4.0342 ns/op
OverheadActual  14: 65536 op, 220251.00 ns, 3.3608 ns/op
OverheadActual  15: 65536 op, 243145.00 ns, 3.7101 ns/op
OverheadActual  16: 65536 op, 243145.00 ns, 3.7101 ns/op
OverheadActual  17: 65536 op, 220311.00 ns, 3.3617 ns/op
OverheadActual  18: 65536 op, 235253.00 ns, 3.5897 ns/op
OverheadActual  19: 65536 op, 243164.00 ns, 3.7104 ns/op
OverheadActual  20: 65536 op, 220261.00 ns, 3.3609 ns/op

WorkloadWarmup   1: 65536 op, 959132730.00 ns, 14.6352 us/op
WorkloadWarmup   2: 65536 op, 958225048.00 ns, 14.6214 us/op
WorkloadWarmup   3: 65536 op, 951339787.00 ns, 14.5163 us/op
WorkloadWarmup   4: 65536 op, 948592454.00 ns, 14.4744 us/op
WorkloadWarmup   5: 65536 op, 947819832.00 ns, 14.4626 us/op
WorkloadWarmup   6: 65536 op, 947038549.00 ns, 14.4507 us/op
WorkloadWarmup   7: 65536 op, 944232031.00 ns, 14.4078 us/op
WorkloadWarmup   8: 65536 op, 946186992.00 ns, 14.4377 us/op
WorkloadWarmup   9: 65536 op, 948816174.00 ns, 14.4778 us/op
WorkloadWarmup  10: 65536 op, 944281064.00 ns, 14.4086 us/op

// BeforeActualRun
WorkloadActual   1: 65536 op, 950331292.00 ns, 14.5009 us/op
WorkloadActual   2: 65536 op, 943836348.00 ns, 14.4018 us/op
WorkloadActual   3: 65536 op, 943297389.00 ns, 14.3936 us/op
WorkloadActual   4: 65536 op, 943361829.00 ns, 14.3946 us/op
WorkloadActual   5: 65536 op, 948272889.00 ns, 14.4695 us/op
WorkloadActual   6: 65536 op, 945153598.00 ns, 14.4219 us/op
WorkloadActual   7: 65536 op, 947425026.00 ns, 14.4566 us/op
WorkloadActual   8: 65536 op, 946482321.00 ns, 14.4422 us/op
WorkloadActual   9: 65536 op, 949927171.00 ns, 14.4947 us/op
WorkloadActual  10: 65536 op, 948814961.00 ns, 14.4778 us/op
WorkloadActual  11: 65536 op, 948649413.00 ns, 14.4752 us/op
WorkloadActual  12: 65536 op, 942876419.00 ns, 14.3872 us/op
WorkloadActual  13: 65536 op, 944625354.00 ns, 14.4138 us/op
WorkloadActual  14: 65536 op, 943911179.00 ns, 14.4029 us/op
WorkloadActual  15: 65536 op, 944377821.00 ns, 14.4101 us/op

// AfterActualRun
WorkloadResult   1: 65536 op, 950088172.00 ns, 14.4972 us/op
WorkloadResult   2: 65536 op, 943593228.00 ns, 14.3981 us/op
WorkloadResult   3: 65536 op, 943054269.00 ns, 14.3899 us/op
WorkloadResult   4: 65536 op, 943118709.00 ns, 14.3908 us/op
WorkloadResult   5: 65536 op, 948029769.00 ns, 14.4658 us/op
WorkloadResult   6: 65536 op, 944910478.00 ns, 14.4182 us/op
WorkloadResult   7: 65536 op, 947181906.00 ns, 14.4528 us/op
WorkloadResult   8: 65536 op, 946239201.00 ns, 14.4385 us/op
WorkloadResult   9: 65536 op, 949684051.00 ns, 14.4910 us/op
WorkloadResult  10: 65536 op, 948571841.00 ns, 14.4741 us/op
WorkloadResult  11: 65536 op, 948406293.00 ns, 14.4715 us/op
WorkloadResult  12: 65536 op, 942633299.00 ns, 14.3834 us/op
WorkloadResult  13: 65536 op, 944382234.00 ns, 14.4101 us/op
WorkloadResult  14: 65536 op, 943668059.00 ns, 14.3992 us/op
WorkloadResult  15: 65536 op, 944134701.00 ns, 14.4064 us/op
// GC:  25 0 0 432542592 65536
// Threading:  0 0 65536

// AfterAll
// Benchmark Process 5251 has exited with code 0.
// Launch: 2 / 2
// Execute: dotnet Encina.Benchmarks-MediumRun-1.dll --anonymousPipes 165 166 --benchmarkName "Encina.Benchmarks.EntityFrameworkCore.SpecificationEvaluatorBenchmarks.SimplePredicate_SingleWhere(CriteriaCount: 10)" --job MediumRun --benchmarkId 13 in /home/runner/work/Encina/Encina/tests/Encina.BenchmarkTests/Encina.Benchmarks/bin/Release/net10.0/Encina.Benchmarks-MediumRun-1/bin/Release/net10.0
// Failed to set up high priority (Permission denied). In order to run benchmarks with high priority, make sure you have the right permissions.
// BeforeAnythingElse

// Benchmark Process Environment Information:
// BenchmarkDotNet v0.15.8
// Runtime=.NET 10.0.7 (10.0.7, 10.0.726.21808), X64 RyuJIT x86-64-v3
// GC=Concurrent Workstation
// HardwareIntrinsics=AVX2+BMI1+BMI2+F16C+FMA+LZCNT+MOVBE,AVX,SSE3+SSSE3+SSE4.1+SSE4.2+POPCNT,X86Base+SSE+SSE2,AES+PCLMUL VectorSize=256
// Job: MediumRun(IterationCount=15, LaunchCount=2, WarmupCount=10)

OverheadJitting  1: 1 op, 278047.00 ns, 278.0470 us/op
WorkloadJitting  1: 1 op, 391054929.00 ns, 391.0549 ms/op

OverheadJitting  2: 1 op, 260.00 ns, 260.0000 ns/op
WorkloadJitting  2: 1 op, 2898478.00 ns, 2.8985 ms/op

OverheadJitting  3: 16 op, 523385.00 ns, 32.7116 us/op
WorkloadJitting  3: 16 op, 962694.00 ns, 60.1684 us/op

WorkloadPilot    1: 16 op, 420751.00 ns, 26.2969 us/op
WorkloadPilot    2: 32 op, 744937.00 ns, 23.2793 us/op
WorkloadPilot    3: 64 op, 1380020.00 ns, 21.5628 us/op
WorkloadPilot    4: 128 op, 2560741.00 ns, 20.0058 us/op
WorkloadPilot    5: 256 op, 5101261.00 ns, 19.9268 us/op
WorkloadPilot    6: 512 op, 9656533.00 ns, 18.8604 us/op
WorkloadPilot    7: 1024 op, 18944883.00 ns, 18.5009 us/op
WorkloadPilot    8: 2048 op, 36039803.00 ns, 17.5976 us/op
WorkloadPilot    9: 4096 op, 69575179.00 ns, 16.9861 us/op
WorkloadPilot   10: 8192 op, 123017824.00 ns, 15.0168 us/op
WorkloadPilot   11: 16384 op, 245401996.00 ns, 14.9781 us/op
WorkloadPilot   12: 32768 op, 490283372.00 ns, 14.9623 us/op
WorkloadPilot   13: 65536 op, 983888006.00 ns, 15.0129 us/op

OverheadWarmup   1: 65536 op, 287081.00 ns, 4.3805 ns/op
OverheadWarmup   2: 65536 op, 250756.00 ns, 3.8262 ns/op
OverheadWarmup   3: 65536 op, 274181.00 ns, 4.1837 ns/op
OverheadWarmup   4: 65536 op, 250055.00 ns, 3.8155 ns/op
OverheadWarmup   5: 65536 op, 253550.00 ns, 3.8689 ns/op
OverheadWarmup   6: 65536 op, 266130.00 ns, 4.0608 ns/op
OverheadWarmup   7: 65536 op, 265478.00 ns, 4.0509 ns/op

OverheadActual   1: 65536 op, 273260.00 ns, 4.1696 ns/op
OverheadActual   2: 65536 op, 250927.00 ns, 3.8288 ns/op
OverheadActual   3: 65536 op, 252960.00 ns, 3.8599 ns/op
OverheadActual   4: 65536 op, 266570.00 ns, 4.0675 ns/op
OverheadActual   5: 65536 op, 264717.00 ns, 4.0393 ns/op
OverheadActual   6: 65536 op, 248623.00 ns, 3.7937 ns/op
OverheadActual   7: 65536 op, 250877.00 ns, 3.8281 ns/op
OverheadActual   8: 65536 op, 250896.00 ns, 3.8284 ns/op
OverheadActual   9: 65536 op, 265688.00 ns, 4.0541 ns/op
OverheadActual  10: 65536 op, 250726.00 ns, 3.8258 ns/op
OverheadActual  11: 65536 op, 253901.00 ns, 3.8742 ns/op
OverheadActual  12: 65536 op, 266249.00 ns, 4.0626 ns/op
OverheadActual  13: 65536 op, 250506.00 ns, 3.8224 ns/op
OverheadActual  14: 65536 op, 250837.00 ns, 3.8275 ns/op
OverheadActual  15: 65536 op, 250896.00 ns, 3.8284 ns/op

WorkloadWarmup   1: 65536 op, 995390014.00 ns, 15.1884 us/op
WorkloadWarmup   2: 65536 op, 992398309.00 ns, 15.1428 us/op
WorkloadWarmup   3: 65536 op, 988165109.00 ns, 15.0782 us/op
WorkloadWarmup   4: 65536 op, 981568154.00 ns, 14.9775 us/op
WorkloadWarmup   5: 65536 op, 987139621.00 ns, 15.0626 us/op
WorkloadWarmup   6: 65536 op, 979339051.00 ns, 14.9435 us/op
WorkloadWarmup   7: 65536 op, 983326171.00 ns, 15.0044 us/op
WorkloadWarmup   8: 65536 op, 980940152.00 ns, 14.9680 us/op
WorkloadWarmup   9: 65536 op, 982781749.00 ns, 14.9961 us/op
WorkloadWarmup  10: 65536 op, 985193195.00 ns, 15.0329 us/op

// BeforeActualRun
WorkloadActual   1: 65536 op, 988635539.00 ns, 15.0854 us/op
WorkloadActual   2: 65536 op, 980873707.00 ns, 14.9669 us/op
WorkloadActual   3: 65536 op, 982932685.00 ns, 14.9984 us/op
WorkloadActual   4: 65536 op, 982860066.00 ns, 14.9973 us/op
WorkloadActual   5: 65536 op, 981816470.00 ns, 14.9813 us/op
WorkloadActual   6: 65536 op, 978958423.00 ns, 14.9377 us/op
WorkloadActual   7: 65536 op, 981961477.00 ns, 14.9835 us/op
WorkloadActual   8: 65536 op, 979082765.00 ns, 14.9396 us/op
WorkloadActual   9: 65536 op, 985142311.00 ns, 15.0321 us/op
WorkloadActual  10: 65536 op, 979662313.00 ns, 14.9485 us/op
WorkloadActual  11: 65536 op, 986223773.00 ns, 15.0486 us/op
WorkloadActual  12: 65536 op, 982416624.00 ns, 14.9905 us/op
WorkloadActual  13: 65536 op, 982405768.00 ns, 14.9903 us/op
WorkloadActual  14: 65536 op, 981020861.00 ns, 14.9692 us/op
WorkloadActual  15: 65536 op, 982657092.00 ns, 14.9942 us/op

// AfterActualRun
WorkloadResult   1: 65536 op, 980622780.00 ns, 14.9631 us/op
WorkloadResult   2: 65536 op, 982681758.00 ns, 14.9945 us/op
WorkloadResult   3: 65536 op, 982609139.00 ns, 14.9934 us/op
WorkloadResult   4: 65536 op, 981565543.00 ns, 14.9775 us/op
WorkloadResult   5: 65536 op, 978707496.00 ns, 14.9339 us/op
WorkloadResult   6: 65536 op, 981710550.00 ns, 14.9797 us/op
WorkloadResult   7: 65536 op, 978831838.00 ns, 14.9358 us/op
WorkloadResult   8: 65536 op, 984891384.00 ns, 15.0282 us/op
WorkloadResult   9: 65536 op, 979411386.00 ns, 14.9446 us/op
WorkloadResult  10: 65536 op, 982165697.00 ns, 14.9867 us/op
WorkloadResult  11: 65536 op, 982154841.00 ns, 14.9865 us/op
WorkloadResult  12: 65536 op, 980769934.00 ns, 14.9654 us/op
WorkloadResult  13: 65536 op, 982406165.00 ns, 14.9903 us/op
// GC:  25 0 0 432542592 65536
// Threading:  0 0 65536

// AfterAll
// Benchmark Process 5266 has exited with code 0.

Mean = 14.685 μs, StdErr = 0.052 μs (0.36%), N = 28, StdDev = 0.278 μs
Min = 14.383 μs, Q1 = 14.416 μs, Median = 14.494 μs, Q3 = 14.978 μs, Max = 15.028 μs
IQR = 0.562 μs, LowerFence = 13.573 μs, UpperFence = 15.821 μs
ConfidenceInterval = [14.491 μs; 14.878 μs] (CI 99.9%), Margin = 0.194 μs (1.32% of Mean)
Skewness = 0.12, Kurtosis = 1, MValue = 2

// ** Remained 12 (46.2 %) benchmark(s) to run. Estimated finish 2026-05-03 2:14 (0h 8m from now) **
// **************************
// Benchmark: SpecificationEvaluatorBenchmarks.'Direct LINQ Where (baseline)': MediumRun(IterationCount=15, LaunchCount=2, WarmupCount=10) [CriteriaCount=10]
// *** Execute ***
// Launch: 1 / 2
// Execute: dotnet Encina.Benchmarks-MediumRun-1.dll --anonymousPipes 165 166 --benchmarkName "Encina.Benchmarks.EntityFrameworkCore.SpecificationEvaluatorBenchmarks.DirectLinq_Where(CriteriaCount: 10)" --job MediumRun --benchmarkId 14 in /home/runner/work/Encina/Encina/tests/Encina.BenchmarkTests/Encina.Benchmarks/bin/Release/net10.0/Encina.Benchmarks-MediumRun-1/bin/Release/net10.0
// Failed to set up high priority (Permission denied). In order to run benchmarks with high priority, make sure you have the right permissions.
// BeforeAnythingElse

// Benchmark Process Environment Information:
// BenchmarkDotNet v0.15.8
// Runtime=.NET 10.0.7 (10.0.7, 10.0.726.21808), X64 RyuJIT x86-64-v3
// GC=Concurrent Workstation
// HardwareIntrinsics=AVX2+BMI1+BMI2+F16C+FMA+LZCNT+MOVBE,AVX,SSE3+SSSE3+SSE4.1+SSE4.2+POPCNT,X86Base+SSE+SSE2,AES+PCLMUL VectorSize=256
// Job: MediumRun(IterationCount=15, LaunchCount=2, WarmupCount=10)

OverheadJitting  1: 1 op, 251657.00 ns, 251.6570 us/op
WorkloadJitting  1: 1 op, 379317708.00 ns, 379.3177 ms/op

OverheadJitting  2: 1 op, 581.00 ns, 581.0000 ns/op
WorkloadJitting  2: 1 op, 2760531.00 ns, 2.7605 ms/op

OverheadJitting  3: 16 op, 521031.00 ns, 32.5644 us/op
WorkloadJitting  3: 16 op, 894462.00 ns, 55.9039 us/op

WorkloadPilot    1: 16 op, 357967.00 ns, 22.3729 us/op
WorkloadPilot    2: 32 op, 611938.00 ns, 19.1231 us/op
WorkloadPilot    3: 64 op, 1118077.00 ns, 17.4700 us/op
WorkloadPilot    4: 128 op, 2028222.00 ns, 15.8455 us/op
WorkloadPilot    5: 256 op, 4085538.00 ns, 15.9591 us/op
WorkloadPilot    6: 512 op, 7673560.00 ns, 14.9874 us/op
WorkloadPilot    7: 1024 op, 15154922.00 ns, 14.7997 us/op
WorkloadPilot    8: 2048 op, 30061039.00 ns, 14.6782 us/op
WorkloadPilot    9: 4096 op, 54937452.00 ns, 13.4125 us/op
WorkloadPilot   10: 8192 op, 97451260.00 ns, 11.8959 us/op
WorkloadPilot   11: 16384 op, 195890341.00 ns, 11.9562 us/op
WorkloadPilot   12: 32768 op, 389454122.00 ns, 11.8852 us/op
WorkloadPilot   13: 65536 op, 782800693.00 ns, 11.9446 us/op

OverheadWarmup   1: 65536 op, 243385.00 ns, 3.7138 ns/op
OverheadWarmup   2: 65536 op, 243145.00 ns, 3.7101 ns/op
OverheadWarmup   3: 65536 op, 243115.00 ns, 3.7096 ns/op
OverheadWarmup   4: 65536 op, 243204.00 ns, 3.7110 ns/op
OverheadWarmup   5: 65536 op, 242053.00 ns, 3.6934 ns/op
OverheadWarmup   6: 65536 op, 220230.00 ns, 3.3604 ns/op
OverheadWarmup   7: 65536 op, 243475.00 ns, 3.7151 ns/op
OverheadWarmup   8: 65536 op, 243114.00 ns, 3.7096 ns/op

OverheadActual   1: 65536 op, 220380.00 ns, 3.3627 ns/op
OverheadActual   2: 65536 op, 243195.00 ns, 3.7109 ns/op
OverheadActual   3: 65536 op, 257426.00 ns, 3.9280 ns/op
OverheadActual   4: 65536 op, 243194.00 ns, 3.7108 ns/op
OverheadActual   5: 65536 op, 243154.00 ns, 3.7102 ns/op
OverheadActual   6: 65536 op, 243084.00 ns, 3.7092 ns/op
OverheadActual   7: 65536 op, 234181.00 ns, 3.5733 ns/op
OverheadActual   8: 65536 op, 265328.00 ns, 4.0486 ns/op
OverheadActual   9: 65536 op, 243144.00 ns, 3.7101 ns/op
OverheadActual  10: 65536 op, 243105.00 ns, 3.7095 ns/op
OverheadActual  11: 65536 op, 243095.00 ns, 3.7093 ns/op
OverheadActual  12: 65536 op, 265248.00 ns, 4.0474 ns/op
OverheadActual  13: 65536 op, 262704.00 ns, 4.0085 ns/op
OverheadActual  14: 65536 op, 243095.00 ns, 3.7093 ns/op
OverheadActual  15: 65536 op, 243155.00 ns, 3.7103 ns/op

WorkloadWarmup   1: 65536 op, 792745864.00 ns, 12.0963 us/op
WorkloadWarmup   2: 65536 op, 793811948.00 ns, 12.1126 us/op
WorkloadWarmup   3: 65536 op, 778562596.00 ns, 11.8799 us/op
WorkloadWarmup   4: 65536 op, 781555535.00 ns, 11.9256 us/op
WorkloadWarmup   5: 65536 op, 779199320.00 ns, 11.8896 us/op
WorkloadWarmup   6: 65536 op, 778177165.00 ns, 11.8740 us/op
WorkloadWarmup   7: 65536 op, 778734901.00 ns, 11.8826 us/op
WorkloadWarmup   8: 65536 op, 782058516.00 ns, 11.9333 us/op
WorkloadWarmup   9: 65536 op, 778264445.00 ns, 11.8754 us/op
WorkloadWarmup  10: 65536 op, 779414961.00 ns, 11.8929 us/op

// BeforeActualRun
WorkloadActual   1: 65536 op, 786168511.00 ns, 11.9960 us/op
WorkloadActual   2: 65536 op, 785700600.00 ns, 11.9888 us/op
WorkloadActual   3: 65536 op, 783389152.00 ns, 11.9536 us/op
WorkloadActual   4: 65536 op, 784070594.00 ns, 11.9640 us/op
WorkloadActual   5: 65536 op, 785465887.00 ns, 11.9853 us/op
WorkloadActual   6: 65536 op, 781635852.00 ns, 11.9268 us/op
WorkloadActual   7: 65536 op, 783204607.00 ns, 11.9508 us/op
WorkloadActual   8: 65536 op, 781991729.00 ns, 11.9322 us/op
WorkloadActual   9: 65536 op, 781003726.00 ns, 11.9172 us/op
WorkloadActual  10: 65536 op, 783750016.00 ns, 11.9591 us/op
WorkloadActual  11: 65536 op, 784798368.00 ns, 11.9751 us/op
WorkloadActual  12: 65536 op, 783882695.00 ns, 11.9611 us/op
WorkloadActual  13: 65536 op, 786358327.00 ns, 11.9989 us/op
WorkloadActual  14: 65536 op, 779120142.00 ns, 11.8884 us/op
WorkloadActual  15: 65536 op, 779255654.00 ns, 11.8905 us/op

// AfterActualRun
WorkloadResult   1: 65536 op, 785925357.00 ns, 11.9923 us/op
WorkloadResult   2: 65536 op, 785457446.00 ns, 11.9851 us/op
WorkloadResult   3: 65536 op, 783145998.00 ns, 11.9499 us/op
WorkloadResult   4: 65536 op, 783827440.00 ns, 11.9603 us/op
WorkloadResult   5: 65536 op, 785222733.00 ns, 11.9815 us/op
WorkloadResult   6: 65536 op, 781392698.00 ns, 11.9231 us/op
WorkloadResult   7: 65536 op, 782961453.00 ns, 11.9470 us/op
WorkloadResult   8: 65536 op, 781748575.00 ns, 11.9285 us/op
WorkloadResult   9: 65536 op, 780760572.00 ns, 11.9135 us/op
WorkloadResult  10: 65536 op, 783506862.00 ns, 11.9554 us/op
WorkloadResult  11: 65536 op, 784555214.00 ns, 11.9714 us/op
WorkloadResult  12: 65536 op, 783639541.00 ns, 11.9574 us/op
WorkloadResult  13: 65536 op, 786115173.00 ns, 11.9952 us/op
WorkloadResult  14: 65536 op, 778876988.00 ns, 11.8847 us/op
WorkloadResult  15: 65536 op, 779012500.00 ns, 11.8868 us/op
// GC:  21 0 0 352850048 65536
// Threading:  0 0 65536

// AfterAll
// Benchmark Process 5287 has exited with code 0.
// Launch: 2 / 2
// Execute: dotnet Encina.Benchmarks-MediumRun-1.dll --anonymousPipes 165 166 --benchmarkName "Encina.Benchmarks.EntityFrameworkCore.SpecificationEvaluatorBenchmarks.DirectLinq_Where(CriteriaCount: 10)" --job MediumRun --benchmarkId 14 in /home/runner/work/Encina/Encina/tests/Encina.BenchmarkTests/Encina.Benchmarks/bin/Release/net10.0/Encina.Benchmarks-MediumRun-1/bin/Release/net10.0
// Failed to set up high priority (Permission denied). In order to run benchmarks with high priority, make sure you have the right permissions.
// BeforeAnythingElse

// Benchmark Process Environment Information:
// BenchmarkDotNet v0.15.8
// Runtime=.NET 10.0.7 (10.0.7, 10.0.726.21808), X64 RyuJIT x86-64-v3
// GC=Concurrent Workstation
// HardwareIntrinsics=AVX2+BMI1+BMI2+F16C+FMA+LZCNT+MOVBE,AVX,SSE3+SSSE3+SSE4.1+SSE4.2+POPCNT,X86Base+SSE+SSE2,AES+PCLMUL VectorSize=256
// Job: MediumRun(IterationCount=15, LaunchCount=2, WarmupCount=10)

OverheadJitting  1: 1 op, 287241.00 ns, 287.2410 us/op
WorkloadJitting  1: 1 op, 378130146.00 ns, 378.1301 ms/op

OverheadJitting  2: 1 op, 220.00 ns, 220.0000 ns/op
WorkloadJitting  2: 1 op, 2792358.00 ns, 2.7924 ms/op

OverheadJitting  3: 16 op, 525147.00 ns, 32.8217 us/op
WorkloadJitting  3: 16 op, 901252.00 ns, 56.3283 us/op

WorkloadPilot    1: 16 op, 375243.00 ns, 23.4527 us/op
WorkloadPilot    2: 32 op, 624006.00 ns, 19.5002 us/op
WorkloadPilot    3: 64 op, 1107652.00 ns, 17.3071 us/op
WorkloadPilot    4: 128 op, 2007471.00 ns, 15.6834 us/op
WorkloadPilot    5: 256 op, 4109884.00 ns, 16.0542 us/op
WorkloadPilot    6: 512 op, 7694541.00 ns, 15.0284 us/op
WorkloadPilot    7: 1024 op, 15252257.00 ns, 14.8948 us/op
WorkloadPilot    8: 2048 op, 29532396.00 ns, 14.4201 us/op
WorkloadPilot    9: 4096 op, 56334357.00 ns, 13.7535 us/op
WorkloadPilot   10: 8192 op, 98077699.00 ns, 11.9724 us/op
WorkloadPilot   11: 16384 op, 197324462.00 ns, 12.0437 us/op
WorkloadPilot   12: 32768 op, 397092348.00 ns, 12.1183 us/op
WorkloadPilot   13: 65536 op, 787459519.00 ns, 12.0157 us/op

OverheadWarmup   1: 65536 op, 243505.00 ns, 3.7156 ns/op
OverheadWarmup   2: 65536 op, 262764.00 ns, 4.0095 ns/op
OverheadWarmup   3: 65536 op, 243105.00 ns, 3.7095 ns/op
OverheadWarmup   4: 65536 op, 243135.00 ns, 3.7099 ns/op
OverheadWarmup   5: 65536 op, 220371.00 ns, 3.3626 ns/op

OverheadActual   1: 65536 op, 220571.00 ns, 3.3656 ns/op
OverheadActual   2: 65536 op, 243475.00 ns, 3.7151 ns/op
OverheadActual   3: 65536 op, 243214.00 ns, 3.7112 ns/op
OverheadActual   4: 65536 op, 257096.00 ns, 3.9230 ns/op
OverheadActual   5: 65536 op, 220330.00 ns, 3.3620 ns/op
OverheadActual   6: 65536 op, 234622.00 ns, 3.5800 ns/op
OverheadActual   7: 65536 op, 220260.00 ns, 3.3609 ns/op
OverheadActual   8: 65536 op, 243125.00 ns, 3.7098 ns/op
OverheadActual   9: 65536 op, 220361.00 ns, 3.3624 ns/op
OverheadActual  10: 65536 op, 220280.00 ns, 3.3612 ns/op
OverheadActual  11: 65536 op, 235633.00 ns, 3.5955 ns/op
OverheadActual  12: 65536 op, 220310.00 ns, 3.3617 ns/op
OverheadActual  13: 65536 op, 220400.00 ns, 3.3630 ns/op
OverheadActual  14: 65536 op, 243125.00 ns, 3.7098 ns/op
OverheadActual  15: 65536 op, 243225.00 ns, 3.7113 ns/op
OverheadActual  16: 65536 op, 237336.00 ns, 3.6215 ns/op
OverheadActual  17: 65536 op, 243134.00 ns, 3.7099 ns/op
OverheadActual  18: 65536 op, 243194.00 ns, 3.7108 ns/op

WorkloadWarmup   1: 65536 op, 801506368.00 ns, 12.2300 us/op
WorkloadWarmup   2: 65536 op, 802257005.00 ns, 12.2415 us/op
WorkloadWarmup   3: 65536 op, 786465818.00 ns, 12.0005 us/op
WorkloadWarmup   4: 65536 op, 786893661.00 ns, 12.0070 us/op
WorkloadWarmup   5: 65536 op, 787339970.00 ns, 12.0139 us/op
WorkloadWarmup   6: 65536 op, 788732661.00 ns, 12.0351 us/op
WorkloadWarmup   7: 65536 op, 789400750.00 ns, 12.0453 us/op
WorkloadWarmup   8: 65536 op, 789982582.00 ns, 12.0542 us/op
WorkloadWarmup   9: 65536 op, 787376544.00 ns, 12.0144 us/op
WorkloadWarmup  10: 65536 op, 786888141.00 ns, 12.0070 us/op

// BeforeActualRun
WorkloadActual   1: 65536 op, 790071946.00 ns, 12.0555 us/op
WorkloadActual   2: 65536 op, 788887019.00 ns, 12.0375 us/op
WorkloadActual   3: 65536 op, 789282893.00 ns, 12.0435 us/op
WorkloadActual   4: 65536 op, 788839578.00 ns, 12.0367 us/op
WorkloadActual   5: 65536 op, 790692797.00 ns, 12.0650 us/op
WorkloadActual   6: 65536 op, 789833188.00 ns, 12.0519 us/op
WorkloadActual   7: 65536 op, 787663644.00 ns, 12.0188 us/op
WorkloadActual   8: 65536 op, 788125136.00 ns, 12.0258 us/op
WorkloadActual   9: 65536 op, 786825346.00 ns, 12.0060 us/op
WorkloadActual  10: 65536 op, 786891906.00 ns, 12.0070 us/op
WorkloadActual  11: 65536 op, 789014250.00 ns, 12.0394 us/op
WorkloadActual  12: 65536 op, 786451916.00 ns, 12.0003 us/op
WorkloadActual  13: 65536 op, 788084214.00 ns, 12.0252 us/op
WorkloadActual  14: 65536 op, 786532868.00 ns, 12.0015 us/op
WorkloadActual  15: 65536 op, 784414089.00 ns, 11.9692 us/op

// AfterActualRun
WorkloadResult   1: 65536 op, 789835461.50 ns, 12.0519 us/op
WorkloadResult   2: 65536 op, 788650534.50 ns, 12.0339 us/op
WorkloadResult   3: 65536 op, 789046408.50 ns, 12.0399 us/op
WorkloadResult   4: 65536 op, 788603093.50 ns, 12.0331 us/op
WorkloadResult   5: 65536 op, 790456312.50 ns, 12.0614 us/op
WorkloadResult   6: 65536 op, 789596703.50 ns, 12.0483 us/op
WorkloadResult   7: 65536 op, 787427159.50 ns, 12.0152 us/op
WorkloadResult   8: 65536 op, 787888651.50 ns, 12.0222 us/op
WorkloadResult   9: 65536 op, 786588861.50 ns, 12.0024 us/op
WorkloadResult  10: 65536 op, 786655421.50 ns, 12.0034 us/op
WorkloadResult  11: 65536 op, 788777765.50 ns, 12.0358 us/op
WorkloadResult  12: 65536 op, 786215431.50 ns, 11.9967 us/op
WorkloadResult  13: 65536 op, 787847729.50 ns, 12.0216 us/op
WorkloadResult  14: 65536 op, 786296383.50 ns, 11.9979 us/op
WorkloadResult  15: 65536 op, 784177604.50 ns, 11.9656 us/op
// GC:  21 0 0 352850048 65536
// Threading:  0 0 65536

// AfterAll
// Benchmark Process 5304 has exited with code 0.

Mean = 11.985 μs, StdErr = 0.009 μs (0.07%), N = 30, StdDev = 0.048 μs
Min = 11.885 μs, Q1 = 11.956 μs, Median = 11.994 μs, Q3 = 12.022 μs, Max = 12.061 μs
IQR = 0.066 μs, LowerFence = 11.857 μs, UpperFence = 12.121 μs
ConfidenceInterval = [11.953 μs; 12.017 μs] (CI 99.9%), Margin = 0.032 μs (0.27% of Mean)
Skewness = -0.4, Kurtosis = 2.23, MValue = 2

// ** Remained 11 (42.3 %) benchmark(s) to run. Estimated finish 2026-05-03 2:14 (0h 8m from now) **
// **************************
// Benchmark: SpecificationEvaluatorBenchmarks.'Complex predicates (parameterized)': MediumRun(IterationCount=15, LaunchCount=2, WarmupCount=10) [CriteriaCount=10]
// *** Execute ***
// Launch: 1 / 2
// Execute: dotnet Encina.Benchmarks-MediumRun-1.dll --anonymousPipes 165 166 --benchmarkName "Encina.Benchmarks.EntityFrameworkCore.SpecificationEvaluatorBenchmarks.ComplexPredicates_Parameterized(CriteriaCount: 10)" --job MediumRun --benchmarkId 15 in /home/runner/work/Encina/Encina/tests/Encina.BenchmarkTests/Encina.Benchmarks/bin/Release/net10.0/Encina.Benchmarks-MediumRun-1/bin/Release/net10.0
// Failed to set up high priority (Permission denied). In order to run benchmarks with high priority, make sure you have the right permissions.
// BeforeAnythingElse

// Benchmark Process Environment Information:
// BenchmarkDotNet v0.15.8
// Runtime=.NET 10.0.7 (10.0.7, 10.0.726.21808), X64 RyuJIT x86-64-v3
// GC=Concurrent Workstation
// HardwareIntrinsics=AVX2+BMI1+BMI2+F16C+FMA+LZCNT+MOVBE,AVX,SSE3+SSSE3+SSE4.1+SSE4.2+POPCNT,X86Base+SSE+SSE2,AES+PCLMUL VectorSize=256
// Job: MediumRun(IterationCount=15, LaunchCount=2, WarmupCount=10)

OverheadJitting  1: 1 op, 254853.00 ns, 254.8530 us/op
WorkloadJitting  1: 1 op, 416816231.00 ns, 416.8162 ms/op

OverheadJitting  2: 1 op, 1001.00 ns, 1.0010 us/op
WorkloadJitting  2: 1 op, 3379719.00 ns, 3.3797 ms/op

OverheadJitting  3: 16 op, 552569.00 ns, 34.5356 us/op
WorkloadJitting  3: 16 op, 2108783.00 ns, 131.7989 us/op

WorkloadPilot    1: 16 op, 1455634.00 ns, 90.9771 us/op
WorkloadPilot    2: 32 op, 2987411.00 ns, 93.3566 us/op
WorkloadPilot    3: 64 op, 5604666.00 ns, 87.5729 us/op
WorkloadPilot    4: 128 op, 11004346.00 ns, 85.9715 us/op
WorkloadPilot    5: 256 op, 21708752.00 ns, 84.7998 us/op
WorkloadPilot    6: 512 op, 43456693.00 ns, 84.8764 us/op
WorkloadPilot    7: 1024 op, 81068030.00 ns, 79.1680 us/op
WorkloadPilot    8: 2048 op, 148211343.00 ns, 72.3688 us/op
WorkloadPilot    9: 4096 op, 297788843.00 ns, 72.7024 us/op
WorkloadPilot   10: 8192 op, 595516345.00 ns, 72.6949 us/op

OverheadWarmup   1: 8192 op, 31117.00 ns, 3.7985 ns/op
OverheadWarmup   2: 8192 op, 30906.00 ns, 3.7727 ns/op
OverheadWarmup   3: 8192 op, 28012.00 ns, 3.4194 ns/op
OverheadWarmup   4: 8192 op, 28082.00 ns, 3.4280 ns/op
OverheadWarmup   5: 8192 op, 27972.00 ns, 3.4146 ns/op
OverheadWarmup   6: 8192 op, 28063.00 ns, 3.4257 ns/op
OverheadWarmup   7: 8192 op, 28022.00 ns, 3.4207 ns/op

OverheadActual   1: 8192 op, 30937.00 ns, 3.7765 ns/op
OverheadActual   2: 8192 op, 30997.00 ns, 3.7838 ns/op
OverheadActual   3: 8192 op, 30926.00 ns, 3.7751 ns/op
OverheadActual   4: 8192 op, 30946.00 ns, 3.7776 ns/op
OverheadActual   5: 8192 op, 28073.00 ns, 3.4269 ns/op
OverheadActual   6: 8192 op, 28002.00 ns, 3.4182 ns/op
OverheadActual   7: 8192 op, 28022.00 ns, 3.4207 ns/op
OverheadActual   8: 8192 op, 28042.00 ns, 3.4231 ns/op
OverheadActual   9: 8192 op, 28012.00 ns, 3.4194 ns/op
OverheadActual  10: 8192 op, 28052.00 ns, 3.4243 ns/op
OverheadActual  11: 8192 op, 28042.00 ns, 3.4231 ns/op
OverheadActual  12: 8192 op, 41482.00 ns, 5.0637 ns/op
OverheadActual  13: 8192 op, 30897.00 ns, 3.7716 ns/op
OverheadActual  14: 8192 op, 28042.00 ns, 3.4231 ns/op
OverheadActual  15: 8192 op, 30927.00 ns, 3.7753 ns/op
OverheadActual  16: 8192 op, 28002.00 ns, 3.4182 ns/op
OverheadActual  17: 8192 op, 28052.00 ns, 3.4243 ns/op
OverheadActual  18: 8192 op, 28122.00 ns, 3.4329 ns/op

WorkloadWarmup   1: 8192 op, 607496846.00 ns, 74.1573 us/op
WorkloadWarmup   2: 8192 op, 612281914.00 ns, 74.7414 us/op
WorkloadWarmup   3: 8192 op, 594255945.00 ns, 72.5410 us/op
WorkloadWarmup   4: 8192 op, 595462946.00 ns, 72.6883 us/op
WorkloadWarmup   5: 8192 op, 595110157.00 ns, 72.6453 us/op
WorkloadWarmup   6: 8192 op, 594563035.00 ns, 72.5785 us/op
WorkloadWarmup   7: 8192 op, 596160041.00 ns, 72.7734 us/op
WorkloadWarmup   8: 8192 op, 593201754.00 ns, 72.4123 us/op
WorkloadWarmup   9: 8192 op, 592088852.00 ns, 72.2765 us/op
WorkloadWarmup  10: 8192 op, 595826449.00 ns, 72.7327 us/op

// BeforeActualRun
WorkloadActual   1: 8192 op, 596443405.00 ns, 72.8080 us/op
WorkloadActual   2: 8192 op, 597434842.00 ns, 72.9291 us/op
WorkloadActual   3: 8192 op, 595227982.00 ns, 72.6597 us/op
WorkloadActual   4: 8192 op, 597059920.00 ns, 72.8833 us/op
WorkloadActual   5: 8192 op, 597012678.00 ns, 72.8775 us/op
WorkloadActual   6: 8192 op, 595953339.00 ns, 72.7482 us/op
WorkloadActual   7: 8192 op, 594669884.00 ns, 72.5915 us/op
WorkloadActual   8: 8192 op, 594809694.00 ns, 72.6086 us/op
WorkloadActual   9: 8192 op, 599180039.00 ns, 73.1421 us/op
WorkloadActual  10: 8192 op, 597788563.00 ns, 72.9722 us/op
WorkloadActual  11: 8192 op, 596629154.00 ns, 72.8307 us/op
WorkloadActual  12: 8192 op, 599536394.00 ns, 73.1856 us/op
WorkloadActual  13: 8192 op, 596225696.00 ns, 72.7815 us/op
WorkloadActual  14: 8192 op, 596080414.00 ns, 72.7637 us/op
WorkloadActual  15: 8192 op, 596140023.00 ns, 72.7710 us/op

// AfterActualRun
WorkloadResult   1: 8192 op, 596415342.50 ns, 72.8046 us/op
WorkloadResult   2: 8192 op, 597406779.50 ns, 72.9256 us/op
WorkloadResult   3: 8192 op, 595199919.50 ns, 72.6562 us/op
WorkloadResult   4: 8192 op, 597031857.50 ns, 72.8799 us/op
WorkloadResult   5: 8192 op, 596984615.50 ns, 72.8741 us/op
WorkloadResult   6: 8192 op, 595925276.50 ns, 72.7448 us/op
WorkloadResult   7: 8192 op, 594641821.50 ns, 72.5881 us/op
WorkloadResult   8: 8192 op, 594781631.50 ns, 72.6052 us/op
WorkloadResult   9: 8192 op, 597760500.50 ns, 72.9688 us/op
WorkloadResult  10: 8192 op, 596601091.50 ns, 72.8273 us/op
WorkloadResult  11: 8192 op, 596197633.50 ns, 72.7780 us/op
WorkloadResult  12: 8192 op, 596052351.50 ns, 72.7603 us/op
WorkloadResult  13: 8192 op, 596111960.50 ns, 72.7676 us/op
// GC:  10 0 0 177799168 8192
// Threading:  0 0 8192

// AfterAll
// Benchmark Process 5319 has exited with code 0.
// Launch: 2 / 2
// Execute: dotnet Encina.Benchmarks-MediumRun-1.dll --anonymousPipes 165 166 --benchmarkName "Encina.Benchmarks.EntityFrameworkCore.SpecificationEvaluatorBenchmarks.ComplexPredicates_Parameterized(CriteriaCount: 10)" --job MediumRun --benchmarkId 15 in /home/runner/work/Encina/Encina/tests/Encina.BenchmarkTests/Encina.Benchmarks/bin/Release/net10.0/Encina.Benchmarks-MediumRun-1/bin/Release/net10.0
// Failed to set up high priority (Permission denied). In order to run benchmarks with high priority, make sure you have the right permissions.
// BeforeAnythingElse

// Benchmark Process Environment Information:
// BenchmarkDotNet v0.15.8
// Runtime=.NET 10.0.7 (10.0.7, 10.0.726.21808), X64 RyuJIT x86-64-v3
// GC=Concurrent Workstation
// HardwareIntrinsics=AVX2+BMI1+BMI2+F16C+FMA+LZCNT+MOVBE,AVX,SSE3+SSSE3+SSE4.1+SSE4.2+POPCNT,X86Base+SSE+SSE2,AES+PCLMUL VectorSize=256
// Job: MediumRun(IterationCount=15, LaunchCount=2, WarmupCount=10)

OverheadJitting  1: 1 op, 251016.00 ns, 251.0160 us/op
WorkloadJitting  1: 1 op, 415830372.00 ns, 415.8304 ms/op

OverheadJitting  2: 1 op, 371.00 ns, 371.0000 ns/op
WorkloadJitting  2: 1 op, 3359299.00 ns, 3.3593 ms/op

OverheadJitting  3: 16 op, 556815.00 ns, 34.8009 us/op
WorkloadJitting  3: 16 op, 2069234.00 ns, 129.3271 us/op

WorkloadPilot    1: 16 op, 1424627.00 ns, 89.0392 us/op
WorkloadPilot    2: 32 op, 2874653.00 ns, 89.8329 us/op
WorkloadPilot    3: 64 op, 5392940.00 ns, 84.2647 us/op
WorkloadPilot    4: 128 op, 10676516.00 ns, 83.4103 us/op
WorkloadPilot    5: 256 op, 21284628.00 ns, 83.1431 us/op
WorkloadPilot    6: 512 op, 42625019.00 ns, 83.2520 us/op
WorkloadPilot    7: 1024 op, 79307485.00 ns, 77.4487 us/op
WorkloadPilot    8: 2048 op, 145325805.00 ns, 70.9599 us/op
WorkloadPilot    9: 4096 op, 291710777.00 ns, 71.2185 us/op
WorkloadPilot   10: 8192 op, 582588686.00 ns, 71.1168 us/op

OverheadWarmup   1: 8192 op, 31618.00 ns, 3.8596 ns/op
OverheadWarmup   2: 8192 op, 30887.00 ns, 3.7704 ns/op
OverheadWarmup   3: 8192 op, 30917.00 ns, 3.7740 ns/op
OverheadWarmup   4: 8192 op, 30886.00 ns, 3.7703 ns/op
OverheadWarmup   5: 8192 op, 30866.00 ns, 3.7678 ns/op
OverheadWarmup   6: 8192 op, 30856.00 ns, 3.7666 ns/op
OverheadWarmup   7: 8192 op, 30977.00 ns, 3.7814 ns/op
OverheadWarmup   8: 8192 op, 30906.00 ns, 3.7727 ns/op

OverheadActual   1: 8192 op, 30946.00 ns, 3.7776 ns/op
OverheadActual   2: 8192 op, 31467.00 ns, 3.8412 ns/op
OverheadActual   3: 8192 op, 30936.00 ns, 3.7764 ns/op
OverheadActual   4: 8192 op, 30927.00 ns, 3.7753 ns/op
OverheadActual   5: 8192 op, 30927.00 ns, 3.7753 ns/op
OverheadActual   6: 8192 op, 30847.00 ns, 3.7655 ns/op
OverheadActual   7: 8192 op, 30947.00 ns, 3.7777 ns/op
OverheadActual   8: 8192 op, 30916.00 ns, 3.7739 ns/op
OverheadActual   9: 8192 op, 28072.00 ns, 3.4268 ns/op
OverheadActual  10: 8192 op, 31096.00 ns, 3.7959 ns/op
OverheadActual  11: 8192 op, 30927.00 ns, 3.7753 ns/op
OverheadActual  12: 8192 op, 28382.00 ns, 3.4646 ns/op
OverheadActual  13: 8192 op, 28112.00 ns, 3.4316 ns/op
OverheadActual  14: 8192 op, 28072.00 ns, 3.4268 ns/op
OverheadActual  15: 8192 op, 31057.00 ns, 3.7911 ns/op

WorkloadWarmup   1: 8192 op, 594698260.00 ns, 72.5950 us/op
WorkloadWarmup   2: 8192 op, 599810939.00 ns, 73.2191 us/op
WorkloadWarmup   3: 8192 op, 583922086.00 ns, 71.2796 us/op
WorkloadWarmup   4: 8192 op, 584379091.00 ns, 71.3353 us/op
WorkloadWarmup   5: 8192 op, 582710308.00 ns, 71.1316 us/op
WorkloadWarmup   6: 8192 op, 583144064.00 ns, 71.1846 us/op
WorkloadWarmup   7: 8192 op, 583456733.00 ns, 71.2227 us/op
WorkloadWarmup   8: 8192 op, 583692597.00 ns, 71.2515 us/op
WorkloadWarmup   9: 8192 op, 582347229.00 ns, 71.0873 us/op
WorkloadWarmup  10: 8192 op, 581769773.00 ns, 71.0168 us/op

// BeforeActualRun
WorkloadActual   1: 8192 op, 586517603.00 ns, 71.5964 us/op
WorkloadActual   2: 8192 op, 584756753.00 ns, 71.3814 us/op
WorkloadActual   3: 8192 op, 580772106.00 ns, 70.8950 us/op
WorkloadActual   4: 8192 op, 585110384.00 ns, 71.4246 us/op
WorkloadActual   5: 8192 op, 583335943.00 ns, 71.2080 us/op
WorkloadActual   6: 8192 op, 582718576.00 ns, 71.1326 us/op
WorkloadActual   7: 8192 op, 585321771.00 ns, 71.4504 us/op
WorkloadActual   8: 8192 op, 585493828.00 ns, 71.4714 us/op
WorkloadActual   9: 8192 op, 582764555.00 ns, 71.1383 us/op
WorkloadActual  10: 8192 op, 583917370.00 ns, 71.2790 us/op
WorkloadActual  11: 8192 op, 584326824.00 ns, 71.3290 us/op
WorkloadActual  12: 8192 op, 586747918.00 ns, 71.6245 us/op
WorkloadActual  13: 8192 op, 584261757.00 ns, 71.3210 us/op
WorkloadActual  14: 8192 op, 583204020.00 ns, 71.1919 us/op
WorkloadActual  15: 8192 op, 582338922.00 ns, 71.0863 us/op

// AfterActualRun
WorkloadResult   1: 8192 op, 586486676.00 ns, 71.5926 us/op
WorkloadResult   2: 8192 op, 584725826.00 ns, 71.3777 us/op
WorkloadResult   3: 8192 op, 580741179.00 ns, 70.8913 us/op
WorkloadResult   4: 8192 op, 585079457.00 ns, 71.4208 us/op
WorkloadResult   5: 8192 op, 583305016.00 ns, 71.2042 us/op
WorkloadResult   6: 8192 op, 582687649.00 ns, 71.1289 us/op
WorkloadResult   7: 8192 op, 585290844.00 ns, 71.4466 us/op
WorkloadResult   8: 8192 op, 585462901.00 ns, 71.4676 us/op
WorkloadResult   9: 8192 op, 582733628.00 ns, 71.1345 us/op
WorkloadResult  10: 8192 op, 583886443.00 ns, 71.2752 us/op
WorkloadResult  11: 8192 op, 584295897.00 ns, 71.3252 us/op
WorkloadResult  12: 8192 op, 586716991.00 ns, 71.6207 us/op
WorkloadResult  13: 8192 op, 584230830.00 ns, 71.3172 us/op
WorkloadResult  14: 8192 op, 583173093.00 ns, 71.1881 us/op
WorkloadResult  15: 8192 op, 582307995.00 ns, 71.0825 us/op
// GC:  10 0 0 175439872 8192
// Threading:  0 0 8192

// AfterAll
// Benchmark Process 5330 has exited with code 0.

Mean = 71.988 μs, StdErr = 0.146 μs (0.20%), N = 28, StdDev = 0.772 μs
Min = 70.891 μs, Q1 = 71.307 μs, Median = 71.607 μs, Q3 = 72.770 μs, Max = 72.969 μs
IQR = 1.463 μs, LowerFence = 69.112 μs, UpperFence = 74.965 μs
ConfidenceInterval = [71.450 μs; 72.526 μs] (CI 99.9%), Margin = 0.538 μs (0.75% of Mean)
Skewness = 0.07, Kurtosis = 1.1, MValue = 2

// ** Remained 10 (38.5 %) benchmark(s) to run. Estimated finish 2026-05-03 2:14 (0h 7m from now) **
// **************************
// Benchmark: SpecificationEvaluatorBenchmarks.'Two criteria (AND)': MediumRun(IterationCount=15, LaunchCount=2, WarmupCount=10) [CriteriaCount=10]
// *** Execute ***
// Launch: 1 / 2
// Execute: dotnet Encina.Benchmarks-MediumRun-1.dll --anonymousPipes 165 166 --benchmarkName "Encina.Benchmarks.EntityFrameworkCore.SpecificationEvaluatorBenchmarks.TwoCriteria_And(CriteriaCount: 10)" --job MediumRun --benchmarkId 16 in /home/runner/work/Encina/Encina/tests/Encina.BenchmarkTests/Encina.Benchmarks/bin/Release/net10.0/Encina.Benchmarks-MediumRun-1/bin/Release/net10.0
// Failed to set up high priority (Permission denied). In order to run benchmarks with high priority, make sure you have the right permissions.
// BeforeAnythingElse

// Benchmark Process Environment Information:
// BenchmarkDotNet v0.15.8
// Runtime=.NET 10.0.7 (10.0.7, 10.0.726.21808), X64 RyuJIT x86-64-v3
// GC=Concurrent Workstation
// HardwareIntrinsics=AVX2+BMI1+BMI2+F16C+FMA+LZCNT+MOVBE,AVX,SSE3+SSSE3+SSE4.1+SSE4.2+POPCNT,X86Base+SSE+SSE2,AES+PCLMUL VectorSize=256
// Job: MediumRun(IterationCount=15, LaunchCount=2, WarmupCount=10)

OverheadJitting  1: 1 op, 275884.00 ns, 275.8840 us/op
WorkloadJitting  1: 1 op, 385203543.00 ns, 385.2035 ms/op

OverheadJitting  2: 1 op, 260.00 ns, 260.0000 ns/op
WorkloadJitting  2: 1 op, 3176537.00 ns, 3.1765 ms/op

OverheadJitting  3: 16 op, 519179.00 ns, 32.4487 us/op
WorkloadJitting  3: 16 op, 965429.00 ns, 60.3393 us/op

WorkloadPilot    1: 16 op, 465899.00 ns, 29.1187 us/op
WorkloadPilot    2: 32 op, 826640.00 ns, 25.8325 us/op
WorkloadPilot    3: 64 op, 1472309.00 ns, 23.0048 us/op
WorkloadPilot    4: 128 op, 2786872.00 ns, 21.7724 us/op
WorkloadPilot    5: 256 op, 5516629.00 ns, 21.5493 us/op
WorkloadPilot    6: 512 op, 10318514.00 ns, 20.1533 us/op
WorkloadPilot    7: 1024 op, 20653623.00 ns, 20.1696 us/op
WorkloadPilot    8: 2048 op, 40816921.00 ns, 19.9301 us/op
WorkloadPilot    9: 4096 op, 72707168.00 ns, 17.7508 us/op
WorkloadPilot   10: 8192 op, 139288612.00 ns, 17.0030 us/op
WorkloadPilot   11: 16384 op, 274557623.00 ns, 16.7577 us/op
WorkloadPilot   12: 32768 op, 548928645.00 ns, 16.7520 us/op

OverheadWarmup   1: 32768 op, 145558.00 ns, 4.4421 ns/op
OverheadWarmup   2: 32768 op, 129694.00 ns, 3.9579 ns/op
OverheadWarmup   3: 32768 op, 130516.00 ns, 3.9830 ns/op
OverheadWarmup   4: 32768 op, 129675.00 ns, 3.9574 ns/op
OverheadWarmup   5: 32768 op, 129594.00 ns, 3.9549 ns/op
OverheadWarmup   6: 32768 op, 129153.00 ns, 3.9414 ns/op
OverheadWarmup   7: 32768 op, 149725.00 ns, 4.5692 ns/op
OverheadWarmup   8: 32768 op, 128833.00 ns, 3.9317 ns/op

OverheadActual   1: 32768 op, 141202.00 ns, 4.3091 ns/op
OverheadActual   2: 32768 op, 129925.00 ns, 3.9650 ns/op
OverheadActual   3: 32768 op, 131648.00 ns, 4.0176 ns/op
OverheadActual   4: 32768 op, 130025.00 ns, 3.9680 ns/op
OverheadActual   5: 32768 op, 146670.00 ns, 4.4760 ns/op
OverheadActual   6: 32768 op, 131517.00 ns, 4.0136 ns/op
OverheadActual   7: 32768 op, 129544.00 ns, 3.9534 ns/op
OverheadActual   8: 32768 op, 129364.00 ns, 3.9479 ns/op
OverheadActual   9: 32768 op, 129464.00 ns, 3.9509 ns/op
OverheadActual  10: 32768 op, 129394.00 ns, 3.9488 ns/op
OverheadActual  11: 32768 op, 148092.00 ns, 4.5194 ns/op
OverheadActual  12: 32768 op, 128783.00 ns, 3.9301 ns/op
OverheadActual  13: 32768 op, 139459.00 ns, 4.2560 ns/op
OverheadActual  14: 32768 op, 139940.00 ns, 4.2706 ns/op
OverheadActual  15: 32768 op, 155754.00 ns, 4.7532 ns/op
OverheadActual  16: 32768 op, 129735.00 ns, 3.9592 ns/op
OverheadActual  17: 32768 op, 129875.00 ns, 3.9635 ns/op
OverheadActual  18: 32768 op, 131087.00 ns, 4.0005 ns/op

WorkloadWarmup   1: 32768 op, 561310155.00 ns, 17.1298 us/op
WorkloadWarmup   2: 32768 op, 559579718.00 ns, 17.0770 us/op
WorkloadWarmup   3: 32768 op, 544508179.00 ns, 16.6171 us/op
WorkloadWarmup   4: 32768 op, 550208979.00 ns, 16.7910 us/op
WorkloadWarmup   5: 32768 op, 547167878.00 ns, 16.6982 us/op
WorkloadWarmup   6: 32768 op, 548250957.00 ns, 16.7313 us/op
WorkloadWarmup   7: 32768 op, 548685284.00 ns, 16.7445 us/op
WorkloadWarmup   8: 32768 op, 549572124.00 ns, 16.7716 us/op
WorkloadWarmup   9: 32768 op, 550136330.00 ns, 16.7888 us/op
WorkloadWarmup  10: 32768 op, 550375498.00 ns, 16.7961 us/op

// BeforeActualRun
WorkloadActual   1: 32768 op, 552818894.00 ns, 16.8707 us/op
WorkloadActual   2: 32768 op, 549217392.00 ns, 16.7608 us/op
WorkloadActual   3: 32768 op, 548327076.00 ns, 16.7336 us/op
WorkloadActual   4: 32768 op, 546363080.00 ns, 16.6737 us/op
WorkloadActual   5: 32768 op, 549159325.00 ns, 16.7590 us/op
WorkloadActual   6: 32768 op, 549684141.00 ns, 16.7750 us/op
WorkloadActual   7: 32768 op, 548073970.00 ns, 16.7259 us/op
WorkloadActual   8: 32768 op, 551834629.00 ns, 16.8407 us/op
WorkloadActual   9: 32768 op, 547978173.00 ns, 16.7230 us/op
WorkloadActual  10: 32768 op, 552206246.00 ns, 16.8520 us/op
WorkloadActual  11: 32768 op, 550007407.00 ns, 16.7849 us/op
WorkloadActual  12: 32768 op, 550019025.00 ns, 16.7852 us/op
WorkloadActual  13: 32768 op, 546503201.00 ns, 16.6780 us/op
WorkloadActual  14: 32768 op, 550439486.00 ns, 16.7981 us/op
WorkloadActual  15: 32768 op, 549318168.00 ns, 16.7639 us/op

// AfterActualRun
WorkloadResult   1: 32768 op, 552688338.00 ns, 16.8667 us/op
WorkloadResult   2: 32768 op, 549086836.00 ns, 16.7568 us/op
WorkloadResult   3: 32768 op, 548196520.00 ns, 16.7296 us/op
WorkloadResult   4: 32768 op, 546232524.00 ns, 16.6697 us/op
WorkloadResult   5: 32768 op, 549028769.00 ns, 16.7550 us/op
WorkloadResult   6: 32768 op, 549553585.00 ns, 16.7710 us/op
WorkloadResult   7: 32768 op, 547943414.00 ns, 16.7219 us/op
WorkloadResult   8: 32768 op, 551704073.00 ns, 16.8367 us/op
WorkloadResult   9: 32768 op, 547847617.00 ns, 16.7190 us/op
WorkloadResult  10: 32768 op, 552075690.00 ns, 16.8480 us/op
WorkloadResult  11: 32768 op, 549876851.00 ns, 16.7809 us/op
WorkloadResult  12: 32768 op, 549888469.00 ns, 16.7813 us/op
WorkloadResult  13: 32768 op, 546372645.00 ns, 16.6740 us/op
WorkloadResult  14: 32768 op, 550308930.00 ns, 16.7941 us/op
WorkloadResult  15: 32768 op, 549187612.00 ns, 16.7599 us/op
// GC:  12 0 0 206045184 32768
// Threading:  0 0 32768

// AfterAll
// Benchmark Process 5342 has exited with code 0.
// Launch: 2 / 2
// Execute: dotnet Encina.Benchmarks-MediumRun-1.dll --anonymousPipes 165 166 --benchmarkName "Encina.Benchmarks.EntityFrameworkCore.SpecificationEvaluatorBenchmarks.TwoCriteria_And(CriteriaCount: 10)" --job MediumRun --benchmarkId 16 in /home/runner/work/Encina/Encina/tests/Encina.BenchmarkTests/Encina.Benchmarks/bin/Release/net10.0/Encina.Benchmarks-MediumRun-1/bin/Release/net10.0
// Failed to set up high priority (Permission denied). In order to run benchmarks with high priority, make sure you have the right permissions.
// BeforeAnythingElse

// Benchmark Process Environment Information:
// BenchmarkDotNet v0.15.8
// Runtime=.NET 10.0.7 (10.0.7, 10.0.726.21808), X64 RyuJIT x86-64-v3
// GC=Concurrent Workstation
// HardwareIntrinsics=AVX2+BMI1+BMI2+F16C+FMA+LZCNT+MOVBE,AVX,SSE3+SSSE3+SSE4.1+SSE4.2+POPCNT,X86Base+SSE+SSE2,AES+PCLMUL VectorSize=256
// Job: MediumRun(IterationCount=15, LaunchCount=2, WarmupCount=10)

OverheadJitting  1: 1 op, 240060.00 ns, 240.0600 us/op
WorkloadJitting  1: 1 op, 385517593.00 ns, 385.5176 ms/op

OverheadJitting  2: 1 op, 370.00 ns, 370.0000 ns/op
WorkloadJitting  2: 1 op, 3191468.00 ns, 3.1915 ms/op

OverheadJitting  3: 16 op, 527852.00 ns, 32.9908 us/op
WorkloadJitting  3: 16 op, 1019570.00 ns, 63.7231 us/op

WorkloadPilot    1: 16 op, 475393.00 ns, 29.7121 us/op
WorkloadPilot    2: 32 op, 836014.00 ns, 26.1254 us/op
WorkloadPilot    3: 64 op, 1497466.00 ns, 23.3979 us/op
WorkloadPilot    4: 128 op, 2824537.00 ns, 22.0667 us/op
WorkloadPilot    5: 256 op, 5543716.00 ns, 21.6551 us/op
WorkloadPilot    6: 512 op, 10509716.00 ns, 20.5268 us/op
WorkloadPilot    7: 1024 op, 20939451.00 ns, 20.4487 us/op
WorkloadPilot    8: 2048 op, 41679404.00 ns, 20.3513 us/op
WorkloadPilot    9: 4096 op, 75593409.00 ns, 18.4554 us/op
WorkloadPilot   10: 8192 op, 140001580.00 ns, 17.0900 us/op
WorkloadPilot   11: 16384 op, 280361396.00 ns, 17.1119 us/op
WorkloadPilot   12: 32768 op, 559268300.00 ns, 17.0675 us/op

OverheadWarmup   1: 32768 op, 122163.00 ns, 3.7281 ns/op
OverheadWarmup   2: 32768 op, 110425.00 ns, 3.3699 ns/op
OverheadWarmup   3: 32768 op, 110325.00 ns, 3.3669 ns/op
OverheadWarmup   4: 32768 op, 110385.00 ns, 3.3687 ns/op
OverheadWarmup   5: 32768 op, 110636.00 ns, 3.3763 ns/op
OverheadWarmup   6: 32768 op, 110335.00 ns, 3.3672 ns/op
OverheadWarmup   7: 32768 op, 110356.00 ns, 3.3678 ns/op
OverheadWarmup   8: 32768 op, 110356.00 ns, 3.3678 ns/op

OverheadActual   1: 32768 op, 141082.00 ns, 4.3055 ns/op
OverheadActual   2: 32768 op, 121932.00 ns, 3.7211 ns/op
OverheadActual   3: 32768 op, 121893.00 ns, 3.7199 ns/op
OverheadActual   4: 32768 op, 121872.00 ns, 3.7192 ns/op
OverheadActual   5: 32768 op, 110445.00 ns, 3.3705 ns/op
OverheadActual   6: 32768 op, 123706.00 ns, 3.7752 ns/op
OverheadActual   7: 32768 op, 126239.00 ns, 3.8525 ns/op
OverheadActual   8: 32768 op, 110406.00 ns, 3.3693 ns/op
OverheadActual   9: 32768 op, 110375.00 ns, 3.3684 ns/op
OverheadActual  10: 32768 op, 110406.00 ns, 3.3693 ns/op
OverheadActual  11: 32768 op, 110375.00 ns, 3.3684 ns/op
OverheadActual  12: 32768 op, 110376.00 ns, 3.3684 ns/op
OverheadActual  13: 32768 op, 121803.00 ns, 3.7171 ns/op
OverheadActual  14: 32768 op, 110395.00 ns, 3.3690 ns/op
OverheadActual  15: 32768 op, 139049.00 ns, 4.2434 ns/op
OverheadActual  16: 32768 op, 121793.00 ns, 3.7168 ns/op
OverheadActual  17: 32768 op, 121752.00 ns, 3.7156 ns/op
OverheadActual  18: 32768 op, 136304.00 ns, 4.1597 ns/op
OverheadActual  19: 32768 op, 122033.00 ns, 3.7242 ns/op
OverheadActual  20: 32768 op, 110376.00 ns, 3.3684 ns/op

WorkloadWarmup   1: 32768 op, 577203294.00 ns, 17.6148 us/op
WorkloadWarmup   2: 32768 op, 576551113.00 ns, 17.5949 us/op
WorkloadWarmup   3: 32768 op, 564968403.00 ns, 17.2415 us/op
WorkloadWarmup   4: 32768 op, 565320381.00 ns, 17.2522 us/op
WorkloadWarmup   5: 32768 op, 563186480.00 ns, 17.1871 us/op
WorkloadWarmup   6: 32768 op, 562189182.00 ns, 17.1567 us/op
WorkloadWarmup   7: 32768 op, 560193998.00 ns, 17.0958 us/op
WorkloadWarmup   8: 32768 op, 565297597.00 ns, 17.2515 us/op
WorkloadWarmup   9: 32768 op, 562865949.00 ns, 17.1773 us/op
WorkloadWarmup  10: 32768 op, 563662443.00 ns, 17.2016 us/op

// BeforeActualRun
WorkloadActual   1: 32768 op, 564907422.00 ns, 17.2396 us/op
WorkloadActual   2: 32768 op, 562532908.00 ns, 17.1671 us/op
WorkloadActual   3: 32768 op, 563292919.00 ns, 17.1903 us/op
WorkloadActual   4: 32768 op, 563342082.00 ns, 17.1918 us/op
WorkloadActual   5: 32768 op, 566406984.00 ns, 17.2854 us/op
WorkloadActual   6: 32768 op, 562945416.00 ns, 17.1797 us/op
WorkloadActual   7: 32768 op, 562270664.00 ns, 17.1591 us/op
WorkloadActual   8: 32768 op, 563484746.00 ns, 17.1962 us/op
WorkloadActual   9: 32768 op, 562531796.00 ns, 17.1671 us/op
WorkloadActual  10: 32768 op, 563192086.00 ns, 17.1873 us/op
WorkloadActual  11: 32768 op, 562845967.00 ns, 17.1767 us/op
WorkloadActual  12: 32768 op, 564084556.00 ns, 17.2145 us/op
WorkloadActual  13: 32768 op, 562355322.00 ns, 17.1617 us/op
WorkloadActual  14: 32768 op, 560003163.00 ns, 17.0899 us/op
WorkloadActual  15: 32768 op, 563844004.00 ns, 17.2072 us/op

// AfterActualRun
WorkloadResult   1: 32768 op, 564785624.00 ns, 17.2359 us/op
WorkloadResult   2: 32768 op, 562411110.00 ns, 17.1634 us/op
WorkloadResult   3: 32768 op, 563171121.00 ns, 17.1866 us/op
WorkloadResult   4: 32768 op, 563220284.00 ns, 17.1881 us/op
WorkloadResult   5: 32768 op, 562823618.00 ns, 17.1760 us/op
WorkloadResult   6: 32768 op, 562148866.00 ns, 17.1554 us/op
WorkloadResult   7: 32768 op, 563362948.00 ns, 17.1925 us/op
WorkloadResult   8: 32768 op, 562409998.00 ns, 17.1634 us/op
WorkloadResult   9: 32768 op, 563070288.00 ns, 17.1835 us/op
WorkloadResult  10: 32768 op, 562724169.00 ns, 17.1730 us/op
WorkloadResult  11: 32768 op, 563962758.00 ns, 17.2108 us/op
WorkloadResult  12: 32768 op, 562233524.00 ns, 17.1580 us/op
WorkloadResult  13: 32768 op, 559881365.00 ns, 17.0862 us/op
WorkloadResult  14: 32768 op, 563722206.00 ns, 17.2034 us/op
// GC:  12 0 0 206045184 32768
// Threading:  0 0 32768

// AfterAll
// Benchmark Process 5353 has exited with code 0.

Mean = 16.963 μs, StdErr = 0.040 μs (0.24%), N = 29, StdDev = 0.215 μs
Min = 16.670 μs, Q1 = 16.760 μs, Median = 16.867 μs, Q3 = 17.176 μs, Max = 17.236 μs
IQR = 0.416 μs, LowerFence = 16.136 μs, UpperFence = 17.800 μs
ConfidenceInterval = [16.817 μs; 17.110 μs] (CI 99.9%), Margin = 0.147 μs (0.86% of Mean)
Skewness = -0, Kurtosis = 1.09, MValue = 2

// ** Remained 9 (34.6 %) benchmark(s) to run. Estimated finish 2026-05-03 2:14 (0h 6m from now) **
// **************************
// Benchmark: SpecificationEvaluatorBenchmarks.'Five criteria (AND)': MediumRun(IterationCount=15, LaunchCount=2, WarmupCount=10) [CriteriaCount=10]
// *** Execute ***
// Launch: 1 / 2
// Execute: dotnet Encina.Benchmarks-MediumRun-1.dll --anonymousPipes 165 166 --benchmarkName "Encina.Benchmarks.EntityFrameworkCore.SpecificationEvaluatorBenchmarks.FiveCriteria_And(CriteriaCount: 10)" --job MediumRun --benchmarkId 17 in /home/runner/work/Encina/Encina/tests/Encina.BenchmarkTests/Encina.Benchmarks/bin/Release/net10.0/Encina.Benchmarks-MediumRun-1/bin/Release/net10.0
// Failed to set up high priority (Permission denied). In order to run benchmarks with high priority, make sure you have the right permissions.
// BeforeAnythingElse

// Benchmark Process Environment Information:
// BenchmarkDotNet v0.15.8
// Runtime=.NET 10.0.7 (10.0.7, 10.0.726.21808), X64 RyuJIT x86-64-v3
// GC=Concurrent Workstation
// HardwareIntrinsics=AVX2+BMI1+BMI2+F16C+FMA+LZCNT+MOVBE,AVX,SSE3+SSSE3+SSE4.1+SSE4.2+POPCNT,X86Base+SSE+SSE2,AES+PCLMUL VectorSize=256
// Job: MediumRun(IterationCount=15, LaunchCount=2, WarmupCount=10)

OverheadJitting  1: 1 op, 241843.00 ns, 241.8430 us/op
WorkloadJitting  1: 1 op, 397607154.00 ns, 397.6072 ms/op

OverheadJitting  2: 1 op, 361.00 ns, 361.0000 ns/op
WorkloadJitting  2: 1 op, 3241913.00 ns, 3.2419 ms/op

OverheadJitting  3: 16 op, 502494.00 ns, 31.4059 us/op
WorkloadJitting  3: 16 op, 1425779.00 ns, 89.1112 us/op

WorkloadPilot    1: 16 op, 867812.00 ns, 54.2383 us/op
WorkloadPilot    2: 32 op, 1498448.00 ns, 46.8265 us/op
WorkloadPilot    3: 64 op, 2961061.00 ns, 46.2666 us/op
WorkloadPilot    4: 128 op, 5840441.00 ns, 45.6284 us/op
WorkloadPilot    5: 256 op, 11622085.00 ns, 45.3988 us/op
WorkloadPilot    6: 512 op, 22938059.00 ns, 44.8009 us/op
WorkloadPilot    7: 1024 op, 45663830.00 ns, 44.5936 us/op
WorkloadPilot    8: 2048 op, 83324464.00 ns, 40.6858 us/op
WorkloadPilot    9: 4096 op, 154971997.00 ns, 37.8350 us/op
WorkloadPilot   10: 8192 op, 311110796.00 ns, 37.9774 us/op
WorkloadPilot   11: 16384 op, 622635376.00 ns, 38.0026 us/op

OverheadWarmup   1: 16384 op, 61522.00 ns, 3.7550 ns/op
OverheadWarmup   2: 16384 op, 61192.00 ns, 3.7349 ns/op
OverheadWarmup   3: 16384 op, 61162.00 ns, 3.7330 ns/op
OverheadWarmup   4: 16384 op, 61252.00 ns, 3.7385 ns/op
OverheadWarmup   5: 16384 op, 61262.00 ns, 3.7391 ns/op
OverheadWarmup   6: 16384 op, 61322.00 ns, 3.7428 ns/op
OverheadWarmup   7: 16384 op, 61402.00 ns, 3.7477 ns/op
OverheadWarmup   8: 16384 op, 61172.00 ns, 3.7336 ns/op
OverheadWarmup   9: 16384 op, 61132.00 ns, 3.7312 ns/op
OverheadWarmup  10: 16384 op, 61092.00 ns, 3.7288 ns/op

OverheadActual   1: 16384 op, 61312.00 ns, 3.7422 ns/op
OverheadActual   2: 16384 op, 61252.00 ns, 3.7385 ns/op
OverheadActual   3: 16384 op, 61232.00 ns, 3.7373 ns/op
OverheadActual   4: 16384 op, 61202.00 ns, 3.7355 ns/op
OverheadActual   5: 16384 op, 61252.00 ns, 3.7385 ns/op
OverheadActual   6: 16384 op, 61152.00 ns, 3.7324 ns/op
OverheadActual   7: 16384 op, 75323.00 ns, 4.5974 ns/op
OverheadActual   8: 16384 op, 61182.00 ns, 3.7343 ns/op
OverheadActual   9: 16384 op, 61102.00 ns, 3.7294 ns/op
OverheadActual  10: 16384 op, 61152.00 ns, 3.7324 ns/op
OverheadActual  11: 16384 op, 61152.00 ns, 3.7324 ns/op
OverheadActual  12: 16384 op, 61162.00 ns, 3.7330 ns/op
OverheadActual  13: 16384 op, 61262.00 ns, 3.7391 ns/op
OverheadActual  14: 16384 op, 61192.00 ns, 3.7349 ns/op
OverheadActual  15: 16384 op, 61192.00 ns, 3.7349 ns/op

WorkloadWarmup   1: 16384 op, 634337296.00 ns, 38.7169 us/op
WorkloadWarmup   2: 16384 op, 635792024.00 ns, 38.8057 us/op
WorkloadWarmup   3: 16384 op, 623837243.00 ns, 38.0760 us/op
WorkloadWarmup   4: 16384 op, 623176825.00 ns, 38.0357 us/op
WorkloadWarmup   5: 16384 op, 627266059.00 ns, 38.2853 us/op
WorkloadWarmup   6: 16384 op, 623344356.00 ns, 38.0459 us/op
WorkloadWarmup   7: 16384 op, 623900251.00 ns, 38.0798 us/op
WorkloadWarmup   8: 16384 op, 622461412.00 ns, 37.9920 us/op
WorkloadWarmup   9: 16384 op, 620643555.00 ns, 37.8811 us/op
WorkloadWarmup  10: 16384 op, 622338618.00 ns, 37.9845 us/op

// BeforeActualRun
WorkloadActual   1: 16384 op, 625144253.00 ns, 38.1558 us/op
WorkloadActual   2: 16384 op, 623665148.00 ns, 38.0655 us/op
WorkloadActual   3: 16384 op, 624594473.00 ns, 38.1222 us/op
WorkloadActual   4: 16384 op, 625548494.00 ns, 38.1805 us/op
WorkloadActual   5: 16384 op, 626712230.00 ns, 38.2515 us/op
WorkloadActual   6: 16384 op, 625104157.00 ns, 38.1533 us/op
WorkloadActual   7: 16384 op, 623724878.00 ns, 38.0691 us/op
WorkloadActual   8: 16384 op, 623378388.00 ns, 38.0480 us/op
WorkloadActual   9: 16384 op, 625019810.00 ns, 38.1482 us/op
WorkloadActual  10: 16384 op, 627413371.00 ns, 38.2943 us/op
WorkloadActual  11: 16384 op, 623594122.00 ns, 38.0612 us/op
WorkloadActual  12: 16384 op, 624849545.00 ns, 38.1378 us/op
WorkloadActual  13: 16384 op, 626782095.00 ns, 38.2557 us/op
WorkloadActual  14: 16384 op, 627555844.00 ns, 38.3030 us/op
WorkloadActual  15: 16384 op, 623890975.00 ns, 38.0793 us/op

// AfterActualRun
WorkloadResult   1: 16384 op, 625083061.00 ns, 38.1520 us/op
WorkloadResult   2: 16384 op, 623603956.00 ns, 38.0618 us/op
WorkloadResult   3: 16384 op, 624533281.00 ns, 38.1185 us/op
WorkloadResult   4: 16384 op, 625487302.00 ns, 38.1767 us/op
WorkloadResult   5: 16384 op, 626651038.00 ns, 38.2477 us/op
WorkloadResult   6: 16384 op, 625042965.00 ns, 38.1496 us/op
WorkloadResult   7: 16384 op, 623663686.00 ns, 38.0654 us/op
WorkloadResult   8: 16384 op, 623317196.00 ns, 38.0443 us/op
WorkloadResult   9: 16384 op, 624958618.00 ns, 38.1444 us/op
WorkloadResult  10: 16384 op, 627352179.00 ns, 38.2905 us/op
WorkloadResult  11: 16384 op, 623532930.00 ns, 38.0574 us/op
WorkloadResult  12: 16384 op, 624788353.00 ns, 38.1341 us/op
WorkloadResult  13: 16384 op, 626720903.00 ns, 38.2520 us/op
WorkloadResult  14: 16384 op, 627494652.00 ns, 38.2992 us/op
WorkloadResult  15: 16384 op, 623829783.00 ns, 38.0755 us/op
// GC:  11 0 0 193855488 16384
// Threading:  0 0 16384

// AfterAll
// Benchmark Process 5366 has exited with code 0.
// Launch: 2 / 2
// Execute: dotnet Encina.Benchmarks-MediumRun-1.dll --anonymousPipes 165 166 --benchmarkName "Encina.Benchmarks.EntityFrameworkCore.SpecificationEvaluatorBenchmarks.FiveCriteria_And(CriteriaCount: 10)" --job MediumRun --benchmarkId 17 in /home/runner/work/Encina/Encina/tests/Encina.BenchmarkTests/Encina.Benchmarks/bin/Release/net10.0/Encina.Benchmarks-MediumRun-1/bin/Release/net10.0
// Failed to set up high priority (Permission denied). In order to run benchmarks with high priority, make sure you have the right permissions.
// BeforeAnythingElse

// Benchmark Process Environment Information:
// BenchmarkDotNet v0.15.8
// Runtime=.NET 10.0.7 (10.0.7, 10.0.726.21808), X64 RyuJIT x86-64-v3
// GC=Concurrent Workstation
// HardwareIntrinsics=AVX2+BMI1+BMI2+F16C+FMA+LZCNT+MOVBE,AVX,SSE3+SSSE3+SSE4.1+SSE4.2+POPCNT,X86Base+SSE+SSE2,AES+PCLMUL VectorSize=256
// Job: MediumRun(IterationCount=15, LaunchCount=2, WarmupCount=10)

OverheadJitting  1: 1 op, 243135.00 ns, 243.1350 us/op
WorkloadJitting  1: 1 op, 395618891.00 ns, 395.6189 ms/op

OverheadJitting  2: 1 op, 981.00 ns, 981.0000 ns/op
WorkloadJitting  2: 1 op, 3260131.00 ns, 3.2601 ms/op

OverheadJitting  3: 16 op, 509274.00 ns, 31.8296 us/op
WorkloadJitting  3: 16 op, 1458939.00 ns, 91.1837 us/op

WorkloadPilot    1: 16 op, 907892.00 ns, 56.7433 us/op
WorkloadPilot    2: 32 op, 1494221.00 ns, 46.6944 us/op
WorkloadPilot    3: 64 op, 2951799.00 ns, 46.1219 us/op
WorkloadPilot    4: 128 op, 5811789.00 ns, 45.4046 us/op
WorkloadPilot    5: 256 op, 11556888.00 ns, 45.1441 us/op
WorkloadPilot    6: 512 op, 22767176.00 ns, 44.4671 us/op
WorkloadPilot    7: 1024 op, 45488161.00 ns, 44.4220 us/op
WorkloadPilot    8: 2048 op, 82834689.00 ns, 40.4466 us/op
WorkloadPilot    9: 4096 op, 155965721.00 ns, 38.0776 us/op
WorkloadPilot   10: 8192 op, 312635909.00 ns, 38.1636 us/op
WorkloadPilot   11: 16384 op, 625307801.00 ns, 38.1658 us/op

OverheadWarmup   1: 16384 op, 70676.00 ns, 4.3137 ns/op
OverheadWarmup   2: 16384 op, 71427.00 ns, 4.3596 ns/op
OverheadWarmup   3: 16384 op, 64366.00 ns, 3.9286 ns/op
OverheadWarmup   4: 16384 op, 55483.00 ns, 3.3864 ns/op
OverheadWarmup   5: 16384 op, 55463.00 ns, 3.3852 ns/op
OverheadWarmup   6: 16384 op, 55463.00 ns, 3.3852 ns/op
OverheadWarmup   7: 16384 op, 55433.00 ns, 3.3834 ns/op

OverheadActual   1: 16384 op, 61262.00 ns, 3.7391 ns/op
OverheadActual   2: 16384 op, 61232.00 ns, 3.7373 ns/op
OverheadActual   3: 16384 op, 61502.00 ns, 3.7538 ns/op
OverheadActual   4: 16384 op, 61252.00 ns, 3.7385 ns/op
OverheadActual   5: 16384 op, 61202.00 ns, 3.7355 ns/op
OverheadActual   6: 16384 op, 55454.00 ns, 3.3846 ns/op
OverheadActual   7: 16384 op, 55433.00 ns, 3.3834 ns/op
OverheadActual   8: 16384 op, 55513.00 ns, 3.3882 ns/op
OverheadActual   9: 16384 op, 55453.00 ns, 3.3846 ns/op
OverheadActual  10: 16384 op, 55583.00 ns, 3.3925 ns/op
OverheadActual  11: 16384 op, 55473.00 ns, 3.3858 ns/op
OverheadActual  12: 16384 op, 55634.00 ns, 3.3956 ns/op
OverheadActual  13: 16384 op, 55454.00 ns, 3.3846 ns/op
OverheadActual  14: 16384 op, 55453.00 ns, 3.3846 ns/op
OverheadActual  15: 16384 op, 55523.00 ns, 3.3889 ns/op
OverheadActual  16: 16384 op, 55534.00 ns, 3.3895 ns/op

WorkloadWarmup   1: 16384 op, 636797939.00 ns, 38.8671 us/op
WorkloadWarmup   2: 16384 op, 636848044.00 ns, 38.8701 us/op
WorkloadWarmup   3: 16384 op, 625539248.00 ns, 38.1799 us/op
WorkloadWarmup   4: 16384 op, 623433949.00 ns, 38.0514 us/op
WorkloadWarmup   5: 16384 op, 625368532.00 ns, 38.1695 us/op
WorkloadWarmup   6: 16384 op, 623231276.00 ns, 38.0390 us/op
WorkloadWarmup   7: 16384 op, 625871112.00 ns, 38.2001 us/op
WorkloadWarmup   8: 16384 op, 624539735.00 ns, 38.1189 us/op
WorkloadWarmup   9: 16384 op, 622130471.00 ns, 37.9718 us/op
WorkloadWarmup  10: 16384 op, 623582689.00 ns, 38.0605 us/op

// BeforeActualRun
WorkloadActual   1: 16384 op, 625208638.00 ns, 38.1597 us/op
WorkloadActual   2: 16384 op, 623753646.00 ns, 38.0709 us/op
WorkloadActual   3: 16384 op, 624219764.00 ns, 38.0994 us/op
WorkloadActual   4: 16384 op, 624182849.00 ns, 38.0971 us/op
WorkloadActual   5: 16384 op, 625167687.00 ns, 38.1572 us/op
WorkloadActual   6: 16384 op, 626892104.00 ns, 38.2625 us/op
WorkloadActual   7: 16384 op, 623743631.00 ns, 38.0703 us/op
WorkloadActual   8: 16384 op, 624476349.00 ns, 38.1150 us/op
WorkloadActual   9: 16384 op, 626149947.00 ns, 38.2172 us/op
WorkloadActual  10: 16384 op, 624405790.00 ns, 38.1107 us/op
WorkloadActual  11: 16384 op, 624466953.00 ns, 38.1144 us/op
WorkloadActual  12: 16384 op, 624600593.00 ns, 38.1226 us/op
WorkloadActual  13: 16384 op, 623676046.00 ns, 38.0662 us/op
WorkloadActual  14: 16384 op, 627401925.00 ns, 38.2936 us/op
WorkloadActual  15: 16384 op, 625947643.00 ns, 38.2048 us/op

// AfterActualRun
WorkloadResult   1: 16384 op, 625153109.50 ns, 38.1563 us/op
WorkloadResult   2: 16384 op, 623698117.50 ns, 38.0675 us/op
WorkloadResult   3: 16384 op, 624164235.50 ns, 38.0960 us/op
WorkloadResult   4: 16384 op, 624127320.50 ns, 38.0937 us/op
WorkloadResult   5: 16384 op, 625112158.50 ns, 38.1538 us/op
WorkloadResult   6: 16384 op, 626836575.50 ns, 38.2591 us/op
WorkloadResult   7: 16384 op, 623688102.50 ns, 38.0669 us/op
WorkloadResult   8: 16384 op, 624420820.50 ns, 38.1116 us/op
WorkloadResult   9: 16384 op, 626094418.50 ns, 38.2138 us/op
WorkloadResult  10: 16384 op, 624350261.50 ns, 38.1073 us/op
WorkloadResult  11: 16384 op, 624411424.50 ns, 38.1110 us/op
WorkloadResult  12: 16384 op, 624545064.50 ns, 38.1192 us/op
WorkloadResult  13: 16384 op, 623620517.50 ns, 38.0628 us/op
WorkloadResult  14: 16384 op, 627346396.50 ns, 38.2902 us/op
WorkloadResult  15: 16384 op, 625892114.50 ns, 38.2014 us/op
// GC:  11 0 0 193855488 16384
// Threading:  0 0 16384

// AfterAll
// Benchmark Process 5381 has exited with code 0.

Mean = 38.146 μs, StdErr = 0.014 μs (0.04%), N = 30, StdDev = 0.078 μs
Min = 38.044 μs, Q1 = 38.080 μs, Median = 38.127 μs, Q3 = 38.195 μs, Max = 38.299 μs
IQR = 0.115 μs, LowerFence = 37.907 μs, UpperFence = 38.368 μs
ConfidenceInterval = [38.094 μs; 38.198 μs] (CI 99.9%), Margin = 0.052 μs (0.14% of Mean)
Skewness = 0.61, Kurtosis = 2.08, MValue = 2

// ** Remained 8 (30.8 %) benchmark(s) to run. Estimated finish 2026-05-03 2:14 (0h 5m from now) **
// **************************
// Benchmark: SpecificationEvaluatorBenchmarks.'Ten criteria (AND)': MediumRun(IterationCount=15, LaunchCount=2, WarmupCount=10) [CriteriaCount=10]
// *** Execute ***
// Launch: 1 / 2
// Execute: dotnet Encina.Benchmarks-MediumRun-1.dll --anonymousPipes 165 166 --benchmarkName "Encina.Benchmarks.EntityFrameworkCore.SpecificationEvaluatorBenchmarks.TenCriteria_And(CriteriaCount: 10)" --job MediumRun --benchmarkId 18 in /home/runner/work/Encina/Encina/tests/Encina.BenchmarkTests/Encina.Benchmarks/bin/Release/net10.0/Encina.Benchmarks-MediumRun-1/bin/Release/net10.0
// Failed to set up high priority (Permission denied). In order to run benchmarks with high priority, make sure you have the right permissions.
// BeforeAnythingElse

// Benchmark Process Environment Information:
// BenchmarkDotNet v0.15.8
// Runtime=.NET 10.0.7 (10.0.7, 10.0.726.21808), X64 RyuJIT x86-64-v3
// GC=Concurrent Workstation
// HardwareIntrinsics=AVX2+BMI1+BMI2+F16C+FMA+LZCNT+MOVBE,AVX,SSE3+SSSE3+SSE4.1+SSE4.2+POPCNT,X86Base+SSE+SSE2,AES+PCLMUL VectorSize=256
// Job: MediumRun(IterationCount=15, LaunchCount=2, WarmupCount=10)

OverheadJitting  1: 1 op, 257446.00 ns, 257.4460 us/op
WorkloadJitting  1: 1 op, 415823797.00 ns, 415.8238 ms/op

OverheadJitting  2: 1 op, 381.00 ns, 381.0000 ns/op
WorkloadJitting  2: 1 op, 3405158.00 ns, 3.4052 ms/op

OverheadJitting  3: 16 op, 538468.00 ns, 33.6543 us/op
WorkloadJitting  3: 16 op, 2109074.00 ns, 131.8171 us/op

WorkloadPilot    1: 16 op, 1417567.00 ns, 88.5979 us/op
WorkloadPilot    2: 32 op, 2898448.00 ns, 90.5765 us/op
WorkloadPilot    3: 64 op, 5458770.00 ns, 85.2933 us/op
WorkloadPilot    4: 128 op, 10867274.00 ns, 84.9006 us/op
WorkloadPilot    5: 256 op, 21532835.00 ns, 84.1126 us/op
WorkloadPilot    6: 512 op, 43065450.00 ns, 84.1122 us/op
WorkloadPilot    7: 1024 op, 79677078.00 ns, 77.8096 us/op
WorkloadPilot    8: 2048 op, 145785761.00 ns, 71.1845 us/op
WorkloadPilot    9: 4096 op, 292769109.00 ns, 71.4768 us/op
WorkloadPilot   10: 8192 op, 586838999.00 ns, 71.6356 us/op

OverheadWarmup   1: 8192 op, 28252.00 ns, 3.4487 ns/op
OverheadWarmup   2: 8192 op, 28072.00 ns, 3.4268 ns/op
OverheadWarmup   3: 8192 op, 28072.00 ns, 3.4268 ns/op
OverheadWarmup   4: 8192 op, 28012.00 ns, 3.4194 ns/op
OverheadWarmup   5: 8192 op, 27992.00 ns, 3.4170 ns/op
OverheadWarmup   6: 8192 op, 28053.00 ns, 3.4244 ns/op
OverheadWarmup   7: 8192 op, 28112.00 ns, 3.4316 ns/op
OverheadWarmup   8: 8192 op, 27952.00 ns, 3.4121 ns/op

OverheadActual   1: 8192 op, 28052.00 ns, 3.4243 ns/op
OverheadActual   2: 8192 op, 28192.00 ns, 3.4414 ns/op
OverheadActual   3: 8192 op, 28142.00 ns, 3.4353 ns/op
OverheadActual   4: 8192 op, 28072.00 ns, 3.4268 ns/op
OverheadActual   5: 8192 op, 28082.00 ns, 3.4280 ns/op
OverheadActual   6: 8192 op, 28002.00 ns, 3.4182 ns/op
OverheadActual   7: 8192 op, 28032.00 ns, 3.4219 ns/op
OverheadActual   8: 8192 op, 28113.00 ns, 3.4318 ns/op
OverheadActual   9: 8192 op, 31327.00 ns, 3.8241 ns/op
OverheadActual  10: 8192 op, 28042.00 ns, 3.4231 ns/op
OverheadActual  11: 8192 op, 28032.00 ns, 3.4219 ns/op
OverheadActual  12: 8192 op, 43996.00 ns, 5.3706 ns/op
OverheadActual  13: 8192 op, 28062.00 ns, 3.4255 ns/op
OverheadActual  14: 8192 op, 28022.00 ns, 3.4207 ns/op
OverheadActual  15: 8192 op, 28052.00 ns, 3.4243 ns/op

WorkloadWarmup   1: 8192 op, 594561565.00 ns, 72.5783 us/op
WorkloadWarmup   2: 8192 op, 599030563.00 ns, 73.1238 us/op
WorkloadWarmup   3: 8192 op, 587181414.00 ns, 71.6774 us/op
WorkloadWarmup   4: 8192 op, 586987824.00 ns, 71.6538 us/op
WorkloadWarmup   5: 8192 op, 586792200.00 ns, 71.6299 us/op
WorkloadWarmup   6: 8192 op, 584544257.00 ns, 71.3555 us/op
WorkloadWarmup   7: 8192 op, 584176405.00 ns, 71.3106 us/op
WorkloadWarmup   8: 8192 op, 587011719.00 ns, 71.6567 us/op
WorkloadWarmup   9: 8192 op, 584220531.00 ns, 71.3160 us/op
WorkloadWarmup  10: 8192 op, 588925741.00 ns, 71.8903 us/op

// BeforeActualRun
WorkloadActual   1: 8192 op, 589142196.00 ns, 71.9168 us/op
WorkloadActual   2: 8192 op, 588957148.00 ns, 71.8942 us/op
WorkloadActual   3: 8192 op, 587608605.00 ns, 71.7296 us/op
WorkloadActual   4: 8192 op, 586014523.00 ns, 71.5350 us/op
WorkloadActual   5: 8192 op, 588262947.00 ns, 71.8094 us/op
WorkloadActual   6: 8192 op, 587493956.00 ns, 71.7156 us/op
WorkloadActual   7: 8192 op, 586859843.00 ns, 71.6382 us/op
WorkloadActual   8: 8192 op, 586933463.00 ns, 71.6472 us/op
WorkloadActual   9: 8192 op, 587398351.00 ns, 71.7039 us/op
WorkloadActual  10: 8192 op, 587302748.00 ns, 71.6922 us/op
WorkloadActual  11: 8192 op, 587809758.00 ns, 71.7541 us/op
WorkloadActual  12: 8192 op, 589858922.00 ns, 72.0043 us/op
WorkloadActual  13: 8192 op, 588209898.00 ns, 71.8030 us/op
WorkloadActual  14: 8192 op, 588815206.00 ns, 71.8769 us/op
WorkloadActual  15: 8192 op, 587779182.00 ns, 71.7504 us/op

// AfterActualRun
WorkloadResult   1: 8192 op, 589114134.00 ns, 71.9133 us/op
WorkloadResult   2: 8192 op, 588929086.00 ns, 71.8908 us/op
WorkloadResult   3: 8192 op, 587580543.00 ns, 71.7261 us/op
WorkloadResult   4: 8192 op, 585986461.00 ns, 71.5316 us/op
WorkloadResult   5: 8192 op, 588234885.00 ns, 71.8060 us/op
WorkloadResult   6: 8192 op, 587465894.00 ns, 71.7121 us/op
WorkloadResult   7: 8192 op, 586831781.00 ns, 71.6347 us/op
WorkloadResult   8: 8192 op, 586905401.00 ns, 71.6437 us/op
WorkloadResult   9: 8192 op, 587370289.00 ns, 71.7005 us/op
WorkloadResult  10: 8192 op, 587274686.00 ns, 71.6888 us/op
WorkloadResult  11: 8192 op, 587781696.00 ns, 71.7507 us/op
WorkloadResult  12: 8192 op, 589830860.00 ns, 72.0008 us/op
WorkloadResult  13: 8192 op, 588181836.00 ns, 71.7995 us/op
WorkloadResult  14: 8192 op, 588787144.00 ns, 71.8734 us/op
WorkloadResult  15: 8192 op, 587751120.00 ns, 71.7470 us/op
// GC:  10 0 0 176750592 8192
// Threading:  0 0 8192

// AfterAll
// Benchmark Process 5391 has exited with code 0.
// Launch: 2 / 2
// Execute: dotnet Encina.Benchmarks-MediumRun-1.dll --anonymousPipes 165 166 --benchmarkName "Encina.Benchmarks.EntityFrameworkCore.SpecificationEvaluatorBenchmarks.TenCriteria_And(CriteriaCount: 10)" --job MediumRun --benchmarkId 18 in /home/runner/work/Encina/Encina/tests/Encina.BenchmarkTests/Encina.Benchmarks/bin/Release/net10.0/Encina.Benchmarks-MediumRun-1/bin/Release/net10.0
// Failed to set up high priority (Permission denied). In order to run benchmarks with high priority, make sure you have the right permissions.
// BeforeAnythingElse

// Benchmark Process Environment Information:
// BenchmarkDotNet v0.15.8
// Runtime=.NET 10.0.7 (10.0.7, 10.0.726.21808), X64 RyuJIT x86-64-v3
// GC=Concurrent Workstation
// HardwareIntrinsics=AVX2+BMI1+BMI2+F16C+FMA+LZCNT+MOVBE,AVX,SSE3+SSSE3+SSE4.1+SSE4.2+POPCNT,X86Base+SSE+SSE2,AES+PCLMUL VectorSize=256
// Job: MediumRun(IterationCount=15, LaunchCount=2, WarmupCount=10)

OverheadJitting  1: 1 op, 250847.00 ns, 250.8470 us/op
WorkloadJitting  1: 1 op, 414355318.00 ns, 414.3553 ms/op

OverheadJitting  2: 1 op, 260.00 ns, 260.0000 ns/op
WorkloadJitting  2: 1 op, 3350236.00 ns, 3.3502 ms/op

OverheadJitting  3: 16 op, 542764.00 ns, 33.9228 us/op
WorkloadJitting  3: 16 op, 2056125.00 ns, 128.5078 us/op

WorkloadPilot    1: 16 op, 1519199.00 ns, 94.9499 us/op
WorkloadPilot    2: 32 op, 2599901.00 ns, 81.2469 us/op
WorkloadPilot    3: 64 op, 5332810.00 ns, 83.3252 us/op
WorkloadPilot    4: 128 op, 10524489.00 ns, 82.2226 us/op
WorkloadPilot    5: 256 op, 20850702.00 ns, 81.4481 us/op
WorkloadPilot    6: 512 op, 41759461.00 ns, 81.5614 us/op
WorkloadPilot    7: 1024 op, 78417658.00 ns, 76.5797 us/op
WorkloadPilot    8: 2048 op, 143431202.00 ns, 70.0348 us/op
WorkloadPilot    9: 4096 op, 286040518.00 ns, 69.8341 us/op
WorkloadPilot   10: 8192 op, 574945324.00 ns, 70.1838 us/op

OverheadWarmup   1: 8192 op, 31257.00 ns, 3.8156 ns/op
OverheadWarmup   2: 8192 op, 30936.00 ns, 3.7764 ns/op
OverheadWarmup   3: 8192 op, 30867.00 ns, 3.7679 ns/op
OverheadWarmup   4: 8192 op, 31077.00 ns, 3.7936 ns/op
OverheadWarmup   5: 8192 op, 30846.00 ns, 3.7654 ns/op
OverheadWarmup   6: 8192 op, 30856.00 ns, 3.7666 ns/op
OverheadWarmup   7: 8192 op, 30917.00 ns, 3.7740 ns/op
OverheadWarmup   8: 8192 op, 30847.00 ns, 3.7655 ns/op

OverheadActual   1: 8192 op, 30946.00 ns, 3.7776 ns/op
OverheadActual   2: 8192 op, 30906.00 ns, 3.7727 ns/op
OverheadActual   3: 8192 op, 30996.00 ns, 3.7837 ns/op
OverheadActual   4: 8192 op, 30917.00 ns, 3.7740 ns/op
OverheadActual   5: 8192 op, 28142.00 ns, 3.4353 ns/op
OverheadActual   6: 8192 op, 30896.00 ns, 3.7715 ns/op
OverheadActual   7: 8192 op, 30876.00 ns, 3.7690 ns/op
OverheadActual   8: 8192 op, 30907.00 ns, 3.7728 ns/op
OverheadActual   9: 8192 op, 30856.00 ns, 3.7666 ns/op
OverheadActual  10: 8192 op, 30967.00 ns, 3.7802 ns/op
OverheadActual  11: 8192 op, 30926.00 ns, 3.7751 ns/op
OverheadActual  12: 8192 op, 30856.00 ns, 3.7666 ns/op
OverheadActual  13: 8192 op, 45118.00 ns, 5.5076 ns/op
OverheadActual  14: 8192 op, 30966.00 ns, 3.7800 ns/op
OverheadActual  15: 8192 op, 30876.00 ns, 3.7690 ns/op

WorkloadWarmup   1: 8192 op, 586792517.00 ns, 71.6299 us/op
WorkloadWarmup   2: 8192 op, 588509994.00 ns, 71.8396 us/op
WorkloadWarmup   3: 8192 op, 574875659.00 ns, 70.1753 us/op
WorkloadWarmup   4: 8192 op, 573048598.00 ns, 69.9522 us/op
WorkloadWarmup   5: 8192 op, 572244622.00 ns, 69.8541 us/op
WorkloadWarmup   6: 8192 op, 574139785.00 ns, 70.0854 us/op
WorkloadWarmup   7: 8192 op, 573438242.00 ns, 69.9998 us/op
WorkloadWarmup   8: 8192 op, 573236210.00 ns, 69.9751 us/op
WorkloadWarmup   9: 8192 op, 575523721.00 ns, 70.2544 us/op
WorkloadWarmup  10: 8192 op, 574478674.00 ns, 70.1268 us/op

// BeforeActualRun
WorkloadActual   1: 8192 op, 578935830.00 ns, 70.6709 us/op
WorkloadActual   2: 8192 op, 576862204.00 ns, 70.4177 us/op
WorkloadActual   3: 8192 op, 574440459.00 ns, 70.1221 us/op
WorkloadActual   4: 8192 op, 575364464.00 ns, 70.2349 us/op
WorkloadActual   5: 8192 op, 574184825.00 ns, 70.0909 us/op
WorkloadActual   6: 8192 op, 575264986.00 ns, 70.2228 us/op
WorkloadActual   7: 8192 op, 573639787.00 ns, 70.0244 us/op
WorkloadActual   8: 8192 op, 575398926.00 ns, 70.2391 us/op
WorkloadActual   9: 8192 op, 575754440.00 ns, 70.2825 us/op
WorkloadActual  10: 8192 op, 573464324.00 ns, 70.0030 us/op
WorkloadActual  11: 8192 op, 574943373.00 ns, 70.1835 us/op
WorkloadActual  12: 8192 op, 575962441.00 ns, 70.3079 us/op
WorkloadActual  13: 8192 op, 576361411.00 ns, 70.3566 us/op
WorkloadActual  14: 8192 op, 575182932.00 ns, 70.2128 us/op
WorkloadActual  15: 8192 op, 575659237.00 ns, 70.2709 us/op

// AfterActualRun
WorkloadResult   1: 8192 op, 576831297.00 ns, 70.4140 us/op
WorkloadResult   2: 8192 op, 574409552.00 ns, 70.1184 us/op
WorkloadResult   3: 8192 op, 575333557.00 ns, 70.2311 us/op
WorkloadResult   4: 8192 op, 574153918.00 ns, 70.0871 us/op
WorkloadResult   5: 8192 op, 575234079.00 ns, 70.2190 us/op
WorkloadResult   6: 8192 op, 573608880.00 ns, 70.0206 us/op
WorkloadResult   7: 8192 op, 575368019.00 ns, 70.2354 us/op
WorkloadResult   8: 8192 op, 575723533.00 ns, 70.2788 us/op
WorkloadResult   9: 8192 op, 573433417.00 ns, 69.9992 us/op
WorkloadResult  10: 8192 op, 574912466.00 ns, 70.1797 us/op
WorkloadResult  11: 8192 op, 575931534.00 ns, 70.3041 us/op
WorkloadResult  12: 8192 op, 576330504.00 ns, 70.3528 us/op
WorkloadResult  13: 8192 op, 575152025.00 ns, 70.2090 us/op
WorkloadResult  14: 8192 op, 575628330.00 ns, 70.2671 us/op
// GC:  10 0 0 175439872 8192
// Threading:  0 0 8192

// AfterAll
// Benchmark Process 5463 has exited with code 0.

Mean = 71.012 μs, StdErr = 0.148 μs (0.21%), N = 29, StdDev = 0.799 μs
Min = 69.999 μs, Q1 = 70.231 μs, Median = 71.532 μs, Q3 = 71.747 μs, Max = 72.001 μs
IQR = 1.516 μs, LowerFence = 67.957 μs, UpperFence = 74.021 μs
ConfidenceInterval = [70.467 μs; 71.556 μs] (CI 99.9%), Margin = 0.545 μs (0.77% of Mean)
Skewness = -0.06, Kurtosis = 1.02, MValue = 2

// ** Remained 7 (26.9 %) benchmark(s) to run. Estimated finish 2026-05-03 2:14 (0h 4m from now) **
// **************************
// Benchmark: SpecificationEvaluatorBenchmarks.'Keyset pagination': MediumRun(IterationCount=15, LaunchCount=2, WarmupCount=10) [CriteriaCount=10]
// *** Execute ***
// Launch: 1 / 2
// Execute: dotnet Encina.Benchmarks-MediumRun-1.dll --anonymousPipes 165 166 --benchmarkName "Encina.Benchmarks.EntityFrameworkCore.SpecificationEvaluatorBenchmarks.KeysetPagination_ExpressionBuilding(CriteriaCount: 10)" --job MediumRun --benchmarkId 19 in /home/runner/work/Encina/Encina/tests/Encina.BenchmarkTests/Encina.Benchmarks/bin/Release/net10.0/Encina.Benchmarks-MediumRun-1/bin/Release/net10.0
// Failed to set up high priority (Permission denied). In order to run benchmarks with high priority, make sure you have the right permissions.
// BeforeAnythingElse

// Benchmark Process Environment Information:
// BenchmarkDotNet v0.15.8
// Runtime=.NET 10.0.7 (10.0.7, 10.0.726.21808), X64 RyuJIT x86-64-v3
// GC=Concurrent Workstation
// HardwareIntrinsics=AVX2+BMI1+BMI2+F16C+FMA+LZCNT+MOVBE,AVX,SSE3+SSSE3+SSE4.1+SSE4.2+POPCNT,X86Base+SSE+SSE2,AES+PCLMUL VectorSize=256
// Job: MediumRun(IterationCount=15, LaunchCount=2, WarmupCount=10)

OverheadJitting  1: 1 op, 235603.00 ns, 235.6030 us/op
WorkloadJitting  1: 1 op, 396666884.00 ns, 396.6669 ms/op

OverheadJitting  2: 1 op, 371.00 ns, 371.0000 ns/op
WorkloadJitting  2: 1 op, 3867392.00 ns, 3.8674 ms/op

OverheadJitting  3: 16 op, 657306.00 ns, 41.0816 us/op
WorkloadJitting  3: 16 op, 1251177.00 ns, 78.1986 us/op

WorkloadPilot    1: 16 op, 674232.00 ns, 42.1395 us/op
WorkloadPilot    2: 32 op, 1213791.00 ns, 37.9310 us/op
WorkloadPilot    3: 64 op, 2246901.00 ns, 35.1078 us/op
WorkloadPilot    4: 128 op, 4363206.00 ns, 34.0875 us/op
WorkloadPilot    5: 256 op, 8325762.00 ns, 32.5225 us/op
WorkloadPilot    6: 512 op, 16348548.00 ns, 31.9308 us/op
WorkloadPilot    7: 1024 op, 31953771.00 ns, 31.2049 us/op
WorkloadPilot    8: 2048 op, 60708702.00 ns, 29.6429 us/op
WorkloadPilot    9: 4096 op, 108547525.00 ns, 26.5009 us/op
WorkloadPilot   10: 8192 op, 214068148.00 ns, 26.1314 us/op
WorkloadPilot   11: 16384 op, 431339694.00 ns, 26.3269 us/op
WorkloadPilot   12: 32768 op, 867943766.00 ns, 26.4875 us/op

OverheadWarmup   1: 32768 op, 137106.00 ns, 4.1841 ns/op
OverheadWarmup   2: 32768 op, 121882.00 ns, 3.7195 ns/op
OverheadWarmup   3: 32768 op, 121813.00 ns, 3.7174 ns/op
OverheadWarmup   4: 32768 op, 121873.00 ns, 3.7193 ns/op
OverheadWarmup   5: 32768 op, 140631.00 ns, 4.2917 ns/op
OverheadWarmup   6: 32768 op, 121943.00 ns, 3.7214 ns/op
OverheadWarmup   7: 32768 op, 121823.00 ns, 3.7177 ns/op
OverheadWarmup   8: 32768 op, 122103.00 ns, 3.7263 ns/op
OverheadWarmup   9: 32768 op, 121863.00 ns, 3.7190 ns/op

OverheadActual   1: 32768 op, 121943.00 ns, 3.7214 ns/op
OverheadActual   2: 32768 op, 121893.00 ns, 3.7199 ns/op
OverheadActual   3: 32768 op, 122094.00 ns, 3.7260 ns/op
OverheadActual   4: 32768 op, 121863.00 ns, 3.7190 ns/op
OverheadActual   5: 32768 op, 121833.00 ns, 3.7180 ns/op
OverheadActual   6: 32768 op, 121823.00 ns, 3.7177 ns/op
OverheadActual   7: 32768 op, 121843.00 ns, 3.7184 ns/op
OverheadActual   8: 32768 op, 121862.00 ns, 3.7189 ns/op
OverheadActual   9: 32768 op, 121873.00 ns, 3.7193 ns/op
OverheadActual  10: 32768 op, 121832.00 ns, 3.7180 ns/op
OverheadActual  11: 32768 op, 121873.00 ns, 3.7193 ns/op
OverheadActual  12: 32768 op, 121822.00 ns, 3.7177 ns/op
OverheadActual  13: 32768 op, 121823.00 ns, 3.7177 ns/op
OverheadActual  14: 32768 op, 121933.00 ns, 3.7211 ns/op
OverheadActual  15: 32768 op, 121883.00 ns, 3.7196 ns/op

WorkloadWarmup   1: 32768 op, 876648465.00 ns, 26.7532 us/op
WorkloadWarmup   2: 32768 op, 873971269.00 ns, 26.6715 us/op
WorkloadWarmup   3: 32768 op, 860126808.00 ns, 26.2490 us/op
WorkloadWarmup   4: 32768 op, 856439165.00 ns, 26.1364 us/op
WorkloadWarmup   5: 32768 op, 857553737.00 ns, 26.1705 us/op
WorkloadWarmup   6: 32768 op, 855881421.00 ns, 26.1194 us/op
WorkloadWarmup   7: 32768 op, 856205325.00 ns, 26.1293 us/op
WorkloadWarmup   8: 32768 op, 862276185.00 ns, 26.3146 us/op
WorkloadWarmup   9: 32768 op, 857409000.00 ns, 26.1660 us/op
WorkloadWarmup  10: 32768 op, 857171695.00 ns, 26.1588 us/op

// BeforeActualRun
WorkloadActual   1: 32768 op, 859155281.00 ns, 26.2193 us/op
WorkloadActual   2: 32768 op, 859962914.00 ns, 26.2440 us/op
WorkloadActual   3: 32768 op, 860791707.00 ns, 26.2693 us/op
WorkloadActual   4: 32768 op, 860565047.00 ns, 26.2624 us/op
WorkloadActual   5: 32768 op, 860907037.00 ns, 26.2728 us/op
WorkloadActual   6: 32768 op, 857552689.00 ns, 26.1704 us/op
WorkloadActual   7: 32768 op, 857242878.00 ns, 26.1610 us/op
WorkloadActual   8: 32768 op, 859145403.00 ns, 26.2190 us/op
WorkloadActual   9: 32768 op, 856724601.00 ns, 26.1452 us/op
WorkloadActual  10: 32768 op, 861601167.00 ns, 26.2940 us/op
WorkloadActual  11: 32768 op, 856471381.00 ns, 26.1374 us/op
WorkloadActual  12: 32768 op, 859661087.00 ns, 26.2348 us/op
WorkloadActual  13: 32768 op, 862067968.00 ns, 26.3082 us/op
WorkloadActual  14: 32768 op, 859541705.00 ns, 26.2311 us/op
WorkloadActual  15: 32768 op, 856555808.00 ns, 26.1400 us/op

// AfterActualRun
WorkloadResult   1: 32768 op, 859033418.00 ns, 26.2156 us/op
WorkloadResult   2: 32768 op, 859841051.00 ns, 26.2403 us/op
WorkloadResult   3: 32768 op, 860669844.00 ns, 26.2656 us/op
WorkloadResult   4: 32768 op, 860443184.00 ns, 26.2586 us/op
WorkloadResult   5: 32768 op, 860785174.00 ns, 26.2691 us/op
WorkloadResult   6: 32768 op, 857430826.00 ns, 26.1667 us/op
WorkloadResult   7: 32768 op, 857121015.00 ns, 26.1573 us/op
WorkloadResult   8: 32768 op, 859023540.00 ns, 26.2153 us/op
WorkloadResult   9: 32768 op, 856602738.00 ns, 26.1414 us/op
WorkloadResult  10: 32768 op, 861479304.00 ns, 26.2903 us/op
WorkloadResult  11: 32768 op, 856349518.00 ns, 26.1337 us/op
WorkloadResult  12: 32768 op, 859539224.00 ns, 26.2311 us/op
WorkloadResult  13: 32768 op, 861946105.00 ns, 26.3045 us/op
WorkloadResult  14: 32768 op, 859419842.00 ns, 26.2274 us/op
WorkloadResult  15: 32768 op, 856433945.00 ns, 26.1363 us/op
// GC:  20 0 0 349966272 32768
// Threading:  0 0 32768

// AfterAll
// Benchmark Process 5473 has exited with code 0.
// Launch: 2 / 2
// Execute: dotnet Encina.Benchmarks-MediumRun-1.dll --anonymousPipes 165 166 --benchmarkName "Encina.Benchmarks.EntityFrameworkCore.SpecificationEvaluatorBenchmarks.KeysetPagination_ExpressionBuilding(CriteriaCount: 10)" --job MediumRun --benchmarkId 19 in /home/runner/work/Encina/Encina/tests/Encina.BenchmarkTests/Encina.Benchmarks/bin/Release/net10.0/Encina.Benchmarks-MediumRun-1/bin/Release/net10.0
// Failed to set up high priority (Permission denied). In order to run benchmarks with high priority, make sure you have the right permissions.
// BeforeAnythingElse

// Benchmark Process Environment Information:
// BenchmarkDotNet v0.15.8
// Runtime=.NET 10.0.7 (10.0.7, 10.0.726.21808), X64 RyuJIT x86-64-v3
// GC=Concurrent Workstation
// HardwareIntrinsics=AVX2+BMI1+BMI2+F16C+FMA+LZCNT+MOVBE,AVX,SSE3+SSSE3+SSE4.1+SSE4.2+POPCNT,X86Base+SSE+SSE2,AES+PCLMUL VectorSize=256
// Job: MediumRun(IterationCount=15, LaunchCount=2, WarmupCount=10)

OverheadJitting  1: 1 op, 277186.00 ns, 277.1860 us/op
WorkloadJitting  1: 1 op, 398122815.00 ns, 398.1228 ms/op

OverheadJitting  2: 1 op, 390.00 ns, 390.0000 ns/op
WorkloadJitting  2: 1 op, 3856604.00 ns, 3.8566 ms/op

OverheadJitting  3: 16 op, 507963.00 ns, 31.7477 us/op
WorkloadJitting  3: 16 op, 1267634.00 ns, 79.2271 us/op

WorkloadPilot    1: 16 op, 711088.00 ns, 44.4430 us/op
WorkloadPilot    2: 32 op, 1109156.00 ns, 34.6611 us/op
WorkloadPilot    3: 64 op, 2279895.00 ns, 35.6234 us/op
WorkloadPilot    4: 128 op, 4380882.00 ns, 34.2256 us/op
WorkloadPilot    5: 256 op, 8650696.00 ns, 33.7918 us/op
WorkloadPilot    6: 512 op, 17151698.00 ns, 33.4994 us/op
WorkloadPilot    7: 1024 op, 32420828.00 ns, 31.6610 us/op
WorkloadPilot    8: 2048 op, 63664028.00 ns, 31.0860 us/op
WorkloadPilot    9: 4096 op, 111618985.00 ns, 27.2507 us/op
WorkloadPilot   10: 8192 op, 221294470.00 ns, 27.0135 us/op
WorkloadPilot   11: 16384 op, 444211387.00 ns, 27.1125 us/op
WorkloadPilot   12: 32768 op, 885147445.00 ns, 27.0126 us/op

OverheadWarmup   1: 32768 op, 136916.00 ns, 4.1783 ns/op
OverheadWarmup   2: 32768 op, 121833.00 ns, 3.7180 ns/op
OverheadWarmup   3: 32768 op, 110346.00 ns, 3.3675 ns/op
OverheadWarmup   4: 32768 op, 110335.00 ns, 3.3672 ns/op
OverheadWarmup   5: 32768 op, 110456.00 ns, 3.3708 ns/op
OverheadWarmup   6: 32768 op, 127471.00 ns, 3.8901 ns/op
OverheadWarmup   7: 32768 op, 110386.00 ns, 3.3687 ns/op
OverheadWarmup   8: 32768 op, 110435.00 ns, 3.3702 ns/op
OverheadWarmup   9: 32768 op, 110365.00 ns, 3.3681 ns/op

OverheadActual   1: 32768 op, 121903.00 ns, 3.7202 ns/op
OverheadActual   2: 32768 op, 122083.00 ns, 3.7257 ns/op
OverheadActual   3: 32768 op, 121863.00 ns, 3.7190 ns/op
OverheadActual   4: 32768 op, 121863.00 ns, 3.7190 ns/op
OverheadActual   5: 32768 op, 121873.00 ns, 3.7193 ns/op
OverheadActual   6: 32768 op, 110375.00 ns, 3.3684 ns/op
OverheadActual   7: 32768 op, 110425.00 ns, 3.3699 ns/op
OverheadActual   8: 32768 op, 110496.00 ns, 3.3721 ns/op
OverheadActual   9: 32768 op, 110917.00 ns, 3.3849 ns/op
OverheadActual  10: 32768 op, 110406.00 ns, 3.3693 ns/op
OverheadActual  11: 32768 op, 125578.00 ns, 3.8323 ns/op
OverheadActual  12: 32768 op, 121933.00 ns, 3.7211 ns/op
OverheadActual  13: 32768 op, 110355.00 ns, 3.3678 ns/op
OverheadActual  14: 32768 op, 121752.00 ns, 3.7156 ns/op
OverheadActual  15: 32768 op, 110456.00 ns, 3.3708 ns/op
OverheadActual  16: 32768 op, 110386.00 ns, 3.3687 ns/op
OverheadActual  17: 32768 op, 125569.00 ns, 3.8321 ns/op
OverheadActual  18: 32768 op, 121853.00 ns, 3.7187 ns/op
OverheadActual  19: 32768 op, 124788.00 ns, 3.8082 ns/op

WorkloadWarmup   1: 32768 op, 903336022.00 ns, 27.5676 us/op
WorkloadWarmup   2: 32768 op, 896164502.00 ns, 27.3488 us/op
WorkloadWarmup   3: 32768 op, 886643978.00 ns, 27.0582 us/op
WorkloadWarmup   4: 32768 op, 889919028.00 ns, 27.1582 us/op
WorkloadWarmup   5: 32768 op, 887560101.00 ns, 27.0862 us/op
WorkloadWarmup   6: 32768 op, 883320009.00 ns, 26.9568 us/op
WorkloadWarmup   7: 32768 op, 889047242.00 ns, 27.1316 us/op
WorkloadWarmup   8: 32768 op, 887187982.00 ns, 27.0748 us/op
WorkloadWarmup   9: 32768 op, 886642634.00 ns, 27.0582 us/op
WorkloadWarmup  10: 32768 op, 884439258.00 ns, 26.9909 us/op

// BeforeActualRun
WorkloadActual   1: 32768 op, 889584608.00 ns, 27.1480 us/op
WorkloadActual   2: 32768 op, 892598520.00 ns, 27.2399 us/op
WorkloadActual   3: 32768 op, 889514562.00 ns, 27.1458 us/op
WorkloadActual   4: 32768 op, 889715863.00 ns, 27.1520 us/op
WorkloadActual   5: 32768 op, 883330770.00 ns, 26.9571 us/op
WorkloadActual   6: 32768 op, 886454320.00 ns, 27.0524 us/op
WorkloadActual   7: 32768 op, 884566628.00 ns, 26.9948 us/op
WorkloadActual   8: 32768 op, 883987169.00 ns, 26.9771 us/op
WorkloadActual   9: 32768 op, 881792918.00 ns, 26.9102 us/op
WorkloadActual  10: 32768 op, 886744476.00 ns, 27.0613 us/op
WorkloadActual  11: 32768 op, 889275923.00 ns, 27.1385 us/op
WorkloadActual  12: 32768 op, 894925448.00 ns, 27.3110 us/op
WorkloadActual  13: 32768 op, 878800980.00 ns, 26.8189 us/op
WorkloadActual  14: 32768 op, 883900835.00 ns, 26.9745 us/op
WorkloadActual  15: 32768 op, 883583998.00 ns, 26.9648 us/op

// AfterActualRun
WorkloadResult   1: 32768 op, 889462755.00 ns, 27.1442 us/op
WorkloadResult   2: 32768 op, 892476667.00 ns, 27.2362 us/op
WorkloadResult   3: 32768 op, 889392709.00 ns, 27.1421 us/op
WorkloadResult   4: 32768 op, 889594010.00 ns, 27.1483 us/op
WorkloadResult   5: 32768 op, 883208917.00 ns, 26.9534 us/op
WorkloadResult   6: 32768 op, 886332467.00 ns, 27.0487 us/op
WorkloadResult   7: 32768 op, 884444775.00 ns, 26.9911 us/op
WorkloadResult   8: 32768 op, 883865316.00 ns, 26.9734 us/op
WorkloadResult   9: 32768 op, 881671065.00 ns, 26.9065 us/op
WorkloadResult  10: 32768 op, 886622623.00 ns, 27.0576 us/op
WorkloadResult  11: 32768 op, 889154070.00 ns, 27.1348 us/op
WorkloadResult  12: 32768 op, 894803595.00 ns, 27.3072 us/op
WorkloadResult  13: 32768 op, 878679127.00 ns, 26.8152 us/op
WorkloadResult  14: 32768 op, 883778982.00 ns, 26.9708 us/op
WorkloadResult  15: 32768 op, 883462145.00 ns, 26.9611 us/op
// GC:  21 0 0 360452224 32768
// Threading:  0 0 32768

// AfterAll
// Benchmark Process 5489 has exited with code 0.

Mean = 26.635 μs, StdErr = 0.080 μs (0.30%), N = 30, StdDev = 0.437 μs
Min = 26.134 μs, Q1 = 26.228 μs, Median = 26.560 μs, Q3 = 27.034 μs, Max = 27.307 μs
IQR = 0.806 μs, LowerFence = 25.019 μs, UpperFence = 28.243 μs
ConfidenceInterval = [26.343 μs; 26.927 μs] (CI 99.9%), Margin = 0.292 μs (1.10% of Mean)
Skewness = 0.1, Kurtosis = 1.14, MValue = 2

// ** Remained 6 (23.1 %) benchmark(s) to run. Estimated finish 2026-05-03 2:14 (0h 4m from now) **
// **************************
// Benchmark: SpecificationEvaluatorBenchmarks.'Keyset pagination (fresh cursor)': MediumRun(IterationCount=15, LaunchCount=2, WarmupCount=10) [CriteriaCount=10]
// *** Execute ***
// Launch: 1 / 2
// Execute: dotnet Encina.Benchmarks-MediumRun-1.dll --anonymousPipes 165 166 --benchmarkName "Encina.Benchmarks.EntityFrameworkCore.SpecificationEvaluatorBenchmarks.KeysetPagination_FreshCursor(CriteriaCount: 10)" --job MediumRun --benchmarkId 20 in /home/runner/work/Encina/Encina/tests/Encina.BenchmarkTests/Encina.Benchmarks/bin/Release/net10.0/Encina.Benchmarks-MediumRun-1/bin/Release/net10.0
// Failed to set up high priority (Permission denied). In order to run benchmarks with high priority, make sure you have the right permissions.
// BeforeAnythingElse

// Benchmark Process Environment Information:
// BenchmarkDotNet v0.15.8
// Runtime=.NET 10.0.7 (10.0.7, 10.0.726.21808), X64 RyuJIT x86-64-v3
// GC=Concurrent Workstation
// HardwareIntrinsics=AVX2+BMI1+BMI2+F16C+FMA+LZCNT+MOVBE,AVX,SSE3+SSSE3+SSE4.1+SSE4.2+POPCNT,X86Base+SSE+SSE2,AES+PCLMUL VectorSize=256
// Job: MediumRun(IterationCount=15, LaunchCount=2, WarmupCount=10)

OverheadJitting  1: 1 op, 235714.00 ns, 235.7140 us/op
WorkloadJitting  1: 1 op, 396898210.00 ns, 396.8982 ms/op

OverheadJitting  2: 1 op, 360.00 ns, 360.0000 ns/op
WorkloadJitting  2: 1 op, 4977100.00 ns, 4.9771 ms/op

OverheadJitting  3: 16 op, 507872.00 ns, 31.7420 us/op
WorkloadJitting  3: 16 op, 66963080.00 ns, 4.1852 ms/op

WorkloadPilot    1: 16 op, 66028127.00 ns, 4.1268 ms/op
WorkloadPilot    2: 32 op, 130549672.00 ns, 4.0797 ms/op
WorkloadPilot    3: 64 op, 260532253.00 ns, 4.0708 ms/op
WorkloadPilot    4: 128 op, 524207583.00 ns, 4.0954 ms/op

OverheadWarmup   1: 128 op, 1392.00 ns, 10.8750 ns/op
OverheadWarmup   2: 128 op, 1031.00 ns, 8.0547 ns/op
OverheadWarmup   3: 128 op, 1162.00 ns, 9.0781 ns/op
OverheadWarmup   4: 128 op, 1272.00 ns, 9.9375 ns/op
OverheadWarmup   5: 128 op, 1141.00 ns, 8.9141 ns/op
OverheadWarmup   6: 128 op, 1142.00 ns, 8.9219 ns/op
OverheadWarmup   7: 128 op, 1032.00 ns, 8.0625 ns/op

OverheadActual   1: 128 op, 1282.00 ns, 10.0156 ns/op
OverheadActual   2: 128 op, 1041.00 ns, 8.1328 ns/op
OverheadActual   3: 128 op, 1202.00 ns, 9.3906 ns/op
OverheadActual   4: 128 op, 1042.00 ns, 8.1406 ns/op
OverheadActual   5: 128 op, 1222.00 ns, 9.5469 ns/op
OverheadActual   6: 128 op, 1041.00 ns, 8.1328 ns/op
OverheadActual   7: 128 op, 1292.00 ns, 10.0938 ns/op
OverheadActual   8: 128 op, 1091.00 ns, 8.5234 ns/op
OverheadActual   9: 128 op, 1152.00 ns, 9.0000 ns/op
OverheadActual  10: 128 op, 1132.00 ns, 8.8438 ns/op
OverheadActual  11: 128 op, 991.00 ns, 7.7422 ns/op
OverheadActual  12: 128 op, 1161.00 ns, 9.0703 ns/op
OverheadActual  13: 128 op, 1152.00 ns, 9.0000 ns/op
OverheadActual  14: 128 op, 1062.00 ns, 8.2969 ns/op
OverheadActual  15: 128 op, 1262.00 ns, 9.8594 ns/op
OverheadActual  16: 128 op, 1633.00 ns, 12.7578 ns/op
OverheadActual  17: 128 op, 1242.00 ns, 9.7031 ns/op
OverheadActual  18: 128 op, 1082.00 ns, 8.4531 ns/op
OverheadActual  19: 128 op, 1162.00 ns, 9.0781 ns/op
OverheadActual  20: 128 op, 1142.00 ns, 8.9219 ns/op

WorkloadWarmup   1: 128 op, 531359679.00 ns, 4.1512 ms/op
WorkloadWarmup   2: 128 op, 522392289.00 ns, 4.0812 ms/op
WorkloadWarmup   3: 128 op, 521571587.00 ns, 4.0748 ms/op
WorkloadWarmup   4: 128 op, 527440059.00 ns, 4.1206 ms/op
WorkloadWarmup   5: 128 op, 524994410.00 ns, 4.1015 ms/op
WorkloadWarmup   6: 128 op, 531082435.00 ns, 4.1491 ms/op
WorkloadWarmup   7: 128 op, 524673339.00 ns, 4.0990 ms/op
WorkloadWarmup   8: 128 op, 526133389.00 ns, 4.1104 ms/op
WorkloadWarmup   9: 128 op, 521973698.00 ns, 4.0779 ms/op
WorkloadWarmup  10: 128 op, 522512437.00 ns, 4.0821 ms/op

// BeforeActualRun
WorkloadActual   1: 128 op, 528120671.00 ns, 4.1259 ms/op
WorkloadActual   2: 128 op, 526212958.00 ns, 4.1110 ms/op
WorkloadActual   3: 128 op, 526083665.00 ns, 4.1100 ms/op
WorkloadActual   4: 128 op, 526379448.00 ns, 4.1123 ms/op
WorkloadActual   5: 128 op, 529156285.00 ns, 4.1340 ms/op
WorkloadActual   6: 128 op, 525778767.00 ns, 4.1076 ms/op
WorkloadActual   7: 128 op, 522740447.00 ns, 4.0839 ms/op
WorkloadActual   8: 128 op, 520778475.00 ns, 4.0686 ms/op
WorkloadActual   9: 128 op, 522274999.00 ns, 4.0803 ms/op
WorkloadActual  10: 128 op, 524081450.00 ns, 4.0944 ms/op
WorkloadActual  11: 128 op, 526114030.00 ns, 4.1103 ms/op
WorkloadActual  12: 128 op, 526541681.00 ns, 4.1136 ms/op
WorkloadActual  13: 128 op, 532267662.00 ns, 4.1583 ms/op
WorkloadActual  14: 128 op, 525336193.00 ns, 4.1042 ms/op
WorkloadActual  15: 128 op, 532651899.00 ns, 4.1613 ms/op

// AfterActualRun
WorkloadResult   1: 128 op, 528119519.00 ns, 4.1259 ms/op
WorkloadResult   2: 128 op, 526211806.00 ns, 4.1110 ms/op
WorkloadResult   3: 128 op, 526082513.00 ns, 4.1100 ms/op
WorkloadResult   4: 128 op, 526378296.00 ns, 4.1123 ms/op
WorkloadResult   5: 128 op, 529155133.00 ns, 4.1340 ms/op
WorkloadResult   6: 128 op, 525777615.00 ns, 4.1076 ms/op
WorkloadResult   7: 128 op, 522739295.00 ns, 4.0839 ms/op
WorkloadResult   8: 128 op, 520777323.00 ns, 4.0686 ms/op
WorkloadResult   9: 128 op, 522273847.00 ns, 4.0803 ms/op
WorkloadResult  10: 128 op, 524080298.00 ns, 4.0944 ms/op
WorkloadResult  11: 128 op, 526112878.00 ns, 4.1103 ms/op
WorkloadResult  12: 128 op, 526540529.00 ns, 4.1136 ms/op
WorkloadResult  13: 128 op, 525335041.00 ns, 4.1042 ms/op
// GC:  0 0 0 14261688 128
// Threading:  2 0 128

// AfterAll
// Benchmark Process 5506 has exited with code 0.
// Launch: 2 / 2
// Execute: dotnet Encina.Benchmarks-MediumRun-1.dll --anonymousPipes 165 166 --benchmarkName "Encina.Benchmarks.EntityFrameworkCore.SpecificationEvaluatorBenchmarks.KeysetPagination_FreshCursor(CriteriaCount: 10)" --job MediumRun --benchmarkId 20 in /home/runner/work/Encina/Encina/tests/Encina.BenchmarkTests/Encina.Benchmarks/bin/Release/net10.0/Encina.Benchmarks-MediumRun-1/bin/Release/net10.0
// Failed to set up high priority (Permission denied). In order to run benchmarks with high priority, make sure you have the right permissions.
// BeforeAnythingElse

// Benchmark Process Environment Information:
// BenchmarkDotNet v0.15.8
// Runtime=.NET 10.0.7 (10.0.7, 10.0.726.21808), X64 RyuJIT x86-64-v3
// GC=Concurrent Workstation
// HardwareIntrinsics=AVX2+BMI1+BMI2+F16C+FMA+LZCNT+MOVBE,AVX,SSE3+SSSE3+SSE4.1+SSE4.2+POPCNT,X86Base+SSE+SSE2,AES+PCLMUL VectorSize=256
// Job: MediumRun(IterationCount=15, LaunchCount=2, WarmupCount=10)

OverheadJitting  1: 1 op, 264828.00 ns, 264.8280 us/op
WorkloadJitting  1: 1 op, 395663164.00 ns, 395.6632 ms/op

OverheadJitting  2: 1 op, 461.00 ns, 461.0000 ns/op
WorkloadJitting  2: 1 op, 5024629.00 ns, 5.0246 ms/op

OverheadJitting  3: 16 op, 513931.00 ns, 32.1207 us/op
WorkloadJitting  3: 16 op, 67268478.00 ns, 4.2043 ms/op

WorkloadPilot    1: 16 op, 66145884.00 ns, 4.1341 ms/op
WorkloadPilot    2: 32 op, 130215693.00 ns, 4.0692 ms/op
WorkloadPilot    3: 64 op, 259940438.00 ns, 4.0616 ms/op
WorkloadPilot    4: 128 op, 525150999.00 ns, 4.1027 ms/op

OverheadWarmup   1: 128 op, 1412.00 ns, 11.0313 ns/op
OverheadWarmup   2: 128 op, 1012.00 ns, 7.9063 ns/op
OverheadWarmup   3: 128 op, 921.00 ns, 7.1953 ns/op
OverheadWarmup   4: 128 op, 1342.00 ns, 10.4844 ns/op
OverheadWarmup   5: 128 op, 1022.00 ns, 7.9844 ns/op
OverheadWarmup   6: 128 op, 1281.00 ns, 10.0078 ns/op
OverheadWarmup   7: 128 op, 1022.00 ns, 7.9844 ns/op

OverheadActual   1: 128 op, 1081.00 ns, 8.4453 ns/op
OverheadActual   2: 128 op, 1081.00 ns, 8.4453 ns/op
OverheadActual   3: 128 op, 1402.00 ns, 10.9531 ns/op
OverheadActual   4: 128 op, 1031.00 ns, 8.0547 ns/op
OverheadActual   5: 128 op, 1201.00 ns, 9.3828 ns/op
OverheadActual   6: 128 op, 1042.00 ns, 8.1406 ns/op
OverheadActual   7: 128 op, 1032.00 ns, 8.0625 ns/op
OverheadActual   8: 128 op, 1021.00 ns, 7.9766 ns/op
OverheadActual   9: 128 op, 1061.00 ns, 8.2891 ns/op
OverheadActual  10: 128 op, 1132.00 ns, 8.8438 ns/op
OverheadActual  11: 128 op, 1443.00 ns, 11.2734 ns/op
OverheadActual  12: 128 op, 982.00 ns, 7.6719 ns/op
OverheadActual  13: 128 op, 1152.00 ns, 9.0000 ns/op
OverheadActual  14: 128 op, 982.00 ns, 7.6719 ns/op
OverheadActual  15: 128 op, 1091.00 ns, 8.5234 ns/op
OverheadActual  16: 128 op, 1061.00 ns, 8.2891 ns/op
OverheadActual  17: 128 op, 1011.00 ns, 7.8984 ns/op
OverheadActual  18: 128 op, 1362.00 ns, 10.6406 ns/op
OverheadActual  19: 128 op, 1052.00 ns, 8.2188 ns/op
OverheadActual  20: 128 op, 1142.00 ns, 8.9219 ns/op

WorkloadWarmup   1: 128 op, 529633914.00 ns, 4.1378 ms/op
WorkloadWarmup   2: 128 op, 521619764.00 ns, 4.0752 ms/op
WorkloadWarmup   3: 128 op, 518925537.00 ns, 4.0541 ms/op
WorkloadWarmup   4: 128 op, 524678949.00 ns, 4.0991 ms/op
WorkloadWarmup   5: 128 op, 522735287.00 ns, 4.0839 ms/op
WorkloadWarmup   6: 128 op, 529477098.00 ns, 4.1365 ms/op
WorkloadWarmup   7: 128 op, 522371687.00 ns, 4.0810 ms/op
WorkloadWarmup   8: 128 op, 524419165.00 ns, 4.0970 ms/op
WorkloadWarmup   9: 128 op, 520936894.00 ns, 4.0698 ms/op
WorkloadWarmup  10: 128 op, 519830955.00 ns, 4.0612 ms/op

// BeforeActualRun
WorkloadActual   1: 128 op, 524766981.00 ns, 4.0997 ms/op
WorkloadActual   2: 128 op, 522140029.00 ns, 4.0792 ms/op
WorkloadActual   3: 128 op, 524081052.00 ns, 4.0944 ms/op
WorkloadActual   4: 128 op, 525449577.00 ns, 4.1051 ms/op
WorkloadActual   5: 128 op, 526451686.00 ns, 4.1129 ms/op
WorkloadActual   6: 128 op, 525694389.00 ns, 4.1070 ms/op
WorkloadActual   7: 128 op, 520821179.00 ns, 4.0689 ms/op
WorkloadActual   8: 128 op, 519532305.00 ns, 4.0588 ms/op
WorkloadActual   9: 128 op, 520138444.00 ns, 4.0636 ms/op
WorkloadActual  10: 128 op, 522317032.00 ns, 4.0806 ms/op
WorkloadActual  11: 128 op, 526415412.00 ns, 4.1126 ms/op
WorkloadActual  12: 128 op, 526824025.00 ns, 4.1158 ms/op
WorkloadActual  13: 128 op, 526636463.00 ns, 4.1143 ms/op
WorkloadActual  14: 128 op, 524765546.00 ns, 4.0997 ms/op
WorkloadActual  15: 128 op, 527904921.00 ns, 4.1243 ms/op

// AfterActualRun
WorkloadResult   1: 128 op, 524765910.00 ns, 4.0997 ms/op
WorkloadResult   2: 128 op, 522138958.00 ns, 4.0792 ms/op
WorkloadResult   3: 128 op, 524079981.00 ns, 4.0944 ms/op
WorkloadResult   4: 128 op, 525448506.00 ns, 4.1051 ms/op
WorkloadResult   5: 128 op, 526450615.00 ns, 4.1129 ms/op
WorkloadResult   6: 128 op, 525693318.00 ns, 4.1070 ms/op
WorkloadResult   7: 128 op, 520820108.00 ns, 4.0689 ms/op
WorkloadResult   8: 128 op, 519531234.00 ns, 4.0588 ms/op
WorkloadResult   9: 128 op, 520137373.00 ns, 4.0636 ms/op
WorkloadResult  10: 128 op, 522315961.00 ns, 4.0806 ms/op
WorkloadResult  11: 128 op, 526414341.00 ns, 4.1126 ms/op
WorkloadResult  12: 128 op, 526822954.00 ns, 4.1158 ms/op
WorkloadResult  13: 128 op, 526635392.00 ns, 4.1143 ms/op
WorkloadResult  14: 128 op, 524764475.00 ns, 4.0997 ms/op
WorkloadResult  15: 128 op, 527903850.00 ns, 4.1242 ms/op
// GC:  0 0 0 14295480 128
// Threading:  2 0 128

// AfterAll
// Benchmark Process 5517 has exited with code 0.

Mean = 4.100 ms, StdErr = 0.004 ms (0.09%), N = 28, StdDev = 0.020 ms
Min = 4.059 ms, Q1 = 4.083 ms, Median = 4.106 ms, Q3 = 4.113 ms, Max = 4.134 ms
IQR = 0.030 ms, LowerFence = 4.039 ms, UpperFence = 4.157 ms
ConfidenceInterval = [4.086 ms; 4.114 ms] (CI 99.9%), Margin = 0.014 ms (0.34% of Mean)
Skewness = -0.51, Kurtosis = 2.21, MValue = 2

// ** Remained 5 (19.2 %) benchmark(s) to run. Estimated finish 2026-05-03 2:14 (0h 3m from now) **
// **************************
// Benchmark: SpecificationEvaluatorBenchmarks.'Lambda Include': MediumRun(IterationCount=15, LaunchCount=2, WarmupCount=10) [CriteriaCount=10]
// *** Execute ***
// Launch: 1 / 2
// Execute: dotnet Encina.Benchmarks-MediumRun-1.dll --anonymousPipes 165 166 --benchmarkName "Encina.Benchmarks.EntityFrameworkCore.SpecificationEvaluatorBenchmarks.Include_Lambda(CriteriaCount: 10)" --job MediumRun --benchmarkId 21 in /home/runner/work/Encina/Encina/tests/Encina.BenchmarkTests/Encina.Benchmarks/bin/Release/net10.0/Encina.Benchmarks-MediumRun-1/bin/Release/net10.0
// Failed to set up high priority (Permission denied). In order to run benchmarks with high priority, make sure you have the right permissions.
// BeforeAnythingElse

// Benchmark Process Environment Information:
// BenchmarkDotNet v0.15.8
// Runtime=.NET 10.0.7 (10.0.7, 10.0.726.21808), X64 RyuJIT x86-64-v3
// GC=Concurrent Workstation
// HardwareIntrinsics=AVX2+BMI1+BMI2+F16C+FMA+LZCNT+MOVBE,AVX,SSE3+SSSE3+SSE4.1+SSE4.2+POPCNT,X86Base+SSE+SSE2,AES+PCLMUL VectorSize=256
// Job: MediumRun(IterationCount=15, LaunchCount=2, WarmupCount=10)

OverheadJitting  1: 1 op, 270015.00 ns, 270.0150 us/op
WorkloadJitting  1: 1 op, 367522143.00 ns, 367.5221 ms/op

OverheadJitting  2: 1 op, 2874.00 ns, 2.8740 us/op
WorkloadJitting  2: 1 op, 1459721.00 ns, 1.4597 ms/op

OverheadJitting  3: 16 op, 512319.00 ns, 32.0199 us/op
WorkloadJitting  3: 16 op, 837156.00 ns, 52.3223 us/op

WorkloadPilot    1: 16 op, 282825.00 ns, 17.6766 us/op
WorkloadPilot    2: 32 op, 466280.00 ns, 14.5713 us/op
WorkloadPilot    3: 64 op, 835734.00 ns, 13.0583 us/op
WorkloadPilot    4: 128 op, 1558138.00 ns, 12.1730 us/op
WorkloadPilot    5: 256 op, 3167524.00 ns, 12.3731 us/op
WorkloadPilot    6: 512 op, 5938822.00 ns, 11.5993 us/op
WorkloadPilot    7: 1024 op, 11775862.00 ns, 11.4999 us/op
WorkloadPilot    8: 2048 op, 23110922.00 ns, 11.2846 us/op
WorkloadPilot    9: 4096 op, 45995375.00 ns, 11.2293 us/op
WorkloadPilot   10: 8192 op, 75343378.00 ns, 9.1972 us/op
WorkloadPilot   11: 16384 op, 150736230.00 ns, 9.2002 us/op
WorkloadPilot   12: 32768 op, 300539770.00 ns, 9.1717 us/op
WorkloadPilot   13: 65536 op, 603168917.00 ns, 9.2036 us/op

OverheadWarmup   1: 65536 op, 273660.00 ns, 4.1757 ns/op
OverheadWarmup   2: 65536 op, 257176.00 ns, 3.9242 ns/op
OverheadWarmup   3: 65536 op, 243285.00 ns, 3.7122 ns/op
OverheadWarmup   4: 65536 op, 243485.00 ns, 3.7153 ns/op
OverheadWarmup   5: 65536 op, 243185.00 ns, 3.7107 ns/op
OverheadWarmup   6: 65536 op, 263886.00 ns, 4.0266 ns/op
OverheadWarmup   7: 65536 op, 262775.00 ns, 4.0096 ns/op

OverheadActual   1: 65536 op, 243165.00 ns, 3.7104 ns/op
OverheadActual   2: 65536 op, 243496.00 ns, 3.7155 ns/op
OverheadActual   3: 65536 op, 243175.00 ns, 3.7106 ns/op
OverheadActual   4: 65536 op, 243205.00 ns, 3.7110 ns/op
OverheadActual   5: 65536 op, 243125.00 ns, 3.7098 ns/op
OverheadActual   6: 65536 op, 243125.00 ns, 3.7098 ns/op
OverheadActual   7: 65536 op, 243165.00 ns, 3.7104 ns/op
OverheadActual   8: 65536 op, 243625.00 ns, 3.7174 ns/op
OverheadActual   9: 65536 op, 244887.00 ns, 3.7367 ns/op
OverheadActual  10: 65536 op, 243155.00 ns, 3.7103 ns/op
OverheadActual  11: 65536 op, 243115.00 ns, 3.7096 ns/op
OverheadActual  12: 65536 op, 243175.00 ns, 3.7106 ns/op
OverheadActual  13: 65536 op, 266430.00 ns, 4.0654 ns/op
OverheadActual  14: 65536 op, 244086.00 ns, 3.7245 ns/op
OverheadActual  15: 65536 op, 243135.00 ns, 3.7099 ns/op

WorkloadWarmup   1: 65536 op, 615775766.00 ns, 9.3960 us/op
WorkloadWarmup   2: 65536 op, 615485420.00 ns, 9.3916 us/op
WorkloadWarmup   3: 65536 op, 604437560.00 ns, 9.2230 us/op
WorkloadWarmup   4: 65536 op, 604093133.00 ns, 9.2177 us/op
WorkloadWarmup   5: 65536 op, 603388616.00 ns, 9.2070 us/op
WorkloadWarmup   6: 65536 op, 602407263.00 ns, 9.1920 us/op
WorkloadWarmup   7: 65536 op, 602533143.00 ns, 9.1939 us/op
WorkloadWarmup   8: 65536 op, 601495345.00 ns, 9.1781 us/op
WorkloadWarmup   9: 65536 op, 602894735.00 ns, 9.1994 us/op
WorkloadWarmup  10: 65536 op, 601314183.00 ns, 9.1753 us/op

// BeforeActualRun
WorkloadActual   1: 65536 op, 602765732.00 ns, 9.1975 us/op
WorkloadActual   2: 65536 op, 603071203.00 ns, 9.2021 us/op
WorkloadActual   3: 65536 op, 600927182.00 ns, 9.1694 us/op
WorkloadActual   4: 65536 op, 603230011.00 ns, 9.2046 us/op
WorkloadActual   5: 65536 op, 599777621.00 ns, 9.1519 us/op
WorkloadActual   6: 65536 op, 603409541.00 ns, 9.2073 us/op
WorkloadActual   7: 65536 op, 603442119.00 ns, 9.2078 us/op
WorkloadActual   8: 65536 op, 603786567.00 ns, 9.2131 us/op
WorkloadActual   9: 65536 op, 604507809.00 ns, 9.2241 us/op
WorkloadActual  10: 65536 op, 602811694.00 ns, 9.1982 us/op
WorkloadActual  11: 65536 op, 604686527.00 ns, 9.2268 us/op
WorkloadActual  12: 65536 op, 603561599.00 ns, 9.2096 us/op
WorkloadActual  13: 65536 op, 600567326.00 ns, 9.1639 us/op
WorkloadActual  14: 65536 op, 603034324.00 ns, 9.2016 us/op
WorkloadActual  15: 65536 op, 605237274.00 ns, 9.2352 us/op

// AfterActualRun
WorkloadResult   1: 65536 op, 602522557.00 ns, 9.1938 us/op
WorkloadResult   2: 65536 op, 602828028.00 ns, 9.1984 us/op
WorkloadResult   3: 65536 op, 600684007.00 ns, 9.1657 us/op
WorkloadResult   4: 65536 op, 602986836.00 ns, 9.2008 us/op
WorkloadResult   5: 65536 op, 599534446.00 ns, 9.1482 us/op
WorkloadResult   6: 65536 op, 603166366.00 ns, 9.2036 us/op
WorkloadResult   7: 65536 op, 603198944.00 ns, 9.2041 us/op
WorkloadResult   8: 65536 op, 603543392.00 ns, 9.2093 us/op
WorkloadResult   9: 65536 op, 604264634.00 ns, 9.2203 us/op
WorkloadResult  10: 65536 op, 602568519.00 ns, 9.1945 us/op
WorkloadResult  11: 65536 op, 604443352.00 ns, 9.2231 us/op
WorkloadResult  12: 65536 op, 603318424.00 ns, 9.2059 us/op
WorkloadResult  13: 65536 op, 600324151.00 ns, 9.1602 us/op
WorkloadResult  14: 65536 op, 602791149.00 ns, 9.1979 us/op
// GC:  17 0 0 285736960 65536
// Threading:  0 0 65536

// AfterAll
// Benchmark Process 5529 has exited with code 0.
// Launch: 2 / 2
// Execute: dotnet Encina.Benchmarks-MediumRun-1.dll --anonymousPipes 165 166 --benchmarkName "Encina.Benchmarks.EntityFrameworkCore.SpecificationEvaluatorBenchmarks.Include_Lambda(CriteriaCount: 10)" --job MediumRun --benchmarkId 21 in /home/runner/work/Encina/Encina/tests/Encina.BenchmarkTests/Encina.Benchmarks/bin/Release/net10.0/Encina.Benchmarks-MediumRun-1/bin/Release/net10.0
// Failed to set up high priority (Permission denied). In order to run benchmarks with high priority, make sure you have the right permissions.
// BeforeAnythingElse

// Benchmark Process Environment Information:
// BenchmarkDotNet v0.15.8
// Runtime=.NET 10.0.7 (10.0.7, 10.0.726.21808), X64 RyuJIT x86-64-v3
// GC=Concurrent Workstation
// HardwareIntrinsics=AVX2+BMI1+BMI2+F16C+FMA+LZCNT+MOVBE,AVX,SSE3+SSSE3+SSE4.1+SSE4.2+POPCNT,X86Base+SSE+SSE2,AES+PCLMUL VectorSize=256
// Job: MediumRun(IterationCount=15, LaunchCount=2, WarmupCount=10)

OverheadJitting  1: 1 op, 264667.00 ns, 264.6670 us/op
WorkloadJitting  1: 1 op, 368178274.00 ns, 368.1783 ms/op

OverheadJitting  2: 1 op, 360.00 ns, 360.0000 ns/op
WorkloadJitting  2: 1 op, 1477898.00 ns, 1.4779 ms/op

OverheadJitting  3: 16 op, 525288.00 ns, 32.8305 us/op
WorkloadJitting  3: 16 op, 840461.00 ns, 52.5288 us/op

WorkloadPilot    1: 16 op, 285518.00 ns, 17.8449 us/op
WorkloadPilot    2: 32 op, 468353.00 ns, 14.6360 us/op
WorkloadPilot    3: 64 op, 830926.00 ns, 12.9832 us/op
WorkloadPilot    4: 128 op, 1551338.00 ns, 12.1198 us/op
WorkloadPilot    5: 256 op, 3110347.00 ns, 12.1498 us/op
WorkloadPilot    6: 512 op, 5865341.00 ns, 11.4557 us/op
WorkloadPilot    7: 1024 op, 11586525.00 ns, 11.3150 us/op
WorkloadPilot    8: 2048 op, 23063335.00 ns, 11.2614 us/op
WorkloadPilot    9: 4096 op, 46026881.00 ns, 11.2370 us/op
WorkloadPilot   10: 8192 op, 75601206.00 ns, 9.2287 us/op
WorkloadPilot   11: 16384 op, 151063253.00 ns, 9.2202 us/op
WorkloadPilot   12: 32768 op, 304559547.00 ns, 9.2944 us/op
WorkloadPilot   13: 65536 op, 603130167.00 ns, 9.2030 us/op

OverheadWarmup   1: 65536 op, 220661.00 ns, 3.3670 ns/op
OverheadWarmup   2: 65536 op, 220331.00 ns, 3.3620 ns/op
OverheadWarmup   3: 65536 op, 220421.00 ns, 3.3634 ns/op
OverheadWarmup   4: 65536 op, 220340.00 ns, 3.3621 ns/op
OverheadWarmup   5: 65536 op, 220291.00 ns, 3.3614 ns/op
OverheadWarmup   6: 65536 op, 220320.00 ns, 3.3618 ns/op
OverheadWarmup   7: 65536 op, 242274.00 ns, 3.6968 ns/op
OverheadWarmup   8: 65536 op, 266650.00 ns, 4.0688 ns/op
OverheadWarmup   9: 65536 op, 220331.00 ns, 3.3620 ns/op

OverheadActual   1: 65536 op, 257516.00 ns, 3.9294 ns/op
OverheadActual   2: 65536 op, 243185.00 ns, 3.7107 ns/op
OverheadActual   3: 65536 op, 220391.00 ns, 3.3629 ns/op
OverheadActual   4: 65536 op, 243124.00 ns, 3.7098 ns/op
OverheadActual   5: 65536 op, 243395.00 ns, 3.7139 ns/op
OverheadActual   6: 65536 op, 220460.00 ns, 3.3640 ns/op
OverheadActual   7: 65536 op, 220320.00 ns, 3.3618 ns/op
OverheadActual   8: 65536 op, 234472.00 ns, 3.5778 ns/op
OverheadActual   9: 65536 op, 220331.00 ns, 3.3620 ns/op
OverheadActual  10: 65536 op, 220400.00 ns, 3.3630 ns/op
OverheadActual  11: 65536 op, 220300.00 ns, 3.3615 ns/op
OverheadActual  12: 65536 op, 220290.00 ns, 3.3614 ns/op
OverheadActual  13: 65536 op, 239370.00 ns, 3.6525 ns/op
OverheadActual  14: 65536 op, 220290.00 ns, 3.3614 ns/op
OverheadActual  15: 65536 op, 220360.00 ns, 3.3624 ns/op
OverheadActual  16: 65536 op, 220291.00 ns, 3.3614 ns/op
OverheadActual  17: 65536 op, 243626.00 ns, 3.7174 ns/op
OverheadActual  18: 65536 op, 220361.00 ns, 3.3624 ns/op
OverheadActual  19: 65536 op, 220281.00 ns, 3.3612 ns/op

WorkloadWarmup   1: 65536 op, 619646940.00 ns, 9.4551 us/op
WorkloadWarmup   2: 65536 op, 614051825.00 ns, 9.3697 us/op
WorkloadWarmup   3: 65536 op, 601460752.00 ns, 9.1776 us/op
WorkloadWarmup   4: 65536 op, 601996777.00 ns, 9.1857 us/op
WorkloadWarmup   5: 65536 op, 604333132.00 ns, 9.2214 us/op
WorkloadWarmup   6: 65536 op, 602136797.00 ns, 9.1879 us/op
WorkloadWarmup   7: 65536 op, 603746990.00 ns, 9.2124 us/op
WorkloadWarmup   8: 65536 op, 604948207.00 ns, 9.2308 us/op
WorkloadWarmup   9: 65536 op, 604195558.00 ns, 9.2193 us/op
WorkloadWarmup  10: 65536 op, 603450760.00 ns, 9.2079 us/op

// BeforeActualRun
WorkloadActual   1: 65536 op, 606848043.00 ns, 9.2598 us/op
WorkloadActual   2: 65536 op, 605116079.00 ns, 9.2333 us/op
WorkloadActual   3: 65536 op, 606909751.00 ns, 9.2607 us/op
WorkloadActual   4: 65536 op, 605329820.00 ns, 9.2366 us/op
WorkloadActual   5: 65536 op, 604960716.00 ns, 9.2310 us/op
WorkloadActual   6: 65536 op, 604937827.00 ns, 9.2306 us/op
WorkloadActual   7: 65536 op, 604935087.00 ns, 9.2306 us/op
WorkloadActual   8: 65536 op, 604773144.00 ns, 9.2281 us/op
WorkloadActual   9: 65536 op, 604677802.00 ns, 9.2267 us/op
WorkloadActual  10: 65536 op, 607659088.00 ns, 9.2721 us/op
WorkloadActual  11: 65536 op, 607199749.00 ns, 9.2651 us/op
WorkloadActual  12: 65536 op, 605406409.00 ns, 9.2378 us/op
WorkloadActual  13: 65536 op, 605508202.00 ns, 9.2393 us/op
WorkloadActual  14: 65536 op, 605959318.00 ns, 9.2462 us/op
WorkloadActual  15: 65536 op, 609482605.00 ns, 9.3000 us/op

// AfterActualRun
WorkloadResult   1: 65536 op, 606627652.00 ns, 9.2564 us/op
WorkloadResult   2: 65536 op, 604895688.00 ns, 9.2300 us/op
WorkloadResult   3: 65536 op, 606689360.00 ns, 9.2573 us/op
WorkloadResult   4: 65536 op, 605109429.00 ns, 9.2332 us/op
WorkloadResult   5: 65536 op, 604740325.00 ns, 9.2276 us/op
WorkloadResult   6: 65536 op, 604717436.00 ns, 9.2273 us/op
WorkloadResult   7: 65536 op, 604714696.00 ns, 9.2272 us/op
WorkloadResult   8: 65536 op, 604552753.00 ns, 9.2247 us/op
WorkloadResult   9: 65536 op, 604457411.00 ns, 9.2233 us/op
WorkloadResult  10: 65536 op, 607438697.00 ns, 9.2688 us/op
WorkloadResult  11: 65536 op, 606979358.00 ns, 9.2618 us/op
WorkloadResult  12: 65536 op, 605186018.00 ns, 9.2344 us/op
WorkloadResult  13: 65536 op, 605287811.00 ns, 9.2360 us/op
WorkloadResult  14: 65536 op, 605738927.00 ns, 9.2428 us/op
WorkloadResult  15: 65536 op, 609262214.00 ns, 9.2966 us/op
// GC:  17 0 0 285736960 65536
// Threading:  0 0 65536

// AfterAll
// Benchmark Process 5547 has exited with code 0.

Mean = 9.220 μs, StdErr = 0.006 μs (0.07%), N = 29, StdDev = 0.032 μs
Min = 9.148 μs, Q1 = 9.201 μs, Median = 9.223 μs, Q3 = 9.234 μs, Max = 9.297 μs
IQR = 0.034 μs, LowerFence = 9.151 μs, UpperFence = 9.285 μs
ConfidenceInterval = [9.198 μs; 9.242 μs] (CI 99.9%), Margin = 0.022 μs (0.24% of Mean)
Skewness = -0.04, Kurtosis = 3.04, MValue = 2

// ** Remained 4 (15.4 %) benchmark(s) to run. Estimated finish 2026-05-03 2:14 (0h 2m from now) **
// **************************
// Benchmark: SpecificationEvaluatorBenchmarks.'String Include': MediumRun(IterationCount=15, LaunchCount=2, WarmupCount=10) [CriteriaCount=10]
// *** Execute ***
// Launch: 1 / 2
// Execute: dotnet Encina.Benchmarks-MediumRun-1.dll --anonymousPipes 165 166 --benchmarkName "Encina.Benchmarks.EntityFrameworkCore.SpecificationEvaluatorBenchmarks.Include_String(CriteriaCount: 10)" --job MediumRun --benchmarkId 22 in /home/runner/work/Encina/Encina/tests/Encina.BenchmarkTests/Encina.Benchmarks/bin/Release/net10.0/Encina.Benchmarks-MediumRun-1/bin/Release/net10.0
// Failed to set up high priority (Permission denied). In order to run benchmarks with high priority, make sure you have the right permissions.
// BeforeAnythingElse

// Benchmark Process Environment Information:
// BenchmarkDotNet v0.15.8
// Runtime=.NET 10.0.7 (10.0.7, 10.0.726.21808), X64 RyuJIT x86-64-v3
// GC=Concurrent Workstation
// HardwareIntrinsics=AVX2+BMI1+BMI2+F16C+FMA+LZCNT+MOVBE,AVX,SSE3+SSSE3+SSE4.1+SSE4.2+POPCNT,X86Base+SSE+SSE2,AES+PCLMUL VectorSize=256
// Job: MediumRun(IterationCount=15, LaunchCount=2, WarmupCount=10)

OverheadJitting  1: 1 op, 261001.00 ns, 261.0010 us/op
WorkloadJitting  1: 1 op, 366922941.00 ns, 366.9229 ms/op

OverheadJitting  2: 1 op, 361.00 ns, 361.0000 ns/op
WorkloadJitting  2: 1 op, 1455373.00 ns, 1.4554 ms/op

OverheadJitting  3: 16 op, 512389.00 ns, 32.0243 us/op
WorkloadJitting  3: 16 op, 845348.00 ns, 52.8343 us/op

WorkloadPilot    1: 16 op, 285959.00 ns, 17.8724 us/op
WorkloadPilot    2: 32 op, 471237.00 ns, 14.7262 us/op
WorkloadPilot    3: 64 op, 897296.00 ns, 14.0203 us/op
WorkloadPilot    4: 128 op, 1574202.00 ns, 12.2985 us/op
WorkloadPilot    5: 256 op, 3139060.00 ns, 12.2620 us/op
WorkloadPilot    6: 512 op, 5821475.00 ns, 11.3701 us/op
WorkloadPilot    7: 1024 op, 11555869.00 ns, 11.2850 us/op
WorkloadPilot    8: 2048 op, 23126940.00 ns, 11.2925 us/op
WorkloadPilot    9: 4096 op, 45772769.00 ns, 11.1750 us/op
WorkloadPilot   10: 8192 op, 74830578.00 ns, 9.1346 us/op
WorkloadPilot   11: 16384 op, 149275306.00 ns, 9.1110 us/op
WorkloadPilot   12: 32768 op, 297389983.00 ns, 9.0756 us/op
WorkloadPilot   13: 65536 op, 597064793.00 ns, 9.1105 us/op

OverheadWarmup   1: 65536 op, 251607.00 ns, 3.8392 ns/op
OverheadWarmup   2: 65536 op, 286350.00 ns, 4.3694 ns/op
OverheadWarmup   3: 65536 op, 252529.00 ns, 3.8533 ns/op
OverheadWarmup   4: 65536 op, 254041.00 ns, 3.8764 ns/op
OverheadWarmup   5: 65536 op, 251067.00 ns, 3.8310 ns/op

OverheadActual   1: 65536 op, 252168.00 ns, 3.8478 ns/op
OverheadActual   2: 65536 op, 252219.00 ns, 3.8486 ns/op
OverheadActual   3: 65536 op, 255613.00 ns, 3.9003 ns/op
OverheadActual   4: 65536 op, 264387.00 ns, 4.0342 ns/op
OverheadActual   5: 65536 op, 265258.00 ns, 4.0475 ns/op
OverheadActual   6: 65536 op, 253991.00 ns, 3.8756 ns/op
OverheadActual   7: 65536 op, 251007.00 ns, 3.8301 ns/op
OverheadActual   8: 65536 op, 250827.00 ns, 3.8273 ns/op
OverheadActual   9: 65536 op, 288043.00 ns, 4.3952 ns/op
OverheadActual  10: 65536 op, 275003.00 ns, 4.1962 ns/op
OverheadActual  11: 65536 op, 251448.00 ns, 3.8368 ns/op
OverheadActual  12: 65536 op, 250856.00 ns, 3.8278 ns/op
OverheadActual  13: 65536 op, 266670.00 ns, 4.0691 ns/op
OverheadActual  14: 65536 op, 251267.00 ns, 3.8340 ns/op
OverheadActual  15: 65536 op, 274172.00 ns, 4.1835 ns/op

WorkloadWarmup   1: 65536 op, 611371498.00 ns, 9.3288 us/op
WorkloadWarmup   2: 65536 op, 610867212.00 ns, 9.3211 us/op
WorkloadWarmup   3: 65536 op, 597538138.00 ns, 9.1177 us/op
WorkloadWarmup   4: 65536 op, 598869279.00 ns, 9.1380 us/op
WorkloadWarmup   5: 65536 op, 599348968.00 ns, 9.1453 us/op
WorkloadWarmup   6: 65536 op, 602545084.00 ns, 9.1941 us/op
WorkloadWarmup   7: 65536 op, 597703018.00 ns, 9.1202 us/op
WorkloadWarmup   8: 65536 op, 600594066.00 ns, 9.1643 us/op
WorkloadWarmup   9: 65536 op, 598453064.00 ns, 9.1317 us/op
WorkloadWarmup  10: 65536 op, 595124139.00 ns, 9.0809 us/op

// BeforeActualRun
WorkloadActual   1: 65536 op, 602050662.00 ns, 9.1866 us/op
WorkloadActual   2: 65536 op, 600010551.00 ns, 9.1554 us/op
WorkloadActual   3: 65536 op, 600398754.00 ns, 9.1614 us/op
WorkloadActual   4: 65536 op, 600789310.00 ns, 9.1673 us/op
WorkloadActual   5: 65536 op, 602365705.00 ns, 9.1914 us/op
WorkloadActual   6: 65536 op, 599267062.00 ns, 9.1441 us/op
WorkloadActual   7: 65536 op, 600417104.00 ns, 9.1616 us/op
WorkloadActual   8: 65536 op, 600559968.00 ns, 9.1638 us/op
WorkloadActual   9: 65536 op, 598812176.00 ns, 9.1371 us/op
WorkloadActual  10: 65536 op, 601390875.00 ns, 9.1765 us/op
WorkloadActual  11: 65536 op, 600888441.00 ns, 9.1688 us/op
WorkloadActual  12: 65536 op, 601732117.00 ns, 9.1817 us/op
WorkloadActual  13: 65536 op, 601279478.00 ns, 9.1748 us/op
WorkloadActual  14: 65536 op, 597925555.00 ns, 9.1236 us/op
WorkloadActual  15: 65536 op, 601341811.00 ns, 9.1757 us/op

// AfterActualRun
WorkloadResult   1: 65536 op, 601796671.00 ns, 9.1827 us/op
WorkloadResult   2: 65536 op, 599756560.00 ns, 9.1516 us/op
WorkloadResult   3: 65536 op, 600144763.00 ns, 9.1575 us/op
WorkloadResult   4: 65536 op, 600535319.00 ns, 9.1634 us/op
WorkloadResult   5: 65536 op, 602111714.00 ns, 9.1875 us/op
WorkloadResult   6: 65536 op, 599013071.00 ns, 9.1402 us/op
WorkloadResult   7: 65536 op, 600163113.00 ns, 9.1578 us/op
WorkloadResult   8: 65536 op, 600305977.00 ns, 9.1599 us/op
WorkloadResult   9: 65536 op, 598558185.00 ns, 9.1333 us/op
WorkloadResult  10: 65536 op, 601136884.00 ns, 9.1726 us/op
WorkloadResult  11: 65536 op, 600634450.00 ns, 9.1650 us/op
WorkloadResult  12: 65536 op, 601478126.00 ns, 9.1778 us/op
WorkloadResult  13: 65536 op, 601025487.00 ns, 9.1709 us/op
WorkloadResult  14: 65536 op, 597671564.00 ns, 9.1197 us/op
WorkloadResult  15: 65536 op, 601087820.00 ns, 9.1719 us/op
// GC:  17 0 0 285736960 65536
// Threading:  0 0 65536

// AfterAll
// Benchmark Process 5559 has exited with code 0.
// Launch: 2 / 2
// Execute: dotnet Encina.Benchmarks-MediumRun-1.dll --anonymousPipes 165 166 --benchmarkName "Encina.Benchmarks.EntityFrameworkCore.SpecificationEvaluatorBenchmarks.Include_String(CriteriaCount: 10)" --job MediumRun --benchmarkId 22 in /home/runner/work/Encina/Encina/tests/Encina.BenchmarkTests/Encina.Benchmarks/bin/Release/net10.0/Encina.Benchmarks-MediumRun-1/bin/Release/net10.0
// Failed to set up high priority (Permission denied). In order to run benchmarks with high priority, make sure you have the right permissions.
// BeforeAnythingElse

// Benchmark Process Environment Information:
// BenchmarkDotNet v0.15.8
// Runtime=.NET 10.0.7 (10.0.7, 10.0.726.21808), X64 RyuJIT x86-64-v3
// GC=Concurrent Workstation
// HardwareIntrinsics=AVX2+BMI1+BMI2+F16C+FMA+LZCNT+MOVBE,AVX,SSE3+SSSE3+SSE4.1+SSE4.2+POPCNT,X86Base+SSE+SSE2,AES+PCLMUL VectorSize=256
// Job: MediumRun(IterationCount=15, LaunchCount=2, WarmupCount=10)

OverheadJitting  1: 1 op, 257757.00 ns, 257.7570 us/op
WorkloadJitting  1: 1 op, 366648807.00 ns, 366.6488 ms/op

OverheadJitting  2: 1 op, 421.00 ns, 421.0000 ns/op
WorkloadJitting  2: 1 op, 1404147.00 ns, 1.4041 ms/op

OverheadJitting  3: 16 op, 527121.00 ns, 32.9451 us/op
WorkloadJitting  3: 16 op, 813650.00 ns, 50.8531 us/op

WorkloadPilot    1: 16 op, 291067.00 ns, 18.1917 us/op
WorkloadPilot    2: 32 op, 457827.00 ns, 14.3071 us/op
WorkloadPilot    3: 64 op, 855493.00 ns, 13.3671 us/op
WorkloadPilot    4: 128 op, 1548153.00 ns, 12.0949 us/op
WorkloadPilot    5: 256 op, 3098259.00 ns, 12.1026 us/op
WorkloadPilot    6: 512 op, 5834835.00 ns, 11.3962 us/op
WorkloadPilot    7: 1024 op, 11411723.00 ns, 11.1443 us/op
WorkloadPilot    8: 2048 op, 22804287.00 ns, 11.1349 us/op
WorkloadPilot    9: 4096 op, 45387872.00 ns, 11.0810 us/op
WorkloadPilot   10: 8192 op, 74796608.00 ns, 9.1304 us/op
WorkloadPilot   11: 16384 op, 149611114.00 ns, 9.1315 us/op
WorkloadPilot   12: 32768 op, 302705893.00 ns, 9.2379 us/op
WorkloadPilot   13: 65536 op, 596169551.00 ns, 9.0968 us/op

OverheadWarmup   1: 65536 op, 252859.00 ns, 3.8583 ns/op
OverheadWarmup   2: 65536 op, 253290.00 ns, 3.8649 ns/op
OverheadWarmup   3: 65536 op, 250997.00 ns, 3.8299 ns/op
OverheadWarmup   4: 65536 op, 250465.00 ns, 3.8218 ns/op
OverheadWarmup   5: 65536 op, 263986.00 ns, 4.0281 ns/op
OverheadWarmup   6: 65536 op, 250475.00 ns, 3.8219 ns/op

OverheadActual   1: 65536 op, 252810.00 ns, 3.8576 ns/op
OverheadActual   2: 65536 op, 252399.00 ns, 3.8513 ns/op
OverheadActual   3: 65536 op, 252850.00 ns, 3.8582 ns/op
OverheadActual   4: 65536 op, 251247.00 ns, 3.8337 ns/op
OverheadActual   5: 65536 op, 255974.00 ns, 3.9059 ns/op
OverheadActual   6: 65536 op, 250957.00 ns, 3.8293 ns/op
OverheadActual   7: 65536 op, 266921.00 ns, 4.0729 ns/op
OverheadActual   8: 65536 op, 252929.00 ns, 3.8594 ns/op
OverheadActual   9: 65536 op, 250817.00 ns, 3.8272 ns/op
OverheadActual  10: 65536 op, 251157.00 ns, 3.8324 ns/op
OverheadActual  11: 65536 op, 268853.00 ns, 4.1024 ns/op
OverheadActual  12: 65536 op, 250205.00 ns, 3.8178 ns/op
OverheadActual  13: 65536 op, 250666.00 ns, 3.8249 ns/op
OverheadActual  14: 65536 op, 250526.00 ns, 3.8227 ns/op
OverheadActual  15: 65536 op, 252439.00 ns, 3.8519 ns/op

WorkloadWarmup   1: 65536 op, 609843088.00 ns, 9.3055 us/op
WorkloadWarmup   2: 65536 op, 608513763.00 ns, 9.2852 us/op
WorkloadWarmup   3: 65536 op, 597198005.00 ns, 9.1125 us/op
WorkloadWarmup   4: 65536 op, 597840288.00 ns, 9.1223 us/op
WorkloadWarmup   5: 65536 op, 596491695.00 ns, 9.1017 us/op
WorkloadWarmup   6: 65536 op, 598961420.00 ns, 9.1394 us/op
WorkloadWarmup   7: 65536 op, 595812536.00 ns, 9.0914 us/op
WorkloadWarmup   8: 65536 op, 597190774.00 ns, 9.1124 us/op
WorkloadWarmup   9: 65536 op, 599782283.00 ns, 9.1520 us/op
WorkloadWarmup  10: 65536 op, 596917514.00 ns, 9.1082 us/op

// BeforeActualRun
WorkloadActual   1: 65536 op, 600532648.00 ns, 9.1634 us/op
WorkloadActual   2: 65536 op, 598938767.00 ns, 9.1391 us/op
WorkloadActual   3: 65536 op, 598162878.00 ns, 9.1272 us/op
WorkloadActual   4: 65536 op, 599695999.00 ns, 9.1506 us/op
WorkloadActual   5: 65536 op, 598282108.00 ns, 9.1291 us/op
WorkloadActual   6: 65536 op, 596849108.00 ns, 9.1072 us/op
WorkloadActual   7: 65536 op, 596419988.00 ns, 9.1006 us/op
WorkloadActual   8: 65536 op, 598608087.00 ns, 9.1340 us/op
WorkloadActual   9: 65536 op, 598493194.00 ns, 9.1323 us/op
WorkloadActual  10: 65536 op, 597233084.00 ns, 9.1131 us/op
WorkloadActual  11: 65536 op, 597104871.00 ns, 9.1111 us/op
WorkloadActual  12: 65536 op, 596664110.00 ns, 9.1044 us/op
WorkloadActual  13: 65536 op, 599793175.00 ns, 9.1521 us/op
WorkloadActual  14: 65536 op, 598322318.00 ns, 9.1297 us/op
WorkloadActual  15: 65536 op, 599756139.00 ns, 9.1516 us/op

// AfterActualRun
WorkloadResult   1: 65536 op, 600280249.00 ns, 9.1595 us/op
WorkloadResult   2: 65536 op, 598686368.00 ns, 9.1352 us/op
WorkloadResult   3: 65536 op, 597910479.00 ns, 9.1234 us/op
WorkloadResult   4: 65536 op, 599443600.00 ns, 9.1468 us/op
WorkloadResult   5: 65536 op, 598029709.00 ns, 9.1252 us/op
WorkloadResult   6: 65536 op, 596596709.00 ns, 9.1033 us/op
WorkloadResult   7: 65536 op, 596167589.00 ns, 9.0968 us/op
WorkloadResult   8: 65536 op, 598355688.00 ns, 9.1302 us/op
WorkloadResult   9: 65536 op, 598240795.00 ns, 9.1284 us/op
WorkloadResult  10: 65536 op, 596980685.00 ns, 9.1092 us/op
WorkloadResult  11: 65536 op, 596852472.00 ns, 9.1072 us/op
WorkloadResult  12: 65536 op, 596411711.00 ns, 9.1005 us/op
WorkloadResult  13: 65536 op, 599540776.00 ns, 9.1483 us/op
WorkloadResult  14: 65536 op, 598069919.00 ns, 9.1258 us/op
WorkloadResult  15: 65536 op, 599503740.00 ns, 9.1477 us/op
// GC:  17 0 0 285736960 65536
// Threading:  0 0 65536

// AfterAll
// Benchmark Process 5569 has exited with code 0.

Mean = 9.143 μs, StdErr = 0.005 μs (0.05%), N = 30, StdDev = 0.026 μs
Min = 9.097 μs, Q1 = 9.125 μs, Median = 9.147 μs, Q3 = 9.163 μs, Max = 9.187 μs
IQR = 0.037 μs, LowerFence = 9.070 μs, UpperFence = 9.218 μs
ConfidenceInterval = [9.126 μs; 9.161 μs] (CI 99.9%), Margin = 0.017 μs (0.19% of Mean)
Skewness = -0.15, Kurtosis = 1.86, MValue = 2

// ** Remained 3 (11.5 %) benchmark(s) to run. Estimated finish 2026-05-03 2:14 (0h 2m from now) **
// **************************
// Benchmark: SpecificationEvaluatorBenchmarks.'Multi-column ordering': MediumRun(IterationCount=15, LaunchCount=2, WarmupCount=10) [CriteriaCount=10]
// *** Execute ***
// Launch: 1 / 2
// Execute: dotnet Encina.Benchmarks-MediumRun-1.dll --anonymousPipes 165 166 --benchmarkName "Encina.Benchmarks.EntityFrameworkCore.SpecificationEvaluatorBenchmarks.MultiColumnOrdering(CriteriaCount: 10)" --job MediumRun --benchmarkId 23 in /home/runner/work/Encina/Encina/tests/Encina.BenchmarkTests/Encina.Benchmarks/bin/Release/net10.0/Encina.Benchmarks-MediumRun-1/bin/Release/net10.0
// Failed to set up high priority (Permission denied). In order to run benchmarks with high priority, make sure you have the right permissions.
// BeforeAnythingElse

// Benchmark Process Environment Information:
// BenchmarkDotNet v0.15.8
// Runtime=.NET 10.0.7 (10.0.7, 10.0.726.21808), X64 RyuJIT x86-64-v3
// GC=Concurrent Workstation
// HardwareIntrinsics=AVX2+BMI1+BMI2+F16C+FMA+LZCNT+MOVBE,AVX,SSE3+SSSE3+SSE4.1+SSE4.2+POPCNT,X86Base+SSE+SSE2,AES+PCLMUL VectorSize=256
// Job: MediumRun(IterationCount=15, LaunchCount=2, WarmupCount=10)

OverheadJitting  1: 1 op, 237627.00 ns, 237.6270 us/op
WorkloadJitting  1: 1 op, 376361605.00 ns, 376.3616 ms/op

OverheadJitting  2: 1 op, 261.00 ns, 261.0000 ns/op
WorkloadJitting  2: 1 op, 1439270.00 ns, 1.4393 ms/op

OverheadJitting  3: 16 op, 523766.00 ns, 32.7354 us/op
WorkloadJitting  3: 16 op, 1059019.00 ns, 66.1887 us/op

WorkloadPilot    1: 16 op, 510576.00 ns, 31.9110 us/op
WorkloadPilot    2: 32 op, 942034.00 ns, 29.4386 us/op
WorkloadPilot    3: 64 op, 1714943.00 ns, 26.7960 us/op
WorkloadPilot    4: 128 op, 3432150.00 ns, 26.8137 us/op
WorkloadPilot    5: 256 op, 6535246.00 ns, 25.5283 us/op
WorkloadPilot    6: 512 op, 12939495.00 ns, 25.2725 us/op
WorkloadPilot    7: 1024 op, 24204889.00 ns, 23.6376 us/op
WorkloadPilot    8: 2048 op, 48816507.00 ns, 23.8362 us/op
WorkloadPilot    9: 4096 op, 87409104.00 ns, 21.3401 us/op
WorkloadPilot   10: 8192 op, 172120339.00 ns, 21.0108 us/op
WorkloadPilot   11: 16384 op, 336367375.00 ns, 20.5302 us/op
WorkloadPilot   12: 32768 op, 676862474.00 ns, 20.6562 us/op

OverheadWarmup   1: 32768 op, 122323.00 ns, 3.7330 ns/op
OverheadWarmup   2: 32768 op, 133421.00 ns, 4.0717 ns/op
OverheadWarmup   3: 32768 op, 110465.00 ns, 3.3711 ns/op
OverheadWarmup   4: 32768 op, 110396.00 ns, 3.3690 ns/op
OverheadWarmup   5: 32768 op, 110466.00 ns, 3.3712 ns/op
OverheadWarmup   6: 32768 op, 110385.00 ns, 3.3687 ns/op

OverheadActual   1: 32768 op, 127802.00 ns, 3.9002 ns/op
OverheadActual   2: 32768 op, 121893.00 ns, 3.7199 ns/op
OverheadActual   3: 32768 op, 110596.00 ns, 3.3751 ns/op
OverheadActual   4: 32768 op, 121903.00 ns, 3.7202 ns/op
OverheadActual   5: 32768 op, 129654.00 ns, 3.9567 ns/op
OverheadActual   6: 32768 op, 110526.00 ns, 3.3730 ns/op
OverheadActual   7: 32768 op, 110436.00 ns, 3.3702 ns/op
OverheadActual   8: 32768 op, 110446.00 ns, 3.3705 ns/op
OverheadActual   9: 32768 op, 110395.00 ns, 3.3690 ns/op
OverheadActual  10: 32768 op, 110386.00 ns, 3.3687 ns/op
OverheadActual  11: 32768 op, 110446.00 ns, 3.3705 ns/op
OverheadActual  12: 32768 op, 132959.00 ns, 4.0576 ns/op
OverheadActual  13: 32768 op, 110415.00 ns, 3.3696 ns/op
OverheadActual  14: 32768 op, 121823.00 ns, 3.7177 ns/op
OverheadActual  15: 32768 op, 110456.00 ns, 3.3708 ns/op
OverheadActual  16: 32768 op, 110396.00 ns, 3.3690 ns/op
OverheadActual  17: 32768 op, 110656.00 ns, 3.3770 ns/op
OverheadActual  18: 32768 op, 110396.00 ns, 3.3690 ns/op
OverheadActual  19: 32768 op, 121803.00 ns, 3.7171 ns/op
OverheadActual  20: 32768 op, 121803.00 ns, 3.7171 ns/op

WorkloadWarmup   1: 32768 op, 684069828.00 ns, 20.8762 us/op
WorkloadWarmup   2: 32768 op, 687546535.00 ns, 20.9823 us/op
WorkloadWarmup   3: 32768 op, 675343155.00 ns, 20.6098 us/op
WorkloadWarmup   4: 32768 op, 676439980.00 ns, 20.6433 us/op
WorkloadWarmup   5: 32768 op, 677957807.00 ns, 20.6896 us/op
WorkloadWarmup   6: 32768 op, 674405097.00 ns, 20.5812 us/op
WorkloadWarmup   7: 32768 op, 673835342.00 ns, 20.5638 us/op
WorkloadWarmup   8: 32768 op, 681022904.00 ns, 20.7832 us/op
WorkloadWarmup   9: 32768 op, 676891918.00 ns, 20.6571 us/op
WorkloadWarmup  10: 32768 op, 676412540.00 ns, 20.6425 us/op

// BeforeActualRun
WorkloadActual   1: 32768 op, 679065362.00 ns, 20.7234 us/op
WorkloadActual   2: 32768 op, 676823256.00 ns, 20.6550 us/op
WorkloadActual   3: 32768 op, 677428334.00 ns, 20.6735 us/op
WorkloadActual   4: 32768 op, 678425401.00 ns, 20.7039 us/op
WorkloadActual   5: 32768 op, 675562714.00 ns, 20.6165 us/op
WorkloadActual   6: 32768 op, 677339787.00 ns, 20.6708 us/op
WorkloadActual   7: 32768 op, 678328866.00 ns, 20.7010 us/op
WorkloadActual   8: 32768 op, 675260677.00 ns, 20.6073 us/op
WorkloadActual   9: 32768 op, 677273735.00 ns, 20.6688 us/op
WorkloadActual  10: 32768 op, 675019063.00 ns, 20.5999 us/op
WorkloadActual  11: 32768 op, 676704422.00 ns, 20.6514 us/op
WorkloadActual  12: 32768 op, 675755509.00 ns, 20.6224 us/op
WorkloadActual  13: 32768 op, 675144402.00 ns, 20.6038 us/op
WorkloadActual  14: 32768 op, 675447696.00 ns, 20.6130 us/op
WorkloadActual  15: 32768 op, 677420246.00 ns, 20.6732 us/op

// AfterActualRun
WorkloadResult   1: 32768 op, 678954801.00 ns, 20.7201 us/op
WorkloadResult   2: 32768 op, 676712695.00 ns, 20.6516 us/op
WorkloadResult   3: 32768 op, 677317773.00 ns, 20.6701 us/op
WorkloadResult   4: 32768 op, 678314840.00 ns, 20.7005 us/op
WorkloadResult   5: 32768 op, 675452153.00 ns, 20.6132 us/op
WorkloadResult   6: 32768 op, 677229226.00 ns, 20.6674 us/op
WorkloadResult   7: 32768 op, 678218305.00 ns, 20.6976 us/op
WorkloadResult   8: 32768 op, 675150116.00 ns, 20.6039 us/op
WorkloadResult   9: 32768 op, 677163174.00 ns, 20.6654 us/op
WorkloadResult  10: 32768 op, 674908502.00 ns, 20.5966 us/op
WorkloadResult  11: 32768 op, 676593861.00 ns, 20.6480 us/op
WorkloadResult  12: 32768 op, 675644948.00 ns, 20.6190 us/op
WorkloadResult  13: 32768 op, 675033841.00 ns, 20.6004 us/op
WorkloadResult  14: 32768 op, 675337135.00 ns, 20.6097 us/op
WorkloadResult  15: 32768 op, 677309685.00 ns, 20.6699 us/op
// GC:  17 0 0 294387712 32768
// Threading:  0 0 32768

// AfterAll
// Benchmark Process 5579 has exited with code 0.
// Launch: 2 / 2
// Execute: dotnet Encina.Benchmarks-MediumRun-1.dll --anonymousPipes 165 166 --benchmarkName "Encina.Benchmarks.EntityFrameworkCore.SpecificationEvaluatorBenchmarks.MultiColumnOrdering(CriteriaCount: 10)" --job MediumRun --benchmarkId 23 in /home/runner/work/Encina/Encina/tests/Encina.BenchmarkTests/Encina.Benchmarks/bin/Release/net10.0/Encina.Benchmarks-MediumRun-1/bin/Release/net10.0
// Failed to set up high priority (Permission denied). In order to run benchmarks with high priority, make sure you have the right permissions.
// BeforeAnythingElse

// Benchmark Process Environment Information:
// BenchmarkDotNet v0.15.8
// Runtime=.NET 10.0.7 (10.0.7, 10.0.726.21808), X64 RyuJIT x86-64-v3
// GC=Concurrent Workstation
// HardwareIntrinsics=AVX2+BMI1+BMI2+F16C+FMA+LZCNT+MOVBE,AVX,SSE3+SSSE3+SSE4.1+SSE4.2+POPCNT,X86Base+SSE+SSE2,AES+PCLMUL VectorSize=256
// Job: MediumRun(IterationCount=15, LaunchCount=2, WarmupCount=10)

OverheadJitting  1: 1 op, 239089.00 ns, 239.0890 us/op
WorkloadJitting  1: 1 op, 376367447.00 ns, 376.3674 ms/op

OverheadJitting  2: 1 op, 380.00 ns, 380.0000 ns/op
WorkloadJitting  2: 1 op, 1453000.00 ns, 1.4530 ms/op

OverheadJitting  3: 16 op, 581182.00 ns, 36.3239 us/op
WorkloadJitting  3: 16 op, 1072589.00 ns, 67.0368 us/op

WorkloadPilot    1: 16 op, 524177.00 ns, 32.7611 us/op
WorkloadPilot    2: 32 op, 982053.00 ns, 30.6892 us/op
WorkloadPilot    3: 64 op, 1810276.00 ns, 28.2856 us/op
WorkloadPilot    4: 128 op, 3558590.00 ns, 27.8015 us/op
WorkloadPilot    5: 256 op, 6720925.00 ns, 26.2536 us/op
WorkloadPilot    6: 512 op, 13402440.00 ns, 26.1766 us/op
WorkloadPilot    7: 1024 op, 24809886.00 ns, 24.2284 us/op
WorkloadPilot    8: 2048 op, 49812141.00 ns, 24.3223 us/op
WorkloadPilot    9: 4096 op, 90002575.00 ns, 21.9733 us/op
WorkloadPilot   10: 8192 op, 177590789.00 ns, 21.6786 us/op
WorkloadPilot   11: 16384 op, 347823126.00 ns, 21.2294 us/op
WorkloadPilot   12: 32768 op, 695890410.00 ns, 21.2369 us/op

OverheadWarmup   1: 32768 op, 131928.00 ns, 4.0261 ns/op
OverheadWarmup   2: 32768 op, 131938.00 ns, 4.0264 ns/op
OverheadWarmup   3: 32768 op, 128973.00 ns, 3.9359 ns/op
OverheadWarmup   4: 32768 op, 129855.00 ns, 3.9629 ns/op
OverheadWarmup   5: 32768 op, 129755.00 ns, 3.9598 ns/op

OverheadActual   1: 32768 op, 140591.00 ns, 4.2905 ns/op
OverheadActual   2: 32768 op, 130266.00 ns, 3.9754 ns/op
OverheadActual   3: 32768 op, 129314.00 ns, 3.9464 ns/op
OverheadActual   4: 32768 op, 129985.00 ns, 3.9668 ns/op
OverheadActual   5: 32768 op, 129995.00 ns, 3.9671 ns/op
OverheadActual   6: 32768 op, 132459.00 ns, 4.0423 ns/op
OverheadActual   7: 32768 op, 145157.00 ns, 4.4298 ns/op
OverheadActual   8: 32768 op, 129484.00 ns, 3.9515 ns/op
OverheadActual   9: 32768 op, 129524.00 ns, 3.9528 ns/op
OverheadActual  10: 32768 op, 131097.00 ns, 4.0008 ns/op
OverheadActual  11: 32768 op, 129814.00 ns, 3.9616 ns/op
OverheadActual  12: 32768 op, 145478.00 ns, 4.4396 ns/op
OverheadActual  13: 32768 op, 129795.00 ns, 3.9610 ns/op
OverheadActual  14: 32768 op, 133791.00 ns, 4.0830 ns/op
OverheadActual  15: 32768 op, 143745.00 ns, 4.3867 ns/op

WorkloadWarmup   1: 32768 op, 712204131.00 ns, 21.7347 us/op
WorkloadWarmup   2: 32768 op, 705208657.00 ns, 21.5213 us/op
WorkloadWarmup   3: 32768 op, 697917827.00 ns, 21.2988 us/op
WorkloadWarmup   4: 32768 op, 699630457.00 ns, 21.3510 us/op
WorkloadWarmup   5: 32768 op, 698031869.00 ns, 21.3022 us/op
WorkloadWarmup   6: 32768 op, 695692037.00 ns, 21.2308 us/op
WorkloadWarmup   7: 32768 op, 700152410.00 ns, 21.3670 us/op
WorkloadWarmup   8: 32768 op, 695451837.00 ns, 21.2235 us/op
WorkloadWarmup   9: 32768 op, 702254063.00 ns, 21.4311 us/op
WorkloadWarmup  10: 32768 op, 699124258.00 ns, 21.3356 us/op

// BeforeActualRun
WorkloadActual   1: 32768 op, 694541911.00 ns, 21.1957 us/op
WorkloadActual   2: 32768 op, 699635045.00 ns, 21.3512 us/op
WorkloadActual   3: 32768 op, 699565413.00 ns, 21.3490 us/op
WorkloadActual   4: 32768 op, 700976730.00 ns, 21.3921 us/op
WorkloadActual   5: 32768 op, 698592353.00 ns, 21.3193 us/op
WorkloadActual   6: 32768 op, 700516169.00 ns, 21.3781 us/op
WorkloadActual   7: 32768 op, 700785854.00 ns, 21.3863 us/op
WorkloadActual   8: 32768 op, 700297982.00 ns, 21.3714 us/op
WorkloadActual   9: 32768 op, 699795078.00 ns, 21.3561 us/op
WorkloadActual  10: 32768 op, 698195297.00 ns, 21.3072 us/op
WorkloadActual  11: 32768 op, 700203952.00 ns, 21.3685 us/op
WorkloadActual  12: 32768 op, 699671052.00 ns, 21.3523 us/op
WorkloadActual  13: 32768 op, 702280857.00 ns, 21.4319 us/op
WorkloadActual  14: 32768 op, 702749931.00 ns, 21.4462 us/op
WorkloadActual  15: 32768 op, 699950377.00 ns, 21.3608 us/op

// AfterActualRun
WorkloadResult   1: 32768 op, 694411645.00 ns, 21.1918 us/op
WorkloadResult   2: 32768 op, 699504779.00 ns, 21.3472 us/op
WorkloadResult   3: 32768 op, 699435147.00 ns, 21.3451 us/op
WorkloadResult   4: 32768 op, 700846464.00 ns, 21.3881 us/op
WorkloadResult   5: 32768 op, 698462087.00 ns, 21.3154 us/op
WorkloadResult   6: 32768 op, 700385903.00 ns, 21.3741 us/op
WorkloadResult   7: 32768 op, 700655588.00 ns, 21.3823 us/op
WorkloadResult   8: 32768 op, 700167716.00 ns, 21.3674 us/op
WorkloadResult   9: 32768 op, 699664812.00 ns, 21.3521 us/op
WorkloadResult  10: 32768 op, 698065031.00 ns, 21.3033 us/op
WorkloadResult  11: 32768 op, 700073686.00 ns, 21.3646 us/op
WorkloadResult  12: 32768 op, 699540786.00 ns, 21.3483 us/op
WorkloadResult  13: 32768 op, 699820111.00 ns, 21.3568 us/op
// GC:  18 0 0 304873472 32768
// Threading:  0 0 32768

// AfterAll
// Benchmark Process 5591 has exited with code 0.

Mean = 20.970 μs, StdErr = 0.067 μs (0.32%), N = 28, StdDev = 0.354 μs
Min = 20.597 μs, Q1 = 20.651 μs, Median = 20.710 μs, Q3 = 21.349 μs, Max = 21.388 μs
IQR = 0.699 μs, LowerFence = 19.603 μs, UpperFence = 22.397 μs
ConfidenceInterval = [20.723 μs; 21.217 μs] (CI 99.9%), Margin = 0.247 μs (1.18% of Mean)
Skewness = 0.14, Kurtosis = 1, MValue = 2

// ** Remained 2 (7.7 %) benchmark(s) to run. Estimated finish 2026-05-03 2:14 (0h 1m from now) **
// **************************
// Benchmark: SpecificationEvaluatorBenchmarks.'Offset pagination (Skip/Take)': MediumRun(IterationCount=15, LaunchCount=2, WarmupCount=10) [CriteriaCount=10]
// *** Execute ***
// Launch: 1 / 2
// Execute: dotnet Encina.Benchmarks-MediumRun-1.dll --anonymousPipes 165 166 --benchmarkName "Encina.Benchmarks.EntityFrameworkCore.SpecificationEvaluatorBenchmarks.OffsetPagination(CriteriaCount: 10)" --job MediumRun --benchmarkId 24 in /home/runner/work/Encina/Encina/tests/Encina.BenchmarkTests/Encina.Benchmarks/bin/Release/net10.0/Encina.Benchmarks-MediumRun-1/bin/Release/net10.0
// Failed to set up high priority (Permission denied). In order to run benchmarks with high priority, make sure you have the right permissions.
// BeforeAnythingElse

// Benchmark Process Environment Information:
// BenchmarkDotNet v0.15.8
// Runtime=.NET 10.0.7 (10.0.7, 10.0.726.21808), X64 RyuJIT x86-64-v3
// GC=Concurrent Workstation
// HardwareIntrinsics=AVX2+BMI1+BMI2+F16C+FMA+LZCNT+MOVBE,AVX,SSE3+SSSE3+SSE4.1+SSE4.2+POPCNT,X86Base+SSE+SSE2,AES+PCLMUL VectorSize=256
// Job: MediumRun(IterationCount=15, LaunchCount=2, WarmupCount=10)

OverheadJitting  1: 1 op, 253731.00 ns, 253.7310 us/op
WorkloadJitting  1: 1 op, 387782291.00 ns, 387.7823 ms/op

OverheadJitting  2: 1 op, 281.00 ns, 281.0000 ns/op
WorkloadJitting  2: 1 op, 2041603.00 ns, 2.0416 ms/op

OverheadJitting  3: 16 op, 533711.00 ns, 33.3569 us/op
WorkloadJitting  3: 16 op, 1172119.00 ns, 73.2574 us/op

WorkloadPilot    1: 16 op, 569003.00 ns, 35.5627 us/op
WorkloadPilot    2: 32 op, 1042174.00 ns, 32.5679 us/op
WorkloadPilot    3: 64 op, 1869025.00 ns, 29.2035 us/op
WorkloadPilot    4: 128 op, 3686472.00 ns, 28.8006 us/op
WorkloadPilot    5: 256 op, 6896207.00 ns, 26.9383 us/op
WorkloadPilot    6: 512 op, 13774088.00 ns, 26.9025 us/op
WorkloadPilot    7: 1024 op, 27456287.00 ns, 26.8128 us/op
WorkloadPilot    8: 2048 op, 51939072.00 ns, 25.3609 us/op
WorkloadPilot    9: 4096 op, 88507451.00 ns, 21.6083 us/op
WorkloadPilot   10: 8192 op, 177212640.00 ns, 21.6324 us/op
WorkloadPilot   11: 16384 op, 355515596.00 ns, 21.6989 us/op
WorkloadPilot   12: 32768 op, 713376562.00 ns, 21.7705 us/op

OverheadWarmup   1: 32768 op, 122324.00 ns, 3.7330 ns/op
OverheadWarmup   2: 32768 op, 121873.00 ns, 3.7193 ns/op
OverheadWarmup   3: 32768 op, 121953.00 ns, 3.7217 ns/op
OverheadWarmup   4: 32768 op, 110446.00 ns, 3.3705 ns/op
OverheadWarmup   5: 32768 op, 121793.00 ns, 3.7168 ns/op
OverheadWarmup   6: 32768 op, 110446.00 ns, 3.3705 ns/op

OverheadActual   1: 32768 op, 121843.00 ns, 3.7184 ns/op
OverheadActual   2: 32768 op, 110456.00 ns, 3.3708 ns/op
OverheadActual   3: 32768 op, 136495.00 ns, 4.1655 ns/op
OverheadActual   4: 32768 op, 121853.00 ns, 3.7187 ns/op
OverheadActual   5: 32768 op, 121862.00 ns, 3.7189 ns/op
OverheadActual   6: 32768 op, 121813.00 ns, 3.7174 ns/op
OverheadActual   7: 32768 op, 121883.00 ns, 3.7196 ns/op
OverheadActual   8: 32768 op, 121843.00 ns, 3.7184 ns/op
OverheadActual   9: 32768 op, 110486.00 ns, 3.3718 ns/op
OverheadActual  10: 32768 op, 122103.00 ns, 3.7263 ns/op
OverheadActual  11: 32768 op, 126340.00 ns, 3.8556 ns/op
OverheadActual  12: 32768 op, 121853.00 ns, 3.7187 ns/op
OverheadActual  13: 32768 op, 121893.00 ns, 3.7199 ns/op
OverheadActual  14: 32768 op, 122063.00 ns, 3.7251 ns/op
OverheadActual  15: 32768 op, 121823.00 ns, 3.7177 ns/op

WorkloadWarmup   1: 32768 op, 728079894.00 ns, 22.2192 us/op
WorkloadWarmup   2: 32768 op, 726307795.00 ns, 22.1652 us/op
WorkloadWarmup   3: 32768 op, 713326547.00 ns, 21.7690 us/op
WorkloadWarmup   4: 32768 op, 715297345.00 ns, 21.8291 us/op
WorkloadWarmup   5: 32768 op, 720693125.00 ns, 21.9938 us/op
WorkloadWarmup   6: 32768 op, 716039740.00 ns, 21.8518 us/op
WorkloadWarmup   7: 32768 op, 718068073.00 ns, 21.9137 us/op
WorkloadWarmup   8: 32768 op, 714922062.00 ns, 21.8177 us/op
WorkloadWarmup   9: 32768 op, 716100010.00 ns, 21.8536 us/op
WorkloadWarmup  10: 32768 op, 714699198.00 ns, 21.8109 us/op

// BeforeActualRun
WorkloadActual   1: 32768 op, 714096924.00 ns, 21.7925 us/op
WorkloadActual   2: 32768 op, 716394672.00 ns, 21.8626 us/op
WorkloadActual   3: 32768 op, 718439050.00 ns, 21.9250 us/op
WorkloadActual   4: 32768 op, 716006690.00 ns, 21.8508 us/op
WorkloadActual   5: 32768 op, 714496844.00 ns, 21.8047 us/op
WorkloadActual   6: 32768 op, 715149869.00 ns, 21.8246 us/op
WorkloadActual   7: 32768 op, 720410435.00 ns, 21.9852 us/op
WorkloadActual   8: 32768 op, 713699927.00 ns, 21.7804 us/op
WorkloadActual   9: 32768 op, 715610924.00 ns, 21.8387 us/op
WorkloadActual  10: 32768 op, 715154909.00 ns, 21.8248 us/op
WorkloadActual  11: 32768 op, 715060428.00 ns, 21.8219 us/op
WorkloadActual  12: 32768 op, 716040278.00 ns, 21.8518 us/op
WorkloadActual  13: 32768 op, 715983813.00 ns, 21.8501 us/op
WorkloadActual  14: 32768 op, 712671723.00 ns, 21.7490 us/op
WorkloadActual  15: 32768 op, 715383542.00 ns, 21.8318 us/op

// AfterActualRun
WorkloadResult   1: 32768 op, 713975071.00 ns, 21.7888 us/op
WorkloadResult   2: 32768 op, 716272819.00 ns, 21.8589 us/op
WorkloadResult   3: 32768 op, 715884837.00 ns, 21.8471 us/op
WorkloadResult   4: 32768 op, 714374991.00 ns, 21.8010 us/op
WorkloadResult   5: 32768 op, 715028016.00 ns, 21.8209 us/op
WorkloadResult   6: 32768 op, 713578074.00 ns, 21.7767 us/op
WorkloadResult   7: 32768 op, 715489071.00 ns, 21.8350 us/op
WorkloadResult   8: 32768 op, 715033056.00 ns, 21.8211 us/op
WorkloadResult   9: 32768 op, 714938575.00 ns, 21.8182 us/op
WorkloadResult  10: 32768 op, 715918425.00 ns, 21.8481 us/op
WorkloadResult  11: 32768 op, 715861960.00 ns, 21.8464 us/op
WorkloadResult  12: 32768 op, 712549870.00 ns, 21.7453 us/op
WorkloadResult  13: 32768 op, 715261689.00 ns, 21.8281 us/op
// GC:  18 0 0 314052160 32768
// Threading:  0 0 32768

// AfterAll
// Benchmark Process 5605 has exited with code 0.
// Launch: 2 / 2
// Execute: dotnet Encina.Benchmarks-MediumRun-1.dll --anonymousPipes 165 166 --benchmarkName "Encina.Benchmarks.EntityFrameworkCore.SpecificationEvaluatorBenchmarks.OffsetPagination(CriteriaCount: 10)" --job MediumRun --benchmarkId 24 in /home/runner/work/Encina/Encina/tests/Encina.BenchmarkTests/Encina.Benchmarks/bin/Release/net10.0/Encina.Benchmarks-MediumRun-1/bin/Release/net10.0
// Failed to set up high priority (Permission denied). In order to run benchmarks with high priority, make sure you have the right permissions.
// BeforeAnythingElse

// Benchmark Process Environment Information:
// BenchmarkDotNet v0.15.8
// Runtime=.NET 10.0.7 (10.0.7, 10.0.726.21808), X64 RyuJIT x86-64-v3
// GC=Concurrent Workstation
// HardwareIntrinsics=AVX2+BMI1+BMI2+F16C+FMA+LZCNT+MOVBE,AVX,SSE3+SSSE3+SSE4.1+SSE4.2+POPCNT,X86Base+SSE+SSE2,AES+PCLMUL VectorSize=256
// Job: MediumRun(IterationCount=15, LaunchCount=2, WarmupCount=10)

OverheadJitting  1: 1 op, 258148.00 ns, 258.1480 us/op
WorkloadJitting  1: 1 op, 386168150.00 ns, 386.1682 ms/op

OverheadJitting  2: 1 op, 361.00 ns, 361.0000 ns/op
WorkloadJitting  2: 1 op, 1988254.00 ns, 1.9883 ms/op

OverheadJitting  3: 16 op, 521733.00 ns, 32.6083 us/op
WorkloadJitting  3: 16 op, 1140311.00 ns, 71.2694 us/op

WorkloadPilot    1: 16 op, 571588.00 ns, 35.7243 us/op
WorkloadPilot    2: 32 op, 1034803.00 ns, 32.3376 us/op
WorkloadPilot    3: 64 op, 1865359.00 ns, 29.1462 us/op
WorkloadPilot    4: 128 op, 3598089.00 ns, 28.1101 us/op
WorkloadPilot    5: 256 op, 6870098.00 ns, 26.8363 us/op
WorkloadPilot    6: 512 op, 13604683.00 ns, 26.5716 us/op
WorkloadPilot    7: 1024 op, 26918130.00 ns, 26.2872 us/op
WorkloadPilot    8: 2048 op, 52804651.00 ns, 25.7835 us/op
WorkloadPilot    9: 4096 op, 89364197.00 ns, 21.8174 us/op
WorkloadPilot   10: 8192 op, 179202496.00 ns, 21.8753 us/op
WorkloadPilot   11: 16384 op, 358649970.00 ns, 21.8903 us/op
WorkloadPilot   12: 32768 op, 719963455.00 ns, 21.9715 us/op

OverheadWarmup   1: 32768 op, 122464.00 ns, 3.7373 ns/op
OverheadWarmup   2: 32768 op, 121863.00 ns, 3.7190 ns/op
OverheadWarmup   3: 32768 op, 138197.00 ns, 4.2174 ns/op
OverheadWarmup   4: 32768 op, 122084.00 ns, 3.7257 ns/op
OverheadWarmup   5: 32768 op, 121913.00 ns, 3.7205 ns/op
OverheadWarmup   6: 32768 op, 121873.00 ns, 3.7193 ns/op
OverheadWarmup   7: 32768 op, 121853.00 ns, 3.7187 ns/op
OverheadWarmup   8: 32768 op, 121912.00 ns, 3.7205 ns/op
OverheadWarmup   9: 32768 op, 143696.00 ns, 4.3853 ns/op
OverheadWarmup  10: 32768 op, 121893.00 ns, 3.7199 ns/op

OverheadActual   1: 32768 op, 121953.00 ns, 3.7217 ns/op
OverheadActual   2: 32768 op, 121913.00 ns, 3.7205 ns/op
OverheadActual   3: 32768 op, 121983.00 ns, 3.7226 ns/op
OverheadActual   4: 32768 op, 121903.00 ns, 3.7202 ns/op
OverheadActual   5: 32768 op, 121833.00 ns, 3.7180 ns/op
OverheadActual   6: 32768 op, 110426.00 ns, 3.3699 ns/op
OverheadActual   7: 32768 op, 121883.00 ns, 3.7196 ns/op
OverheadActual   8: 32768 op, 132458.00 ns, 4.0423 ns/op
OverheadActual   9: 32768 op, 110475.00 ns, 3.3714 ns/op
OverheadActual  10: 32768 op, 121883.00 ns, 3.7196 ns/op
OverheadActual  11: 32768 op, 121832.00 ns, 3.7180 ns/op
OverheadActual  12: 32768 op, 121842.00 ns, 3.7183 ns/op
OverheadActual  13: 32768 op, 121883.00 ns, 3.7196 ns/op
OverheadActual  14: 32768 op, 110636.00 ns, 3.3763 ns/op
OverheadActual  15: 32768 op, 110475.00 ns, 3.3714 ns/op
OverheadActual  16: 32768 op, 122083.00 ns, 3.7257 ns/op

WorkloadWarmup   1: 32768 op, 724905491.00 ns, 22.1224 us/op
WorkloadWarmup   2: 32768 op, 724787644.00 ns, 22.1188 us/op
WorkloadWarmup   3: 32768 op, 716136424.00 ns, 21.8547 us/op
WorkloadWarmup   4: 32768 op, 715420529.00 ns, 21.8329 us/op
WorkloadWarmup   5: 32768 op, 715224585.00 ns, 21.8269 us/op
WorkloadWarmup   6: 32768 op, 716519928.00 ns, 21.8665 us/op
WorkloadWarmup   7: 32768 op, 716697355.00 ns, 21.8719 us/op
WorkloadWarmup   8: 32768 op, 712568731.00 ns, 21.7459 us/op
WorkloadWarmup   9: 32768 op, 715944268.00 ns, 21.8489 us/op
WorkloadWarmup  10: 32768 op, 712720956.00 ns, 21.7505 us/op

// BeforeActualRun
WorkloadActual   1: 32768 op, 717563907.00 ns, 21.8983 us/op
WorkloadActual   2: 32768 op, 713638468.00 ns, 21.7785 us/op
WorkloadActual   3: 32768 op, 712529764.00 ns, 21.7447 us/op
WorkloadActual   4: 32768 op, 715610196.00 ns, 21.8387 us/op
WorkloadActual   5: 32768 op, 719832772.00 ns, 21.9676 us/op
WorkloadActual   6: 32768 op, 714962755.00 ns, 21.8189 us/op
WorkloadActual   7: 32768 op, 716060171.00 ns, 21.8524 us/op
WorkloadActual   8: 32768 op, 717049566.00 ns, 21.8826 us/op
WorkloadActual   9: 32768 op, 718469347.00 ns, 21.9259 us/op
WorkloadActual  10: 32768 op, 712732933.00 ns, 21.7509 us/op
WorkloadActual  11: 32768 op, 717644122.00 ns, 21.9008 us/op
WorkloadActual  12: 32768 op, 715945333.00 ns, 21.8489 us/op
WorkloadActual  13: 32768 op, 716077932.00 ns, 21.8530 us/op
WorkloadActual  14: 32768 op, 720227218.00 ns, 21.9796 us/op
WorkloadActual  15: 32768 op, 717302379.00 ns, 21.8903 us/op

// AfterActualRun
WorkloadResult   1: 32768 op, 717442024.00 ns, 21.8946 us/op
WorkloadResult   2: 32768 op, 713516585.00 ns, 21.7748 us/op
WorkloadResult   3: 32768 op, 712407881.00 ns, 21.7410 us/op
WorkloadResult   4: 32768 op, 715488313.00 ns, 21.8350 us/op
WorkloadResult   5: 32768 op, 719710889.00 ns, 21.9638 us/op
WorkloadResult   6: 32768 op, 714840872.00 ns, 21.8152 us/op
WorkloadResult   7: 32768 op, 715938288.00 ns, 21.8487 us/op
WorkloadResult   8: 32768 op, 716927683.00 ns, 21.8789 us/op
WorkloadResult   9: 32768 op, 718347464.00 ns, 21.9222 us/op
WorkloadResult  10: 32768 op, 712611050.00 ns, 21.7472 us/op
WorkloadResult  11: 32768 op, 717522239.00 ns, 21.8970 us/op
WorkloadResult  12: 32768 op, 715823450.00 ns, 21.8452 us/op
WorkloadResult  13: 32768 op, 715956049.00 ns, 21.8492 us/op
WorkloadResult  14: 32768 op, 720105335.00 ns, 21.9759 us/op
WorkloadResult  15: 32768 op, 717180496.00 ns, 21.8866 us/op
// GC:  18 0 0 314052160 32768
// Threading:  0 0 32768

// AfterAll
// Benchmark Process 5622 has exited with code 0.

Mean = 21.840 μs, StdErr = 0.011 μs (0.05%), N = 28, StdDev = 0.059 μs
Min = 21.741 μs, Q1 = 21.812 μs, Median = 21.840 μs, Q3 = 21.864 μs, Max = 21.976 μs
IQR = 0.052 μs, LowerFence = 21.733 μs, UpperFence = 21.942 μs
ConfidenceInterval = [21.799 μs; 21.881 μs] (CI 99.9%), Margin = 0.041 μs (0.19% of Mean)
Skewness = 0.39, Kurtosis = 2.85, MValue = 2

// ** Remained 1 (3.8 %) benchmark(s) to run. Estimated finish 2026-05-03 2:14 (0h 0m from now) **
// **************************
// Benchmark: SpecificationEvaluatorBenchmarks.'Full specification (all features)': MediumRun(IterationCount=15, LaunchCount=2, WarmupCount=10) [CriteriaCount=10]
// *** Execute ***
// Launch: 1 / 2
// Execute: dotnet Encina.Benchmarks-MediumRun-1.dll --anonymousPipes 165 166 --benchmarkName "Encina.Benchmarks.EntityFrameworkCore.SpecificationEvaluatorBenchmarks.FullSpecification_AllFeatures(CriteriaCount: 10)" --job MediumRun --benchmarkId 25 in /home/runner/work/Encina/Encina/tests/Encina.BenchmarkTests/Encina.Benchmarks/bin/Release/net10.0/Encina.Benchmarks-MediumRun-1/bin/Release/net10.0
// Failed to set up high priority (Permission denied). In order to run benchmarks with high priority, make sure you have the right permissions.
// BeforeAnythingElse

// Benchmark Process Environment Information:
// BenchmarkDotNet v0.15.8
// Runtime=.NET 10.0.7 (10.0.7, 10.0.726.21808), X64 RyuJIT x86-64-v3
// GC=Concurrent Workstation
// HardwareIntrinsics=AVX2+BMI1+BMI2+F16C+FMA+LZCNT+MOVBE,AVX,SSE3+SSSE3+SSE4.1+SSE4.2+POPCNT,X86Base+SSE+SSE2,AES+PCLMUL VectorSize=256
// Job: MediumRun(IterationCount=15, LaunchCount=2, WarmupCount=10)

OverheadJitting  1: 1 op, 261893.00 ns, 261.8930 us/op
WorkloadJitting  1: 1 op, 427353225.00 ns, 427.3532 ms/op

OverheadJitting  2: 1 op, 511.00 ns, 511.0000 ns/op
WorkloadJitting  2: 1 op, 3803978.00 ns, 3.8040 ms/op

OverheadJitting  3: 16 op, 538889.00 ns, 33.6806 us/op
WorkloadJitting  3: 16 op, 1961974.00 ns, 122.6234 us/op

WorkloadPilot    1: 16 op, 1400792.00 ns, 87.5495 us/op
WorkloadPilot    2: 32 op, 2375454.00 ns, 74.2329 us/op
WorkloadPilot    3: 64 op, 4903928.00 ns, 76.6239 us/op
WorkloadPilot    4: 128 op, 9380795.00 ns, 73.2875 us/op
WorkloadPilot    5: 256 op, 18702243.00 ns, 73.0556 us/op
WorkloadPilot    6: 512 op, 37592337.00 ns, 73.4225 us/op
WorkloadPilot    7: 1024 op, 66909777.00 ns, 65.3416 us/op
WorkloadPilot    8: 2048 op, 123975633.00 ns, 60.5350 us/op
WorkloadPilot    9: 4096 op, 249852609.00 ns, 60.9992 us/op
WorkloadPilot   10: 8192 op, 491300999.00 ns, 59.9733 us/op
WorkloadPilot   11: 16384 op, 985427652.00 ns, 60.1457 us/op

OverheadWarmup   1: 16384 op, 61503.00 ns, 3.7538 ns/op
OverheadWarmup   2: 16384 op, 68843.00 ns, 4.2018 ns/op
OverheadWarmup   3: 16384 op, 55504.00 ns, 3.3877 ns/op
OverheadWarmup   4: 16384 op, 61181.00 ns, 3.7342 ns/op
OverheadWarmup   5: 16384 op, 55433.00 ns, 3.3834 ns/op

OverheadActual   1: 16384 op, 61232.00 ns, 3.7373 ns/op
OverheadActual   2: 16384 op, 61222.00 ns, 3.7367 ns/op
OverheadActual   3: 16384 op, 61322.00 ns, 3.7428 ns/op
OverheadActual   4: 16384 op, 61222.00 ns, 3.7367 ns/op
OverheadActual   5: 16384 op, 61242.00 ns, 3.7379 ns/op
OverheadActual   6: 16384 op, 55393.00 ns, 3.3809 ns/op
OverheadActual   7: 16384 op, 61503.00 ns, 3.7538 ns/op
OverheadActual   8: 16384 op, 61202.00 ns, 3.7355 ns/op
OverheadActual   9: 16384 op, 55483.00 ns, 3.3864 ns/op
OverheadActual  10: 16384 op, 61171.00 ns, 3.7336 ns/op
OverheadActual  11: 16384 op, 55413.00 ns, 3.3821 ns/op
OverheadActual  12: 16384 op, 55524.00 ns, 3.3889 ns/op
OverheadActual  13: 16384 op, 61192.00 ns, 3.7349 ns/op
OverheadActual  14: 16384 op, 61222.00 ns, 3.7367 ns/op
OverheadActual  15: 16384 op, 55523.00 ns, 3.3889 ns/op
OverheadActual  16: 16384 op, 55443.00 ns, 3.3840 ns/op

WorkloadWarmup   1: 16384 op, 1005363982.00 ns, 61.3625 us/op
WorkloadWarmup   2: 16384 op, 1003570429.00 ns, 61.2531 us/op
WorkloadWarmup   3: 16384 op, 995123086.00 ns, 60.7375 us/op
WorkloadWarmup   4: 16384 op, 991548019.00 ns, 60.5193 us/op
WorkloadWarmup   5: 16384 op, 994193209.00 ns, 60.6807 us/op
WorkloadWarmup   6: 16384 op, 993757015.00 ns, 60.6541 us/op
WorkloadWarmup   7: 16384 op, 993481073.00 ns, 60.6373 us/op
WorkloadWarmup   8: 16384 op, 989385572.00 ns, 60.3873 us/op
WorkloadWarmup   9: 16384 op, 985710581.00 ns, 60.1630 us/op
WorkloadWarmup  10: 16384 op, 987661089.00 ns, 60.2820 us/op

// BeforeActualRun
WorkloadActual   1: 16384 op, 991838179.00 ns, 60.5370 us/op
WorkloadActual   2: 16384 op, 993941226.00 ns, 60.6654 us/op
WorkloadActual   3: 16384 op, 992025951.00 ns, 60.5485 us/op
WorkloadActual   4: 16384 op, 994027516.00 ns, 60.6706 us/op
WorkloadActual   5: 16384 op, 987722371.00 ns, 60.2858 us/op
WorkloadActual   6: 16384 op, 986410722.00 ns, 60.2057 us/op
WorkloadActual   7: 16384 op, 982195414.00 ns, 59.9485 us/op
WorkloadActual   8: 16384 op, 991156491.00 ns, 60.4954 us/op
WorkloadActual   9: 16384 op, 990321698.00 ns, 60.4444 us/op
WorkloadActual  10: 16384 op, 988529579.00 ns, 60.3351 us/op
WorkloadActual  11: 16384 op, 991160106.00 ns, 60.4956 us/op
WorkloadActual  12: 16384 op, 987699754.00 ns, 60.2844 us/op
WorkloadActual  13: 16384 op, 991272044.00 ns, 60.5024 us/op
WorkloadActual  14: 16384 op, 989537920.00 ns, 60.3966 us/op
WorkloadActual  15: 16384 op, 990997089.00 ns, 60.4857 us/op

// AfterActualRun
WorkloadResult   1: 16384 op, 991776982.00 ns, 60.5333 us/op
WorkloadResult   2: 16384 op, 993880029.00 ns, 60.6616 us/op
WorkloadResult   3: 16384 op, 991964754.00 ns, 60.5447 us/op
WorkloadResult   4: 16384 op, 993966319.00 ns, 60.6669 us/op
WorkloadResult   5: 16384 op, 987661174.00 ns, 60.2821 us/op
WorkloadResult   6: 16384 op, 986349525.00 ns, 60.2020 us/op
WorkloadResult   7: 16384 op, 982134217.00 ns, 59.9447 us/op
WorkloadResult   8: 16384 op, 991095294.00 ns, 60.4917 us/op
WorkloadResult   9: 16384 op, 990260501.00 ns, 60.4407 us/op
WorkloadResult  10: 16384 op, 988468382.00 ns, 60.3313 us/op
WorkloadResult  11: 16384 op, 991098909.00 ns, 60.4919 us/op
WorkloadResult  12: 16384 op, 987638557.00 ns, 60.2807 us/op
WorkloadResult  13: 16384 op, 991210847.00 ns, 60.4987 us/op
WorkloadResult  14: 16384 op, 989476723.00 ns, 60.3929 us/op
WorkloadResult  15: 16384 op, 990935892.00 ns, 60.4819 us/op
// GC:  19 0 0 333582080 16384
// Threading:  0 0 16384

// AfterAll
// Benchmark Process 5636 has exited with code 0.
// Launch: 2 / 2
// Execute: dotnet Encina.Benchmarks-MediumRun-1.dll --anonymousPipes 165 166 --benchmarkName "Encina.Benchmarks.EntityFrameworkCore.SpecificationEvaluatorBenchmarks.FullSpecification_AllFeatures(CriteriaCount: 10)" --job MediumRun --benchmarkId 25 in /home/runner/work/Encina/Encina/tests/Encina.BenchmarkTests/Encina.Benchmarks/bin/Release/net10.0/Encina.Benchmarks-MediumRun-1/bin/Release/net10.0
// Failed to set up high priority (Permission denied). In order to run benchmarks with high priority, make sure you have the right permissions.
// BeforeAnythingElse

// Benchmark Process Environment Information:
// BenchmarkDotNet v0.15.8
// Runtime=.NET 10.0.7 (10.0.7, 10.0.726.21808), X64 RyuJIT x86-64-v3
// GC=Concurrent Workstation
// HardwareIntrinsics=AVX2+BMI1+BMI2+F16C+FMA+LZCNT+MOVBE,AVX,SSE3+SSSE3+SSE4.1+SSE4.2+POPCNT,X86Base+SSE+SSE2,AES+PCLMUL VectorSize=256
// Job: MediumRun(IterationCount=15, LaunchCount=2, WarmupCount=10)

OverheadJitting  1: 1 op, 272920.00 ns, 272.9200 us/op
WorkloadJitting  1: 1 op, 427940911.00 ns, 427.9409 ms/op

OverheadJitting  2: 1 op, 721.00 ns, 721.0000 ns/op
WorkloadJitting  2: 1 op, 3833363.00 ns, 3.8334 ms/op

OverheadJitting  3: 16 op, 511889.00 ns, 31.9931 us/op
WorkloadJitting  3: 16 op, 1991268.00 ns, 124.4543 us/op

WorkloadPilot    1: 16 op, 1465819.00 ns, 91.6137 us/op
WorkloadPilot    2: 32 op, 2361254.00 ns, 73.7892 us/op
WorkloadPilot    3: 64 op, 4815237.00 ns, 75.2381 us/op
WorkloadPilot    4: 128 op, 9445346.00 ns, 73.7918 us/op
WorkloadPilot    5: 256 op, 18561518.00 ns, 72.5059 us/op
WorkloadPilot    6: 512 op, 36755734.00 ns, 71.7885 us/op
WorkloadPilot    7: 1024 op, 66004071.00 ns, 64.4571 us/op
WorkloadPilot    8: 2048 op, 122565391.00 ns, 59.8464 us/op
WorkloadPilot    9: 4096 op, 247335771.00 ns, 60.3847 us/op
WorkloadPilot   10: 8192 op, 487263635.00 ns, 59.4804 us/op
WorkloadPilot   11: 16384 op, 978206793.00 ns, 59.7050 us/op

OverheadWarmup   1: 16384 op, 61612.00 ns, 3.7605 ns/op
OverheadWarmup   2: 16384 op, 61221.00 ns, 3.7366 ns/op
OverheadWarmup   3: 16384 op, 61212.00 ns, 3.7361 ns/op
OverheadWarmup   4: 16384 op, 61122.00 ns, 3.7306 ns/op
OverheadWarmup   5: 16384 op, 61162.00 ns, 3.7330 ns/op
OverheadWarmup   6: 16384 op, 61172.00 ns, 3.7336 ns/op
OverheadWarmup   7: 16384 op, 61222.00 ns, 3.7367 ns/op
OverheadWarmup   8: 16384 op, 61122.00 ns, 3.7306 ns/op
OverheadWarmup   9: 16384 op, 61232.00 ns, 3.7373 ns/op
OverheadWarmup  10: 16384 op, 61152.00 ns, 3.7324 ns/op

OverheadActual   1: 16384 op, 61292.00 ns, 3.7410 ns/op
OverheadActual   2: 16384 op, 61252.00 ns, 3.7385 ns/op
OverheadActual   3: 16384 op, 55503.00 ns, 3.3876 ns/op
OverheadActual   4: 16384 op, 61222.00 ns, 3.7367 ns/op
OverheadActual   5: 16384 op, 61282.00 ns, 3.7404 ns/op
OverheadActual   6: 16384 op, 61172.00 ns, 3.7336 ns/op
OverheadActual   7: 16384 op, 61132.00 ns, 3.7312 ns/op
OverheadActual   8: 16384 op, 61172.00 ns, 3.7336 ns/op
OverheadActual   9: 16384 op, 61392.00 ns, 3.7471 ns/op
OverheadActual  10: 16384 op, 61122.00 ns, 3.7306 ns/op
OverheadActual  11: 16384 op, 61132.00 ns, 3.7312 ns/op
OverheadActual  12: 16384 op, 61312.00 ns, 3.7422 ns/op
OverheadActual  13: 16384 op, 61182.00 ns, 3.7343 ns/op
OverheadActual  14: 16384 op, 61152.00 ns, 3.7324 ns/op
OverheadActual  15: 16384 op, 61122.00 ns, 3.7306 ns/op

WorkloadWarmup   1: 16384 op, 988756887.00 ns, 60.3489 us/op
WorkloadWarmup   2: 16384 op, 993329790.00 ns, 60.6280 us/op
WorkloadWarmup   3: 16384 op, 977323937.00 ns, 59.6511 us/op
WorkloadWarmup   4: 16384 op, 976458212.00 ns, 59.5983 us/op
WorkloadWarmup   5: 16384 op, 976542729.00 ns, 59.6034 us/op
WorkloadWarmup   6: 16384 op, 977774317.00 ns, 59.6786 us/op
WorkloadWarmup   7: 16384 op, 975876189.00 ns, 59.5628 us/op
WorkloadWarmup   8: 16384 op, 976841437.00 ns, 59.6217 us/op
WorkloadWarmup   9: 16384 op, 977338102.00 ns, 59.6520 us/op
WorkloadWarmup  10: 16384 op, 976473736.00 ns, 59.5992 us/op

// BeforeActualRun
WorkloadActual   1: 16384 op, 980166966.00 ns, 59.8246 us/op
WorkloadActual   2: 16384 op, 983514265.00 ns, 60.0289 us/op
WorkloadActual   3: 16384 op, 983037018.00 ns, 59.9998 us/op
WorkloadActual   4: 16384 op, 981251690.00 ns, 59.8909 us/op
WorkloadActual   5: 16384 op, 979736456.00 ns, 59.7984 us/op
WorkloadActual   6: 16384 op, 978915404.00 ns, 59.7483 us/op
WorkloadActual   7: 16384 op, 980400552.00 ns, 59.8389 us/op
WorkloadActual   8: 16384 op, 980014002.00 ns, 59.8153 us/op
WorkloadActual   9: 16384 op, 974799758.00 ns, 59.4971 us/op
WorkloadActual  10: 16384 op, 979960712.00 ns, 59.8121 us/op
WorkloadActual  11: 16384 op, 976091166.00 ns, 59.5759 us/op
WorkloadActual  12: 16384 op, 973854489.00 ns, 59.4394 us/op
WorkloadActual  13: 16384 op, 975769322.00 ns, 59.5562 us/op
WorkloadActual  14: 16384 op, 971122490.00 ns, 59.2726 us/op
WorkloadActual  15: 16384 op, 973932857.00 ns, 59.4441 us/op

// AfterActualRun
WorkloadResult   1: 16384 op, 980105794.00 ns, 59.8209 us/op
WorkloadResult   2: 16384 op, 983453093.00 ns, 60.0252 us/op
WorkloadResult   3: 16384 op, 982975846.00 ns, 59.9961 us/op
WorkloadResult   4: 16384 op, 981190518.00 ns, 59.8871 us/op
WorkloadResult   5: 16384 op, 979675284.00 ns, 59.7946 us/op
WorkloadResult   6: 16384 op, 978854232.00 ns, 59.7445 us/op
WorkloadResult   7: 16384 op, 980339380.00 ns, 59.8352 us/op
WorkloadResult   8: 16384 op, 979952830.00 ns, 59.8116 us/op
WorkloadResult   9: 16384 op, 974738586.00 ns, 59.4933 us/op
WorkloadResult  10: 16384 op, 979899540.00 ns, 59.8083 us/op
WorkloadResult  11: 16384 op, 976029994.00 ns, 59.5721 us/op
WorkloadResult  12: 16384 op, 973793317.00 ns, 59.4356 us/op
WorkloadResult  13: 16384 op, 975708150.00 ns, 59.5525 us/op
WorkloadResult  14: 16384 op, 971061318.00 ns, 59.2689 us/op
WorkloadResult  15: 16384 op, 973871685.00 ns, 59.4404 us/op
// GC:  20 0 0 338825152 16384
// Threading:  0 0 16384

// AfterAll
// Benchmark Process 5650 has exited with code 0.

Mean = 60.058 μs, StdErr = 0.076 μs (0.13%), N = 30, StdDev = 0.417 μs
Min = 59.269 μs, Q1 = 59.798 μs, Median = 60.011 μs, Q3 = 60.472 μs, Max = 60.667 μs
IQR = 0.674 μs, LowerFence = 58.788 μs, UpperFence = 61.482 μs
ConfidenceInterval = [59.779 μs; 60.336 μs] (CI 99.9%), Margin = 0.279 μs (0.46% of Mean)
Skewness = -0.17, Kurtosis = 1.65, MValue = 2

// ** Remained 0 (0.0 %) benchmark(s) to run. Estimated finish 2026-05-03 2:14 (0h 0m from now) **
// ***** BenchmarkRunner: Finish  *****

// * Export *
  artifacts/performance/Core/results/Encina.Benchmarks.EntityFrameworkCore.SpecificationEvaluatorBenchmarks-report.csv
  artifacts/performance/Core/results/Encina.Benchmarks.EntityFrameworkCore.SpecificationEvaluatorBenchmarks-report-github.md
  artifacts/performance/Core/results/Encina.Benchmarks.EntityFrameworkCore.SpecificationEvaluatorBenchmarks-report.html
  artifacts/performance/Core/results/Encina.Benchmarks.EntityFrameworkCore.SpecificationEvaluatorBenchmarks-report-full-compressed.json
  artifacts/performance/Core/results/Encina.Benchmarks.EntityFrameworkCore.SpecificationEvaluatorBenchmarks-report-default.md

// * Detailed results *
SpecificationEvaluatorBenchmarks.'Simple Where (single criterion)': MediumRun(IterationCount=15, LaunchCount=2, WarmupCount=10) [CriteriaCount=2]
Runtime = .NET 10.0.7 (10.0.7, 10.0.726.21808), X64 RyuJIT x86-64-v3; GC = Concurrent Workstation
Mean = 14.532 μs, StdErr = 0.034 μs (0.24%), N = 29, StdDev = 0.184 μs
Min = 14.294 μs, Q1 = 14.364 μs, Median = 14.449 μs, Q3 = 14.715 μs, Max = 14.819 μs
IQR = 0.351 μs, LowerFence = 13.837 μs, UpperFence = 15.242 μs
ConfidenceInterval = [14.407 μs; 14.658 μs] (CI 99.9%), Margin = 0.126 μs (0.87% of Mean)
Skewness = 0.12, Kurtosis = 1.22, MValue = 2
-------------------- Histogram --------------------
[14.215 μs ; 14.515 μs) | @@@@@@@@@@@@@@@
[14.515 μs ; 14.842 μs) | @@@@@@@@@@@@@@
---------------------------------------------------

SpecificationEvaluatorBenchmarks.'Direct LINQ Where (baseline)': MediumRun(IterationCount=15, LaunchCount=2, WarmupCount=10) [CriteriaCount=2]
Runtime = .NET 10.0.7 (10.0.7, 10.0.726.21808), X64 RyuJIT x86-64-v3; GC = Concurrent Workstation
Mean = 11.845 μs, StdErr = 0.019 μs (0.16%), N = 30, StdDev = 0.106 μs
Min = 11.678 μs, Q1 = 11.745 μs, Median = 11.883 μs, Q3 = 11.923 μs, Max = 12.031 μs
IQR = 0.178 μs, LowerFence = 11.477 μs, UpperFence = 12.190 μs
ConfidenceInterval = [11.774 μs; 11.915 μs] (CI 99.9%), Margin = 0.071 μs (0.60% of Mean)
Skewness = -0.24, Kurtosis = 1.69, MValue = 2
-------------------- Histogram --------------------
[11.634 μs ; 12.043 μs) | @@@@@@@@@@@@@@@@@@@@@@@@@@@@@@
---------------------------------------------------

SpecificationEvaluatorBenchmarks.'Complex predicates (parameterized)': MediumRun(IterationCount=15, LaunchCount=2, WarmupCount=10) [CriteriaCount=2]
Runtime = .NET 10.0.7 (10.0.7, 10.0.726.21808), X64 RyuJIT x86-64-v3; GC = Concurrent Workstation
Mean = 17.460 μs, StdErr = 0.034 μs (0.19%), N = 28, StdDev = 0.179 μs
Min = 17.221 μs, Q1 = 17.300 μs, Median = 17.392 μs, Q3 = 17.646 μs, Max = 17.695 μs
IQR = 0.346 μs, LowerFence = 16.780 μs, UpperFence = 18.166 μs
ConfidenceInterval = [17.336 μs; 17.585 μs] (CI 99.9%), Margin = 0.125 μs (0.71% of Mean)
Skewness = 0.07, Kurtosis = 1.19, MValue = 2
-------------------- Histogram --------------------
[17.144 μs ; 17.772 μs) | @@@@@@@@@@@@@@@@@@@@@@@@@@@@
---------------------------------------------------

SpecificationEvaluatorBenchmarks.'Two criteria (AND)': MediumRun(IterationCount=15, LaunchCount=2, WarmupCount=10) [CriteriaCount=2]
Runtime = .NET 10.0.7 (10.0.7, 10.0.726.21808), X64 RyuJIT x86-64-v3; GC = Concurrent Workstation
Mean = 17.059 μs, StdErr = 0.024 μs (0.14%), N = 29, StdDev = 0.129 μs
Min = 16.858 μs, Q1 = 16.944 μs, Median = 17.086 μs, Q3 = 17.185 μs, Max = 17.248 μs
IQR = 0.241 μs, LowerFence = 16.583 μs, UpperFence = 17.546 μs
ConfidenceInterval = [16.971 μs; 17.147 μs] (CI 99.9%), Margin = 0.088 μs (0.52% of Mean)
Skewness = -0.07, Kurtosis = 1.33, MValue = 2
-------------------- Histogram --------------------
[16.802 μs ; 17.303 μs) | @@@@@@@@@@@@@@@@@@@@@@@@@@@@@
---------------------------------------------------

SpecificationEvaluatorBenchmarks.'Five criteria (AND)': MediumRun(IterationCount=15, LaunchCount=2, WarmupCount=10) [CriteriaCount=2]
Runtime = .NET 10.0.7 (10.0.7, 10.0.726.21808), X64 RyuJIT x86-64-v3; GC = Concurrent Workstation
Mean = 38.161 μs, StdErr = 0.039 μs (0.10%), N = 29, StdDev = 0.208 μs
Min = 37.818 μs, Q1 = 37.975 μs, Median = 38.071 μs, Q3 = 38.367 μs, Max = 38.467 μs
IQR = 0.392 μs, LowerFence = 37.387 μs, UpperFence = 38.955 μs
ConfidenceInterval = [38.019 μs; 38.303 μs] (CI 99.9%), Margin = 0.142 μs (0.37% of Mean)
Skewness = 0.11, Kurtosis = 1.3, MValue = 2
-------------------- Histogram --------------------
[37.729 μs ; 38.556 μs) | @@@@@@@@@@@@@@@@@@@@@@@@@@@@@
---------------------------------------------------

SpecificationEvaluatorBenchmarks.'Ten criteria (AND)': MediumRun(IterationCount=15, LaunchCount=2, WarmupCount=10) [CriteriaCount=2]
Runtime = .NET 10.0.7 (10.0.7, 10.0.726.21808), X64 RyuJIT x86-64-v3; GC = Concurrent Workstation
Mean = 71.161 μs, StdErr = 0.036 μs (0.05%), N = 29, StdDev = 0.192 μs
Min = 70.841 μs, Q1 = 71.009 μs, Median = 71.185 μs, Q3 = 71.308 μs, Max = 71.472 μs
IQR = 0.299 μs, LowerFence = 70.560 μs, UpperFence = 71.758 μs
ConfidenceInterval = [71.031 μs; 71.292 μs] (CI 99.9%), Margin = 0.131 μs (0.18% of Mean)
Skewness = -0.2, Kurtosis = 1.71, MValue = 2
-------------------- Histogram --------------------
[70.760 μs ; 71.554 μs) | @@@@@@@@@@@@@@@@@@@@@@@@@@@@@
---------------------------------------------------

SpecificationEvaluatorBenchmarks.'Keyset pagination': MediumRun(IterationCount=15, LaunchCount=2, WarmupCount=10) [CriteriaCount=2]
Runtime = .NET 10.0.7 (10.0.7, 10.0.726.21808), X64 RyuJIT x86-64-v3; GC = Concurrent Workstation
Mean = 26.953 μs, StdErr = 0.141 μs (0.52%), N = 30, StdDev = 0.773 μs
Min = 26.065 μs, Q1 = 26.201 μs, Median = 26.971 μs, Q3 = 27.706 μs, Max = 27.817 μs
IQR = 1.506 μs, LowerFence = 23.942 μs, UpperFence = 29.965 μs
ConfidenceInterval = [26.437 μs; 27.470 μs] (CI 99.9%), Margin = 0.517 μs (1.92% of Mean)
Skewness = -0, Kurtosis = 0.96, MValue = 4
-------------------- Histogram --------------------
[25.883 μs ; 26.537 μs) | @@@@@@@@@@@@@@@
[26.537 μs ; 27.375 μs) | 
[27.375 μs ; 28.144 μs) | @@@@@@@@@@@@@@@
---------------------------------------------------

SpecificationEvaluatorBenchmarks.'Keyset pagination (fresh cursor)': MediumRun(IterationCount=15, LaunchCount=2, WarmupCount=10) [CriteriaCount=2]
Runtime = .NET 10.0.7 (10.0.7, 10.0.726.21808), X64 RyuJIT x86-64-v3; GC = Concurrent Workstation
Mean = 4.115 ms, StdErr = 0.005 ms (0.11%), N = 30, StdDev = 0.025 ms
Min = 4.078 ms, Q1 = 4.094 ms, Median = 4.113 ms, Q3 = 4.128 ms, Max = 4.183 ms
IQR = 0.034 ms, LowerFence = 4.043 ms, UpperFence = 4.179 ms
ConfidenceInterval = [4.099 ms; 4.132 ms] (CI 99.9%), Margin = 0.017 ms (0.40% of Mean)
Skewness = 0.66, Kurtosis = 2.93, MValue = 2
-------------------- Histogram --------------------
[4.067 ms ; 4.194 ms) | @@@@@@@@@@@@@@@@@@@@@@@@@@@@@@
---------------------------------------------------

SpecificationEvaluatorBenchmarks.'Lambda Include': MediumRun(IterationCount=15, LaunchCount=2, WarmupCount=10) [CriteriaCount=2]
Runtime = .NET 10.0.7 (10.0.7, 10.0.726.21808), X64 RyuJIT x86-64-v3; GC = Concurrent Workstation
Mean = 9.190 μs, StdErr = 0.017 μs (0.19%), N = 29, StdDev = 0.093 μs
Min = 9.068 μs, Q1 = 9.101 μs, Median = 9.254 μs, Q3 = 9.272 μs, Max = 9.323 μs
IQR = 0.171 μs, LowerFence = 8.844 μs, UpperFence = 9.529 μs
ConfidenceInterval = [9.127 μs; 9.253 μs] (CI 99.9%), Margin = 0.063 μs (0.69% of Mean)
Skewness = -0.05, Kurtosis = 1.12, MValue = 2
-------------------- Histogram --------------------
[9.029 μs ; 9.362 μs) | @@@@@@@@@@@@@@@@@@@@@@@@@@@@@
---------------------------------------------------

SpecificationEvaluatorBenchmarks.'String Include': MediumRun(IterationCount=15, LaunchCount=2, WarmupCount=10) [CriteriaCount=2]
Runtime = .NET 10.0.7 (10.0.7, 10.0.726.21808), X64 RyuJIT x86-64-v3; GC = Concurrent Workstation
Mean = 9.164 μs, StdErr = 0.003 μs (0.04%), N = 27, StdDev = 0.017 μs
Min = 9.114 μs, Q1 = 9.155 μs, Median = 9.171 μs, Q3 = 9.177 μs, Max = 9.193 μs
IQR = 0.022 μs, LowerFence = 9.122 μs, UpperFence = 9.210 μs
ConfidenceInterval = [9.152 μs; 9.177 μs] (CI 99.9%), Margin = 0.012 μs (0.13% of Mean)
Skewness = -0.91, Kurtosis = 3.67, MValue = 2
-------------------- Histogram --------------------
[9.106 μs ; 9.201 μs) | @@@@@@@@@@@@@@@@@@@@@@@@@@@
---------------------------------------------------

SpecificationEvaluatorBenchmarks.'Multi-column ordering': MediumRun(IterationCount=15, LaunchCount=2, WarmupCount=10) [CriteriaCount=2]
Runtime = .NET 10.0.7 (10.0.7, 10.0.726.21808), X64 RyuJIT x86-64-v3; GC = Concurrent Workstation
Mean = 20.862 μs, StdErr = 0.044 μs (0.21%), N = 29, StdDev = 0.236 μs
Min = 20.500 μs, Q1 = 20.643 μs, Median = 20.897 μs, Q3 = 21.016 μs, Max = 21.324 μs
IQR = 0.373 μs, LowerFence = 20.083 μs, UpperFence = 21.576 μs
ConfidenceInterval = [20.701 μs; 21.023 μs] (CI 99.9%), Margin = 0.161 μs (0.77% of Mean)
Skewness = 0.21, Kurtosis = 1.65, MValue = 2
-------------------- Histogram --------------------
[20.477 μs ; 21.425 μs) | @@@@@@@@@@@@@@@@@@@@@@@@@@@@@
---------------------------------------------------

SpecificationEvaluatorBenchmarks.'Offset pagination (Skip/Take)': MediumRun(IterationCount=15, LaunchCount=2, WarmupCount=10) [CriteriaCount=2]
Runtime = .NET 10.0.7 (10.0.7, 10.0.726.21808), X64 RyuJIT x86-64-v3; GC = Concurrent Workstation
Mean = 21.780 μs, StdErr = 0.035 μs (0.16%), N = 30, StdDev = 0.191 μs
Min = 21.464 μs, Q1 = 21.629 μs, Median = 21.802 μs, Q3 = 21.954 μs, Max = 22.054 μs
IQR = 0.325 μs, LowerFence = 21.142 μs, UpperFence = 22.441 μs
ConfidenceInterval = [21.652 μs; 21.908 μs] (CI 99.9%), Margin = 0.128 μs (0.59% of Mean)
Skewness = -0.12, Kurtosis = 1.37, MValue = 2
-------------------- Histogram --------------------
[21.384 μs ; 22.135 μs) | @@@@@@@@@@@@@@@@@@@@@@@@@@@@@@
---------------------------------------------------

SpecificationEvaluatorBenchmarks.'Full specification (all features)': MediumRun(IterationCount=15, LaunchCount=2, WarmupCount=10) [CriteriaCount=2]
Runtime = .NET 10.0.7 (10.0.7, 10.0.726.21808), X64 RyuJIT x86-64-v3; GC = Concurrent Workstation
Mean = 60.009 μs, StdErr = 0.071 μs (0.12%), N = 30, StdDev = 0.387 μs
Min = 59.359 μs, Q1 = 59.718 μs, Median = 60.080 μs, Q3 = 60.325 μs, Max = 60.623 μs
IQR = 0.607 μs, LowerFence = 58.808 μs, UpperFence = 61.234 μs
ConfidenceInterval = [59.750 μs; 60.267 μs] (CI 99.9%), Margin = 0.258 μs (0.43% of Mean)
Skewness = -0.09, Kurtosis = 1.54, MValue = 2
-------------------- Histogram --------------------
[59.196 μs ; 60.787 μs) | @@@@@@@@@@@@@@@@@@@@@@@@@@@@@@
---------------------------------------------------

SpecificationEvaluatorBenchmarks.'Simple Where (single criterion)': MediumRun(IterationCount=15, LaunchCount=2, WarmupCount=10) [CriteriaCount=10]
Runtime = .NET 10.0.7 (10.0.7, 10.0.726.21808), X64 RyuJIT x86-64-v3; GC = Concurrent Workstation
Mean = 14.685 μs, StdErr = 0.052 μs (0.36%), N = 28, StdDev = 0.278 μs
Min = 14.383 μs, Q1 = 14.416 μs, Median = 14.494 μs, Q3 = 14.978 μs, Max = 15.028 μs
IQR = 0.562 μs, LowerFence = 13.573 μs, UpperFence = 15.821 μs
ConfidenceInterval = [14.491 μs; 14.878 μs] (CI 99.9%), Margin = 0.194 μs (1.32% of Mean)
Skewness = 0.12, Kurtosis = 1, MValue = 2
-------------------- Histogram --------------------
[14.296 μs ; 14.831 μs) | @@@@@@@@@@@@@@@
[14.831 μs ; 15.148 μs) | @@@@@@@@@@@@@
---------------------------------------------------

SpecificationEvaluatorBenchmarks.'Direct LINQ Where (baseline)': MediumRun(IterationCount=15, LaunchCount=2, WarmupCount=10) [CriteriaCount=10]
Runtime = .NET 10.0.7 (10.0.7, 10.0.726.21808), X64 RyuJIT x86-64-v3; GC = Concurrent Workstation
Mean = 11.985 μs, StdErr = 0.009 μs (0.07%), N = 30, StdDev = 0.048 μs
Min = 11.885 μs, Q1 = 11.956 μs, Median = 11.994 μs, Q3 = 12.022 μs, Max = 12.061 μs
IQR = 0.066 μs, LowerFence = 11.857 μs, UpperFence = 12.121 μs
ConfidenceInterval = [11.953 μs; 12.017 μs] (CI 99.9%), Margin = 0.032 μs (0.27% of Mean)
Skewness = -0.4, Kurtosis = 2.23, MValue = 2
-------------------- Histogram --------------------
[11.864 μs ; 12.082 μs) | @@@@@@@@@@@@@@@@@@@@@@@@@@@@@@
---------------------------------------------------

SpecificationEvaluatorBenchmarks.'Complex predicates (parameterized)': MediumRun(IterationCount=15, LaunchCount=2, WarmupCount=10) [CriteriaCount=10]
Runtime = .NET 10.0.7 (10.0.7, 10.0.726.21808), X64 RyuJIT x86-64-v3; GC = Concurrent Workstation
Mean = 71.988 μs, StdErr = 0.146 μs (0.20%), N = 28, StdDev = 0.772 μs
Min = 70.891 μs, Q1 = 71.307 μs, Median = 71.607 μs, Q3 = 72.770 μs, Max = 72.969 μs
IQR = 1.463 μs, LowerFence = 69.112 μs, UpperFence = 74.965 μs
ConfidenceInterval = [71.450 μs; 72.526 μs] (CI 99.9%), Margin = 0.538 μs (0.75% of Mean)
Skewness = 0.07, Kurtosis = 1.1, MValue = 2
-------------------- Histogram --------------------
[70.638 μs ; 73.302 μs) | @@@@@@@@@@@@@@@@@@@@@@@@@@@@
---------------------------------------------------

SpecificationEvaluatorBenchmarks.'Two criteria (AND)': MediumRun(IterationCount=15, LaunchCount=2, WarmupCount=10) [CriteriaCount=10]
Runtime = .NET 10.0.7 (10.0.7, 10.0.726.21808), X64 RyuJIT x86-64-v3; GC = Concurrent Workstation
Mean = 16.963 μs, StdErr = 0.040 μs (0.24%), N = 29, StdDev = 0.215 μs
Min = 16.670 μs, Q1 = 16.760 μs, Median = 16.867 μs, Q3 = 17.176 μs, Max = 17.236 μs
IQR = 0.416 μs, LowerFence = 16.136 μs, UpperFence = 17.800 μs
ConfidenceInterval = [16.817 μs; 17.110 μs] (CI 99.9%), Margin = 0.147 μs (0.86% of Mean)
Skewness = -0, Kurtosis = 1.09, MValue = 2
-------------------- Histogram --------------------
[16.578 μs ; 16.926 μs) | @@@@@@@@@@@@@@@
[16.926 μs ; 17.328 μs) | @@@@@@@@@@@@@@
---------------------------------------------------

SpecificationEvaluatorBenchmarks.'Five criteria (AND)': MediumRun(IterationCount=15, LaunchCount=2, WarmupCount=10) [CriteriaCount=10]
Runtime = .NET 10.0.7 (10.0.7, 10.0.726.21808), X64 RyuJIT x86-64-v3; GC = Concurrent Workstation
Mean = 38.146 μs, StdErr = 0.014 μs (0.04%), N = 30, StdDev = 0.078 μs
Min = 38.044 μs, Q1 = 38.080 μs, Median = 38.127 μs, Q3 = 38.195 μs, Max = 38.299 μs
IQR = 0.115 μs, LowerFence = 37.907 μs, UpperFence = 38.368 μs
ConfidenceInterval = [38.094 μs; 38.198 μs] (CI 99.9%), Margin = 0.052 μs (0.14% of Mean)
Skewness = 0.61, Kurtosis = 2.08, MValue = 2
-------------------- Histogram --------------------
[38.011 μs ; 38.332 μs) | @@@@@@@@@@@@@@@@@@@@@@@@@@@@@@
---------------------------------------------------

SpecificationEvaluatorBenchmarks.'Ten criteria (AND)': MediumRun(IterationCount=15, LaunchCount=2, WarmupCount=10) [CriteriaCount=10]
Runtime = .NET 10.0.7 (10.0.7, 10.0.726.21808), X64 RyuJIT x86-64-v3; GC = Concurrent Workstation
Mean = 71.012 μs, StdErr = 0.148 μs (0.21%), N = 29, StdDev = 0.799 μs
Min = 69.999 μs, Q1 = 70.231 μs, Median = 71.532 μs, Q3 = 71.747 μs, Max = 72.001 μs
IQR = 1.516 μs, LowerFence = 67.957 μs, UpperFence = 74.021 μs
ConfidenceInterval = [70.467 μs; 71.556 μs] (CI 99.9%), Margin = 0.545 μs (0.77% of Mean)
Skewness = -0.06, Kurtosis = 1.02, MValue = 2
-------------------- Histogram --------------------
[69.658 μs ; 72.342 μs) | @@@@@@@@@@@@@@@@@@@@@@@@@@@@@
---------------------------------------------------

SpecificationEvaluatorBenchmarks.'Keyset pagination': MediumRun(IterationCount=15, LaunchCount=2, WarmupCount=10) [CriteriaCount=10]
Runtime = .NET 10.0.7 (10.0.7, 10.0.726.21808), X64 RyuJIT x86-64-v3; GC = Concurrent Workstation
Mean = 26.635 μs, StdErr = 0.080 μs (0.30%), N = 30, StdDev = 0.437 μs
Min = 26.134 μs, Q1 = 26.228 μs, Median = 26.560 μs, Q3 = 27.034 μs, Max = 27.307 μs
IQR = 0.806 μs, LowerFence = 25.019 μs, UpperFence = 28.243 μs
ConfidenceInterval = [26.343 μs; 26.927 μs] (CI 99.9%), Margin = 0.292 μs (1.10% of Mean)
Skewness = 0.1, Kurtosis = 1.14, MValue = 2
-------------------- Histogram --------------------
[25.949 μs ; 27.342 μs) | @@@@@@@@@@@@@@@@@@@@@@@@@@@@@@
---------------------------------------------------

SpecificationEvaluatorBenchmarks.'Keyset pagination (fresh cursor)': MediumRun(IterationCount=15, LaunchCount=2, WarmupCount=10) [CriteriaCount=10]
Runtime = .NET 10.0.7 (10.0.7, 10.0.726.21808), X64 RyuJIT x86-64-v3; GC = Concurrent Workstation
Mean = 4.100 ms, StdErr = 0.004 ms (0.09%), N = 28, StdDev = 0.020 ms
Min = 4.059 ms, Q1 = 4.083 ms, Median = 4.106 ms, Q3 = 4.113 ms, Max = 4.134 ms
IQR = 0.030 ms, LowerFence = 4.039 ms, UpperFence = 4.157 ms
ConfidenceInterval = [4.086 ms; 4.114 ms] (CI 99.9%), Margin = 0.014 ms (0.34% of Mean)
Skewness = -0.51, Kurtosis = 2.21, MValue = 2
-------------------- Histogram --------------------
[4.050 ms ; 4.143 ms) | @@@@@@@@@@@@@@@@@@@@@@@@@@@@
---------------------------------------------------

SpecificationEvaluatorBenchmarks.'Lambda Include': MediumRun(IterationCount=15, LaunchCount=2, WarmupCount=10) [CriteriaCount=10]
Runtime = .NET 10.0.7 (10.0.7, 10.0.726.21808), X64 RyuJIT x86-64-v3; GC = Concurrent Workstation
Mean = 9.220 μs, StdErr = 0.006 μs (0.07%), N = 29, StdDev = 0.032 μs
Min = 9.148 μs, Q1 = 9.201 μs, Median = 9.223 μs, Q3 = 9.234 μs, Max = 9.297 μs
IQR = 0.034 μs, LowerFence = 9.151 μs, UpperFence = 9.285 μs
ConfidenceInterval = [9.198 μs; 9.242 μs] (CI 99.9%), Margin = 0.022 μs (0.24% of Mean)
Skewness = -0.04, Kurtosis = 3.04, MValue = 2
-------------------- Histogram --------------------
[9.134 μs ; 9.310 μs) | @@@@@@@@@@@@@@@@@@@@@@@@@@@@@
---------------------------------------------------

SpecificationEvaluatorBenchmarks.'String Include': MediumRun(IterationCount=15, LaunchCount=2, WarmupCount=10) [CriteriaCount=10]
Runtime = .NET 10.0.7 (10.0.7, 10.0.726.21808), X64 RyuJIT x86-64-v3; GC = Concurrent Workstation
Mean = 9.143 μs, StdErr = 0.005 μs (0.05%), N = 30, StdDev = 0.026 μs
Min = 9.097 μs, Q1 = 9.125 μs, Median = 9.147 μs, Q3 = 9.163 μs, Max = 9.187 μs
IQR = 0.037 μs, LowerFence = 9.070 μs, UpperFence = 9.218 μs
ConfidenceInterval = [9.126 μs; 9.161 μs] (CI 99.9%), Margin = 0.017 μs (0.19% of Mean)
Skewness = -0.15, Kurtosis = 1.86, MValue = 2
-------------------- Histogram --------------------
[9.086 μs ; 9.198 μs) | @@@@@@@@@@@@@@@@@@@@@@@@@@@@@@
---------------------------------------------------

SpecificationEvaluatorBenchmarks.'Multi-column ordering': MediumRun(IterationCount=15, LaunchCount=2, WarmupCount=10) [CriteriaCount=10]
Runtime = .NET 10.0.7 (10.0.7, 10.0.726.21808), X64 RyuJIT x86-64-v3; GC = Concurrent Workstation
Mean = 20.970 μs, StdErr = 0.067 μs (0.32%), N = 28, StdDev = 0.354 μs
Min = 20.597 μs, Q1 = 20.651 μs, Median = 20.710 μs, Q3 = 21.349 μs, Max = 21.388 μs
IQR = 0.699 μs, LowerFence = 19.603 μs, UpperFence = 22.397 μs
ConfidenceInterval = [20.723 μs; 21.217 μs] (CI 99.9%), Margin = 0.247 μs (1.18% of Mean)
Skewness = 0.14, Kurtosis = 1, MValue = 2
-------------------- Histogram --------------------
[20.443 μs ; 21.503 μs) | @@@@@@@@@@@@@@@@@@@@@@@@@@@@
---------------------------------------------------

SpecificationEvaluatorBenchmarks.'Offset pagination (Skip/Take)': MediumRun(IterationCount=15, LaunchCount=2, WarmupCount=10) [CriteriaCount=10]
Runtime = .NET 10.0.7 (10.0.7, 10.0.726.21808), X64 RyuJIT x86-64-v3; GC = Concurrent Workstation
Mean = 21.840 μs, StdErr = 0.011 μs (0.05%), N = 28, StdDev = 0.059 μs
Min = 21.741 μs, Q1 = 21.812 μs, Median = 21.840 μs, Q3 = 21.864 μs, Max = 21.976 μs
IQR = 0.052 μs, LowerFence = 21.733 μs, UpperFence = 21.942 μs
ConfidenceInterval = [21.799 μs; 21.881 μs] (CI 99.9%), Margin = 0.041 μs (0.19% of Mean)
Skewness = 0.39, Kurtosis = 2.85, MValue = 2
-------------------- Histogram --------------------
[21.716 μs ; 22.001 μs) | @@@@@@@@@@@@@@@@@@@@@@@@@@@@
---------------------------------------------------

SpecificationEvaluatorBenchmarks.'Full specification (all features)': MediumRun(IterationCount=15, LaunchCount=2, WarmupCount=10) [CriteriaCount=10]
Runtime = .NET 10.0.7 (10.0.7, 10.0.726.21808), X64 RyuJIT x86-64-v3; GC = Concurrent Workstation
Mean = 60.058 μs, StdErr = 0.076 μs (0.13%), N = 30, StdDev = 0.417 μs
Min = 59.269 μs, Q1 = 59.798 μs, Median = 60.011 μs, Q3 = 60.472 μs, Max = 60.667 μs
IQR = 0.674 μs, LowerFence = 58.788 μs, UpperFence = 61.482 μs
ConfidenceInterval = [59.779 μs; 60.336 μs] (CI 99.9%), Margin = 0.279 μs (0.46% of Mean)
Skewness = -0.17, Kurtosis = 1.65, MValue = 2
-------------------- Histogram --------------------
[59.093 μs ; 60.843 μs) | @@@@@@@@@@@@@@@@@@@@@@@@@@@@@@
---------------------------------------------------

// * Summary *

BenchmarkDotNet v0.15.8, Linux Ubuntu 24.04.4 LTS (Noble Numbat)
AMD EPYC 9V74 2.87GHz, 1 CPU, 4 logical and 2 physical cores
.NET SDK 10.0.203
  [Host]    : .NET 10.0.7 (10.0.7, 10.0.726.21808), X64 RyuJIT x86-64-v3
  MediumRun : .NET 10.0.7 (10.0.7, 10.0.726.21808), X64 RyuJIT x86-64-v3

Job=MediumRun  IterationCount=15  LaunchCount=2  
WarmupCount=10  

| Method                               | CriteriaCount | Mean         | Error      | StdDev     | Median       | Ratio  | RatioSD | Rank | Gen0   | Allocated | Alloc Ratio |
|------------------------------------- |-------------- |-------------:|-----------:|-----------:|-------------:|-------:|--------:|-----:|-------:|----------:|------------:|
| 'Simple Where (single criterion)'    | 2             |    14.532 μs |  0.1258 μs |  0.1844 μs |    14.449 μs |   1.00 |    0.02 |    3 | 0.3815 |   6.45 KB |        1.00 |
| 'Direct LINQ Where (baseline)'       | 2             |    11.845 μs |  0.0706 μs |  0.1056 μs |    11.883 μs |   0.82 |    0.01 |    2 | 0.3204 |   5.26 KB |        0.82 |
| 'Complex predicates (parameterized)' | 2             |    17.460 μs |  0.1245 μs |  0.1786 μs |    17.392 μs |   1.20 |    0.02 |    4 | 0.3662 |   6.42 KB |        1.00 |
| 'Two criteria (AND)'                 | 2             |    17.059 μs |  0.0880 μs |  0.1290 μs |    17.086 μs |   1.17 |    0.02 |    4 | 0.3662 |   6.14 KB |        0.95 |
| 'Five criteria (AND)'                | 2             |    38.161 μs |  0.1419 μs |  0.2080 μs |    38.071 μs |   2.63 |    0.04 |    8 | 0.6714 |  11.71 KB |        1.82 |
| 'Ten criteria (AND)'                 | 2             |    71.161 μs |  0.1307 μs |  0.1916 μs |    71.185 μs |   4.90 |    0.06 |   10 | 1.2207 |  20.91 KB |        3.24 |
| 'Keyset pagination'                  | 2             |    26.953 μs |  0.5166 μs |  0.7732 μs |    26.971 μs |   1.85 |    0.06 |    7 | 0.6104 |  10.43 KB |        1.62 |
| 'Keyset pagination (fresh cursor)'   | 2             | 4,115.401 μs | 16.6264 μs | 24.8856 μs | 4,113.373 μs | 283.23 |    3.91 |   11 |      - | 109.14 KB |       16.93 |
| 'Lambda Include'                     | 2             |     9.190 μs |  0.0632 μs |  0.0926 μs |     9.254 μs |   0.63 |    0.01 |    1 | 0.2594 |   4.26 KB |        0.66 |
| 'String Include'                     | 2             |     9.164 μs |  0.0123 μs |  0.0173 μs |     9.171 μs |   0.63 |    0.01 |    1 | 0.2594 |   4.26 KB |        0.66 |
| 'Multi-column ordering'              | 2             |    20.862 μs |  0.1610 μs |  0.2360 μs |    20.897 μs |   1.44 |    0.02 |    5 | 0.5188 |   8.77 KB |        1.36 |
| 'Offset pagination (Skip/Take)'      | 2             |    21.780 μs |  0.1277 μs |  0.1911 μs |    21.802 μs |   1.50 |    0.02 |    6 | 0.5493 |   9.36 KB |        1.45 |
| 'Full specification (all features)'  | 2             |    60.009 μs |  0.2584 μs |  0.3867 μs |    60.080 μs |   4.13 |    0.06 |    9 | 1.2207 |  20.04 KB |        3.11 |
|                                      |               |              |            |            |              |        |         |      |        |           |             |
| 'Simple Where (single criterion)'    | 10            |    14.685 μs |  0.1937 μs |  0.2778 μs |    14.494 μs |   1.00 |    0.03 |    3 | 0.3815 |   6.45 KB |        1.00 |
| 'Direct LINQ Where (baseline)'       | 10            |    11.985 μs |  0.0320 μs |  0.0480 μs |    11.994 μs |   0.82 |    0.02 |    2 | 0.3204 |   5.26 KB |        0.82 |
| 'Complex predicates (parameterized)' | 10            |    71.988 μs |  0.5380 μs |  0.7715 μs |    71.607 μs |   4.90 |    0.10 |   10 | 1.2207 |  20.91 KB |        3.24 |
| 'Two criteria (AND)'                 | 10            |    16.963 μs |  0.1467 μs |  0.2150 μs |    16.867 μs |   1.16 |    0.03 |    4 | 0.3662 |   6.14 KB |        0.95 |
| 'Five criteria (AND)'                | 10            |    38.146 μs |  0.0519 μs |  0.0777 μs |    38.127 μs |   2.60 |    0.05 |    8 | 0.6714 |  11.55 KB |        1.79 |
| 'Ten criteria (AND)'                 | 10            |    71.012 μs |  0.5448 μs |  0.7986 μs |    71.532 μs |   4.84 |    0.10 |   10 | 1.2207 |  20.91 KB |        3.24 |
| 'Keyset pagination'                  | 10            |    26.635 μs |  0.2917 μs |  0.4366 μs |    26.560 μs |   1.81 |    0.04 |    7 | 0.6409 |  10.74 KB |        1.67 |
| 'Keyset pagination (fresh cursor)'   | 10            | 4,099.751 μs | 13.7556 μs | 19.7279 μs | 4,106.023 μs | 279.28 |    5.34 |   11 |      - | 109.07 KB |       16.92 |
| 'Lambda Include'                     | 10            |     9.220 μs |  0.0221 μs |  0.0324 μs |     9.223 μs |   0.63 |    0.01 |    1 | 0.2594 |   4.26 KB |        0.66 |
| 'String Include'                     | 10            |     9.143 μs |  0.0172 μs |  0.0258 μs |     9.147 μs |   0.62 |    0.01 |    1 | 0.2594 |   4.26 KB |        0.66 |
| 'Multi-column ordering'              | 10            |    20.970 μs |  0.2471 μs |  0.3544 μs |    20.710 μs |   1.43 |    0.04 |    5 | 0.5493 |   9.09 KB |        1.41 |
| 'Offset pagination (Skip/Take)'      | 10            |    21.840 μs |  0.0409 μs |  0.0587 μs |    21.840 μs |   1.49 |    0.03 |    6 | 0.5493 |   9.36 KB |        1.45 |
| 'Full specification (all features)'  | 10            |    60.058 μs |  0.2787 μs |  0.4172 μs |    60.011 μs |   4.09 |    0.08 |    9 | 1.2207 |   20.2 KB |        3.13 |

// * Warnings *
MultimodalDistribution
  SpecificationEvaluatorBenchmarks.'Keyset pagination': MediumRun -> It seems that the distribution is bimodal (mValue = 4)

// * Hints *
Outliers
  SpecificationEvaluatorBenchmarks.'Five criteria (AND)': MediumRun              -> 1 outlier  was  removed (39.07 μs)
  SpecificationEvaluatorBenchmarks.'Ten criteria (AND)': MediumRun               -> 1 outlier  was  removed (72.11 μs)
  SpecificationEvaluatorBenchmarks.'Keyset pagination (fresh cursor)': MediumRun -> 1 outlier  was  removed (4.18 ms)
  SpecificationEvaluatorBenchmarks.'String Include': MediumRun                   -> 3 outliers were removed, 4 outliers were detected (9.12 μs, 9.23 μs..9.25 μs)
  SpecificationEvaluatorBenchmarks.'Keyset pagination (fresh cursor)': MediumRun -> 2 outliers were removed (4.16 ms, 4.16 ms)
  SpecificationEvaluatorBenchmarks.'Lambda Include': MediumRun                   -> 1 outlier  was  removed, 2 outliers were detected (9.15 μs, 9.30 μs)
// * Config Issues *

// * Warnings *
Configuration
  Summary -> The exporter CsvExporter is already present in configuration. There may be unexpected results.
  Summary -> The exporter HtmlExporter is already present in configuration. There may be unexpected results.
  Summary -> The exporter MarkdownExporter-github is already present in configuration. There may be unexpected results.

// * Legends *
  CriteriaCount : Value of the 'CriteriaCount' parameter
  Mean          : Arithmetic mean of all measurements
  Error         : Half of 99.9% confidence interval
  StdDev        : Standard deviation of all measurements
  Median        : Value separating the higher half of all measurements (50th percentile)
  Ratio         : Mean of the ratio distribution ([Current]/[Baseline])
  RatioSD       : Standard deviation of the ratio distribution ([Current]/[Baseline])
  Rank          : Relative position of current benchmark mean among all benchmarks (Arabic style)
  Gen0          : GC Generation 0 collects per 1000 operations
  Allocated     : Allocated memory per single operation (managed only, inclusive, 1KB = 1024B)
  Alloc Ratio   : Allocated memory ratio distribution ([Current]/[Baseline])
  1 μs          : 1 Microsecond (0.000001 sec)

// * Diagnostic Output - MemoryDiagnoser *


// ***** BenchmarkRunner: End *****
Run time: 00:18:22 (1102.9 sec), executed benchmarks: 26

Global total time: 00:21:39 (1299.18 sec), executed benchmarks: 26
// * Artifacts cleanup *
Artifacts cleanup is finished
