// Validating benchmarks:
// ***** BenchmarkRunner: Start   *****
// ***** Found 20 benchmark(s) in total *****
// ***** Building 1 exe(s) in Parallel: Start   *****
// start dotnet  restore --nodeReuse:false /p:UseSharedCompilation=false /p:Deterministic=true /p:Optimize=true /p:ArtifactsPath="/home/runner/work/Encina/Encina/tests/Encina.BenchmarkTests/Encina.Caching.Redis.Benchmarks/bin/Release/net10.0/Encina.Caching.Redis.Benchmarks-Job-NUBXJZ-1/" /p:OutDir="/home/runner/work/Encina/Encina/tests/Encina.BenchmarkTests/Encina.Caching.Redis.Benchmarks/bin/Release/net10.0/Encina.Caching.Redis.Benchmarks-Job-NUBXJZ-1/bin/Release/net10.0/" /p:OutputPath="/home/runner/work/Encina/Encina/tests/Encina.BenchmarkTests/Encina.Caching.Redis.Benchmarks/bin/Release/net10.0/Encina.Caching.Redis.Benchmarks-Job-NUBXJZ-1/bin/Release/net10.0/" /p:PublishDir="/home/runner/work/Encina/Encina/tests/Encina.BenchmarkTests/Encina.Caching.Redis.Benchmarks/bin/Release/net10.0/Encina.Caching.Redis.Benchmarks-Job-NUBXJZ-1/publish/" in /home/runner/work/Encina/Encina/tests/Encina.BenchmarkTests/Encina.Caching.Redis.Benchmarks/bin/Release/net10.0/Encina.Caching.Redis.Benchmarks-Job-NUBXJZ-1
// command took 3.33 sec and exited with 0
// start dotnet  build -c Release --no-restore --nodeReuse:false /p:UseSharedCompilation=false /p:Deterministic=true /p:Optimize=true /p:ArtifactsPath="/home/runner/work/Encina/Encina/tests/Encina.BenchmarkTests/Encina.Caching.Redis.Benchmarks/bin/Release/net10.0/Encina.Caching.Redis.Benchmarks-Job-NUBXJZ-1/" /p:OutDir="/home/runner/work/Encina/Encina/tests/Encina.BenchmarkTests/Encina.Caching.Redis.Benchmarks/bin/Release/net10.0/Encina.Caching.Redis.Benchmarks-Job-NUBXJZ-1/bin/Release/net10.0/" /p:OutputPath="/home/runner/work/Encina/Encina/tests/Encina.BenchmarkTests/Encina.Caching.Redis.Benchmarks/bin/Release/net10.0/Encina.Caching.Redis.Benchmarks-Job-NUBXJZ-1/bin/Release/net10.0/" /p:PublishDir="/home/runner/work/Encina/Encina/tests/Encina.BenchmarkTests/Encina.Caching.Redis.Benchmarks/bin/Release/net10.0/Encina.Caching.Redis.Benchmarks-Job-NUBXJZ-1/publish/" --output "/home/runner/work/Encina/Encina/tests/Encina.BenchmarkTests/Encina.Caching.Redis.Benchmarks/bin/Release/net10.0/Encina.Caching.Redis.Benchmarks-Job-NUBXJZ-1/bin/Release/net10.0/" in /home/runner/work/Encina/Encina/tests/Encina.BenchmarkTests/Encina.Caching.Redis.Benchmarks/bin/Release/net10.0/Encina.Caching.Redis.Benchmarks-Job-NUBXJZ-1
// command took 53.56 sec and exited with 0
// ***** Done, took 00:00:57 (57.08 sec)   *****
// Found 20 benchmarks:
//   RedisCacheProviderBenchmarks.ExistsAsync_False: Job-NUBXJZ(IterationCount=20, WarmupCount=5)
//   RedisCacheProviderBenchmarks.ExistsAsync_False: ShortRun(IterationCount=3, LaunchCount=1, WarmupCount=3)
//   RedisCacheProviderBenchmarks.ExistsAsync_True: Job-NUBXJZ(IterationCount=20, WarmupCount=5)
//   RedisCacheProviderBenchmarks.ExistsAsync_True: ShortRun(IterationCount=3, LaunchCount=1, WarmupCount=3)
//   RedisCacheProviderBenchmarks.GetAsync_CacheHit: Job-NUBXJZ(IterationCount=20, WarmupCount=5)
//   RedisCacheProviderBenchmarks.GetAsync_CacheHit: ShortRun(IterationCount=3, LaunchCount=1, WarmupCount=3)
//   RedisCacheProviderBenchmarks.GetAsync_CacheMiss: Job-NUBXJZ(IterationCount=20, WarmupCount=5)
//   RedisCacheProviderBenchmarks.GetAsync_CacheMiss: ShortRun(IterationCount=3, LaunchCount=1, WarmupCount=3)
//   RedisCacheProviderBenchmarks.GetOrSetAsync_CacheHit: Job-NUBXJZ(IterationCount=20, WarmupCount=5)
//   RedisCacheProviderBenchmarks.GetOrSetAsync_CacheHit: ShortRun(IterationCount=3, LaunchCount=1, WarmupCount=3)
//   RedisCacheProviderBenchmarks.GetOrSetAsync_CacheMiss: Job-ZDPOZY(InvocationCount=1, IterationCount=20, UnrollFactor=1, WarmupCount=5)
//   RedisCacheProviderBenchmarks.GetOrSetAsync_CacheMiss: ShortRun(InvocationCount=1, IterationCount=3, LaunchCount=1, UnrollFactor=1, WarmupCount=3)
//   RedisCacheProviderBenchmarks.RemoveAsync: Job-ZDPOZY(InvocationCount=1, IterationCount=20, UnrollFactor=1, WarmupCount=5)
//   RedisCacheProviderBenchmarks.RemoveAsync: ShortRun(InvocationCount=1, IterationCount=3, LaunchCount=1, UnrollFactor=1, WarmupCount=3)
//   RedisCacheProviderBenchmarks.RemoveByPatternAsync: Job-ZDPOZY(InvocationCount=1, IterationCount=20, UnrollFactor=1, WarmupCount=5)
//   RedisCacheProviderBenchmarks.RemoveByPatternAsync: ShortRun(InvocationCount=1, IterationCount=3, LaunchCount=1, UnrollFactor=1, WarmupCount=3)
//   RedisCacheProviderBenchmarks.SetAsync: Job-NUBXJZ(IterationCount=20, WarmupCount=5)
//   RedisCacheProviderBenchmarks.SetAsync: ShortRun(IterationCount=3, LaunchCount=1, WarmupCount=3)
//   RedisCacheProviderBenchmarks.SetWithSlidingExpirationAsync: Job-NUBXJZ(IterationCount=20, WarmupCount=5)
//   RedisCacheProviderBenchmarks.SetWithSlidingExpirationAsync: ShortRun(IterationCount=3, LaunchCount=1, WarmupCount=3)

// **************************
// Benchmark: RedisCacheProviderBenchmarks.ExistsAsync_False: Job-NUBXJZ(IterationCount=20, WarmupCount=5)
// *** Execute ***
// Launch: 1 / 1
// Execute: dotnet Encina.Caching.Redis.Benchmarks-Job-NUBXJZ-1.dll --anonymousPipes 158 159 --benchmarkName Encina.Caching.Redis.Benchmarks.Benchmarks.RedisCacheProviderBenchmarks.ExistsAsync_False --job "IterationCount=20, WarmupCount=5" --benchmarkId 0 in /home/runner/work/Encina/Encina/tests/Encina.BenchmarkTests/Encina.Caching.Redis.Benchmarks/bin/Release/net10.0/Encina.Caching.Redis.Benchmarks-Job-NUBXJZ-1/bin/Release/net10.0
// Failed to set up high priority (Permission denied). In order to run benchmarks with high priority, make sure you have the right permissions.
// BeforeAnythingElse

// Benchmark Process Environment Information:
// BenchmarkDotNet v0.15.8
// Runtime=.NET 10.0.12 (10.0.12, 10.0.1226.42308), X64 RyuJIT x86-64-v3
// GC=Concurrent Workstation
// HardwareIntrinsics=AVX2+BMI1+BMI2+F16C+FMA+LZCNT+MOVBE,AVX,SSE3+SSSE3+SSE4.1+SSE4.2+POPCNT,X86Base+SSE+SSE2,AES+PCLMUL VectorSize=256
// Job: Job-NUBXJZ(IterationCount=20, WarmupCount=5)

[testcontainers.org 00:00:00.32] Connected to Docker:
  Host: unix:///var/run/docker.sock
  Server Version: 28.0.4
  Kernel Version: 6.17.0-1022-azure
  API Version: 1.48
  Operating System: Ubuntu 24.04.5 LTS
  Total Memory: 15.61 GB
[testcontainers.org 00:00:00.39] Searching Docker registry credential in CredsStore
[testcontainers.org 00:00:00.39] Searching Docker registry credential in CredHelpers
[testcontainers.org 00:00:00.39] Searching Docker registry credential in Auths
[testcontainers.org 00:00:00.39] Searching Docker registry credential in Auths
[testcontainers.org 00:00:00.39] Docker registry credential https://index.docker.io/v1/ found
[testcontainers.org 00:00:00.96] Docker image testcontainers/ryuk:0.14.0@sha256:7c1a8a9a47c780ed0f983770a662f80deb115d95cce3e2daa3d12115b8cd28f0 created
[testcontainers.org 00:00:01.15] Docker container 5db6544dd097 created
[testcontainers.org 00:00:01.26] Start Docker container 5db6544dd097
[testcontainers.org 00:00:01.49] Wait for Docker container 5db6544dd097 to complete readiness checks
[testcontainers.org 00:00:02.52] Docker container 5db6544dd097 ready
[testcontainers.org 00:00:03.50] Docker image redis:7-alpine created
[testcontainers.org 00:00:03.51] Docker container 41ade97a723c created
[testcontainers.org 00:00:03.51] Start Docker container 41ade97a723c
[testcontainers.org 00:00:03.61] Wait for Docker container 41ade97a723c to complete readiness checks
[testcontainers.org 00:00:03.63] Execute "redis-cli ping" at Docker container 41ade97a723c
[testcontainers.org 00:00:03.70] Docker container 41ade97a723c ready
OverheadJitting  1: 1 op, 213338.00 ns, 213.3380 us/op
WorkloadJitting  1: 1 op, 7367755.00 ns, 7.3678 ms/op

OverheadJitting  2: 16 op, 349813.00 ns, 21.8633 us/op
WorkloadJitting  2: 16 op, 4518574.00 ns, 282.4109 us/op

WorkloadPilot    1: 16 op, 3939895.00 ns, 246.2434 us/op
WorkloadPilot    2: 32 op, 7664414.00 ns, 239.5129 us/op
WorkloadPilot    3: 64 op, 16261720.00 ns, 254.0894 us/op
WorkloadPilot    4: 128 op, 36823635.00 ns, 287.6846 us/op
WorkloadPilot    5: 256 op, 67371862.00 ns, 263.1713 us/op
WorkloadPilot    6: 512 op, 133036861.00 ns, 259.8376 us/op
WorkloadPilot    7: 1024 op, 262230838.00 ns, 256.0848 us/op
WorkloadPilot    8: 2048 op, 526697418.00 ns, 257.1765 us/op

OverheadWarmup   1: 2048 op, 7103.00 ns, 3.4683 ns/op
OverheadWarmup   2: 2048 op, 6502.00 ns, 3.1748 ns/op
OverheadWarmup   3: 2048 op, 6542.00 ns, 3.1943 ns/op
OverheadWarmup   4: 2048 op, 6522.00 ns, 3.1846 ns/op
OverheadWarmup   5: 2048 op, 6442.00 ns, 3.1455 ns/op
OverheadWarmup   6: 2048 op, 6532.00 ns, 3.1895 ns/op
OverheadWarmup   7: 2048 op, 6432.00 ns, 3.1406 ns/op

OverheadActual   1: 2048 op, 9127.00 ns, 4.4565 ns/op
OverheadActual   2: 2048 op, 8736.00 ns, 4.2656 ns/op
OverheadActual   3: 2048 op, 4218.00 ns, 2.0596 ns/op
OverheadActual   4: 2048 op, 4148.00 ns, 2.0254 ns/op
OverheadActual   5: 2048 op, 4418.00 ns, 2.1572 ns/op
OverheadActual   6: 2048 op, 6503.00 ns, 3.1753 ns/op
OverheadActual   7: 2048 op, 8656.00 ns, 4.2266 ns/op
OverheadActual   8: 2048 op, 8896.00 ns, 4.3438 ns/op
OverheadActual   9: 2048 op, 8906.00 ns, 4.3486 ns/op
OverheadActual  10: 2048 op, 6793.00 ns, 3.3169 ns/op
OverheadActual  11: 2048 op, 8937.00 ns, 4.3638 ns/op
OverheadActual  12: 2048 op, 6372.00 ns, 3.1113 ns/op
OverheadActual  13: 2048 op, 6362.00 ns, 3.1064 ns/op
OverheadActual  14: 2048 op, 6362.00 ns, 3.1064 ns/op
OverheadActual  15: 2048 op, 6322.00 ns, 3.0869 ns/op
OverheadActual  16: 2048 op, 6441.00 ns, 3.1450 ns/op
OverheadActual  17: 2048 op, 6442.00 ns, 3.1455 ns/op
OverheadActual  18: 2048 op, 6342.00 ns, 3.0967 ns/op
OverheadActual  19: 2048 op, 6422.00 ns, 3.1357 ns/op
OverheadActual  20: 2048 op, 6432.00 ns, 3.1406 ns/op

WorkloadWarmup   1: 2048 op, 527254312.00 ns, 257.4484 us/op
WorkloadWarmup   2: 2048 op, 532293584.00 ns, 259.9090 us/op
WorkloadWarmup   3: 2048 op, 529430051.00 ns, 258.5108 us/op
WorkloadWarmup   4: 2048 op, 531651317.00 ns, 259.5954 us/op
WorkloadWarmup   5: 2048 op, 528440162.00 ns, 258.0274 us/op

// BeforeActualRun
WorkloadActual   1: 2048 op, 530545330.00 ns, 259.0553 us/op
WorkloadActual   2: 2048 op, 531415957.00 ns, 259.4804 us/op
WorkloadActual   3: 2048 op, 530542493.00 ns, 259.0540 us/op
WorkloadActual   4: 2048 op, 524746022.00 ns, 256.2236 us/op
WorkloadActual   5: 2048 op, 530585048.00 ns, 259.0747 us/op
WorkloadActual   6: 2048 op, 531301335.00 ns, 259.4245 us/op
WorkloadActual   7: 2048 op, 524388618.00 ns, 256.0491 us/op
WorkloadActual   8: 2048 op, 528921038.00 ns, 258.2622 us/op
WorkloadActual   9: 2048 op, 528225718.00 ns, 257.9227 us/op
WorkloadActual  10: 2048 op, 525156769.00 ns, 256.4242 us/op
WorkloadActual  11: 2048 op, 529974463.00 ns, 258.7766 us/op
WorkloadActual  12: 2048 op, 529437959.00 ns, 258.5146 us/op
WorkloadActual  13: 2048 op, 526211229.00 ns, 256.9391 us/op
WorkloadActual  14: 2048 op, 529121378.00 ns, 258.3600 us/op
WorkloadActual  15: 2048 op, 528029236.00 ns, 257.8268 us/op
WorkloadActual  16: 2048 op, 531278135.00 ns, 259.4132 us/op
WorkloadActual  17: 2048 op, 524946861.00 ns, 256.3217 us/op
WorkloadActual  18: 2048 op, 526845048.00 ns, 257.2486 us/op
WorkloadActual  19: 2048 op, 531878345.00 ns, 259.7062 us/op
WorkloadActual  20: 2048 op, 529377220.00 ns, 258.4850 us/op

// AfterActualRun
WorkloadResult   1: 2048 op, 530538893.50 ns, 259.0522 us/op
WorkloadResult   2: 2048 op, 531409520.50 ns, 259.4773 us/op
WorkloadResult   3: 2048 op, 530536056.50 ns, 259.0508 us/op
WorkloadResult   4: 2048 op, 524739585.50 ns, 256.2205 us/op
WorkloadResult   5: 2048 op, 530578611.50 ns, 259.0716 us/op
WorkloadResult   6: 2048 op, 531294898.50 ns, 259.4213 us/op
WorkloadResult   7: 2048 op, 524382181.50 ns, 256.0460 us/op
WorkloadResult   8: 2048 op, 528914601.50 ns, 258.2591 us/op
WorkloadResult   9: 2048 op, 528219281.50 ns, 257.9196 us/op
WorkloadResult  10: 2048 op, 525150332.50 ns, 256.4211 us/op
WorkloadResult  11: 2048 op, 529968026.50 ns, 258.7735 us/op
WorkloadResult  12: 2048 op, 529431522.50 ns, 258.5115 us/op
WorkloadResult  13: 2048 op, 526204792.50 ns, 256.9359 us/op
WorkloadResult  14: 2048 op, 529114941.50 ns, 258.3569 us/op
WorkloadResult  15: 2048 op, 528022799.50 ns, 257.8236 us/op
WorkloadResult  16: 2048 op, 531271698.50 ns, 259.4100 us/op
WorkloadResult  17: 2048 op, 524940424.50 ns, 256.3186 us/op
WorkloadResult  18: 2048 op, 526838611.50 ns, 257.2454 us/op
WorkloadResult  19: 2048 op, 531871908.50 ns, 259.7031 us/op
WorkloadResult  20: 2048 op, 529370783.50 ns, 258.4818 us/op
// GC:  0 0 0 1196032 2048
// Threading:  4098 519 2048

[testcontainers.org 00:00:19.16] Stop Docker container 41ade97a723c
[testcontainers.org 00:00:19.29] Delete Docker container 41ade97a723c
// AfterAll
// Benchmark Process 3206 has exited with code 0.

Mean = 258.125 μs, StdErr = 0.269 μs (0.10%), N = 20, StdDev = 1.202 μs
Min = 256.046 μs, Q1 = 257.168 μs, Median = 258.419 μs, Q3 = 259.057 μs, Max = 259.703 μs
IQR = 1.889 μs, LowerFence = 254.335 μs, UpperFence = 261.891 μs
ConfidenceInterval = [257.081 μs; 259.169 μs] (CI 99.9%), Margin = 1.044 μs (0.40% of Mean)
Skewness = -0.45, Kurtosis = 1.7, MValue = 2

// ** Remained 19 (95.0 %) benchmark(s) to run. Estimated finish 2026-10-07 13:33 (0h 6m from now) **
// **************************
// Benchmark: RedisCacheProviderBenchmarks.ExistsAsync_False: ShortRun(IterationCount=3, LaunchCount=1, WarmupCount=3)
// *** Execute ***
// Launch: 1 / 1
// Execute: dotnet Encina.Caching.Redis.Benchmarks-Job-NUBXJZ-1.dll --anonymousPipes 158 159 --benchmarkName Encina.Caching.Redis.Benchmarks.Benchmarks.RedisCacheProviderBenchmarks.ExistsAsync_False --job ShortRun --benchmarkId 1 in /home/runner/work/Encina/Encina/tests/Encina.BenchmarkTests/Encina.Caching.Redis.Benchmarks/bin/Release/net10.0/Encina.Caching.Redis.Benchmarks-Job-NUBXJZ-1/bin/Release/net10.0
// Failed to set up high priority (Permission denied). In order to run benchmarks with high priority, make sure you have the right permissions.
// BeforeAnythingElse

// Benchmark Process Environment Information:
// BenchmarkDotNet v0.15.8
// Runtime=.NET 10.0.12 (10.0.12, 10.0.1226.42308), X64 RyuJIT x86-64-v3
// GC=Concurrent Workstation
// HardwareIntrinsics=AVX2+BMI1+BMI2+F16C+FMA+LZCNT+MOVBE,AVX,SSE3+SSSE3+SSE4.1+SSE4.2+POPCNT,X86Base+SSE+SSE2,AES+PCLMUL VectorSize=256
// Job: ShortRun(IterationCount=3, LaunchCount=1, WarmupCount=3)

[testcontainers.org 00:00:00.31] Connected to Docker:
  Host: unix:///var/run/docker.sock
  Server Version: 28.0.4
  Kernel Version: 6.17.0-1022-azure
  API Version: 1.48
  Operating System: Ubuntu 24.04.5 LTS
  Total Memory: 15.61 GB
[testcontainers.org 00:00:00.60] Docker container 130dcfdb013a created
[testcontainers.org 00:00:00.70] Start Docker container 130dcfdb013a
[testcontainers.org 00:00:00.84] Wait for Docker container 130dcfdb013a to complete readiness checks
[testcontainers.org 00:00:01.87] Docker container 130dcfdb013a ready
[testcontainers.org 00:00:01.92] Docker container d44e7c205797 created
[testcontainers.org 00:00:01.92] Start Docker container d44e7c205797
[testcontainers.org 00:00:02.04] Wait for Docker container d44e7c205797 to complete readiness checks
[testcontainers.org 00:00:02.05] Execute "redis-cli ping" at Docker container d44e7c205797
[testcontainers.org 00:00:02.12] Docker container d44e7c205797 ready
OverheadJitting  1: 1 op, 211625.00 ns, 211.6250 us/op
WorkloadJitting  1: 1 op, 7393141.00 ns, 7.3931 ms/op

OverheadJitting  2: 16 op, 363668.00 ns, 22.7293 us/op
WorkloadJitting  2: 16 op, 4578651.00 ns, 286.1657 us/op

WorkloadPilot    1: 16 op, 3970497.00 ns, 248.1561 us/op
WorkloadPilot    2: 32 op, 8152772.00 ns, 254.7741 us/op
WorkloadPilot    3: 64 op, 16125157.00 ns, 251.9556 us/op
WorkloadPilot    4: 128 op, 32331657.00 ns, 252.5911 us/op
WorkloadPilot    5: 256 op, 65327685.00 ns, 255.1863 us/op
WorkloadPilot    6: 512 op, 131306474.00 ns, 256.4580 us/op
WorkloadPilot    7: 1024 op, 262357001.00 ns, 256.2080 us/op
WorkloadPilot    8: 2048 op, 531451288.00 ns, 259.4977 us/op

OverheadWarmup   1: 2048 op, 7084.00 ns, 3.4590 ns/op
OverheadWarmup   2: 2048 op, 8856.00 ns, 4.3242 ns/op
OverheadWarmup   3: 2048 op, 6622.00 ns, 3.2334 ns/op
OverheadWarmup   4: 2048 op, 6602.00 ns, 3.2236 ns/op
OverheadWarmup   5: 2048 op, 6783.00 ns, 3.3120 ns/op
OverheadWarmup   6: 2048 op, 6763.00 ns, 3.3022 ns/op

OverheadActual   1: 2048 op, 6613.00 ns, 3.2290 ns/op
OverheadActual   2: 2048 op, 6703.00 ns, 3.2729 ns/op
OverheadActual   3: 2048 op, 6603.00 ns, 3.2241 ns/op
OverheadActual   4: 2048 op, 6583.00 ns, 3.2144 ns/op
OverheadActual   5: 2048 op, 6612.00 ns, 3.2285 ns/op
OverheadActual   6: 2048 op, 6532.00 ns, 3.1895 ns/op
OverheadActual   7: 2048 op, 6743.00 ns, 3.2925 ns/op
OverheadActual   8: 2048 op, 6632.00 ns, 3.2383 ns/op
OverheadActual   9: 2048 op, 6643.00 ns, 3.2437 ns/op
OverheadActual  10: 2048 op, 9097.00 ns, 4.4419 ns/op
OverheadActual  11: 2048 op, 6853.00 ns, 3.3462 ns/op
OverheadActual  12: 2048 op, 6683.00 ns, 3.2632 ns/op
OverheadActual  13: 2048 op, 7403.00 ns, 3.6147 ns/op
OverheadActual  14: 2048 op, 4298.00 ns, 2.0986 ns/op
OverheadActual  15: 2048 op, 4257.00 ns, 2.0786 ns/op
OverheadActual  16: 2048 op, 4148.00 ns, 2.0254 ns/op
OverheadActual  17: 2048 op, 4118.00 ns, 2.0107 ns/op
OverheadActual  18: 2048 op, 4157.00 ns, 2.0298 ns/op
OverheadActual  19: 2048 op, 4157.00 ns, 2.0298 ns/op
OverheadActual  20: 2048 op, 4108.00 ns, 2.0059 ns/op

WorkloadWarmup   1: 2048 op, 525918652.00 ns, 256.7962 us/op
WorkloadWarmup   2: 2048 op, 524789221.00 ns, 256.2447 us/op
WorkloadWarmup   3: 2048 op, 526643847.00 ns, 257.1503 us/op

// BeforeActualRun
WorkloadActual   1: 2048 op, 523343600.00 ns, 255.5389 us/op
WorkloadActual   2: 2048 op, 529773944.00 ns, 258.6787 us/op
WorkloadActual   3: 2048 op, 526478116.00 ns, 257.0694 us/op

// AfterActualRun
WorkloadResult   1: 2048 op, 523336992.50 ns, 255.5356 us/op
WorkloadResult   2: 2048 op, 529767336.50 ns, 258.6755 us/op
WorkloadResult   3: 2048 op, 526471508.50 ns, 257.0662 us/op
// GC:  0 0 0 1196032 2048
// Threading:  4097 573 2048

[testcontainers.org 00:00:07.44] Stop Docker container d44e7c205797
[testcontainers.org 00:00:07.58] Delete Docker container d44e7c205797
// AfterAll
// Benchmark Process 3564 has exited with code 0.

Mean = 257.092 μs, StdErr = 0.906 μs (0.35%), N = 3, StdDev = 1.570 μs
Min = 255.536 μs, Q1 = 256.301 μs, Median = 257.066 μs, Q3 = 257.871 μs, Max = 258.675 μs
IQR = 1.570 μs, LowerFence = 253.946 μs, UpperFence = 260.226 μs
ConfidenceInterval = [228.448 μs; 285.736 μs] (CI 99.9%), Margin = 28.644 μs (11.14% of Mean)
Skewness = 0.02, Kurtosis = 0.67, MValue = 2

// ** Remained 18 (90.0 %) benchmark(s) to run. Estimated finish 2026-10-07 13:31 (0h 4m from now) **
// **************************
// Benchmark: RedisCacheProviderBenchmarks.ExistsAsync_True: Job-NUBXJZ(IterationCount=20, WarmupCount=5)
// *** Execute ***
// Launch: 1 / 1
// Execute: dotnet Encina.Caching.Redis.Benchmarks-Job-NUBXJZ-1.dll --anonymousPipes 158 159 --benchmarkName Encina.Caching.Redis.Benchmarks.Benchmarks.RedisCacheProviderBenchmarks.ExistsAsync_True --job "IterationCount=20, WarmupCount=5" --benchmarkId 2 in /home/runner/work/Encina/Encina/tests/Encina.BenchmarkTests/Encina.Caching.Redis.Benchmarks/bin/Release/net10.0/Encina.Caching.Redis.Benchmarks-Job-NUBXJZ-1/bin/Release/net10.0
// Failed to set up high priority (Permission denied). In order to run benchmarks with high priority, make sure you have the right permissions.
// BeforeAnythingElse

// Benchmark Process Environment Information:
// BenchmarkDotNet v0.15.8
// Runtime=.NET 10.0.12 (10.0.12, 10.0.1226.42308), X64 RyuJIT x86-64-v3
// GC=Concurrent Workstation
// HardwareIntrinsics=AVX2+BMI1+BMI2+F16C+FMA+LZCNT+MOVBE,AVX,SSE3+SSSE3+SSE4.1+SSE4.2+POPCNT,X86Base+SSE+SSE2,AES+PCLMUL VectorSize=256
// Job: Job-NUBXJZ(IterationCount=20, WarmupCount=5)

[testcontainers.org 00:00:00.31] Connected to Docker:
  Host: unix:///var/run/docker.sock
  Server Version: 28.0.4
  Kernel Version: 6.17.0-1022-azure
  API Version: 1.48
  Operating System: Ubuntu 24.04.5 LTS
  Total Memory: 15.61 GB
[testcontainers.org 00:00:00.60] Docker container 1d7e2315f375 created
[testcontainers.org 00:00:00.70] Start Docker container 1d7e2315f375
[testcontainers.org 00:00:00.83] Wait for Docker container 1d7e2315f375 to complete readiness checks
[testcontainers.org 00:00:01.86] Docker container 1d7e2315f375 ready
[testcontainers.org 00:00:01.91] Docker container a6dbd01b7760 created
[testcontainers.org 00:00:01.91] Start Docker container a6dbd01b7760
[testcontainers.org 00:00:02.02] Wait for Docker container a6dbd01b7760 to complete readiness checks
[testcontainers.org 00:00:02.03] Execute "redis-cli ping" at Docker container a6dbd01b7760
[testcontainers.org 00:00:02.10] Docker container a6dbd01b7760 ready
OverheadJitting  1: 1 op, 210923.00 ns, 210.9230 us/op
WorkloadJitting  1: 1 op, 7647707.00 ns, 7.6477 ms/op

OverheadJitting  2: 16 op, 404916.00 ns, 25.3073 us/op
WorkloadJitting  2: 16 op, 4754870.00 ns, 297.1794 us/op

WorkloadPilot    1: 16 op, 4113203.00 ns, 257.0752 us/op
WorkloadPilot    2: 32 op, 8172681.00 ns, 255.3963 us/op
WorkloadPilot    3: 64 op, 16485062.00 ns, 257.5791 us/op
WorkloadPilot    4: 128 op, 32372450.00 ns, 252.9098 us/op
WorkloadPilot    5: 256 op, 65630101.00 ns, 256.3676 us/op
WorkloadPilot    6: 512 op, 132772742.00 ns, 259.3218 us/op
WorkloadPilot    7: 1024 op, 263329640.00 ns, 257.1579 us/op
WorkloadPilot    8: 2048 op, 531651516.00 ns, 259.5955 us/op

OverheadWarmup   1: 2048 op, 4458.00 ns, 2.1768 ns/op
OverheadWarmup   2: 2048 op, 4158.00 ns, 2.0303 ns/op
OverheadWarmup   3: 2048 op, 4167.00 ns, 2.0347 ns/op
OverheadWarmup   4: 2048 op, 4108.00 ns, 2.0059 ns/op
OverheadWarmup   5: 2048 op, 4259.00 ns, 2.0796 ns/op
OverheadWarmup   6: 2048 op, 4238.00 ns, 2.0693 ns/op

OverheadActual   1: 2048 op, 4148.00 ns, 2.0254 ns/op
OverheadActual   2: 2048 op, 4258.00 ns, 2.0791 ns/op
OverheadActual   3: 2048 op, 4168.00 ns, 2.0352 ns/op
OverheadActual   4: 2048 op, 4198.00 ns, 2.0498 ns/op
OverheadActual   5: 2048 op, 4138.00 ns, 2.0205 ns/op
OverheadActual   6: 2048 op, 4108.00 ns, 2.0059 ns/op
OverheadActual   7: 2048 op, 4158.00 ns, 2.0303 ns/op
OverheadActual   8: 2048 op, 4278.00 ns, 2.0889 ns/op
OverheadActual   9: 2048 op, 4208.00 ns, 2.0547 ns/op
OverheadActual  10: 2048 op, 4068.00 ns, 1.9863 ns/op
OverheadActual  11: 2048 op, 4259.00 ns, 2.0796 ns/op
OverheadActual  12: 2048 op, 4148.00 ns, 2.0254 ns/op
OverheadActual  13: 2048 op, 4108.00 ns, 2.0059 ns/op
OverheadActual  14: 2048 op, 4278.00 ns, 2.0889 ns/op
OverheadActual  15: 2048 op, 4128.00 ns, 2.0156 ns/op

WorkloadWarmup   1: 2048 op, 531356046.00 ns, 259.4512 us/op
WorkloadWarmup   2: 2048 op, 530669504.00 ns, 259.1160 us/op
WorkloadWarmup   3: 2048 op, 530819711.00 ns, 259.1893 us/op
WorkloadWarmup   4: 2048 op, 529472656.00 ns, 258.5316 us/op
WorkloadWarmup   5: 2048 op, 528406656.00 ns, 258.0111 us/op

// BeforeActualRun
WorkloadActual   1: 2048 op, 525963057.00 ns, 256.8179 us/op
WorkloadActual   2: 2048 op, 532027509.00 ns, 259.7791 us/op
WorkloadActual   3: 2048 op, 527456916.00 ns, 257.5473 us/op
WorkloadActual   4: 2048 op, 531246491.00 ns, 259.3977 us/op
WorkloadActual   5: 2048 op, 536042965.00 ns, 261.7397 us/op
WorkloadActual   6: 2048 op, 526735309.00 ns, 257.1950 us/op
WorkloadActual   7: 2048 op, 561971741.00 ns, 274.4003 us/op
WorkloadActual   8: 2048 op, 531492173.00 ns, 259.5177 us/op
WorkloadActual   9: 2048 op, 526970057.00 ns, 257.3096 us/op
WorkloadActual  10: 2048 op, 529607247.00 ns, 258.5973 us/op
WorkloadActual  11: 2048 op, 528793904.00 ns, 258.2001 us/op
WorkloadActual  12: 2048 op, 534088915.00 ns, 260.7856 us/op
WorkloadActual  13: 2048 op, 531289831.00 ns, 259.4189 us/op
WorkloadActual  14: 2048 op, 534719084.00 ns, 261.0933 us/op
WorkloadActual  15: 2048 op, 532924561.00 ns, 260.2171 us/op
WorkloadActual  16: 2048 op, 528640762.00 ns, 258.1254 us/op
WorkloadActual  17: 2048 op, 535852768.00 ns, 261.6469 us/op
WorkloadActual  18: 2048 op, 531722599.00 ns, 259.6302 us/op
WorkloadActual  19: 2048 op, 530081542.00 ns, 258.8289 us/op
WorkloadActual  20: 2048 op, 535641477.00 ns, 261.5437 us/op

// AfterActualRun
WorkloadResult   1: 2048 op, 525958899.00 ns, 256.8159 us/op
WorkloadResult   2: 2048 op, 532023351.00 ns, 259.7770 us/op
WorkloadResult   3: 2048 op, 527452758.00 ns, 257.5453 us/op
WorkloadResult   4: 2048 op, 531242333.00 ns, 259.3957 us/op
WorkloadResult   5: 2048 op, 536038807.00 ns, 261.7377 us/op
WorkloadResult   6: 2048 op, 526731151.00 ns, 257.1929 us/op
WorkloadResult   7: 2048 op, 531488015.00 ns, 259.5156 us/op
WorkloadResult   8: 2048 op, 526965899.00 ns, 257.3076 us/op
WorkloadResult   9: 2048 op, 529603089.00 ns, 258.5953 us/op
WorkloadResult  10: 2048 op, 528789746.00 ns, 258.1981 us/op
WorkloadResult  11: 2048 op, 534084757.00 ns, 260.7836 us/op
WorkloadResult  12: 2048 op, 531285673.00 ns, 259.4168 us/op
WorkloadResult  13: 2048 op, 534714926.00 ns, 261.0913 us/op
WorkloadResult  14: 2048 op, 532920403.00 ns, 260.2150 us/op
WorkloadResult  15: 2048 op, 528636604.00 ns, 258.1233 us/op
WorkloadResult  16: 2048 op, 535848610.00 ns, 261.6448 us/op
WorkloadResult  17: 2048 op, 531718441.00 ns, 259.6281 us/op
WorkloadResult  18: 2048 op, 530077384.00 ns, 258.8268 us/op
WorkloadResult  19: 2048 op, 535637319.00 ns, 261.5417 us/op
// GC:  0 0 0 1212416 2048
// Threading:  4098 515 2048

[testcontainers.org 00:00:17.62] Stop Docker container a6dbd01b7760
[testcontainers.org 00:00:17.82] Delete Docker container a6dbd01b7760
// AfterAll
// Benchmark Process 3848 has exited with code 0.

Mean = 259.334 μs, StdErr = 0.359 μs (0.14%), N = 19, StdDev = 1.565 μs
Min = 256.816 μs, Q1 = 258.161 μs, Median = 259.417 μs, Q3 = 260.499 μs, Max = 261.738 μs
IQR = 2.339 μs, LowerFence = 254.653 μs, UpperFence = 264.007 μs
ConfidenceInterval = [257.927 μs; 260.742 μs] (CI 99.9%), Margin = 1.408 μs (0.54% of Mean)
Skewness = 0.04, Kurtosis = 1.69, MValue = 2

// ** Remained 17 (85.0 %) benchmark(s) to run. Estimated finish 2026-10-07 13:31 (0h 4m from now) **
// **************************
// Benchmark: RedisCacheProviderBenchmarks.ExistsAsync_True: ShortRun(IterationCount=3, LaunchCount=1, WarmupCount=3)
// *** Execute ***
// Launch: 1 / 1
// Execute: dotnet Encina.Caching.Redis.Benchmarks-Job-NUBXJZ-1.dll --anonymousPipes 158 159 --benchmarkName Encina.Caching.Redis.Benchmarks.Benchmarks.RedisCacheProviderBenchmarks.ExistsAsync_True --job ShortRun --benchmarkId 3 in /home/runner/work/Encina/Encina/tests/Encina.BenchmarkTests/Encina.Caching.Redis.Benchmarks/bin/Release/net10.0/Encina.Caching.Redis.Benchmarks-Job-NUBXJZ-1/bin/Release/net10.0
// Failed to set up high priority (Permission denied). In order to run benchmarks with high priority, make sure you have the right permissions.
// BeforeAnythingElse

// Benchmark Process Environment Information:
// BenchmarkDotNet v0.15.8
// Runtime=.NET 10.0.12 (10.0.12, 10.0.1226.42308), X64 RyuJIT x86-64-v3
// GC=Concurrent Workstation
// HardwareIntrinsics=AVX2+BMI1+BMI2+F16C+FMA+LZCNT+MOVBE,AVX,SSE3+SSSE3+SSE4.1+SSE4.2+POPCNT,X86Base+SSE+SSE2,AES+PCLMUL VectorSize=256
// Job: ShortRun(IterationCount=3, LaunchCount=1, WarmupCount=3)

[testcontainers.org 00:00:00.31] Connected to Docker:
  Host: unix:///var/run/docker.sock
  Server Version: 28.0.4
  Kernel Version: 6.17.0-1022-azure
  API Version: 1.48
  Operating System: Ubuntu 24.04.5 LTS
  Total Memory: 15.61 GB
[testcontainers.org 00:00:00.60] Docker container 530c26b850ab created
[testcontainers.org 00:00:00.70] Start Docker container 530c26b850ab
[testcontainers.org 00:00:00.83] Wait for Docker container 530c26b850ab to complete readiness checks
[testcontainers.org 00:00:01.86] Docker container 530c26b850ab ready
[testcontainers.org 00:00:01.92] Docker container 04b305740e39 created
[testcontainers.org 00:00:01.92] Start Docker container 04b305740e39
[testcontainers.org 00:00:02.02] Wait for Docker container 04b305740e39 to complete readiness checks
[testcontainers.org 00:00:02.04] Execute "redis-cli ping" at Docker container 04b305740e39
[testcontainers.org 00:00:02.11] Docker container 04b305740e39 ready
OverheadJitting  1: 1 op, 217987.00 ns, 217.9870 us/op
WorkloadJitting  1: 1 op, 7283588.00 ns, 7.2836 ms/op

OverheadJitting  2: 16 op, 343822.00 ns, 21.4889 us/op
WorkloadJitting  2: 16 op, 4760370.00 ns, 297.5231 us/op

WorkloadPilot    1: 16 op, 4207590.00 ns, 262.9744 us/op
WorkloadPilot    2: 32 op, 8067229.00 ns, 252.1009 us/op
WorkloadPilot    3: 64 op, 15879364.00 ns, 248.1151 us/op
WorkloadPilot    4: 128 op, 33331878.00 ns, 260.4053 us/op
WorkloadPilot    5: 256 op, 64697315.00 ns, 252.7239 us/op
WorkloadPilot    6: 512 op, 130461252.00 ns, 254.8071 us/op
WorkloadPilot    7: 1024 op, 262544833.00 ns, 256.3914 us/op
WorkloadPilot    8: 2048 op, 534433458.00 ns, 260.9538 us/op

OverheadWarmup   1: 2048 op, 7033.00 ns, 3.4341 ns/op
OverheadWarmup   2: 2048 op, 6412.00 ns, 3.1309 ns/op
OverheadWarmup   3: 2048 op, 6582.00 ns, 3.2139 ns/op
OverheadWarmup   4: 2048 op, 6592.00 ns, 3.2188 ns/op
OverheadWarmup   5: 2048 op, 6713.00 ns, 3.2778 ns/op
OverheadWarmup   6: 2048 op, 6573.00 ns, 3.2095 ns/op
OverheadWarmup   7: 2048 op, 9056.00 ns, 4.4219 ns/op
OverheadWarmup   8: 2048 op, 9508.00 ns, 4.6426 ns/op
OverheadWarmup   9: 2048 op, 8917.00 ns, 4.3540 ns/op

OverheadActual   1: 2048 op, 6672.00 ns, 3.2578 ns/op
OverheadActual   2: 2048 op, 8817.00 ns, 4.3052 ns/op
OverheadActual   3: 2048 op, 8926.00 ns, 4.3584 ns/op
OverheadActual   4: 2048 op, 8866.00 ns, 4.3291 ns/op
OverheadActual   5: 2048 op, 9357.00 ns, 4.5688 ns/op
OverheadActual   6: 2048 op, 9037.00 ns, 4.4126 ns/op
OverheadActual   7: 2048 op, 9177.00 ns, 4.4810 ns/op
OverheadActual   8: 2048 op, 6532.00 ns, 3.1895 ns/op
OverheadActual   9: 2048 op, 9158.00 ns, 4.4717 ns/op
OverheadActual  10: 2048 op, 8796.00 ns, 4.2949 ns/op
OverheadActual  11: 2048 op, 9157.00 ns, 4.4712 ns/op
OverheadActual  12: 2048 op, 6602.00 ns, 3.2236 ns/op
OverheadActual  13: 2048 op, 6312.00 ns, 3.0820 ns/op
OverheadActual  14: 2048 op, 6502.00 ns, 3.1748 ns/op
OverheadActual  15: 2048 op, 6332.00 ns, 3.0918 ns/op
OverheadActual  16: 2048 op, 6351.00 ns, 3.1011 ns/op
OverheadActual  17: 2048 op, 6512.00 ns, 3.1797 ns/op
OverheadActual  18: 2048 op, 6622.00 ns, 3.2334 ns/op
OverheadActual  19: 2048 op, 6793.00 ns, 3.3169 ns/op
OverheadActual  20: 2048 op, 6552.00 ns, 3.1992 ns/op

WorkloadWarmup   1: 2048 op, 528422747.00 ns, 258.0189 us/op
WorkloadWarmup   2: 2048 op, 529442163.00 ns, 258.5167 us/op
WorkloadWarmup   3: 2048 op, 531982246.00 ns, 259.7570 us/op

// BeforeActualRun
WorkloadActual   1: 2048 op, 527648977.00 ns, 257.6411 us/op
WorkloadActual   2: 2048 op, 527835495.00 ns, 257.7322 us/op
WorkloadActual   3: 2048 op, 537164405.00 ns, 262.2873 us/op

// AfterActualRun
WorkloadResult   1: 2048 op, 527642244.50 ns, 257.6378 us/op
WorkloadResult   2: 2048 op, 527828762.50 ns, 257.7289 us/op
WorkloadResult   3: 2048 op, 537157672.50 ns, 262.2840 us/op
// GC:  0 0 0 1212416 2048
// Threading:  4097 597 2048

[testcontainers.org 00:00:07.47] Stop Docker container 04b305740e39
[testcontainers.org 00:00:07.66] Delete Docker container 04b305740e39
// AfterAll
// Benchmark Process 4213 has exited with code 0.

Mean = 259.217 μs, StdErr = 1.534 μs (0.59%), N = 3, StdDev = 2.657 μs
Min = 257.638 μs, Q1 = 257.683 μs, Median = 257.729 μs, Q3 = 260.006 μs, Max = 262.284 μs
IQR = 2.323 μs, LowerFence = 254.199 μs, UpperFence = 263.491 μs
ConfidenceInterval = [210.751 μs; 307.683 μs] (CI 99.9%), Margin = 48.466 μs (18.70% of Mean)
Skewness = 0.38, Kurtosis = 0.67, MValue = 2

// ** Remained 16 (80.0 %) benchmark(s) to run. Estimated finish 2026-10-07 13:31 (0h 3m from now) **
// **************************
// Benchmark: RedisCacheProviderBenchmarks.GetAsync_CacheHit: Job-NUBXJZ(IterationCount=20, WarmupCount=5)
// *** Execute ***
// Launch: 1 / 1
// Execute: dotnet Encina.Caching.Redis.Benchmarks-Job-NUBXJZ-1.dll --anonymousPipes 158 159 --benchmarkName Encina.Caching.Redis.Benchmarks.Benchmarks.RedisCacheProviderBenchmarks.GetAsync_CacheHit --job "IterationCount=20, WarmupCount=5" --benchmarkId 4 in /home/runner/work/Encina/Encina/tests/Encina.BenchmarkTests/Encina.Caching.Redis.Benchmarks/bin/Release/net10.0/Encina.Caching.Redis.Benchmarks-Job-NUBXJZ-1/bin/Release/net10.0
// Failed to set up high priority (Permission denied). In order to run benchmarks with high priority, make sure you have the right permissions.
// BeforeAnythingElse

// Benchmark Process Environment Information:
// BenchmarkDotNet v0.15.8
// Runtime=.NET 10.0.12 (10.0.12, 10.0.1226.42308), X64 RyuJIT x86-64-v3
// GC=Concurrent Workstation
// HardwareIntrinsics=AVX2+BMI1+BMI2+F16C+FMA+LZCNT+MOVBE,AVX,SSE3+SSSE3+SSE4.1+SSE4.2+POPCNT,X86Base+SSE+SSE2,AES+PCLMUL VectorSize=256
// Job: Job-NUBXJZ(IterationCount=20, WarmupCount=5)

[testcontainers.org 00:00:00.30] Connected to Docker:
  Host: unix:///var/run/docker.sock
  Server Version: 28.0.4
  Kernel Version: 6.17.0-1022-azure
  API Version: 1.48
  Operating System: Ubuntu 24.04.5 LTS
  Total Memory: 15.61 GB
[testcontainers.org 00:00:00.60] Docker container 2101c098ca77 created
[testcontainers.org 00:00:00.71] Start Docker container 2101c098ca77
[testcontainers.org 00:00:00.85] Wait for Docker container 2101c098ca77 to complete readiness checks
[testcontainers.org 00:00:01.88] Docker container 2101c098ca77 ready
[testcontainers.org 00:00:01.93] Docker container 7ecda5398ef7 created
[testcontainers.org 00:00:01.93] Start Docker container 7ecda5398ef7
[testcontainers.org 00:00:02.03] Wait for Docker container 7ecda5398ef7 to complete readiness checks
[testcontainers.org 00:00:02.05] Execute "redis-cli ping" at Docker container 7ecda5398ef7
[testcontainers.org 00:00:02.12] Docker container 7ecda5398ef7 ready
OverheadJitting  1: 1 op, 239466.00 ns, 239.4660 us/op
WorkloadJitting  1: 1 op, 16703255.00 ns, 16.7033 ms/op

OverheadJitting  2: 16 op, 503288.00 ns, 31.4555 us/op
WorkloadJitting  2: 16 op, 5158834.00 ns, 322.4271 us/op

WorkloadPilot    1: 16 op, 4428051.00 ns, 276.7532 us/op
WorkloadPilot    2: 32 op, 8482020.00 ns, 265.0631 us/op
WorkloadPilot    3: 64 op, 19162389.00 ns, 299.4123 us/op
WorkloadPilot    4: 128 op, 34978849.00 ns, 273.2723 us/op
WorkloadPilot    5: 256 op, 68484151.00 ns, 267.5162 us/op
WorkloadPilot    6: 512 op, 139811846.00 ns, 273.0700 us/op
WorkloadPilot    7: 1024 op, 273985681.00 ns, 267.5641 us/op
WorkloadPilot    8: 2048 op, 553200765.00 ns, 270.1176 us/op

OverheadWarmup   1: 2048 op, 7423.00 ns, 3.6245 ns/op
OverheadWarmup   2: 2048 op, 7223.00 ns, 3.5269 ns/op
OverheadWarmup   3: 2048 op, 7223.00 ns, 3.5269 ns/op
OverheadWarmup   4: 2048 op, 7223.00 ns, 3.5269 ns/op
OverheadWarmup   5: 2048 op, 7233.00 ns, 3.5317 ns/op
OverheadWarmup   6: 2048 op, 7253.00 ns, 3.5415 ns/op
OverheadWarmup   7: 2048 op, 7213.00 ns, 3.5220 ns/op

OverheadActual   1: 2048 op, 7243.00 ns, 3.5366 ns/op
OverheadActual   2: 2048 op, 7234.00 ns, 3.5322 ns/op
OverheadActual   3: 2048 op, 7234.00 ns, 3.5322 ns/op
OverheadActual   4: 2048 op, 7233.00 ns, 3.5317 ns/op
OverheadActual   5: 2048 op, 7244.00 ns, 3.5371 ns/op
OverheadActual   6: 2048 op, 7193.00 ns, 3.5122 ns/op
OverheadActual   7: 2048 op, 7204.00 ns, 3.5176 ns/op
OverheadActual   8: 2048 op, 7213.00 ns, 3.5220 ns/op
OverheadActual   9: 2048 op, 7194.00 ns, 3.5127 ns/op
OverheadActual  10: 2048 op, 7223.00 ns, 3.5269 ns/op
OverheadActual  11: 2048 op, 7283.00 ns, 3.5562 ns/op
OverheadActual  12: 2048 op, 7273.00 ns, 3.5513 ns/op
OverheadActual  13: 2048 op, 7274.00 ns, 3.5518 ns/op
OverheadActual  14: 2048 op, 7264.00 ns, 3.5469 ns/op
OverheadActual  15: 2048 op, 7264.00 ns, 3.5469 ns/op

WorkloadWarmup   1: 2048 op, 551460467.00 ns, 269.2678 us/op
WorkloadWarmup   2: 2048 op, 574954540.00 ns, 280.7395 us/op
WorkloadWarmup   3: 2048 op, 547596408.00 ns, 267.3811 us/op
WorkloadWarmup   4: 2048 op, 554917012.00 ns, 270.9556 us/op
WorkloadWarmup   5: 2048 op, 559655081.00 ns, 273.2691 us/op

// BeforeActualRun
WorkloadActual   1: 2048 op, 550290630.00 ns, 268.6966 us/op
WorkloadActual   2: 2048 op, 554812537.00 ns, 270.9046 us/op
WorkloadActual   3: 2048 op, 557736171.00 ns, 272.3321 us/op
WorkloadActual   4: 2048 op, 552297585.00 ns, 269.6766 us/op
WorkloadActual   5: 2048 op, 550759893.00 ns, 268.9257 us/op
WorkloadActual   6: 2048 op, 583069817.00 ns, 284.7021 us/op
WorkloadActual   7: 2048 op, 554864474.00 ns, 270.9299 us/op
WorkloadActual   8: 2048 op, 547947370.00 ns, 267.5524 us/op
WorkloadActual   9: 2048 op, 551325217.00 ns, 269.2018 us/op
WorkloadActual  10: 2048 op, 546905823.00 ns, 267.0439 us/op
WorkloadActual  11: 2048 op, 551563208.00 ns, 269.3180 us/op
WorkloadActual  12: 2048 op, 549562988.00 ns, 268.3413 us/op
WorkloadActual  13: 2048 op, 550706600.00 ns, 268.8997 us/op
WorkloadActual  14: 2048 op, 552758734.00 ns, 269.9017 us/op
WorkloadActual  15: 2048 op, 548776355.00 ns, 267.9572 us/op
WorkloadActual  16: 2048 op, 549296040.00 ns, 268.2110 us/op
WorkloadActual  17: 2048 op, 547946402.00 ns, 267.5520 us/op
WorkloadActual  18: 2048 op, 550175026.00 ns, 268.6401 us/op
WorkloadActual  19: 2048 op, 552320656.00 ns, 269.6878 us/op
WorkloadActual  20: 2048 op, 552987553.00 ns, 270.0135 us/op

// AfterActualRun
WorkloadResult   1: 2048 op, 550283396.00 ns, 268.6931 us/op
WorkloadResult   2: 2048 op, 554805303.00 ns, 270.9010 us/op
WorkloadResult   3: 2048 op, 557728937.00 ns, 272.3286 us/op
WorkloadResult   4: 2048 op, 552290351.00 ns, 269.6730 us/op
WorkloadResult   5: 2048 op, 550752659.00 ns, 268.9222 us/op
WorkloadResult   6: 2048 op, 554857240.00 ns, 270.9264 us/op
WorkloadResult   7: 2048 op, 547940136.00 ns, 267.5489 us/op
WorkloadResult   8: 2048 op, 551317983.00 ns, 269.1982 us/op
WorkloadResult   9: 2048 op, 546898589.00 ns, 267.0403 us/op
WorkloadResult  10: 2048 op, 551555974.00 ns, 269.3144 us/op
WorkloadResult  11: 2048 op, 549555754.00 ns, 268.3378 us/op
WorkloadResult  12: 2048 op, 550699366.00 ns, 268.8962 us/op
WorkloadResult  13: 2048 op, 552751500.00 ns, 269.8982 us/op
WorkloadResult  14: 2048 op, 548769121.00 ns, 267.9537 us/op
WorkloadResult  15: 2048 op, 549288806.00 ns, 268.2074 us/op
WorkloadResult  16: 2048 op, 547939168.00 ns, 267.5484 us/op
WorkloadResult  17: 2048 op, 550167792.00 ns, 268.6366 us/op
WorkloadResult  18: 2048 op, 552313422.00 ns, 269.6843 us/op
WorkloadResult  19: 2048 op, 552980319.00 ns, 270.0099 us/op
// GC:  0 0 0 2310144 2048
// Threading:  4096 698 2048

[testcontainers.org 00:00:18.27] Stop Docker container 7ecda5398ef7
[testcontainers.org 00:00:18.44] Delete Docker container 7ecda5398ef7
// AfterAll
// Benchmark Process 4502 has exited with code 0.

Mean = 269.143 μs, StdErr = 0.303 μs (0.11%), N = 19, StdDev = 1.320 μs
Min = 267.040 μs, Q1 = 268.273 μs, Median = 268.922 μs, Q3 = 269.791 μs, Max = 272.329 μs
IQR = 1.519 μs, LowerFence = 265.995 μs, UpperFence = 272.069 μs
ConfidenceInterval = [267.956 μs; 270.331 μs] (CI 99.9%), Margin = 1.188 μs (0.44% of Mean)
Skewness = 0.55, Kurtosis = 2.77, MValue = 2

// ** Remained 15 (75.0 %) benchmark(s) to run. Estimated finish 2026-10-07 13:31 (0h 3m from now) **
// **************************
// Benchmark: RedisCacheProviderBenchmarks.GetAsync_CacheHit: ShortRun(IterationCount=3, LaunchCount=1, WarmupCount=3)
// *** Execute ***
// Launch: 1 / 1
// Execute: dotnet Encina.Caching.Redis.Benchmarks-Job-NUBXJZ-1.dll --anonymousPipes 158 159 --benchmarkName Encina.Caching.Redis.Benchmarks.Benchmarks.RedisCacheProviderBenchmarks.GetAsync_CacheHit --job ShortRun --benchmarkId 5 in /home/runner/work/Encina/Encina/tests/Encina.BenchmarkTests/Encina.Caching.Redis.Benchmarks/bin/Release/net10.0/Encina.Caching.Redis.Benchmarks-Job-NUBXJZ-1/bin/Release/net10.0
// Failed to set up high priority (Permission denied). In order to run benchmarks with high priority, make sure you have the right permissions.
// BeforeAnythingElse

// Benchmark Process Environment Information:
// BenchmarkDotNet v0.15.8
// Runtime=.NET 10.0.12 (10.0.12, 10.0.1226.42308), X64 RyuJIT x86-64-v3
// GC=Concurrent Workstation
// HardwareIntrinsics=AVX2+BMI1+BMI2+F16C+FMA+LZCNT+MOVBE,AVX,SSE3+SSSE3+SSE4.1+SSE4.2+POPCNT,X86Base+SSE+SSE2,AES+PCLMUL VectorSize=256
// Job: ShortRun(IterationCount=3, LaunchCount=1, WarmupCount=3)

[testcontainers.org 00:00:00.32] Connected to Docker:
  Host: unix:///var/run/docker.sock
  Server Version: 28.0.4
  Kernel Version: 6.17.0-1022-azure
  API Version: 1.48
  Operating System: Ubuntu 24.04.5 LTS
  Total Memory: 15.61 GB
[testcontainers.org 00:00:00.61] Docker container 629083b93adf created
[testcontainers.org 00:00:00.72] Start Docker container 629083b93adf
[testcontainers.org 00:00:00.85] Wait for Docker container 629083b93adf to complete readiness checks
[testcontainers.org 00:00:01.88] Docker container 629083b93adf ready
[testcontainers.org 00:00:01.93] Docker container 341d013782bf created
[testcontainers.org 00:00:01.93] Start Docker container 341d013782bf
[testcontainers.org 00:00:02.05] Wait for Docker container 341d013782bf to complete readiness checks
[testcontainers.org 00:00:02.07] Execute "redis-cli ping" at Docker container 341d013782bf
[testcontainers.org 00:00:02.14] Docker container 341d013782bf ready
OverheadJitting  1: 1 op, 248404.00 ns, 248.4040 us/op
WorkloadJitting  1: 1 op, 15762842.00 ns, 15.7628 ms/op

OverheadJitting  2: 16 op, 507938.00 ns, 31.7461 us/op
WorkloadJitting  2: 16 op, 5147174.00 ns, 321.6984 us/op

WorkloadPilot    1: 16 op, 4487043.00 ns, 280.4402 us/op
WorkloadPilot    2: 32 op, 8827497.00 ns, 275.8593 us/op
WorkloadPilot    3: 64 op, 18928512.00 ns, 295.7580 us/op
WorkloadPilot    4: 128 op, 34963143.00 ns, 273.1496 us/op
WorkloadPilot    5: 256 op, 70592040.00 ns, 275.7502 us/op
WorkloadPilot    6: 512 op, 138952828.00 ns, 271.3922 us/op
WorkloadPilot    7: 1024 op, 280162738.00 ns, 273.5964 us/op
WorkloadPilot    8: 2048 op, 557478604.00 ns, 272.2063 us/op

OverheadWarmup   1: 2048 op, 7434.00 ns, 3.6299 ns/op
OverheadWarmup   2: 2048 op, 7324.00 ns, 3.5762 ns/op
OverheadWarmup   3: 2048 op, 7144.00 ns, 3.4883 ns/op
OverheadWarmup   4: 2048 op, 7314.00 ns, 3.5713 ns/op
OverheadWarmup   5: 2048 op, 7194.00 ns, 3.5127 ns/op
OverheadWarmup   6: 2048 op, 7204.00 ns, 3.5176 ns/op
OverheadWarmup   7: 2048 op, 7143.00 ns, 3.4878 ns/op

OverheadActual   1: 2048 op, 7173.00 ns, 3.5024 ns/op
OverheadActual   2: 2048 op, 7164.00 ns, 3.4980 ns/op
OverheadActual   3: 2048 op, 7294.00 ns, 3.5615 ns/op
OverheadActual   4: 2048 op, 7243.00 ns, 3.5366 ns/op
OverheadActual   5: 2048 op, 7223.00 ns, 3.5269 ns/op
OverheadActual   6: 2048 op, 7143.00 ns, 3.4878 ns/op
OverheadActual   7: 2048 op, 7163.00 ns, 3.4976 ns/op
OverheadActual   8: 2048 op, 7164.00 ns, 3.4980 ns/op
OverheadActual   9: 2048 op, 7154.00 ns, 3.4932 ns/op
OverheadActual  10: 2048 op, 7154.00 ns, 3.4932 ns/op
OverheadActual  11: 2048 op, 7184.00 ns, 3.5078 ns/op
OverheadActual  12: 2048 op, 7163.00 ns, 3.4976 ns/op
OverheadActual  13: 2048 op, 7163.00 ns, 3.4976 ns/op
OverheadActual  14: 2048 op, 7183.00 ns, 3.5073 ns/op
OverheadActual  15: 2048 op, 7183.00 ns, 3.5073 ns/op

WorkloadWarmup   1: 2048 op, 557797960.00 ns, 272.3623 us/op
WorkloadWarmup   2: 2048 op, 551968647.00 ns, 269.5159 us/op
WorkloadWarmup   3: 2048 op, 558427375.00 ns, 272.6696 us/op

// BeforeActualRun
WorkloadActual   1: 2048 op, 555113020.00 ns, 271.0513 us/op
WorkloadActual   2: 2048 op, 547623245.00 ns, 267.3942 us/op
WorkloadActual   3: 2048 op, 549620462.00 ns, 268.3694 us/op

// AfterActualRun
WorkloadResult   1: 2048 op, 555105856.00 ns, 271.0478 us/op
WorkloadResult   2: 2048 op, 547616081.00 ns, 267.3907 us/op
WorkloadResult   3: 2048 op, 549613298.00 ns, 268.3659 us/op
// GC:  0 0 0 2310144 2048
// Threading:  4098 669 2048

[testcontainers.org 00:00:07.70] Stop Docker container 341d013782bf
[testcontainers.org 00:00:07.89] Delete Docker container 341d013782bf
// AfterAll
// Benchmark Process 4865 has exited with code 0.

Mean = 268.935 μs, StdErr = 1.093 μs (0.41%), N = 3, StdDev = 1.894 μs
Min = 267.391 μs, Q1 = 267.878 μs, Median = 268.366 μs, Q3 = 269.707 μs, Max = 271.048 μs
IQR = 1.829 μs, LowerFence = 265.135 μs, UpperFence = 272.450 μs
ConfidenceInterval = [234.385 μs; 303.484 μs] (CI 99.9%), Margin = 34.549 μs (12.85% of Mean)
Skewness = 0.27, Kurtosis = 0.67, MValue = 2

// ** Remained 14 (70.0 %) benchmark(s) to run. Estimated finish 2026-10-07 13:31 (0h 3m from now) **
// **************************
// Benchmark: RedisCacheProviderBenchmarks.GetAsync_CacheMiss: Job-NUBXJZ(IterationCount=20, WarmupCount=5)
// *** Execute ***
// Launch: 1 / 1
// Execute: dotnet Encina.Caching.Redis.Benchmarks-Job-NUBXJZ-1.dll --anonymousPipes 158 159 --benchmarkName Encina.Caching.Redis.Benchmarks.Benchmarks.RedisCacheProviderBenchmarks.GetAsync_CacheMiss --job "IterationCount=20, WarmupCount=5" --benchmarkId 6 in /home/runner/work/Encina/Encina/tests/Encina.BenchmarkTests/Encina.Caching.Redis.Benchmarks/bin/Release/net10.0/Encina.Caching.Redis.Benchmarks-Job-NUBXJZ-1/bin/Release/net10.0
// Failed to set up high priority (Permission denied). In order to run benchmarks with high priority, make sure you have the right permissions.
// BeforeAnythingElse

// Benchmark Process Environment Information:
// BenchmarkDotNet v0.15.8
// Runtime=.NET 10.0.12 (10.0.12, 10.0.1226.42308), X64 RyuJIT x86-64-v3
// GC=Concurrent Workstation
// HardwareIntrinsics=AVX2+BMI1+BMI2+F16C+FMA+LZCNT+MOVBE,AVX,SSE3+SSSE3+SSE4.1+SSE4.2+POPCNT,X86Base+SSE+SSE2,AES+PCLMUL VectorSize=256
// Job: Job-NUBXJZ(IterationCount=20, WarmupCount=5)

[testcontainers.org 00:00:00.31] Connected to Docker:
  Host: unix:///var/run/docker.sock
  Server Version: 28.0.4
  Kernel Version: 6.17.0-1022-azure
  API Version: 1.48
  Operating System: Ubuntu 24.04.5 LTS
  Total Memory: 15.61 GB
[testcontainers.org 00:00:00.60] Docker container 0b9ce1c0974b created
[testcontainers.org 00:00:00.70] Start Docker container 0b9ce1c0974b
[testcontainers.org 00:00:00.85] Wait for Docker container 0b9ce1c0974b to complete readiness checks
[testcontainers.org 00:00:01.88] Docker container 0b9ce1c0974b ready
[testcontainers.org 00:00:01.93] Docker container bab33b2b8c6e created
[testcontainers.org 00:00:01.93] Start Docker container bab33b2b8c6e
[testcontainers.org 00:00:02.04] Wait for Docker container bab33b2b8c6e to complete readiness checks
[testcontainers.org 00:00:02.05] Execute "redis-cli ping" at Docker container bab33b2b8c6e
[testcontainers.org 00:00:02.13] Docker container bab33b2b8c6e ready
OverheadJitting  1: 1 op, 237033.00 ns, 237.0330 us/op
WorkloadJitting  1: 1 op, 12880267.00 ns, 12.8803 ms/op

OverheadJitting  2: 16 op, 467442.00 ns, 29.2151 us/op
WorkloadJitting  2: 16 op, 5041610.00 ns, 315.1006 us/op

WorkloadPilot    1: 16 op, 4044459.00 ns, 252.7787 us/op
WorkloadPilot    2: 32 op, 7844735.00 ns, 245.1480 us/op
WorkloadPilot    3: 64 op, 16732356.00 ns, 261.4431 us/op
WorkloadPilot    4: 128 op, 33910367.00 ns, 264.9247 us/op
WorkloadPilot    5: 256 op, 65887086.00 ns, 257.3714 us/op
WorkloadPilot    6: 512 op, 134088211.00 ns, 261.8910 us/op
WorkloadPilot    7: 1024 op, 269883049.00 ns, 263.5577 us/op
WorkloadPilot    8: 2048 op, 538450752.00 ns, 262.9154 us/op

OverheadWarmup   1: 2048 op, 12273.00 ns, 5.9927 ns/op
OverheadWarmup   2: 2048 op, 11933.00 ns, 5.8267 ns/op
OverheadWarmup   3: 2048 op, 11852.00 ns, 5.7871 ns/op
OverheadWarmup   4: 2048 op, 11872.00 ns, 5.7969 ns/op
OverheadWarmup   5: 2048 op, 11853.00 ns, 5.7876 ns/op
OverheadWarmup   6: 2048 op, 13986.00 ns, 6.8291 ns/op
OverheadWarmup   7: 2048 op, 11852.00 ns, 5.7871 ns/op

OverheadActual   1: 2048 op, 11902.00 ns, 5.8115 ns/op
OverheadActual   2: 2048 op, 11923.00 ns, 5.8218 ns/op
OverheadActual   3: 2048 op, 14487.00 ns, 7.0737 ns/op
OverheadActual   4: 2048 op, 11782.00 ns, 5.7529 ns/op
OverheadActual   5: 2048 op, 11692.00 ns, 5.7090 ns/op
OverheadActual   6: 2048 op, 12614.00 ns, 6.1592 ns/op
OverheadActual   7: 2048 op, 11853.00 ns, 5.7876 ns/op
OverheadActual   8: 2048 op, 14236.00 ns, 6.9512 ns/op
OverheadActual   9: 2048 op, 11782.00 ns, 5.7529 ns/op
OverheadActual  10: 2048 op, 13896.00 ns, 6.7852 ns/op
OverheadActual  11: 2048 op, 11682.00 ns, 5.7041 ns/op
OverheadActual  12: 2048 op, 11631.00 ns, 5.6792 ns/op
OverheadActual  13: 2048 op, 11561.00 ns, 5.6450 ns/op
OverheadActual  14: 2048 op, 11712.00 ns, 5.7188 ns/op
OverheadActual  15: 2048 op, 11742.00 ns, 5.7334 ns/op

WorkloadWarmup   1: 2048 op, 535735128.00 ns, 261.5894 us/op
WorkloadWarmup   2: 2048 op, 539738549.00 ns, 263.5442 us/op
WorkloadWarmup   3: 2048 op, 540841389.00 ns, 264.0827 us/op
WorkloadWarmup   4: 2048 op, 544944674.00 ns, 266.0863 us/op
WorkloadWarmup   5: 2048 op, 540116441.00 ns, 263.7287 us/op

// BeforeActualRun
WorkloadActual   1: 2048 op, 535083771.00 ns, 261.2714 us/op
WorkloadActual   2: 2048 op, 535884731.00 ns, 261.6625 us/op
WorkloadActual   3: 2048 op, 531346131.00 ns, 259.4464 us/op
WorkloadActual   4: 2048 op, 540304758.00 ns, 263.8207 us/op
WorkloadActual   5: 2048 op, 541707101.00 ns, 264.5054 us/op
WorkloadActual   6: 2048 op, 541413751.00 ns, 264.3622 us/op
WorkloadActual   7: 2048 op, 566888739.00 ns, 276.8011 us/op
WorkloadActual   8: 2048 op, 544578374.00 ns, 265.9074 us/op
WorkloadActual   9: 2048 op, 537307641.00 ns, 262.3572 us/op
WorkloadActual  10: 2048 op, 536729520.00 ns, 262.0750 us/op
WorkloadActual  11: 2048 op, 538251577.00 ns, 262.8182 us/op
WorkloadActual  12: 2048 op, 537774757.00 ns, 262.5853 us/op
WorkloadActual  13: 2048 op, 540112540.00 ns, 263.7268 us/op
WorkloadActual  14: 2048 op, 541505249.00 ns, 264.4069 us/op
WorkloadActual  15: 2048 op, 537739599.00 ns, 262.5682 us/op
WorkloadActual  16: 2048 op, 537918620.00 ns, 262.6556 us/op
WorkloadActual  17: 2048 op, 541878835.00 ns, 264.5893 us/op
WorkloadActual  18: 2048 op, 537633149.00 ns, 262.5162 us/op
WorkloadActual  19: 2048 op, 534854708.00 ns, 261.1595 us/op
WorkloadActual  20: 2048 op, 541074138.00 ns, 264.1964 us/op

// AfterActualRun
WorkloadResult   1: 2048 op, 535071989.00 ns, 261.2656 us/op
WorkloadResult   2: 2048 op, 535872949.00 ns, 261.6567 us/op
WorkloadResult   3: 2048 op, 531334349.00 ns, 259.4406 us/op
WorkloadResult   4: 2048 op, 540292976.00 ns, 263.8149 us/op
WorkloadResult   5: 2048 op, 541695319.00 ns, 264.4997 us/op
WorkloadResult   6: 2048 op, 541401969.00 ns, 264.3564 us/op
WorkloadResult   7: 2048 op, 544566592.00 ns, 265.9017 us/op
WorkloadResult   8: 2048 op, 537295859.00 ns, 262.3515 us/op
WorkloadResult   9: 2048 op, 536717738.00 ns, 262.0692 us/op
WorkloadResult  10: 2048 op, 538239795.00 ns, 262.8124 us/op
WorkloadResult  11: 2048 op, 537762975.00 ns, 262.5796 us/op
WorkloadResult  12: 2048 op, 540100758.00 ns, 263.7211 us/op
WorkloadResult  13: 2048 op, 541493467.00 ns, 264.4011 us/op
WorkloadResult  14: 2048 op, 537727817.00 ns, 262.5624 us/op
WorkloadResult  15: 2048 op, 537906838.00 ns, 262.6498 us/op
WorkloadResult  16: 2048 op, 541867053.00 ns, 264.5835 us/op
WorkloadResult  17: 2048 op, 537621367.00 ns, 262.5104 us/op
WorkloadResult  18: 2048 op, 534842926.00 ns, 261.1538 us/op
WorkloadResult  19: 2048 op, 541062356.00 ns, 264.1906 us/op
// GC:  0 0 0 1310720 2048
// Threading:  4097 522 2048

[testcontainers.org 00:00:17.89] Stop Docker container bab33b2b8c6e
[testcontainers.org 00:00:18.02] Delete Docker container bab33b2b8c6e
// AfterAll
// Benchmark Process 5146 has exited with code 0.

Mean = 262.975 μs, StdErr = 0.353 μs (0.13%), N = 19, StdDev = 1.537 μs
Min = 259.441 μs, Q1 = 262.210 μs, Median = 262.650 μs, Q3 = 264.274 μs, Max = 265.902 μs
IQR = 2.063 μs, LowerFence = 259.116 μs, UpperFence = 267.368 μs
ConfidenceInterval = [261.592 μs; 264.357 μs] (CI 99.9%), Margin = 1.383 μs (0.53% of Mean)
Skewness = -0.26, Kurtosis = 2.6, MValue = 2

// ** Remained 13 (65.0 %) benchmark(s) to run. Estimated finish 2026-10-07 13:31 (0h 3m from now) **
// **************************
// Benchmark: RedisCacheProviderBenchmarks.GetAsync_CacheMiss: ShortRun(IterationCount=3, LaunchCount=1, WarmupCount=3)
// *** Execute ***
// Launch: 1 / 1
// Execute: dotnet Encina.Caching.Redis.Benchmarks-Job-NUBXJZ-1.dll --anonymousPipes 158 159 --benchmarkName Encina.Caching.Redis.Benchmarks.Benchmarks.RedisCacheProviderBenchmarks.GetAsync_CacheMiss --job ShortRun --benchmarkId 7 in /home/runner/work/Encina/Encina/tests/Encina.BenchmarkTests/Encina.Caching.Redis.Benchmarks/bin/Release/net10.0/Encina.Caching.Redis.Benchmarks-Job-NUBXJZ-1/bin/Release/net10.0
// Failed to set up high priority (Permission denied). In order to run benchmarks with high priority, make sure you have the right permissions.
// BeforeAnythingElse

// Benchmark Process Environment Information:
// BenchmarkDotNet v0.15.8
// Runtime=.NET 10.0.12 (10.0.12, 10.0.1226.42308), X64 RyuJIT x86-64-v3
// GC=Concurrent Workstation
// HardwareIntrinsics=AVX2+BMI1+BMI2+F16C+FMA+LZCNT+MOVBE,AVX,SSE3+SSSE3+SSE4.1+SSE4.2+POPCNT,X86Base+SSE+SSE2,AES+PCLMUL VectorSize=256
// Job: ShortRun(IterationCount=3, LaunchCount=1, WarmupCount=3)

[testcontainers.org 00:00:00.31] Connected to Docker:
  Host: unix:///var/run/docker.sock
  Server Version: 28.0.4
  Kernel Version: 6.17.0-1022-azure
  API Version: 1.48
  Operating System: Ubuntu 24.04.5 LTS
  Total Memory: 15.61 GB
[testcontainers.org 00:00:00.60] Docker container 9ea269ee0671 created
[testcontainers.org 00:00:00.71] Start Docker container 9ea269ee0671
[testcontainers.org 00:00:00.84] Wait for Docker container 9ea269ee0671 to complete readiness checks
[testcontainers.org 00:00:01.87] Docker container 9ea269ee0671 ready
[testcontainers.org 00:00:01.92] Docker container 34f1b01bf1f0 created
[testcontainers.org 00:00:01.93] Start Docker container 34f1b01bf1f0
[testcontainers.org 00:00:02.04] Wait for Docker container 34f1b01bf1f0 to complete readiness checks
[testcontainers.org 00:00:02.05] Execute "redis-cli ping" at Docker container 34f1b01bf1f0
[testcontainers.org 00:00:02.13] Docker container 34f1b01bf1f0 ready
OverheadJitting  1: 1 op, 240288.00 ns, 240.2880 us/op
WorkloadJitting  1: 1 op, 12479533.00 ns, 12.4795 ms/op

OverheadJitting  2: 16 op, 527023.00 ns, 32.9389 us/op
WorkloadJitting  2: 16 op, 4814028.00 ns, 300.8768 us/op

WorkloadPilot    1: 16 op, 4123358.00 ns, 257.7099 us/op
WorkloadPilot    2: 32 op, 8058145.00 ns, 251.8170 us/op
WorkloadPilot    3: 64 op, 16304206.00 ns, 254.7532 us/op
WorkloadPilot    4: 128 op, 32518616.00 ns, 254.0517 us/op
WorkloadPilot    5: 256 op, 65252587.00 ns, 254.8929 us/op
WorkloadPilot    6: 512 op, 133385077.00 ns, 260.5177 us/op
WorkloadPilot    7: 1024 op, 268097556.00 ns, 261.8140 us/op
WorkloadPilot    8: 2048 op, 529684838.00 ns, 258.6352 us/op

OverheadWarmup   1: 2048 op, 7524.00 ns, 3.6738 ns/op
OverheadWarmup   2: 2048 op, 7323.00 ns, 3.5757 ns/op
OverheadWarmup   3: 2048 op, 7424.00 ns, 3.6250 ns/op
OverheadWarmup   4: 2048 op, 7304.00 ns, 3.5664 ns/op
OverheadWarmup   5: 2048 op, 7233.00 ns, 3.5317 ns/op
OverheadWarmup   6: 2048 op, 7264.00 ns, 3.5469 ns/op
OverheadWarmup   7: 2048 op, 7234.00 ns, 3.5322 ns/op

OverheadActual   1: 2048 op, 7294.00 ns, 3.5615 ns/op
OverheadActual   2: 2048 op, 7273.00 ns, 3.5513 ns/op
OverheadActual   3: 2048 op, 7444.00 ns, 3.6348 ns/op
OverheadActual   4: 2048 op, 7243.00 ns, 3.5366 ns/op
OverheadActual   5: 2048 op, 7274.00 ns, 3.5518 ns/op
OverheadActual   6: 2048 op, 7244.00 ns, 3.5371 ns/op
OverheadActual   7: 2048 op, 11091.00 ns, 5.4155 ns/op
OverheadActual   8: 2048 op, 12583.00 ns, 6.1440 ns/op
OverheadActual   9: 2048 op, 11452.00 ns, 5.5918 ns/op
OverheadActual  10: 2048 op, 7555.00 ns, 3.6890 ns/op
OverheadActual  11: 2048 op, 7274.00 ns, 3.5518 ns/op
OverheadActual  12: 2048 op, 7233.00 ns, 3.5317 ns/op
OverheadActual  13: 2048 op, 7223.00 ns, 3.5269 ns/op
OverheadActual  14: 2048 op, 7244.00 ns, 3.5371 ns/op
OverheadActual  15: 2048 op, 7233.00 ns, 3.5317 ns/op

WorkloadWarmup   1: 2048 op, 535674019.00 ns, 261.5596 us/op
WorkloadWarmup   2: 2048 op, 541139506.00 ns, 264.2283 us/op
WorkloadWarmup   3: 2048 op, 533497053.00 ns, 260.4966 us/op

// BeforeActualRun
WorkloadActual   1: 2048 op, 533167312.00 ns, 260.3356 us/op
WorkloadActual   2: 2048 op, 536795682.00 ns, 262.1073 us/op
WorkloadActual   3: 2048 op, 533340409.00 ns, 260.4201 us/op

// AfterActualRun
WorkloadResult   1: 2048 op, 533160038.00 ns, 260.3320 us/op
WorkloadResult   2: 2048 op, 536788408.00 ns, 262.1037 us/op
WorkloadResult   3: 2048 op, 533333135.00 ns, 260.4166 us/op
// GC:  0 0 0 1310720 2048
// Threading:  4097 476 2048

[testcontainers.org 00:00:07.51] Stop Docker container 34f1b01bf1f0
[testcontainers.org 00:00:07.70] Delete Docker container 34f1b01bf1f0
// AfterAll
// Benchmark Process 5518 has exited with code 0.

Mean = 260.951 μs, StdErr = 0.577 μs (0.22%), N = 3, StdDev = 0.999 μs
Min = 260.332 μs, Q1 = 260.374 μs, Median = 260.417 μs, Q3 = 261.260 μs, Max = 262.104 μs
IQR = 0.886 μs, LowerFence = 259.046 μs, UpperFence = 262.589 μs
ConfidenceInterval = [242.719 μs; 279.183 μs] (CI 99.9%), Margin = 18.232 μs (6.99% of Mean)
Skewness = 0.38, Kurtosis = 0.67, MValue = 2

// ** Remained 12 (60.0 %) benchmark(s) to run. Estimated finish 2026-10-07 13:31 (0h 2m from now) **
// **************************
// Benchmark: RedisCacheProviderBenchmarks.GetOrSetAsync_CacheHit: Job-NUBXJZ(IterationCount=20, WarmupCount=5)
// *** Execute ***
// Launch: 1 / 1
// Execute: dotnet Encina.Caching.Redis.Benchmarks-Job-NUBXJZ-1.dll --anonymousPipes 158 159 --benchmarkName Encina.Caching.Redis.Benchmarks.Benchmarks.RedisCacheProviderBenchmarks.GetOrSetAsync_CacheHit --job "IterationCount=20, WarmupCount=5" --benchmarkId 8 in /home/runner/work/Encina/Encina/tests/Encina.BenchmarkTests/Encina.Caching.Redis.Benchmarks/bin/Release/net10.0/Encina.Caching.Redis.Benchmarks-Job-NUBXJZ-1/bin/Release/net10.0
// Failed to set up high priority (Permission denied). In order to run benchmarks with high priority, make sure you have the right permissions.
// BeforeAnythingElse

// Benchmark Process Environment Information:
// BenchmarkDotNet v0.15.8
// Runtime=.NET 10.0.12 (10.0.12, 10.0.1226.42308), X64 RyuJIT x86-64-v3
// GC=Concurrent Workstation
// HardwareIntrinsics=AVX2+BMI1+BMI2+F16C+FMA+LZCNT+MOVBE,AVX,SSE3+SSSE3+SSE4.1+SSE4.2+POPCNT,X86Base+SSE+SSE2,AES+PCLMUL VectorSize=256
// Job: Job-NUBXJZ(IterationCount=20, WarmupCount=5)

[testcontainers.org 00:00:00.31] Connected to Docker:
  Host: unix:///var/run/docker.sock
  Server Version: 28.0.4
  Kernel Version: 6.17.0-1022-azure
  API Version: 1.48
  Operating System: Ubuntu 24.04.5 LTS
  Total Memory: 15.61 GB
[testcontainers.org 00:00:00.60] Docker container 13bbe111e84b created
[testcontainers.org 00:00:00.70] Start Docker container 13bbe111e84b
[testcontainers.org 00:00:00.83] Wait for Docker container 13bbe111e84b to complete readiness checks
[testcontainers.org 00:00:01.87] Docker container 13bbe111e84b ready
[testcontainers.org 00:00:01.92] Docker container c6835076be1d created
[testcontainers.org 00:00:01.92] Start Docker container c6835076be1d
[testcontainers.org 00:00:02.03] Wait for Docker container c6835076be1d to complete readiness checks
[testcontainers.org 00:00:02.04] Execute "redis-cli ping" at Docker container c6835076be1d
[testcontainers.org 00:00:02.11] Docker container c6835076be1d ready
OverheadJitting  1: 1 op, 235379.00 ns, 235.3790 us/op
WorkloadJitting  1: 1 op, 22927063.00 ns, 22.9271 ms/op

OverheadJitting  2: 16 op, 505193.00 ns, 31.5746 us/op
WorkloadJitting  2: 16 op, 4922233.00 ns, 307.6396 us/op

WorkloadPilot    1: 16 op, 4220473.00 ns, 263.7796 us/op
WorkloadPilot    2: 32 op, 8296202.00 ns, 259.2563 us/op
WorkloadPilot    3: 64 op, 18229686.00 ns, 284.8388 us/op
WorkloadPilot    4: 128 op, 35789114.00 ns, 279.6025 us/op
WorkloadPilot    5: 256 op, 69100727.00 ns, 269.9247 us/op
WorkloadPilot    6: 512 op, 141432915.00 ns, 276.2362 us/op
WorkloadPilot    7: 1024 op, 278520529.00 ns, 271.9927 us/op
WorkloadPilot    8: 2048 op, 553210583.00 ns, 270.1224 us/op

OverheadWarmup   1: 2048 op, 12233.00 ns, 5.9731 ns/op
OverheadWarmup   2: 2048 op, 11912.00 ns, 5.8164 ns/op
OverheadWarmup   3: 2048 op, 11792.00 ns, 5.7578 ns/op
OverheadWarmup   4: 2048 op, 11691.00 ns, 5.7085 ns/op
OverheadWarmup   5: 2048 op, 11681.00 ns, 5.7036 ns/op
OverheadWarmup   6: 2048 op, 11842.00 ns, 5.7822 ns/op
OverheadWarmup   7: 2048 op, 11782.00 ns, 5.7529 ns/op
OverheadWarmup   8: 2048 op, 11762.00 ns, 5.7432 ns/op
OverheadWarmup   9: 2048 op, 11822.00 ns, 5.7725 ns/op
OverheadWarmup  10: 2048 op, 11662.00 ns, 5.6943 ns/op

OverheadActual   1: 2048 op, 11852.00 ns, 5.7871 ns/op
OverheadActual   2: 2048 op, 12053.00 ns, 5.8853 ns/op
OverheadActual   3: 2048 op, 11982.00 ns, 5.8506 ns/op
OverheadActual   4: 2048 op, 13625.00 ns, 6.6528 ns/op
OverheadActual   5: 2048 op, 11471.00 ns, 5.6011 ns/op
OverheadActual   6: 2048 op, 11791.00 ns, 5.7573 ns/op
OverheadActual   7: 2048 op, 11812.00 ns, 5.7676 ns/op
OverheadActual   8: 2048 op, 11722.00 ns, 5.7236 ns/op
OverheadActual   9: 2048 op, 11652.00 ns, 5.6895 ns/op
OverheadActual  10: 2048 op, 11691.00 ns, 5.7085 ns/op
OverheadActual  11: 2048 op, 11722.00 ns, 5.7236 ns/op
OverheadActual  12: 2048 op, 11682.00 ns, 5.7041 ns/op
OverheadActual  13: 2048 op, 11452.00 ns, 5.5918 ns/op
OverheadActual  14: 2048 op, 11591.00 ns, 5.6597 ns/op
OverheadActual  15: 2048 op, 11431.00 ns, 5.5815 ns/op

WorkloadWarmup   1: 2048 op, 554000834.00 ns, 270.5082 us/op
WorkloadWarmup   2: 2048 op, 549582130.00 ns, 268.3506 us/op
WorkloadWarmup   3: 2048 op, 549434247.00 ns, 268.2784 us/op
WorkloadWarmup   4: 2048 op, 555365486.00 ns, 271.1746 us/op
WorkloadWarmup   5: 2048 op, 554631710.00 ns, 270.8163 us/op

// BeforeActualRun
WorkloadActual   1: 2048 op, 552112598.00 ns, 269.5862 us/op
WorkloadActual   2: 2048 op, 553240816.00 ns, 270.1371 us/op
WorkloadActual   3: 2048 op, 556989835.00 ns, 271.9677 us/op
WorkloadActual   4: 2048 op, 549892266.00 ns, 268.5021 us/op
WorkloadActual   5: 2048 op, 547371449.00 ns, 267.2712 us/op
WorkloadActual   6: 2048 op, 584446665.00 ns, 285.3743 us/op
WorkloadActual   7: 2048 op, 555856055.00 ns, 271.4141 us/op
WorkloadActual   8: 2048 op, 560908816.00 ns, 273.8813 us/op
WorkloadActual   9: 2048 op, 572503726.00 ns, 279.5428 us/op
WorkloadActual  10: 2048 op, 557825175.00 ns, 272.3756 us/op
WorkloadActual  11: 2048 op, 556578360.00 ns, 271.7668 us/op
WorkloadActual  12: 2048 op, 560770029.00 ns, 273.8135 us/op
WorkloadActual  13: 2048 op, 554377948.00 ns, 270.6924 us/op
WorkloadActual  14: 2048 op, 566900301.00 ns, 276.8068 us/op
WorkloadActual  15: 2048 op, 560878230.00 ns, 273.8663 us/op
WorkloadActual  16: 2048 op, 563382582.00 ns, 275.0892 us/op
WorkloadActual  17: 2048 op, 557221996.00 ns, 272.0811 us/op
WorkloadActual  18: 2048 op, 551491797.00 ns, 269.2831 us/op
WorkloadActual  19: 2048 op, 557191515.00 ns, 272.0662 us/op
WorkloadActual  20: 2048 op, 548675671.00 ns, 267.9080 us/op

// AfterActualRun
WorkloadResult   1: 2048 op, 552100876.00 ns, 269.5805 us/op
WorkloadResult   2: 2048 op, 553229094.00 ns, 270.1314 us/op
WorkloadResult   3: 2048 op, 556978113.00 ns, 271.9620 us/op
WorkloadResult   4: 2048 op, 549880544.00 ns, 268.4964 us/op
WorkloadResult   5: 2048 op, 547359727.00 ns, 267.2655 us/op
WorkloadResult   6: 2048 op, 555844333.00 ns, 271.4084 us/op
WorkloadResult   7: 2048 op, 560897094.00 ns, 273.8755 us/op
WorkloadResult   8: 2048 op, 572492004.00 ns, 279.5371 us/op
WorkloadResult   9: 2048 op, 557813453.00 ns, 272.3699 us/op
WorkloadResult  10: 2048 op, 556566638.00 ns, 271.7611 us/op
WorkloadResult  11: 2048 op, 560758307.00 ns, 273.8078 us/op
WorkloadResult  12: 2048 op, 554366226.00 ns, 270.6866 us/op
WorkloadResult  13: 2048 op, 566888579.00 ns, 276.8011 us/op
WorkloadResult  14: 2048 op, 560866508.00 ns, 273.8606 us/op
WorkloadResult  15: 2048 op, 563370860.00 ns, 275.0834 us/op
WorkloadResult  16: 2048 op, 557210274.00 ns, 272.0753 us/op
WorkloadResult  17: 2048 op, 551480075.00 ns, 269.2774 us/op
WorkloadResult  18: 2048 op, 557179793.00 ns, 272.0604 us/op
WorkloadResult  19: 2048 op, 548663949.00 ns, 267.9023 us/op
// GC:  0 0 0 2932608 2048
// Threading:  4096 661 2048

[testcontainers.org 00:00:18.38] Stop Docker container c6835076be1d
[testcontainers.org 00:00:18.51] Delete Docker container c6835076be1d
// AfterAll
// Benchmark Process 5801 has exited with code 0.

Mean = 271.997 μs, StdErr = 0.705 μs (0.26%), N = 19, StdDev = 3.074 μs
Min = 267.265 μs, Q1 = 269.856 μs, Median = 271.962 μs, Q3 = 273.834 μs, Max = 279.537 μs
IQR = 3.978 μs, LowerFence = 263.889 μs, UpperFence = 279.802 μs
ConfidenceInterval = [269.231 μs; 274.763 μs] (CI 99.9%), Margin = 2.766 μs (1.02% of Mean)
Skewness = 0.59, Kurtosis = 2.9, MValue = 2

// ** Remained 11 (55.0 %) benchmark(s) to run. Estimated finish 2026-10-07 13:31 (0h 2m from now) **
// **************************
// Benchmark: RedisCacheProviderBenchmarks.GetOrSetAsync_CacheHit: ShortRun(IterationCount=3, LaunchCount=1, WarmupCount=3)
// *** Execute ***
// Launch: 1 / 1
// Execute: dotnet Encina.Caching.Redis.Benchmarks-Job-NUBXJZ-1.dll --anonymousPipes 158 159 --benchmarkName Encina.Caching.Redis.Benchmarks.Benchmarks.RedisCacheProviderBenchmarks.GetOrSetAsync_CacheHit --job ShortRun --benchmarkId 9 in /home/runner/work/Encina/Encina/tests/Encina.BenchmarkTests/Encina.Caching.Redis.Benchmarks/bin/Release/net10.0/Encina.Caching.Redis.Benchmarks-Job-NUBXJZ-1/bin/Release/net10.0
// Failed to set up high priority (Permission denied). In order to run benchmarks with high priority, make sure you have the right permissions.
// BeforeAnythingElse

// Benchmark Process Environment Information:
// BenchmarkDotNet v0.15.8
// Runtime=.NET 10.0.12 (10.0.12, 10.0.1226.42308), X64 RyuJIT x86-64-v3
// GC=Concurrent Workstation
// HardwareIntrinsics=AVX2+BMI1+BMI2+F16C+FMA+LZCNT+MOVBE,AVX,SSE3+SSSE3+SSE4.1+SSE4.2+POPCNT,X86Base+SSE+SSE2,AES+PCLMUL VectorSize=256
// Job: ShortRun(IterationCount=3, LaunchCount=1, WarmupCount=3)

[testcontainers.org 00:00:00.31] Connected to Docker:
  Host: unix:///var/run/docker.sock
  Server Version: 28.0.4
  Kernel Version: 6.17.0-1022-azure
  API Version: 1.48
  Operating System: Ubuntu 24.04.5 LTS
  Total Memory: 15.61 GB
[testcontainers.org 00:00:00.61] Docker container 8b612992f66a created
[testcontainers.org 00:00:00.72] Start Docker container 8b612992f66a
[testcontainers.org 00:00:00.86] Wait for Docker container 8b612992f66a to complete readiness checks
[testcontainers.org 00:00:01.90] Docker container 8b612992f66a ready
[testcontainers.org 00:00:01.94] Docker container 83ce41c2e1f2 created
[testcontainers.org 00:00:01.95] Start Docker container 83ce41c2e1f2
[testcontainers.org 00:00:02.06] Wait for Docker container 83ce41c2e1f2 to complete readiness checks
[testcontainers.org 00:00:02.08] Execute "redis-cli ping" at Docker container 83ce41c2e1f2
[testcontainers.org 00:00:02.15] Docker container 83ce41c2e1f2 ready
OverheadJitting  1: 1 op, 269372.00 ns, 269.3720 us/op
WorkloadJitting  1: 1 op, 24537336.00 ns, 24.5373 ms/op

OverheadJitting  2: 16 op, 468594.00 ns, 29.2871 us/op
WorkloadJitting  2: 16 op, 5158865.00 ns, 322.4291 us/op

WorkloadPilot    1: 16 op, 4491855.00 ns, 280.7409 us/op
WorkloadPilot    2: 32 op, 8402443.00 ns, 262.5763 us/op
WorkloadPilot    3: 64 op, 19565674.00 ns, 305.7137 us/op
WorkloadPilot    4: 128 op, 35110962.00 ns, 274.3044 us/op
WorkloadPilot    5: 256 op, 71256022.00 ns, 278.3438 us/op
WorkloadPilot    6: 512 op, 136197249.00 ns, 266.0103 us/op
WorkloadPilot    7: 1024 op, 279517782.00 ns, 272.9666 us/op
WorkloadPilot    8: 2048 op, 548523286.00 ns, 267.8336 us/op

OverheadWarmup   1: 2048 op, 12673.00 ns, 6.1880 ns/op
OverheadWarmup   2: 2048 op, 12163.00 ns, 5.9390 ns/op
OverheadWarmup   3: 2048 op, 12123.00 ns, 5.9194 ns/op
OverheadWarmup   4: 2048 op, 12002.00 ns, 5.8604 ns/op
OverheadWarmup   5: 2048 op, 12143.00 ns, 5.9292 ns/op
OverheadWarmup   6: 2048 op, 11962.00 ns, 5.8408 ns/op
OverheadWarmup   7: 2048 op, 11962.00 ns, 5.8408 ns/op
OverheadWarmup   8: 2048 op, 12123.00 ns, 5.9194 ns/op

OverheadActual   1: 2048 op, 12273.00 ns, 5.9927 ns/op
OverheadActual   2: 2048 op, 12023.00 ns, 5.8706 ns/op
OverheadActual   3: 2048 op, 14357.00 ns, 7.0103 ns/op
OverheadActual   4: 2048 op, 12313.00 ns, 6.0122 ns/op
OverheadActual   5: 2048 op, 12083.00 ns, 5.8999 ns/op
OverheadActual   6: 2048 op, 12123.00 ns, 5.9194 ns/op
OverheadActual   7: 2048 op, 14266.00 ns, 6.9658 ns/op
OverheadActual   8: 2048 op, 12263.00 ns, 5.9878 ns/op
OverheadActual   9: 2048 op, 14537.00 ns, 7.0981 ns/op
OverheadActual  10: 2048 op, 14226.00 ns, 6.9463 ns/op
OverheadActual  11: 2048 op, 14076.00 ns, 6.8730 ns/op
OverheadActual  12: 2048 op, 11872.00 ns, 5.7969 ns/op
OverheadActual  13: 2048 op, 11792.00 ns, 5.7578 ns/op
OverheadActual  14: 2048 op, 11922.00 ns, 5.8213 ns/op
OverheadActual  15: 2048 op, 11822.00 ns, 5.7725 ns/op
OverheadActual  16: 2048 op, 11892.00 ns, 5.8066 ns/op
OverheadActual  17: 2048 op, 12002.00 ns, 5.8604 ns/op
OverheadActual  18: 2048 op, 11903.00 ns, 5.8120 ns/op
OverheadActual  19: 2048 op, 11883.00 ns, 5.8022 ns/op
OverheadActual  20: 2048 op, 33933.00 ns, 16.5688 ns/op

WorkloadWarmup   1: 2048 op, 557579925.00 ns, 272.2558 us/op
WorkloadWarmup   2: 2048 op, 553212053.00 ns, 270.1231 us/op
WorkloadWarmup   3: 2048 op, 553323974.00 ns, 270.1777 us/op

// BeforeActualRun
WorkloadActual   1: 2048 op, 550260996.00 ns, 268.6821 us/op
WorkloadActual   2: 2048 op, 552494039.00 ns, 269.7725 us/op
WorkloadActual   3: 2048 op, 561543254.00 ns, 274.1910 us/op

// AfterActualRun
WorkloadResult   1: 2048 op, 550248893.00 ns, 268.6762 us/op
WorkloadResult   2: 2048 op, 552481936.00 ns, 269.7666 us/op
WorkloadResult   3: 2048 op, 561531151.00 ns, 274.1851 us/op
// GC:  0 0 0 2932736 2048
// Threading:  4097 662 2048

[testcontainers.org 00:00:07.75] Stop Docker container 83ce41c2e1f2
[testcontainers.org 00:00:07.89] Delete Docker container 83ce41c2e1f2
// AfterAll
// Benchmark Process 6188 has exited with code 0.

Mean = 270.876 μs, StdErr = 1.684 μs (0.62%), N = 3, StdDev = 2.917 μs
Min = 268.676 μs, Q1 = 269.221 μs, Median = 269.767 μs, Q3 = 271.976 μs, Max = 274.185 μs
IQR = 2.754 μs, LowerFence = 265.090 μs, UpperFence = 276.108 μs
ConfidenceInterval = [217.655 μs; 324.097 μs] (CI 99.9%), Margin = 53.221 μs (19.65% of Mean)
Skewness = 0.33, Kurtosis = 0.67, MValue = 2

// ** Remained 10 (50.0 %) benchmark(s) to run. Estimated finish 2026-10-07 13:31 (0h 2m from now) **
// **************************
// Benchmark: RedisCacheProviderBenchmarks.GetOrSetAsync_CacheMiss: Job-ZDPOZY(InvocationCount=1, IterationCount=20, UnrollFactor=1, WarmupCount=5)
// *** Execute ***
// Launch: 1 / 1
// Execute: dotnet Encina.Caching.Redis.Benchmarks-Job-NUBXJZ-1.dll --anonymousPipes 158 159 --benchmarkName Encina.Caching.Redis.Benchmarks.Benchmarks.RedisCacheProviderBenchmarks.GetOrSetAsync_CacheMiss --job "InvocationCount=1, IterationCount=20, UnrollFactor=1, WarmupCount=5" --benchmarkId 10 in /home/runner/work/Encina/Encina/tests/Encina.BenchmarkTests/Encina.Caching.Redis.Benchmarks/bin/Release/net10.0/Encina.Caching.Redis.Benchmarks-Job-NUBXJZ-1/bin/Release/net10.0
// Failed to set up high priority (Permission denied). In order to run benchmarks with high priority, make sure you have the right permissions.
// BeforeAnythingElse

// Benchmark Process Environment Information:
// BenchmarkDotNet v0.15.8
// Runtime=.NET 10.0.12 (10.0.12, 10.0.1226.42308), X64 RyuJIT x86-64-v3
// GC=Concurrent Workstation
// HardwareIntrinsics=AVX2+BMI1+BMI2+F16C+FMA+LZCNT+MOVBE,AVX,SSE3+SSSE3+SSE4.1+SSE4.2+POPCNT,X86Base+SSE+SSE2,AES+PCLMUL VectorSize=256
// Job: Job-ZDPOZY(InvocationCount=1, IterationCount=20, UnrollFactor=1, WarmupCount=5)

[testcontainers.org 00:00:00.31] Connected to Docker:
  Host: unix:///var/run/docker.sock
  Server Version: 28.0.4
  Kernel Version: 6.17.0-1022-azure
  API Version: 1.48
  Operating System: Ubuntu 24.04.5 LTS
  Total Memory: 15.61 GB
[testcontainers.org 00:00:00.60] Docker container 88ca112471fb created
[testcontainers.org 00:00:00.70] Start Docker container 88ca112471fb
[testcontainers.org 00:00:00.84] Wait for Docker container 88ca112471fb to complete readiness checks
[testcontainers.org 00:00:01.88] Docker container 88ca112471fb ready
[testcontainers.org 00:00:01.92] Docker container efc0484cd81c created
[testcontainers.org 00:00:01.93] Start Docker container efc0484cd81c
[testcontainers.org 00:00:02.04] Wait for Docker container efc0484cd81c to complete readiness checks
[testcontainers.org 00:00:02.05] Execute "redis-cli ping" at Docker container efc0484cd81c
[testcontainers.org 00:00:02.12] Docker container efc0484cd81c ready
OverheadJitting  1: 1 op, 276356.00 ns, 276.3560 us/op
WorkloadJitting  1: 1 op, 35439773.00 ns, 35.4398 ms/op

OverheadWarmup   1: 1 op, 1132.00 ns, 1.1320 us/op
OverheadWarmup   2: 1 op, 521.00 ns, 521.0000 ns/op
OverheadWarmup   3: 1 op, 311.00 ns, 311.0000 ns/op
OverheadWarmup   4: 1 op, 351.00 ns, 351.0000 ns/op
OverheadWarmup   5: 1 op, 431.00 ns, 431.0000 ns/op
OverheadWarmup   6: 1 op, 331.00 ns, 331.0000 ns/op
OverheadWarmup   7: 1 op, 311.00 ns, 311.0000 ns/op
OverheadWarmup   8: 1 op, 331.00 ns, 331.0000 ns/op
OverheadWarmup   9: 1 op, 331.00 ns, 331.0000 ns/op

OverheadActual   1: 1 op, 381.00 ns, 381.0000 ns/op
OverheadActual   2: 1 op, 331.00 ns, 331.0000 ns/op
OverheadActual   3: 1 op, 311.00 ns, 311.0000 ns/op
OverheadActual   4: 1 op, 271.00 ns, 271.0000 ns/op
OverheadActual   5: 1 op, 301.00 ns, 301.0000 ns/op
OverheadActual   6: 1 op, 271.00 ns, 271.0000 ns/op
OverheadActual   7: 1 op, 270.00 ns, 270.0000 ns/op
OverheadActual   8: 1 op, 271.00 ns, 271.0000 ns/op
OverheadActual   9: 1 op, 290.00 ns, 290.0000 ns/op
OverheadActual  10: 1 op, 270.00 ns, 270.0000 ns/op
OverheadActual  11: 1 op, 280.00 ns, 280.0000 ns/op
OverheadActual  12: 1 op, 280.00 ns, 280.0000 ns/op
OverheadActual  13: 1 op, 280.00 ns, 280.0000 ns/op
OverheadActual  14: 1 op, 270.00 ns, 270.0000 ns/op
OverheadActual  15: 1 op, 280.00 ns, 280.0000 ns/op
OverheadActual  16: 1 op, 281.00 ns, 281.0000 ns/op
OverheadActual  17: 1 op, 271.00 ns, 271.0000 ns/op

WorkloadWarmup   1: 1 op, 1312208.00 ns, 1.3122 ms/op
WorkloadWarmup   2: 1 op, 1014132.00 ns, 1.0141 ms/op
WorkloadWarmup   3: 1 op, 1048310.00 ns, 1.0483 ms/op
WorkloadWarmup   4: 1 op, 983485.00 ns, 983.4850 us/op
WorkloadWarmup   5: 1 op, 1006798.00 ns, 1.0068 ms/op

// BeforeActualRun
WorkloadActual   1: 1 op, 1155646.00 ns, 1.1556 ms/op
WorkloadActual   2: 1 op, 1161203.00 ns, 1.1612 ms/op
WorkloadActual   3: 1 op, 1033067.00 ns, 1.0331 ms/op
WorkloadActual   4: 1 op, 1087876.00 ns, 1.0879 ms/op
WorkloadActual   5: 1 op, 1276311.00 ns, 1.2763 ms/op
WorkloadActual   6: 1 op, 1055093.00 ns, 1.0551 ms/op
WorkloadActual   7: 1 op, 1039032.00 ns, 1.0390 ms/op
WorkloadActual   8: 1 op, 989470.00 ns, 989.4700 us/op
WorkloadActual   9: 1 op, 1021620.00 ns, 1.0216 ms/op
WorkloadActual  10: 1 op, 980850.00 ns, 980.8500 us/op
WorkloadActual  11: 1 op, 1069115.00 ns, 1.0691 ms/op
WorkloadActual  12: 1 op, 1048390.00 ns, 1.0484 ms/op
WorkloadActual  13: 1 op, 1026381.00 ns, 1.0264 ms/op
WorkloadActual  14: 1 op, 1031253.00 ns, 1.0313 ms/op
WorkloadActual  15: 1 op, 1046863.00 ns, 1.0469 ms/op
WorkloadActual  16: 1 op, 978545.00 ns, 978.5450 us/op
WorkloadActual  17: 1 op, 1062255.00 ns, 1.0623 ms/op
WorkloadActual  18: 1 op, 1021245.00 ns, 1.0212 ms/op
WorkloadActual  19: 1 op, 1057287.00 ns, 1.0573 ms/op
WorkloadActual  20: 1 op, 1019051.00 ns, 1.0191 ms/op

// AfterActualRun
WorkloadResult   1: 1 op, 1032787.00 ns, 1.0328 ms/op
WorkloadResult   2: 1 op, 1087596.00 ns, 1.0876 ms/op
WorkloadResult   3: 1 op, 1054813.00 ns, 1.0548 ms/op
WorkloadResult   4: 1 op, 1038752.00 ns, 1.0388 ms/op
WorkloadResult   5: 1 op, 989190.00 ns, 989.1900 us/op
WorkloadResult   6: 1 op, 1021340.00 ns, 1.0213 ms/op
WorkloadResult   7: 1 op, 980570.00 ns, 980.5700 us/op
WorkloadResult   8: 1 op, 1068835.00 ns, 1.0688 ms/op
WorkloadResult   9: 1 op, 1048110.00 ns, 1.0481 ms/op
WorkloadResult  10: 1 op, 1026101.00 ns, 1.0261 ms/op
WorkloadResult  11: 1 op, 1030973.00 ns, 1.0310 ms/op
WorkloadResult  12: 1 op, 1046583.00 ns, 1.0466 ms/op
WorkloadResult  13: 1 op, 978265.00 ns, 978.2650 us/op
WorkloadResult  14: 1 op, 1061975.00 ns, 1.0620 ms/op
WorkloadResult  15: 1 op, 1020965.00 ns, 1.0210 ms/op
WorkloadResult  16: 1 op, 1057007.00 ns, 1.0570 ms/op
WorkloadResult  17: 1 op, 1018771.00 ns, 1.0188 ms/op
// GC:  0 0 0 3000 1
// Threading:  8 0 1

[testcontainers.org 00:00:02.80] Stop Docker container efc0484cd81c
[testcontainers.org 00:00:02.95] Delete Docker container efc0484cd81c
// AfterAll
// Benchmark Process 6480 has exited with code 0.

Mean = 1.033 ms, StdErr = 0.007 ms (0.71%), N = 17, StdDev = 0.030 ms
Min = 0.978 ms, Q1 = 1.021 ms, Median = 1.033 ms, Q3 = 1.055 ms, Max = 1.088 ms
IQR = 0.034 ms, LowerFence = 0.970 ms, UpperFence = 1.106 ms
ConfidenceInterval = [1.003 ms; 1.063 ms] (CI 99.9%), Margin = 0.030 ms (2.87% of Mean)
Skewness = -0.29, Kurtosis = 2.22, MValue = 2

// ** Remained 9 (45.0 %) benchmark(s) to run. Estimated finish 2026-10-07 13:30 (0h 1m from now) **
// **************************
// Benchmark: RedisCacheProviderBenchmarks.GetOrSetAsync_CacheMiss: ShortRun(InvocationCount=1, IterationCount=3, LaunchCount=1, UnrollFactor=1, WarmupCount=3)
// *** Execute ***
// Launch: 1 / 1
// Execute: dotnet Encina.Caching.Redis.Benchmarks-Job-NUBXJZ-1.dll --anonymousPipes 158 159 --benchmarkName Encina.Caching.Redis.Benchmarks.Benchmarks.RedisCacheProviderBenchmarks.GetOrSetAsync_CacheMiss --job ShortRun --benchmarkId 11 in /home/runner/work/Encina/Encina/tests/Encina.BenchmarkTests/Encina.Caching.Redis.Benchmarks/bin/Release/net10.0/Encina.Caching.Redis.Benchmarks-Job-NUBXJZ-1/bin/Release/net10.0
// Failed to set up high priority (Permission denied). In order to run benchmarks with high priority, make sure you have the right permissions.
// BeforeAnythingElse

// Benchmark Process Environment Information:
// BenchmarkDotNet v0.15.8
// Runtime=.NET 10.0.12 (10.0.12, 10.0.1226.42308), X64 RyuJIT x86-64-v3
// GC=Concurrent Workstation
// HardwareIntrinsics=AVX2+BMI1+BMI2+F16C+FMA+LZCNT+MOVBE,AVX,SSE3+SSSE3+SSE4.1+SSE4.2+POPCNT,X86Base+SSE+SSE2,AES+PCLMUL VectorSize=256
// Job: ShortRun(InvocationCount=1, IterationCount=3, LaunchCount=1, UnrollFactor=1, WarmupCount=3)

[testcontainers.org 00:00:00.31] Connected to Docker:
  Host: unix:///var/run/docker.sock
  Server Version: 28.0.4
  Kernel Version: 6.17.0-1022-azure
  API Version: 1.48
  Operating System: Ubuntu 24.04.5 LTS
  Total Memory: 15.61 GB
[testcontainers.org 00:00:00.60] Docker container 3131dddf9d38 created
[testcontainers.org 00:00:00.70] Start Docker container 3131dddf9d38
[testcontainers.org 00:00:00.84] Wait for Docker container 3131dddf9d38 to complete readiness checks
[testcontainers.org 00:00:01.89] Docker container 3131dddf9d38 ready
[testcontainers.org 00:00:01.93] Docker container c2492ad4ca37 created
[testcontainers.org 00:00:01.94] Start Docker container c2492ad4ca37
[testcontainers.org 00:00:02.04] Wait for Docker container c2492ad4ca37 to complete readiness checks
[testcontainers.org 00:00:02.06] Execute "redis-cli ping" at Docker container c2492ad4ca37
[testcontainers.org 00:00:02.13] Docker container c2492ad4ca37 ready
OverheadJitting  1: 1 op, 235108.00 ns, 235.1080 us/op
WorkloadJitting  1: 1 op, 36622930.00 ns, 36.6229 ms/op

OverheadWarmup   1: 1 op, 892.00 ns, 892.0000 ns/op
OverheadWarmup   2: 1 op, 300.00 ns, 300.0000 ns/op
OverheadWarmup   3: 1 op, 271.00 ns, 271.0000 ns/op
OverheadWarmup   4: 1 op, 290.00 ns, 290.0000 ns/op
OverheadWarmup   5: 1 op, 330.00 ns, 330.0000 ns/op
OverheadWarmup   6: 1 op, 902.00 ns, 902.0000 ns/op
OverheadWarmup   7: 1 op, 541.00 ns, 541.0000 ns/op
OverheadWarmup   8: 1 op, 281.00 ns, 281.0000 ns/op
OverheadWarmup   9: 1 op, 300.00 ns, 300.0000 ns/op
OverheadWarmup  10: 1 op, 360.00 ns, 360.0000 ns/op

OverheadActual   1: 1 op, 400.00 ns, 400.0000 ns/op
OverheadActual   2: 1 op, 902.00 ns, 902.0000 ns/op
OverheadActual   3: 1 op, 240.00 ns, 240.0000 ns/op
OverheadActual   4: 1 op, 300.00 ns, 300.0000 ns/op
OverheadActual   5: 1 op, 271.00 ns, 271.0000 ns/op
OverheadActual   6: 1 op, 270.00 ns, 270.0000 ns/op
OverheadActual   7: 1 op, 261.00 ns, 261.0000 ns/op
OverheadActual   8: 1 op, 271.00 ns, 271.0000 ns/op
OverheadActual   9: 1 op, 270.00 ns, 270.0000 ns/op
OverheadActual  10: 1 op, 261.00 ns, 261.0000 ns/op
OverheadActual  11: 1 op, 251.00 ns, 251.0000 ns/op
OverheadActual  12: 1 op, 280.00 ns, 280.0000 ns/op
OverheadActual  13: 1 op, 291.00 ns, 291.0000 ns/op
OverheadActual  14: 1 op, 2815.00 ns, 2.8150 us/op
OverheadActual  15: 1 op, 300.00 ns, 300.0000 ns/op
OverheadActual  16: 1 op, 290.00 ns, 290.0000 ns/op
OverheadActual  17: 1 op, 271.00 ns, 271.0000 ns/op
OverheadActual  18: 1 op, 291.00 ns, 291.0000 ns/op
OverheadActual  19: 1 op, 280.00 ns, 280.0000 ns/op
OverheadActual  20: 1 op, 771.00 ns, 771.0000 ns/op

WorkloadWarmup   1: 1 op, 1299043.00 ns, 1.2990 ms/op
WorkloadWarmup   2: 1 op, 1024928.00 ns, 1.0249 ms/op
WorkloadWarmup   3: 1 op, 1113037.00 ns, 1.1130 ms/op

// BeforeActualRun
WorkloadActual   1: 1 op, 1072196.00 ns, 1.0722 ms/op
WorkloadActual   2: 1 op, 982316.00 ns, 982.3160 us/op
WorkloadActual   3: 1 op, 1078903.00 ns, 1.0789 ms/op

// AfterActualRun
WorkloadResult   1: 1 op, 1071916.00 ns, 1.0719 ms/op
WorkloadResult   2: 1 op, 982036.00 ns, 982.0360 us/op
WorkloadResult   3: 1 op, 1078623.00 ns, 1.0786 ms/op
// GC:  0 0 0 3000 1
// Threading:  8 1 1

[testcontainers.org 00:00:02.72] Stop Docker container c2492ad4ca37
[testcontainers.org 00:00:02.86] Delete Docker container c2492ad4ca37
// AfterAll
// Benchmark Process 6803 has exited with code 0.

Mean = 1.044 ms, StdErr = 0.031 ms (2.98%), N = 3, StdDev = 0.054 ms
Min = 0.982 ms, Q1 = 1.027 ms, Median = 1.072 ms, Q3 = 1.075 ms, Max = 1.079 ms
IQR = 0.048 ms, LowerFence = 0.955 ms, UpperFence = 1.148 ms
ConfidenceInterval = [0.060 ms; 2.028 ms] (CI 99.9%), Margin = 0.984 ms (94.23% of Mean)
Skewness = -0.38, Kurtosis = 0.67, MValue = 2

// ** Remained 8 (40.0 %) benchmark(s) to run. Estimated finish 2026-10-07 13:30 (0h 1m from now) **
// **************************
// Benchmark: RedisCacheProviderBenchmarks.RemoveAsync: Job-ZDPOZY(InvocationCount=1, IterationCount=20, UnrollFactor=1, WarmupCount=5)
// *** Execute ***
// Launch: 1 / 1
// Execute: dotnet Encina.Caching.Redis.Benchmarks-Job-NUBXJZ-1.dll --anonymousPipes 158 159 --benchmarkName Encina.Caching.Redis.Benchmarks.Benchmarks.RedisCacheProviderBenchmarks.RemoveAsync --job "InvocationCount=1, IterationCount=20, UnrollFactor=1, WarmupCount=5" --benchmarkId 12 in /home/runner/work/Encina/Encina/tests/Encina.BenchmarkTests/Encina.Caching.Redis.Benchmarks/bin/Release/net10.0/Encina.Caching.Redis.Benchmarks-Job-NUBXJZ-1/bin/Release/net10.0
// Failed to set up high priority (Permission denied). In order to run benchmarks with high priority, make sure you have the right permissions.
// BeforeAnythingElse

// Benchmark Process Environment Information:
// BenchmarkDotNet v0.15.8
// Runtime=.NET 10.0.12 (10.0.12, 10.0.1226.42308), X64 RyuJIT x86-64-v3
// GC=Concurrent Workstation
// HardwareIntrinsics=AVX2+BMI1+BMI2+F16C+FMA+LZCNT+MOVBE,AVX,SSE3+SSSE3+SSE4.1+SSE4.2+POPCNT,X86Base+SSE+SSE2,AES+PCLMUL VectorSize=256
// Job: Job-ZDPOZY(InvocationCount=1, IterationCount=20, UnrollFactor=1, WarmupCount=5)

[testcontainers.org 00:00:00.31] Connected to Docker:
  Host: unix:///var/run/docker.sock
  Server Version: 28.0.4
  Kernel Version: 6.17.0-1022-azure
  API Version: 1.48
  Operating System: Ubuntu 24.04.5 LTS
  Total Memory: 15.61 GB
[testcontainers.org 00:00:00.60] Docker container cd43e1982766 created
[testcontainers.org 00:00:00.70] Start Docker container cd43e1982766
[testcontainers.org 00:00:00.84] Wait for Docker container cd43e1982766 to complete readiness checks
[testcontainers.org 00:00:01.88] Docker container cd43e1982766 ready
[testcontainers.org 00:00:01.92] Docker container a31294d05e46 created
[testcontainers.org 00:00:01.93] Start Docker container a31294d05e46
[testcontainers.org 00:00:02.04] Wait for Docker container a31294d05e46 to complete readiness checks
[testcontainers.org 00:00:02.05] Execute "redis-cli ping" at Docker container a31294d05e46
[testcontainers.org 00:00:02.12] Docker container a31294d05e46 ready
OverheadJitting  1: 1 op, 185907.00 ns, 185.9070 us/op
WorkloadJitting  1: 1 op, 7566367.00 ns, 7.5664 ms/op

OverheadWarmup   1: 1 op, 330.00 ns, 330.0000 ns/op
OverheadWarmup   2: 1 op, 221.00 ns, 221.0000 ns/op
OverheadWarmup   3: 1 op, 221.00 ns, 221.0000 ns/op
OverheadWarmup   4: 1 op, 241.00 ns, 241.0000 ns/op
OverheadWarmup   5: 1 op, 250.00 ns, 250.0000 ns/op
OverheadWarmup   6: 1 op, 251.00 ns, 251.0000 ns/op
OverheadWarmup   7: 1 op, 220.00 ns, 220.0000 ns/op
OverheadWarmup   8: 1 op, 260.00 ns, 260.0000 ns/op

OverheadActual   1: 1 op, 220.00 ns, 220.0000 ns/op
OverheadActual   2: 1 op, 231.00 ns, 231.0000 ns/op
OverheadActual   3: 1 op, 241.00 ns, 241.0000 ns/op
OverheadActual   4: 1 op, 261.00 ns, 261.0000 ns/op
OverheadActual   5: 1 op, 220.00 ns, 220.0000 ns/op
OverheadActual   6: 1 op, 231.00 ns, 231.0000 ns/op
OverheadActual   7: 1 op, 250.00 ns, 250.0000 ns/op
OverheadActual   8: 1 op, 240.00 ns, 240.0000 ns/op
OverheadActual   9: 1 op, 240.00 ns, 240.0000 ns/op
OverheadActual  10: 1 op, 240.00 ns, 240.0000 ns/op
OverheadActual  11: 1 op, 220.00 ns, 220.0000 ns/op
OverheadActual  12: 1 op, 230.00 ns, 230.0000 ns/op
OverheadActual  13: 1 op, 210.00 ns, 210.0000 ns/op
OverheadActual  14: 1 op, 221.00 ns, 221.0000 ns/op
OverheadActual  15: 1 op, 230.00 ns, 230.0000 ns/op
OverheadActual  16: 1 op, 210.00 ns, 210.0000 ns/op
OverheadActual  17: 1 op, 241.00 ns, 241.0000 ns/op
OverheadActual  18: 1 op, 221.00 ns, 221.0000 ns/op
OverheadActual  19: 1 op, 221.00 ns, 221.0000 ns/op
OverheadActual  20: 1 op, 271.00 ns, 271.0000 ns/op

WorkloadWarmup   1: 1 op, 474555.00 ns, 474.5550 us/op
WorkloadWarmup   2: 1 op, 274763.00 ns, 274.7630 us/op
WorkloadWarmup   3: 1 op, 284480.00 ns, 284.4800 us/op
WorkloadWarmup   4: 1 op, 299964.00 ns, 299.9640 us/op
WorkloadWarmup   5: 1 op, 272064.00 ns, 272.0640 us/op

// BeforeActualRun
WorkloadActual   1: 1 op, 283730.00 ns, 283.7300 us/op
WorkloadActual   2: 1 op, 259699.00 ns, 259.6990 us/op
WorkloadActual   3: 1 op, 261608.00 ns, 261.6080 us/op
WorkloadActual   4: 1 op, 261839.00 ns, 261.8390 us/op
WorkloadActual   5: 1 op, 293093.00 ns, 293.0930 us/op
WorkloadActual   6: 1 op, 279962.00 ns, 279.9620 us/op
WorkloadActual   7: 1 op, 277638.00 ns, 277.6380 us/op
WorkloadActual   8: 1 op, 283899.00 ns, 283.8990 us/op
WorkloadActual   9: 1 op, 243274.00 ns, 243.2740 us/op
WorkloadActual  10: 1 op, 268716.00 ns, 268.7160 us/op
WorkloadActual  11: 1 op, 299789.00 ns, 299.7890 us/op
WorkloadActual  12: 1 op, 288788.00 ns, 288.7880 us/op
WorkloadActual  13: 1 op, 329375.00 ns, 329.3750 us/op
WorkloadActual  14: 1 op, 275053.00 ns, 275.0530 us/op
WorkloadActual  15: 1 op, 251860.00 ns, 251.8600 us/op
WorkloadActual  16: 1 op, 267058.00 ns, 267.0580 us/op
WorkloadActual  17: 1 op, 279762.00 ns, 279.7620 us/op
WorkloadActual  18: 1 op, 243935.00 ns, 243.9350 us/op
WorkloadActual  19: 1 op, 250301.00 ns, 250.3010 us/op
WorkloadActual  20: 1 op, 309107.00 ns, 309.1070 us/op

// AfterActualRun
WorkloadResult   1: 1 op, 283499.50 ns, 283.4995 us/op
WorkloadResult   2: 1 op, 259468.50 ns, 259.4685 us/op
WorkloadResult   3: 1 op, 261377.50 ns, 261.3775 us/op
WorkloadResult   4: 1 op, 261608.50 ns, 261.6085 us/op
WorkloadResult   5: 1 op, 292862.50 ns, 292.8625 us/op
WorkloadResult   6: 1 op, 279731.50 ns, 279.7315 us/op
WorkloadResult   7: 1 op, 277407.50 ns, 277.4075 us/op
WorkloadResult   8: 1 op, 283668.50 ns, 283.6685 us/op
WorkloadResult   9: 1 op, 243043.50 ns, 243.0435 us/op
WorkloadResult  10: 1 op, 268485.50 ns, 268.4855 us/op
WorkloadResult  11: 1 op, 299558.50 ns, 299.5585 us/op
WorkloadResult  12: 1 op, 288557.50 ns, 288.5575 us/op
WorkloadResult  13: 1 op, 274822.50 ns, 274.8225 us/op
WorkloadResult  14: 1 op, 251629.50 ns, 251.6295 us/op
WorkloadResult  15: 1 op, 266827.50 ns, 266.8275 us/op
WorkloadResult  16: 1 op, 279531.50 ns, 279.5315 us/op
WorkloadResult  17: 1 op, 243704.50 ns, 243.7045 us/op
WorkloadResult  18: 1 op, 250070.50 ns, 250.0705 us/op
WorkloadResult  19: 1 op, 308876.50 ns, 308.8765 us/op
// GC:  0 0 0 608 1
// Threading:  2 1 1

[testcontainers.org 00:00:02.75] Stop Docker container a31294d05e46
[testcontainers.org 00:00:02.95] Delete Docker container a31294d05e46
// AfterAll
// Benchmark Process 7077 has exited with code 0.

Mean = 272.354 μs, StdErr = 4.258 μs (1.56%), N = 19, StdDev = 18.560 μs
Min = 243.043 μs, Q1 = 260.423 μs, Median = 274.822 μs, Q3 = 283.584 μs, Max = 308.877 μs
IQR = 23.161 μs, LowerFence = 225.681 μs, UpperFence = 318.325 μs
ConfidenceInterval = [255.656 μs; 289.052 μs] (CI 99.9%), Margin = 16.698 μs (6.13% of Mean)
Skewness = 0.1, Kurtosis = 2, MValue = 2

// ** Remained 7 (35.0 %) benchmark(s) to run. Estimated finish 2026-10-07 13:30 (0h 1m from now) **
// **************************
// Benchmark: RedisCacheProviderBenchmarks.RemoveAsync: ShortRun(InvocationCount=1, IterationCount=3, LaunchCount=1, UnrollFactor=1, WarmupCount=3)
// *** Execute ***
// Launch: 1 / 1
// Execute: dotnet Encina.Caching.Redis.Benchmarks-Job-NUBXJZ-1.dll --anonymousPipes 158 159 --benchmarkName Encina.Caching.Redis.Benchmarks.Benchmarks.RedisCacheProviderBenchmarks.RemoveAsync --job ShortRun --benchmarkId 13 in /home/runner/work/Encina/Encina/tests/Encina.BenchmarkTests/Encina.Caching.Redis.Benchmarks/bin/Release/net10.0/Encina.Caching.Redis.Benchmarks-Job-NUBXJZ-1/bin/Release/net10.0
// Failed to set up high priority (Permission denied). In order to run benchmarks with high priority, make sure you have the right permissions.
// BeforeAnythingElse

// Benchmark Process Environment Information:
// BenchmarkDotNet v0.15.8
// Runtime=.NET 10.0.12 (10.0.12, 10.0.1226.42308), X64 RyuJIT x86-64-v3
// GC=Concurrent Workstation
// HardwareIntrinsics=AVX2+BMI1+BMI2+F16C+FMA+LZCNT+MOVBE,AVX,SSE3+SSSE3+SSE4.1+SSE4.2+POPCNT,X86Base+SSE+SSE2,AES+PCLMUL VectorSize=256
// Job: ShortRun(InvocationCount=1, IterationCount=3, LaunchCount=1, UnrollFactor=1, WarmupCount=3)

[testcontainers.org 00:00:00.31] Connected to Docker:
  Host: unix:///var/run/docker.sock
  Server Version: 28.0.4
  Kernel Version: 6.17.0-1022-azure
  API Version: 1.48
  Operating System: Ubuntu 24.04.5 LTS
  Total Memory: 15.61 GB
[testcontainers.org 00:00:00.60] Docker container 10aab00f65a7 created
[testcontainers.org 00:00:00.71] Start Docker container 10aab00f65a7
[testcontainers.org 00:00:00.84] Wait for Docker container 10aab00f65a7 to complete readiness checks
[testcontainers.org 00:00:01.88] Docker container 10aab00f65a7 ready
[testcontainers.org 00:00:01.93] Docker container 12d85b148752 created
[testcontainers.org 00:00:01.93] Start Docker container 12d85b148752
[testcontainers.org 00:00:02.05] Wait for Docker container 12d85b148752 to complete readiness checks
[testcontainers.org 00:00:02.06] Execute "redis-cli ping" at Docker container 12d85b148752
[testcontainers.org 00:00:02.13] Docker container 12d85b148752 ready
OverheadJitting  1: 1 op, 222666.00 ns, 222.6660 us/op
WorkloadJitting  1: 1 op, 7477061.00 ns, 7.4771 ms/op

OverheadWarmup   1: 1 op, 330.00 ns, 330.0000 ns/op
OverheadWarmup   2: 1 op, 240.00 ns, 240.0000 ns/op
OverheadWarmup   3: 1 op, 241.00 ns, 241.0000 ns/op
OverheadWarmup   4: 1 op, 661.00 ns, 661.0000 ns/op
OverheadWarmup   5: 1 op, 331.00 ns, 331.0000 ns/op
OverheadWarmup   6: 1 op, 2735.00 ns, 2.7350 us/op
OverheadWarmup   7: 1 op, 281.00 ns, 281.0000 ns/op

OverheadActual   1: 1 op, 261.00 ns, 261.0000 ns/op
OverheadActual   2: 1 op, 290.00 ns, 290.0000 ns/op
OverheadActual   3: 1 op, 411.00 ns, 411.0000 ns/op
OverheadActual   4: 1 op, 280.00 ns, 280.0000 ns/op
OverheadActual   5: 1 op, 311.00 ns, 311.0000 ns/op
OverheadActual   6: 1 op, 490.00 ns, 490.0000 ns/op
OverheadActual   7: 1 op, 320.00 ns, 320.0000 ns/op
OverheadActual   8: 1 op, 251.00 ns, 251.0000 ns/op
OverheadActual   9: 1 op, 331.00 ns, 331.0000 ns/op
OverheadActual  10: 1 op, 270.00 ns, 270.0000 ns/op
OverheadActual  11: 1 op, 661.00 ns, 661.0000 ns/op
OverheadActual  12: 1 op, 290.00 ns, 290.0000 ns/op
OverheadActual  13: 1 op, 281.00 ns, 281.0000 ns/op
OverheadActual  14: 1 op, 651.00 ns, 651.0000 ns/op
OverheadActual  15: 1 op, 270.00 ns, 270.0000 ns/op
OverheadActual  16: 1 op, 261.00 ns, 261.0000 ns/op
OverheadActual  17: 1 op, 260.00 ns, 260.0000 ns/op
OverheadActual  18: 1 op, 270.00 ns, 270.0000 ns/op
OverheadActual  19: 1 op, 260.00 ns, 260.0000 ns/op
OverheadActual  20: 1 op, 250.00 ns, 250.0000 ns/op

WorkloadWarmup   1: 1 op, 511735.00 ns, 511.7350 us/op
WorkloadWarmup   2: 1 op, 271967.00 ns, 271.9670 us/op
WorkloadWarmup   3: 1 op, 268080.00 ns, 268.0800 us/op

// BeforeActualRun
WorkloadActual   1: 1 op, 272815.00 ns, 272.8150 us/op
WorkloadActual   2: 1 op, 329117.00 ns, 329.1170 us/op
WorkloadActual   3: 1 op, 292462.00 ns, 292.4620 us/op

// AfterActualRun
WorkloadResult   1: 1 op, 272534.50 ns, 272.5345 us/op
WorkloadResult   2: 1 op, 328836.50 ns, 328.8365 us/op
WorkloadResult   3: 1 op, 292181.50 ns, 292.1815 us/op
// GC:  0 0 0 608 1
// Threading:  2 1 1

[testcontainers.org 00:00:02.68] Stop Docker container 12d85b148752
[testcontainers.org 00:00:02.87] Delete Docker container 12d85b148752
// AfterAll
// Benchmark Process 7353 has exited with code 0.

Mean = 297.851 μs, StdErr = 16.498 μs (5.54%), N = 3, StdDev = 28.576 μs
Min = 272.534 μs, Q1 = 282.358 μs, Median = 292.182 μs, Q3 = 310.509 μs, Max = 328.837 μs
IQR = 28.151 μs, LowerFence = 240.131 μs, UpperFence = 352.736 μs
ConfidenceInterval = [-223.481 μs; 819.183 μs] (CI 99.9%), Margin = 521.332 μs (175.03% of Mean)
Skewness = 0.19, Kurtosis = 0.67, MValue = 2

// ** Remained 6 (30.0 %) benchmark(s) to run. Estimated finish 2026-10-07 13:30 (0h 1m from now) **
// **************************
// Benchmark: RedisCacheProviderBenchmarks.RemoveByPatternAsync: Job-ZDPOZY(InvocationCount=1, IterationCount=20, UnrollFactor=1, WarmupCount=5)
// *** Execute ***
// Launch: 1 / 1
// Execute: dotnet Encina.Caching.Redis.Benchmarks-Job-NUBXJZ-1.dll --anonymousPipes 158 159 --benchmarkName Encina.Caching.Redis.Benchmarks.Benchmarks.RedisCacheProviderBenchmarks.RemoveByPatternAsync --job "InvocationCount=1, IterationCount=20, UnrollFactor=1, WarmupCount=5" --benchmarkId 14 in /home/runner/work/Encina/Encina/tests/Encina.BenchmarkTests/Encina.Caching.Redis.Benchmarks/bin/Release/net10.0/Encina.Caching.Redis.Benchmarks-Job-NUBXJZ-1/bin/Release/net10.0
// Failed to set up high priority (Permission denied). In order to run benchmarks with high priority, make sure you have the right permissions.
// BeforeAnythingElse

// Benchmark Process Environment Information:
// BenchmarkDotNet v0.15.8
// Runtime=.NET 10.0.12 (10.0.12, 10.0.1226.42308), X64 RyuJIT x86-64-v3
// GC=Concurrent Workstation
// HardwareIntrinsics=AVX2+BMI1+BMI2+F16C+FMA+LZCNT+MOVBE,AVX,SSE3+SSSE3+SSE4.1+SSE4.2+POPCNT,X86Base+SSE+SSE2,AES+PCLMUL VectorSize=256
// Job: Job-ZDPOZY(InvocationCount=1, IterationCount=20, UnrollFactor=1, WarmupCount=5)

[testcontainers.org 00:00:00.31] Connected to Docker:
  Host: unix:///var/run/docker.sock
  Server Version: 28.0.4
  Kernel Version: 6.17.0-1022-azure
  API Version: 1.48
  Operating System: Ubuntu 24.04.5 LTS
  Total Memory: 15.61 GB
[testcontainers.org 00:00:00.61] Docker container 78f21e34c9a7 created
[testcontainers.org 00:00:00.71] Start Docker container 78f21e34c9a7
[testcontainers.org 00:00:00.85] Wait for Docker container 78f21e34c9a7 to complete readiness checks
[testcontainers.org 00:00:01.88] Docker container 78f21e34c9a7 ready
[testcontainers.org 00:00:01.93] Docker container d6c69b229927 created
[testcontainers.org 00:00:01.94] Start Docker container d6c69b229927
[testcontainers.org 00:00:02.05] Wait for Docker container d6c69b229927 to complete readiness checks
[testcontainers.org 00:00:02.06] Execute "redis-cli ping" at Docker container d6c69b229927
[testcontainers.org 00:00:02.14] Docker container d6c69b229927 ready
OverheadJitting  1: 1 op, 187720.00 ns, 187.7200 us/op
WorkloadJitting  1: 1 op, 40416478.00 ns, 40.4165 ms/op

OverheadWarmup   1: 1 op, 300.00 ns, 300.0000 ns/op
OverheadWarmup   2: 1 op, 330.00 ns, 330.0000 ns/op
OverheadWarmup   3: 1 op, 251.00 ns, 251.0000 ns/op
OverheadWarmup   4: 1 op, 241.00 ns, 241.0000 ns/op
OverheadWarmup   5: 1 op, 210.00 ns, 210.0000 ns/op
OverheadWarmup   6: 1 op, 210.00 ns, 210.0000 ns/op
OverheadWarmup   7: 1 op, 230.00 ns, 230.0000 ns/op

OverheadActual   1: 1 op, 231.00 ns, 231.0000 ns/op
OverheadActual   2: 1 op, 210.00 ns, 210.0000 ns/op
OverheadActual   3: 1 op, 210.00 ns, 210.0000 ns/op
OverheadActual   4: 1 op, 220.00 ns, 220.0000 ns/op
OverheadActual   5: 1 op, 241.00 ns, 241.0000 ns/op
OverheadActual   6: 1 op, 260.00 ns, 260.0000 ns/op
OverheadActual   7: 1 op, 220.00 ns, 220.0000 ns/op
OverheadActual   8: 1 op, 280.00 ns, 280.0000 ns/op
OverheadActual   9: 1 op, 241.00 ns, 241.0000 ns/op
OverheadActual  10: 1 op, 241.00 ns, 241.0000 ns/op
OverheadActual  11: 1 op, 231.00 ns, 231.0000 ns/op
OverheadActual  12: 1 op, 210.00 ns, 210.0000 ns/op
OverheadActual  13: 1 op, 261.00 ns, 261.0000 ns/op
OverheadActual  14: 1 op, 240.00 ns, 240.0000 ns/op
OverheadActual  15: 1 op, 281.00 ns, 281.0000 ns/op
OverheadActual  16: 1 op, 801.00 ns, 801.0000 ns/op
OverheadActual  17: 1 op, 290.00 ns, 290.0000 ns/op
OverheadActual  18: 1 op, 280.00 ns, 280.0000 ns/op
OverheadActual  19: 1 op, 250.00 ns, 250.0000 ns/op
OverheadActual  20: 1 op, 310.00 ns, 310.0000 ns/op

WorkloadWarmup   1: 1 op, 1640030.00 ns, 1.6400 ms/op
WorkloadWarmup   2: 1 op, 1713798.00 ns, 1.7138 ms/op
WorkloadWarmup   3: 1 op, 1389769.00 ns, 1.3898 ms/op
WorkloadWarmup   4: 1 op, 1504151.00 ns, 1.5042 ms/op
WorkloadWarmup   5: 1 op, 1366991.00 ns, 1.3670 ms/op

// BeforeActualRun
WorkloadActual   1: 1 op, 1608675.00 ns, 1.6087 ms/op
WorkloadActual   2: 1 op, 1452350.00 ns, 1.4524 ms/op
WorkloadActual   3: 1 op, 1493517.00 ns, 1.4935 ms/op
WorkloadActual   4: 1 op, 1570219.00 ns, 1.5702 ms/op
WorkloadActual   5: 1 op, 1429961.00 ns, 1.4300 ms/op
WorkloadActual   6: 1 op, 1509326.00 ns, 1.5093 ms/op
WorkloadActual   7: 1 op, 1476996.00 ns, 1.4770 ms/op
WorkloadActual   8: 1 op, 1548098.00 ns, 1.5481 ms/op
WorkloadActual   9: 1 op, 1430909.00 ns, 1.4309 ms/op
WorkloadActual  10: 1 op, 1499908.00 ns, 1.4999 ms/op
WorkloadActual  11: 1 op, 1575188.00 ns, 1.5752 ms/op
WorkloadActual  12: 1 op, 1634289.00 ns, 1.6343 ms/op
WorkloadActual  13: 1 op, 1497605.00 ns, 1.4976 ms/op
WorkloadActual  14: 1 op, 1535515.00 ns, 1.5355 ms/op
WorkloadActual  15: 1 op, 1598673.00 ns, 1.5987 ms/op
WorkloadActual  16: 1 op, 1525126.00 ns, 1.5251 ms/op
WorkloadActual  17: 1 op, 1699060.00 ns, 1.6991 ms/op
WorkloadActual  18: 1 op, 1565160.00 ns, 1.5652 ms/op
WorkloadActual  19: 1 op, 1529764.00 ns, 1.5298 ms/op
WorkloadActual  20: 1 op, 1603555.00 ns, 1.6036 ms/op

// AfterActualRun
WorkloadResult   1: 1 op, 1608434.00 ns, 1.6084 ms/op
WorkloadResult   2: 1 op, 1452109.00 ns, 1.4521 ms/op
WorkloadResult   3: 1 op, 1493276.00 ns, 1.4933 ms/op
WorkloadResult   4: 1 op, 1569978.00 ns, 1.5700 ms/op
WorkloadResult   5: 1 op, 1429720.00 ns, 1.4297 ms/op
WorkloadResult   6: 1 op, 1509085.00 ns, 1.5091 ms/op
WorkloadResult   7: 1 op, 1476755.00 ns, 1.4768 ms/op
WorkloadResult   8: 1 op, 1547857.00 ns, 1.5479 ms/op
WorkloadResult   9: 1 op, 1430668.00 ns, 1.4307 ms/op
WorkloadResult  10: 1 op, 1499667.00 ns, 1.4997 ms/op
WorkloadResult  11: 1 op, 1574947.00 ns, 1.5749 ms/op
WorkloadResult  12: 1 op, 1634048.00 ns, 1.6340 ms/op
WorkloadResult  13: 1 op, 1497364.00 ns, 1.4974 ms/op
WorkloadResult  14: 1 op, 1535274.00 ns, 1.5353 ms/op
WorkloadResult  15: 1 op, 1598432.00 ns, 1.5984 ms/op
WorkloadResult  16: 1 op, 1524885.00 ns, 1.5249 ms/op
WorkloadResult  17: 1 op, 1698819.00 ns, 1.6988 ms/op
WorkloadResult  18: 1 op, 1564919.00 ns, 1.5649 ms/op
WorkloadResult  19: 1 op, 1529523.00 ns, 1.5295 ms/op
WorkloadResult  20: 1 op, 1603314.00 ns, 1.6033 ms/op
// GC:  0 0 0 2952 1
// Threading:  12 0 1

[testcontainers.org 00:00:02.86] Stop Docker container d6c69b229927
[testcontainers.org 00:00:03.07] Delete Docker container d6c69b229927
// AfterAll
// Benchmark Process 7662 has exited with code 0.

Mean = 1.539 ms, StdErr = 0.016 ms (1.01%), N = 20, StdDev = 0.069 ms
Min = 1.430 ms, Q1 = 1.496 ms, Median = 1.532 ms, Q3 = 1.581 ms, Max = 1.699 ms
IQR = 0.084 ms, LowerFence = 1.370 ms, UpperFence = 1.708 ms
ConfidenceInterval = [1.479 ms; 1.599 ms] (CI 99.9%), Margin = 0.060 ms (3.92% of Mean)
Skewness = 0.32, Kurtosis = 2.47, MValue = 2

// ** Remained 5 (25.0 %) benchmark(s) to run. Estimated finish 2026-10-07 13:30 (0h 0m from now) **
// **************************
// Benchmark: RedisCacheProviderBenchmarks.RemoveByPatternAsync: ShortRun(InvocationCount=1, IterationCount=3, LaunchCount=1, UnrollFactor=1, WarmupCount=3)
// *** Execute ***
// Launch: 1 / 1
// Execute: dotnet Encina.Caching.Redis.Benchmarks-Job-NUBXJZ-1.dll --anonymousPipes 158 159 --benchmarkName Encina.Caching.Redis.Benchmarks.Benchmarks.RedisCacheProviderBenchmarks.RemoveByPatternAsync --job ShortRun --benchmarkId 15 in /home/runner/work/Encina/Encina/tests/Encina.BenchmarkTests/Encina.Caching.Redis.Benchmarks/bin/Release/net10.0/Encina.Caching.Redis.Benchmarks-Job-NUBXJZ-1/bin/Release/net10.0
// Failed to set up high priority (Permission denied). In order to run benchmarks with high priority, make sure you have the right permissions.
// BeforeAnythingElse

// Benchmark Process Environment Information:
// BenchmarkDotNet v0.15.8
// Runtime=.NET 10.0.12 (10.0.12, 10.0.1226.42308), X64 RyuJIT x86-64-v3
// GC=Concurrent Workstation
// HardwareIntrinsics=AVX2+BMI1+BMI2+F16C+FMA+LZCNT+MOVBE,AVX,SSE3+SSSE3+SSE4.1+SSE4.2+POPCNT,X86Base+SSE+SSE2,AES+PCLMUL VectorSize=256
// Job: ShortRun(InvocationCount=1, IterationCount=3, LaunchCount=1, UnrollFactor=1, WarmupCount=3)

[testcontainers.org 00:00:00.31] Connected to Docker:
  Host: unix:///var/run/docker.sock
  Server Version: 28.0.4
  Kernel Version: 6.17.0-1022-azure
  API Version: 1.48
  Operating System: Ubuntu 24.04.5 LTS
  Total Memory: 15.61 GB
[testcontainers.org 00:00:00.61] Docker container 459c4fb3c79c created
[testcontainers.org 00:00:00.71] Start Docker container 459c4fb3c79c
[testcontainers.org 00:00:00.84] Wait for Docker container 459c4fb3c79c to complete readiness checks
[testcontainers.org 00:00:01.88] Docker container 459c4fb3c79c ready
[testcontainers.org 00:00:01.94] Docker container 97dabd351863 created
[testcontainers.org 00:00:01.94] Start Docker container 97dabd351863
[testcontainers.org 00:00:02.06] Wait for Docker container 97dabd351863 to complete readiness checks
[testcontainers.org 00:00:02.07] Execute "redis-cli ping" at Docker container 97dabd351863
[testcontainers.org 00:00:02.14] Docker container 97dabd351863 ready
OverheadJitting  1: 1 op, 221934.00 ns, 221.9340 us/op
WorkloadJitting  1: 1 op, 41036796.00 ns, 41.0368 ms/op

OverheadWarmup   1: 1 op, 260.00 ns, 260.0000 ns/op
OverheadWarmup   2: 1 op, 251.00 ns, 251.0000 ns/op
OverheadWarmup   3: 1 op, 711.00 ns, 711.0000 ns/op
OverheadWarmup   4: 1 op, 792.00 ns, 792.0000 ns/op
OverheadWarmup   5: 1 op, 911.00 ns, 911.0000 ns/op
OverheadWarmup   6: 1 op, 301.00 ns, 301.0000 ns/op
OverheadWarmup   7: 1 op, 270.00 ns, 270.0000 ns/op
OverheadWarmup   8: 1 op, 230.00 ns, 230.0000 ns/op
OverheadWarmup   9: 1 op, 281.00 ns, 281.0000 ns/op
OverheadWarmup  10: 1 op, 250.00 ns, 250.0000 ns/op

OverheadActual   1: 1 op, 631.00 ns, 631.0000 ns/op
OverheadActual   2: 1 op, 270.00 ns, 270.0000 ns/op
OverheadActual   3: 1 op, 261.00 ns, 261.0000 ns/op
OverheadActual   4: 1 op, 250.00 ns, 250.0000 ns/op
OverheadActual   5: 1 op, 270.00 ns, 270.0000 ns/op
OverheadActual   6: 1 op, 260.00 ns, 260.0000 ns/op
OverheadActual   7: 1 op, 241.00 ns, 241.0000 ns/op
OverheadActual   8: 1 op, 221.00 ns, 221.0000 ns/op
OverheadActual   9: 1 op, 230.00 ns, 230.0000 ns/op
OverheadActual  10: 1 op, 220.00 ns, 220.0000 ns/op
OverheadActual  11: 1 op, 230.00 ns, 230.0000 ns/op
OverheadActual  12: 1 op, 231.00 ns, 231.0000 ns/op
OverheadActual  13: 1 op, 260.00 ns, 260.0000 ns/op
OverheadActual  14: 1 op, 240.00 ns, 240.0000 ns/op
OverheadActual  15: 1 op, 220.00 ns, 220.0000 ns/op
OverheadActual  16: 1 op, 221.00 ns, 221.0000 ns/op
OverheadActual  17: 1 op, 220.00 ns, 220.0000 ns/op
OverheadActual  18: 1 op, 250.00 ns, 250.0000 ns/op
OverheadActual  19: 1 op, 250.00 ns, 250.0000 ns/op
OverheadActual  20: 1 op, 220.00 ns, 220.0000 ns/op

WorkloadWarmup   1: 1 op, 1996070.00 ns, 1.9961 ms/op
WorkloadWarmup   2: 1 op, 1594381.00 ns, 1.5944 ms/op
WorkloadWarmup   3: 1 op, 1546646.00 ns, 1.5466 ms/op

// BeforeActualRun
WorkloadActual   1: 1 op, 1484235.00 ns, 1.4842 ms/op
WorkloadActual   2: 1 op, 1621416.00 ns, 1.6214 ms/op
WorkloadActual   3: 1 op, 1435328.00 ns, 1.4353 ms/op

// AfterActualRun
WorkloadResult   1: 1 op, 1483994.50 ns, 1.4840 ms/op
WorkloadResult   2: 1 op, 1621175.50 ns, 1.6212 ms/op
WorkloadResult   3: 1 op, 1435087.50 ns, 1.4351 ms/op
// GC:  0 0 0 2952 1
// Threading:  12 0 1

[testcontainers.org 00:00:02.76] Stop Docker container 97dabd351863
[testcontainers.org 00:00:02.98] Delete Docker container 97dabd351863
// AfterAll
// Benchmark Process 7982 has exited with code 0.

Mean = 1.513 ms, StdErr = 0.056 ms (3.68%), N = 3, StdDev = 0.096 ms
Min = 1.435 ms, Q1 = 1.460 ms, Median = 1.484 ms, Q3 = 1.553 ms, Max = 1.621 ms
IQR = 0.093 ms, LowerFence = 1.320 ms, UpperFence = 1.692 ms
ConfidenceInterval = [-0.247 ms; 3.273 ms] (CI 99.9%), Margin = 1.760 ms (116.29% of Mean)
Skewness = 0.28, Kurtosis = 0.67, MValue = 2

// ** Remained 4 (20.0 %) benchmark(s) to run. Estimated finish 2026-10-07 13:29 (0h 0m from now) **
// **************************
// Benchmark: RedisCacheProviderBenchmarks.SetAsync: Job-NUBXJZ(IterationCount=20, WarmupCount=5)
// *** Execute ***
// Launch: 1 / 1
// Execute: dotnet Encina.Caching.Redis.Benchmarks-Job-NUBXJZ-1.dll --anonymousPipes 158 159 --benchmarkName Encina.Caching.Redis.Benchmarks.Benchmarks.RedisCacheProviderBenchmarks.SetAsync --job "IterationCount=20, WarmupCount=5" --benchmarkId 16 in /home/runner/work/Encina/Encina/tests/Encina.BenchmarkTests/Encina.Caching.Redis.Benchmarks/bin/Release/net10.0/Encina.Caching.Redis.Benchmarks-Job-NUBXJZ-1/bin/Release/net10.0
// Failed to set up high priority (Permission denied). In order to run benchmarks with high priority, make sure you have the right permissions.
// BeforeAnythingElse

// Benchmark Process Environment Information:
// BenchmarkDotNet v0.15.8
// Runtime=.NET 10.0.12 (10.0.12, 10.0.1226.42308), X64 RyuJIT x86-64-v3
// GC=Concurrent Workstation
// HardwareIntrinsics=AVX2+BMI1+BMI2+F16C+FMA+LZCNT+MOVBE,AVX,SSE3+SSSE3+SSE4.1+SSE4.2+POPCNT,X86Base+SSE+SSE2,AES+PCLMUL VectorSize=256
// Job: Job-NUBXJZ(IterationCount=20, WarmupCount=5)

[testcontainers.org 00:00:00.31] Connected to Docker:
  Host: unix:///var/run/docker.sock
  Server Version: 28.0.4
  Kernel Version: 6.17.0-1022-azure
  API Version: 1.48
  Operating System: Ubuntu 24.04.5 LTS
  Total Memory: 15.61 GB
[testcontainers.org 00:00:00.61] Docker container 3aeb30205272 created
[testcontainers.org 00:00:00.71] Start Docker container 3aeb30205272
[testcontainers.org 00:00:00.85] Wait for Docker container 3aeb30205272 to complete readiness checks
[testcontainers.org 00:00:01.89] Docker container 3aeb30205272 ready
[testcontainers.org 00:00:01.94] Docker container 5764c2e4a01e created
[testcontainers.org 00:00:01.94] Start Docker container 5764c2e4a01e
[testcontainers.org 00:00:02.05] Wait for Docker container 5764c2e4a01e to complete readiness checks
[testcontainers.org 00:00:02.06] Execute "redis-cli ping" at Docker container 5764c2e4a01e
[testcontainers.org 00:00:02.13] Docker container 5764c2e4a01e ready
OverheadJitting  1: 1 op, 179655.00 ns, 179.6550 us/op
WorkloadJitting  1: 1 op, 3947476.00 ns, 3.9475 ms/op

OverheadJitting  2: 16 op, 238775.00 ns, 14.9234 us/op
WorkloadJitting  2: 16 op, 5129985.00 ns, 320.6241 us/op

WorkloadPilot    1: 16 op, 4342128.00 ns, 271.3830 us/op
WorkloadPilot    2: 32 op, 8323610.00 ns, 260.1128 us/op
WorkloadPilot    3: 64 op, 16775991.00 ns, 262.1249 us/op
WorkloadPilot    4: 128 op, 35541776.00 ns, 277.6701 us/op
WorkloadPilot    5: 256 op, 68626497.00 ns, 268.0723 us/op
WorkloadPilot    6: 512 op, 139908101.00 ns, 273.2580 us/op
WorkloadPilot    7: 1024 op, 305152320.00 ns, 298.0003 us/op
WorkloadPilot    8: 2048 op, 560441860.00 ns, 273.6533 us/op

OverheadWarmup   1: 2048 op, 4017.00 ns, 1.9614 ns/op
OverheadWarmup   2: 2048 op, 3707.00 ns, 1.8101 ns/op
OverheadWarmup   3: 2048 op, 3717.00 ns, 1.8149 ns/op
OverheadWarmup   4: 2048 op, 3707.00 ns, 1.8101 ns/op
OverheadWarmup   5: 2048 op, 3717.00 ns, 1.8149 ns/op
OverheadWarmup   6: 2048 op, 3717.00 ns, 1.8149 ns/op

OverheadActual   1: 2048 op, 3727.00 ns, 1.8198 ns/op
OverheadActual   2: 2048 op, 3727.00 ns, 1.8198 ns/op
OverheadActual   3: 2048 op, 3747.00 ns, 1.8296 ns/op
OverheadActual   4: 2048 op, 3707.00 ns, 1.8101 ns/op
OverheadActual   5: 2048 op, 3736.00 ns, 1.8242 ns/op
OverheadActual   6: 2048 op, 3707.00 ns, 1.8101 ns/op
OverheadActual   7: 2048 op, 3718.00 ns, 1.8154 ns/op
OverheadActual   8: 2048 op, 3707.00 ns, 1.8101 ns/op
OverheadActual   9: 2048 op, 3707.00 ns, 1.8101 ns/op
OverheadActual  10: 2048 op, 3737.00 ns, 1.8247 ns/op
OverheadActual  11: 2048 op, 3747.00 ns, 1.8296 ns/op
OverheadActual  12: 2048 op, 3707.00 ns, 1.8101 ns/op
OverheadActual  13: 2048 op, 3707.00 ns, 1.8101 ns/op
OverheadActual  14: 2048 op, 3707.00 ns, 1.8101 ns/op
OverheadActual  15: 2048 op, 3727.00 ns, 1.8198 ns/op

WorkloadWarmup   1: 2048 op, 556536194.00 ns, 271.7462 us/op
WorkloadWarmup   2: 2048 op, 561281045.00 ns, 274.0630 us/op
WorkloadWarmup   3: 2048 op, 567554342.00 ns, 277.1261 us/op
WorkloadWarmup   4: 2048 op, 561724833.00 ns, 274.2797 us/op
WorkloadWarmup   5: 2048 op, 599238452.00 ns, 292.5969 us/op

// BeforeActualRun
WorkloadActual   1: 2048 op, 556649206.00 ns, 271.8014 us/op
WorkloadActual   2: 2048 op, 561631846.00 ns, 274.2343 us/op
WorkloadActual   3: 2048 op, 562384951.00 ns, 274.6020 us/op
WorkloadActual   4: 2048 op, 562534225.00 ns, 274.6749 us/op
WorkloadActual   5: 2048 op, 563048716.00 ns, 274.9261 us/op
WorkloadActual   6: 2048 op, 596448486.00 ns, 291.2346 us/op
WorkloadActual   7: 2048 op, 570895981.00 ns, 278.7578 us/op
WorkloadActual   8: 2048 op, 568979986.00 ns, 277.8223 us/op
WorkloadActual   9: 2048 op, 559446649.00 ns, 273.1673 us/op
WorkloadActual  10: 2048 op, 568440008.00 ns, 277.5586 us/op
WorkloadActual  11: 2048 op, 562895661.00 ns, 274.8514 us/op
WorkloadActual  12: 2048 op, 565296624.00 ns, 276.0237 us/op
WorkloadActual  13: 2048 op, 559553960.00 ns, 273.2197 us/op
WorkloadActual  14: 2048 op, 563832346.00 ns, 275.3088 us/op
WorkloadActual  15: 2048 op, 556893507.00 ns, 271.9207 us/op
WorkloadActual  16: 2048 op, 559175849.00 ns, 273.0351 us/op
WorkloadActual  17: 2048 op, 559451672.00 ns, 273.1698 us/op
WorkloadActual  18: 2048 op, 560182586.00 ns, 273.5267 us/op
WorkloadActual  19: 2048 op, 564771387.00 ns, 275.7673 us/op
WorkloadActual  20: 2048 op, 558757728.00 ns, 272.8309 us/op

// AfterActualRun
WorkloadResult   1: 2048 op, 556645488.00 ns, 271.7996 us/op
WorkloadResult   2: 2048 op, 561628128.00 ns, 274.2325 us/op
WorkloadResult   3: 2048 op, 562381233.00 ns, 274.6002 us/op
WorkloadResult   4: 2048 op, 562530507.00 ns, 274.6731 us/op
WorkloadResult   5: 2048 op, 563044998.00 ns, 274.9243 us/op
WorkloadResult   6: 2048 op, 570892263.00 ns, 278.7560 us/op
WorkloadResult   7: 2048 op, 568976268.00 ns, 277.8204 us/op
WorkloadResult   8: 2048 op, 559442931.00 ns, 273.1655 us/op
WorkloadResult   9: 2048 op, 568436290.00 ns, 277.5568 us/op
WorkloadResult  10: 2048 op, 562891943.00 ns, 274.8496 us/op
WorkloadResult  11: 2048 op, 565292906.00 ns, 276.0219 us/op
WorkloadResult  12: 2048 op, 559550242.00 ns, 273.2179 us/op
WorkloadResult  13: 2048 op, 563828628.00 ns, 275.3069 us/op
WorkloadResult  14: 2048 op, 556889789.00 ns, 271.9188 us/op
WorkloadResult  15: 2048 op, 559172131.00 ns, 273.0333 us/op
WorkloadResult  16: 2048 op, 559447954.00 ns, 273.1679 us/op
WorkloadResult  17: 2048 op, 560178868.00 ns, 273.5248 us/op
WorkloadResult  18: 2048 op, 564767669.00 ns, 275.7655 us/op
WorkloadResult  19: 2048 op, 558754010.00 ns, 272.8291 us/op
// GC:  0 0 0 1785856 2048
// Threading:  4097 532 2048

[testcontainers.org 00:00:18.60] Stop Docker container 5764c2e4a01e
[testcontainers.org 00:00:18.73] Delete Docker container 5764c2e4a01e
// AfterAll
// Benchmark Process 8322 has exited with code 0.

Mean = 274.588 μs, StdErr = 0.447 μs (0.16%), N = 19, StdDev = 1.949 μs
Min = 271.800 μs, Q1 = 273.167 μs, Median = 274.600 μs, Q3 = 275.536 μs, Max = 278.756 μs
IQR = 2.369 μs, LowerFence = 269.612 μs, UpperFence = 279.090 μs
ConfidenceInterval = [272.834 μs; 276.341 μs] (CI 99.9%), Margin = 1.753 μs (0.64% of Mean)
Skewness = 0.55, Kurtosis = 2.32, MValue = 2

// ** Remained 3 (15.0 %) benchmark(s) to run. Estimated finish 2026-10-07 13:30 (0h 0m from now) **
// **************************
// Benchmark: RedisCacheProviderBenchmarks.SetAsync: ShortRun(IterationCount=3, LaunchCount=1, WarmupCount=3)
// *** Execute ***
// Launch: 1 / 1
// Execute: dotnet Encina.Caching.Redis.Benchmarks-Job-NUBXJZ-1.dll --anonymousPipes 158 159 --benchmarkName Encina.Caching.Redis.Benchmarks.Benchmarks.RedisCacheProviderBenchmarks.SetAsync --job ShortRun --benchmarkId 17 in /home/runner/work/Encina/Encina/tests/Encina.BenchmarkTests/Encina.Caching.Redis.Benchmarks/bin/Release/net10.0/Encina.Caching.Redis.Benchmarks-Job-NUBXJZ-1/bin/Release/net10.0
// Failed to set up high priority (Permission denied). In order to run benchmarks with high priority, make sure you have the right permissions.
// BeforeAnythingElse

// Benchmark Process Environment Information:
// BenchmarkDotNet v0.15.8
// Runtime=.NET 10.0.12 (10.0.12, 10.0.1226.42308), X64 RyuJIT x86-64-v3
// GC=Concurrent Workstation
// HardwareIntrinsics=AVX2+BMI1+BMI2+F16C+FMA+LZCNT+MOVBE,AVX,SSE3+SSSE3+SSE4.1+SSE4.2+POPCNT,X86Base+SSE+SSE2,AES+PCLMUL VectorSize=256
// Job: ShortRun(IterationCount=3, LaunchCount=1, WarmupCount=3)

[testcontainers.org 00:00:00.31] Connected to Docker:
  Host: unix:///var/run/docker.sock
  Server Version: 28.0.4
  Kernel Version: 6.17.0-1022-azure
  API Version: 1.48
  Operating System: Ubuntu 24.04.5 LTS
  Total Memory: 15.61 GB
[testcontainers.org 00:00:00.60] Docker container fd385e7fa312 created
[testcontainers.org 00:00:00.70] Start Docker container fd385e7fa312
[testcontainers.org 00:00:00.85] Wait for Docker container fd385e7fa312 to complete readiness checks
[testcontainers.org 00:00:01.88] Docker container fd385e7fa312 ready
[testcontainers.org 00:00:01.93] Docker container 7f06b6d6769c created
[testcontainers.org 00:00:01.93] Start Docker container 7f06b6d6769c
[testcontainers.org 00:00:02.05] Wait for Docker container 7f06b6d6769c to complete readiness checks
[testcontainers.org 00:00:02.06] Execute "redis-cli ping" at Docker container 7f06b6d6769c
[testcontainers.org 00:00:02.13] Docker container 7f06b6d6769c ready
OverheadJitting  1: 1 op, 175598.00 ns, 175.5980 us/op
WorkloadJitting  1: 1 op, 3614002.00 ns, 3.6140 ms/op

OverheadJitting  2: 16 op, 181529.00 ns, 11.3456 us/op
WorkloadJitting  2: 16 op, 4795707.00 ns, 299.7317 us/op

WorkloadPilot    1: 16 op, 4442357.00 ns, 277.6473 us/op
WorkloadPilot    2: 32 op, 8567824.00 ns, 267.7445 us/op
WorkloadPilot    3: 64 op, 17555451.00 ns, 274.3039 us/op
WorkloadPilot    4: 128 op, 34714672.00 ns, 271.2084 us/op
WorkloadPilot    5: 256 op, 68947415.00 ns, 269.3258 us/op
WorkloadPilot    6: 512 op, 139328700.00 ns, 272.1264 us/op
WorkloadPilot    7: 1024 op, 283652316.00 ns, 277.0042 us/op
WorkloadPilot    8: 2048 op, 562289497.00 ns, 274.5554 us/op

OverheadWarmup   1: 2048 op, 6582.00 ns, 3.2139 ns/op
OverheadWarmup   2: 2048 op, 6212.00 ns, 3.0332 ns/op
OverheadWarmup   3: 2048 op, 8506.00 ns, 4.1533 ns/op
OverheadWarmup   4: 2048 op, 6151.00 ns, 3.0034 ns/op
OverheadWarmup   5: 2048 op, 6311.00 ns, 3.0815 ns/op
OverheadWarmup   6: 2048 op, 8636.00 ns, 4.2168 ns/op
OverheadWarmup   7: 2048 op, 8706.00 ns, 4.2510 ns/op
OverheadWarmup   8: 2048 op, 6272.00 ns, 3.0625 ns/op

OverheadActual   1: 2048 op, 6382.00 ns, 3.1162 ns/op
OverheadActual   2: 2048 op, 6452.00 ns, 3.1504 ns/op
OverheadActual   3: 2048 op, 6342.00 ns, 3.0967 ns/op
OverheadActual   4: 2048 op, 6452.00 ns, 3.1504 ns/op
OverheadActual   5: 2048 op, 6372.00 ns, 3.1113 ns/op
OverheadActual   6: 2048 op, 8736.00 ns, 4.2656 ns/op
OverheadActual   7: 2048 op, 6282.00 ns, 3.0674 ns/op
OverheadActual   8: 2048 op, 6161.00 ns, 3.0083 ns/op
OverheadActual   9: 2048 op, 6222.00 ns, 3.0381 ns/op
OverheadActual  10: 2048 op, 8897.00 ns, 4.3442 ns/op
OverheadActual  11: 2048 op, 6242.00 ns, 3.0479 ns/op
OverheadActual  12: 2048 op, 6282.00 ns, 3.0674 ns/op
OverheadActual  13: 2048 op, 6171.00 ns, 3.0132 ns/op
OverheadActual  14: 2048 op, 5751.00 ns, 2.8081 ns/op
OverheadActual  15: 2048 op, 7755.00 ns, 3.7866 ns/op

WorkloadWarmup   1: 2048 op, 556856012.00 ns, 271.9023 us/op
WorkloadWarmup   2: 2048 op, 561954143.00 ns, 274.3917 us/op
WorkloadWarmup   3: 2048 op, 581620408.00 ns, 283.9943 us/op

// BeforeActualRun
WorkloadActual   1: 2048 op, 562137530.00 ns, 274.4812 us/op
WorkloadActual   2: 2048 op, 562638795.00 ns, 274.7260 us/op
WorkloadActual   3: 2048 op, 564583787.00 ns, 275.6757 us/op

// AfterActualRun
WorkloadResult   1: 2048 op, 562131188.00 ns, 274.4781 us/op
WorkloadResult   2: 2048 op, 562632453.00 ns, 274.7229 us/op
WorkloadResult   3: 2048 op, 564577445.00 ns, 275.6726 us/op
// GC:  0 0 0 1785856 2048
// Threading:  4097 666 2048

[testcontainers.org 00:00:07.77] Stop Docker container 7f06b6d6769c
[testcontainers.org 00:00:07.89] Delete Docker container 7f06b6d6769c
// AfterAll
// Benchmark Process 8742 has exited with code 0.

Mean = 274.958 μs, StdErr = 0.364 μs (0.13%), N = 3, StdDev = 0.631 μs
Min = 274.478 μs, Q1 = 274.600 μs, Median = 274.723 μs, Q3 = 275.198 μs, Max = 275.673 μs
IQR = 0.597 μs, LowerFence = 273.705 μs, UpperFence = 276.094 μs
ConfidenceInterval = [263.447 μs; 286.469 μs] (CI 99.9%), Margin = 11.511 μs (4.19% of Mean)
Skewness = 0.32, Kurtosis = 0.67, MValue = 2

// ** Remained 2 (10.0 %) benchmark(s) to run. Estimated finish 2026-10-07 13:30 (0h 0m from now) **
// **************************
// Benchmark: RedisCacheProviderBenchmarks.SetWithSlidingExpirationAsync: Job-NUBXJZ(IterationCount=20, WarmupCount=5)
// *** Execute ***
// Launch: 1 / 1
// Execute: dotnet Encina.Caching.Redis.Benchmarks-Job-NUBXJZ-1.dll --anonymousPipes 158 159 --benchmarkName Encina.Caching.Redis.Benchmarks.Benchmarks.RedisCacheProviderBenchmarks.SetWithSlidingExpirationAsync --job "IterationCount=20, WarmupCount=5" --benchmarkId 18 in /home/runner/work/Encina/Encina/tests/Encina.BenchmarkTests/Encina.Caching.Redis.Benchmarks/bin/Release/net10.0/Encina.Caching.Redis.Benchmarks-Job-NUBXJZ-1/bin/Release/net10.0
// Failed to set up high priority (Permission denied). In order to run benchmarks with high priority, make sure you have the right permissions.
// BeforeAnythingElse

// Benchmark Process Environment Information:
// BenchmarkDotNet v0.15.8
// Runtime=.NET 10.0.12 (10.0.12, 10.0.1226.42308), X64 RyuJIT x86-64-v3
// GC=Concurrent Workstation
// HardwareIntrinsics=AVX2+BMI1+BMI2+F16C+FMA+LZCNT+MOVBE,AVX,SSE3+SSSE3+SSE4.1+SSE4.2+POPCNT,X86Base+SSE+SSE2,AES+PCLMUL VectorSize=256
// Job: Job-NUBXJZ(IterationCount=20, WarmupCount=5)

[testcontainers.org 00:00:00.30] Connected to Docker:
  Host: unix:///var/run/docker.sock
  Server Version: 28.0.4
  Kernel Version: 6.17.0-1022-azure
  API Version: 1.48
  Operating System: Ubuntu 24.04.5 LTS
  Total Memory: 15.61 GB
[testcontainers.org 00:00:00.60] Docker container 09c5fa3c1d62 created
[testcontainers.org 00:00:00.70] Start Docker container 09c5fa3c1d62
[testcontainers.org 00:00:00.84] Wait for Docker container 09c5fa3c1d62 to complete readiness checks
[testcontainers.org 00:00:01.88] Docker container 09c5fa3c1d62 ready
[testcontainers.org 00:00:01.93] Docker container 49b486190288 created
[testcontainers.org 00:00:01.93] Start Docker container 49b486190288
[testcontainers.org 00:00:02.04] Wait for Docker container 49b486190288 to complete readiness checks
[testcontainers.org 00:00:02.05] Execute "redis-cli ping" at Docker container 49b486190288
[testcontainers.org 00:00:02.13] Docker container 49b486190288 ready
OverheadJitting  1: 1 op, 204311.00 ns, 204.3110 us/op
WorkloadJitting  1: 1 op, 20461514.00 ns, 20.4615 ms/op

OverheadJitting  2: 16 op, 201516.00 ns, 12.5948 us/op
WorkloadJitting  2: 16 op, 8450702.00 ns, 528.1689 us/op

WorkloadPilot    1: 16 op, 8066228.00 ns, 504.1393 us/op
WorkloadPilot    2: 32 op, 16346487.00 ns, 510.8277 us/op
WorkloadPilot    3: 64 op, 35456371.00 ns, 554.0058 us/op
WorkloadPilot    4: 128 op, 69108889.00 ns, 539.9132 us/op
WorkloadPilot    5: 256 op, 138817229.00 ns, 542.2548 us/op
WorkloadPilot    6: 512 op, 281337056.00 ns, 549.4864 us/op
WorkloadPilot    7: 1024 op, 557173204.00 ns, 544.1145 us/op

OverheadWarmup   1: 1024 op, 2445.00 ns, 2.3877 ns/op
OverheadWarmup   2: 1024 op, 2274.00 ns, 2.2207 ns/op
OverheadWarmup   3: 1024 op, 2264.00 ns, 2.2109 ns/op
OverheadWarmup   4: 1024 op, 2285.00 ns, 2.2314 ns/op
OverheadWarmup   5: 1024 op, 2274.00 ns, 2.2207 ns/op
OverheadWarmup   6: 1024 op, 2254.00 ns, 2.2012 ns/op
OverheadWarmup   7: 1024 op, 2264.00 ns, 2.2109 ns/op
OverheadWarmup   8: 1024 op, 2264.00 ns, 2.2109 ns/op

OverheadActual   1: 1024 op, 2314.00 ns, 2.2598 ns/op
OverheadActual   2: 1024 op, 2254.00 ns, 2.2012 ns/op
OverheadActual   3: 1024 op, 2294.00 ns, 2.2402 ns/op
OverheadActual   4: 1024 op, 2274.00 ns, 2.2207 ns/op
OverheadActual   5: 1024 op, 2454.00 ns, 2.3965 ns/op
OverheadActual   6: 1024 op, 2254.00 ns, 2.2012 ns/op
OverheadActual   7: 1024 op, 2265.00 ns, 2.2119 ns/op
OverheadActual   8: 1024 op, 2264.00 ns, 2.2109 ns/op
OverheadActual   9: 1024 op, 2254.00 ns, 2.2012 ns/op
OverheadActual  10: 1024 op, 2274.00 ns, 2.2207 ns/op
OverheadActual  11: 1024 op, 2264.00 ns, 2.2109 ns/op
OverheadActual  12: 1024 op, 2365.00 ns, 2.3096 ns/op
OverheadActual  13: 1024 op, 2254.00 ns, 2.2012 ns/op
OverheadActual  14: 1024 op, 2264.00 ns, 2.2109 ns/op
OverheadActual  15: 1024 op, 2234.00 ns, 2.1816 ns/op

WorkloadWarmup   1: 1024 op, 552789876.00 ns, 539.8339 us/op
WorkloadWarmup   2: 1024 op, 553488757.00 ns, 540.5164 us/op
WorkloadWarmup   3: 1024 op, 551074692.00 ns, 538.1589 us/op
WorkloadWarmup   4: 1024 op, 552183940.00 ns, 539.2421 us/op
WorkloadWarmup   5: 1024 op, 552470591.00 ns, 539.5221 us/op

// BeforeActualRun
WorkloadActual   1: 1024 op, 547982726.00 ns, 535.1394 us/op
WorkloadActual   2: 1024 op, 553839681.00 ns, 540.8591 us/op
WorkloadActual   3: 1024 op, 554075105.00 ns, 541.0890 us/op
WorkloadActual   4: 1024 op, 552383323.00 ns, 539.4368 us/op
WorkloadActual   5: 1024 op, 554362673.00 ns, 541.3698 us/op
WorkloadActual   6: 1024 op, 572983409.00 ns, 559.5541 us/op
WorkloadActual   7: 1024 op, 554963236.00 ns, 541.9563 us/op
WorkloadActual   8: 1024 op, 555533156.00 ns, 542.5128 us/op
WorkloadActual   9: 1024 op, 555311412.00 ns, 542.2963 us/op
WorkloadActual  10: 1024 op, 552913127.00 ns, 539.9542 us/op
WorkloadActual  11: 1024 op, 553026933.00 ns, 540.0654 us/op
WorkloadActual  12: 1024 op, 554016869.00 ns, 541.0321 us/op
WorkloadActual  13: 1024 op, 553402490.00 ns, 540.4321 us/op
WorkloadActual  14: 1024 op, 555632123.00 ns, 542.6095 us/op
WorkloadActual  15: 1024 op, 555220666.00 ns, 542.2077 us/op
WorkloadActual  16: 1024 op, 555414056.00 ns, 542.3965 us/op
WorkloadActual  17: 1024 op, 555351400.00 ns, 542.3354 us/op
WorkloadActual  18: 1024 op, 554422430.00 ns, 541.4282 us/op
WorkloadActual  19: 1024 op, 562435792.00 ns, 549.2537 us/op
WorkloadActual  20: 1024 op, 553931193.00 ns, 540.9484 us/op

// AfterActualRun
WorkloadResult   1: 1024 op, 547980462.00 ns, 535.1372 us/op
WorkloadResult   2: 1024 op, 553837417.00 ns, 540.8569 us/op
WorkloadResult   3: 1024 op, 554072841.00 ns, 541.0868 us/op
WorkloadResult   4: 1024 op, 552381059.00 ns, 539.4346 us/op
WorkloadResult   5: 1024 op, 554360409.00 ns, 541.3676 us/op
WorkloadResult   6: 1024 op, 554960972.00 ns, 541.9541 us/op
WorkloadResult   7: 1024 op, 555530892.00 ns, 542.5106 us/op
WorkloadResult   8: 1024 op, 555309148.00 ns, 542.2941 us/op
WorkloadResult   9: 1024 op, 552910863.00 ns, 539.9520 us/op
WorkloadResult  10: 1024 op, 553024669.00 ns, 540.0632 us/op
WorkloadResult  11: 1024 op, 554014605.00 ns, 541.0299 us/op
WorkloadResult  12: 1024 op, 553400226.00 ns, 540.4299 us/op
WorkloadResult  13: 1024 op, 555629859.00 ns, 542.6073 us/op
WorkloadResult  14: 1024 op, 555218402.00 ns, 542.2055 us/op
WorkloadResult  15: 1024 op, 555411792.00 ns, 542.3943 us/op
WorkloadResult  16: 1024 op, 555349136.00 ns, 542.3331 us/op
WorkloadResult  17: 1024 op, 554420166.00 ns, 541.4259 us/op
WorkloadResult  18: 1024 op, 553928929.00 ns, 540.9462 us/op
// GC:  0 0 0 1531792 1024
// Threading:  4096 579 1024

[testcontainers.org 00:00:18.32] Stop Docker container 49b486190288
[testcontainers.org 00:00:18.52] Delete Docker container 49b486190288
// AfterAll
// Benchmark Process 9026 has exited with code 0.

Mean = 541.002 μs, StdErr = 0.413 μs (0.08%), N = 18, StdDev = 1.751 μs
Min = 535.137 μs, Q1 = 540.537 μs, Median = 541.227 μs, Q3 = 542.272 μs, Max = 542.607 μs
IQR = 1.735 μs, LowerFence = 537.934 μs, UpperFence = 544.875 μs
ConfidenceInterval = [539.366 μs; 542.638 μs] (CI 99.9%), Margin = 1.636 μs (0.30% of Mean)
Skewness = -1.97, Kurtosis = 7.19, MValue = 2

// ** Remained 1 (5.0 %) benchmark(s) to run. Estimated finish 2026-10-07 13:30 (0h 0m from now) **
// **************************
// Benchmark: RedisCacheProviderBenchmarks.SetWithSlidingExpirationAsync: ShortRun(IterationCount=3, LaunchCount=1, WarmupCount=3)
// *** Execute ***
// Launch: 1 / 1
// Execute: dotnet Encina.Caching.Redis.Benchmarks-Job-NUBXJZ-1.dll --anonymousPipes 158 159 --benchmarkName Encina.Caching.Redis.Benchmarks.Benchmarks.RedisCacheProviderBenchmarks.SetWithSlidingExpirationAsync --job ShortRun --benchmarkId 19 in /home/runner/work/Encina/Encina/tests/Encina.BenchmarkTests/Encina.Caching.Redis.Benchmarks/bin/Release/net10.0/Encina.Caching.Redis.Benchmarks-Job-NUBXJZ-1/bin/Release/net10.0
// Failed to set up high priority (Permission denied). In order to run benchmarks with high priority, make sure you have the right permissions.
// BeforeAnythingElse

// Benchmark Process Environment Information:
// BenchmarkDotNet v0.15.8
// Runtime=.NET 10.0.12 (10.0.12, 10.0.1226.42308), X64 RyuJIT x86-64-v3
// GC=Concurrent Workstation
// HardwareIntrinsics=AVX2+BMI1+BMI2+F16C+FMA+LZCNT+MOVBE,AVX,SSE3+SSSE3+SSE4.1+SSE4.2+POPCNT,X86Base+SSE+SSE2,AES+PCLMUL VectorSize=256
// Job: ShortRun(IterationCount=3, LaunchCount=1, WarmupCount=3)

[testcontainers.org 00:00:00.31] Connected to Docker:
  Host: unix:///var/run/docker.sock
  Server Version: 28.0.4
  Kernel Version: 6.17.0-1022-azure
  API Version: 1.48
  Operating System: Ubuntu 24.04.5 LTS
  Total Memory: 15.61 GB
[testcontainers.org 00:00:00.61] Docker container acb52e71e2fd created
[testcontainers.org 00:00:00.71] Start Docker container acb52e71e2fd
[testcontainers.org 00:00:00.86] Wait for Docker container acb52e71e2fd to complete readiness checks
[testcontainers.org 00:00:01.89] Docker container acb52e71e2fd ready
[testcontainers.org 00:00:01.94] Docker container df48b5950df8 created
[testcontainers.org 00:00:01.94] Start Docker container df48b5950df8
[testcontainers.org 00:00:02.06] Wait for Docker container df48b5950df8 to complete readiness checks
[testcontainers.org 00:00:02.07] Execute "redis-cli ping" at Docker container df48b5950df8
[testcontainers.org 00:00:02.15] Docker container df48b5950df8 ready
OverheadJitting  1: 1 op, 219219.00 ns, 219.2190 us/op
WorkloadJitting  1: 1 op, 19856326.00 ns, 19.8563 ms/op

OverheadJitting  2: 16 op, 202127.00 ns, 12.6329 us/op
WorkloadJitting  2: 16 op, 9048375.00 ns, 565.5234 us/op

WorkloadPilot    1: 16 op, 8275546.00 ns, 517.2216 us/op
WorkloadPilot    2: 32 op, 17261715.00 ns, 539.4286 us/op
WorkloadPilot    3: 64 op, 34321523.00 ns, 536.2738 us/op
WorkloadPilot    4: 128 op, 69263815.00 ns, 541.1236 us/op
WorkloadPilot    5: 256 op, 138536437.00 ns, 541.1580 us/op
WorkloadPilot    6: 512 op, 281829277.00 ns, 550.4478 us/op
WorkloadPilot    7: 1024 op, 555415869.00 ns, 542.3983 us/op

OverheadWarmup   1: 1024 op, 3917.00 ns, 3.8252 ns/op
OverheadWarmup   2: 1024 op, 3497.00 ns, 3.4150 ns/op
OverheadWarmup   3: 1024 op, 3557.00 ns, 3.4736 ns/op
OverheadWarmup   4: 1024 op, 3607.00 ns, 3.5225 ns/op
OverheadWarmup   5: 1024 op, 3456.00 ns, 3.3750 ns/op
OverheadWarmup   6: 1024 op, 3447.00 ns, 3.3662 ns/op
OverheadWarmup   7: 1024 op, 3676.00 ns, 3.5898 ns/op
OverheadWarmup   8: 1024 op, 3567.00 ns, 3.4834 ns/op

OverheadActual   1: 1024 op, 6131.00 ns, 5.9873 ns/op
OverheadActual   2: 1024 op, 3547.00 ns, 3.4639 ns/op
OverheadActual   3: 1024 op, 6211.00 ns, 6.0654 ns/op
OverheadActual   4: 1024 op, 5861.00 ns, 5.7236 ns/op
OverheadActual   5: 1024 op, 5881.00 ns, 5.7432 ns/op
OverheadActual   6: 1024 op, 3246.00 ns, 3.1699 ns/op
OverheadActual   7: 1024 op, 3427.00 ns, 3.3467 ns/op
OverheadActual   8: 1024 op, 3507.00 ns, 3.4248 ns/op
OverheadActual   9: 1024 op, 3626.00 ns, 3.5410 ns/op
OverheadActual  10: 1024 op, 6031.00 ns, 5.8896 ns/op
OverheadActual  11: 1024 op, 3476.00 ns, 3.3945 ns/op
OverheadActual  12: 1024 op, 3567.00 ns, 3.4834 ns/op
OverheadActual  13: 1024 op, 5891.00 ns, 5.7529 ns/op
OverheadActual  14: 1024 op, 3526.00 ns, 3.4434 ns/op
OverheadActual  15: 1024 op, 3607.00 ns, 3.5225 ns/op
OverheadActual  16: 1024 op, 3376.00 ns, 3.2969 ns/op
OverheadActual  17: 1024 op, 3457.00 ns, 3.3760 ns/op
OverheadActual  18: 1024 op, 3447.00 ns, 3.3662 ns/op
OverheadActual  19: 1024 op, 3436.00 ns, 3.3555 ns/op
OverheadActual  20: 1024 op, 3456.00 ns, 3.3750 ns/op

WorkloadWarmup   1: 1024 op, 556169207.00 ns, 543.1340 us/op
WorkloadWarmup   2: 1024 op, 557897278.00 ns, 544.8216 us/op
WorkloadWarmup   3: 1024 op, 557916601.00 ns, 544.8404 us/op

// BeforeActualRun
WorkloadActual   1: 1024 op, 553362725.00 ns, 540.3933 us/op
WorkloadActual   2: 1024 op, 554672304.00 ns, 541.6722 us/op
WorkloadActual   3: 1024 op, 557699354.00 ns, 544.6283 us/op

// AfterActualRun
WorkloadResult   1: 1024 op, 553359188.50 ns, 540.3898 us/op
WorkloadResult   2: 1024 op, 554668767.50 ns, 541.6687 us/op
WorkloadResult   3: 1024 op, 557695817.50 ns, 544.6248 us/op
// GC:  0 0 0 1531808 1024
// Threading:  4097 603 1024

[testcontainers.org 00:00:07.76] Stop Docker container df48b5950df8
[testcontainers.org 00:00:07.90] Delete Docker container df48b5950df8
// AfterAll
// Benchmark Process 9396 has exited with code 0.

Mean = 542.228 μs, StdErr = 1.254 μs (0.23%), N = 3, StdDev = 2.172 μs
Min = 540.390 μs, Q1 = 541.029 μs, Median = 541.669 μs, Q3 = 543.147 μs, Max = 544.625 μs
IQR = 2.117 μs, LowerFence = 537.853 μs, UpperFence = 546.323 μs
ConfidenceInterval = [502.600 μs; 581.856 μs] (CI 99.9%), Margin = 39.628 μs (7.31% of Mean)
Skewness = 0.24, Kurtosis = 0.67, MValue = 2

// ** Remained 0 (0.0 %) benchmark(s) to run. Estimated finish 2026-10-07 13:30 (0h 0m from now) **
// ***** BenchmarkRunner: Finish  *****

// * Export *
  artifacts/performance/CachingRedis/results/Encina.Caching.Redis.Benchmarks.Benchmarks.RedisCacheProviderBenchmarks-report.csv
  artifacts/performance/CachingRedis/results/Encina.Caching.Redis.Benchmarks.Benchmarks.RedisCacheProviderBenchmarks-report-github.md
  artifacts/performance/CachingRedis/results/Encina.Caching.Redis.Benchmarks.Benchmarks.RedisCacheProviderBenchmarks-report.html
  artifacts/performance/CachingRedis/results/Encina.Caching.Redis.Benchmarks.Benchmarks.RedisCacheProviderBenchmarks-report-full-compressed.json

// * Detailed results *
RedisCacheProviderBenchmarks.ExistsAsync_False: Job-NUBXJZ(IterationCount=20, WarmupCount=5)
Runtime = .NET 10.0.12 (10.0.12, 10.0.1226.42308), X64 RyuJIT x86-64-v3; GC = Concurrent Workstation
Mean = 258.125 μs, StdErr = 0.269 μs (0.10%), N = 20, StdDev = 1.202 μs
Min = 256.046 μs, Q1 = 257.168 μs, Median = 258.419 μs, Q3 = 259.057 μs, Max = 259.703 μs
IQR = 1.889 μs, LowerFence = 254.335 μs, UpperFence = 261.891 μs
ConfidenceInterval = [257.081 μs; 259.169 μs] (CI 99.9%), Margin = 1.044 μs (0.40% of Mean)
Skewness = -0.45, Kurtosis = 1.7, MValue = 2
-------------------- Histogram --------------------
[255.465 μs ; 260.284 μs) | @@@@@@@@@@@@@@@@@@@@
---------------------------------------------------

RedisCacheProviderBenchmarks.ExistsAsync_True: Job-NUBXJZ(IterationCount=20, WarmupCount=5)
Runtime = .NET 10.0.12 (10.0.12, 10.0.1226.42308), X64 RyuJIT x86-64-v3; GC = Concurrent Workstation
Mean = 259.334 μs, StdErr = 0.359 μs (0.14%), N = 19, StdDev = 1.565 μs
Min = 256.816 μs, Q1 = 258.161 μs, Median = 259.417 μs, Q3 = 260.499 μs, Max = 261.738 μs
IQR = 2.339 μs, LowerFence = 254.653 μs, UpperFence = 264.007 μs
ConfidenceInterval = [257.927 μs; 260.742 μs] (CI 99.9%), Margin = 1.408 μs (0.54% of Mean)
Skewness = 0.04, Kurtosis = 1.69, MValue = 2
-------------------- Histogram --------------------
[256.287 μs ; 262.507 μs) | @@@@@@@@@@@@@@@@@@@
---------------------------------------------------

RedisCacheProviderBenchmarks.GetAsync_CacheHit: Job-NUBXJZ(IterationCount=20, WarmupCount=5)
Runtime = .NET 10.0.12 (10.0.12, 10.0.1226.42308), X64 RyuJIT x86-64-v3; GC = Concurrent Workstation
Mean = 269.143 μs, StdErr = 0.303 μs (0.11%), N = 19, StdDev = 1.320 μs
Min = 267.040 μs, Q1 = 268.273 μs, Median = 268.922 μs, Q3 = 269.791 μs, Max = 272.329 μs
IQR = 1.519 μs, LowerFence = 265.995 μs, UpperFence = 272.069 μs
ConfidenceInterval = [267.956 μs; 270.331 μs] (CI 99.9%), Margin = 1.188 μs (0.44% of Mean)
Skewness = 0.55, Kurtosis = 2.77, MValue = 2
-------------------- Histogram --------------------
[266.575 μs ; 272.978 μs) | @@@@@@@@@@@@@@@@@@@
---------------------------------------------------

RedisCacheProviderBenchmarks.GetAsync_CacheMiss: Job-NUBXJZ(IterationCount=20, WarmupCount=5)
Runtime = .NET 10.0.12 (10.0.12, 10.0.1226.42308), X64 RyuJIT x86-64-v3; GC = Concurrent Workstation
Mean = 262.975 μs, StdErr = 0.353 μs (0.13%), N = 19, StdDev = 1.537 μs
Min = 259.441 μs, Q1 = 262.210 μs, Median = 262.650 μs, Q3 = 264.274 μs, Max = 265.902 μs
IQR = 2.063 μs, LowerFence = 259.116 μs, UpperFence = 267.368 μs
ConfidenceInterval = [261.592 μs; 264.357 μs] (CI 99.9%), Margin = 1.383 μs (0.53% of Mean)
Skewness = -0.26, Kurtosis = 2.6, MValue = 2
-------------------- Histogram --------------------
[259.283 μs ; 266.658 μs) | @@@@@@@@@@@@@@@@@@@
---------------------------------------------------

RedisCacheProviderBenchmarks.GetOrSetAsync_CacheHit: Job-NUBXJZ(IterationCount=20, WarmupCount=5)
Runtime = .NET 10.0.12 (10.0.12, 10.0.1226.42308), X64 RyuJIT x86-64-v3; GC = Concurrent Workstation
Mean = 271.997 μs, StdErr = 0.705 μs (0.26%), N = 19, StdDev = 3.074 μs
Min = 267.265 μs, Q1 = 269.856 μs, Median = 271.962 μs, Q3 = 273.834 μs, Max = 279.537 μs
IQR = 3.978 μs, LowerFence = 263.889 μs, UpperFence = 279.802 μs
ConfidenceInterval = [269.231 μs; 274.763 μs] (CI 99.9%), Margin = 2.766 μs (1.02% of Mean)
Skewness = 0.59, Kurtosis = 2.9, MValue = 2
-------------------- Histogram --------------------
[265.753 μs ; 275.368 μs) | @@@@@@@@@@@@@@@@@
[275.368 μs ; 281.049 μs) | @@
---------------------------------------------------

RedisCacheProviderBenchmarks.SetAsync: Job-NUBXJZ(IterationCount=20, WarmupCount=5)
Runtime = .NET 10.0.12 (10.0.12, 10.0.1226.42308), X64 RyuJIT x86-64-v3; GC = Concurrent Workstation
Mean = 274.588 μs, StdErr = 0.447 μs (0.16%), N = 19, StdDev = 1.949 μs
Min = 271.800 μs, Q1 = 273.167 μs, Median = 274.600 μs, Q3 = 275.536 μs, Max = 278.756 μs
IQR = 2.369 μs, LowerFence = 269.612 μs, UpperFence = 279.090 μs
ConfidenceInterval = [272.834 μs; 276.341 μs] (CI 99.9%), Margin = 1.753 μs (0.64% of Mean)
Skewness = 0.55, Kurtosis = 2.32, MValue = 2
-------------------- Histogram --------------------
[271.239 μs ; 279.715 μs) | @@@@@@@@@@@@@@@@@@@
---------------------------------------------------

RedisCacheProviderBenchmarks.SetWithSlidingExpirationAsync: Job-NUBXJZ(IterationCount=20, WarmupCount=5)
Runtime = .NET 10.0.12 (10.0.12, 10.0.1226.42308), X64 RyuJIT x86-64-v3; GC = Concurrent Workstation
Mean = 541.002 μs, StdErr = 0.413 μs (0.08%), N = 18, StdDev = 1.751 μs
Min = 535.137 μs, Q1 = 540.537 μs, Median = 541.227 μs, Q3 = 542.272 μs, Max = 542.607 μs
IQR = 1.735 μs, LowerFence = 537.934 μs, UpperFence = 544.875 μs
ConfidenceInterval = [539.366 μs; 542.638 μs] (CI 99.9%), Margin = 1.636 μs (0.30% of Mean)
Skewness = -1.97, Kurtosis = 7.19, MValue = 2
-------------------- Histogram --------------------
[534.260 μs ; 543.484 μs) | @@@@@@@@@@@@@@@@@@
---------------------------------------------------

RedisCacheProviderBenchmarks.ExistsAsync_False: ShortRun(IterationCount=3, LaunchCount=1, WarmupCount=3)
Runtime = .NET 10.0.12 (10.0.12, 10.0.1226.42308), X64 RyuJIT x86-64-v3; GC = Concurrent Workstation
Mean = 257.092 μs, StdErr = 0.906 μs (0.35%), N = 3, StdDev = 1.570 μs
Min = 255.536 μs, Q1 = 256.301 μs, Median = 257.066 μs, Q3 = 257.871 μs, Max = 258.675 μs
IQR = 1.570 μs, LowerFence = 253.946 μs, UpperFence = 260.226 μs
ConfidenceInterval = [228.448 μs; 285.736 μs] (CI 99.9%), Margin = 28.644 μs (11.14% of Mean)
Skewness = 0.02, Kurtosis = 0.67, MValue = 2
-------------------- Histogram --------------------
[254.107 μs ; 258.864 μs) | @@@
---------------------------------------------------

RedisCacheProviderBenchmarks.ExistsAsync_True: ShortRun(IterationCount=3, LaunchCount=1, WarmupCount=3)
Runtime = .NET 10.0.12 (10.0.12, 10.0.1226.42308), X64 RyuJIT x86-64-v3; GC = Concurrent Workstation
Mean = 259.217 μs, StdErr = 1.534 μs (0.59%), N = 3, StdDev = 2.657 μs
Min = 257.638 μs, Q1 = 257.683 μs, Median = 257.729 μs, Q3 = 260.006 μs, Max = 262.284 μs
IQR = 2.323 μs, LowerFence = 254.199 μs, UpperFence = 263.491 μs
ConfidenceInterval = [210.751 μs; 307.683 μs] (CI 99.9%), Margin = 48.466 μs (18.70% of Mean)
Skewness = 0.38, Kurtosis = 0.67, MValue = 2
-------------------- Histogram --------------------
[257.543 μs ; 262.379 μs) | @@@
---------------------------------------------------

RedisCacheProviderBenchmarks.GetAsync_CacheHit: ShortRun(IterationCount=3, LaunchCount=1, WarmupCount=3)
Runtime = .NET 10.0.12 (10.0.12, 10.0.1226.42308), X64 RyuJIT x86-64-v3; GC = Concurrent Workstation
Mean = 268.935 μs, StdErr = 1.093 μs (0.41%), N = 3, StdDev = 1.894 μs
Min = 267.391 μs, Q1 = 267.878 μs, Median = 268.366 μs, Q3 = 269.707 μs, Max = 271.048 μs
IQR = 1.829 μs, LowerFence = 265.135 μs, UpperFence = 272.450 μs
ConfidenceInterval = [234.385 μs; 303.484 μs] (CI 99.9%), Margin = 34.549 μs (12.85% of Mean)
Skewness = 0.27, Kurtosis = 0.67, MValue = 2
-------------------- Histogram --------------------
[265.667 μs ; 272.771 μs) | @@@
---------------------------------------------------

RedisCacheProviderBenchmarks.GetAsync_CacheMiss: ShortRun(IterationCount=3, LaunchCount=1, WarmupCount=3)
Runtime = .NET 10.0.12 (10.0.12, 10.0.1226.42308), X64 RyuJIT x86-64-v3; GC = Concurrent Workstation
Mean = 260.951 μs, StdErr = 0.577 μs (0.22%), N = 3, StdDev = 0.999 μs
Min = 260.332 μs, Q1 = 260.374 μs, Median = 260.417 μs, Q3 = 261.260 μs, Max = 262.104 μs
IQR = 0.886 μs, LowerFence = 259.046 μs, UpperFence = 262.589 μs
ConfidenceInterval = [242.719 μs; 279.183 μs] (CI 99.9%), Margin = 18.232 μs (6.99% of Mean)
Skewness = 0.38, Kurtosis = 0.67, MValue = 2
-------------------- Histogram --------------------
[260.308 μs ; 262.127 μs) | @@@
---------------------------------------------------

RedisCacheProviderBenchmarks.GetOrSetAsync_CacheHit: ShortRun(IterationCount=3, LaunchCount=1, WarmupCount=3)
Runtime = .NET 10.0.12 (10.0.12, 10.0.1226.42308), X64 RyuJIT x86-64-v3; GC = Concurrent Workstation
Mean = 270.876 μs, StdErr = 1.684 μs (0.62%), N = 3, StdDev = 2.917 μs
Min = 268.676 μs, Q1 = 269.221 μs, Median = 269.767 μs, Q3 = 271.976 μs, Max = 274.185 μs
IQR = 2.754 μs, LowerFence = 265.090 μs, UpperFence = 276.108 μs
ConfidenceInterval = [217.655 μs; 324.097 μs] (CI 99.9%), Margin = 53.221 μs (19.65% of Mean)
Skewness = 0.33, Kurtosis = 0.67, MValue = 2
-------------------- Histogram --------------------
[266.021 μs ; 276.840 μs) | @@@
---------------------------------------------------

RedisCacheProviderBenchmarks.SetAsync: ShortRun(IterationCount=3, LaunchCount=1, WarmupCount=3)
Runtime = .NET 10.0.12 (10.0.12, 10.0.1226.42308), X64 RyuJIT x86-64-v3; GC = Concurrent Workstation
Mean = 274.958 μs, StdErr = 0.364 μs (0.13%), N = 3, StdDev = 0.631 μs
Min = 274.478 μs, Q1 = 274.600 μs, Median = 274.723 μs, Q3 = 275.198 μs, Max = 275.673 μs
IQR = 0.597 μs, LowerFence = 273.705 μs, UpperFence = 276.094 μs
ConfidenceInterval = [263.447 μs; 286.469 μs] (CI 99.9%), Margin = 11.511 μs (4.19% of Mean)
Skewness = 0.32, Kurtosis = 0.67, MValue = 2
-------------------- Histogram --------------------
[273.904 μs ; 276.247 μs) | @@@
---------------------------------------------------

RedisCacheProviderBenchmarks.SetWithSlidingExpirationAsync: ShortRun(IterationCount=3, LaunchCount=1, WarmupCount=3)
Runtime = .NET 10.0.12 (10.0.12, 10.0.1226.42308), X64 RyuJIT x86-64-v3; GC = Concurrent Workstation
Mean = 542.228 μs, StdErr = 1.254 μs (0.23%), N = 3, StdDev = 2.172 μs
Min = 540.390 μs, Q1 = 541.029 μs, Median = 541.669 μs, Q3 = 543.147 μs, Max = 544.625 μs
IQR = 2.117 μs, LowerFence = 537.853 μs, UpperFence = 546.323 μs
ConfidenceInterval = [502.600 μs; 581.856 μs] (CI 99.9%), Margin = 39.628 μs (7.31% of Mean)
Skewness = 0.24, Kurtosis = 0.67, MValue = 2
-------------------- Histogram --------------------
[538.413 μs ; 546.602 μs) | @@@
---------------------------------------------------

RedisCacheProviderBenchmarks.GetOrSetAsync_CacheMiss: Job-ZDPOZY(InvocationCount=1, IterationCount=20, UnrollFactor=1, WarmupCount=5)
Runtime = .NET 10.0.12 (10.0.12, 10.0.1226.42308), X64 RyuJIT x86-64-v3; GC = Concurrent Workstation
Mean = 1.033 ms, StdErr = 0.007 ms (0.71%), N = 17, StdDev = 0.030 ms
Min = 0.978 ms, Q1 = 1.021 ms, Median = 1.033 ms, Q3 = 1.055 ms, Max = 1.088 ms
IQR = 0.034 ms, LowerFence = 0.970 ms, UpperFence = 1.106 ms
ConfidenceInterval = [1.003 ms; 1.063 ms] (CI 99.9%), Margin = 0.030 ms (2.87% of Mean)
Skewness = -0.29, Kurtosis = 2.22, MValue = 2
-------------------- Histogram --------------------
[0.968 ms ; 0.999 ms) | @@@
[0.999 ms ; 1.049 ms) | @@@@@@@@@
[1.049 ms ; 1.077 ms) | @@@@
[1.077 ms ; 1.103 ms) | @
---------------------------------------------------

RedisCacheProviderBenchmarks.RemoveAsync: Job-ZDPOZY(InvocationCount=1, IterationCount=20, UnrollFactor=1, WarmupCount=5)
Runtime = .NET 10.0.12 (10.0.12, 10.0.1226.42308), X64 RyuJIT x86-64-v3; GC = Concurrent Workstation
Mean = 272.354 μs, StdErr = 4.258 μs (1.56%), N = 19, StdDev = 18.560 μs
Min = 243.043 μs, Q1 = 260.423 μs, Median = 274.822 μs, Q3 = 283.584 μs, Max = 308.877 μs
IQR = 23.161 μs, LowerFence = 225.681 μs, UpperFence = 318.325 μs
ConfidenceInterval = [255.656 μs; 289.052 μs] (CI 99.9%), Margin = 16.698 μs (6.13% of Mean)
Skewness = 0.1, Kurtosis = 2, MValue = 2
-------------------- Histogram --------------------
[233.915 μs ; 243.528 μs) | @
[243.528 μs ; 266.119 μs) | @@@@@@
[266.119 μs ; 284.377 μs) | @@@@@@@@
[284.377 μs ; 303.187 μs) | @@@
[303.187 μs ; 318.005 μs) | @
---------------------------------------------------

RedisCacheProviderBenchmarks.RemoveByPatternAsync: Job-ZDPOZY(InvocationCount=1, IterationCount=20, UnrollFactor=1, WarmupCount=5)
Runtime = .NET 10.0.12 (10.0.12, 10.0.1226.42308), X64 RyuJIT x86-64-v3; GC = Concurrent Workstation
Mean = 1.539 ms, StdErr = 0.016 ms (1.01%), N = 20, StdDev = 0.069 ms
Min = 1.430 ms, Q1 = 1.496 ms, Median = 1.532 ms, Q3 = 1.581 ms, Max = 1.699 ms
IQR = 0.084 ms, LowerFence = 1.370 ms, UpperFence = 1.708 ms
ConfidenceInterval = [1.479 ms; 1.599 ms] (CI 99.9%), Margin = 0.060 ms (3.92% of Mean)
Skewness = 0.32, Kurtosis = 2.47, MValue = 2
-------------------- Histogram --------------------
[1.420 ms ; 1.487 ms) | @@@@
[1.487 ms ; 1.554 ms) | @@@@@@@@
[1.554 ms ; 1.633 ms) | @@@@@@
[1.633 ms ; 1.700 ms) | @@
---------------------------------------------------

RedisCacheProviderBenchmarks.GetOrSetAsync_CacheMiss: ShortRun(InvocationCount=1, IterationCount=3, LaunchCount=1, UnrollFactor=1, WarmupCount=3)
Runtime = .NET 10.0.12 (10.0.12, 10.0.1226.42308), X64 RyuJIT x86-64-v3; GC = Concurrent Workstation
Mean = 1.044 ms, StdErr = 0.031 ms (2.98%), N = 3, StdDev = 0.054 ms
Min = 0.982 ms, Q1 = 1.027 ms, Median = 1.072 ms, Q3 = 1.075 ms, Max = 1.079 ms
IQR = 0.048 ms, LowerFence = 0.955 ms, UpperFence = 1.148 ms
ConfidenceInterval = [0.060 ms; 2.028 ms] (CI 99.9%), Margin = 0.984 ms (94.23% of Mean)
Skewness = -0.38, Kurtosis = 0.67, MValue = 2
-------------------- Histogram --------------------
[0.981 ms ; 1.079 ms) | @@@
---------------------------------------------------

RedisCacheProviderBenchmarks.RemoveAsync: ShortRun(InvocationCount=1, IterationCount=3, LaunchCount=1, UnrollFactor=1, WarmupCount=3)
Runtime = .NET 10.0.12 (10.0.12, 10.0.1226.42308), X64 RyuJIT x86-64-v3; GC = Concurrent Workstation
Mean = 297.851 μs, StdErr = 16.498 μs (5.54%), N = 3, StdDev = 28.576 μs
Min = 272.534 μs, Q1 = 282.358 μs, Median = 292.182 μs, Q3 = 310.509 μs, Max = 328.837 μs
IQR = 28.151 μs, LowerFence = 240.131 μs, UpperFence = 352.736 μs
ConfidenceInterval = [-223.481 μs; 819.183 μs] (CI 99.9%), Margin = 521.332 μs (175.03% of Mean)
Skewness = 0.19, Kurtosis = 0.67, MValue = 2
-------------------- Histogram --------------------
[256.353 μs ; 308.363 μs) | @@
[308.363 μs ; 354.842 μs) | @
---------------------------------------------------

RedisCacheProviderBenchmarks.RemoveByPatternAsync: ShortRun(InvocationCount=1, IterationCount=3, LaunchCount=1, UnrollFactor=1, WarmupCount=3)
Runtime = .NET 10.0.12 (10.0.12, 10.0.1226.42308), X64 RyuJIT x86-64-v3; GC = Concurrent Workstation
Mean = 1.513 ms, StdErr = 0.056 ms (3.68%), N = 3, StdDev = 0.096 ms
Min = 1.435 ms, Q1 = 1.460 ms, Median = 1.484 ms, Q3 = 1.553 ms, Max = 1.621 ms
IQR = 0.093 ms, LowerFence = 1.320 ms, UpperFence = 1.692 ms
ConfidenceInterval = [-0.247 ms; 3.273 ms] (CI 99.9%), Margin = 1.760 ms (116.29% of Mean)
Skewness = 0.28, Kurtosis = 0.67, MValue = 2
-------------------- Histogram --------------------
[1.372 ms ; 1.547 ms) | @@
[1.547 ms ; 1.709 ms) | @
---------------------------------------------------

// * Summary *

BenchmarkDotNet v0.15.8, Linux Ubuntu 24.04.5 LTS (Noble Numbat)
AMD EPYC 7763 2.45GHz, 1 CPU, 4 logical and 2 physical cores
.NET SDK 10.0.401
  [Host]     : .NET 10.0.12 (10.0.12, 10.0.1226.42308), X64 RyuJIT x86-64-v3
  Job-NUBXJZ : .NET 10.0.12 (10.0.12, 10.0.1226.42308), X64 RyuJIT x86-64-v3
  ShortRun   : .NET 10.0.12 (10.0.12, 10.0.1226.42308), X64 RyuJIT x86-64-v3
  Job-ZDPOZY : .NET 10.0.12 (10.0.12, 10.0.1226.42308), X64 RyuJIT x86-64-v3


| Method                        | Job        | InvocationCount | IterationCount | LaunchCount | UnrollFactor | WarmupCount | Mean       | Error       | StdDev   | Ratio | RatioSD | Allocated | Alloc Ratio |
|------------------------------ |----------- |---------------- |--------------- |------------ |------------- |------------ |-----------:|------------:|---------:|------:|--------:|----------:|------------:|
| ExistsAsync_False             | Job-NUBXJZ | Default         | 20             | Default     | 16           | 5           |   258.1 μs |     1.04 μs |  1.20 μs |  0.96 |    0.01 |     584 B |        0.52 |
| ExistsAsync_True              | Job-NUBXJZ | Default         | 20             | Default     | 16           | 5           |   259.3 μs |     1.41 μs |  1.56 μs |  0.96 |    0.01 |     592 B |        0.52 |
| GetAsync_CacheHit             | Job-NUBXJZ | Default         | 20             | Default     | 16           | 5           |   269.1 μs |     1.19 μs |  1.32 μs |  1.00 |    0.01 |    1128 B |        1.00 |
| GetAsync_CacheMiss            | Job-NUBXJZ | Default         | 20             | Default     | 16           | 5           |   263.0 μs |     1.38 μs |  1.54 μs |  0.98 |    0.01 |     640 B |        0.57 |
| GetOrSetAsync_CacheHit        | Job-NUBXJZ | Default         | 20             | Default     | 16           | 5           |   272.0 μs |     2.77 μs |  3.07 μs |  1.01 |    0.01 |    1432 B |        1.27 |
| SetAsync                      | Job-NUBXJZ | Default         | 20             | Default     | 16           | 5           |   274.6 μs |     1.75 μs |  1.95 μs |  1.02 |    0.01 |     872 B |        0.77 |
| SetWithSlidingExpirationAsync | Job-NUBXJZ | Default         | 20             | Default     | 16           | 5           |   541.0 μs |     1.64 μs |  1.75 μs |  2.01 |    0.01 |    1496 B |        1.33 |
|                               |            |                 |                |             |              |             |            |             |          |       |         |           |             |
| ExistsAsync_False             | ShortRun   | Default         | 3              | 1           | 16           | 3           |   257.1 μs |    28.64 μs |  1.57 μs |  0.96 |    0.01 |     584 B |        0.52 |
| ExistsAsync_True              | ShortRun   | Default         | 3              | 1           | 16           | 3           |   259.2 μs |    48.47 μs |  2.66 μs |  0.96 |    0.01 |     592 B |        0.52 |
| GetAsync_CacheHit             | ShortRun   | Default         | 3              | 1           | 16           | 3           |   268.9 μs |    34.55 μs |  1.89 μs |  1.00 |    0.01 |    1128 B |        1.00 |
| GetAsync_CacheMiss            | ShortRun   | Default         | 3              | 1           | 16           | 3           |   261.0 μs |    18.23 μs |  1.00 μs |  0.97 |    0.01 |     640 B |        0.57 |
| GetOrSetAsync_CacheHit        | ShortRun   | Default         | 3              | 1           | 16           | 3           |   270.9 μs |    53.22 μs |  2.92 μs |  1.01 |    0.01 |    1432 B |        1.27 |
| SetAsync                      | ShortRun   | Default         | 3              | 1           | 16           | 3           |   275.0 μs |    11.51 μs |  0.63 μs |  1.02 |    0.01 |     872 B |        0.77 |
| SetWithSlidingExpirationAsync | ShortRun   | Default         | 3              | 1           | 16           | 3           |   542.2 μs |    39.63 μs |  2.17 μs |  2.02 |    0.01 |    1496 B |        1.33 |
|                               |            |                 |                |             |              |             |            |             |          |       |         |           |             |
| GetOrSetAsync_CacheMiss       | Job-ZDPOZY | 1               | 20             | Default     | 1            | 5           | 1,033.1 μs |    29.62 μs | 30.42 μs |     ? |       ? |    3000 B |           ? |
| RemoveAsync                   | Job-ZDPOZY | 1               | 20             | Default     | 1            | 5           |   272.4 μs |    16.70 μs | 18.56 μs |     ? |       ? |     608 B |           ? |
| RemoveByPatternAsync          | Job-ZDPOZY | 1               | 20             | Default     | 1            | 5           | 1,539.0 μs |    60.34 μs | 69.49 μs |     ? |       ? |    2952 B |           ? |
|                               |            |                 |                |             |              |             |            |             |          |       |         |           |             |
| GetOrSetAsync_CacheMiss       | ShortRun   | 1               | 3              | 1           | 1            | 3           | 1,044.2 μs |   983.93 μs | 53.93 μs |     ? |       ? |    3000 B |           ? |
| RemoveAsync                   | ShortRun   | 1               | 3              | 1           | 1            | 3           |   297.9 μs |   521.33 μs | 28.58 μs |     ? |       ? |     608 B |           ? |
| RemoveByPatternAsync          | ShortRun   | 1               | 3              | 1           | 1            | 3           | 1,513.4 μs | 1,759.98 μs | 96.47 μs |     ? |       ? |    2952 B |           ? |

// * Warnings *
BaselineCustomAnalyzer
  Summary -> A question mark '?' symbol indicates that it was not possible to compute the (Ratio, RatioSD, Alloc Ratio) column(s) because the baseline or benchmark could not be found, or the baseline value is too close to zero.
MinIterationTime
  RedisCacheProviderBenchmarks.GetOrSetAsync_CacheMiss: InvocationCount=1, IterationCount=20, UnrollFactor=1, WarmupCount=5 -> The minimum observed iteration time is 978.545μs which is very small. It's recommended to increase it to at least 100ms using more operations.
  RedisCacheProviderBenchmarks.RemoveAsync: InvocationCount=1, IterationCount=20, UnrollFactor=1, WarmupCount=5             -> The minimum observed iteration time is 243.274μs which is very small. It's recommended to increase it to at least 100ms using more operations.
  RedisCacheProviderBenchmarks.RemoveByPatternAsync: InvocationCount=1, IterationCount=20, UnrollFactor=1, WarmupCount=5    -> The minimum observed iteration time is 1.43ms which is very small. It's recommended to increase it to at least 100ms using more operations.
  RedisCacheProviderBenchmarks.GetOrSetAsync_CacheMiss: ShortRun                                                            -> The minimum observed iteration time is 982.316μs which is very small. It's recommended to increase it to at least 100ms using more operations.
  RedisCacheProviderBenchmarks.RemoveAsync: ShortRun                                                                        -> The minimum observed iteration time is 272.815μs which is very small. It's recommended to increase it to at least 100ms using more operations.
  RedisCacheProviderBenchmarks.RemoveByPatternAsync: ShortRun                                                               -> The minimum observed iteration time is 1.435ms which is very small. It's recommended to increase it to at least 100ms using more operations.

// * Hints *
Outliers
  RedisCacheProviderBenchmarks.ExistsAsync_True: IterationCount=20, WarmupCount=5                                           -> 1 outlier  was  removed (274.40 μs)
  RedisCacheProviderBenchmarks.GetAsync_CacheHit: IterationCount=20, WarmupCount=5                                          -> 1 outlier  was  removed (284.70 μs)
  RedisCacheProviderBenchmarks.GetAsync_CacheMiss: IterationCount=20, WarmupCount=5                                         -> 1 outlier  was  removed (276.80 μs)
  RedisCacheProviderBenchmarks.GetOrSetAsync_CacheHit: IterationCount=20, WarmupCount=5                                     -> 1 outlier  was  removed (285.37 μs)
  RedisCacheProviderBenchmarks.SetAsync: IterationCount=20, WarmupCount=5                                                   -> 1 outlier  was  removed (291.23 μs)
  RedisCacheProviderBenchmarks.SetWithSlidingExpirationAsync: IterationCount=20, WarmupCount=5                              -> 2 outliers were removed, 3 outliers were detected (535.14 μs, 549.25 μs, 559.55 μs)
  RedisCacheProviderBenchmarks.GetOrSetAsync_CacheMiss: InvocationCount=1, IterationCount=20, UnrollFactor=1, WarmupCount=5 -> 3 outliers were removed (1.16 ms..1.28 ms)
  RedisCacheProviderBenchmarks.RemoveAsync: InvocationCount=1, IterationCount=20, UnrollFactor=1, WarmupCount=5             -> 1 outlier  was  removed (329.38 μs)
// * Config Issues *

// * Warnings *
Configuration
  Summary -> The exporter CsvExporter is already present in configuration. There may be unexpected results.
  Summary -> The exporter HtmlExporter is already present in configuration. There may be unexpected results.
  Summary -> The exporter MarkdownExporter-github is already present in configuration. There may be unexpected results.

// * Legends *
  Mean        : Arithmetic mean of all measurements
  Error       : Half of 99.9% confidence interval
  StdDev      : Standard deviation of all measurements
  Ratio       : Mean of the ratio distribution ([Current]/[Baseline])
  RatioSD     : Standard deviation of the ratio distribution ([Current]/[Baseline])
  Allocated   : Allocated memory per single operation (managed only, inclusive, 1KB = 1024B)
  Alloc Ratio : Allocated memory ratio distribution ([Current]/[Baseline])
  1 μs        : 1 Microsecond (0.000001 sec)

// * Diagnostic Output - MemoryDiagnoser *


// ***** BenchmarkRunner: End *****
Run time: 00:03:28 (208.94 sec), executed benchmarks: 20

Global total time: 00:04:26 (266.39 sec), executed benchmarks: 20
// * Artifacts cleanup *
Artifacts cleanup is finished
