timestampUtc,task,promptTokens,completionTokens,seconds,tokensPerSecond,outFile
2026-09-25T08:42:21Z,predraft-8,981,569,7.4,77.1,D:\Proyectos\Encina\artifacts\knowledge\predraft\8.md
2026-09-25T08:43:04Z,predraft-9,927,432,5.3,81.9,D:\Proyectos\Encina\artifacts\knowledge\predraft\9.md
2026-09-25T08:43:11Z,predraft-10,945,457,5.8,78.6,D:\Proyectos\Encina\artifacts\knowledge\predraft\10.md
2026-09-25T08:43:19Z,predraft-11,952,414,5.5,75.4,D:\Proyectos\Encina\artifacts\knowledge\predraft\11.md
2026-09-25T08:43:33Z,predraft-12,2244,949,11.8,80.2,D:\Proyectos\Encina\artifacts\knowledge\predraft\12.md
2026-09-25T08:43:42Z,predraft-13,1986,531,7.2,73.9,D:\Proyectos\Encina\artifacts\knowledge\predraft\13.md
2026-09-25T08:43:53Z,predraft-14,1827,789,9.7,81.3,D:\Proyectos\Encina\artifacts\knowledge\predraft\14.md
2026-09-25T08:44:02Z,predraft-15,1617,448,6.6,67.5,D:\Proyectos\Encina\artifacts\knowledge\predraft\15.md
2026-09-25T08:44:19Z,predraft-16,2068,1108,15.4,72.2,D:\Proyectos\Encina\artifacts\knowledge\predraft\16.md
2026-09-25T08:44:34Z,predraft-17,2030,1020,13.1,77.6,D:\Proyectos\Encina\artifacts\knowledge\predraft\17.md
2026-09-25T08:44:49Z,predraft-18,2768,1020,13.2,77.1,D:\Proyectos\Encina\artifacts\knowledge\predraft\18.md
2026-09-25T08:45:02Z,predraft-19,1669,881,10.7,82.0,D:\Proyectos\Encina\artifacts\knowledge\predraft\19.md
2026-09-25T08:45:13Z,predraft-20,1493,726,8.7,83.7,D:\Proyectos\Encina\artifacts\knowledge\predraft\20.md
2026-09-25T08:45:23Z,predraft-21,848,282,7.7,36.6,D:\Proyectos\Encina\artifacts\knowledge\predraft\21.md
2026-09-25T08:45:27Z,predraft-22,805,217,3.1,70.1,D:\Proyectos\Encina\artifacts\knowledge\predraft\22.md
2026-09-25T08:45:32Z,predraft-23,838,229,3.3,68.9,D:\Proyectos\Encina\artifacts\knowledge\predraft\23.md
2026-09-25T08:45:41Z,predraft-24,793,266,6.4,41.9,D:\Proyectos\Encina\artifacts\knowledge\predraft\24.md
2026-09-25T08:45:51Z,predraft-25,796,213,8.4,25.3,D:\Proyectos\Encina\artifacts\knowledge\predraft\25.md
2026-09-25T08:45:59Z,predraft-26,757,346,5.2,66.5,D:\Proyectos\Encina\artifacts\knowledge\predraft\26.md
2026-09-25T08:46:04Z,predraft-27,775,255,3.4,75.4,D:\Proyectos\Encina\artifacts\knowledge\predraft\27.md
2026-09-25T08:46:09Z,predraft-28,868,245,3.1,78.9,D:\Proyectos\Encina\artifacts\knowledge\predraft\28.md
2026-09-25T08:46:15Z,predraft-29,762,409,4.9,83.1,D:\Proyectos\Encina\artifacts\knowledge\predraft\29.md
2026-09-25T08:46:22Z,predraft-30,776,440,5.4,81.7,D:\Proyectos\Encina\artifacts\knowledge\predraft\30.md
2026-09-25T08:46:29Z,predraft-31,936,428,4.9,87.6,D:\Proyectos\Encina\artifacts\knowledge\predraft\31.md
2026-09-25T08:46:34Z,predraft-32,750,264,3.8,68.6,D:\Proyectos\Encina\artifacts\knowledge\predraft\32.md
2026-09-25T08:46:42Z,predraft-33,917,458,6.1,75.0,D:\Proyectos\Encina\artifacts\knowledge\predraft\33.md
2026-09-25T08:46:53Z,predraft-34,1242,797,9.6,83.3,D:\Proyectos\Encina\artifacts\knowledge\predraft\34.md
2026-09-25T08:47:03Z,predraft-35,1261,701,8.0,87.7,D:\Proyectos\Encina\artifacts\knowledge\predraft\35.md
2026-09-25T08:47:12Z,predraft-36,908,667,7.5,88.8,D:\Proyectos\Encina\artifacts\knowledge\predraft\36.md
2026-09-25T08:47:21Z,predraft-37,905,622,6.7,92.8,D:\Proyectos\Encina\artifacts\knowledge\predraft\37.md
2026-09-25T08:47:28Z,predraft-38,1074,438,5.3,82.3,D:\Proyectos\Encina\artifacts\knowledge\predraft\38.md
2026-09-25T08:47:39Z,predraft-39,1738,900,9.9,91.3,D:\Proyectos\Encina\artifacts\knowledge\predraft\39.md
2026-09-25T08:47:46Z,predraft-40,982,326,4.3,75.8,D:\Proyectos\Encina\artifacts\knowledge\predraft\40.md
2026-09-25T08:47:57Z,predraft-41,1201,900,10.1,89.5,D:\Proyectos\Encina\artifacts\knowledge\predraft\41.md
2026-09-25T08:48:04Z,predraft-42,1003,352,4.7,75.5,D:\Proyectos\Encina\artifacts\knowledge\predraft\42.md
2026-09-25T08:48:13Z,predraft-43,1274,688,8.0,86.3,D:\Proyectos\Encina\artifacts\knowledge\predraft\43.md
2026-09-25T08:48:23Z,predraft-44,1045,616,7.9,77.8,D:\Proyectos\Encina\artifacts\knowledge\predraft\44.md
2026-09-25T08:48:32Z,predraft-45,996,555,6.6,84.1,D:\Proyectos\Encina\artifacts\knowledge\predraft\45.md
2026-09-25T08:48:40Z,predraft-46,1296,537,6.7,80.2,D:\Proyectos\Encina\artifacts\knowledge\predraft\46.md
2026-09-25T08:48:49Z,predraft-47,1162,653,7.4,87.8,D:\Proyectos\Encina\artifacts\knowledge\predraft\47.md
2026-09-25T08:48:58Z,predraft-48,1265,557,6.9,80.9,D:\Proyectos\Encina\artifacts\knowledge\predraft\48.md
2026-09-25T08:49:07Z,predraft-49,1482,587,7.3,80.3,D:\Proyectos\Encina\artifacts\knowledge\predraft\49.md
2026-09-25T08:49:19Z,predraft-52,1337,836,10.3,81.4,D:\Proyectos\Encina\artifacts\knowledge\predraft\52.md
2026-09-25T08:49:33Z,predraft-53,1322,821,11.3,72.5,D:\Proyectos\Encina\artifacts\knowledge\predraft\53.md
2026-09-25T08:49:42Z,predraft-54,1353,582,7.6,77.0,D:\Proyectos\Encina\artifacts\knowledge\predraft\54.md
2026-09-25T08:49:51Z,predraft-55,1022,636,7.5,85.2,D:\Proyectos\Encina\artifacts\knowledge\predraft\55.md
2026-09-25T08:50:01Z,predraft-57,1304,643,7.7,83.2,D:\Proyectos\Encina\artifacts\knowledge\predraft\57.md
2026-09-25T08:50:09Z,predraft-58,1347,556,6.8,82.0,D:\Proyectos\Encina\artifacts\knowledge\predraft\58.md
2026-09-25T08:50:17Z,predraft-59,1030,471,5.7,82.0,D:\Proyectos\Encina\artifacts\knowledge\predraft\59.md
2026-09-25T08:50:26Z,predraft-60,1068,496,6.9,71.8,D:\Proyectos\Encina\artifacts\knowledge\predraft\60.md
2026-09-25T08:50:34Z,predraft-61,1276,520,6.6,79.2,D:\Proyectos\Encina\artifacts\knowledge\predraft\61.md
2026-09-25T08:50:47Z,predraft-62,1467,1107,11.8,93.7,D:\Proyectos\Encina\artifacts\knowledge\predraft\62.md
2026-09-25T08:50:57Z,predraft-63,1491,719,8.1,88.3,D:\Proyectos\Encina\artifacts\knowledge\predraft\63.md
2026-09-25T08:51:08Z,predraft-64,1238,558,7.8,71.3,D:\Proyectos\Encina\artifacts\knowledge\predraft\64.md
2026-09-25T08:51:24Z,predraft-65,1226,768,11.2,68.6,D:\Proyectos\Encina\artifacts\knowledge\predraft\65.md
2026-09-25T08:51:34Z,predraft-66,1233,665,8.0,82.7,D:\Proyectos\Encina\artifacts\knowledge\predraft\66.md
2026-09-25T08:51:45Z,predraft-67,1363,753,9.1,82.9,D:\Proyectos\Encina\artifacts\knowledge\predraft\67.md
2026-09-25T08:51:54Z,predraft-75,1263,515,6.8,75.3,D:\Proyectos\Encina\artifacts\knowledge\predraft\75.md
2026-09-25T08:52:08Z,predraft-80,1706,695,10.9,63.8,D:\Proyectos\Encina\artifacts\knowledge\predraft\80.md
2026-09-25T08:52:22Z,predraft-81,1887,982,11.3,86.8,D:\Proyectos\Encina\artifacts\knowledge\predraft\81.md
2026-09-25T09:11:12Z,predraft-82,1505,785,9.0,87.1,D:\Proyectos\Encina\artifacts\knowledge\predraft\82.md
2026-09-25T09:11:23Z,predraft-83,1759,828,9.3,89.5,D:\Proyectos\Encina\artifacts\knowledge\predraft\83.md
2026-09-25T09:11:50Z,predraft-91,3188,966,15.5,62.2,D:\Proyectos\Encina\artifacts\knowledge\predraft\91.md
2026-09-25T09:12:03Z,predraft-94,1552,475,6.3,75.1,D:\Proyectos\Encina\artifacts\knowledge\predraft\94.md
2026-09-25T09:12:16Z,predraft-98,1414,716,8.8,81.5,D:\Proyectos\Encina\artifacts\knowledge\predraft\98.md
2026-09-25T09:12:35Z,predraft-111,3038,311,5.2,60.2,D:\Proyectos\Encina\artifacts\knowledge\predraft\111.md
2026-09-25T09:12:43Z,predraft-112,1071,478,5.9,80.9,D:\Proyectos\Encina\artifacts\knowledge\predraft\112.md
2026-09-25T09:13:06Z,predraft-113,4953,1321,19.6,67.3,D:\Proyectos\Encina\artifacts\knowledge\predraft\113.md
2026-09-25T09:13:34Z,predraft-114,1511,917,25.1,36.6,D:\Proyectos\Encina\artifacts\knowledge\predraft\114.md
2026-09-25T09:13:44Z,predraft-115,1259,674,7.7,87.1,D:\Proyectos\Encina\artifacts\knowledge\predraft\115.md
2026-09-25T09:13:59Z,predraft-116,1546,1113,13.5,82.2,D:\Proyectos\Encina\artifacts\knowledge\predraft\116.md
2026-09-25T09:14:12Z,predraft-120,1488,428,6.4,66.8,D:\Proyectos\Encina\artifacts\knowledge\predraft\120.md
2026-09-25T09:14:46Z,predraft-129,2829,1545,23.8,64.8,D:\Proyectos\Encina\artifacts\knowledge\predraft\129.md
2026-09-25T09:15:02Z,predraft-140,1650,446,5.9,75.2,D:\Proyectos\Encina\artifacts\knowledge\predraft\140.md
2026-09-25T09:15:32Z,predraft-161,1370,674,7.9,84.9,D:\Proyectos\Encina\artifacts\knowledge\predraft\161.md
2026-09-25T09:15:44Z,predraft-162,1513,713,8.4,84.6,D:\Proyectos\Encina\artifacts\knowledge\predraft\162.md
2026-09-25T09:15:56Z,predraft-163,1512,880,10.6,83.0,D:\Proyectos\Encina\artifacts\knowledge\predraft\163.md
2026-09-25T09:16:09Z,predraft-164,1988,986,11.0,89.3,D:\Proyectos\Encina\artifacts\knowledge\predraft\164.md
2026-09-25T09:16:19Z,predraft-165,1561,639,7.4,86.4,D:\Proyectos\Encina\artifacts\knowledge\predraft\165.md
2026-09-25T09:16:33Z,predraft-166,1422,770,9.2,83.4,D:\Proyectos\Encina\artifacts\knowledge\predraft\166.md
2026-09-25T09:16:44Z,predraft-169,1386,632,7.4,85.5,D:\Proyectos\Encina\artifacts\knowledge\predraft\169.md
2026-09-25T09:16:53Z,predraft-170,1825,520,7.3,71.4,D:\Proyectos\Encina\artifacts\knowledge\predraft\170.md
2026-09-25T09:17:07Z,predraft-171,1646,848,10.1,84.0,D:\Proyectos\Encina\artifacts\knowledge\predraft\171.md
2026-09-25T09:17:17Z,predraft-172,1825,662,8.0,83.0,D:\Proyectos\Encina\artifacts\knowledge\predraft\172.md
2026-09-25T09:17:29Z,predraft-173,1411,818,9.5,86.5,D:\Proyectos\Encina\artifacts\knowledge\predraft\173.md
2026-09-25T09:18:28Z,predraft-229,1606,842,9.6,87.6,D:\Proyectos\Encina\artifacts\knowledge\predraft\229.md
2026-09-25T09:55:24Z,remediation-99999-code-1,269,103,1.5,68.5,D:\Proyectos\Encina\artifacts\knowledge\remediation\99999-code-1.md
2026-09-25T09:55:25Z,remediation-99999-tests-2,269,112,1.3,87.8,D:\Proyectos\Encina\artifacts\knowledge\remediation\99999-tests-2.md
2026-09-25T09:55:28Z,remediation-99999-docs-3,269,154,1.9,81.0,D:\Proyectos\Encina\artifacts\knowledge\remediation\99999-docs-3.md
2026-09-25T19:59:13Z,remediation-16-code-1,1966,578,8.8,65.7,D:\Proyectos\Encina\artifacts\knowledge\remediation\16-code-1.md
2026-09-25T19:59:20Z,remediation-16-tests-2,1690,460,5.9,77.9,D:\Proyectos\Encina\artifacts\knowledge\remediation\16-tests-2.md
2026-09-25T19:59:31Z,remediation-16-docs-3,2068,860,11.1,77.2,D:\Proyectos\Encina\artifacts\knowledge\remediation\16-docs-3.md
2026-09-26T09:34:51Z,remediation-classify-16-code-1,891,24,1.0,23.0,D:\Proyectos\Encina\artifacts\knowledge\remediation\_classify-16-code-1.md
2026-09-26T09:34:55Z,remediation-classify-16-code-2,697,26,0.9,27.4,D:\Proyectos\Encina\artifacts\knowledge\remediation\_classify-16-code-2.md
2026-09-26T09:34:58Z,remediation-classify-16-code-3,674,18,0.9,19.5,D:\Proyectos\Encina\artifacts\knowledge\remediation\_classify-16-code-3.md
2026-09-26T09:35:15Z,remediation-16-code-3,908,1779,16.9,105.0,D:\Proyectos\Encina\artifacts\knowledge\remediation\16-code-3-src-encina-messaging-sagas-lowceremony-sagarunner-cs-165.md
2026-09-26T09:35:18Z,remediation-classify-16-code-4,777,25,1.1,23.5,D:\Proyectos\Encina\artifacts\knowledge\remediation\_classify-16-code-4.md
2026-09-26T09:35:22Z,remediation-classify-16-code-5,733,20,0.9,22.6,D:\Proyectos\Encina\artifacts\knowledge\remediation\_classify-16-code-5.md
2026-09-26T09:35:31Z,remediation-16-code-5,966,812,8.7,93.8,D:\Proyectos\Encina\artifacts\knowledge\remediation\16-code-5-src-encina-mongodb-sagas-sagastoremongodb-cs-129-132.md
2026-09-26T09:35:34Z,remediation-classify-16-tests-1,651,22,0.9,23.3,D:\Proyectos\Encina\artifacts\knowledge\remediation\_classify-16-tests-1.md
2026-09-26T09:35:42Z,remediation-16-tests-1,1135,748,7.2,103.9,D:\Proyectos\Encina\artifacts\knowledge\remediation\16-tests-1-src-encina-messaging-sagas-saganotfounddispatcher-cs-28-line.md
2026-09-26T09:35:45Z,remediation-classify-16-tests-2,548,19,0.8,22.4,D:\Proyectos\Encina\artifacts\knowledge\remediation\_classify-16-tests-2.md
2026-09-26T09:35:52Z,remediation-16-tests-2,1031,680,6.4,106.3,D:\Proyectos\Encina\artifacts\knowledge\remediation\16-tests-2-src-encina-messaging-sagas-saganotfoundcontext-cs-0-guard.md
2026-09-26T09:35:55Z,remediation-classify-16-tests-3,759,23,1.1,21.4,D:\Proyectos\Encina\artifacts\knowledge\remediation\_classify-16-tests-3.md
2026-09-26T09:36:01Z,remediation-16-tests-3,1242,660,5.9,112.7,D:\Proyectos\Encina\artifacts\knowledge\remediation\16-tests-3-no-regression-test-exists-for-the-code-stage.md
2026-09-26T09:36:05Z,remediation-classify-16-tests-4,699,18,1.0,18.5,D:\Proyectos\Encina\artifacts\knowledge\remediation\_classify-16-tests-4.md
2026-09-26T09:36:11Z,remediation-16-tests-4,1182,679,6.4,105.5,D:\Proyectos\Encina\artifacts\knowledge\remediation\16-tests-4-no-regression-test-exists-for-the-code-stage.md
2026-09-26T09:36:14Z,remediation-classify-16-tests-5,433,21,0.9,23.9,D:\Proyectos\Encina\artifacts\knowledge\remediation\_classify-16-tests-5.md
2026-09-26T09:36:20Z,remediation-16-tests-5,916,596,5.8,103.4,D:\Proyectos\Encina\artifacts\knowledge\remediation\16-tests-5-no-regression-test-exists-for-the-code-stage.md
2026-09-26T09:36:24Z,remediation-classify-16-tests-6,653,24,1.0,24.7,D:\Proyectos\Encina\artifacts\knowledge\remediation\_classify-16-tests-6.md
2026-09-26T09:36:30Z,remediation-16-tests-6,1136,614,6.1,101.3,D:\Proyectos\Encina\artifacts\knowledge\remediation\16-tests-6-no-regression-test-exists-for-the-code-stage.md
2026-09-26T09:36:33Z,remediation-classify-16-tests-7,673,22,1.0,22.2,D:\Proyectos\Encina\artifacts\knowledge\remediation\_classify-16-tests-7.md
2026-09-26T09:36:43Z,remediation-16-tests-7,1156,1126,9.6,117.5,D:\Proyectos\Encina\artifacts\knowledge\remediation\16-tests-7-contract-test-coverage-for-isagastore-is-0-for.md
2026-09-26T09:36:47Z,remediation-classify-16-tests-8,852,17,1.1,15.9,D:\Proyectos\Encina\artifacts\knowledge\remediation\_classify-16-tests-8.md
2026-09-26T09:36:56Z,remediation-16-tests-8,1335,904,9.1,99.7,D:\Proyectos\Encina\artifacts\knowledge\remediation\16-tests-8-load-and-benchmark-test-types-for-sagas-have.md
2026-09-26T09:36:59Z,remediation-classify-16-docs-1,764,22,1.1,20.7,D:\Proyectos\Encina\artifacts\knowledge\remediation\_classify-16-docs-1.md
2026-09-26T09:37:07Z,remediation-16-docs-1,1129,661,7.1,93.6,D:\Proyectos\Encina\artifacts\knowledge\remediation\16-docs-1-docs-messaging-sagas-md-291-300-choreography-configuration.md
2026-09-26T09:37:10Z,remediation-classify-16-docs-2,646,18,0.9,19.9,D:\Proyectos\Encina\artifacts\knowledge\remediation\_classify-16-docs-2.md
2026-09-26T09:37:18Z,remediation-16-docs-2,1011,692,7.8,88.2,D:\Proyectos\Encina\artifacts\knowledge\remediation\16-docs-2-docs-messaging-sagas-md-241-415-the-entire.md
2026-09-26T09:37:21Z,remediation-classify-16-docs-3,519,24,0.9,25.8,D:\Proyectos\Encina\artifacts\knowledge\remediation\_classify-16-docs-3.md
2026-09-26T09:37:28Z,remediation-16-docs-3,884,592,6.3,93.9,D:\Proyectos\Encina\artifacts\knowledge\remediation\16-docs-3-docs-messaging-sagas-md-132-135-orchestration-configuration.md
2026-09-26T09:37:31Z,remediation-classify-16-docs-4,736,19,1.1,18.0,D:\Proyectos\Encina\artifacts\knowledge\remediation\_classify-16-docs-4.md
2026-09-26T09:37:38Z,remediation-16-docs-4,1101,565,6.4,88.4,D:\Proyectos\Encina\artifacts\knowledge\remediation\16-docs-4-src-encina-messaging-readme-md-505-521-fluent.md
2026-09-26T09:37:41Z,remediation-classify-16-docs-5,688,20,0.9,21.6,D:\Proyectos\Encina\artifacts\knowledge\remediation\_classify-16-docs-5.md
2026-09-26T09:37:48Z,remediation-16-docs-5,1052,662,7.3,90.8,D:\Proyectos\Encina\artifacts\knowledge\remediation\16-docs-5-docs-messaging-sagas-md-the-decision-that-orchestration.md
2026-09-26T09:37:52Z,remediation-classify-16-docs-6,605,20,1.0,20.2,D:\Proyectos\Encina\artifacts\knowledge\remediation\_classify-16-docs-6.md
2026-09-26T09:37:59Z,remediation-16-docs-6,969,622,6.9,89.9,D:\Proyectos\Encina\artifacts\knowledge\remediation\16-docs-6-docs-messaging-sagas-md-sagas-is-a-provider.md
2026-09-26T09:38:02Z,remediation-classify-16-docs-7,744,18,1.0,18.2,D:\Proyectos\Encina\artifacts\knowledge\remediation\_classify-16-docs-7.md
2026-09-26T09:38:13Z,remediation-16-docs-7,1108,958,10.1,94.7,D:\Proyectos\Encina\artifacts\knowledge\remediation\16-docs-7-docs-messaging-sagas-md-mixes-di-taxis-quadrants.md
2026-09-26T09:38:16Z,remediation-classify-16-docs-8,651,20,1.0,20.5,D:\Proyectos\Encina\artifacts\knowledge\remediation\_classify-16-docs-8.md
2026-09-26T09:38:23Z,remediation-16-docs-8,1015,599,6.9,86.7,D:\Proyectos\Encina\artifacts\knowledge\remediation\16-docs-8-docs-messaging-sagas-md-no-link-to-any.md
2026-09-26T09:38:27Z,remediation-classify-16-docs-9,714,25,1.1,22.6,D:\Proyectos\Encina\artifacts\knowledge\remediation\_classify-16-docs-9.md
2026-09-26T11:37:21Z,remediation-classify-16-code-1,1911,20,2.3,8.8,D:\Proyectos\Encina\artifacts\knowledge\remediation\_classify-16-code-1.md
2026-09-26T11:37:31Z,remediation-16-code-1,1252,808,9.5,85.3,D:\Proyectos\Encina\artifacts\knowledge\remediation\16-code-1-src-encina-messaging-choreography-cs-all-8-files.md
2026-09-26T11:37:41Z,remediation-classify-16-code-2,1562,23,1.6,14.4,D:\Proyectos\Encina\artifacts\knowledge\remediation\_classify-16-code-2.md
2026-09-26T11:37:48Z,remediation-16-code-2,938,614,6.5,95.0,D:\Proyectos\Encina\artifacts\knowledge\remediation\16-code-2-src-encina-opentelemetry-messagingstores-instrumentedsagasto.md
2026-09-26T11:37:52Z,remediation-classify-16-code-3,785,23,1.2,19.1,D:\Proyectos\Encina\artifacts\knowledge\remediation\_classify-16-code-3.md
2026-09-26T11:37:55Z,remediation-classify-16-code-4,888,26,1.0,25.1,D:\Proyectos\Encina\artifacts\knowledge\remediation\_classify-16-code-4.md
2026-09-26T11:38:02Z,remediation-classify-16-code-5,981,24,1.1,22.6,D:\Proyectos\Encina\artifacts\knowledge\remediation\_classify-16-code-5.md
2026-09-26T11:38:12Z,remediation-16-code-5,966,964,10.3,93.6,D:\Proyectos\Encina\artifacts\knowledge\remediation\16-code-5-src-encina-mongodb-sagas-sagastoremongodb-cs-129-132.md
2026-09-26T11:38:20Z,remediation-classify-16-tests-1,1655,18,1.5,11.9,D:\Proyectos\Encina\artifacts\knowledge\remediation\_classify-16-tests-1.md
2026-09-26T11:38:28Z,remediation-16-tests-1,1135,708,7.1,100.2,D:\Proyectos\Encina\artifacts\knowledge\remediation\16-tests-1-src-encina-messaging-sagas-saganotfounddispatcher-cs-28-line.md
2026-09-26T11:38:37Z,remediation-classify-16-tests-2,1367,21,1.4,15.4,D:\Proyectos\Encina\artifacts\knowledge\remediation\_classify-16-tests-2.md
2026-09-26T11:38:46Z,remediation-16-tests-2,1061,707,8.6,82.5,D:\Proyectos\Encina\artifacts\knowledge\remediation\16-tests-2-src-encina-messaging-sagas-saganotfoundcontext-cs-0-guard.md
2026-09-26T11:38:52Z,remediation-classify-16-tests-3,1756,24,1.5,15.5,D:\Proyectos\Encina\artifacts\knowledge\remediation\_classify-16-tests-3.md
2026-09-26T11:39:03Z,remediation-16-tests-3,1251,1083,9.9,109.0,D:\Proyectos\Encina\artifacts\knowledge\remediation\16-tests-3-no-regression-test-exists-for-the-code-stage.md
2026-09-26T11:39:08Z,remediation-classify-16-tests-4,1695,19,1.5,12.7,D:\Proyectos\Encina\artifacts\knowledge\remediation\_classify-16-tests-4.md
2026-09-26T11:39:16Z,remediation-16-tests-4,1187,780,7.6,102.5,D:\Proyectos\Encina\artifacts\knowledge\remediation\16-tests-4-no-regression-test-exists-for-the-code-stage.md
2026-09-26T11:39:23Z,remediation-16-tests-4-reask,1380,679,6.8,99.4,D:\Proyectos\Encina\artifacts\knowledge\remediation\16-tests-4-no-regression-test-exists-for-the-code-stage.md
2026-09-26T11:39:26Z,remediation-classify-16-tests-5,444,20,0.8,23.8,D:\Proyectos\Encina\artifacts\knowledge\remediation\_classify-16-tests-5.md
2026-09-26T11:39:33Z,remediation-16-tests-5,916,707,6.8,103.9,D:\Proyectos\Encina\artifacts\knowledge\remediation\16-tests-5-no-regression-test-exists-for-the-code-stage.md
2026-09-26T11:39:40Z,remediation-classify-16-tests-6,1464,24,1.4,17.4,D:\Proyectos\Encina\artifacts\knowledge\remediation\_classify-16-tests-6.md
2026-09-26T11:39:47Z,remediation-16-tests-6,1136,681,7.1,96.1,D:\Proyectos\Encina\artifacts\knowledge\remediation\16-tests-6-no-regression-test-exists-for-the-code-stage.md
2026-09-26T11:39:52Z,remediation-classify-16-tests-7,1212,21,1.2,16.9,D:\Proyectos\Encina\artifacts\knowledge\remediation\_classify-16-tests-7.md
2026-09-26T11:40:03Z,remediation-16-tests-7,1156,1223,10.6,115.0,D:\Proyectos\Encina\artifacts\knowledge\remediation\16-tests-7-contract-test-coverage-for-isagastore-is-0-for.md
2026-09-26T11:40:07Z,remediation-classify-16-tests-8,1848,17,1.5,11.6,D:\Proyectos\Encina\artifacts\knowledge\remediation\_classify-16-tests-8.md
2026-09-26T11:40:15Z,remediation-16-tests-8,1353,770,7.6,100.8,D:\Proyectos\Encina\artifacts\knowledge\remediation\16-tests-8-load-and-benchmark-test-types-for-sagas-have.md
2026-09-26T11:40:24Z,remediation-16-tests-8-reask,1490,952,9.0,105.4,D:\Proyectos\Encina\artifacts\knowledge\remediation\16-tests-8-load-and-benchmark-test-types-for-sagas-have.md
2026-09-26T11:40:30Z,remediation-classify-16-docs-1,1549,21,1.4,15.4,D:\Proyectos\Encina\artifacts\knowledge\remediation\_classify-16-docs-1.md
2026-09-26T11:40:39Z,remediation-16-docs-1,1129,777,8.9,87.1,D:\Proyectos\Encina\artifacts\knowledge\remediation\16-docs-1-docs-messaging-sagas-md-291-300-choreography-configuration.md
2026-09-26T11:40:44Z,remediation-classify-16-docs-2,1001,18,1.1,16.9,D:\Proyectos\Encina\artifacts\knowledge\remediation\_classify-16-docs-2.md
2026-09-26T11:40:54Z,remediation-16-docs-2,1011,839,10.0,84.0,D:\Proyectos\Encina\artifacts\knowledge\remediation\16-docs-2-docs-messaging-sagas-md-241-415-the-entire.md
2026-09-26T11:40:57Z,remediation-classify-16-docs-3,728,24,1.0,24.2,D:\Proyectos\Encina\artifacts\knowledge\remediation\_classify-16-docs-3.md
2026-09-26T11:41:03Z,remediation-16-docs-3,884,557,6.0,93.4,D:\Proyectos\Encina\artifacts\knowledge\remediation\16-docs-3-docs-messaging-sagas-md-132-135-orchestration-configuration.md
2026-09-26T11:41:11Z,remediation-classify-16-docs-4,1519,21,1.5,13.8,D:\Proyectos\Encina\artifacts\knowledge\remediation\_classify-16-docs-4.md
2026-09-26T11:41:19Z,remediation-16-docs-4,1101,651,7.6,85.9,D:\Proyectos\Encina\artifacts\knowledge\remediation\16-docs-4-src-encina-messaging-readme-md-505-521-fluent.md
2026-09-26T11:41:26Z,remediation-classify-16-docs-5,1618,18,1.4,12.8,D:\Proyectos\Encina\artifacts\knowledge\remediation\_classify-16-docs-5.md
2026-09-26T11:41:34Z,remediation-16-docs-5,1052,713,8.0,88.6,D:\Proyectos\Encina\artifacts\knowledge\remediation\16-docs-5-docs-messaging-sagas-md-the-decision-that-orchestration.md
2026-09-26T11:41:39Z,remediation-classify-16-docs-6,1412,18,1.3,14.4,D:\Proyectos\Encina\artifacts\knowledge\remediation\_classify-16-docs-6.md
2026-09-26T11:41:46Z,remediation-16-docs-6,969,591,6.9,86.3,D:\Proyectos\Encina\artifacts\knowledge\remediation\16-docs-6-docs-messaging-sagas-md-sagas-is-a-provider.md
2026-09-26T11:41:55Z,remediation-classify-16-docs-7,1608,23,1.5,15.5,D:\Proyectos\Encina\artifacts\knowledge\remediation\_classify-16-docs-7.md
2026-09-26T11:42:06Z,remediation-16-docs-7,1108,1035,10.5,98.7,D:\Proyectos\Encina\artifacts\knowledge\remediation\16-docs-7-docs-messaging-sagas-md-mixes-di-taxis-quadrants.md
2026-09-26T11:42:12Z,remediation-classify-16-docs-8,1597,19,1.4,13.8,D:\Proyectos\Encina\artifacts\knowledge\remediation\_classify-16-docs-8.md
2026-09-26T11:42:18Z,remediation-16-docs-8,1015,576,6.2,92.4,D:\Proyectos\Encina\artifacts\knowledge\remediation\16-docs-8-docs-messaging-sagas-md-no-link-to-any.md
2026-09-26T11:42:25Z,remediation-classify-16-docs-9,1673,18,1.4,12.7,D:\Proyectos\Encina\artifacts\knowledge\remediation\_classify-16-docs-9.md
2026-09-26T11:42:32Z,remediation-16-docs-9,1088,515,5.9,88.0,D:\Proyectos\Encina\artifacts\knowledge\remediation\16-docs-9-docs-messaging-index-md-14-24-messaging-transports.md
2026-09-27T08:36:55Z,remediation-classify-16-code-1,1916,18,1.5,11.8,D:\Proyectos\Encina\artifacts\knowledge\remediation\_classify-16-code-1.md
2026-09-27T08:37:06Z,remediation-16-code-1,1246,951,10.1,93.7,D:\Proyectos\Encina\artifacts\knowledge\remediation\16-code-1-src-encina-messaging-choreography-cs-all-8-files.md
2026-09-27T08:37:15Z,remediation-classify-16-code-2,1562,26,1.4,18.2,D:\Proyectos\Encina\artifacts\knowledge\remediation\_classify-16-code-2.md
2026-09-27T08:37:21Z,remediation-16-code-2,938,575,5.9,98.0,D:\Proyectos\Encina\artifacts\knowledge\remediation\16-code-2-src-encina-opentelemetry-messagingstores-instrumentedsagasto.md
2026-09-27T08:37:30Z,remediation-16-code-2-reask,1063,824,9.6,85.8,D:\Proyectos\Encina\artifacts\knowledge\remediation\16-code-2-src-encina-opentelemetry-messagingstores-instrumentedsagasto.md
2026-09-27T08:37:34Z,remediation-classify-16-code-3,785,22,1.1,20.2,D:\Proyectos\Encina\artifacts\knowledge\remediation\_classify-16-code-3.md
2026-09-27T08:37:45Z,remediation-16-code-3,908,1004,10.9,92.0,D:\Proyectos\Encina\artifacts\knowledge\remediation\16-code-3-src-encina-messaging-sagas-lowceremony-sagarunner-cs-165.md
2026-09-27T08:37:57Z,remediation-16-code-3-reask,1038,1216,12.0,101.4,D:\Proyectos\Encina\artifacts\knowledge\remediation\16-code-3-src-encina-messaging-sagas-lowceremony-sagarunner-cs-165.md
2026-09-27T08:38:01Z,remediation-classify-16-code-4,888,26,1.1,22.7,D:\Proyectos\Encina\artifacts\knowledge\remediation\_classify-16-code-4.md
2026-09-27T08:38:06Z,remediation-classify-16-code-5,981,20,1.0,19.6,D:\Proyectos\Encina\artifacts\knowledge\remediation\_classify-16-code-5.md
2026-09-27T08:38:18Z,remediation-16-code-5,966,1196,11.8,101.5,D:\Proyectos\Encina\artifacts\knowledge\remediation\16-code-5-src-encina-mongodb-sagas-sagastoremongodb-cs-129-132.md
2026-09-27T08:38:27Z,remediation-16-code-5-reask,1070,822,9.2,89.4,D:\Proyectos\Encina\artifacts\knowledge\remediation\16-code-5-src-encina-mongodb-sagas-sagastoremongodb-cs-129-132.md
2026-09-27T08:38:36Z,remediation-classify-16-tests-1,1655,19,1.4,13.3,D:\Proyectos\Encina\artifacts\knowledge\remediation\_classify-16-tests-1.md
2026-09-27T08:38:44Z,remediation-16-tests-1,1135,768,7.6,101.0,D:\Proyectos\Encina\artifacts\knowledge\remediation\16-tests-1-src-encina-messaging-sagas-saganotfounddispatcher-cs-28-line.md
2026-09-27T08:38:52Z,remediation-classify-16-tests-2,1367,26,1.3,20.3,D:\Proyectos\Encina\artifacts\knowledge\remediation\_classify-16-tests-2.md
2026-09-27T08:38:58Z,remediation-16-tests-2,1061,608,5.9,102.8,D:\Proyectos\Encina\artifacts\knowledge\remediation\16-tests-2-src-encina-messaging-sagas-saganotfoundcontext-cs-0-guard.md
2026-09-27T08:39:04Z,remediation-classify-16-tests-3,1782,29,1.5,18.8,D:\Proyectos\Encina\artifacts\knowledge\remediation\_classify-16-tests-3.md
2026-09-27T08:39:11Z,remediation-16-tests-3,1245,707,6.7,105.9,D:\Proyectos\Encina\artifacts\knowledge\remediation\16-tests-3-no-regression-test-exists-for-the-code-stage.md
2026-09-27T08:39:17Z,remediation-classify-16-tests-4,1706,19,1.5,12.5,D:\Proyectos\Encina\artifacts\knowledge\remediation\_classify-16-tests-4.md
2026-09-27T08:39:23Z,remediation-16-tests-4,1181,668,6.4,104.5,D:\Proyectos\Encina\artifacts\knowledge\remediation\16-tests-4-no-regression-test-exists-for-the-code-stage.md
2026-09-27T08:39:26Z,remediation-classify-16-tests-5,444,21,0.9,24.4,D:\Proyectos\Encina\artifacts\knowledge\remediation\_classify-16-tests-5.md
2026-09-27T08:39:34Z,remediation-16-tests-5,916,712,6.9,102.6,D:\Proyectos\Encina\artifacts\knowledge\remediation\16-tests-5-no-regression-test-exists-for-the-code-stage.md
2026-09-27T08:39:40Z,remediation-classify-16-tests-6,1555,24,1.5,15.9,D:\Proyectos\Encina\artifacts\knowledge\remediation\_classify-16-tests-6.md
2026-09-27T08:39:47Z,remediation-16-tests-6,1183,686,7.1,97.1,D:\Proyectos\Encina\artifacts\knowledge\remediation\16-tests-6-no-regression-test-exists-for-the-code-stage.md
2026-09-27T08:39:53Z,remediation-classify-16-tests-7,1212,20,1.3,15.5,D:\Proyectos\Encina\artifacts\knowledge\remediation\_classify-16-tests-7.md
2026-09-27T08:40:05Z,remediation-16-tests-7,1156,1334,11.9,112.3,D:\Proyectos\Encina\artifacts\knowledge\remediation\16-tests-7-contract-test-coverage-for-isagastore-is-0-for.md
2026-09-27T08:40:09Z,remediation-classify-16-tests-8,1848,17,1.5,11.4,D:\Proyectos\Encina\artifacts\knowledge\remediation\_classify-16-tests-8.md
2026-09-27T08:40:18Z,remediation-16-tests-8,1353,733,8.0,91.8,D:\Proyectos\Encina\artifacts\knowledge\remediation\16-tests-8-load-and-benchmark-test-types-for-sagas-have.md
2026-09-27T08:40:24Z,remediation-classify-16-docs-1,1549,26,1.4,18.4,D:\Proyectos\Encina\artifacts\knowledge\remediation\_classify-16-docs-1.md
2026-09-27T08:40:33Z,remediation-16-docs-1,1129,756,8.7,87.3,D:\Proyectos\Encina\artifacts\knowledge\remediation\16-docs-1-docs-messaging-sagas-md-291-300-choreography-configuration.md
2026-09-27T08:40:42Z,remediation-16-docs-1-reask,1199,831,9.2,90.1,D:\Proyectos\Encina\artifacts\knowledge\remediation\16-docs-1-docs-messaging-sagas-md-291-300-choreography-configuration.md
2026-09-27T08:40:46Z,remediation-classify-16-docs-2,1001,19,1.1,16.8,D:\Proyectos\Encina\artifacts\knowledge\remediation\_classify-16-docs-2.md
2026-09-27T08:40:55Z,remediation-16-docs-2,1011,678,8.3,81.3,D:\Proyectos\Encina\artifacts\knowledge\remediation\16-docs-2-docs-messaging-sagas-md-241-415-the-entire.md
2026-09-27T08:41:05Z,remediation-16-docs-2-reask,1081,783,9.8,79.5,D:\Proyectos\Encina\artifacts\knowledge\remediation\16-docs-2-docs-messaging-sagas-md-241-415-the-entire.md
2026-09-27T08:41:09Z,remediation-classify-16-docs-3,728,19,1.1,17.5,D:\Proyectos\Encina\artifacts\knowledge\remediation\_classify-16-docs-3.md
2026-09-27T08:41:15Z,remediation-16-docs-3,884,581,6.5,89.9,D:\Proyectos\Encina\artifacts\knowledge\remediation\16-docs-3-docs-messaging-sagas-md-132-135-orchestration-configuration.md
2026-09-27T08:41:22Z,remediation-classify-16-docs-4,1534,19,1.6,12.3,D:\Proyectos\Encina\artifacts\knowledge\remediation\_classify-16-docs-4.md
2026-09-27T08:41:31Z,remediation-16-docs-4,1100,831,9.3,89.1,D:\Proyectos\Encina\artifacts\knowledge\remediation\16-docs-4-src-encina-messaging-readme-md-505-521-fluent.md
2026-09-27T08:41:39Z,remediation-classify-16-docs-5,1618,18,1.5,12.2,D:\Proyectos\Encina\artifacts\knowledge\remediation\_classify-16-docs-5.md
2026-09-27T08:41:46Z,remediation-16-docs-5,1052,591,7.0,84.0,D:\Proyectos\Encina\artifacts\knowledge\remediation\16-docs-5-docs-messaging-sagas-md-the-decision-that-orchestration.md
2026-09-27T08:41:52Z,remediation-classify-16-docs-6,1412,18,1.3,13.9,D:\Proyectos\Encina\artifacts\knowledge\remediation\_classify-16-docs-6.md
2026-09-27T08:42:02Z,remediation-16-docs-6,969,809,9.7,83.6,D:\Proyectos\Encina\artifacts\knowledge\remediation\16-docs-6-docs-messaging-sagas-md-sagas-is-a-provider.md
2026-09-27T08:42:10Z,remediation-classify-16-docs-7,1608,20,1.4,14.0,D:\Proyectos\Encina\artifacts\knowledge\remediation\_classify-16-docs-7.md
2026-09-27T08:42:21Z,remediation-16-docs-7,1108,1034,10.7,96.7,D:\Proyectos\Encina\artifacts\knowledge\remediation\16-docs-7-docs-messaging-sagas-md-mixes-di-taxis-quadrants.md
2026-09-27T08:42:28Z,remediation-classify-16-docs-8,1597,19,1.5,12.9,D:\Proyectos\Encina\artifacts\knowledge\remediation\_classify-16-docs-8.md
2026-09-27T08:42:34Z,remediation-16-docs-8,1015,561,6.3,89.0,D:\Proyectos\Encina\artifacts\knowledge\remediation\16-docs-8-docs-messaging-sagas-md-no-link-to-any.md
2026-09-27T08:42:41Z,remediation-classify-16-docs-9,1673,17,1.5,11.6,D:\Proyectos\Encina\artifacts\knowledge\remediation\_classify-16-docs-9.md
2026-09-27T08:42:48Z,remediation-16-docs-9,1088,515,6.0,86.1,D:\Proyectos\Encina\artifacts\knowledge\remediation\16-docs-9-docs-messaging-index-md-14-24-messaging-transports.md
2026-09-27T09:49:04Z,remediation-classify-16-code-1,1899,18,1.6,11.2,D:\Proyectos\Encina\artifacts\knowledge\remediation\_classify-16-code-1.md
2026-09-27T09:49:14Z,remediation-16-code-1,1293,928,9.8,94.5,D:\Proyectos\Encina\artifacts\knowledge\remediation\16-code-1-src-encina-messaging-choreography-cs-all-8-files.md
2026-09-27T09:49:22Z,remediation-classify-16-code-2,1562,23,1.4,16.3,D:\Proyectos\Encina\artifacts\knowledge\remediation\_classify-16-code-2.md
2026-09-27T09:49:30Z,remediation-16-code-2,1010,730,7.5,97.6,D:\Proyectos\Encina\artifacts\knowledge\remediation\16-code-2-src-encina-opentelemetry-messagingstores-instrumentedsagasto.md
2026-09-27T09:49:35Z,remediation-16-code-2-reask,1084,532,5.5,96.8,D:\Proyectos\Encina\artifacts\knowledge\remediation\16-code-2-src-encina-opentelemetry-messagingstores-instrumentedsagasto.md
2026-09-27T09:49:39Z,remediation-classify-16-code-3,785,19,1.0,19.9,D:\Proyectos\Encina\artifacts\knowledge\remediation\_classify-16-code-3.md
2026-09-27T09:49:49Z,remediation-16-code-3,978,1003,10.1,98.8,D:\Proyectos\Encina\artifacts\knowledge\remediation\16-code-3-src-encina-messaging-sagas-lowceremony-sagarunner-cs-165.md
2026-09-27T09:49:53Z,remediation-classify-16-code-4,888,17,1.0,17.1,D:\Proyectos\Encina\artifacts\knowledge\remediation\_classify-16-code-4.md
2026-09-27T09:50:06Z,remediation-16-code-4,1084,1133,12.0,94.0,D:\Proyectos\Encina\artifacts\knowledge\remediation\16-code-4-src-encina-ado-sqlserver-sagas-sagastoreado-cs-264.md
2026-09-27T09:50:18Z,remediation-16-code-4-reask,1169,1082,12.6,86.0,D:\Proyectos\Encina\artifacts\knowledge\remediation\16-code-4-src-encina-ado-sqlserver-sagas-sagastoreado-cs-264.md
2026-09-27T09:50:23Z,remediation-classify-16-code-5,981,23,1.1,21.1,D:\Proyectos\Encina\artifacts\knowledge\remediation\_classify-16-code-5.md
2026-09-27T09:50:32Z,remediation-16-code-5,1037,926,8.9,103.8,D:\Proyectos\Encina\artifacts\knowledge\remediation\16-code-5-src-encina-mongodb-sagas-sagastoremongodb-cs-129-132.md
2026-09-27T09:50:42Z,remediation-16-code-5-reask,1137,906,9.4,95.9,D:\Proyectos\Encina\artifacts\knowledge\remediation\16-code-5-src-encina-mongodb-sagas-sagastoremongodb-cs-129-132.md
2026-09-27T09:50:50Z,remediation-classify-16-tests-1,1677,24,1.4,17.1,D:\Proyectos\Encina\artifacts\knowledge\remediation\_classify-16-tests-1.md
2026-09-27T09:50:59Z,remediation-16-tests-1,1163,875,8.6,101.4,D:\Proyectos\Encina\artifacts\knowledge\remediation\16-tests-1-src-encina-messaging-sagas-saganotfounddispatcher-cs-28-line.md
2026-09-27T09:51:08Z,remediation-classify-16-tests-2,1367,23,1.3,18.0,D:\Proyectos\Encina\artifacts\knowledge\remediation\_classify-16-tests-2.md
2026-09-27T09:51:15Z,remediation-16-tests-2,1061,701,6.6,105.6,D:\Proyectos\Encina\artifacts\knowledge\remediation\16-tests-2-src-encina-messaging-sagas-saganotfoundcontext-cs-0-guard.md
2026-09-27T09:51:22Z,remediation-classify-16-tests-3,1787,22,1.5,14.8,D:\Proyectos\Encina\artifacts\knowledge\remediation\_classify-16-tests-3.md
2026-09-27T09:51:29Z,remediation-16-tests-3,1256,716,6.6,108.1,D:\Proyectos\Encina\artifacts\knowledge\remediation\16-tests-3-no-regression-test-exists-for-the-code-stage.md
2026-09-27T09:51:38Z,remediation-16-tests-3-reask,1329,845,8.8,95.8,D:\Proyectos\Encina\artifacts\knowledge\remediation\16-tests-3-no-regression-test-exists-for-the-code-stage.md
2026-09-27T09:51:44Z,remediation-classify-16-tests-4,1708,19,1.4,14.0,D:\Proyectos\Encina\artifacts\knowledge\remediation\_classify-16-tests-4.md
2026-09-27T09:51:50Z,remediation-16-tests-4,1191,621,5.8,106.2,D:\Proyectos\Encina\artifacts\knowledge\remediation\16-tests-4-no-regression-test-exists-for-the-code-stage.md
2026-09-27T09:51:54Z,remediation-classify-16-tests-5,444,17,0.8,21.6,D:\Proyectos\Encina\artifacts\knowledge\remediation\_classify-16-tests-5.md
2026-09-27T09:52:01Z,remediation-16-tests-5,916,694,6.6,105.2,D:\Proyectos\Encina\artifacts\knowledge\remediation\16-tests-5-no-regression-test-exists-for-the-code-stage.md
2026-09-27T09:52:07Z,remediation-16-tests-5-reask,1103,759,6.6,115.4,D:\Proyectos\Encina\artifacts\knowledge\remediation\16-tests-5-no-regression-test-exists-for-the-code-stage.md
2026-09-27T09:52:15Z,remediation-classify-16-tests-6,1555,21,1.3,15.8,D:\Proyectos\Encina\artifacts\knowledge\remediation\_classify-16-tests-6.md
2026-09-27T09:52:22Z,remediation-16-tests-6,1183,730,6.9,105.5,D:\Proyectos\Encina\artifacts\knowledge\remediation\16-tests-6-no-regression-test-exists-for-the-code-stage.md
2026-09-27T09:52:28Z,remediation-classify-16-tests-7,1084,22,1.1,20.5,D:\Proyectos\Encina\artifacts\knowledge\remediation\_classify-16-tests-7.md
2026-09-27T09:52:38Z,remediation-16-tests-7,1125,1103,9.8,112.3,D:\Proyectos\Encina\artifacts\knowledge\remediation\16-tests-7-contract-test-coverage-for-isagastore-is-0-for.md
2026-09-27T09:52:43Z,remediation-classify-16-tests-8,1835,17,1.4,12.1,D:\Proyectos\Encina\artifacts\knowledge\remediation\_classify-16-tests-8.md
2026-09-27T09:52:51Z,remediation-16-tests-8,1368,702,6.9,102.0,D:\Proyectos\Encina\artifacts\knowledge\remediation\16-tests-8-load-and-benchmark-test-types-for-sagas-have.md
2026-09-27T09:52:56Z,remediation-classify-16-docs-1,1538,19,1.3,14.4,D:\Proyectos\Encina\artifacts\knowledge\remediation\_classify-16-docs-1.md
2026-09-27T09:53:05Z,remediation-16-docs-1,1125,803,8.3,97.0,D:\Proyectos\Encina\artifacts\knowledge\remediation\16-docs-1-docs-messaging-sagas-md-291-300-choreography-configuration.md
2026-09-27T09:53:15Z,remediation-16-docs-1-reask,1195,922,9.9,92.7,D:\Proyectos\Encina\artifacts\knowledge\remediation\16-docs-1-docs-messaging-sagas-md-291-300-choreography-configuration.md
2026-09-27T09:53:19Z,remediation-classify-16-docs-2,1001,21,1.0,20.4,D:\Proyectos\Encina\artifacts\knowledge\remediation\_classify-16-docs-2.md
2026-09-27T09:53:28Z,remediation-16-docs-2,1011,780,8.7,89.2,D:\Proyectos\Encina\artifacts\knowledge\remediation\16-docs-2-docs-messaging-sagas-md-241-415-the-entire.md
2026-09-27T09:53:32Z,remediation-classify-16-docs-3,860,20,1.0,20.4,D:\Proyectos\Encina\artifacts\knowledge\remediation\_classify-16-docs-3.md
2026-09-27T09:53:38Z,remediation-16-docs-3,924,600,6.0,99.4,D:\Proyectos\Encina\artifacts\knowledge\remediation\16-docs-3-docs-messaging-sagas-md-132-135-orchestration-configuration.md
2026-09-27T09:53:44Z,remediation-classify-16-docs-4,1534,24,1.4,17.4,D:\Proyectos\Encina\artifacts\knowledge\remediation\_classify-16-docs-4.md
2026-09-27T09:53:53Z,remediation-classify-16-docs-5,1618,20,1.3,15.2,D:\Proyectos\Encina\artifacts\knowledge\remediation\_classify-16-docs-5.md
2026-09-27T09:54:00Z,remediation-16-docs-5,1052,693,7.6,90.8,D:\Proyectos\Encina\artifacts\knowledge\remediation\16-docs-5-docs-messaging-sagas-md-the-decision-that-orchestration.md
2026-09-27T09:54:07Z,remediation-classify-16-docs-6,1284,22,1.1,19.2,D:\Proyectos\Encina\artifacts\knowledge\remediation\_classify-16-docs-6.md
2026-09-27T09:54:13Z,remediation-16-docs-6,938,561,6.1,92.1,D:\Proyectos\Encina\artifacts\knowledge\remediation\16-docs-6-docs-messaging-sagas-md-sagas-is-a-provider.md
2026-09-27T09:54:23Z,remediation-classify-16-docs-7,1660,23,1.4,15.9,D:\Proyectos\Encina\artifacts\knowledge\remediation\_classify-16-docs-7.md
2026-09-27T09:54:31Z,remediation-16-docs-7,1117,825,8.4,98.3,D:\Proyectos\Encina\artifacts\knowledge\remediation\16-docs-7-docs-messaging-sagas-md-mixes-di-taxis-quadrants.md
2026-09-27T09:54:39Z,remediation-classify-16-docs-8,1572,18,1.3,13.4,D:\Proyectos\Encina\artifacts\knowledge\remediation\_classify-16-docs-8.md
2026-09-27T09:54:45Z,remediation-16-docs-8,1004,605,6.4,94.4,D:\Proyectos\Encina\artifacts\knowledge\remediation\16-docs-8-docs-messaging-sagas-md-no-link-to-any.md
2026-09-27T09:54:54Z,remediation-classify-16-docs-9,1673,17,1.3,12.6,D:\Proyectos\Encina\artifacts\knowledge\remediation\_classify-16-docs-9.md
2026-09-27T09:55:01Z,remediation-16-docs-9,1088,582,6.3,91.8,D:\Proyectos\Encina\artifacts\knowledge\remediation\16-docs-9-docs-messaging-index-md-14-24-messaging-transports.md
2026-09-27T11:16:35Z,remediation-classify-16-code-1,1873,19,1.6,11.8,D:\Proyectos\Encina\artifacts\knowledge\remediation\_classify-16-code-1.md
2026-09-27T11:16:45Z,remediation-16-code-1,1253,865,9.6,90.5,D:\Proyectos\Encina\artifacts\knowledge\remediation\16-code-1-src-encina-messaging-choreography-cs-all-8-files.md
2026-09-27T11:16:53Z,remediation-classify-16-code-2,1576,26,1.5,17.7,D:\Proyectos\Encina\artifacts\knowledge\remediation\_classify-16-code-2.md
2026-09-27T11:16:57Z,remediation-classify-16-code-3,785,18,0.9,19.0,D:\Proyectos\Encina\artifacts\knowledge\remediation\_classify-16-code-3.md
2026-09-27T11:17:06Z,remediation-16-code-3,978,878,9.3,94.2,D:\Proyectos\Encina\artifacts\knowledge\remediation\16-code-3-src-encina-messaging-sagas-lowceremony-sagarunner-cs-165.md
2026-09-27T11:17:10Z,remediation-classify-16-code-4,888,25,1.1,22.3,D:\Proyectos\Encina\artifacts\knowledge\remediation\_classify-16-code-4.md
2026-09-27T11:17:15Z,remediation-classify-16-code-5,981,24,1.1,21.0,D:\Proyectos\Encina\artifacts\knowledge\remediation\_classify-16-code-5.md
2026-09-27T11:17:24Z,remediation-16-code-5,1037,880,8.7,101.6,D:\Proyectos\Encina\artifacts\knowledge\remediation\16-code-5-src-encina-mongodb-sagas-sagastoremongodb-cs-129-132.md
2026-09-27T11:17:37Z,remediation-16-code-5-reask,1137,1196,12.9,92.7,D:\Proyectos\Encina\artifacts\knowledge\remediation\16-code-5-src-encina-mongodb-sagas-sagastoremongodb-cs-129-132.md
2026-09-27T11:17:45Z,remediation-classify-16-tests-1,1708,22,1.5,15.0,D:\Proyectos\Encina\artifacts\knowledge\remediation\_classify-16-tests-1.md
2026-09-27T11:17:53Z,remediation-16-tests-1,1182,777,7.8,99.9,D:\Proyectos\Encina\artifacts\knowledge\remediation\16-tests-1-src-encina-messaging-sagas-saganotfounddispatcher-cs-28-line.md
2026-09-27T11:18:01Z,remediation-classify-16-tests-2,1367,25,1.3,19.4,D:\Proyectos\Encina\artifacts\knowledge\remediation\_classify-16-tests-2.md
2026-09-27T11:18:08Z,remediation-16-tests-2,1061,682,6.3,107.6,D:\Proyectos\Encina\artifacts\knowledge\remediation\16-tests-2-src-encina-messaging-sagas-saganotfoundcontext-cs-0-guard.md
2026-09-27T11:18:14Z,remediation-classify-16-tests-3,1817,20,1.5,13.2,D:\Proyectos\Encina\artifacts\knowledge\remediation\_classify-16-tests-3.md
2026-09-27T11:18:23Z,remediation-16-tests-3,1276,888,8.1,109.5,D:\Proyectos\Encina\artifacts\knowledge\remediation\16-tests-3-no-regression-test-exists-for-the-code-stage.md
2026-09-27T11:18:28Z,remediation-classify-16-tests-4,1706,24,1.5,16.2,D:\Proyectos\Encina\artifacts\knowledge\remediation\_classify-16-tests-4.md
2026-09-27T11:18:35Z,remediation-16-tests-4,1197,621,6.2,99.7,D:\Proyectos\Encina\artifacts\knowledge\remediation\16-tests-4-no-regression-test-exists-for-the-code-stage.md
2026-09-27T11:18:38Z,remediation-classify-16-tests-5,444,19,0.8,23.0,D:\Proyectos\Encina\artifacts\knowledge\remediation\_classify-16-tests-5.md
2026-09-27T11:18:44Z,remediation-16-tests-5,916,649,6.1,106.0,D:\Proyectos\Encina\artifacts\knowledge\remediation\16-tests-5-no-regression-test-exists-for-the-code-stage.md
2026-09-27T11:18:50Z,remediation-classify-16-tests-6,1581,24,1.4,16.9,D:\Proyectos\Encina\artifacts\knowledge\remediation\_classify-16-tests-6.md
2026-09-27T11:18:56Z,remediation-16-tests-6,1194,636,6.2,101.9,D:\Proyectos\Encina\artifacts\knowledge\remediation\16-tests-6-no-regression-test-exists-for-the-code-stage.md
2026-09-27T11:19:02Z,remediation-classify-16-tests-7,1084,20,1.2,17.2,D:\Proyectos\Encina\artifacts\knowledge\remediation\_classify-16-tests-7.md
2026-09-27T11:19:12Z,remediation-16-tests-7,1125,1106,9.8,113.2,D:\Proyectos\Encina\artifacts\knowledge\remediation\16-tests-7-contract-test-coverage-for-isagastore-is-0-for.md
2026-09-27T11:19:17Z,remediation-classify-16-tests-8,1809,23,1.5,15.6,D:\Proyectos\Encina\artifacts\knowledge\remediation\_classify-16-tests-8.md
2026-09-27T11:19:24Z,remediation-16-tests-8,1357,749,7.2,103.7,D:\Proyectos\Encina\artifacts\knowledge\remediation\16-tests-8-load-and-benchmark-test-types-for-sagas-have.md
2026-09-27T11:19:29Z,remediation-classify-16-docs-1,1538,18,1.3,13.8,D:\Proyectos\Encina\artifacts\knowledge\remediation\_classify-16-docs-1.md
2026-09-27T11:19:34Z,remediation-classify-16-docs-2,1001,21,1.0,20.4,D:\Proyectos\Encina\artifacts\knowledge\remediation\_classify-16-docs-2.md
2026-09-27T11:19:37Z,remediation-classify-16-docs-3,860,21,1.0,21.2,D:\Proyectos\Encina\artifacts\knowledge\remediation\_classify-16-docs-3.md
2026-09-27T11:19:44Z,remediation-16-docs-3,924,561,6.0,93.7,D:\Proyectos\Encina\artifacts\knowledge\remediation\16-docs-3-docs-messaging-sagas-md-132-135-orchestration-configuration.md
2026-09-27T11:19:50Z,remediation-16-docs-3-reask,994,620,6.5,94.8,D:\Proyectos\Encina\artifacts\knowledge\remediation\16-docs-3-docs-messaging-sagas-md-132-135-orchestration-configuration.md
2026-09-27T11:19:57Z,remediation-classify-16-docs-4,1534,19,1.4,13.9,D:\Proyectos\Encina\artifacts\knowledge\remediation\_classify-16-docs-4.md
2026-09-27T11:20:04Z,remediation-classify-16-docs-5,1618,17,1.3,12.8,D:\Proyectos\Encina\artifacts\knowledge\remediation\_classify-16-docs-5.md
2026-09-27T11:20:11Z,remediation-16-docs-5,1052,575,6.9,83.7,D:\Proyectos\Encina\artifacts\knowledge\remediation\16-docs-5-docs-messaging-sagas-md-the-decision-that-orchestration.md
2026-09-27T11:20:16Z,remediation-classify-16-docs-6,1284,17,1.2,13.7,D:\Proyectos\Encina\artifacts\knowledge\remediation\_classify-16-docs-6.md
2026-09-27T11:20:23Z,remediation-16-docs-6,938,597,6.4,93.0,D:\Proyectos\Encina\artifacts\knowledge\remediation\16-docs-6-docs-messaging-sagas-md-sagas-is-a-provider.md
2026-09-27T11:20:31Z,remediation-classify-16-docs-7,1630,20,1.4,14.0,D:\Proyectos\Encina\artifacts\knowledge\remediation\_classify-16-docs-7.md
2026-09-27T11:20:41Z,remediation-16-docs-7,1080,921,10.0,92.3,D:\Proyectos\Encina\artifacts\knowledge\remediation\16-docs-7-docs-messaging-sagas-md-mixes-di-taxis-quadrants.md
2026-09-27T11:20:47Z,remediation-classify-16-docs-8,1572,21,1.4,15.2,D:\Proyectos\Encina\artifacts\knowledge\remediation\_classify-16-docs-8.md
2026-09-27T11:20:53Z,remediation-16-docs-8,1004,511,5.5,92.3,D:\Proyectos\Encina\artifacts\knowledge\remediation\16-docs-8-docs-messaging-sagas-md-no-link-to-any.md
2026-09-27T11:21:00Z,remediation-classify-16-docs-9,1673,25,1.5,17.1,D:\Proyectos\Encina\artifacts\knowledge\remediation\_classify-16-docs-9.md
2026-09-27T11:21:07Z,remediation-16-docs-9,1088,529,5.9,89.9,D:\Proyectos\Encina\artifacts\knowledge\remediation\16-docs-9-docs-messaging-index-md-14-24-messaging-transports.md
2026-09-27T13:43:01Z,remediation-classify-16-code-1,1867,20,1.7,11.6,D:\Proyectos\Encina\artifacts\knowledge\remediation\_classify-16-code-1.md
2026-09-27T13:43:10Z,remediation-16-code-1,1278,815,8.9,91.2,D:\Proyectos\Encina\artifacts\knowledge\remediation\16-code-1-src-encina-messaging-choreography-cs-all-8-files.md
2026-09-27T13:43:19Z,remediation-classify-16-code-2,1583,23,1.4,16.3,D:\Proyectos\Encina\artifacts\knowledge\remediation\_classify-16-code-2.md
2026-09-27T13:43:28Z,remediation-16-code-2,1017,799,8.6,92.7,D:\Proyectos\Encina\artifacts\knowledge\remediation\16-code-2-src-encina-opentelemetry-messagingstores-instrumentedsagasto.md
2026-09-27T13:43:38Z,remediation-16-code-2-reask,1098,875,10.0,87.5,D:\Proyectos\Encina\artifacts\knowledge\remediation\16-code-2-src-encina-opentelemetry-messagingstores-instrumentedsagasto.md
2026-09-27T13:43:42Z,remediation-classify-16-code-3,785,25,1.0,24.8,D:\Proyectos\Encina\artifacts\knowledge\remediation\_classify-16-code-3.md
2026-09-27T13:43:52Z,remediation-16-code-3,978,967,9.7,99.6,D:\Proyectos\Encina\artifacts\knowledge\remediation\16-code-3-src-encina-messaging-sagas-lowceremony-sagarunner-cs-165.md
2026-09-27T13:44:03Z,remediation-16-code-3-reask,1078,1105,11.2,98.3,D:\Proyectos\Encina\artifacts\knowledge\remediation\16-code-3-src-encina-messaging-sagas-lowceremony-sagarunner-cs-165.md
2026-09-27T13:44:07Z,remediation-classify-16-code-4,888,21,1.1,19.4,D:\Proyectos\Encina\artifacts\knowledge\remediation\_classify-16-code-4.md
2026-09-27T13:44:12Z,remediation-classify-16-code-5,981,24,1.1,22.5,D:\Proyectos\Encina\artifacts\knowledge\remediation\_classify-16-code-5.md
2026-09-27T13:44:22Z,remediation-16-code-5,1037,927,10.1,91.4,D:\Proyectos\Encina\artifacts\knowledge\remediation\16-code-5-src-encina-mongodb-sagas-sagastoremongodb-cs-129-132.md
2026-09-27T13:44:30Z,remediation-classify-16-tests-1,1722,21,1.5,13.8,D:\Proyectos\Encina\artifacts\knowledge\remediation\_classify-16-tests-1.md
2026-09-27T13:44:39Z,remediation-16-tests-1,1193,776,7.9,98.2,D:\Proyectos\Encina\artifacts\knowledge\remediation\16-tests-1-src-encina-messaging-sagas-saganotfounddispatcher-cs-28-line.md
2026-09-27T13:44:46Z,remediation-16-tests-1-reask,1266,640,6.6,96.6,D:\Proyectos\Encina\artifacts\knowledge\remediation\16-tests-1-src-encina-messaging-sagas-saganotfounddispatcher-cs-28-line.md
2026-09-27T13:44:53Z,remediation-classify-16-tests-2,1367,23,1.3,18.0,D:\Proyectos\Encina\artifacts\knowledge\remediation\_classify-16-tests-2.md
2026-09-27T13:45:02Z,remediation-16-tests-2,1061,787,8.1,97.7,D:\Proyectos\Encina\artifacts\knowledge\remediation\16-tests-2-src-encina-messaging-sagas-saganotfoundcontext-cs-0-guard.md
2026-09-27T13:45:09Z,remediation-classify-16-tests-3,1797,21,1.6,13.3,D:\Proyectos\Encina\artifacts\knowledge\remediation\_classify-16-tests-3.md
2026-09-27T13:45:18Z,remediation-16-tests-3,1243,1049,9.7,108.5,D:\Proyectos\Encina\artifacts\knowledge\remediation\16-tests-3-no-regression-test-exists-for-the-code-stage.md
2026-09-27T13:45:24Z,remediation-classify-16-tests-4,1733,26,1.6,16.3,D:\Proyectos\Encina\artifacts\knowledge\remediation\_classify-16-tests-4.md
2026-09-27T13:45:33Z,remediation-16-tests-4,1189,935,8.8,106.0,D:\Proyectos\Encina\artifacts\knowledge\remediation\16-tests-4-no-regression-test-exists-for-the-code-stage.md
2026-09-27T13:45:36Z,remediation-classify-16-tests-5,444,22,0.8,26.9,D:\Proyectos\Encina\artifacts\knowledge\remediation\_classify-16-tests-5.md
2026-09-27T13:45:42Z,remediation-16-tests-5,916,647,5.9,110.5,D:\Proyectos\Encina\artifacts\knowledge\remediation\16-tests-5-no-regression-test-exists-for-the-code-stage.md
2026-09-27T13:45:49Z,remediation-16-tests-5-reask,1136,591,6.2,94.6,D:\Proyectos\Encina\artifacts\knowledge\remediation\16-tests-5-no-regression-test-exists-for-the-code-stage.md
2026-09-27T13:45:55Z,remediation-classify-16-tests-6,1560,24,1.4,16.7,D:\Proyectos\Encina\artifacts\knowledge\remediation\_classify-16-tests-6.md
2026-09-27T13:46:03Z,remediation-16-tests-6,1181,738,7.8,95.1,D:\Proyectos\Encina\artifacts\knowledge\remediation\16-tests-6-no-regression-test-exists-for-the-code-stage.md
2026-09-27T13:46:09Z,remediation-classify-16-tests-7,1084,21,1.2,18.1,D:\Proyectos\Encina\artifacts\knowledge\remediation\_classify-16-tests-7.md
2026-09-27T13:46:19Z,remediation-16-tests-7,1125,1207,10.4,116.4,D:\Proyectos\Encina\artifacts\knowledge\remediation\16-tests-7-contract-test-coverage-for-isagastore-is-0-for.md
2026-09-27T13:46:24Z,remediation-classify-16-tests-8,1802,17,1.5,11.7,D:\Proyectos\Encina\artifacts\knowledge\remediation\_classify-16-tests-8.md
2026-09-27T13:46:33Z,remediation-16-tests-8,1348,803,8.3,96.8,D:\Proyectos\Encina\artifacts\knowledge\remediation\16-tests-8-load-and-benchmark-test-types-for-sagas-have.md
2026-09-27T13:46:38Z,remediation-classify-16-docs-1,1538,22,1.4,15.8,D:\Proyectos\Encina\artifacts\knowledge\remediation\_classify-16-docs-1.md
2026-09-27T13:46:45Z,remediation-16-docs-1,1125,645,7.5,86.4,D:\Proyectos\Encina\artifacts\knowledge\remediation\16-docs-1-docs-messaging-sagas-md-291-300-choreography-configuration.md
2026-09-27T13:46:50Z,remediation-classify-16-docs-2,1001,20,1.1,18.1,D:\Proyectos\Encina\artifacts\knowledge\remediation\_classify-16-docs-2.md
2026-09-27T13:47:01Z,remediation-16-docs-2,1011,817,10.5,78.0,D:\Proyectos\Encina\artifacts\knowledge\remediation\16-docs-2-docs-messaging-sagas-md-241-415-the-entire.md
2026-09-27T13:47:11Z,remediation-16-docs-2-reask,1081,694,9.5,73.3,D:\Proyectos\Encina\artifacts\knowledge\remediation\16-docs-2-docs-messaging-sagas-md-241-415-the-entire.md
2026-09-27T13:47:15Z,remediation-classify-16-docs-3,1271,24,1.4,17.7,D:\Proyectos\Encina\artifacts\knowledge\remediation\_classify-16-docs-3.md
2026-09-27T13:47:24Z,remediation-16-docs-3,1018,720,8.6,84.1,D:\Proyectos\Encina\artifacts\knowledge\remediation\16-docs-3-docs-messaging-sagas-md-132-135-orchestration-configuration.md
2026-09-27T13:47:30Z,remediation-classify-16-docs-4,1534,21,1.4,14.8,D:\Proyectos\Encina\artifacts\knowledge\remediation\_classify-16-docs-4.md
2026-09-27T13:47:38Z,remediation-16-docs-4,1100,601,7.8,77.1,D:\Proyectos\Encina\artifacts\knowledge\remediation\16-docs-4-src-encina-messaging-readme-md-505-521-fluent.md
2026-09-27T13:47:51Z,remediation-16-docs-4-reask,1170,748,12.0,62.6,D:\Proyectos\Encina\artifacts\knowledge\remediation\16-docs-4-src-encina-messaging-readme-md-505-521-fluent.md
2026-09-27T13:48:05Z,remediation-classify-16-docs-5,1644,19,2.5,7.5,D:\Proyectos\Encina\artifacts\knowledge\remediation\_classify-16-docs-5.md
2026-09-27T13:48:15Z,remediation-16-docs-5,1060,635,8.8,71.9,D:\Proyectos\Encina\artifacts\knowledge\remediation\16-docs-5-docs-messaging-sagas-md-the-decision-that-orchestration.md
2026-09-27T13:48:20Z,remediation-classify-16-docs-6,1284,22,1.3,16.6,D:\Proyectos\Encina\artifacts\knowledge\remediation\_classify-16-docs-6.md
2026-09-27T13:48:28Z,remediation-16-docs-6,938,703,7.7,91.8,D:\Proyectos\Encina\artifacts\knowledge\remediation\16-docs-6-docs-messaging-sagas-md-sagas-is-a-provider.md
2026-09-27T13:48:36Z,remediation-16-docs-6-reask,1008,588,7.5,78.4,D:\Proyectos\Encina\artifacts\knowledge\remediation\16-docs-6-docs-messaging-sagas-md-sagas-is-a-provider.md
2026-09-27T13:48:46Z,remediation-classify-16-docs-7,1630,20,1.4,14.5,D:\Proyectos\Encina\artifacts\knowledge\remediation\_classify-16-docs-7.md
2026-09-27T13:48:55Z,remediation-16-docs-7,1111,809,8.4,96.0,D:\Proyectos\Encina\artifacts\knowledge\remediation\16-docs-7-docs-messaging-sagas-md-mixes-di-taxis-quadrants.md
2026-09-27T13:49:02Z,remediation-classify-16-docs-8,1572,21,1.5,13.7,D:\Proyectos\Encina\artifacts\knowledge\remediation\_classify-16-docs-8.md
2026-09-27T13:49:10Z,remediation-16-docs-8,1004,586,7.0,83.8,D:\Proyectos\Encina\artifacts\knowledge\remediation\16-docs-8-docs-messaging-sagas-md-no-link-to-any.md
2026-09-27T13:49:20Z,remediation-classify-16-docs-9,1673,21,1.5,14.0,D:\Proyectos\Encina\artifacts\knowledge\remediation\_classify-16-docs-9.md
2026-09-27T13:49:26Z,remediation-16-docs-9,1088,521,5.8,89.1,D:\Proyectos\Encina\artifacts\knowledge\remediation\16-docs-9-docs-messaging-index-md-14-24-messaging-transports.md
2026-09-27T14:04:55Z,remediation-classify-16-code-1,1867,20,1.6,12.7,D:\Proyectos\Encina\artifacts\knowledge\remediation\_classify-16-code-1.md
2026-09-27T14:05:04Z,remediation-16-code-1,1278,700,8.2,84.9,D:\Proyectos\Encina\artifacts\knowledge\remediation\16-code-1-src-encina-messaging-choreography-cs-all-8-files.md
2026-09-27T14:05:12Z,remediation-classify-16-code-2,1569,21,1.4,14.8,D:\Proyectos\Encina\artifacts\knowledge\remediation\_classify-16-code-2.md
2026-09-27T14:05:21Z,remediation-16-code-2,1016,809,8.4,96.6,D:\Proyectos\Encina\artifacts\knowledge\remediation\16-code-2-src-encina-opentelemetry-messagingstores-instrumentedsagasto.md
2026-09-27T14:05:25Z,remediation-classify-16-code-3,785,22,1.0,21.4,D:\Proyectos\Encina\artifacts\knowledge\remediation\_classify-16-code-3.md
2026-09-27T14:05:36Z,remediation-16-code-3,978,1000,10.8,92.3,D:\Proyectos\Encina\artifacts\knowledge\remediation\16-code-3-src-encina-messaging-sagas-lowceremony-sagarunner-cs-165.md
2026-09-27T14:05:40Z,remediation-classify-16-code-4,888,28,1.2,23.1,D:\Proyectos\Encina\artifacts\knowledge\remediation\_classify-16-code-4.md
2026-09-27T14:05:45Z,remediation-classify-16-code-5,981,20,1.1,18.4,D:\Proyectos\Encina\artifacts\knowledge\remediation\_classify-16-code-5.md
2026-09-27T14:05:58Z,remediation-16-code-5,1037,1117,12.5,89.5,D:\Proyectos\Encina\artifacts\knowledge\remediation\16-code-5-src-encina-mongodb-sagas-sagastoremongodb-cs-129-132.md
2026-09-27T14:06:10Z,remediation-16-code-5-reask,1137,1094,11.9,91.7,D:\Proyectos\Encina\artifacts\knowledge\remediation\16-code-5-src-encina-mongodb-sagas-sagastoremongodb-cs-129-132.md
2026-09-27T14:06:19Z,remediation-classify-16-tests-1,2123,24,1.9,12.8,D:\Proyectos\Encina\artifacts\knowledge\remediation\_classify-16-tests-1.md
2026-09-27T14:06:30Z,remediation-16-tests-1,1807,956,10.6,89.8,D:\Proyectos\Encina\artifacts\knowledge\remediation\16-tests-1-src-encina-messaging-sagas-saganotfounddispatcher-cs-28-line.md
2026-09-27T14:06:38Z,remediation-classify-16-tests-2,1367,23,1.3,17.2,D:\Proyectos\Encina\artifacts\knowledge\remediation\_classify-16-tests-2.md
2026-09-27T14:06:45Z,remediation-16-tests-2,1061,721,7.2,100.2,D:\Proyectos\Encina\artifacts\knowledge\remediation\16-tests-2-src-encina-messaging-sagas-saganotfoundcontext-cs-0-guard.md
2026-09-27T14:06:53Z,remediation-classify-16-tests-3,1818,19,1.7,11.5,D:\Proyectos\Encina\artifacts\knowledge\remediation\_classify-16-tests-3.md
2026-09-27T14:07:01Z,remediation-16-tests-3,1267,789,7.6,104.5,D:\Proyectos\Encina\artifacts\knowledge\remediation\16-tests-3-no-regression-test-exists-for-the-code-stage.md
2026-09-27T14:07:06Z,remediation-classify-16-tests-4,1708,18,1.5,12.0,D:\Proyectos\Encina\artifacts\knowledge\remediation\_classify-16-tests-4.md
2026-09-27T14:07:15Z,remediation-16-tests-4,1193,951,8.8,107.6,D:\Proyectos\Encina\artifacts\knowledge\remediation\16-tests-4-no-regression-test-exists-for-the-code-stage.md
2026-09-27T14:07:19Z,remediation-classify-16-tests-5,444,17,0.9,18.0,D:\Proyectos\Encina\artifacts\knowledge\remediation\_classify-16-tests-5.md
2026-09-27T14:07:26Z,remediation-16-tests-5,916,631,6.7,94.4,D:\Proyectos\Encina\artifacts\knowledge\remediation\16-tests-5-no-regression-test-exists-for-the-code-stage.md
2026-09-27T14:07:32Z,remediation-classify-16-tests-6,1560,25,1.5,16.3,D:\Proyectos\Encina\artifacts\knowledge\remediation\_classify-16-tests-6.md
2026-09-27T14:07:39Z,remediation-16-tests-6,1181,640,6.9,92.2,D:\Proyectos\Encina\artifacts\knowledge\remediation\16-tests-6-no-regression-test-exists-for-the-code-stage.md
2026-09-27T14:07:45Z,remediation-classify-16-tests-7,1084,21,1.3,16.0,D:\Proyectos\Encina\artifacts\knowledge\remediation\_classify-16-tests-7.md
2026-09-27T14:07:59Z,remediation-16-tests-7,1125,1595,14.0,113.6,D:\Proyectos\Encina\artifacts\knowledge\remediation\16-tests-7-contract-test-coverage-for-isagastore-is-0-for.md
2026-09-27T14:08:03Z,remediation-classify-16-tests-8,1802,17,1.5,11.5,D:\Proyectos\Encina\artifacts\knowledge\remediation\_classify-16-tests-8.md
2026-09-27T14:08:10Z,remediation-16-tests-8,1348,597,6.1,98.1,D:\Proyectos\Encina\artifacts\knowledge\remediation\16-tests-8-load-and-benchmark-test-types-for-sagas-have.md
2026-09-27T14:08:14Z,remediation-classify-16-docs-1,1521,18,1.4,13.2,D:\Proyectos\Encina\artifacts\knowledge\remediation\_classify-16-docs-1.md
2026-09-27T14:08:23Z,remediation-16-docs-1,1122,676,8.0,84.1,D:\Proyectos\Encina\artifacts\knowledge\remediation\16-docs-1-docs-messaging-sagas-md-291-300-choreography-configuration.md
2026-09-27T14:08:27Z,remediation-classify-16-docs-2,1001,18,1.1,16.5,D:\Proyectos\Encina\artifacts\knowledge\remediation\_classify-16-docs-2.md
2026-09-27T14:08:38Z,remediation-16-docs-2,1011,863,10.6,81.8,D:\Proyectos\Encina\artifacts\knowledge\remediation\16-docs-2-docs-messaging-sagas-md-241-415-the-entire.md
2026-09-27T14:08:43Z,remediation-classify-16-docs-3,1246,19,1.3,14.9,D:\Proyectos\Encina\artifacts\knowledge\remediation\_classify-16-docs-3.md
2026-09-27T14:08:50Z,remediation-16-docs-3,1022,629,6.7,93.6,D:\Proyectos\Encina\artifacts\knowledge\remediation\16-docs-3-docs-messaging-sagas-md-132-135-orchestration-configuration.md
2026-09-27T14:08:55Z,remediation-classify-16-docs-4,1534,25,1.5,17.0,D:\Proyectos\Encina\artifacts\knowledge\remediation\_classify-16-docs-4.md
2026-09-27T14:09:04Z,remediation-16-docs-4,1039,750,8.1,92.7,D:\Proyectos\Encina\artifacts\knowledge\remediation\16-docs-4-src-encina-messaging-readme-md-505-521-fluent.md
2026-09-27T14:09:12Z,remediation-classify-16-docs-5,1641,18,1.4,12.6,D:\Proyectos\Encina\artifacts\knowledge\remediation\_classify-16-docs-5.md
2026-09-27T14:09:20Z,remediation-16-docs-5,1058,590,7.1,82.6,D:\Proyectos\Encina\artifacts\knowledge\remediation\16-docs-5-docs-messaging-sagas-md-the-decision-that-orchestration.md
2026-09-27T14:09:25Z,remediation-classify-16-docs-6,1284,17,1.3,13.5,D:\Proyectos\Encina\artifacts\knowledge\remediation\_classify-16-docs-6.md
2026-09-27T14:09:32Z,remediation-16-docs-6,938,614,6.8,89.8,D:\Proyectos\Encina\artifacts\knowledge\remediation\16-docs-6-docs-messaging-sagas-md-sagas-is-a-provider.md
2026-09-27T14:09:39Z,remediation-classify-16-docs-7,1651,21,1.5,13.7,D:\Proyectos\Encina\artifacts\knowledge\remediation\_classify-16-docs-7.md
2026-09-27T14:09:48Z,remediation-16-docs-7,1116,774,8.5,90.7,D:\Proyectos\Encina\artifacts\knowledge\remediation\16-docs-7-docs-messaging-sagas-md-mixes-di-taxis-quadrants.md
2026-09-27T14:09:59Z,remediation-16-docs-7-reask,1186,1021,10.8,94.8,D:\Proyectos\Encina\artifacts\knowledge\remediation\16-docs-7-docs-messaging-sagas-md-mixes-di-taxis-quadrants.md
2026-09-27T14:10:06Z,remediation-classify-16-docs-8,1572,22,1.5,14.8,D:\Proyectos\Encina\artifacts\knowledge\remediation\_classify-16-docs-8.md
2026-09-27T14:10:12Z,remediation-16-docs-8,1004,567,6.1,92.8,D:\Proyectos\Encina\artifacts\knowledge\remediation\16-docs-8-docs-messaging-sagas-md-no-link-to-any.md
2026-09-27T14:10:20Z,remediation-classify-16-docs-9,1673,21,1.5,14.0,D:\Proyectos\Encina\artifacts\knowledge\remediation\_classify-16-docs-9.md
2026-09-27T14:10:27Z,remediation-16-docs-9,1088,530,6.8,77.9,D:\Proyectos\Encina\artifacts\knowledge\remediation\16-docs-9-docs-messaging-index-md-14-24-messaging-transports.md
2026-09-27T15:38:22Z,remediation-classify-17-code-1,1493,28,1.5,19.0,D:\Proyectos\Encina\artifacts\knowledge\remediation\_classify-17-code-1.md
2026-09-27T15:38:27Z,remediation-17-code-1,1009,520,5.3,97.5,D:\Proyectos\Encina\artifacts\knowledge\remediation\17-code-1-directory-packages-props-124-125-still-pins-eventstore.md
2026-09-27T15:38:36Z,remediation-17-code-1-reask,1126,655,8.1,80.5,D:\Proyectos\Encina\artifacts\knowledge\remediation\17-code-1-directory-packages-props-124-125-still-pins-eventstore.md
2026-09-27T15:38:44Z,remediation-classify-17-code-2,1740,29,1.8,16.3,D:\Proyectos\Encina\artifacts\knowledge\remediation\_classify-17-code-2.md
2026-09-27T15:38:50Z,remediation-17-code-2,1093,468,5.9,78.7,D:\Proyectos\Encina\artifacts\knowledge\remediation\17-code-2-github-issue-template-feature-request-md-73-reads.md
2026-09-27T15:38:58Z,remediation-classify-17-code-3,1401,19,1.4,13.7,D:\Proyectos\Encina\artifacts\knowledge\remediation\_classify-17-code-3.md
2026-09-27T15:39:07Z,remediation-17-code-3,1060,725,9.1,79.9,D:\Proyectos\Encina\artifacts\knowledge\remediation\17-code-3-vscode-tasks-json-139-the-build-event-sourcing.md
2026-09-27T15:39:15Z,remediation-classify-17-code-4,1615,21,1.5,14.4,D:\Proyectos\Encina\artifacts\knowledge\remediation\_classify-17-code-4.md
2026-09-27T15:39:23Z,remediation-17-code-4,1060,588,7.2,81.9,D:\Proyectos\Encina\artifacts\knowledge\remediation\17-code-4-src-encina-domainmodeling-aggregatebase-cs-20-the-public.md
2026-09-27T15:39:26Z,remediation-classify-17-tests-1,628,21,1.0,21.0,D:\Proyectos\Encina\artifacts\knowledge\remediation\_classify-17-tests-1.md
2026-09-27T15:39:35Z,remediation-17-tests-1,952,810,9.0,89.8,D:\Proyectos\Encina\artifacts\knowledge\remediation\17-tests-1-tests-encina-guardtests-infrastructure-marten-martenaggregat.md
2026-09-27T15:39:44Z,remediation-classify-17-docs-1,1616,28,1.6,17.6,D:\Proyectos\Encina\artifacts\knowledge\remediation\_classify-17-docs-1.md
2026-09-27T15:39:52Z,remediation-17-docs-1,1111,727,8.0,91.3,D:\Proyectos\Encina\artifacts\knowledge\remediation\17-docs-1-docs-architecture-adr-027-marten-as-the-event.md
2026-09-27T15:39:57Z,remediation-classify-17-docs-2,1782,30,1.6,19.0,D:\Proyectos\Encina\artifacts\knowledge\remediation\_classify-17-docs-2.md
2026-09-27T15:40:05Z,remediation-17-docs-2,1152,642,8.3,77.6,D:\Proyectos\Encina\artifacts\knowledge\remediation\17-docs-2-agents-md-70-the-other-categories-sentence-event.md
2026-09-27T15:40:11Z,remediation-classify-17-docs-3,1584,26,1.5,17.7,D:\Proyectos\Encina\artifacts\knowledge\remediation\_classify-17-docs-3.md
2026-09-27T15:40:19Z,remediation-17-docs-3,1006,602,7.4,80.9,D:\Proyectos\Encina\artifacts\knowledge\remediation\17-docs-3-docs-inventory-md-89-event-sourcing-1-marten.md
2026-09-27T15:40:26Z,remediation-classify-17-docs-4,1763,26,1.7,15.7,D:\Proyectos\Encina\artifacts\knowledge\remediation\_classify-17-docs-4.md
2026-09-27T15:40:32Z,remediation-17-docs-4,1066,485,6.1,79.4,D:\Proyectos\Encina\artifacts\knowledge\remediation\17-docs-4-roadmap-md-805-the-footnote-directly-under-the.md
2026-09-27T15:40:39Z,remediation-classify-17-docs-5,1383,21,1.4,15.1,D:\Proyectos\Encina\artifacts\knowledge\remediation\_classify-17-docs-5.md
2026-09-27T15:40:47Z,remediation-17-docs-5,986,682,7.7,88.3,D:\Proyectos\Encina\artifacts\knowledge\remediation\17-docs-5-docs-architecture-extensibility-analysis-md-332-encina-event.md
2026-09-27T15:40:54Z,remediation-classify-17-docs-6,1435,24,1.4,17.2,D:\Proyectos\Encina\artifacts\knowledge\remediation\_classify-17-docs-6.md
2026-09-27T15:41:04Z,remediation-17-docs-6,1089,731,9.1,80.2,D:\Proyectos\Encina\artifacts\knowledge\remediation\17-docs-6-docs-architecture-adr-019-compliance-event-sourcing-marten.md
2026-09-27T15:41:11Z,remediation-classify-17-docs-7,1349,21,1.4,14.8,D:\Proyectos\Encina\artifacts\knowledge\remediation\_classify-17-docs-7.md
2026-09-27T15:41:16Z,remediation-17-docs-7,942,450,5.4,83.6,D:\Proyectos\Encina\artifacts\knowledge\remediation\17-docs-7-src-encina-domainmodeling-aggregatebase-cs-20-xml-doc.md
2026-09-27T15:49:38Z,remediation-classify-17-code-1,1493,20,1.6,12.8,D:\Proyectos\Encina\artifacts\knowledge\remediation\_classify-17-code-1.md
2026-09-27T15:49:45Z,remediation-17-code-1,1009,667,6.6,100.9,D:\Proyectos\Encina\artifacts\knowledge\remediation\17-code-1-directory-packages-props-124-125-still-pins-eventstore.md
2026-09-27T15:49:54Z,remediation-classify-17-code-2,1740,24,1.9,12.9,D:\Proyectos\Encina\artifacts\knowledge\remediation\_classify-17-code-2.md
2026-09-27T15:50:01Z,remediation-17-code-2,1093,528,6.7,78.5,D:\Proyectos\Encina\artifacts\knowledge\remediation\17-code-2-github-issue-template-feature-request-md-73-reads.md
2026-09-27T15:50:09Z,remediation-classify-17-code-3,1401,22,1.6,13.8,D:\Proyectos\Encina\artifacts\knowledge\remediation\_classify-17-code-3.md
2026-09-27T15:50:17Z,remediation-17-code-3,1031,644,8.2,78.8,D:\Proyectos\Encina\artifacts\knowledge\remediation\17-code-3-vscode-tasks-json-139-the-build-event-sourcing.md
2026-09-27T15:50:26Z,remediation-classify-17-code-4,1615,21,1.7,12.6,D:\Proyectos\Encina\artifacts\knowledge\remediation\_classify-17-code-4.md
2026-09-27T15:50:32Z,remediation-17-code-4,1060,467,5.6,83.3,D:\Proyectos\Encina\artifacts\knowledge\remediation\17-code-4-src-encina-domainmodeling-aggregatebase-cs-20-the-public.md
2026-09-27T15:50:37Z,remediation-classify-17-tests-1,628,22,1.1,19.6,D:\Proyectos\Encina\artifacts\knowledge\remediation\_classify-17-tests-1.md
2026-09-27T15:50:47Z,remediation-17-tests-1,952,929,10.2,91.3,D:\Proyectos\Encina\artifacts\knowledge\remediation\17-tests-1-tests-encina-guardtests-infrastructure-marten-martenaggregat.md
2026-09-27T15:50:55Z,remediation-classify-17-docs-1,1619,32,1.8,17.8,D:\Proyectos\Encina\artifacts\knowledge\remediation\_classify-17-docs-1.md
2026-09-27T15:51:03Z,remediation-17-docs-1,1113,667,7.2,92.4,D:\Proyectos\Encina\artifacts\knowledge\remediation\17-docs-1-docs-architecture-adr-027-marten-as-the-event.md
2026-09-27T15:51:07Z,remediation-classify-17-docs-2,1782,30,1.7,17.6,D:\Proyectos\Encina\artifacts\knowledge\remediation\_classify-17-docs-2.md
2026-09-27T15:51:14Z,remediation-17-docs-2,1152,604,6.9,87.4,D:\Proyectos\Encina\artifacts\knowledge\remediation\17-docs-2-agents-md-70-the-other-categories-sentence-event.md
2026-09-27T15:51:20Z,remediation-classify-17-docs-3,1584,23,1.6,14.4,D:\Proyectos\Encina\artifacts\knowledge\remediation\_classify-17-docs-3.md
2026-09-27T15:51:27Z,remediation-17-docs-3,1006,534,6.6,80.4,D:\Proyectos\Encina\artifacts\knowledge\remediation\17-docs-3-docs-inventory-md-89-event-sourcing-1-marten.md
2026-09-27T15:51:34Z,remediation-classify-17-docs-4,1763,21,1.8,11.7,D:\Proyectos\Encina\artifacts\knowledge\remediation\_classify-17-docs-4.md
2026-09-27T15:51:40Z,remediation-17-docs-4,1066,487,5.7,85.6,D:\Proyectos\Encina\artifacts\knowledge\remediation\17-docs-4-roadmap-md-805-the-footnote-directly-under-the.md
2026-09-27T15:51:45Z,remediation-classify-17-docs-5,1996,29,2.0,14.8,D:\Proyectos\Encina\artifacts\knowledge\remediation\_classify-17-docs-5.md
2026-09-27T15:51:57Z,remediation-17-docs-5,1444,1089,11.5,94.9,D:\Proyectos\Encina\artifacts\knowledge\remediation\17-docs-5-docs-architecture-extensibility-analysis-md-carries-five-sta.md
2026-09-27T15:52:04Z,remediation-classify-17-docs-6,1435,28,1.6,18.1,D:\Proyectos\Encina\artifacts\knowledge\remediation\_classify-17-docs-6.md
2026-09-27T15:52:12Z,remediation-17-docs-6,1089,652,8.1,80.9,D:\Proyectos\Encina\artifacts\knowledge\remediation\17-docs-6-docs-architecture-adr-019-compliance-event-sourcing-marten.md
2026-09-27T15:52:20Z,remediation-classify-17-docs-7,1349,21,1.4,14.5,D:\Proyectos\Encina\artifacts\knowledge\remediation\_classify-17-docs-7.md
2026-09-27T15:52:27Z,remediation-17-docs-7,942,539,7.0,77.1,D:\Proyectos\Encina\artifacts\knowledge\remediation\17-docs-7-src-encina-domainmodeling-aggregatebase-cs-20-xml-doc.md
2026-09-27T16:00:27Z,remediation-classify-17-code-1,1493,19,1.7,11.4,D:\Proyectos\Encina\artifacts\knowledge\remediation\_classify-17-code-1.md
2026-09-27T16:00:35Z,remediation-17-code-1,1009,650,8.2,79.7,D:\Proyectos\Encina\artifacts\knowledge\remediation\17-code-1-directory-packages-props-124-125-still-pins-eventstore.md
2026-09-27T16:00:45Z,remediation-classify-17-code-2,1740,29,1.8,16.5,D:\Proyectos\Encina\artifacts\knowledge\remediation\_classify-17-code-2.md
2026-09-27T16:00:52Z,remediation-17-code-2,1093,560,6.9,80.6,D:\Proyectos\Encina\artifacts\knowledge\remediation\17-code-2-github-issue-template-feature-request-md-73-reads.md
2026-09-27T16:00:59Z,remediation-classify-17-code-3,1401,20,1.5,13.0,D:\Proyectos\Encina\artifacts\knowledge\remediation\_classify-17-code-3.md
2026-09-27T16:01:07Z,remediation-17-code-3,1060,602,7.8,77.2,D:\Proyectos\Encina\artifacts\knowledge\remediation\17-code-3-vscode-tasks-json-139-the-build-event-sourcing.md
2026-09-27T16:01:16Z,remediation-classify-17-code-4,1603,21,1.7,12.6,D:\Proyectos\Encina\artifacts\knowledge\remediation\_classify-17-code-4.md
2026-09-27T16:01:23Z,remediation-17-code-4,1044,512,6.6,77.9,D:\Proyectos\Encina\artifacts\knowledge\remediation\17-code-4-src-encina-domainmodeling-aggregatebase-cs-20-the-public.md
2026-09-27T16:01:26Z,remediation-classify-17-tests-1,628,17,1.0,16.2,D:\Proyectos\Encina\artifacts\knowledge\remediation\_classify-17-tests-1.md
2026-09-27T16:01:34Z,remediation-17-tests-1,952,702,7.6,92.5,D:\Proyectos\Encina\artifacts\knowledge\remediation\17-tests-1-tests-encina-guardtests-infrastructure-marten-martenaggregat.md
2026-09-27T16:01:44Z,remediation-17-tests-1-reask,1022,796,9.0,88.3,D:\Proyectos\Encina\artifacts\knowledge\remediation\17-tests-1-tests-encina-guardtests-infrastructure-marten-martenaggregat.md
2026-09-27T16:01:51Z,remediation-classify-17-docs-1,1619,28,1.8,15.8,D:\Proyectos\Encina\artifacts\knowledge\remediation\_classify-17-docs-1.md
2026-09-27T16:01:58Z,remediation-17-docs-1,1113,627,6.8,92.6,D:\Proyectos\Encina\artifacts\knowledge\remediation\17-docs-1-docs-architecture-adr-027-marten-as-the-event.md
2026-09-27T16:02:06Z,remediation-17-docs-1-reask,1183,670,7.2,92.7,D:\Proyectos\Encina\artifacts\knowledge\remediation\17-docs-1-docs-architecture-adr-027-marten-as-the-event.md
2026-09-27T16:02:11Z,remediation-classify-17-docs-2,1782,28,1.7,16.1,D:\Proyectos\Encina\artifacts\knowledge\remediation\_classify-17-docs-2.md
2026-09-27T16:02:17Z,remediation-17-docs-2,1152,545,6.5,83.8,D:\Proyectos\Encina\artifacts\knowledge\remediation\17-docs-2-agents-md-70-the-other-categories-sentence-event.md
2026-09-27T16:02:23Z,remediation-classify-17-docs-3,1584,21,1.5,13.9,D:\Proyectos\Encina\artifacts\knowledge\remediation\_classify-17-docs-3.md
2026-09-27T16:02:28Z,remediation-17-docs-3,1006,438,5.3,83.0,D:\Proyectos\Encina\artifacts\knowledge\remediation\17-docs-3-docs-inventory-md-89-event-sourcing-1-marten.md
2026-09-27T16:02:35Z,remediation-classify-17-docs-4,1763,21,1.8,11.7,D:\Proyectos\Encina\artifacts\knowledge\remediation\_classify-17-docs-4.md
2026-09-27T16:02:43Z,remediation-17-docs-4,1066,600,7.4,81.4,D:\Proyectos\Encina\artifacts\knowledge\remediation\17-docs-4-roadmap-md-805-the-footnote-directly-under-the.md
2026-09-27T16:02:47Z,remediation-classify-17-docs-5,2000,27,1.9,14.4,D:\Proyectos\Encina\artifacts\knowledge\remediation\_classify-17-docs-5.md
2026-09-27T16:02:58Z,remediation-17-docs-5,1442,953,10.5,90.4,D:\Proyectos\Encina\artifacts\knowledge\remediation\17-docs-5-docs-architecture-extensibility-analysis-md-carries-five-sta.md
2026-09-27T16:03:06Z,remediation-classify-17-docs-6,1435,28,1.5,18.2,D:\Proyectos\Encina\artifacts\knowledge\remediation\_classify-17-docs-6.md
2026-09-27T16:03:13Z,remediation-17-docs-6,1089,632,7.4,85.4,D:\Proyectos\Encina\artifacts\knowledge\remediation\17-docs-6-docs-architecture-adr-019-compliance-event-sourcing-marten.md
2026-09-27T16:11:32Z,remediation-classify-17-code-1,1493,21,1.5,13.8,D:\Proyectos\Encina\artifacts\knowledge\remediation\_classify-17-code-1.md
2026-09-27T16:11:38Z,remediation-17-code-1,1009,515,5.7,90.9,D:\Proyectos\Encina\artifacts\knowledge\remediation\17-code-1-directory-packages-props-124-125-still-pins-eventstore.md
2026-09-27T16:11:46Z,remediation-classify-17-code-2,1740,25,1.6,15.7,D:\Proyectos\Encina\artifacts\knowledge\remediation\_classify-17-code-2.md
2026-09-27T16:11:53Z,remediation-17-code-2,1093,510,6.2,81.9,D:\Proyectos\Encina\artifacts\knowledge\remediation\17-code-2-github-issue-template-feature-request-md-73-reads.md
2026-09-27T16:12:00Z,remediation-classify-17-code-3,1401,21,1.3,16.2,D:\Proyectos\Encina\artifacts\knowledge\remediation\_classify-17-code-3.md
2026-09-27T16:12:08Z,remediation-17-code-3,1031,675,8.3,81.5,D:\Proyectos\Encina\artifacts\knowledge\remediation\17-code-3-vscode-tasks-json-139-the-build-event-sourcing.md
2026-09-27T16:12:16Z,remediation-classify-17-code-4,1603,21,1.4,15.2,D:\Proyectos\Encina\artifacts\knowledge\remediation\_classify-17-code-4.md
2026-09-27T16:12:21Z,remediation-17-code-4,1044,445,4.9,90.5,D:\Proyectos\Encina\artifacts\knowledge\remediation\17-code-4-src-encina-domainmodeling-aggregatebase-cs-20-the-public.md
2026-09-27T16:12:25Z,remediation-classify-17-tests-1,628,20,0.9,21.8,D:\Proyectos\Encina\artifacts\knowledge\remediation\_classify-17-tests-1.md
2026-09-27T16:12:33Z,remediation-17-tests-1,952,710,7.7,91.8,D:\Proyectos\Encina\artifacts\knowledge\remediation\17-tests-1-tests-encina-guardtests-infrastructure-marten-martenaggregat.md
2026-09-27T16:12:41Z,remediation-classify-17-docs-1,1619,28,1.5,18.2,D:\Proyectos\Encina\artifacts\knowledge\remediation\_classify-17-docs-1.md
2026-09-27T16:12:49Z,remediation-17-docs-1,1113,743,7.7,96.2,D:\Proyectos\Encina\artifacts\knowledge\remediation\17-docs-1-docs-architecture-adr-027-marten-as-the-event.md
2026-09-27T16:12:53Z,remediation-classify-17-docs-2,1782,30,1.5,19.4,D:\Proyectos\Encina\artifacts\knowledge\remediation\_classify-17-docs-2.md
2026-09-27T16:13:00Z,remediation-17-docs-2,1152,587,6.5,90.2,D:\Proyectos\Encina\artifacts\knowledge\remediation\17-docs-2-agents-md-70-the-other-categories-sentence-event.md
2026-09-27T16:13:05Z,remediation-classify-17-docs-3,1584,21,1.4,15.6,D:\Proyectos\Encina\artifacts\knowledge\remediation\_classify-17-docs-3.md
2026-09-27T16:13:12Z,remediation-17-docs-3,1006,522,6.3,82.6,D:\Proyectos\Encina\artifacts\knowledge\remediation\17-docs-3-docs-inventory-md-89-event-sourcing-1-marten.md
2026-09-27T16:13:19Z,remediation-classify-17-docs-4,1763,19,1.6,12.0,D:\Proyectos\Encina\artifacts\knowledge\remediation\_classify-17-docs-4.md
2026-09-27T16:13:24Z,remediation-17-docs-4,1066,473,5.3,89.0,D:\Proyectos\Encina\artifacts\knowledge\remediation\17-docs-4-roadmap-md-805-the-footnote-directly-under-the.md
2026-09-27T16:13:30Z,remediation-17-docs-4-reask,1147,466,5.3,88.2,D:\Proyectos\Encina\artifacts\knowledge\remediation\17-docs-4-roadmap-md-805-the-footnote-directly-under-the.md
2026-09-27T16:13:35Z,remediation-classify-17-docs-5,1996,22,1.6,13.5,D:\Proyectos\Encina\artifacts\knowledge\remediation\_classify-17-docs-5.md
2026-09-27T16:13:46Z,remediation-17-docs-5,1444,1018,11.0,92.9,D:\Proyectos\Encina\artifacts\knowledge\remediation\17-docs-5-docs-architecture-extensibility-analysis-md-carries-five-sta.md
2026-09-27T16:13:53Z,remediation-classify-17-docs-6,1435,30,1.4,21.4,D:\Proyectos\Encina\artifacts\knowledge\remediation\_classify-17-docs-6.md
2026-09-27T16:14:03Z,remediation-17-docs-6,1089,776,9.6,80.6,D:\Proyectos\Encina\artifacts\knowledge\remediation\17-docs-6-docs-architecture-adr-019-compliance-event-sourcing-marten.md
2026-09-27T20:19:19Z,remediation-classify-17-code-3,1401,20,1.4,14.1,D:\Proyectos\Encina\artifacts\knowledge\remediation\_classify-17-code-3.md
2026-09-27T20:19:26Z,remediation-17-code-3,1031,533,6.8,78.4,D:\Proyectos\Encina\artifacts\knowledge\remediation\17-code-3-vscode-tasks-json-139-the-build-event-sourcing.md
2026-09-27T20:19:34Z,remediation-classify-17-docs-1,1619,25,1.6,15.8,D:\Proyectos\Encina\artifacts\knowledge\remediation\_classify-17-docs-1.md
2026-09-27T20:19:43Z,remediation-17-docs-1,1113,719,8.0,89.3,D:\Proyectos\Encina\artifacts\knowledge\remediation\17-docs-1-docs-architecture-adr-027-marten-as-the-event.md
2026-09-28T13:37:57Z,remediation-classify-18-code-1,773,17,1.0,16.5,D:\Proyectos\Encina\artifacts\knowledge\remediation\_classify-18-code-1.md
2026-09-28T13:38:08Z,remediation-18-code-1,1067,913,10.6,85.8,D:\Proyectos\Encina\artifacts\knowledge\remediation\18-code-1-src-encina-nats-natsmessagepublisher-cs-191-194-src.md
2026-09-28T13:38:21Z,remediation-18-code-1-reask,1141,978,12.6,77.7,D:\Proyectos\Encina\artifacts\knowledge\remediation\18-code-1-src-encina-nats-natsmessagepublisher-cs-191-194-src.md
2026-09-28T13:38:32Z,remediation-classify-18-docs-1,1438,20,1.4,14.6,D:\Proyectos\Encina\artifacts\knowledge\remediation\_classify-18-docs-1.md
2026-09-28T13:38:39Z,remediation-18-docs-1,1031,622,7.2,86.8,D:\Proyectos\Encina\artifacts\knowledge\remediation\18-docs-1-docs-messaging-transports-md-293-services-addencinanatscore-.md
2026-09-28T13:38:51Z,remediation-classify-18-code-3,1707,18,1.4,12.5,D:\Proyectos\Encina\artifacts\knowledge\remediation\_classify-18-code-3.md
2026-09-28T13:38:59Z,remediation-18-code-3,1175,722,8.1,89.2,D:\Proyectos\Encina\artifacts\knowledge\remediation\18-code-3-src-encina-rabbitmq-src-encina-kafka-src-encina.md
2026-09-28T13:39:09Z,remediation-18-code-3-reask,1245,763,9.3,82.1,D:\Proyectos\Encina\artifacts\knowledge\remediation\18-code-3-src-encina-rabbitmq-src-encina-kafka-src-encina.md
2026-09-28T13:39:14Z,remediation-classify-18-code-4,1540,20,1.5,13.2,D:\Proyectos\Encina\artifacts\knowledge\remediation\_classify-18-code-4.md
2026-09-28T13:39:24Z,remediation-18-code-4,1027,896,10.0,90.1,D:\Proyectos\Encina\artifacts\knowledge\remediation\18-code-4-src-encina-rabbitmq-servicecollectionextensions-cs-53-factor.md
2026-09-28T13:39:33Z,remediation-18-code-4-reask,1101,754,8.9,84.8,D:\Proyectos\Encina\artifacts\knowledge\remediation\18-code-4-src-encina-rabbitmq-servicecollectionextensions-cs-53-factor.md
2026-09-28T13:39:40Z,remediation-classify-18-tests-1,1508,17,1.4,12.4,D:\Proyectos\Encina\artifacts\knowledge\remediation\_classify-18-tests-1.md
2026-09-28T13:39:48Z,remediation-18-tests-1,1399,740,8.2,89.9,D:\Proyectos\Encina\artifacts\knowledge\remediation\18-tests-1-no-test-exists-and-none-of-the-current.md
2026-09-28T13:39:58Z,remediation-classify-18-tests-2,1919,19,1.6,11.8,D:\Proyectos\Encina\artifacts\knowledge\remediation\_classify-18-tests-2.md
2026-09-28T13:40:07Z,remediation-18-tests-2,1421,797,8.5,94.0,D:\Proyectos\Encina\artifacts\knowledge\remediation\18-tests-2-encina-inmemory-the-inmemorymessagebus-implementation-has-ze.md
2026-09-28T13:40:15Z,remediation-classify-18-tests-3,1352,17,1.4,12.4,D:\Proyectos\Encina\artifacts\knowledge\remediation\_classify-18-tests-3.md
2026-09-28T13:40:26Z,remediation-18-tests-3,1187,936,10.1,92.9,D:\Proyectos\Encina\artifacts\knowledge\remediation\18-tests-3-encina-mqtt-mqttmessagepublisher-cs-is-only-33-6.md
2026-09-28T13:40:33Z,remediation-classify-18-tests-4,1724,22,2.1,10.4,D:\Proyectos\Encina\artifacts\knowledge\remediation\_classify-18-tests-4.md
2026-09-28T13:40:43Z,remediation-18-tests-4,1225,759,10.1,75.3,D:\Proyectos\Encina\artifacts\knowledge\remediation\18-tests-4-encina-rabbitmq-servicecollectionextensions-cs-53-59-and-enc.md
2026-09-28T13:40:50Z,remediation-classify-18-docs-2,679,18,1.0,18.2,D:\Proyectos\Encina\artifacts\knowledge\remediation\_classify-18-docs-2.md
2026-09-28T13:41:00Z,remediation-18-docs-2,876,743,10.1,73.9,D:\Proyectos\Encina\artifacts\knowledge\remediation\18-docs-2-docs-messaging-transports-md-224-229-shows-options.md
2026-09-28T13:41:05Z,remediation-classify-18-docs-3,630,17,1.0,17.7,D:\Proyectos\Encina\artifacts\knowledge\remediation\_classify-18-docs-3.md
2026-09-28T13:41:14Z,remediation-18-docs-3,840,721,8.1,88.6,D:\Proyectos\Encina\artifacts\knowledge\remediation\18-docs-3-docs-messaging-transports-md-257-262-documents-options.md
2026-09-28T13:41:20Z,remediation-classify-18-docs-4,1092,22,1.2,17.8,D:\Proyectos\Encina\artifacts\knowledge\remediation\_classify-18-docs-4.md
2026-09-28T13:41:27Z,remediation-18-docs-4,836,556,6.8,82.1,D:\Proyectos\Encina\artifacts\knowledge\remediation\18-docs-4-docs-messaging-transports-md-334-options-queuename-orders.md
2026-09-28T13:41:31Z,remediation-classify-18-docs-5,572,21,0.9,22.6,D:\Proyectos\Encina\artifacts\knowledge\remediation\_classify-18-docs-5.md
2026-09-28T13:41:40Z,remediation-18-docs-5,838,750,8.7,85.9,D:\Proyectos\Encina\artifacts\knowledge\remediation\18-docs-5-docs-messaging-transports-md-358-options-queueurl-https.md
2026-09-28T13:41:49Z,remediation-classify-18-docs-6,1272,17,1.2,13.9,D:\Proyectos\Encina\artifacts\knowledge\remediation\_classify-18-docs-6.md
2026-09-28T13:41:58Z,remediation-18-docs-6,967,725,8.3,87.2,D:\Proyectos\Encina\artifacts\knowledge\remediation\18-docs-6-docs-messaging-transports-md-389-await-subscriber-subscribea.md
2026-09-28T13:42:06Z,remediation-classify-18-docs-7,1304,20,1.3,15.9,D:\Proyectos\Encina\artifacts\knowledge\remediation\_classify-18-docs-7.md
2026-09-28T13:42:13Z,remediation-18-docs-7,920,647,7.0,92.9,D:\Proyectos\Encina\artifacts\knowledge\remediation\18-docs-7-docs-messaging-transports-md-410-options-brokeraddress-local.md
2026-09-28T13:42:22Z,remediation-classify-18-docs-8,1359,21,1.3,16.3,D:\Proyectos\Encina\artifacts\knowledge\remediation\_classify-18-docs-8.md
2026-09-28T13:42:30Z,remediation-18-docs-8,1021,648,7.9,82.2,D:\Proyectos\Encina\artifacts\knowledge\remediation\18-docs-8-docs-messaging-transports-md-441-447-documents-services.md
2026-09-28T13:42:35Z,remediation-classify-18-docs-9,1532,25,1.4,17.4,D:\Proyectos\Encina\artifacts\knowledge\remediation\_classify-18-docs-9.md
2026-09-28T13:42:43Z,remediation-18-docs-9,943,740,7.9,93.3,D:\Proyectos\Encina\artifacts\knowledge\remediation\18-docs-9-docs-messaging-transports-md-462-464-documents-services.md
2026-09-28T13:42:50Z,remediation-18-docs-9-reask,1012,572,6.2,92.9,D:\Proyectos\Encina\artifacts\knowledge\remediation\18-docs-9-docs-messaging-transports-md-462-464-documents-services.md
2026-09-28T13:42:58Z,remediation-classify-18-docs-10,1201,24,1.3,19.1,D:\Proyectos\Encina\artifacts\knowledge\remediation\_classify-18-docs-10.md
2026-09-28T13:43:07Z,remediation-18-docs-10,910,744,8.5,87.5,D:\Proyectos\Encina\artifacts\knowledge\remediation\18-docs-10-docs-messaging-transports-md-498-506-the-testing.md
2026-09-28T13:43:11Z,remediation-classify-18-docs-11,1526,17,1.4,11.8,D:\Proyectos\Encina\artifacts\knowledge\remediation\_classify-18-docs-11.md
2026-09-28T13:43:20Z,remediation-18-docs-11,1074,791,8.6,92.1,D:\Proyectos\Encina\artifacts\knowledge\remediation\18-docs-11-docs-messaging-transports-md-545-549-faq-how.md
2026-09-28T13:43:28Z,remediation-18-docs-11-reask,1144,767,8.2,93.1,D:\Proyectos\Encina\artifacts\knowledge\remediation\18-docs-11-docs-messaging-transports-md-545-549-faq-how.md
2026-09-28T13:43:38Z,remediation-classify-18-docs-12,1732,17,1.5,11.5,D:\Proyectos\Encina\artifacts\knowledge\remediation\_classify-18-docs-12.md
2026-09-28T13:43:46Z,remediation-18-docs-12,1120,710,8.0,88.9,D:\Proyectos\Encina\artifacts\knowledge\remediation\18-docs-12-docs-messaging-index-md-45-lists-encina-dapper.md
2026-09-28T13:43:53Z,remediation-18-docs-12-reask,1190,627,6.9,90.6,D:\Proyectos\Encina\artifacts\knowledge\remediation\18-docs-12-docs-messaging-index-md-45-lists-encina-dapper.md
2026-09-28T13:43:59Z,remediation-classify-18-docs-13,1555,18,1.4,12.7,D:\Proyectos\Encina\artifacts\knowledge\remediation\_classify-18-docs-13.md
2026-09-28T13:44:08Z,remediation-18-docs-13,1060,671,8.4,79.9,D:\Proyectos\Encina\artifacts\knowledge\remediation\18-docs-13-docs-messaging-transports-md-520-528-faq-should.md
2026-09-28T13:44:16Z,remediation-classify-18-docs-14,1613,17,1.4,11.9,D:\Proyectos\Encina\artifacts\knowledge\remediation\_classify-18-docs-14.md
2026-09-28T13:44:24Z,remediation-18-docs-14,1100,735,8.0,91.3,D:\Proyectos\Encina\artifacts\knowledge\remediation\18-docs-14-docs-messaging-transports-md-mixes-all-four-di.md
2026-09-28T13:44:34Z,remediation-classify-18-docs-15,1670,21,1.6,13.5,D:\Proyectos\Encina\artifacts\knowledge\remediation\_classify-18-docs-15.md
2026-09-28T13:44:43Z,remediation-18-docs-15,1104,680,8.2,83.0,D:\Proyectos\Encina\artifacts\knowledge\remediation\18-docs-15-the-page-asserts-full-api-parity-per-transport.md
2026-09-28T13:54:54Z,remediation-classify-18-docs-9,1532,18,1.9,9.5,D:\Proyectos\Encina\artifacts\knowledge\remediation\_classify-18-docs-9.md
2026-09-28T13:55:04Z,remediation-18-docs-9,1003,696,10.2,68.3,D:\Proyectos\Encina\artifacts\knowledge\remediation\18-docs-9-docs-messaging-transports-md-462-464-documents-services.md
2026-09-28T13:55:17Z,remediation-classify-18-docs-12,1732,21,1.8,11.9,D:\Proyectos\Encina\artifacts\knowledge\remediation\_classify-18-docs-12.md
2026-09-28T13:55:25Z,remediation-18-docs-12,1120,544,7.4,73.2,D:\Proyectos\Encina\artifacts\knowledge\remediation\18-docs-12-docs-messaging-index-md-45-lists-encina-dapper.md
2026-09-28T15:08:47Z,remediation-classify-18-code-1,773,21,1.1,19.2,D:\Proyectos\Encina\artifacts\knowledge\remediation\_classify-18-code-1.md
2026-09-28T15:09:00Z,remediation-18-code-1,1067,1233,12.7,96.9,D:\Proyectos\Encina\artifacts\knowledge\remediation\18-code-1-src-encina-nats-natsmessagepublisher-cs-191-194-src.md
2026-09-28T15:09:13Z,remediation-18-code-1-reask,1192,1125,12.6,89.0,D:\Proyectos\Encina\artifacts\knowledge\remediation\18-code-1-src-encina-nats-natsmessagepublisher-cs-191-194-src.md
2026-09-28T15:09:22Z,remediation-classify-18-docs-1,1438,24,1.4,17.6,D:\Proyectos\Encina\artifacts\knowledge\remediation\_classify-18-docs-1.md
2026-09-28T15:09:30Z,remediation-18-docs-1,1031,791,8.4,94.1,D:\Proyectos\Encina\artifacts\knowledge\remediation\18-docs-1-docs-messaging-transports-md-293-services-addencinanatscore-.md
2026-09-28T15:09:40Z,remediation-classify-18-code-3,1707,18,1.5,12.0,D:\Proyectos\Encina\artifacts\knowledge\remediation\_classify-18-code-3.md
2026-09-28T15:09:53Z,remediation-18-code-3,1148,1011,12.1,83.5,D:\Proyectos\Encina\artifacts\knowledge\remediation\18-code-3-src-encina-rabbitmq-src-encina-kafka-src-encina.md
2026-09-28T15:09:56Z,remediation-classify-18-code-4,1540,21,1.4,14.8,D:\Proyectos\Encina\artifacts\knowledge\remediation\_classify-18-code-4.md
2026-09-28T15:10:06Z,remediation-18-code-4,1027,880,9.7,91.1,D:\Proyectos\Encina\artifacts\knowledge\remediation\18-code-4-src-encina-rabbitmq-servicecollectionextensions-cs-53-factor.md
2026-09-28T15:10:12Z,remediation-classify-18-tests-1,1508,22,1.5,15.0,D:\Proyectos\Encina\artifacts\knowledge\remediation\_classify-18-tests-1.md
2026-09-28T15:10:21Z,remediation-18-tests-1,1399,755,8.0,93.9,D:\Proyectos\Encina\artifacts\knowledge\remediation\18-tests-1-no-test-exists-and-none-of-the-current.md
2026-09-28T15:10:29Z,remediation-classify-18-tests-2,1919,21,1.6,13.0,D:\Proyectos\Encina\artifacts\knowledge\remediation\_classify-18-tests-2.md
2026-09-28T15:10:39Z,remediation-18-tests-2,1421,793,9.0,87.9,D:\Proyectos\Encina\artifacts\knowledge\remediation\18-tests-2-encina-inmemory-the-inmemorymessagebus-implementation-has-ze.md
2026-09-28T15:10:45Z,remediation-classify-18-tests-3,1352,18,1.3,13.9,D:\Proyectos\Encina\artifacts\knowledge\remediation\_classify-18-tests-3.md
2026-09-28T15:10:54Z,remediation-18-tests-3,1187,846,8.3,101.8,D:\Proyectos\Encina\artifacts\knowledge\remediation\18-tests-3-encina-mqtt-mqttmessagepublisher-cs-is-only-33-6.md
2026-09-28T15:10:59Z,remediation-classify-18-tests-4,1724,23,1.6,14.3,D:\Proyectos\Encina\artifacts\knowledge\remediation\_classify-18-tests-4.md
2026-09-28T15:11:07Z,remediation-18-tests-4,1225,802,8.3,96.5,D:\Proyectos\Encina\artifacts\knowledge\remediation\18-tests-4-encina-rabbitmq-servicecollectionextensions-cs-53-59-and-enc.md
2026-09-28T15:11:13Z,remediation-classify-18-docs-2,679,20,1.0,20.8,D:\Proyectos\Encina\artifacts\knowledge\remediation\_classify-18-docs-2.md
2026-09-28T15:11:21Z,remediation-18-docs-2,876,695,8.2,84.5,D:\Proyectos\Encina\artifacts\knowledge\remediation\18-docs-2-docs-messaging-transports-md-224-229-shows-options.md
2026-09-28T15:11:26Z,remediation-classify-18-docs-3,630,17,0.9,19.9,D:\Proyectos\Encina\artifacts\knowledge\remediation\_classify-18-docs-3.md
2026-09-28T15:11:35Z,remediation-18-docs-3,840,699,8.0,87.2,D:\Proyectos\Encina\artifacts\knowledge\remediation\18-docs-3-docs-messaging-transports-md-257-262-documents-options.md
2026-09-28T15:11:40Z,remediation-classify-18-docs-4,1092,19,1.2,16.5,D:\Proyectos\Encina\artifacts\knowledge\remediation\_classify-18-docs-4.md
2026-09-28T15:11:47Z,remediation-18-docs-4,836,562,6.3,89.7,D:\Proyectos\Encina\artifacts\knowledge\remediation\18-docs-4-docs-messaging-transports-md-334-options-queuename-orders.md
2026-09-28T15:11:50Z,remediation-classify-18-docs-5,572,21,0.8,24.8,D:\Proyectos\Encina\artifacts\knowledge\remediation\_classify-18-docs-5.md
2026-09-28T15:11:59Z,remediation-18-docs-5,838,716,8.2,86.8,D:\Proyectos\Encina\artifacts\knowledge\remediation\18-docs-5-docs-messaging-transports-md-358-options-queueurl-https.md
2026-09-28T15:12:07Z,remediation-classify-18-docs-6,1272,18,1.3,13.9,D:\Proyectos\Encina\artifacts\knowledge\remediation\_classify-18-docs-6.md
2026-09-28T15:12:15Z,remediation-18-docs-6,967,635,7.1,89.1,D:\Proyectos\Encina\artifacts\knowledge\remediation\18-docs-6-docs-messaging-transports-md-389-await-subscriber-subscribea.md
2026-09-28T15:12:22Z,remediation-classify-18-docs-7,1304,18,1.2,15.3,D:\Proyectos\Encina\artifacts\knowledge\remediation\_classify-18-docs-7.md
2026-09-28T15:12:29Z,remediation-18-docs-7,920,623,7.1,87.7,D:\Proyectos\Encina\artifacts\knowledge\remediation\18-docs-7-docs-messaging-transports-md-410-options-brokeraddress-local.md
2026-09-28T15:12:37Z,remediation-classify-18-docs-8,1359,23,1.3,17.6,D:\Proyectos\Encina\artifacts\knowledge\remediation\_classify-18-docs-8.md
2026-09-28T15:12:44Z,remediation-18-docs-8,1021,596,6.8,87.7,D:\Proyectos\Encina\artifacts\knowledge\remediation\18-docs-8-docs-messaging-transports-md-441-447-documents-services.md
2026-09-28T15:12:49Z,remediation-classify-18-docs-9,1532,19,1.4,13.6,D:\Proyectos\Encina\artifacts\knowledge\remediation\_classify-18-docs-9.md
2026-09-28T15:12:58Z,remediation-18-docs-9,1003,699,8.6,81.0,D:\Proyectos\Encina\artifacts\knowledge\remediation\18-docs-9-docs-messaging-transports-md-462-464-documents-services.md
2026-09-28T15:13:06Z,remediation-classify-18-docs-10,1201,20,1.2,16.7,D:\Proyectos\Encina\artifacts\knowledge\remediation\_classify-18-docs-10.md
2026-09-28T15:13:12Z,remediation-18-docs-10,910,571,6.4,89.8,D:\Proyectos\Encina\artifacts\knowledge\remediation\18-docs-10-docs-messaging-transports-md-498-506-the-testing.md
2026-09-28T15:13:20Z,remediation-18-docs-10-reask,980,633,7.2,88.2,D:\Proyectos\Encina\artifacts\knowledge\remediation\18-docs-10-docs-messaging-transports-md-498-506-the-testing.md
2026-09-28T15:13:24Z,remediation-classify-18-docs-11,1526,27,1.4,18.7,D:\Proyectos\Encina\artifacts\knowledge\remediation\_classify-18-docs-11.md
2026-09-28T15:13:32Z,remediation-18-docs-11,1074,713,8.2,86.8,D:\Proyectos\Encina\artifacts\knowledge\remediation\18-docs-11-docs-messaging-transports-md-545-549-faq-how.md
2026-09-28T15:13:41Z,remediation-18-docs-11-reask,1144,740,8.8,84.0,D:\Proyectos\Encina\artifacts\knowledge\remediation\18-docs-11-docs-messaging-transports-md-545-549-faq-how.md
2026-09-28T15:13:49Z,remediation-classify-18-docs-13,1555,18,1.4,12.8,D:\Proyectos\Encina\artifacts\knowledge\remediation\_classify-18-docs-13.md
2026-09-28T15:13:57Z,remediation-18-docs-13,1060,595,7.3,81.2,D:\Proyectos\Encina\artifacts\knowledge\remediation\18-docs-13-docs-messaging-transports-md-520-528-faq-should.md
2026-09-28T15:21:38Z,remediation-classify-18-code-1,773,17,1.0,16.5,D:\Proyectos\Encina\artifacts\knowledge\remediation\_classify-18-code-1.md
2026-09-28T15:21:47Z,remediation-18-code-1,1067,815,8.9,91.9,D:\Proyectos\Encina\artifacts\knowledge\remediation\18-code-1-src-encina-nats-natsmessagepublisher-cs-191-194-src.md
2026-09-28T15:21:59Z,remediation-18-code-1-reask,1192,917,11.7,78.7,D:\Proyectos\Encina\artifacts\knowledge\remediation\18-code-1-src-encina-nats-natsmessagepublisher-cs-191-194-src.md
2026-09-28T15:22:07Z,remediation-classify-18-docs-1,1438,23,1.4,16.3,D:\Proyectos\Encina\artifacts\knowledge\remediation\_classify-18-docs-1.md
2026-09-28T15:22:15Z,remediation-18-docs-1,1031,632,6.9,91.3,D:\Proyectos\Encina\artifacts\knowledge\remediation\18-docs-1-docs-messaging-transports-md-293-services-addencinanatscore-.md
2026-09-28T15:22:26Z,remediation-classify-18-code-3,1707,18,1.5,12.4,D:\Proyectos\Encina\artifacts\knowledge\remediation\_classify-18-code-3.md
2026-09-28T15:22:34Z,remediation-18-code-3,1175,682,8.1,84.6,D:\Proyectos\Encina\artifacts\knowledge\remediation\18-code-3-src-encina-rabbitmq-src-encina-kafka-src-encina.md
2026-09-28T15:22:38Z,remediation-classify-18-code-4,1540,21,1.4,14.9,D:\Proyectos\Encina\artifacts\knowledge\remediation\_classify-18-code-4.md
2026-09-28T15:22:46Z,remediation-18-code-4,1027,656,7.4,89.1,D:\Proyectos\Encina\artifacts\knowledge\remediation\18-code-4-src-encina-rabbitmq-servicecollectionextensions-cs-53-factor.md
2026-09-28T15:22:54Z,remediation-18-code-4-reask,1101,693,8.0,86.2,D:\Proyectos\Encina\artifacts\knowledge\remediation\18-code-4-src-encina-rabbitmq-servicecollectionextensions-cs-53-factor.md
2026-09-28T15:23:00Z,remediation-classify-18-tests-1,1508,17,1.4,12.1,D:\Proyectos\Encina\artifacts\knowledge\remediation\_classify-18-tests-1.md
2026-09-28T15:23:08Z,remediation-18-tests-1,1399,695,7.4,93.5,D:\Proyectos\Encina\artifacts\knowledge\remediation\18-tests-1-no-test-exists-and-none-of-the-current.md
2026-09-28T15:23:17Z,remediation-classify-18-tests-2,1919,23,1.6,14.5,D:\Proyectos\Encina\artifacts\knowledge\remediation\_classify-18-tests-2.md
2026-09-28T15:23:27Z,remediation-18-tests-2,1421,895,9.8,91.6,D:\Proyectos\Encina\artifacts\knowledge\remediation\18-tests-2-encina-inmemory-the-inmemorymessagebus-implementation-has-ze.md
2026-09-28T15:23:35Z,remediation-classify-18-tests-3,1352,17,1.3,13.5,D:\Proyectos\Encina\artifacts\knowledge\remediation\_classify-18-tests-3.md
2026-09-28T15:23:43Z,remediation-18-tests-3,1187,759,7.8,96.9,D:\Proyectos\Encina\artifacts\knowledge\remediation\18-tests-3-encina-mqtt-mqttmessagepublisher-cs-is-only-33-6.md
2026-09-28T15:23:48Z,remediation-classify-18-tests-4,1724,20,1.5,13.1,D:\Proyectos\Encina\artifacts\knowledge\remediation\_classify-18-tests-4.md
2026-09-28T15:23:57Z,remediation-18-tests-4,1225,876,9.0,97.3,D:\Proyectos\Encina\artifacts\knowledge\remediation\18-tests-4-encina-rabbitmq-servicecollectionextensions-cs-53-59-and-enc.md
2026-09-28T15:24:02Z,remediation-classify-18-docs-2,679,20,0.9,21.2,D:\Proyectos\Encina\artifacts\knowledge\remediation\_classify-18-docs-2.md
2026-09-28T15:24:12Z,remediation-18-docs-2,876,911,10.2,89.0,D:\Proyectos\Encina\artifacts\knowledge\remediation\18-docs-2-docs-messaging-transports-md-224-229-shows-options.md
2026-09-28T15:24:20Z,remediation-18-docs-2-reask,946,675,7.8,86.5,D:\Proyectos\Encina\artifacts\knowledge\remediation\18-docs-2-docs-messaging-transports-md-224-229-shows-options.md
2026-09-28T15:24:25Z,remediation-classify-18-docs-3,630,21,1.0,20.8,D:\Proyectos\Encina\artifacts\knowledge\remediation\_classify-18-docs-3.md
2026-09-28T15:24:32Z,remediation-18-docs-3,840,630,6.8,92.2,D:\Proyectos\Encina\artifacts\knowledge\remediation\18-docs-3-docs-messaging-transports-md-257-262-documents-options.md
2026-09-28T15:24:38Z,remediation-classify-18-docs-4,1092,20,1.2,17.3,D:\Proyectos\Encina\artifacts\knowledge\remediation\_classify-18-docs-4.md
2026-09-28T15:24:44Z,remediation-18-docs-4,836,499,5.5,90.2,D:\Proyectos\Encina\artifacts\knowledge\remediation\18-docs-4-docs-messaging-transports-md-334-options-queuename-orders.md
2026-09-28T15:24:47Z,remediation-classify-18-docs-5,572,20,0.9,21.6,D:\Proyectos\Encina\artifacts\knowledge\remediation\_classify-18-docs-5.md
2026-09-28T15:24:55Z,remediation-18-docs-5,838,699,7.9,88.0,D:\Proyectos\Encina\artifacts\knowledge\remediation\18-docs-5-docs-messaging-transports-md-358-options-queueurl-https.md
2026-09-28T15:25:03Z,remediation-classify-18-docs-6,1272,19,1.3,14.8,D:\Proyectos\Encina\artifacts\knowledge\remediation\_classify-18-docs-6.md
2026-09-28T15:25:11Z,remediation-18-docs-6,967,689,8.2,83.9,D:\Proyectos\Encina\artifacts\knowledge\remediation\18-docs-6-docs-messaging-transports-md-389-await-subscriber-subscribea.md
2026-09-28T15:25:18Z,remediation-classify-18-docs-7,1304,18,1.2,14.6,D:\Proyectos\Encina\artifacts\knowledge\remediation\_classify-18-docs-7.md
2026-09-28T15:25:25Z,remediation-18-docs-7,920,559,6.2,89.5,D:\Proyectos\Encina\artifacts\knowledge\remediation\18-docs-7-docs-messaging-transports-md-410-options-brokeraddress-local.md
2026-09-28T15:25:30Z,remediation-18-docs-7-reask,990,505,5.3,95.9,D:\Proyectos\Encina\artifacts\knowledge\remediation\18-docs-7-docs-messaging-transports-md-410-options-brokeraddress-local.md
2026-09-28T15:25:38Z,remediation-classify-18-docs-8,1359,22,1.3,16.6,D:\Proyectos\Encina\artifacts\knowledge\remediation\_classify-18-docs-8.md
2026-09-28T15:25:46Z,remediation-18-docs-8,1021,716,7.9,90.8,D:\Proyectos\Encina\artifacts\knowledge\remediation\18-docs-8-docs-messaging-transports-md-441-447-documents-services.md
2026-09-28T15:25:51Z,remediation-classify-18-docs-9,1532,18,1.4,12.8,D:\Proyectos\Encina\artifacts\knowledge\remediation\_classify-18-docs-9.md
2026-09-28T15:25:58Z,remediation-18-docs-9,1003,613,7.1,86.7,D:\Proyectos\Encina\artifacts\knowledge\remediation\18-docs-9-docs-messaging-transports-md-462-464-documents-services.md
2026-09-28T15:26:06Z,remediation-classify-18-docs-10,1201,20,1.1,17.4,D:\Proyectos\Encina\artifacts\knowledge\remediation\_classify-18-docs-10.md
2026-09-28T15:26:14Z,remediation-18-docs-10,910,706,8.4,84.2,D:\Proyectos\Encina\artifacts\knowledge\remediation\18-docs-10-docs-messaging-transports-md-498-506-the-testing.md
2026-09-28T15:26:18Z,remediation-classify-18-docs-11,1526,25,1.4,18.1,D:\Proyectos\Encina\artifacts\knowledge\remediation\_classify-18-docs-11.md
2026-09-28T15:26:28Z,remediation-18-docs-11,1074,821,9.4,87.7,D:\Proyectos\Encina\artifacts\knowledge\remediation\18-docs-11-docs-messaging-transports-md-545-549-faq-how.md
2026-09-28T15:26:37Z,remediation-18-docs-11-reask,1144,778,8.7,89.1,D:\Proyectos\Encina\artifacts\knowledge\remediation\18-docs-11-docs-messaging-transports-md-545-549-faq-how.md
2026-09-28T15:26:44Z,remediation-classify-18-docs-13,1555,22,1.5,15.0,D:\Proyectos\Encina\artifacts\knowledge\remediation\_classify-18-docs-13.md
2026-09-28T15:26:54Z,remediation-18-docs-13,1060,784,9.1,86.3,D:\Proyectos\Encina\artifacts\knowledge\remediation\18-docs-13-docs-messaging-transports-md-520-528-faq-should.md
2026-09-28T15:27:01Z,remediation-classify-18-docs-14,1613,21,1.4,14.8,D:\Proyectos\Encina\artifacts\knowledge\remediation\_classify-18-docs-14.md
2026-09-28T15:27:08Z,remediation-18-docs-14,1100,678,7.1,96.0,D:\Proyectos\Encina\artifacts\knowledge\remediation\18-docs-14-docs-messaging-transports-md-mixes-all-four-di.md
2026-09-28T15:27:18Z,remediation-classify-18-docs-15,1674,20,1.5,12.9,D:\Proyectos\Encina\artifacts\knowledge\remediation\_classify-18-docs-15.md
2026-09-28T15:27:25Z,remediation-18-docs-15,1114,592,7.3,81.3,D:\Proyectos\Encina\artifacts\knowledge\remediation\18-docs-15-the-page-asserts-full-api-parity-per-transport.md
2026-09-28T17:17:57Z,remediation-classify-18-tests-1,1508,18,1.4,13.0,D:\Proyectos\Encina\artifacts\knowledge\remediation\_classify-18-tests-1.md
2026-09-28T17:18:06Z,remediation-18-tests-1,1399,896,9.1,98.0,D:\Proyectos\Encina\artifacts\knowledge\remediation\18-tests-1-no-test-exists-and-none-of-the-current.md
2026-09-28T17:18:16Z,remediation-classify-18-tests-2,1919,23,1.6,14.8,D:\Proyectos\Encina\artifacts\knowledge\remediation\_classify-18-tests-2.md
2026-09-28T17:18:26Z,remediation-18-tests-2,1421,1050,10.0,104.8,D:\Proyectos\Encina\artifacts\knowledge\remediation\18-tests-2-encina-inmemory-the-inmemorymessagebus-implementation-has-ze.md
2026-09-28T17:18:34Z,remediation-classify-18-tests-3,1352,21,1.4,15.2,D:\Proyectos\Encina\artifacts\knowledge\remediation\_classify-18-tests-3.md
2026-09-28T17:18:44Z,remediation-18-tests-3,1187,908,9.5,95.1,D:\Proyectos\Encina\artifacts\knowledge\remediation\18-tests-3-encina-mqtt-mqttmessagepublisher-cs-is-only-33-6.md
2026-09-28T17:18:51Z,remediation-classify-18-tests-4,1724,22,1.5,14.3,D:\Proyectos\Encina\artifacts\knowledge\remediation\_classify-18-tests-4.md
2026-09-28T17:18:59Z,remediation-18-tests-4,1225,758,7.8,97.7,D:\Proyectos\Encina\artifacts\knowledge\remediation\18-tests-4-encina-rabbitmq-servicecollectionextensions-cs-53-59-and-enc.md
2026-09-28T17:19:04Z,remediation-classify-18-docs-5,572,21,0.8,25.2,D:\Proyectos\Encina\artifacts\knowledge\remediation\_classify-18-docs-5.md
2026-09-28T17:19:13Z,remediation-18-docs-5,838,806,9.1,88.7,D:\Proyectos\Encina\artifacts\knowledge\remediation\18-docs-5-docs-messaging-transports-md-358-options-queueurl-https.md
2026-09-28T17:19:22Z,remediation-classify-18-docs-13,1555,18,1.4,12.9,D:\Proyectos\Encina\artifacts\knowledge\remediation\_classify-18-docs-13.md
2026-09-28T17:19:30Z,remediation-18-docs-13,1060,681,8.0,85.6,D:\Proyectos\Encina\artifacts\knowledge\remediation\18-docs-13-docs-messaging-transports-md-520-528-faq-should.md
2026-09-28T17:19:36Z,remediation-18-docs-13-reask,1130,540,6.2,86.5,D:\Proyectos\Encina\artifacts\knowledge\remediation\18-docs-13-docs-messaging-transports-md-520-528-faq-should.md
2026-09-28T17:19:44Z,remediation-classify-18-docs-14,1613,23,1.5,15.4,D:\Proyectos\Encina\artifacts\knowledge\remediation\_classify-18-docs-14.md
2026-09-28T17:19:53Z,remediation-18-docs-14,1100,854,9.3,91.7,D:\Proyectos\Encina\artifacts\knowledge\remediation\18-docs-14-docs-messaging-transports-md-mixes-all-four-di.md
2026-10-02T08:56:47Z,remediation-classify-18-code-1,1545,23,1.5,15.4,D:\Proyectos\Encina\artifacts\knowledge\remediation\_classify-18-code-1.md
2026-10-02T08:56:59Z,remediation-18-code-1,1422,962,11.6,83.0,D:\Proyectos\Encina\artifacts\knowledge\remediation\18-code-1-five-transport-packages-dispose-their-di-singleton-client.md
2026-10-02T08:57:05Z,remediation-classify-18-tests-1,2178,17,1.7,10.2,D:\Proyectos\Encina\artifacts\knowledge\remediation\_classify-18-tests-1.md
2026-10-02T08:57:18Z,remediation-18-tests-1,1756,1336,12.4,107.6,D:\Proyectos\Encina\artifacts\knowledge\remediation\18-tests-1-five-transport-packages-nats-rabbitmq-mqtt-azureservicebus-k.md
2026-10-02T08:57:27Z,remediation-classify-18-tests-2,1895,26,1.6,16.1,D:\Proyectos\Encina\artifacts\knowledge\remediation\_classify-18-tests-2.md
2026-10-02T08:57:35Z,remediation-18-tests-2,1405,833,8.4,98.6,D:\Proyectos\Encina\artifacts\knowledge\remediation\18-tests-2-encina-inmemory-the-inmemorymessagebus-implementation-has-ze.md
2026-10-02T08:57:41Z,remediation-classify-18-tests-3,855,17,1.0,16.6,D:\Proyectos\Encina\artifacts\knowledge\remediation\_classify-18-tests-3.md
2026-10-02T08:57:49Z,remediation-18-tests-3,1107,788,7.9,99.2,D:\Proyectos\Encina\artifacts\knowledge\remediation\18-tests-3-encina-mqtt-mqttmessagepublisher-cs-is-only-33-6.md
2026-10-02T08:57:57Z,remediation-classify-18-tests-4,1721,20,1.5,13.3,D:\Proyectos\Encina\artifacts\knowledge\remediation\_classify-18-tests-4.md
2026-10-02T08:58:05Z,remediation-18-tests-4,1222,810,7.8,104.1,D:\Proyectos\Encina\artifacts\knowledge\remediation\18-tests-4-encina-rabbitmq-servicecollectionextensions-cs-53-59-and-enc.md
2026-10-02T08:58:09Z,remediation-classify-18-tests-5,659,17,0.9,19.8,D:\Proyectos\Encina\artifacts\knowledge\remediation\_classify-18-tests-5.md
2026-10-02T08:58:17Z,remediation-18-tests-5,1061,809,8.0,101.0,D:\Proyectos\Encina\artifacts\knowledge\remediation\18-tests-5-src-encina-nats-natsmessagepublisher-cs-93-141-requestasync.md
2026-10-02T08:58:25Z,remediation-classify-18-docs-13,1780,19,1.5,12.7,D:\Proyectos\Encina\artifacts\knowledge\remediation\_classify-18-docs-13.md
2026-10-02T08:58:33Z,remediation-18-docs-13,1233,654,7.3,89.4,D:\Proyectos\Encina\artifacts\knowledge\remediation\18-docs-13-docs-messaging-transports-md-520-528-faq-should.md
2026-10-02T08:58:41Z,remediation-classify-18-docs-15,1674,19,1.4,13.5,D:\Proyectos\Encina\artifacts\knowledge\remediation\_classify-18-docs-15.md
2026-10-02T08:58:51Z,remediation-18-docs-15,1114,841,9.6,87.7,D:\Proyectos\Encina\artifacts\knowledge\remediation\18-docs-15-the-page-asserts-full-api-parity-per-transport.md
2026-10-02T09:08:41Z,remediation-classify-18-code-1,1545,21,1.4,14.5,D:\Proyectos\Encina\artifacts\knowledge\remediation\_classify-18-code-1.md
2026-10-02T09:08:51Z,remediation-18-code-1,1422,821,9.4,87.7,D:\Proyectos\Encina\artifacts\knowledge\remediation\18-code-1-five-transport-packages-dispose-their-di-singleton-client.md
2026-10-02T09:09:01Z,remediation-18-code-1-reask,1496,979,10.0,97.9,D:\Proyectos\Encina\artifacts\knowledge\remediation\18-code-1-five-transport-packages-dispose-their-di-singleton-client.md
2026-10-02T09:09:09Z,remediation-classify-18-code-4,1540,23,1.5,15.4,D:\Proyectos\Encina\artifacts\knowledge\remediation\_classify-18-code-4.md
2026-10-02T09:09:21Z,remediation-18-code-4,1027,1129,11.8,95.8,D:\Proyectos\Encina\artifacts\knowledge\remediation\18-code-4-src-encina-rabbitmq-servicecollectionextensions-cs-53-factor.md
2026-10-02T09:09:28Z,remediation-classify-18-tests-1,2178,19,1.7,11.2,D:\Proyectos\Encina\artifacts\knowledge\remediation\_classify-18-tests-1.md
2026-10-02T09:09:38Z,remediation-18-tests-1,1756,905,9.5,95.5,D:\Proyectos\Encina\artifacts\knowledge\remediation\18-tests-1-five-transport-packages-nats-rabbitmq-mqtt-azureservicebus-k.md
2026-10-02T09:09:48Z,remediation-classify-18-tests-2,1895,22,1.6,13.7,D:\Proyectos\Encina\artifacts\knowledge\remediation\_classify-18-tests-2.md
2026-10-02T09:09:58Z,remediation-18-tests-2,1405,908,9.1,100.2,D:\Proyectos\Encina\artifacts\knowledge\remediation\18-tests-2-encina-inmemory-the-inmemorymessagebus-implementation-has-ze.md
2026-10-02T09:10:03Z,remediation-classify-18-tests-3,855,17,1.0,17.0,D:\Proyectos\Encina\artifacts\knowledge\remediation\_classify-18-tests-3.md
2026-10-02T09:10:13Z,remediation-18-tests-3,1107,965,9.6,100.8,D:\Proyectos\Encina\artifacts\knowledge\remediation\18-tests-3-encina-mqtt-mqttmessagepublisher-cs-is-only-33-6.md
2026-10-02T09:10:17Z,remediation-classify-18-tests-4,1721,21,1.5,14.3,D:\Proyectos\Encina\artifacts\knowledge\remediation\_classify-18-tests-4.md
2026-10-02T09:10:24Z,remediation-18-tests-4,1222,751,7.1,105.1,D:\Proyectos\Encina\artifacts\knowledge\remediation\18-tests-4-encina-rabbitmq-servicecollectionextensions-cs-53-59-and-enc.md
2026-10-02T09:10:28Z,remediation-classify-18-tests-5,659,19,0.9,21.9,D:\Proyectos\Encina\artifacts\knowledge\remediation\_classify-18-tests-5.md
2026-10-02T09:10:37Z,remediation-18-tests-5,1061,889,8.7,102.1,D:\Proyectos\Encina\artifacts\knowledge\remediation\18-tests-5-src-encina-nats-natsmessagepublisher-cs-93-141-requestasync.md
2026-10-02T09:10:44Z,remediation-classify-18-docs-6,1272,17,1.2,13.9,D:\Proyectos\Encina\artifacts\knowledge\remediation\_classify-18-docs-6.md
2026-10-02T09:10:52Z,remediation-18-docs-6,967,679,7.4,91.3,D:\Proyectos\Encina\artifacts\knowledge\remediation\18-docs-6-docs-messaging-transports-md-389-await-subscriber-subscribea.md
2026-10-02T09:11:00Z,remediation-classify-18-docs-15,1674,24,1.5,16.1,D:\Proyectos\Encina\artifacts\knowledge\remediation\_classify-18-docs-15.md
2026-10-02T09:11:09Z,remediation-18-docs-15,1114,717,8.4,85.7,D:\Proyectos\Encina\artifacts\knowledge\remediation\18-docs-15-the-page-asserts-full-api-parity-per-transport.md
2026-10-02T09:11:44Z,remediation-classify-18-code-1,1545,17,1.3,12.8,D:\Proyectos\Encina\artifacts\knowledge\remediation\_classify-18-code-1.md
2026-10-02T09:12:01Z,remediation-18-code-1,1422,1574,16.8,93.6,D:\Proyectos\Encina\artifacts\knowledge\remediation\18-code-1-five-transport-packages-dispose-their-di-singleton-client.md
2026-10-02T09:12:18Z,remediation-18-code-1-reask,1503,1533,16.8,91.2,D:\Proyectos\Encina\artifacts\knowledge\remediation\18-code-1-five-transport-packages-dispose-their-di-singleton-client.md
