{"Title":"Encina.Cdc.SqlServer.Benchmarks.Benchmarks.ConnectorBenchmarks-20260411-194555","HostEnvironmentInfo":{"BenchmarkDotNetCaption":"BenchmarkDotNet","BenchmarkDotNetVersion":"0.15.8","OsVersion":"Linux Ubuntu 24.04.4 LTS (Noble Numbat)","ProcessorName":"AMD EPYC 7763","PhysicalProcessorCount":1,"PhysicalCoreCount":2,"LogicalCoreCount":4,"RuntimeVersion":".NET 10.0.5 (10.0.5, 10.0.526.15411)","Architecture":"X64","HasAttachedDebugger":false,"HasRyuJit":true,"Configuration":"RELEASE","DotNetCliVersion":"10.0.201","ChronometerFrequency":{"Hertz":1000000000},"HardwareTimerKind":"Unknown"},"Benchmarks":[{"DisplayInfo":"ConnectorBenchmarks.GetCurrentPositionAsync: MediumRun(IterationCount=15, LaunchCount=2, WarmupCount=10)","Namespace":"Encina.Cdc.SqlServer.Benchmarks.Benchmarks","Type":"ConnectorBenchmarks","Method":"GetCurrentPositionAsync","MethodTitle":"GetCurrentPositionAsync","Parameters":"","FullName":"Encina.Cdc.SqlServer.Benchmarks.Benchmarks.ConnectorBenchmarks.GetCurrentPositionAsync","HardwareIntrinsics":"AVX2+BMI1+BMI2+F16C+FMA+LZCNT+MOVBE,AVX,SSE3+SSSE3+SSE4.1+SSE4.2+POPCNT,X86Base+SSE+SSE2,AES+PCLMUL VectorSize=256","Statistics":{"OriginalValues":[521314.09765625,525651.375,522136.6171875,522114.373046875,522868.37890625,526120.279296875,523223.0361328125,524733.8271484375,523372.1142578125,524088.3740234375,523494.9951171875,526805.2626953125,523206.15625,523380.966796875,519418.3564453125,521741.009765625,524410.5185546875,522190.2705078125,520211.9169921875,520413.14453125,521853.1435546875,522590.1376953125,522843.1015625,521154.0634765625,521360.794921875,521501.4580078125,521858.2568359375],"N":27,"Min":519418.3564453125,"LowerFence":518896.11328125,"Q1":521621.23388671875,"Median":522590.1376953125,"Mean":522742.81579137733,"Q3":523437.98095703125,"UpperFence":526163.1015625,"Max":526805.2626953125,"InterquartileRange":1816.7470703125,"LowerOutliers":[],"UpperOutliers":[526805.2626953125],"AllOutliers":[526805.2626953125],"StandardError":340.3874548043908,"Variance":3128317.7234817026,"StandardDeviation":1768.7050979407795,"Skewness":0.44293256019855765,"Kurtosis":2.6997169899230196,"ConfidenceInterval":{"N":27,"Mean":522742.81579137733,"StandardError":340.3874548043908,"Level":12,"Margin":1261.684136817738,"Lower":521481.1316545596,"Upper":524004.4999281951},"Percentiles":{"P0":519418.3564453125,"P25":521621.23388671875,"P50":522590.1376953125,"P67":523285.6489453125,"P80":523969.6982421875,"P85":524442.8494140626,"P90":525100.8462890625,"P95":525979.6080078125,"P100":526805.2626953125}},"Memory":{"Gen0Collections":0,"Gen1Collections":0,"Gen2Collections":0,"TotalOperations":1024,"BytesAllocatedPerOperation":4878},"Measurements":[{"IterationMode":"Overhead","IterationStage":"Jitting","LaunchIndex":1,"IterationIndex":1,"Operations":1,"Nanoseconds":211825},{"IterationMode":"Workload","IterationStage":"Jitting","LaunchIndex":1,"IterationIndex":1,"Operations":1,"Nanoseconds":114826459},{"IterationMode":"Workload","IterationStage":"Pilot","LaunchIndex":1,"IterationIndex":1,"Operations":2,"Nanoseconds":10899829},{"IterationMode":"Workload","IterationStage":"Pilot","LaunchIndex":1,"IterationIndex":2,"Operations":3,"Nanoseconds":1648000},{"IterationMode":"Workload","IterationStage":"Pilot","LaunchIndex":1,"IterationIndex":3,"Operations":4,"Nanoseconds":2146393},{"IterationMode":"Workload","IterationStage":"Pilot","LaunchIndex":1,"IterationIndex":4,"Operations":5,"Nanoseconds":2574689},{"IterationMode":"Workload","IterationStage":"Pilot","LaunchIndex":1,"IterationIndex":5,"Operations":6,"Nanoseconds":3151658},{"IterationMode":"Workload","IterationStage":"Pilot","LaunchIndex":1,"IterationIndex":6,"Operations":7,"Nanoseconds":3732055},{"IterationMode":"Workload","IterationStage":"Pilot","LaunchIndex":1,"IterationIndex":7,"Operations":8,"Nanoseconds":4217665},{"IterationMode":"Workload","IterationStage":"Pilot","LaunchIndex":1,"IterationIndex":8,"Operations":9,"Nanoseconds":4687425},{"IterationMode":"Workload","IterationStage":"Pilot","LaunchIndex":1,"IterationIndex":9,"Operations":10,"Nanoseconds":5114815},{"IterationMode":"Workload","IterationStage":"Pilot","LaunchIndex":1,"IterationIndex":10,"Operations":11,"Nanoseconds":5797942},{"IterationMode":"Workload","IterationStage":"Pilot","LaunchIndex":1,"IterationIndex":11,"Operations":12,"Nanoseconds":6295765},{"IterationMode":"Workload","IterationStage":"Pilot","LaunchIndex":1,"IterationIndex":12,"Operations":13,"Nanoseconds":6794170},{"IterationMode":"Workload","IterationStage":"Pilot","LaunchIndex":1,"IterationIndex":13,"Operations":14,"Nanoseconds":7318249},{"IterationMode":"Workload","IterationStage":"Pilot","LaunchIndex":1,"IterationIndex":14,"Operations":15,"Nanoseconds":7862939},{"IterationMode":"Workload","IterationStage":"Pilot","LaunchIndex":1,"IterationIndex":15,"Operations":16,"Nanoseconds":8281777},{"IterationMode":"Workload","IterationStage":"Pilot","LaunchIndex":1,"IterationIndex":16,"Operations":32,"Nanoseconds":16831502},{"IterationMode":"Workload","IterationStage":"Pilot","LaunchIndex":1,"IterationIndex":17,"Operations":64,"Nanoseconds":33946859},{"IterationMode":"Workload","IterationStage":"Pilot","LaunchIndex":1,"IterationIndex":18,"Operations":128,"Nanoseconds":67372912},{"IterationMode":"Workload","IterationStage":"Pilot","LaunchIndex":1,"IterationIndex":19,"Operations":256,"Nanoseconds":134354775},{"IterationMode":"Workload","IterationStage":"Pilot","LaunchIndex":1,"IterationIndex":20,"Operations":512,"Nanoseconds":267701274},{"IterationMode":"Workload","IterationStage":"Pilot","LaunchIndex":1,"IterationIndex":21,"Operations":1024,"Nanoseconds":533950344},{"IterationMode":"Workload","IterationStage":"Warmup","LaunchIndex":1,"IterationIndex":1,"Operations":1024,"Nanoseconds":533670450},{"IterationMode":"Workload","IterationStage":"Warmup","LaunchIndex":1,"IterationIndex":2,"Operations":1024,"Nanoseconds":535285302},{"IterationMode":"Workload","IterationStage":"Warmup","LaunchIndex":1,"IterationIndex":3,"Operations":1024,"Nanoseconds":536991233},{"IterationMode":"Workload","IterationStage":"Warmup","LaunchIndex":1,"IterationIndex":4,"Operations":1024,"Nanoseconds":549355969},{"IterationMode":"Workload","IterationStage":"Warmup","LaunchIndex":1,"IterationIndex":5,"Operations":1024,"Nanoseconds":536590336},{"IterationMode":"Workload","IterationStage":"Warmup","LaunchIndex":1,"IterationIndex":6,"Operations":1024,"Nanoseconds":541721666},{"IterationMode":"Workload","IterationStage":"Warmup","LaunchIndex":1,"IterationIndex":7,"Operations":1024,"Nanoseconds":536294973},{"IterationMode":"Workload","IterationStage":"Warmup","LaunchIndex":1,"IterationIndex":8,"Operations":1024,"Nanoseconds":535378655},{"IterationMode":"Workload","IterationStage":"Warmup","LaunchIndex":1,"IterationIndex":9,"Operations":1024,"Nanoseconds":536192490},{"IterationMode":"Workload","IterationStage":"Warmup","LaunchIndex":1,"IterationIndex":10,"Operations":1024,"Nanoseconds":535880342},{"IterationMode":"Workload","IterationStage":"Actual","LaunchIndex":1,"IterationIndex":1,"Operations":1024,"Nanoseconds":533825636},{"IterationMode":"Workload","IterationStage":"Actual","LaunchIndex":1,"IterationIndex":2,"Operations":1024,"Nanoseconds":538267008},{"IterationMode":"Workload","IterationStage":"Actual","LaunchIndex":1,"IterationIndex":3,"Operations":1024,"Nanoseconds":534667896},{"IterationMode":"Workload","IterationStage":"Actual","LaunchIndex":1,"IterationIndex":4,"Operations":1024,"Nanoseconds":534645118},{"IterationMode":"Workload","IterationStage":"Actual","LaunchIndex":1,"IterationIndex":5,"Operations":1024,"Nanoseconds":535417220},{"IterationMode":"Workload","IterationStage":"Actual","LaunchIndex":1,"IterationIndex":6,"Operations":1024,"Nanoseconds":538747166},{"IterationMode":"Workload","IterationStage":"Actual","LaunchIndex":1,"IterationIndex":7,"Operations":1024,"Nanoseconds":535780389},{"IterationMode":"Workload","IterationStage":"Actual","LaunchIndex":1,"IterationIndex":8,"Operations":1024,