{"Title":"Encina.Cdc.MySql.Benchmarks.Benchmarks.ConnectorBenchmarks-20260410-231102","HostEnvironmentInfo":{"BenchmarkDotNetCaption":"BenchmarkDotNet","BenchmarkDotNetVersion":"0.15.8","OsVersion":"Linux Ubuntu 24.04.4 LTS (Noble Numbat)","ProcessorName":"AMD EPYC 7763","PhysicalProcessorCount":1,"PhysicalCoreCount":2,"LogicalCoreCount":4,"RuntimeVersion":".NET 10.0.5 (10.0.5, 10.0.526.15411)","Architecture":"X64","HasAttachedDebugger":false,"HasRyuJit":true,"Configuration":"RELEASE","DotNetCliVersion":"10.0.201","ChronometerFrequency":{"Hertz":1000000000},"HardwareTimerKind":"Unknown"},"Benchmarks":[{"DisplayInfo":"ConnectorBenchmarks.GetCurrentPositionAsync: ShortRun(IterationCount=3, LaunchCount=1, WarmupCount=3)","Namespace":"Encina.Cdc.MySql.Benchmarks.Benchmarks","Type":"ConnectorBenchmarks","Method":"GetCurrentPositionAsync","MethodTitle":"GetCurrentPositionAsync","Parameters":"","FullName":"Encina.Cdc.MySql.Benchmarks.Benchmarks.ConnectorBenchmarks.GetCurrentPositionAsync","HardwareIntrinsics":"AVX2+BMI1+BMI2+F16C+FMA+LZCNT+MOVBE,AVX,SSE3+SSSE3+SSE4.1+SSE4.2+POPCNT,X86Base+SSE+SSE2,AES+PCLMUL VectorSize=256","Statistics":{"OriginalValues":[508761.294921875,523046.51953125,521620.49609375],"N":3,"Min":508761.294921875,"LowerFence":504476.97705078125,"Q1":515190.8955078125,"Median":521620.49609375,"Mean":517809.4368489583,"Q3":522333.5078125,"UpperFence":533047.4262695312,"Max":523046.51953125,"InterquartileRange":7142.6123046875,"LowerOutliers":[],"UpperOutliers":[],"AllOutliers":[],"StandardError":4542.7612733724445,"Variance":61910039.960557304,"StandardDeviation":7868.293332137364,"Skewness":-0.3707258831121818,"Kurtosis":0.666666666666663,"ConfidenceInterval":{"N":3,"Mean":517809.4368489583,"StandardError":4542.7612733724445,"Level":12,"Margin":143546.96082415883,"Lower":374262.4760247995,"Upper":661356.3976731171},"Percentiles":{"P0":508761.294921875,"P25":515190.8955078125,"P50":521620.49609375,"P67":522105.34406250005,"P80":522476.11015624995,"P85":522618.7125,"P90":522761.31484375,"P95":522903.91718750005,"P100":523046.51953125}},"Memory":{"Gen0Collections":0,"Gen1Collections":0,"Gen2Collections":0,"TotalOperations":1024,"BytesAllocatedPerOperation":6529},"Measurements":[{"IterationMode":"Overhead","IterationStage":"Jitting","LaunchIndex":1,"IterationIndex":1,"Operations":1,"Nanoseconds":215347},{"IterationMode":"Workload","IterationStage":"Jitting","LaunchIndex":1,"IterationIndex":1,"Operations":1,"Nanoseconds":436934687},{"IterationMode":"Overhead","IterationStage":"Jitting","LaunchIndex":1,"IterationIndex":2,"Operations":1,"Nanoseconds":511},{"IterationMode":"Workload","IterationStage":"Jitting","LaunchIndex":1,"IterationIndex":2,"Operations":1,"Nanoseconds":18952073},{"IterationMode":"Overhead","IterationStage":"Jitting","LaunchIndex":1,"IterationIndex":3,"Operations":16,"Nanoseconds":430493},{"IterationMode":"Workload","IterationStage":"Jitting","LaunchIndex":1,"IterationIndex":3,"Operations":16,"Nanoseconds":9236679},{"IterationMode":"Workload","IterationStage":"Pilot","LaunchIndex":1,"IterationIndex":1,"Operations":16,"Nanoseconds":8113653},{"IterationMode":"Workload","IterationStage":"Pilot","LaunchIndex":1,"IterationIndex":2,"Operations":32,"Nanoseconds":16483252},{"IterationMode":"Workload","IterationStage":"Pilot","LaunchIndex":1,"IterationIndex":3,"Operations":64,"Nanoseconds":31959455},{"IterationMode":"Workload","IterationStage":"Pilot","LaunchIndex":1,"IterationIndex":4,"Operations":128,"Nanoseconds":64909647},{"IterationMode":"Workload","IterationStage":"Pilot","LaunchIndex":1,"IterationIndex":5,"Operations":256,"Nanoseconds":132633903},{"IterationMode":"Workload","IterationStage":"Pilot","LaunchIndex":1,"IterationIndex":6,"Operations":512,"Nanoseconds":264083997},{"IterationMode":"Workload","IterationStage":"Pilot","LaunchIndex":1,"IterationIndex":7,"Operations":1024,"Nanoseconds":527940275},{"IterationMode":"Overhead","IterationStage":"Warmup","LaunchIndex":1,"IterationIndex":1,"Operations":1024,"Nanoseconds":4178},{"IterationMode":"Overhead","IterationStage":"Warmup","LaunchIndex":1,"IterationIndex":2,"Operations":1024,"Nanoseconds":3877},{"IterationMode":"Overhead","IterationStage":"Warmup","LaunchIndex":1,"IterationIndex":3,"Operations":1024,"Nanoseconds":3887},{"IterationMode":"Overhead","IterationStage":"Warmup","LaunchIndex":1,"IterationIndex":4,"Operations":1024,"Nanoseconds":3877},{"IterationMode":"Overhead","IterationStage":"Warmup","LaunchIndex":1,"IterationIndex":5,"Operations":1024,"Nanoseconds":3877},{"IterationMode":"Overhead","IterationStage":"Warmup","LaunchIndex":1,"IterationIndex":6,"Operations":1024,"Nanoseconds":3897},{"IterationMode":"Overhead","IterationStage":"Actual","LaunchIndex":1,"IterationIndex":1,"Operations":1024,"Nanoseconds":3927},{"IterationMode":"Overhead","IterationStage":"Actual","LaunchIndex":1,"IterationIndex":2,"Operations":1024,"Nanoseconds":3928},{"IterationMode":"Overhead","IterationStage":"Actual","LaunchIndex":1,"IterationIndex":3,"Operations":1024,"Nanoseconds":3928},{"IterationMode":"Overhead","IterationStage":"Actual","LaunchIndex":1,"IterationIndex":4,"Operations":1024,"Nanoseconds":3907},{"IterationMode":"Overhead","IterationStage":"Actual","LaunchIndex":1,"IterationIndex":5,"Operations":1024,"Nanoseconds":3898},{"IterationMode":"Overhead","IterationStage":"Actual","LaunchIndex":1,"IterationIndex":6,"Operations":1024,"Nanoseconds":3888},{"IterationMode":"Overhead","IterationStage":"Actual","LaunchIndex":1,"IterationIndex":7,"Operations":1024,"Nanoseconds":3887},{"IterationMode":"Overhead","IterationStage":"Actual","LaunchIndex":1,"IterationIndex":8,"Operations":1024,"Nanoseconds":3878},{"IterationMode":"Overhead","IterationStage":"Actual","LaunchIndex":1,"IterationIndex":9,"Operations":1024,"Nanoseconds":3868},{"IterationMode":"Overhead","IterationStage":"Actual","LaunchIndex":1,"IterationIndex":10,"Operations":1024,"Nanoseconds":3867},{"IterationMode":"Overhead","IterationStage":"Actual","LaunchIndex":1,"IterationIndex":11,"Operations":1024,"Nanoseconds":3888},{"IterationMode":"Overhead","IterationStage":"Actual","LaunchIndex":1,"IterationIndex":12,"Operations":1024,"Nanoseconds":3857},{"IterationMode":"Overhead","IterationStage":"Actual","LaunchIndex":1,"IterationIndex":13,"Operations":1024,"Nanoseconds":3888},{"IterationMode":"Overhead","IterationStage":"Actual","LaunchIndex":1,"IterationIndex":14,"Operations":1024,"Nanoseconds":3867},{"IterationMode":"Overhead","IterationStage":"Actual","LaunchIndex":1,"IterationIndex":15,"Operations":1024,"Nanoseconds":3867},{"IterationMode":"Workload","IterationStage":"Warmup","LaunchIndex":1,"IterationIndex":1,"Operations":1024,"Nanoseconds":521972689},{"IterationMode":"Workload","IterationStage":"Warmup","LaunchIndex":1,"IterationIndex":2,"Operations":1024,"Nanoseconds":527610672},{"IterationMode":"Workload","IterationStage":"Warmup","LaunchIndex":1,"IterationIndex":3,"Operations":1024,"Nanoseconds":524433289},{"IterationMode":"Workload","IterationStage":"Actual","LaunchIndex":1,"IterationIndex":1,"Operations":1024,"Nanoseconds":520975454},{"IterationMode":"Workload","IterationStage":"Actual","LaunchIndex":1,"IterationIndex":2,"Operations":1024,"Nanoseconds":535603524},{"IterationMode":"Workload","IterationStage":"Actual","LaunchIndex":1,"IterationIndex":3,"Operations":1024,"Nanoseconds":534143276},{"IterationMode":"Workload","IterationStage":"Result","LaunchIndex":1,"IterationIndex":1,"Operations":1024,"Nanoseconds":520971566},{"IterationMode":"Workload","IterationStage":"Result","LaunchIndex":1,"IterationIndex":2,"Operations":1024,"Nanoseconds":535599636},{"IterationMode":"Workload","IterationStage":"Result","LaunchIndex":1,"IterationIndex":3,"Operations":1024,"Nanoseconds":534139388}],"Metrics":[{"Value":0,"Descriptor":{"Id":"Gen0Collects","DisplayName":"Gen0","Legend":"GC Generation 0 collects per 1000 operations","NumberFormat":"#0.0000","UnitType":0,"Unit":"Count","TheGreaterTheBetter":false,