// Validating benchmarks:
// ***** BenchmarkRunner: Start   *****
// ***** Found 16 benchmark(s) in total *****
// ***** Building 1 exe(s) in Parallel: Start   *****
// start dotnet  restore --nodeReuse:false /p:UseSharedCompilation=false /p:Deterministic=true /p:Optimize=true /p:ArtifactsPath="/home/runner/work/Encina/Encina/tests/Encina.BenchmarkTests/Encina.AwsLambda.Benchmarks/bin/Release/net10.0/Encina.AwsLambda.Benchmarks-DefaultJob-1/" /p:OutDir="/home/runner/work/Encina/Encina/tests/Encina.BenchmarkTests/Encina.AwsLambda.Benchmarks/bin/Release/net10.0/Encina.AwsLambda.Benchmarks-DefaultJob-1/bin/Release/net10.0/" /p:OutputPath="/home/runner/work/Encina/Encina/tests/Encina.BenchmarkTests/Encina.AwsLambda.Benchmarks/bin/Release/net10.0/Encina.AwsLambda.Benchmarks-DefaultJob-1/bin/Release/net10.0/" /p:PublishDir="/home/runner/work/Encina/Encina/tests/Encina.BenchmarkTests/Encina.AwsLambda.Benchmarks/bin/Release/net10.0/Encina.AwsLambda.Benchmarks-DefaultJob-1/publish/" in /home/runner/work/Encina/Encina/tests/Encina.BenchmarkTests/Encina.AwsLambda.Benchmarks/bin/Release/net10.0/Encina.AwsLambda.Benchmarks-DefaultJob-1
// command took 2.32 sec and exited with 0
// start dotnet  build -c Release --no-restore --nodeReuse:false /p:UseSharedCompilation=false /p:Deterministic=true /p:Optimize=true /p:ArtifactsPath="/home/runner/work/Encina/Encina/tests/Encina.BenchmarkTests/Encina.AwsLambda.Benchmarks/bin/Release/net10.0/Encina.AwsLambda.Benchmarks-DefaultJob-1/" /p:OutDir="/home/runner/work/Encina/Encina/tests/Encina.BenchmarkTests/Encina.AwsLambda.Benchmarks/bin/Release/net10.0/Encina.AwsLambda.Benchmarks-DefaultJob-1/bin/Release/net10.0/" /p:OutputPath="/home/runner/work/Encina/Encina/tests/Encina.BenchmarkTests/Encina.AwsLambda.Benchmarks/bin/Release/net10.0/Encina.AwsLambda.Benchmarks-DefaultJob-1/bin/Release/net10.0/" /p:PublishDir="/home/runner/work/Encina/Encina/tests/Encina.BenchmarkTests/Encina.AwsLambda.Benchmarks/bin/Release/net10.0/Encina.AwsLambda.Benchmarks-DefaultJob-1/publish/" --output "/home/runner/work/Encina/Encina/tests/Encina.BenchmarkTests/Encina.AwsLambda.Benchmarks/bin/Release/net10.0/Encina.AwsLambda.Benchmarks-DefaultJob-1/bin/Release/net10.0/" in /home/runner/work/Encina/Encina/tests/Encina.BenchmarkTests/Encina.AwsLambda.Benchmarks/bin/Release/net10.0/Encina.AwsLambda.Benchmarks-DefaultJob-1
// command took 41 sec and exited with 0
// ***** Done, took 00:00:43 (43.52 sec)   *****
// Found 16 benchmarks:
//   ErrorCodeMappingBenchmarks.MapAuthorizationUnauthenticated: DefaultJob
//   ErrorCodeMappingBenchmarks.MapAuthorizationForbidden: DefaultJob
//   ErrorCodeMappingBenchmarks.MapNotFoundError: DefaultJob
//   ErrorCodeMappingBenchmarks.MapConflictError: DefaultJob
//   ErrorCodeMappingBenchmarks.MapUnknownError: DefaultJob
//   ErrorCodeMappingBenchmarks.MapMultipleValidationErrors: DefaultJob
//   ErrorCodeMappingBenchmarks.MapMixedErrors: DefaultJob
//   ErrorCodeMappingBenchmarks.MapAuthorizationUnauthenticated: ShortRun(IterationCount=3, LaunchCount=1, WarmupCount=3)
//   ErrorCodeMappingBenchmarks.MapAuthorizationForbidden: ShortRun(IterationCount=3, LaunchCount=1, WarmupCount=3)
//   ErrorCodeMappingBenchmarks.MapNotFoundError: ShortRun(IterationCount=3, LaunchCount=1, WarmupCount=3)
//   ErrorCodeMappingBenchmarks.MapConflictError: ShortRun(IterationCount=3, LaunchCount=1, WarmupCount=3)
//   ErrorCodeMappingBenchmarks.MapUnknownError: ShortRun(IterationCount=3, LaunchCount=1, WarmupCount=3)
//   ErrorCodeMappingBenchmarks.MapMultipleValidationErrors: ShortRun(IterationCount=3, LaunchCount=1, WarmupCount=3)
//   ErrorCodeMappingBenchmarks.MapMixedErrors: ShortRun(IterationCount=3, LaunchCount=1, WarmupCount=3)
//   ErrorCodeMappingBenchmarks.MapValidationError: DefaultJob
//   ErrorCodeMappingBenchmarks.MapValidationError: ShortRun(IterationCount=3, LaunchCount=1, WarmupCount=3)

// **************************
// Benchmark: ErrorCodeMappingBenchmarks.MapAuthorizationUnauthenticated: DefaultJob
// *** Execute ***
// Launch: 1 / 1
// Execute: dotnet Encina.AwsLambda.Benchmarks-DefaultJob-1.dll --anonymousPipes 146 147 --benchmarkName Encina.AwsLambda.Benchmarks.ErrorCodeMappingBenchmarks.MapAuthorizationUnauthenticated --job Default --benchmarkId 0 in /home/runner/work/Encina/Encina/tests/Encina.BenchmarkTests/Encina.AwsLambda.Benchmarks/bin/Release/net10.0/Encina.AwsLambda.Benchmarks-DefaultJob-1/bin/Release/net10.0
// Failed to set up high priority (Permission denied). In order to run benchmarks with high priority, make sure you have the right permissions.
// BeforeAnythingElse

// Benchmark Process Environment Information:
// BenchmarkDotNet v0.15.8
// Runtime=.NET 10.0.12 (10.0.12, 10.0.1226.42308), X64 RyuJIT x86-64-v3
// GC=Concurrent Workstation
// HardwareIntrinsics=AVX2+BMI1+BMI2+F16C+FMA+LZCNT+MOVBE,AVX,SSE3+SSSE3+SSE4.1+SSE4.2+POPCNT,X86Base+SSE+SSE2,AES+PCLMUL VectorSize=256
// Job: DefaultJob

OverheadJitting  1: 1 op, 223687.00 ns, 223.6870 us/op
WorkloadJitting  1: 1 op, 905808.00 ns, 905.8080 us/op

OverheadJitting  2: 16 op, 209571.00 ns, 13.0982 us/op
WorkloadJitting  2: 16 op, 207417.00 ns, 12.9636 us/op

WorkloadPilot    1: 16 op, 1442.00 ns, 90.1250 ns/op
WorkloadPilot    2: 32 op, 1372.00 ns, 42.8750 ns/op
WorkloadPilot    3: 64 op, 1843.00 ns, 28.7969 ns/op
WorkloadPilot    4: 128 op, 2906.00 ns, 22.7031 ns/op
WorkloadPilot    5: 256 op, 5220.00 ns, 20.3906 ns/op
WorkloadPilot    6: 512 op, 9227.00 ns, 18.0215 ns/op
WorkloadPilot    7: 1024 op, 17673.00 ns, 17.2588 ns/op
WorkloadPilot    8: 2048 op, 66935.00 ns, 32.6831 ns/op
WorkloadPilot    9: 4096 op, 68778.00 ns, 16.7915 ns/op
WorkloadPilot   10: 8192 op, 134911.00 ns, 16.4686 ns/op
WorkloadPilot   11: 16384 op, 305579.00 ns, 18.6511 ns/op
WorkloadPilot   12: 32768 op, 566947.00 ns, 17.3018 ns/op
WorkloadPilot   13: 65536 op, 1105441.00 ns, 16.8677 ns/op
WorkloadPilot   14: 131072 op, 2192658.00 ns, 16.7287 ns/op
WorkloadPilot   15: 262144 op, 4403097.00 ns, 16.7965 ns/op
WorkloadPilot   16: 524288 op, 8809030.00 ns, 16.8019 ns/op
WorkloadPilot   17: 1048576 op, 17459885.00 ns, 16.6510 ns/op
WorkloadPilot   18: 2097152 op, 34956057.00 ns, 16.6683 ns/op
WorkloadPilot   19: 4194304 op, 69767095.00 ns, 16.6338 ns/op
WorkloadPilot   20: 8388608 op, 139138532.00 ns, 16.5866 ns/op
WorkloadPilot   21: 16777216 op, 279606392.00 ns, 16.6658 ns/op
WorkloadPilot   22: 33554432 op, 557238755.00 ns, 16.6070 ns/op

OverheadWarmup   1: 33554432 op, 54890605.00 ns, 1.6359 ns/op
OverheadWarmup   2: 33554432 op, 54900534.00 ns, 1.6362 ns/op
OverheadWarmup   3: 33554432 op, 54835152.00 ns, 1.6342 ns/op
OverheadWarmup   4: 33554432 op, 54878643.00 ns, 1.6355 ns/op
OverheadWarmup   5: 33554432 op, 54959794.00 ns, 1.6379 ns/op
OverheadWarmup   6: 33554432 op, 54901206.00 ns, 1.6362 ns/op

OverheadActual   1: 33554432 op, 54883533.00 ns, 1.6357 ns/op
OverheadActual   2: 33554432 op, 54880897.00 ns, 1.6356 ns/op
OverheadActual   3: 33554432 op, 54927975.00 ns, 1.6370 ns/op
OverheadActual   4: 33554432 op, 54860590.00 ns, 1.6350 ns/op
OverheadActual   5: 33554432 op, 54800337.00 ns, 1.6332 ns/op
OverheadActual   6: 33554432 op, 54997074.00 ns, 1.6390 ns/op
OverheadActual   7: 33554432 op, 54836665.00 ns, 1.6343 ns/op
OverheadActual   8: 33554432 op, 54859588.00 ns, 1.6349 ns/op
OverheadActual   9: 33554432 op, 55132506.00 ns, 1.6431 ns/op
OverheadActual  10: 33554432 op, 54845551.00 ns, 1.6345 ns/op
OverheadActual  11: 33554432 op, 54929358.00 ns, 1.6370 ns/op
OverheadActual  12: 33554432 op, 54788806.00 ns, 1.6328 ns/op
OverheadActual  13: 33554432 op, 54823179.00 ns, 1.6339 ns/op
OverheadActual  14: 33554432 op, 54781362.00 ns, 1.6326 ns/op
OverheadActual  15: 33554432 op, 55061775.00 ns, 1.6410 ns/op

WorkloadWarmup   1: 33554432 op, 558029028.00 ns, 16.6306 ns/op
WorkloadWarmup   2: 33554432 op, 557847229.00 ns, 16.6251 ns/op
WorkloadWarmup   3: 33554432 op, 557947827.00 ns, 16.6281 ns/op
WorkloadWarmup   4: 33554432 op, 556549771.00 ns, 16.5865 ns/op
WorkloadWarmup   5: 33554432 op, 559473108.00 ns, 16.6736 ns/op
WorkloadWarmup   6: 33554432 op, 556553388.00 ns, 16.5866 ns/op

// BeforeActualRun
WorkloadActual   1: 33554432 op, 556964053.00 ns, 16.5988 ns/op
WorkloadActual   2: 33554432 op, 556337946.00 ns, 16.5802 ns/op
WorkloadActual   3: 33554432 op, 557743910.00 ns, 16.6221 ns/op
WorkloadActual   4: 33554432 op, 556480964.00 ns, 16.5844 ns/op
WorkloadActual   5: 33554432 op, 557394655.00 ns, 16.6117 ns/op
WorkloadActual   6: 33554432 op, 557410915.00 ns, 16.6121 ns/op
WorkloadActual   7: 33554432 op, 558365272.00 ns, 16.6406 ns/op
WorkloadActual   8: 33554432 op, 572463669.00 ns, 17.0607 ns/op
WorkloadActual   9: 33554432 op, 562250565.00 ns, 16.7564 ns/op
WorkloadActual  10: 33554432 op, 563897163.00 ns, 16.8054 ns/op
WorkloadActual  11: 33554432 op, 559442506.00 ns, 16.6727 ns/op
WorkloadActual  12: 33554432 op, 558180793.00 ns, 16.6351 ns/op
WorkloadActual  13: 33554432 op, 558641031.00 ns, 16.6488 ns/op
WorkloadActual  14: 33554432 op, 560092476.00 ns, 16.6921 ns/op
WorkloadActual  15: 33554432 op, 557513530.00 ns, 16.6152 ns/op

// AfterActualRun
WorkloadResult   1: 33554432 op, 502103463.00 ns, 14.9638 ns/op
WorkloadResult   2: 33554432 op, 501477356.00 ns, 14.9452 ns/op
WorkloadResult   3: 33554432 op, 502883320.00 ns, 14.9871 ns/op
WorkloadResult   4: 33554432 op, 501620374.00 ns, 14.9495 ns/op
WorkloadResult   5: 33554432 op, 502534065.00 ns, 14.9767 ns/op
WorkloadResult   6: 33554432 op, 502550325.00 ns, 14.9772 ns/op
WorkloadResult   7: 33554432 op, 503504682.00 ns, 15.0056 ns/op
WorkloadResult   8: 33554432 op, 507389975.00 ns, 15.1214 ns/op
WorkloadResult   9: 33554432 op, 504581916.00 ns, 15.0377 ns/op
WorkloadResult  10: 33554432 op, 503320203.00 ns, 15.0001 ns/op
WorkloadResult  11: 33554432 op, 503780441.00 ns, 15.0138 ns/op
WorkloadResult  12: 33554432 op, 505231886.00 ns, 15.0571 ns/op
WorkloadResult  13: 33554432 op, 502652940.00 ns, 14.9802 ns/op
// GC:  0 0 0 0 33554432
// Threading:  0 0 33554432

// AfterAll
// Benchmark Process 3012 has exited with code 0.

Mean = 15.001 ns, StdErr = 0.013 ns (0.09%), N = 13, StdDev = 0.048 ns
Min = 14.945 ns, Q1 = 14.977 ns, Median = 14.987 ns, Q3 = 15.014 ns, Max = 15.121 ns
IQR = 0.037 ns, LowerFence = 14.921 ns, UpperFence = 15.070 ns
ConfidenceInterval = [14.943 ns; 15.059 ns] (CI 99.9%), Margin = 0.058 ns (0.39% of Mean)
Skewness = 1.06, Kurtosis = 3.37, MValue = 2

// ** Remained 15 (93.8 %) benchmark(s) to run. Estimated finish 2026-10-03 16:05 (0h 3m from now) **
// **************************
// Benchmark: ErrorCodeMappingBenchmarks.MapAuthorizationForbidden: DefaultJob
// *** Execute ***
// Launch: 1 / 1
// Execute: dotnet Encina.AwsLambda.Benchmarks-DefaultJob-1.dll --anonymousPipes 146 147 --benchmarkName Encina.AwsLambda.Benchmarks.ErrorCodeMappingBenchmarks.MapAuthorizationForbidden --job Default --benchmarkId 1 in /home/runner/work/Encina/Encina/tests/Encina.BenchmarkTests/Encina.AwsLambda.Benchmarks/bin/Release/net10.0/Encina.AwsLambda.Benchmarks-DefaultJob-1/bin/Release/net10.0
// Failed to set up high priority (Permission denied). In order to run benchmarks with high priority, make sure you have the right permissions.
// BeforeAnythingElse

// Benchmark Process Environment Information:
// BenchmarkDotNet v0.15.8
// Runtime=.NET 10.0.12 (10.0.12, 10.0.1226.42308), X64 RyuJIT x86-64-v3
// GC=Concurrent Workstation
// HardwareIntrinsics=AVX2+BMI1+BMI2+F16C+FMA+LZCNT+MOVBE,AVX,SSE3+SSSE3+SSE4.1+SSE4.2+POPCNT,X86Base+SSE+SSE2,AES+PCLMUL VectorSize=256
// Job: DefaultJob

OverheadJitting  1: 1 op, 243624.00 ns, 243.6240 us/op
WorkloadJitting  1: 1 op, 897884.00 ns, 897.8840 us/op

OverheadJitting  2: 16 op, 286083.00 ns, 17.8802 us/op
WorkloadJitting  2: 16 op, 204632.00 ns, 12.7895 us/op

WorkloadPilot    1: 16 op, 1172.00 ns, 73.2500 ns/op
WorkloadPilot    2: 32 op, 1393.00 ns, 43.5313 ns/op
WorkloadPilot    3: 64 op, 1954.00 ns, 30.5313 ns/op
WorkloadPilot    4: 128 op, 3116.00 ns, 24.3438 ns/op
WorkloadPilot    5: 256 op, 5450.00 ns, 21.2891 ns/op
WorkloadPilot    6: 512 op, 10190.00 ns, 19.9023 ns/op
WorkloadPilot    7: 1024 op, 19547.00 ns, 19.0889 ns/op
WorkloadPilot    8: 2048 op, 38051.00 ns, 18.5796 ns/op
WorkloadPilot    9: 4096 op, 76432.00 ns, 18.6602 ns/op
WorkloadPilot   10: 8192 op, 152094.00 ns, 18.5662 ns/op
WorkloadPilot   11: 16384 op, 326388.00 ns, 19.9211 ns/op
WorkloadPilot   12: 32768 op, 630626.00 ns, 19.2452 ns/op
WorkloadPilot   13: 65536 op, 1230554.00 ns, 18.7768 ns/op
WorkloadPilot   14: 131072 op, 2472068.00 ns, 18.8604 ns/op
WorkloadPilot   15: 262144 op, 4962771.00 ns, 18.9315 ns/op
WorkloadPilot   16: 524288 op, 9790931.00 ns, 18.6747 ns/op
WorkloadPilot   17: 1048576 op, 19494648.00 ns, 18.5915 ns/op
WorkloadPilot   18: 2097152 op, 38964200.00 ns, 18.5796 ns/op
WorkloadPilot   19: 4194304 op, 86236465.00 ns, 20.5604 ns/op
WorkloadPilot   20: 8388608 op, 155752884.00 ns, 18.5672 ns/op
WorkloadPilot   21: 16777216 op, 311665062.00 ns, 18.5767 ns/op
WorkloadPilot   22: 33554432 op, 623103783.00 ns, 18.5699 ns/op

OverheadWarmup   1: 33554432 op, 54983832.00 ns, 1.6386 ns/op
OverheadWarmup   2: 33554432 op, 55090220.00 ns, 1.6418 ns/op
OverheadWarmup   3: 33554432 op, 54790050.00 ns, 1.6329 ns/op
OverheadWarmup   4: 33554432 op, 54973903.00 ns, 1.6383 ns/op
OverheadWarmup   5: 33554432 op, 54897841.00 ns, 1.6361 ns/op

OverheadActual   1: 33554432 op, 54793377.00 ns, 1.6330 ns/op
OverheadActual   2: 33554432 op, 54820497.00 ns, 1.6338 ns/op
OverheadActual   3: 33554432 op, 54852597.00 ns, 1.6347 ns/op
OverheadActual   4: 33554432 op, 54790611.00 ns, 1.6329 ns/op
OverheadActual   5: 33554432 op, 54875049.00 ns, 1.6354 ns/op
OverheadActual   6: 33554432 op, 54764383.00 ns, 1.6321 ns/op
OverheadActual   7: 33554432 op, 54947163.00 ns, 1.6376 ns/op
OverheadActual   8: 33554432 op, 55121819.00 ns, 1.6428 ns/op
OverheadActual   9: 33554432 op, 54897651.00 ns, 1.6361 ns/op
OverheadActual  10: 33554432 op, 54817350.00 ns, 1.6337 ns/op
OverheadActual  11: 33554432 op, 54904815.00 ns, 1.6363 ns/op
OverheadActual  12: 33554432 op, 54802133.00 ns, 1.6332 ns/op
OverheadActual  13: 33554432 op, 54799377.00 ns, 1.6331 ns/op
OverheadActual  14: 33554432 op, 54800891.00 ns, 1.6332 ns/op
OverheadActual  15: 33554432 op, 54802143.00 ns, 1.6332 ns/op

WorkloadWarmup   1: 33554432 op, 623721996.00 ns, 18.5884 ns/op
WorkloadWarmup   2: 33554432 op, 623198259.00 ns, 18.5728 ns/op
WorkloadWarmup   3: 33554432 op, 623275534.00 ns, 18.5751 ns/op
WorkloadWarmup   4: 33554432 op, 623073587.00 ns, 18.5690 ns/op
WorkloadWarmup   5: 33554432 op, 624372809.00 ns, 18.6078 ns/op
WorkloadWarmup   6: 33554432 op, 623783961.00 ns, 18.5902 ns/op

// BeforeActualRun
WorkloadActual   1: 33554432 op, 622648525.00 ns, 18.5564 ns/op
WorkloadActual   2: 33554432 op, 623310039.00 ns, 18.5761 ns/op
WorkloadActual   3: 33554432 op, 623288559.00 ns, 18.5754 ns/op
WorkloadActual   4: 33554432 op, 623240948.00 ns, 18.5740 ns/op
WorkloadActual   5: 33554432 op, 623449065.00 ns, 18.5802 ns/op
WorkloadActual   6: 33554432 op, 623041695.00 ns, 18.5681 ns/op
WorkloadActual   7: 33554432 op, 624069281.00 ns, 18.5987 ns/op
WorkloadActual   8: 33554432 op, 623767900.00 ns, 18.5897 ns/op
WorkloadActual   9: 33554432 op, 622844919.00 ns, 18.5622 ns/op
WorkloadActual  10: 33554432 op, 623344059.00 ns, 18.5771 ns/op
WorkloadActual  11: 33554432 op, 623834774.00 ns, 18.5917 ns/op
WorkloadActual  12: 33554432 op, 622424355.00 ns, 18.5497 ns/op
WorkloadActual  13: 33554432 op, 623509247.00 ns, 18.5820 ns/op
WorkloadActual  14: 33554432 op, 623182217.00 ns, 18.5723 ns/op
WorkloadActual  15: 33554432 op, 622919527.00 ns, 18.5644 ns/op

// AfterActualRun
WorkloadResult   1: 33554432 op, 567831175.00 ns, 16.9227 ns/op
WorkloadResult   2: 33554432 op, 568492689.00 ns, 16.9424 ns/op
WorkloadResult   3: 33554432 op, 568471209.00 ns, 16.9418 ns/op
WorkloadResult   4: 33554432 op, 568423598.00 ns, 16.9403 ns/op
WorkloadResult   5: 33554432 op, 568631715.00 ns, 16.9465 ns/op
WorkloadResult   6: 33554432 op, 568224345.00 ns, 16.9344 ns/op
WorkloadResult   7: 33554432 op, 569251931.00 ns, 16.9650 ns/op
WorkloadResult   8: 33554432 op, 568950550.00 ns, 16.9560 ns/op
WorkloadResult   9: 33554432 op, 568027569.00 ns, 16.9285 ns/op
WorkloadResult  10: 33554432 op, 568526709.00 ns, 16.9434 ns/op
WorkloadResult  11: 33554432 op, 569017424.00 ns, 16.9580 ns/op
WorkloadResult  12: 33554432 op, 567607005.00 ns, 16.9160 ns/op
WorkloadResult  13: 33554432 op, 568691897.00 ns, 16.9483 ns/op
WorkloadResult  14: 33554432 op, 568364867.00 ns, 16.9386 ns/op
WorkloadResult  15: 33554432 op, 568102177.00 ns, 16.9308 ns/op
// GC:  0 0 0 0 33554432
// Threading:  0 0 33554432

// AfterAll
// Benchmark Process 3022 has exited with code 0.

Mean = 16.941 ns, StdErr = 0.003 ns (0.02%), N = 15, StdDev = 0.013 ns
Min = 16.916 ns, Q1 = 16.933 ns, Median = 16.942 ns, Q3 = 16.947 ns, Max = 16.965 ns
IQR = 0.015 ns, LowerFence = 16.910 ns, UpperFence = 16.970 ns
ConfidenceInterval = [16.927 ns; 16.955 ns] (CI 99.9%), Margin = 0.014 ns (0.08% of Mean)
Skewness = -0.04, Kurtosis = 2.19, MValue = 2

// ** Remained 14 (87.5 %) benchmark(s) to run. Estimated finish 2026-10-03 16:05 (0h 3m from now) **
// **************************
// Benchmark: ErrorCodeMappingBenchmarks.MapNotFoundError: DefaultJob
// *** Execute ***
// Launch: 1 / 1
// Execute: dotnet Encina.AwsLambda.Benchmarks-DefaultJob-1.dll --anonymousPipes 146 147 --benchmarkName Encina.AwsLambda.Benchmarks.ErrorCodeMappingBenchmarks.MapNotFoundError --job Default --benchmarkId 2 in /home/runner/work/Encina/Encina/tests/Encina.BenchmarkTests/Encina.AwsLambda.Benchmarks/bin/Release/net10.0/Encina.AwsLambda.Benchmarks-DefaultJob-1/bin/Release/net10.0
// Failed to set up high priority (Permission denied). In order to run benchmarks with high priority, make sure you have the right permissions.
// BeforeAnythingElse

// Benchmark Process Environment Information:
// BenchmarkDotNet v0.15.8
// Runtime=.NET 10.0.12 (10.0.12, 10.0.1226.42308), X64 RyuJIT x86-64-v3
// GC=Concurrent Workstation
// HardwareIntrinsics=AVX2+BMI1+BMI2+F16C+FMA+LZCNT+MOVBE,AVX,SSE3+SSSE3+SSE4.1+SSE4.2+POPCNT,X86Base+SSE+SSE2,AES+PCLMUL VectorSize=256
// Job: DefaultJob

OverheadJitting  1: 1 op, 223847.00 ns, 223.8470 us/op
WorkloadJitting  1: 1 op, 927138.00 ns, 927.1380 us/op

OverheadJitting  2: 16 op, 259274.00 ns, 16.2046 us/op
WorkloadJitting  2: 16 op, 213308.00 ns, 13.3318 us/op

WorkloadPilot    1: 16 op, 1472.00 ns, 92.0000 ns/op
WorkloadPilot    2: 32 op, 2083.00 ns, 65.0938 ns/op
WorkloadPilot    3: 64 op, 2905.00 ns, 45.3906 ns/op
WorkloadPilot    4: 128 op, 2835.00 ns, 22.1484 ns/op
WorkloadPilot    5: 256 op, 4218.00 ns, 16.4766 ns/op
WorkloadPilot    6: 512 op, 8055.00 ns, 15.7324 ns/op
WorkloadPilot    7: 1024 op, 14707.00 ns, 14.3623 ns/op
WorkloadPilot    8: 2048 op, 28743.00 ns, 14.0347 ns/op
WorkloadPilot    9: 4096 op, 56776.00 ns, 13.8613 ns/op
WorkloadPilot   10: 8192 op, 112860.00 ns, 13.7769 ns/op
WorkloadPilot   11: 16384 op, 224438.00 ns, 13.6986 ns/op
WorkloadPilot   12: 32768 op, 449218.00 ns, 13.7090 ns/op
WorkloadPilot   13: 65536 op, 930855.00 ns, 14.2037 ns/op
WorkloadPilot   14: 131072 op, 1818229.00 ns, 13.8720 ns/op
WorkloadPilot   15: 262144 op, 3616811.00 ns, 13.7970 ns/op
WorkloadPilot   16: 524288 op, 7296909.00 ns, 13.9177 ns/op
WorkloadPilot   17: 1048576 op, 14501997.00 ns, 13.8302 ns/op
WorkloadPilot   18: 2097152 op, 28960233.00 ns, 13.8093 ns/op
WorkloadPilot   19: 4194304 op, 57964948.00 ns, 13.8199 ns/op
WorkloadPilot   20: 8388608 op, 115766301.00 ns, 13.8004 ns/op
WorkloadPilot   21: 16777216 op, 231615837.00 ns, 13.8054 ns/op
WorkloadPilot   22: 33554432 op, 465818693.00 ns, 13.8825 ns/op
WorkloadPilot   23: 67108864 op, 926264017.00 ns, 13.8024 ns/op

OverheadWarmup   1: 67108864 op, 109745194.00 ns, 1.6353 ns/op
OverheadWarmup   2: 67108864 op, 109768397.00 ns, 1.6357 ns/op
OverheadWarmup   3: 67108864 op, 109842505.00 ns, 1.6368 ns/op
OverheadWarmup   4: 67108864 op, 109680583.00 ns, 1.6344 ns/op
OverheadWarmup   5: 67108864 op, 109692135.00 ns, 1.6345 ns/op
OverheadWarmup   6: 67108864 op, 109735226.00 ns, 1.6352 ns/op
OverheadWarmup   7: 67108864 op, 111329515.00 ns, 1.6589 ns/op
OverheadWarmup   8: 67108864 op, 109822618.00 ns, 1.6365 ns/op

OverheadActual   1: 67108864 op, 109695982.00 ns, 1.6346 ns/op
OverheadActual   2: 67108864 op, 109672849.00 ns, 1.6343 ns/op
OverheadActual   3: 67108864 op, 109683511.00 ns, 1.6344 ns/op
OverheadActual   4: 67108864 op, 109813261.00 ns, 1.6363 ns/op
OverheadActual   5: 67108864 op, 109689841.00 ns, 1.6345 ns/op
OverheadActual   6: 67108864 op, 109993756.00 ns, 1.6390 ns/op
OverheadActual   7: 67108864 op, 109609932.00 ns, 1.6333 ns/op
OverheadActual   8: 67108864 op, 109869185.00 ns, 1.6372 ns/op
OverheadActual   9: 67108864 op, 109980592.00 ns, 1.6388 ns/op
OverheadActual  10: 67108864 op, 109817799.00 ns, 1.6364 ns/op
OverheadActual  11: 67108864 op, 109657561.00 ns, 1.6340 ns/op
OverheadActual  12: 67108864 op, 109840582.00 ns, 1.6368 ns/op
OverheadActual  13: 67108864 op, 109697185.00 ns, 1.6346 ns/op
OverheadActual  14: 67108864 op, 109663832.00 ns, 1.6341 ns/op
OverheadActual  15: 67108864 op, 109646420.00 ns, 1.6339 ns/op

WorkloadWarmup   1: 67108864 op, 927595467.00 ns, 13.8222 ns/op
WorkloadWarmup   2: 67108864 op, 926825703.00 ns, 13.8108 ns/op
WorkloadWarmup   3: 67108864 op, 926895494.00 ns, 13.8118 ns/op
WorkloadWarmup   4: 67108864 op, 926952334.00 ns, 13.8127 ns/op
WorkloadWarmup   5: 67108864 op, 927945529.00 ns, 13.8275 ns/op
WorkloadWarmup   6: 67108864 op, 927447360.00 ns, 13.8200 ns/op
WorkloadWarmup   7: 67108864 op, 927072761.00 ns, 13.8145 ns/op
WorkloadWarmup   8: 67108864 op, 927100122.00 ns, 13.8149 ns/op
WorkloadWarmup   9: 67108864 op, 927269257.00 ns, 13.8174 ns/op
WorkloadWarmup  10: 67108864 op, 932019774.00 ns, 13.8882 ns/op
WorkloadWarmup  11: 67108864 op, 926637344.00 ns, 13.8080 ns/op

// BeforeActualRun
WorkloadActual   1: 67108864 op, 926422403.00 ns, 13.8048 ns/op
WorkloadActual   2: 67108864 op, 927027519.00 ns, 13.8138 ns/op
WorkloadActual   3: 67108864 op, 926433279.00 ns, 13.8049 ns/op
WorkloadActual   4: 67108864 op, 926814909.00 ns, 13.8106 ns/op
WorkloadActual   5: 67108864 op, 927323745.00 ns, 13.8182 ns/op
WorkloadActual   6: 67108864 op, 927027100.00 ns, 13.8138 ns/op
WorkloadActual   7: 67108864 op, 926700899.00 ns, 13.8089 ns/op
WorkloadActual   8: 67108864 op, 926596815.00 ns, 13.8074 ns/op
WorkloadActual   9: 67108864 op, 926368570.00 ns, 13.8040 ns/op
WorkloadActual  10: 67108864 op, 927592270.00 ns, 13.8222 ns/op
WorkloadActual  11: 67108864 op, 927377730.00 ns, 13.8190 ns/op
WorkloadActual  12: 67108864 op, 926604856.00 ns, 13.8075 ns/op
WorkloadActual  13: 67108864 op, 927267802.00 ns, 13.8174 ns/op
WorkloadActual  14: 67108864 op, 926141562.00 ns, 13.8006 ns/op
WorkloadActual  15: 67108864 op, 926688852.00 ns, 13.8087 ns/op

// AfterActualRun
WorkloadResult   1: 67108864 op, 816726421.00 ns, 12.1702 ns/op
WorkloadResult   2: 67108864 op, 817331537.00 ns, 12.1792 ns/op
WorkloadResult   3: 67108864 op, 816737297.00 ns, 12.1703 ns/op
WorkloadResult   4: 67108864 op, 817118927.00 ns, 12.1760 ns/op
WorkloadResult   5: 67108864 op, 817627763.00 ns, 12.1836 ns/op
WorkloadResult   6: 67108864 op, 817331118.00 ns, 12.1792 ns/op
WorkloadResult   7: 67108864 op, 817004917.00 ns, 12.1743 ns/op
WorkloadResult   8: 67108864 op, 816900833.00 ns, 12.1728 ns/op
WorkloadResult   9: 67108864 op, 816672588.00 ns, 12.1694 ns/op
WorkloadResult  10: 67108864 op, 817896288.00 ns, 12.1876 ns/op
WorkloadResult  11: 67108864 op, 817681748.00 ns, 12.1844 ns/op
WorkloadResult  12: 67108864 op, 816908874.00 ns, 12.1729 ns/op
WorkloadResult  13: 67108864 op, 817571820.00 ns, 12.1828 ns/op
WorkloadResult  14: 67108864 op, 816445580.00 ns, 12.1660 ns/op
WorkloadResult  15: 67108864 op, 816992870.00 ns, 12.1741 ns/op
// GC:  0 0 0 0 67108864
// Threading:  0 0 67108864

// AfterAll
// Benchmark Process 3032 has exited with code 0.

Mean = 12.176 ns, StdErr = 0.002 ns (0.01%), N = 15, StdDev = 0.006 ns
Min = 12.166 ns, Q1 = 12.172 ns, Median = 12.174 ns, Q3 = 12.181 ns, Max = 12.188 ns
IQR = 0.009 ns, LowerFence = 12.157 ns, UpperFence = 12.195 ns
ConfidenceInterval = [12.169 ns; 12.183 ns] (CI 99.9%), Margin = 0.007 ns (0.06% of Mean)
Skewness = 0.24, Kurtosis = 1.73, MValue = 2

// ** Remained 13 (81.2 %) benchmark(s) to run. Estimated finish 2026-10-03 16:07 (0h 4m from now) **
// **************************
// Benchmark: ErrorCodeMappingBenchmarks.MapConflictError: DefaultJob
// *** Execute ***
// Launch: 1 / 1
// Execute: dotnet Encina.AwsLambda.Benchmarks-DefaultJob-1.dll --anonymousPipes 146 147 --benchmarkName Encina.AwsLambda.Benchmarks.ErrorCodeMappingBenchmarks.MapConflictError --job Default --benchmarkId 3 in /home/runner/work/Encina/Encina/tests/Encina.BenchmarkTests/Encina.AwsLambda.Benchmarks/bin/Release/net10.0/Encina.AwsLambda.Benchmarks-DefaultJob-1/bin/Release/net10.0
// Failed to set up high priority (Permission denied). In order to run benchmarks with high priority, make sure you have the right permissions.
// BeforeAnythingElse

// Benchmark Process Environment Information:
// BenchmarkDotNet v0.15.8
// Runtime=.NET 10.0.12 (10.0.12, 10.0.1226.42308), X64 RyuJIT x86-64-v3
// GC=Concurrent Workstation
// HardwareIntrinsics=AVX2+BMI1+BMI2+F16C+FMA+LZCNT+MOVBE,AVX,SSE3+SSSE3+SSE4.1+SSE4.2+POPCNT,X86Base+SSE+SSE2,AES+PCLMUL VectorSize=256
// Job: DefaultJob

OverheadJitting  1: 1 op, 213709.00 ns, 213.7090 us/op
WorkloadJitting  1: 1 op, 898154.00 ns, 898.1540 us/op

OverheadJitting  2: 16 op, 205473.00 ns, 12.8421 us/op
WorkloadJitting  2: 16 op, 233455.00 ns, 14.5909 us/op

WorkloadPilot    1: 16 op, 1704.00 ns, 106.5000 ns/op
WorkloadPilot    2: 32 op, 2184.00 ns, 68.2500 ns/op
WorkloadPilot    3: 64 op, 3246.00 ns, 50.7188 ns/op
WorkloadPilot    4: 128 op, 5059.00 ns, 39.5234 ns/op
WorkloadPilot    5: 256 op, 8846.00 ns, 34.5547 ns/op
WorkloadPilot    6: 512 op, 8535.00 ns, 16.6699 ns/op
WorkloadPilot    7: 1024 op, 16360.00 ns, 15.9766 ns/op
WorkloadPilot    8: 2048 op, 32169.00 ns, 15.7075 ns/op
WorkloadPilot    9: 4096 op, 63168.00 ns, 15.4219 ns/op
WorkloadPilot   10: 8192 op, 125303.00 ns, 15.2958 ns/op
WorkloadPilot   11: 16384 op, 249805.00 ns, 15.2469 ns/op
WorkloadPilot   12: 32768 op, 498870.00 ns, 15.2243 ns/op
WorkloadPilot   13: 65536 op, 1027125.00 ns, 15.6727 ns/op
WorkloadPilot   14: 131072 op, 2032909.00 ns, 15.5099 ns/op
WorkloadPilot   15: 262144 op, 4051141.00 ns, 15.4539 ns/op
WorkloadPilot   16: 524288 op, 8112430.00 ns, 15.4732 ns/op
WorkloadPilot   17: 1048576 op, 16166660.00 ns, 15.4177 ns/op
WorkloadPilot   18: 2097152 op, 32318914.00 ns, 15.4109 ns/op
WorkloadPilot   19: 4194304 op, 64509850.00 ns, 15.3803 ns/op
WorkloadPilot   20: 8388608 op, 128951039.00 ns, 15.3722 ns/op
WorkloadPilot   21: 16777216 op, 258020048.00 ns, 15.3792 ns/op
WorkloadPilot   22: 33554432 op, 516210025.00 ns, 15.3843 ns/op

OverheadWarmup   1: 33554432 op, 54901591.00 ns, 1.6362 ns/op
OverheadWarmup   2: 33554432 op, 55061309.00 ns, 1.6410 ns/op
OverheadWarmup   3: 33554432 op, 54810351.00 ns, 1.6335 ns/op
OverheadWarmup   4: 33554432 op, 54866837.00 ns, 1.6352 ns/op
OverheadWarmup   5: 33554432 op, 54847220.00 ns, 1.6346 ns/op

OverheadActual   1: 33554432 op, 54926337.00 ns, 1.6369 ns/op
OverheadActual   2: 33554432 op, 54891322.00 ns, 1.6359 ns/op
OverheadActual   3: 33554432 op, 54840027.00 ns, 1.6344 ns/op
OverheadActual   4: 33554432 op, 54960231.00 ns, 1.6379 ns/op
OverheadActual   5: 33554432 op, 54875533.00 ns, 1.6354 ns/op
OverheadActual   6: 33554432 op, 54819879.00 ns, 1.6338 ns/op
OverheadActual   7: 33554432 op, 54789863.00 ns, 1.6329 ns/op
OverheadActual   8: 33554432 op, 54954340.00 ns, 1.6378 ns/op
OverheadActual   9: 33554432 op, 54848512.00 ns, 1.6346 ns/op
OverheadActual  10: 33554432 op, 55118065.00 ns, 1.6426 ns/op
OverheadActual  11: 33554432 op, 54943118.00 ns, 1.6374 ns/op
OverheadActual  12: 33554432 op, 55083109.00 ns, 1.6416 ns/op
OverheadActual  13: 33554432 op, 54840507.00 ns, 1.6344 ns/op
OverheadActual  14: 33554432 op, 54888076.00 ns, 1.6358 ns/op
OverheadActual  15: 33554432 op, 54951084.00 ns, 1.6377 ns/op

WorkloadWarmup   1: 33554432 op, 515469369.00 ns, 15.3622 ns/op
WorkloadWarmup   2: 33554432 op, 515856077.00 ns, 15.3737 ns/op
WorkloadWarmup   3: 33554432 op, 515225070.00 ns, 15.3549 ns/op
WorkloadWarmup   4: 33554432 op, 516237058.00 ns, 15.3851 ns/op
WorkloadWarmup   5: 33554432 op, 515338853.00 ns, 15.3583 ns/op
WorkloadWarmup   6: 33554432 op, 515657698.00 ns, 15.3678 ns/op

// BeforeActualRun
WorkloadActual   1: 33554432 op, 515293368.00 ns, 15.3569 ns/op
WorkloadActual   2: 33554432 op, 515562981.00 ns, 15.3650 ns/op
WorkloadActual   3: 33554432 op, 515487450.00 ns, 15.3627 ns/op
WorkloadActual   4: 33554432 op, 515453734.00 ns, 15.3617 ns/op
WorkloadActual   5: 33554432 op, 514877071.00 ns, 15.3445 ns/op
WorkloadActual   6: 33554432 op, 515061298.00 ns, 15.3500 ns/op
WorkloadActual   7: 33554432 op, 515215233.00 ns, 15.3546 ns/op
WorkloadActual   8: 33554432 op, 515089967.00 ns, 15.3509 ns/op
WorkloadActual   9: 33554432 op, 515851617.00 ns, 15.3736 ns/op
WorkloadActual  10: 33554432 op, 515217114.00 ns, 15.3547 ns/op
WorkloadActual  11: 33554432 op, 514791698.00 ns, 15.3420 ns/op
WorkloadActual  12: 33554432 op, 515181213.00 ns, 15.3536 ns/op
WorkloadActual  13: 33554432 op, 514758676.00 ns, 15.3410 ns/op
WorkloadActual  14: 33554432 op, 518014965.00 ns, 15.4380 ns/op
WorkloadActual  15: 33554432 op, 515227440.00 ns, 15.3550 ns/op

// AfterActualRun
WorkloadResult   1: 33554432 op, 460402046.00 ns, 13.7211 ns/op
WorkloadResult   2: 33554432 op, 460671659.00 ns, 13.7291 ns/op
WorkloadResult   3: 33554432 op, 460596128.00 ns, 13.7268 ns/op
WorkloadResult   4: 33554432 op, 460562412.00 ns, 13.7258 ns/op
WorkloadResult   5: 33554432 op, 459985749.00 ns, 13.7086 ns/op
WorkloadResult   6: 33554432 op, 460169976.00 ns, 13.7141 ns/op
WorkloadResult   7: 33554432 op, 460323911.00 ns, 13.7187 ns/op
WorkloadResult   8: 33554432 op, 460198645.00 ns, 13.7150 ns/op
WorkloadResult   9: 33554432 op, 460960295.00 ns, 13.7377 ns/op
WorkloadResult  10: 33554432 op, 460325792.00 ns, 13.7188 ns/op
WorkloadResult  11: 33554432 op, 459900376.00 ns, 13.7061 ns/op
WorkloadResult  12: 33554432 op, 460289891.00 ns, 13.7177 ns/op
WorkloadResult  13: 33554432 op, 459867354.00 ns, 13.7051 ns/op
WorkloadResult  14: 33554432 op, 460336118.00 ns, 13.7191 ns/op
// GC:  0 0 0 0 33554432
// Threading:  0 0 33554432

// AfterAll
// Benchmark Process 3048 has exited with code 0.

Mean = 13.719 ns, StdErr = 0.002 ns (0.02%), N = 14, StdDev = 0.009 ns
Min = 13.705 ns, Q1 = 13.714 ns, Median = 13.719 ns, Q3 = 13.725 ns, Max = 13.738 ns
IQR = 0.010 ns, LowerFence = 13.699 ns, UpperFence = 13.740 ns
ConfidenceInterval = [13.709 ns; 13.729 ns] (CI 99.9%), Margin = 0.010 ns (0.07% of Mean)
Skewness = 0.26, Kurtosis = 2.28, MValue = 2

// ** Remained 12 (75.0 %) benchmark(s) to run. Estimated finish 2026-10-03 16:06 (0h 3m from now) **
// **************************
// Benchmark: ErrorCodeMappingBenchmarks.MapUnknownError: DefaultJob
// *** Execute ***
// Launch: 1 / 1
// Execute: dotnet Encina.AwsLambda.Benchmarks-DefaultJob-1.dll --anonymousPipes 146 147 --benchmarkName Encina.AwsLambda.Benchmarks.ErrorCodeMappingBenchmarks.MapUnknownError --job Default --benchmarkId 4 in /home/runner/work/Encina/Encina/tests/Encina.BenchmarkTests/Encina.AwsLambda.Benchmarks/bin/Release/net10.0/Encina.AwsLambda.Benchmarks-DefaultJob-1/bin/Release/net10.0
// Failed to set up high priority (Permission denied). In order to run benchmarks with high priority, make sure you have the right permissions.
// BeforeAnythingElse

// Benchmark Process Environment Information:
// BenchmarkDotNet v0.15.8
// Runtime=.NET 10.0.12 (10.0.12, 10.0.1226.42308), X64 RyuJIT x86-64-v3
// GC=Concurrent Workstation
// HardwareIntrinsics=AVX2+BMI1+BMI2+F16C+FMA+LZCNT+MOVBE,AVX,SSE3+SSSE3+SSE4.1+SSE4.2+POPCNT,X86Base+SSE+SSE2,AES+PCLMUL VectorSize=256
// Job: DefaultJob

OverheadJitting  1: 1 op, 207857.00 ns, 207.8570 us/op
WorkloadJitting  1: 1 op, 886983.00 ns, 886.9830 us/op

OverheadJitting  2: 16 op, 228546.00 ns, 14.2841 us/op
WorkloadJitting  2: 16 op, 202588.00 ns, 12.6618 us/op

WorkloadPilot    1: 16 op, 1092.00 ns, 68.2500 ns/op
WorkloadPilot    2: 32 op, 1383.00 ns, 43.2188 ns/op
WorkloadPilot    3: 64 op, 1823.00 ns, 28.4844 ns/op
WorkloadPilot    4: 128 op, 2845.00 ns, 22.2266 ns/op
WorkloadPilot    5: 256 op, 5000.00 ns, 19.5313 ns/op
WorkloadPilot    6: 512 op, 15389.00 ns, 30.0566 ns/op
WorkloadPilot    7: 1024 op, 17653.00 ns, 17.2393 ns/op
WorkloadPilot    8: 2048 op, 34475.00 ns, 16.8335 ns/op
WorkloadPilot    9: 4096 op, 68137.00 ns, 16.6350 ns/op
WorkloadPilot   10: 8192 op, 135452.00 ns, 16.5347 ns/op
WorkloadPilot   11: 16384 op, 295911.00 ns, 18.0610 ns/op
WorkloadPilot   12: 32768 op, 569412.00 ns, 17.3771 ns/op
WorkloadPilot   13: 65536 op, 1098799.00 ns, 16.7663 ns/op
WorkloadPilot   14: 131072 op, 2196574.00 ns, 16.7585 ns/op
WorkloadPilot   15: 262144 op, 4378520.00 ns, 16.7027 ns/op
WorkloadPilot   16: 524288 op, 8737245.00 ns, 16.6650 ns/op
WorkloadPilot   17: 1048576 op, 17447158.00 ns, 16.6389 ns/op
WorkloadPilot   18: 2097152 op, 34866816.00 ns, 16.6258 ns/op
WorkloadPilot   19: 4194304 op, 69792702.00 ns, 16.6399 ns/op
WorkloadPilot   20: 8388608 op, 139854085.00 ns, 16.6719 ns/op
WorkloadPilot   21: 16777216 op, 278776885.00 ns, 16.6164 ns/op
WorkloadPilot   22: 33554432 op, 557588203.00 ns, 16.6174 ns/op

OverheadWarmup   1: 33554432 op, 55128140.00 ns, 1.6429 ns/op
OverheadWarmup   2: 33554432 op, 55221334.00 ns, 1.6457 ns/op
OverheadWarmup   3: 33554432 op, 54810608.00 ns, 1.6335 ns/op
OverheadWarmup   4: 33554432 op, 54919691.00 ns, 1.6367 ns/op
OverheadWarmup   5: 33554432 op, 54942714.00 ns, 1.6374 ns/op
OverheadWarmup   6: 33554432 op, 54826097.00 ns, 1.6339 ns/op

OverheadActual   1: 33554432 op, 54865159.00 ns, 1.6351 ns/op
OverheadActual   2: 33554432 op, 54901498.00 ns, 1.6362 ns/op
OverheadActual   3: 33554432 op, 54954316.00 ns, 1.6378 ns/op
OverheadActual   4: 33554432 op, 54962161.00 ns, 1.6380 ns/op
OverheadActual   5: 33554432 op, 54887111.00 ns, 1.6358 ns/op
OverheadActual   6: 33554432 op, 54828862.00 ns, 1.6340 ns/op
OverheadActual   7: 33554432 op, 54904072.00 ns, 1.6363 ns/op
OverheadActual   8: 33554432 op, 54814355.00 ns, 1.6336 ns/op
OverheadActual   9: 33554432 op, 54888473.00 ns, 1.6358 ns/op
OverheadActual  10: 33554432 op, 54901497.00 ns, 1.6362 ns/op
OverheadActual  11: 33554432 op, 54808334.00 ns, 1.6334 ns/op
OverheadActual  12: 33554432 op, 54983901.00 ns, 1.6386 ns/op
OverheadActual  13: 33554432 op, 54950158.00 ns, 1.6376 ns/op
OverheadActual  14: 33554432 op, 55128621.00 ns, 1.6430 ns/op
OverheadActual  15: 33554432 op, 54979874.00 ns, 1.6385 ns/op

WorkloadWarmup   1: 33554432 op, 557186454.00 ns, 16.6055 ns/op
WorkloadWarmup   2: 33554432 op, 557618169.00 ns, 16.6183 ns/op
WorkloadWarmup   3: 33554432 op, 557039131.00 ns, 16.6011 ns/op
WorkloadWarmup   4: 33554432 op, 556803422.00 ns, 16.5940 ns/op
WorkloadWarmup   5: 33554432 op, 556614180.00 ns, 16.5884 ns/op
WorkloadWarmup   6: 33554432 op, 557070583.00 ns, 16.6020 ns/op
WorkloadWarmup   7: 33554432 op, 557911521.00 ns, 16.6271 ns/op
WorkloadWarmup   8: 33554432 op, 557532313.00 ns, 16.6158 ns/op

// BeforeActualRun
WorkloadActual   1: 33554432 op, 557771560.00 ns, 16.6229 ns/op
WorkloadActual   2: 33554432 op, 556872392.00 ns, 16.5961 ns/op
WorkloadActual   3: 33554432 op, 561314275.00 ns, 16.7285 ns/op
WorkloadActual   4: 33554432 op, 556914491.00 ns, 16.5973 ns/op
WorkloadActual   5: 33554432 op, 558111273.00 ns, 16.6330 ns/op
WorkloadActual   6: 33554432 op, 557928402.00 ns, 16.6276 ns/op
WorkloadActual   7: 33554432 op, 558482796.00 ns, 16.6441 ns/op
WorkloadActual   8: 33554432 op, 562456943.00 ns, 16.7625 ns/op
WorkloadActual   9: 33554432 op, 557287637.00 ns, 16.6085 ns/op
WorkloadActual  10: 33554432 op, 558046372.00 ns, 16.6311 ns/op
WorkloadActual  11: 33554432 op, 557381961.00 ns, 16.6113 ns/op
WorkloadActual  12: 33554432 op, 557876916.00 ns, 16.6260 ns/op
WorkloadActual  13: 33554432 op, 556816900.00 ns, 16.5944 ns/op
WorkloadActual  14: 33554432 op, 557024197.00 ns, 16.6006 ns/op
WorkloadActual  15: 33554432 op, 557593819.00 ns, 16.6176 ns/op

// AfterActualRun
WorkloadResult   1: 33554432 op, 502870062.00 ns, 14.9867 ns/op
WorkloadResult   2: 33554432 op, 501970894.00 ns, 14.9599 ns/op
WorkloadResult   3: 33554432 op, 502012993.00 ns, 14.9612 ns/op
WorkloadResult   4: 33554432 op, 503209775.00 ns, 14.9968 ns/op
WorkloadResult   5: 33554432 op, 503026904.00 ns, 14.9914 ns/op
WorkloadResult   6: 33554432 op, 503581298.00 ns, 15.0079 ns/op
WorkloadResult   7: 33554432 op, 502386139.00 ns, 14.9723 ns/op
WorkloadResult   8: 33554432 op, 503144874.00 ns, 14.9949 ns/op
WorkloadResult   9: 33554432 op, 502480463.00 ns, 14.9751 ns/op
WorkloadResult  10: 33554432 op, 502975418.00 ns, 14.9898 ns/op
WorkloadResult  11: 33554432 op, 501915402.00 ns, 14.9582 ns/op
WorkloadResult  12: 33554432 op, 502122699.00 ns, 14.9644 ns/op
WorkloadResult  13: 33554432 op, 502692321.00 ns, 14.9814 ns/op
// GC:  0 0 0 0 33554432
// Threading:  0 0 33554432

// AfterAll
// Benchmark Process 3056 has exited with code 0.

Mean = 14.980 ns, StdErr = 0.004 ns (0.03%), N = 13, StdDev = 0.016 ns
Min = 14.958 ns, Q1 = 14.964 ns, Median = 14.981 ns, Q3 = 14.991 ns, Max = 15.008 ns
IQR = 0.027 ns, LowerFence = 14.924 ns, UpperFence = 15.032 ns
ConfidenceInterval = [14.961 ns; 14.999 ns] (CI 99.9%), Margin = 0.019 ns (0.13% of Mean)
Skewness = 0.06, Kurtosis = 1.53, MValue = 2

// ** Remained 11 (68.8 %) benchmark(s) to run. Estimated finish 2026-10-03 16:06 (0h 3m from now) **
// **************************
// Benchmark: ErrorCodeMappingBenchmarks.MapMultipleValidationErrors: DefaultJob
// *** Execute ***
// Launch: 1 / 1
// Execute: dotnet Encina.AwsLambda.Benchmarks-DefaultJob-1.dll --anonymousPipes 146 147 --benchmarkName Encina.AwsLambda.Benchmarks.ErrorCodeMappingBenchmarks.MapMultipleValidationErrors --job Default --benchmarkId 5 in /home/runner/work/Encina/Encina/tests/Encina.BenchmarkTests/Encina.AwsLambda.Benchmarks/bin/Release/net10.0/Encina.AwsLambda.Benchmarks-DefaultJob-1/bin/Release/net10.0
// Failed to set up high priority (Permission denied). In order to run benchmarks with high priority, make sure you have the right permissions.
// BeforeAnythingElse

// Benchmark Process Environment Information:
// BenchmarkDotNet v0.15.8
// Runtime=.NET 10.0.12 (10.0.12, 10.0.1226.42308), X64 RyuJIT x86-64-v3
// GC=Concurrent Workstation
// HardwareIntrinsics=AVX2+BMI1+BMI2+F16C+FMA+LZCNT+MOVBE,AVX,SSE3+SSSE3+SSE4.1+SSE4.2+POPCNT,X86Base+SSE+SSE2,AES+PCLMUL VectorSize=256
// Job: DefaultJob

OverheadJitting  1: 1 op, 215521.00 ns, 215.5210 us/op
WorkloadJitting  1: 1 op, 989083.00 ns, 989.0830 us/op

OverheadJitting  2: 16 op, 207677.00 ns, 12.9798 us/op
WorkloadJitting  2: 16 op, 210272.00 ns, 13.1420 us/op

WorkloadPilot    1: 16 op, 2004.00 ns, 125.2500 ns/op
WorkloadPilot    2: 32 op, 2835.00 ns, 88.5938 ns/op
WorkloadPilot    3: 64 op, 4599.00 ns, 71.8594 ns/op
WorkloadPilot    4: 128 op, 8185.00 ns, 63.9453 ns/op
WorkloadPilot    5: 256 op, 15479.00 ns, 60.4648 ns/op
WorkloadPilot    6: 512 op, 30207.00 ns, 58.9980 ns/op
WorkloadPilot    7: 1024 op, 59471.00 ns, 58.0771 ns/op
WorkloadPilot    8: 2048 op, 117789.00 ns, 57.5142 ns/op
WorkloadPilot    9: 4096 op, 234848.00 ns, 57.3359 ns/op
WorkloadPilot   10: 8192 op, 469806.00 ns, 57.3494 ns/op
WorkloadPilot   11: 16384 op, 960130.00 ns, 58.6017 ns/op
WorkloadPilot   12: 32768 op, 1899410.00 ns, 57.9654 ns/op
WorkloadPilot   13: 65536 op, 3793370.00 ns, 57.8822 ns/op
WorkloadPilot   14: 131072 op, 7639369.00 ns, 58.2838 ns/op
WorkloadPilot   15: 262144 op, 15214789.00 ns, 58.0398 ns/op
WorkloadPilot   16: 524288 op, 30284238.00 ns, 57.7626 ns/op
WorkloadPilot   17: 1048576 op, 60505788.00 ns, 57.7028 ns/op
WorkloadPilot   18: 2097152 op, 121367840.00 ns, 57.8727 ns/op
WorkloadPilot   19: 4194304 op, 242440138.00 ns, 57.8022 ns/op
WorkloadPilot   20: 8388608 op, 485068748.00 ns, 57.8247 ns/op
WorkloadPilot   21: 16777216 op, 969648113.00 ns, 57.7955 ns/op

OverheadWarmup   1: 16777216 op, 27533020.00 ns, 1.6411 ns/op
OverheadWarmup   2: 16777216 op, 27524433.00 ns, 1.6406 ns/op
OverheadWarmup   3: 16777216 op, 27464662.00 ns, 1.6370 ns/op
OverheadWarmup   4: 16777216 op, 27450916.00 ns, 1.6362 ns/op
OverheadWarmup   5: 16777216 op, 27470733.00 ns, 1.6374 ns/op
OverheadWarmup   6: 16777216 op, 27449664.00 ns, 1.6361 ns/op
OverheadWarmup   7: 16777216 op, 27409640.00 ns, 1.6337 ns/op
OverheadWarmup   8: 16777216 op, 27429756.00 ns, 1.6349 ns/op
OverheadWarmup   9: 16777216 op, 27502753.00 ns, 1.6393 ns/op
OverheadWarmup  10: 16777216 op, 27511038.00 ns, 1.6398 ns/op

OverheadActual   1: 16777216 op, 27440948.00 ns, 1.6356 ns/op
OverheadActual   2: 16777216 op, 27677870.00 ns, 1.6497 ns/op
OverheadActual   3: 16777216 op, 27519794.00 ns, 1.6403 ns/op
OverheadActual   4: 16777216 op, 27520777.00 ns, 1.6404 ns/op
OverheadActual   5: 16777216 op, 27501460.00 ns, 1.6392 ns/op
OverheadActual   6: 16777216 op, 27512742.00 ns, 1.6399 ns/op
OverheadActual   7: 16777216 op, 27443803.00 ns, 1.6358 ns/op
OverheadActual   8: 16777216 op, 27439636.00 ns, 1.6355 ns/op
OverheadActual   9: 16777216 op, 27415790.00 ns, 1.6341 ns/op
OverheadActual  10: 16777216 op, 27443272.00 ns, 1.6357 ns/op
OverheadActual  11: 16777216 op, 27543218.00 ns, 1.6417 ns/op
OverheadActual  12: 16777216 op, 27498164.00 ns, 1.6390 ns/op
OverheadActual  13: 16777216 op, 27441649.00 ns, 1.6356 ns/op
OverheadActual  14: 16777216 op, 27442591.00 ns, 1.6357 ns/op
OverheadActual  15: 16777216 op, 27423325.00 ns, 1.6346 ns/op

WorkloadWarmup   1: 16777216 op, 970022361.00 ns, 57.8178 ns/op
WorkloadWarmup   2: 16777216 op, 969994158.00 ns, 57.8162 ns/op
WorkloadWarmup   3: 16777216 op, 969267538.00 ns, 57.7728 ns/op
WorkloadWarmup   4: 16777216 op, 969565528.00 ns, 57.7906 ns/op
WorkloadWarmup   5: 16777216 op, 969875994.00 ns, 57.8091 ns/op
WorkloadWarmup   6: 16777216 op, 969596365.00 ns, 57.7924 ns/op
WorkloadWarmup   7: 16777216 op, 971344374.00 ns, 57.8966 ns/op
WorkloadWarmup   8: 16777216 op, 970232691.00 ns, 57.8304 ns/op

// BeforeActualRun
WorkloadActual   1: 16777216 op, 969129275.00 ns, 57.7646 ns/op
WorkloadActual   2: 16777216 op, 969451455.00 ns, 57.7838 ns/op
WorkloadActual   3: 16777216 op, 969982422.00 ns, 57.8155 ns/op
WorkloadActual   4: 16777216 op, 973812582.00 ns, 58.0438 ns/op
WorkloadActual   5: 16777216 op, 978512025.00 ns, 58.3239 ns/op
WorkloadActual   6: 16777216 op, 969104924.00 ns, 57.7632 ns/op
WorkloadActual   7: 16777216 op, 969387280.00 ns, 57.7800 ns/op
WorkloadActual   8: 16777216 op, 968997253.00 ns, 57.7567 ns/op
WorkloadActual   9: 16777216 op, 969048930.00 ns, 57.7598 ns/op
WorkloadActual  10: 16777216 op, 971086569.00 ns, 57.8813 ns/op
WorkloadActual  11: 16777216 op, 969118786.00 ns, 57.7640 ns/op
WorkloadActual  12: 16777216 op, 969316409.00 ns, 57.7758 ns/op
WorkloadActual  13: 16777216 op, 969415645.00 ns, 57.7817 ns/op
WorkloadActual  14: 16777216 op, 968709518.00 ns, 57.7396 ns/op
WorkloadActual  15: 16777216 op, 968881258.00 ns, 57.7498 ns/op

// AfterActualRun
WorkloadResult   1: 16777216 op, 941685472.00 ns, 56.1288 ns/op
WorkloadResult   2: 16777216 op, 942007652.00 ns, 56.1480 ns/op
WorkloadResult   3: 16777216 op, 942538619.00 ns, 56.1797 ns/op
WorkloadResult   4: 16777216 op, 941661121.00 ns, 56.1274 ns/op
WorkloadResult   5: 16777216 op, 941943477.00 ns, 56.1442 ns/op
WorkloadResult   6: 16777216 op, 941553450.00 ns, 56.1210 ns/op
WorkloadResult   7: 16777216 op, 941605127.00 ns, 56.1240 ns/op
WorkloadResult   8: 16777216 op, 941674983.00 ns, 56.1282 ns/op
WorkloadResult   9: 16777216 op, 941872606.00 ns, 56.1400 ns/op
WorkloadResult  10: 16777216 op, 941971842.00 ns, 56.1459 ns/op
WorkloadResult  11: 16777216 op, 941265715.00 ns, 56.1038 ns/op
WorkloadResult  12: 16777216 op, 941437455.00 ns, 56.1140 ns/op
// GC:  0 0 0 0 16777216
// Threading:  0 0 16777216

// AfterAll
// Benchmark Process 3067 has exited with code 0.

Mean = 56.134 ns, StdErr = 0.006 ns (0.01%), N = 12, StdDev = 0.020 ns
Min = 56.104 ns, Q1 = 56.123 ns, Median = 56.129 ns, Q3 = 56.145 ns, Max = 56.180 ns
IQR = 0.021 ns, LowerFence = 56.091 ns, UpperFence = 56.177 ns
ConfidenceInterval = [56.109 ns; 56.159 ns] (CI 99.9%), Margin = 0.025 ns (0.04% of Mean)
Skewness = 0.71, Kurtosis = 3.08, MValue = 2

// ** Remained 10 (62.5 %) benchmark(s) to run. Estimated finish 2026-10-03 16:06 (0h 3m from now) **
// **************************
// Benchmark: ErrorCodeMappingBenchmarks.MapMixedErrors: DefaultJob
// *** Execute ***
// Launch: 1 / 1
// Execute: dotnet Encina.AwsLambda.Benchmarks-DefaultJob-1.dll --anonymousPipes 146 147 --benchmarkName Encina.AwsLambda.Benchmarks.ErrorCodeMappingBenchmarks.MapMixedErrors --job Default --benchmarkId 6 in /home/runner/work/Encina/Encina/tests/Encina.BenchmarkTests/Encina.AwsLambda.Benchmarks/bin/Release/net10.0/Encina.AwsLambda.Benchmarks-DefaultJob-1/bin/Release/net10.0
// Failed to set up high priority (Permission denied). In order to run benchmarks with high priority, make sure you have the right permissions.
// BeforeAnythingElse

// Benchmark Process Environment Information:
// BenchmarkDotNet v0.15.8
// Runtime=.NET 10.0.12 (10.0.12, 10.0.1226.42308), X64 RyuJIT x86-64-v3
// GC=Concurrent Workstation
// HardwareIntrinsics=AVX2+BMI1+BMI2+F16C+FMA+LZCNT+MOVBE,AVX,SSE3+SSSE3+SSE4.1+SSE4.2+POPCNT,X86Base+SSE+SSE2,AES+PCLMUL VectorSize=256
// Job: DefaultJob

OverheadJitting  1: 1 op, 229318.00 ns, 229.3180 us/op
WorkloadJitting  1: 1 op, 947557.00 ns, 947.5570 us/op

OverheadJitting  2: 16 op, 206134.00 ns, 12.8834 us/op
WorkloadJitting  2: 16 op, 199973.00 ns, 12.4983 us/op

WorkloadPilot    1: 16 op, 2344.00 ns, 146.5000 ns/op
WorkloadPilot    2: 32 op, 3296.00 ns, 103.0000 ns/op
WorkloadPilot    3: 64 op, 5480.00 ns, 85.6250 ns/op
WorkloadPilot    4: 128 op, 10250.00 ns, 80.0781 ns/op
WorkloadPilot    5: 256 op, 19256.00 ns, 75.2188 ns/op
WorkloadPilot    6: 512 op, 37570.00 ns, 73.3789 ns/op
WorkloadPilot    7: 1024 op, 74449.00 ns, 72.7041 ns/op
WorkloadPilot    8: 2048 op, 147566.00 ns, 72.0537 ns/op
WorkloadPilot    9: 4096 op, 313194.00 ns, 76.4634 ns/op
WorkloadPilot   10: 8192 op, 607082.00 ns, 74.1067 ns/op
WorkloadPilot   11: 16384 op, 1189277.00 ns, 72.5877 ns/op
WorkloadPilot   12: 32768 op, 2381390.00 ns, 72.6743 ns/op
WorkloadPilot   13: 65536 op, 4754183.00 ns, 72.5431 ns/op
WorkloadPilot   14: 131072 op, 9578407.00 ns, 73.0774 ns/op
WorkloadPilot   15: 262144 op, 18933017.00 ns, 72.2237 ns/op
WorkloadPilot   16: 524288 op, 37957734.00 ns, 72.3986 ns/op
WorkloadPilot   17: 1048576 op, 76124459.00 ns, 72.5979 ns/op
WorkloadPilot   18: 2097152 op, 151512896.00 ns, 72.2470 ns/op
WorkloadPilot   19: 4194304 op, 303400210.00 ns, 72.3362 ns/op
WorkloadPilot   20: 8388608 op, 608571481.00 ns, 72.5474 ns/op

OverheadWarmup   1: 8388608 op, 13727913.00 ns, 1.6365 ns/op
OverheadWarmup   2: 8388608 op, 13735106.00 ns, 1.6374 ns/op
OverheadWarmup   3: 8388608 op, 13715630.00 ns, 1.6350 ns/op
OverheadWarmup   4: 8388608 op, 13715260.00 ns, 1.6350 ns/op
OverheadWarmup   5: 8388608 op, 13691234.00 ns, 1.6321 ns/op
OverheadWarmup   6: 8388608 op, 13712424.00 ns, 1.6346 ns/op
OverheadWarmup   7: 8388608 op, 13716762.00 ns, 1.6352 ns/op
OverheadWarmup   8: 8388608 op, 13730147.00 ns, 1.6368 ns/op
OverheadWarmup   9: 8388608 op, 13714538.00 ns, 1.6349 ns/op

OverheadActual   1: 8388608 op, 13717423.00 ns, 1.6352 ns/op
OverheadActual   2: 8388608 op, 13726670.00 ns, 1.6363 ns/op
OverheadActual   3: 8388608 op, 13701815.00 ns, 1.6334 ns/op
OverheadActual   4: 8388608 op, 13728484.00 ns, 1.6366 ns/op
OverheadActual   5: 8388608 op, 13723746.00 ns, 1.6360 ns/op
OverheadActual   6: 8388608 op, 13702165.00 ns, 1.6334 ns/op
OverheadActual   7: 8388608 op, 13730248.00 ns, 1.6368 ns/op
OverheadActual   8: 8388608 op, 13740557.00 ns, 1.6380 ns/op
OverheadActual   9: 8388608 op, 13711312.00 ns, 1.6345 ns/op
OverheadActual  10: 8388608 op, 13752488.00 ns, 1.6394 ns/op
OverheadActual  11: 8388608 op, 13717784.00 ns, 1.6353 ns/op
OverheadActual  12: 8388608 op, 13718055.00 ns, 1.6353 ns/op
OverheadActual  13: 8388608 op, 13706323.00 ns, 1.6339 ns/op
OverheadActual  14: 8388608 op, 13771475.00 ns, 1.6417 ns/op
OverheadActual  15: 8388608 op, 13714178.00 ns, 1.6349 ns/op

WorkloadWarmup   1: 8388608 op, 606056444.00 ns, 72.2476 ns/op
WorkloadWarmup   2: 8388608 op, 605670004.00 ns, 72.2015 ns/op
WorkloadWarmup   3: 8388608 op, 605964489.00 ns, 72.2366 ns/op
WorkloadWarmup   4: 8388608 op, 607201505.00 ns, 72.3841 ns/op
WorkloadWarmup   5: 8388608 op, 606713423.00 ns, 72.3259 ns/op
WorkloadWarmup   6: 8388608 op, 606452799.00 ns, 72.2948 ns/op
WorkloadWarmup   7: 8388608 op, 606046342.00 ns, 72.2464 ns/op
WorkloadWarmup   8: 8388608 op, 606261764.00 ns, 72.2720 ns/op
WorkloadWarmup   9: 8388608 op, 607970578.00 ns, 72.4757 ns/op
WorkloadWarmup  10: 8388608 op, 606687046.00 ns, 72.3227 ns/op

// BeforeActualRun
WorkloadActual   1: 8388608 op, 607341776.00 ns, 72.4008 ns/op
WorkloadActual   2: 8388608 op, 606362351.00 ns, 72.2840 ns/op
WorkloadActual   3: 8388608 op, 606367661.00 ns, 72.2847 ns/op
WorkloadActual   4: 8388608 op, 606491491.00 ns, 72.2994 ns/op
WorkloadActual   5: 8388608 op, 607317538.00 ns, 72.3979 ns/op
WorkloadActual   6: 8388608 op, 621082445.00 ns, 74.0388 ns/op
WorkloadActual   7: 8388608 op, 606092502.00 ns, 72.2519 ns/op
WorkloadActual   8: 8388608 op, 606777258.00 ns, 72.3335 ns/op
WorkloadActual   9: 8388608 op, 607767643.00 ns, 72.4515 ns/op
WorkloadActual  10: 8388608 op, 617470391.00 ns, 73.6082 ns/op
WorkloadActual  11: 8388608 op, 606483190.00 ns, 72.2984 ns/op
WorkloadActual  12: 8388608 op, 608892118.00 ns, 72.5856 ns/op
WorkloadActual  13: 8388608 op, 606757848.00 ns, 72.3312 ns/op
WorkloadActual  14: 8388608 op, 606589518.00 ns, 72.3111 ns/op
WorkloadActual  15: 8388608 op, 605983039.00 ns, 72.2388 ns/op

// AfterActualRun
WorkloadResult   1: 8388608 op, 593623721.00 ns, 70.7655 ns/op
WorkloadResult   2: 8388608 op, 592644296.00 ns, 70.6487 ns/op
WorkloadResult   3: 8388608 op, 592649606.00 ns, 70.6493 ns/op
WorkloadResult   4: 8388608 op, 592773436.00 ns, 70.6641 ns/op
WorkloadResult   5: 8388608 op, 593599483.00 ns, 70.7626 ns/op
WorkloadResult   6: 8388608 op, 592374447.00 ns, 70.6165 ns/op
WorkloadResult   7: 8388608 op, 593059203.00 ns, 70.6982 ns/op
WorkloadResult   8: 8388608 op, 594049588.00 ns, 70.8162 ns/op
WorkloadResult   9: 8388608 op, 592765135.00 ns, 70.6631 ns/op
WorkloadResult  10: 8388608 op, 595174063.00 ns, 70.9503 ns/op
WorkloadResult  11: 8388608 op, 593039793.00 ns, 70.6959 ns/op
WorkloadResult  12: 8388608 op, 592871463.00 ns, 70.6758 ns/op
WorkloadResult  13: 8388608 op, 592264984.00 ns, 70.6035 ns/op
// GC:  0 0 0 0 8388608
// Threading:  0 0 8388608

// AfterAll
// Benchmark Process 3081 has exited with code 0.

Mean = 70.708 ns, StdErr = 0.026 ns (0.04%), N = 13, StdDev = 0.095 ns
Min = 70.603 ns, Q1 = 70.649 ns, Median = 70.676 ns, Q3 = 70.763 ns, Max = 70.950 ns
IQR = 0.113 ns, LowerFence = 70.479 ns, UpperFence = 70.932 ns
ConfidenceInterval = [70.595 ns; 70.822 ns] (CI 99.9%), Margin = 0.114 ns (0.16% of Mean)
Skewness = 1.18, Kurtosis = 3.6, MValue = 2

// ** Remained 9 (56.2 %) benchmark(s) to run. Estimated finish 2026-10-03 16:06 (0h 2m from now) **
// **************************
// Benchmark: ErrorCodeMappingBenchmarks.MapAuthorizationUnauthenticated: ShortRun(IterationCount=3, LaunchCount=1, WarmupCount=3)
// *** Execute ***
// Launch: 1 / 1
// Execute: dotnet Encina.AwsLambda.Benchmarks-DefaultJob-1.dll --anonymousPipes 146 147 --benchmarkName Encina.AwsLambda.Benchmarks.ErrorCodeMappingBenchmarks.MapAuthorizationUnauthenticated --job ShortRun --benchmarkId 7 in /home/runner/work/Encina/Encina/tests/Encina.BenchmarkTests/Encina.AwsLambda.Benchmarks/bin/Release/net10.0/Encina.AwsLambda.Benchmarks-DefaultJob-1/bin/Release/net10.0
// Failed to set up high priority (Permission denied). In order to run benchmarks with high priority, make sure you have the right permissions.
// BeforeAnythingElse

// Benchmark Process Environment Information:
// BenchmarkDotNet v0.15.8
// Runtime=.NET 10.0.12 (10.0.12, 10.0.1226.42308), X64 RyuJIT x86-64-v3
// GC=Concurrent Workstation
// HardwareIntrinsics=AVX2+BMI1+BMI2+F16C+FMA+LZCNT+MOVBE,AVX,SSE3+SSSE3+SSE4.1+SSE4.2+POPCNT,X86Base+SSE+SSE2,AES+PCLMUL VectorSize=256
// Job: ShortRun(IterationCount=3, LaunchCount=1, WarmupCount=3)

OverheadJitting  1: 1 op, 212276.00 ns, 212.2760 us/op
WorkloadJitting  1: 1 op, 871515.00 ns, 871.5150 us/op

OverheadJitting  2: 16 op, 207947.00 ns, 12.9967 us/op
WorkloadJitting  2: 16 op, 203208.00 ns, 12.7005 us/op

WorkloadPilot    1: 16 op, 1122.00 ns, 70.1250 ns/op
WorkloadPilot    2: 32 op, 1322.00 ns, 41.3125 ns/op
WorkloadPilot    3: 64 op, 1824.00 ns, 28.5000 ns/op
WorkloadPilot    4: 128 op, 2785.00 ns, 21.7578 ns/op
WorkloadPilot    5: 256 op, 4899.00 ns, 19.1367 ns/op
WorkloadPilot    6: 512 op, 9077.00 ns, 17.7285 ns/op
WorkloadPilot    7: 1024 op, 17412.00 ns, 17.0039 ns/op
WorkloadPilot    8: 2048 op, 33943.00 ns, 16.5737 ns/op
WorkloadPilot    9: 4096 op, 84036.00 ns, 20.5166 ns/op
WorkloadPilot   10: 8192 op, 133869.00 ns, 16.3414 ns/op
WorkloadPilot   11: 16384 op, 266817.00 ns, 16.2852 ns/op
WorkloadPilot   12: 32768 op, 534246.00 ns, 16.3039 ns/op
WorkloadPilot   13: 65536 op, 1098728.00 ns, 16.7653 ns/op
WorkloadPilot   14: 131072 op, 2197947.00 ns, 16.7690 ns/op
WorkloadPilot   15: 262144 op, 4369194.00 ns, 16.6672 ns/op
WorkloadPilot   16: 524288 op, 8706600.00 ns, 16.6065 ns/op
WorkloadPilot   17: 1048576 op, 17344261.00 ns, 16.5408 ns/op
WorkloadPilot   18: 2097152 op, 34410854.00 ns, 16.4084 ns/op
WorkloadPilot   19: 4194304 op, 68838039.00 ns, 16.4123 ns/op
WorkloadPilot   20: 8388608 op, 137841455.00 ns, 16.4320 ns/op
WorkloadPilot   21: 16777216 op, 277572748.00 ns, 16.5446 ns/op
WorkloadPilot   22: 33554432 op, 550446138.00 ns, 16.4046 ns/op

OverheadWarmup   1: 33554432 op, 54912127.00 ns, 1.6365 ns/op
OverheadWarmup   2: 33554432 op, 54957521.00 ns, 1.6379 ns/op
OverheadWarmup   3: 33554432 op, 54789619.00 ns, 1.6329 ns/op
OverheadWarmup   4: 33554432 op, 54775773.00 ns, 1.6324 ns/op
OverheadWarmup   5: 33554432 op, 55000051.00 ns, 1.6391 ns/op
OverheadWarmup   6: 33554432 op, 56226357.00 ns, 1.6757 ns/op
OverheadWarmup   7: 33554432 op, 55095379.00 ns, 1.6420 ns/op

OverheadActual   1: 33554432 op, 54825696.00 ns, 1.6339 ns/op
OverheadActual   2: 33554432 op, 54813463.00 ns, 1.6336 ns/op
OverheadActual   3: 33554432 op, 54839782.00 ns, 1.6344 ns/op
OverheadActual   4: 33554432 op, 54826818.00 ns, 1.6340 ns/op
OverheadActual   5: 33554432 op, 54783297.00 ns, 1.6327 ns/op
OverheadActual   6: 33554432 op, 54844912.00 ns, 1.6345 ns/op
OverheadActual   7: 33554432 op, 54855211.00 ns, 1.6348 ns/op
OverheadActual   8: 33554432 op, 54889976.00 ns, 1.6358 ns/op
OverheadActual   9: 33554432 op, 54843469.00 ns, 1.6345 ns/op
OverheadActual  10: 33554432 op, 55145743.00 ns, 1.6435 ns/op
OverheadActual  11: 33554432 op, 54803634.00 ns, 1.6333 ns/op
OverheadActual  12: 33554432 op, 55042140.00 ns, 1.6404 ns/op
OverheadActual  13: 33554432 op, 54850031.00 ns, 1.6347 ns/op
OverheadActual  14: 33554432 op, 54786923.00 ns, 1.6328 ns/op
OverheadActual  15: 33554432 op, 54939758.00 ns, 1.6373 ns/op

WorkloadWarmup   1: 33554432 op, 551050166.00 ns, 16.4226 ns/op
WorkloadWarmup   2: 33554432 op, 550703850.00 ns, 16.4123 ns/op
WorkloadWarmup   3: 33554432 op, 550261526.00 ns, 16.3991 ns/op

// BeforeActualRun
WorkloadActual   1: 33554432 op, 550569611.00 ns, 16.4083 ns/op
WorkloadActual   2: 33554432 op, 550357575.00 ns, 16.4019 ns/op
WorkloadActual   3: 33554432 op, 550673163.00 ns, 16.4113 ns/op

// AfterActualRun
WorkloadResult   1: 33554432 op, 495726142.00 ns, 14.7738 ns/op
WorkloadResult   2: 33554432 op, 495514106.00 ns, 14.7675 ns/op
WorkloadResult   3: 33554432 op, 495829694.00 ns, 14.7769 ns/op
// GC:  0 0 0 0 33554432
// Threading:  0 0 33554432

// AfterAll
// Benchmark Process 3089 has exited with code 0.

Mean = 14.773 ns, StdErr = 0.003 ns (0.02%), N = 3, StdDev = 0.005 ns
Min = 14.767 ns, Q1 = 14.771 ns, Median = 14.774 ns, Q3 = 14.775 ns, Max = 14.777 ns
IQR = 0.005 ns, LowerFence = 14.764 ns, UpperFence = 14.782 ns
ConfidenceInterval = [14.685 ns; 14.860 ns] (CI 99.9%), Margin = 0.087 ns (0.59% of Mean)
Skewness = -0.21, Kurtosis = 0.67, MValue = 2

// ** Remained 8 (50.0 %) benchmark(s) to run. Estimated finish 2026-10-03 16:06 (0h 2m from now) **
// **************************
// Benchmark: ErrorCodeMappingBenchmarks.MapAuthorizationForbidden: ShortRun(IterationCount=3, LaunchCount=1, WarmupCount=3)
// *** Execute ***
// Launch: 1 / 1
// Execute: dotnet Encina.AwsLambda.Benchmarks-DefaultJob-1.dll --anonymousPipes 146 147 --benchmarkName Encina.AwsLambda.Benchmarks.ErrorCodeMappingBenchmarks.MapAuthorizationForbidden --job ShortRun --benchmarkId 8 in /home/runner/work/Encina/Encina/tests/Encina.BenchmarkTests/Encina.AwsLambda.Benchmarks/bin/Release/net10.0/Encina.AwsLambda.Benchmarks-DefaultJob-1/bin/Release/net10.0
// Failed to set up high priority (Permission denied). In order to run benchmarks with high priority, make sure you have the right permissions.
// BeforeAnythingElse

// Benchmark Process Environment Information:
// BenchmarkDotNet v0.15.8
// Runtime=.NET 10.0.12 (10.0.12, 10.0.1226.42308), X64 RyuJIT x86-64-v3
// GC=Concurrent Workstation
// HardwareIntrinsics=AVX2+BMI1+BMI2+F16C+FMA+LZCNT+MOVBE,AVX,SSE3+SSSE3+SSE4.1+SSE4.2+POPCNT,X86Base+SSE+SSE2,AES+PCLMUL VectorSize=256
// Job: ShortRun(IterationCount=3, LaunchCount=1, WarmupCount=3)

OverheadJitting  1: 1 op, 204812.00 ns, 204.8120 us/op
WorkloadJitting  1: 1 op, 832122.00 ns, 832.1220 us/op

OverheadJitting  2: 16 op, 204762.00 ns, 12.7976 us/op
WorkloadJitting  2: 16 op, 221983.00 ns, 13.8739 us/op

WorkloadPilot    1: 16 op, 1793.00 ns, 112.0625 ns/op
WorkloadPilot    2: 32 op, 2285.00 ns, 71.4063 ns/op
WorkloadPilot    3: 64 op, 2024.00 ns, 31.6250 ns/op
WorkloadPilot    4: 128 op, 3125.00 ns, 24.4141 ns/op
WorkloadPilot    5: 256 op, 5420.00 ns, 21.1719 ns/op
WorkloadPilot    6: 512 op, 18455.00 ns, 36.0449 ns/op
WorkloadPilot    7: 1024 op, 18955.00 ns, 18.5107 ns/op
WorkloadPilot    8: 2048 op, 37260.00 ns, 18.1934 ns/op
WorkloadPilot    9: 4096 op, 75961.00 ns, 18.5452 ns/op
WorkloadPilot   10: 8192 op, 173634.00 ns, 21.1956 ns/op
WorkloadPilot   11: 16384 op, 291373.00 ns, 17.7840 ns/op
WorkloadPilot   12: 32768 op, 614937.00 ns, 18.7664 ns/op
WorkloadPilot   13: 65536 op, 1200378.00 ns, 18.3163 ns/op
WorkloadPilot   14: 131072 op, 2382812.00 ns, 18.1794 ns/op
WorkloadPilot   15: 262144 op, 4719449.00 ns, 18.0033 ns/op
WorkloadPilot   16: 524288 op, 9442384.00 ns, 18.0099 ns/op
WorkloadPilot   17: 1048576 op, 18851256.00 ns, 17.9780 ns/op
WorkloadPilot   18: 2097152 op, 38158321.00 ns, 18.1953 ns/op
WorkloadPilot   19: 4194304 op, 75573628.00 ns, 18.0182 ns/op
WorkloadPilot   20: 8388608 op, 150932816.00 ns, 17.9926 ns/op
WorkloadPilot   21: 16777216 op, 301760796.00 ns, 17.9863 ns/op
WorkloadPilot   22: 33554432 op, 605910336.00 ns, 18.0575 ns/op

OverheadWarmup   1: 33554432 op, 54951811.00 ns, 1.6377 ns/op
OverheadWarmup   2: 33554432 op, 54888433.00 ns, 1.6358 ns/op
OverheadWarmup   3: 33554432 op, 54830435.00 ns, 1.6341 ns/op
OverheadWarmup   4: 33554432 op, 54878525.00 ns, 1.6355 ns/op
OverheadWarmup   5: 33554432 op, 54860451.00 ns, 1.6350 ns/op
OverheadWarmup   6: 33554432 op, 54802353.00 ns, 1.6332 ns/op
OverheadWarmup   7: 33554432 op, 54852806.00 ns, 1.6347 ns/op
OverheadWarmup   8: 33554432 op, 54869617.00 ns, 1.6352 ns/op
OverheadWarmup   9: 33554432 op, 54866382.00 ns, 1.6351 ns/op

OverheadActual   1: 33554432 op, 54864498.00 ns, 1.6351 ns/op
OverheadActual   2: 33554432 op, 54819595.00 ns, 1.6338 ns/op
OverheadActual   3: 33554432 op, 54852375.00 ns, 1.6347 ns/op
OverheadActual   4: 33554432 op, 54899784.00 ns, 1.6361 ns/op
OverheadActual   5: 33554432 op, 54880037.00 ns, 1.6356 ns/op
OverheadActual   6: 33554432 op, 55003197.00 ns, 1.6392 ns/op
OverheadActual   7: 33554432 op, 54907599.00 ns, 1.6364 ns/op
OverheadActual   8: 33554432 op, 54928908.00 ns, 1.6370 ns/op
OverheadActual   9: 33554432 op, 54815807.00 ns, 1.6336 ns/op
OverheadActual  10: 33554432 op, 54932475.00 ns, 1.6371 ns/op
OverheadActual  11: 33554432 op, 54824244.00 ns, 1.6339 ns/op
OverheadActual  12: 33554432 op, 54833481.00 ns, 1.6342 ns/op
OverheadActual  13: 33554432 op, 54868847.00 ns, 1.6352 ns/op
OverheadActual  14: 33554432 op, 54843967.00 ns, 1.6345 ns/op
OverheadActual  15: 33554432 op, 54807770.00 ns, 1.6334 ns/op

WorkloadWarmup   1: 33554432 op, 603439484.00 ns, 17.9839 ns/op
WorkloadWarmup   2: 33554432 op, 606066631.00 ns, 18.0622 ns/op
WorkloadWarmup   3: 33554432 op, 603902006.00 ns, 17.9977 ns/op

// BeforeActualRun
WorkloadActual   1: 33554432 op, 603912565.00 ns, 17.9980 ns/op
WorkloadActual   2: 33554432 op, 604476867.00 ns, 18.0148 ns/op
WorkloadActual   3: 33554432 op, 603984940.00 ns, 18.0002 ns/op

// AfterActualRun
WorkloadResult   1: 33554432 op, 549048067.00 ns, 16.3629 ns/op
WorkloadResult   2: 33554432 op, 549612369.00 ns, 16.3797 ns/op
WorkloadResult   3: 33554432 op, 549120442.00 ns, 16.3651 ns/op
// GC:  0 0 0 0 33554432
// Threading:  0 0 33554432

// AfterAll
// Benchmark Process 3099 has exited with code 0.

Mean = 16.369 ns, StdErr = 0.005 ns (0.03%), N = 3, StdDev = 0.009 ns
Min = 16.363 ns, Q1 = 16.364 ns, Median = 16.365 ns, Q3 = 16.372 ns, Max = 16.380 ns
IQR = 0.008 ns, LowerFence = 16.351 ns, UpperFence = 16.385 ns
ConfidenceInterval = [16.202 ns; 16.536 ns] (CI 99.9%), Margin = 0.167 ns (1.02% of Mean)
Skewness = 0.36, Kurtosis = 0.67, MValue = 2

// ** Remained 7 (43.8 %) benchmark(s) to run. Estimated finish 2026-10-03 16:06 (0h 1m from now) **
// **************************
// Benchmark: ErrorCodeMappingBenchmarks.MapNotFoundError: ShortRun(IterationCount=3, LaunchCount=1, WarmupCount=3)
// *** Execute ***
// Launch: 1 / 1
// Execute: dotnet Encina.AwsLambda.Benchmarks-DefaultJob-1.dll --anonymousPipes 146 147 --benchmarkName Encina.AwsLambda.Benchmarks.ErrorCodeMappingBenchmarks.MapNotFoundError --job ShortRun --benchmarkId 9 in /home/runner/work/Encina/Encina/tests/Encina.BenchmarkTests/Encina.AwsLambda.Benchmarks/bin/Release/net10.0/Encina.AwsLambda.Benchmarks-DefaultJob-1/bin/Release/net10.0
// Failed to set up high priority (Permission denied). In order to run benchmarks with high priority, make sure you have the right permissions.
// BeforeAnythingElse

// Benchmark Process Environment Information:
// BenchmarkDotNet v0.15.8
// Runtime=.NET 10.0.12 (10.0.12, 10.0.1226.42308), X64 RyuJIT x86-64-v3
// GC=Concurrent Workstation
// HardwareIntrinsics=AVX2+BMI1+BMI2+F16C+FMA+LZCNT+MOVBE,AVX,SSE3+SSSE3+SSE4.1+SSE4.2+POPCNT,X86Base+SSE+SSE2,AES+PCLMUL VectorSize=256
// Job: ShortRun(IterationCount=3, LaunchCount=1, WarmupCount=3)

OverheadJitting  1: 1 op, 210563.00 ns, 210.5630 us/op
WorkloadJitting  1: 1 op, 844635.00 ns, 844.6350 us/op

OverheadJitting  2: 16 op, 205422.00 ns, 12.8389 us/op
WorkloadJitting  2: 16 op, 200844.00 ns, 12.5528 us/op

WorkloadPilot    1: 16 op, 1092.00 ns, 68.2500 ns/op
WorkloadPilot    2: 32 op, 1212.00 ns, 37.8750 ns/op
WorkloadPilot    3: 64 op, 1653.00 ns, 25.8281 ns/op
WorkloadPilot    4: 128 op, 2525.00 ns, 19.7266 ns/op
WorkloadPilot    5: 256 op, 4299.00 ns, 16.7930 ns/op
WorkloadPilot    6: 512 op, 7834.00 ns, 15.3008 ns/op
WorkloadPilot    7: 1024 op, 14998.00 ns, 14.6465 ns/op
WorkloadPilot    8: 2048 op, 32390.00 ns, 15.8154 ns/op
WorkloadPilot    9: 4096 op, 57658.00 ns, 14.0767 ns/op
WorkloadPilot   10: 8192 op, 114454.00 ns, 13.9714 ns/op
WorkloadPilot   11: 16384 op, 228316.00 ns, 13.9353 ns/op
WorkloadPilot   12: 32768 op, 455870.00 ns, 13.9120 ns/op
WorkloadPilot   13: 65536 op, 930685.00 ns, 14.2011 ns/op
WorkloadPilot   14: 131072 op, 1862692.00 ns, 14.2112 ns/op
WorkloadPilot   15: 262144 op, 3733750.00 ns, 14.2431 ns/op
WorkloadPilot   16: 524288 op, 7868328.00 ns, 15.0076 ns/op
WorkloadPilot   17: 1048576 op, 14823684.00 ns, 14.1370 ns/op
WorkloadPilot   18: 2097152 op, 29501215.00 ns, 14.0673 ns/op
WorkloadPilot   19: 4194304 op, 58838423.00 ns, 14.0282 ns/op
WorkloadPilot   20: 8388608 op, 117995622.00 ns, 14.0662 ns/op
WorkloadPilot   21: 16777216 op, 235763339.00 ns, 14.0526 ns/op
WorkloadPilot   22: 33554432 op, 470985810.00 ns, 14.0365 ns/op
WorkloadPilot   23: 67108864 op, 942330819.00 ns, 14.0418 ns/op

OverheadWarmup   1: 67108864 op, 109643642.00 ns, 1.6338 ns/op
OverheadWarmup   2: 67108864 op, 109899399.00 ns, 1.6376 ns/op
OverheadWarmup   3: 67108864 op, 109745832.00 ns, 1.6353 ns/op
OverheadWarmup   4: 67108864 op, 109638643.00 ns, 1.6337 ns/op
OverheadWarmup   5: 67108864 op, 110252728.00 ns, 1.6429 ns/op
OverheadWarmup   6: 67108864 op, 109681644.00 ns, 1.6344 ns/op

OverheadActual   1: 67108864 op, 109743348.00 ns, 1.6353 ns/op
OverheadActual   2: 67108864 op, 109600422.00 ns, 1.6332 ns/op
OverheadActual   3: 67108864 op, 109770479.00 ns, 1.6357 ns/op
OverheadActual   4: 67108864 op, 109683647.00 ns, 1.6344 ns/op
OverheadActual   5: 67108864 op, 109970432.00 ns, 1.6387 ns/op
OverheadActual   6: 67108864 op, 109820893.00 ns, 1.6365 ns/op
OverheadActual   7: 67108864 op, 109583140.00 ns, 1.6329 ns/op
OverheadActual   8: 67108864 op, 109834650.00 ns, 1.6367 ns/op
OverheadActual   9: 67108864 op, 109709152.00 ns, 1.6348 ns/op
OverheadActual  10: 67108864 op, 109723901.00 ns, 1.6350 ns/op
OverheadActual  11: 67108864 op, 109605750.00 ns, 1.6333 ns/op
OverheadActual  12: 67108864 op, 109867759.00 ns, 1.6372 ns/op
OverheadActual  13: 67108864 op, 109582868.00 ns, 1.6329 ns/op
OverheadActual  14: 67108864 op, 109755950.00 ns, 1.6355 ns/op
OverheadActual  15: 67108864 op, 109708853.00 ns, 1.6348 ns/op

WorkloadWarmup   1: 67108864 op, 941878183.00 ns, 14.0351 ns/op
WorkloadWarmup   2: 67108864 op, 944051695.00 ns, 14.0675 ns/op
WorkloadWarmup   3: 67108864 op, 942722718.00 ns, 14.0477 ns/op

// BeforeActualRun
WorkloadActual   1: 67108864 op, 941523443.00 ns, 14.0298 ns/op
WorkloadActual   2: 67108864 op, 941882952.00 ns, 14.0351 ns/op
WorkloadActual   3: 67108864 op, 943673830.00 ns, 14.0618 ns/op

// AfterActualRun
WorkloadResult   1: 67108864 op, 831799542.00 ns, 12.3948 ns/op
WorkloadResult   2: 67108864 op, 832159051.00 ns, 12.4001 ns/op
WorkloadResult   3: 67108864 op, 833949929.00 ns, 12.4268 ns/op
// GC:  0 0 0 0 67108864
// Threading:  0 0 67108864

// AfterAll
// Benchmark Process 3107 has exited with code 0.

Mean = 12.407 ns, StdErr = 0.010 ns (0.08%), N = 3, StdDev = 0.017 ns
Min = 12.395 ns, Q1 = 12.397 ns, Median = 12.400 ns, Q3 = 12.413 ns, Max = 12.427 ns
IQR = 0.016 ns, LowerFence = 12.373 ns, UpperFence = 12.438 ns
ConfidenceInterval = [12.094 ns; 12.720 ns] (CI 99.9%), Margin = 0.313 ns (2.52% of Mean)
Skewness = 0.34, Kurtosis = 0.67, MValue = 2

// ** Remained 6 (37.5 %) benchmark(s) to run. Estimated finish 2026-10-03 16:05 (0h 1m from now) **
// **************************
// Benchmark: ErrorCodeMappingBenchmarks.MapConflictError: ShortRun(IterationCount=3, LaunchCount=1, WarmupCount=3)
// *** Execute ***
// Launch: 1 / 1
// Execute: dotnet Encina.AwsLambda.Benchmarks-DefaultJob-1.dll --anonymousPipes 146 147 --benchmarkName Encina.AwsLambda.Benchmarks.ErrorCodeMappingBenchmarks.MapConflictError --job ShortRun --benchmarkId 10 in /home/runner/work/Encina/Encina/tests/Encina.BenchmarkTests/Encina.AwsLambda.Benchmarks/bin/Release/net10.0/Encina.AwsLambda.Benchmarks-DefaultJob-1/bin/Release/net10.0
// Failed to set up high priority (Permission denied). In order to run benchmarks with high priority, make sure you have the right permissions.
// BeforeAnythingElse

// Benchmark Process Environment Information:
// BenchmarkDotNet v0.15.8
// Runtime=.NET 10.0.12 (10.0.12, 10.0.1226.42308), X64 RyuJIT x86-64-v3
// GC=Concurrent Workstation
// HardwareIntrinsics=AVX2+BMI1+BMI2+F16C+FMA+LZCNT+MOVBE,AVX,SSE3+SSSE3+SSE4.1+SSE4.2+POPCNT,X86Base+SSE+SSE2,AES+PCLMUL VectorSize=256
// Job: ShortRun(IterationCount=3, LaunchCount=1, WarmupCount=3)

OverheadJitting  1: 1 op, 253823.00 ns, 253.8230 us/op
WorkloadJitting  1: 1 op, 879639.00 ns, 879.6390 us/op

OverheadJitting  2: 16 op, 209490.00 ns, 13.0931 us/op
WorkloadJitting  2: 16 op, 227384.00 ns, 14.2115 us/op

WorkloadPilot    1: 16 op, 1162.00 ns, 72.6250 ns/op
WorkloadPilot    2: 32 op, 1263.00 ns, 39.4688 ns/op
WorkloadPilot    3: 64 op, 1744.00 ns, 27.2500 ns/op
WorkloadPilot    4: 128 op, 2965.00 ns, 23.1641 ns/op
WorkloadPilot    5: 256 op, 4589.00 ns, 17.9258 ns/op
WorkloadPilot    6: 512 op, 8456.00 ns, 16.5156 ns/op
WorkloadPilot    7: 1024 op, 16080.00 ns, 15.7031 ns/op
WorkloadPilot    8: 2048 op, 31389.00 ns, 15.3267 ns/op
WorkloadPilot    9: 4096 op, 61836.00 ns, 15.0967 ns/op
WorkloadPilot   10: 8192 op, 122759.00 ns, 14.9852 ns/op
WorkloadPilot   11: 16384 op, 244796.00 ns, 14.9412 ns/op
WorkloadPilot   12: 32768 op, 488751.00 ns, 14.9155 ns/op
WorkloadPilot   13: 65536 op, 994263.00 ns, 15.1712 ns/op
WorkloadPilot   14: 131072 op, 2003434.00 ns, 15.2850 ns/op
WorkloadPilot   15: 262144 op, 3981491.00 ns, 15.1882 ns/op
WorkloadPilot   16: 524288 op, 7936284.00 ns, 15.1373 ns/op
WorkloadPilot   17: 1048576 op, 15857008.00 ns, 15.1224 ns/op
WorkloadPilot   18: 2097152 op, 31572963.00 ns, 15.0552 ns/op
WorkloadPilot   19: 4194304 op, 63152178.00 ns, 15.0567 ns/op
WorkloadPilot   20: 8388608 op, 126279030.00 ns, 15.0536 ns/op
WorkloadPilot   21: 16777216 op, 252872721.00 ns, 15.0724 ns/op
WorkloadPilot   22: 33554432 op, 506028977.00 ns, 15.0808 ns/op

OverheadWarmup   1: 33554432 op, 54888967.00 ns, 1.6358 ns/op
OverheadWarmup   2: 33554432 op, 54808176.00 ns, 1.6334 ns/op
OverheadWarmup   3: 33554432 op, 54924884.00 ns, 1.6369 ns/op
OverheadWarmup   4: 33554432 op, 54785534.00 ns, 1.6327 ns/op
OverheadWarmup   5: 33554432 op, 54821281.00 ns, 1.6338 ns/op
OverheadWarmup   6: 33554432 op, 55914579.00 ns, 1.6664 ns/op
OverheadWarmup   7: 33554432 op, 54931015.00 ns, 1.6371 ns/op

OverheadActual   1: 33554432 op, 54876202.00 ns, 1.6354 ns/op
OverheadActual   2: 33554432 op, 54877886.00 ns, 1.6355 ns/op
OverheadActual   3: 33554432 op, 54875361.00 ns, 1.6354 ns/op
OverheadActual   4: 33554432 op, 54826430.00 ns, 1.6340 ns/op
OverheadActual   5: 33554432 op, 54836839.00 ns, 1.6343 ns/op
OverheadActual   6: 33554432 op, 54801924.00 ns, 1.6332 ns/op
OverheadActual   7: 33554432 op, 54967623.00 ns, 1.6382 ns/op
OverheadActual   8: 33554432 op, 54862407.00 ns, 1.6350 ns/op
OverheadActual   9: 33554432 op, 54817253.00 ns, 1.6337 ns/op
OverheadActual  10: 33554432 op, 55204314.00 ns, 1.6452 ns/op
OverheadActual  11: 33554432 op, 54809719.00 ns, 1.6335 ns/op
OverheadActual  12: 33554432 op, 54834445.00 ns, 1.6342 ns/op
OverheadActual  13: 33554432 op, 54879860.00 ns, 1.6355 ns/op
OverheadActual  14: 33554432 op, 54835126.00 ns, 1.6342 ns/op
OverheadActual  15: 33554432 op, 54791966.00 ns, 1.6329 ns/op

WorkloadWarmup   1: 33554432 op, 504847784.00 ns, 15.0456 ns/op
WorkloadWarmup   2: 33554432 op, 504796639.00 ns, 15.0441 ns/op
WorkloadWarmup   3: 33554432 op, 504803741.00 ns, 15.0443 ns/op

// BeforeActualRun
WorkloadActual   1: 33554432 op, 504974069.00 ns, 15.0494 ns/op
WorkloadActual   2: 33554432 op, 504784095.00 ns, 15.0437 ns/op
WorkloadActual   3: 33554432 op, 514840892.00 ns, 15.3435 ns/op

// AfterActualRun
WorkloadResult   1: 33554432 op, 450137230.00 ns, 13.4151 ns/op
WorkloadResult   2: 33554432 op, 449947256.00 ns, 13.4095 ns/op
WorkloadResult   3: 33554432 op, 460004053.00 ns, 13.7092 ns/op
// GC:  0 0 0 0 33554432
// Threading:  0 0 33554432

// AfterAll
// Benchmark Process 3114 has exited with code 0.

Mean = 13.511 ns, StdErr = 0.099 ns (0.73%), N = 3, StdDev = 0.171 ns
Min = 13.409 ns, Q1 = 13.412 ns, Median = 13.415 ns, Q3 = 13.562 ns, Max = 13.709 ns
IQR = 0.150 ns, LowerFence = 13.188 ns, UpperFence = 13.787 ns
ConfidenceInterval = [10.384 ns; 16.639 ns] (CI 99.9%), Margin = 3.128 ns (23.15% of Mean)
Skewness = 0.38, Kurtosis = 0.67, MValue = 2

// ** Remained 5 (31.2 %) benchmark(s) to run. Estimated finish 2026-10-03 16:05 (0h 1m from now) **
// **************************
// Benchmark: ErrorCodeMappingBenchmarks.MapUnknownError: ShortRun(IterationCount=3, LaunchCount=1, WarmupCount=3)
// *** Execute ***
// Launch: 1 / 1
// Execute: dotnet Encina.AwsLambda.Benchmarks-DefaultJob-1.dll --anonymousPipes 146 147 --benchmarkName Encina.AwsLambda.Benchmarks.ErrorCodeMappingBenchmarks.MapUnknownError --job ShortRun --benchmarkId 11 in /home/runner/work/Encina/Encina/tests/Encina.BenchmarkTests/Encina.AwsLambda.Benchmarks/bin/Release/net10.0/Encina.AwsLambda.Benchmarks-DefaultJob-1/bin/Release/net10.0
// Failed to set up high priority (Permission denied). In order to run benchmarks with high priority, make sure you have the right permissions.
// BeforeAnythingElse

// Benchmark Process Environment Information:
// BenchmarkDotNet v0.15.8
// Runtime=.NET 10.0.12 (10.0.12, 10.0.1226.42308), X64 RyuJIT x86-64-v3
// GC=Concurrent Workstation
// HardwareIntrinsics=AVX2+BMI1+BMI2+F16C+FMA+LZCNT+MOVBE,AVX,SSE3+SSSE3+SSE4.1+SSE4.2+POPCNT,X86Base+SSE+SSE2,AES+PCLMUL VectorSize=256
// Job: ShortRun(IterationCount=3, LaunchCount=1, WarmupCount=3)

OverheadJitting  1: 1 op, 209751.00 ns, 209.7510 us/op
WorkloadJitting  1: 1 op, 848473.00 ns, 848.4730 us/op

OverheadJitting  2: 16 op, 231552.00 ns, 14.4720 us/op
WorkloadJitting  2: 16 op, 202758.00 ns, 12.6724 us/op

WorkloadPilot    1: 16 op, 1092.00 ns, 68.2500 ns/op
WorkloadPilot    2: 32 op, 1303.00 ns, 40.7188 ns/op
WorkloadPilot    3: 64 op, 1783.00 ns, 27.8594 ns/op
WorkloadPilot    4: 128 op, 2865.00 ns, 22.3828 ns/op
WorkloadPilot    5: 256 op, 4879.00 ns, 19.0586 ns/op
WorkloadPilot    6: 512 op, 9067.00 ns, 17.7090 ns/op
WorkloadPilot    7: 1024 op, 17293.00 ns, 16.8877 ns/op
WorkloadPilot    8: 2048 op, 33853.00 ns, 16.5298 ns/op
WorkloadPilot    9: 4096 op, 66815.00 ns, 16.3123 ns/op
WorkloadPilot   10: 8192 op, 132888.00 ns, 16.2217 ns/op
WorkloadPilot   11: 16384 op, 265155.00 ns, 16.1838 ns/op
WorkloadPilot   12: 32768 op, 549705.00 ns, 16.7757 ns/op
WorkloadPilot   13: 65536 op, 1075335.00 ns, 16.4083 ns/op
WorkloadPilot   14: 131072 op, 2166319.00 ns, 16.5277 ns/op
WorkloadPilot   15: 262144 op, 4300568.00 ns, 16.4054 ns/op
WorkloadPilot   16: 524288 op, 8604313.00 ns, 16.4114 ns/op
WorkloadPilot   17: 1048576 op, 17214455.00 ns, 16.4170 ns/op
WorkloadPilot   18: 2097152 op, 36741823.00 ns, 17.5199 ns/op
WorkloadPilot   19: 4194304 op, 68531442.00 ns, 16.3392 ns/op
WorkloadPilot   20: 8388608 op, 136886616.00 ns, 16.3182 ns/op
WorkloadPilot   21: 16777216 op, 273660110.00 ns, 16.3114 ns/op
WorkloadPilot   22: 33554432 op, 549083358.00 ns, 16.3640 ns/op

OverheadWarmup   1: 33554432 op, 54921327.00 ns, 1.6368 ns/op
OverheadWarmup   2: 33554432 op, 54924102.00 ns, 1.6369 ns/op
OverheadWarmup   3: 33554432 op, 54937708.00 ns, 1.6373 ns/op
OverheadWarmup   4: 33554432 op, 54899556.00 ns, 1.6361 ns/op
OverheadWarmup   5: 33554432 op, 54910497.00 ns, 1.6365 ns/op
OverheadWarmup   6: 33554432 op, 54869000.00 ns, 1.6352 ns/op

OverheadActual   1: 33554432 op, 54888266.00 ns, 1.6358 ns/op
OverheadActual   2: 33554432 op, 54911288.00 ns, 1.6365 ns/op
OverheadActual   3: 33554432 op, 54825959.00 ns, 1.6339 ns/op
OverheadActual   4: 33554432 op, 54837741.00 ns, 1.6343 ns/op
OverheadActual   5: 33554432 op, 54930164.00 ns, 1.6370 ns/op
OverheadActual   6: 33554432 op, 54981560.00 ns, 1.6386 ns/op
OverheadActual   7: 33554432 op, 54877055.00 ns, 1.6355 ns/op
OverheadActual   8: 33554432 op, 54809007.00 ns, 1.6334 ns/op
OverheadActual   9: 33554432 op, 55157197.00 ns, 1.6438 ns/op
OverheadActual  10: 33554432 op, 54919974.00 ns, 1.6367 ns/op
OverheadActual  11: 33554432 op, 54833173.00 ns, 1.6342 ns/op
OverheadActual  12: 33554432 op, 54824817.00 ns, 1.6339 ns/op
OverheadActual  13: 33554432 op, 54860073.00 ns, 1.6350 ns/op
OverheadActual  14: 33554432 op, 54897031.00 ns, 1.6361 ns/op
OverheadActual  15: 33554432 op, 54896297.00 ns, 1.6360 ns/op

WorkloadWarmup   1: 33554432 op, 547126098.00 ns, 16.3056 ns/op
WorkloadWarmup   2: 33554432 op, 547030239.00 ns, 16.3028 ns/op
WorkloadWarmup   3: 33554432 op, 547657989.00 ns, 16.3215 ns/op

// BeforeActualRun
WorkloadActual   1: 33554432 op, 546905045.00 ns, 16.2990 ns/op
WorkloadActual   2: 33554432 op, 547490547.00 ns, 16.3165 ns/op
WorkloadActual   3: 33554432 op, 547605902.00 ns, 16.3199 ns/op

// AfterActualRun
WorkloadResult   1: 33554432 op, 492016779.00 ns, 14.6632 ns/op
WorkloadResult   2: 33554432 op, 492602281.00 ns, 14.6807 ns/op
WorkloadResult   3: 33554432 op, 492717636.00 ns, 14.6841 ns/op
// GC:  0 0 0 0 33554432
// Threading:  0 0 33554432

// AfterAll
// Benchmark Process 3121 has exited with code 0.

Mean = 14.676 ns, StdErr = 0.006 ns (0.04%), N = 3, StdDev = 0.011 ns
Min = 14.663 ns, Q1 = 14.672 ns, Median = 14.681 ns, Q3 = 14.682 ns, Max = 14.684 ns
IQR = 0.010 ns, LowerFence = 14.656 ns, UpperFence = 14.698 ns
ConfidenceInterval = [14.472 ns; 14.880 ns] (CI 99.9%), Margin = 0.204 ns (1.39% of Mean)
Skewness = -0.34, Kurtosis = 0.67, MValue = 2

// ** Remained 4 (25.0 %) benchmark(s) to run. Estimated finish 2026-10-03 16:05 (0h 0m from now) **
// **************************
// Benchmark: ErrorCodeMappingBenchmarks.MapMultipleValidationErrors: ShortRun(IterationCount=3, LaunchCount=1, WarmupCount=3)
// *** Execute ***
// Launch: 1 / 1
// Execute: dotnet Encina.AwsLambda.Benchmarks-DefaultJob-1.dll --anonymousPipes 146 147 --benchmarkName Encina.AwsLambda.Benchmarks.ErrorCodeMappingBenchmarks.MapMultipleValidationErrors --job ShortRun --benchmarkId 12 in /home/runner/work/Encina/Encina/tests/Encina.BenchmarkTests/Encina.AwsLambda.Benchmarks/bin/Release/net10.0/Encina.AwsLambda.Benchmarks-DefaultJob-1/bin/Release/net10.0
// Failed to set up high priority (Permission denied). In order to run benchmarks with high priority, make sure you have the right permissions.
// BeforeAnythingElse

// Benchmark Process Environment Information:
// BenchmarkDotNet v0.15.8
// Runtime=.NET 10.0.12 (10.0.12, 10.0.1226.42308), X64 RyuJIT x86-64-v3
// GC=Concurrent Workstation
// HardwareIntrinsics=AVX2+BMI1+BMI2+F16C+FMA+LZCNT+MOVBE,AVX,SSE3+SSSE3+SSE4.1+SSE4.2+POPCNT,X86Base+SSE+SSE2,AES+PCLMUL VectorSize=256
// Job: ShortRun(IterationCount=3, LaunchCount=1, WarmupCount=3)

OverheadJitting  1: 1 op, 208950.00 ns, 208.9500 us/op
WorkloadJitting  1: 1 op, 920255.00 ns, 920.2550 us/op

OverheadJitting  2: 16 op, 206244.00 ns, 12.8903 us/op
WorkloadJitting  2: 16 op, 256018.00 ns, 16.0011 us/op

WorkloadPilot    1: 16 op, 5490.00 ns, 343.1250 ns/op
WorkloadPilot    2: 32 op, 4679.00 ns, 146.2188 ns/op
WorkloadPilot    3: 64 op, 8095.00 ns, 126.4844 ns/op
WorkloadPilot    4: 128 op, 14828.00 ns, 115.8438 ns/op
WorkloadPilot    5: 256 op, 30397.00 ns, 118.7383 ns/op
WorkloadPilot    6: 512 op, 43692.00 ns, 85.3359 ns/op
WorkloadPilot    7: 1024 op, 75170.00 ns, 73.4082 ns/op
WorkloadPilot    8: 2048 op, 125965.00 ns, 61.5063 ns/op
WorkloadPilot    9: 4096 op, 250788.00 ns, 61.2275 ns/op
WorkloadPilot   10: 8192 op, 499612.00 ns, 60.9878 ns/op
WorkloadPilot   11: 16384 op, 1028848.00 ns, 62.7959 ns/op
WorkloadPilot   12: 32768 op, 2050271.00 ns, 62.5693 ns/op
WorkloadPilot   13: 65536 op, 4077310.00 ns, 62.2148 ns/op
WorkloadPilot   14: 131072 op, 8114136.00 ns, 61.9059 ns/op
WorkloadPilot   15: 262144 op, 16243630.00 ns, 61.9645 ns/op
WorkloadPilot   16: 524288 op, 32408936.00 ns, 61.8151 ns/op
WorkloadPilot   17: 1048576 op, 64596609.00 ns, 61.6041 ns/op
WorkloadPilot   18: 2097152 op, 129247330.00 ns, 61.6299 ns/op
WorkloadPilot   19: 4194304 op, 258794487.00 ns, 61.7014 ns/op
WorkloadPilot   20: 8388608 op, 516634045.00 ns, 61.5876 ns/op

OverheadWarmup   1: 8388608 op, 13815725.00 ns, 1.6470 ns/op
OverheadWarmup   2: 8388608 op, 13707543.00 ns, 1.6341 ns/op
OverheadWarmup   3: 8388608 op, 13701672.00 ns, 1.6334 ns/op
OverheadWarmup   4: 8388608 op, 13718804.00 ns, 1.6354 ns/op
OverheadWarmup   5: 8388608 op, 13708005.00 ns, 1.6341 ns/op
OverheadWarmup   6: 8388608 op, 13715028.00 ns, 1.6350 ns/op
OverheadWarmup   7: 8388608 op, 13705610.00 ns, 1.6338 ns/op

OverheadActual   1: 8388608 op, 13716209.00 ns, 1.6351 ns/op
OverheadActual   2: 8388608 op, 13746896.00 ns, 1.6388 ns/op
OverheadActual   3: 8388608 op, 13828098.00 ns, 1.6484 ns/op
OverheadActual   4: 8388608 op, 13707794.00 ns, 1.6341 ns/op
OverheadActual   5: 8388608 op, 13715809.00 ns, 1.6351 ns/op
OverheadActual   6: 8388608 op, 13741326.00 ns, 1.6381 ns/op
OverheadActual   7: 8388608 op, 13714045.00 ns, 1.6348 ns/op
OverheadActual   8: 8388608 op, 13798793.00 ns, 1.6449 ns/op
OverheadActual   9: 8388608 op, 13717262.00 ns, 1.6352 ns/op
OverheadActual  10: 8388608 op, 13717231.00 ns, 1.6352 ns/op
OverheadActual  11: 8388608 op, 13707994.00 ns, 1.6341 ns/op
OverheadActual  12: 8388608 op, 13710008.00 ns, 1.6344 ns/op
OverheadActual  13: 8388608 op, 13710379.00 ns, 1.6344 ns/op
OverheadActual  14: 8388608 op, 13698617.00 ns, 1.6330 ns/op
OverheadActual  15: 8388608 op, 13770604.00 ns, 1.6416 ns/op

WorkloadWarmup   1: 8388608 op, 518006961.00 ns, 61.7512 ns/op
WorkloadWarmup   2: 8388608 op, 516213651.00 ns, 61.5375 ns/op
WorkloadWarmup   3: 8388608 op, 516892366.00 ns, 61.6184 ns/op

// BeforeActualRun
WorkloadActual   1: 8388608 op, 516523990.00 ns, 61.5745 ns/op
WorkloadActual   2: 8388608 op, 519188386.00 ns, 61.8921 ns/op
WorkloadActual   3: 8388608 op, 516604941.00 ns, 61.5841 ns/op

// AfterActualRun
WorkloadResult   1: 8388608 op, 502807781.00 ns, 59.9394 ns/op
WorkloadResult   2: 8388608 op, 505472177.00 ns, 60.2570 ns/op
WorkloadResult   3: 8388608 op, 502888732.00 ns, 59.9490 ns/op
// GC:  0 0 0 0 8388608
// Threading:  0 0 8388608

// AfterAll
// Benchmark Process 3130 has exited with code 0.

Mean = 60.048 ns, StdErr = 0.104 ns (0.17%), N = 3, StdDev = 0.181 ns
Min = 59.939 ns, Q1 = 59.944 ns, Median = 59.949 ns, Q3 = 60.103 ns, Max = 60.257 ns
IQR = 0.159 ns, LowerFence = 59.706 ns, UpperFence = 60.341 ns
ConfidenceInterval = [56.753 ns; 63.344 ns] (CI 99.9%), Margin = 3.296 ns (5.49% of Mean)
Skewness = 0.38, Kurtosis = 0.67, MValue = 2

// ** Remained 3 (18.8 %) benchmark(s) to run. Estimated finish 2026-10-03 16:05 (0h 0m from now) **
// **************************
// Benchmark: ErrorCodeMappingBenchmarks.MapMixedErrors: ShortRun(IterationCount=3, LaunchCount=1, WarmupCount=3)
// *** Execute ***
// Launch: 1 / 1
// Execute: dotnet Encina.AwsLambda.Benchmarks-DefaultJob-1.dll --anonymousPipes 146 147 --benchmarkName Encina.AwsLambda.Benchmarks.ErrorCodeMappingBenchmarks.MapMixedErrors --job ShortRun --benchmarkId 13 in /home/runner/work/Encina/Encina/tests/Encina.BenchmarkTests/Encina.AwsLambda.Benchmarks/bin/Release/net10.0/Encina.AwsLambda.Benchmarks-DefaultJob-1/bin/Release/net10.0
// Failed to set up high priority (Permission denied). In order to run benchmarks with high priority, make sure you have the right permissions.
// BeforeAnythingElse

// Benchmark Process Environment Information:
// BenchmarkDotNet v0.15.8
// Runtime=.NET 10.0.12 (10.0.12, 10.0.1226.42308), X64 RyuJIT x86-64-v3
// GC=Concurrent Workstation
// HardwareIntrinsics=AVX2+BMI1+BMI2+F16C+FMA+LZCNT+MOVBE,AVX,SSE3+SSSE3+SSE4.1+SSE4.2+POPCNT,X86Base+SSE+SSE2,AES+PCLMUL VectorSize=256
// Job: ShortRun(IterationCount=3, LaunchCount=1, WarmupCount=3)

OverheadJitting  1: 1 op, 205032.00 ns, 205.0320 us/op
WorkloadJitting  1: 1 op, 870323.00 ns, 870.3230 us/op

OverheadJitting  2: 16 op, 224368.00 ns, 14.0230 us/op
WorkloadJitting  2: 16 op, 198881.00 ns, 12.4301 us/op

WorkloadPilot    1: 16 op, 2374.00 ns, 148.3750 ns/op
WorkloadPilot    2: 32 op, 3377.00 ns, 105.5313 ns/op
WorkloadPilot    3: 64 op, 12694.00 ns, 198.3438 ns/op
WorkloadPilot    4: 128 op, 19195.00 ns, 149.9609 ns/op
WorkloadPilot    5: 256 op, 32421.00 ns, 126.6445 ns/op
WorkloadPilot    6: 512 op, 37951.00 ns, 74.1230 ns/op
WorkloadPilot    7: 1024 op, 74719.00 ns, 72.9678 ns/op
WorkloadPilot    8: 2048 op, 174816.00 ns, 85.3594 ns/op
WorkloadPilot    9: 4096 op, 296072.00 ns, 72.2832 ns/op
WorkloadPilot   10: 8192 op, 623432.00 ns, 76.1025 ns/op
WorkloadPilot   11: 16384 op, 1209234.00 ns, 73.8058 ns/op
WorkloadPilot   12: 32768 op, 2421744.00 ns, 73.9058 ns/op
WorkloadPilot   13: 65536 op, 4794477.00 ns, 73.1579 ns/op
WorkloadPilot   14: 131072 op, 9585109.00 ns, 73.1286 ns/op
WorkloadPilot   15: 262144 op, 19117528.00 ns, 72.9276 ns/op
WorkloadPilot   16: 524288 op, 38142443.00 ns, 72.7509 ns/op
WorkloadPilot   17: 1048576 op, 76353815.00 ns, 72.8167 ns/op
WorkloadPilot   18: 2097152 op, 152815401.00 ns, 72.8681 ns/op
WorkloadPilot   19: 4194304 op, 305557105.00 ns, 72.8505 ns/op
WorkloadPilot   20: 8388608 op, 611245696.00 ns, 72.8662 ns/op

OverheadWarmup   1: 8388608 op, 13777343.00 ns, 1.6424 ns/op
OverheadWarmup   2: 8388608 op, 13767886.00 ns, 1.6413 ns/op
OverheadWarmup   3: 8388608 op, 13704296.00 ns, 1.6337 ns/op
OverheadWarmup   4: 8388608 op, 13710899.00 ns, 1.6345 ns/op
OverheadWarmup   5: 8388608 op, 13766042.00 ns, 1.6410 ns/op
OverheadWarmup   6: 8388608 op, 14014734.00 ns, 1.6707 ns/op
OverheadWarmup   7: 8388608 op, 13768256.00 ns, 1.6413 ns/op
OverheadWarmup   8: 8388608 op, 13710038.00 ns, 1.6344 ns/op
OverheadWarmup   9: 8388608 op, 13734864.00 ns, 1.6373 ns/op
OverheadWarmup  10: 8388608 op, 14031888.00 ns, 1.6727 ns/op

OverheadActual   1: 8388608 op, 13741657.00 ns, 1.6381 ns/op
OverheadActual   2: 8388608 op, 13731658.00 ns, 1.6369 ns/op
OverheadActual   3: 8388608 op, 13726498.00 ns, 1.6363 ns/op
OverheadActual   4: 8388608 op, 13720047.00 ns, 1.6356 ns/op
OverheadActual   5: 8388608 op, 13729764.00 ns, 1.6367 ns/op
OverheadActual   6: 8388608 op, 13704317.00 ns, 1.6337 ns/op
OverheadActual   7: 8388608 op, 13710619.00 ns, 1.6344 ns/op
OverheadActual   8: 8388608 op, 13722490.00 ns, 1.6358 ns/op
OverheadActual   9: 8388608 op, 13718683.00 ns, 1.6354 ns/op
OverheadActual  10: 8388608 op, 13718543.00 ns, 1.6354 ns/op
OverheadActual  11: 8388608 op, 13725617.00 ns, 1.6362 ns/op
OverheadActual  12: 8388608 op, 13720818.00 ns, 1.6356 ns/op
OverheadActual  13: 8388608 op, 13699178.00 ns, 1.6331 ns/op
OverheadActual  14: 8388608 op, 13706170.00 ns, 1.6339 ns/op
OverheadActual  15: 8388608 op, 13732419.00 ns, 1.6370 ns/op

WorkloadWarmup   1: 8388608 op, 610476492.00 ns, 72.7745 ns/op
WorkloadWarmup   2: 8388608 op, 611104513.00 ns, 72.8493 ns/op
WorkloadWarmup   3: 8388608 op, 610484096.00 ns, 72.7754 ns/op

// BeforeActualRun
WorkloadActual   1: 8388608 op, 611004517.00 ns, 72.8374 ns/op
WorkloadActual   2: 8388608 op, 610876317.00 ns, 72.8221 ns/op
WorkloadActual   3: 8388608 op, 610773766.00 ns, 72.8099 ns/op

// AfterActualRun
WorkloadResult   1: 8388608 op, 597283699.00 ns, 71.2018 ns/op
WorkloadResult   2: 8388608 op, 597155499.00 ns, 71.1865 ns/op
WorkloadResult   3: 8388608 op, 597052948.00 ns, 71.1743 ns/op
// GC:  0 0 0 0 8388608
// Threading:  0 0 8388608

// AfterAll
// Benchmark Process 3137 has exited with code 0.

Mean = 71.188 ns, StdErr = 0.008 ns (0.01%), N = 3, StdDev = 0.014 ns
Min = 71.174 ns, Q1 = 71.180 ns, Median = 71.186 ns, Q3 = 71.194 ns, Max = 71.202 ns
IQR = 0.014 ns, LowerFence = 71.160 ns, UpperFence = 71.215 ns
ConfidenceInterval = [70.936 ns; 71.439 ns] (CI 99.9%), Margin = 0.251 ns (0.35% of Mean)
Skewness = 0.07, Kurtosis = 0.67, MValue = 2

// ** Remained 2 (12.5 %) benchmark(s) to run. Estimated finish 2026-10-03 16:05 (0h 0m from now) **
// **************************
// Benchmark: ErrorCodeMappingBenchmarks.MapValidationError: DefaultJob
// *** Execute ***
// Launch: 1 / 1
// Execute: dotnet Encina.AwsLambda.Benchmarks-DefaultJob-1.dll --anonymousPipes 146 147 --benchmarkName Encina.AwsLambda.Benchmarks.ErrorCodeMappingBenchmarks.MapValidationError --job Default --benchmarkId 14 in /home/runner/work/Encina/Encina/tests/Encina.BenchmarkTests/Encina.AwsLambda.Benchmarks/bin/Release/net10.0/Encina.AwsLambda.Benchmarks-DefaultJob-1/bin/Release/net10.0
// Failed to set up high priority (Permission denied). In order to run benchmarks with high priority, make sure you have the right permissions.
// BeforeAnythingElse

// Benchmark Process Environment Information:
// BenchmarkDotNet v0.15.8
// Runtime=.NET 10.0.12 (10.0.12, 10.0.1226.42308), X64 RyuJIT x86-64-v3
// GC=Concurrent Workstation
// HardwareIntrinsics=AVX2+BMI1+BMI2+F16C+FMA+LZCNT+MOVBE,AVX,SSE3+SSSE3+SSE4.1+SSE4.2+POPCNT,X86Base+SSE+SSE2,AES+PCLMUL VectorSize=256
// Job: DefaultJob

OverheadJitting  1: 1 op, 207807.00 ns, 207.8070 us/op
WorkloadJitting  1: 1 op, 875152.00 ns, 875.1520 us/op

OverheadJitting  2: 16 op, 211294.00 ns, 13.2059 us/op
WorkloadJitting  2: 16 op, 202287.00 ns, 12.6429 us/op

WorkloadPilot    1: 16 op, 1022.00 ns, 63.8750 ns/op
WorkloadPilot    2: 32 op, 1583.00 ns, 49.4688 ns/op
WorkloadPilot    3: 64 op, 1703.00 ns, 26.6094 ns/op
WorkloadPilot    4: 128 op, 2345.00 ns, 18.3203 ns/op
WorkloadPilot    5: 256 op, 3947.00 ns, 15.4180 ns/op
WorkloadPilot    6: 512 op, 7004.00 ns, 13.6797 ns/op
WorkloadPilot    7: 1024 op, 13235.00 ns, 12.9248 ns/op
WorkloadPilot    8: 2048 op, 25567.00 ns, 12.4839 ns/op
WorkloadPilot    9: 4096 op, 50294.00 ns, 12.2788 ns/op
WorkloadPilot   10: 8192 op, 100868.00 ns, 12.3130 ns/op
WorkloadPilot   11: 16384 op, 201706.00 ns, 12.3112 ns/op
WorkloadPilot   12: 32768 op, 424151.00 ns, 12.9441 ns/op
WorkloadPilot   13: 65536 op, 818336.00 ns, 12.4868 ns/op
WorkloadPilot   14: 131072 op, 1610112.00 ns, 12.2842 ns/op
WorkloadPilot   15: 262144 op, 3263323.00 ns, 12.4486 ns/op
WorkloadPilot   16: 524288 op, 6530625.00 ns, 12.4562 ns/op
WorkloadPilot   17: 1048576 op, 12840607.00 ns, 12.2458 ns/op
WorkloadPilot   18: 2097152 op, 25579024.00 ns, 12.1970 ns/op
WorkloadPilot   19: 4194304 op, 51342603.00 ns, 12.2410 ns/op
WorkloadPilot   20: 8388608 op, 102142359.00 ns, 12.1763 ns/op
WorkloadPilot   21: 16777216 op, 204809687.00 ns, 12.2076 ns/op
WorkloadPilot   22: 33554432 op, 408844487.00 ns, 12.1845 ns/op
WorkloadPilot   23: 67108864 op, 818071472.00 ns, 12.1902 ns/op

OverheadWarmup   1: 67108864 op, 109677966.00 ns, 1.6343 ns/op
OverheadWarmup   2: 67108864 op, 109625237.00 ns, 1.6335 ns/op
OverheadWarmup   3: 67108864 op, 109655764.00 ns, 1.6340 ns/op
OverheadWarmup   4: 67108864 op, 109890402.00 ns, 1.6375 ns/op
OverheadWarmup   5: 67108864 op, 109780217.00 ns, 1.6359 ns/op
OverheadWarmup   6: 67108864 op, 109855757.00 ns, 1.6370 ns/op
OverheadWarmup   7: 67108864 op, 109606793.00 ns, 1.6333 ns/op

OverheadActual   1: 67108864 op, 109621129.00 ns, 1.6335 ns/op
OverheadActual   2: 67108864 op, 109803810.00 ns, 1.6362 ns/op
OverheadActual   3: 67108864 op, 109700818.00 ns, 1.6347 ns/op
OverheadActual   4: 67108864 op, 111256959.00 ns, 1.6579 ns/op
OverheadActual   5: 67108864 op, 109594750.00 ns, 1.6331 ns/op
OverheadActual   6: 67108864 op, 109678256.00 ns, 1.6343 ns/op
OverheadActual   7: 67108864 op, 109716056.00 ns, 1.6349 ns/op
OverheadActual   8: 67108864 op, 109741384.00 ns, 1.6353 ns/op
OverheadActual   9: 67108864 op, 109709103.00 ns, 1.6348 ns/op
OverheadActual  10: 67108864 op, 109570896.00 ns, 1.6327 ns/op
OverheadActual  11: 67108864 op, 109683566.00 ns, 1.6344 ns/op
OverheadActual  12: 67108864 op, 109637850.00 ns, 1.6337 ns/op
OverheadActual  13: 67108864 op, 109584882.00 ns, 1.6329 ns/op
OverheadActual  14: 67108864 op, 109636939.00 ns, 1.6337 ns/op
OverheadActual  15: 67108864 op, 109639684.00 ns, 1.6338 ns/op

WorkloadWarmup   1: 67108864 op, 818142565.00 ns, 12.1913 ns/op
WorkloadWarmup   2: 67108864 op, 831900942.00 ns, 12.3963 ns/op
WorkloadWarmup   3: 67108864 op, 831373047.00 ns, 12.3884 ns/op
WorkloadWarmup   4: 67108864 op, 821462013.00 ns, 12.2407 ns/op
WorkloadWarmup   5: 67108864 op, 818811752.00 ns, 12.2012 ns/op
WorkloadWarmup   6: 67108864 op, 818871398.00 ns, 12.2021 ns/op
WorkloadWarmup   7: 67108864 op, 821695247.00 ns, 12.2442 ns/op
WorkloadWarmup   8: 67108864 op, 819893909.00 ns, 12.2174 ns/op

// BeforeActualRun
WorkloadActual   1: 67108864 op, 818462500.00 ns, 12.1960 ns/op
WorkloadActual   2: 67108864 op, 825205324.00 ns, 12.2965 ns/op
WorkloadActual   3: 67108864 op, 821213255.00 ns, 12.2370 ns/op
WorkloadActual   4: 67108864 op, 819026211.00 ns, 12.2044 ns/op
WorkloadActual   5: 67108864 op, 821993453.00 ns, 12.2487 ns/op
WorkloadActual   6: 67108864 op, 819040989.00 ns, 12.2047 ns/op
WorkloadActual   7: 67108864 op, 818568117.00 ns, 12.1976 ns/op
WorkloadActual   8: 67108864 op, 820611927.00 ns, 12.2281 ns/op
WorkloadActual   9: 67108864 op, 818948809.00 ns, 12.2033 ns/op
WorkloadActual  10: 67108864 op, 818174195.00 ns, 12.1917 ns/op
WorkloadActual  11: 67108864 op, 818060964.00 ns, 12.1901 ns/op
WorkloadActual  12: 67108864 op, 819418798.00 ns, 12.2103 ns/op
WorkloadActual  13: 67108864 op, 818082094.00 ns, 12.1904 ns/op
WorkloadActual  14: 67108864 op, 818375550.00 ns, 12.1947 ns/op
WorkloadActual  15: 67108864 op, 818984155.00 ns, 12.2038 ns/op

// AfterActualRun
WorkloadResult   1: 67108864 op, 708784244.00 ns, 10.5617 ns/op
WorkloadResult   2: 67108864 op, 711534999.00 ns, 10.6027 ns/op
WorkloadResult   3: 67108864 op, 709347955.00 ns, 10.5701 ns/op
WorkloadResult   4: 67108864 op, 712315197.00 ns, 10.6143 ns/op
WorkloadResult   5: 67108864 op, 709362733.00 ns, 10.5703 ns/op
WorkloadResult   6: 67108864 op, 708889861.00 ns, 10.5633 ns/op
WorkloadResult   7: 67108864 op, 710933671.00 ns, 10.5937 ns/op
WorkloadResult   8: 67108864 op, 709270553.00 ns, 10.5690 ns/op
WorkloadResult   9: 67108864 op, 708495939.00 ns, 10.5574 ns/op
WorkloadResult  10: 67108864 op, 708382708.00 ns, 10.5557 ns/op
WorkloadResult  11: 67108864 op, 709740542.00 ns, 10.5760 ns/op
WorkloadResult  12: 67108864 op, 708403838.00 ns, 10.5560 ns/op
WorkloadResult  13: 67108864 op, 708697294.00 ns, 10.5604 ns/op
WorkloadResult  14: 67108864 op, 709305899.00 ns, 10.5695 ns/op
// GC:  0 0 0 0 67108864
// Threading:  0 0 67108864

// AfterAll
// Benchmark Process 3145 has exited with code 0.

Mean = 10.573 ns, StdErr = 0.005 ns (0.05%), N = 14, StdDev = 0.018 ns
Min = 10.556 ns, Q1 = 10.561 ns, Median = 10.569 ns, Q3 = 10.575 ns, Max = 10.614 ns
IQR = 0.014 ns, LowerFence = 10.540 ns, UpperFence = 10.595 ns
ConfidenceInterval = [10.552 ns; 10.593 ns] (CI 99.9%), Margin = 0.020 ns (0.19% of Mean)
Skewness = 1.06, Kurtosis = 2.77, MValue = 2

// ** Remained 1 (6.2 %) benchmark(s) to run. Estimated finish 2026-10-03 16:05 (0h 0m from now) **
// **************************
// Benchmark: ErrorCodeMappingBenchmarks.MapValidationError: ShortRun(IterationCount=3, LaunchCount=1, WarmupCount=3)
// *** Execute ***
// Launch: 1 / 1
// Execute: dotnet Encina.AwsLambda.Benchmarks-DefaultJob-1.dll --anonymousPipes 146 147 --benchmarkName Encina.AwsLambda.Benchmarks.ErrorCodeMappingBenchmarks.MapValidationError --job ShortRun --benchmarkId 15 in /home/runner/work/Encina/Encina/tests/Encina.BenchmarkTests/Encina.AwsLambda.Benchmarks/bin/Release/net10.0/Encina.AwsLambda.Benchmarks-DefaultJob-1/bin/Release/net10.0
// Failed to set up high priority (Permission denied). In order to run benchmarks with high priority, make sure you have the right permissions.
// BeforeAnythingElse

// Benchmark Process Environment Information:
// BenchmarkDotNet v0.15.8
// Runtime=.NET 10.0.12 (10.0.12, 10.0.1226.42308), X64 RyuJIT x86-64-v3
// GC=Concurrent Workstation
// HardwareIntrinsics=AVX2+BMI1+BMI2+F16C+FMA+LZCNT+MOVBE,AVX,SSE3+SSSE3+SSE4.1+SSE4.2+POPCNT,X86Base+SSE+SSE2,AES+PCLMUL VectorSize=256
// Job: ShortRun(IterationCount=3, LaunchCount=1, WarmupCount=3)

OverheadJitting  1: 1 op, 246901.00 ns, 246.9010 us/op
WorkloadJitting  1: 1 op, 856066.00 ns, 856.0660 us/op

OverheadJitting  2: 16 op, 255036.00 ns, 15.9398 us/op
WorkloadJitting  2: 16 op, 219380.00 ns, 13.7113 us/op

WorkloadPilot    1: 16 op, 1603.00 ns, 100.1875 ns/op
WorkloadPilot    2: 32 op, 2074.00 ns, 64.8125 ns/op
WorkloadPilot    3: 64 op, 1633.00 ns, 25.5156 ns/op
WorkloadPilot    4: 128 op, 2244.00 ns, 17.5313 ns/op
WorkloadPilot    5: 256 op, 3717.00 ns, 14.5195 ns/op
WorkloadPilot    6: 512 op, 7044.00 ns, 13.7578 ns/op
WorkloadPilot    7: 1024 op, 13065.00 ns, 12.7588 ns/op
WorkloadPilot    8: 2048 op, 25017.00 ns, 12.2153 ns/op
WorkloadPilot    9: 4096 op, 49292.00 ns, 12.0342 ns/op
WorkloadPilot   10: 8192 op, 97702.00 ns, 11.9265 ns/op
WorkloadPilot   11: 16384 op, 228697.00 ns, 13.9586 ns/op
WorkloadPilot   12: 32768 op, 421787.00 ns, 12.8719 ns/op
WorkloadPilot   13: 65536 op, 804149.00 ns, 12.2703 ns/op
WorkloadPilot   14: 131072 op, 1580968.00 ns, 12.0618 ns/op
WorkloadPilot   15: 262144 op, 3187593.00 ns, 12.1597 ns/op
WorkloadPilot   16: 524288 op, 6355689.00 ns, 12.1225 ns/op
WorkloadPilot   17: 1048576 op, 12722350.00 ns, 12.1330 ns/op
WorkloadPilot   18: 2097152 op, 25365512.00 ns, 12.0952 ns/op
WorkloadPilot   19: 4194304 op, 50554366.00 ns, 12.0531 ns/op
WorkloadPilot   20: 8388608 op, 100652691.00 ns, 11.9987 ns/op
WorkloadPilot   21: 16777216 op, 201164879.00 ns, 11.9904 ns/op
WorkloadPilot   22: 33554432 op, 401780388.00 ns, 11.9740 ns/op
WorkloadPilot   23: 67108864 op, 804338019.00 ns, 11.9856 ns/op

OverheadWarmup   1: 67108864 op, 109803020.00 ns, 1.6362 ns/op
OverheadWarmup   2: 67108864 op, 109889020.00 ns, 1.6375 ns/op
OverheadWarmup   3: 67108864 op, 109594561.00 ns, 1.6331 ns/op
OverheadWarmup   4: 67108864 op, 109777632.00 ns, 1.6358 ns/op
OverheadWarmup   5: 67108864 op, 109635076.00 ns, 1.6337 ns/op

OverheadActual   1: 67108864 op, 110029081.00 ns, 1.6396 ns/op
OverheadActual   2: 67108864 op, 109685661.00 ns, 1.6344 ns/op
OverheadActual   3: 67108864 op, 109706119.00 ns, 1.6347 ns/op
OverheadActual   4: 67108864 op, 109926740.00 ns, 1.6380 ns/op
OverheadActual   5: 67108864 op, 109872449.00 ns, 1.6372 ns/op
OverheadActual   6: 67108864 op, 109691241.00 ns, 1.6345 ns/op
OverheadActual   7: 67108864 op, 109651817.00 ns, 1.6339 ns/op
OverheadActual   8: 67108864 op, 109869464.00 ns, 1.6372 ns/op
OverheadActual   9: 67108864 op, 109680721.00 ns, 1.6344 ns/op
OverheadActual  10: 67108864 op, 109919359.00 ns, 1.6379 ns/op
OverheadActual  11: 67108864 op, 110244802.00 ns, 1.6428 ns/op
OverheadActual  12: 67108864 op, 109645716.00 ns, 1.6338 ns/op
OverheadActual  13: 67108864 op, 110275109.00 ns, 1.6432 ns/op
OverheadActual  14: 67108864 op, 109670933.00 ns, 1.6342 ns/op
OverheadActual  15: 67108864 op, 109657428.00 ns, 1.6340 ns/op

WorkloadWarmup   1: 67108864 op, 803523462.00 ns, 11.9734 ns/op
WorkloadWarmup   2: 67108864 op, 803677938.00 ns, 11.9757 ns/op
WorkloadWarmup   3: 67108864 op, 803949848.00 ns, 11.9798 ns/op

// BeforeActualRun
WorkloadActual   1: 67108864 op, 803485259.00 ns, 11.9729 ns/op
WorkloadActual   2: 67108864 op, 803986814.00 ns, 11.9803 ns/op
WorkloadActual   3: 67108864 op, 803801969.00 ns, 11.9776 ns/op

// AfterActualRun
WorkloadResult   1: 67108864 op, 693779140.00 ns, 10.3381 ns/op
WorkloadResult   2: 67108864 op, 694280695.00 ns, 10.3456 ns/op
WorkloadResult   3: 67108864 op, 694095850.00 ns, 10.3428 ns/op
// GC:  0 0 0 0 67108864
// Threading:  0 0 67108864

// AfterAll
// Benchmark Process 3194 has exited with code 0.

Mean = 10.342 ns, StdErr = 0.002 ns (0.02%), N = 3, StdDev = 0.004 ns
Min = 10.338 ns, Q1 = 10.340 ns, Median = 10.343 ns, Q3 = 10.344 ns, Max = 10.346 ns
IQR = 0.004 ns, LowerFence = 10.335 ns, UpperFence = 10.350 ns
ConfidenceInterval = [10.273 ns; 10.411 ns] (CI 99.9%), Margin = 0.069 ns (0.67% of Mean)
Skewness = -0.17, Kurtosis = 0.67, MValue = 2

// ** Remained 0 (0.0 %) benchmark(s) to run. Estimated finish 2026-10-03 16:05 (0h 0m from now) **
// ***** BenchmarkRunner: Finish  *****

// * Export *
  artifacts/performance/AwsLambda/results/Encina.AwsLambda.Benchmarks.ErrorCodeMappingBenchmarks-report.csv
  artifacts/performance/AwsLambda/results/Encina.AwsLambda.Benchmarks.ErrorCodeMappingBenchmarks-report-github.md
  artifacts/performance/AwsLambda/results/Encina.AwsLambda.Benchmarks.ErrorCodeMappingBenchmarks-report.html
  artifacts/performance/AwsLambda/results/Encina.AwsLambda.Benchmarks.ErrorCodeMappingBenchmarks-report-full-compressed.json

// * Detailed results *
ErrorCodeMappingBenchmarks.MapAuthorizationUnauthenticated: DefaultJob
Runtime = .NET 10.0.12 (10.0.12, 10.0.1226.42308), X64 RyuJIT x86-64-v3; GC = Concurrent Workstation
Mean = 15.001 ns, StdErr = 0.013 ns (0.09%), N = 13, StdDev = 0.048 ns
Min = 14.945 ns, Q1 = 14.977 ns, Median = 14.987 ns, Q3 = 15.014 ns, Max = 15.121 ns
IQR = 0.037 ns, LowerFence = 14.921 ns, UpperFence = 15.070 ns
ConfidenceInterval = [14.943 ns; 15.059 ns] (CI 99.9%), Margin = 0.058 ns (0.39% of Mean)
Skewness = 1.06, Kurtosis = 3.37, MValue = 2
-------------------- Histogram --------------------
[14.918 ns ; 15.149 ns) | @@@@@@@@@@@@@
---------------------------------------------------

ErrorCodeMappingBenchmarks.MapAuthorizationForbidden: DefaultJob
Runtime = .NET 10.0.12 (10.0.12, 10.0.1226.42308), X64 RyuJIT x86-64-v3; GC = Concurrent Workstation
Mean = 16.941 ns, StdErr = 0.003 ns (0.02%), N = 15, StdDev = 0.013 ns
Min = 16.916 ns, Q1 = 16.933 ns, Median = 16.942 ns, Q3 = 16.947 ns, Max = 16.965 ns
IQR = 0.015 ns, LowerFence = 16.910 ns, UpperFence = 16.970 ns
ConfidenceInterval = [16.927 ns; 16.955 ns] (CI 99.9%), Margin = 0.014 ns (0.08% of Mean)
Skewness = -0.04, Kurtosis = 2.19, MValue = 2
-------------------- Histogram --------------------
[16.909 ns ; 16.972 ns) | @@@@@@@@@@@@@@@
---------------------------------------------------

ErrorCodeMappingBenchmarks.MapNotFoundError: DefaultJob
Runtime = .NET 10.0.12 (10.0.12, 10.0.1226.42308), X64 RyuJIT x86-64-v3; GC = Concurrent Workstation
Mean = 12.176 ns, StdErr = 0.002 ns (0.01%), N = 15, StdDev = 0.006 ns
Min = 12.166 ns, Q1 = 12.172 ns, Median = 12.174 ns, Q3 = 12.181 ns, Max = 12.188 ns
IQR = 0.009 ns, LowerFence = 12.157 ns, UpperFence = 12.195 ns
ConfidenceInterval = [12.169 ns; 12.183 ns] (CI 99.9%), Margin = 0.007 ns (0.06% of Mean)
Skewness = 0.24, Kurtosis = 1.73, MValue = 2
-------------------- Histogram --------------------
[12.163 ns ; 12.191 ns) | @@@@@@@@@@@@@@@
---------------------------------------------------

ErrorCodeMappingBenchmarks.MapConflictError: DefaultJob
Runtime = .NET 10.0.12 (10.0.12, 10.0.1226.42308), X64 RyuJIT x86-64-v3; GC = Concurrent Workstation
Mean = 13.719 ns, StdErr = 0.002 ns (0.02%), N = 14, StdDev = 0.009 ns
Min = 13.705 ns, Q1 = 13.714 ns, Median = 13.719 ns, Q3 = 13.725 ns, Max = 13.738 ns
IQR = 0.010 ns, LowerFence = 13.699 ns, UpperFence = 13.740 ns
ConfidenceInterval = [13.709 ns; 13.729 ns] (CI 99.9%), Margin = 0.010 ns (0.07% of Mean)
Skewness = 0.26, Kurtosis = 2.28, MValue = 2
-------------------- Histogram --------------------
[13.700 ns ; 13.743 ns) | @@@@@@@@@@@@@@
---------------------------------------------------

ErrorCodeMappingBenchmarks.MapUnknownError: DefaultJob
Runtime = .NET 10.0.12 (10.0.12, 10.0.1226.42308), X64 RyuJIT x86-64-v3; GC = Concurrent Workstation
Mean = 14.980 ns, StdErr = 0.004 ns (0.03%), N = 13, StdDev = 0.016 ns
Min = 14.958 ns, Q1 = 14.964 ns, Median = 14.981 ns, Q3 = 14.991 ns, Max = 15.008 ns
IQR = 0.027 ns, LowerFence = 14.924 ns, UpperFence = 15.032 ns
ConfidenceInterval = [14.961 ns; 14.999 ns] (CI 99.9%), Margin = 0.019 ns (0.13% of Mean)
Skewness = 0.06, Kurtosis = 1.53, MValue = 2
-------------------- Histogram --------------------
[14.949 ns ; 15.017 ns) | @@@@@@@@@@@@@
---------------------------------------------------

ErrorCodeMappingBenchmarks.MapMultipleValidationErrors: DefaultJob
Runtime = .NET 10.0.12 (10.0.12, 10.0.1226.42308), X64 RyuJIT x86-64-v3; GC = Concurrent Workstation
Mean = 56.134 ns, StdErr = 0.006 ns (0.01%), N = 12, StdDev = 0.020 ns
Min = 56.104 ns, Q1 = 56.123 ns, Median = 56.129 ns, Q3 = 56.145 ns, Max = 56.180 ns
IQR = 0.021 ns, LowerFence = 56.091 ns, UpperFence = 56.177 ns
ConfidenceInterval = [56.109 ns; 56.159 ns] (CI 99.9%), Margin = 0.025 ns (0.04% of Mean)
Skewness = 0.71, Kurtosis = 3.08, MValue = 2
-------------------- Histogram --------------------
[56.093 ns ; 56.191 ns) | @@@@@@@@@@@@
---------------------------------------------------

ErrorCodeMappingBenchmarks.MapMixedErrors: DefaultJob
Runtime = .NET 10.0.12 (10.0.12, 10.0.1226.42308), X64 RyuJIT x86-64-v3; GC = Concurrent Workstation
Mean = 70.708 ns, StdErr = 0.026 ns (0.04%), N = 13, StdDev = 0.095 ns
Min = 70.603 ns, Q1 = 70.649 ns, Median = 70.676 ns, Q3 = 70.763 ns, Max = 70.950 ns
IQR = 0.113 ns, LowerFence = 70.479 ns, UpperFence = 70.932 ns
ConfidenceInterval = [70.595 ns; 70.822 ns] (CI 99.9%), Margin = 0.114 ns (0.16% of Mean)
Skewness = 1.18, Kurtosis = 3.6, MValue = 2
-------------------- Histogram --------------------
[70.550 ns ; 71.003 ns) | @@@@@@@@@@@@@
---------------------------------------------------

ErrorCodeMappingBenchmarks.MapValidationError: DefaultJob
Runtime = .NET 10.0.12 (10.0.12, 10.0.1226.42308), X64 RyuJIT x86-64-v3; GC = Concurrent Workstation
Mean = 10.573 ns, StdErr = 0.005 ns (0.05%), N = 14, StdDev = 0.018 ns
Min = 10.556 ns, Q1 = 10.561 ns, Median = 10.569 ns, Q3 = 10.575 ns, Max = 10.614 ns
IQR = 0.014 ns, LowerFence = 10.540 ns, UpperFence = 10.595 ns
ConfidenceInterval = [10.552 ns; 10.593 ns] (CI 99.9%), Margin = 0.020 ns (0.19% of Mean)
Skewness = 1.06, Kurtosis = 2.77, MValue = 2
-------------------- Histogram --------------------
[10.546 ns ; 10.624 ns) | @@@@@@@@@@@@@@
---------------------------------------------------

ErrorCodeMappingBenchmarks.MapAuthorizationUnauthenticated: ShortRun(IterationCount=3, LaunchCount=1, WarmupCount=3)
Runtime = .NET 10.0.12 (10.0.12, 10.0.1226.42308), X64 RyuJIT x86-64-v3; GC = Concurrent Workstation
Mean = 14.773 ns, StdErr = 0.003 ns (0.02%), N = 3, StdDev = 0.005 ns
Min = 14.767 ns, Q1 = 14.771 ns, Median = 14.774 ns, Q3 = 14.775 ns, Max = 14.777 ns
IQR = 0.005 ns, LowerFence = 14.764 ns, UpperFence = 14.782 ns
ConfidenceInterval = [14.685 ns; 14.860 ns] (CI 99.9%), Margin = 0.087 ns (0.59% of Mean)
Skewness = -0.21, Kurtosis = 0.67, MValue = 2
-------------------- Histogram --------------------
[14.763 ns ; 14.781 ns) | @@@
---------------------------------------------------

ErrorCodeMappingBenchmarks.MapAuthorizationForbidden: ShortRun(IterationCount=3, LaunchCount=1, WarmupCount=3)
Runtime = .NET 10.0.12 (10.0.12, 10.0.1226.42308), X64 RyuJIT x86-64-v3; GC = Concurrent Workstation
Mean = 16.369 ns, StdErr = 0.005 ns (0.03%), N = 3, StdDev = 0.009 ns
Min = 16.363 ns, Q1 = 16.364 ns, Median = 16.365 ns, Q3 = 16.372 ns, Max = 16.380 ns
IQR = 0.008 ns, LowerFence = 16.351 ns, UpperFence = 16.385 ns
ConfidenceInterval = [16.202 ns; 16.536 ns] (CI 99.9%), Margin = 0.167 ns (1.02% of Mean)
Skewness = 0.36, Kurtosis = 0.67, MValue = 2
-------------------- Histogram --------------------
[16.355 ns ; 16.388 ns) | @@@
---------------------------------------------------

ErrorCodeMappingBenchmarks.MapNotFoundError: ShortRun(IterationCount=3, LaunchCount=1, WarmupCount=3)
Runtime = .NET 10.0.12 (10.0.12, 10.0.1226.42308), X64 RyuJIT x86-64-v3; GC = Concurrent Workstation
Mean = 12.407 ns, StdErr = 0.010 ns (0.08%), N = 3, StdDev = 0.017 ns
Min = 12.395 ns, Q1 = 12.397 ns, Median = 12.400 ns, Q3 = 12.413 ns, Max = 12.427 ns
IQR = 0.016 ns, LowerFence = 12.373 ns, UpperFence = 12.438 ns
ConfidenceInterval = [12.094 ns; 12.720 ns] (CI 99.9%), Margin = 0.313 ns (2.52% of Mean)
Skewness = 0.34, Kurtosis = 0.67, MValue = 2
-------------------- Histogram --------------------
[12.379 ns ; 12.443 ns) | @@@
---------------------------------------------------

ErrorCodeMappingBenchmarks.MapConflictError: ShortRun(IterationCount=3, LaunchCount=1, WarmupCount=3)
Runtime = .NET 10.0.12 (10.0.12, 10.0.1226.42308), X64 RyuJIT x86-64-v3; GC = Concurrent Workstation
Mean = 13.511 ns, StdErr = 0.099 ns (0.73%), N = 3, StdDev = 0.171 ns
Min = 13.409 ns, Q1 = 13.412 ns, Median = 13.415 ns, Q3 = 13.562 ns, Max = 13.709 ns
IQR = 0.150 ns, LowerFence = 13.188 ns, UpperFence = 13.787 ns
ConfidenceInterval = [10.384 ns; 16.639 ns] (CI 99.9%), Margin = 3.128 ns (23.15% of Mean)
Skewness = 0.38, Kurtosis = 0.67, MValue = 2
-------------------- Histogram --------------------
[13.403 ns ; 13.715 ns) | @@@
---------------------------------------------------

ErrorCodeMappingBenchmarks.MapUnknownError: ShortRun(IterationCount=3, LaunchCount=1, WarmupCount=3)
Runtime = .NET 10.0.12 (10.0.12, 10.0.1226.42308), X64 RyuJIT x86-64-v3; GC = Concurrent Workstation
Mean = 14.676 ns, StdErr = 0.006 ns (0.04%), N = 3, StdDev = 0.011 ns
Min = 14.663 ns, Q1 = 14.672 ns, Median = 14.681 ns, Q3 = 14.682 ns, Max = 14.684 ns
IQR = 0.010 ns, LowerFence = 14.656 ns, UpperFence = 14.698 ns
ConfidenceInterval = [14.472 ns; 14.880 ns] (CI 99.9%), Margin = 0.204 ns (1.39% of Mean)
Skewness = -0.34, Kurtosis = 0.67, MValue = 2
-------------------- Histogram --------------------
[14.653 ns ; 14.694 ns) | @@@
---------------------------------------------------

ErrorCodeMappingBenchmarks.MapMultipleValidationErrors: ShortRun(IterationCount=3, LaunchCount=1, WarmupCount=3)
Runtime = .NET 10.0.12 (10.0.12, 10.0.1226.42308), X64 RyuJIT x86-64-v3; GC = Concurrent Workstation
Mean = 60.048 ns, StdErr = 0.104 ns (0.17%), N = 3, StdDev = 0.181 ns
Min = 59.939 ns, Q1 = 59.944 ns, Median = 59.949 ns, Q3 = 60.103 ns, Max = 60.257 ns
IQR = 0.159 ns, LowerFence = 59.706 ns, UpperFence = 60.341 ns
ConfidenceInterval = [56.753 ns; 63.344 ns] (CI 99.9%), Margin = 3.296 ns (5.49% of Mean)
Skewness = 0.38, Kurtosis = 0.67, MValue = 2
-------------------- Histogram --------------------
[59.934 ns ; 60.263 ns) | @@@
---------------------------------------------------

ErrorCodeMappingBenchmarks.MapMixedErrors: ShortRun(IterationCount=3, LaunchCount=1, WarmupCount=3)
Runtime = .NET 10.0.12 (10.0.12, 10.0.1226.42308), X64 RyuJIT x86-64-v3; GC = Concurrent Workstation
Mean = 71.188 ns, StdErr = 0.008 ns (0.01%), N = 3, StdDev = 0.014 ns
Min = 71.174 ns, Q1 = 71.180 ns, Median = 71.186 ns, Q3 = 71.194 ns, Max = 71.202 ns
IQR = 0.014 ns, LowerFence = 71.160 ns, UpperFence = 71.215 ns
ConfidenceInterval = [70.936 ns; 71.439 ns] (CI 99.9%), Margin = 0.251 ns (0.35% of Mean)
Skewness = 0.07, Kurtosis = 0.67, MValue = 2
-------------------- Histogram --------------------
[71.162 ns ; 71.214 ns) | @@@
---------------------------------------------------

ErrorCodeMappingBenchmarks.MapValidationError: ShortRun(IterationCount=3, LaunchCount=1, WarmupCount=3)
Runtime = .NET 10.0.12 (10.0.12, 10.0.1226.42308), X64 RyuJIT x86-64-v3; GC = Concurrent Workstation
Mean = 10.342 ns, StdErr = 0.002 ns (0.02%), N = 3, StdDev = 0.004 ns
Min = 10.338 ns, Q1 = 10.340 ns, Median = 10.343 ns, Q3 = 10.344 ns, Max = 10.346 ns
IQR = 0.004 ns, LowerFence = 10.335 ns, UpperFence = 10.350 ns
ConfidenceInterval = [10.273 ns; 10.411 ns] (CI 99.9%), Margin = 0.069 ns (0.67% of Mean)
Skewness = -0.17, Kurtosis = 0.67, MValue = 2
-------------------- Histogram --------------------
[10.335 ns ; 10.349 ns) | @@@
---------------------------------------------------

// * Summary *

BenchmarkDotNet v0.15.8, Linux Ubuntu 24.04.5 LTS (Noble Numbat)
AMD EPYC 7763 2.45GHz, 1 CPU, 4 logical and 2 physical cores
.NET SDK 10.0.401
  [Host]     : .NET 10.0.12 (10.0.12, 10.0.1226.42308), X64 RyuJIT x86-64-v3
  DefaultJob : .NET 10.0.12 (10.0.12, 10.0.1226.42308), X64 RyuJIT x86-64-v3
  ShortRun   : .NET 10.0.12 (10.0.12, 10.0.1226.42308), X64 RyuJIT x86-64-v3


| Method                          | Job        | IterationCount | LaunchCount | WarmupCount | Mean     | Error    | StdDev   | Ratio | RatioSD | Allocated | Alloc Ratio |
|-------------------------------- |----------- |--------------- |------------ |------------ |---------:|---------:|---------:|------:|--------:|----------:|------------:|
| MapAuthorizationUnauthenticated | DefaultJob | Default        | Default     | Default     | 15.00 ns | 0.058 ns | 0.048 ns |  1.42 |    0.00 |         - |          NA |
| MapAuthorizationForbidden       | DefaultJob | Default        | Default     | Default     | 16.94 ns | 0.014 ns | 0.013 ns |  1.60 |    0.00 |         - |          NA |
| MapNotFoundError                | DefaultJob | Default        | Default     | Default     | 12.18 ns | 0.007 ns | 0.006 ns |  1.15 |    0.00 |         - |          NA |
| MapConflictError                | DefaultJob | Default        | Default     | Default     | 13.72 ns | 0.010 ns | 0.009 ns |  1.30 |    0.00 |         - |          NA |
| MapUnknownError                 | DefaultJob | Default        | Default     | Default     | 14.98 ns | 0.019 ns | 0.016 ns |  1.42 |    0.00 |         - |          NA |
| MapMultipleValidationErrors     | DefaultJob | Default        | Default     | Default     | 56.13 ns | 0.025 ns | 0.020 ns |  5.31 |    0.01 |         - |          NA |
| MapMixedErrors                  | DefaultJob | Default        | Default     | Default     | 70.71 ns | 0.114 ns | 0.095 ns |  6.69 |    0.01 |         - |          NA |
| MapValidationError              | DefaultJob | Default        | Default     | Default     | 10.57 ns | 0.020 ns | 0.018 ns |  1.00 |    0.00 |         - |          NA |
|                                 |            |                |             |             |          |          |          |       |         |           |             |
| MapAuthorizationUnauthenticated | ShortRun   | 3              | 1           | 3           | 14.77 ns | 0.087 ns | 0.005 ns |  1.43 |    0.00 |         - |          NA |
| MapAuthorizationForbidden       | ShortRun   | 3              | 1           | 3           | 16.37 ns | 0.167 ns | 0.009 ns |  1.58 |    0.00 |         - |          NA |
| MapNotFoundError                | ShortRun   | 3              | 1           | 3           | 12.41 ns | 0.313 ns | 0.017 ns |  1.20 |    0.00 |         - |          NA |
| MapConflictError                | ShortRun   | 3              | 1           | 3           | 13.51 ns | 3.128 ns | 0.171 ns |  1.31 |    0.01 |         - |          NA |
| MapUnknownError                 | ShortRun   | 3              | 1           | 3           | 14.68 ns | 0.204 ns | 0.011 ns |  1.42 |    0.00 |         - |          NA |
| MapMultipleValidationErrors     | ShortRun   | 3              | 1           | 3           | 60.05 ns | 3.296 ns | 0.181 ns |  5.81 |    0.02 |         - |          NA |
| MapMixedErrors                  | ShortRun   | 3              | 1           | 3           | 71.19 ns | 0.251 ns | 0.014 ns |  6.88 |    0.00 |         - |          NA |
| MapValidationError              | ShortRun   | 3              | 1           | 3           | 10.34 ns | 0.069 ns | 0.004 ns |  1.00 |    0.00 |         - |          NA |

// * Hints *
Outliers
  ErrorCodeMappingBenchmarks.MapAuthorizationUnauthenticated: Default -> 2 outliers were removed (16.81 ns, 17.06 ns)
  ErrorCodeMappingBenchmarks.MapConflictError: Default                -> 1 outlier  was  removed (15.44 ns)
  ErrorCodeMappingBenchmarks.MapUnknownError: Default                 -> 2 outliers were removed (16.73 ns, 16.76 ns)
  ErrorCodeMappingBenchmarks.MapMultipleValidationErrors: Default     -> 3 outliers were removed (57.88 ns..58.32 ns)
  ErrorCodeMappingBenchmarks.MapMixedErrors: Default                  -> 2 outliers were removed (73.61 ns, 74.04 ns)
  ErrorCodeMappingBenchmarks.MapValidationError: Default              -> 1 outlier  was  removed (12.30 ns)
// * Config Issues *

// * Warnings *
Configuration
  Summary -> The exporter CsvExporter is already present in configuration. There may be unexpected results.
  Summary -> The exporter HtmlExporter is already present in configuration. There may be unexpected results.
  Summary -> The exporter MarkdownExporter-github is already present in configuration. There may be unexpected results.

// * Legends *
  Mean        : Arithmetic mean of all measurements
  Error       : Half of 99.9% confidence interval
  StdDev      : Standard deviation of all measurements
  Ratio       : Mean of the ratio distribution ([Current]/[Baseline])
  RatioSD     : Standard deviation of the ratio distribution ([Current]/[Baseline])
  Allocated   : Allocated memory per single operation (managed only, inclusive, 1KB = 1024B)
  Alloc Ratio : Allocated memory ratio distribution ([Current]/[Baseline])
  1 ns        : 1 Nanosecond (0.000000001 sec)

// * Diagnostic Output - MemoryDiagnoser *


// ***** BenchmarkRunner: End *****
Run time: 00:03:36 (216.79 sec), executed benchmarks: 16

Global total time: 00:04:20 (260.72 sec), executed benchmarks: 16
// * Artifacts cleanup *
Artifacts cleanup is finished
