// Validating benchmarks:
// ***** BenchmarkRunner: Start   *****
// ***** Found 18 benchmark(s) in total *****
// ***** Building 1 exe(s) in Parallel: Start   *****
// start dotnet  restore --nodeReuse:false /p:UseSharedCompilation=false /p:Deterministic=true /p:Optimize=true /p:ArtifactsPath="/home/runner/work/Encina/Encina/tests/Encina.BenchmarkTests/Encina.Caching.Memory.Benchmarks/bin/Release/net10.0/Encina.Caching.Memory.Benchmarks-Job-NUBXJZ-1/" /p:OutDir="/home/runner/work/Encina/Encina/tests/Encina.BenchmarkTests/Encina.Caching.Memory.Benchmarks/bin/Release/net10.0/Encina.Caching.Memory.Benchmarks-Job-NUBXJZ-1/bin/Release/net10.0/" /p:OutputPath="/home/runner/work/Encina/Encina/tests/Encina.BenchmarkTests/Encina.Caching.Memory.Benchmarks/bin/Release/net10.0/Encina.Caching.Memory.Benchmarks-Job-NUBXJZ-1/bin/Release/net10.0/" /p:PublishDir="/home/runner/work/Encina/Encina/tests/Encina.BenchmarkTests/Encina.Caching.Memory.Benchmarks/bin/Release/net10.0/Encina.Caching.Memory.Benchmarks-Job-NUBXJZ-1/publish/" in /home/runner/work/Encina/Encina/tests/Encina.BenchmarkTests/Encina.Caching.Memory.Benchmarks/bin/Release/net10.0/Encina.Caching.Memory.Benchmarks-Job-NUBXJZ-1
// command took 2.94 sec and exited with 0
// start dotnet  build -c Release --no-restore --nodeReuse:false /p:UseSharedCompilation=false /p:Deterministic=true /p:Optimize=true /p:ArtifactsPath="/home/runner/work/Encina/Encina/tests/Encina.BenchmarkTests/Encina.Caching.Memory.Benchmarks/bin/Release/net10.0/Encina.Caching.Memory.Benchmarks-Job-NUBXJZ-1/" /p:OutDir="/home/runner/work/Encina/Encina/tests/Encina.BenchmarkTests/Encina.Caching.Memory.Benchmarks/bin/Release/net10.0/Encina.Caching.Memory.Benchmarks-Job-NUBXJZ-1/bin/Release/net10.0/" /p:OutputPath="/home/runner/work/Encina/Encina/tests/Encina.BenchmarkTests/Encina.Caching.Memory.Benchmarks/bin/Release/net10.0/Encina.Caching.Memory.Benchmarks-Job-NUBXJZ-1/bin/Release/net10.0/" /p:PublishDir="/home/runner/work/Encina/Encina/tests/Encina.BenchmarkTests/Encina.Caching.Memory.Benchmarks/bin/Release/net10.0/Encina.Caching.Memory.Benchmarks-Job-NUBXJZ-1/publish/" --output "/home/runner/work/Encina/Encina/tests/Encina.BenchmarkTests/Encina.Caching.Memory.Benchmarks/bin/Release/net10.0/Encina.Caching.Memory.Benchmarks-Job-NUBXJZ-1/bin/Release/net10.0/" in /home/runner/work/Encina/Encina/tests/Encina.BenchmarkTests/Encina.Caching.Memory.Benchmarks/bin/Release/net10.0/Encina.Caching.Memory.Benchmarks-Job-NUBXJZ-1
// command took 56.29 sec and exited with 0
// ***** Done, took 00:00:59 (59.4 sec)   *****
// Found 18 benchmarks:
//   MemoryCacheProviderBenchmarks.ExistsAsync_False: Job-NUBXJZ(IterationCount=20, WarmupCount=5)
//   MemoryCacheProviderBenchmarks.ExistsAsync_False: ShortRun(IterationCount=3, LaunchCount=1, WarmupCount=3)
//   MemoryCacheProviderBenchmarks.ExistsAsync_True: Job-NUBXJZ(IterationCount=20, WarmupCount=5)
//   MemoryCacheProviderBenchmarks.ExistsAsync_True: ShortRun(IterationCount=3, LaunchCount=1, WarmupCount=3)
//   MemoryCacheProviderBenchmarks.GetAsync_CacheHit: Job-NUBXJZ(IterationCount=20, WarmupCount=5)
//   MemoryCacheProviderBenchmarks.GetAsync_CacheHit: ShortRun(IterationCount=3, LaunchCount=1, WarmupCount=3)
//   MemoryCacheProviderBenchmarks.GetAsync_CacheMiss: Job-NUBXJZ(IterationCount=20, WarmupCount=5)
//   MemoryCacheProviderBenchmarks.GetAsync_CacheMiss: ShortRun(IterationCount=3, LaunchCount=1, WarmupCount=3)
//   MemoryCacheProviderBenchmarks.GetOrSetAsync_CacheHit: Job-NUBXJZ(IterationCount=20, WarmupCount=5)
//   MemoryCacheProviderBenchmarks.GetOrSetAsync_CacheHit: ShortRun(IterationCount=3, LaunchCount=1, WarmupCount=3)
//   MemoryCacheProviderBenchmarks.GetOrSetAsync_CacheMiss: Job-NUBXJZ(IterationCount=20, WarmupCount=5)
//   MemoryCacheProviderBenchmarks.GetOrSetAsync_CacheMiss: ShortRun(IterationCount=3, LaunchCount=1, WarmupCount=3)
//   MemoryCacheProviderBenchmarks.RemoveAsync: Job-NUBXJZ(IterationCount=20, WarmupCount=5)
//   MemoryCacheProviderBenchmarks.RemoveAsync: ShortRun(IterationCount=3, LaunchCount=1, WarmupCount=3)
//   MemoryCacheProviderBenchmarks.SetWithSlidingExpirationAsync: Job-NUBXJZ(IterationCount=20, WarmupCount=5)
//   MemoryCacheProviderBenchmarks.SetWithSlidingExpirationAsync: ShortRun(IterationCount=3, LaunchCount=1, WarmupCount=3)
//   MemoryCacheProviderBenchmarks.SetAsync: Job-NUBXJZ(IterationCount=20, WarmupCount=5)
//   MemoryCacheProviderBenchmarks.SetAsync: ShortRun(IterationCount=3, LaunchCount=1, WarmupCount=3)

// **************************
// Benchmark: MemoryCacheProviderBenchmarks.ExistsAsync_False: Job-NUBXJZ(IterationCount=20, WarmupCount=5)
// *** Execute ***
// Launch: 1 / 1
// Execute: dotnet Encina.Caching.Memory.Benchmarks-Job-NUBXJZ-1.dll --anonymousPipes 152 153 --benchmarkName Encina.Caching.Memory.Benchmarks.Benchmarks.MemoryCacheProviderBenchmarks.ExistsAsync_False --job "IterationCount=20, WarmupCount=5" --benchmarkId 0 in /home/runner/work/Encina/Encina/tests/Encina.BenchmarkTests/Encina.Caching.Memory.Benchmarks/bin/Release/net10.0/Encina.Caching.Memory.Benchmarks-Job-NUBXJZ-1/bin/Release/net10.0
// Failed to set up high priority (Permission denied). In order to run benchmarks with high priority, make sure you have the right permissions.
// BeforeAnythingElse

// Benchmark Process Environment Information:
// BenchmarkDotNet v0.15.8
// Runtime=.NET 10.0.12 (10.0.12, 10.0.1226.42308), X64 RyuJIT x86-64-v3
// GC=Concurrent Workstation
// HardwareIntrinsics=AVX2+BMI1+BMI2+F16C+FMA+LZCNT+MOVBE,AVX,SSE3+SSSE3+SSE4.1+SSE4.2+POPCNT,X86Base+SSE+SSE2,AES+PCLMUL VectorSize=256
// Job: Job-NUBXJZ(IterationCount=20, WarmupCount=5)

OverheadJitting  1: 1 op, 232566.00 ns, 232.5660 us/op
WorkloadJitting  1: 1 op, 3711819.00 ns, 3.7118 ms/op

OverheadJitting  2: 16 op, 353654.00 ns, 22.1034 us/op
WorkloadJitting  2: 16 op, 371838.00 ns, 23.2399 us/op

WorkloadPilot    1: 16 op, 5771.00 ns, 360.6875 ns/op
WorkloadPilot    2: 32 op, 4800.00 ns, 150.0000 ns/op
WorkloadPilot    3: 64 op, 6111.00 ns, 95.4844 ns/op
WorkloadPilot    4: 128 op, 8956.00 ns, 69.9688 ns/op
WorkloadPilot    5: 256 op, 15660.00 ns, 61.1719 ns/op
WorkloadPilot    6: 512 op, 30417.00 ns, 59.4082 ns/op
WorkloadPilot    7: 1024 op, 58230.00 ns, 56.8652 ns/op
WorkloadPilot    8: 2048 op, 113844.00 ns, 55.5879 ns/op
WorkloadPilot    9: 4096 op, 226605.00 ns, 55.3235 ns/op
WorkloadPilot   10: 8192 op, 454864.00 ns, 55.5254 ns/op
WorkloadPilot   11: 16384 op, 932130.00 ns, 56.8927 ns/op
WorkloadPilot   12: 32768 op, 1864400.00 ns, 56.8970 ns/op
WorkloadPilot   13: 65536 op, 3690380.00 ns, 56.3107 ns/op
WorkloadPilot   14: 131072 op, 7359799.00 ns, 56.1508 ns/op
WorkloadPilot   15: 262144 op, 15736086.00 ns, 60.0284 ns/op
WorkloadPilot   16: 524288 op, 29168836.00 ns, 55.6351 ns/op
WorkloadPilot   17: 1048576 op, 58443291.00 ns, 55.7359 ns/op
WorkloadPilot   18: 2097152 op, 116779722.00 ns, 55.6849 ns/op
WorkloadPilot   19: 4194304 op, 235803208.00 ns, 56.2199 ns/op
WorkloadPilot   20: 8388608 op, 468115160.00 ns, 55.8037 ns/op
WorkloadPilot   21: 16777216 op, 934464293.00 ns, 55.6984 ns/op

OverheadWarmup   1: 16777216 op, 31394566.00 ns, 1.8713 ns/op
OverheadWarmup   2: 16777216 op, 31703876.00 ns, 1.8897 ns/op
OverheadWarmup   3: 16777216 op, 30916257.00 ns, 1.8428 ns/op
OverheadWarmup   4: 16777216 op, 31643754.00 ns, 1.8861 ns/op
OverheadWarmup   5: 16777216 op, 31154965.00 ns, 1.8570 ns/op

OverheadActual   1: 16777216 op, 31044088.00 ns, 1.8504 ns/op
OverheadActual   2: 16777216 op, 30858188.00 ns, 1.8393 ns/op
OverheadActual   3: 16777216 op, 31470829.00 ns, 1.8758 ns/op
OverheadActual   4: 16777216 op, 31687105.00 ns, 1.8887 ns/op
OverheadActual   5: 16777216 op, 30915757.00 ns, 1.8427 ns/op
OverheadActual   6: 16777216 op, 31528808.00 ns, 1.8793 ns/op
OverheadActual   7: 16777216 op, 30858278.00 ns, 1.8393 ns/op
OverheadActual   8: 16777216 op, 31342658.00 ns, 1.8682 ns/op
OverheadActual   9: 16777216 op, 31907649.00 ns, 1.9018 ns/op
OverheadActual  10: 16777216 op, 31850241.00 ns, 1.8984 ns/op
OverheadActual  11: 16777216 op, 31531282.00 ns, 1.8794 ns/op
OverheadActual  12: 16777216 op, 30724858.00 ns, 1.8313 ns/op
OverheadActual  13: 16777216 op, 30984976.00 ns, 1.8468 ns/op
OverheadActual  14: 16777216 op, 31743841.00 ns, 1.8921 ns/op
OverheadActual  15: 16777216 op, 30928049.00 ns, 1.8435 ns/op

WorkloadWarmup   1: 16777216 op, 936126249.00 ns, 55.7975 ns/op
WorkloadWarmup   2: 16777216 op, 937310101.00 ns, 55.8680 ns/op
WorkloadWarmup   3: 16777216 op, 934407721.00 ns, 55.6950 ns/op
WorkloadWarmup   4: 16777216 op, 937881574.00 ns, 55.9021 ns/op
WorkloadWarmup   5: 16777216 op, 937569649.00 ns, 55.8835 ns/op

// BeforeActualRun
WorkloadActual   1: 16777216 op, 946364234.00 ns, 56.4077 ns/op
WorkloadActual   2: 16777216 op, 937527520.00 ns, 55.8810 ns/op
WorkloadActual   3: 16777216 op, 938142996.00 ns, 55.9177 ns/op
WorkloadActual   4: 16777216 op, 938529635.00 ns, 55.9407 ns/op
WorkloadActual   5: 16777216 op, 942262170.00 ns, 56.1632 ns/op
WorkloadActual   6: 16777216 op, 945590858.00 ns, 56.3616 ns/op
WorkloadActual   7: 16777216 op, 944031800.00 ns, 56.2687 ns/op
WorkloadActual   8: 16777216 op, 938440470.00 ns, 55.9354 ns/op
WorkloadActual   9: 16777216 op, 941934061.00 ns, 56.1436 ns/op
WorkloadActual  10: 16777216 op, 933924159.00 ns, 55.6662 ns/op
WorkloadActual  11: 16777216 op, 936182660.00 ns, 55.8008 ns/op
WorkloadActual  12: 16777216 op, 938175140.00 ns, 55.9196 ns/op
WorkloadActual  13: 16777216 op, 935428666.00 ns, 55.7559 ns/op
WorkloadActual  14: 16777216 op, 935864147.00 ns, 55.7819 ns/op
WorkloadActual  15: 16777216 op, 933677232.00 ns, 55.6515 ns/op
WorkloadActual  16: 16777216 op, 938526836.00 ns, 55.9406 ns/op
WorkloadActual  17: 16777216 op, 938081289.00 ns, 55.9140 ns/op
WorkloadActual  18: 16777216 op, 946751718.00 ns, 56.4308 ns/op
WorkloadActual  19: 16777216 op, 943694117.00 ns, 56.2486 ns/op
WorkloadActual  20: 16777216 op, 938163223.00 ns, 55.9189 ns/op

// AfterActualRun
WorkloadResult   1: 16777216 op, 915021576.00 ns, 54.5395 ns/op
WorkloadResult   2: 16777216 op, 906184862.00 ns, 54.0128 ns/op
WorkloadResult   3: 16777216 op, 906800338.00 ns, 54.0495 ns/op
WorkloadResult   4: 16777216 op, 907186977.00 ns, 54.0726 ns/op
WorkloadResult   5: 16777216 op, 910919512.00 ns, 54.2950 ns/op
WorkloadResult   6: 16777216 op, 914248200.00 ns, 54.4934 ns/op
WorkloadResult   7: 16777216 op, 912689142.00 ns, 54.4005 ns/op
WorkloadResult   8: 16777216 op, 907097812.00 ns, 54.0672 ns/op
WorkloadResult   9: 16777216 op, 910591403.00 ns, 54.2755 ns/op
WorkloadResult  10: 16777216 op, 902581501.00 ns, 53.7980 ns/op
WorkloadResult  11: 16777216 op, 904840002.00 ns, 53.9327 ns/op
WorkloadResult  12: 16777216 op, 906832482.00 ns, 54.0514 ns/op
WorkloadResult  13: 16777216 op, 904086008.00 ns, 53.8877 ns/op
WorkloadResult  14: 16777216 op, 904521489.00 ns, 53.9137 ns/op
WorkloadResult  15: 16777216 op, 902334574.00 ns, 53.7833 ns/op
WorkloadResult  16: 16777216 op, 907184178.00 ns, 54.0724 ns/op
WorkloadResult  17: 16777216 op, 906738631.00 ns, 54.0458 ns/op
WorkloadResult  18: 16777216 op, 915409060.00 ns, 54.5626 ns/op
WorkloadResult  19: 16777216 op, 912351459.00 ns, 54.3804 ns/op
WorkloadResult  20: 16777216 op, 906820565.00 ns, 54.0507 ns/op
// GC:  0 0 0 0 16777216
// Threading:  0 0 16777216

// AfterAll
// Benchmark Process 3208 has exited with code 0.

Mean = 54.134 ns, StdErr = 0.054 ns (0.10%), N = 20, StdDev = 0.240 ns
Min = 53.783 ns, Q1 = 53.993 ns, Median = 54.059 ns, Q3 = 54.316 ns, Max = 54.563 ns
IQR = 0.324 ns, LowerFence = 53.507 ns, UpperFence = 54.802 ns
ConfidenceInterval = [53.926 ns; 54.343 ns] (CI 99.9%), Margin = 0.209 ns (0.39% of Mean)
Skewness = 0.4, Kurtosis = 1.85, MValue = 2

// ** Remained 17 (94.4 %) benchmark(s) to run. Estimated finish 2026-10-09 14:25 (0h 7m from now) **
// **************************
// Benchmark: MemoryCacheProviderBenchmarks.ExistsAsync_False: ShortRun(IterationCount=3, LaunchCount=1, WarmupCount=3)
// *** Execute ***
// Launch: 1 / 1
// Execute: dotnet Encina.Caching.Memory.Benchmarks-Job-NUBXJZ-1.dll --anonymousPipes 152 153 --benchmarkName Encina.Caching.Memory.Benchmarks.Benchmarks.MemoryCacheProviderBenchmarks.ExistsAsync_False --job ShortRun --benchmarkId 1 in /home/runner/work/Encina/Encina/tests/Encina.BenchmarkTests/Encina.Caching.Memory.Benchmarks/bin/Release/net10.0/Encina.Caching.Memory.Benchmarks-Job-NUBXJZ-1/bin/Release/net10.0
// Failed to set up high priority (Permission denied). In order to run benchmarks with high priority, make sure you have the right permissions.
// BeforeAnythingElse

// Benchmark Process Environment Information:
// BenchmarkDotNet v0.15.8
// Runtime=.NET 10.0.12 (10.0.12, 10.0.1226.42308), X64 RyuJIT x86-64-v3
// GC=Concurrent Workstation
// HardwareIntrinsics=AVX2+BMI1+BMI2+F16C+FMA+LZCNT+MOVBE,AVX,SSE3+SSSE3+SSE4.1+SSE4.2+POPCNT,X86Base+SSE+SSE2,AES+PCLMUL VectorSize=256
// Job: ShortRun(IterationCount=3, LaunchCount=1, WarmupCount=3)

OverheadJitting  1: 1 op, 224942.00 ns, 224.9420 us/op
WorkloadJitting  1: 1 op, 3665138.00 ns, 3.6651 ms/op

OverheadJitting  2: 16 op, 344427.00 ns, 21.5267 us/op
WorkloadJitting  2: 16 op, 363703.00 ns, 22.7314 us/op

WorkloadPilot    1: 16 op, 4108.00 ns, 256.7500 ns/op
WorkloadPilot    2: 32 op, 4177.00 ns, 130.5313 ns/op
WorkloadPilot    3: 64 op, 5971.00 ns, 93.2969 ns/op
WorkloadPilot    4: 128 op, 9689.00 ns, 75.6953 ns/op
WorkloadPilot    5: 256 op, 17202.00 ns, 67.1953 ns/op
WorkloadPilot    6: 512 op, 32221.00 ns, 62.9316 ns/op
WorkloadPilot    7: 1024 op, 62517.00 ns, 61.0518 ns/op
WorkloadPilot    8: 2048 op, 122661.00 ns, 59.8931 ns/op
WorkloadPilot    9: 4096 op, 243056.00 ns, 59.3398 ns/op
WorkloadPilot   10: 8192 op, 487194.00 ns, 59.4719 ns/op
WorkloadPilot   11: 16384 op, 984798.00 ns, 60.1073 ns/op
WorkloadPilot   12: 32768 op, 1967523.00 ns, 60.0440 ns/op
WorkloadPilot   13: 65536 op, 3812976.00 ns, 58.1814 ns/op
WorkloadPilot   14: 131072 op, 7239186.00 ns, 55.2306 ns/op
WorkloadPilot   15: 262144 op, 14536683.00 ns, 55.4530 ns/op
WorkloadPilot   16: 524288 op, 29731791.00 ns, 56.7089 ns/op
WorkloadPilot   17: 1048576 op, 58618386.00 ns, 55.9028 ns/op
WorkloadPilot   18: 2097152 op, 117554318.00 ns, 56.0543 ns/op
WorkloadPilot   19: 4194304 op, 233379630.00 ns, 55.6420 ns/op
WorkloadPilot   20: 8388608 op, 469704129.00 ns, 55.9931 ns/op
WorkloadPilot   21: 16777216 op, 950264897.00 ns, 56.6402 ns/op

OverheadWarmup   1: 16777216 op, 32063306.00 ns, 1.9111 ns/op
OverheadWarmup   2: 16777216 op, 32019524.00 ns, 1.9085 ns/op
OverheadWarmup   3: 16777216 op, 31657055.00 ns, 1.8869 ns/op
OverheadWarmup   4: 16777216 op, 32326738.00 ns, 1.9268 ns/op
OverheadWarmup   5: 16777216 op, 31226016.00 ns, 1.8612 ns/op
OverheadWarmup   6: 16777216 op, 31757392.00 ns, 1.8929 ns/op
OverheadWarmup   7: 16777216 op, 31540897.00 ns, 1.8800 ns/op

OverheadActual   1: 16777216 op, 31328097.00 ns, 1.8673 ns/op
OverheadActual   2: 16777216 op, 31583497.00 ns, 1.8825 ns/op
OverheadActual   3: 16777216 op, 31180239.00 ns, 1.8585 ns/op
OverheadActual   4: 16777216 op, 31537600.00 ns, 1.8798 ns/op
OverheadActual   5: 16777216 op, 32298218.00 ns, 1.9251 ns/op
OverheadActual   6: 16777216 op, 30859287.00 ns, 1.8394 ns/op
OverheadActual   7: 16777216 op, 30954035.00 ns, 1.8450 ns/op
OverheadActual   8: 16777216 op, 30841674.00 ns, 1.8383 ns/op
OverheadActual   9: 16777216 op, 31346461.00 ns, 1.8684 ns/op
OverheadActual  10: 16777216 op, 30746877.00 ns, 1.8327 ns/op
OverheadActual  11: 16777216 op, 31333608.00 ns, 1.8676 ns/op
OverheadActual  12: 16777216 op, 31483298.00 ns, 1.8766 ns/op
OverheadActual  13: 16777216 op, 30552972.00 ns, 1.8211 ns/op
OverheadActual  14: 16777216 op, 31468200.00 ns, 1.8757 ns/op
OverheadActual  15: 16777216 op, 31627419.00 ns, 1.8851 ns/op

WorkloadWarmup   1: 16777216 op, 929191712.00 ns, 55.3841 ns/op
WorkloadWarmup   2: 16777216 op, 938790407.00 ns, 55.9563 ns/op
WorkloadWarmup   3: 16777216 op, 931081058.00 ns, 55.4968 ns/op

// BeforeActualRun
WorkloadActual   1: 16777216 op, 934537616.00 ns, 55.7028 ns/op
WorkloadActual   2: 16777216 op, 927555071.00 ns, 55.2866 ns/op
WorkloadActual   3: 16777216 op, 928488763.00 ns, 55.3422 ns/op

// AfterActualRun
WorkloadResult   1: 16777216 op, 903204008.00 ns, 53.8352 ns/op
WorkloadResult   2: 16777216 op, 896221463.00 ns, 53.4190 ns/op
WorkloadResult   3: 16777216 op, 897155155.00 ns, 53.4746 ns/op
// GC:  0 0 0 0 16777216
// Threading:  0 0 16777216

// AfterAll
// Benchmark Process 3220 has exited with code 0.

Mean = 53.576 ns, StdErr = 0.130 ns (0.24%), N = 3, StdDev = 0.226 ns
Min = 53.419 ns, Q1 = 53.447 ns, Median = 53.475 ns, Q3 = 53.655 ns, Max = 53.835 ns
IQR = 0.208 ns, LowerFence = 53.135 ns, UpperFence = 53.967 ns
ConfidenceInterval = [49.454 ns; 57.698 ns] (CI 99.9%), Margin = 4.122 ns (7.69% of Mean)
Skewness = 0.36, Kurtosis = 0.67, MValue = 2

// ** Remained 16 (88.9 %) benchmark(s) to run. Estimated finish 2026-10-09 14:22 (0h 4m from now) **
// **************************
// Benchmark: MemoryCacheProviderBenchmarks.ExistsAsync_True: Job-NUBXJZ(IterationCount=20, WarmupCount=5)
// *** Execute ***
// Launch: 1 / 1
// Execute: dotnet Encina.Caching.Memory.Benchmarks-Job-NUBXJZ-1.dll --anonymousPipes 152 153 --benchmarkName Encina.Caching.Memory.Benchmarks.Benchmarks.MemoryCacheProviderBenchmarks.ExistsAsync_True --job "IterationCount=20, WarmupCount=5" --benchmarkId 2 in /home/runner/work/Encina/Encina/tests/Encina.BenchmarkTests/Encina.Caching.Memory.Benchmarks/bin/Release/net10.0/Encina.Caching.Memory.Benchmarks-Job-NUBXJZ-1/bin/Release/net10.0
// Failed to set up high priority (Permission denied). In order to run benchmarks with high priority, make sure you have the right permissions.
// BeforeAnythingElse

// Benchmark Process Environment Information:
// BenchmarkDotNet v0.15.8
// Runtime=.NET 10.0.12 (10.0.12, 10.0.1226.42308), X64 RyuJIT x86-64-v3
// GC=Concurrent Workstation
// HardwareIntrinsics=AVX2+BMI1+BMI2+F16C+FMA+LZCNT+MOVBE,AVX,SSE3+SSSE3+SSE4.1+SSE4.2+POPCNT,X86Base+SSE+SSE2,AES+PCLMUL VectorSize=256
// Job: Job-NUBXJZ(IterationCount=20, WarmupCount=5)

OverheadJitting  1: 1 op, 215802.00 ns, 215.8020 us/op
WorkloadJitting  1: 1 op, 3582422.00 ns, 3.5824 ms/op

OverheadJitting  2: 16 op, 375751.00 ns, 23.4844 us/op
WorkloadJitting  2: 16 op, 396820.00 ns, 24.8013 us/op

WorkloadPilot    1: 16 op, 3467.00 ns, 216.6875 ns/op
WorkloadPilot    2: 32 op, 3797.00 ns, 118.6563 ns/op
WorkloadPilot    3: 64 op, 5490.00 ns, 85.7813 ns/op
WorkloadPilot    4: 128 op, 9688.00 ns, 75.6875 ns/op
WorkloadPilot    5: 256 op, 37200.00 ns, 145.3125 ns/op
WorkloadPilot    6: 512 op, 33342.00 ns, 65.1211 ns/op
WorkloadPilot    7: 1024 op, 64490.00 ns, 62.9785 ns/op
WorkloadPilot    8: 2048 op, 126827.00 ns, 61.9272 ns/op
WorkloadPilot    9: 4096 op, 253663.00 ns, 61.9294 ns/op
WorkloadPilot   10: 8192 op, 539165.00 ns, 65.8160 ns/op
WorkloadPilot   11: 16384 op, 1106323.00 ns, 67.5246 ns/op
WorkloadPilot   12: 32768 op, 2211715.00 ns, 67.4962 ns/op
WorkloadPilot   13: 65536 op, 4408974.00 ns, 67.2756 ns/op
WorkloadPilot   14: 131072 op, 8549085.00 ns, 65.2243 ns/op
WorkloadPilot   15: 262144 op, 16313457.00 ns, 62.2309 ns/op
WorkloadPilot   16: 524288 op, 34378992.00 ns, 65.5727 ns/op
WorkloadPilot   17: 1048576 op, 66162403.00 ns, 63.0974 ns/op
WorkloadPilot   18: 2097152 op, 133475292.00 ns, 63.6460 ns/op
WorkloadPilot   19: 4194304 op, 264127755.00 ns, 62.9730 ns/op
WorkloadPilot   20: 8388608 op, 534188032.00 ns, 63.6802 ns/op

OverheadWarmup   1: 8388608 op, 15625935.00 ns, 1.8628 ns/op
OverheadWarmup   2: 8388608 op, 15821361.00 ns, 1.8861 ns/op
OverheadWarmup   3: 8388608 op, 15459111.00 ns, 1.8429 ns/op
OverheadWarmup   4: 8388608 op, 15324939.00 ns, 1.8269 ns/op
OverheadWarmup   5: 8388608 op, 15424717.00 ns, 1.8388 ns/op
OverheadWarmup   6: 8388608 op, 15562776.00 ns, 1.8552 ns/op
OverheadWarmup   7: 8388608 op, 15560441.00 ns, 1.8549 ns/op

OverheadActual   1: 8388608 op, 15675849.00 ns, 1.8687 ns/op
OverheadActual   2: 8388608 op, 15521258.00 ns, 1.8503 ns/op
OverheadActual   3: 8388608 op, 15584657.00 ns, 1.8578 ns/op
OverheadActual   4: 8388608 op, 15561934.00 ns, 1.8551 ns/op
OverheadActual   5: 8388608 op, 15617218.00 ns, 1.8617 ns/op
OverheadActual   6: 8388608 op, 15582412.00 ns, 1.8576 ns/op
OverheadActual   7: 8388608 op, 15518632.00 ns, 1.8500 ns/op
OverheadActual   8: 8388608 op, 15484769.00 ns, 1.8459 ns/op
OverheadActual   9: 8388608 op, 15468278.00 ns, 1.8440 ns/op
OverheadActual  10: 8388608 op, 15492885.00 ns, 1.8469 ns/op
OverheadActual  11: 8388608 op, 15527299.00 ns, 1.8510 ns/op
OverheadActual  12: 8388608 op, 15548469.00 ns, 1.8535 ns/op
OverheadActual  13: 8388608 op, 15559669.00 ns, 1.8549 ns/op
OverheadActual  14: 8388608 op, 15279624.00 ns, 1.8215 ns/op
OverheadActual  15: 8388608 op, 15624392.00 ns, 1.8626 ns/op

WorkloadWarmup   1: 8388608 op, 525889760.00 ns, 62.6909 ns/op
WorkloadWarmup   2: 8388608 op, 533746414.00 ns, 63.6275 ns/op
WorkloadWarmup   3: 8388608 op, 530939523.00 ns, 63.2929 ns/op
WorkloadWarmup   4: 8388608 op, 533840591.00 ns, 63.6388 ns/op
WorkloadWarmup   5: 8388608 op, 531924363.00 ns, 63.4103 ns/op

// BeforeActualRun
WorkloadActual   1: 8388608 op, 534858483.00 ns, 63.7601 ns/op
WorkloadActual   2: 8388608 op, 534939295.00 ns, 63.7697 ns/op
WorkloadActual   3: 8388608 op, 530807865.00 ns, 63.2772 ns/op
WorkloadActual   4: 8388608 op, 534174605.00 ns, 63.6786 ns/op
WorkloadActual   5: 8388608 op, 529388827.00 ns, 63.1081 ns/op
WorkloadActual   6: 8388608 op, 524376869.00 ns, 62.5106 ns/op
WorkloadActual   7: 8388608 op, 532533099.00 ns, 63.4829 ns/op
WorkloadActual   8: 8388608 op, 532873759.00 ns, 63.5235 ns/op
WorkloadActual   9: 8388608 op, 528490490.00 ns, 63.0010 ns/op
WorkloadActual  10: 8388608 op, 533840294.00 ns, 63.6387 ns/op
WorkloadActual  11: 8388608 op, 529753321.00 ns, 63.1515 ns/op
WorkloadActual  12: 8388608 op, 525771556.00 ns, 62.6769 ns/op
WorkloadActual  13: 8388608 op, 525510436.00 ns, 62.6457 ns/op
WorkloadActual  14: 8388608 op, 529020115.00 ns, 63.0641 ns/op
WorkloadActual  15: 8388608 op, 525143768.00 ns, 62.6020 ns/op
WorkloadActual  16: 8388608 op, 524950495.00 ns, 62.5790 ns/op
WorkloadActual  17: 8388608 op, 519902149.00 ns, 61.9772 ns/op
WorkloadActual  18: 8388608 op, 520852052.00 ns, 62.0904 ns/op
WorkloadActual  19: 8388608 op, 521108604.00 ns, 62.1210 ns/op
WorkloadActual  20: 8388608 op, 529351479.00 ns, 63.1036 ns/op

// AfterActualRun
WorkloadResult   1: 8388608 op, 519310014.00 ns, 61.9066 ns/op
WorkloadResult   2: 8388608 op, 519390826.00 ns, 61.9162 ns/op
WorkloadResult   3: 8388608 op, 515259396.00 ns, 61.4237 ns/op
WorkloadResult   4: 8388608 op, 518626136.00 ns, 61.8251 ns/op
WorkloadResult   5: 8388608 op, 513840358.00 ns, 61.2545 ns/op
WorkloadResult   6: 8388608 op, 508828400.00 ns, 60.6571 ns/op
WorkloadResult   7: 8388608 op, 516984630.00 ns, 61.6294 ns/op
WorkloadResult   8: 8388608 op, 517325290.00 ns, 61.6700 ns/op
WorkloadResult   9: 8388608 op, 512942021.00 ns, 61.1475 ns/op
WorkloadResult  10: 8388608 op, 518291825.00 ns, 61.7852 ns/op
WorkloadResult  11: 8388608 op, 514204852.00 ns, 61.2980 ns/op
WorkloadResult  12: 8388608 op, 510223087.00 ns, 60.8233 ns/op
WorkloadResult  13: 8388608 op, 509961967.00 ns, 60.7922 ns/op
WorkloadResult  14: 8388608 op, 513471646.00 ns, 61.2106 ns/op
WorkloadResult  15: 8388608 op, 509595299.00 ns, 60.7485 ns/op
WorkloadResult  16: 8388608 op, 509402026.00 ns, 60.7255 ns/op
WorkloadResult  17: 8388608 op, 504353680.00 ns, 60.1236 ns/op
WorkloadResult  18: 8388608 op, 505303583.00 ns, 60.2369 ns/op
WorkloadResult  19: 8388608 op, 505560135.00 ns, 60.2675 ns/op
WorkloadResult  20: 8388608 op, 513803010.00 ns, 61.2501 ns/op
// GC:  0 0 0 0 8388608
// Threading:  0 0 8388608

// AfterAll
// Benchmark Process 3230 has exited with code 0.

Mean = 61.135 ns, StdErr = 0.127 ns (0.21%), N = 20, StdDev = 0.568 ns
Min = 60.124 ns, Q1 = 60.743 ns, Median = 61.230 ns, Q3 = 61.640 ns, Max = 61.916 ns
IQR = 0.897 ns, LowerFence = 59.398 ns, UpperFence = 62.985 ns
ConfidenceInterval = [60.642 ns; 61.627 ns] (CI 99.9%), Margin = 0.493 ns (0.81% of Mean)
Skewness = -0.24, Kurtosis = 1.77, MValue = 2

// ** Remained 15 (83.3 %) benchmark(s) to run. Estimated finish 2026-10-09 14:22 (0h 4m from now) **
// **************************
// Benchmark: MemoryCacheProviderBenchmarks.ExistsAsync_True: ShortRun(IterationCount=3, LaunchCount=1, WarmupCount=3)
// *** Execute ***
// Launch: 1 / 1
// Execute: dotnet Encina.Caching.Memory.Benchmarks-Job-NUBXJZ-1.dll --anonymousPipes 152 153 --benchmarkName Encina.Caching.Memory.Benchmarks.Benchmarks.MemoryCacheProviderBenchmarks.ExistsAsync_True --job ShortRun --benchmarkId 3 in /home/runner/work/Encina/Encina/tests/Encina.BenchmarkTests/Encina.Caching.Memory.Benchmarks/bin/Release/net10.0/Encina.Caching.Memory.Benchmarks-Job-NUBXJZ-1/bin/Release/net10.0
// Failed to set up high priority (Permission denied). In order to run benchmarks with high priority, make sure you have the right permissions.
// BeforeAnythingElse

// Benchmark Process Environment Information:
// BenchmarkDotNet v0.15.8
// Runtime=.NET 10.0.12 (10.0.12, 10.0.1226.42308), X64 RyuJIT x86-64-v3
// GC=Concurrent Workstation
// HardwareIntrinsics=AVX2+BMI1+BMI2+F16C+FMA+LZCNT+MOVBE,AVX,SSE3+SSSE3+SSE4.1+SSE4.2+POPCNT,X86Base+SSE+SSE2,AES+PCLMUL VectorSize=256
// Job: ShortRun(IterationCount=3, LaunchCount=1, WarmupCount=3)

OverheadJitting  1: 1 op, 220895.00 ns, 220.8950 us/op
WorkloadJitting  1: 1 op, 3793090.00 ns, 3.7931 ms/op

OverheadJitting  2: 16 op, 362781.00 ns, 22.6738 us/op
WorkloadJitting  2: 16 op, 428044.00 ns, 26.7528 us/op

WorkloadPilot    1: 16 op, 5250.00 ns, 328.1250 ns/op
WorkloadPilot    2: 32 op, 4889.00 ns, 152.7813 ns/op
WorkloadPilot    3: 64 op, 6342.00 ns, 99.0938 ns/op
WorkloadPilot    4: 128 op, 9819.00 ns, 76.7109 ns/op
WorkloadPilot    5: 256 op, 17513.00 ns, 68.4102 ns/op
WorkloadPilot    6: 512 op, 33363.00 ns, 65.1621 ns/op
WorkloadPilot    7: 1024 op, 64861.00 ns, 63.3408 ns/op
WorkloadPilot    8: 2048 op, 126537.00 ns, 61.7856 ns/op
WorkloadPilot    9: 4096 op, 283632.00 ns, 69.2461 ns/op
WorkloadPilot   10: 8192 op, 521990.00 ns, 63.7195 ns/op
WorkloadPilot   11: 16384 op, 1033560.00 ns, 63.0835 ns/op
WorkloadPilot   12: 32768 op, 2053405.00 ns, 62.6649 ns/op
WorkloadPilot   13: 65536 op, 4085479.00 ns, 62.3395 ns/op
WorkloadPilot   14: 131072 op, 8177510.00 ns, 62.3895 ns/op
WorkloadPilot   15: 262144 op, 16618785.00 ns, 63.3956 ns/op
WorkloadPilot   16: 524288 op, 32538689.00 ns, 62.0626 ns/op
WorkloadPilot   17: 1048576 op, 64891240.00 ns, 61.8851 ns/op
WorkloadPilot   18: 2097152 op, 129704923.00 ns, 61.8481 ns/op
WorkloadPilot   19: 4194304 op, 264860166.00 ns, 63.1476 ns/op
WorkloadPilot   20: 8388608 op, 532272402.00 ns, 63.4518 ns/op

OverheadWarmup   1: 8388608 op, 15648184.00 ns, 1.8654 ns/op
OverheadWarmup   2: 8388608 op, 15668542.00 ns, 1.8678 ns/op
OverheadWarmup   3: 8388608 op, 15530533.00 ns, 1.8514 ns/op
OverheadWarmup   4: 8388608 op, 15611635.00 ns, 1.8611 ns/op
OverheadWarmup   5: 8388608 op, 15552194.00 ns, 1.8540 ns/op

OverheadActual   1: 8388608 op, 15681146.00 ns, 1.8693 ns/op
OverheadActual   2: 8388608 op, 15698739.00 ns, 1.8714 ns/op
OverheadActual   3: 8388608 op, 15635861.00 ns, 1.8639 ns/op
OverheadActual   4: 8388608 op, 15688008.00 ns, 1.8702 ns/op
OverheadActual   5: 8388608 op, 15600053.00 ns, 1.8597 ns/op
OverheadActual   6: 8388608 op, 15814686.00 ns, 1.8853 ns/op
OverheadActual   7: 8388608 op, 16395507.00 ns, 1.9545 ns/op
OverheadActual   8: 8388608 op, 15558746.00 ns, 1.8547 ns/op
OverheadActual   9: 8388608 op, 15603129.00 ns, 1.8600 ns/op
OverheadActual  10: 8388608 op, 15562052.00 ns, 1.8551 ns/op
OverheadActual  11: 8388608 op, 15599783.00 ns, 1.8596 ns/op
OverheadActual  12: 8388608 op, 15602137.00 ns, 1.8599 ns/op
OverheadActual  13: 8388608 op, 15683650.00 ns, 1.8696 ns/op
OverheadActual  14: 8388608 op, 15704089.00 ns, 1.8721 ns/op
OverheadActual  15: 8388608 op, 15559206.00 ns, 1.8548 ns/op

WorkloadWarmup   1: 8388608 op, 533658694.00 ns, 63.6171 ns/op
WorkloadWarmup   2: 8388608 op, 532646084.00 ns, 63.4964 ns/op
WorkloadWarmup   3: 8388608 op, 532751261.00 ns, 63.5089 ns/op

// BeforeActualRun
WorkloadActual   1: 8388608 op, 532168918.00 ns, 63.4395 ns/op
WorkloadActual   2: 8388608 op, 534918740.00 ns, 63.7673 ns/op
WorkloadActual   3: 8388608 op, 533917741.00 ns, 63.6480 ns/op

// AfterActualRun
WorkloadResult   1: 8388608 op, 516533057.00 ns, 61.5755 ns/op
WorkloadResult   2: 8388608 op, 519282879.00 ns, 61.9033 ns/op
WorkloadResult   3: 8388608 op, 518281880.00 ns, 61.7840 ns/op
// GC:  0 0 0 0 8388608
// Threading:  0 0 8388608

// AfterAll
// Benchmark Process 3240 has exited with code 0.

Mean = 61.754 ns, StdErr = 0.096 ns (0.16%), N = 3, StdDev = 0.166 ns
Min = 61.576 ns, Q1 = 61.680 ns, Median = 61.784 ns, Q3 = 61.844 ns, Max = 61.903 ns
IQR = 0.164 ns, LowerFence = 61.434 ns, UpperFence = 62.090 ns
ConfidenceInterval = [58.727 ns; 64.781 ns] (CI 99.9%), Margin = 3.027 ns (4.90% of Mean)
Skewness = -0.17, Kurtosis = 0.67, MValue = 2

// ** Remained 14 (77.8 %) benchmark(s) to run. Estimated finish 2026-10-09 14:21 (0h 3m from now) **
// **************************
// Benchmark: MemoryCacheProviderBenchmarks.GetAsync_CacheHit: Job-NUBXJZ(IterationCount=20, WarmupCount=5)
// *** Execute ***
// Launch: 1 / 1
// Execute: dotnet Encina.Caching.Memory.Benchmarks-Job-NUBXJZ-1.dll --anonymousPipes 152 153 --benchmarkName Encina.Caching.Memory.Benchmarks.Benchmarks.MemoryCacheProviderBenchmarks.GetAsync_CacheHit --job "IterationCount=20, WarmupCount=5" --benchmarkId 4 in /home/runner/work/Encina/Encina/tests/Encina.BenchmarkTests/Encina.Caching.Memory.Benchmarks/bin/Release/net10.0/Encina.Caching.Memory.Benchmarks-Job-NUBXJZ-1/bin/Release/net10.0
// Failed to set up high priority (Permission denied). In order to run benchmarks with high priority, make sure you have the right permissions.
// BeforeAnythingElse

// Benchmark Process Environment Information:
// BenchmarkDotNet v0.15.8
// Runtime=.NET 10.0.12 (10.0.12, 10.0.1226.42308), X64 RyuJIT x86-64-v3
// GC=Concurrent Workstation
// HardwareIntrinsics=AVX2+BMI1+BMI2+F16C+FMA+LZCNT+MOVBE,AVX,SSE3+SSSE3+SSE4.1+SSE4.2+POPCNT,X86Base+SSE+SSE2,AES+PCLMUL VectorSize=256
// Job: Job-NUBXJZ(IterationCount=20, WarmupCount=5)

OverheadJitting  1: 1 op, 251442.00 ns, 251.4420 us/op
WorkloadJitting  1: 1 op, 4306895.00 ns, 4.3069 ms/op

OverheadJitting  2: 16 op, 490181.00 ns, 30.6363 us/op
WorkloadJitting  2: 16 op, 540865.00 ns, 33.8041 us/op

WorkloadPilot    1: 16 op, 7855.00 ns, 490.9375 ns/op
WorkloadPilot    2: 32 op, 28763.00 ns, 898.8438 ns/op
WorkloadPilot    3: 64 op, 33152.00 ns, 518.0000 ns/op
WorkloadPilot    4: 128 op, 38322.00 ns, 299.3906 ns/op
WorkloadPilot    5: 256 op, 57428.00 ns, 224.3281 ns/op
WorkloadPilot    6: 512 op, 98244.00 ns, 191.8828 ns/op
WorkloadPilot    7: 1024 op, 176511.00 ns, 172.3740 ns/op
WorkloadPilot    8: 2048 op, 352041.00 ns, 171.8950 ns/op
WorkloadPilot    9: 4096 op, 599315.00 ns, 146.3171 ns/op
WorkloadPilot   10: 8192 op, 1268140.00 ns, 154.8022 ns/op
WorkloadPilot   11: 16384 op, 2532804.00 ns, 154.5901 ns/op
WorkloadPilot   12: 32768 op, 5016998.00 ns, 153.1066 ns/op
WorkloadPilot   13: 65536 op, 10061226.00 ns, 153.5221 ns/op
WorkloadPilot   14: 131072 op, 18815980.00 ns, 143.5545 ns/op
WorkloadPilot   15: 262144 op, 24424999.00 ns, 93.1740 ns/op
WorkloadPilot   16: 524288 op, 51225437.00 ns, 97.7048 ns/op
WorkloadPilot   17: 1048576 op, 97066255.00 ns, 92.5696 ns/op
WorkloadPilot   18: 2097152 op, 192653966.00 ns, 91.8646 ns/op
WorkloadPilot   19: 4194304 op, 380554889.00 ns, 90.7314 ns/op
WorkloadPilot   20: 8388608 op, 768666658.00 ns, 91.6322 ns/op

OverheadWarmup   1: 8388608 op, 28112260.00 ns, 3.3512 ns/op
OverheadWarmup   2: 8388608 op, 27951081.00 ns, 3.3320 ns/op
OverheadWarmup   3: 8388608 op, 27913110.00 ns, 3.3275 ns/op
OverheadWarmup   4: 8388608 op, 27802692.00 ns, 3.3143 ns/op
OverheadWarmup   5: 8388608 op, 28067289.00 ns, 3.3459 ns/op
OverheadWarmup   6: 8388608 op, 27866563.00 ns, 3.3220 ns/op
OverheadWarmup   7: 8388608 op, 28084262.00 ns, 3.3479 ns/op
OverheadWarmup   8: 8388608 op, 27864058.00 ns, 3.3217 ns/op

OverheadActual   1: 8388608 op, 27773007.00 ns, 3.3108 ns/op
OverheadActual   2: 8388608 op, 28218874.00 ns, 3.3640 ns/op
OverheadActual   3: 8388608 op, 28090353.00 ns, 3.3486 ns/op
OverheadActual   4: 8388608 op, 27986117.00 ns, 3.3362 ns/op
OverheadActual   5: 8388608 op, 28121070.00 ns, 3.3523 ns/op
OverheadActual   6: 8388608 op, 27774179.00 ns, 3.3109 ns/op
OverheadActual   7: 8388608 op, 28038956.00 ns, 3.3425 ns/op
OverheadActual   8: 8388608 op, 28038305.00 ns, 3.3424 ns/op
OverheadActual   9: 8388608 op, 28038044.00 ns, 3.3424 ns/op
OverheadActual  10: 8388608 op, 27806410.00 ns, 3.3148 ns/op
OverheadActual  11: 8388608 op, 27858037.00 ns, 3.3209 ns/op
OverheadActual  12: 8388608 op, 28003609.00 ns, 3.3383 ns/op
OverheadActual  13: 8388608 op, 27876070.00 ns, 3.3231 ns/op
OverheadActual  14: 8388608 op, 27978122.00 ns, 3.3353 ns/op
OverheadActual  15: 8388608 op, 28160814.00 ns, 3.3570 ns/op

WorkloadWarmup   1: 8388608 op, 774369073.00 ns, 92.3120 ns/op
WorkloadWarmup   2: 8388608 op, 766248392.00 ns, 91.3439 ns/op
WorkloadWarmup   3: 8388608 op, 769954789.00 ns, 91.7858 ns/op
WorkloadWarmup   4: 8388608 op, 759696725.00 ns, 90.5629 ns/op
WorkloadWarmup   5: 8388608 op, 766216211.00 ns, 91.3401 ns/op

// BeforeActualRun
WorkloadActual   1: 8388608 op, 761334338.00 ns, 90.7581 ns/op
WorkloadActual   2: 8388608 op, 774482476.00 ns, 92.3255 ns/op
WorkloadActual   3: 8388608 op, 775869630.00 ns, 92.4909 ns/op
WorkloadActual   4: 8388608 op, 774534888.00 ns, 92.3318 ns/op
WorkloadActual   5: 8388608 op, 775458166.00 ns, 92.4418 ns/op
WorkloadActual   6: 8388608 op, 769652298.00 ns, 91.7497 ns/op
WorkloadActual   7: 8388608 op, 766396616.00 ns, 91.3616 ns/op
WorkloadActual   8: 8388608 op, 775839202.00 ns, 92.4872 ns/op
WorkloadActual   9: 8388608 op, 774631765.00 ns, 92.3433 ns/op
WorkloadActual  10: 8388608 op, 762852112.00 ns, 90.9391 ns/op
WorkloadActual  11: 8388608 op, 759194335.00 ns, 90.5030 ns/op
WorkloadActual  12: 8388608 op, 764560930.00 ns, 91.1428 ns/op
WorkloadActual  13: 8388608 op, 766057910.00 ns, 91.3212 ns/op
WorkloadActual  14: 8388608 op, 765511193.00 ns, 91.2560 ns/op
WorkloadActual  15: 8388608 op, 770375895.00 ns, 91.8360 ns/op
WorkloadActual  16: 8388608 op, 765825933.00 ns, 91.2936 ns/op
WorkloadActual  17: 8388608 op, 768727621.00 ns, 91.6395 ns/op
WorkloadActual  18: 8388608 op, 771895608.00 ns, 92.0171 ns/op
WorkloadActual  19: 8388608 op, 775868877.00 ns, 92.4908 ns/op
WorkloadActual  20: 8388608 op, 775212144.00 ns, 92.4125 ns/op

// AfterActualRun
WorkloadResult   1: 8388608 op, 733330729.00 ns, 87.4198 ns/op
WorkloadResult   2: 8388608 op, 746478867.00 ns, 88.9872 ns/op
WorkloadResult   3: 8388608 op, 747866021.00 ns, 89.1526 ns/op
WorkloadResult   4: 8388608 op, 746531279.00 ns, 88.9935 ns/op
WorkloadResult   5: 8388608 op, 747454557.00 ns, 89.1035 ns/op
WorkloadResult   6: 8388608 op, 741648689.00 ns, 88.4114 ns/op
WorkloadResult   7: 8388608 op, 738393007.00 ns, 88.0233 ns/op
WorkloadResult   8: 8388608 op, 747835593.00 ns, 89.1489 ns/op
WorkloadResult   9: 8388608 op, 746628156.00 ns, 89.0050 ns/op
WorkloadResult  10: 8388608 op, 734848503.00 ns, 87.6008 ns/op
WorkloadResult  11: 8388608 op, 731190726.00 ns, 87.1647 ns/op
WorkloadResult  12: 8388608 op, 736557321.00 ns, 87.8045 ns/op
WorkloadResult  13: 8388608 op, 738054301.00 ns, 87.9829 ns/op
WorkloadResult  14: 8388608 op, 737507584.00 ns, 87.9178 ns/op
WorkloadResult  15: 8388608 op, 742372286.00 ns, 88.4977 ns/op
WorkloadResult  16: 8388608 op, 737822324.00 ns, 87.9553 ns/op
WorkloadResult  17: 8388608 op, 740724012.00 ns, 88.3012 ns/op
WorkloadResult  18: 8388608 op, 743891999.00 ns, 88.6788 ns/op
WorkloadResult  19: 8388608 op, 747865268.00 ns, 89.1525 ns/op
WorkloadResult  20: 8388608 op, 747208535.00 ns, 89.0742 ns/op
// GC:  72 0 0 1207959552 8388608
// Threading:  0 0 8388608

// AfterAll
// Benchmark Process 3247 has exited with code 0.

Mean = 88.419 ns, StdErr = 0.145 ns (0.16%), N = 20, StdDev = 0.650 ns
Min = 87.165 ns, Q1 = 87.946 ns, Median = 88.455 ns, Q3 = 89.022 ns, Max = 89.153 ns
IQR = 1.076 ns, LowerFence = 86.331 ns, UpperFence = 90.637 ns
ConfidenceInterval = [87.855 ns; 88.983 ns] (CI 99.9%), Margin = 0.564 ns (0.64% of Mean)
Skewness = -0.32, Kurtosis = 1.64, MValue = 2

// ** Remained 13 (72.2 %) benchmark(s) to run. Estimated finish 2026-10-09 14:22 (0h 3m from now) **
// **************************
// Benchmark: MemoryCacheProviderBenchmarks.GetAsync_CacheHit: ShortRun(IterationCount=3, LaunchCount=1, WarmupCount=3)
// *** Execute ***
// Launch: 1 / 1
// Execute: dotnet Encina.Caching.Memory.Benchmarks-Job-NUBXJZ-1.dll --anonymousPipes 152 153 --benchmarkName Encina.Caching.Memory.Benchmarks.Benchmarks.MemoryCacheProviderBenchmarks.GetAsync_CacheHit --job ShortRun --benchmarkId 5 in /home/runner/work/Encina/Encina/tests/Encina.BenchmarkTests/Encina.Caching.Memory.Benchmarks/bin/Release/net10.0/Encina.Caching.Memory.Benchmarks-Job-NUBXJZ-1/bin/Release/net10.0
// Failed to set up high priority (Permission denied). In order to run benchmarks with high priority, make sure you have the right permissions.
// BeforeAnythingElse

// Benchmark Process Environment Information:
// BenchmarkDotNet v0.15.8
// Runtime=.NET 10.0.12 (10.0.12, 10.0.1226.42308), X64 RyuJIT x86-64-v3
// GC=Concurrent Workstation
// HardwareIntrinsics=AVX2+BMI1+BMI2+F16C+FMA+LZCNT+MOVBE,AVX,SSE3+SSSE3+SSE4.1+SSE4.2+POPCNT,X86Base+SSE+SSE2,AES+PCLMUL VectorSize=256
// Job: ShortRun(IterationCount=3, LaunchCount=1, WarmupCount=3)

OverheadJitting  1: 1 op, 239469.00 ns, 239.4690 us/op
WorkloadJitting  1: 1 op, 4254938.00 ns, 4.2549 ms/op

OverheadJitting  2: 16 op, 525978.00 ns, 32.8736 us/op
WorkloadJitting  2: 16 op, 558078.00 ns, 34.8799 us/op

WorkloadPilot    1: 16 op, 5230.00 ns, 326.8750 ns/op
WorkloadPilot    2: 32 op, 22482.00 ns, 702.5625 ns/op
WorkloadPilot    3: 64 op, 26019.00 ns, 406.5469 ns/op
WorkloadPilot    4: 128 op, 35407.00 ns, 276.6172 ns/op
WorkloadPilot    5: 256 op, 64521.00 ns, 252.0352 ns/op
WorkloadPilot    6: 512 op, 92904.00 ns, 181.4531 ns/op
WorkloadPilot    7: 1024 op, 214142.00 ns, 209.1230 ns/op
WorkloadPilot    8: 2048 op, 371688.00 ns, 181.4883 ns/op
WorkloadPilot    9: 4096 op, 609594.00 ns, 148.8267 ns/op
WorkloadPilot   10: 8192 op, 1302535.00 ns, 159.0009 ns/op
WorkloadPilot   11: 16384 op, 2547973.00 ns, 155.5159 ns/op
WorkloadPilot   12: 32768 op, 5035773.00 ns, 153.6796 ns/op
WorkloadPilot   13: 65536 op, 9849269.00 ns, 150.2879 ns/op
WorkloadPilot   14: 131072 op, 17542352.00 ns, 133.8375 ns/op
WorkloadPilot   15: 262144 op, 24374597.00 ns, 92.9817 ns/op
WorkloadPilot   16: 524288 op, 50932133.00 ns, 97.1453 ns/op
WorkloadPilot   17: 1048576 op, 96545121.00 ns, 92.0726 ns/op
WorkloadPilot   18: 2097152 op, 191199102.00 ns, 91.1708 ns/op
WorkloadPilot   19: 4194304 op, 380756784.00 ns, 90.7795 ns/op
WorkloadPilot   20: 8388608 op, 769824393.00 ns, 91.7702 ns/op

OverheadWarmup   1: 8388608 op, 28057933.00 ns, 3.3448 ns/op
OverheadWarmup   2: 8388608 op, 27910596.00 ns, 3.3272 ns/op
OverheadWarmup   3: 8388608 op, 27733604.00 ns, 3.3061 ns/op
OverheadWarmup   4: 8388608 op, 28049287.00 ns, 3.3437 ns/op
OverheadWarmup   5: 8388608 op, 28317560.00 ns, 3.3757 ns/op
OverheadWarmup   6: 8388608 op, 27846285.00 ns, 3.3195 ns/op
OverheadWarmup   7: 8388608 op, 27744533.00 ns, 3.3074 ns/op
OverheadWarmup   8: 8388608 op, 28027816.00 ns, 3.3412 ns/op
OverheadWarmup   9: 8388608 op, 28084411.00 ns, 3.3479 ns/op
OverheadWarmup  10: 8388608 op, 27714507.00 ns, 3.3038 ns/op

OverheadActual   1: 8388608 op, 27894726.00 ns, 3.3253 ns/op
OverheadActual   2: 8388608 op, 28009191.00 ns, 3.3390 ns/op
OverheadActual   3: 8388608 op, 27824103.00 ns, 3.3169 ns/op
OverheadActual   4: 8388608 op, 28337484.00 ns, 3.3781 ns/op
OverheadActual   5: 8388608 op, 28152690.00 ns, 3.3561 ns/op
OverheadActual   6: 8388608 op, 27773038.00 ns, 3.3108 ns/op
OverheadActual   7: 8388608 op, 28268628.00 ns, 3.3699 ns/op
OverheadActual   8: 8388608 op, 28718552.00 ns, 3.4235 ns/op
OverheadActual   9: 8388608 op, 27799016.00 ns, 3.3139 ns/op
OverheadActual  10: 8388608 op, 28496616.00 ns, 3.3971 ns/op
OverheadActual  11: 8388608 op, 28388292.00 ns, 3.3841 ns/op
OverheadActual  12: 8388608 op, 28791510.00 ns, 3.4322 ns/op
OverheadActual  13: 8388608 op, 27819114.00 ns, 3.3163 ns/op
OverheadActual  14: 8388608 op, 28518226.00 ns, 3.3996 ns/op
OverheadActual  15: 8388608 op, 27843740.00 ns, 3.3192 ns/op

WorkloadWarmup   1: 8388608 op, 778177351.00 ns, 92.7660 ns/op
WorkloadWarmup   2: 8388608 op, 775427565.00 ns, 92.4382 ns/op
WorkloadWarmup   3: 8388608 op, 762492151.00 ns, 90.8961 ns/op

// BeforeActualRun
WorkloadActual   1: 8388608 op, 764620506.00 ns, 91.1499 ns/op
WorkloadActual   2: 8388608 op, 760821484.00 ns, 90.6970 ns/op
WorkloadActual   3: 8388608 op, 771824690.00 ns, 92.0087 ns/op

// AfterActualRun
WorkloadResult   1: 8388608 op, 736467816.00 ns, 87.7938 ns/op
WorkloadResult   2: 8388608 op, 732668794.00 ns, 87.3409 ns/op
WorkloadResult   3: 8388608 op, 743672000.00 ns, 88.6526 ns/op
// GC:  72 0 0 1207959552 8388608
// Threading:  0 0 8388608

// AfterAll
// Benchmark Process 3259 has exited with code 0.

Mean = 87.929 ns, StdErr = 0.385 ns (0.44%), N = 3, StdDev = 0.666 ns
Min = 87.341 ns, Q1 = 87.567 ns, Median = 87.794 ns, Q3 = 88.223 ns, Max = 88.653 ns
IQR = 0.656 ns, LowerFence = 86.584 ns, UpperFence = 89.207 ns
ConfidenceInterval = [75.775 ns; 100.084 ns] (CI 99.9%), Margin = 12.154 ns (13.82% of Mean)
Skewness = 0.19, Kurtosis = 0.67, MValue = 2

// ** Remained 12 (66.7 %) benchmark(s) to run. Estimated finish 2026-10-09 14:21 (0h 2m from now) **
// **************************
// Benchmark: MemoryCacheProviderBenchmarks.GetAsync_CacheMiss: Job-NUBXJZ(IterationCount=20, WarmupCount=5)
// *** Execute ***
// Launch: 1 / 1
// Execute: dotnet Encina.Caching.Memory.Benchmarks-Job-NUBXJZ-1.dll --anonymousPipes 152 153 --benchmarkName Encina.Caching.Memory.Benchmarks.Benchmarks.MemoryCacheProviderBenchmarks.GetAsync_CacheMiss --job "IterationCount=20, WarmupCount=5" --benchmarkId 6 in /home/runner/work/Encina/Encina/tests/Encina.BenchmarkTests/Encina.Caching.Memory.Benchmarks/bin/Release/net10.0/Encina.Caching.Memory.Benchmarks-Job-NUBXJZ-1/bin/Release/net10.0
// Failed to set up high priority (Permission denied). In order to run benchmarks with high priority, make sure you have the right permissions.
// BeforeAnythingElse

// Benchmark Process Environment Information:
// BenchmarkDotNet v0.15.8
// Runtime=.NET 10.0.12 (10.0.12, 10.0.1226.42308), X64 RyuJIT x86-64-v3
// GC=Concurrent Workstation
// HardwareIntrinsics=AVX2+BMI1+BMI2+F16C+FMA+LZCNT+MOVBE,AVX,SSE3+SSSE3+SSE4.1+SSE4.2+POPCNT,X86Base+SSE+SSE2,AES+PCLMUL VectorSize=256
// Job: Job-NUBXJZ(IterationCount=20, WarmupCount=5)

OverheadJitting  1: 1 op, 240031.00 ns, 240.0310 us/op
WorkloadJitting  1: 1 op, 4236674.00 ns, 4.2367 ms/op

OverheadJitting  2: 16 op, 517061.00 ns, 32.3163 us/op
WorkloadJitting  2: 16 op, 513324.00 ns, 32.0828 us/op

WorkloadPilot    1: 16 op, 4108.00 ns, 256.7500 ns/op
WorkloadPilot    2: 32 op, 4128.00 ns, 129.0000 ns/op
WorkloadPilot    3: 64 op, 5781.00 ns, 90.3281 ns/op
WorkloadPilot    4: 128 op, 10449.00 ns, 81.6328 ns/op
WorkloadPilot    5: 256 op, 17092.00 ns, 66.7656 ns/op
WorkloadPilot    6: 512 op, 34314.00 ns, 67.0195 ns/op
WorkloadPilot    7: 1024 op, 66936.00 ns, 65.3672 ns/op
WorkloadPilot    8: 2048 op, 121909.00 ns, 59.5259 ns/op
WorkloadPilot    9: 4096 op, 242535.00 ns, 59.2126 ns/op
WorkloadPilot   10: 8192 op, 509456.00 ns, 62.1895 ns/op
WorkloadPilot   11: 16384 op, 975181.00 ns, 59.5203 ns/op
WorkloadPilot   12: 32768 op, 1953707.00 ns, 59.6224 ns/op
WorkloadPilot   13: 65536 op, 3891105.00 ns, 59.3736 ns/op
WorkloadPilot   14: 131072 op, 7759327.00 ns, 59.1990 ns/op
WorkloadPilot   15: 262144 op, 15462528.00 ns, 58.9849 ns/op
WorkloadPilot   16: 524288 op, 30794953.00 ns, 58.7367 ns/op
WorkloadPilot   17: 1048576 op, 63106282.00 ns, 60.1828 ns/op
WorkloadPilot   18: 2097152 op, 126175254.00 ns, 60.1650 ns/op
WorkloadPilot   19: 4194304 op, 249083436.00 ns, 59.3861 ns/op
WorkloadPilot   20: 8388608 op, 507305557.00 ns, 60.4755 ns/op

OverheadWarmup   1: 8388608 op, 27878858.00 ns, 3.3234 ns/op
OverheadWarmup   2: 8388608 op, 28982140.00 ns, 3.4549 ns/op
OverheadWarmup   3: 8388608 op, 27770776.00 ns, 3.3105 ns/op
OverheadWarmup   4: 8388608 op, 28156609.00 ns, 3.3565 ns/op
OverheadWarmup   5: 8388608 op, 28006668.00 ns, 3.3387 ns/op

OverheadActual   1: 8388608 op, 28173812.00 ns, 3.3586 ns/op
OverheadActual   2: 8388608 op, 28051362.00 ns, 3.3440 ns/op
OverheadActual   3: 8388608 op, 27837610.00 ns, 3.3185 ns/op
OverheadActual   4: 8388608 op, 28313655.00 ns, 3.3753 ns/op
OverheadActual   5: 8388608 op, 27985728.00 ns, 3.3362 ns/op
OverheadActual   6: 8388608 op, 28500435.00 ns, 3.3975 ns/op
OverheadActual   7: 8388608 op, 27815410.00 ns, 3.3159 ns/op
OverheadActual   8: 8388608 op, 27838322.00 ns, 3.3186 ns/op
OverheadActual   9: 8388608 op, 28548395.00 ns, 3.4032 ns/op
OverheadActual  10: 8388608 op, 27930546.00 ns, 3.3296 ns/op
OverheadActual  11: 8388608 op, 28420895.00 ns, 3.3880 ns/op
OverheadActual  12: 8388608 op, 38074939.00 ns, 4.5389 ns/op
OverheadActual  13: 8388608 op, 28873105.00 ns, 3.4419 ns/op
OverheadActual  14: 8388608 op, 27772970.00 ns, 3.3108 ns/op
OverheadActual  15: 8388608 op, 29254180.00 ns, 3.4874 ns/op

WorkloadWarmup   1: 8388608 op, 504767272.00 ns, 60.1729 ns/op
WorkloadWarmup   2: 8388608 op, 501292899.00 ns, 59.7588 ns/op
WorkloadWarmup   3: 8388608 op, 500307817.00 ns, 59.6413 ns/op
WorkloadWarmup   4: 8388608 op, 499736014.00 ns, 59.5732 ns/op
WorkloadWarmup   5: 8388608 op, 493031127.00 ns, 58.7739 ns/op

// BeforeActualRun
WorkloadActual   1: 8388608 op, 493073766.00 ns, 58.7790 ns/op
WorkloadActual   2: 8388608 op, 492922723.00 ns, 58.7610 ns/op
WorkloadActual   3: 8388608 op, 498155747.00 ns, 59.3848 ns/op
WorkloadActual   4: 8388608 op, 495852553.00 ns, 59.1102 ns/op
WorkloadActual   5: 8388608 op, 496109496.00 ns, 59.1409 ns/op
WorkloadActual   6: 8388608 op, 496449170.00 ns, 59.1814 ns/op
WorkloadActual   7: 8388608 op, 498350874.00 ns, 59.4081 ns/op
WorkloadActual   8: 8388608 op, 499595410.00 ns, 59.5564 ns/op
WorkloadActual   9: 8388608 op, 500604084.00 ns, 59.6767 ns/op
WorkloadActual  10: 8388608 op, 502712933.00 ns, 59.9281 ns/op
WorkloadActual  11: 8388608 op, 499258077.00 ns, 59.5162 ns/op
WorkloadActual  12: 8388608 op, 497640921.00 ns, 59.3234 ns/op
WorkloadActual  13: 8388608 op, 493874920.00 ns, 58.8745 ns/op
WorkloadActual  14: 8388608 op, 493854664.00 ns, 58.8721 ns/op
WorkloadActual  15: 8388608 op, 498233835.00 ns, 59.3941 ns/op
WorkloadActual  16: 8388608 op, 504175659.00 ns, 60.1024 ns/op
WorkloadActual  17: 8388608 op, 502199870.00 ns, 59.8669 ns/op
WorkloadActual  18: 8388608 op, 504054121.00 ns, 60.0879 ns/op
WorkloadActual  19: 8388608 op, 507637018.00 ns, 60.5150 ns/op
WorkloadActual  20: 8388608 op, 503627941.00 ns, 60.0371 ns/op

// AfterActualRun
WorkloadResult   1: 8388608 op, 464899954.00 ns, 55.4204 ns/op
WorkloadResult   2: 8388608 op, 464748911.00 ns, 55.4024 ns/op
WorkloadResult   3: 8388608 op, 469981935.00 ns, 56.0262 ns/op
WorkloadResult   4: 8388608 op, 467678741.00 ns, 55.7517 ns/op
WorkloadResult   5: 8388608 op, 467935684.00 ns, 55.7823 ns/op
WorkloadResult   6: 8388608 op, 468275358.00 ns, 55.8228 ns/op
WorkloadResult   7: 8388608 op, 470177062.00 ns, 56.0495 ns/op
WorkloadResult   8: 8388608 op, 471421598.00 ns, 56.1978 ns/op
WorkloadResult   9: 8388608 op, 472430272.00 ns, 56.3181 ns/op
WorkloadResult  10: 8388608 op, 474539121.00 ns, 56.5695 ns/op
WorkloadResult  11: 8388608 op, 471084265.00 ns, 56.1576 ns/op
WorkloadResult  12: 8388608 op, 469467109.00 ns, 55.9648 ns/op
WorkloadResult  13: 8388608 op, 465701108.00 ns, 55.5159 ns/op
WorkloadResult  14: 8388608 op, 465680852.00 ns, 55.5135 ns/op
WorkloadResult  15: 8388608 op, 470060023.00 ns, 56.0355 ns/op
WorkloadResult  16: 8388608 op, 476001847.00 ns, 56.7438 ns/op
WorkloadResult  17: 8388608 op, 474026058.00 ns, 56.5083 ns/op
WorkloadResult  18: 8388608 op, 475880309.00 ns, 56.7294 ns/op
WorkloadResult  19: 8388608 op, 479463206.00 ns, 57.1565 ns/op
WorkloadResult  20: 8388608 op, 475454129.00 ns, 56.6785 ns/op
// GC:  0 0 0 0 8388608
// Threading:  0 0 8388608

// AfterAll
// Benchmark Process 3267 has exited with code 0.

Mean = 56.117 ns, StdErr = 0.111 ns (0.20%), N = 20, StdDev = 0.496 ns
Min = 55.402 ns, Q1 = 55.775 ns, Median = 56.042 ns, Q3 = 56.524 ns, Max = 57.156 ns
IQR = 0.749 ns, LowerFence = 54.651 ns, UpperFence = 57.647 ns
ConfidenceInterval = [55.687 ns; 56.548 ns] (CI 99.9%), Margin = 0.430 ns (0.77% of Mean)
Skewness = 0.28, Kurtosis = 2.01, MValue = 2

// ** Remained 11 (61.1 %) benchmark(s) to run. Estimated finish 2026-10-09 14:21 (0h 2m from now) **
// **************************
// Benchmark: MemoryCacheProviderBenchmarks.GetAsync_CacheMiss: ShortRun(IterationCount=3, LaunchCount=1, WarmupCount=3)
// *** Execute ***
// Launch: 1 / 1
// Execute: dotnet Encina.Caching.Memory.Benchmarks-Job-NUBXJZ-1.dll --anonymousPipes 152 153 --benchmarkName Encina.Caching.Memory.Benchmarks.Benchmarks.MemoryCacheProviderBenchmarks.GetAsync_CacheMiss --job ShortRun --benchmarkId 7 in /home/runner/work/Encina/Encina/tests/Encina.BenchmarkTests/Encina.Caching.Memory.Benchmarks/bin/Release/net10.0/Encina.Caching.Memory.Benchmarks-Job-NUBXJZ-1/bin/Release/net10.0
// Failed to set up high priority (Permission denied). In order to run benchmarks with high priority, make sure you have the right permissions.
// BeforeAnythingElse

// Benchmark Process Environment Information:
// BenchmarkDotNet v0.15.8
// Runtime=.NET 10.0.12 (10.0.12, 10.0.1226.42308), X64 RyuJIT x86-64-v3
// GC=Concurrent Workstation
// HardwareIntrinsics=AVX2+BMI1+BMI2+F16C+FMA+LZCNT+MOVBE,AVX,SSE3+SSSE3+SSE4.1+SSE4.2+POPCNT,X86Base+SSE+SSE2,AES+PCLMUL VectorSize=256
// Job: ShortRun(IterationCount=3, LaunchCount=1, WarmupCount=3)

OverheadJitting  1: 1 op, 243257.00 ns, 243.2570 us/op
WorkloadJitting  1: 1 op, 4199895.00 ns, 4.1999 ms/op

OverheadJitting  2: 16 op, 533582.00 ns, 33.3489 us/op
WorkloadJitting  2: 16 op, 536157.00 ns, 33.5098 us/op

WorkloadPilot    1: 16 op, 3296.00 ns, 206.0000 ns/op
WorkloadPilot    2: 32 op, 3937.00 ns, 123.0313 ns/op
WorkloadPilot    3: 64 op, 5701.00 ns, 89.0781 ns/op
WorkloadPilot    4: 128 op, 10119.00 ns, 79.0547 ns/op
WorkloadPilot    5: 256 op, 18004.00 ns, 70.3281 ns/op
WorkloadPilot    6: 512 op, 34004.00 ns, 66.4141 ns/op
WorkloadPilot    7: 1024 op, 66494.00 ns, 64.9355 ns/op
WorkloadPilot    8: 2048 op, 131126.00 ns, 64.0264 ns/op
WorkloadPilot    9: 4096 op, 259578.00 ns, 63.3735 ns/op
WorkloadPilot   10: 8192 op, 520257.00 ns, 63.5079 ns/op
WorkloadPilot   11: 16384 op, 1055992.00 ns, 64.4526 ns/op
WorkloadPilot   12: 32768 op, 2166908.00 ns, 66.1288 ns/op
WorkloadPilot   13: 65536 op, 4257723.00 ns, 64.9677 ns/op
WorkloadPilot   14: 131072 op, 8386614.00 ns, 63.9848 ns/op
WorkloadPilot   15: 262144 op, 15038232.00 ns, 57.3663 ns/op
WorkloadPilot   16: 524288 op, 30449774.00 ns, 58.0783 ns/op
WorkloadPilot   17: 1048576 op, 60282019.00 ns, 57.4894 ns/op
WorkloadPilot   18: 2097152 op, 119265159.00 ns, 56.8701 ns/op
WorkloadPilot   19: 4194304 op, 239826972.00 ns, 57.1792 ns/op
WorkloadPilot   20: 8388608 op, 478387096.00 ns, 57.0282 ns/op
WorkloadPilot   21: 16777216 op, 958305497.00 ns, 57.1195 ns/op

OverheadWarmup   1: 16777216 op, 55833938.00 ns, 3.3280 ns/op
OverheadWarmup   2: 16777216 op, 56119394.00 ns, 3.3450 ns/op
OverheadWarmup   3: 16777216 op, 55956909.00 ns, 3.3353 ns/op
OverheadWarmup   4: 16777216 op, 56262704.00 ns, 3.3535 ns/op
OverheadWarmup   5: 16777216 op, 56119645.00 ns, 3.3450 ns/op

OverheadActual   1: 16777216 op, 56224431.00 ns, 3.3512 ns/op
OverheadActual   2: 16777216 op, 55835461.00 ns, 3.3281 ns/op
OverheadActual   3: 16777216 op, 56232657.00 ns, 3.3517 ns/op
OverheadActual   4: 16777216 op, 56143129.00 ns, 3.3464 ns/op
OverheadActual   5: 16777216 op, 55922444.00 ns, 3.3332 ns/op
OverheadActual   6: 16777216 op, 55982196.00 ns, 3.3368 ns/op
OverheadActual   7: 16777216 op, 56316223.00 ns, 3.3567 ns/op
OverheadActual   8: 16777216 op, 56048902.00 ns, 3.3408 ns/op
OverheadActual   9: 16777216 op, 55819471.00 ns, 3.3271 ns/op
OverheadActual  10: 16777216 op, 56243818.00 ns, 3.3524 ns/op
OverheadActual  11: 16777216 op, 55879714.00 ns, 3.3307 ns/op
OverheadActual  12: 16777216 op, 55760040.00 ns, 3.3236 ns/op
OverheadActual  13: 16777216 op, 55572578.00 ns, 3.3124 ns/op
OverheadActual  14: 16777216 op, 56106439.00 ns, 3.3442 ns/op
OverheadActual  15: 16777216 op, 55496997.00 ns, 3.3079 ns/op

WorkloadWarmup   1: 16777216 op, 954981084.00 ns, 56.9213 ns/op
WorkloadWarmup   2: 16777216 op, 959938277.00 ns, 57.2168 ns/op
WorkloadWarmup   3: 16777216 op, 958192390.00 ns, 57.1127 ns/op

// BeforeActualRun
WorkloadActual   1: 16777216 op, 950771709.00 ns, 56.6704 ns/op
WorkloadActual   2: 16777216 op, 953290137.00 ns, 56.8205 ns/op
WorkloadActual   3: 16777216 op, 951447038.00 ns, 56.7107 ns/op

// AfterActualRun
WorkloadResult   1: 16777216 op, 894789513.00 ns, 53.3336 ns/op
WorkloadResult   2: 16777216 op, 897307941.00 ns, 53.4837 ns/op
WorkloadResult   3: 16777216 op, 895464842.00 ns, 53.3739 ns/op
// GC:  0 0 0 0 16777216
// Threading:  0 0 16777216

// AfterAll
// Benchmark Process 3279 has exited with code 0.

Mean = 53.397 ns, StdErr = 0.045 ns (0.08%), N = 3, StdDev = 0.078 ns
Min = 53.334 ns, Q1 = 53.354 ns, Median = 53.374 ns, Q3 = 53.429 ns, Max = 53.484 ns
IQR = 0.075 ns, LowerFence = 53.241 ns, UpperFence = 53.541 ns
ConfidenceInterval = [51.980 ns; 54.815 ns] (CI 99.9%), Margin = 1.418 ns (2.65% of Mean)
Skewness = 0.27, Kurtosis = 0.67, MValue = 2

// ** Remained 10 (55.6 %) benchmark(s) to run. Estimated finish 2026-10-09 14:21 (0h 2m from now) **
// **************************
// Benchmark: MemoryCacheProviderBenchmarks.GetOrSetAsync_CacheHit: Job-NUBXJZ(IterationCount=20, WarmupCount=5)
// *** Execute ***
// Launch: 1 / 1
// Execute: dotnet Encina.Caching.Memory.Benchmarks-Job-NUBXJZ-1.dll --anonymousPipes 152 153 --benchmarkName Encina.Caching.Memory.Benchmarks.Benchmarks.MemoryCacheProviderBenchmarks.GetOrSetAsync_CacheHit --job "IterationCount=20, WarmupCount=5" --benchmarkId 8 in /home/runner/work/Encina/Encina/tests/Encina.BenchmarkTests/Encina.Caching.Memory.Benchmarks/bin/Release/net10.0/Encina.Caching.Memory.Benchmarks-Job-NUBXJZ-1/bin/Release/net10.0
// Failed to set up high priority (Permission denied). In order to run benchmarks with high priority, make sure you have the right permissions.
// BeforeAnythingElse

// Benchmark Process Environment Information:
// BenchmarkDotNet v0.15.8
// Runtime=.NET 10.0.12 (10.0.12, 10.0.1226.42308), X64 RyuJIT x86-64-v3
// GC=Concurrent Workstation
// HardwareIntrinsics=AVX2+BMI1+BMI2+F16C+FMA+LZCNT+MOVBE,AVX,SSE3+SSSE3+SSE4.1+SSE4.2+POPCNT,X86Base+SSE+SSE2,AES+PCLMUL VectorSize=256
// Job: Job-NUBXJZ(IterationCount=20, WarmupCount=5)

OverheadJitting  1: 1 op, 263655.00 ns, 263.6550 us/op
WorkloadJitting  1: 1 op, 6740685.00 ns, 6.7407 ms/op

OverheadJitting  2: 16 op, 471957.00 ns, 29.4973 us/op
WorkloadJitting  2: 16 op, 566654.00 ns, 35.4159 us/op

WorkloadPilot    1: 16 op, 24506.00 ns, 1.5316 us/op
WorkloadPilot    2: 32 op, 25297.00 ns, 790.5313 ns/op
WorkloadPilot    3: 64 op, 41508.00 ns, 648.5625 ns/op
WorkloadPilot    4: 128 op, 48691.00 ns, 380.3984 ns/op
WorkloadPilot    5: 256 op, 83838.00 ns, 327.4922 ns/op
WorkloadPilot    6: 512 op, 156494.00 ns, 305.6523 ns/op
WorkloadPilot    7: 1024 op, 235411.00 ns, 229.8936 ns/op
WorkloadPilot    8: 2048 op, 478598.00 ns, 233.6904 ns/op
WorkloadPilot    9: 4096 op, 1194753.00 ns, 291.6877 ns/op
WorkloadPilot   10: 8192 op, 1960200.00 ns, 239.2822 ns/op
WorkloadPilot   11: 16384 op, 4005680.00 ns, 244.4873 ns/op
WorkloadPilot   12: 32768 op, 8322424.00 ns, 253.9802 ns/op
WorkloadPilot   13: 65536 op, 15704022.00 ns, 239.6244 ns/op
WorkloadPilot   14: 131072 op, 18492506.00 ns, 141.0866 ns/op
WorkloadPilot   15: 262144 op, 36529315.00 ns, 139.3483 ns/op
WorkloadPilot   16: 524288 op, 72628226.00 ns, 138.5273 ns/op
WorkloadPilot   17: 1048576 op, 146617859.00 ns, 139.8257 ns/op
WorkloadPilot   18: 2097152 op, 293663830.00 ns, 140.0298 ns/op
WorkloadPilot   19: 4194304 op, 579067794.00 ns, 138.0605 ns/op

OverheadWarmup   1: 4194304 op, 13951481.00 ns, 3.3263 ns/op
OverheadWarmup   2: 4194304 op, 13962582.00 ns, 3.3289 ns/op
OverheadWarmup   3: 4194304 op, 13927186.00 ns, 3.3205 ns/op
OverheadWarmup   4: 4194304 op, 13901066.00 ns, 3.3143 ns/op
OverheadWarmup   5: 4194304 op, 13929700.00 ns, 3.3211 ns/op
OverheadWarmup   6: 4194304 op, 14363495.00 ns, 3.4245 ns/op
OverheadWarmup   7: 4194304 op, 13914101.00 ns, 3.3174 ns/op

OverheadActual   1: 4194304 op, 13949958.00 ns, 3.3259 ns/op
OverheadActual   2: 4194304 op, 13878174.00 ns, 3.3088 ns/op
OverheadActual   3: 4194304 op, 13954617.00 ns, 3.3270 ns/op
OverheadActual   4: 4194304 op, 13885928.00 ns, 3.3107 ns/op
OverheadActual   5: 4194304 op, 13891108.00 ns, 3.3119 ns/op
OverheadActual   6: 4194304 op, 13864017.00 ns, 3.3054 ns/op
OverheadActual   7: 4194304 op, 13878214.00 ns, 3.3088 ns/op
OverheadActual   8: 4194304 op, 13887241.00 ns, 3.3110 ns/op
OverheadActual   9: 4194304 op, 13869518.00 ns, 3.3068 ns/op
OverheadActual  10: 4194304 op, 13863065.00 ns, 3.3052 ns/op
OverheadActual  11: 4194304 op, 13919962.00 ns, 3.3188 ns/op
OverheadActual  12: 4194304 op, 13919041.00 ns, 3.3186 ns/op
OverheadActual  13: 4194304 op, 13849349.00 ns, 3.3019 ns/op
OverheadActual  14: 4194304 op, 13864859.00 ns, 3.3056 ns/op
OverheadActual  15: 4194304 op, 13867444.00 ns, 3.3063 ns/op

WorkloadWarmup   1: 4194304 op, 584848765.00 ns, 139.4388 ns/op
WorkloadWarmup   2: 4194304 op, 579712932.00 ns, 138.2143 ns/op
WorkloadWarmup   3: 4194304 op, 584776216.00 ns, 139.4215 ns/op
WorkloadWarmup   4: 4194304 op, 575439311.00 ns, 137.1954 ns/op
WorkloadWarmup   5: 4194304 op, 571652313.00 ns, 136.2925 ns/op

// BeforeActualRun
WorkloadActual   1: 4194304 op, 594324469.00 ns, 141.6980 ns/op
WorkloadActual   2: 4194304 op, 591600707.00 ns, 141.0486 ns/op
WorkloadActual   3: 4194304 op, 587791219.00 ns, 140.1403 ns/op
WorkloadActual   4: 4194304 op, 577249831.00 ns, 137.6271 ns/op
WorkloadActual   5: 4194304 op, 579642822.00 ns, 138.1976 ns/op
WorkloadActual   6: 4194304 op, 575149587.00 ns, 137.1263 ns/op
WorkloadActual   7: 4194304 op, 574790302.00 ns, 137.0407 ns/op
WorkloadActual   8: 4194304 op, 577921971.00 ns, 137.7873 ns/op
WorkloadActual   9: 4194304 op, 576256448.00 ns, 137.3902 ns/op
WorkloadActual  10: 4194304 op, 576438550.00 ns, 137.4337 ns/op
WorkloadActual  11: 4194304 op, 579493664.00 ns, 138.1621 ns/op
WorkloadActual  12: 4194304 op, 582637754.00 ns, 138.9117 ns/op
WorkloadActual  13: 4194304 op, 580858936.00 ns, 138.4876 ns/op
WorkloadActual  14: 4194304 op, 580655333.00 ns, 138.4390 ns/op
WorkloadActual  15: 4194304 op, 583305838.00 ns, 139.0709 ns/op
WorkloadActual  16: 4194304 op, 577393382.00 ns, 137.6613 ns/op
WorkloadActual  17: 4194304 op, 580650595.00 ns, 138.4379 ns/op
WorkloadActual  18: 4194304 op, 573648915.00 ns, 136.7686 ns/op
WorkloadActual  19: 4194304 op, 576718015.00 ns, 137.5003 ns/op
WorkloadActual  20: 4194304 op, 571791490.00 ns, 136.3257 ns/op

// AfterActualRun
WorkloadResult   1: 4194304 op, 573913005.00 ns, 136.8315 ns/op
WorkloadResult   2: 4194304 op, 563371617.00 ns, 134.3183 ns/op
WorkloadResult   3: 4194304 op, 565764608.00 ns, 134.8888 ns/op
WorkloadResult   4: 4194304 op, 561271373.00 ns, 133.8175 ns/op
WorkloadResult   5: 4194304 op, 560912088.00 ns, 133.7319 ns/op
WorkloadResult   6: 4194304 op, 564043757.00 ns, 134.4785 ns/op
WorkloadResult   7: 4194304 op, 562378234.00 ns, 134.0814 ns/op
WorkloadResult   8: 4194304 op, 562560336.00 ns, 134.1248 ns/op
WorkloadResult   9: 4194304 op, 565615450.00 ns, 134.8532 ns/op
WorkloadResult  10: 4194304 op, 568759540.00 ns, 135.6028 ns/op
WorkloadResult  11: 4194304 op, 566980722.00 ns, 135.1787 ns/op
WorkloadResult  12: 4194304 op, 566777119.00 ns, 135.1302 ns/op
WorkloadResult  13: 4194304 op, 569427624.00 ns, 135.7621 ns/op
WorkloadResult  14: 4194304 op, 563515168.00 ns, 134.3525 ns/op
WorkloadResult  15: 4194304 op, 566772381.00 ns, 135.1291 ns/op
WorkloadResult  16: 4194304 op, 559770701.00 ns, 133.4597 ns/op
WorkloadResult  17: 4194304 op, 562839801.00 ns, 134.1915 ns/op
WorkloadResult  18: 4194304 op, 557913276.00 ns, 133.0169 ns/op
// GC:  70 0 0 1174405120 4194304
// Threading:  0 0 4194304

// AfterAll
// Benchmark Process 3286 has exited with code 0.

Mean = 134.608 ns, StdErr = 0.217 ns (0.16%), N = 18, StdDev = 0.919 ns
Min = 133.017 ns, Q1 = 134.092 ns, Median = 134.415 ns, Q3 = 135.130 ns, Max = 136.832 ns
IQR = 1.038 ns, LowerFence = 132.536 ns, UpperFence = 136.686 ns
ConfidenceInterval = [133.749 ns; 135.467 ns] (CI 99.9%), Margin = 0.859 ns (0.64% of Mean)
Skewness = 0.5, Kurtosis = 2.86, MValue = 2

// ** Remained 9 (50.0 %) benchmark(s) to run. Estimated finish 2026-10-09 14:21 (0h 2m from now) **
// **************************
// Benchmark: MemoryCacheProviderBenchmarks.GetOrSetAsync_CacheHit: ShortRun(IterationCount=3, LaunchCount=1, WarmupCount=3)
// *** Execute ***
// Launch: 1 / 1
// Execute: dotnet Encina.Caching.Memory.Benchmarks-Job-NUBXJZ-1.dll --anonymousPipes 152 153 --benchmarkName Encina.Caching.Memory.Benchmarks.Benchmarks.MemoryCacheProviderBenchmarks.GetOrSetAsync_CacheHit --job ShortRun --benchmarkId 9 in /home/runner/work/Encina/Encina/tests/Encina.BenchmarkTests/Encina.Caching.Memory.Benchmarks/bin/Release/net10.0/Encina.Caching.Memory.Benchmarks-Job-NUBXJZ-1/bin/Release/net10.0
// Failed to set up high priority (Permission denied). In order to run benchmarks with high priority, make sure you have the right permissions.
// BeforeAnythingElse

// Benchmark Process Environment Information:
// BenchmarkDotNet v0.15.8
// Runtime=.NET 10.0.12 (10.0.12, 10.0.1226.42308), X64 RyuJIT x86-64-v3
// GC=Concurrent Workstation
// HardwareIntrinsics=AVX2+BMI1+BMI2+F16C+FMA+LZCNT+MOVBE,AVX,SSE3+SSSE3+SSE4.1+SSE4.2+POPCNT,X86Base+SSE+SSE2,AES+PCLMUL VectorSize=256
// Job: ShortRun(IterationCount=3, LaunchCount=1, WarmupCount=3)

OverheadJitting  1: 1 op, 260940.00 ns, 260.9400 us/op
WorkloadJitting  1: 1 op, 6579091.00 ns, 6.5791 ms/op

OverheadJitting  2: 16 op, 492234.00 ns, 30.7646 us/op
WorkloadJitting  2: 16 op, 567215.00 ns, 35.4509 us/op

WorkloadPilot    1: 16 op, 35607.00 ns, 2.2254 us/op
WorkloadPilot    2: 32 op, 30087.00 ns, 940.2188 ns/op
WorkloadPilot    3: 64 op, 41378.00 ns, 646.5313 ns/op
WorkloadPilot    4: 128 op, 91511.00 ns, 714.9297 ns/op
WorkloadPilot    5: 256 op, 103895.00 ns, 405.8398 ns/op
WorkloadPilot    6: 512 op, 161273.00 ns, 314.9863 ns/op
WorkloadPilot    7: 1024 op, 303450.00 ns, 296.3379 ns/op
WorkloadPilot    8: 2048 op, 499568.00 ns, 243.9297 ns/op
WorkloadPilot    9: 4096 op, 1082522.00 ns, 264.2876 ns/op
WorkloadPilot   10: 8192 op, 1997740.00 ns, 243.8647 ns/op
WorkloadPilot   11: 16384 op, 4019105.00 ns, 245.3067 ns/op
WorkloadPilot   12: 32768 op, 7751170.00 ns, 236.5469 ns/op
WorkloadPilot   13: 65536 op, 15362920.00 ns, 234.4196 ns/op
WorkloadPilot   14: 131072 op, 17910653.00 ns, 136.6474 ns/op
WorkloadPilot   15: 262144 op, 35757425.00 ns, 136.4038 ns/op
WorkloadPilot   16: 524288 op, 73306263.00 ns, 139.8206 ns/op
WorkloadPilot   17: 1048576 op, 145336481.00 ns, 138.6037 ns/op
WorkloadPilot   18: 2097152 op, 285415052.00 ns, 136.0965 ns/op
WorkloadPilot   19: 4194304 op, 568771186.00 ns, 135.6056 ns/op

OverheadWarmup   1: 4194304 op, 13898524.00 ns, 3.3137 ns/op
OverheadWarmup   2: 4194304 op, 13906780.00 ns, 3.3156 ns/op
OverheadWarmup   3: 4194304 op, 13971470.00 ns, 3.3311 ns/op
OverheadWarmup   4: 4194304 op, 13916378.00 ns, 3.3179 ns/op
OverheadWarmup   5: 4194304 op, 13912239.00 ns, 3.3169 ns/op
OverheadWarmup   6: 4194304 op, 13978674.00 ns, 3.3328 ns/op
OverheadWarmup   7: 4194304 op, 13882684.00 ns, 3.3099 ns/op

OverheadActual   1: 4194304 op, 14031022.00 ns, 3.3453 ns/op
OverheadActual   2: 4194304 op, 13934141.00 ns, 3.3222 ns/op
OverheadActual   3: 4194304 op, 13962264.00 ns, 3.3289 ns/op
OverheadActual   4: 4194304 op, 14107155.00 ns, 3.3634 ns/op
OverheadActual   5: 4194304 op, 13918411.00 ns, 3.3184 ns/op
OverheadActual   6: 4194304 op, 13870020.00 ns, 3.3069 ns/op
OverheadActual   7: 4194304 op, 13861905.00 ns, 3.3049 ns/op
OverheadActual   8: 4194304 op, 13872906.00 ns, 3.3076 ns/op
OverheadActual   9: 4194304 op, 13887824.00 ns, 3.3111 ns/op
OverheadActual  10: 4194304 op, 13870943.00 ns, 3.3071 ns/op
OverheadActual  11: 4194304 op, 13888755.00 ns, 3.3113 ns/op
OverheadActual  12: 4194304 op, 13932097.00 ns, 3.3217 ns/op
OverheadActual  13: 4194304 op, 13875080.00 ns, 3.3081 ns/op
OverheadActual  14: 4194304 op, 13928099.00 ns, 3.3207 ns/op
OverheadActual  15: 4194304 op, 15226774.00 ns, 3.6303 ns/op

WorkloadWarmup   1: 4194304 op, 581381877.00 ns, 138.6122 ns/op
WorkloadWarmup   2: 4194304 op, 587539500.00 ns, 140.0803 ns/op
WorkloadWarmup   3: 4194304 op, 581746370.00 ns, 138.6991 ns/op

// BeforeActualRun
WorkloadActual   1: 4194304 op, 592313720.00 ns, 141.2186 ns/op
WorkloadActual   2: 4194304 op, 580001689.00 ns, 138.2832 ns/op
WorkloadActual   3: 4194304 op, 581776327.00 ns, 138.7063 ns/op

// AfterActualRun
WorkloadResult   1: 4194304 op, 578395309.00 ns, 137.9002 ns/op
WorkloadResult   2: 4194304 op, 566083278.00 ns, 134.9648 ns/op
WorkloadResult   3: 4194304 op, 567857916.00 ns, 135.3879 ns/op
// GC:  70 0 0 1174405120 4194304
// Threading:  0 0 4194304

// AfterAll
// Benchmark Process 3299 has exited with code 0.

Mean = 136.084 ns, StdErr = 0.916 ns (0.67%), N = 3, StdDev = 1.587 ns
Min = 134.965 ns, Q1 = 135.176 ns, Median = 135.388 ns, Q3 = 136.644 ns, Max = 137.900 ns
IQR = 1.468 ns, LowerFence = 132.975 ns, UpperFence = 138.846 ns
ConfidenceInterval = [107.135 ns; 165.033 ns] (CI 99.9%), Margin = 28.949 ns (21.27% of Mean)
Skewness = 0.35, Kurtosis = 0.67, MValue = 2

// ** Remained 8 (44.4 %) benchmark(s) to run. Estimated finish 2026-10-09 14:21 (0h 1m from now) **
// **************************
// Benchmark: MemoryCacheProviderBenchmarks.GetOrSetAsync_CacheMiss: Job-NUBXJZ(IterationCount=20, WarmupCount=5)
// *** Execute ***
// Launch: 1 / 1
// Execute: dotnet Encina.Caching.Memory.Benchmarks-Job-NUBXJZ-1.dll --anonymousPipes 152 153 --benchmarkName Encina.Caching.Memory.Benchmarks.Benchmarks.MemoryCacheProviderBenchmarks.GetOrSetAsync_CacheMiss --job "IterationCount=20, WarmupCount=5" --benchmarkId 10 in /home/runner/work/Encina/Encina/tests/Encina.BenchmarkTests/Encina.Caching.Memory.Benchmarks/bin/Release/net10.0/Encina.Caching.Memory.Benchmarks-Job-NUBXJZ-1/bin/Release/net10.0
// Failed to set up high priority (Permission denied). In order to run benchmarks with high priority, make sure you have the right permissions.
// BeforeAnythingElse

// Benchmark Process Environment Information:
// BenchmarkDotNet v0.15.8
// Runtime=.NET 10.0.12 (10.0.12, 10.0.1226.42308), X64 RyuJIT x86-64-v3
// GC=Concurrent Workstation
// HardwareIntrinsics=AVX2+BMI1+BMI2+F16C+FMA+LZCNT+MOVBE,AVX,SSE3+SSSE3+SSE4.1+SSE4.2+POPCNT,X86Base+SSE+SSE2,AES+PCLMUL VectorSize=256
// Job: Job-NUBXJZ(IterationCount=20, WarmupCount=5)

OverheadJitting  1: 1 op, 244539.00 ns, 244.5390 us/op
WorkloadJitting  1: 1 op, 12443639.00 ns, 12.4436 ms/op

OverheadJitting  2: 16 op, 518483.00 ns, 32.4052 us/op
WorkloadJitting  2: 16 op, 545554.00 ns, 34.0971 us/op

WorkloadPilot    1: 16 op, 171703.00 ns, 10.7314 us/op
WorkloadPilot    2: 32 op, 122390.00 ns, 3.8247 us/op
WorkloadPilot    3: 64 op, 245561.00 ns, 3.8369 us/op
WorkloadPilot    4: 128 op, 301366.00 ns, 2.3544 us/op
WorkloadPilot    5: 256 op, 798510.00 ns, 3.1192 us/op
WorkloadPilot    6: 512 op, 1056263.00 ns, 2.0630 us/op
WorkloadPilot    7: 1024 op, 3035679.00 ns, 2.9645 us/op
WorkloadPilot    8: 2048 op, 5678499.00 ns, 2.7727 us/op
WorkloadPilot    9: 4096 op, 10989048.00 ns, 2.6829 us/op
WorkloadPilot   10: 8192 op, 17489180.00 ns, 2.1349 us/op
WorkloadPilot   11: 16384 op, 66623642.00 ns, 4.0664 us/op
WorkloadPilot   12: 32768 op, 154647495.00 ns, 4.7195 us/op
WorkloadPilot   13: 65536 op, 295371215.00 ns, 4.5070 us/op
WorkloadPilot   14: 131072 op, 519444462.00 ns, 3.9630 us/op

OverheadWarmup   1: 131072 op, 495180.00 ns, 3.7779 ns/op
OverheadWarmup   2: 131072 op, 495229.00 ns, 3.7783 ns/op
OverheadWarmup   3: 131072 op, 569368.00 ns, 4.3439 ns/op
OverheadWarmup   4: 131072 op, 537849.00 ns, 4.1035 ns/op
OverheadWarmup   5: 131072 op, 476574.00 ns, 3.6360 ns/op
OverheadWarmup   6: 131072 op, 491382.00 ns, 3.7489 ns/op
OverheadWarmup   7: 131072 op, 553408.00 ns, 4.2222 ns/op
OverheadWarmup   8: 131072 op, 466024.00 ns, 3.5555 ns/op

OverheadActual   1: 131072 op, 545103.00 ns, 4.1588 ns/op
OverheadActual   2: 131072 op, 606959.00 ns, 4.6307 ns/op
OverheadActual   3: 131072 op, 466615.00 ns, 3.5600 ns/op
OverheadActual   4: 131072 op, 459402.00 ns, 3.5050 ns/op
OverheadActual   5: 131072 op, 536907.00 ns, 4.0963 ns/op
OverheadActual   6: 131072 op, 490851.00 ns, 3.7449 ns/op
OverheadActual   7: 131072 op, 549832.00 ns, 4.1949 ns/op
OverheadActual   8: 131072 op, 444043.00 ns, 3.3878 ns/op
OverheadActual   9: 131072 op, 587823.00 ns, 4.4847 ns/op
OverheadActual  10: 131072 op, 446078.00 ns, 3.4033 ns/op
OverheadActual  11: 131072 op, 480588.00 ns, 3.6666 ns/op
OverheadActual  12: 131072 op, 536052.00 ns, 4.0898 ns/op
OverheadActual  13: 131072 op, 465059.00 ns, 3.5481 ns/op
OverheadActual  14: 131072 op, 495676.00 ns, 3.7817 ns/op
OverheadActual  15: 131072 op, 431750.00 ns, 3.2940 ns/op
OverheadActual  16: 131072 op, 481093.00 ns, 3.6704 ns/op
OverheadActual  17: 131072 op, 553389.00 ns, 4.2220 ns/op
OverheadActual  18: 131072 op, 536026.00 ns, 4.0896 ns/op
OverheadActual  19: 131072 op, 605176.00 ns, 4.6171 ns/op
OverheadActual  20: 131072 op, 561294.00 ns, 4.2823 ns/op

WorkloadWarmup   1: 131072 op, 723124123.00 ns, 5.5170 us/op
WorkloadWarmup   2: 131072 op, 586104663.00 ns, 4.4716 us/op
WorkloadWarmup   3: 131072 op, 963612608.00 ns, 7.3518 us/op
WorkloadWarmup   4: 131072 op, 628392079.00 ns, 4.7943 us/op
WorkloadWarmup   5: 131072 op, 621283100.00 ns, 4.7400 us/op

// BeforeActualRun
WorkloadActual   1: 131072 op, 665669052.00 ns, 5.0787 us/op
WorkloadActual   2: 131072 op, 641005822.00 ns, 4.8905 us/op
WorkloadActual   3: 131072 op, 1476972039.00 ns, 11.2684 us/op
WorkloadActual   4: 131072 op, 704849266.00 ns, 5.3776 us/op
WorkloadActual   5: 131072 op, 782838246.00 ns, 5.9726 us/op
WorkloadActual   6: 131072 op, 743156500.00 ns, 5.6698 us/op
WorkloadActual   7: 131072 op, 719313934.00 ns, 5.4879 us/op
WorkloadActual   8: 131072 op, 688160820.00 ns, 5.2503 us/op
WorkloadActual   9: 131072 op, 716234781.00 ns, 5.4644 us/op
WorkloadActual  10: 131072 op, 708808720.00 ns, 5.4078 us/op
WorkloadActual  11: 131072 op, 740622552.00 ns, 5.6505 us/op
WorkloadActual  12: 131072 op, 735388320.00 ns, 5.6106 us/op
WorkloadActual  13: 131072 op, 734224758.00 ns, 5.6017 us/op
WorkloadActual  14: 131072 op, 2565576738.00 ns, 19.5738 us/op
WorkloadActual  15: 131072 op, 703430705.00 ns, 5.3668 us/op
WorkloadActual  16: 131072 op, 837324828.00 ns, 6.3883 us/op
WorkloadActual  17: 131072 op, 833149713.00 ns, 6.3564 us/op
WorkloadActual  18: 131072 op, 807713476.00 ns, 6.1624 us/op
WorkloadActual  19: 131072 op, 816777961.00 ns, 6.2315 us/op
WorkloadActual  20: 131072 op, 831900424.00 ns, 6.3469 us/op

// AfterActualRun
WorkloadResult   1: 131072 op, 665153201.00 ns, 5.0747 us/op
WorkloadResult   2: 131072 op, 640489971.00 ns, 4.8866 us/op
WorkloadResult   3: 131072 op, 704333415.00 ns, 5.3736 us/op
WorkloadResult   4: 131072 op, 782322395.00 ns, 5.9686 us/op
WorkloadResult   5: 131072 op, 742640649.00 ns, 5.6659 us/op
WorkloadResult   6: 131072 op, 718798083.00 ns, 5.4840 us/op
WorkloadResult   7: 131072 op, 687644969.00 ns, 5.2463 us/op
WorkloadResult   8: 131072 op, 715718930.00 ns, 5.4605 us/op
WorkloadResult   9: 131072 op, 708292869.00 ns, 5.4038 us/op
WorkloadResult  10: 131072 op, 740106701.00 ns, 5.6466 us/op
WorkloadResult  11: 131072 op, 734872469.00 ns, 5.6066 us/op
WorkloadResult  12: 131072 op, 733708907.00 ns, 5.5978 us/op
WorkloadResult  13: 131072 op, 702914854.00 ns, 5.3628 us/op
WorkloadResult  14: 131072 op, 836808977.00 ns, 6.3843 us/op
WorkloadResult  15: 131072 op, 832633862.00 ns, 6.3525 us/op
WorkloadResult  16: 131072 op, 807197625.00 ns, 6.1584 us/op
WorkloadResult  17: 131072 op, 816262110.00 ns, 6.2276 us/op
WorkloadResult  18: 131072 op, 831384573.00 ns, 6.3430 us/op
// GC:  8 7 0 141557760 131072
// Threading:  0 0 131072

// AfterAll
// Benchmark Process 3305 has exited with code 0.

Mean = 5.680 μs, StdErr = 0.108 μs (1.90%), N = 18, StdDev = 0.457 μs
Min = 4.887 μs, Q1 = 5.381 μs, Median = 5.602 μs, Q3 = 6.111 μs, Max = 6.384 μs
IQR = 0.730 μs, LowerFence = 4.286 μs, UpperFence = 7.206 μs
ConfidenceInterval = [5.253 μs; 6.108 μs] (CI 99.9%), Margin = 0.427 μs (7.52% of Mean)
Skewness = 0.2, Kurtosis = 1.76, MValue = 3.2

// ** Remained 7 (38.9 %) benchmark(s) to run. Estimated finish 2026-10-09 14:25 (0h 3m from now) **
// **************************
// Benchmark: MemoryCacheProviderBenchmarks.GetOrSetAsync_CacheMiss: ShortRun(IterationCount=3, LaunchCount=1, WarmupCount=3)
// *** Execute ***
// Launch: 1 / 1
// Execute: dotnet Encina.Caching.Memory.Benchmarks-Job-NUBXJZ-1.dll --anonymousPipes 152 153 --benchmarkName Encina.Caching.Memory.Benchmarks.Benchmarks.MemoryCacheProviderBenchmarks.GetOrSetAsync_CacheMiss --job ShortRun --benchmarkId 11 in /home/runner/work/Encina/Encina/tests/Encina.BenchmarkTests/Encina.Caching.Memory.Benchmarks/bin/Release/net10.0/Encina.Caching.Memory.Benchmarks-Job-NUBXJZ-1/bin/Release/net10.0
// Failed to set up high priority (Permission denied). In order to run benchmarks with high priority, make sure you have the right permissions.
// BeforeAnythingElse

// Benchmark Process Environment Information:
// BenchmarkDotNet v0.15.8
// Runtime=.NET 10.0.12 (10.0.12, 10.0.1226.42308), X64 RyuJIT x86-64-v3
// GC=Concurrent Workstation
// HardwareIntrinsics=AVX2+BMI1+BMI2+F16C+FMA+LZCNT+MOVBE,AVX,SSE3+SSSE3+SSE4.1+SSE4.2+POPCNT,X86Base+SSE+SSE2,AES+PCLMUL VectorSize=256
// Job: ShortRun(IterationCount=3, LaunchCount=1, WarmupCount=3)

OverheadJitting  1: 1 op, 245000.00 ns, 245.0000 us/op
WorkloadJitting  1: 1 op, 12589431.00 ns, 12.5894 ms/op

OverheadJitting  2: 16 op, 560843.00 ns, 35.0527 us/op
WorkloadJitting  2: 16 op, 600456.00 ns, 37.5285 us/op

WorkloadPilot    1: 16 op, 226996.00 ns, 14.1873 us/op
WorkloadPilot    2: 32 op, 107192.00 ns, 3.3498 us/op
WorkloadPilot    3: 64 op, 218310.00 ns, 3.4111 us/op
WorkloadPilot    4: 128 op, 374322.00 ns, 2.9244 us/op
WorkloadPilot    5: 256 op, 766979.00 ns, 2.9960 us/op
WorkloadPilot    6: 512 op, 1421347.00 ns, 2.7761 us/op
WorkloadPilot    7: 1024 op, 2131209.00 ns, 2.0813 us/op
WorkloadPilot    8: 2048 op, 6526905.00 ns, 3.1870 us/op
WorkloadPilot    9: 4096 op, 12069085.00 ns, 2.9466 us/op
WorkloadPilot   10: 8192 op, 17881740.00 ns, 2.1828 us/op
WorkloadPilot   11: 16384 op, 66300173.00 ns, 4.0466 us/op
WorkloadPilot   12: 32768 op, 156392888.00 ns, 4.7727 us/op
WorkloadPilot   13: 65536 op, 309262876.00 ns, 4.7190 us/op
WorkloadPilot   14: 131072 op, 541041192.00 ns, 4.1278 us/op

OverheadWarmup   1: 131072 op, 552897.00 ns, 4.2183 ns/op
OverheadWarmup   2: 131072 op, 478238.00 ns, 3.6487 ns/op
OverheadWarmup   3: 131072 op, 568246.00 ns, 4.3354 ns/op
OverheadWarmup   4: 131072 op, 552477.00 ns, 4.2151 ns/op
OverheadWarmup   5: 131072 op, 556925.00 ns, 4.2490 ns/op
OverheadWarmup   6: 131072 op, 563627.00 ns, 4.3001 ns/op
OverheadWarmup   7: 131072 op, 518913.00 ns, 3.9590 ns/op

OverheadActual   1: 131072 op, 462318.00 ns, 3.5272 ns/op
OverheadActual   2: 131072 op, 465864.00 ns, 3.5543 ns/op
OverheadActual   3: 131072 op, 463900.00 ns, 3.5393 ns/op
OverheadActual   4: 131072 op, 536146.00 ns, 4.0905 ns/op
OverheadActual   5: 131072 op, 518943.00 ns, 3.9592 ns/op
OverheadActual   6: 131072 op, 519445.00 ns, 3.9631 ns/op
OverheadActual   7: 131072 op, 480060.00 ns, 3.6626 ns/op
OverheadActual   8: 131072 op, 476144.00 ns, 3.6327 ns/op
OverheadActual   9: 131072 op, 474761.00 ns, 3.6221 ns/op
OverheadActual  10: 131072 op, 482175.00 ns, 3.6787 ns/op
OverheadActual  11: 131072 op, 481494.00 ns, 3.6735 ns/op
OverheadActual  12: 131072 op, 483779.00 ns, 3.6909 ns/op
OverheadActual  13: 131072 op, 485001.00 ns, 3.7003 ns/op
OverheadActual  14: 131072 op, 485532.00 ns, 3.7043 ns/op
OverheadActual  15: 131072 op, 537780.00 ns, 4.1029 ns/op
OverheadActual  16: 131072 op, 557486.00 ns, 4.2533 ns/op
OverheadActual  17: 131072 op, 521529.00 ns, 3.9790 ns/op
OverheadActual  18: 131072 op, 464432.00 ns, 3.5433 ns/op
OverheadActual  19: 131072 op, 477025.00 ns, 3.6394 ns/op
OverheadActual  20: 131072 op, 465814.00 ns, 3.5539 ns/op

WorkloadWarmup   1: 131072 op, 740571428.00 ns, 5.6501 us/op
WorkloadWarmup   2: 131072 op, 547727977.00 ns, 4.1788 us/op
WorkloadWarmup   3: 131072 op, 889676716.00 ns, 6.7877 us/op

// BeforeActualRun
WorkloadActual   1: 131072 op, 607207144.00 ns, 4.6326 us/op
WorkloadActual   2: 131072 op, 651416754.00 ns, 4.9699 us/op
WorkloadActual   3: 131072 op, 603665933.00 ns, 4.6056 us/op

// AfterActualRun
WorkloadResult   1: 131072 op, 606725309.50 ns, 4.6289 us/op
WorkloadResult   2: 131072 op, 650934919.50 ns, 4.9662 us/op
WorkloadResult   3: 131072 op, 603184098.50 ns, 4.6019 us/op
// GC:  8 7 0 141557760 131072
// Threading:  0 0 131072

// AfterAll
// Benchmark Process 3383 has exited with code 0.

Mean = 4.732 μs, StdErr = 0.117 μs (2.48%), N = 3, StdDev = 0.203 μs
Min = 4.602 μs, Q1 = 4.615 μs, Median = 4.629 μs, Q3 = 4.798 μs, Max = 4.966 μs
IQR = 0.182 μs, LowerFence = 4.342 μs, UpperFence = 5.071 μs
ConfidenceInterval = [1.029 μs; 8.436 μs] (CI 99.9%), Margin = 3.703 μs (78.25% of Mean)
Skewness = 0.38, Kurtosis = 0.67, MValue = 2

// ** Remained 6 (33.3 %) benchmark(s) to run. Estimated finish 2026-10-09 14:25 (0h 2m from now) **
// **************************
// Benchmark: MemoryCacheProviderBenchmarks.RemoveAsync: Job-NUBXJZ(IterationCount=20, WarmupCount=5)
// *** Execute ***
// Launch: 1 / 1
// Execute: dotnet Encina.Caching.Memory.Benchmarks-Job-NUBXJZ-1.dll --anonymousPipes 152 153 --benchmarkName Encina.Caching.Memory.Benchmarks.Benchmarks.MemoryCacheProviderBenchmarks.RemoveAsync --job "IterationCount=20, WarmupCount=5" --benchmarkId 12 in /home/runner/work/Encina/Encina/tests/Encina.BenchmarkTests/Encina.Caching.Memory.Benchmarks/bin/Release/net10.0/Encina.Caching.Memory.Benchmarks-Job-NUBXJZ-1/bin/Release/net10.0
// Failed to set up high priority (Permission denied). In order to run benchmarks with high priority, make sure you have the right permissions.
// BeforeAnythingElse

// Benchmark Process Environment Information:
// BenchmarkDotNet v0.15.8
// Runtime=.NET 10.0.12 (10.0.12, 10.0.1226.42308), X64 RyuJIT x86-64-v3
// GC=Concurrent Workstation
// HardwareIntrinsics=AVX2+BMI1+BMI2+F16C+FMA+LZCNT+MOVBE,AVX,SSE3+SSSE3+SSE4.1+SSE4.2+POPCNT,X86Base+SSE+SSE2,AES+PCLMUL VectorSize=256
// Job: Job-NUBXJZ(IterationCount=20, WarmupCount=5)

OverheadJitting  1: 1 op, 180618.00 ns, 180.6180 us/op
WorkloadJitting  1: 1 op, 9091669.00 ns, 9.0917 ms/op

OverheadJitting  2: 16 op, 240351.00 ns, 15.0219 us/op
WorkloadJitting  2: 16 op, 411782.00 ns, 25.7364 us/op

WorkloadPilot    1: 16 op, 137258.00 ns, 8.5786 us/op
WorkloadPilot    2: 32 op, 138660.00 ns, 4.3331 us/op
WorkloadPilot    3: 64 op, 228137.00 ns, 3.5646 us/op
WorkloadPilot    4: 128 op, 458039.00 ns, 3.5784 us/op
WorkloadPilot    5: 256 op, 896101.00 ns, 3.5004 us/op
WorkloadPilot    6: 512 op, 1616292.00 ns, 3.1568 us/op
WorkloadPilot    7: 1024 op, 3444152.00 ns, 3.3634 us/op
WorkloadPilot    8: 2048 op, 6395269.00 ns, 3.1227 us/op
WorkloadPilot    9: 4096 op, 11793257.00 ns, 2.8792 us/op
WorkloadPilot   10: 8192 op, 23593226.00 ns, 2.8800 us/op
WorkloadPilot   11: 16384 op, 52868093.00 ns, 3.2268 us/op
WorkloadPilot   12: 32768 op, 97813550.00 ns, 2.9850 us/op
WorkloadPilot   13: 65536 op, 186824044.00 ns, 2.8507 us/op
WorkloadPilot   14: 131072 op, 372756168.00 ns, 2.8439 us/op
WorkloadPilot   15: 262144 op, 774080950.00 ns, 2.9529 us/op

OverheadWarmup   1: 262144 op, 425047.00 ns, 1.6214 ns/op
OverheadWarmup   2: 262144 op, 424837.00 ns, 1.6206 ns/op
OverheadWarmup   3: 262144 op, 458710.00 ns, 1.7498 ns/op
OverheadWarmup   4: 262144 op, 459903.00 ns, 1.7544 ns/op
OverheadWarmup   5: 262144 op, 458971.00 ns, 1.7508 ns/op
OverheadWarmup   6: 262144 op, 442239.00 ns, 1.6870 ns/op
OverheadWarmup   7: 262144 op, 440045.00 ns, 1.6786 ns/op
OverheadWarmup   8: 262144 op, 440396.00 ns, 1.6800 ns/op
OverheadWarmup   9: 262144 op, 461836.00 ns, 1.7618 ns/op
OverheadWarmup  10: 262144 op, 460604.00 ns, 1.7571 ns/op

OverheadActual   1: 262144 op, 466375.00 ns, 1.7791 ns/op
OverheadActual   2: 262144 op, 442039.00 ns, 1.6862 ns/op
OverheadActual   3: 262144 op, 459712.00 ns, 1.7537 ns/op
OverheadActual   4: 262144 op, 434766.00 ns, 1.6585 ns/op
OverheadActual   5: 262144 op, 438472.00 ns, 1.6726 ns/op
OverheadActual   6: 262144 op, 434876.00 ns, 1.6589 ns/op
OverheadActual   7: 262144 op, 434665.00 ns, 1.6581 ns/op
OverheadActual   8: 262144 op, 456486.00 ns, 1.7414 ns/op
OverheadActual   9: 262144 op, 456647.00 ns, 1.7420 ns/op
OverheadActual  10: 262144 op, 461726.00 ns, 1.7613 ns/op
OverheadActual  11: 262144 op, 456006.00 ns, 1.7395 ns/op
OverheadActual  12: 262144 op, 440326.00 ns, 1.6797 ns/op
OverheadActual  13: 262144 op, 475913.00 ns, 1.8155 ns/op
OverheadActual  14: 262144 op, 606157.00 ns, 2.3123 ns/op
OverheadActual  15: 262144 op, 625744.00 ns, 2.3870 ns/op

WorkloadWarmup   1: 262144 op, 765517283.00 ns, 2.9202 us/op
WorkloadWarmup   2: 262144 op, 764253481.00 ns, 2.9154 us/op
WorkloadWarmup   3: 262144 op, 766888904.00 ns, 2.9254 us/op
WorkloadWarmup   4: 262144 op, 757267906.00 ns, 2.8887 us/op
WorkloadWarmup   5: 262144 op, 780609588.00 ns, 2.9778 us/op

// BeforeActualRun
WorkloadActual   1: 262144 op, 764396347.00 ns, 2.9159 us/op
WorkloadActual   2: 262144 op, 757854944.00 ns, 2.8910 us/op
WorkloadActual   3: 262144 op, 769348569.00 ns, 2.9348 us/op
WorkloadActual   4: 262144 op, 760495218.00 ns, 2.9011 us/op
WorkloadActual   5: 262144 op, 754576002.00 ns, 2.8785 us/op
WorkloadActual   6: 262144 op, 763316932.00 ns, 2.9118 us/op
WorkloadActual   7: 262144 op, 763185926.00 ns, 2.9113 us/op
WorkloadActual   8: 262144 op, 750923927.00 ns, 2.8645 us/op
WorkloadActual   9: 262144 op, 764876160.00 ns, 2.9178 us/op
WorkloadActual  10: 262144 op, 761945176.00 ns, 2.9066 us/op
WorkloadActual  11: 262144 op, 782900732.00 ns, 2.9865 us/op
WorkloadActual  12: 262144 op, 768004389.00 ns, 2.9297 us/op
WorkloadActual  13: 262144 op, 749639326.00 ns, 2.8596 us/op
WorkloadActual  14: 262144 op, 751067999.00 ns, 2.8651 us/op
WorkloadActual  15: 262144 op, 761057383.00 ns, 2.9032 us/op
WorkloadActual  16: 262144 op, 761331387.00 ns, 2.9042 us/op
WorkloadActual  17: 262144 op, 759288451.00 ns, 2.8965 us/op
WorkloadActual  18: 262144 op, 758089319.00 ns, 2.8919 us/op
WorkloadActual  19: 262144 op, 770614937.00 ns, 2.9397 us/op
WorkloadActual  20: 262144 op, 763190528.00 ns, 2.9113 us/op

// AfterActualRun
WorkloadResult   1: 262144 op, 763939861.00 ns, 2.9142 us/op
WorkloadResult   2: 262144 op, 757398458.00 ns, 2.8892 us/op
WorkloadResult   3: 262144 op, 768892083.00 ns, 2.9331 us/op
WorkloadResult   4: 262144 op, 760038732.00 ns, 2.8993 us/op
WorkloadResult   5: 262144 op, 754119516.00 ns, 2.8767 us/op
WorkloadResult   6: 262144 op, 762860446.00 ns, 2.9101 us/op
WorkloadResult   7: 262144 op, 762729440.00 ns, 2.9096 us/op
WorkloadResult   8: 262144 op, 750467441.00 ns, 2.8628 us/op
WorkloadResult   9: 262144 op, 764419674.00 ns, 2.9160 us/op
WorkloadResult  10: 262144 op, 761488690.00 ns, 2.9048 us/op
WorkloadResult  11: 262144 op, 767547903.00 ns, 2.9280 us/op
WorkloadResult  12: 262144 op, 749182840.00 ns, 2.8579 us/op
WorkloadResult  13: 262144 op, 750611513.00 ns, 2.8634 us/op
WorkloadResult  14: 262144 op, 760600897.00 ns, 2.9015 us/op
WorkloadResult  15: 262144 op, 760874901.00 ns, 2.9025 us/op
WorkloadResult  16: 262144 op, 758831965.00 ns, 2.8947 us/op
WorkloadResult  17: 262144 op, 757632833.00 ns, 2.8901 us/op
WorkloadResult  18: 262144 op, 770158451.00 ns, 2.9379 us/op
WorkloadResult  19: 262144 op, 762734042.00 ns, 2.9096 us/op
// GC:  12 0 0 205520896 262144
// Threading:  262144 0 262144

// AfterAll
// Benchmark Process 3397 has exited with code 0.

Mean = 2.900 μs, StdErr = 0.005 μs (0.18%), N = 19, StdDev = 0.023 μs
Min = 2.858 μs, Q1 = 2.890 μs, Median = 2.903 μs, Q3 = 2.912 μs, Max = 2.938 μs
IQR = 0.022 μs, LowerFence = 2.856 μs, UpperFence = 2.946 μs
ConfidenceInterval = [2.880 μs; 2.921 μs] (CI 99.9%), Margin = 0.021 μs (0.71% of Mean)
Skewness = -0.31, Kurtosis = 2.18, MValue = 2

// ** Remained 5 (27.8 %) benchmark(s) to run. Estimated finish 2026-10-09 14:25 (0h 2m from now) **
// **************************
// Benchmark: MemoryCacheProviderBenchmarks.RemoveAsync: ShortRun(IterationCount=3, LaunchCount=1, WarmupCount=3)
// *** Execute ***
// Launch: 1 / 1
// Execute: dotnet Encina.Caching.Memory.Benchmarks-Job-NUBXJZ-1.dll --anonymousPipes 152 153 --benchmarkName Encina.Caching.Memory.Benchmarks.Benchmarks.MemoryCacheProviderBenchmarks.RemoveAsync --job ShortRun --benchmarkId 13 in /home/runner/work/Encina/Encina/tests/Encina.BenchmarkTests/Encina.Caching.Memory.Benchmarks/bin/Release/net10.0/Encina.Caching.Memory.Benchmarks-Job-NUBXJZ-1/bin/Release/net10.0
// Failed to set up high priority (Permission denied). In order to run benchmarks with high priority, make sure you have the right permissions.
// BeforeAnythingElse

// Benchmark Process Environment Information:
// BenchmarkDotNet v0.15.8
// Runtime=.NET 10.0.12 (10.0.12, 10.0.1226.42308), X64 RyuJIT x86-64-v3
// GC=Concurrent Workstation
// HardwareIntrinsics=AVX2+BMI1+BMI2+F16C+FMA+LZCNT+MOVBE,AVX,SSE3+SSSE3+SSE4.1+SSE4.2+POPCNT,X86Base+SSE+SSE2,AES+PCLMUL VectorSize=256
// Job: ShortRun(IterationCount=3, LaunchCount=1, WarmupCount=3)

OverheadJitting  1: 1 op, 209904.00 ns, 209.9040 us/op
WorkloadJitting  1: 1 op, 9091562.00 ns, 9.0916 ms/op

OverheadJitting  2: 16 op, 204774.00 ns, 12.7984 us/op
WorkloadJitting  2: 16 op, 342022.00 ns, 21.3764 us/op

WorkloadPilot    1: 16 op, 72196.00 ns, 4.5123 us/op
WorkloadPilot    2: 32 op, 127689.00 ns, 3.9903 us/op
WorkloadPilot    3: 64 op, 505188.00 ns, 7.8936 us/op
WorkloadPilot    4: 128 op, 349846.00 ns, 2.7332 us/op
WorkloadPilot    5: 256 op, 985610.00 ns, 3.8500 us/op
WorkloadPilot    6: 512 op, 1608919.00 ns, 3.1424 us/op
WorkloadPilot    7: 1024 op, 3395342.00 ns, 3.3158 us/op
WorkloadPilot    8: 2048 op, 6866286.00 ns, 3.3527 us/op
WorkloadPilot    9: 4096 op, 13652793.00 ns, 3.3332 us/op
WorkloadPilot   10: 8192 op, 27254949.00 ns, 3.3270 us/op
WorkloadPilot   11: 16384 op, 53667518.00 ns, 3.2756 us/op
WorkloadPilot   12: 32768 op, 98663933.00 ns, 3.0110 us/op
WorkloadPilot   13: 65536 op, 188938352.00 ns, 2.8830 us/op
WorkloadPilot   14: 131072 op, 382645695.00 ns, 2.9194 us/op
WorkloadPilot   15: 262144 op, 757670242.00 ns, 2.8903 us/op

OverheadWarmup   1: 262144 op, 446598.00 ns, 1.7036 ns/op
OverheadWarmup   2: 262144 op, 424917.00 ns, 1.6209 ns/op
OverheadWarmup   3: 262144 op, 424868.00 ns, 1.6207 ns/op
OverheadWarmup   4: 262144 op, 428203.00 ns, 1.6335 ns/op
OverheadWarmup   5: 262144 op, 424707.00 ns, 1.6201 ns/op
OverheadWarmup   6: 262144 op, 424737.00 ns, 1.6202 ns/op
OverheadWarmup   7: 262144 op, 424757.00 ns, 1.6203 ns/op
OverheadWarmup   8: 262144 op, 424706.00 ns, 1.6201 ns/op

OverheadActual   1: 262144 op, 424977.00 ns, 1.6212 ns/op
OverheadActual   2: 262144 op, 448151.00 ns, 1.7096 ns/op
OverheadActual   3: 262144 op, 425169.00 ns, 1.6219 ns/op
OverheadActual   4: 262144 op, 424827.00 ns, 1.6206 ns/op
OverheadActual   5: 262144 op, 424777.00 ns, 1.6204 ns/op
OverheadActual   6: 262144 op, 424787.00 ns, 1.6204 ns/op
OverheadActual   7: 262144 op, 424807.00 ns, 1.6205 ns/op
OverheadActual   8: 262144 op, 424757.00 ns, 1.6203 ns/op
OverheadActual   9: 262144 op, 447870.00 ns, 1.7085 ns/op
OverheadActual  10: 262144 op, 457529.00 ns, 1.7453 ns/op
OverheadActual  11: 262144 op, 424657.00 ns, 1.6199 ns/op
OverheadActual  12: 262144 op, 424668.00 ns, 1.6200 ns/op
OverheadActual  13: 262144 op, 424807.00 ns, 1.6205 ns/op
OverheadActual  14: 262144 op, 424657.00 ns, 1.6199 ns/op
OverheadActual  15: 262144 op, 424827.00 ns, 1.6206 ns/op

WorkloadWarmup   1: 262144 op, 779729144.00 ns, 2.9744 us/op
WorkloadWarmup   2: 262144 op, 784393681.00 ns, 2.9922 us/op
WorkloadWarmup   3: 262144 op, 767555026.00 ns, 2.9280 us/op

// BeforeActualRun
WorkloadActual   1: 262144 op, 783250394.00 ns, 2.9879 us/op
WorkloadActual   2: 262144 op, 761845642.00 ns, 2.9062 us/op
WorkloadActual   3: 262144 op, 770634029.00 ns, 2.9397 us/op

// AfterActualRun
WorkloadResult   1: 262144 op, 782825587.00 ns, 2.9862 us/op
WorkloadResult   2: 262144 op, 761420835.00 ns, 2.9046 us/op
WorkloadResult   3: 262144 op, 770209222.00 ns, 2.9381 us/op
// GC:  12 0 0 205520896 262144
// Threading:  262144 1 262144

// AfterAll
// Benchmark Process 3417 has exited with code 0.

Mean = 2.943 μs, StdErr = 0.024 μs (0.81%), N = 3, StdDev = 0.041 μs
Min = 2.905 μs, Q1 = 2.921 μs, Median = 2.938 μs, Q3 = 2.962 μs, Max = 2.986 μs
IQR = 0.041 μs, LowerFence = 2.860 μs, UpperFence = 3.023 μs
ConfidenceInterval = [2.194 μs; 3.692 μs] (CI 99.9%), Margin = 0.749 μs (25.44% of Mean)
Skewness = 0.12, Kurtosis = 0.67, MValue = 2

// ** Remained 4 (22.2 %) benchmark(s) to run. Estimated finish 2026-10-09 14:25 (0h 1m from now) **
// **************************
// Benchmark: MemoryCacheProviderBenchmarks.SetWithSlidingExpirationAsync: Job-NUBXJZ(IterationCount=20, WarmupCount=5)
// *** Execute ***
// Launch: 1 / 1
// Execute: dotnet Encina.Caching.Memory.Benchmarks-Job-NUBXJZ-1.dll --anonymousPipes 152 153 --benchmarkName Encina.Caching.Memory.Benchmarks.Benchmarks.MemoryCacheProviderBenchmarks.SetWithSlidingExpirationAsync --job "IterationCount=20, WarmupCount=5" --benchmarkId 14 in /home/runner/work/Encina/Encina/tests/Encina.BenchmarkTests/Encina.Caching.Memory.Benchmarks/bin/Release/net10.0/Encina.Caching.Memory.Benchmarks-Job-NUBXJZ-1/bin/Release/net10.0
// Failed to set up high priority (Permission denied). In order to run benchmarks with high priority, make sure you have the right permissions.
// BeforeAnythingElse

// Benchmark Process Environment Information:
// BenchmarkDotNet v0.15.8
// Runtime=.NET 10.0.12 (10.0.12, 10.0.1226.42308), X64 RyuJIT x86-64-v3
// GC=Concurrent Workstation
// HardwareIntrinsics=AVX2+BMI1+BMI2+F16C+FMA+LZCNT+MOVBE,AVX,SSE3+SSSE3+SSE4.1+SSE4.2+POPCNT,X86Base+SSE+SSE2,AES+PCLMUL VectorSize=256
// Job: Job-NUBXJZ(IterationCount=20, WarmupCount=5)

OverheadJitting  1: 1 op, 198843.00 ns, 198.8430 us/op
WorkloadJitting  1: 1 op, 4741286.00 ns, 4.7413 ms/op

OverheadJitting  2: 16 op, 198031.00 ns, 12.3769 us/op
WorkloadJitting  2: 16 op, 250480.00 ns, 15.6550 us/op

WorkloadPilot    1: 16 op, 180648.00 ns, 11.2905 us/op
WorkloadPilot    2: 32 op, 104085.00 ns, 3.2527 us/op
WorkloadPilot    3: 64 op, 133942.00 ns, 2.0928 us/op
WorkloadPilot    4: 128 op, 348985.00 ns, 2.7264 us/op
WorkloadPilot    5: 256 op, 683693.00 ns, 2.6707 us/op
WorkloadPilot    6: 512 op, 986962.00 ns, 1.9277 us/op
WorkloadPilot    7: 1024 op, 2938844.00 ns, 2.8700 us/op
WorkloadPilot    8: 2048 op, 5227589.00 ns, 2.5525 us/op
WorkloadPilot    9: 4096 op, 10480946.00 ns, 2.5588 us/op
WorkloadPilot   10: 8192 op, 15320607.00 ns, 1.8702 us/op
WorkloadPilot   11: 16384 op, 42267337.00 ns, 2.5798 us/op
WorkloadPilot   12: 32768 op, 104418042.00 ns, 3.1866 us/op
WorkloadPilot   13: 65536 op, 266705806.00 ns, 4.0696 us/op
WorkloadPilot   14: 131072 op, 603720132.00 ns, 4.6060 us/op

OverheadWarmup   1: 131072 op, 259918.00 ns, 1.9830 ns/op
OverheadWarmup   2: 131072 op, 281208.00 ns, 2.1454 ns/op
OverheadWarmup   3: 131072 op, 285245.00 ns, 2.1762 ns/op
OverheadWarmup   4: 131072 op, 242706.00 ns, 1.8517 ns/op
OverheadWarmup   5: 131072 op, 243417.00 ns, 1.8571 ns/op
OverheadWarmup   6: 131072 op, 265758.00 ns, 2.0276 ns/op
OverheadWarmup   7: 131072 op, 283672.00 ns, 2.1642 ns/op
OverheadWarmup   8: 131072 op, 262112.00 ns, 1.9998 ns/op

OverheadActual   1: 131072 op, 283341.00 ns, 2.1617 ns/op
OverheadActual   2: 131072 op, 240250.00 ns, 1.8330 ns/op
OverheadActual   3: 131072 op, 236694.00 ns, 1.8058 ns/op
OverheadActual   4: 131072 op, 247324.00 ns, 1.8869 ns/op
OverheadActual   5: 131072 op, 218039.00 ns, 1.6635 ns/op
OverheadActual   6: 131072 op, 247845.00 ns, 1.8909 ns/op
OverheadActual   7: 131072 op, 218841.00 ns, 1.6696 ns/op
OverheadActual   8: 131072 op, 218941.00 ns, 1.6704 ns/op
OverheadActual   9: 131072 op, 245370.00 ns, 1.8720 ns/op
OverheadActual  10: 131072 op, 218810.00 ns, 1.6694 ns/op
OverheadActual  11: 131072 op, 246292.00 ns, 1.8791 ns/op
OverheadActual  12: 131072 op, 266660.00 ns, 2.0345 ns/op
OverheadActual  13: 131072 op, 244860.00 ns, 1.8681 ns/op
OverheadActual  14: 131072 op, 266390.00 ns, 2.0324 ns/op
OverheadActual  15: 131072 op, 219552.00 ns, 1.6750 ns/op
OverheadActual  16: 131072 op, 246903.00 ns, 1.8837 ns/op
OverheadActual  17: 131072 op, 259026.00 ns, 1.9762 ns/op
OverheadActual  18: 131072 op, 216707.00 ns, 1.6533 ns/op
OverheadActual  19: 131072 op, 213541.00 ns, 1.6292 ns/op
OverheadActual  20: 131072 op, 263184.00 ns, 2.0079 ns/op

WorkloadWarmup   1: 131072 op, 468596548.00 ns, 3.5751 us/op
WorkloadWarmup   2: 131072 op, 448078721.00 ns, 3.4186 us/op
WorkloadWarmup   3: 131072 op, 814693227.00 ns, 6.2156 us/op
WorkloadWarmup   4: 131072 op, 508208866.00 ns, 3.8773 us/op
WorkloadWarmup   5: 131072 op, 452159679.00 ns, 3.4497 us/op

// BeforeActualRun
WorkloadActual   1: 131072 op, 488458680.00 ns, 3.7266 us/op
WorkloadActual   2: 131072 op, 471653933.00 ns, 3.5984 us/op
WorkloadActual   3: 131072 op, 1344667559.00 ns, 10.2590 us/op
WorkloadActual   4: 131072 op, 442666697.00 ns, 3.3773 us/op
WorkloadActual   5: 131072 op, 453001920.00 ns, 3.4561 us/op
WorkloadActual   6: 131072 op, 555872997.00 ns, 4.2410 us/op
WorkloadActual   7: 131072 op, 503932562.00 ns, 3.8447 us/op
WorkloadActual   8: 131072 op, 504107300.00 ns, 3.8460 us/op
WorkloadActual   9: 131072 op, 483883779.00 ns, 3.6917 us/op
WorkloadActual  10: 131072 op, 474872201.00 ns, 3.6230 us/op
WorkloadActual  11: 131072 op, 517849062.00 ns, 3.9509 us/op
WorkloadActual  12: 131072 op, 492709940.00 ns, 3.7591 us/op
WorkloadActual  13: 131072 op, 487883613.00 ns, 3.7223 us/op
WorkloadActual  14: 131072 op, 2427896307.00 ns, 18.5234 us/op
WorkloadActual  15: 131072 op, 636144464.00 ns, 4.8534 us/op
WorkloadActual  16: 131072 op, 628953186.00 ns, 4.7985 us/op
WorkloadActual  17: 131072 op, 618061802.00 ns, 4.7154 us/op
WorkloadActual  18: 131072 op, 605284080.00 ns, 4.6180 us/op
WorkloadActual  19: 131072 op, 500085176.00 ns, 3.8153 us/op
WorkloadActual  20: 131072 op, 509203069.00 ns, 3.8849 us/op

// AfterActualRun
WorkloadResult   1: 131072 op, 488213565.00 ns, 3.7248 us/op
WorkloadResult   2: 131072 op, 471408818.00 ns, 3.5966 us/op
WorkloadResult   3: 131072 op, 442421582.00 ns, 3.3754 us/op
WorkloadResult   4: 131072 op, 452756805.00 ns, 3.4543 us/op
WorkloadResult   5: 131072 op, 555627882.00 ns, 4.2391 us/op
WorkloadResult   6: 131072 op, 503687447.00 ns, 3.8428 us/op
WorkloadResult   7: 131072 op, 503862185.00 ns, 3.8442 us/op
WorkloadResult   8: 131072 op, 483638664.00 ns, 3.6899 us/op
WorkloadResult   9: 131072 op, 474627086.00 ns, 3.6211 us/op
WorkloadResult  10: 131072 op, 517603947.00 ns, 3.9490 us/op
WorkloadResult  11: 131072 op, 492464825.00 ns, 3.7572 us/op
WorkloadResult  12: 131072 op, 487638498.00 ns, 3.7204 us/op
WorkloadResult  13: 131072 op, 635899349.00 ns, 4.8515 us/op
WorkloadResult  14: 131072 op, 628708071.00 ns, 4.7967 us/op
WorkloadResult  15: 131072 op, 617816687.00 ns, 4.7136 us/op
WorkloadResult  16: 131072 op, 605038965.00 ns, 4.6161 us/op
WorkloadResult  17: 131072 op, 499840061.00 ns, 3.8135 us/op
WorkloadResult  18: 131072 op, 508957954.00 ns, 3.8830 us/op
// GC:  5 4 0 94371840 131072
// Threading:  0 0 131072

// AfterAll
// Benchmark Process 3433 has exited with code 0.

Mean = 3.972 μs, StdErr = 0.110 μs (2.77%), N = 18, StdDev = 0.466 μs
Min = 3.375 μs, Q1 = 3.697 μs, Median = 3.828 μs, Q3 = 4.167 μs, Max = 4.852 μs
IQR = 0.469 μs, LowerFence = 2.994 μs, UpperFence = 4.870 μs
ConfidenceInterval = [3.536 μs; 4.407 μs] (CI 99.9%), Margin = 0.436 μs (10.97% of Mean)
Skewness = 0.78, Kurtosis = 2.11, MValue = 2.55

// ** Remained 3 (16.7 %) benchmark(s) to run. Estimated finish 2026-10-09 14:26 (0h 1m from now) **
// **************************
// Benchmark: MemoryCacheProviderBenchmarks.SetWithSlidingExpirationAsync: ShortRun(IterationCount=3, LaunchCount=1, WarmupCount=3)
// *** Execute ***
// Launch: 1 / 1
// Execute: dotnet Encina.Caching.Memory.Benchmarks-Job-NUBXJZ-1.dll --anonymousPipes 152 153 --benchmarkName Encina.Caching.Memory.Benchmarks.Benchmarks.MemoryCacheProviderBenchmarks.SetWithSlidingExpirationAsync --job ShortRun --benchmarkId 15 in /home/runner/work/Encina/Encina/tests/Encina.BenchmarkTests/Encina.Caching.Memory.Benchmarks/bin/Release/net10.0/Encina.Caching.Memory.Benchmarks-Job-NUBXJZ-1/bin/Release/net10.0
// Failed to set up high priority (Permission denied). In order to run benchmarks with high priority, make sure you have the right permissions.
// BeforeAnythingElse

// Benchmark Process Environment Information:
// BenchmarkDotNet v0.15.8
// Runtime=.NET 10.0.12 (10.0.12, 10.0.1226.42308), X64 RyuJIT x86-64-v3
// GC=Concurrent Workstation
// HardwareIntrinsics=AVX2+BMI1+BMI2+F16C+FMA+LZCNT+MOVBE,AVX,SSE3+SSSE3+SSE4.1+SSE4.2+POPCNT,X86Base+SSE+SSE2,AES+PCLMUL VectorSize=256
// Job: ShortRun(IterationCount=3, LaunchCount=1, WarmupCount=3)

OverheadJitting  1: 1 op, 219973.00 ns, 219.9730 us/op
WorkloadJitting  1: 1 op, 4505804.00 ns, 4.5058 ms/op

OverheadJitting  2: 16 op, 188574.00 ns, 11.7859 us/op
WorkloadJitting  2: 16 op, 267652.00 ns, 16.7283 us/op

WorkloadPilot    1: 16 op, 202450.00 ns, 12.6531 us/op
WorkloadPilot    2: 32 op, 95830.00 ns, 2.9947 us/op
WorkloadPilot    3: 64 op, 213140.00 ns, 3.3303 us/op
WorkloadPilot    4: 128 op, 303921.00 ns, 2.3744 us/op
WorkloadPilot    5: 256 op, 629080.00 ns, 2.4573 us/op
WorkloadPilot    6: 512 op, 1148234.00 ns, 2.2426 us/op
WorkloadPilot    7: 1024 op, 2430199.00 ns, 2.3732 us/op
WorkloadPilot    8: 2048 op, 4779588.00 ns, 2.3338 us/op
WorkloadPilot    9: 4096 op, 9930942.00 ns, 2.4245 us/op
WorkloadPilot   10: 8192 op, 14612866.00 ns, 1.7838 us/op
WorkloadPilot   11: 16384 op, 39852599.00 ns, 2.4324 us/op
WorkloadPilot   12: 32768 op, 95254652.00 ns, 2.9069 us/op
WorkloadPilot   13: 65536 op, 250317784.00 ns, 3.8195 us/op
WorkloadPilot   14: 131072 op, 521582127.00 ns, 3.9794 us/op

OverheadWarmup   1: 131072 op, 240321.00 ns, 1.8335 ns/op
OverheadWarmup   2: 131072 op, 242636.00 ns, 1.8512 ns/op
OverheadWarmup   3: 131072 op, 256231.00 ns, 1.9549 ns/op
OverheadWarmup   4: 131072 op, 240170.00 ns, 1.8324 ns/op
OverheadWarmup   5: 131072 op, 315281.00 ns, 2.4054 ns/op
OverheadWarmup   6: 131072 op, 264124.00 ns, 2.0151 ns/op

OverheadActual   1: 131072 op, 260919.00 ns, 1.9907 ns/op
OverheadActual   2: 131072 op, 311172.00 ns, 2.3741 ns/op
OverheadActual   3: 131072 op, 261059.00 ns, 1.9917 ns/op
OverheadActual   4: 131072 op, 279213.00 ns, 2.1302 ns/op
OverheadActual   5: 131072 op, 258624.00 ns, 1.9731 ns/op
OverheadActual   6: 131072 op, 262291.00 ns, 2.0011 ns/op
OverheadActual   7: 131072 op, 293339.00 ns, 2.2380 ns/op
OverheadActual   8: 131072 op, 296497.00 ns, 2.2621 ns/op
OverheadActual   9: 131072 op, 281428.00 ns, 2.1471 ns/op
OverheadActual  10: 131072 op, 240591.00 ns, 1.8356 ns/op
OverheadActual  11: 131072 op, 242385.00 ns, 1.8493 ns/op
OverheadActual  12: 131072 op, 274535.00 ns, 2.0945 ns/op
OverheadActual  13: 131072 op, 242465.00 ns, 1.8499 ns/op
OverheadActual  14: 131072 op, 216436.00 ns, 1.6513 ns/op
OverheadActual  15: 131072 op, 244098.00 ns, 1.8623 ns/op
OverheadActual  16: 131072 op, 243466.00 ns, 1.8575 ns/op
OverheadActual  17: 131072 op, 237686.00 ns, 1.8134 ns/op
OverheadActual  18: 131072 op, 242515.00 ns, 1.8502 ns/op
OverheadActual  19: 131072 op, 273853.00 ns, 2.0893 ns/op
OverheadActual  20: 131072 op, 214823.00 ns, 1.6390 ns/op

WorkloadWarmup   1: 131072 op, 434928658.00 ns, 3.3182 us/op
WorkloadWarmup   2: 131072 op, 430544813.00 ns, 3.2848 us/op
WorkloadWarmup   3: 131072 op, 785482548.00 ns, 5.9928 us/op

// BeforeActualRun
WorkloadActual   1: 131072 op, 466328514.00 ns, 3.5578 us/op
WorkloadActual   2: 131072 op, 447216880.00 ns, 3.4120 us/op
WorkloadActual   3: 131072 op, 448284141.00 ns, 3.4201 us/op

// AfterActualRun
WorkloadResult   1: 131072 op, 466068742.50 ns, 3.5558 us/op
WorkloadResult   2: 131072 op, 446957108.50 ns, 3.4100 us/op
WorkloadResult   3: 131072 op, 448024369.50 ns, 3.4182 us/op
// GC:  5 4 0 94371840 131072
// Threading:  0 0 131072

// AfterAll
// Benchmark Process 3473 has exited with code 0.

Mean = 3.461 μs, StdErr = 0.047 μs (1.37%), N = 3, StdDev = 0.082 μs
Min = 3.410 μs, Q1 = 3.414 μs, Median = 3.418 μs, Q3 = 3.487 μs, Max = 3.556 μs
IQR = 0.073 μs, LowerFence = 3.305 μs, UpperFence = 3.596 μs
ConfidenceInterval = [1.967 μs; 4.956 μs] (CI 99.9%), Margin = 1.495 μs (43.19% of Mean)
Skewness = 0.38, Kurtosis = 0.67, MValue = 2

// ** Remained 2 (11.1 %) benchmark(s) to run. Estimated finish 2026-10-09 14:26 (0h 1m from now) **
// **************************
// Benchmark: MemoryCacheProviderBenchmarks.SetAsync: Job-NUBXJZ(IterationCount=20, WarmupCount=5)
// *** Execute ***
// Launch: 1 / 1
// Execute: dotnet Encina.Caching.Memory.Benchmarks-Job-NUBXJZ-1.dll --anonymousPipes 152 153 --benchmarkName Encina.Caching.Memory.Benchmarks.Benchmarks.MemoryCacheProviderBenchmarks.SetAsync --job "IterationCount=20, WarmupCount=5" --benchmarkId 16 in /home/runner/work/Encina/Encina/tests/Encina.BenchmarkTests/Encina.Caching.Memory.Benchmarks/bin/Release/net10.0/Encina.Caching.Memory.Benchmarks-Job-NUBXJZ-1/bin/Release/net10.0
// Failed to set up high priority (Permission denied). In order to run benchmarks with high priority, make sure you have the right permissions.
// BeforeAnythingElse

// Benchmark Process Environment Information:
// BenchmarkDotNet v0.15.8
// Runtime=.NET 10.0.12 (10.0.12, 10.0.1226.42308), X64 RyuJIT x86-64-v3
// GC=Concurrent Workstation
// HardwareIntrinsics=AVX2+BMI1+BMI2+F16C+FMA+LZCNT+MOVBE,AVX,SSE3+SSSE3+SSE4.1+SSE4.2+POPCNT,X86Base+SSE+SSE2,AES+PCLMUL VectorSize=256
// Job: Job-NUBXJZ(IterationCount=20, WarmupCount=5)

OverheadJitting  1: 1 op, 208290.00 ns, 208.2900 us/op
WorkloadJitting  1: 1 op, 3539220.00 ns, 3.5392 ms/op

OverheadJitting  2: 16 op, 187561.00 ns, 11.7226 us/op
WorkloadJitting  2: 16 op, 306385.00 ns, 19.1491 us/op

WorkloadPilot    1: 16 op, 186951.00 ns, 11.6844 us/op
WorkloadPilot    2: 32 op, 73228.00 ns, 2.2884 us/op
WorkloadPilot    3: 64 op, 184055.00 ns, 2.8759 us/op
WorkloadPilot    4: 128 op, 245521.00 ns, 1.9181 us/op
WorkloadPilot    5: 256 op, 684013.00 ns, 2.6719 us/op
WorkloadPilot    6: 512 op, 1064446.00 ns, 2.0790 us/op
WorkloadPilot    7: 1024 op, 2541508.00 ns, 2.4819 us/op
WorkloadPilot    8: 2048 op, 5088166.00 ns, 2.4845 us/op
WorkloadPilot    9: 4096 op, 10406403.00 ns, 2.5406 us/op
WorkloadPilot   10: 8192 op, 15129875.00 ns, 1.8469 us/op
WorkloadPilot   11: 16384 op, 37331284.00 ns, 2.2785 us/op
WorkloadPilot   12: 32768 op, 93870764.00 ns, 2.8647 us/op
WorkloadPilot   13: 65536 op, 257770533.00 ns, 3.9333 us/op
WorkloadPilot   14: 131072 op, 396833800.00 ns, 3.0276 us/op
WorkloadPilot   15: 262144 op, 1080227911.00 ns, 4.1207 us/op

OverheadWarmup   1: 262144 op, 566603.00 ns, 2.1614 ns/op
OverheadWarmup   2: 262144 op, 567855.00 ns, 2.1662 ns/op
OverheadWarmup   3: 262144 op, 486783.00 ns, 1.8569 ns/op
OverheadWarmup   4: 262144 op, 438563.00 ns, 1.6730 ns/op
OverheadWarmup   5: 262144 op, 573846.00 ns, 2.1890 ns/op
OverheadWarmup   6: 262144 op, 567465.00 ns, 2.1647 ns/op

OverheadActual   1: 262144 op, 487363.00 ns, 1.8591 ns/op
OverheadActual   2: 262144 op, 552236.00 ns, 2.1066 ns/op
OverheadActual   3: 262144 op, 487143.00 ns, 1.8583 ns/op
OverheadActual   4: 262144 op, 555121.00 ns, 2.1176 ns/op
OverheadActual   5: 262144 op, 555242.00 ns, 2.1181 ns/op
OverheadActual   6: 262144 op, 556474.00 ns, 2.1228 ns/op
OverheadActual   7: 262144 op, 564610.00 ns, 2.1538 ns/op
OverheadActual   8: 262144 op, 555522.00 ns, 2.1191 ns/op
OverheadActual   9: 262144 op, 555202.00 ns, 2.1179 ns/op
OverheadActual  10: 262144 op, 501812.00 ns, 1.9143 ns/op
OverheadActual  11: 262144 op, 558748.00 ns, 2.1315 ns/op
OverheadActual  12: 262144 op, 486553.00 ns, 1.8561 ns/op
OverheadActual  13: 262144 op, 567475.00 ns, 2.1647 ns/op
OverheadActual  14: 262144 op, 499096.00 ns, 1.9039 ns/op
OverheadActual  15: 262144 op, 567415.00 ns, 2.1645 ns/op
OverheadActual  16: 262144 op, 488767.00 ns, 1.8645 ns/op
OverheadActual  17: 262144 op, 568356.00 ns, 2.1681 ns/op
OverheadActual  18: 262144 op, 556313.00 ns, 2.1222 ns/op
OverheadActual  19: 262144 op, 568446.00 ns, 2.1684 ns/op
OverheadActual  20: 262144 op, 564408.00 ns, 2.1530 ns/op

WorkloadWarmup   1: 262144 op, 1260528432.00 ns, 4.8085 us/op
WorkloadWarmup   2: 262144 op, 872661400.00 ns, 3.3289 us/op
WorkloadWarmup   3: 262144 op, 1741147145.00 ns, 6.6419 us/op
WorkloadWarmup   4: 262144 op, 1063931953.00 ns, 4.0586 us/op
WorkloadWarmup   5: 262144 op, 1027577024.00 ns, 3.9199 us/op

// BeforeActualRun
WorkloadActual   1: 262144 op, 1003543158.00 ns, 3.8282 us/op
WorkloadActual   2: 262144 op, 1006184193.00 ns, 3.8383 us/op
WorkloadActual   3: 262144 op, 1032055397.00 ns, 3.9370 us/op
WorkloadActual   4: 262144 op, 3014793176.00 ns, 11.5005 us/op
WorkloadActual   5: 262144 op, 1144294634.00 ns, 4.3651 us/op
WorkloadActual   6: 262144 op, 1201892523.00 ns, 4.5849 us/op
WorkloadActual   7: 262144 op, 1065697822.00 ns, 4.0653 us/op
WorkloadActual   8: 262144 op, 1085794498.00 ns, 4.1420 us/op
WorkloadActual   9: 262144 op, 1065840287.00 ns, 4.0659 us/op
WorkloadActual  10: 262144 op, 1080457875.00 ns, 4.1216 us/op
WorkloadActual  11: 262144 op, 1111408707.00 ns, 4.2397 us/op
WorkloadActual  12: 262144 op, 1110339816.00 ns, 4.2356 us/op
WorkloadActual  13: 262144 op, 1130948557.00 ns, 4.3142 us/op
WorkloadActual  14: 262144 op, 1151024990.00 ns, 4.3908 us/op
WorkloadActual  15: 262144 op, 4952959217.00 ns, 18.8940 us/op
WorkloadActual  16: 262144 op, 1101091233.00 ns, 4.2003 us/op
WorkloadActual  17: 262144 op, 1166988041.00 ns, 4.4517 us/op
WorkloadActual  18: 262144 op, 1299070024.00 ns, 4.9556 us/op
WorkloadActual  19: 262144 op, 1177894543.00 ns, 4.4933 us/op
WorkloadActual  20: 262144 op, 1165407116.00 ns, 4.4457 us/op

// AfterActualRun
WorkloadResult   1: 262144 op, 1002987776.00 ns, 3.8261 us/op
WorkloadResult   2: 262144 op, 1005628811.00 ns, 3.8362 us/op
WorkloadResult   3: 262144 op, 1031500015.00 ns, 3.9349 us/op
WorkloadResult   4: 262144 op, 1143739252.00 ns, 4.3630 us/op
WorkloadResult   5: 262144 op, 1201337141.00 ns, 4.5827 us/op
WorkloadResult   6: 262144 op, 1065142440.00 ns, 4.0632 us/op
WorkloadResult   7: 262144 op, 1085239116.00 ns, 4.1399 us/op
WorkloadResult   8: 262144 op, 1065284905.00 ns, 4.0637 us/op
WorkloadResult   9: 262144 op, 1079902493.00 ns, 4.1195 us/op
WorkloadResult  10: 262144 op, 1110853325.00 ns, 4.2376 us/op
WorkloadResult  11: 262144 op, 1109784434.00 ns, 4.2335 us/op
WorkloadResult  12: 262144 op, 1130393175.00 ns, 4.3121 us/op
WorkloadResult  13: 262144 op, 1150469608.00 ns, 4.3887 us/op
WorkloadResult  14: 262144 op, 1100535851.00 ns, 4.1982 us/op
WorkloadResult  15: 262144 op, 1166432659.00 ns, 4.4496 us/op
WorkloadResult  16: 262144 op, 1298514642.00 ns, 4.9534 us/op
WorkloadResult  17: 262144 op, 1177339161.00 ns, 4.4912 us/op
WorkloadResult  18: 262144 op, 1164851734.00 ns, 4.4436 us/op
// GC:  11 10 0 186646528 262144
// Threading:  0 0 262144

// AfterAll
// Benchmark Process 3494 has exited with code 0.

Mean = 4.258 μs, StdErr = 0.066 μs (1.55%), N = 18, StdDev = 0.279 μs
Min = 3.826 μs, Q1 = 4.078 μs, Median = 4.236 μs, Q3 = 4.430 μs, Max = 4.953 μs
IQR = 0.352 μs, LowerFence = 3.549 μs, UpperFence = 4.958 μs
ConfidenceInterval = [3.996 μs; 4.519 μs] (CI 99.9%), Margin = 0.261 μs (6.14% of Mean)
Skewness = 0.49, Kurtosis = 3.02, MValue = 2.25

// ** Remained 1 (5.6 %) benchmark(s) to run. Estimated finish 2026-10-09 14:30 (0h 0m from now) **
// **************************
// Benchmark: MemoryCacheProviderBenchmarks.SetAsync: ShortRun(IterationCount=3, LaunchCount=1, WarmupCount=3)
// *** Execute ***
// Launch: 1 / 1
// Execute: dotnet Encina.Caching.Memory.Benchmarks-Job-NUBXJZ-1.dll --anonymousPipes 152 153 --benchmarkName Encina.Caching.Memory.Benchmarks.Benchmarks.MemoryCacheProviderBenchmarks.SetAsync --job ShortRun --benchmarkId 17 in /home/runner/work/Encina/Encina/tests/Encina.BenchmarkTests/Encina.Caching.Memory.Benchmarks/bin/Release/net10.0/Encina.Caching.Memory.Benchmarks-Job-NUBXJZ-1/bin/Release/net10.0
// Failed to set up high priority (Permission denied). In order to run benchmarks with high priority, make sure you have the right permissions.
// BeforeAnythingElse

// Benchmark Process Environment Information:
// BenchmarkDotNet v0.15.8
// Runtime=.NET 10.0.12 (10.0.12, 10.0.1226.42308), X64 RyuJIT x86-64-v3
// GC=Concurrent Workstation
// HardwareIntrinsics=AVX2+BMI1+BMI2+F16C+FMA+LZCNT+MOVBE,AVX,SSE3+SSSE3+SSE4.1+SSE4.2+POPCNT,X86Base+SSE+SSE2,AES+PCLMUL VectorSize=256
// Job: ShortRun(IterationCount=3, LaunchCount=1, WarmupCount=3)

OverheadJitting  1: 1 op, 181791.00 ns, 181.7910 us/op
WorkloadJitting  1: 1 op, 3654695.00 ns, 3.6547 ms/op

OverheadJitting  2: 16 op, 189235.00 ns, 11.8272 us/op
WorkloadJitting  2: 16 op, 245711.00 ns, 15.3569 us/op

WorkloadPilot    1: 16 op, 42920.00 ns, 2.6825 us/op
WorkloadPilot    2: 32 op, 192852.00 ns, 6.0266 us/op
WorkloadPilot    3: 64 op, 146294.00 ns, 2.2858 us/op
WorkloadPilot    4: 128 op, 247204.00 ns, 1.9313 us/op
WorkloadPilot    5: 256 op, 631445.00 ns, 2.4666 us/op
WorkloadPilot    6: 512 op, 1365822.00 ns, 2.6676 us/op
WorkloadPilot    7: 1024 op, 2409750.00 ns, 2.3533 us/op
WorkloadPilot    8: 2048 op, 5066363.00 ns, 2.4738 us/op
WorkloadPilot    9: 4096 op, 7146485.00 ns, 1.7447 us/op
WorkloadPilot   10: 8192 op, 18443856.00 ns, 2.2514 us/op
WorkloadPilot   11: 16384 op, 37115149.00 ns, 2.2653 us/op
WorkloadPilot   12: 32768 op, 99269894.00 ns, 3.0295 us/op
WorkloadPilot   13: 65536 op, 245385139.00 ns, 3.7443 us/op
WorkloadPilot   14: 131072 op, 551619986.00 ns, 4.2085 us/op

OverheadWarmup   1: 131072 op, 318387.00 ns, 2.4291 ns/op
OverheadWarmup   2: 131072 op, 278582.00 ns, 2.1254 ns/op
OverheadWarmup   3: 131072 op, 240611.00 ns, 1.8357 ns/op
OverheadWarmup   4: 131072 op, 218109.00 ns, 1.6640 ns/op
OverheadWarmup   5: 131072 op, 240441.00 ns, 1.8344 ns/op
OverheadWarmup   6: 131072 op, 242765.00 ns, 1.8521 ns/op
OverheadWarmup   7: 131072 op, 235832.00 ns, 1.7993 ns/op
OverheadWarmup   8: 131072 op, 242725.00 ns, 1.8518 ns/op
OverheadWarmup   9: 131072 op, 237175.00 ns, 1.8095 ns/op

OverheadActual   1: 131072 op, 286487.00 ns, 2.1857 ns/op
OverheadActual   2: 131072 op, 252403.00 ns, 1.9257 ns/op
OverheadActual   3: 131072 op, 242846.00 ns, 1.8528 ns/op
OverheadActual   4: 131072 op, 242705.00 ns, 1.8517 ns/op
OverheadActual   5: 131072 op, 241683.00 ns, 1.8439 ns/op
OverheadActual   6: 131072 op, 242695.00 ns, 1.8516 ns/op
OverheadActual   7: 131072 op, 240712.00 ns, 1.8365 ns/op
OverheadActual   8: 131072 op, 242665.00 ns, 1.8514 ns/op
OverheadActual   9: 131072 op, 243197.00 ns, 1.8554 ns/op
OverheadActual  10: 131072 op, 296327.00 ns, 2.2608 ns/op
OverheadActual  11: 131072 op, 243607.00 ns, 1.8586 ns/op
OverheadActual  12: 131072 op, 216305.00 ns, 1.6503 ns/op
OverheadActual  13: 131072 op, 242575.00 ns, 1.8507 ns/op
OverheadActual  14: 131072 op, 242664.00 ns, 1.8514 ns/op
OverheadActual  15: 131072 op, 270416.00 ns, 2.0631 ns/op

WorkloadWarmup   1: 131072 op, 410785785.00 ns, 3.1340 us/op
WorkloadWarmup   2: 131072 op, 409506337.00 ns, 3.1243 us/op
WorkloadWarmup   3: 131072 op, 776722168.00 ns, 5.9259 us/op

// BeforeActualRun
WorkloadActual   1: 131072 op, 386431186.00 ns, 2.9482 us/op
WorkloadActual   2: 131072 op, 463068966.00 ns, 3.5329 us/op
WorkloadActual   3: 131072 op, 438312273.00 ns, 3.3441 us/op

// AfterActualRun
WorkloadResult   1: 131072 op, 386188481.00 ns, 2.9464 us/op
WorkloadResult   2: 131072 op, 462826261.00 ns, 3.5311 us/op
WorkloadResult   3: 131072 op, 438069568.00 ns, 3.3422 us/op
// GC:  5 4 0 93323264 131072
// Threading:  0 0 131072

// AfterAll
// Benchmark Process 3544 has exited with code 0.

Mean = 3.273 μs, StdErr = 0.172 μs (5.26%), N = 3, StdDev = 0.298 μs
Min = 2.946 μs, Q1 = 3.144 μs, Median = 3.342 μs, Q3 = 3.437 μs, Max = 3.531 μs
IQR = 0.292 μs, LowerFence = 2.706 μs, UpperFence = 3.875 μs
ConfidenceInterval = [-2.171 μs; 8.717 μs] (CI 99.9%), Margin = 5.444 μs (166.31% of Mean)
Skewness = -0.22, Kurtosis = 0.67, MValue = 2

// ** Remained 0 (0.0 %) benchmark(s) to run. Estimated finish 2026-10-09 14:30 (0h 0m from now) **
// ***** BenchmarkRunner: Finish  *****

// * Export *
  artifacts/performance/CachingMemory/results/Encina.Caching.Memory.Benchmarks.Benchmarks.MemoryCacheProviderBenchmarks-report.csv
  artifacts/performance/CachingMemory/results/Encina.Caching.Memory.Benchmarks.Benchmarks.MemoryCacheProviderBenchmarks-report-github.md
  artifacts/performance/CachingMemory/results/Encina.Caching.Memory.Benchmarks.Benchmarks.MemoryCacheProviderBenchmarks-report.html
  artifacts/performance/CachingMemory/results/Encina.Caching.Memory.Benchmarks.Benchmarks.MemoryCacheProviderBenchmarks-report-full-compressed.json

// * Detailed results *
MemoryCacheProviderBenchmarks.ExistsAsync_False: Job-NUBXJZ(IterationCount=20, WarmupCount=5)
Runtime = .NET 10.0.12 (10.0.12, 10.0.1226.42308), X64 RyuJIT x86-64-v3; GC = Concurrent Workstation
Mean = 54.134 ns, StdErr = 0.054 ns (0.10%), N = 20, StdDev = 0.240 ns
Min = 53.783 ns, Q1 = 53.993 ns, Median = 54.059 ns, Q3 = 54.316 ns, Max = 54.563 ns
IQR = 0.324 ns, LowerFence = 53.507 ns, UpperFence = 54.802 ns
ConfidenceInterval = [53.926 ns; 54.343 ns] (CI 99.9%), Margin = 0.209 ns (0.39% of Mean)
Skewness = 0.4, Kurtosis = 1.85, MValue = 2
-------------------- Histogram --------------------
[53.667 ns ; 54.679 ns) | @@@@@@@@@@@@@@@@@@@@
---------------------------------------------------

MemoryCacheProviderBenchmarks.ExistsAsync_True: Job-NUBXJZ(IterationCount=20, WarmupCount=5)
Runtime = .NET 10.0.12 (10.0.12, 10.0.1226.42308), X64 RyuJIT x86-64-v3; GC = Concurrent Workstation
Mean = 61.135 ns, StdErr = 0.127 ns (0.21%), N = 20, StdDev = 0.568 ns
Min = 60.124 ns, Q1 = 60.743 ns, Median = 61.230 ns, Q3 = 61.640 ns, Max = 61.916 ns
IQR = 0.897 ns, LowerFence = 59.398 ns, UpperFence = 62.985 ns
ConfidenceInterval = [60.642 ns; 61.627 ns] (CI 99.9%), Margin = 0.493 ns (0.81% of Mean)
Skewness = -0.24, Kurtosis = 1.77, MValue = 2
-------------------- Histogram --------------------
[59.849 ns ; 62.023 ns) | @@@@@@@@@@@@@@@@@@@@
---------------------------------------------------

MemoryCacheProviderBenchmarks.GetAsync_CacheHit: Job-NUBXJZ(IterationCount=20, WarmupCount=5)
Runtime = .NET 10.0.12 (10.0.12, 10.0.1226.42308), X64 RyuJIT x86-64-v3; GC = Concurrent Workstation
Mean = 88.419 ns, StdErr = 0.145 ns (0.16%), N = 20, StdDev = 0.650 ns
Min = 87.165 ns, Q1 = 87.946 ns, Median = 88.455 ns, Q3 = 89.022 ns, Max = 89.153 ns
IQR = 1.076 ns, LowerFence = 86.331 ns, UpperFence = 90.637 ns
ConfidenceInterval = [87.855 ns; 88.983 ns] (CI 99.9%), Margin = 0.564 ns (0.64% of Mean)
Skewness = -0.32, Kurtosis = 1.64, MValue = 2
-------------------- Histogram --------------------
[86.851 ns ; 89.467 ns) | @@@@@@@@@@@@@@@@@@@@
---------------------------------------------------

MemoryCacheProviderBenchmarks.GetAsync_CacheMiss: Job-NUBXJZ(IterationCount=20, WarmupCount=5)
Runtime = .NET 10.0.12 (10.0.12, 10.0.1226.42308), X64 RyuJIT x86-64-v3; GC = Concurrent Workstation
Mean = 56.117 ns, StdErr = 0.111 ns (0.20%), N = 20, StdDev = 0.496 ns
Min = 55.402 ns, Q1 = 55.775 ns, Median = 56.042 ns, Q3 = 56.524 ns, Max = 57.156 ns
IQR = 0.749 ns, LowerFence = 54.651 ns, UpperFence = 57.647 ns
ConfidenceInterval = [55.687 ns; 56.548 ns] (CI 99.9%), Margin = 0.430 ns (0.77% of Mean)
Skewness = 0.28, Kurtosis = 2.01, MValue = 2
-------------------- Histogram --------------------
[55.163 ns ; 57.396 ns) | @@@@@@@@@@@@@@@@@@@@
---------------------------------------------------

MemoryCacheProviderBenchmarks.GetOrSetAsync_CacheHit: Job-NUBXJZ(IterationCount=20, WarmupCount=5)
Runtime = .NET 10.0.12 (10.0.12, 10.0.1226.42308), X64 RyuJIT x86-64-v3; GC = Concurrent Workstation
Mean = 134.608 ns, StdErr = 0.217 ns (0.16%), N = 18, StdDev = 0.919 ns
Min = 133.017 ns, Q1 = 134.092 ns, Median = 134.415 ns, Q3 = 135.130 ns, Max = 136.832 ns
IQR = 1.038 ns, LowerFence = 132.536 ns, UpperFence = 136.686 ns
ConfidenceInterval = [133.749 ns; 135.467 ns] (CI 99.9%), Margin = 0.859 ns (0.64% of Mean)
Skewness = 0.5, Kurtosis = 2.86, MValue = 2
-------------------- Histogram --------------------
[132.764 ns ; 137.292 ns) | @@@@@@@@@@@@@@@@@@
---------------------------------------------------

MemoryCacheProviderBenchmarks.GetOrSetAsync_CacheMiss: Job-NUBXJZ(IterationCount=20, WarmupCount=5)
Runtime = .NET 10.0.12 (10.0.12, 10.0.1226.42308), X64 RyuJIT x86-64-v3; GC = Concurrent Workstation
Mean = 5.680 μs, StdErr = 0.108 μs (1.90%), N = 18, StdDev = 0.457 μs
Min = 4.887 μs, Q1 = 5.381 μs, Median = 5.602 μs, Q3 = 6.111 μs, Max = 6.384 μs
IQR = 0.730 μs, LowerFence = 4.286 μs, UpperFence = 7.206 μs
ConfidenceInterval = [5.253 μs; 6.108 μs] (CI 99.9%), Margin = 0.427 μs (7.52% of Mean)
Skewness = 0.2, Kurtosis = 1.76, MValue = 3.2
-------------------- Histogram --------------------
[4.752 μs ; 5.227 μs) | @@
[5.227 μs ; 5.685 μs) | @@@@@@@@@@
[5.685 μs ; 5.947 μs) | 
[5.947 μs ; 6.406 μs) | @@@@@@
---------------------------------------------------

MemoryCacheProviderBenchmarks.RemoveAsync: Job-NUBXJZ(IterationCount=20, WarmupCount=5)
Runtime = .NET 10.0.12 (10.0.12, 10.0.1226.42308), X64 RyuJIT x86-64-v3; GC = Concurrent Workstation
Mean = 2.900 μs, StdErr = 0.005 μs (0.18%), N = 19, StdDev = 0.023 μs
Min = 2.858 μs, Q1 = 2.890 μs, Median = 2.903 μs, Q3 = 2.912 μs, Max = 2.938 μs
IQR = 0.022 μs, LowerFence = 2.856 μs, UpperFence = 2.946 μs
ConfidenceInterval = [2.880 μs; 2.921 μs] (CI 99.9%), Margin = 0.021 μs (0.71% of Mean)
Skewness = -0.31, Kurtosis = 2.18, MValue = 2
-------------------- Histogram --------------------
[2.847 μs ; 2.949 μs) | @@@@@@@@@@@@@@@@@@@
---------------------------------------------------

MemoryCacheProviderBenchmarks.SetWithSlidingExpirationAsync: Job-NUBXJZ(IterationCount=20, WarmupCount=5)
Runtime = .NET 10.0.12 (10.0.12, 10.0.1226.42308), X64 RyuJIT x86-64-v3; GC = Concurrent Workstation
Mean = 3.972 μs, StdErr = 0.110 μs (2.77%), N = 18, StdDev = 0.466 μs
Min = 3.375 μs, Q1 = 3.697 μs, Median = 3.828 μs, Q3 = 4.167 μs, Max = 4.852 μs
IQR = 0.469 μs, LowerFence = 2.994 μs, UpperFence = 4.870 μs
ConfidenceInterval = [3.536 μs; 4.407 μs] (CI 99.9%), Margin = 0.436 μs (10.97% of Mean)
Skewness = 0.78, Kurtosis = 2.11, MValue = 2.55
-------------------- Histogram --------------------
[3.142 μs ; 3.539 μs) | @@
[3.539 μs ; 4.006 μs) | @@@@@@@@@@@
[4.006 μs ; 4.500 μs) | @
[4.500 μs ; 4.967 μs) | @@@@
---------------------------------------------------

MemoryCacheProviderBenchmarks.SetAsync: Job-NUBXJZ(IterationCount=20, WarmupCount=5)
Runtime = .NET 10.0.12 (10.0.12, 10.0.1226.42308), X64 RyuJIT x86-64-v3; GC = Concurrent Workstation
Mean = 4.258 μs, StdErr = 0.066 μs (1.55%), N = 18, StdDev = 0.279 μs
Min = 3.826 μs, Q1 = 4.078 μs, Median = 4.236 μs, Q3 = 4.430 μs, Max = 4.953 μs
IQR = 0.352 μs, LowerFence = 3.549 μs, UpperFence = 4.958 μs
ConfidenceInterval = [3.996 μs; 4.519 μs] (CI 99.9%), Margin = 0.261 μs (6.14% of Mean)
Skewness = 0.49, Kurtosis = 3.02, MValue = 2.25
-------------------- Histogram --------------------
[3.741 μs ; 4.048 μs) | @@@
[4.048 μs ; 4.328 μs) | @@@@@@@@
[4.328 μs ; 4.613 μs) | @@@@@@
[4.613 μs ; 4.813 μs) | 
[4.813 μs ; 5.093 μs) | @
---------------------------------------------------

MemoryCacheProviderBenchmarks.ExistsAsync_False: ShortRun(IterationCount=3, LaunchCount=1, WarmupCount=3)
Runtime = .NET 10.0.12 (10.0.12, 10.0.1226.42308), X64 RyuJIT x86-64-v3; GC = Concurrent Workstation
Mean = 53.576 ns, StdErr = 0.130 ns (0.24%), N = 3, StdDev = 0.226 ns
Min = 53.419 ns, Q1 = 53.447 ns, Median = 53.475 ns, Q3 = 53.655 ns, Max = 53.835 ns
IQR = 0.208 ns, LowerFence = 53.135 ns, UpperFence = 53.967 ns
ConfidenceInterval = [49.454 ns; 57.698 ns] (CI 99.9%), Margin = 4.122 ns (7.69% of Mean)
Skewness = 0.36, Kurtosis = 0.67, MValue = 2
-------------------- Histogram --------------------
[53.213 ns ; 54.041 ns) | @@@
---------------------------------------------------

MemoryCacheProviderBenchmarks.ExistsAsync_True: ShortRun(IterationCount=3, LaunchCount=1, WarmupCount=3)
Runtime = .NET 10.0.12 (10.0.12, 10.0.1226.42308), X64 RyuJIT x86-64-v3; GC = Concurrent Workstation
Mean = 61.754 ns, StdErr = 0.096 ns (0.16%), N = 3, StdDev = 0.166 ns
Min = 61.576 ns, Q1 = 61.680 ns, Median = 61.784 ns, Q3 = 61.844 ns, Max = 61.903 ns
IQR = 0.164 ns, LowerFence = 61.434 ns, UpperFence = 62.090 ns
ConfidenceInterval = [58.727 ns; 64.781 ns] (CI 99.9%), Margin = 3.027 ns (4.90% of Mean)
Skewness = -0.17, Kurtosis = 0.67, MValue = 2
-------------------- Histogram --------------------
[61.425 ns ; 62.054 ns) | @@@
---------------------------------------------------

MemoryCacheProviderBenchmarks.GetAsync_CacheHit: ShortRun(IterationCount=3, LaunchCount=1, WarmupCount=3)
Runtime = .NET 10.0.12 (10.0.12, 10.0.1226.42308), X64 RyuJIT x86-64-v3; GC = Concurrent Workstation
Mean = 87.929 ns, StdErr = 0.385 ns (0.44%), N = 3, StdDev = 0.666 ns
Min = 87.341 ns, Q1 = 87.567 ns, Median = 87.794 ns, Q3 = 88.223 ns, Max = 88.653 ns
IQR = 0.656 ns, LowerFence = 86.584 ns, UpperFence = 89.207 ns
ConfidenceInterval = [75.775 ns; 100.084 ns] (CI 99.9%), Margin = 12.154 ns (13.82% of Mean)
Skewness = 0.19, Kurtosis = 0.67, MValue = 2
-------------------- Histogram --------------------
[86.735 ns ; 89.259 ns) | @@@
---------------------------------------------------

MemoryCacheProviderBenchmarks.GetAsync_CacheMiss: ShortRun(IterationCount=3, LaunchCount=1, WarmupCount=3)
Runtime = .NET 10.0.12 (10.0.12, 10.0.1226.42308), X64 RyuJIT x86-64-v3; GC = Concurrent Workstation
Mean = 53.397 ns, StdErr = 0.045 ns (0.08%), N = 3, StdDev = 0.078 ns
Min = 53.334 ns, Q1 = 53.354 ns, Median = 53.374 ns, Q3 = 53.429 ns, Max = 53.484 ns
IQR = 0.075 ns, LowerFence = 53.241 ns, UpperFence = 53.541 ns
ConfidenceInterval = [51.980 ns; 54.815 ns] (CI 99.9%), Margin = 1.418 ns (2.65% of Mean)
Skewness = 0.27, Kurtosis = 0.67, MValue = 2
-------------------- Histogram --------------------
[53.263 ns ; 53.555 ns) | @@@
---------------------------------------------------

MemoryCacheProviderBenchmarks.GetOrSetAsync_CacheHit: ShortRun(IterationCount=3, LaunchCount=1, WarmupCount=3)
Runtime = .NET 10.0.12 (10.0.12, 10.0.1226.42308), X64 RyuJIT x86-64-v3; GC = Concurrent Workstation
Mean = 136.084 ns, StdErr = 0.916 ns (0.67%), N = 3, StdDev = 1.587 ns
Min = 134.965 ns, Q1 = 135.176 ns, Median = 135.388 ns, Q3 = 136.644 ns, Max = 137.900 ns
IQR = 1.468 ns, LowerFence = 132.975 ns, UpperFence = 138.846 ns
ConfidenceInterval = [107.135 ns; 165.033 ns] (CI 99.9%), Margin = 28.949 ns (21.27% of Mean)
Skewness = 0.35, Kurtosis = 0.67, MValue = 2
-------------------- Histogram --------------------
[133.521 ns ; 139.344 ns) | @@@
---------------------------------------------------

MemoryCacheProviderBenchmarks.GetOrSetAsync_CacheMiss: ShortRun(IterationCount=3, LaunchCount=1, WarmupCount=3)
Runtime = .NET 10.0.12 (10.0.12, 10.0.1226.42308), X64 RyuJIT x86-64-v3; GC = Concurrent Workstation
Mean = 4.732 μs, StdErr = 0.117 μs (2.48%), N = 3, StdDev = 0.203 μs
Min = 4.602 μs, Q1 = 4.615 μs, Median = 4.629 μs, Q3 = 4.798 μs, Max = 4.966 μs
IQR = 0.182 μs, LowerFence = 4.342 μs, UpperFence = 5.071 μs
ConfidenceInterval = [1.029 μs; 8.436 μs] (CI 99.9%), Margin = 3.703 μs (78.25% of Mean)
Skewness = 0.38, Kurtosis = 0.67, MValue = 2
-------------------- Histogram --------------------
[4.599 μs ; 4.969 μs) | @@@
---------------------------------------------------

MemoryCacheProviderBenchmarks.RemoveAsync: ShortRun(IterationCount=3, LaunchCount=1, WarmupCount=3)
Runtime = .NET 10.0.12 (10.0.12, 10.0.1226.42308), X64 RyuJIT x86-64-v3; GC = Concurrent Workstation
Mean = 2.943 μs, StdErr = 0.024 μs (0.81%), N = 3, StdDev = 0.041 μs
Min = 2.905 μs, Q1 = 2.921 μs, Median = 2.938 μs, Q3 = 2.962 μs, Max = 2.986 μs
IQR = 0.041 μs, LowerFence = 2.860 μs, UpperFence = 3.023 μs
ConfidenceInterval = [2.194 μs; 3.692 μs] (CI 99.9%), Margin = 0.749 μs (25.44% of Mean)
Skewness = 0.12, Kurtosis = 0.67, MValue = 2
-------------------- Histogram --------------------
[2.884 μs ; 2.959 μs) | @@
[2.959 μs ; 3.024 μs) | @
---------------------------------------------------

MemoryCacheProviderBenchmarks.SetWithSlidingExpirationAsync: ShortRun(IterationCount=3, LaunchCount=1, WarmupCount=3)
Runtime = .NET 10.0.12 (10.0.12, 10.0.1226.42308), X64 RyuJIT x86-64-v3; GC = Concurrent Workstation
Mean = 3.461 μs, StdErr = 0.047 μs (1.37%), N = 3, StdDev = 0.082 μs
Min = 3.410 μs, Q1 = 3.414 μs, Median = 3.418 μs, Q3 = 3.487 μs, Max = 3.556 μs
IQR = 0.073 μs, LowerFence = 3.305 μs, UpperFence = 3.596 μs
ConfidenceInterval = [1.967 μs; 4.956 μs] (CI 99.9%), Margin = 1.495 μs (43.19% of Mean)
Skewness = 0.38, Kurtosis = 0.67, MValue = 2
-------------------- Histogram --------------------
[3.408 μs ; 3.557 μs) | @@@
---------------------------------------------------

MemoryCacheProviderBenchmarks.SetAsync: ShortRun(IterationCount=3, LaunchCount=1, WarmupCount=3)
Runtime = .NET 10.0.12 (10.0.12, 10.0.1226.42308), X64 RyuJIT x86-64-v3; GC = Concurrent Workstation
Mean = 3.273 μs, StdErr = 0.172 μs (5.26%), N = 3, StdDev = 0.298 μs
Min = 2.946 μs, Q1 = 3.144 μs, Median = 3.342 μs, Q3 = 3.437 μs, Max = 3.531 μs
IQR = 0.292 μs, LowerFence = 2.706 μs, UpperFence = 3.875 μs
ConfidenceInterval = [-2.171 μs; 8.717 μs] (CI 99.9%), Margin = 5.444 μs (166.31% of Mean)
Skewness = -0.22, Kurtosis = 0.67, MValue = 2
-------------------- Histogram --------------------
[2.675 μs ; 3.165 μs) | @
[3.165 μs ; 3.803 μs) | @@
---------------------------------------------------

// * Summary *

BenchmarkDotNet v0.15.8, Linux Ubuntu 24.04.5 LTS (Noble Numbat)
AMD EPYC 7763 2.45GHz, 1 CPU, 4 logical and 2 physical cores
.NET SDK 10.0.401
  [Host]     : .NET 10.0.12 (10.0.12, 10.0.1226.42308), X64 RyuJIT x86-64-v3
  Job-NUBXJZ : .NET 10.0.12 (10.0.12, 10.0.1226.42308), X64 RyuJIT x86-64-v3
  ShortRun   : .NET 10.0.12 (10.0.12, 10.0.1226.42308), X64 RyuJIT x86-64-v3


| Method                        | Job        | IterationCount | LaunchCount | WarmupCount | Mean        | Error        | StdDev     | Ratio | RatioSD | Gen0   | Gen1   | Allocated | Alloc Ratio |
|------------------------------ |----------- |--------------- |------------ |------------ |------------:|-------------:|-----------:|------:|--------:|-------:|-------:|----------:|------------:|
| ExistsAsync_False             | Job-NUBXJZ | 20             | Default     | 5           |    54.13 ns |     0.209 ns |   0.240 ns |  0.61 |    0.01 |      - |      - |         - |        0.00 |
| ExistsAsync_True              | Job-NUBXJZ | 20             | Default     | 5           |    61.13 ns |     0.493 ns |   0.568 ns |  0.69 |    0.01 |      - |      - |         - |        0.00 |
| GetAsync_CacheHit             | Job-NUBXJZ | 20             | Default     | 5           |    88.42 ns |     0.564 ns |   0.650 ns |  1.00 |    0.01 | 0.0086 |      - |     144 B |        1.00 |
| GetAsync_CacheMiss            | Job-NUBXJZ | 20             | Default     | 5           |    56.12 ns |     0.430 ns |   0.496 ns |  0.63 |    0.01 |      - |      - |         - |        0.00 |
| GetOrSetAsync_CacheHit        | Job-NUBXJZ | 20             | Default     | 5           |   134.61 ns |     0.859 ns |   0.919 ns |  1.52 |    0.01 | 0.0167 |      - |     280 B |        1.94 |
| GetOrSetAsync_CacheMiss       | Job-NUBXJZ | 20             | Default     | 5           | 5,680.20 ns |   427.365 ns | 457.276 ns | 64.25 |    5.05 | 0.0610 | 0.0534 |    1080 B |        7.50 |
| RemoveAsync                   | Job-NUBXJZ | 20             | Default     | 5           | 2,900.08 ns |    20.529 ns |  22.817 ns | 32.80 |    0.34 | 0.0458 |      - |     784 B |        5.44 |
| SetWithSlidingExpirationAsync | Job-NUBXJZ | 20             | Default     | 5           | 3,971.61 ns |   435.689 ns | 466.183 ns | 44.92 |    5.14 | 0.0381 | 0.0305 |     720 B |        5.00 |
| SetAsync                      | Job-NUBXJZ | 20             | Default     | 5           | 4,257.61 ns |   261.210 ns | 279.491 ns | 48.16 |    3.10 | 0.0420 | 0.0381 |     712 B |        4.94 |
|                               |            |                |             |             |             |              |            |       |         |        |        |           |             |
| ExistsAsync_False             | ShortRun   | 3              | 1           | 3           |    53.58 ns |     4.122 ns |   0.226 ns |  0.61 |    0.00 |      - |      - |         - |        0.00 |
| ExistsAsync_True              | ShortRun   | 3              | 1           | 3           |    61.75 ns |     3.027 ns |   0.166 ns |  0.70 |    0.00 |      - |      - |         - |        0.00 |
| GetAsync_CacheHit             | ShortRun   | 3              | 1           | 3           |    87.93 ns |    12.154 ns |   0.666 ns |  1.00 |    0.01 | 0.0086 |      - |     144 B |        1.00 |
| GetAsync_CacheMiss            | ShortRun   | 3              | 1           | 3           |    53.40 ns |     1.418 ns |   0.078 ns |  0.61 |    0.00 |      - |      - |         - |        0.00 |
| GetOrSetAsync_CacheHit        | ShortRun   | 3              | 1           | 3           |   136.08 ns |    28.949 ns |   1.587 ns |  1.55 |    0.02 | 0.0167 |      - |     280 B |        1.94 |
| GetOrSetAsync_CacheMiss       | ShortRun   | 3              | 1           | 3           | 4,732.37 ns | 3,703.205 ns | 202.985 ns | 53.82 |    2.03 | 0.0610 | 0.0534 |    1080 B |        7.50 |
| RemoveAsync                   | ShortRun   | 3              | 1           | 3           | 2,942.98 ns |   748.784 ns |  41.043 ns | 33.47 |    0.46 | 0.0458 |      - |     784 B |        5.44 |
| SetWithSlidingExpirationAsync | ShortRun   | 3              | 1           | 3           | 3,461.33 ns | 1,494.785 ns |  81.934 ns | 39.37 |    0.85 | 0.0381 | 0.0305 |     720 B |        5.00 |
| SetAsync                      | ShortRun   | 3              | 1           | 3           | 3,273.22 ns | 5,443.765 ns | 298.391 ns | 37.23 |    2.95 | 0.0381 | 0.0305 |     712 B |        4.94 |

// * Warnings *
MultimodalDistribution
  MemoryCacheProviderBenchmarks.GetOrSetAsync_CacheMiss: IterationCount=20, WarmupCount=5 -> It seems that the distribution can have several modes (mValue = 3.2)

// * Hints *
Outliers
  MemoryCacheProviderBenchmarks.GetOrSetAsync_CacheHit: IterationCount=20, WarmupCount=5        -> 2 outliers were removed (141.05 ns, 141.70 ns)
  MemoryCacheProviderBenchmarks.GetOrSetAsync_CacheMiss: IterationCount=20, WarmupCount=5       -> 2 outliers were removed (11.27 μs, 19.57 μs)
  MemoryCacheProviderBenchmarks.RemoveAsync: IterationCount=20, WarmupCount=5                   -> 1 outlier  was  removed (2.99 μs)
  MemoryCacheProviderBenchmarks.SetWithSlidingExpirationAsync: IterationCount=20, WarmupCount=5 -> 2 outliers were removed (10.26 μs, 18.52 μs)
  MemoryCacheProviderBenchmarks.SetAsync: IterationCount=20, WarmupCount=5                      -> 2 outliers were removed (11.50 μs, 18.89 μs)
// * Config Issues *

// * Warnings *
Configuration
  Summary -> The exporter CsvExporter is already present in configuration. There may be unexpected results.
  Summary -> The exporter HtmlExporter is already present in configuration. There may be unexpected results.
  Summary -> The exporter MarkdownExporter-github is already present in configuration. There may be unexpected results.

// * Legends *
  Mean        : Arithmetic mean of all measurements
  Error       : Half of 99.9% confidence interval
  StdDev      : Standard deviation of all measurements
  Ratio       : Mean of the ratio distribution ([Current]/[Baseline])
  RatioSD     : Standard deviation of the ratio distribution ([Current]/[Baseline])
  Gen0        : GC Generation 0 collects per 1000 operations
  Gen1        : GC Generation 1 collects per 1000 operations
  Allocated   : Allocated memory per single operation (managed only, inclusive, 1KB = 1024B)
  Alloc Ratio : Allocated memory ratio distribution ([Current]/[Baseline])
  1 ns        : 1 Nanosecond (0.000000001 sec)

// * Diagnostic Output - MemoryDiagnoser *


// ***** BenchmarkRunner: End *****
Run time: 00:12:40 (760.47 sec), executed benchmarks: 18

Global total time: 00:13:40 (820.23 sec), executed benchmarks: 18
// * Artifacts cleanup *
Artifacts cleanup is finished
