// Validating benchmarks:
// ***** BenchmarkRunner: Start   *****
// ***** Found 22 benchmark(s) in total *****
// ***** Building 1 exe(s) in Parallel: Start   *****
// start dotnet  restore --nodeReuse:false /p:UseSharedCompilation=false /p:Deterministic=true /p:Optimize=true /p:ArtifactsPath="/home/runner/work/Encina/Encina/tests/Encina.BenchmarkTests/Encina.Caching.Hybrid.Benchmarks/bin/Release/net10.0/Encina.Caching.Hybrid.Benchmarks-Job-NUBXJZ-1/" /p:OutDir="/home/runner/work/Encina/Encina/tests/Encina.BenchmarkTests/Encina.Caching.Hybrid.Benchmarks/bin/Release/net10.0/Encina.Caching.Hybrid.Benchmarks-Job-NUBXJZ-1/bin/Release/net10.0/" /p:OutputPath="/home/runner/work/Encina/Encina/tests/Encina.BenchmarkTests/Encina.Caching.Hybrid.Benchmarks/bin/Release/net10.0/Encina.Caching.Hybrid.Benchmarks-Job-NUBXJZ-1/bin/Release/net10.0/" /p:PublishDir="/home/runner/work/Encina/Encina/tests/Encina.BenchmarkTests/Encina.Caching.Hybrid.Benchmarks/bin/Release/net10.0/Encina.Caching.Hybrid.Benchmarks-Job-NUBXJZ-1/publish/" in /home/runner/work/Encina/Encina/tests/Encina.BenchmarkTests/Encina.Caching.Hybrid.Benchmarks/bin/Release/net10.0/Encina.Caching.Hybrid.Benchmarks-Job-NUBXJZ-1
// command took 3.35 sec and exited with 0
// start dotnet  build -c Release --no-restore --nodeReuse:false /p:UseSharedCompilation=false /p:Deterministic=true /p:Optimize=true /p:ArtifactsPath="/home/runner/work/Encina/Encina/tests/Encina.BenchmarkTests/Encina.Caching.Hybrid.Benchmarks/bin/Release/net10.0/Encina.Caching.Hybrid.Benchmarks-Job-NUBXJZ-1/" /p:OutDir="/home/runner/work/Encina/Encina/tests/Encina.BenchmarkTests/Encina.Caching.Hybrid.Benchmarks/bin/Release/net10.0/Encina.Caching.Hybrid.Benchmarks-Job-NUBXJZ-1/bin/Release/net10.0/" /p:OutputPath="/home/runner/work/Encina/Encina/tests/Encina.BenchmarkTests/Encina.Caching.Hybrid.Benchmarks/bin/Release/net10.0/Encina.Caching.Hybrid.Benchmarks-Job-NUBXJZ-1/bin/Release/net10.0/" /p:PublishDir="/home/runner/work/Encina/Encina/tests/Encina.BenchmarkTests/Encina.Caching.Hybrid.Benchmarks/bin/Release/net10.0/Encina.Caching.Hybrid.Benchmarks-Job-NUBXJZ-1/publish/" --output "/home/runner/work/Encina/Encina/tests/Encina.BenchmarkTests/Encina.Caching.Hybrid.Benchmarks/bin/Release/net10.0/Encina.Caching.Hybrid.Benchmarks-Job-NUBXJZ-1/bin/Release/net10.0/" in /home/runner/work/Encina/Encina/tests/Encina.BenchmarkTests/Encina.Caching.Hybrid.Benchmarks/bin/Release/net10.0/Encina.Caching.Hybrid.Benchmarks-Job-NUBXJZ-1
// command took 51.9 sec and exited with 0
// ***** Done, took 00:00:55 (55.44 sec)   *****
// Found 22 benchmarks:
//   HybridCacheProviderBenchmarks.ExistsAsync_False: Job-NUBXJZ(IterationCount=20, WarmupCount=5)
//   HybridCacheProviderBenchmarks.ExistsAsync_False: MediumRun(IterationCount=15, LaunchCount=2, WarmupCount=10)
//   HybridCacheProviderBenchmarks.ExistsAsync_True: Job-NUBXJZ(IterationCount=20, WarmupCount=5)
//   HybridCacheProviderBenchmarks.ExistsAsync_True: MediumRun(IterationCount=15, LaunchCount=2, WarmupCount=10)
//   HybridCacheProviderBenchmarks.GetAsync_CacheHit: Job-NUBXJZ(IterationCount=20, WarmupCount=5)
//   HybridCacheProviderBenchmarks.GetAsync_CacheHit: MediumRun(IterationCount=15, LaunchCount=2, WarmupCount=10)
//   HybridCacheProviderBenchmarks.GetAsync_CacheMiss: Job-NUBXJZ(IterationCount=20, WarmupCount=5)
//   HybridCacheProviderBenchmarks.GetAsync_CacheMiss: MediumRun(IterationCount=15, LaunchCount=2, WarmupCount=10)
//   HybridCacheProviderBenchmarks.GetOrSetAsync_CacheHit: Job-NUBXJZ(IterationCount=20, WarmupCount=5)
//   HybridCacheProviderBenchmarks.GetOrSetAsync_CacheHit: MediumRun(IterationCount=15, LaunchCount=2, WarmupCount=10)
//   HybridCacheProviderBenchmarks.GetOrSetAsync_CacheMiss: Job-NUBXJZ(IterationCount=20, WarmupCount=5)
//   HybridCacheProviderBenchmarks.GetOrSetAsync_CacheMiss: MediumRun(IterationCount=15, LaunchCount=2, WarmupCount=10)
//   HybridCacheProviderBenchmarks.GetOrSetAsync_WithTags: Job-NUBXJZ(IterationCount=20, WarmupCount=5)
//   HybridCacheProviderBenchmarks.GetOrSetAsync_WithTags: MediumRun(IterationCount=15, LaunchCount=2, WarmupCount=10)
//   HybridCacheProviderBenchmarks.RemoveAsync: Job-NUBXJZ(IterationCount=20, WarmupCount=5)
//   HybridCacheProviderBenchmarks.RemoveAsync: MediumRun(IterationCount=15, LaunchCount=2, WarmupCount=10)
//   HybridCacheProviderBenchmarks.RemoveByTagAsync: Job-NUBXJZ(IterationCount=20, WarmupCount=5)
//   HybridCacheProviderBenchmarks.RemoveByTagAsync: MediumRun(IterationCount=15, LaunchCount=2, WarmupCount=10)
//   HybridCacheProviderBenchmarks.SetAsync: Job-NUBXJZ(IterationCount=20, WarmupCount=5)
//   HybridCacheProviderBenchmarks.SetAsync: MediumRun(IterationCount=15, LaunchCount=2, WarmupCount=10)
//   HybridCacheProviderBenchmarks.SetWithSlidingExpirationAsync: Job-NUBXJZ(IterationCount=20, WarmupCount=5)
//   HybridCacheProviderBenchmarks.SetWithSlidingExpirationAsync: MediumRun(IterationCount=15, LaunchCount=2, WarmupCount=10)

// **************************
// Benchmark: HybridCacheProviderBenchmarks.ExistsAsync_False: Job-NUBXJZ(IterationCount=20, WarmupCount=5)
// *** Execute ***
// Launch: 1 / 1
// Execute: dotnet Encina.Caching.Hybrid.Benchmarks-Job-NUBXJZ-1.dll --anonymousPipes 166 167 --benchmarkName Encina.Caching.Hybrid.Benchmarks.Benchmarks.HybridCacheProviderBenchmarks.ExistsAsync_False --job "IterationCount=20, WarmupCount=5" --benchmarkId 0 in /home/runner/work/Encina/Encina/tests/Encina.BenchmarkTests/Encina.Caching.Hybrid.Benchmarks/bin/Release/net10.0/Encina.Caching.Hybrid.Benchmarks-Job-NUBXJZ-1/bin/Release/net10.0
// Failed to set up high priority (Permission denied). In order to run benchmarks with high priority, make sure you have the right permissions.
// BeforeAnythingElse

// Benchmark Process Environment Information:
// BenchmarkDotNet v0.15.8
// Runtime=.NET 10.0.12 (10.0.12, 10.0.1226.42308), X64 RyuJIT x86-64-v3
// GC=Concurrent Workstation
// HardwareIntrinsics=AVX2+BMI1+BMI2+F16C+FMA+LZCNT+MOVBE,AVX,SSE3+SSSE3+SSE4.1+SSE4.2+POPCNT,X86Base+SSE+SSE2,AES+PCLMUL VectorSize=256
// Job: Job-NUBXJZ(IterationCount=20, WarmupCount=5)

OverheadJitting  1: 1 op, 223374.00 ns, 223.3740 us/op
WorkloadJitting  1: 1 op, 21206796.00 ns, 21.2068 ms/op

OverheadJitting  2: 16 op, 522160.00 ns, 32.6350 us/op
WorkloadJitting  2: 16 op, 491212.00 ns, 30.7008 us/op

WorkloadPilot    1: 16 op, 46537.00 ns, 2.9086 us/op
WorkloadPilot    2: 32 op, 64329.00 ns, 2.0103 us/op
WorkloadPilot    3: 64 op, 115314.00 ns, 1.8018 us/op
WorkloadPilot    4: 128 op, 237461.00 ns, 1.8552 us/op
WorkloadPilot    5: 256 op, 422335.00 ns, 1.6497 us/op
WorkloadPilot    6: 512 op, 807540.00 ns, 1.5772 us/op
WorkloadPilot    7: 1024 op, 1399539.00 ns, 1.3667 us/op
WorkloadPilot    8: 2048 op, 2994912.00 ns, 1.4624 us/op
WorkloadPilot    9: 4096 op, 6049155.00 ns, 1.4768 us/op
WorkloadPilot   10: 8192 op, 11650899.00 ns, 1.4222 us/op
WorkloadPilot   11: 16384 op, 23450002.00 ns, 1.4313 us/op
WorkloadPilot   12: 32768 op, 44220869.00 ns, 1.3495 us/op
WorkloadPilot   13: 65536 op, 77599781.00 ns, 1.1841 us/op
WorkloadPilot   14: 131072 op, 155278118.00 ns, 1.1847 us/op
WorkloadPilot   15: 262144 op, 310668755.00 ns, 1.1851 us/op
WorkloadPilot   16: 524288 op, 620453249.00 ns, 1.1834 us/op

OverheadWarmup   1: 524288 op, 1007852.00 ns, 1.9223 ns/op
OverheadWarmup   2: 524288 op, 1033289.00 ns, 1.9708 ns/op
OverheadWarmup   3: 524288 op, 1037085.00 ns, 1.9781 ns/op
OverheadWarmup   4: 524288 op, 1023631.00 ns, 1.9524 ns/op
OverheadWarmup   5: 524288 op, 987464.00 ns, 1.8834 ns/op
OverheadWarmup   6: 524288 op, 997673.00 ns, 1.9029 ns/op
OverheadWarmup   7: 524288 op, 1001250.00 ns, 1.9097 ns/op
OverheadWarmup   8: 524288 op, 1024884.00 ns, 1.9548 ns/op
OverheadWarmup   9: 524288 op, 1014184.00 ns, 1.9344 ns/op

OverheadActual   1: 524288 op, 999486.00 ns, 1.9064 ns/op
OverheadActual   2: 524288 op, 1049590.00 ns, 2.0019 ns/op
OverheadActual   3: 524288 op, 1028911.00 ns, 1.9625 ns/op
OverheadActual   4: 524288 op, 1038540.00 ns, 1.9809 ns/op
OverheadActual   5: 524288 op, 1035533.00 ns, 1.9751 ns/op
OverheadActual   6: 524288 op, 1017310.00 ns, 1.9404 ns/op
OverheadActual   7: 524288 op, 990760.00 ns, 1.8897 ns/op
OverheadActual   8: 524288 op, 1036455.00 ns, 1.9769 ns/op
OverheadActual   9: 524288 op, 962668.00 ns, 1.8361 ns/op
OverheadActual  10: 524288 op, 991031.00 ns, 1.8902 ns/op
OverheadActual  11: 524288 op, 1023962.00 ns, 1.9531 ns/op
OverheadActual  12: 524288 op, 965984.00 ns, 1.8425 ns/op
OverheadActual  13: 524288 op, 1031175.00 ns, 1.9668 ns/op
OverheadActual  14: 524288 op, 1052245.00 ns, 2.0070 ns/op
OverheadActual  15: 524288 op, 1033199.00 ns, 1.9707 ns/op

WorkloadWarmup   1: 524288 op, 625947652.00 ns, 1.1939 us/op
WorkloadWarmup   2: 524288 op, 627529730.00 ns, 1.1969 us/op
WorkloadWarmup   3: 524288 op, 631721937.00 ns, 1.2049 us/op
WorkloadWarmup   4: 524288 op, 624617882.00 ns, 1.1914 us/op
WorkloadWarmup   5: 524288 op, 622768809.00 ns, 1.1878 us/op

// BeforeActualRun
WorkloadActual   1: 524288 op, 623718083.00 ns, 1.1896 us/op
WorkloadActual   2: 524288 op, 622589184.00 ns, 1.1875 us/op
WorkloadActual   3: 524288 op, 625197508.00 ns, 1.1925 us/op
WorkloadActual   4: 524288 op, 626329901.00 ns, 1.1946 us/op
WorkloadActual   5: 524288 op, 625278208.00 ns, 1.1926 us/op
WorkloadActual   6: 524288 op, 627113978.00 ns, 1.1961 us/op
WorkloadActual   7: 524288 op, 623979416.00 ns, 1.1901 us/op
WorkloadActual   8: 524288 op, 626752436.00 ns, 1.1954 us/op
WorkloadActual   9: 524288 op, 624712139.00 ns, 1.1915 us/op
WorkloadActual  10: 524288 op, 623735984.00 ns, 1.1897 us/op
WorkloadActual  11: 524288 op, 622303674.00 ns, 1.1870 us/op
WorkloadActual  12: 524288 op, 626731637.00 ns, 1.1954 us/op
WorkloadActual  13: 524288 op, 624951664.00 ns, 1.1920 us/op
WorkloadActual  14: 524288 op, 624787419.00 ns, 1.1917 us/op
WorkloadActual  15: 524288 op, 657164405.00 ns, 1.2534 us/op
WorkloadActual  16: 524288 op, 623937711.00 ns, 1.1901 us/op
WorkloadActual  17: 524288 op, 622438406.00 ns, 1.1872 us/op
WorkloadActual  18: 524288 op, 622951959.00 ns, 1.1882 us/op
WorkloadActual  19: 524288 op, 620872168.00 ns, 1.1842 us/op
WorkloadActual  20: 524288 op, 623752065.00 ns, 1.1897 us/op

// AfterActualRun
WorkloadResult   1: 524288 op, 622689172.00 ns, 1.1877 us/op
WorkloadResult   2: 524288 op, 621560273.00 ns, 1.1855 us/op
WorkloadResult   3: 524288 op, 624168597.00 ns, 1.1905 us/op
WorkloadResult   4: 524288 op, 625300990.00 ns, 1.1927 us/op
WorkloadResult   5: 524288 op, 624249297.00 ns, 1.1907 us/op
WorkloadResult   6: 524288 op, 626085067.00 ns, 1.1942 us/op
WorkloadResult   7: 524288 op, 622950505.00 ns, 1.1882 us/op
WorkloadResult   8: 524288 op, 625723525.00 ns, 1.1935 us/op
WorkloadResult   9: 524288 op, 623683228.00 ns, 1.1896 us/op
WorkloadResult  10: 524288 op, 622707073.00 ns, 1.1877 us/op
WorkloadResult  11: 524288 op, 621274763.00 ns, 1.1850 us/op
WorkloadResult  12: 524288 op, 625702726.00 ns, 1.1934 us/op
WorkloadResult  13: 524288 op, 623922753.00 ns, 1.1900 us/op
WorkloadResult  14: 524288 op, 623758508.00 ns, 1.1897 us/op
WorkloadResult  15: 524288 op, 622908800.00 ns, 1.1881 us/op
WorkloadResult  16: 524288 op, 621409495.00 ns, 1.1852 us/op
WorkloadResult  17: 524288 op, 621923048.00 ns, 1.1862 us/op
WorkloadResult  18: 524288 op, 619843257.00 ns, 1.1823 us/op
WorkloadResult  19: 524288 op, 622723154.00 ns, 1.1878 us/op
// GC:  19 0 0 322961408 524288
// Threading:  0 0 524288

// AfterAll
// Benchmark Process 3300 has exited with code 0.

Mean = 1.189 μs, StdErr = 0.001 μs (0.06%), N = 19, StdDev = 0.003 μs
Min = 1.182 μs, Q1 = 1.187 μs, Median = 1.188 μs, Q3 = 1.191 μs, Max = 1.194 μs
IQR = 0.004 μs, LowerFence = 1.182 μs, UpperFence = 1.196 μs
ConfidenceInterval = [1.186 μs; 1.192 μs] (CI 99.9%), Margin = 0.003 μs (0.24% of Mean)
Skewness = -0.05, Kurtosis = 2.11, MValue = 2

// ** Remained 21 (95.5 %) benchmark(s) to run. Estimated finish 2026-10-04 2:46 (0h 6m from now) **
// **************************
// Benchmark: HybridCacheProviderBenchmarks.ExistsAsync_False: MediumRun(IterationCount=15, LaunchCount=2, WarmupCount=10)
// *** Execute ***
// Launch: 1 / 2
// Execute: dotnet Encina.Caching.Hybrid.Benchmarks-Job-NUBXJZ-1.dll --anonymousPipes 166 167 --benchmarkName Encina.Caching.Hybrid.Benchmarks.Benchmarks.HybridCacheProviderBenchmarks.ExistsAsync_False --job MediumRun --benchmarkId 1 in /home/runner/work/Encina/Encina/tests/Encina.BenchmarkTests/Encina.Caching.Hybrid.Benchmarks/bin/Release/net10.0/Encina.Caching.Hybrid.Benchmarks-Job-NUBXJZ-1/bin/Release/net10.0
// Failed to set up high priority (Permission denied). In order to run benchmarks with high priority, make sure you have the right permissions.
// BeforeAnythingElse

// Benchmark Process Environment Information:
// BenchmarkDotNet v0.15.8
// Runtime=.NET 10.0.12 (10.0.12, 10.0.1226.42308), X64 RyuJIT x86-64-v3
// GC=Concurrent Workstation
// HardwareIntrinsics=AVX2+BMI1+BMI2+F16C+FMA+LZCNT+MOVBE,AVX,SSE3+SSSE3+SSE4.1+SSE4.2+POPCNT,X86Base+SSE+SSE2,AES+PCLMUL VectorSize=256
// Job: MediumRun(IterationCount=15, LaunchCount=2, WarmupCount=10)

OverheadJitting  1: 1 op, 210270.00 ns, 210.2700 us/op
WorkloadJitting  1: 1 op, 21210150.00 ns, 21.2102 ms/op

OverheadJitting  2: 16 op, 364778.00 ns, 22.7986 us/op
WorkloadJitting  2: 16 op, 515648.00 ns, 32.2280 us/op

WorkloadPilot    1: 16 op, 65672.00 ns, 4.1045 us/op
WorkloadPilot    2: 32 op, 83716.00 ns, 2.6161 us/op
WorkloadPilot    3: 64 op, 154697.00 ns, 2.4171 us/op
WorkloadPilot    4: 128 op, 263710.00 ns, 2.0602 us/op
WorkloadPilot    5: 256 op, 440478.00 ns, 1.7206 us/op
WorkloadPilot    6: 512 op, 699840.00 ns, 1.3669 us/op
WorkloadPilot    7: 1024 op, 1515193.00 ns, 1.4797 us/op
WorkloadPilot    8: 2048 op, 2921476.00 ns, 1.4265 us/op
WorkloadPilot    9: 4096 op, 5877826.00 ns, 1.4350 us/op
WorkloadPilot   10: 8192 op, 11662549.00 ns, 1.4237 us/op
WorkloadPilot   11: 16384 op, 21748960.00 ns, 1.3275 us/op
WorkloadPilot   12: 32768 op, 44085330.00 ns, 1.3454 us/op
WorkloadPilot   13: 65536 op, 78912127.00 ns, 1.2041 us/op
WorkloadPilot   14: 131072 op, 151703116.00 ns, 1.1574 us/op
WorkloadPilot   15: 262144 op, 305843801.00 ns, 1.1667 us/op
WorkloadPilot   16: 524288 op, 616936659.00 ns, 1.1767 us/op

OverheadWarmup   1: 524288 op, 986452.00 ns, 1.8815 ns/op
OverheadWarmup   2: 524288 op, 1048237.00 ns, 1.9994 ns/op
OverheadWarmup   3: 524288 op, 979829.00 ns, 1.8689 ns/op
OverheadWarmup   4: 524288 op, 1008362.00 ns, 1.9233 ns/op
OverheadWarmup   5: 524288 op, 951337.00 ns, 1.8145 ns/op

OverheadActual   1: 524288 op, 984177.00 ns, 1.8772 ns/op
OverheadActual   2: 524288 op, 972225.00 ns, 1.8544 ns/op
OverheadActual   3: 524288 op, 985761.00 ns, 1.8802 ns/op
OverheadActual   4: 524288 op, 1002352.00 ns, 1.9118 ns/op
OverheadActual   5: 524288 op, 991671.00 ns, 1.8915 ns/op
OverheadActual   6: 524288 op, 1056863.00 ns, 2.0158 ns/op
OverheadActual   7: 524288 op, 992914.00 ns, 1.8938 ns/op
OverheadActual   8: 524288 op, 968138.00 ns, 1.8466 ns/op
OverheadActual   9: 524288 op, 982424.00 ns, 1.8738 ns/op
OverheadActual  10: 524288 op, 998134.00 ns, 1.9038 ns/op
OverheadActual  11: 524288 op, 974449.00 ns, 1.8586 ns/op
OverheadActual  12: 524288 op, 965292.00 ns, 1.8411 ns/op
OverheadActual  13: 524288 op, 1017279.00 ns, 1.9403 ns/op
OverheadActual  14: 524288 op, 964431.00 ns, 1.8395 ns/op
OverheadActual  15: 524288 op, 1027938.00 ns, 1.9606 ns/op

WorkloadWarmup   1: 524288 op, 618277919.00 ns, 1.1793 us/op
WorkloadWarmup   2: 524288 op, 617831619.00 ns, 1.1784 us/op
WorkloadWarmup   3: 524288 op, 613511282.00 ns, 1.1702 us/op
WorkloadWarmup   4: 524288 op, 614258449.00 ns, 1.1716 us/op
WorkloadWarmup   5: 524288 op, 614043290.00 ns, 1.1712 us/op
WorkloadWarmup   6: 524288 op, 614142464.00 ns, 1.1714 us/op
WorkloadWarmup   7: 524288 op, 614635790.00 ns, 1.1723 us/op
WorkloadWarmup   8: 524288 op, 614448473.00 ns, 1.1720 us/op
WorkloadWarmup   9: 524288 op, 612054717.00 ns, 1.1674 us/op
WorkloadWarmup  10: 524288 op, 616257151.00 ns, 1.1754 us/op

// BeforeActualRun
WorkloadActual   1: 524288 op, 616718919.00 ns, 1.1763 us/op
WorkloadActual   2: 524288 op, 613992956.00 ns, 1.1711 us/op
WorkloadActual   3: 524288 op, 614087933.00 ns, 1.1713 us/op
WorkloadActual   4: 524288 op, 617416554.00 ns, 1.1776 us/op
WorkloadActual   5: 524288 op, 617442345.00 ns, 1.1777 us/op
WorkloadActual   6: 524288 op, 613587303.00 ns, 1.1703 us/op
WorkloadActual   7: 524288 op, 617348527.00 ns, 1.1775 us/op
WorkloadActual   8: 524288 op, 613315769.00 ns, 1.1698 us/op
WorkloadActual   9: 524288 op, 613241650.00 ns, 1.1697 us/op
WorkloadActual  10: 524288 op, 614691563.00 ns, 1.1724 us/op
WorkloadActual  11: 524288 op, 613935840.00 ns, 1.1710 us/op
WorkloadActual  12: 524288 op, 618065249.00 ns, 1.1789 us/op
WorkloadActual  13: 524288 op, 621221833.00 ns, 1.1849 us/op
WorkloadActual  14: 524288 op, 612774403.00 ns, 1.1688 us/op
WorkloadActual  15: 524288 op, 612335308.00 ns, 1.1679 us/op

// AfterActualRun
WorkloadResult   1: 524288 op, 615733158.00 ns, 1.1744 us/op
WorkloadResult   2: 524288 op, 613007195.00 ns, 1.1692 us/op
WorkloadResult   3: 524288 op, 613102172.00 ns, 1.1694 us/op
WorkloadResult   4: 524288 op, 616430793.00 ns, 1.1757 us/op
WorkloadResult   5: 524288 op, 616456584.00 ns, 1.1758 us/op
WorkloadResult   6: 524288 op, 612601542.00 ns, 1.1684 us/op
WorkloadResult   7: 524288 op, 616362766.00 ns, 1.1756 us/op
WorkloadResult   8: 524288 op, 612330008.00 ns, 1.1679 us/op
WorkloadResult   9: 524288 op, 612255889.00 ns, 1.1678 us/op
WorkloadResult  10: 524288 op, 613705802.00 ns, 1.1706 us/op
WorkloadResult  11: 524288 op, 612950079.00 ns, 1.1691 us/op
WorkloadResult  12: 524288 op, 617079488.00 ns, 1.1770 us/op
WorkloadResult  13: 524288 op, 620236072.00 ns, 1.1830 us/op
WorkloadResult  14: 524288 op, 611788642.00 ns, 1.1669 us/op
WorkloadResult  15: 524288 op, 611349547.00 ns, 1.1661 us/op
// GC:  19 0 0 322961408 524288
// Threading:  0 0 524288

// AfterAll
// Benchmark Process 3312 has exited with code 0.
// Launch: 2 / 2
// Execute: dotnet Encina.Caching.Hybrid.Benchmarks-Job-NUBXJZ-1.dll --anonymousPipes 166 167 --benchmarkName Encina.Caching.Hybrid.Benchmarks.Benchmarks.HybridCacheProviderBenchmarks.ExistsAsync_False --job MediumRun --benchmarkId 1 in /home/runner/work/Encina/Encina/tests/Encina.BenchmarkTests/Encina.Caching.Hybrid.Benchmarks/bin/Release/net10.0/Encina.Caching.Hybrid.Benchmarks-Job-NUBXJZ-1/bin/Release/net10.0
// Failed to set up high priority (Permission denied). In order to run benchmarks with high priority, make sure you have the right permissions.
// BeforeAnythingElse

// Benchmark Process Environment Information:
// BenchmarkDotNet v0.15.8
// Runtime=.NET 10.0.12 (10.0.12, 10.0.1226.42308), X64 RyuJIT x86-64-v3
// GC=Concurrent Workstation
// HardwareIntrinsics=AVX2+BMI1+BMI2+F16C+FMA+LZCNT+MOVBE,AVX,SSE3+SSSE3+SSE4.1+SSE4.2+POPCNT,X86Base+SSE+SSE2,AES+PCLMUL VectorSize=256
// Job: MediumRun(IterationCount=15, LaunchCount=2, WarmupCount=10)

OverheadJitting  1: 1 op, 213917.00 ns, 213.9170 us/op
WorkloadJitting  1: 1 op, 21018965.00 ns, 21.0190 ms/op

OverheadJitting  2: 16 op, 335413.00 ns, 20.9633 us/op
WorkloadJitting  2: 16 op, 530726.00 ns, 33.1704 us/op

WorkloadPilot    1: 16 op, 67055.00 ns, 4.1909 us/op
WorkloadPilot    2: 32 op, 105235.00 ns, 3.2886 us/op
WorkloadPilot    3: 64 op, 163033.00 ns, 2.5474 us/op
WorkloadPilot    4: 128 op, 253951.00 ns, 1.9840 us/op
WorkloadPilot    5: 256 op, 445807.00 ns, 1.7414 us/op
WorkloadPilot    6: 512 op, 706232.00 ns, 1.3794 us/op
WorkloadPilot    7: 1024 op, 1535552.00 ns, 1.4996 us/op
WorkloadPilot    8: 2048 op, 2899965.00 ns, 1.4160 us/op
WorkloadPilot    9: 4096 op, 5870722.00 ns, 1.4333 us/op
WorkloadPilot   10: 8192 op, 11609129.00 ns, 1.4171 us/op
WorkloadPilot   11: 16384 op, 21715077.00 ns, 1.3254 us/op
WorkloadPilot   12: 32768 op, 43990615.00 ns, 1.3425 us/op
WorkloadPilot   13: 65536 op, 78436535.00 ns, 1.1968 us/op
WorkloadPilot   14: 131072 op, 151700853.00 ns, 1.1574 us/op
WorkloadPilot   15: 262144 op, 303462169.00 ns, 1.1576 us/op
WorkloadPilot   16: 524288 op, 610065646.00 ns, 1.1636 us/op

OverheadWarmup   1: 524288 op, 1032898.00 ns, 1.9701 ns/op
OverheadWarmup   2: 524288 op, 1017560.00 ns, 1.9408 ns/op
OverheadWarmup   3: 524288 op, 960484.00 ns, 1.8320 ns/op
OverheadWarmup   4: 524288 op, 1024332.00 ns, 1.9538 ns/op
OverheadWarmup   5: 524288 op, 998976.00 ns, 1.9054 ns/op
OverheadWarmup   6: 524288 op, 1004976.00 ns, 1.9168 ns/op
OverheadWarmup   7: 524288 op, 1006389.00 ns, 1.9195 ns/op
OverheadWarmup   8: 524288 op, 980952.00 ns, 1.8710 ns/op

OverheadActual   1: 524288 op, 990640.00 ns, 1.8895 ns/op
OverheadActual   2: 524288 op, 977776.00 ns, 1.8650 ns/op
OverheadActual   3: 524288 op, 1002833.00 ns, 1.9128 ns/op
OverheadActual   4: 524288 op, 1015917.00 ns, 1.9377 ns/op
OverheadActual   5: 524288 op, 1003153.00 ns, 1.9134 ns/op
OverheadActual   6: 524288 op, 984949.00 ns, 1.8786 ns/op
OverheadActual   7: 524288 op, 1003093.00 ns, 1.9132 ns/op
OverheadActual   8: 524288 op, 975361.00 ns, 1.8604 ns/op
OverheadActual   9: 524288 op, 986642.00 ns, 1.8819 ns/op
OverheadActual  10: 524288 op, 987254.00 ns, 1.8830 ns/op
OverheadActual  11: 524288 op, 1004335.00 ns, 1.9156 ns/op
OverheadActual  12: 524288 op, 980711.00 ns, 1.8706 ns/op
OverheadActual  13: 524288 op, 1012991.00 ns, 1.9321 ns/op
OverheadActual  14: 524288 op, 980271.00 ns, 1.8697 ns/op
OverheadActual  15: 524288 op, 990259.00 ns, 1.8888 ns/op

WorkloadWarmup   1: 524288 op, 617673193.00 ns, 1.1781 us/op
WorkloadWarmup   2: 524288 op, 611298213.00 ns, 1.1660 us/op
WorkloadWarmup   3: 524288 op, 611955193.00 ns, 1.1672 us/op
WorkloadWarmup   4: 524288 op, 608899218.00 ns, 1.1614 us/op
WorkloadWarmup   5: 524288 op, 611927613.00 ns, 1.1672 us/op
WorkloadWarmup   6: 524288 op, 609810580.00 ns, 1.1631 us/op
WorkloadWarmup   7: 524288 op, 620442146.00 ns, 1.1834 us/op
WorkloadWarmup   8: 524288 op, 611384474.00 ns, 1.1661 us/op
WorkloadWarmup   9: 524288 op, 606793257.00 ns, 1.1574 us/op
WorkloadWarmup  10: 524288 op, 608321385.00 ns, 1.1603 us/op

// BeforeActualRun
WorkloadActual   1: 524288 op, 610954926.00 ns, 1.1653 us/op
WorkloadActual   2: 524288 op, 610393934.00 ns, 1.1642 us/op
WorkloadActual   3: 524288 op, 612253267.00 ns, 1.1678 us/op
WorkloadActual   4: 524288 op, 611560183.00 ns, 1.1665 us/op
WorkloadActual   5: 524288 op, 608962248.00 ns, 1.1615 us/op
WorkloadActual   6: 524288 op, 616940665.00 ns, 1.1767 us/op
WorkloadActual   7: 524288 op, 612098612.00 ns, 1.1675 us/op
WorkloadActual   8: 524288 op, 613624567.00 ns, 1.1704 us/op
WorkloadActual   9: 524288 op, 612326085.00 ns, 1.1679 us/op
WorkloadActual  10: 524288 op, 611832138.00 ns, 1.1670 us/op
WorkloadActual  11: 524288 op, 612401805.00 ns, 1.1681 us/op
WorkloadActual  12: 524288 op, 610566257.00 ns, 1.1646 us/op
WorkloadActual  13: 524288 op, 609586878.00 ns, 1.1627 us/op
WorkloadActual  14: 524288 op, 612778255.00 ns, 1.1688 us/op
WorkloadActual  15: 524288 op, 609430858.00 ns, 1.1624 us/op

// AfterActualRun
WorkloadResult   1: 524288 op, 609964667.00 ns, 1.1634 us/op
WorkloadResult   2: 524288 op, 609403675.00 ns, 1.1623 us/op
WorkloadResult   3: 524288 op, 611263008.00 ns, 1.1659 us/op
WorkloadResult   4: 524288 op, 610569924.00 ns, 1.1646 us/op
WorkloadResult   5: 524288 op, 607971989.00 ns, 1.1596 us/op
WorkloadResult   6: 524288 op, 611108353.00 ns, 1.1656 us/op
WorkloadResult   7: 524288 op, 612634308.00 ns, 1.1685 us/op
WorkloadResult   8: 524288 op, 611335826.00 ns, 1.1660 us/op
WorkloadResult   9: 524288 op, 610841879.00 ns, 1.1651 us/op
WorkloadResult  10: 524288 op, 611411546.00 ns, 1.1662 us/op
WorkloadResult  11: 524288 op, 609575998.00 ns, 1.1627 us/op
WorkloadResult  12: 524288 op, 608596619.00 ns, 1.1608 us/op
WorkloadResult  13: 524288 op, 611787996.00 ns, 1.1669 us/op
WorkloadResult  14: 524288 op, 608440599.00 ns, 1.1605 us/op
// GC:  19 0 0 322961408 524288
// Threading:  0 0 524288

// AfterAll
// Benchmark Process 3323 has exited with code 0.

Mean = 1.168 μs, StdErr = 0.001 μs (0.09%), N = 29, StdDev = 0.005 μs
Min = 1.160 μs, Q1 = 1.165 μs, Median = 1.167 μs, Q3 = 1.169 μs, Max = 1.183 μs
IQR = 0.004 μs, LowerFence = 1.159 μs, UpperFence = 1.176 μs
ConfidenceInterval = [1.164 μs; 1.172 μs] (CI 99.9%), Margin = 0.004 μs (0.32% of Mean)
Skewness = 0.75, Kurtosis = 3.11, MValue = 2

// ** Remained 20 (90.9 %) benchmark(s) to run. Estimated finish 2026-10-04 2:49 (0h 8m from now) **
// **************************
// Benchmark: HybridCacheProviderBenchmarks.ExistsAsync_True: Job-NUBXJZ(IterationCount=20, WarmupCount=5)
// *** Execute ***
// Launch: 1 / 1
// Execute: dotnet Encina.Caching.Hybrid.Benchmarks-Job-NUBXJZ-1.dll --anonymousPipes 166 167 --benchmarkName Encina.Caching.Hybrid.Benchmarks.Benchmarks.HybridCacheProviderBenchmarks.ExistsAsync_True --job "IterationCount=20, WarmupCount=5" --benchmarkId 2 in /home/runner/work/Encina/Encina/tests/Encina.BenchmarkTests/Encina.Caching.Hybrid.Benchmarks/bin/Release/net10.0/Encina.Caching.Hybrid.Benchmarks-Job-NUBXJZ-1/bin/Release/net10.0
// Failed to set up high priority (Permission denied). In order to run benchmarks with high priority, make sure you have the right permissions.
// BeforeAnythingElse

// Benchmark Process Environment Information:
// BenchmarkDotNet v0.15.8
// Runtime=.NET 10.0.12 (10.0.12, 10.0.1226.42308), X64 RyuJIT x86-64-v3
// GC=Concurrent Workstation
// HardwareIntrinsics=AVX2+BMI1+BMI2+F16C+FMA+LZCNT+MOVBE,AVX,SSE3+SSSE3+SSE4.1+SSE4.2+POPCNT,X86Base+SSE+SSE2,AES+PCLMUL VectorSize=256
// Job: Job-NUBXJZ(IterationCount=20, WarmupCount=5)

OverheadJitting  1: 1 op, 213318.00 ns, 213.3180 us/op
WorkloadJitting  1: 1 op, 21318517.00 ns, 21.3185 ms/op

OverheadJitting  2: 16 op, 332499.00 ns, 20.7812 us/op
WorkloadJitting  2: 16 op, 465747.00 ns, 29.1092 us/op

WorkloadPilot    1: 16 op, 42148.00 ns, 2.6343 us/op
WorkloadPilot    2: 32 op, 63839.00 ns, 1.9950 us/op
WorkloadPilot    3: 64 op, 116206.00 ns, 1.8157 us/op
WorkloadPilot    4: 128 op, 230479.00 ns, 1.8006 us/op
WorkloadPilot    5: 256 op, 439318.00 ns, 1.7161 us/op
WorkloadPilot    6: 512 op, 718157.00 ns, 1.4027 us/op
WorkloadPilot    7: 1024 op, 1522155.00 ns, 1.4865 us/op
WorkloadPilot    8: 2048 op, 2968478.00 ns, 1.4495 us/op
WorkloadPilot    9: 4096 op, 5980436.00 ns, 1.4601 us/op
WorkloadPilot   10: 8192 op, 11937589.00 ns, 1.4572 us/op
WorkloadPilot   11: 16384 op, 24332240.00 ns, 1.4851 us/op
WorkloadPilot   12: 32768 op, 45258947.00 ns, 1.3812 us/op
WorkloadPilot   13: 65536 op, 81588396.00 ns, 1.2449 us/op
WorkloadPilot   14: 131072 op, 156283937.00 ns, 1.1924 us/op
WorkloadPilot   15: 262144 op, 312059159.00 ns, 1.1904 us/op
WorkloadPilot   16: 524288 op, 627521852.00 ns, 1.1969 us/op

OverheadWarmup   1: 524288 op, 1019724.00 ns, 1.9450 ns/op
OverheadWarmup   2: 524288 op, 996700.00 ns, 1.9011 ns/op
OverheadWarmup   3: 524288 op, 985049.00 ns, 1.8788 ns/op
OverheadWarmup   4: 524288 op, 974800.00 ns, 1.8593 ns/op
OverheadWarmup   5: 524288 op, 960583.00 ns, 1.8322 ns/op
OverheadWarmup   6: 524288 op, 978397.00 ns, 1.8661 ns/op
OverheadWarmup   7: 524288 op, 979830.00 ns, 1.8689 ns/op
OverheadWarmup   8: 524288 op, 961506.00 ns, 1.8339 ns/op
OverheadWarmup   9: 524288 op, 970653.00 ns, 1.8514 ns/op
OverheadWarmup  10: 524288 op, 1195400.00 ns, 2.2800 ns/op

OverheadActual   1: 524288 op, 992594.00 ns, 1.8932 ns/op
OverheadActual   2: 524288 op, 1021888.00 ns, 1.9491 ns/op
OverheadActual   3: 524288 op, 985210.00 ns, 1.8791 ns/op
OverheadActual   4: 524288 op, 1014363.00 ns, 1.9347 ns/op
OverheadActual   5: 524288 op, 996030.00 ns, 1.8998 ns/op
OverheadActual   6: 524288 op, 990389.00 ns, 1.8890 ns/op
OverheadActual   7: 524288 op, 974821.00 ns, 1.8593 ns/op
OverheadActual   8: 524288 op, 1004455.00 ns, 1.9158 ns/op
OverheadActual   9: 524288 op, 974089.00 ns, 1.8579 ns/op
OverheadActual  10: 524288 op, 985781.00 ns, 1.8802 ns/op
OverheadActual  11: 524288 op, 1052264.00 ns, 2.0070 ns/op
OverheadActual  12: 524288 op, 1010967.00 ns, 1.9283 ns/op
OverheadActual  13: 524288 op, 996471.00 ns, 1.9006 ns/op
OverheadActual  14: 524288 op, 959653.00 ns, 1.8304 ns/op
OverheadActual  15: 524288 op, 977715.00 ns, 1.8648 ns/op

WorkloadWarmup   1: 524288 op, 630559057.00 ns, 1.2027 us/op
WorkloadWarmup   2: 524288 op, 628719621.00 ns, 1.1992 us/op
WorkloadWarmup   3: 524288 op, 628596993.00 ns, 1.1990 us/op
WorkloadWarmup   4: 524288 op, 626394904.00 ns, 1.1948 us/op
WorkloadWarmup   5: 524288 op, 627594982.00 ns, 1.1970 us/op

// BeforeActualRun
WorkloadActual   1: 524288 op, 630667328.00 ns, 1.2029 us/op
WorkloadActual   2: 524288 op, 627833075.00 ns, 1.1975 us/op
WorkloadActual   3: 524288 op, 628776897.00 ns, 1.1993 us/op
WorkloadActual   4: 524288 op, 627157056.00 ns, 1.1962 us/op
WorkloadActual   5: 524288 op, 626130214.00 ns, 1.1942 us/op
WorkloadActual   6: 524288 op, 625434185.00 ns, 1.1929 us/op
WorkloadActual   7: 524288 op, 627503408.00 ns, 1.1969 us/op
WorkloadActual   8: 524288 op, 627127741.00 ns, 1.1962 us/op
WorkloadActual   9: 524288 op, 630822995.00 ns, 1.2032 us/op
WorkloadActual  10: 524288 op, 625779757.00 ns, 1.1936 us/op
WorkloadActual  11: 524288 op, 626942335.00 ns, 1.1958 us/op
WorkloadActual  12: 524288 op, 624009960.00 ns, 1.1902 us/op
WorkloadActual  13: 524288 op, 627126958.00 ns, 1.1961 us/op
WorkloadActual  14: 524288 op, 625938842.00 ns, 1.1939 us/op
WorkloadActual  15: 524288 op, 625886896.00 ns, 1.1938 us/op
WorkloadActual  16: 524288 op, 626814859.00 ns, 1.1956 us/op
WorkloadActual  17: 524288 op, 627634952.00 ns, 1.1971 us/op
WorkloadActual  18: 524288 op, 627133286.00 ns, 1.1962 us/op
WorkloadActual  19: 524288 op, 626892810.00 ns, 1.1957 us/op
WorkloadActual  20: 524288 op, 628411272.00 ns, 1.1986 us/op

// AfterActualRun
WorkloadResult   1: 524288 op, 626840481.00 ns, 1.1956 us/op
WorkloadResult   2: 524288 op, 627784303.00 ns, 1.1974 us/op
WorkloadResult   3: 524288 op, 626164462.00 ns, 1.1943 us/op
WorkloadResult   4: 524288 op, 625137620.00 ns, 1.1924 us/op
WorkloadResult   5: 524288 op, 624441591.00 ns, 1.1910 us/op
WorkloadResult   6: 524288 op, 626510814.00 ns, 1.1950 us/op
WorkloadResult   7: 524288 op, 626135147.00 ns, 1.1943 us/op
WorkloadResult   8: 524288 op, 624787163.00 ns, 1.1917 us/op
WorkloadResult   9: 524288 op, 625949741.00 ns, 1.1939 us/op
WorkloadResult  10: 524288 op, 623017366.00 ns, 1.1883 us/op
WorkloadResult  11: 524288 op, 626134364.00 ns, 1.1943 us/op
WorkloadResult  12: 524288 op, 624946248.00 ns, 1.1920 us/op
WorkloadResult  13: 524288 op, 624894302.00 ns, 1.1919 us/op
WorkloadResult  14: 524288 op, 625822265.00 ns, 1.1937 us/op
WorkloadResult  15: 524288 op, 626642358.00 ns, 1.1952 us/op
WorkloadResult  16: 524288 op, 626140692.00 ns, 1.1943 us/op
WorkloadResult  17: 524288 op, 625900216.00 ns, 1.1938 us/op
WorkloadResult  18: 524288 op, 627418678.00 ns, 1.1967 us/op
// GC:  19 0 0 322961408 524288
// Threading:  0 0 524288

// AfterAll
// Benchmark Process 3339 has exited with code 0.

Mean = 1.194 μs, StdErr = 0.001 μs (0.04%), N = 18, StdDev = 0.002 μs
Min = 1.188 μs, Q1 = 1.192 μs, Median = 1.194 μs, Q3 = 1.195 μs, Max = 1.197 μs
IQR = 0.003 μs, LowerFence = 1.188 μs, UpperFence = 1.199 μs
ConfidenceInterval = [1.192 μs; 1.196 μs] (CI 99.9%), Margin = 0.002 μs (0.17% of Mean)
Skewness = -0.51, Kurtosis = 3.03, MValue = 2

// ** Remained 19 (86.4 %) benchmark(s) to run. Estimated finish 2026-10-04 2:48 (0h 7m from now) **
// **************************
// Benchmark: HybridCacheProviderBenchmarks.ExistsAsync_True: MediumRun(IterationCount=15, LaunchCount=2, WarmupCount=10)
// *** Execute ***
// Launch: 1 / 2
// Execute: dotnet Encina.Caching.Hybrid.Benchmarks-Job-NUBXJZ-1.dll --anonymousPipes 166 167 --benchmarkName Encina.Caching.Hybrid.Benchmarks.Benchmarks.HybridCacheProviderBenchmarks.ExistsAsync_True --job MediumRun --benchmarkId 3 in /home/runner/work/Encina/Encina/tests/Encina.BenchmarkTests/Encina.Caching.Hybrid.Benchmarks/bin/Release/net10.0/Encina.Caching.Hybrid.Benchmarks-Job-NUBXJZ-1/bin/Release/net10.0
// Failed to set up high priority (Permission denied). In order to run benchmarks with high priority, make sure you have the right permissions.
// BeforeAnythingElse

// Benchmark Process Environment Information:
// BenchmarkDotNet v0.15.8
// Runtime=.NET 10.0.12 (10.0.12, 10.0.1226.42308), X64 RyuJIT x86-64-v3
// GC=Concurrent Workstation
// HardwareIntrinsics=AVX2+BMI1+BMI2+F16C+FMA+LZCNT+MOVBE,AVX,SSE3+SSSE3+SSE4.1+SSE4.2+POPCNT,X86Base+SSE+SSE2,AES+PCLMUL VectorSize=256
// Job: MediumRun(IterationCount=15, LaunchCount=2, WarmupCount=10)

OverheadJitting  1: 1 op, 215971.00 ns, 215.9710 us/op
WorkloadJitting  1: 1 op, 22282054.00 ns, 22.2821 ms/op

OverheadJitting  2: 16 op, 334171.00 ns, 20.8857 us/op
WorkloadJitting  2: 16 op, 458522.00 ns, 28.6576 us/op

WorkloadPilot    1: 16 op, 43070.00 ns, 2.6919 us/op
WorkloadPilot    2: 32 op, 64780.00 ns, 2.0244 us/op
WorkloadPilot    3: 64 op, 112289.00 ns, 1.7545 us/op
WorkloadPilot    4: 128 op, 219538.00 ns, 1.7151 us/op
WorkloadPilot    5: 256 op, 407307.00 ns, 1.5910 us/op
WorkloadPilot    6: 512 op, 819904.00 ns, 1.6014 us/op
WorkloadPilot    7: 1024 op, 1404821.00 ns, 1.3719 us/op
WorkloadPilot    8: 2048 op, 3032184.00 ns, 1.4806 us/op
WorkloadPilot    9: 4096 op, 5965916.00 ns, 1.4565 us/op
WorkloadPilot   10: 8192 op, 11971575.00 ns, 1.4614 us/op
WorkloadPilot   11: 16384 op, 22705262.00 ns, 1.3858 us/op
WorkloadPilot   12: 32768 op, 45670404.00 ns, 1.3938 us/op
WorkloadPilot   13: 65536 op, 80176783.00 ns, 1.2234 us/op
WorkloadPilot   14: 131072 op, 158334564.00 ns, 1.2080 us/op
WorkloadPilot   15: 262144 op, 315820130.00 ns, 1.2048 us/op
WorkloadPilot   16: 524288 op, 633633365.00 ns, 1.2086 us/op

OverheadWarmup   1: 524288 op, 1007242.00 ns, 1.9212 ns/op
OverheadWarmup   2: 524288 op, 971796.00 ns, 1.8536 ns/op
OverheadWarmup   3: 524288 op, 971396.00 ns, 1.8528 ns/op
OverheadWarmup   4: 524288 op, 963700.00 ns, 1.8381 ns/op
OverheadWarmup   5: 524288 op, 989128.00 ns, 1.8866 ns/op
OverheadWarmup   6: 524288 op, 971846.00 ns, 1.8536 ns/op
OverheadWarmup   7: 524288 op, 1022489.00 ns, 1.9502 ns/op
OverheadWarmup   8: 524288 op, 966556.00 ns, 1.8436 ns/op

OverheadActual   1: 524288 op, 972317.00 ns, 1.8545 ns/op
OverheadActual   2: 524288 op, 996221.00 ns, 1.9001 ns/op
OverheadActual   3: 524288 op, 1020607.00 ns, 1.9467 ns/op
OverheadActual   4: 524288 op, 1002753.00 ns, 1.9126 ns/op
OverheadActual   5: 524288 op, 971926.00 ns, 1.8538 ns/op
OverheadActual   6: 524288 op, 986583.00 ns, 1.8818 ns/op
OverheadActual   7: 524288 op, 981634.00 ns, 1.8723 ns/op
OverheadActual   8: 524288 op, 978278.00 ns, 1.8659 ns/op
OverheadActual   9: 524288 op, 978118.00 ns, 1.8656 ns/op
OverheadActual  10: 524288 op, 991793.00 ns, 1.8917 ns/op
OverheadActual  11: 524288 op, 983638.00 ns, 1.8761 ns/op
OverheadActual  12: 524288 op, 969752.00 ns, 1.8497 ns/op
OverheadActual  13: 524288 op, 973129.00 ns, 1.8561 ns/op
OverheadActual  14: 524288 op, 987444.00 ns, 1.8834 ns/op
OverheadActual  15: 524288 op, 1003885.00 ns, 1.9148 ns/op

WorkloadWarmup   1: 524288 op, 640048525.00 ns, 1.2208 us/op
WorkloadWarmup   2: 524288 op, 633835828.00 ns, 1.2089 us/op
WorkloadWarmup   3: 524288 op, 633849182.00 ns, 1.2090 us/op
WorkloadWarmup   4: 524288 op, 631120804.00 ns, 1.2038 us/op
WorkloadWarmup   5: 524288 op, 630747521.00 ns, 1.2031 us/op
WorkloadWarmup   6: 524288 op, 637068985.00 ns, 1.2151 us/op
WorkloadWarmup   7: 524288 op, 632322348.00 ns, 1.2061 us/op
WorkloadWarmup   8: 524288 op, 634293728.00 ns, 1.2098 us/op
WorkloadWarmup   9: 524288 op, 632028392.00 ns, 1.2055 us/op
WorkloadWarmup  10: 524288 op, 633003804.00 ns, 1.2074 us/op

// BeforeActualRun
WorkloadActual   1: 524288 op, 636718903.00 ns, 1.2144 us/op
WorkloadActual   2: 524288 op, 634987757.00 ns, 1.2111 us/op
WorkloadActual   3: 524288 op, 633015215.00 ns, 1.2074 us/op
WorkloadActual   4: 524288 op, 633389740.00 ns, 1.2081 us/op
WorkloadActual   5: 524288 op, 633314200.00 ns, 1.2080 us/op
WorkloadActual   6: 524288 op, 636060329.00 ns, 1.2132 us/op
WorkloadActual   7: 524288 op, 634970847.00 ns, 1.2111 us/op
WorkloadActual   8: 524288 op, 632862802.00 ns, 1.2071 us/op
WorkloadActual   9: 524288 op, 632823149.00 ns, 1.2070 us/op
WorkloadActual  10: 524288 op, 634033644.00 ns, 1.2093 us/op
WorkloadActual  11: 524288 op, 635606203.00 ns, 1.2123 us/op
WorkloadActual  12: 524288 op, 634110025.00 ns, 1.2095 us/op
WorkloadActual  13: 524288 op, 633904994.00 ns, 1.2091 us/op
WorkloadActual  14: 524288 op, 633732454.00 ns, 1.2087 us/op
WorkloadActual  15: 524288 op, 634430099.00 ns, 1.2101 us/op

// AfterActualRun
WorkloadResult   1: 524288 op, 635735265.00 ns, 1.2126 us/op
WorkloadResult   2: 524288 op, 634004119.00 ns, 1.2093 us/op
WorkloadResult   3: 524288 op, 632031577.00 ns, 1.2055 us/op
WorkloadResult   4: 524288 op, 632406102.00 ns, 1.2062 us/op
WorkloadResult   5: 524288 op, 632330562.00 ns, 1.2061 us/op
WorkloadResult   6: 524288 op, 635076691.00 ns, 1.2113 us/op
WorkloadResult   7: 524288 op, 633987209.00 ns, 1.2092 us/op
WorkloadResult   8: 524288 op, 631879164.00 ns, 1.2052 us/op
WorkloadResult   9: 524288 op, 631839511.00 ns, 1.2051 us/op
WorkloadResult  10: 524288 op, 633050006.00 ns, 1.2074 us/op
WorkloadResult  11: 524288 op, 634622565.00 ns, 1.2104 us/op
WorkloadResult  12: 524288 op, 633126387.00 ns, 1.2076 us/op
WorkloadResult  13: 524288 op, 632921356.00 ns, 1.2072 us/op
WorkloadResult  14: 524288 op, 632748816.00 ns, 1.2069 us/op
WorkloadResult  15: 524288 op, 633446461.00 ns, 1.2082 us/op
// GC:  19 0 0 322961408 524288
// Threading:  0 0 524288

// AfterAll
// Benchmark Process 3351 has exited with code 0.
// Launch: 2 / 2
// Execute: dotnet Encina.Caching.Hybrid.Benchmarks-Job-NUBXJZ-1.dll --anonymousPipes 166 167 --benchmarkName Encina.Caching.Hybrid.Benchmarks.Benchmarks.HybridCacheProviderBenchmarks.ExistsAsync_True --job MediumRun --benchmarkId 3 in /home/runner/work/Encina/Encina/tests/Encina.BenchmarkTests/Encina.Caching.Hybrid.Benchmarks/bin/Release/net10.0/Encina.Caching.Hybrid.Benchmarks-Job-NUBXJZ-1/bin/Release/net10.0
// Failed to set up high priority (Permission denied). In order to run benchmarks with high priority, make sure you have the right permissions.
// BeforeAnythingElse

// Benchmark Process Environment Information:
// BenchmarkDotNet v0.15.8
// Runtime=.NET 10.0.12 (10.0.12, 10.0.1226.42308), X64 RyuJIT x86-64-v3
// GC=Concurrent Workstation
// HardwareIntrinsics=AVX2+BMI1+BMI2+F16C+FMA+LZCNT+MOVBE,AVX,SSE3+SSSE3+SSE4.1+SSE4.2+POPCNT,X86Base+SSE+SSE2,AES+PCLMUL VectorSize=256
// Job: MediumRun(IterationCount=15, LaunchCount=2, WarmupCount=10)

OverheadJitting  1: 1 op, 255604.00 ns, 255.6040 us/op
WorkloadJitting  1: 1 op, 21732331.00 ns, 21.7323 ms/op

OverheadJitting  2: 16 op, 341214.00 ns, 21.3259 us/op
WorkloadJitting  2: 16 op, 531527.00 ns, 33.2204 us/op

WorkloadPilot    1: 16 op, 69098.00 ns, 4.3186 us/op
WorkloadPilot    2: 32 op, 83676.00 ns, 2.6149 us/op
WorkloadPilot    3: 64 op, 155689.00 ns, 2.4326 us/op
WorkloadPilot    4: 128 op, 265032.00 ns, 2.0706 us/op
WorkloadPilot    5: 256 op, 452431.00 ns, 1.7673 us/op
WorkloadPilot    6: 512 op, 772354.00 ns, 1.5085 us/op
WorkloadPilot    7: 1024 op, 1585554.00 ns, 1.5484 us/op
WorkloadPilot    8: 2048 op, 3052519.00 ns, 1.4905 us/op
WorkloadPilot    9: 4096 op, 6024549.00 ns, 1.4708 us/op
WorkloadPilot   10: 8192 op, 12043828.00 ns, 1.4702 us/op
WorkloadPilot   11: 16384 op, 22701040.00 ns, 1.3856 us/op
WorkloadPilot   12: 32768 op, 45964105.00 ns, 1.4027 us/op
WorkloadPilot   13: 65536 op, 81770383.00 ns, 1.2477 us/op
WorkloadPilot   14: 131072 op, 157906684.00 ns, 1.2047 us/op
WorkloadPilot   15: 262144 op, 315392154.00 ns, 1.2031 us/op
WorkloadPilot   16: 524288 op, 630845492.00 ns, 1.2032 us/op

OverheadWarmup   1: 524288 op, 973448.00 ns, 1.8567 ns/op
OverheadWarmup   2: 524288 op, 947520.00 ns, 1.8073 ns/op
OverheadWarmup   3: 524288 op, 1022319.00 ns, 1.9499 ns/op
OverheadWarmup   4: 524288 op, 995208.00 ns, 1.8982 ns/op
OverheadWarmup   5: 524288 op, 971985.00 ns, 1.8539 ns/op
OverheadWarmup   6: 524288 op, 1006419.00 ns, 1.9196 ns/op
OverheadWarmup   7: 524288 op, 974259.00 ns, 1.8583 ns/op

OverheadActual   1: 524288 op, 972657.00 ns, 1.8552 ns/op
OverheadActual   2: 524288 op, 1021067.00 ns, 1.9475 ns/op
OverheadActual   3: 524288 op, 971905.00 ns, 1.8538 ns/op
OverheadActual   4: 524288 op, 979219.00 ns, 1.8677 ns/op
OverheadActual   5: 524288 op, 1000448.00 ns, 1.9082 ns/op
OverheadActual   6: 524288 op, 1002853.00 ns, 1.9128 ns/op
OverheadActual   7: 524288 op, 1043779.00 ns, 1.9909 ns/op
OverheadActual   8: 524288 op, 1019924.00 ns, 1.9454 ns/op
OverheadActual   9: 524288 op, 1018532.00 ns, 1.9427 ns/op
OverheadActual  10: 524288 op, 975742.00 ns, 1.8611 ns/op
OverheadActual  11: 524288 op, 1003213.00 ns, 1.9135 ns/op
OverheadActual  12: 524288 op, 987053.00 ns, 1.8827 ns/op
OverheadActual  13: 524288 op, 991582.00 ns, 1.8913 ns/op
OverheadActual  14: 524288 op, 980021.00 ns, 1.8692 ns/op
OverheadActual  15: 524288 op, 978297.00 ns, 1.8660 ns/op

WorkloadWarmup   1: 524288 op, 636642067.00 ns, 1.2143 us/op
WorkloadWarmup   2: 524288 op, 634954153.00 ns, 1.2111 us/op
WorkloadWarmup   3: 524288 op, 640850684.00 ns, 1.2223 us/op
WorkloadWarmup   4: 524288 op, 632933126.00 ns, 1.2072 us/op
WorkloadWarmup   5: 524288 op, 630270121.00 ns, 1.2021 us/op
WorkloadWarmup   6: 524288 op, 630901674.00 ns, 1.2033 us/op
WorkloadWarmup   7: 524288 op, 631160956.00 ns, 1.2038 us/op
WorkloadWarmup   8: 524288 op, 631238500.00 ns, 1.2040 us/op
WorkloadWarmup   9: 524288 op, 633615062.00 ns, 1.2085 us/op
WorkloadWarmup  10: 524288 op, 632742001.00 ns, 1.2069 us/op

// BeforeActualRun
WorkloadActual   1: 524288 op, 636862121.00 ns, 1.2147 us/op
WorkloadActual   2: 524288 op, 634029301.00 ns, 1.2093 us/op
WorkloadActual   3: 524288 op, 631955591.00 ns, 1.2054 us/op
WorkloadActual   4: 524288 op, 632521512.00 ns, 1.2064 us/op
WorkloadActual   5: 524288 op, 630787385.00 ns, 1.2031 us/op
WorkloadActual   6: 524288 op, 634377334.00 ns, 1.2100 us/op
WorkloadActual   7: 524288 op, 636452942.00 ns, 1.2139 us/op
WorkloadActual   8: 524288 op, 633903127.00 ns, 1.2091 us/op
WorkloadActual   9: 524288 op, 632829981.00 ns, 1.2070 us/op
WorkloadActual  10: 524288 op, 633801018.00 ns, 1.2089 us/op
WorkloadActual  11: 524288 op, 632343355.00 ns, 1.2061 us/op
WorkloadActual  12: 524288 op, 632875809.00 ns, 1.2071 us/op
WorkloadActual  13: 524288 op, 632804576.00 ns, 1.2070 us/op
WorkloadActual  14: 524288 op, 637506970.00 ns, 1.2159 us/op
WorkloadActual  15: 524288 op, 635185428.00 ns, 1.2115 us/op

// AfterActualRun
WorkloadResult   1: 524288 op, 635870539.00 ns, 1.2128 us/op
WorkloadResult   2: 524288 op, 633037719.00 ns, 1.2074 us/op
WorkloadResult   3: 524288 op, 630964009.00 ns, 1.2035 us/op
WorkloadResult   4: 524288 op, 631529930.00 ns, 1.2045 us/op
WorkloadResult   5: 524288 op, 629795803.00 ns, 1.2012 us/op
WorkloadResult   6: 524288 op, 633385752.00 ns, 1.2081 us/op
WorkloadResult   7: 524288 op, 635461360.00 ns, 1.2120 us/op
WorkloadResult   8: 524288 op, 632911545.00 ns, 1.2072 us/op
WorkloadResult   9: 524288 op, 631838399.00 ns, 1.2051 us/op
WorkloadResult  10: 524288 op, 632809436.00 ns, 1.2070 us/op
WorkloadResult  11: 524288 op, 631351773.00 ns, 1.2042 us/op
WorkloadResult  12: 524288 op, 631884227.00 ns, 1.2052 us/op
WorkloadResult  13: 524288 op, 631812994.00 ns, 1.2051 us/op
WorkloadResult  14: 524288 op, 636515388.00 ns, 1.2141 us/op
WorkloadResult  15: 524288 op, 634193846.00 ns, 1.2096 us/op
// GC:  19 0 0 322961408 524288
// Threading:  0 0 524288

// AfterAll
// Benchmark Process 3362 has exited with code 0.

Mean = 1.208 μs, StdErr = 0.001 μs (0.05%), N = 30, StdDev = 0.003 μs
Min = 1.201 μs, Q1 = 1.205 μs, Median = 1.207 μs, Q3 = 1.209 μs, Max = 1.214 μs
IQR = 0.004 μs, LowerFence = 1.199 μs, UpperFence = 1.215 μs
ConfidenceInterval = [1.206 μs; 1.210 μs] (CI 99.9%), Margin = 0.002 μs (0.17% of Mean)
Skewness = 0.36, Kurtosis = 2.51, MValue = 2

// ** Remained 18 (81.8 %) benchmark(s) to run. Estimated finish 2026-10-04 2:49 (0h 8m from now) **
// **************************
// Benchmark: HybridCacheProviderBenchmarks.GetAsync_CacheHit: Job-NUBXJZ(IterationCount=20, WarmupCount=5)
// *** Execute ***
// Launch: 1 / 1
// Execute: dotnet Encina.Caching.Hybrid.Benchmarks-Job-NUBXJZ-1.dll --anonymousPipes 166 167 --benchmarkName Encina.Caching.Hybrid.Benchmarks.Benchmarks.HybridCacheProviderBenchmarks.GetAsync_CacheHit --job "IterationCount=20, WarmupCount=5" --benchmarkId 4 in /home/runner/work/Encina/Encina/tests/Encina.BenchmarkTests/Encina.Caching.Hybrid.Benchmarks/bin/Release/net10.0/Encina.Caching.Hybrid.Benchmarks-Job-NUBXJZ-1/bin/Release/net10.0
// Failed to set up high priority (Permission denied). In order to run benchmarks with high priority, make sure you have the right permissions.
// BeforeAnythingElse

// Benchmark Process Environment Information:
// BenchmarkDotNet v0.15.8
// Runtime=.NET 10.0.12 (10.0.12, 10.0.1226.42308), X64 RyuJIT x86-64-v3
// GC=Concurrent Workstation
// HardwareIntrinsics=AVX2+BMI1+BMI2+F16C+FMA+LZCNT+MOVBE,AVX,SSE3+SSSE3+SSE4.1+SSE4.2+POPCNT,X86Base+SSE+SSE2,AES+PCLMUL VectorSize=256
// Job: Job-NUBXJZ(IterationCount=20, WarmupCount=5)

OverheadJitting  1: 1 op, 271144.00 ns, 271.1440 us/op
WorkloadJitting  1: 1 op, 21548089.00 ns, 21.5481 ms/op

OverheadJitting  2: 16 op, 456809.00 ns, 28.5506 us/op
WorkloadJitting  2: 16 op, 602078.00 ns, 37.6299 us/op

WorkloadPilot    1: 16 op, 49983.00 ns, 3.1239 us/op
WorkloadPilot    2: 32 op, 76181.00 ns, 2.3807 us/op
WorkloadPilot    3: 64 op, 126716.00 ns, 1.9799 us/op
WorkloadPilot    4: 128 op, 242200.00 ns, 1.8922 us/op
WorkloadPilot    5: 256 op, 457309.00 ns, 1.7864 us/op
WorkloadPilot    6: 512 op, 900923.00 ns, 1.7596 us/op
WorkloadPilot    7: 1024 op, 1743067.00 ns, 1.7022 us/op
WorkloadPilot    8: 2048 op, 3412237.00 ns, 1.6661 us/op
WorkloadPilot    9: 4096 op, 6799057.00 ns, 1.6599 us/op
WorkloadPilot   10: 8192 op, 13558150.00 ns, 1.6550 us/op
WorkloadPilot   11: 16384 op, 27335907.00 ns, 1.6685 us/op
WorkloadPilot   12: 32768 op, 54241768.00 ns, 1.6553 us/op
WorkloadPilot   13: 65536 op, 97182144.00 ns, 1.4829 us/op
WorkloadPilot   14: 131072 op, 189373179.00 ns, 1.4448 us/op
WorkloadPilot   15: 262144 op, 379142555.00 ns, 1.4463 us/op
WorkloadPilot   16: 524288 op, 758758791.00 ns, 1.4472 us/op

OverheadWarmup   1: 524288 op, 1786271.00 ns, 3.4070 ns/op
OverheadWarmup   2: 524288 op, 1760894.00 ns, 3.3586 ns/op
OverheadWarmup   3: 524288 op, 1759451.00 ns, 3.3559 ns/op
OverheadWarmup   4: 524288 op, 1781251.00 ns, 3.3975 ns/op
OverheadWarmup   5: 524288 op, 1761866.00 ns, 3.3605 ns/op
OverheadWarmup   6: 524288 op, 1760764.00 ns, 3.3584 ns/op
OverheadWarmup   7: 524288 op, 1766385.00 ns, 3.3691 ns/op
OverheadWarmup   8: 524288 op, 1748120.00 ns, 3.3343 ns/op

OverheadActual   1: 524288 op, 1783415.00 ns, 3.4016 ns/op
OverheadActual   2: 524288 op, 1772846.00 ns, 3.3814 ns/op
OverheadActual   3: 524288 op, 1792031.00 ns, 3.4180 ns/op
OverheadActual   4: 524288 op, 1758890.00 ns, 3.3548 ns/op
OverheadActual   5: 524288 op, 1766565.00 ns, 3.3695 ns/op
OverheadActual   6: 524288 op, 1762677.00 ns, 3.3620 ns/op
OverheadActual   7: 524288 op, 1806508.00 ns, 3.4456 ns/op
OverheadActual   8: 524288 op, 1749393.00 ns, 3.3367 ns/op
OverheadActual   9: 524288 op, 1744814.00 ns, 3.3280 ns/op
OverheadActual  10: 524288 op, 1762036.00 ns, 3.3608 ns/op
OverheadActual  11: 524288 op, 1750245.00 ns, 3.3383 ns/op
OverheadActual  12: 524288 op, 1755404.00 ns, 3.3482 ns/op
OverheadActual  13: 524288 op, 1745996.00 ns, 3.3302 ns/op
OverheadActual  14: 524288 op, 1769640.00 ns, 3.3753 ns/op
OverheadActual  15: 524288 op, 1746998.00 ns, 3.3321 ns/op

WorkloadWarmup   1: 524288 op, 768097621.00 ns, 1.4650 us/op
WorkloadWarmup   2: 524288 op, 760943801.00 ns, 1.4514 us/op
WorkloadWarmup   3: 524288 op, 761370436.00 ns, 1.4522 us/op
WorkloadWarmup   4: 524288 op, 758110032.00 ns, 1.4460 us/op
WorkloadWarmup   5: 524288 op, 756906598.00 ns, 1.4437 us/op

// BeforeActualRun
WorkloadActual   1: 524288 op, 760325126.00 ns, 1.4502 us/op
WorkloadActual   2: 524288 op, 757385818.00 ns, 1.4446 us/op
WorkloadActual   3: 524288 op, 757479482.00 ns, 1.4448 us/op
WorkloadActual   4: 524288 op, 755707141.00 ns, 1.4414 us/op
WorkloadActual   5: 524288 op, 757585329.00 ns, 1.4450 us/op
WorkloadActual   6: 524288 op, 758826109.00 ns, 1.4473 us/op
WorkloadActual   7: 524288 op, 757769816.00 ns, 1.4453 us/op
WorkloadActual   8: 524288 op, 756972753.00 ns, 1.4438 us/op
WorkloadActual   9: 524288 op, 759026241.00 ns, 1.4477 us/op
WorkloadActual  10: 524288 op, 757352523.00 ns, 1.4445 us/op
WorkloadActual  11: 524288 op, 759592784.00 ns, 1.4488 us/op
WorkloadActual  12: 524288 op, 756235088.00 ns, 1.4424 us/op
WorkloadActual  13: 524288 op, 764245972.00 ns, 1.4577 us/op
WorkloadActual  14: 524288 op, 759035528.00 ns, 1.4477 us/op
WorkloadActual  15: 524288 op, 756167875.00 ns, 1.4423 us/op
WorkloadActual  16: 524288 op, 756468680.00 ns, 1.4428 us/op
WorkloadActual  17: 524288 op, 755901777.00 ns, 1.4418 us/op
WorkloadActual  18: 524288 op, 756519104.00 ns, 1.4429 us/op
WorkloadActual  19: 524288 op, 755940969.00 ns, 1.4418 us/op
WorkloadActual  20: 524288 op, 756188569.00 ns, 1.4423 us/op

// AfterActualRun
WorkloadResult   1: 524288 op, 758563090.00 ns, 1.4468 us/op
WorkloadResult   2: 524288 op, 755623782.00 ns, 1.4412 us/op
WorkloadResult   3: 524288 op, 755717446.00 ns, 1.4414 us/op
WorkloadResult   4: 524288 op, 753945105.00 ns, 1.4380 us/op
WorkloadResult   5: 524288 op, 755823293.00 ns, 1.4416 us/op
WorkloadResult   6: 524288 op, 757064073.00 ns, 1.4440 us/op
WorkloadResult   7: 524288 op, 756007780.00 ns, 1.4420 us/op
WorkloadResult   8: 524288 op, 755210717.00 ns, 1.4405 us/op
WorkloadResult   9: 524288 op, 757264205.00 ns, 1.4444 us/op
WorkloadResult  10: 524288 op, 755590487.00 ns, 1.4412 us/op
WorkloadResult  11: 524288 op, 757830748.00 ns, 1.4454 us/op
WorkloadResult  12: 524288 op, 754473052.00 ns, 1.4390 us/op
WorkloadResult  13: 524288 op, 757273492.00 ns, 1.4444 us/op
WorkloadResult  14: 524288 op, 754405839.00 ns, 1.4389 us/op
WorkloadResult  15: 524288 op, 754706644.00 ns, 1.4395 us/op
WorkloadResult  16: 524288 op, 754139741.00 ns, 1.4384 us/op
WorkloadResult  17: 524288 op, 754757068.00 ns, 1.4396 us/op
WorkloadResult  18: 524288 op, 754178933.00 ns, 1.4385 us/op
WorkloadResult  19: 524288 op, 754426533.00 ns, 1.4390 us/op
// GC:  15 0 0 260046848 524288
// Threading:  0 0 524288

// AfterAll
// Benchmark Process 3373 has exited with code 0.

Mean = 1.441 μs, StdErr = 0.001 μs (0.04%), N = 19, StdDev = 0.003 μs
Min = 1.438 μs, Q1 = 1.439 μs, Median = 1.441 μs, Q3 = 1.443 μs, Max = 1.447 μs
IQR = 0.004 μs, LowerFence = 1.433 μs, UpperFence = 1.449 μs
ConfidenceInterval = [1.439 μs; 1.444 μs] (CI 99.9%), Margin = 0.002 μs (0.16% of Mean)
Skewness = 0.59, Kurtosis = 2.04, MValue = 2

// ** Remained 17 (77.3 %) benchmark(s) to run. Estimated finish 2026-10-04 2:49 (0h 7m from now) **
// **************************
// Benchmark: HybridCacheProviderBenchmarks.GetAsync_CacheHit: MediumRun(IterationCount=15, LaunchCount=2, WarmupCount=10)
// *** Execute ***
// Launch: 1 / 2
// Execute: dotnet Encina.Caching.Hybrid.Benchmarks-Job-NUBXJZ-1.dll --anonymousPipes 166 167 --benchmarkName Encina.Caching.Hybrid.Benchmarks.Benchmarks.HybridCacheProviderBenchmarks.GetAsync_CacheHit --job MediumRun --benchmarkId 5 in /home/runner/work/Encina/Encina/tests/Encina.BenchmarkTests/Encina.Caching.Hybrid.Benchmarks/bin/Release/net10.0/Encina.Caching.Hybrid.Benchmarks-Job-NUBXJZ-1/bin/Release/net10.0
// Failed to set up high priority (Permission denied). In order to run benchmarks with high priority, make sure you have the right permissions.
// BeforeAnythingElse

// Benchmark Process Environment Information:
// BenchmarkDotNet v0.15.8
// Runtime=.NET 10.0.12 (10.0.12, 10.0.1226.42308), X64 RyuJIT x86-64-v3
// GC=Concurrent Workstation
// HardwareIntrinsics=AVX2+BMI1+BMI2+F16C+FMA+LZCNT+MOVBE,AVX,SSE3+SSSE3+SSE4.1+SSE4.2+POPCNT,X86Base+SSE+SSE2,AES+PCLMUL VectorSize=256
// Job: MediumRun(IterationCount=15, LaunchCount=2, WarmupCount=10)

OverheadJitting  1: 1 op, 233344.00 ns, 233.3440 us/op
WorkloadJitting  1: 1 op, 20228932.00 ns, 20.2289 ms/op

OverheadJitting  2: 16 op, 468380.00 ns, 29.2738 us/op
WorkloadJitting  2: 16 op, 606877.00 ns, 37.9298 us/op

WorkloadPilot    1: 16 op, 62756.00 ns, 3.9223 us/op
WorkloadPilot    2: 32 op, 95247.00 ns, 2.9765 us/op
WorkloadPilot    3: 64 op, 145821.00 ns, 2.2785 us/op
WorkloadPilot    4: 128 op, 256055.00 ns, 2.0004 us/op
WorkloadPilot    5: 256 op, 476575.00 ns, 1.8616 us/op
WorkloadPilot    6: 512 op, 943023.00 ns, 1.8418 us/op
WorkloadPilot    7: 1024 op, 1834028.00 ns, 1.7910 us/op
WorkloadPilot    8: 2048 op, 3520322.00 ns, 1.7189 us/op
WorkloadPilot    9: 4096 op, 6943634.00 ns, 1.6952 us/op
WorkloadPilot   10: 8192 op, 13835672.00 ns, 1.6889 us/op
WorkloadPilot   11: 16384 op, 26401373.00 ns, 1.6114 us/op
WorkloadPilot   12: 32768 op, 54815926.00 ns, 1.6728 us/op
WorkloadPilot   13: 65536 op, 99876934.00 ns, 1.5240 us/op
WorkloadPilot   14: 131072 op, 193033661.00 ns, 1.4727 us/op
WorkloadPilot   15: 262144 op, 388839823.00 ns, 1.4833 us/op
WorkloadPilot   16: 524288 op, 771855178.00 ns, 1.4722 us/op

OverheadWarmup   1: 524288 op, 1728851.00 ns, 3.2975 ns/op
OverheadWarmup   2: 524288 op, 1742336.00 ns, 3.3232 ns/op
OverheadWarmup   3: 524288 op, 1726857.00 ns, 3.2937 ns/op
OverheadWarmup   4: 524288 op, 1740462.00 ns, 3.3197 ns/op
OverheadWarmup   5: 524288 op, 1737858.00 ns, 3.3147 ns/op

OverheadActual   1: 524288 op, 1742566.00 ns, 3.3237 ns/op
OverheadActual   2: 524288 op, 1736655.00 ns, 3.3124 ns/op
OverheadActual   3: 524288 op, 1747295.00 ns, 3.3327 ns/op
OverheadActual   4: 524288 op, 1742335.00 ns, 3.3232 ns/op
OverheadActual   5: 524288 op, 1743638.00 ns, 3.3257 ns/op
OverheadActual   6: 524288 op, 1745231.00 ns, 3.3288 ns/op
OverheadActual   7: 524288 op, 1740191.00 ns, 3.3192 ns/op
OverheadActual   8: 524288 op, 1751223.00 ns, 3.3402 ns/op
OverheadActual   9: 524288 op, 1741805.00 ns, 3.3222 ns/op
OverheadActual  10: 524288 op, 1750321.00 ns, 3.3385 ns/op
OverheadActual  11: 524288 op, 1730033.00 ns, 3.2998 ns/op
OverheadActual  12: 524288 op, 1734160.00 ns, 3.3076 ns/op
OverheadActual  13: 524288 op, 1741574.00 ns, 3.3218 ns/op
OverheadActual  14: 524288 op, 1737637.00 ns, 3.3143 ns/op
OverheadActual  15: 524288 op, 1729161.00 ns, 3.2981 ns/op

WorkloadWarmup   1: 524288 op, 785629657.00 ns, 1.4985 us/op
WorkloadWarmup   2: 524288 op, 774968604.00 ns, 1.4781 us/op
WorkloadWarmup   3: 524288 op, 772751687.00 ns, 1.4739 us/op
WorkloadWarmup   4: 524288 op, 772934387.00 ns, 1.4743 us/op
WorkloadWarmup   5: 524288 op, 771412358.00 ns, 1.4714 us/op
WorkloadWarmup   6: 524288 op, 773277334.00 ns, 1.4749 us/op
WorkloadWarmup   7: 524288 op, 772057247.00 ns, 1.4726 us/op
WorkloadWarmup   8: 524288 op, 772359929.00 ns, 1.4732 us/op
WorkloadWarmup   9: 524288 op, 771912247.00 ns, 1.4723 us/op
WorkloadWarmup  10: 524288 op, 771779755.00 ns, 1.4721 us/op

// BeforeActualRun
WorkloadActual   1: 524288 op, 774996348.00 ns, 1.4782 us/op
WorkloadActual   2: 524288 op, 773066254.00 ns, 1.4745 us/op
WorkloadActual   3: 524288 op, 776978831.00 ns, 1.4820 us/op
WorkloadActual   4: 524288 op, 772700782.00 ns, 1.4738 us/op
WorkloadActual   5: 524288 op, 773152149.00 ns, 1.4747 us/op
WorkloadActual   6: 524288 op, 773797797.00 ns, 1.4759 us/op
WorkloadActual   7: 524288 op, 773618354.00 ns, 1.4756 us/op
WorkloadActual   8: 524288 op, 773683174.00 ns, 1.4757 us/op
WorkloadActual   9: 524288 op, 774414418.00 ns, 1.4771 us/op
WorkloadActual  10: 524288 op, 773766168.00 ns, 1.4758 us/op
WorkloadActual  11: 524288 op, 774833480.00 ns, 1.4779 us/op
WorkloadActual  12: 524288 op, 772673960.00 ns, 1.4738 us/op
WorkloadActual  13: 524288 op, 775453229.00 ns, 1.4791 us/op
WorkloadActual  14: 524288 op, 775985757.00 ns, 1.4801 us/op
WorkloadActual  15: 524288 op, 774414799.00 ns, 1.4771 us/op

// AfterActualRun
WorkloadResult   1: 524288 op, 773254543.00 ns, 1.4749 us/op
WorkloadResult   2: 524288 op, 771324449.00 ns, 1.4712 us/op
WorkloadResult   3: 524288 op, 775237026.00 ns, 1.4786 us/op
WorkloadResult   4: 524288 op, 770958977.00 ns, 1.4705 us/op
WorkloadResult   5: 524288 op, 771410344.00 ns, 1.4713 us/op
WorkloadResult   6: 524288 op, 772055992.00 ns, 1.4726 us/op
WorkloadResult   7: 524288 op, 771876549.00 ns, 1.4722 us/op
WorkloadResult   8: 524288 op, 771941369.00 ns, 1.4724 us/op
WorkloadResult   9: 524288 op, 772672613.00 ns, 1.4738 us/op
WorkloadResult  10: 524288 op, 772024363.00 ns, 1.4725 us/op
WorkloadResult  11: 524288 op, 773091675.00 ns, 1.4746 us/op
WorkloadResult  12: 524288 op, 770932155.00 ns, 1.4704 us/op
WorkloadResult  13: 524288 op, 773711424.00 ns, 1.4757 us/op
WorkloadResult  14: 524288 op, 774243952.00 ns, 1.4768 us/op
WorkloadResult  15: 524288 op, 772672994.00 ns, 1.4738 us/op
// GC:  15 0 0 260046848 524288
// Threading:  0 0 524288

// AfterAll
// Benchmark Process 3387 has exited with code 0.
// Launch: 2 / 2
// Execute: dotnet Encina.Caching.Hybrid.Benchmarks-Job-NUBXJZ-1.dll --anonymousPipes 166 167 --benchmarkName Encina.Caching.Hybrid.Benchmarks.Benchmarks.HybridCacheProviderBenchmarks.GetAsync_CacheHit --job MediumRun --benchmarkId 5 in /home/runner/work/Encina/Encina/tests/Encina.BenchmarkTests/Encina.Caching.Hybrid.Benchmarks/bin/Release/net10.0/Encina.Caching.Hybrid.Benchmarks-Job-NUBXJZ-1/bin/Release/net10.0
// Failed to set up high priority (Permission denied). In order to run benchmarks with high priority, make sure you have the right permissions.
// BeforeAnythingElse

// Benchmark Process Environment Information:
// BenchmarkDotNet v0.15.8
// Runtime=.NET 10.0.12 (10.0.12, 10.0.1226.42308), X64 RyuJIT x86-64-v3
// GC=Concurrent Workstation
// HardwareIntrinsics=AVX2+BMI1+BMI2+F16C+FMA+LZCNT+MOVBE,AVX,SSE3+SSSE3+SSE4.1+SSE4.2+POPCNT,X86Base+SSE+SSE2,AES+PCLMUL VectorSize=256
// Job: MediumRun(IterationCount=15, LaunchCount=2, WarmupCount=10)

OverheadJitting  1: 1 op, 239445.00 ns, 239.4450 us/op
WorkloadJitting  1: 1 op, 20549081.00 ns, 20.5491 ms/op

OverheadJitting  2: 16 op, 471807.00 ns, 29.4879 us/op
WorkloadJitting  2: 16 op, 662650.00 ns, 41.4156 us/op

WorkloadPilot    1: 16 op, 73427.00 ns, 4.5892 us/op
WorkloadPilot    2: 32 op, 89426.00 ns, 2.7946 us/op
WorkloadPilot    3: 64 op, 140281.00 ns, 2.1919 us/op
WorkloadPilot    4: 128 op, 252679.00 ns, 1.9741 us/op
WorkloadPilot    5: 256 op, 497424.00 ns, 1.9431 us/op
WorkloadPilot    6: 512 op, 894621.00 ns, 1.7473 us/op
WorkloadPilot    7: 1024 op, 1704946.00 ns, 1.6650 us/op
WorkloadPilot    8: 2048 op, 3338199.00 ns, 1.6300 us/op
WorkloadPilot    9: 4096 op, 6625273.00 ns, 1.6175 us/op
WorkloadPilot   10: 8192 op, 13183473.00 ns, 1.6093 us/op
WorkloadPilot   11: 16384 op, 25055690.00 ns, 1.5293 us/op
WorkloadPilot   12: 32768 op, 52896492.00 ns, 1.6143 us/op
WorkloadPilot   13: 65536 op, 96393046.00 ns, 1.4708 us/op
WorkloadPilot   14: 131072 op, 184874544.00 ns, 1.4105 us/op
WorkloadPilot   15: 262144 op, 373160113.00 ns, 1.4235 us/op
WorkloadPilot   16: 524288 op, 743790859.00 ns, 1.4187 us/op

OverheadWarmup   1: 524288 op, 1714113.00 ns, 3.2694 ns/op
OverheadWarmup   2: 524288 op, 1743087.00 ns, 3.3247 ns/op
OverheadWarmup   3: 524288 op, 1737847.00 ns, 3.3147 ns/op
OverheadWarmup   4: 524288 op, 1737868.00 ns, 3.3147 ns/op
OverheadWarmup   5: 524288 op, 1738399.00 ns, 3.3157 ns/op
OverheadWarmup   6: 524288 op, 1729853.00 ns, 3.2994 ns/op

OverheadActual   1: 524288 op, 1757073.00 ns, 3.3514 ns/op
OverheadActual   2: 524288 op, 1737807.00 ns, 3.3146 ns/op
OverheadActual   3: 524288 op, 1742646.00 ns, 3.3238 ns/op
OverheadActual   4: 524288 op, 1764868.00 ns, 3.3662 ns/op
OverheadActual   5: 524288 op, 1726647.00 ns, 3.2933 ns/op
OverheadActual   6: 524288 op, 1741624.00 ns, 3.3219 ns/op
OverheadActual   7: 524288 op, 1742466.00 ns, 3.3235 ns/op
OverheadActual   8: 524288 op, 1738027.00 ns, 3.3150 ns/op
OverheadActual   9: 524288 op, 1727689.00 ns, 3.2953 ns/op
OverheadActual  10: 524288 op, 1742796.00 ns, 3.3241 ns/op
OverheadActual  11: 524288 op, 1727007.00 ns, 3.2940 ns/op
OverheadActual  12: 524288 op, 1738328.00 ns, 3.3156 ns/op
OverheadActual  13: 524288 op, 1727108.00 ns, 3.2942 ns/op
OverheadActual  14: 524288 op, 1740552.00 ns, 3.3198 ns/op
OverheadActual  15: 524288 op, 1726927.00 ns, 3.2939 ns/op

WorkloadWarmup   1: 524288 op, 748103147.00 ns, 1.4269 us/op
WorkloadWarmup   2: 524288 op, 741757333.00 ns, 1.4148 us/op
WorkloadWarmup   3: 524288 op, 738649581.00 ns, 1.4089 us/op
WorkloadWarmup   4: 524288 op, 737322217.00 ns, 1.4063 us/op
WorkloadWarmup   5: 524288 op, 736531218.00 ns, 1.4048 us/op
WorkloadWarmup   6: 524288 op, 736663053.00 ns, 1.4051 us/op
WorkloadWarmup   7: 524288 op, 737516277.00 ns, 1.4067 us/op
WorkloadWarmup   8: 524288 op, 736979700.00 ns, 1.4057 us/op
WorkloadWarmup   9: 524288 op, 737537236.00 ns, 1.4067 us/op
WorkloadWarmup  10: 524288 op, 736669754.00 ns, 1.4051 us/op

// BeforeActualRun
WorkloadActual   1: 524288 op, 742750286.00 ns, 1.4167 us/op
WorkloadActual   2: 524288 op, 739566694.00 ns, 1.4106 us/op
WorkloadActual   3: 524288 op, 740221822.00 ns, 1.4119 us/op
WorkloadActual   4: 524288 op, 739712835.00 ns, 1.4109 us/op
WorkloadActual   5: 524288 op, 738842525.00 ns, 1.4092 us/op
WorkloadActual   6: 524288 op, 739218235.00 ns, 1.4099 us/op
WorkloadActual   7: 524288 op, 739720998.00 ns, 1.4109 us/op
WorkloadActual   8: 524288 op, 742065631.00 ns, 1.4154 us/op
WorkloadActual   9: 524288 op, 739028322.00 ns, 1.4096 us/op
WorkloadActual  10: 524288 op, 739328750.00 ns, 1.4102 us/op
WorkloadActual  11: 524288 op, 739813219.00 ns, 1.4111 us/op
WorkloadActual  12: 524288 op, 739797790.00 ns, 1.4111 us/op
WorkloadActual  13: 524288 op, 740004304.00 ns, 1.4114 us/op
WorkloadActual  14: 524288 op, 737928591.00 ns, 1.4075 us/op
WorkloadActual  15: 524288 op, 745898961.00 ns, 1.4227 us/op

// AfterActualRun
WorkloadResult   1: 524288 op, 737828366.00 ns, 1.4073 us/op
WorkloadResult   2: 524288 op, 738483494.00 ns, 1.4085 us/op
WorkloadResult   3: 524288 op, 737974507.00 ns, 1.4076 us/op
WorkloadResult   4: 524288 op, 737104197.00 ns, 1.4059 us/op
WorkloadResult   5: 524288 op, 737479907.00 ns, 1.4066 us/op
WorkloadResult   6: 524288 op, 737982670.00 ns, 1.4076 us/op
WorkloadResult   7: 524288 op, 737289994.00 ns, 1.4063 us/op
WorkloadResult   8: 524288 op, 737590422.00 ns, 1.4068 us/op
WorkloadResult   9: 524288 op, 738074891.00 ns, 1.4078 us/op
WorkloadResult  10: 524288 op, 738059462.00 ns, 1.4077 us/op
WorkloadResult  11: 524288 op, 738265976.00 ns, 1.4081 us/op
WorkloadResult  12: 524288 op, 736190263.00 ns, 1.4042 us/op
// GC:  15 0 0 260046848 524288
// Threading:  0 0 524288

// AfterAll
// Benchmark Process 3398 has exited with code 0.

Mean = 1.444 μs, StdErr = 0.006 μs (0.45%), N = 27, StdDev = 0.034 μs
Min = 1.404 μs, Q1 = 1.408 μs, Median = 1.470 μs, Q3 = 1.473 μs, Max = 1.479 μs
IQR = 0.066 μs, LowerFence = 1.309 μs, UpperFence = 1.572 μs
ConfidenceInterval = [1.420 μs; 1.468 μs] (CI 99.9%), Margin = 0.024 μs (1.66% of Mean)
Skewness = -0.21, Kurtosis = 0.98, MValue = 3.6

// ** Remained 16 (72.7 %) benchmark(s) to run. Estimated finish 2026-10-04 2:50 (0h 7m from now) **
// **************************
// Benchmark: HybridCacheProviderBenchmarks.GetAsync_CacheMiss: Job-NUBXJZ(IterationCount=20, WarmupCount=5)
// *** Execute ***
// Launch: 1 / 1
// Execute: dotnet Encina.Caching.Hybrid.Benchmarks-Job-NUBXJZ-1.dll --anonymousPipes 166 167 --benchmarkName Encina.Caching.Hybrid.Benchmarks.Benchmarks.HybridCacheProviderBenchmarks.GetAsync_CacheMiss --job "IterationCount=20, WarmupCount=5" --benchmarkId 6 in /home/runner/work/Encina/Encina/tests/Encina.BenchmarkTests/Encina.Caching.Hybrid.Benchmarks/bin/Release/net10.0/Encina.Caching.Hybrid.Benchmarks-Job-NUBXJZ-1/bin/Release/net10.0
// Failed to set up high priority (Permission denied). In order to run benchmarks with high priority, make sure you have the right permissions.
// BeforeAnythingElse

// Benchmark Process Environment Information:
// BenchmarkDotNet v0.15.8
// Runtime=.NET 10.0.12 (10.0.12, 10.0.1226.42308), X64 RyuJIT x86-64-v3
// GC=Concurrent Workstation
// HardwareIntrinsics=AVX2+BMI1+BMI2+F16C+FMA+LZCNT+MOVBE,AVX,SSE3+SSSE3+SSE4.1+SSE4.2+POPCNT,X86Base+SSE+SSE2,AES+PCLMUL VectorSize=256
// Job: Job-NUBXJZ(IterationCount=20, WarmupCount=5)

OverheadJitting  1: 1 op, 260925.00 ns, 260.9250 us/op
WorkloadJitting  1: 1 op, 19113268.00 ns, 19.1133 ms/op

OverheadJitting  2: 16 op, 503585.00 ns, 31.4741 us/op
WorkloadJitting  2: 16 op, 612677.00 ns, 38.2923 us/op

WorkloadPilot    1: 16 op, 49471.00 ns, 3.0919 us/op
WorkloadPilot    2: 32 op, 63187.00 ns, 1.9746 us/op
WorkloadPilot    3: 64 op, 108091.00 ns, 1.6889 us/op
WorkloadPilot    4: 128 op, 209589.00 ns, 1.6374 us/op
WorkloadPilot    5: 256 op, 448041.00 ns, 1.7502 us/op
WorkloadPilot    6: 512 op, 687246.00 ns, 1.3423 us/op
WorkloadPilot    7: 1024 op, 1446826.00 ns, 1.4129 us/op
WorkloadPilot    8: 2048 op, 2880216.00 ns, 1.4064 us/op
WorkloadPilot    9: 4096 op, 5762026.00 ns, 1.4067 us/op
WorkloadPilot   10: 8192 op, 11383300.00 ns, 1.3896 us/op
WorkloadPilot   11: 16384 op, 22993310.00 ns, 1.4034 us/op
WorkloadPilot   12: 32768 op, 43108007.00 ns, 1.3156 us/op
WorkloadPilot   13: 65536 op, 77686762.00 ns, 1.1854 us/op
WorkloadPilot   14: 131072 op, 150246716.00 ns, 1.1463 us/op
WorkloadPilot   15: 262144 op, 299176142.00 ns, 1.1413 us/op
WorkloadPilot   16: 524288 op, 598194398.00 ns, 1.1410 us/op

OverheadWarmup   1: 524288 op, 1795823.00 ns, 3.4253 ns/op
OverheadWarmup   2: 524288 op, 1810871.00 ns, 3.4540 ns/op
OverheadWarmup   3: 524288 op, 1762371.00 ns, 3.3615 ns/op
OverheadWarmup   4: 524288 op, 1760077.00 ns, 3.3571 ns/op
OverheadWarmup   5: 524288 op, 1759286.00 ns, 3.3556 ns/op
OverheadWarmup   6: 524288 op, 1752723.00 ns, 3.3431 ns/op
OverheadWarmup   7: 524288 op, 1765547.00 ns, 3.3675 ns/op
OverheadWarmup   8: 524288 op, 1761120.00 ns, 3.3591 ns/op

OverheadActual   1: 524288 op, 1755258.00 ns, 3.3479 ns/op
OverheadActual   2: 524288 op, 1761811.00 ns, 3.3604 ns/op
OverheadActual   3: 524288 op, 1774614.00 ns, 3.3848 ns/op
OverheadActual   4: 524288 op, 1773872.00 ns, 3.3834 ns/op
OverheadActual   5: 524288 op, 1748606.00 ns, 3.3352 ns/op
OverheadActual   6: 524288 op, 1759276.00 ns, 3.3556 ns/op
OverheadActual   7: 524288 op, 1760097.00 ns, 3.3571 ns/op
OverheadActual   8: 524288 op, 1772320.00 ns, 3.3804 ns/op
OverheadActual   9: 524288 op, 1760788.00 ns, 3.3584 ns/op
OverheadActual  10: 524288 op, 1766409.00 ns, 3.3692 ns/op
OverheadActual  11: 524288 op, 1765767.00 ns, 3.3679 ns/op
OverheadActual  12: 524288 op, 1788470.00 ns, 3.4112 ns/op
OverheadActual  13: 524288 op, 1766549.00 ns, 3.3694 ns/op
OverheadActual  14: 524288 op, 1767221.00 ns, 3.3707 ns/op
OverheadActual  15: 524288 op, 1782709.00 ns, 3.4002 ns/op

WorkloadWarmup   1: 524288 op, 604891788.00 ns, 1.1537 us/op
WorkloadWarmup   2: 524288 op, 604428126.00 ns, 1.1529 us/op
WorkloadWarmup   3: 524288 op, 603752684.00 ns, 1.1516 us/op
WorkloadWarmup   4: 524288 op, 599917123.00 ns, 1.1443 us/op
WorkloadWarmup   5: 524288 op, 601043905.00 ns, 1.1464 us/op

// BeforeActualRun
WorkloadActual   1: 524288 op, 601753532.00 ns, 1.1478 us/op
WorkloadActual   2: 524288 op, 603550117.00 ns, 1.1512 us/op
WorkloadActual   3: 524288 op, 602341574.00 ns, 1.1489 us/op
WorkloadActual   4: 524288 op, 602683188.00 ns, 1.1495 us/op
WorkloadActual   5: 524288 op, 600531731.00 ns, 1.1454 us/op
WorkloadActual   6: 524288 op, 598330301.00 ns, 1.1412 us/op
WorkloadActual   7: 524288 op, 604518599.00 ns, 1.1530 us/op
WorkloadActual   8: 524288 op, 601471731.00 ns, 1.1472 us/op
WorkloadActual   9: 524288 op, 602116498.00 ns, 1.1484 us/op
WorkloadActual  10: 524288 op, 607256334.00 ns, 1.1582 us/op
WorkloadActual  11: 524288 op, 598087144.00 ns, 1.1408 us/op
WorkloadActual  12: 524288 op, 599236749.00 ns, 1.1430 us/op
WorkloadActual  13: 524288 op, 597132000.00 ns, 1.1389 us/op
WorkloadActual  14: 524288 op, 599459984.00 ns, 1.1434 us/op
WorkloadActual  15: 524288 op, 598522663.00 ns, 1.1416 us/op
WorkloadActual  16: 524288 op, 599421233.00 ns, 1.1433 us/op
WorkloadActual  17: 524288 op, 601414174.00 ns, 1.1471 us/op
WorkloadActual  18: 524288 op, 599142264.00 ns, 1.1428 us/op
WorkloadActual  19: 524288 op, 599753137.00 ns, 1.1439 us/op
WorkloadActual  20: 524288 op, 600453688.00 ns, 1.1453 us/op

// AfterActualRun
WorkloadResult   1: 524288 op, 599987123.00 ns, 1.1444 us/op
WorkloadResult   2: 524288 op, 601783708.00 ns, 1.1478 us/op
WorkloadResult   3: 524288 op, 600575165.00 ns, 1.1455 us/op
WorkloadResult   4: 524288 op, 600916779.00 ns, 1.1462 us/op
WorkloadResult   5: 524288 op, 598765322.00 ns, 1.1421 us/op
WorkloadResult   6: 524288 op, 596563892.00 ns, 1.1379 us/op
WorkloadResult   7: 524288 op, 602752190.00 ns, 1.1497 us/op
WorkloadResult   8: 524288 op, 599705322.00 ns, 1.1438 us/op
WorkloadResult   9: 524288 op, 600350089.00 ns, 1.1451 us/op
WorkloadResult  10: 524288 op, 596320735.00 ns, 1.1374 us/op
WorkloadResult  11: 524288 op, 597470340.00 ns, 1.1396 us/op
WorkloadResult  12: 524288 op, 595365591.00 ns, 1.1356 us/op
WorkloadResult  13: 524288 op, 597693575.00 ns, 1.1400 us/op
WorkloadResult  14: 524288 op, 596756254.00 ns, 1.1382 us/op
WorkloadResult  15: 524288 op, 597654824.00 ns, 1.1399 us/op
WorkloadResult  16: 524288 op, 599647765.00 ns, 1.1437 us/op
WorkloadResult  17: 524288 op, 597375855.00 ns, 1.1394 us/op
WorkloadResult  18: 524288 op, 597986728.00 ns, 1.1406 us/op
WorkloadResult  19: 524288 op, 598687279.00 ns, 1.1419 us/op
// GC:  19 0 0 322961408 524288
// Threading:  0 0 524288

// AfterAll
// Benchmark Process 3413 has exited with code 0.

Mean = 1.142 μs, StdErr = 0.001 μs (0.08%), N = 19, StdDev = 0.004 μs
Min = 1.136 μs, Q1 = 1.139 μs, Median = 1.142 μs, Q3 = 1.145 μs, Max = 1.150 μs
IQR = 0.005 μs, LowerFence = 1.132 μs, UpperFence = 1.153 μs
ConfidenceInterval = [1.139 μs; 1.145 μs] (CI 99.9%), Margin = 0.003 μs (0.30% of Mean)
Skewness = 0.24, Kurtosis = 1.99, MValue = 2

// ** Remained 15 (68.2 %) benchmark(s) to run. Estimated finish 2026-10-04 2:49 (0h 6m from now) **
// **************************
// Benchmark: HybridCacheProviderBenchmarks.GetAsync_CacheMiss: MediumRun(IterationCount=15, LaunchCount=2, WarmupCount=10)
// *** Execute ***
// Launch: 1 / 2
// Execute: dotnet Encina.Caching.Hybrid.Benchmarks-Job-NUBXJZ-1.dll --anonymousPipes 166 167 --benchmarkName Encina.Caching.Hybrid.Benchmarks.Benchmarks.HybridCacheProviderBenchmarks.GetAsync_CacheMiss --job MediumRun --benchmarkId 7 in /home/runner/work/Encina/Encina/tests/Encina.BenchmarkTests/Encina.Caching.Hybrid.Benchmarks/bin/Release/net10.0/Encina.Caching.Hybrid.Benchmarks-Job-NUBXJZ-1/bin/Release/net10.0
// Failed to set up high priority (Permission denied). In order to run benchmarks with high priority, make sure you have the right permissions.
// BeforeAnythingElse

// Benchmark Process Environment Information:
// BenchmarkDotNet v0.15.8
// Runtime=.NET 10.0.12 (10.0.12, 10.0.1226.42308), X64 RyuJIT x86-64-v3
// GC=Concurrent Workstation
// HardwareIntrinsics=AVX2+BMI1+BMI2+F16C+FMA+LZCNT+MOVBE,AVX,SSE3+SSSE3+SSE4.1+SSE4.2+POPCNT,X86Base+SSE+SSE2,AES+PCLMUL VectorSize=256
// Job: MediumRun(IterationCount=15, LaunchCount=2, WarmupCount=10)

OverheadJitting  1: 1 op, 269560.00 ns, 269.5600 us/op
WorkloadJitting  1: 1 op, 19212168.00 ns, 19.2122 ms/op

OverheadJitting  2: 16 op, 476886.00 ns, 29.8054 us/op
WorkloadJitting  2: 16 op, 564730.00 ns, 35.2956 us/op

WorkloadPilot    1: 16 op, 48349.00 ns, 3.0218 us/op
WorkloadPilot    2: 32 op, 63098.00 ns, 1.9718 us/op
WorkloadPilot    3: 64 op, 108532.00 ns, 1.6958 us/op
WorkloadPilot    4: 128 op, 209699.00 ns, 1.6383 us/op
WorkloadPilot    5: 256 op, 424699.00 ns, 1.6590 us/op
WorkloadPilot    6: 512 op, 787022.00 ns, 1.5372 us/op
WorkloadPilot    7: 1024 op, 1375505.00 ns, 1.3433 us/op
WorkloadPilot    8: 2048 op, 2814280.00 ns, 1.3742 us/op
WorkloadPilot    9: 4096 op, 5725028.00 ns, 1.3977 us/op
WorkloadPilot   10: 8192 op, 11590896.00 ns, 1.4149 us/op
WorkloadPilot   11: 16384 op, 21529182.00 ns, 1.3140 us/op
WorkloadPilot   12: 32768 op, 43431447.00 ns, 1.3254 us/op
WorkloadPilot   13: 65536 op, 75680989.00 ns, 1.1548 us/op
WorkloadPilot   14: 131072 op, 149734002.00 ns, 1.1424 us/op
WorkloadPilot   15: 262144 op, 298094191.00 ns, 1.1371 us/op
WorkloadPilot   16: 524288 op, 599731016.00 ns, 1.1439 us/op

OverheadWarmup   1: 524288 op, 1725897.00 ns, 3.2919 ns/op
OverheadWarmup   2: 524288 op, 1730836.00 ns, 3.3013 ns/op
OverheadWarmup   3: 524288 op, 1734593.00 ns, 3.3085 ns/op
OverheadWarmup   4: 524288 op, 1729393.00 ns, 3.2986 ns/op
OverheadWarmup   5: 524288 op, 1737178.00 ns, 3.3134 ns/op
OverheadWarmup   6: 524288 op, 1724994.00 ns, 3.2902 ns/op

OverheadActual   1: 524288 op, 1715347.00 ns, 3.2718 ns/op
OverheadActual   2: 524288 op, 1726698.00 ns, 3.2934 ns/op
OverheadActual   3: 524288 op, 1733441.00 ns, 3.3063 ns/op
OverheadActual   4: 524288 op, 1724384.00 ns, 3.2890 ns/op
OverheadActual   5: 524288 op, 1735004.00 ns, 3.3093 ns/op
OverheadActual   6: 524288 op, 1725195.00 ns, 3.2905 ns/op
OverheadActual   7: 524288 op, 1723573.00 ns, 3.2875 ns/op
OverheadActual   8: 524288 op, 1726317.00 ns, 3.2927 ns/op
OverheadActual   9: 524288 op, 1738560.00 ns, 3.3160 ns/op
OverheadActual  10: 524288 op, 1711540.00 ns, 3.2645 ns/op
OverheadActual  11: 524288 op, 1733561.00 ns, 3.3065 ns/op
OverheadActual  12: 524288 op, 1731608.00 ns, 3.3028 ns/op
OverheadActual  13: 524288 op, 1734223.00 ns, 3.3078 ns/op
OverheadActual  14: 524288 op, 1731828.00 ns, 3.3032 ns/op
OverheadActual  15: 524288 op, 1730936.00 ns, 3.3015 ns/op

WorkloadWarmup   1: 524288 op, 601125727.00 ns, 1.1466 us/op
WorkloadWarmup   2: 524288 op, 601448476.00 ns, 1.1472 us/op
WorkloadWarmup   3: 524288 op, 603018894.00 ns, 1.1502 us/op
WorkloadWarmup   4: 524288 op, 596968232.00 ns, 1.1386 us/op
WorkloadWarmup   5: 524288 op, 598147767.00 ns, 1.1409 us/op
WorkloadWarmup   6: 524288 op, 596980764.00 ns, 1.1387 us/op
WorkloadWarmup   7: 524288 op, 598471011.00 ns, 1.1415 us/op
WorkloadWarmup   8: 524288 op, 599844951.00 ns, 1.1441 us/op
WorkloadWarmup   9: 524288 op, 599421550.00 ns, 1.1433 us/op
WorkloadWarmup  10: 524288 op, 601169556.00 ns, 1.1466 us/op

// BeforeActualRun
WorkloadActual   1: 524288 op, 600150764.00 ns, 1.1447 us/op
WorkloadActual   2: 524288 op, 598076632.00 ns, 1.1407 us/op
WorkloadActual   3: 524288 op, 599016037.00 ns, 1.1425 us/op
WorkloadActual   4: 524288 op, 597675137.00 ns, 1.1400 us/op
WorkloadActual   5: 524288 op, 598031669.00 ns, 1.1407 us/op
WorkloadActual   6: 524288 op, 600322393.00 ns, 1.1450 us/op
WorkloadActual   7: 524288 op, 598516008.00 ns, 1.1416 us/op
WorkloadActual   8: 524288 op, 599189910.00 ns, 1.1429 us/op
WorkloadActual   9: 524288 op, 598650678.00 ns, 1.1418 us/op
WorkloadActual  10: 524288 op, 599540591.00 ns, 1.1435 us/op
WorkloadActual  11: 524288 op, 597873184.00 ns, 1.1404 us/op
WorkloadActual  12: 524288 op, 597854268.00 ns, 1.1403 us/op
WorkloadActual  13: 524288 op, 598015887.00 ns, 1.1406 us/op
WorkloadActual  14: 524288 op, 600026974.00 ns, 1.1445 us/op
WorkloadActual  15: 524288 op, 599542168.00 ns, 1.1435 us/op

// AfterActualRun
WorkloadResult   1: 524288 op, 598419828.00 ns, 1.1414 us/op
WorkloadResult   2: 524288 op, 596345696.00 ns, 1.1374 us/op
WorkloadResult   3: 524288 op, 597285101.00 ns, 1.1392 us/op
WorkloadResult   4: 524288 op, 595944201.00 ns, 1.1367 us/op
WorkloadResult   5: 524288 op, 596300733.00 ns, 1.1374 us/op
WorkloadResult   6: 524288 op, 598591457.00 ns, 1.1417 us/op
WorkloadResult   7: 524288 op, 596785072.00 ns, 1.1383 us/op
WorkloadResult   8: 524288 op, 597458974.00 ns, 1.1396 us/op
WorkloadResult   9: 524288 op, 596919742.00 ns, 1.1385 us/op
WorkloadResult  10: 524288 op, 597809655.00 ns, 1.1402 us/op
WorkloadResult  11: 524288 op, 596142248.00 ns, 1.1371 us/op
WorkloadResult  12: 524288 op, 596123332.00 ns, 1.1370 us/op
WorkloadResult  13: 524288 op, 596284951.00 ns, 1.1373 us/op
WorkloadResult  14: 524288 op, 598296038.00 ns, 1.1412 us/op
WorkloadResult  15: 524288 op, 597811232.00 ns, 1.1402 us/op
// GC:  19 0 0 322961408 524288
// Threading:  0 0 524288

// AfterAll
// Benchmark Process 3423 has exited with code 0.
// Launch: 2 / 2
// Execute: dotnet Encina.Caching.Hybrid.Benchmarks-Job-NUBXJZ-1.dll --anonymousPipes 166 167 --benchmarkName Encina.Caching.Hybrid.Benchmarks.Benchmarks.HybridCacheProviderBenchmarks.GetAsync_CacheMiss --job MediumRun --benchmarkId 7 in /home/runner/work/Encina/Encina/tests/Encina.BenchmarkTests/Encina.Caching.Hybrid.Benchmarks/bin/Release/net10.0/Encina.Caching.Hybrid.Benchmarks-Job-NUBXJZ-1/bin/Release/net10.0
// Failed to set up high priority (Permission denied). In order to run benchmarks with high priority, make sure you have the right permissions.
// BeforeAnythingElse

// Benchmark Process Environment Information:
// BenchmarkDotNet v0.15.8
// Runtime=.NET 10.0.12 (10.0.12, 10.0.1226.42308), X64 RyuJIT x86-64-v3
// GC=Concurrent Workstation
// HardwareIntrinsics=AVX2+BMI1+BMI2+F16C+FMA+LZCNT+MOVBE,AVX,SSE3+SSSE3+SSE4.1+SSE4.2+POPCNT,X86Base+SSE+SSE2,AES+PCLMUL VectorSize=256
// Job: MediumRun(IterationCount=15, LaunchCount=2, WarmupCount=10)

OverheadJitting  1: 1 op, 233955.00 ns, 233.9550 us/op
WorkloadJitting  1: 1 op, 19113222.00 ns, 19.1132 ms/op

OverheadJitting  2: 16 op, 454644.00 ns, 28.4153 us/op
WorkloadJitting  2: 16 op, 592651.00 ns, 37.0407 us/op

WorkloadPilot    1: 16 op, 45485.00 ns, 2.8428 us/op
WorkloadPilot    2: 32 op, 62216.00 ns, 1.9443 us/op
WorkloadPilot    3: 64 op, 107289.00 ns, 1.6764 us/op
WorkloadPilot    4: 128 op, 206734.00 ns, 1.6151 us/op
WorkloadPilot    5: 256 op, 412266.00 ns, 1.6104 us/op
WorkloadPilot    6: 512 op, 719827.00 ns, 1.4059 us/op
WorkloadPilot    7: 1024 op, 1429004.00 ns, 1.3955 us/op
WorkloadPilot    8: 2048 op, 2848872.00 ns, 1.3911 us/op
WorkloadPilot    9: 4096 op, 5614048.00 ns, 1.3706 us/op
WorkloadPilot   10: 8192 op, 11194233.00 ns, 1.3665 us/op
WorkloadPilot   11: 16384 op, 21006308.00 ns, 1.2821 us/op
WorkloadPilot   12: 32768 op, 43667971.00 ns, 1.3326 us/op
WorkloadPilot   13: 65536 op, 75897826.00 ns, 1.1581 us/op
WorkloadPilot   14: 131072 op, 146778236.00 ns, 1.1198 us/op
WorkloadPilot   15: 262144 op, 293966888.00 ns, 1.1214 us/op
WorkloadPilot   16: 524288 op, 590102876.00 ns, 1.1255 us/op

OverheadWarmup   1: 524288 op, 1739341.00 ns, 3.3175 ns/op
OverheadWarmup   2: 524288 op, 1738399.00 ns, 3.3157 ns/op
OverheadWarmup   3: 524288 op, 1741846.00 ns, 3.3223 ns/op
OverheadWarmup   4: 524288 op, 1737467.00 ns, 3.3140 ns/op
OverheadWarmup   5: 524288 op, 1733210.00 ns, 3.3058 ns/op
OverheadWarmup   6: 524288 op, 1736756.00 ns, 3.3126 ns/op
OverheadWarmup   7: 524288 op, 1730053.00 ns, 3.2998 ns/op

OverheadActual   1: 524288 op, 1752536.00 ns, 3.3427 ns/op
OverheadActual   2: 524288 op, 1738028.00 ns, 3.3150 ns/op
OverheadActual   3: 524288 op, 1758296.00 ns, 3.3537 ns/op
OverheadActual   4: 524288 op, 1735965.00 ns, 3.3111 ns/op
OverheadActual   5: 524288 op, 1758767.00 ns, 3.3546 ns/op
OverheadActual   6: 524288 op, 1753688.00 ns, 3.3449 ns/op
OverheadActual   7: 524288 op, 1742246.00 ns, 3.3231 ns/op
OverheadActual   8: 524288 op, 1747125.00 ns, 3.3324 ns/op
OverheadActual   9: 524288 op, 1749330.00 ns, 3.3366 ns/op
OverheadActual  10: 524288 op, 1745783.00 ns, 3.3298 ns/op
OverheadActual  11: 524288 op, 1746143.00 ns, 3.3305 ns/op
OverheadActual  12: 524288 op, 1748818.00 ns, 3.3356 ns/op
OverheadActual  13: 524288 op, 1748517.00 ns, 3.3350 ns/op
OverheadActual  14: 524288 op, 1736997.00 ns, 3.3131 ns/op
OverheadActual  15: 524288 op, 1746364.00 ns, 3.3309 ns/op

WorkloadWarmup   1: 524288 op, 594465758.00 ns, 1.1339 us/op
WorkloadWarmup   2: 524288 op, 591080493.00 ns, 1.1274 us/op
WorkloadWarmup   3: 524288 op, 590362088.00 ns, 1.1260 us/op
WorkloadWarmup   4: 524288 op, 589308210.00 ns, 1.1240 us/op
WorkloadWarmup   5: 524288 op, 586304020.00 ns, 1.1183 us/op
WorkloadWarmup   6: 524288 op, 587125601.00 ns, 1.1199 us/op
WorkloadWarmup   7: 524288 op, 589993969.00 ns, 1.1253 us/op
WorkloadWarmup   8: 524288 op, 586876024.00 ns, 1.1194 us/op
WorkloadWarmup   9: 524288 op, 583608204.00 ns, 1.1131 us/op
WorkloadWarmup  10: 524288 op, 587043846.00 ns, 1.1197 us/op

// BeforeActualRun
WorkloadActual   1: 524288 op, 589229205.00 ns, 1.1239 us/op
WorkloadActual   2: 524288 op, 586961843.00 ns, 1.1195 us/op
WorkloadActual   3: 524288 op, 587217719.00 ns, 1.1200 us/op
WorkloadActual   4: 524288 op, 585411623.00 ns, 1.1166 us/op
WorkloadActual   5: 524288 op, 588154099.00 ns, 1.1218 us/op
WorkloadActual   6: 524288 op, 587754436.00 ns, 1.1211 us/op
WorkloadActual   7: 524288 op, 587212328.00 ns, 1.1200 us/op
WorkloadActual   8: 524288 op, 591858540.00 ns, 1.1289 us/op
WorkloadActual   9: 524288 op, 586651597.00 ns, 1.1189 us/op
WorkloadActual  10: 524288 op, 586959145.00 ns, 1.1195 us/op
WorkloadActual  11: 524288 op, 591289392.00 ns, 1.1278 us/op
WorkloadActual  12: 524288 op, 588159879.00 ns, 1.1218 us/op
WorkloadActual  13: 524288 op, 588123310.00 ns, 1.1218 us/op
WorkloadActual  14: 524288 op, 586511081.00 ns, 1.1187 us/op
WorkloadActual  15: 524288 op, 589991786.00 ns, 1.1253 us/op

// AfterActualRun
WorkloadResult   1: 524288 op, 587482080.00 ns, 1.1205 us/op
WorkloadResult   2: 524288 op, 585214718.00 ns, 1.1162 us/op
WorkloadResult   3: 524288 op, 585470594.00 ns, 1.1167 us/op
WorkloadResult   4: 524288 op, 583664498.00 ns, 1.1133 us/op
WorkloadResult   5: 524288 op, 586406974.00 ns, 1.1185 us/op
WorkloadResult   6: 524288 op, 586007311.00 ns, 1.1177 us/op
WorkloadResult   7: 524288 op, 585465203.00 ns, 1.1167 us/op
WorkloadResult   8: 524288 op, 584904472.00 ns, 1.1156 us/op
WorkloadResult   9: 524288 op, 585212020.00 ns, 1.1162 us/op
WorkloadResult  10: 524288 op, 589542267.00 ns, 1.1245 us/op
WorkloadResult  11: 524288 op, 586412754.00 ns, 1.1185 us/op
WorkloadResult  12: 524288 op, 586376185.00 ns, 1.1184 us/op
WorkloadResult  13: 524288 op, 584763956.00 ns, 1.1153 us/op
WorkloadResult  14: 524288 op, 588244661.00 ns, 1.1220 us/op
// GC:  19 0 0 322961408 524288
// Threading:  0 0 524288

// AfterAll
// Benchmark Process 3433 has exited with code 0.

Mean = 1.129 μs, StdErr = 0.002 μs (0.18%), N = 29, StdDev = 0.011 μs
Min = 1.113 μs, Q1 = 1.118 μs, Median = 1.137 μs, Q3 = 1.139 μs, Max = 1.142 μs
IQR = 0.021 μs, LowerFence = 1.086 μs, UpperFence = 1.170 μs
ConfidenceInterval = [1.121 μs; 1.136 μs] (CI 99.9%), Margin = 0.007 μs (0.66% of Mean)
Skewness = -0.11, Kurtosis = 1.09, MValue = 2

// ** Remained 14 (63.6 %) benchmark(s) to run. Estimated finish 2026-10-04 2:49 (0h 6m from now) **
// **************************
// Benchmark: HybridCacheProviderBenchmarks.GetOrSetAsync_CacheHit: Job-NUBXJZ(IterationCount=20, WarmupCount=5)
// *** Execute ***
// Launch: 1 / 1
// Execute: dotnet Encina.Caching.Hybrid.Benchmarks-Job-NUBXJZ-1.dll --anonymousPipes 166 167 --benchmarkName Encina.Caching.Hybrid.Benchmarks.Benchmarks.HybridCacheProviderBenchmarks.GetOrSetAsync_CacheHit --job "IterationCount=20, WarmupCount=5" --benchmarkId 8 in /home/runner/work/Encina/Encina/tests/Encina.BenchmarkTests/Encina.Caching.Hybrid.Benchmarks/bin/Release/net10.0/Encina.Caching.Hybrid.Benchmarks-Job-NUBXJZ-1/bin/Release/net10.0
// Failed to set up high priority (Permission denied). In order to run benchmarks with high priority, make sure you have the right permissions.
// BeforeAnythingElse

// Benchmark Process Environment Information:
// BenchmarkDotNet v0.15.8
// Runtime=.NET 10.0.12 (10.0.12, 10.0.1226.42308), X64 RyuJIT x86-64-v3
// GC=Concurrent Workstation
// HardwareIntrinsics=AVX2+BMI1+BMI2+F16C+FMA+LZCNT+MOVBE,AVX,SSE3+SSSE3+SSE4.1+SSE4.2+POPCNT,X86Base+SSE+SSE2,AES+PCLMUL VectorSize=256
// Job: Job-NUBXJZ(IterationCount=20, WarmupCount=5)

OverheadJitting  1: 1 op, 248731.00 ns, 248.7310 us/op
WorkloadJitting  1: 1 op, 20294862.00 ns, 20.2949 ms/op

OverheadJitting  2: 16 op, 457117.00 ns, 28.5698 us/op
WorkloadJitting  2: 16 op, 589544.00 ns, 36.8465 us/op

WorkloadPilot    1: 16 op, 51676.00 ns, 3.2298 us/op
WorkloadPilot    2: 32 op, 72795.00 ns, 2.2748 us/op
WorkloadPilot    3: 64 op, 123549.00 ns, 1.9305 us/op
WorkloadPilot    4: 128 op, 244835.00 ns, 1.9128 us/op
WorkloadPilot    5: 256 op, 466635.00 ns, 1.8228 us/op
WorkloadPilot    6: 512 op, 832203.00 ns, 1.6254 us/op
WorkloadPilot    7: 1024 op, 1711113.00 ns, 1.6710 us/op
WorkloadPilot    8: 2048 op, 3365131.00 ns, 1.6431 us/op
WorkloadPilot    9: 4096 op, 6808167.00 ns, 1.6622 us/op
WorkloadPilot   10: 8192 op, 13628467.00 ns, 1.6636 us/op
WorkloadPilot   11: 16384 op, 27170574.00 ns, 1.6584 us/op
WorkloadPilot   12: 32768 op, 53585217.00 ns, 1.6353 us/op
WorkloadPilot   13: 65536 op, 96553813.00 ns, 1.4733 us/op
WorkloadPilot   14: 131072 op, 187040242.00 ns, 1.4270 us/op
WorkloadPilot   15: 262144 op, 375534093.00 ns, 1.4325 us/op
WorkloadPilot   16: 524288 op, 753653071.00 ns, 1.4375 us/op

OverheadWarmup   1: 524288 op, 1726426.00 ns, 3.2929 ns/op
OverheadWarmup   2: 524288 op, 1711780.00 ns, 3.2650 ns/op
OverheadWarmup   3: 524288 op, 1728841.00 ns, 3.2975 ns/op
OverheadWarmup   4: 524288 op, 1728301.00 ns, 3.2965 ns/op
OverheadWarmup   5: 524288 op, 1723671.00 ns, 3.2876 ns/op
OverheadWarmup   6: 524288 op, 1726296.00 ns, 3.2926 ns/op
OverheadWarmup   7: 524288 op, 1723482.00 ns, 3.2873 ns/op

OverheadActual   1: 524288 op, 1735634.00 ns, 3.3105 ns/op
OverheadActual   2: 524288 op, 1726166.00 ns, 3.2924 ns/op
OverheadActual   3: 524288 op, 1738870.00 ns, 3.3166 ns/op
OverheadActual   4: 524288 op, 1729633.00 ns, 3.2990 ns/op
OverheadActual   5: 524288 op, 1734372.00 ns, 3.3081 ns/op
OverheadActual   6: 524288 op, 1727268.00 ns, 3.2945 ns/op
OverheadActual   7: 524288 op, 1780627.00 ns, 3.3963 ns/op
OverheadActual   8: 524288 op, 1724253.00 ns, 3.2888 ns/op
OverheadActual   9: 524288 op, 1726277.00 ns, 3.2926 ns/op
OverheadActual  10: 524288 op, 1723612.00 ns, 3.2875 ns/op
OverheadActual  11: 524288 op, 1759418.00 ns, 3.3558 ns/op
OverheadActual  12: 524288 op, 1727078.00 ns, 3.2941 ns/op
OverheadActual  13: 524288 op, 1749300.00 ns, 3.3365 ns/op
OverheadActual  14: 524288 op, 1724202.00 ns, 3.2887 ns/op
OverheadActual  15: 524288 op, 1760510.00 ns, 3.3579 ns/op

WorkloadWarmup   1: 524288 op, 754931726.00 ns, 1.4399 us/op
WorkloadWarmup   2: 524288 op, 754240962.00 ns, 1.4386 us/op
WorkloadWarmup   3: 524288 op, 749308005.00 ns, 1.4292 us/op
WorkloadWarmup   4: 524288 op, 752155426.00 ns, 1.4346 us/op
WorkloadWarmup   5: 524288 op, 750572558.00 ns, 1.4316 us/op

// BeforeActualRun
WorkloadActual   1: 524288 op, 752919305.00 ns, 1.4361 us/op
WorkloadActual   2: 524288 op, 750199745.00 ns, 1.4309 us/op
WorkloadActual   3: 524288 op, 749010898.00 ns, 1.4286 us/op
WorkloadActual   4: 524288 op, 749241856.00 ns, 1.4291 us/op
WorkloadActual   5: 524288 op, 750348852.00 ns, 1.4312 us/op
WorkloadActual   6: 524288 op, 749945263.00 ns, 1.4304 us/op
WorkloadActual   7: 524288 op, 749514302.00 ns, 1.4296 us/op
WorkloadActual   8: 524288 op, 749704054.00 ns, 1.4299 us/op
WorkloadActual   9: 524288 op, 751581030.00 ns, 1.4335 us/op
WorkloadActual  10: 524288 op, 751411413.00 ns, 1.4332 us/op
WorkloadActual  11: 524288 op, 747410253.00 ns, 1.4256 us/op
WorkloadActual  12: 524288 op, 749229861.00 ns, 1.4290 us/op
WorkloadActual  13: 524288 op, 749384128.00 ns, 1.4293 us/op
WorkloadActual  14: 524288 op, 749591002.00 ns, 1.4297 us/op
WorkloadActual  15: 524288 op, 749717898.00 ns, 1.4300 us/op
WorkloadActual  16: 524288 op, 750538892.00 ns, 1.4315 us/op
WorkloadActual  17: 524288 op, 756490605.00 ns, 1.4429 us/op
WorkloadActual  18: 524288 op, 748485609.00 ns, 1.4276 us/op
WorkloadActual  19: 524288 op, 748434504.00 ns, 1.4275 us/op
WorkloadActual  20: 524288 op, 748646269.00 ns, 1.4279 us/op

// AfterActualRun
WorkloadResult   1: 524288 op, 748470112.00 ns, 1.4276 us/op
WorkloadResult   2: 524288 op, 747281265.00 ns, 1.4253 us/op
WorkloadResult   3: 524288 op, 747512223.00 ns, 1.4258 us/op
WorkloadResult   4: 524288 op, 748619219.00 ns, 1.4279 us/op
WorkloadResult   5: 524288 op, 748215630.00 ns, 1.4271 us/op
WorkloadResult   6: 524288 op, 747784669.00 ns, 1.4263 us/op
WorkloadResult   7: 524288 op, 747974421.00 ns, 1.4266 us/op
WorkloadResult   8: 524288 op, 749851397.00 ns, 1.4302 us/op
WorkloadResult   9: 524288 op, 749681780.00 ns, 1.4299 us/op
WorkloadResult  10: 524288 op, 745680620.00 ns, 1.4223 us/op
WorkloadResult  11: 524288 op, 747500228.00 ns, 1.4257 us/op
WorkloadResult  12: 524288 op, 747654495.00 ns, 1.4260 us/op
WorkloadResult  13: 524288 op, 747861369.00 ns, 1.4264 us/op
WorkloadResult  14: 524288 op, 747988265.00 ns, 1.4267 us/op
WorkloadResult  15: 524288 op, 748809259.00 ns, 1.4282 us/op
WorkloadResult  16: 524288 op, 746755976.00 ns, 1.4243 us/op
WorkloadResult  17: 524288 op, 746704871.00 ns, 1.4242 us/op
WorkloadResult  18: 524288 op, 746916636.00 ns, 1.4246 us/op
// GC:  17 0 0 293601280 524288
// Threading:  0 0 524288

// AfterAll
// Benchmark Process 3443 has exited with code 0.

Mean = 1.426 μs, StdErr = 0.000 μs (0.03%), N = 18, StdDev = 0.002 μs
Min = 1.422 μs, Q1 = 1.425 μs, Median = 1.426 μs, Q3 = 1.427 μs, Max = 1.430 μs
IQR = 0.002 μs, LowerFence = 1.422 μs, UpperFence = 1.431 μs
ConfidenceInterval = [1.425 μs; 1.428 μs] (CI 99.9%), Margin = 0.002 μs (0.13% of Mean)
Skewness = 0.09, Kurtosis = 2.69, MValue = 2

// ** Remained 13 (59.1 %) benchmark(s) to run. Estimated finish 2026-10-04 2:49 (0h 5m from now) **
// **************************
// Benchmark: HybridCacheProviderBenchmarks.GetOrSetAsync_CacheHit: MediumRun(IterationCount=15, LaunchCount=2, WarmupCount=10)
// *** Execute ***
// Launch: 1 / 2
// Execute: dotnet Encina.Caching.Hybrid.Benchmarks-Job-NUBXJZ-1.dll --anonymousPipes 166 167 --benchmarkName Encina.Caching.Hybrid.Benchmarks.Benchmarks.HybridCacheProviderBenchmarks.GetOrSetAsync_CacheHit --job MediumRun --benchmarkId 9 in /home/runner/work/Encina/Encina/tests/Encina.BenchmarkTests/Encina.Caching.Hybrid.Benchmarks/bin/Release/net10.0/Encina.Caching.Hybrid.Benchmarks-Job-NUBXJZ-1/bin/Release/net10.0
// Failed to set up high priority (Permission denied). In order to run benchmarks with high priority, make sure you have the right permissions.
// BeforeAnythingElse

// Benchmark Process Environment Information:
// BenchmarkDotNet v0.15.8
// Runtime=.NET 10.0.12 (10.0.12, 10.0.1226.42308), X64 RyuJIT x86-64-v3
// GC=Concurrent Workstation
// HardwareIntrinsics=AVX2+BMI1+BMI2+F16C+FMA+LZCNT+MOVBE,AVX,SSE3+SSSE3+SSE4.1+SSE4.2+POPCNT,X86Base+SSE+SSE2,AES+PCLMUL VectorSize=256
// Job: MediumRun(IterationCount=15, LaunchCount=2, WarmupCount=10)

OverheadJitting  1: 1 op, 234535.00 ns, 234.5350 us/op
WorkloadJitting  1: 1 op, 20949306.00 ns, 20.9493 ms/op

OverheadJitting  2: 16 op, 510137.00 ns, 31.8836 us/op
WorkloadJitting  2: 16 op, 608891.00 ns, 38.0557 us/op

WorkloadPilot    1: 16 op, 73797.00 ns, 4.6123 us/op
WorkloadPilot    2: 32 op, 73497.00 ns, 2.2968 us/op
WorkloadPilot    3: 64 op, 145080.00 ns, 2.2669 us/op
WorkloadPilot    4: 128 op, 295339.00 ns, 2.3073 us/op
WorkloadPilot    5: 256 op, 493587.00 ns, 1.9281 us/op
WorkloadPilot    6: 512 op, 864025.00 ns, 1.6875 us/op
WorkloadPilot    7: 1024 op, 1737286.00 ns, 1.6966 us/op
WorkloadPilot    8: 2048 op, 3522421.00 ns, 1.7199 us/op
WorkloadPilot    9: 4096 op, 6923708.00 ns, 1.6904 us/op
WorkloadPilot   10: 8192 op, 13867544.00 ns, 1.6928 us/op
WorkloadPilot   11: 16384 op, 26672525.00 ns, 1.6280 us/op
WorkloadPilot   12: 32768 op, 54675290.00 ns, 1.6686 us/op
WorkloadPilot   13: 65536 op, 98299756.00 ns, 1.4999 us/op
WorkloadPilot   14: 131072 op, 190124057.00 ns, 1.4505 us/op
WorkloadPilot   15: 262144 op, 380188424.00 ns, 1.4503 us/op
WorkloadPilot   16: 524288 op, 762953482.00 ns, 1.4552 us/op

OverheadWarmup   1: 524288 op, 1747074.00 ns, 3.3323 ns/op
OverheadWarmup   2: 524288 op, 1750731.00 ns, 3.3393 ns/op
OverheadWarmup   3: 524288 op, 1774155.00 ns, 3.3839 ns/op
OverheadWarmup   4: 524288 op, 1744710.00 ns, 3.3278 ns/op
OverheadWarmup   5: 524288 op, 1773253.00 ns, 3.3822 ns/op
OverheadWarmup   6: 524288 op, 1743919.00 ns, 3.3263 ns/op

OverheadActual   1: 524288 op, 1774816.00 ns, 3.3852 ns/op
OverheadActual   2: 524288 op, 1747215.00 ns, 3.3325 ns/op
OverheadActual   3: 524288 op, 1746904.00 ns, 3.3320 ns/op
OverheadActual   4: 524288 op, 1765409.00 ns, 3.3673 ns/op
OverheadActual   5: 524288 op, 1766270.00 ns, 3.3689 ns/op
OverheadActual   6: 524288 op, 1730614.00 ns, 3.3009 ns/op
OverheadActual   7: 524288 op, 1767954.00 ns, 3.3721 ns/op
OverheadActual   8: 524288 op, 1732026.00 ns, 3.3036 ns/op
OverheadActual   9: 524288 op, 1744870.00 ns, 3.3281 ns/op
OverheadActual  10: 524288 op, 1751102.00 ns, 3.3400 ns/op
OverheadActual  11: 524288 op, 1758677.00 ns, 3.3544 ns/op
OverheadActual  12: 524288 op, 1741344.00 ns, 3.3214 ns/op
OverheadActual  13: 524288 op, 1764376.00 ns, 3.3653 ns/op
OverheadActual  14: 524288 op, 1747636.00 ns, 3.3334 ns/op
OverheadActual  15: 524288 op, 1757374.00 ns, 3.3519 ns/op

WorkloadWarmup   1: 524288 op, 766689050.00 ns, 1.4623 us/op
WorkloadWarmup   2: 524288 op, 764683776.00 ns, 1.4585 us/op
WorkloadWarmup   3: 524288 op, 760955873.00 ns, 1.4514 us/op
WorkloadWarmup   4: 524288 op, 763211461.00 ns, 1.4557 us/op
WorkloadWarmup   5: 524288 op, 765073530.00 ns, 1.4593 us/op
WorkloadWarmup   6: 524288 op, 761738146.00 ns, 1.4529 us/op
WorkloadWarmup   7: 524288 op, 759817949.00 ns, 1.4492 us/op
WorkloadWarmup   8: 524288 op, 760673919.00 ns, 1.4509 us/op
WorkloadWarmup   9: 524288 op, 763125061.00 ns, 1.4555 us/op
WorkloadWarmup  10: 524288 op, 762935960.00 ns, 1.4552 us/op

// BeforeActualRun
WorkloadActual   1: 524288 op, 762492506.00 ns, 1.4543 us/op
WorkloadActual   2: 524288 op, 763076691.00 ns, 1.4555 us/op
WorkloadActual   3: 524288 op, 763909288.00 ns, 1.4570 us/op
WorkloadActual   4: 524288 op, 762509437.00 ns, 1.4544 us/op
WorkloadActual   5: 524288 op, 761483933.00 ns, 1.4524 us/op
WorkloadActual   6: 524288 op, 762729486.00 ns, 1.4548 us/op
WorkloadActual   7: 524288 op, 761594692.00 ns, 1.4526 us/op
WorkloadActual   8: 524288 op, 764415192.00 ns, 1.4580 us/op
WorkloadActual   9: 524288 op, 761555401.00 ns, 1.4526 us/op
WorkloadActual  10: 524288 op, 762174673.00 ns, 1.4537 us/op
WorkloadActual  11: 524288 op, 760897749.00 ns, 1.4513 us/op
WorkloadActual  12: 524288 op, 761074828.00 ns, 1.4516 us/op
WorkloadActual  13: 524288 op, 760849811.00 ns, 1.4512 us/op
WorkloadActual  14: 524288 op, 763032725.00 ns, 1.4554 us/op
WorkloadActual  15: 524288 op, 763500132.00 ns, 1.4563 us/op

// AfterActualRun
WorkloadResult   1: 524288 op, 760741404.00 ns, 1.4510 us/op
WorkloadResult   2: 524288 op, 761325589.00 ns, 1.4521 us/op
WorkloadResult   3: 524288 op, 762158186.00 ns, 1.4537 us/op
WorkloadResult   4: 524288 op, 760758335.00 ns, 1.4510 us/op
WorkloadResult   5: 524288 op, 759732831.00 ns, 1.4491 us/op
WorkloadResult   6: 524288 op, 760978384.00 ns, 1.4515 us/op
WorkloadResult   7: 524288 op, 759843590.00 ns, 1.4493 us/op
WorkloadResult   8: 524288 op, 762664090.00 ns, 1.4547 us/op
WorkloadResult   9: 524288 op, 759804299.00 ns, 1.4492 us/op
WorkloadResult  10: 524288 op, 760423571.00 ns, 1.4504 us/op
WorkloadResult  11: 524288 op, 759146647.00 ns, 1.4480 us/op
WorkloadResult  12: 524288 op, 759323726.00 ns, 1.4483 us/op
WorkloadResult  13: 524288 op, 759098709.00 ns, 1.4479 us/op
WorkloadResult  14: 524288 op, 761281623.00 ns, 1.4520 us/op
WorkloadResult  15: 524288 op, 761749030.00 ns, 1.4529 us/op
// GC:  17 0 0 293601280 524288
// Threading:  0 0 524288

// AfterAll
// Benchmark Process 3456 has exited with code 0.
// Launch: 2 / 2
// Execute: dotnet Encina.Caching.Hybrid.Benchmarks-Job-NUBXJZ-1.dll --anonymousPipes 166 167 --benchmarkName Encina.Caching.Hybrid.Benchmarks.Benchmarks.HybridCacheProviderBenchmarks.GetOrSetAsync_CacheHit --job MediumRun --benchmarkId 9 in /home/runner/work/Encina/Encina/tests/Encina.BenchmarkTests/Encina.Caching.Hybrid.Benchmarks/bin/Release/net10.0/Encina.Caching.Hybrid.Benchmarks-Job-NUBXJZ-1/bin/Release/net10.0
// Failed to set up high priority (Permission denied). In order to run benchmarks with high priority, make sure you have the right permissions.
// BeforeAnythingElse

// Benchmark Process Environment Information:
// BenchmarkDotNet v0.15.8
// Runtime=.NET 10.0.12 (10.0.12, 10.0.1226.42308), X64 RyuJIT x86-64-v3
// GC=Concurrent Workstation
// HardwareIntrinsics=AVX2+BMI1+BMI2+F16C+FMA+LZCNT+MOVBE,AVX,SSE3+SSSE3+SSE4.1+SSE4.2+POPCNT,X86Base+SSE+SSE2,AES+PCLMUL VectorSize=256
// Job: MediumRun(IterationCount=15, LaunchCount=2, WarmupCount=10)

OverheadJitting  1: 1 op, 238503.00 ns, 238.5030 us/op
WorkloadJitting  1: 1 op, 20638279.00 ns, 20.6383 ms/op

OverheadJitting  2: 16 op, 496072.00 ns, 31.0045 us/op
WorkloadJitting  2: 16 op, 600525.00 ns, 37.5328 us/op

WorkloadPilot    1: 16 op, 51515.00 ns, 3.2197 us/op
WorkloadPilot    2: 32 op, 76813.00 ns, 2.4004 us/op
WorkloadPilot    3: 64 op, 138728.00 ns, 2.1676 us/op
WorkloadPilot    4: 128 op, 247589.00 ns, 1.9343 us/op
WorkloadPilot    5: 256 op, 470814.00 ns, 1.8391 us/op
WorkloadPilot    6: 512 op, 850590.00 ns, 1.6613 us/op
WorkloadPilot    7: 1024 op, 1734181.00 ns, 1.6935 us/op
WorkloadPilot    8: 2048 op, 3499880.00 ns, 1.7089 us/op
WorkloadPilot    9: 4096 op, 6936272.00 ns, 1.6934 us/op
WorkloadPilot   10: 8192 op, 13948905.00 ns, 1.7027 us/op
WorkloadPilot   11: 16384 op, 26423083.00 ns, 1.6127 us/op
WorkloadPilot   12: 32768 op, 54611664.00 ns, 1.6666 us/op
WorkloadPilot   13: 65536 op, 99038573.00 ns, 1.5112 us/op
WorkloadPilot   14: 131072 op, 192448294.00 ns, 1.4683 us/op
WorkloadPilot   15: 262144 op, 383593811.00 ns, 1.4633 us/op
WorkloadPilot   16: 524288 op, 768928457.00 ns, 1.4666 us/op

OverheadWarmup   1: 524288 op, 1754709.00 ns, 3.3468 ns/op
OverheadWarmup   2: 524288 op, 1733700.00 ns, 3.3068 ns/op
OverheadWarmup   3: 524288 op, 1751493.00 ns, 3.3407 ns/op
OverheadWarmup   4: 524288 op, 1731345.00 ns, 3.3023 ns/op
OverheadWarmup   5: 524288 op, 1749188.00 ns, 3.3363 ns/op
OverheadWarmup   6: 524288 op, 1731316.00 ns, 3.3022 ns/op

OverheadActual   1: 524288 op, 1745782.00 ns, 3.3298 ns/op
OverheadActual   2: 524288 op, 1757715.00 ns, 3.3526 ns/op
OverheadActual   3: 524288 op, 1756532.00 ns, 3.3503 ns/op
OverheadActual   4: 524288 op, 1746604.00 ns, 3.3314 ns/op
OverheadActual   5: 524288 op, 1762153.00 ns, 3.3610 ns/op
OverheadActual   6: 524288 op, 1761812.00 ns, 3.3604 ns/op
OverheadActual   7: 524288 op, 1756042.00 ns, 3.3494 ns/op
OverheadActual   8: 524288 op, 1761040.00 ns, 3.3589 ns/op
OverheadActual   9: 524288 op, 1761421.00 ns, 3.3596 ns/op
OverheadActual  10: 524288 op, 1759668.00 ns, 3.3563 ns/op
OverheadActual  11: 524288 op, 1746795.00 ns, 3.3317 ns/op
OverheadActual  12: 524288 op, 1745712.00 ns, 3.3297 ns/op
OverheadActual  13: 524288 op, 1754819.00 ns, 3.3471 ns/op
OverheadActual  14: 524288 op, 1745091.00 ns, 3.3285 ns/op
OverheadActual  15: 524288 op, 1735523.00 ns, 3.3102 ns/op

WorkloadWarmup   1: 524288 op, 773953389.00 ns, 1.4762 us/op
WorkloadWarmup   2: 524288 op, 771365764.00 ns, 1.4713 us/op
WorkloadWarmup   3: 524288 op, 790470925.00 ns, 1.5077 us/op
WorkloadWarmup   4: 524288 op, 773247325.00 ns, 1.4749 us/op
WorkloadWarmup   5: 524288 op, 768599826.00 ns, 1.4660 us/op
WorkloadWarmup   6: 524288 op, 768174396.00 ns, 1.4652 us/op
WorkloadWarmup   7: 524288 op, 765626855.00 ns, 1.4603 us/op
WorkloadWarmup   8: 524288 op, 768591501.00 ns, 1.4660 us/op
WorkloadWarmup   9: 524288 op, 767535530.00 ns, 1.4640 us/op
WorkloadWarmup  10: 524288 op, 768803706.00 ns, 1.4664 us/op

// BeforeActualRun
WorkloadActual   1: 524288 op, 771308990.00 ns, 1.4712 us/op
WorkloadActual   2: 524288 op, 769971837.00 ns, 1.4686 us/op
WorkloadActual   3: 524288 op, 770029222.00 ns, 1.4687 us/op
WorkloadActual   4: 524288 op, 769030247.00 ns, 1.4668 us/op
WorkloadActual   5: 524288 op, 775769304.00 ns, 1.4797 us/op
WorkloadActual   6: 524288 op, 769111709.00 ns, 1.4670 us/op
WorkloadActual   7: 524288 op, 768718006.00 ns, 1.4662 us/op
WorkloadActual   8: 524288 op, 768499861.00 ns, 1.4658 us/op
WorkloadActual   9: 524288 op, 768540615.00 ns, 1.4659 us/op
WorkloadActual  10: 524288 op, 770554716.00 ns, 1.4697 us/op
WorkloadActual  11: 524288 op, 768935415.00 ns, 1.4666 us/op
WorkloadActual  12: 524288 op, 773186435.00 ns, 1.4747 us/op
WorkloadActual  13: 524288 op, 770087906.00 ns, 1.4688 us/op
WorkloadActual  14: 524288 op, 769065236.00 ns, 1.4669 us/op
WorkloadActual  15: 524288 op, 770436464.00 ns, 1.4695 us/op

// AfterActualRun
WorkloadResult   1: 524288 op, 769552948.00 ns, 1.4678 us/op
WorkloadResult   2: 524288 op, 768215795.00 ns, 1.4653 us/op
WorkloadResult   3: 524288 op, 768273180.00 ns, 1.4654 us/op
WorkloadResult   4: 524288 op, 767274205.00 ns, 1.4635 us/op
WorkloadResult   5: 524288 op, 767355667.00 ns, 1.4636 us/op
WorkloadResult   6: 524288 op, 766961964.00 ns, 1.4629 us/op
WorkloadResult   7: 524288 op, 766743819.00 ns, 1.4624 us/op
WorkloadResult   8: 524288 op, 766784573.00 ns, 1.4625 us/op
WorkloadResult   9: 524288 op, 768798674.00 ns, 1.4664 us/op
WorkloadResult  10: 524288 op, 767179373.00 ns, 1.4633 us/op
WorkloadResult  11: 524288 op, 768331864.00 ns, 1.4655 us/op
WorkloadResult  12: 524288 op, 767309194.00 ns, 1.4635 us/op
WorkloadResult  13: 524288 op, 768680422.00 ns, 1.4661 us/op
// GC:  17 0 0 293601280 524288
// Threading:  0 0 524288

// AfterAll
// Benchmark Process 3465 has exited with code 0.

Mean = 1.457 μs, StdErr = 0.001 μs (0.09%), N = 28, StdDev = 0.007 μs
Min = 1.448 μs, Q1 = 1.451 μs, Median = 1.454 μs, Q3 = 1.464 μs, Max = 1.468 μs
IQR = 0.013 μs, LowerFence = 1.432 μs, UpperFence = 1.483 μs
ConfidenceInterval = [1.452 μs; 1.462 μs] (CI 99.9%), Margin = 0.005 μs (0.35% of Mean)
Skewness = 0.09, Kurtosis = 1.18, MValue = 2

// ** Remained 12 (54.5 %) benchmark(s) to run. Estimated finish 2026-10-04 2:50 (0h 5m from now) **
// **************************
// Benchmark: HybridCacheProviderBenchmarks.GetOrSetAsync_CacheMiss: Job-NUBXJZ(IterationCount=20, WarmupCount=5)
// *** Execute ***
// Launch: 1 / 1
// Execute: dotnet Encina.Caching.Hybrid.Benchmarks-Job-NUBXJZ-1.dll --anonymousPipes 166 167 --benchmarkName Encina.Caching.Hybrid.Benchmarks.Benchmarks.HybridCacheProviderBenchmarks.GetOrSetAsync_CacheMiss --job "IterationCount=20, WarmupCount=5" --benchmarkId 10 in /home/runner/work/Encina/Encina/tests/Encina.BenchmarkTests/Encina.Caching.Hybrid.Benchmarks/bin/Release/net10.0/Encina.Caching.Hybrid.Benchmarks-Job-NUBXJZ-1/bin/Release/net10.0
// Failed to set up high priority (Permission denied). In order to run benchmarks with high priority, make sure you have the right permissions.
// BeforeAnythingElse

// Benchmark Process Environment Information:
// BenchmarkDotNet v0.15.8
// Runtime=.NET 10.0.12 (10.0.12, 10.0.1226.42308), X64 RyuJIT x86-64-v3
// GC=Concurrent Workstation
// HardwareIntrinsics=AVX2+BMI1+BMI2+F16C+FMA+LZCNT+MOVBE,AVX,SSE3+SSSE3+SSE4.1+SSE4.2+POPCNT,X86Base+SSE+SSE2,AES+PCLMUL VectorSize=256
// Job: Job-NUBXJZ(IterationCount=20, WarmupCount=5)

OverheadJitting  1: 1 op, 249083.00 ns, 249.0830 us/op
WorkloadJitting  1: 1 op, 31078698.00 ns, 31.0787 ms/op

OverheadJitting  2: 16 op, 480633.00 ns, 30.0396 us/op
WorkloadJitting  2: 16 op, 672620.00 ns, 42.0388 us/op

WorkloadPilot    1: 16 op, 191436.00 ns, 11.9648 us/op
WorkloadPilot    2: 32 op, 228505.00 ns, 7.1408 us/op
WorkloadPilot    3: 64 op, 409592.00 ns, 6.3999 us/op
WorkloadPilot    4: 128 op, 741749.00 ns, 5.7949 us/op
WorkloadPilot    5: 256 op, 1483056.00 ns, 5.7932 us/op
WorkloadPilot    6: 512 op, 2754769.00 ns, 5.3804 us/op
WorkloadPilot    7: 1024 op, 5777036.00 ns, 5.6416 us/op
WorkloadPilot    8: 2048 op, 11570433.00 ns, 5.6496 us/op
WorkloadPilot    9: 4096 op, 23012957.00 ns, 5.6184 us/op
WorkloadPilot   10: 8192 op, 43416646.00 ns, 5.2999 us/op
WorkloadPilot   11: 16384 op, 92112684.00 ns, 5.6221 us/op
WorkloadPilot   12: 32768 op, 208275944.00 ns, 6.3561 us/op
WorkloadPilot   13: 65536 op, 459512256.00 ns, 7.0116 us/op
WorkloadPilot   14: 131072 op, 857930453.00 ns, 6.5455 us/op

OverheadWarmup   1: 131072 op, 467849.00 ns, 3.5694 ns/op
OverheadWarmup   2: 131072 op, 431832.00 ns, 3.2946 ns/op
OverheadWarmup   3: 131072 op, 432203.00 ns, 3.2974 ns/op
OverheadWarmup   4: 131072 op, 431091.00 ns, 3.2890 ns/op
OverheadWarmup   5: 131072 op, 431000.00 ns, 3.2883 ns/op
OverheadWarmup   6: 131072 op, 431081.00 ns, 3.2889 ns/op
OverheadWarmup   7: 131072 op, 477137.00 ns, 3.6403 ns/op
OverheadWarmup   8: 131072 op, 445618.00 ns, 3.3998 ns/op

OverheadActual   1: 131072 op, 443634.00 ns, 3.3847 ns/op
OverheadActual   2: 131072 op, 445728.00 ns, 3.4006 ns/op
OverheadActual   3: 131072 op, 484349.00 ns, 3.6953 ns/op
OverheadActual   4: 131072 op, 431140.00 ns, 3.2893 ns/op
OverheadActual   5: 131072 op, 431351.00 ns, 3.2909 ns/op
OverheadActual   6: 131072 op, 463682.00 ns, 3.5376 ns/op
OverheadActual   7: 131072 op, 431762.00 ns, 3.2941 ns/op
OverheadActual   8: 131072 op, 431321.00 ns, 3.2907 ns/op
OverheadActual   9: 131072 op, 431231.00 ns, 3.2900 ns/op
OverheadActual  10: 131072 op, 430841.00 ns, 3.2871 ns/op
OverheadActual  11: 131072 op, 443975.00 ns, 3.3873 ns/op
OverheadActual  12: 131072 op, 431232.00 ns, 3.2900 ns/op
OverheadActual  13: 131072 op, 430981.00 ns, 3.2881 ns/op
OverheadActual  14: 131072 op, 446319.00 ns, 3.4051 ns/op
OverheadActual  15: 131072 op, 444395.00 ns, 3.3905 ns/op

WorkloadWarmup   1: 131072 op, 964088666.00 ns, 7.3554 us/op
WorkloadWarmup   2: 131072 op, 892606496.00 ns, 6.8100 us/op
WorkloadWarmup   3: 131072 op, 1054098164.00 ns, 8.0421 us/op
WorkloadWarmup   4: 131072 op, 889990506.00 ns, 6.7901 us/op
WorkloadWarmup   5: 131072 op, 919422248.00 ns, 7.0146 us/op

// BeforeActualRun
WorkloadActual   1: 131072 op, 915606740.00 ns, 6.9855 us/op
WorkloadActual   2: 131072 op, 924054925.00 ns, 7.0500 us/op
WorkloadActual   3: 131072 op, 1318026081.00 ns, 10.0557 us/op
WorkloadActual   4: 131072 op, 943039076.00 ns, 7.1948 us/op
WorkloadActual   5: 131072 op, 935516031.00 ns, 7.1374 us/op
WorkloadActual   6: 131072 op, 912527732.00 ns, 6.9620 us/op
WorkloadActual   7: 131072 op, 915620476.00 ns, 6.9856 us/op
WorkloadActual   8: 131072 op, 943786857.00 ns, 7.2005 us/op
WorkloadActual   9: 131072 op, 928120127.00 ns, 7.0810 us/op
WorkloadActual  10: 131072 op, 939636832.00 ns, 7.1689 us/op
WorkloadActual  11: 131072 op, 948053066.00 ns, 7.2331 us/op
WorkloadActual  12: 131072 op, 969326797.00 ns, 7.3954 us/op
WorkloadActual  13: 131072 op, 935133691.00 ns, 7.1345 us/op
WorkloadActual  14: 131072 op, 1853011777.00 ns, 14.1374 us/op
WorkloadActual  15: 131072 op, 953429124.00 ns, 7.2741 us/op
WorkloadActual  16: 131072 op, 989933493.00 ns, 7.5526 us/op
WorkloadActual  17: 131072 op, 952129444.00 ns, 7.2642 us/op
WorkloadActual  18: 131072 op, 952221795.00 ns, 7.2649 us/op
WorkloadActual  19: 131072 op, 934950112.00 ns, 7.1331 us/op
WorkloadActual  20: 131072 op, 942789537.00 ns, 7.1929 us/op

// AfterActualRun
WorkloadResult   1: 131072 op, 915174978.00 ns, 6.9822 us/op
WorkloadResult   2: 131072 op, 923623163.00 ns, 7.0467 us/op
WorkloadResult   3: 131072 op, 942607314.00 ns, 7.1915 us/op
WorkloadResult   4: 131072 op, 935084269.00 ns, 7.1341 us/op
WorkloadResult   5: 131072 op, 912095970.00 ns, 6.9587 us/op
WorkloadResult   6: 131072 op, 915188714.00 ns, 6.9823 us/op
WorkloadResult   7: 131072 op, 943355095.00 ns, 7.1972 us/op
WorkloadResult   8: 131072 op, 927688365.00 ns, 7.0777 us/op
WorkloadResult   9: 131072 op, 939205070.00 ns, 7.1656 us/op
WorkloadResult  10: 131072 op, 947621304.00 ns, 7.2298 us/op
WorkloadResult  11: 131072 op, 968895035.00 ns, 7.3921 us/op
WorkloadResult  12: 131072 op, 934701929.00 ns, 7.1312 us/op
WorkloadResult  13: 131072 op, 952997362.00 ns, 7.2708 us/op
WorkloadResult  14: 131072 op, 951697682.00 ns, 7.2609 us/op
WorkloadResult  15: 131072 op, 951790033.00 ns, 7.2616 us/op
WorkloadResult  16: 131072 op, 934518350.00 ns, 7.1298 us/op
WorkloadResult  17: 131072 op, 942357775.00 ns, 7.1896 us/op
// GC:  14 13 0 234881024 131072
// Threading:  0 0 131072

// AfterAll
// Benchmark Process 3478 has exited with code 0.

Mean = 7.153 μs, StdErr = 0.028 μs (0.40%), N = 17, StdDev = 0.117 μs
Min = 6.959 μs, Q1 = 7.078 μs, Median = 7.166 μs, Q3 = 7.230 μs, Max = 7.392 μs
IQR = 0.152 μs, LowerFence = 6.850 μs, UpperFence = 7.458 μs
ConfidenceInterval = [7.039 μs; 7.267 μs] (CI 99.9%), Margin = 0.114 μs (1.60% of Mean)
Skewness = -0.02, Kurtosis = 2.2, MValue = 2

// ** Remained 11 (50.0 %) benchmark(s) to run. Estimated finish 2026-10-04 2:53 (0h 6m from now) **
// **************************
// Benchmark: HybridCacheProviderBenchmarks.GetOrSetAsync_CacheMiss: MediumRun(IterationCount=15, LaunchCount=2, WarmupCount=10)
// *** Execute ***
// Launch: 1 / 2
// Execute: dotnet Encina.Caching.Hybrid.Benchmarks-Job-NUBXJZ-1.dll --anonymousPipes 166 167 --benchmarkName Encina.Caching.Hybrid.Benchmarks.Benchmarks.HybridCacheProviderBenchmarks.GetOrSetAsync_CacheMiss --job MediumRun --benchmarkId 11 in /home/runner/work/Encina/Encina/tests/Encina.BenchmarkTests/Encina.Caching.Hybrid.Benchmarks/bin/Release/net10.0/Encina.Caching.Hybrid.Benchmarks-Job-NUBXJZ-1/bin/Release/net10.0
// Failed to set up high priority (Permission denied). In order to run benchmarks with high priority, make sure you have the right permissions.
// BeforeAnythingElse

// Benchmark Process Environment Information:
// BenchmarkDotNet v0.15.8
// Runtime=.NET 10.0.12 (10.0.12, 10.0.1226.42308), X64 RyuJIT x86-64-v3
// GC=Concurrent Workstation
// HardwareIntrinsics=AVX2+BMI1+BMI2+F16C+FMA+LZCNT+MOVBE,AVX,SSE3+SSSE3+SSE4.1+SSE4.2+POPCNT,X86Base+SSE+SSE2,AES+PCLMUL VectorSize=256
// Job: MediumRun(IterationCount=15, LaunchCount=2, WarmupCount=10)

OverheadJitting  1: 1 op, 235616.00 ns, 235.6160 us/op
WorkloadJitting  1: 1 op, 30610786.00 ns, 30.6108 ms/op

OverheadJitting  2: 16 op, 505196.00 ns, 31.5748 us/op
WorkloadJitting  2: 16 op, 667305.00 ns, 41.7066 us/op

WorkloadPilot    1: 16 op, 189982.00 ns, 11.8739 us/op
WorkloadPilot    2: 32 op, 259110.00 ns, 8.0972 us/op
WorkloadPilot    3: 64 op, 431369.00 ns, 6.7401 us/op
WorkloadPilot    4: 128 op, 777469.00 ns, 6.0740 us/op
WorkloadPilot    5: 256 op, 1469781.00 ns, 5.7413 us/op
WorkloadPilot    6: 512 op, 2939523.00 ns, 5.7413 us/op
WorkloadPilot    7: 1024 op, 5817281.00 ns, 5.6809 us/op
WorkloadPilot    8: 2048 op, 11722895.00 ns, 5.7241 us/op
WorkloadPilot    9: 4096 op, 23319756.00 ns, 5.6933 us/op
WorkloadPilot   10: 8192 op, 43531719.00 ns, 5.3139 us/op
WorkloadPilot   11: 16384 op, 89043715.00 ns, 5.4348 us/op
WorkloadPilot   12: 32768 op, 212264358.00 ns, 6.4778 us/op
WorkloadPilot   13: 65536 op, 468351353.00 ns, 7.1465 us/op
WorkloadPilot   14: 131072 op, 858626434.00 ns, 6.5508 us/op

OverheadWarmup   1: 131072 op, 461568.00 ns, 3.5215 ns/op
OverheadWarmup   2: 131072 op, 461207.00 ns, 3.5187 ns/op
OverheadWarmup   3: 131072 op, 448333.00 ns, 3.4205 ns/op
OverheadWarmup   4: 131072 op, 449365.00 ns, 3.4284 ns/op
OverheadWarmup   5: 131072 op, 448664.00 ns, 3.4230 ns/op
OverheadWarmup   6: 131072 op, 460676.00 ns, 3.5147 ns/op
OverheadWarmup   7: 131072 op, 458922.00 ns, 3.5013 ns/op

OverheadActual   1: 131072 op, 446550.00 ns, 3.4069 ns/op
OverheadActual   2: 131072 op, 453051.00 ns, 3.4565 ns/op
OverheadActual   3: 131072 op, 463461.00 ns, 3.5359 ns/op
OverheadActual   4: 131072 op, 465104.00 ns, 3.5485 ns/op
OverheadActual   5: 131072 op, 453622.00 ns, 3.4609 ns/op
OverheadActual   6: 131072 op, 474973.00 ns, 3.6238 ns/op
OverheadActual   7: 131072 op, 449295.00 ns, 3.4278 ns/op
OverheadActual   8: 131072 op, 465534.00 ns, 3.5517 ns/op
OverheadActual   9: 131072 op, 451329.00 ns, 3.4434 ns/op
OverheadActual  10: 131072 op, 459594.00 ns, 3.5064 ns/op
OverheadActual  11: 131072 op, 486223.00 ns, 3.7096 ns/op
OverheadActual  12: 131072 op, 464683.00 ns, 3.5452 ns/op
OverheadActual  13: 131072 op, 449595.00 ns, 3.4301 ns/op
OverheadActual  14: 131072 op, 471826.00 ns, 3.5997 ns/op
OverheadActual  15: 131072 op, 460194.00 ns, 3.5110 ns/op

WorkloadWarmup   1: 131072 op, 959549685.00 ns, 7.3208 us/op
WorkloadWarmup   2: 131072 op, 871451431.00 ns, 6.6486 us/op
WorkloadWarmup   3: 131072 op, 1063187219.00 ns, 8.1115 us/op
WorkloadWarmup   4: 131072 op, 881641226.00 ns, 6.7264 us/op
WorkloadWarmup   5: 131072 op, 901901136.00 ns, 6.8810 us/op
WorkloadWarmup   6: 131072 op, 900514120.00 ns, 6.8704 us/op
WorkloadWarmup   7: 131072 op, 917978881.00 ns, 7.0036 us/op
WorkloadWarmup   8: 131072 op, 1332348291.00 ns, 10.1650 us/op
WorkloadWarmup   9: 131072 op, 959943097.00 ns, 7.3238 us/op
WorkloadWarmup  10: 131072 op, 910382022.00 ns, 6.9457 us/op

// BeforeActualRun
WorkloadActual   1: 131072 op, 911184011.00 ns, 6.9518 us/op
WorkloadActual   2: 131072 op, 928106259.00 ns, 7.0809 us/op
WorkloadActual   3: 131072 op, 911392615.00 ns, 6.9534 us/op
WorkloadActual   4: 131072 op, 918810111.00 ns, 7.0100 us/op
WorkloadActual   5: 131072 op, 918373321.00 ns, 7.0066 us/op
WorkloadActual   6: 131072 op, 919369164.00 ns, 7.0142 us/op
WorkloadActual   7: 131072 op, 928561598.00 ns, 7.0844 us/op
WorkloadActual   8: 131072 op, 956467220.00 ns, 7.2973 us/op
WorkloadActual   9: 131072 op, 1839459817.00 ns, 14.0340 us/op
WorkloadActual  10: 131072 op, 927198888.00 ns, 7.0740 us/op
WorkloadActual  11: 131072 op, 981515803.00 ns, 7.4884 us/op
WorkloadActual  12: 131072 op, 943125160.00 ns, 7.1955 us/op
WorkloadActual  13: 131072 op, 958409469.00 ns, 7.3121 us/op
WorkloadActual  14: 131072 op, 930831899.00 ns, 7.1017 us/op
WorkloadActual  15: 131072 op, 928921543.00 ns, 7.0871 us/op

// AfterActualRun
WorkloadResult   1: 131072 op, 910723817.00 ns, 6.9483 us/op
WorkloadResult   2: 131072 op, 927646065.00 ns, 7.0774 us/op
WorkloadResult   3: 131072 op, 910932421.00 ns, 6.9499 us/op
WorkloadResult   4: 131072 op, 918349917.00 ns, 7.0065 us/op
WorkloadResult   5: 131072 op, 917913127.00 ns, 7.0031 us/op
WorkloadResult   6: 131072 op, 918908970.00 ns, 7.0107 us/op
WorkloadResult   7: 131072 op, 928101404.00 ns, 7.0809 us/op
WorkloadResult   8: 131072 op, 956007026.00 ns, 7.2938 us/op
WorkloadResult   9: 131072 op, 926738694.00 ns, 7.0705 us/op
WorkloadResult  10: 131072 op, 981055609.00 ns, 7.4849 us/op
WorkloadResult  11: 131072 op, 942664966.00 ns, 7.1920 us/op
WorkloadResult  12: 131072 op, 957949275.00 ns, 7.3086 us/op
WorkloadResult  13: 131072 op, 930371705.00 ns, 7.0982 us/op
WorkloadResult  14: 131072 op, 928461349.00 ns, 7.0836 us/op
// GC:  14 13 0 234881024 131072
// Threading:  0 0 131072

// AfterAll
// Benchmark Process 3518 has exited with code 0.
// Launch: 2 / 2
// Execute: dotnet Encina.Caching.Hybrid.Benchmarks-Job-NUBXJZ-1.dll --anonymousPipes 166 167 --benchmarkName Encina.Caching.Hybrid.Benchmarks.Benchmarks.HybridCacheProviderBenchmarks.GetOrSetAsync_CacheMiss --job MediumRun --benchmarkId 11 in /home/runner/work/Encina/Encina/tests/Encina.BenchmarkTests/Encina.Caching.Hybrid.Benchmarks/bin/Release/net10.0/Encina.Caching.Hybrid.Benchmarks-Job-NUBXJZ-1/bin/Release/net10.0
// Failed to set up high priority (Permission denied). In order to run benchmarks with high priority, make sure you have the right permissions.
// BeforeAnythingElse

// Benchmark Process Environment Information:
// BenchmarkDotNet v0.15.8
// Runtime=.NET 10.0.12 (10.0.12, 10.0.1226.42308), X64 RyuJIT x86-64-v3
// GC=Concurrent Workstation
// HardwareIntrinsics=AVX2+BMI1+BMI2+F16C+FMA+LZCNT+MOVBE,AVX,SSE3+SSSE3+SSE4.1+SSE4.2+POPCNT,X86Base+SSE+SSE2,AES+PCLMUL VectorSize=256
// Job: MediumRun(IterationCount=15, LaunchCount=2, WarmupCount=10)

OverheadJitting  1: 1 op, 249183.00 ns, 249.1830 us/op
WorkloadJitting  1: 1 op, 30507868.00 ns, 30.5079 ms/op

OverheadJitting  2: 16 op, 480612.00 ns, 30.0383 us/op
WorkloadJitting  2: 16 op, 655507.00 ns, 40.9692 us/op

WorkloadPilot    1: 16 op, 198208.00 ns, 12.3880 us/op
WorkloadPilot    2: 32 op, 224166.00 ns, 7.0052 us/op
WorkloadPilot    3: 64 op, 408689.00 ns, 6.3858 us/op
WorkloadPilot    4: 128 op, 766252.00 ns, 5.9863 us/op
WorkloadPilot    5: 256 op, 1471761.00 ns, 5.7491 us/op
WorkloadPilot    6: 512 op, 2819553.00 ns, 5.5069 us/op
WorkloadPilot    7: 1024 op, 5642524.00 ns, 5.5103 us/op
WorkloadPilot    8: 2048 op, 11334800.00 ns, 5.5346 us/op
WorkloadPilot    9: 4096 op, 22953696.00 ns, 5.6039 us/op
WorkloadPilot   10: 8192 op, 43476951.00 ns, 5.3072 us/op
WorkloadPilot   11: 16384 op, 88462913.00 ns, 5.3993 us/op
WorkloadPilot   12: 32768 op, 211368047.00 ns, 6.4504 us/op
WorkloadPilot   13: 65536 op, 446232608.00 ns, 6.8090 us/op
WorkloadPilot   14: 131072 op, 842073380.00 ns, 6.4245 us/op

OverheadWarmup   1: 131072 op, 425880.00 ns, 3.2492 ns/op
OverheadWarmup   2: 131072 op, 440347.00 ns, 3.3596 ns/op
OverheadWarmup   3: 131072 op, 426923.00 ns, 3.2572 ns/op
OverheadWarmup   4: 131072 op, 439606.00 ns, 3.3539 ns/op
OverheadWarmup   5: 131072 op, 439005.00 ns, 3.3493 ns/op

OverheadActual   1: 131072 op, 425590.00 ns, 3.2470 ns/op
OverheadActual   2: 131072 op, 486202.00 ns, 3.7094 ns/op
OverheadActual   3: 131072 op, 438734.00 ns, 3.3473 ns/op
OverheadActual   4: 131072 op, 428065.00 ns, 3.2659 ns/op
OverheadActual   5: 131072 op, 440548.00 ns, 3.3611 ns/op
OverheadActual   6: 131072 op, 459443.00 ns, 3.5053 ns/op
OverheadActual   7: 131072 op, 440638.00 ns, 3.3618 ns/op
OverheadActual   8: 131072 op, 426962.00 ns, 3.2575 ns/op
OverheadActual   9: 131072 op, 426421.00 ns, 3.2533 ns/op
OverheadActual  10: 131072 op, 425901.00 ns, 3.2494 ns/op
OverheadActual  11: 131072 op, 426682.00 ns, 3.2553 ns/op
OverheadActual  12: 131072 op, 426010.00 ns, 3.2502 ns/op
OverheadActual  13: 131072 op, 440568.00 ns, 3.3613 ns/op
OverheadActual  14: 131072 op, 426322.00 ns, 3.2526 ns/op
OverheadActual  15: 131072 op, 425771.00 ns, 3.2484 ns/op

WorkloadWarmup   1: 131072 op, 939103214.00 ns, 7.1648 us/op
WorkloadWarmup   2: 131072 op, 874106062.00 ns, 6.6689 us/op
WorkloadWarmup   3: 131072 op, 1039289847.00 ns, 7.9292 us/op
WorkloadWarmup   4: 131072 op, 873577862.00 ns, 6.6649 us/op
WorkloadWarmup   5: 131072 op, 881426181.00 ns, 6.7247 us/op
WorkloadWarmup   6: 131072 op, 895228850.00 ns, 6.8301 us/op
WorkloadWarmup   7: 131072 op, 890185798.00 ns, 6.7916 us/op
WorkloadWarmup   8: 131072 op, 1300302051.00 ns, 9.9205 us/op
WorkloadWarmup   9: 131072 op, 937485679.00 ns, 7.1524 us/op
WorkloadWarmup  10: 131072 op, 872339564.00 ns, 6.6554 us/op

// BeforeActualRun
WorkloadActual   1: 131072 op, 903410179.00 ns, 6.8925 us/op
WorkloadActual   2: 131072 op, 901244248.00 ns, 6.8759 us/op
WorkloadActual   3: 131072 op, 914397931.00 ns, 6.9763 us/op
WorkloadActual   4: 131072 op, 885268239.00 ns, 6.7541 us/op
WorkloadActual   5: 131072 op, 901492491.00 ns, 6.8778 us/op
WorkloadActual   6: 131072 op, 897109702.00 ns, 6.8444 us/op
WorkloadActual   7: 131072 op, 910738876.00 ns, 6.9484 us/op
WorkloadActual   8: 131072 op, 937933968.00 ns, 7.1559 us/op
WorkloadActual   9: 131072 op, 1784584553.00 ns, 13.6153 us/op
WorkloadActual  10: 131072 op, 925773381.00 ns, 7.0631 us/op
WorkloadActual  11: 131072 op, 977145385.00 ns, 7.4550 us/op
WorkloadActual  12: 131072 op, 910769291.00 ns, 6.9486 us/op
WorkloadActual  13: 131072 op, 921560307.00 ns, 7.0309 us/op
WorkloadActual  14: 131072 op, 937263206.00 ns, 7.1508 us/op
WorkloadActual  15: 131072 op, 920464171.00 ns, 7.0226 us/op

// AfterActualRun
WorkloadResult   1: 131072 op, 902983217.00 ns, 6.8892 us/op
WorkloadResult   2: 131072 op, 900817286.00 ns, 6.8727 us/op
WorkloadResult   3: 131072 op, 913970969.00 ns, 6.9730 us/op
WorkloadResult   4: 131072 op, 884841277.00 ns, 6.7508 us/op
WorkloadResult   5: 131072 op, 901065529.00 ns, 6.8746 us/op
WorkloadResult   6: 131072 op, 896682740.00 ns, 6.8411 us/op
WorkloadResult   7: 131072 op, 910311914.00 ns, 6.9451 us/op
WorkloadResult   8: 131072 op, 937507006.00 ns, 7.1526 us/op
WorkloadResult   9: 131072 op, 925346419.00 ns, 7.0598 us/op
WorkloadResult  10: 131072 op, 910342329.00 ns, 6.9454 us/op
WorkloadResult  11: 131072 op, 921133345.00 ns, 7.0277 us/op
WorkloadResult  12: 131072 op, 936836244.00 ns, 7.1475 us/op
WorkloadResult  13: 131072 op, 920037209.00 ns, 7.0193 us/op
// GC:  14 13 0 234881024 131072
// Threading:  0 0 131072

// AfterAll
// Benchmark Process 3553 has exited with code 0.

Mean = 7.041 μs, StdErr = 0.030 μs (0.43%), N = 27, StdDev = 0.156 μs
Min = 6.751 μs, Q1 = 6.947 μs, Median = 7.019 μs, Q3 = 7.091 μs, Max = 7.485 μs
IQR = 0.144 μs, LowerFence = 6.731 μs, UpperFence = 7.307 μs
ConfidenceInterval = [6.929 μs; 7.153 μs] (CI 99.9%), Margin = 0.112 μs (1.58% of Mean)
Skewness = 0.78, Kurtosis = 3.72, MValue = 2

// ** Remained 10 (45.5 %) benchmark(s) to run. Estimated finish 2026-10-04 2:59 (0h 8m from now) **
// **************************
// Benchmark: HybridCacheProviderBenchmarks.GetOrSetAsync_WithTags: Job-NUBXJZ(IterationCount=20, WarmupCount=5)
// *** Execute ***
// Launch: 1 / 1
// Execute: dotnet Encina.Caching.Hybrid.Benchmarks-Job-NUBXJZ-1.dll --anonymousPipes 166 167 --benchmarkName Encina.Caching.Hybrid.Benchmarks.Benchmarks.HybridCacheProviderBenchmarks.GetOrSetAsync_WithTags --job "IterationCount=20, WarmupCount=5" --benchmarkId 12 in /home/runner/work/Encina/Encina/tests/Encina.BenchmarkTests/Encina.Caching.Hybrid.Benchmarks/bin/Release/net10.0/Encina.Caching.Hybrid.Benchmarks-Job-NUBXJZ-1/bin/Release/net10.0
// Failed to set up high priority (Permission denied). In order to run benchmarks with high priority, make sure you have the right permissions.
// BeforeAnythingElse

// Benchmark Process Environment Information:
// BenchmarkDotNet v0.15.8
// Runtime=.NET 10.0.12 (10.0.12, 10.0.1226.42308), X64 RyuJIT x86-64-v3
// GC=Concurrent Workstation
// HardwareIntrinsics=AVX2+BMI1+BMI2+F16C+FMA+LZCNT+MOVBE,AVX,SSE3+SSSE3+SSE4.1+SSE4.2+POPCNT,X86Base+SSE+SSE2,AES+PCLMUL VectorSize=256
// Job: Job-NUBXJZ(IterationCount=20, WarmupCount=5)

OverheadJitting  1: 1 op, 244213.00 ns, 244.2130 us/op
WorkloadJitting  1: 1 op, 33541382.00 ns, 33.5414 ms/op

WorkloadPilot    1: 2 op, 187328.00 ns, 93.6640 us/op
WorkloadPilot    2: 3 op, 65101.00 ns, 21.7003 us/op
WorkloadPilot    3: 4 op, 64650.00 ns, 16.1625 us/op
WorkloadPilot    4: 5 op, 89216.00 ns, 17.8432 us/op
WorkloadPilot    5: 6 op, 85519.00 ns, 14.2532 us/op
WorkloadPilot    6: 7 op, 196935.00 ns, 28.1336 us/op
WorkloadPilot    7: 8 op, 107830.00 ns, 13.4788 us/op
WorkloadPilot    8: 9 op, 116587.00 ns, 12.9541 us/op
WorkloadPilot    9: 10 op, 151822.00 ns, 15.1822 us/op
WorkloadPilot   10: 11 op, 136022.00 ns, 12.3656 us/op
WorkloadPilot   11: 12 op, 122748.00 ns, 10.2290 us/op
WorkloadPilot   12: 13 op, 137886.00 ns, 10.6066 us/op
WorkloadPilot   13: 14 op, 132255.00 ns, 9.4468 us/op
WorkloadPilot   14: 15 op, 143716.00 ns, 9.5811 us/op
WorkloadPilot   15: 16 op, 179914.00 ns, 11.2446 us/op
WorkloadPilot   16: 32 op, 319002.00 ns, 9.9688 us/op
WorkloadPilot   17: 64 op, 540143.00 ns, 8.4397 us/op
WorkloadPilot   18: 128 op, 1068253.00 ns, 8.3457 us/op
WorkloadPilot   19: 256 op, 1994012.00 ns, 7.7891 us/op
WorkloadPilot   20: 512 op, 3624149.00 ns, 7.0784 us/op
WorkloadPilot   21: 1024 op, 7624335.00 ns, 7.4456 us/op
WorkloadPilot   22: 2048 op, 15881124.00 ns, 7.7545 us/op
WorkloadPilot   23: 4096 op, 31415855.00 ns, 7.6699 us/op
WorkloadPilot   24: 8192 op, 70356271.00 ns, 8.5884 us/op
WorkloadPilot   25: 16384 op, 166828436.00 ns, 10.1824 us/op
WorkloadPilot   26: 32768 op, 329155940.00 ns, 10.0450 us/op
WorkloadPilot   27: 65536 op, 732473725.00 ns, 11.1767 us/op

WorkloadWarmup   1: 65536 op, 643529941.00 ns, 9.8195 us/op
WorkloadWarmup   2: 65536 op, 661898391.00 ns, 10.0998 us/op
WorkloadWarmup   3: 65536 op, 840795500.00 ns, 12.8295 us/op
WorkloadWarmup   4: 65536 op, 685665516.00 ns, 10.4624 us/op
WorkloadWarmup   5: 65536 op, 697911379.00 ns, 10.6493 us/op

// BeforeActualRun
WorkloadActual   1: 65536 op, 729925900.00 ns, 11.1378 us/op
WorkloadActual   2: 65536 op, 1077195036.00 ns, 16.4367 us/op
WorkloadActual   3: 65536 op, 758058911.00 ns, 11.5671 us/op
WorkloadActual   4: 65536 op, 786220279.00 ns, 11.9968 us/op
WorkloadActual   5: 65536 op, 775999205.00 ns, 11.8408 us/op
WorkloadActual   6: 65536 op, 785473863.00 ns, 11.9854 us/op
WorkloadActual   7: 65536 op, 772143850.00 ns, 11.7820 us/op
WorkloadActual   8: 65536 op, 757382875.00 ns, 11.5567 us/op
WorkloadActual   9: 65536 op, 787567181.00 ns, 12.0173 us/op
WorkloadActual  10: 65536 op, 764806509.00 ns, 11.6700 us/op
WorkloadActual  11: 65536 op, 800602882.00 ns, 12.2162 us/op
WorkloadActual  12: 65536 op, 777535173.00 ns, 11.8642 us/op
WorkloadActual  13: 65536 op, 1647725020.00 ns, 25.1423 us/op
WorkloadActual  14: 65536 op, 817403344.00 ns, 12.4726 us/op
WorkloadActual  15: 65536 op, 903305281.00 ns, 13.7833 us/op
WorkloadActual  16: 65536 op, 845401041.00 ns, 12.8998 us/op
WorkloadActual  17: 65536 op, 891555754.00 ns, 13.6041 us/op
WorkloadActual  18: 65536 op, 877267359.00 ns, 13.3860 us/op
WorkloadActual  19: 65536 op, 860288637.00 ns, 13.1270 us/op
WorkloadActual  20: 65536 op, 870808330.00 ns, 13.2875 us/op

// AfterActualRun
WorkloadResult   1: 65536 op, 729925900.00 ns, 11.1378 us/op
WorkloadResult   2: 65536 op, 758058911.00 ns, 11.5671 us/op
WorkloadResult   3: 65536 op, 786220279.00 ns, 11.9968 us/op
WorkloadResult   4: 65536 op, 775999205.00 ns, 11.8408 us/op
WorkloadResult   5: 65536 op, 785473863.00 ns, 11.9854 us/op
WorkloadResult   6: 65536 op, 772143850.00 ns, 11.7820 us/op
WorkloadResult   7: 65536 op, 757382875.00 ns, 11.5567 us/op
WorkloadResult   8: 65536 op, 787567181.00 ns, 12.0173 us/op
WorkloadResult   9: 65536 op, 764806509.00 ns, 11.6700 us/op
WorkloadResult  10: 65536 op, 800602882.00 ns, 12.2162 us/op
WorkloadResult  11: 65536 op, 777535173.00 ns, 11.8642 us/op
WorkloadResult  12: 65536 op, 817403344.00 ns, 12.4726 us/op
WorkloadResult  13: 65536 op, 903305281.00 ns, 13.7833 us/op
WorkloadResult  14: 65536 op, 845401041.00 ns, 12.8998 us/op
WorkloadResult  15: 65536 op, 891555754.00 ns, 13.6041 us/op
WorkloadResult  16: 65536 op, 877267359.00 ns, 13.3860 us/op
WorkloadResult  17: 65536 op, 860288637.00 ns, 13.1270 us/op
WorkloadResult  18: 65536 op, 870808330.00 ns, 13.2875 us/op
// GC:  8 7 0 145227776 65536
// Threading:  0 0 65536

// AfterAll
// Benchmark Process 3583 has exited with code 0.

Mean = 12.344 μs, StdErr = 0.189 μs (1.53%), N = 18, StdDev = 0.800 μs
Min = 11.138 μs, Q1 = 11.797 μs, Median = 12.007 μs, Q3 = 13.070 μs, Max = 13.783 μs
IQR = 1.273 μs, LowerFence = 9.886 μs, UpperFence = 14.980 μs
ConfidenceInterval = [11.597 μs; 13.092 μs] (CI 99.9%), Margin = 0.748 μs (6.06% of Mean)
Skewness = 0.44, Kurtosis = 1.71, MValue = 2.6

// ** Remained 9 (40.9 %) benchmark(s) to run. Estimated finish 2026-10-04 3:00 (0h 8m from now) **
// **************************
// Benchmark: HybridCacheProviderBenchmarks.GetOrSetAsync_WithTags: MediumRun(IterationCount=15, LaunchCount=2, WarmupCount=10)
// *** Execute ***
// Launch: 1 / 2
// Execute: dotnet Encina.Caching.Hybrid.Benchmarks-Job-NUBXJZ-1.dll --anonymousPipes 166 167 --benchmarkName Encina.Caching.Hybrid.Benchmarks.Benchmarks.HybridCacheProviderBenchmarks.GetOrSetAsync_WithTags --job MediumRun --benchmarkId 13 in /home/runner/work/Encina/Encina/tests/Encina.BenchmarkTests/Encina.Caching.Hybrid.Benchmarks/bin/Release/net10.0/Encina.Caching.Hybrid.Benchmarks-Job-NUBXJZ-1/bin/Release/net10.0
// Failed to set up high priority (Permission denied). In order to run benchmarks with high priority, make sure you have the right permissions.
// BeforeAnythingElse

// Benchmark Process Environment Information:
// BenchmarkDotNet v0.15.8
// Runtime=.NET 10.0.12 (10.0.12, 10.0.1226.42308), X64 RyuJIT x86-64-v3
// GC=Concurrent Workstation
// HardwareIntrinsics=AVX2+BMI1+BMI2+F16C+FMA+LZCNT+MOVBE,AVX,SSE3+SSSE3+SSE4.1+SSE4.2+POPCNT,X86Base+SSE+SSE2,AES+PCLMUL VectorSize=256
// Job: MediumRun(IterationCount=15, LaunchCount=2, WarmupCount=10)

OverheadJitting  1: 1 op, 232552.00 ns, 232.5520 us/op
WorkloadJitting  1: 1 op, 33607431.00 ns, 33.6074 ms/op

WorkloadPilot    1: 2 op, 197988.00 ns, 98.9940 us/op
WorkloadPilot    2: 3 op, 88794.00 ns, 29.5980 us/op
WorkloadPilot    3: 4 op, 77985.00 ns, 19.4963 us/op
WorkloadPilot    4: 5 op, 82603.00 ns, 16.5206 us/op
WorkloadPilot    5: 6 op, 98252.00 ns, 16.3753 us/op
WorkloadPilot    6: 7 op, 214228.00 ns, 30.6040 us/op
WorkloadPilot    7: 8 op, 147274.00 ns, 18.4093 us/op
WorkloadPilot    8: 9 op, 113361.00 ns, 12.5957 us/op
WorkloadPilot    9: 10 op, 124351.00 ns, 12.4351 us/op
WorkloadPilot   10: 11 op, 125844.00 ns, 11.4404 us/op
WorkloadPilot   11: 12 op, 122537.00 ns, 10.2114 us/op
WorkloadPilot   12: 13 op, 124301.00 ns, 9.5616 us/op
WorkloadPilot   13: 14 op, 166700.00 ns, 11.9071 us/op
WorkloadPilot   14: 15 op, 134420.00 ns, 8.9613 us/op
WorkloadPilot   15: 16 op, 135391.00 ns, 8.4619 us/op
WorkloadPilot   16: 32 op, 294136.00 ns, 9.1918 us/op
WorkloadPilot   17: 64 op, 500509.00 ns, 7.8205 us/op
WorkloadPilot   18: 128 op, 952458.00 ns, 7.4411 us/op
WorkloadPilot   19: 256 op, 1933972.00 ns, 7.5546 us/op
WorkloadPilot   20: 512 op, 3836996.00 ns, 7.4941 us/op
WorkloadPilot   21: 1024 op, 7800356.00 ns, 7.6175 us/op
WorkloadPilot   22: 2048 op, 15579502.00 ns, 7.6072 us/op
WorkloadPilot   23: 4096 op, 31590355.00 ns, 7.7125 us/op
WorkloadPilot   24: 8192 op, 70849783.00 ns, 8.6487 us/op
WorkloadPilot   25: 16384 op, 159279233.00 ns, 9.7216 us/op
WorkloadPilot   26: 32768 op, 321061485.00 ns, 9.7980 us/op
WorkloadPilot   27: 65536 op, 706819515.00 ns, 10.7852 us/op

WorkloadWarmup   1: 65536 op, 640124799.00 ns, 9.7675 us/op
WorkloadWarmup   2: 65536 op, 786830467.00 ns, 12.0061 us/op
WorkloadWarmup   3: 65536 op, 686050976.00 ns, 10.4683 us/op
WorkloadWarmup   4: 65536 op, 689926378.00 ns, 10.5274 us/op
WorkloadWarmup   5: 65536 op, 687210501.00 ns, 10.4860 us/op
WorkloadWarmup   6: 65536 op, 706100583.00 ns, 10.7742 us/op
WorkloadWarmup   7: 65536 op, 699678417.00 ns, 10.6762 us/op
WorkloadWarmup   8: 65536 op, 1068193929.00 ns, 16.2993 us/op
WorkloadWarmup   9: 65536 op, 794704452.00 ns, 12.1262 us/op
WorkloadWarmup  10: 65536 op, 762264415.00 ns, 11.6312 us/op

// BeforeActualRun
WorkloadActual   1: 65536 op, 806788909.00 ns, 12.3106 us/op
WorkloadActual   2: 65536 op, 766512994.00 ns, 11.6961 us/op
WorkloadActual   3: 65536 op, 777076295.00 ns, 11.8572 us/op
WorkloadActual   4: 65536 op, 764232972.00 ns, 11.6613 us/op
WorkloadActual   5: 65536 op, 787410852.00 ns, 12.0149 us/op
WorkloadActual   6: 65536 op, 771803231.00 ns, 11.7768 us/op
WorkloadActual   7: 65536 op, 790588335.00 ns, 12.0634 us/op
WorkloadActual   8: 65536 op, 1570519693.00 ns, 23.9642 us/op
WorkloadActual   9: 65536 op, 846009896.00 ns, 12.9091 us/op
WorkloadActual  10: 65536 op, 881504420.00 ns, 13.4507 us/op
WorkloadActual  11: 65536 op, 851842715.00 ns, 12.9981 us/op
WorkloadActual  12: 65536 op, 889139409.00 ns, 13.5672 us/op
WorkloadActual  13: 65536 op, 878260798.00 ns, 13.4012 us/op
WorkloadActual  14: 65536 op, 867026914.00 ns, 13.2298 us/op
WorkloadActual  15: 65536 op, 894374143.00 ns, 13.6471 us/op

// AfterActualRun
WorkloadResult   1: 65536 op, 806788909.00 ns, 12.3106 us/op
WorkloadResult   2: 65536 op, 766512994.00 ns, 11.6961 us/op
WorkloadResult   3: 65536 op, 777076295.00 ns, 11.8572 us/op
WorkloadResult   4: 65536 op, 764232972.00 ns, 11.6613 us/op
WorkloadResult   5: 65536 op, 787410852.00 ns, 12.0149 us/op
WorkloadResult   6: 65536 op, 771803231.00 ns, 11.7768 us/op
WorkloadResult   7: 65536 op, 790588335.00 ns, 12.0634 us/op
WorkloadResult   8: 65536 op, 846009896.00 ns, 12.9091 us/op
WorkloadResult   9: 65536 op, 881504420.00 ns, 13.4507 us/op
WorkloadResult  10: 65536 op, 851842715.00 ns, 12.9981 us/op
WorkloadResult  11: 65536 op, 889139409.00 ns, 13.5672 us/op
WorkloadResult  12: 65536 op, 878260798.00 ns, 13.4012 us/op
WorkloadResult  13: 65536 op, 867026914.00 ns, 13.2298 us/op
WorkloadResult  14: 65536 op, 894374143.00 ns, 13.6471 us/op
// GC:  8 7 0 145227776 65536
// Threading:  0 0 65536

// AfterAll
// Benchmark Process 3606 has exited with code 0.
// Launch: 2 / 2
// Execute: dotnet Encina.Caching.Hybrid.Benchmarks-Job-NUBXJZ-1.dll --anonymousPipes 166 167 --benchmarkName Encina.Caching.Hybrid.Benchmarks.Benchmarks.HybridCacheProviderBenchmarks.GetOrSetAsync_WithTags --job MediumRun --benchmarkId 13 in /home/runner/work/Encina/Encina/tests/Encina.BenchmarkTests/Encina.Caching.Hybrid.Benchmarks/bin/Release/net10.0/Encina.Caching.Hybrid.Benchmarks-Job-NUBXJZ-1/bin/Release/net10.0
// Failed to set up high priority (Permission denied). In order to run benchmarks with high priority, make sure you have the right permissions.
// BeforeAnythingElse

// Benchmark Process Environment Information:
// BenchmarkDotNet v0.15.8
// Runtime=.NET 10.0.12 (10.0.12, 10.0.1226.42308), X64 RyuJIT x86-64-v3
// GC=Concurrent Workstation
// HardwareIntrinsics=AVX2+BMI1+BMI2+F16C+FMA+LZCNT+MOVBE,AVX,SSE3+SSSE3+SSE4.1+SSE4.2+POPCNT,X86Base+SSE+SSE2,AES+PCLMUL VectorSize=256
// Job: MediumRun(IterationCount=15, LaunchCount=2, WarmupCount=10)

OverheadJitting  1: 1 op, 232672.00 ns, 232.6720 us/op
WorkloadJitting  1: 1 op, 33792275.00 ns, 33.7923 ms/op

WorkloadPilot    1: 2 op, 231099.00 ns, 115.5495 us/op
WorkloadPilot    2: 3 op, 77675.00 ns, 25.8917 us/op
WorkloadPilot    3: 4 op, 82704.00 ns, 20.6760 us/op
WorkloadPilot    4: 5 op, 82563.00 ns, 16.5126 us/op
WorkloadPilot    5: 6 op, 97372.00 ns, 16.2287 us/op
WorkloadPilot    6: 7 op, 86541.00 ns, 12.3630 us/op
WorkloadPilot    7: 8 op, 199090.00 ns, 24.8863 us/op
WorkloadPilot    8: 9 op, 119873.00 ns, 13.3192 us/op
WorkloadPilot    9: 10 op, 134900.00 ns, 13.4900 us/op
WorkloadPilot   10: 11 op, 120113.00 ns, 10.9194 us/op
WorkloadPilot   11: 12 op, 121305.00 ns, 10.1088 us/op
WorkloadPilot   12: 13 op, 132636.00 ns, 10.2028 us/op
WorkloadPilot   13: 14 op, 169725.00 ns, 12.1232 us/op
WorkloadPilot   14: 15 op, 166249.00 ns, 11.0833 us/op
WorkloadPilot   15: 16 op, 149077.00 ns, 9.3173 us/op
WorkloadPilot   16: 32 op, 300338.00 ns, 9.3856 us/op
WorkloadPilot   17: 64 op, 552526.00 ns, 8.6332 us/op
WorkloadPilot   18: 128 op, 988797.00 ns, 7.7250 us/op
WorkloadPilot   19: 256 op, 1950382.00 ns, 7.6187 us/op
WorkloadPilot   20: 512 op, 3921765.00 ns, 7.6597 us/op
WorkloadPilot   21: 1024 op, 7679383.00 ns, 7.4994 us/op
WorkloadPilot   22: 2048 op, 15228194.00 ns, 7.4356 us/op
WorkloadPilot   23: 4096 op, 31844647.00 ns, 7.7746 us/op
WorkloadPilot   24: 8192 op, 69120752.00 ns, 8.4376 us/op
WorkloadPilot   25: 16384 op, 158623900.00 ns, 9.6816 us/op
WorkloadPilot   26: 32768 op, 323318509.00 ns, 9.8669 us/op
WorkloadPilot   27: 65536 op, 689483982.00 ns, 10.5207 us/op

WorkloadWarmup   1: 65536 op, 635391382.00 ns, 9.6953 us/op
WorkloadWarmup   2: 65536 op, 638520023.00 ns, 9.7430 us/op
WorkloadWarmup   3: 65536 op, 848523425.00 ns, 12.9474 us/op
WorkloadWarmup   4: 65536 op, 662068438.00 ns, 10.1024 us/op
WorkloadWarmup   5: 65536 op, 684653893.00 ns, 10.4470 us/op
WorkloadWarmup   6: 65536 op, 672729781.00 ns, 10.2650 us/op
WorkloadWarmup   7: 65536 op, 688859830.00 ns, 10.5112 us/op
WorkloadWarmup   8: 65536 op, 1059952340.00 ns, 16.1736 us/op
WorkloadWarmup   9: 65536 op, 759671910.00 ns, 11.5917 us/op
WorkloadWarmup  10: 65536 op, 708947008.00 ns, 10.8177 us/op

// BeforeActualRun
WorkloadActual   1: 65536 op, 765736547.00 ns, 11.6842 us/op
WorkloadActual   2: 65536 op, 722701309.00 ns, 11.0275 us/op
WorkloadActual   3: 65536 op, 736446062.00 ns, 11.2373 us/op
WorkloadActual   4: 65536 op, 738117110.00 ns, 11.2628 us/op
WorkloadActual   5: 65536 op, 745055871.00 ns, 11.3687 us/op
WorkloadActual   6: 65536 op, 743394502.00 ns, 11.3433 us/op
WorkloadActual   7: 65536 op, 767699182.00 ns, 11.7142 us/op
WorkloadActual   8: 65536 op, 1572983949.00 ns, 24.0018 us/op
WorkloadActual   9: 65536 op, 824713455.00 ns, 12.5841 us/op
WorkloadActual  10: 65536 op, 848305737.00 ns, 12.9441 us/op
WorkloadActual  11: 65536 op, 819476124.00 ns, 12.5042 us/op
WorkloadActual  12: 65536 op, 862048349.00 ns, 13.1538 us/op
WorkloadActual  13: 65536 op, 861646395.00 ns, 13.1477 us/op
WorkloadActual  14: 65536 op, 810899204.00 ns, 12.3733 us/op
WorkloadActual  15: 65536 op, 836678605.00 ns, 12.7667 us/op

// AfterActualRun
WorkloadResult   1: 65536 op, 765736547.00 ns, 11.6842 us/op
WorkloadResult   2: 65536 op, 722701309.00 ns, 11.0275 us/op
WorkloadResult   3: 65536 op, 736446062.00 ns, 11.2373 us/op
WorkloadResult   4: 65536 op, 738117110.00 ns, 11.2628 us/op
WorkloadResult   5: 65536 op, 745055871.00 ns, 11.3687 us/op
WorkloadResult   6: 65536 op, 743394502.00 ns, 11.3433 us/op
WorkloadResult   7: 65536 op, 767699182.00 ns, 11.7142 us/op
WorkloadResult   8: 65536 op, 824713455.00 ns, 12.5841 us/op
WorkloadResult   9: 65536 op, 848305737.00 ns, 12.9441 us/op
WorkloadResult  10: 65536 op, 819476124.00 ns, 12.5042 us/op
WorkloadResult  11: 65536 op, 862048349.00 ns, 13.1538 us/op
WorkloadResult  12: 65536 op, 861646395.00 ns, 13.1477 us/op
WorkloadResult  13: 65536 op, 810899204.00 ns, 12.3733 us/op
WorkloadResult  14: 65536 op, 836678605.00 ns, 12.7667 us/op
// GC:  8 7 0 145227776 65536
// Threading:  0 0 65536

// AfterAll
// Benchmark Process 3631 has exited with code 0.

Mean = 12.346 μs, StdErr = 0.152 μs (1.23%), N = 28, StdDev = 0.806 μs
Min = 11.028 μs, Q1 = 11.693 μs, Median = 12.342 μs, Q3 = 13.035 μs, Max = 13.647 μs
IQR = 1.342 μs, LowerFence = 9.680 μs, UpperFence = 15.049 μs
ConfidenceInterval = [11.784 μs; 12.908 μs] (CI 99.9%), Margin = 0.562 μs (4.55% of Mean)
Skewness = 0.05, Kurtosis = 1.56, MValue = 2.8

// ** Remained 8 (36.4 %) benchmark(s) to run. Estimated finish 2026-10-04 3:03 (0h 8m from now) **
// **************************
// Benchmark: HybridCacheProviderBenchmarks.RemoveAsync: Job-NUBXJZ(IterationCount=20, WarmupCount=5)
// *** Execute ***
// Launch: 1 / 1
// Execute: dotnet Encina.Caching.Hybrid.Benchmarks-Job-NUBXJZ-1.dll --anonymousPipes 166 167 --benchmarkName Encina.Caching.Hybrid.Benchmarks.Benchmarks.HybridCacheProviderBenchmarks.RemoveAsync --job "IterationCount=20, WarmupCount=5" --benchmarkId 14 in /home/runner/work/Encina/Encina/tests/Encina.BenchmarkTests/Encina.Caching.Hybrid.Benchmarks/bin/Release/net10.0/Encina.Caching.Hybrid.Benchmarks-Job-NUBXJZ-1/bin/Release/net10.0
// Failed to set up high priority (Permission denied). In order to run benchmarks with high priority, make sure you have the right permissions.
// BeforeAnythingElse

// Benchmark Process Environment Information:
// BenchmarkDotNet v0.15.8
// Runtime=.NET 10.0.12 (10.0.12, 10.0.1226.42308), X64 RyuJIT x86-64-v3
// GC=Concurrent Workstation
// HardwareIntrinsics=AVX2+BMI1+BMI2+F16C+FMA+LZCNT+MOVBE,AVX,SSE3+SSSE3+SSE4.1+SSE4.2+POPCNT,X86Base+SSE+SSE2,AES+PCLMUL VectorSize=256
// Job: Job-NUBXJZ(IterationCount=20, WarmupCount=5)

OverheadJitting  1: 1 op, 194401.00 ns, 194.4010 us/op
WorkloadJitting  1: 1 op, 8645795.00 ns, 8.6458 ms/op

OverheadJitting  2: 16 op, 179383.00 ns, 11.2114 us/op
WorkloadJitting  2: 16 op, 352615.00 ns, 22.0384 us/op

WorkloadPilot    1: 16 op, 112729.00 ns, 7.0456 us/op
WorkloadPilot    2: 32 op, 200362.00 ns, 6.2613 us/op
WorkloadPilot    3: 64 op, 304515.00 ns, 4.7580 us/op
WorkloadPilot    4: 128 op, 509456.00 ns, 3.9801 us/op
WorkloadPilot    5: 256 op, 1374943.00 ns, 5.3709 us/op
WorkloadPilot    6: 512 op, 2626858.00 ns, 5.1306 us/op
WorkloadPilot    7: 1024 op, 5209353.00 ns, 5.0873 us/op
WorkloadPilot    8: 2048 op, 10426792.00 ns, 5.0912 us/op
WorkloadPilot    9: 4096 op, 21720654.00 ns, 5.3029 us/op
WorkloadPilot   10: 8192 op, 44997760.00 ns, 5.4929 us/op
WorkloadPilot   11: 16384 op, 78042342.00 ns, 4.7633 us/op
WorkloadPilot   12: 32768 op, 133708022.00 ns, 4.0804 us/op
WorkloadPilot   13: 65536 op, 292600557.00 ns, 4.4647 us/op
WorkloadPilot   14: 131072 op, 589977149.00 ns, 4.5012 us/op

OverheadWarmup   1: 131072 op, 212915.00 ns, 1.6244 ns/op
OverheadWarmup   2: 131072 op, 212575.00 ns, 1.6218 ns/op
OverheadWarmup   3: 131072 op, 212555.00 ns, 1.6217 ns/op
OverheadWarmup   4: 131072 op, 233984.00 ns, 1.7852 ns/op
OverheadWarmup   5: 131072 op, 212555.00 ns, 1.6217 ns/op
OverheadWarmup   6: 131072 op, 212525.00 ns, 1.6214 ns/op
OverheadWarmup   7: 131072 op, 212585.00 ns, 1.6219 ns/op
OverheadWarmup   8: 131072 op, 213286.00 ns, 1.6272 ns/op
OverheadWarmup   9: 131072 op, 212585.00 ns, 1.6219 ns/op

OverheadActual   1: 131072 op, 231971.00 ns, 1.7698 ns/op
OverheadActual   2: 131072 op, 212545.00 ns, 1.6216 ns/op
OverheadActual   3: 131072 op, 212515.00 ns, 1.6214 ns/op
OverheadActual   4: 131072 op, 212565.00 ns, 1.6217 ns/op
OverheadActual   5: 131072 op, 212525.00 ns, 1.6214 ns/op
OverheadActual   6: 131072 op, 212575.00 ns, 1.6218 ns/op
OverheadActual   7: 131072 op, 212495.00 ns, 1.6212 ns/op
OverheadActual   8: 131072 op, 212615.00 ns, 1.6221 ns/op
OverheadActual   9: 131072 op, 212555.00 ns, 1.6217 ns/op
OverheadActual  10: 131072 op, 245205.00 ns, 1.8708 ns/op
OverheadActual  11: 131072 op, 232652.00 ns, 1.7750 ns/op
OverheadActual  12: 131072 op, 230668.00 ns, 1.7599 ns/op
OverheadActual  13: 131072 op, 229256.00 ns, 1.7491 ns/op
OverheadActual  14: 131072 op, 244414.00 ns, 1.8647 ns/op
OverheadActual  15: 131072 op, 230769.00 ns, 1.7606 ns/op
OverheadActual  16: 131072 op, 231179.00 ns, 1.7638 ns/op
OverheadActual  17: 131072 op, 212535.00 ns, 1.6215 ns/op
OverheadActual  18: 131072 op, 212635.00 ns, 1.6223 ns/op
OverheadActual  19: 131072 op, 244834.00 ns, 1.8679 ns/op
OverheadActual  20: 131072 op, 246609.00 ns, 1.8815 ns/op

WorkloadWarmup   1: 131072 op, 599677693.00 ns, 4.5752 us/op
WorkloadWarmup   2: 131072 op, 597061424.00 ns, 4.5552 us/op
WorkloadWarmup   3: 131072 op, 591027068.00 ns, 4.5092 us/op
WorkloadWarmup   4: 131072 op, 586677361.00 ns, 4.4760 us/op
WorkloadWarmup   5: 131072 op, 569368089.00 ns, 4.3439 us/op

// BeforeActualRun
WorkloadActual   1: 131072 op, 591474890.00 ns, 4.5126 us/op
WorkloadActual   2: 131072 op, 592671632.00 ns, 4.5217 us/op
WorkloadActual   3: 131072 op, 593442444.00 ns, 4.5276 us/op
WorkloadActual   4: 131072 op, 591044061.00 ns, 4.5093 us/op
WorkloadActual   5: 131072 op, 585998170.00 ns, 4.4708 us/op
WorkloadActual   6: 131072 op, 588388594.00 ns, 4.4890 us/op
WorkloadActual   7: 131072 op, 593221544.00 ns, 4.5259 us/op
WorkloadActual   8: 131072 op, 600116076.00 ns, 4.5785 us/op
WorkloadActual   9: 131072 op, 601508536.00 ns, 4.5891 us/op
WorkloadActual  10: 131072 op, 597300898.00 ns, 4.5570 us/op
WorkloadActual  11: 131072 op, 593181460.00 ns, 4.5256 us/op
WorkloadActual  12: 131072 op, 594330764.00 ns, 4.5344 us/op
WorkloadActual  13: 131072 op, 590524206.00 ns, 4.5053 us/op
WorkloadActual  14: 131072 op, 580590369.00 ns, 4.4296 us/op
WorkloadActual  15: 131072 op, 595151808.00 ns, 4.5406 us/op
WorkloadActual  16: 131072 op, 559520148.00 ns, 4.2688 us/op
WorkloadActual  17: 131072 op, 595576587.00 ns, 4.5439 us/op
WorkloadActual  18: 131072 op, 589724270.00 ns, 4.4992 us/op
WorkloadActual  19: 131072 op, 586609145.00 ns, 4.4755 us/op
WorkloadActual  20: 131072 op, 587483771.00 ns, 4.4821 us/op

// AfterActualRun
WorkloadResult   1: 131072 op, 591253944.50 ns, 4.5109 us/op
WorkloadResult   2: 131072 op, 592450686.50 ns, 4.5200 us/op
WorkloadResult   3: 131072 op, 593221498.50 ns, 4.5259 us/op
WorkloadResult   4: 131072 op, 590823115.50 ns, 4.5076 us/op
WorkloadResult   5: 131072 op, 585777224.50 ns, 4.4691 us/op
WorkloadResult   6: 131072 op, 588167648.50 ns, 4.4874 us/op
WorkloadResult   7: 131072 op, 593000598.50 ns, 4.5242 us/op
WorkloadResult   8: 131072 op, 599895130.50 ns, 4.5768 us/op
WorkloadResult   9: 131072 op, 601287590.50 ns, 4.5875 us/op
WorkloadResult  10: 131072 op, 597079952.50 ns, 4.5554 us/op
WorkloadResult  11: 131072 op, 592960514.50 ns, 4.5239 us/op
WorkloadResult  12: 131072 op, 594109818.50 ns, 4.5327 us/op
WorkloadResult  13: 131072 op, 590303260.50 ns, 4.5037 us/op
WorkloadResult  14: 131072 op, 580369423.50 ns, 4.4279 us/op
WorkloadResult  15: 131072 op, 594930862.50 ns, 4.5390 us/op
WorkloadResult  16: 131072 op, 559299202.50 ns, 4.2671 us/op
WorkloadResult  17: 131072 op, 595355641.50 ns, 4.5422 us/op
WorkloadResult  18: 131072 op, 589503324.50 ns, 4.4976 us/op
WorkloadResult  19: 131072 op, 586388199.50 ns, 4.4738 us/op
WorkloadResult  20: 131072 op, 587262825.50 ns, 4.4805 us/op
// GC:  8 0 0 148897792 131072
// Threading:  131072 0 131072

// AfterAll
// Benchmark Process 3652 has exited with code 0.

Mean = 4.503 μs, StdErr = 0.015 μs (0.33%), N = 20, StdDev = 0.067 μs
Min = 4.267 μs, Q1 = 4.486 μs, Median = 4.515 μs, Q3 = 4.534 μs, Max = 4.587 μs
IQR = 0.049 μs, LowerFence = 4.413 μs, UpperFence = 4.607 μs
ConfidenceInterval = [4.445 μs; 4.561 μs] (CI 99.9%), Margin = 0.058 μs (1.29% of Mean)
Skewness = -2.05, Kurtosis = 8.03, MValue = 2

// ** Remained 7 (31.8 %) benchmark(s) to run. Estimated finish 2026-10-04 3:02 (0h 7m from now) **
// **************************
// Benchmark: HybridCacheProviderBenchmarks.RemoveAsync: MediumRun(IterationCount=15, LaunchCount=2, WarmupCount=10)
// *** Execute ***
// Launch: 1 / 2
// Execute: dotnet Encina.Caching.Hybrid.Benchmarks-Job-NUBXJZ-1.dll --anonymousPipes 166 167 --benchmarkName Encina.Caching.Hybrid.Benchmarks.Benchmarks.HybridCacheProviderBenchmarks.RemoveAsync --job MediumRun --benchmarkId 15 in /home/runner/work/Encina/Encina/tests/Encina.BenchmarkTests/Encina.Caching.Hybrid.Benchmarks/bin/Release/net10.0/Encina.Caching.Hybrid.Benchmarks-Job-NUBXJZ-1/bin/Release/net10.0
// Failed to set up high priority (Permission denied). In order to run benchmarks with high priority, make sure you have the right permissions.
// BeforeAnythingElse

// Benchmark Process Environment Information:
// BenchmarkDotNet v0.15.8
// Runtime=.NET 10.0.12 (10.0.12, 10.0.1226.42308), X64 RyuJIT x86-64-v3
// GC=Concurrent Workstation
// HardwareIntrinsics=AVX2+BMI1+BMI2+F16C+FMA+LZCNT+MOVBE,AVX,SSE3+SSSE3+SSE4.1+SSE4.2+POPCNT,X86Base+SSE+SSE2,AES+PCLMUL VectorSize=256
// Job: MediumRun(IterationCount=15, LaunchCount=2, WarmupCount=10)

OverheadJitting  1: 1 op, 192658.00 ns, 192.6580 us/op
WorkloadJitting  1: 1 op, 8516089.00 ns, 8.5161 ms/op

OverheadJitting  2: 16 op, 179834.00 ns, 11.2396 us/op
WorkloadJitting  2: 16 op, 416834.00 ns, 26.0521 us/op

WorkloadPilot    1: 16 op, 158855.00 ns, 9.9284 us/op
WorkloadPilot    2: 32 op, 207586.00 ns, 6.4871 us/op
WorkloadPilot    3: 64 op, 317720.00 ns, 4.9644 us/op
WorkloadPilot    4: 128 op, 608520.00 ns, 4.7541 us/op
WorkloadPilot    5: 256 op, 1401281.00 ns, 5.4738 us/op
WorkloadPilot    6: 512 op, 2946840.00 ns, 5.7555 us/op
WorkloadPilot    7: 1024 op, 3492263.00 ns, 3.4104 us/op
WorkloadPilot    8: 2048 op, 10528906.00 ns, 5.1411 us/op
WorkloadPilot    9: 4096 op, 22199231.00 ns, 5.4197 us/op
WorkloadPilot   10: 8192 op, 41049435.00 ns, 5.0109 us/op
WorkloadPilot   11: 16384 op, 82518710.00 ns, 5.0365 us/op
WorkloadPilot   12: 32768 op, 152937407.00 ns, 4.6673 us/op
WorkloadPilot   13: 65536 op, 297612306.00 ns, 4.5412 us/op
WorkloadPilot   14: 131072 op, 589453248.00 ns, 4.4972 us/op

OverheadWarmup   1: 131072 op, 212875.00 ns, 1.6241 ns/op
OverheadWarmup   2: 131072 op, 217914.00 ns, 1.6626 ns/op
OverheadWarmup   3: 131072 op, 212624.00 ns, 1.6222 ns/op
OverheadWarmup   4: 131072 op, 212565.00 ns, 1.6217 ns/op
OverheadWarmup   5: 131072 op, 212535.00 ns, 1.6215 ns/op
OverheadWarmup   6: 131072 op, 212575.00 ns, 1.6218 ns/op
OverheadWarmup   7: 131072 op, 212565.00 ns, 1.6217 ns/op

OverheadActual   1: 131072 op, 231219.00 ns, 1.7641 ns/op
OverheadActual   2: 131072 op, 212605.00 ns, 1.6220 ns/op
OverheadActual   3: 131072 op, 213457.00 ns, 1.6285 ns/op
OverheadActual   4: 131072 op, 230809.00 ns, 1.7609 ns/op
OverheadActual   5: 131072 op, 212605.00 ns, 1.6220 ns/op
OverheadActual   6: 131072 op, 213326.00 ns, 1.6275 ns/op
OverheadActual   7: 131072 op, 212555.00 ns, 1.6217 ns/op
OverheadActual   8: 131072 op, 212584.00 ns, 1.6219 ns/op
OverheadActual   9: 131072 op, 212585.00 ns, 1.6219 ns/op
OverheadActual  10: 131072 op, 212525.00 ns, 1.6214 ns/op
OverheadActual  11: 131072 op, 212605.00 ns, 1.6220 ns/op
OverheadActual  12: 131072 op, 212565.00 ns, 1.6217 ns/op
OverheadActual  13: 131072 op, 212605.00 ns, 1.6220 ns/op
OverheadActual  14: 131072 op, 212544.00 ns, 1.6216 ns/op
OverheadActual  15: 131072 op, 212605.00 ns, 1.6220 ns/op

WorkloadWarmup   1: 131072 op, 589712827.00 ns, 4.4992 us/op
WorkloadWarmup   2: 131072 op, 600881754.00 ns, 4.5844 us/op
WorkloadWarmup   3: 131072 op, 595350465.00 ns, 4.5422 us/op
WorkloadWarmup   4: 131072 op, 597971952.00 ns, 4.5622 us/op
WorkloadWarmup   5: 131072 op, 591323530.00 ns, 4.5114 us/op
WorkloadWarmup   6: 131072 op, 576662562.00 ns, 4.3996 us/op
WorkloadWarmup   7: 131072 op, 589832741.00 ns, 4.5001 us/op
WorkloadWarmup   8: 131072 op, 596909411.00 ns, 4.5541 us/op
WorkloadWarmup   9: 131072 op, 590485211.00 ns, 4.5050 us/op
WorkloadWarmup  10: 131072 op, 589857495.00 ns, 4.5003 us/op

// BeforeActualRun
WorkloadActual   1: 131072 op, 590303232.00 ns, 4.5037 us/op
WorkloadActual   2: 131072 op, 595502036.00 ns, 4.5433 us/op
WorkloadActual   3: 131072 op, 588955500.00 ns, 4.4934 us/op
WorkloadActual   4: 131072 op, 591107434.00 ns, 4.5098 us/op
WorkloadActual   5: 131072 op, 557601530.00 ns, 4.2542 us/op
WorkloadActual   6: 131072 op, 598577296.00 ns, 4.5668 us/op
WorkloadActual   7: 131072 op, 603429626.00 ns, 4.6038 us/op
WorkloadActual   8: 131072 op, 595690433.00 ns, 4.5448 us/op
WorkloadActual   9: 131072 op, 600616675.00 ns, 4.5823 us/op
WorkloadActual  10: 131072 op, 592000284.00 ns, 4.5166 us/op
WorkloadActual  11: 131072 op, 587252958.00 ns, 4.4804 us/op
WorkloadActual  12: 131072 op, 593700413.00 ns, 4.5296 us/op
WorkloadActual  13: 131072 op, 570041483.00 ns, 4.3491 us/op
WorkloadActual  14: 131072 op, 586889840.00 ns, 4.4776 us/op
WorkloadActual  15: 131072 op, 591059102.00 ns, 4.5094 us/op

// AfterActualRun
WorkloadResult   1: 131072 op, 590090627.00 ns, 4.5020 us/op
WorkloadResult   2: 131072 op, 595289431.00 ns, 4.5417 us/op
WorkloadResult   3: 131072 op, 588742895.00 ns, 4.4918 us/op
WorkloadResult   4: 131072 op, 590894829.00 ns, 4.5082 us/op
WorkloadResult   5: 131072 op, 557388925.00 ns, 4.2525 us/op
WorkloadResult   6: 131072 op, 598364691.00 ns, 4.5652 us/op
WorkloadResult   7: 131072 op, 603217021.00 ns, 4.6022 us/op
WorkloadResult   8: 131072 op, 595477828.00 ns, 4.5431 us/op
WorkloadResult   9: 131072 op, 600404070.00 ns, 4.5807 us/op
WorkloadResult  10: 131072 op, 591787679.00 ns, 4.5150 us/op
WorkloadResult  11: 131072 op, 587040353.00 ns, 4.4788 us/op
WorkloadResult  12: 131072 op, 593487808.00 ns, 4.5280 us/op
WorkloadResult  13: 131072 op, 569828878.00 ns, 4.3474 us/op
WorkloadResult  14: 131072 op, 586677235.00 ns, 4.4760 us/op
WorkloadResult  15: 131072 op, 590846497.00 ns, 4.5078 us/op
// GC:  8 0 0 148897792 131072
// Threading:  131072 0 131072

// AfterAll
// Benchmark Process 3671 has exited with code 0.
// Launch: 2 / 2
// Execute: dotnet Encina.Caching.Hybrid.Benchmarks-Job-NUBXJZ-1.dll --anonymousPipes 166 167 --benchmarkName Encina.Caching.Hybrid.Benchmarks.Benchmarks.HybridCacheProviderBenchmarks.RemoveAsync --job MediumRun --benchmarkId 15 in /home/runner/work/Encina/Encina/tests/Encina.BenchmarkTests/Encina.Caching.Hybrid.Benchmarks/bin/Release/net10.0/Encina.Caching.Hybrid.Benchmarks-Job-NUBXJZ-1/bin/Release/net10.0
// Failed to set up high priority (Permission denied). In order to run benchmarks with high priority, make sure you have the right permissions.
// BeforeAnythingElse

// Benchmark Process Environment Information:
// BenchmarkDotNet v0.15.8
// Runtime=.NET 10.0.12 (10.0.12, 10.0.1226.42308), X64 RyuJIT x86-64-v3
// GC=Concurrent Workstation
// HardwareIntrinsics=AVX2+BMI1+BMI2+F16C+FMA+LZCNT+MOVBE,AVX,SSE3+SSSE3+SSE4.1+SSE4.2+POPCNT,X86Base+SSE+SSE2,AES+PCLMUL VectorSize=256
// Job: MediumRun(IterationCount=15, LaunchCount=2, WarmupCount=10)

OverheadJitting  1: 1 op, 175876.00 ns, 175.8760 us/op
WorkloadJitting  1: 1 op, 8478084.00 ns, 8.4781 ms/op

OverheadJitting  2: 16 op, 179924.00 ns, 11.2453 us/op
WorkloadJitting  2: 16 op, 351192.00 ns, 21.9495 us/op

WorkloadPilot    1: 16 op, 120574.00 ns, 7.5359 us/op
WorkloadPilot    2: 32 op, 185535.00 ns, 5.7980 us/op
WorkloadPilot    3: 64 op, 257207.00 ns, 4.0189 us/op
WorkloadPilot    4: 128 op, 406555.00 ns, 3.1762 us/op
WorkloadPilot    5: 256 op, 936369.00 ns, 3.6577 us/op
WorkloadPilot    6: 512 op, 1621231.00 ns, 3.1665 us/op
WorkloadPilot    7: 1024 op, 3358807.00 ns, 3.2801 us/op
WorkloadPilot    8: 2048 op, 6630201.00 ns, 3.2374 us/op
WorkloadPilot    9: 4096 op, 13235118.00 ns, 3.2312 us/op
WorkloadPilot   10: 8192 op, 35646705.00 ns, 4.3514 us/op
WorkloadPilot   11: 16384 op, 48900788.00 ns, 2.9847 us/op
WorkloadPilot   12: 32768 op, 124790593.00 ns, 3.8083 us/op
WorkloadPilot   13: 65536 op, 291599503.00 ns, 4.4495 us/op
WorkloadPilot   14: 131072 op, 589265361.00 ns, 4.4957 us/op

OverheadWarmup   1: 131072 op, 213215.00 ns, 1.6267 ns/op
OverheadWarmup   2: 131072 op, 252830.00 ns, 1.9289 ns/op
OverheadWarmup   3: 131072 op, 271785.00 ns, 2.0736 ns/op
OverheadWarmup   4: 131072 op, 259943.00 ns, 1.9832 ns/op
OverheadWarmup   5: 131072 op, 234746.00 ns, 1.7910 ns/op
OverheadWarmup   6: 131072 op, 240898.00 ns, 1.8379 ns/op
OverheadWarmup   7: 131072 op, 236589.00 ns, 1.8050 ns/op

OverheadActual   1: 131072 op, 231550.00 ns, 1.7666 ns/op
OverheadActual   2: 131072 op, 212535.00 ns, 1.6215 ns/op
OverheadActual   3: 131072 op, 212625.00 ns, 1.6222 ns/op
OverheadActual   4: 131072 op, 212624.00 ns, 1.6222 ns/op
OverheadActual   5: 131072 op, 212624.00 ns, 1.6222 ns/op
OverheadActual   6: 131072 op, 212585.00 ns, 1.6219 ns/op
OverheadActual   7: 131072 op, 212525.00 ns, 1.6214 ns/op
OverheadActual   8: 131072 op, 212605.00 ns, 1.6220 ns/op
OverheadActual   9: 131072 op, 212595.00 ns, 1.6220 ns/op
OverheadActual  10: 131072 op, 212605.00 ns, 1.6220 ns/op
OverheadActual  11: 131072 op, 212555.00 ns, 1.6217 ns/op
OverheadActual  12: 131072 op, 212595.00 ns, 1.6220 ns/op
OverheadActual  13: 131072 op, 212604.00 ns, 1.6220 ns/op
OverheadActual  14: 131072 op, 212585.00 ns, 1.6219 ns/op
OverheadActual  15: 131072 op, 212635.00 ns, 1.6223 ns/op

WorkloadWarmup   1: 131072 op, 549203898.00 ns, 4.1901 us/op
WorkloadWarmup   2: 131072 op, 599203278.00 ns, 4.5716 us/op
WorkloadWarmup   3: 131072 op, 594226813.00 ns, 4.5336 us/op
WorkloadWarmup   4: 131072 op, 560318736.00 ns, 4.2749 us/op
WorkloadWarmup   5: 131072 op, 595889503.00 ns, 4.5463 us/op
WorkloadWarmup   6: 131072 op, 590552189.00 ns, 4.5056 us/op
WorkloadWarmup   7: 131072 op, 581346317.00 ns, 4.4353 us/op
WorkloadWarmup   8: 131072 op, 580819322.00 ns, 4.4313 us/op
WorkloadWarmup   9: 131072 op, 573129289.00 ns, 4.3726 us/op
WorkloadWarmup  10: 131072 op, 578790421.00 ns, 4.4158 us/op

// BeforeActualRun
WorkloadActual   1: 131072 op, 589779535.00 ns, 4.4997 us/op
WorkloadActual   2: 131072 op, 587668786.00 ns, 4.4836 us/op
WorkloadActual   3: 131072 op, 570280489.00 ns, 4.3509 us/op
WorkloadActual   4: 131072 op, 590768694.00 ns, 4.5072 us/op
WorkloadActual   5: 131072 op, 583116995.00 ns, 4.4488 us/op
WorkloadActual   6: 131072 op, 578609735.00 ns, 4.4144 us/op
WorkloadActual   7: 131072 op, 581755967.00 ns, 4.4384 us/op
WorkloadActual   8: 131072 op, 585090367.00 ns, 4.4639 us/op
WorkloadActual   9: 131072 op, 559403352.00 ns, 4.2679 us/op
WorkloadActual  10: 131072 op, 591259304.00 ns, 4.5110 us/op
WorkloadActual  11: 131072 op, 585033996.00 ns, 4.4635 us/op
WorkloadActual  12: 131072 op, 580497816.00 ns, 4.4288 us/op
WorkloadActual  13: 131072 op, 585652418.00 ns, 4.4682 us/op
WorkloadActual  14: 131072 op, 580517212.00 ns, 4.4290 us/op
WorkloadActual  15: 131072 op, 582238589.00 ns, 4.4421 us/op

// AfterActualRun
WorkloadResult   1: 131072 op, 589566931.00 ns, 4.4980 us/op
WorkloadResult   2: 131072 op, 587456182.00 ns, 4.4819 us/op
WorkloadResult   3: 131072 op, 570067885.00 ns, 4.3493 us/op
WorkloadResult   4: 131072 op, 590556090.00 ns, 4.5056 us/op
WorkloadResult   5: 131072 op, 582904391.00 ns, 4.4472 us/op
WorkloadResult   6: 131072 op, 578397131.00 ns, 4.4128 us/op
WorkloadResult   7: 131072 op, 581543363.00 ns, 4.4368 us/op
WorkloadResult   8: 131072 op, 584877763.00 ns, 4.4623 us/op
WorkloadResult   9: 131072 op, 559190748.00 ns, 4.2663 us/op
WorkloadResult  10: 131072 op, 591046700.00 ns, 4.5093 us/op
WorkloadResult  11: 131072 op, 584821392.00 ns, 4.4618 us/op
WorkloadResult  12: 131072 op, 580285212.00 ns, 4.4272 us/op
WorkloadResult  13: 131072 op, 585439814.00 ns, 4.4666 us/op
WorkloadResult  14: 131072 op, 580304608.00 ns, 4.4274 us/op
WorkloadResult  15: 131072 op, 582025985.00 ns, 4.4405 us/op
// GC:  8 0 0 148897792 131072
// Threading:  131072 0 131072

// AfterAll
// Benchmark Process 3689 has exited with code 0.

Mean = 4.468 μs, StdErr = 0.015 μs (0.33%), N = 30, StdDev = 0.081 μs
Min = 4.253 μs, Q1 = 4.438 μs, Median = 4.480 μs, Q3 = 4.509 μs, Max = 4.602 μs
IQR = 0.071 μs, LowerFence = 4.331 μs, UpperFence = 4.616 μs
ConfidenceInterval = [4.414 μs; 4.522 μs] (CI 99.9%), Margin = 0.054 μs (1.21% of Mean)
Skewness = -0.98, Kurtosis = 3.77, MValue = 2

// ** Remained 6 (27.3 %) benchmark(s) to run. Estimated finish 2026-10-04 3:01 (0h 6m from now) **
// **************************
// Benchmark: HybridCacheProviderBenchmarks.RemoveByTagAsync: Job-NUBXJZ(IterationCount=20, WarmupCount=5)
// *** Execute ***
// Launch: 1 / 1
// Execute: dotnet Encina.Caching.Hybrid.Benchmarks-Job-NUBXJZ-1.dll --anonymousPipes 166 167 --benchmarkName Encina.Caching.Hybrid.Benchmarks.Benchmarks.HybridCacheProviderBenchmarks.RemoveByTagAsync --job "IterationCount=20, WarmupCount=5" --benchmarkId 16 in /home/runner/work/Encina/Encina/tests/Encina.BenchmarkTests/Encina.Caching.Hybrid.Benchmarks/bin/Release/net10.0/Encina.Caching.Hybrid.Benchmarks-Job-NUBXJZ-1/bin/Release/net10.0
// Failed to set up high priority (Permission denied). In order to run benchmarks with high priority, make sure you have the right permissions.
// BeforeAnythingElse

// Benchmark Process Environment Information:
// BenchmarkDotNet v0.15.8
// Runtime=.NET 10.0.12 (10.0.12, 10.0.1226.42308), X64 RyuJIT x86-64-v3
// GC=Concurrent Workstation
// HardwareIntrinsics=AVX2+BMI1+BMI2+F16C+FMA+LZCNT+MOVBE,AVX,SSE3+SSSE3+SSE4.1+SSE4.2+POPCNT,X86Base+SSE+SSE2,AES+PCLMUL VectorSize=256
// Job: Job-NUBXJZ(IterationCount=20, WarmupCount=5)

OverheadJitting  1: 1 op, 176077.00 ns, 176.0770 us/op
WorkloadJitting  1: 1 op, 38398441.00 ns, 38.3984 ms/op

WorkloadPilot    1: 2 op, 226621.00 ns, 113.3105 us/op
WorkloadPilot    2: 3 op, 60773.00 ns, 20.2577 us/op
WorkloadPilot    3: 4 op, 62916.00 ns, 15.7290 us/op
WorkloadPilot    4: 5 op, 74058.00 ns, 14.8116 us/op
WorkloadPilot    5: 6 op, 74459.00 ns, 12.4098 us/op
WorkloadPilot    6: 7 op, 192528.00 ns, 27.5040 us/op
WorkloadPilot    7: 8 op, 97832.00 ns, 12.2290 us/op
WorkloadPilot    8: 9 op, 104714.00 ns, 11.6349 us/op
WorkloadPilot    9: 10 op, 105295.00 ns, 10.5295 us/op
WorkloadPilot   10: 11 op, 122607.00 ns, 11.1461 us/op
WorkloadPilot   11: 12 op, 129060.00 ns, 10.7550 us/op
WorkloadPilot   12: 13 op, 123669.00 ns, 9.5130 us/op
WorkloadPilot   13: 14 op, 148746.00 ns, 10.6247 us/op
WorkloadPilot   14: 15 op, 159566.00 ns, 10.6377 us/op
WorkloadPilot   15: 16 op, 148275.00 ns, 9.2672 us/op
WorkloadPilot   16: 32 op, 279900.00 ns, 8.7469 us/op
WorkloadPilot   17: 64 op, 579716.00 ns, 9.0581 us/op
WorkloadPilot   18: 128 op, 1094793.00 ns, 8.5531 us/op
WorkloadPilot   19: 256 op, 2227176.00 ns, 8.6999 us/op
WorkloadPilot   20: 512 op, 4421571.00 ns, 8.6359 us/op
WorkloadPilot   21: 1024 op, 7793702.00 ns, 7.6110 us/op
WorkloadPilot   22: 2048 op, 17859282.00 ns, 8.7204 us/op
WorkloadPilot   23: 4096 op, 33000879.00 ns, 8.0569 us/op
WorkloadPilot   24: 8192 op, 72450491.00 ns, 8.8441 us/op
WorkloadPilot   25: 16384 op, 163439204.00 ns, 9.9755 us/op
WorkloadPilot   26: 32768 op, 353201969.00 ns, 10.7789 us/op
WorkloadPilot   27: 65536 op, 737839599.00 ns, 11.2585 us/op

WorkloadWarmup   1: 65536 op, 650808654.00 ns, 9.9306 us/op
WorkloadWarmup   2: 65536 op, 652035202.00 ns, 9.9493 us/op
WorkloadWarmup   3: 65536 op, 820587254.00 ns, 12.5212 us/op
WorkloadWarmup   4: 65536 op, 663260853.00 ns, 10.1206 us/op
WorkloadWarmup   5: 65536 op, 662301252.00 ns, 10.1059 us/op

// BeforeActualRun
WorkloadActual   1: 65536 op, 672163456.00 ns, 10.2564 us/op
WorkloadActual   2: 65536 op, 873416446.00 ns, 13.3273 us/op
WorkloadActual   3: 65536 op, 894222128.00 ns, 13.6447 us/op
WorkloadActual   4: 65536 op, 703459644.00 ns, 10.7339 us/op
WorkloadActual   5: 65536 op, 686979061.00 ns, 10.4825 us/op
WorkloadActual   6: 65536 op, 720511458.00 ns, 10.9941 us/op
WorkloadActual   7: 65536 op, 690129144.00 ns, 10.5305 us/op
WorkloadActual   8: 65536 op, 702143531.00 ns, 10.7139 us/op
WorkloadActual   9: 65536 op, 716144155.00 ns, 10.9275 us/op
WorkloadActual  10: 65536 op, 695108339.00 ns, 10.6065 us/op
WorkloadActual  11: 65536 op, 723484557.00 ns, 11.0395 us/op
WorkloadActual  12: 65536 op, 703259540.00 ns, 10.7309 us/op
WorkloadActual  13: 65536 op, 1507629453.00 ns, 23.0046 us/op
WorkloadActual  14: 65536 op, 728845104.00 ns, 11.1213 us/op
WorkloadActual  15: 65536 op, 729257503.00 ns, 11.1276 us/op
WorkloadActual  16: 65536 op, 703188946.00 ns, 10.7298 us/op
WorkloadActual  17: 65536 op, 716632829.00 ns, 10.9349 us/op
WorkloadActual  18: 65536 op, 704846164.00 ns, 10.7551 us/op
WorkloadActual  19: 65536 op, 731244007.00 ns, 11.1579 us/op
WorkloadActual  20: 65536 op, 705139950.00 ns, 10.7596 us/op

// AfterActualRun
WorkloadResult   1: 65536 op, 672163456.00 ns, 10.2564 us/op
WorkloadResult   2: 65536 op, 703459644.00 ns, 10.7339 us/op
WorkloadResult   3: 65536 op, 686979061.00 ns, 10.4825 us/op
WorkloadResult   4: 65536 op, 720511458.00 ns, 10.9941 us/op
WorkloadResult   5: 65536 op, 690129144.00 ns, 10.5305 us/op
WorkloadResult   6: 65536 op, 702143531.00 ns, 10.7139 us/op
WorkloadResult   7: 65536 op, 716144155.00 ns, 10.9275 us/op
WorkloadResult   8: 65536 op, 695108339.00 ns, 10.6065 us/op
WorkloadResult   9: 65536 op, 723484557.00 ns, 11.0395 us/op
WorkloadResult  10: 65536 op, 703259540.00 ns, 10.7309 us/op
WorkloadResult  11: 65536 op, 728845104.00 ns, 11.1213 us/op
WorkloadResult  12: 65536 op, 729257503.00 ns, 11.1276 us/op
WorkloadResult  13: 65536 op, 703188946.00 ns, 10.7298 us/op
WorkloadResult  14: 65536 op, 716632829.00 ns, 10.9349 us/op
WorkloadResult  15: 65536 op, 704846164.00 ns, 10.7551 us/op
WorkloadResult  16: 65536 op, 731244007.00 ns, 11.1579 us/op
WorkloadResult  17: 65536 op, 705139950.00 ns, 10.7596 us/op
// GC:  9 8 0 160432128 65536
// Threading:  0 0 65536

// AfterAll
// Benchmark Process 3704 has exited with code 0.

Mean = 10.800 μs, StdErr = 0.061 μs (0.56%), N = 17, StdDev = 0.250 μs
Min = 10.256 μs, Q1 = 10.714 μs, Median = 10.755 μs, Q3 = 10.994 μs, Max = 11.158 μs
IQR = 0.280 μs, LowerFence = 10.293 μs, UpperFence = 11.415 μs
ConfidenceInterval = [10.557 μs; 11.044 μs] (CI 99.9%), Margin = 0.243 μs (2.25% of Mean)
Skewness = -0.31, Kurtosis = 2.23, MValue = 2

// ** Remained 5 (22.7 %) benchmark(s) to run. Estimated finish 2026-10-04 3:02 (0h 5m from now) **
// **************************
// Benchmark: HybridCacheProviderBenchmarks.RemoveByTagAsync: MediumRun(IterationCount=15, LaunchCount=2, WarmupCount=10)
// *** Execute ***
// Launch: 1 / 2
// Execute: dotnet Encina.Caching.Hybrid.Benchmarks-Job-NUBXJZ-1.dll --anonymousPipes 166 167 --benchmarkName Encina.Caching.Hybrid.Benchmarks.Benchmarks.HybridCacheProviderBenchmarks.RemoveByTagAsync --job MediumRun --benchmarkId 17 in /home/runner/work/Encina/Encina/tests/Encina.BenchmarkTests/Encina.Caching.Hybrid.Benchmarks/bin/Release/net10.0/Encina.Caching.Hybrid.Benchmarks-Job-NUBXJZ-1/bin/Release/net10.0
// Failed to set up high priority (Permission denied). In order to run benchmarks with high priority, make sure you have the right permissions.
// BeforeAnythingElse

// Benchmark Process Environment Information:
// BenchmarkDotNet v0.15.8
// Runtime=.NET 10.0.12 (10.0.12, 10.0.1226.42308), X64 RyuJIT x86-64-v3
// GC=Concurrent Workstation
// HardwareIntrinsics=AVX2+BMI1+BMI2+F16C+FMA+LZCNT+MOVBE,AVX,SSE3+SSSE3+SSE4.1+SSE4.2+POPCNT,X86Base+SSE+SSE2,AES+PCLMUL VectorSize=256
// Job: MediumRun(IterationCount=15, LaunchCount=2, WarmupCount=10)

OverheadJitting  1: 1 op, 180275.00 ns, 180.2750 us/op
WorkloadJitting  1: 1 op, 38512752.00 ns, 38.5128 ms/op

WorkloadPilot    1: 2 op, 233183.00 ns, 116.5915 us/op
WorkloadPilot    2: 3 op, 58769.00 ns, 19.5897 us/op
WorkloadPilot    3: 4 op, 63027.00 ns, 15.7568 us/op
WorkloadPilot    4: 5 op, 72826.00 ns, 14.5652 us/op
WorkloadPilot    5: 6 op, 79928.00 ns, 13.3213 us/op
WorkloadPilot    6: 7 op, 163884.00 ns, 23.4120 us/op
WorkloadPilot    7: 8 op, 114723.00 ns, 14.3404 us/op
WorkloadPilot    8: 9 op, 103392.00 ns, 11.4880 us/op
WorkloadPilot    9: 10 op, 109984.00 ns, 10.9984 us/op
WorkloadPilot   10: 11 op, 119782.00 ns, 10.8893 us/op
WorkloadPilot   11: 12 op, 131224.00 ns, 10.9353 us/op
WorkloadPilot   12: 13 op, 127297.00 ns, 9.7921 us/op
WorkloadPilot   13: 14 op, 133188.00 ns, 9.5134 us/op
WorkloadPilot   14: 15 op, 136043.00 ns, 9.0695 us/op
WorkloadPilot   15: 16 op, 204329.00 ns, 12.7706 us/op
WorkloadPilot   16: 32 op, 241048.00 ns, 7.5328 us/op
WorkloadPilot   17: 64 op, 568836.00 ns, 8.8881 us/op
WorkloadPilot   18: 128 op, 1107397.00 ns, 8.6515 us/op
WorkloadPilot   19: 256 op, 1987211.00 ns, 7.7625 us/op
WorkloadPilot   20: 512 op, 3903661.00 ns, 7.6243 us/op
WorkloadPilot   21: 1024 op, 8260482.00 ns, 8.0669 us/op
WorkloadPilot   22: 2048 op, 16768706.00 ns, 8.1878 us/op
WorkloadPilot   23: 4096 op, 33075553.00 ns, 8.0751 us/op
WorkloadPilot   24: 8192 op, 71390136.00 ns, 8.7146 us/op
WorkloadPilot   25: 16384 op, 159620790.00 ns, 9.7425 us/op
WorkloadPilot   26: 32768 op, 364447364.00 ns, 11.1221 us/op
WorkloadPilot   27: 65536 op, 724439727.00 ns, 11.0541 us/op

WorkloadWarmup   1: 65536 op, 630723429.00 ns, 9.6241 us/op
WorkloadWarmup   2: 65536 op, 644674782.00 ns, 9.8370 us/op
WorkloadWarmup   3: 65536 op, 815636236.00 ns, 12.4456 us/op
WorkloadWarmup   4: 65536 op, 660607684.00 ns, 10.0801 us/op
WorkloadWarmup   5: 65536 op, 668764035.00 ns, 10.2045 us/op
WorkloadWarmup   6: 65536 op, 670955177.00 ns, 10.2380 us/op
WorkloadWarmup   7: 65536 op, 860188190.00 ns, 13.1254 us/op
WorkloadWarmup   8: 65536 op, 914304415.00 ns, 13.9512 us/op
WorkloadWarmup   9: 65536 op, 702822173.00 ns, 10.7242 us/op
WorkloadWarmup  10: 65536 op, 664845251.00 ns, 10.1447 us/op

// BeforeActualRun
WorkloadActual   1: 65536 op, 672226208.00 ns, 10.2574 us/op
WorkloadActual   2: 65536 op, 684655542.00 ns, 10.4470 us/op
WorkloadActual   3: 65536 op, 731800992.00 ns, 11.1664 us/op
WorkloadActual   4: 65536 op, 710083754.00 ns, 10.8350 us/op
WorkloadActual   5: 65536 op, 682790592.00 ns, 10.4186 us/op
WorkloadActual   6: 65536 op, 712693803.00 ns, 10.8748 us/op
WorkloadActual   7: 65536 op, 725360895.00 ns, 11.0681 us/op
WorkloadActual   8: 65536 op, 1515552198.00 ns, 23.1255 us/op
WorkloadActual   9: 65536 op, 704101843.00 ns, 10.7437 us/op
WorkloadActual  10: 65536 op, 731204771.00 ns, 11.1573 us/op
WorkloadActual  11: 65536 op, 731385867.00 ns, 11.1601 us/op
WorkloadActual  12: 65536 op, 753852519.00 ns, 11.5029 us/op
WorkloadActual  13: 65536 op, 684126638.00 ns, 10.4389 us/op
WorkloadActual  14: 65536 op, 737420874.00 ns, 11.2521 us/op
WorkloadActual  15: 65536 op, 744901485.00 ns, 11.3663 us/op

// AfterActualRun
WorkloadResult   1: 65536 op, 672226208.00 ns, 10.2574 us/op
WorkloadResult   2: 65536 op, 684655542.00 ns, 10.4470 us/op
WorkloadResult   3: 65536 op, 731800992.00 ns, 11.1664 us/op
WorkloadResult   4: 65536 op, 710083754.00 ns, 10.8350 us/op
WorkloadResult   5: 65536 op, 682790592.00 ns, 10.4186 us/op
WorkloadResult   6: 65536 op, 712693803.00 ns, 10.8748 us/op
WorkloadResult   7: 65536 op, 725360895.00 ns, 11.0681 us/op
WorkloadResult   8: 65536 op, 704101843.00 ns, 10.7437 us/op
WorkloadResult   9: 65536 op, 731204771.00 ns, 11.1573 us/op
WorkloadResult  10: 65536 op, 731385867.00 ns, 11.1601 us/op
WorkloadResult  11: 65536 op, 753852519.00 ns, 11.5029 us/op
WorkloadResult  12: 65536 op, 684126638.00 ns, 10.4389 us/op
WorkloadResult  13: 65536 op, 737420874.00 ns, 11.2521 us/op
WorkloadResult  14: 65536 op, 744901485.00 ns, 11.3663 us/op
// GC:  9 8 0 160432128 65536
// Threading:  0 0 65536

// AfterAll
// Benchmark Process 3721 has exited with code 0.
// Launch: 2 / 2
// Execute: dotnet Encina.Caching.Hybrid.Benchmarks-Job-NUBXJZ-1.dll --anonymousPipes 166 167 --benchmarkName Encina.Caching.Hybrid.Benchmarks.Benchmarks.HybridCacheProviderBenchmarks.RemoveByTagAsync --job MediumRun --benchmarkId 17 in /home/runner/work/Encina/Encina/tests/Encina.BenchmarkTests/Encina.Caching.Hybrid.Benchmarks/bin/Release/net10.0/Encina.Caching.Hybrid.Benchmarks-Job-NUBXJZ-1/bin/Release/net10.0
// Failed to set up high priority (Permission denied). In order to run benchmarks with high priority, make sure you have the right permissions.
// BeforeAnythingElse

// Benchmark Process Environment Information:
// BenchmarkDotNet v0.15.8
// Runtime=.NET 10.0.12 (10.0.12, 10.0.1226.42308), X64 RyuJIT x86-64-v3
// GC=Concurrent Workstation
// HardwareIntrinsics=AVX2+BMI1+BMI2+F16C+FMA+LZCNT+MOVBE,AVX,SSE3+SSSE3+SSE4.1+SSE4.2+POPCNT,X86Base+SSE+SSE2,AES+PCLMUL VectorSize=256
// Job: MediumRun(IterationCount=15, LaunchCount=2, WarmupCount=10)

OverheadJitting  1: 1 op, 178802.00 ns, 178.8020 us/op
WorkloadJitting  1: 1 op, 38211682.00 ns, 38.2117 ms/op

WorkloadPilot    1: 2 op, 247018.00 ns, 123.5090 us/op
WorkloadPilot    2: 3 op, 65592.00 ns, 21.8640 us/op
WorkloadPilot    3: 4 op, 81581.00 ns, 20.3953 us/op
WorkloadPilot    4: 5 op, 91110.00 ns, 18.2220 us/op
WorkloadPilot    5: 6 op, 90628.00 ns, 15.1047 us/op
WorkloadPilot    6: 7 op, 184683.00 ns, 26.3833 us/op
WorkloadPilot    7: 8 op, 103723.00 ns, 12.9654 us/op
WorkloadPilot    8: 9 op, 113491.00 ns, 12.6101 us/op
WorkloadPilot    9: 10 op, 98543.00 ns, 9.8543 us/op
WorkloadPilot   10: 11 op, 158294.00 ns, 14.3904 us/op
WorkloadPilot   11: 12 op, 147585.00 ns, 12.2988 us/op
WorkloadPilot   12: 13 op, 158163.00 ns, 12.1664 us/op
WorkloadPilot   13: 14 op, 171329.00 ns, 12.2378 us/op
WorkloadPilot   14: 15 op, 148857.00 ns, 9.9238 us/op
WorkloadPilot   15: 16 op, 155338.00 ns, 9.7086 us/op
WorkloadPilot   16: 32 op, 316007.00 ns, 9.8752 us/op
WorkloadPilot   17: 64 op, 594916.00 ns, 9.2956 us/op
WorkloadPilot   18: 128 op, 1144396.00 ns, 8.9406 us/op
WorkloadPilot   19: 256 op, 2112203.00 ns, 8.2508 us/op
WorkloadPilot   20: 512 op, 4262627.00 ns, 8.3254 us/op
WorkloadPilot   21: 1024 op, 8148745.00 ns, 7.9578 us/op
WorkloadPilot   22: 2048 op, 16625399.00 ns, 8.1179 us/op
WorkloadPilot   23: 4096 op, 32599879.00 ns, 7.9590 us/op
WorkloadPilot   24: 8192 op, 69216318.00 ns, 8.4493 us/op
WorkloadPilot   25: 16384 op, 157291774.00 ns, 9.6003 us/op
WorkloadPilot   26: 32768 op, 338126295.00 ns, 10.3188 us/op
WorkloadPilot   27: 65536 op, 701898274.00 ns, 10.7101 us/op

WorkloadWarmup   1: 65536 op, 602646706.00 ns, 9.1957 us/op
WorkloadWarmup   2: 65536 op, 621214803.00 ns, 9.4790 us/op
WorkloadWarmup   3: 65536 op, 813985382.00 ns, 12.4204 us/op
WorkloadWarmup   4: 65536 op, 630276754.00 ns, 9.6173 us/op
WorkloadWarmup   5: 65536 op, 632728157.00 ns, 9.6547 us/op
WorkloadWarmup   6: 65536 op, 640876785.00 ns, 9.7790 us/op
WorkloadWarmup   7: 65536 op, 646099308.00 ns, 9.8587 us/op
WorkloadWarmup   8: 65536 op, 1023414398.00 ns, 15.6161 us/op
WorkloadWarmup   9: 65536 op, 702227976.00 ns, 10.7151 us/op
WorkloadWarmup  10: 65536 op, 661709147.00 ns, 10.0969 us/op

// BeforeActualRun
WorkloadActual   1: 65536 op, 669719005.00 ns, 10.2191 us/op
WorkloadActual   2: 65536 op, 670982662.00 ns, 10.2384 us/op
WorkloadActual   3: 65536 op, 677996180.00 ns, 10.3454 us/op
WorkloadActual   4: 65536 op, 675123203.00 ns, 10.3016 us/op
WorkloadActual   5: 65536 op, 657724113.00 ns, 10.0361 us/op
WorkloadActual   6: 65536 op, 682669418.00 ns, 10.4167 us/op
WorkloadActual   7: 65536 op, 683003228.00 ns, 10.4218 us/op
WorkloadActual   8: 65536 op, 1542855574.00 ns, 23.5421 us/op
WorkloadActual   9: 65536 op, 690732985.00 ns, 10.5397 us/op
WorkloadActual  10: 65536 op, 750921280.00 ns, 11.4581 us/op
WorkloadActual  11: 65536 op, 710993002.00 ns, 10.8489 us/op
WorkloadActual  12: 65536 op, 710114799.00 ns, 10.8355 us/op
WorkloadActual  13: 65536 op, 693670867.00 ns, 10.5846 us/op
WorkloadActual  14: 65536 op, 692183945.00 ns, 10.5619 us/op
WorkloadActual  15: 65536 op, 696696839.00 ns, 10.6308 us/op

// AfterActualRun
WorkloadResult   1: 65536 op, 669719005.00 ns, 10.2191 us/op
WorkloadResult   2: 65536 op, 670982662.00 ns, 10.2384 us/op
WorkloadResult   3: 65536 op, 677996180.00 ns, 10.3454 us/op
WorkloadResult   4: 65536 op, 675123203.00 ns, 10.3016 us/op
WorkloadResult   5: 65536 op, 657724113.00 ns, 10.0361 us/op
WorkloadResult   6: 65536 op, 682669418.00 ns, 10.4167 us/op
WorkloadResult   7: 65536 op, 683003228.00 ns, 10.4218 us/op
WorkloadResult   8: 65536 op, 690732985.00 ns, 10.5397 us/op
WorkloadResult   9: 65536 op, 710993002.00 ns, 10.8489 us/op
WorkloadResult  10: 65536 op, 710114799.00 ns, 10.8355 us/op
WorkloadResult  11: 65536 op, 693670867.00 ns, 10.5846 us/op
WorkloadResult  12: 65536 op, 692183945.00 ns, 10.5619 us/op
WorkloadResult  13: 65536 op, 696696839.00 ns, 10.6308 us/op
// GC:  9 8 0 160432128 65536
// Threading:  0 0 65536

// AfterAll
// Benchmark Process 3740 has exited with code 0.

Mean = 10.691 μs, StdErr = 0.076 μs (0.71%), N = 27, StdDev = 0.395 μs
Min = 10.036 μs, Q1 = 10.418 μs, Median = 10.585 μs, Q3 = 10.971 μs, Max = 11.503 μs
IQR = 0.554 μs, LowerFence = 9.587 μs, UpperFence = 11.802 μs
ConfidenceInterval = [10.410 μs; 10.973 μs] (CI 99.9%), Margin = 0.282 μs (2.63% of Mean)
Skewness = 0.38, Kurtosis = 1.95, MValue = 2.83

// ** Remained 4 (18.2 %) benchmark(s) to run. Estimated finish 2026-10-04 3:04 (0h 4m from now) **
// **************************
// Benchmark: HybridCacheProviderBenchmarks.SetAsync: Job-NUBXJZ(IterationCount=20, WarmupCount=5)
// *** Execute ***
// Launch: 1 / 1
// Execute: dotnet Encina.Caching.Hybrid.Benchmarks-Job-NUBXJZ-1.dll --anonymousPipes 115 116 --benchmarkName Encina.Caching.Hybrid.Benchmarks.Benchmarks.HybridCacheProviderBenchmarks.SetAsync --job "IterationCount=20, WarmupCount=5" --benchmarkId 18 in /home/runner/work/Encina/Encina/tests/Encina.BenchmarkTests/Encina.Caching.Hybrid.Benchmarks/bin/Release/net10.0/Encina.Caching.Hybrid.Benchmarks-Job-NUBXJZ-1/bin/Release/net10.0
// Failed to set up high priority (Permission denied). In order to run benchmarks with high priority, make sure you have the right permissions.
// BeforeAnythingElse

// Benchmark Process Environment Information:
// BenchmarkDotNet v0.15.8
// Runtime=.NET 10.0.12 (10.0.12, 10.0.1226.42308), X64 RyuJIT x86-64-v3
// GC=Concurrent Workstation
// HardwareIntrinsics=AVX2+BMI1+BMI2+F16C+FMA+LZCNT+MOVBE,AVX,SSE3+SSSE3+SSE4.1+SSE4.2+POPCNT,X86Base+SSE+SSE2,AES+PCLMUL VectorSize=256
// Job: Job-NUBXJZ(IterationCount=20, WarmupCount=5)

OverheadJitting  1: 1 op, 174645.00 ns, 174.6450 us/op
WorkloadJitting  1: 1 op, 2435504.00 ns, 2.4355 ms/op

OverheadJitting  2: 16 op, 178973.00 ns, 11.1858 us/op
WorkloadJitting  2: 16 op, 280401.00 ns, 17.5251 us/op

WorkloadPilot    1: 16 op, 185936.00 ns, 11.6210 us/op
WorkloadPilot    2: 32 op, 142254.00 ns, 4.4454 us/op
WorkloadPilot    3: 64 op, 243072.00 ns, 3.7980 us/op
WorkloadPilot    4: 128 op, 471867.00 ns, 3.6865 us/op
WorkloadPilot    5: 256 op, 787162.00 ns, 3.0749 us/op
WorkloadPilot    6: 512 op, 1728130.00 ns, 3.3753 us/op
WorkloadPilot    7: 1024 op, 3323423.00 ns, 3.2455 us/op
WorkloadPilot    8: 2048 op, 6376625.00 ns, 3.1136 us/op
WorkloadPilot    9: 4096 op, 13357762.00 ns, 3.2612 us/op
WorkloadPilot   10: 8192 op, 22509642.00 ns, 2.7478 us/op
WorkloadPilot   11: 16384 op, 65193939.00 ns, 3.9791 us/op
WorkloadPilot   12: 32768 op, 141492625.00 ns, 4.3180 us/op
WorkloadPilot   13: 65536 op, 273043734.00 ns, 4.1663 us/op
WorkloadPilot   14: 131072 op, 524381930.00 ns, 4.0007 us/op

OverheadWarmup   1: 131072 op, 238193.00 ns, 1.8173 ns/op
OverheadWarmup   2: 131072 op, 248241.00 ns, 1.8939 ns/op
OverheadWarmup   3: 131072 op, 239956.00 ns, 1.8307 ns/op
OverheadWarmup   4: 131072 op, 240207.00 ns, 1.8326 ns/op
OverheadWarmup   5: 131072 op, 270753.00 ns, 2.0657 ns/op
OverheadWarmup   6: 131072 op, 236560.00 ns, 1.8048 ns/op

OverheadActual   1: 131072 op, 254643.00 ns, 1.9428 ns/op
OverheadActual   2: 131072 op, 240327.00 ns, 1.8335 ns/op
OverheadActual   3: 131072 op, 241980.00 ns, 1.8462 ns/op
OverheadActual   4: 131072 op, 235337.00 ns, 1.7955 ns/op
OverheadActual   5: 131072 op, 262908.00 ns, 2.0058 ns/op
OverheadActual   6: 131072 op, 222093.00 ns, 1.6944 ns/op
OverheadActual   7: 131072 op, 248692.00 ns, 1.8974 ns/op
OverheadActual   8: 131072 op, 213506.00 ns, 1.6289 ns/op
OverheadActual   9: 131072 op, 213808.00 ns, 1.6312 ns/op
OverheadActual  10: 131072 op, 213647.00 ns, 1.6300 ns/op
OverheadActual  11: 131072 op, 213577.00 ns, 1.6295 ns/op
OverheadActual  12: 131072 op, 214979.00 ns, 1.6402 ns/op
OverheadActual  13: 131072 op, 250235.00 ns, 1.9091 ns/op
OverheadActual  14: 131072 op, 213847.00 ns, 1.6315 ns/op
OverheadActual  15: 131072 op, 214267.00 ns, 1.6347 ns/op
OverheadActual  16: 131072 op, 213526.00 ns, 1.6291 ns/op
OverheadActual  17: 131072 op, 213587.00 ns, 1.6295 ns/op
OverheadActual  18: 131072 op, 253942.00 ns, 1.9374 ns/op
OverheadActual  19: 131072 op, 239936.00 ns, 1.8306 ns/op
OverheadActual  20: 131072 op, 238242.00 ns, 1.8176 ns/op

WorkloadWarmup   1: 131072 op, 624248649.00 ns, 4.7626 us/op
WorkloadWarmup   2: 131072 op, 544959655.00 ns, 4.1577 us/op
WorkloadWarmup   3: 131072 op, 756516370.00 ns, 5.7718 us/op
WorkloadWarmup   4: 131072 op, 562026504.00 ns, 4.2879 us/op
WorkloadWarmup   5: 131072 op, 563052088.00 ns, 4.2957 us/op

// BeforeActualRun
WorkloadActual   1: 131072 op, 554557949.00 ns, 4.2309 us/op
WorkloadActual   2: 131072 op, 563105645.00 ns, 4.2962 us/op
WorkloadActual   3: 131072 op, 976665664.00 ns, 7.4514 us/op
WorkloadActual   4: 131072 op, 590924105.00 ns, 4.5084 us/op
WorkloadActual   5: 131072 op, 580057261.00 ns, 4.4255 us/op
WorkloadActual   6: 131072 op, 565019424.00 ns, 4.3108 us/op
WorkloadActual   7: 131072 op, 577856547.00 ns, 4.4087 us/op
WorkloadActual   8: 131072 op, 582334226.00 ns, 4.4429 us/op
WorkloadActual   9: 131072 op, 584941448.00 ns, 4.4627 us/op
WorkloadActual  10: 131072 op, 575748102.00 ns, 4.3926 us/op
WorkloadActual  11: 131072 op, 601632645.00 ns, 4.5901 us/op
WorkloadActual  12: 131072 op, 586966956.00 ns, 4.4782 us/op
WorkloadActual  13: 131072 op, 583594714.00 ns, 4.4525 us/op
WorkloadActual  14: 131072 op, 1488724452.00 ns, 11.3581 us/op
WorkloadActual  15: 131072 op, 592580758.00 ns, 4.5210 us/op
WorkloadActual  16: 131072 op, 626242992.00 ns, 4.7779 us/op
WorkloadActual  17: 131072 op, 609633499.00 ns, 4.6511 us/op
WorkloadActual  18: 131072 op, 605320846.00 ns, 4.6182 us/op
WorkloadActual  19: 131072 op, 603231612.00 ns, 4.6023 us/op
WorkloadActual  20: 131072 op, 591763329.00 ns, 4.5148 us/op

// AfterActualRun
WorkloadResult   1: 131072 op, 554329234.00 ns, 4.2292 us/op
WorkloadResult   2: 131072 op, 562876930.00 ns, 4.2944 us/op
WorkloadResult   3: 131072 op, 590695390.00 ns, 4.5066 us/op
WorkloadResult   4: 131072 op, 579828546.00 ns, 4.4237 us/op
WorkloadResult   5: 131072 op, 564790709.00 ns, 4.3090 us/op
WorkloadResult   6: 131072 op, 577627832.00 ns, 4.4070 us/op
WorkloadResult   7: 131072 op, 582105511.00 ns, 4.4411 us/op
WorkloadResult   8: 131072 op, 584712733.00 ns, 4.4610 us/op
WorkloadResult   9: 131072 op, 575519387.00 ns, 4.3909 us/op
WorkloadResult  10: 131072 op, 601403930.00 ns, 4.5883 us/op
WorkloadResult  11: 131072 op, 586738241.00 ns, 4.4765 us/op
WorkloadResult  12: 131072 op, 583365999.00 ns, 4.4507 us/op
WorkloadResult  13: 131072 op, 592352043.00 ns, 4.5193 us/op
WorkloadResult  14: 131072 op, 626014277.00 ns, 4.7761 us/op
WorkloadResult  15: 131072 op, 609404784.00 ns, 4.6494 us/op
WorkloadResult  16: 131072 op, 605092131.00 ns, 4.6165 us/op
WorkloadResult  17: 131072 op, 603002897.00 ns, 4.6005 us/op
WorkloadResult  18: 131072 op, 591534614.00 ns, 4.5131 us/op
// GC:  8 7 0 139460608 131072
// Threading:  0 0 131072

// AfterAll
// Benchmark Process 3760 has exited with code 0.

Mean = 4.481 μs, StdErr = 0.032 μs (0.71%), N = 18, StdDev = 0.135 μs
Min = 4.229 μs, Q1 = 4.411 μs, Median = 4.469 μs, Q3 = 4.571 μs, Max = 4.776 μs
IQR = 0.160 μs, LowerFence = 4.171 μs, UpperFence = 4.811 μs
ConfidenceInterval = [4.354 μs; 4.607 μs] (CI 99.9%), Margin = 0.126 μs (2.82% of Mean)
Skewness = 0.16, Kurtosis = 2.55, MValue = 2

// ** Remained 3 (13.6 %) benchmark(s) to run. Estimated finish 2026-10-04 3:05 (0h 3m from now) **
// **************************
// Benchmark: HybridCacheProviderBenchmarks.SetAsync: MediumRun(IterationCount=15, LaunchCount=2, WarmupCount=10)
// *** Execute ***
// Launch: 1 / 2
// Execute: dotnet Encina.Caching.Hybrid.Benchmarks-Job-NUBXJZ-1.dll --anonymousPipes 115 116 --benchmarkName Encina.Caching.Hybrid.Benchmarks.Benchmarks.HybridCacheProviderBenchmarks.SetAsync --job MediumRun --benchmarkId 19 in /home/runner/work/Encina/Encina/tests/Encina.BenchmarkTests/Encina.Caching.Hybrid.Benchmarks/bin/Release/net10.0/Encina.Caching.Hybrid.Benchmarks-Job-NUBXJZ-1/bin/Release/net10.0
// Failed to set up high priority (Permission denied). In order to run benchmarks with high priority, make sure you have the right permissions.
// BeforeAnythingElse

// Benchmark Process Environment Information:
// BenchmarkDotNet v0.15.8
// Runtime=.NET 10.0.12 (10.0.12, 10.0.1226.42308), X64 RyuJIT x86-64-v3
// GC=Concurrent Workstation
// HardwareIntrinsics=AVX2+BMI1+BMI2+F16C+FMA+LZCNT+MOVBE,AVX,SSE3+SSSE3+SSE4.1+SSE4.2+POPCNT,X86Base+SSE+SSE2,AES+PCLMUL VectorSize=256
// Job: MediumRun(IterationCount=15, LaunchCount=2, WarmupCount=10)

OverheadJitting  1: 1 op, 200062.00 ns, 200.0620 us/op
WorkloadJitting  1: 1 op, 2508401.00 ns, 2.5084 ms/op

OverheadJitting  2: 16 op, 182499.00 ns, 11.4062 us/op
WorkloadJitting  2: 16 op, 271214.00 ns, 16.9509 us/op

WorkloadPilot    1: 16 op, 161370.00 ns, 10.0856 us/op
WorkloadPilot    2: 32 op, 129030.00 ns, 4.0322 us/op
WorkloadPilot    3: 64 op, 208127.00 ns, 3.2520 us/op
WorkloadPilot    4: 128 op, 409140.00 ns, 3.1964 us/op
WorkloadPilot    5: 256 op, 873133.00 ns, 3.4107 us/op
WorkloadPilot    6: 512 op, 1583752.00 ns, 3.0933 us/op
WorkloadPilot    7: 1024 op, 3200967.00 ns, 3.1259 us/op
WorkloadPilot    8: 2048 op, 6285669.00 ns, 3.0692 us/op
WorkloadPilot    9: 4096 op, 13141126.00 ns, 3.2083 us/op
WorkloadPilot   10: 8192 op, 22936706.00 ns, 2.7999 us/op
WorkloadPilot   11: 16384 op, 65868884.00 ns, 4.0203 us/op
WorkloadPilot   12: 32768 op, 146034741.00 ns, 4.4566 us/op
WorkloadPilot   13: 65536 op, 281625146.00 ns, 4.2973 us/op
WorkloadPilot   14: 131072 op, 529355425.00 ns, 4.0387 us/op

OverheadWarmup   1: 131072 op, 213667.00 ns, 1.6301 ns/op
OverheadWarmup   2: 131072 op, 214359.00 ns, 1.6354 ns/op
OverheadWarmup   3: 131072 op, 239865.00 ns, 1.8300 ns/op
OverheadWarmup   4: 131072 op, 240236.00 ns, 1.8329 ns/op
OverheadWarmup   5: 131072 op, 240507.00 ns, 1.8349 ns/op
OverheadWarmup   6: 131072 op, 235648.00 ns, 1.7979 ns/op
OverheadWarmup   7: 131072 op, 236549.00 ns, 1.8047 ns/op
OverheadWarmup   8: 131072 op, 244764.00 ns, 1.8674 ns/op
OverheadWarmup   9: 131072 op, 241409.00 ns, 1.8418 ns/op

OverheadActual   1: 131072 op, 236910.00 ns, 1.8075 ns/op
OverheadActual   2: 131072 op, 244173.00 ns, 1.8629 ns/op
OverheadActual   3: 131072 op, 237672.00 ns, 1.8133 ns/op
OverheadActual   4: 131072 op, 266936.00 ns, 2.0366 ns/op
OverheadActual   5: 131072 op, 235317.00 ns, 1.7953 ns/op
OverheadActual   6: 131072 op, 239325.00 ns, 1.8259 ns/op
OverheadActual   7: 131072 op, 233804.00 ns, 1.7838 ns/op
OverheadActual   8: 131072 op, 239315.00 ns, 1.8258 ns/op
OverheadActual   9: 131072 op, 264291.00 ns, 2.0164 ns/op
OverheadActual  10: 131072 op, 232903.00 ns, 1.7769 ns/op
OverheadActual  11: 131072 op, 238643.00 ns, 1.8207 ns/op
OverheadActual  12: 131072 op, 256196.00 ns, 1.9546 ns/op
OverheadActual  13: 131072 op, 263050.00 ns, 2.0069 ns/op
OverheadActual  14: 131072 op, 249905.00 ns, 1.9066 ns/op
OverheadActual  15: 131072 op, 237412.00 ns, 1.8113 ns/op
OverheadActual  16: 131072 op, 239786.00 ns, 1.8294 ns/op

WorkloadWarmup   1: 131072 op, 632364973.00 ns, 4.8246 us/op
WorkloadWarmup   2: 131072 op, 555846463.00 ns, 4.2408 us/op
WorkloadWarmup   3: 131072 op, 733483608.00 ns, 5.5960 us/op
WorkloadWarmup   4: 131072 op, 548042831.00 ns, 4.1812 us/op
WorkloadWarmup   5: 131072 op, 551982530.00 ns, 4.2113 us/op
WorkloadWarmup   6: 131072 op, 565887326.00 ns, 4.3174 us/op
WorkloadWarmup   7: 131072 op, 576301861.00 ns, 4.3968 us/op
WorkloadWarmup   8: 131072 op, 935349365.00 ns, 7.1361 us/op
WorkloadWarmup   9: 131072 op, 581649813.00 ns, 4.4376 us/op
WorkloadWarmup  10: 131072 op, 579530151.00 ns, 4.4215 us/op

// BeforeActualRun
WorkloadActual   1: 131072 op, 574288678.00 ns, 4.3815 us/op
WorkloadActual   2: 131072 op, 583947206.00 ns, 4.4552 us/op
WorkloadActual   3: 131072 op, 596429333.00 ns, 4.5504 us/op
WorkloadActual   4: 131072 op, 597061000.00 ns, 4.5552 us/op
WorkloadActual   5: 131072 op, 582357278.00 ns, 4.4430 us/op
WorkloadActual   6: 131072 op, 590181275.00 ns, 4.5027 us/op
WorkloadActual   7: 131072 op, 585262927.00 ns, 4.4652 us/op
WorkloadActual   8: 131072 op, 586857403.00 ns, 4.4774 us/op
WorkloadActual   9: 131072 op, 1528575878.00 ns, 11.6621 us/op
WorkloadActual  10: 131072 op, 623462237.00 ns, 4.7566 us/op
WorkloadActual  11: 131072 op, 639225746.00 ns, 4.8769 us/op
WorkloadActual  12: 131072 op, 620191503.00 ns, 4.7317 us/op
WorkloadActual  13: 131072 op, 612746697.00 ns, 4.6749 us/op
WorkloadActual  14: 131072 op, 607880706.00 ns, 4.6378 us/op
WorkloadActual  15: 131072 op, 625100197.00 ns, 4.7691 us/op

// AfterActualRun
WorkloadResult   1: 131072 op, 574049358.00 ns, 4.3796 us/op
WorkloadResult   2: 131072 op, 583707886.00 ns, 4.4533 us/op
WorkloadResult   3: 131072 op, 596190013.00 ns, 4.5486 us/op
WorkloadResult   4: 131072 op, 596821680.00 ns, 4.5534 us/op
WorkloadResult   5: 131072 op, 582117958.00 ns, 4.4412 us/op
WorkloadResult   6: 131072 op, 589941955.00 ns, 4.5009 us/op
WorkloadResult   7: 131072 op, 585023607.00 ns, 4.4634 us/op
WorkloadResult   8: 131072 op, 586618083.00 ns, 4.4755 us/op
WorkloadResult   9: 131072 op, 623222917.00 ns, 4.7548 us/op
WorkloadResult  10: 131072 op, 638986426.00 ns, 4.8751 us/op
WorkloadResult  11: 131072 op, 619952183.00 ns, 4.7299 us/op
WorkloadResult  12: 131072 op, 612507377.00 ns, 4.6731 us/op
WorkloadResult  13: 131072 op, 607641386.00 ns, 4.6359 us/op
WorkloadResult  14: 131072 op, 624860877.00 ns, 4.7673 us/op
// GC:  8 7 0 139460608 131072
// Threading:  0 0 131072

// AfterAll
// Benchmark Process 3790 has exited with code 0.
// Launch: 2 / 2
// Execute: dotnet Encina.Caching.Hybrid.Benchmarks-Job-NUBXJZ-1.dll --anonymousPipes 115 116 --benchmarkName Encina.Caching.Hybrid.Benchmarks.Benchmarks.HybridCacheProviderBenchmarks.SetAsync --job MediumRun --benchmarkId 19 in /home/runner/work/Encina/Encina/tests/Encina.BenchmarkTests/Encina.Caching.Hybrid.Benchmarks/bin/Release/net10.0/Encina.Caching.Hybrid.Benchmarks-Job-NUBXJZ-1/bin/Release/net10.0
// Failed to set up high priority (Permission denied). In order to run benchmarks with high priority, make sure you have the right permissions.
// BeforeAnythingElse

// Benchmark Process Environment Information:
// BenchmarkDotNet v0.15.8
// Runtime=.NET 10.0.12 (10.0.12, 10.0.1226.42308), X64 RyuJIT x86-64-v3
// GC=Concurrent Workstation
// HardwareIntrinsics=AVX2+BMI1+BMI2+F16C+FMA+LZCNT+MOVBE,AVX,SSE3+SSSE3+SSE4.1+SSE4.2+POPCNT,X86Base+SSE+SSE2,AES+PCLMUL VectorSize=256
// Job: MediumRun(IterationCount=15, LaunchCount=2, WarmupCount=10)

OverheadJitting  1: 1 op, 175165.00 ns, 175.1650 us/op
WorkloadJitting  1: 1 op, 2492024.00 ns, 2.4920 ms/op

OverheadJitting  2: 16 op, 184442.00 ns, 11.5276 us/op
WorkloadJitting  2: 16 op, 264170.00 ns, 16.5106 us/op

WorkloadPilot    1: 16 op, 136604.00 ns, 8.5378 us/op
WorkloadPilot    2: 32 op, 151010.00 ns, 4.7191 us/op
WorkloadPilot    3: 64 op, 221781.00 ns, 3.4653 us/op
WorkloadPilot    4: 128 op, 411945.00 ns, 3.2183 us/op
WorkloadPilot    5: 256 op, 685091.00 ns, 2.6761 us/op
WorkloadPilot    6: 512 op, 1678685.00 ns, 3.2787 us/op
WorkloadPilot    7: 1024 op, 3122163.00 ns, 3.0490 us/op
WorkloadPilot    8: 2048 op, 6677080.00 ns, 3.2603 us/op
WorkloadPilot    9: 4096 op, 12507499.00 ns, 3.0536 us/op
WorkloadPilot   10: 8192 op, 23915277.00 ns, 2.9193 us/op
WorkloadPilot   11: 16384 op, 67988507.00 ns, 4.1497 us/op
WorkloadPilot   12: 32768 op, 140947342.00 ns, 4.3014 us/op
WorkloadPilot   13: 65536 op, 278595763.00 ns, 4.2510 us/op
WorkloadPilot   14: 131072 op, 539989435.00 ns, 4.1198 us/op

OverheadWarmup   1: 131072 op, 213787.00 ns, 1.6311 ns/op
OverheadWarmup   2: 131072 op, 213566.00 ns, 1.6294 ns/op
OverheadWarmup   3: 131072 op, 214387.00 ns, 1.6356 ns/op
OverheadWarmup   4: 131072 op, 226490.00 ns, 1.7280 ns/op
OverheadWarmup   5: 131072 op, 213556.00 ns, 1.6293 ns/op
OverheadWarmup   6: 131072 op, 213536.00 ns, 1.6292 ns/op
OverheadWarmup   7: 131072 op, 213646.00 ns, 1.6300 ns/op
OverheadWarmup   8: 131072 op, 213336.00 ns, 1.6276 ns/op

OverheadActual   1: 131072 op, 225188.00 ns, 1.7180 ns/op
OverheadActual   2: 131072 op, 213285.00 ns, 1.6272 ns/op
OverheadActual   3: 131072 op, 227622.00 ns, 1.7366 ns/op
OverheadActual   4: 131072 op, 213325.00 ns, 1.6275 ns/op
OverheadActual   5: 131072 op, 213366.00 ns, 1.6279 ns/op
OverheadActual   6: 131072 op, 213356.00 ns, 1.6278 ns/op
OverheadActual   7: 131072 op, 213256.00 ns, 1.6270 ns/op
OverheadActual   8: 131072 op, 225118.00 ns, 1.7175 ns/op
OverheadActual   9: 131072 op, 214298.00 ns, 1.6350 ns/op
OverheadActual  10: 131072 op, 213246.00 ns, 1.6269 ns/op
OverheadActual  11: 131072 op, 213466.00 ns, 1.6286 ns/op
OverheadActual  12: 131072 op, 214057.00 ns, 1.6331 ns/op
OverheadActual  13: 131072 op, 213606.00 ns, 1.6297 ns/op
OverheadActual  14: 131072 op, 237751.00 ns, 1.8139 ns/op
OverheadActual  15: 131072 op, 225538.00 ns, 1.7207 ns/op

WorkloadWarmup   1: 131072 op, 649601251.00 ns, 4.9561 us/op
WorkloadWarmup   2: 131072 op, 545514844.00 ns, 4.1619 us/op
WorkloadWarmup   3: 131072 op, 735827225.00 ns, 5.6139 us/op
WorkloadWarmup   4: 131072 op, 537858034.00 ns, 4.1035 us/op
WorkloadWarmup   5: 131072 op, 549324172.00 ns, 4.1910 us/op
WorkloadWarmup   6: 131072 op, 552602014.00 ns, 4.2160 us/op
WorkloadWarmup   7: 131072 op, 565448882.00 ns, 4.3140 us/op
WorkloadWarmup   8: 131072 op, 973365025.00 ns, 7.4262 us/op
WorkloadWarmup   9: 131072 op, 593699836.00 ns, 4.5296 us/op
WorkloadWarmup  10: 131072 op, 573978633.00 ns, 4.3791 us/op

// BeforeActualRun
WorkloadActual   1: 131072 op, 585240071.00 ns, 4.4650 us/op
WorkloadActual   2: 131072 op, 579528639.00 ns, 4.4215 us/op
WorkloadActual   3: 131072 op, 577654701.00 ns, 4.4072 us/op
WorkloadActual   4: 131072 op, 594062329.00 ns, 4.5323 us/op
WorkloadActual   5: 131072 op, 591832734.00 ns, 4.5153 us/op
WorkloadActual   6: 131072 op, 590651592.00 ns, 4.5063 us/op
WorkloadActual   7: 131072 op, 588272338.00 ns, 4.4882 us/op
WorkloadActual   8: 131072 op, 595108897.00 ns, 4.5403 us/op
WorkloadActual   9: 131072 op, 1529749967.00 ns, 11.6711 us/op
WorkloadActual  10: 131072 op, 617905427.00 ns, 4.7142 us/op
WorkloadActual  11: 131072 op, 637818034.00 ns, 4.8662 us/op
WorkloadActual  12: 131072 op, 620979218.00 ns, 4.7377 us/op
WorkloadActual  13: 131072 op, 617595066.00 ns, 4.7119 us/op
WorkloadActual  14: 131072 op, 611607626.00 ns, 4.6662 us/op
WorkloadActual  15: 131072 op, 624631401.00 ns, 4.7656 us/op

// AfterActualRun
WorkloadResult   1: 131072 op, 585026465.00 ns, 4.4634 us/op
WorkloadResult   2: 131072 op, 579315033.00 ns, 4.4198 us/op
WorkloadResult   3: 131072 op, 577441095.00 ns, 4.4055 us/op
WorkloadResult   4: 131072 op, 593848723.00 ns, 4.5307 us/op
WorkloadResult   5: 131072 op, 591619128.00 ns, 4.5137 us/op
WorkloadResult   6: 131072 op, 590437986.00 ns, 4.5047 us/op
WorkloadResult   7: 131072 op, 588058732.00 ns, 4.4865 us/op
WorkloadResult   8: 131072 op, 594895291.00 ns, 4.5387 us/op
WorkloadResult   9: 131072 op, 617691821.00 ns, 4.7126 us/op
WorkloadResult  10: 131072 op, 637604428.00 ns, 4.8645 us/op
WorkloadResult  11: 131072 op, 620765612.00 ns, 4.7361 us/op
WorkloadResult  12: 131072 op, 617381460.00 ns, 4.7102 us/op
WorkloadResult  13: 131072 op, 611394020.00 ns, 4.6646 us/op
WorkloadResult  14: 131072 op, 624417795.00 ns, 4.7639 us/op
// GC:  8 7 0 139460608 131072
// Threading:  0 0 131072

// AfterAll
// Benchmark Process 3810 has exited with code 0.

Mean = 4.592 μs, StdErr = 0.027 μs (0.60%), N = 28, StdDev = 0.145 μs
Min = 4.380 μs, Q1 = 4.473 μs, Median = 4.544 μs, Q3 = 4.717 μs, Max = 4.875 μs
IQR = 0.244 μs, LowerFence = 4.106 μs, UpperFence = 5.084 μs
ConfidenceInterval = [4.491 μs; 4.693 μs] (CI 99.9%), Margin = 0.101 μs (2.20% of Mean)
Skewness = 0.37, Kurtosis = 1.78, MValue = 3.23

// ** Remained 2 (9.1 %) benchmark(s) to run. Estimated finish 2026-10-04 3:09 (0h 2m from now) **
// **************************
// Benchmark: HybridCacheProviderBenchmarks.SetWithSlidingExpirationAsync: Job-NUBXJZ(IterationCount=20, WarmupCount=5)
// *** Execute ***
// Launch: 1 / 1
// Execute: dotnet Encina.Caching.Hybrid.Benchmarks-Job-NUBXJZ-1.dll --anonymousPipes 115 116 --benchmarkName Encina.Caching.Hybrid.Benchmarks.Benchmarks.HybridCacheProviderBenchmarks.SetWithSlidingExpirationAsync --job "IterationCount=20, WarmupCount=5" --benchmarkId 20 in /home/runner/work/Encina/Encina/tests/Encina.BenchmarkTests/Encina.Caching.Hybrid.Benchmarks/bin/Release/net10.0/Encina.Caching.Hybrid.Benchmarks-Job-NUBXJZ-1/bin/Release/net10.0
// Failed to set up high priority (Permission denied). In order to run benchmarks with high priority, make sure you have the right permissions.
// BeforeAnythingElse

// Benchmark Process Environment Information:
// BenchmarkDotNet v0.15.8
// Runtime=.NET 10.0.12 (10.0.12, 10.0.1226.42308), X64 RyuJIT x86-64-v3
// GC=Concurrent Workstation
// HardwareIntrinsics=AVX2+BMI1+BMI2+F16C+FMA+LZCNT+MOVBE,AVX,SSE3+SSSE3+SSE4.1+SSE4.2+POPCNT,X86Base+SSE+SSE2,AES+PCLMUL VectorSize=256
// Job: Job-NUBXJZ(IterationCount=20, WarmupCount=5)

OverheadJitting  1: 1 op, 174985.00 ns, 174.9850 us/op
WorkloadJitting  1: 1 op, 4676199.00 ns, 4.6762 ms/op

OverheadJitting  2: 16 op, 202936.00 ns, 12.6835 us/op
WorkloadJitting  2: 16 op, 291280.00 ns, 18.2050 us/op

WorkloadPilot    1: 16 op, 134360.00 ns, 8.3975 us/op
WorkloadPilot    2: 32 op, 150460.00 ns, 4.7019 us/op
WorkloadPilot    3: 64 op, 247719.00 ns, 3.8706 us/op
WorkloadPilot    4: 128 op, 413488.00 ns, 3.2304 us/op
WorkloadPilot    5: 256 op, 750694.00 ns, 2.9324 us/op
WorkloadPilot    6: 512 op, 1624725.00 ns, 3.1733 us/op
WorkloadPilot    7: 1024 op, 3063545.00 ns, 2.9917 us/op
WorkloadPilot    8: 2048 op, 5991660.00 ns, 2.9256 us/op
WorkloadPilot    9: 4096 op, 13990825.00 ns, 3.4157 us/op
WorkloadPilot   10: 8192 op, 22443943.00 ns, 2.7397 us/op
WorkloadPilot   11: 16384 op, 66316012.00 ns, 4.0476 us/op
WorkloadPilot   12: 32768 op, 142956832.00 ns, 4.3627 us/op
WorkloadPilot   13: 65536 op, 273838490.00 ns, 4.1784 us/op
WorkloadPilot   14: 131072 op, 524591035.00 ns, 4.0023 us/op

OverheadWarmup   1: 131072 op, 256255.00 ns, 1.9551 ns/op
OverheadWarmup   2: 131072 op, 220398.00 ns, 1.6815 ns/op
OverheadWarmup   3: 131072 op, 232952.00 ns, 1.7773 ns/op
OverheadWarmup   4: 131072 op, 230818.00 ns, 1.7610 ns/op
OverheadWarmup   5: 131072 op, 213577.00 ns, 1.6295 ns/op
OverheadWarmup   6: 131072 op, 213897.00 ns, 1.6319 ns/op
OverheadWarmup   7: 131072 op, 241880.00 ns, 1.8454 ns/op
OverheadWarmup   8: 131072 op, 213837.00 ns, 1.6314 ns/op

OverheadActual   1: 131072 op, 213646.00 ns, 1.6300 ns/op
OverheadActual   2: 131072 op, 242139.00 ns, 1.8474 ns/op
OverheadActual   3: 131072 op, 213637.00 ns, 1.6299 ns/op
OverheadActual   4: 131072 op, 261204.00 ns, 1.9928 ns/op
OverheadActual   5: 131072 op, 213596.00 ns, 1.6296 ns/op
OverheadActual   6: 131072 op, 213606.00 ns, 1.6297 ns/op
OverheadActual   7: 131072 op, 213587.00 ns, 1.6295 ns/op
OverheadActual   8: 131072 op, 213897.00 ns, 1.6319 ns/op
OverheadActual   9: 131072 op, 226119.00 ns, 1.7252 ns/op
OverheadActual  10: 131072 op, 222713.00 ns, 1.6992 ns/op
OverheadActual  11: 131072 op, 218316.00 ns, 1.6656 ns/op
OverheadActual  12: 131072 op, 232491.00 ns, 1.7738 ns/op
OverheadActual  13: 131072 op, 213727.00 ns, 1.6306 ns/op
OverheadActual  14: 131072 op, 241779.00 ns, 1.8446 ns/op
OverheadActual  15: 131072 op, 239966.00 ns, 1.8308 ns/op
OverheadActual  16: 131072 op, 262959.00 ns, 2.0062 ns/op
OverheadActual  17: 131072 op, 239685.00 ns, 1.8287 ns/op
OverheadActual  18: 131072 op, 237301.00 ns, 1.8105 ns/op
OverheadActual  19: 131072 op, 257759.00 ns, 1.9665 ns/op
OverheadActual  20: 131072 op, 237732.00 ns, 1.8138 ns/op

WorkloadWarmup   1: 131072 op, 653904111.00 ns, 4.9889 us/op
WorkloadWarmup   2: 131072 op, 559773071.00 ns, 4.2707 us/op
WorkloadWarmup   3: 131072 op, 744873993.00 ns, 5.6829 us/op
WorkloadWarmup   4: 131072 op, 553278104.00 ns, 4.2212 us/op
WorkloadWarmup   5: 131072 op, 557432006.00 ns, 4.2529 us/op

// BeforeActualRun
WorkloadActual   1: 131072 op, 554193894.00 ns, 4.2282 us/op
WorkloadActual   2: 131072 op, 564485583.00 ns, 4.3067 us/op
WorkloadActual   3: 131072 op, 1014350618.00 ns, 7.7389 us/op
WorkloadActual   4: 131072 op, 583422927.00 ns, 4.4512 us/op
WorkloadActual   5: 131072 op, 575981306.00 ns, 4.3944 us/op
WorkloadActual   6: 131072 op, 592915902.00 ns, 4.5236 us/op
WorkloadActual   7: 131072 op, 583634807.00 ns, 4.4528 us/op
WorkloadActual   8: 131072 op, 585673857.00 ns, 4.4683 us/op
WorkloadActual   9: 131072 op, 583391325.00 ns, 4.4509 us/op
WorkloadActual  10: 131072 op, 744296570.00 ns, 5.6785 us/op
WorkloadActual  11: 131072 op, 693284142.00 ns, 5.2893 us/op
WorkloadActual  12: 131072 op, 564024826.00 ns, 4.3032 us/op
WorkloadActual  13: 131072 op, 573618655.00 ns, 4.3764 us/op
WorkloadActual  14: 131072 op, 570303016.00 ns, 4.3511 us/op
WorkloadActual  15: 131072 op, 1529407556.00 ns, 11.6685 us/op
WorkloadActual  16: 131072 op, 576055915.00 ns, 4.3950 us/op
WorkloadActual  17: 131072 op, 614751898.00 ns, 4.6902 us/op
WorkloadActual  18: 131072 op, 600914320.00 ns, 4.5846 us/op
WorkloadActual  19: 131072 op, 590139661.00 ns, 4.5024 us/op
WorkloadActual  20: 131072 op, 851310540.00 ns, 6.4950 us/op

// AfterActualRun
WorkloadResult   1: 131072 op, 553964589.00 ns, 4.2264 us/op
WorkloadResult   2: 131072 op, 564256278.00 ns, 4.3049 us/op
WorkloadResult   3: 131072 op, 583193622.00 ns, 4.4494 us/op
WorkloadResult   4: 131072 op, 575752001.00 ns, 4.3926 us/op
WorkloadResult   5: 131072 op, 592686597.00 ns, 4.5218 us/op
WorkloadResult   6: 131072 op, 583405502.00 ns, 4.4510 us/op
WorkloadResult   7: 131072 op, 585444552.00 ns, 4.4666 us/op
WorkloadResult   8: 131072 op, 583162020.00 ns, 4.4492 us/op
WorkloadResult   9: 131072 op, 693054837.00 ns, 5.2876 us/op
WorkloadResult  10: 131072 op, 563795521.00 ns, 4.3014 us/op
WorkloadResult  11: 131072 op, 573389350.00 ns, 4.3746 us/op
WorkloadResult  12: 131072 op, 570073711.00 ns, 4.3493 us/op
WorkloadResult  13: 131072 op, 575826610.00 ns, 4.3932 us/op
WorkloadResult  14: 131072 op, 614522593.00 ns, 4.6884 us/op
WorkloadResult  15: 131072 op, 600685015.00 ns, 4.5829 us/op
WorkloadResult  16: 131072 op, 589910356.00 ns, 4.5007 us/op
// GC:  10 9 0 171323712 131072
// Threading:  483924 0 131072

// AfterAll
// Benchmark Process 3843 has exited with code 0.

Mean = 4.484 μs, StdErr = 0.061 μs (1.35%), N = 16, StdDev = 0.242 μs
Min = 4.226 μs, Q1 = 4.368 μs, Median = 4.449 μs, Q3 = 4.506 μs, Max = 5.288 μs
IQR = 0.138 μs, LowerFence = 4.162 μs, UpperFence = 4.712 μs
ConfidenceInterval = [4.237 μs; 4.731 μs] (CI 99.9%), Margin = 0.247 μs (5.50% of Mean)
Skewness = 2.17, Kurtosis = 7.72, MValue = 2

// ** Remained 1 (4.5 %) benchmark(s) to run. Estimated finish 2026-10-04 3:10 (0h 1m from now) **
// **************************
// Benchmark: HybridCacheProviderBenchmarks.SetWithSlidingExpirationAsync: MediumRun(IterationCount=15, LaunchCount=2, WarmupCount=10)
// *** Execute ***
// Launch: 1 / 2
// Execute: dotnet Encina.Caching.Hybrid.Benchmarks-Job-NUBXJZ-1.dll --anonymousPipes 115 116 --benchmarkName Encina.Caching.Hybrid.Benchmarks.Benchmarks.HybridCacheProviderBenchmarks.SetWithSlidingExpirationAsync --job MediumRun --benchmarkId 21 in /home/runner/work/Encina/Encina/tests/Encina.BenchmarkTests/Encina.Caching.Hybrid.Benchmarks/bin/Release/net10.0/Encina.Caching.Hybrid.Benchmarks-Job-NUBXJZ-1/bin/Release/net10.0
// Failed to set up high priority (Permission denied). In order to run benchmarks with high priority, make sure you have the right permissions.
// BeforeAnythingElse

// Benchmark Process Environment Information:
// BenchmarkDotNet v0.15.8
// Runtime=.NET 10.0.12 (10.0.12, 10.0.1226.42308), X64 RyuJIT x86-64-v3
// GC=Concurrent Workstation
// HardwareIntrinsics=AVX2+BMI1+BMI2+F16C+FMA+LZCNT+MOVBE,AVX,SSE3+SSSE3+SSE4.1+SSE4.2+POPCNT,X86Base+SSE+SSE2,AES+PCLMUL VectorSize=256
// Job: MediumRun(IterationCount=15, LaunchCount=2, WarmupCount=10)

OverheadJitting  1: 1 op, 177149.00 ns, 177.1490 us/op
WorkloadJitting  1: 1 op, 4726162.00 ns, 4.7262 ms/op

OverheadJitting  2: 16 op, 190584.00 ns, 11.9115 us/op
WorkloadJitting  2: 16 op, 272556.00 ns, 17.0348 us/op

WorkloadPilot    1: 16 op, 148405.00 ns, 9.2753 us/op
WorkloadPilot    2: 32 op, 124522.00 ns, 3.8913 us/op
WorkloadPilot    3: 64 op, 248351.00 ns, 3.8805 us/op
WorkloadPilot    4: 128 op, 438735.00 ns, 3.4276 us/op
WorkloadPilot    5: 256 op, 885965.00 ns, 3.4608 us/op
WorkloadPilot    6: 512 op, 1588208.00 ns, 3.1020 us/op
WorkloadPilot    7: 1024 op, 3270692.00 ns, 3.1940 us/op
WorkloadPilot    8: 2048 op, 6170034.00 ns, 3.0127 us/op
WorkloadPilot    9: 4096 op, 13140034.00 ns, 3.2080 us/op
WorkloadPilot   10: 8192 op, 22748021.00 ns, 2.7769 us/op
WorkloadPilot   11: 16384 op, 61415114.00 ns, 3.7485 us/op
WorkloadPilot   12: 32768 op, 147447188.00 ns, 4.4997 us/op
WorkloadPilot   13: 65536 op, 279365727.00 ns, 4.2628 us/op
WorkloadPilot   14: 131072 op, 620154042.00 ns, 4.7314 us/op

OverheadWarmup   1: 131072 op, 238593.00 ns, 1.8203 ns/op
OverheadWarmup   2: 131072 op, 243682.00 ns, 1.8591 ns/op
OverheadWarmup   3: 131072 op, 270973.00 ns, 2.0674 ns/op
OverheadWarmup   4: 131072 op, 264812.00 ns, 2.0204 ns/op
OverheadWarmup   5: 131072 op, 242761.00 ns, 1.8521 ns/op
OverheadWarmup   6: 131072 op, 214288.00 ns, 1.6349 ns/op
OverheadWarmup   7: 131072 op, 213306.00 ns, 1.6274 ns/op
OverheadWarmup   8: 131072 op, 213727.00 ns, 1.6306 ns/op
OverheadWarmup   9: 131072 op, 213356.00 ns, 1.6278 ns/op

OverheadActual   1: 131072 op, 213746.00 ns, 1.6308 ns/op
OverheadActual   2: 131072 op, 213356.00 ns, 1.6278 ns/op
OverheadActual   3: 131072 op, 243703.00 ns, 1.8593 ns/op
OverheadActual   4: 131072 op, 232381.00 ns, 1.7729 ns/op
OverheadActual   5: 131072 op, 232571.00 ns, 1.7744 ns/op
OverheadActual   6: 131072 op, 232261.00 ns, 1.7720 ns/op
OverheadActual   7: 131072 op, 213356.00 ns, 1.6278 ns/op
OverheadActual   8: 131072 op, 252960.00 ns, 1.9299 ns/op
OverheadActual   9: 131072 op, 213296.00 ns, 1.6273 ns/op
OverheadActual  10: 131072 op, 213386.00 ns, 1.6280 ns/op
OverheadActual  11: 131072 op, 213627.00 ns, 1.6298 ns/op
OverheadActual  12: 131072 op, 218666.00 ns, 1.6683 ns/op
OverheadActual  13: 131072 op, 213346.00 ns, 1.6277 ns/op
OverheadActual  14: 131072 op, 217023.00 ns, 1.6558 ns/op
OverheadActual  15: 131072 op, 213316.00 ns, 1.6275 ns/op
OverheadActual  16: 131072 op, 213507.00 ns, 1.6289 ns/op
OverheadActual  17: 131072 op, 213306.00 ns, 1.6274 ns/op
OverheadActual  18: 131072 op, 216112.00 ns, 1.6488 ns/op
OverheadActual  19: 131072 op, 213347.00 ns, 1.6277 ns/op

WorkloadWarmup   1: 131072 op, 535978445.00 ns, 4.0892 us/op
WorkloadWarmup   2: 131072 op, 566866049.00 ns, 4.3248 us/op
WorkloadWarmup   3: 131072 op, 718048578.00 ns, 5.4783 us/op
WorkloadWarmup   4: 131072 op, 566784401.00 ns, 4.3242 us/op
WorkloadWarmup   5: 131072 op, 551250365.00 ns, 4.2057 us/op
WorkloadWarmup   6: 131072 op, 555163492.00 ns, 4.2356 us/op
WorkloadWarmup   7: 131072 op, 562288660.00 ns, 4.2899 us/op
WorkloadWarmup   8: 131072 op, 995032332.00 ns, 7.5915 us/op
WorkloadWarmup   9: 131072 op, 580894055.00 ns, 4.4319 us/op
WorkloadWarmup  10: 131072 op, 569671356.00 ns, 4.3462 us/op

// BeforeActualRun
WorkloadActual   1: 131072 op, 581779838.00 ns, 4.4386 us/op
WorkloadActual   2: 131072 op, 589058174.00 ns, 4.4942 us/op
WorkloadActual   3: 131072 op, 588186865.00 ns, 4.4875 us/op
WorkloadActual   4: 131072 op, 585281457.00 ns, 4.4653 us/op
WorkloadActual   5: 131072 op, 825142510.00 ns, 6.2953 us/op
WorkloadActual   6: 131072 op, 680431387.00 ns, 5.1913 us/op
WorkloadActual   7: 131072 op, 567633092.00 ns, 4.3307 us/op
WorkloadActual   8: 131072 op, 572118522.00 ns, 4.3649 us/op
WorkloadActual   9: 131072 op, 572244175.00 ns, 4.3659 us/op
WorkloadActual  10: 131072 op, 1527290615.00 ns, 11.6523 us/op
WorkloadActual  11: 131072 op, 591470394.00 ns, 4.5126 us/op
WorkloadActual  12: 131072 op, 612913013.00 ns, 4.6762 us/op
WorkloadActual  13: 131072 op, 578891052.00 ns, 4.4166 us/op
WorkloadActual  14: 131072 op, 592964291.00 ns, 4.5240 us/op
WorkloadActual  15: 131072 op, 818223076.00 ns, 6.2425 us/op

// AfterActualRun
WorkloadResult   1: 131072 op, 581566211.00 ns, 4.4370 us/op
WorkloadResult   2: 131072 op, 588844547.00 ns, 4.4925 us/op
WorkloadResult   3: 131072 op, 587973238.00 ns, 4.4859 us/op
WorkloadResult   4: 131072 op, 585067830.00 ns, 4.4637 us/op
WorkloadResult   5: 131072 op, 680217760.00 ns, 5.1896 us/op
WorkloadResult   6: 131072 op, 567419465.00 ns, 4.3291 us/op
WorkloadResult   7: 131072 op, 571904895.00 ns, 4.3633 us/op
WorkloadResult   8: 131072 op, 572030548.00 ns, 4.3642 us/op
WorkloadResult   9: 131072 op, 591256767.00 ns, 4.5109 us/op
WorkloadResult  10: 131072 op, 612699386.00 ns, 4.6745 us/op
WorkloadResult  11: 131072 op, 578677425.00 ns, 4.4150 us/op
WorkloadResult  12: 131072 op, 592750664.00 ns, 4.5223 us/op
// GC:  9 8 0 165366848 131072
// Threading:  390690 0 131072

// AfterAll
// Benchmark Process 3880 has exited with code 0.
// Launch: 2 / 2
// Execute: dotnet Encina.Caching.Hybrid.Benchmarks-Job-NUBXJZ-1.dll --anonymousPipes 115 116 --benchmarkName Encina.Caching.Hybrid.Benchmarks.Benchmarks.HybridCacheProviderBenchmarks.SetWithSlidingExpirationAsync --job MediumRun --benchmarkId 21 in /home/runner/work/Encina/Encina/tests/Encina.BenchmarkTests/Encina.Caching.Hybrid.Benchmarks/bin/Release/net10.0/Encina.Caching.Hybrid.Benchmarks-Job-NUBXJZ-1/bin/Release/net10.0
// Failed to set up high priority (Permission denied). In order to run benchmarks with high priority, make sure you have the right permissions.
// BeforeAnythingElse

// Benchmark Process Environment Information:
// BenchmarkDotNet v0.15.8
// Runtime=.NET 10.0.12 (10.0.12, 10.0.1226.42308), X64 RyuJIT x86-64-v3
// GC=Concurrent Workstation
// HardwareIntrinsics=AVX2+BMI1+BMI2+F16C+FMA+LZCNT+MOVBE,AVX,SSE3+SSSE3+SSE4.1+SSE4.2+POPCNT,X86Base+SSE+SSE2,AES+PCLMUL VectorSize=256
// Job: MediumRun(IterationCount=15, LaunchCount=2, WarmupCount=10)

OverheadJitting  1: 1 op, 178051.00 ns, 178.0510 us/op
WorkloadJitting  1: 1 op, 4680462.00 ns, 4.6805 ms/op

OverheadJitting  2: 16 op, 178231.00 ns, 11.1394 us/op
WorkloadJitting  2: 16 op, 264271.00 ns, 16.5169 us/op

WorkloadPilot    1: 16 op, 137455.00 ns, 8.5909 us/op
WorkloadPilot    2: 32 op, 129871.00 ns, 4.0585 us/op
WorkloadPilot    3: 64 op, 229766.00 ns, 3.5901 us/op
WorkloadPilot    4: 128 op, 446319.00 ns, 3.4869 us/op
WorkloadPilot    5: 256 op, 812539.00 ns, 3.1740 us/op
WorkloadPilot    6: 512 op, 1627914.00 ns, 3.1795 us/op
WorkloadPilot    7: 1024 op, 3674224.00 ns, 3.5881 us/op
WorkloadPilot    8: 2048 op, 6109586.00 ns, 2.9832 us/op
WorkloadPilot    9: 4096 op, 13024107.00 ns, 3.1797 us/op
WorkloadPilot   10: 8192 op, 23018298.00 ns, 2.8099 us/op
WorkloadPilot   11: 16384 op, 66744408.00 ns, 4.0738 us/op
WorkloadPilot   12: 32768 op, 141809357.00 ns, 4.3277 us/op
WorkloadPilot   13: 65536 op, 281280933.00 ns, 4.2920 us/op
WorkloadPilot   14: 131072 op, 539113532.00 ns, 4.1131 us/op

OverheadWarmup   1: 131072 op, 228584.00 ns, 1.7440 ns/op
OverheadWarmup   2: 131072 op, 239264.00 ns, 1.8254 ns/op
OverheadWarmup   3: 131072 op, 247460.00 ns, 1.8880 ns/op
OverheadWarmup   4: 131072 op, 237982.00 ns, 1.8157 ns/op
OverheadWarmup   5: 131072 op, 270502.00 ns, 2.0638 ns/op
OverheadWarmup   6: 131072 op, 235607.00 ns, 1.7975 ns/op

OverheadActual   1: 131072 op, 233454.00 ns, 1.7811 ns/op
OverheadActual   2: 131072 op, 241098.00 ns, 1.8394 ns/op
OverheadActual   3: 131072 op, 240717.00 ns, 1.8365 ns/op
OverheadActual   4: 131072 op, 239615.00 ns, 1.8281 ns/op
OverheadActual   5: 131072 op, 245786.00 ns, 1.8752 ns/op
OverheadActual   6: 131072 op, 239275.00 ns, 1.8255 ns/op
OverheadActual   7: 131072 op, 242651.00 ns, 1.8513 ns/op
OverheadActual   8: 131072 op, 239915.00 ns, 1.8304 ns/op
OverheadActual   9: 131072 op, 240496.00 ns, 1.8348 ns/op
OverheadActual  10: 131072 op, 234877.00 ns, 1.7920 ns/op
OverheadActual  11: 131072 op, 247910.00 ns, 1.8914 ns/op
OverheadActual  12: 131072 op, 235998.00 ns, 1.8005 ns/op
OverheadActual  13: 131072 op, 236388.00 ns, 1.8035 ns/op
OverheadActual  14: 131072 op, 248722.00 ns, 1.8976 ns/op
OverheadActual  15: 131072 op, 246928.00 ns, 1.8839 ns/op

WorkloadWarmup   1: 131072 op, 636182848.00 ns, 4.8537 us/op
WorkloadWarmup   2: 131072 op, 544309829.00 ns, 4.1528 us/op
WorkloadWarmup   3: 131072 op, 730781249.00 ns, 5.5754 us/op
WorkloadWarmup   4: 131072 op, 556090137.00 ns, 4.2426 us/op
WorkloadWarmup   5: 131072 op, 576101188.00 ns, 4.3953 us/op
WorkloadWarmup   6: 131072 op, 543576178.00 ns, 4.1472 us/op
WorkloadWarmup   7: 131072 op, 567409547.00 ns, 4.3290 us/op
WorkloadWarmup   8: 131072 op, 953486229.00 ns, 7.2745 us/op
WorkloadWarmup   9: 131072 op, 582712608.00 ns, 4.4457 us/op
WorkloadWarmup  10: 131072 op, 566595275.00 ns, 4.3228 us/op

// BeforeActualRun
WorkloadActual   1: 131072 op, 586942957.00 ns, 4.4780 us/op
WorkloadActual   2: 131072 op, 566823001.00 ns, 4.3245 us/op
WorkloadActual   3: 131072 op, 567324708.00 ns, 4.3283 us/op
WorkloadActual   4: 131072 op, 578012421.00 ns, 4.4099 us/op
WorkloadActual   5: 131072 op, 571865087.00 ns, 4.3630 us/op
WorkloadActual   6: 131072 op, 824105909.00 ns, 6.2874 us/op
WorkloadActual   7: 131072 op, 714378487.00 ns, 5.4503 us/op
WorkloadActual   8: 131072 op, 574816960.00 ns, 4.3855 us/op
WorkloadActual   9: 131072 op, 575830899.00 ns, 4.3932 us/op
WorkloadActual  10: 131072 op, 561132305.00 ns, 4.2811 us/op
WorkloadActual  11: 131072 op, 1489257597.00 ns, 11.3621 us/op
WorkloadActual  12: 131072 op, 597992944.00 ns, 4.5623 us/op
WorkloadActual  13: 131072 op, 619830199.00 ns, 4.7289 us/op
WorkloadActual  14: 131072 op, 593741150.00 ns, 4.5299 us/op
WorkloadActual  15: 131072 op, 589139327.00 ns, 4.4948 us/op

// AfterActualRun
WorkloadResult   1: 131072 op, 586702461.00 ns, 4.4762 us/op
WorkloadResult   2: 131072 op, 566582505.00 ns, 4.3227 us/op
WorkloadResult   3: 131072 op, 567084212.00 ns, 4.3265 us/op
WorkloadResult   4: 131072 op, 577771925.00 ns, 4.4080 us/op
WorkloadResult   5: 131072 op, 571624591.00 ns, 4.3611 us/op
WorkloadResult   6: 131072 op, 574576464.00 ns, 4.3837 us/op
WorkloadResult   7: 131072 op, 575590403.00 ns, 4.3914 us/op
WorkloadResult   8: 131072 op, 560891809.00 ns, 4.2793 us/op
WorkloadResult   9: 131072 op, 597752448.00 ns, 4.5605 us/op
WorkloadResult  10: 131072 op, 619589703.00 ns, 4.7271 us/op
WorkloadResult  11: 131072 op, 593500654.00 ns, 4.5281 us/op
WorkloadResult  12: 131072 op, 588898831.00 ns, 4.4929 us/op
// GC:  10 9 0 168644288 131072
// Threading:  440081 1 131072

// AfterAll
// Benchmark Process 3990 has exited with code 0.

Mean = 4.479 μs, StdErr = 0.038 μs (0.85%), N = 24, StdDev = 0.186 μs
Min = 4.279 μs, Q1 = 4.364 μs, Median = 4.450 μs, Q3 = 4.514 μs, Max = 5.190 μs
IQR = 0.150 μs, LowerFence = 4.139 μs, UpperFence = 4.738 μs
ConfidenceInterval = [4.336 μs; 4.622 μs] (CI 99.9%), Margin = 0.143 μs (3.19% of Mean)
Skewness = 2.3, Kurtosis = 9.18, MValue = 2.2

// ** Remained 0 (0.0 %) benchmark(s) to run. Estimated finish 2026-10-04 3:13 (0h 0m from now) **
// ***** BenchmarkRunner: Finish  *****

// * Export *
  artifacts/performance/CachingHybrid/results/Encina.Caching.Hybrid.Benchmarks.Benchmarks.HybridCacheProviderBenchmarks-report.csv
  artifacts/performance/CachingHybrid/results/Encina.Caching.Hybrid.Benchmarks.Benchmarks.HybridCacheProviderBenchmarks-report-github.md
  artifacts/performance/CachingHybrid/results/Encina.Caching.Hybrid.Benchmarks.Benchmarks.HybridCacheProviderBenchmarks-report.html
  artifacts/performance/CachingHybrid/results/Encina.Caching.Hybrid.Benchmarks.Benchmarks.HybridCacheProviderBenchmarks-report-full-compressed.json

// * Detailed results *
HybridCacheProviderBenchmarks.ExistsAsync_False: Job-NUBXJZ(IterationCount=20, WarmupCount=5)
Runtime = .NET 10.0.12 (10.0.12, 10.0.1226.42308), X64 RyuJIT x86-64-v3; GC = Concurrent Workstation
Mean = 1.189 μs, StdErr = 0.001 μs (0.06%), N = 19, StdDev = 0.003 μs
Min = 1.182 μs, Q1 = 1.187 μs, Median = 1.188 μs, Q3 = 1.191 μs, Max = 1.194 μs
IQR = 0.004 μs, LowerFence = 1.182 μs, UpperFence = 1.196 μs
ConfidenceInterval = [1.186 μs; 1.192 μs] (CI 99.9%), Margin = 0.003 μs (0.24% of Mean)
Skewness = -0.05, Kurtosis = 2.11, MValue = 2
-------------------- Histogram --------------------
[1.181 μs ; 1.196 μs) | @@@@@@@@@@@@@@@@@@@
---------------------------------------------------

HybridCacheProviderBenchmarks.ExistsAsync_True: Job-NUBXJZ(IterationCount=20, WarmupCount=5)
Runtime = .NET 10.0.12 (10.0.12, 10.0.1226.42308), X64 RyuJIT x86-64-v3; GC = Concurrent Workstation
Mean = 1.194 μs, StdErr = 0.001 μs (0.04%), N = 18, StdDev = 0.002 μs
Min = 1.188 μs, Q1 = 1.192 μs, Median = 1.194 μs, Q3 = 1.195 μs, Max = 1.197 μs
IQR = 0.003 μs, LowerFence = 1.188 μs, UpperFence = 1.199 μs
ConfidenceInterval = [1.192 μs; 1.196 μs] (CI 99.9%), Margin = 0.002 μs (0.17% of Mean)
Skewness = -0.51, Kurtosis = 3.03, MValue = 2
-------------------- Histogram --------------------
[1.187 μs ; 1.198 μs) | @@@@@@@@@@@@@@@@@@
---------------------------------------------------

HybridCacheProviderBenchmarks.GetAsync_CacheHit: Job-NUBXJZ(IterationCount=20, WarmupCount=5)
Runtime = .NET 10.0.12 (10.0.12, 10.0.1226.42308), X64 RyuJIT x86-64-v3; GC = Concurrent Workstation
Mean = 1.441 μs, StdErr = 0.001 μs (0.04%), N = 19, StdDev = 0.003 μs
Min = 1.438 μs, Q1 = 1.439 μs, Median = 1.441 μs, Q3 = 1.443 μs, Max = 1.447 μs
IQR = 0.004 μs, LowerFence = 1.433 μs, UpperFence = 1.449 μs
ConfidenceInterval = [1.439 μs; 1.444 μs] (CI 99.9%), Margin = 0.002 μs (0.16% of Mean)
Skewness = 0.59, Kurtosis = 2.04, MValue = 2
-------------------- Histogram --------------------
[1.437 μs ; 1.448 μs) | @@@@@@@@@@@@@@@@@@@
---------------------------------------------------

HybridCacheProviderBenchmarks.GetAsync_CacheMiss: Job-NUBXJZ(IterationCount=20, WarmupCount=5)
Runtime = .NET 10.0.12 (10.0.12, 10.0.1226.42308), X64 RyuJIT x86-64-v3; GC = Concurrent Workstation
Mean = 1.142 μs, StdErr = 0.001 μs (0.08%), N = 19, StdDev = 0.004 μs
Min = 1.136 μs, Q1 = 1.139 μs, Median = 1.142 μs, Q3 = 1.145 μs, Max = 1.150 μs
IQR = 0.005 μs, LowerFence = 1.132 μs, UpperFence = 1.153 μs
ConfidenceInterval = [1.139 μs; 1.145 μs] (CI 99.9%), Margin = 0.003 μs (0.30% of Mean)
Skewness = 0.24, Kurtosis = 1.99, MValue = 2
-------------------- Histogram --------------------
[1.134 μs ; 1.152 μs) | @@@@@@@@@@@@@@@@@@@
---------------------------------------------------

HybridCacheProviderBenchmarks.GetOrSetAsync_CacheHit: Job-NUBXJZ(IterationCount=20, WarmupCount=5)
Runtime = .NET 10.0.12 (10.0.12, 10.0.1226.42308), X64 RyuJIT x86-64-v3; GC = Concurrent Workstation
Mean = 1.426 μs, StdErr = 0.000 μs (0.03%), N = 18, StdDev = 0.002 μs
Min = 1.422 μs, Q1 = 1.425 μs, Median = 1.426 μs, Q3 = 1.427 μs, Max = 1.430 μs
IQR = 0.002 μs, LowerFence = 1.422 μs, UpperFence = 1.431 μs
ConfidenceInterval = [1.425 μs; 1.428 μs] (CI 99.9%), Margin = 0.002 μs (0.13% of Mean)
Skewness = 0.09, Kurtosis = 2.69, MValue = 2
-------------------- Histogram --------------------
[1.421 μs ; 1.431 μs) | @@@@@@@@@@@@@@@@@@
---------------------------------------------------

HybridCacheProviderBenchmarks.GetOrSetAsync_CacheMiss: Job-NUBXJZ(IterationCount=20, WarmupCount=5)
Runtime = .NET 10.0.12 (10.0.12, 10.0.1226.42308), X64 RyuJIT x86-64-v3; GC = Concurrent Workstation
Mean = 7.153 μs, StdErr = 0.028 μs (0.40%), N = 17, StdDev = 0.117 μs
Min = 6.959 μs, Q1 = 7.078 μs, Median = 7.166 μs, Q3 = 7.230 μs, Max = 7.392 μs
IQR = 0.152 μs, LowerFence = 6.850 μs, UpperFence = 7.458 μs
ConfidenceInterval = [7.039 μs; 7.267 μs] (CI 99.9%), Margin = 0.114 μs (1.60% of Mean)
Skewness = -0.02, Kurtosis = 2.2, MValue = 2
-------------------- Histogram --------------------
[6.948 μs ; 7.108 μs) | @@@@@
[7.108 μs ; 7.452 μs) | @@@@@@@@@@@@
---------------------------------------------------

HybridCacheProviderBenchmarks.GetOrSetAsync_WithTags: Job-NUBXJZ(IterationCount=20, WarmupCount=5)
Runtime = .NET 10.0.12 (10.0.12, 10.0.1226.42308), X64 RyuJIT x86-64-v3; GC = Concurrent Workstation
Mean = 12.344 μs, StdErr = 0.189 μs (1.53%), N = 18, StdDev = 0.800 μs
Min = 11.138 μs, Q1 = 11.797 μs, Median = 12.007 μs, Q3 = 13.070 μs, Max = 13.783 μs
IQR = 1.273 μs, LowerFence = 9.886 μs, UpperFence = 14.980 μs
ConfidenceInterval = [11.597 μs; 13.092 μs] (CI 99.9%), Margin = 0.748 μs (6.06% of Mean)
Skewness = 0.44, Kurtosis = 1.71, MValue = 2.6
-------------------- Histogram --------------------
[10.737 μs ; 11.486 μs) | @
[11.486 μs ; 12.287 μs) | @@@@@@@@@@
[12.287 μs ; 13.055 μs) | @@
[13.055 μs ; 13.856 μs) | @@@@@
---------------------------------------------------

HybridCacheProviderBenchmarks.RemoveAsync: Job-NUBXJZ(IterationCount=20, WarmupCount=5)
Runtime = .NET 10.0.12 (10.0.12, 10.0.1226.42308), X64 RyuJIT x86-64-v3; GC = Concurrent Workstation
Mean = 4.503 μs, StdErr = 0.015 μs (0.33%), N = 20, StdDev = 0.067 μs
Min = 4.267 μs, Q1 = 4.486 μs, Median = 4.515 μs, Q3 = 4.534 μs, Max = 4.587 μs
IQR = 0.049 μs, LowerFence = 4.413 μs, UpperFence = 4.607 μs
ConfidenceInterval = [4.445 μs; 4.561 μs] (CI 99.9%), Margin = 0.058 μs (1.29% of Mean)
Skewness = -2.05, Kurtosis = 8.03, MValue = 2
-------------------- Histogram --------------------
[4.235 μs ; 4.384 μs) | @
[4.384 μs ; 4.620 μs) | @@@@@@@@@@@@@@@@@@@
---------------------------------------------------

HybridCacheProviderBenchmarks.RemoveByTagAsync: Job-NUBXJZ(IterationCount=20, WarmupCount=5)
Runtime = .NET 10.0.12 (10.0.12, 10.0.1226.42308), X64 RyuJIT x86-64-v3; GC = Concurrent Workstation
Mean = 10.800 μs, StdErr = 0.061 μs (0.56%), N = 17, StdDev = 0.250 μs
Min = 10.256 μs, Q1 = 10.714 μs, Median = 10.755 μs, Q3 = 10.994 μs, Max = 11.158 μs
IQR = 0.280 μs, LowerFence = 10.293 μs, UpperFence = 11.415 μs
ConfidenceInterval = [10.557 μs; 11.044 μs] (CI 99.9%), Margin = 0.243 μs (2.25% of Mean)
Skewness = -0.31, Kurtosis = 2.23, MValue = 2
-------------------- Histogram --------------------
[10.129 μs ; 10.417 μs) | @
[10.417 μs ; 10.697 μs) | @@@
[10.697 μs ; 10.952 μs) | @@@@@@@@
[10.952 μs ; 11.204 μs) | @@@@@
---------------------------------------------------

HybridCacheProviderBenchmarks.SetAsync: Job-NUBXJZ(IterationCount=20, WarmupCount=5)
Runtime = .NET 10.0.12 (10.0.12, 10.0.1226.42308), X64 RyuJIT x86-64-v3; GC = Concurrent Workstation
Mean = 4.481 μs, StdErr = 0.032 μs (0.71%), N = 18, StdDev = 0.135 μs
Min = 4.229 μs, Q1 = 4.411 μs, Median = 4.469 μs, Q3 = 4.571 μs, Max = 4.776 μs
IQR = 0.160 μs, LowerFence = 4.171 μs, UpperFence = 4.811 μs
ConfidenceInterval = [4.354 μs; 4.607 μs] (CI 99.9%), Margin = 0.126 μs (2.82% of Mean)
Skewness = 0.16, Kurtosis = 2.55, MValue = 2
-------------------- Histogram --------------------
[4.201 μs ; 4.337 μs) | @@@
[4.337 μs ; 4.523 μs) | @@@@@@@@@@
[4.523 μs ; 4.687 μs) | @@@@
[4.687 μs ; 4.844 μs) | @
---------------------------------------------------

HybridCacheProviderBenchmarks.SetWithSlidingExpirationAsync: Job-NUBXJZ(IterationCount=20, WarmupCount=5)
Runtime = .NET 10.0.12 (10.0.12, 10.0.1226.42308), X64 RyuJIT x86-64-v3; GC = Concurrent Workstation
Mean = 4.484 μs, StdErr = 0.061 μs (1.35%), N = 16, StdDev = 0.242 μs
Min = 4.226 μs, Q1 = 4.368 μs, Median = 4.449 μs, Q3 = 4.506 μs, Max = 5.288 μs
IQR = 0.138 μs, LowerFence = 4.162 μs, UpperFence = 4.712 μs
ConfidenceInterval = [4.237 μs; 4.731 μs] (CI 99.9%), Margin = 0.247 μs (5.50% of Mean)
Skewness = 2.17, Kurtosis = 7.72, MValue = 2
-------------------- Histogram --------------------
[4.100 μs ; 4.285 μs) | @
[4.285 μs ; 4.538 μs) | @@@@@@@@@@@@
[4.538 μs ; 4.762 μs) | @@
[4.762 μs ; 5.014 μs) | 
[5.014 μs ; 5.161 μs) | 
[5.161 μs ; 5.414 μs) | @
---------------------------------------------------

HybridCacheProviderBenchmarks.ExistsAsync_False: MediumRun(IterationCount=15, LaunchCount=2, WarmupCount=10)
Runtime = .NET 10.0.12 (10.0.12, 10.0.1226.42308), X64 RyuJIT x86-64-v3; GC = Concurrent Workstation
Mean = 1.168 μs, StdErr = 0.001 μs (0.09%), N = 29, StdDev = 0.005 μs
Min = 1.160 μs, Q1 = 1.165 μs, Median = 1.167 μs, Q3 = 1.169 μs, Max = 1.183 μs
IQR = 0.004 μs, LowerFence = 1.159 μs, UpperFence = 1.176 μs
ConfidenceInterval = [1.164 μs; 1.172 μs] (CI 99.9%), Margin = 0.004 μs (0.32% of Mean)
Skewness = 0.75, Kurtosis = 3.11, MValue = 2
-------------------- Histogram --------------------
[1.157 μs ; 1.185 μs) | @@@@@@@@@@@@@@@@@@@@@@@@@@@@@
---------------------------------------------------

HybridCacheProviderBenchmarks.ExistsAsync_True: MediumRun(IterationCount=15, LaunchCount=2, WarmupCount=10)
Runtime = .NET 10.0.12 (10.0.12, 10.0.1226.42308), X64 RyuJIT x86-64-v3; GC = Concurrent Workstation
Mean = 1.208 μs, StdErr = 0.001 μs (0.05%), N = 30, StdDev = 0.003 μs
Min = 1.201 μs, Q1 = 1.205 μs, Median = 1.207 μs, Q3 = 1.209 μs, Max = 1.214 μs
IQR = 0.004 μs, LowerFence = 1.199 μs, UpperFence = 1.215 μs
ConfidenceInterval = [1.206 μs; 1.210 μs] (CI 99.9%), Margin = 0.002 μs (0.17% of Mean)
Skewness = 0.36, Kurtosis = 2.51, MValue = 2
-------------------- Histogram --------------------
[1.200 μs ; 1.215 μs) | @@@@@@@@@@@@@@@@@@@@@@@@@@@@@@
---------------------------------------------------

HybridCacheProviderBenchmarks.GetAsync_CacheHit: MediumRun(IterationCount=15, LaunchCount=2, WarmupCount=10)
Runtime = .NET 10.0.12 (10.0.12, 10.0.1226.42308), X64 RyuJIT x86-64-v3; GC = Concurrent Workstation
Mean = 1.444 μs, StdErr = 0.006 μs (0.45%), N = 27, StdDev = 0.034 μs
Min = 1.404 μs, Q1 = 1.408 μs, Median = 1.470 μs, Q3 = 1.473 μs, Max = 1.479 μs
IQR = 0.066 μs, LowerFence = 1.309 μs, UpperFence = 1.572 μs
ConfidenceInterval = [1.420 μs; 1.468 μs] (CI 99.9%), Margin = 0.024 μs (1.66% of Mean)
Skewness = -0.21, Kurtosis = 0.98, MValue = 3.6
-------------------- Histogram --------------------
[1.389 μs ; 1.421 μs) | @@@@@@@@@@@@
[1.421 μs ; 1.460 μs) | 
[1.460 μs ; 1.493 μs) | @@@@@@@@@@@@@@@
---------------------------------------------------

HybridCacheProviderBenchmarks.GetAsync_CacheMiss: MediumRun(IterationCount=15, LaunchCount=2, WarmupCount=10)
Runtime = .NET 10.0.12 (10.0.12, 10.0.1226.42308), X64 RyuJIT x86-64-v3; GC = Concurrent Workstation
Mean = 1.129 μs, StdErr = 0.002 μs (0.18%), N = 29, StdDev = 0.011 μs
Min = 1.113 μs, Q1 = 1.118 μs, Median = 1.137 μs, Q3 = 1.139 μs, Max = 1.142 μs
IQR = 0.021 μs, LowerFence = 1.086 μs, UpperFence = 1.170 μs
ConfidenceInterval = [1.121 μs; 1.136 μs] (CI 99.9%), Margin = 0.007 μs (0.66% of Mean)
Skewness = -0.11, Kurtosis = 1.09, MValue = 2
-------------------- Histogram --------------------
[1.109 μs ; 1.146 μs) | @@@@@@@@@@@@@@@@@@@@@@@@@@@@@
---------------------------------------------------

HybridCacheProviderBenchmarks.GetOrSetAsync_CacheHit: MediumRun(IterationCount=15, LaunchCount=2, WarmupCount=10)
Runtime = .NET 10.0.12 (10.0.12, 10.0.1226.42308), X64 RyuJIT x86-64-v3; GC = Concurrent Workstation
Mean = 1.457 μs, StdErr = 0.001 μs (0.09%), N = 28, StdDev = 0.007 μs
Min = 1.448 μs, Q1 = 1.451 μs, Median = 1.454 μs, Q3 = 1.464 μs, Max = 1.468 μs
IQR = 0.013 μs, LowerFence = 1.432 μs, UpperFence = 1.483 μs
ConfidenceInterval = [1.452 μs; 1.462 μs] (CI 99.9%), Margin = 0.005 μs (0.35% of Mean)
Skewness = 0.09, Kurtosis = 1.18, MValue = 2
-------------------- Histogram --------------------
[1.445 μs ; 1.471 μs) | @@@@@@@@@@@@@@@@@@@@@@@@@@@@
---------------------------------------------------

HybridCacheProviderBenchmarks.GetOrSetAsync_CacheMiss: MediumRun(IterationCount=15, LaunchCount=2, WarmupCount=10)
Runtime = .NET 10.0.12 (10.0.12, 10.0.1226.42308), X64 RyuJIT x86-64-v3; GC = Concurrent Workstation
Mean = 7.041 μs, StdErr = 0.030 μs (0.43%), N = 27, StdDev = 0.156 μs
Min = 6.751 μs, Q1 = 6.947 μs, Median = 7.019 μs, Q3 = 7.091 μs, Max = 7.485 μs
IQR = 0.144 μs, LowerFence = 6.731 μs, UpperFence = 7.307 μs
ConfidenceInterval = [6.929 μs; 7.153 μs] (CI 99.9%), Margin = 0.112 μs (1.58% of Mean)
Skewness = 0.78, Kurtosis = 3.72, MValue = 2
-------------------- Histogram --------------------
[6.682 μs ; 6.943 μs) | @@@@@
[6.943 μs ; 7.209 μs) | @@@@@@@@@@@@@@@@@@@
[7.209 μs ; 7.374 μs) | @@
[7.374 μs ; 7.553 μs) | @
---------------------------------------------------

HybridCacheProviderBenchmarks.GetOrSetAsync_WithTags: MediumRun(IterationCount=15, LaunchCount=2, WarmupCount=10)
Runtime = .NET 10.0.12 (10.0.12, 10.0.1226.42308), X64 RyuJIT x86-64-v3; GC = Concurrent Workstation
Mean = 12.346 μs, StdErr = 0.152 μs (1.23%), N = 28, StdDev = 0.806 μs
Min = 11.028 μs, Q1 = 11.693 μs, Median = 12.342 μs, Q3 = 13.035 μs, Max = 13.647 μs
IQR = 1.342 μs, LowerFence = 9.680 μs, UpperFence = 15.049 μs
ConfidenceInterval = [11.784 μs; 12.908 μs] (CI 99.9%), Margin = 0.562 μs (4.55% of Mean)
Skewness = 0.05, Kurtosis = 1.56, MValue = 2.8
-------------------- Histogram --------------------
[10.679 μs ; 11.199 μs) | @
[11.199 μs ; 11.896 μs) | @@@@@@@@@@
[11.896 μs ; 12.648 μs) | @@@@@@
[12.648 μs ; 13.586 μs) | @@@@@@@@@@
[13.586 μs ; 13.995 μs) | @
---------------------------------------------------

HybridCacheProviderBenchmarks.RemoveAsync: MediumRun(IterationCount=15, LaunchCount=2, WarmupCount=10)
Runtime = .NET 10.0.12 (10.0.12, 10.0.1226.42308), X64 RyuJIT x86-64-v3; GC = Concurrent Workstation
Mean = 4.468 μs, StdErr = 0.015 μs (0.33%), N = 30, StdDev = 0.081 μs
Min = 4.253 μs, Q1 = 4.438 μs, Median = 4.480 μs, Q3 = 4.509 μs, Max = 4.602 μs
IQR = 0.071 μs, LowerFence = 4.331 μs, UpperFence = 4.616 μs
ConfidenceInterval = [4.414 μs; 4.522 μs] (CI 99.9%), Margin = 0.054 μs (1.21% of Mean)
Skewness = -0.98, Kurtosis = 3.77, MValue = 2
-------------------- Histogram --------------------
[4.218 μs ; 4.305 μs) | @@
[4.305 μs ; 4.450 μs) | @@@@@@@@
[4.450 μs ; 4.618 μs) | @@@@@@@@@@@@@@@@@@@@
---------------------------------------------------

HybridCacheProviderBenchmarks.RemoveByTagAsync: MediumRun(IterationCount=15, LaunchCount=2, WarmupCount=10)
Runtime = .NET 10.0.12 (10.0.12, 10.0.1226.42308), X64 RyuJIT x86-64-v3; GC = Concurrent Workstation
Mean = 10.691 μs, StdErr = 0.076 μs (0.71%), N = 27, StdDev = 0.395 μs
Min = 10.036 μs, Q1 = 10.418 μs, Median = 10.585 μs, Q3 = 10.971 μs, Max = 11.503 μs
IQR = 0.554 μs, LowerFence = 9.587 μs, UpperFence = 11.802 μs
ConfidenceInterval = [10.410 μs; 10.973 μs] (CI 99.9%), Margin = 0.282 μs (2.63% of Mean)
Skewness = 0.38, Kurtosis = 1.95, MValue = 2.83
-------------------- Histogram --------------------
[ 9.863 μs ; 10.218 μs) | @
[10.218 μs ; 10.563 μs) | @@@@@@@@@@@@
[10.563 μs ; 10.828 μs) | @@@
[10.828 μs ; 11.173 μs) | @@@@@@@@
[11.173 μs ; 11.550 μs) | @@@
---------------------------------------------------

HybridCacheProviderBenchmarks.SetAsync: MediumRun(IterationCount=15, LaunchCount=2, WarmupCount=10)
Runtime = .NET 10.0.12 (10.0.12, 10.0.1226.42308), X64 RyuJIT x86-64-v3; GC = Concurrent Workstation
Mean = 4.592 μs, StdErr = 0.027 μs (0.60%), N = 28, StdDev = 0.145 μs
Min = 4.380 μs, Q1 = 4.473 μs, Median = 4.544 μs, Q3 = 4.717 μs, Max = 4.875 μs
IQR = 0.244 μs, LowerFence = 4.106 μs, UpperFence = 5.084 μs
ConfidenceInterval = [4.491 μs; 4.693 μs] (CI 99.9%), Margin = 0.101 μs (2.20% of Mean)
Skewness = 0.37, Kurtosis = 1.78, MValue = 3.23
-------------------- Histogram --------------------
[4.317 μs ; 4.435 μs) | @@@
[4.435 μs ; 4.560 μs) | @@@@@@@@@@@@@
[4.560 μs ; 4.653 μs) | @
[4.653 μs ; 4.807 μs) | @@@@@@@@@
[4.807 μs ; 4.938 μs) | @@
---------------------------------------------------

HybridCacheProviderBenchmarks.SetWithSlidingExpirationAsync: MediumRun(IterationCount=15, LaunchCount=2, WarmupCount=10)
Runtime = .NET 10.0.12 (10.0.12, 10.0.1226.42308), X64 RyuJIT x86-64-v3; GC = Concurrent Workstation
Mean = 4.479 μs, StdErr = 0.038 μs (0.85%), N = 24, StdDev = 0.186 μs
Min = 4.279 μs, Q1 = 4.364 μs, Median = 4.450 μs, Q3 = 4.514 μs, Max = 5.190 μs
IQR = 0.150 μs, LowerFence = 4.139 μs, UpperFence = 4.738 μs
ConfidenceInterval = [4.336 μs; 4.622 μs] (CI 99.9%), Margin = 0.143 μs (3.19% of Mean)
Skewness = 2.3, Kurtosis = 9.18, MValue = 2.2
-------------------- Histogram --------------------
[4.195 μs ; 4.360 μs) | @@@@
[4.360 μs ; 4.529 μs) | @@@@@@@@@@@@@@@@
[4.529 μs ; 4.728 μs) | @@@
[4.728 μs ; 4.898 μs) | 
[4.898 μs ; 5.105 μs) | 
[5.105 μs ; 5.274 μs) | @
---------------------------------------------------

// * Summary *

BenchmarkDotNet v0.15.8, Linux Ubuntu 24.04.5 LTS (Noble Numbat)
AMD EPYC 7763 2.45GHz, 1 CPU, 4 logical and 2 physical cores
.NET SDK 10.0.401
  [Host]     : .NET 10.0.12 (10.0.12, 10.0.1226.42308), X64 RyuJIT x86-64-v3
  Job-NUBXJZ : .NET 10.0.12 (10.0.12, 10.0.1226.42308), X64 RyuJIT x86-64-v3
  MediumRun  : .NET 10.0.12 (10.0.12, 10.0.1226.42308), X64 RyuJIT x86-64-v3


| Method                        | Job        | IterationCount | LaunchCount | WarmupCount | Mean      | Error     | StdDev    | Median    | Ratio | RatioSD | Gen0   | Gen1   | Allocated | Alloc Ratio |
|------------------------------ |----------- |--------------- |------------ |------------ |----------:|----------:|----------:|----------:|------:|--------:|-------:|-------:|----------:|------------:|
| ExistsAsync_False             | Job-NUBXJZ | 20             | Default     | 5           |  1.189 μs | 0.0029 μs | 0.0032 μs |  1.188 μs |  0.82 |    0.00 | 0.0362 |      - |     616 B |        1.24 |
| ExistsAsync_True              | Job-NUBXJZ | 20             | Default     | 5           |  1.194 μs | 0.0020 μs | 0.0022 μs |  1.194 μs |  0.83 |    0.00 | 0.0362 |      - |     616 B |        1.24 |
| GetAsync_CacheHit             | Job-NUBXJZ | 20             | Default     | 5           |  1.441 μs | 0.0024 μs | 0.0026 μs |  1.441 μs |  1.00 |    0.00 | 0.0286 |      - |     496 B |        1.00 |
| GetAsync_CacheMiss            | Job-NUBXJZ | 20             | Default     | 5           |  1.142 μs | 0.0034 μs | 0.0038 μs |  1.142 μs |  0.79 |    0.00 | 0.0362 |      - |     616 B |        1.24 |
| GetOrSetAsync_CacheHit        | Job-NUBXJZ | 20             | Default     | 5           |  1.426 μs | 0.0018 μs | 0.0020 μs |  1.426 μs |  0.99 |    0.00 | 0.0324 |      - |     560 B |        1.13 |
| GetOrSetAsync_CacheMiss       | Job-NUBXJZ | 20             | Default     | 5           |  7.153 μs | 0.1141 μs | 0.1172 μs |  7.166 μs |  4.96 |    0.08 | 0.1068 | 0.0992 |    1792 B |        3.61 |
| GetOrSetAsync_WithTags        | Job-NUBXJZ | 20             | Default     | 5           | 12.344 μs | 0.7476 μs | 0.7999 μs | 12.007 μs |  8.56 |    0.54 | 0.1221 | 0.1068 |    2216 B |        4.47 |
| RemoveAsync                   | Job-NUBXJZ | 20             | Default     | 5           |  4.503 μs | 0.0580 μs | 0.0668 μs |  4.515 μs |  3.12 |    0.05 | 0.0610 |      - |    1136 B |        2.29 |
| RemoveByTagAsync              | Job-NUBXJZ | 20             | Default     | 5           | 10.800 μs | 0.2434 μs | 0.2500 μs | 10.755 μs |  7.49 |    0.17 | 0.1373 | 0.1221 |    2448 B |        4.94 |
| SetAsync                      | Job-NUBXJZ | 20             | Default     | 5           |  4.481 μs | 0.1263 μs | 0.1351 μs |  4.469 μs |  3.11 |    0.09 | 0.0610 | 0.0534 |    1064 B |        2.15 |
| SetWithSlidingExpirationAsync | Job-NUBXJZ | 20             | Default     | 5           |  4.484 μs | 0.2468 μs | 0.2424 μs |  4.449 μs |  3.11 |    0.16 | 0.0763 | 0.0687 |    1307 B |        2.64 |
|                               |            |                |             |             |           |           |           |           |       |         |        |        |           |             |
| ExistsAsync_False             | MediumRun  | 15             | 2           | 10          |  1.168 μs | 0.0037 μs | 0.0055 μs |  1.167 μs |  0.81 |    0.02 | 0.0362 |      - |     616 B |        1.24 |
| ExistsAsync_True              | MediumRun  | 15             | 2           | 10          |  1.208 μs | 0.0020 μs | 0.0030 μs |  1.207 μs |  0.84 |    0.02 | 0.0362 |      - |     616 B |        1.24 |
| GetAsync_CacheHit             | MediumRun  | 15             | 2           | 10          |  1.444 μs | 0.0240 μs | 0.0337 μs |  1.470 μs |  1.00 |    0.03 | 0.0286 |      - |     496 B |        1.00 |
| GetAsync_CacheMiss            | MediumRun  | 15             | 2           | 10          |  1.129 μs | 0.0075 μs | 0.0109 μs |  1.137 μs |  0.78 |    0.02 | 0.0362 |      - |     616 B |        1.24 |
| GetOrSetAsync_CacheHit        | MediumRun  | 15             | 2           | 10          |  1.457 μs | 0.0050 μs | 0.0072 μs |  1.454 μs |  1.01 |    0.02 | 0.0324 |      - |     560 B |        1.13 |
| GetOrSetAsync_CacheMiss       | MediumRun  | 15             | 2           | 10          |  7.041 μs | 0.1115 μs | 0.1563 μs |  7.019 μs |  4.88 |    0.15 | 0.1068 | 0.0992 |    1792 B |        3.61 |
| GetOrSetAsync_WithTags        | MediumRun  | 15             | 2           | 10          | 12.346 μs | 0.5620 μs | 0.8059 μs | 12.342 μs |  8.56 |    0.58 | 0.1221 | 0.1068 |    2216 B |        4.47 |
| RemoveAsync                   | MediumRun  | 15             | 2           | 10          |  4.468 μs | 0.0542 μs | 0.0811 μs |  4.480 μs |  3.10 |    0.09 | 0.0610 |      - |    1136 B |        2.29 |
| RemoveByTagAsync              | MediumRun  | 15             | 2           | 10          | 10.691 μs | 0.2817 μs | 0.3949 μs | 10.585 μs |  7.41 |    0.32 | 0.1373 | 0.1221 |    2448 B |        4.94 |
| SetAsync                      | MediumRun  | 15             | 2           | 10          |  4.592 μs | 0.1008 μs | 0.1446 μs |  4.544 μs |  3.18 |    0.12 | 0.0610 | 0.0534 |    1064 B |        2.15 |
| SetWithSlidingExpirationAsync | MediumRun  | 15             | 2           | 10          |  4.479 μs | 0.1430 μs | 0.1860 μs |  4.450 μs |  3.10 |    0.15 | 0.0763 | 0.0687 |    1287 B |        2.59 |

// * Warnings *
MultimodalDistribution
  HybridCacheProviderBenchmarks.GetAsync_CacheHit: MediumRun -> It seems that the distribution is bimodal (mValue = 3.6)
  HybridCacheProviderBenchmarks.RemoveByTagAsync: MediumRun  -> It seems that the distribution can have several modes (mValue = 2.83)
  HybridCacheProviderBenchmarks.SetAsync: MediumRun          -> It seems that the distribution is bimodal (mValue = 3.23)

// * Hints *
Outliers
  HybridCacheProviderBenchmarks.ExistsAsync_False: IterationCount=20, WarmupCount=5             -> 1 outlier  was  removed (1.25 μs)
  HybridCacheProviderBenchmarks.ExistsAsync_True: IterationCount=20, WarmupCount=5              -> 2 outliers were removed (1.20 μs, 1.20 μs)
  HybridCacheProviderBenchmarks.GetAsync_CacheHit: IterationCount=20, WarmupCount=5             -> 1 outlier  was  removed (1.46 μs)
  HybridCacheProviderBenchmarks.GetAsync_CacheMiss: IterationCount=20, WarmupCount=5            -> 1 outlier  was  removed (1.16 μs)
  HybridCacheProviderBenchmarks.GetOrSetAsync_CacheHit: IterationCount=20, WarmupCount=5        -> 2 outliers were removed (1.44 μs, 1.44 μs)
  HybridCacheProviderBenchmarks.GetOrSetAsync_CacheMiss: IterationCount=20, WarmupCount=5       -> 3 outliers were removed (7.55 μs..14.14 μs)
  HybridCacheProviderBenchmarks.GetOrSetAsync_WithTags: IterationCount=20, WarmupCount=5        -> 2 outliers were removed (16.44 μs, 25.14 μs)
  HybridCacheProviderBenchmarks.RemoveAsync: IterationCount=20, WarmupCount=5                   -> 1 outlier  was  detected (4.27 μs)
  HybridCacheProviderBenchmarks.RemoveByTagAsync: IterationCount=20, WarmupCount=5              -> 3 outliers were removed (13.33 μs..23.00 μs)
  HybridCacheProviderBenchmarks.SetAsync: IterationCount=20, WarmupCount=5                      -> 2 outliers were removed (7.45 μs, 11.36 μs)
  HybridCacheProviderBenchmarks.SetWithSlidingExpirationAsync: IterationCount=20, WarmupCount=5 -> 4 outliers were removed (5.68 μs..11.67 μs)
  HybridCacheProviderBenchmarks.ExistsAsync_False: MediumRun                                    -> 1 outlier  was  removed (1.18 μs)
  HybridCacheProviderBenchmarks.GetOrSetAsync_CacheMiss: MediumRun                              -> 3 outliers were removed (7.49 μs..14.03 μs)
  HybridCacheProviderBenchmarks.GetOrSetAsync_WithTags: MediumRun                               -> 2 outliers were removed (23.96 μs, 24.00 μs)
  HybridCacheProviderBenchmarks.RemoveAsync: MediumRun                                          -> 2 outliers were detected (4.25 μs, 4.27 μs)
  HybridCacheProviderBenchmarks.RemoveByTagAsync: MediumRun                                     -> 2 outliers were removed (23.13 μs, 23.54 μs)
  HybridCacheProviderBenchmarks.SetAsync: MediumRun                                             -> 2 outliers were removed (11.66 μs, 11.67 μs)
  HybridCacheProviderBenchmarks.SetWithSlidingExpirationAsync: MediumRun                        -> 6 outliers were removed (5.45 μs..11.65 μs)
// * Config Issues *

// * Warnings *
Configuration
  Summary -> The exporter CsvExporter is already present in configuration. There may be unexpected results.
  Summary -> The exporter HtmlExporter is already present in configuration. There may be unexpected results.
  Summary -> The exporter MarkdownExporter-github is already present in configuration. There may be unexpected results.

// * Legends *
  Mean        : Arithmetic mean of all measurements
  Error       : Half of 99.9% confidence interval
  StdDev      : Standard deviation of all measurements
  Median      : Value separating the higher half of all measurements (50th percentile)
  Ratio       : Mean of the ratio distribution ([Current]/[Baseline])
  RatioSD     : Standard deviation of the ratio distribution ([Current]/[Baseline])
  Gen0        : GC Generation 0 collects per 1000 operations
  Gen1        : GC Generation 1 collects per 1000 operations
  Allocated   : Allocated memory per single operation (managed only, inclusive, 1KB = 1024B)
  Alloc Ratio : Allocated memory ratio distribution ([Current]/[Baseline])
  1 μs        : 1 Microsecond (0.000001 sec)

// * Diagnostic Output - MemoryDiagnoser *


// ***** BenchmarkRunner: End *****
Run time: 00:33:37 (2017.5 sec), executed benchmarks: 22

Global total time: 00:34:33 (2073.41 sec), executed benchmarks: 22
// * Artifacts cleanup *
Artifacts cleanup is finished
